segment_onset,segment_offset,speaker_type,vcm_type
16354,17993,OCH,NA
16492,26828,NA,NA
16678,16992,CHI,C
17493,26015,FEM,NA
22707,22823,MAL,NA
23011,26828,MAL,NA
30011,31746,MAL,NA
30083,38652,NA,NA
30512,30942,FEM,NA
31146,31806,FEM,NA
32559,38349,FEM,NA
38877,43599,NA,NA
39056,40840,FEM,NA
39110,39473,CHI,C
40952,43510,FEM,NA
46902,57992,NA,NA
46992,56511,FEM,NA
55802,58510,MAL,NA
59992,64732,FEM,NA
59992,64992,NA,NA
63512,64447,MAL,NA
66486,68012,NA,NA
66867,67986,MAL,NA
66992,67491,FEM,NA
70436,83759,NA,NA
70504,72121,FEM,NA
70802,75122,MAL,NA
74512,75283,FEM,NA
75855,78493,FEM,NA
78011,80304,MAL,NA
80011,80235,FEM,NA
80885,83583,FEM,NA
89195,92011,NA,NA
89492,91480,FEM,NA
91587,91752,FEM,NA
92176,93092,NA,NA
92188,93003,FEM,NA
94257,94365,NA,NA
96436,96645,NA,NA
98570,102777,NA,NA
98948,102001,FEM,NA
103592,104010,NA,NA
140992,141510,NA,NA
147798,151512,CHI,N
147808,157511,NA,NA
151030,152993,OCH,NA
153492,156011,FEM,NA
154182,154430,OCH,NA
154533,154884,OCH,NA
154987,156324,OCH,NA
161992,165634,NA,NA
162010,165491,CHI,N
162623,163332,OCH,NA
163482,164088,OCH,NA
164813,165226,MAL,NA
188538,188818,NA,NA
188639,188777,FEM,NA
190688,191127,NA,NA
190733,191001,CHI,N
192011,193012,CHI,N
192043,193012,NA,NA
200391,200492,NA,NA
205492,206116,NA,NA
226505,226606,FEM,NA
228012,229993,FEM,NA
228012,230012,NA,NA
230371,230492,NA,NA
232657,235700,NA,NA
232752,233491,FEM,NA
234880,234993,OCH,NA
235011,235419,CHI,N
236512,238734,NA,NA
236660,238493,FEM,NA
243319,245607,NA,NA
243447,245523,FEM,NA
246360,253245,NA,NA
246439,247732,FEM,NA
246868,246993,CHI,N
247492,248010,OCH,NA
247575,247857,CHI,N
247956,249527,FEM,NA
248992,249367,OCH,NA
249510,251056,OCH,NA
250282,250908,CHI,N
251512,253194,FEM,NA
254195,262298,NA,NA
254267,259473,FEM,NA
259011,259183,OCH,NA
259781,260616,OCH,NA
260889,261854,MAL,NA
261696,262087,FEM,NA
263414,265493,NA,NA
263464,265482,FEM,NA
267445,270408,NA,NA
267511,269052,FEM,NA
269219,269816,MAL,NA
269511,269956,FEM,NA
270979,278234,NA,NA
271061,273818,FEM,NA
273993,275581,MAL,NA
274511,274918,FEM,NA
275565,278010,FEM,NA
275719,276011,MAL,NA
279362,281191,NA,NA
280660,280925,OCH,NA
281566,281846,OCH,NA
287511,288510,NA,NA
312439,321152,NA,NA
312491,314325,CHI,N
314207,320910,FEM,NA
316011,316733,MAL,NA
321327,324675,NA,NA
321492,323011,CHI,N
322080,322544,FEM,NA
322721,324569,FEM,NA
325639,335492,NA,NA
325978,326611,CHI,N
326492,335491,FEM,NA
335710,336329,NA,NA
336867,338355,NA,NA
336992,338011,FEM,NA
340991,345492,NA,NA
341444,341552,CHI,N
342993,345381,FEM,NA
347492,348992,NA,NA
347547,348278,OCH,NA
348530,348825,OCH,NA
352937,354348,NA,NA
353050,353415,OCH,NA
353492,354010,FEM,NA
362473,362976,NA,NA
362586,362923,CHI,N
369374,369656,OCH,NA
369466,371499,NA,NA
369922,370631,OCH,NA
370011,370921,CHI,Y
374510,375519,NA,NA
374760,375427,CHI,N
377485,377966,NA,NA
378324,378493,NA,NA
382511,384480,NA,NA
382848,384011,CHI,N
385385,394661,NA,NA
385462,386392,FEM,NA
386512,392066,CHI,C
392507,394274,CHI,N
395010,402617,NA,NA
395012,396492,FEM,NA
396492,397980,CHI,N
398993,400014,FEM,NA
400294,402527,CHI,C
403088,405712,NA,NA
403144,404869,CHI,N
405241,405457,OCH,NA
407184,409639,NA,NA
407319,408993,CHI,C
409128,409277,CHI,N
410937,412511,CHI,N
410937,414909,NA,NA
412472,413511,FEM,NA
412992,413545,MAL,NA
414448,414639,MAL,NA
415992,416518,NA,NA
418500,440390,NA,NA
419718,420271,FEM,NA
421046,422511,MAL,NA
422574,424511,CHI,N
424904,426492,FEM,NA
426607,427992,FEM,NA
427511,430035,CHI,N
429710,430729,MAL,NA
429840,431413,FEM,NA
431425,434992,CHI,N
432611,433048,MAL,NA
435225,439493,CHI,N
437511,438510,OCH,NA
439012,440241,FEM,NA
450370,452493,NA,NA
450476,452467,OCH,NA
450539,450993,FEM,NA
453344,455492,NA,NA
453401,455011,FEM,NA
453533,454188,MAL,NA
454910,455356,MAL,NA
456011,461549,NA,NA
456140,461535,FEM,NA
463889,464071,MAL,NA
464805,472824,NA,NA
465387,465510,FEM,NA
465492,472510,CHI,Y
475011,477333,NA,NA
475019,477211,CHI,C
477746,554134,NA,NA
477822,480517,FEM,NA
480715,483297,CHI,N
483698,489272,CHI,Y
487492,488550,OCH,NA
490607,492991,FEM,NA
492991,494803,CHI,Y
493091,494006,OCH,NA
494269,494374,OCH,NA
495011,497991,FEM,NA
498207,499010,CHI,N
499011,501993,FEM,NA
501441,501694,MAL,NA
502033,502247,MAL,NA
502991,504510,CHI,N
505840,508493,FEM,NA
507767,515067,MAL,NA
509480,510992,FEM,NA
513989,515390,FEM,NA
515813,516091,MAL,NA
515967,516971,FEM,NA
517011,520401,MAL,NA
517492,524259,FEM,NA
521017,521140,MAL,NA
524419,535511,FEM,NA
526993,531958,MAL,NA
535982,537340,OCH,NA
536083,536847,CHI,N
537820,546511,FEM,NA
539711,539922,OCH,NA
543206,543425,CHI,N
545096,545952,CHI,C
547032,547491,MAL,NA
547643,549493,CHI,N
548881,549510,FEM,NA
551492,554011,FEM,NA
556166,557148,FEM,NA
556291,559696,NA,NA
557673,559492,FEM,NA
560618,580510,NA,NA
560744,563510,FEM,NA
562992,566985,MAL,NA
566011,566440,FEM,NA
567211,567935,OCH,NA
567407,567728,FEM,NA
568564,568704,MAL,NA
568991,570371,MAL,NA
568991,578077,FEM,NA
577233,580250,MAL,NA
579003,579511,FEM,NA
579714,580225,FEM,NA
582512,584863,NA,NA
582859,584525,FEM,NA
585203,585492,NA,NA
585655,585810,MAL,NA
589444,592095,NA,NA
589616,590721,CHI,N
590512,590647,FEM,NA
590760,592036,FEM,NA
597834,599557,NA,NA
597950,599098,CHI,N
599012,599424,FEM,NA
599044,599209,MAL,NA
613042,619090,NA,NA
613293,616892,CHI,C
613492,615451,OCH,NA
616925,617492,FEM,NA
617011,619011,CHI,C
620057,644666,NA,NA
620183,628047,FEM,NA
627470,627981,OCH,NA
628493,628965,OCH,NA
628526,628902,FEM,NA
629309,630514,FEM,NA
630511,632106,OCH,NA
631220,631512,CHI,N
631835,633394,FEM,NA
633744,635011,CHI,C
633852,634011,FEM,NA
634122,637446,FEM,NA
637635,637907,MAL,NA
637991,638511,FEM,NA
638012,639050,CHI,N
639011,639511,FEM,NA
640011,640237,FEM,NA
641449,641557,OCH,NA
641515,641858,FEM,NA
642492,644011,FEM,NA
643594,643850,OCH,NA
646215,647511,NA,NA
646491,647304,FEM,NA
648096,648211,NA,NA
650012,654992,NA,NA
650175,651753,FEM,NA
652003,654492,FEM,NA
656512,658493,FEM,NA
656512,658903,NA,NA
658127,659511,MAL,NA
660494,662992,NA,NA
660511,662926,FEM,NA
714050,714290,NA,NA
714118,714246,FEM,NA
751992,755040,FEM,NA
751992,755492,NA,NA
754584,754766,OCH,NA
756010,758786,NA,NA
756201,758388,CHI,N
757608,757794,OCH,NA
757991,758350,OCH,NA
758990,761209,NA,NA
759456,760085,CHI,N
759490,761022,OCH,NA
762220,764993,NA,NA
762419,764323,FEM,NA
763935,764210,MAL,NA
765202,766992,NA,NA
765376,766923,CHI,N
767154,767394,NA,NA
770455,773310,NA,NA
770482,773118,FEM,NA
777425,779840,NA,NA
777492,777931,FEM,NA
777992,779011,OCH,NA
779281,779463,OCH,NA
780308,780551,NA,NA
794426,796812,NA,NA
794492,795493,OCH,NA
794792,796010,CHI,N
795992,796510,FEM,NA
800079,806492,NA,NA
800511,806139,FEM,NA
867751,868283,NA,NA
868914,870043,NA,NA
869064,869874,FEM,NA
869083,869280,CHI,N
872603,873992,CHI,N
872630,873992,NA,NA
875991,877157,CHI,N
876010,877174,NA,NA
888553,893691,NA,NA
889292,893992,OCH,NA
889512,890759,FEM,NA
892328,892991,CHI,N
895288,896511,NA,NA
895337,896258,CHI,C
897865,914708,NA,NA
897991,899604,CHI,N
899993,908493,CHI,Y
901493,902028,OCH,NA
905340,905976,OCH,NA
907151,907543,OCH,NA
907944,908133,OCH,NA
908511,909827,FEM,NA
910378,911983,CHI,N
910492,910637,OCH,NA
910830,911098,OCH,NA
911321,911444,OCH,NA
912676,914556,CHI,N
915224,922669,NA,NA
915489,917011,CHI,N
915653,915911,OCH,NA
917868,919809,CHI,N
920435,922639,CHI,N
922823,924511,NA,NA
922841,924480,CHI,N
926993,928012,NA,NA
927492,928010,FEM,NA
931993,936375,NA,NA
932492,934207,CHI,N
934011,936404,FEM,NA
939074,943492,CHI,Y
939101,945993,NA,NA
942992,943586,FEM,NA
943662,945920,CHI,N
947982,949992,NA,NA
948011,949822,CHI,C
951067,951941,NA,NA
951143,951663,CHI,N
952992,956738,NA,NA
953011,954493,CHI,C
954492,955010,FEM,NA
955301,956583,CHI,N
957648,958718,NA,NA
957774,958547,CHI,Y
959087,963626,NA,NA
959156,960249,CHI,C
961004,963363,CHI,Y
961232,962992,OCH,NA
963887,967377,NA,NA
963993,966511,CHI,Y
966065,966649,OCH,NA
968475,974769,NA,NA
968492,974511,CHI,Y
969710,971511,OCH,NA
973492,974187,OCH,NA
975377,976287,CHI,N
975380,976291,NA,NA
979629,980139,NA,NA
979665,980011,FEM,NA
989012,990590,NA,NA
989493,990512,FEM,NA
995510,996733,FEM,NA
995551,996776,NA,NA
998008,1000013,NA,NA
998011,1000011,FEM,NA
1001992,1009992,NA,NA
1002011,1003992,FEM,NA
1005411,1009721,CHI,Y
1011992,1013043,CHI,N
1011992,1013280,NA,NA
1013771,1016488,NA,NA
1013992,1015199,FEM,NA
1017384,1019024,NA,NA
1017633,1018713,FEM,NA
1020354,1023716,NA,NA
1020492,1022547,FEM,NA
1021992,1023315,CHI,N
1024473,1028432,NA,NA
1024491,1025183,OCH,NA
1025781,1026545,FEM,NA
1026844,1028008,CHI,N
1027534,1027971,MAL,NA
1029814,1032511,NA,NA
1030016,1031515,CHI,N
1031511,1032021,FEM,NA
1034993,1038110,NA,NA
1035015,1036011,OCH,NA
1035492,1038011,FEM,NA
1038238,1040817,NA,NA
1038488,1040699,FEM,NA
1041427,1047171,NA,NA
1041491,1047011,FEM,NA
1043493,1044953,OCH,NA
1048992,1052443,FEM,NA
1048992,1052510,NA,NA
1054011,1062683,NA,NA
1054428,1055623,OCH,NA
1054492,1055508,CHI,N
1055992,1062541,FEM,NA
1056902,1057496,CHI,C
1057187,1057334,OCH,NA
1057492,1059362,OCH,NA
1059531,1060012,OCH,NA
1062803,1062992,NA,NA
1063552,1065169,NA,NA
1063996,1064386,FEM,NA
1066817,1069011,OCH,NA
1066991,1072912,NA,NA
1069970,1072879,CHI,N
1070138,1070477,OCH,NA
1074298,1075575,NA,NA
1074352,1075542,FEM,NA
1076340,1085493,NA,NA
1076367,1078492,CHI,Y
1078112,1079037,FEM,NA
1079511,1085493,FEM,NA
1082962,1083240,OCH,NA
1092793,1093907,NA,NA
1092948,1093664,FEM,NA
1097493,1105914,NA,NA
1097511,1100992,FEM,NA
1100993,1101762,CHI,N
1102511,1105818,FEM,NA
1108991,1110363,NA,NA
1109012,1110163,FEM,NA
1109209,1110284,OCH,NA
1111867,1112301,FEM,NA
1111901,1112341,NA,NA
1113011,1115215,NA,NA
1113276,1115063,CHI,Y
1116489,1117680,NA,NA
1116492,1117153,FEM,NA
1118379,1125689,NA,NA
1118526,1120860,CHI,Y
1121492,1122972,FEM,NA
1123073,1125010,OCH,NA
1123868,1125572,CHI,N
1126815,1128578,NA,NA
1126821,1128579,FEM,NA
1137011,1139493,NA,NA
1137117,1139415,FEM,NA
1140600,1140767,NA,NA
1140991,1143492,NA,NA
1141007,1142338,FEM,NA
1142215,1143492,CHI,N
1146118,1146427,NA,NA
1147669,1162217,NA,NA
1147672,1148823,CHI,Y
1149010,1150458,FEM,NA
1150669,1154532,CHI,C
1154694,1158012,CHI,C
1157536,1157654,FEM,NA
1157699,1158435,OCH,NA
1158850,1161010,FEM,NA
1161378,1162188,CHI,N
1163437,1167700,NA,NA
1163492,1167653,FEM,NA
1164011,1164713,CHI,N
1165011,1165320,OCH,NA
1184821,1184993,NA,NA
1194429,1203901,NA,NA
1194492,1199511,FEM,NA
1194991,1196532,OCH,NA
1198992,1199168,OCH,NA
1199726,1202510,CHI,N
1201547,1201655,OCH,NA
1202496,1202798,FEM,NA
1203188,1203439,CHI,N
1203512,1203652,FEM,NA
1205601,1210012,NA,NA
1205817,1208870,OCH,NA
1207619,1209021,CHI,N
1209492,1209988,FEM,NA
1211757,1212511,NA,NA
1211993,1212511,FEM,NA
1239239,1240511,NA,NA
1239400,1240500,FEM,NA
1242511,1243589,NA,NA
1242827,1243510,FEM,NA
1249435,1251111,NA,NA
1249493,1251029,CHI,N
1249877,1250491,OCH,NA
1254012,1255510,CHI,N
1254012,1255510,NA,NA
1272512,1274993,NA,NA
1272854,1273492,OCH,NA
1272999,1273355,CHI,N
1273055,1274550,MAL,NA
1277618,1285991,NA,NA
1277665,1280991,CHI,C
1281462,1282532,FEM,NA
1283244,1285510,CHI,C
1287510,1289010,CHI,C
1287510,1289039,NA,NA
1290862,1298793,NA,NA
1290911,1295352,CHI,Y
1296410,1296842,OCH,NA
1296511,1298511,CHI,Y
1302492,1303618,NA,NA
1302991,1303511,FEM,NA
1308992,1309372,NA,NA
1309011,1309205,FEM,NA
1310729,1310992,NA,NA
1311512,1315014,NA,NA
1313012,1315012,FEM,NA
1313159,1313512,OCH,NA
1318511,1322866,NA,NA
1318835,1320131,CHI,N
1320011,1321511,FEM,NA
1321807,1322833,CHI,C
1327011,1333710,NA,NA
1327268,1330992,FEM,NA
1327511,1328692,OCH,NA
1330919,1331449,OCH,NA
1331922,1333537,FEM,NA
1331989,1333010,OCH,NA
1335364,1336429,NA,NA
1335511,1336257,CHI,N
1336989,1337205,NA,NA
1338324,1350992,NA,NA
1338393,1340011,OCH,NA
1339492,1341379,FEM,NA
1341492,1342272,CHI,N
1342452,1344111,FEM,NA
1343512,1344192,OCH,NA
1344764,1347511,FEM,NA
1344870,1346345,OCH,NA
1348512,1350652,FEM,NA
1351644,1351816,OCH,NA
1351657,1351812,NA,NA
1352751,1355993,NA,NA
1353171,1353360,OCH,NA
1353491,1353891,FEM,NA
1354413,1355493,FEM,NA
1358512,1360483,FEM,NA
1358512,1361523,NA,NA
1359511,1361511,OCH,NA
1363279,1370996,NA,NA
1363598,1363900,MAL,NA
1364838,1365440,CHI,N
1365010,1368510,FEM,NA
1368903,1370812,CHI,C
1370064,1370673,FEM,NA
1376492,1392903,NA,NA
1376492,1381511,CHI,N
1379958,1380174,FEM,NA
1381011,1383743,FEM,NA
1383995,1387623,CHI,C
1387778,1388534,CHI,N
1387834,1388134,FEM,NA
1387942,1389090,OCH,NA
1388271,1388939,FEM,NA
1388828,1392866,CHI,Y
1397491,1399253,FEM,NA
1397512,1401140,NA,NA
1399731,1401135,CHI,N
1404991,1405911,NA,NA
1404992,1405729,CHI,N
1407265,1409585,NA,NA
1407400,1409491,OCH,NA
1407491,1409511,FEM,NA
1413011,1416415,NA,NA
1413492,1414992,FEM,NA
1413492,1415510,OCH,NA
1415009,1416310,CHI,N
1415664,1415971,OCH,NA
1417907,1419993,FEM,NA
1417993,1419993,NA,NA
1424831,1433135,NA,NA
1425229,1433084,FEM,NA
1430362,1430465,OCH,NA
1433935,1441701,NA,NA
1433992,1437991,FEM,NA
1434572,1435529,OCH,NA
1438250,1439939,CHI,N
1439993,1441512,FEM,NA
1442787,1445212,NA,NA
1442902,1444664,CHI,N
1443653,1444355,OCH,NA
1445511,1458307,NA,NA
1445558,1446996,CHI,N
1446520,1448049,FEM,NA
1448015,1449584,CHI,N
1449109,1456328,FEM,NA
1456734,1458179,CHI,C
1459011,1462180,NA,NA
1459335,1462023,FEM,NA
1463010,1464055,FEM,NA
1463010,1464080,NA,NA
1464845,1468011,NA,NA
1465012,1466202,OCH,NA
1465324,1465449,FEM,NA
1466316,1468010,FEM,NA
1492120,1499570,NA,NA
1492896,1497268,FEM,NA
1497766,1498993,FEM,NA
1498512,1499290,CHI,N
1501991,1508010,FEM,NA
1501991,1508091,NA,NA
1522010,1523011,NA,NA
1522640,1522761,FEM,NA
1525993,1527088,FEM,NA
1525993,1531729,NA,NA
1527377,1531429,CHI,N
1532245,1533492,NA,NA
1532287,1533490,FEM,NA
1534498,1537993,NA,NA
1534690,1537787,FEM,NA
1534992,1535993,OCH,NA
1538769,1539844,NA,NA
1538808,1539623,FEM,NA
1540269,1541751,NA,NA
1540286,1541511,CHI,N
1543236,1543492,NA,NA
1543263,1543405,FEM,NA
1545865,1546020,OCH,NA
1545931,1547512,NA,NA
1546241,1546511,OCH,NA
1546493,1547484,FEM,NA
1556493,1556790,OCH,NA
1556493,1557256,NA,NA
1559993,1560386,NA,NA
1560492,1563312,NA,NA
1560740,1561710,FEM,NA
1561812,1562620,OCH,NA
1562011,1562899,FEM,NA
1576511,1579867,NA,NA
1576641,1578992,FEM,NA
1576692,1577362,CHI,N
1577580,1577801,CHI,N
1577991,1579542,CHI,N
1579333,1579510,FEM,NA
1587511,1588297,NA,NA
1587649,1588196,FEM,NA
1593511,1595447,NA,NA
1593586,1593993,OCH,NA
1594492,1595405,FEM,NA
1601492,1602326,NA,NA
1602985,1607011,NA,NA
1603189,1606792,FEM,NA
1610118,1610520,NA,NA
1612011,1612684,NA,NA
1620638,1623701,NA,NA
1620778,1623512,FEM,NA
1624335,1629821,NA,NA
1624529,1625646,CHI,N
1625493,1626647,FEM,NA
1627185,1629510,CHI,N
1628817,1629612,FEM,NA
1632292,1632857,NA,NA
1635010,1635773,NA,NA
1635228,1635564,FEM,NA
1636376,1639309,NA,NA
1636490,1639008,CHI,C
1637204,1637341,FEM,NA
1639870,1640648,NA,NA
1639875,1640633,CHI,N
1644000,1644214,NA,NA
1644492,1647864,NA,NA
1644511,1647609,CHI,N
1645512,1647512,OCH,NA
1649690,1652117,NA,NA
1649833,1651278,CHI,N
1651011,1652064,FEM,NA
1653011,1653267,NA,NA
1653011,1653347,FEM,NA
1653492,1656366,NA,NA
1653510,1656011,FEM,NA
1656885,1658235,NA,NA
1656992,1658112,FEM,NA
1658699,1659178,MAL,NA
1663009,1665992,NA,NA
1663011,1664511,CHI,N
1664904,1665564,CHI,N
1665362,1665691,FEM,NA
1666509,1667511,CHI,N
1666511,1672898,NA,NA
1668284,1668726,FEM,NA
1668386,1669211,OCH,NA
1668828,1671493,FEM,NA
1671840,1671992,CHI,N
1671987,1672438,OCH,NA
1673011,1673143,NA,NA
1673492,1677491,NA,NA
1673715,1674702,CHI,N
1674390,1677188,FEM,NA
1678138,1679885,NA,NA
1678281,1679511,FEM,NA
1678317,1679689,OCH,NA
1682573,1683582,FEM,NA
1682675,1683559,NA,NA
1685991,1687044,FEM,NA
1685991,1687064,NA,NA
1689405,1693560,NA,NA
1689412,1690507,CHI,N
1691307,1692213,FEM,NA
1694674,1695511,NA,NA
1694697,1695510,FEM,NA
1698992,1699512,FEM,NA
1698992,1699652,NA,NA
1700418,1701329,NA,NA
1700430,1701321,CHI,N
1702963,1703670,NA,NA
1704733,1709855,NA,NA
1704802,1709849,CHI,N
1710011,1711493,CHI,N
1710011,1712910,NA,NA
1721620,1722011,NA,NA
1726591,1728138,NA,NA
1726755,1727492,FEM,NA
1728255,1728422,NA,NA
1728542,1729217,NA,NA
1731068,1731534,NA,NA
1731264,1731492,FEM,NA
1734360,1754401,NA,NA
1734384,1736561,FEM,NA
1736492,1737278,CHI,N
1736893,1742197,FEM,NA
1742502,1744708,CHI,Y
1743429,1748512,OCH,NA
1745228,1746190,CHI,N
1746701,1747012,CHI,N
1748166,1750512,CHI,C
1750812,1752650,CHI,C
1752011,1752475,OCH,NA
1752459,1754039,FEM,NA
1752649,1753739,OCH,NA
1754509,1759511,NA,NA
1754619,1756025,CHI,N
1754877,1754992,MAL,NA
1756011,1758883,FEM,NA
1756380,1756510,OCH,NA
1756628,1756733,OCH,NA
1759730,1760321,NA,NA
1767012,1771830,NA,NA
1767061,1768011,FEM,NA
1767992,1768993,OCH,NA
1768004,1770744,CHI,C
1770468,1770757,FEM,NA
1770992,1771824,FEM,NA
1773448,1778011,NA,NA
1773470,1775652,FEM,NA
1776229,1777992,CHI,C
1785491,1786510,OCH,NA
1785507,1787998,NA,NA
1786011,1787493,FEM,NA
1790512,1790762,NA,NA
1796384,1799268,NA,NA
1796492,1797658,OCH,NA
1796567,1796673,FEM,NA
1797010,1798829,FEM,NA
1799877,1800429,NA,NA
1801810,1804355,OCH,NA
1801832,1804426,NA,NA
1803185,1803484,FEM,NA
1826012,1827298,NA,NA
1826493,1827232,FEM,NA
1827719,1829491,NA,NA
1827757,1828992,FEM,NA
1837011,1837619,NA,NA
1838180,1840510,NA,NA
1838403,1840511,FEM,NA
1844718,1845992,NA,NA
1845165,1845919,OCH,NA
1853380,1856433,NA,NA
1853410,1856220,CHI,N
1855195,1856138,OCH,NA
1879492,1885042,NA,NA
1879782,1884569,CHI,N
1892663,1896492,NA,NA
1893007,1894080,CHI,N
1895039,1896492,FEM,NA
1898691,1899992,NA,NA
1898917,1899761,CHI,N
1901991,1902767,NA,NA
1902056,1902512,FEM,NA
1903510,1904669,NA,NA
1903816,1904557,FEM,NA
1936637,1937992,FEM,NA
1936840,1937790,NA,NA
1938511,1939512,NA,NA
1938740,1939381,FEM,NA
1940762,1942865,NA,NA
1940993,1942875,FEM,NA
1953011,1956997,NA,NA
1953168,1956784,CHI,C
1954638,1954798,FEM,NA
1957196,1958873,NA,NA
1957210,1958739,CHI,N
1972983,1973985,NA,NA
1973072,1973261,FEM,NA
1973114,1973511,CHI,N
1973492,1973725,FEM,NA
2003172,2004497,NA,NA
2003515,2003633,FEM,NA
2003633,2003782,CHI,N
2003908,2004384,FEM,NA
2005388,2005602,NA,NA
2028993,2029445,NA,NA
2029011,2029252,FEM,NA
2029992,2031497,NA,NA
2030020,2031458,CHI,N
2031991,2033594,NA,NA
2032795,2033586,CHI,N
2034725,2037084,NA,NA
2034992,2036992,FEM,NA
2037263,2038510,NA,NA
2037977,2038166,OCH,NA
2039104,2042219,NA,NA
2039185,2039492,OCH,NA
2040513,2041922,CHI,N
2041492,2041970,FEM,NA
2042386,2045169,NA,NA
2042444,2043779,CHI,C
2044096,2045105,CHI,N
2045837,2046304,NA,NA
2045991,2046133,FEM,NA
2054511,2055993,NA,NA
2054621,2055767,CHI,N
2054838,2055781,FEM,NA
2056820,2059950,NA,NA
2056924,2057640,FEM,NA
2057466,2059172,OCH,NA
2058259,2059864,FEM,NA
2063770,2065658,CHI,C
2063831,2079010,NA,NA
2065510,2067491,FEM,NA
2067803,2070510,FEM,NA
2070988,2076326,OCH,NA
2071241,2071389,FEM,NA
2072117,2072336,FEM,NA
2073301,2073492,FEM,NA
2075406,2078992,FEM,NA
2085644,2085870,NA,NA
2086125,2098807,NA,NA
2086189,2088511,FEM,NA
2087763,2087992,OCH,NA
2088514,2090689,OCH,NA
2090531,2092492,FEM,NA
2092564,2093415,OCH,NA
2092996,2098249,FEM,NA
2103511,2114512,NA,NA
2103960,2108854,FEM,NA
2108040,2108163,CHI,N
2109011,2111512,FEM,NA
2111937,2114492,CHI,N
2112615,2113012,FEM,NA
2132079,2132363,FEM,NA
2132080,2132402,NA,NA
2150493,2152187,CHI,N
2150493,2152251,NA,NA
2153010,2155303,NA,NA
2153066,2155130,CHI,N
2153491,2154146,OCH,NA
2155488,2164511,NA,NA
2155564,2157353,CHI,N
2157011,2157240,FEM,NA
2157902,2163511,CHI,N
2161117,2161510,FEM,NA
2163016,2163954,MAL,NA
2167493,2179493,NA,NA
2167540,2169011,OCH,NA
2167860,2168010,CHI,N
2168507,2170011,FEM,NA
2170493,2171050,CHI,N
2170992,2171340,OCH,NA
2172012,2173511,FEM,NA
2173849,2176627,CHI,N
2174804,2175010,FEM,NA
2177106,2178017,OCH,NA
2177511,2179492,CHI,N
2178223,2178491,OCH,NA
2180134,2194787,NA,NA
2180289,2181011,CHI,N
2180348,2181011,OCH,NA
2181595,2183203,FEM,NA
2182648,2182790,CHI,N
2183456,2187216,FEM,NA
2187430,2188991,CHI,C
2188196,2188417,OCH,NA
2188991,2192992,FEM,NA
2192511,2193510,CHI,N
2195011,2201197,NA,NA
2195417,2196170,FEM,NA
2196011,2197553,CHI,Y
2197886,2200492,CHI,N
2201401,2203823,NA,NA
2201492,2203007,CHI,N
2203924,2205510,NA,NA
2203958,2205492,FEM,NA
2214609,2220615,NA,NA
2214992,2215991,CHI,N
2215991,2218104,MAL,NA
2216492,2217169,FEM,NA
2217431,2218012,FEM,NA
2218013,2218523,CHI,N
2218538,2220116,FEM,NA
2221385,2222134,NA,NA
2221442,2222011,CHI,N
2234010,2242775,NA,NA
2234431,2240687,CHI,N
2235479,2236616,OCH,NA
2237011,2237644,OCH,NA
2237828,2238523,OCH,NA
2241493,2242619,CHI,N
2243511,2251243,NA,NA
2243666,2245109,CHI,C
2245158,2246041,FEM,NA
2246255,2248555,CHI,C
2246800,2246992,FEM,NA
2247958,2248954,FEM,NA
2248842,2251010,CHI,C
2251488,2257674,NA,NA
2251992,2252184,FEM,NA
2252116,2255992,CHI,C
2256301,2256888,FEM,NA
2256334,2257286,CHI,C
2257924,2261010,NA,NA
2258361,2261010,CHI,C
2259483,2259846,FEM,NA
2263888,2264671,NA,NA
2263992,2264456,OCH,NA
2264910,2266807,NA,NA
2265383,2265528,OCH,NA
2265992,2266412,OCH,NA
2268010,2293010,NA,NA
2268204,2268572,OCH,NA
2268511,2268752,FEM,NA
2268548,2269326,CHI,N
2268992,2271243,FEM,NA
2271351,2271491,FEM,NA
2271642,2271846,FEM,NA
2272492,2281510,CHI,Y
2276011,2276423,OCH,NA
2281492,2285176,FEM,NA
2283881,2285012,CHI,N
2285675,2287011,FEM,NA
2287170,2288512,CHI,N
2287344,2287492,FEM,NA
2288770,2288993,FEM,NA
2291731,2292877,CHI,C
2294492,2303512,NA,NA
2294511,2296511,FEM,NA
2295638,2296276,OCH,NA
2297153,2298115,CHI,N
2297185,2297889,OCH,NA
2298355,2300831,FEM,NA
2301114,2302356,CHI,N
2302153,2303265,FEM,NA
2302992,2303330,CHI,N
2310798,2313954,NA,NA
2310857,2311492,CHI,N
2311900,2312933,CHI,N
2312705,2313631,FEM,NA
2314059,2323192,NA,NA
2314265,2315100,CHI,N
2314558,2318510,FEM,NA
2316512,2316829,MAL,NA
2319229,2319511,FEM,NA
2319492,2320491,CHI,N
2319511,2320409,OCH,NA
2320736,2321595,FEM,NA
2322010,2323011,CHI,N
2325011,2326317,CHI,C
2325011,2328556,NA,NA
2326409,2327180,FEM,NA
2327469,2328510,CHI,N
2336011,2338407,NA,NA
2336308,2337742,CHI,N
2336388,2337098,OCH,NA
2337572,2338188,FEM,NA
2339720,2343510,NA,NA
2340011,2343492,FEM,NA
2340056,2340491,CHI,N
2345338,2352856,NA,NA
2345492,2346601,CHI,N
2347010,2348935,FEM,NA
2349493,2351012,FEM,NA
2351914,2352511,CHI,N
2354312,2356275,NA,NA
2354493,2355895,FEM,NA
2355510,2355903,CHI,N
2356749,2360966,NA,NA
2356779,2358492,FEM,NA
2358897,2360709,CHI,N
2361644,2363492,NA,NA
2361849,2362492,FEM,NA
2361855,2363180,CHI,N
2364010,2368511,NA,NA
2364186,2365435,FEM,NA
2364770,2365565,OCH,NA
2365991,2366553,OCH,NA
2366493,2367654,CHI,N
2367279,2368462,FEM,NA
2370492,2372075,NA,NA
2370511,2372011,CHI,C
2374005,2376158,NA,NA
2374174,2376137,CHI,N
2382011,2399742,NA,NA
2382171,2384010,CHI,N
2382178,2383012,OCH,NA
2383197,2383332,OCH,NA
2384492,2385479,CHI,N
2385011,2387210,FEM,NA
2386407,2386522,MAL,NA
2387581,2388653,CHI,N
2388511,2389603,FEM,NA
2388536,2389547,MAL,NA
2390626,2392104,CHI,N
2392013,2393387,FEM,NA
2393012,2393257,CHI,N
2393894,2395622,FEM,NA
2395739,2398952,CHI,N
2396010,2396412,OCH,NA
2396663,2397179,OCH,NA
2398408,2399292,FEM,NA
2399011,2399510,MAL,NA
2400511,2411471,NA,NA
2400612,2401935,CHI,N
2401491,2403233,FEM,NA
2403493,2404600,CHI,C
2404510,2408857,FEM,NA
2406011,2406144,MAL,NA
2406468,2408407,MAL,NA
2409013,2411011,CHI,N
2409991,2410320,FEM,NA
2414009,2416620,NA,NA
2414165,2415012,CHI,N
2414591,2416591,FEM,NA
2417700,2422084,NA,NA
2417843,2421464,FEM,NA
2418512,2419012,CHI,N
2420969,2421767,CHI,N
2422732,2426623,NA,NA
2422845,2424458,FEM,NA
2423923,2426987,MAL,NA
2427011,2428491,NA,NA
2427140,2428475,CHI,N
2429015,2431442,NA,NA
2429165,2431315,CHI,C
2432859,2433509,NA,NA
2432891,2433382,CHI,N
2434754,2436511,NA,NA
2435327,2436157,CHI,N
2435358,2436082,OCH,NA
2437992,2438829,NA,NA
2438019,2438708,CHI,N
2465508,2473299,NA,NA
2465512,2467011,CHI,C
2467635,2468430,CHI,N
2468327,2468526,MAL,NA
2468510,2471445,FEM,NA
2471609,2472571,CHI,N
2472525,2473011,FEM,NA
2481852,2484599,NA,NA
2481992,2483425,FEM,NA
2485485,2487011,NA,NA
2485510,2486511,FEM,NA
2496012,2497993,NA,NA
2496025,2497831,CHI,C
2498661,2511010,NA,NA
2498735,2500510,CHI,N
2500873,2502297,FEM,NA
2502492,2506454,CHI,N
2506105,2510012,FEM,NA
2510011,2510149,MAL,NA
2510511,2510889,MAL,NA
2512991,2514010,NA,NA
2513224,2513492,CHI,N
2522991,2524565,NA,NA
2522991,2524571,FEM,NA
2538992,2541572,NA,NA
2538992,2541776,FEM,NA
2543358,2544011,FEM,NA
2543403,2544032,NA,NA
2544352,2544511,NA,NA
2545493,2547169,NA,NA
2545511,2547011,FEM,NA
2574992,2576376,CHI,N
2574992,2576644,NA,NA
2577180,2579789,NA,NA
2577280,2579511,CHI,Y
2580012,2585512,NA,NA
2580424,2580972,CHI,N
2581124,2582439,CHI,N
2582901,2584251,FEM,NA
2583255,2583555,CHI,N
2584513,2585407,CHI,N
2584710,2585010,FEM,NA
2587667,2615492,NA,NA
2587678,2607992,CHI,N
2598029,2600894,OCH,NA
2608149,2611566,CHI,C
2612096,2614511,CHI,Y
2613492,2614221,OCH,NA
2614422,2614559,OCH,NA
2614719,2614869,OCH,NA
2615011,2615139,CHI,N
2618188,2619383,NA,NA
2618492,2618858,FEM,NA
2623992,2624441,NA,NA
2626012,2626866,NA,NA
2626147,2626512,FEM,NA
2627196,2628398,NA,NA
2627363,2628104,CHI,N
2628531,2629493,NA,NA
2628875,2629380,FEM,NA
2630198,2641310,NA,NA
2630284,2631011,FEM,NA
2631592,2632100,CHI,N
2631844,2632993,OCH,NA
2633011,2634010,FEM,NA
2634449,2635895,CHI,N
2635571,2636013,FEM,NA
2636256,2637510,CHI,N
2637860,2638493,CHI,N
2638005,2638285,OCH,NA
2638941,2641275,CHI,N
2641673,2642743,NA,NA
2641694,2642647,CHI,N
2644282,2645131,NA,NA
2644491,2644619,CHI,N
2646010,2652794,NA,NA
2646184,2648141,FEM,NA
2648732,2649993,FEM,NA
2651726,2651922,OCH,NA
2652947,2654511,NA,NA
2653028,2653701,CHI,N
2653702,2654426,FEM,NA
2654103,2654287,MAL,NA
2657791,2658825,NA,NA
2657833,2658699,CHI,N
2659492,2674102,NA,NA
2659498,2665011,CHI,C
2661044,2661344,OCH,NA
2662095,2663271,FEM,NA
2664777,2666147,FEM,NA
2665972,2667344,CHI,C
2668292,2669326,FEM,NA
2668992,2674011,CHI,C
2671010,2671224,OCH,NA
2678474,2681992,NA,NA
2678511,2680109,CHI,N
2680096,2681011,FEM,NA
2681458,2681993,FEM,NA
2686011,2690517,NA,NA
2686161,2688306,FEM,NA
2688849,2690351,OCH,NA
2688884,2690509,CHI,N
2692842,2695012,NA,NA
2692956,2694816,CHI,N
2747063,2747512,NA,NA
2759493,2761103,NA,NA
2759589,2760434,CHI,N
2765725,2765992,NA,NA
2765867,2766061,OCH,NA
2767991,2768752,NA,NA
2768345,2768460,CHI,N
2769260,2770112,NA,NA
2769491,2770011,CHI,N
2773909,2775374,NA,NA
2773994,2775169,CHI,N
2775743,2777510,NA,NA
2776096,2776212,FEM,NA
2776511,2777527,FEM,NA
2778833,2780315,NA,NA
2779888,2780121,FEM,NA
2784841,2786073,NA,NA
2784923,2785581,FEM,NA
2786511,2788229,NA,NA
2786591,2787997,CHI,N
2788511,2793228,NA,NA
2789051,2790204,FEM,NA
2789169,2789965,CHI,N
2790492,2792119,CHI,N
2791785,2791991,FEM,NA
2796630,2799511,NA,NA
2796734,2797503,FEM,NA
2796869,2796985,MAL,NA
2798214,2799311,CHI,N
2798493,2799235,OCH,NA
2804326,2805511,NA,NA
2804443,2805012,CHI,N
2804510,2805065,OCH,NA
2808511,2810072,NA,NA
2808528,2810047,CHI,N
2812155,2812324,NA,NA
2812433,2815562,NA,NA
2813716,2814492,OCH,NA
2813992,2815290,CHI,N
2815876,2819011,NA,NA
2815955,2817335,CHI,N
2816876,2819011,FEM,NA
2820405,2821819,NA,NA
2820493,2820836,CHI,N
2820508,2821510,FEM,NA
2980992,2982992,CHI,N
2980992,2987011,NA,NA
2982493,2982950,OCH,NA
2982511,2984492,FEM,NA
2983198,2983343,OCH,NA
2984384,2985511,CHI,N
2985491,2986991,FEM,NA
2990113,2993265,CHI,C
2990172,2996829,NA,NA
2993301,2996011,FEM,NA
2996143,2996462,FEM,NA
2996533,2996668,MAL,NA
2999992,3000831,FEM,NA
2999992,3000993,NA,NA
3001836,3004495,NA,NA
3001882,3003050,CHI,N
3002992,3004011,FEM,NA
3003011,3004295,MAL,NA
3007333,3021992,NA,NA
3007550,3009298,CHI,C
3010006,3010332,FEM,NA
3010492,3012492,FEM,NA
3011685,3020011,MAL,NA
3018509,3021511,FEM,NA
3022512,3030842,NA,NA
3022569,3023625,CHI,C
3023992,3025425,FEM,NA
3024510,3025092,CHI,C
3026369,3029493,FEM,NA
3028602,3031511,MAL,NA
3033492,3034953,CHI,C
3033492,3036138,NA,NA
3034984,3036489,MAL,NA
3035011,3035743,FEM,NA
3036285,3036487,NA,NA
3050480,3059920,NA,NA
3050492,3057011,CHI,N
3056152,3056511,FEM,NA
3058403,3059726,FEM,NA
3061044,3061390,NA,NA
3062318,3063521,CHI,N
3062333,3075305,NA,NA
3063619,3064233,MAL,NA
3064011,3064192,FEM,NA
3064510,3068012,CHI,C
3067991,3068421,FEM,NA
3068123,3068450,MAL,NA
3068796,3069868,CHI,N
3069503,3070210,FEM,NA
3070901,3074617,FEM,NA
3071091,3071202,OCH,NA
3071539,3071871,OCH,NA
3072278,3072459,OCH,NA
3074505,3074780,OCH,NA
3075808,3089510,NA,NA
3075867,3079510,CHI,Y
3076010,3076410,OCH,NA
3076512,3079511,OCH,NA
3079308,3081473,FEM,NA
3082172,3083515,CHI,N
3084661,3084992,FEM,NA
3084991,3085599,CHI,N
3086011,3086389,FEM,NA
3086512,3089484,FEM,NA
3088542,3089097,MAL,NA
3094477,3095992,NA,NA
3094796,3095665,CHI,N
3097850,3099991,NA,NA
3097963,3099772,CHI,C
3102923,3104941,NA,NA
3102938,3104516,CHI,N
3105479,3106240,NA,NA
3105511,3106012,FEM,NA
3106510,3108069,NA,NA
3106816,3107331,CHI,N
3107012,3108011,FEM,NA
3107687,3107857,CHI,N
3110493,3115574,NA,NA
3110510,3115493,CHI,N
3112666,3112769,OCH,NA
3115736,3117699,NA,NA
3116500,3117511,OCH,NA
3120992,3121664,CHI,N
3120992,3121778,NA,NA
3122597,3132411,NA,NA
3122788,3123807,CHI,N
3124094,3126077,CHI,N
3125721,3125844,OCH,NA
3126683,3127196,CHI,N
3127235,3129652,FEM,NA
3129508,3130659,CHI,N
3130478,3131985,FEM,NA
3149314,3170553,NA,NA
3149587,3150856,CHI,N
3150510,3153306,FEM,NA
3153097,3153991,CHI,N
3153295,3154993,OCH,NA
3155625,3157498,CHI,N
3156011,3158011,OCH,NA
3157491,3158461,FEM,NA
3158992,3159230,FEM,NA
3159376,3160491,FEM,NA
3159493,3161992,OCH,NA
3161511,3161634,FEM,NA
3161842,3166020,FEM,NA
3166118,3167409,CHI,C
3167011,3168155,FEM,NA
3168013,3169106,CHI,C
3169957,3170472,CHI,N
3188489,3188951,NA,NA
3188511,3188715,CHI,N
3188543,3188953,OCH,NA
3192507,3193676,CHI,N
3192510,3195706,NA,NA
3194026,3195511,CHI,N
3195021,3195171,OCH,NA
3213133,3214701,NA,NA
3213135,3214664,FEM,NA
3215096,3216011,CHI,N
3215101,3221709,NA,NA
3216011,3220834,FEM,NA
3219510,3220344,MAL,NA
3222011,3223118,NA,NA
3222013,3223101,FEM,NA
3225511,3236517,NA,NA
3225582,3228481,CHI,N
3226492,3226784,OCH,NA
3227192,3228292,OCH,NA
3229011,3231139,CHI,N
3231525,3235011,OCH,NA
3231534,3233012,CHI,N
3233469,3233992,CHI,N
3234689,3234843,CHI,N
3235494,3236478,FEM,NA
3237783,3239143,NA,NA
3237800,3239111,CHI,N
3240992,3245219,CHI,N
3241011,3247700,NA,NA
3245105,3245993,FEM,NA
3245861,3247732,CHI,C
3253232,3257992,NA,NA
3253277,3254630,CHI,N
3254565,3257992,FEM,NA
3255911,3256510,CHI,N
3258568,3265635,NA,NA
3258620,3259553,FEM,NA
3259605,3261510,CHI,N
3261094,3263175,MAL,NA
3261492,3265491,FEM,NA
3266011,3271365,NA,NA
3266246,3267365,FEM,NA
3267493,3268482,CHI,N
3268512,3271173,FEM,NA
3268750,3269734,MAL,NA
3271946,3283505,NA,NA
3273119,3274916,CHI,C
3273272,3274011,OCH,NA
3274511,3277797,FEM,NA
3277881,3278926,CHI,N
3278146,3280993,FEM,NA
3280993,3282186,CHI,N
3282491,3283237,FEM,NA
3284511,3299238,NA,NA
3284585,3286240,FEM,NA
3285647,3285876,MAL,NA
3286673,3287515,MAL,NA
3286739,3290993,FEM,NA
3287724,3287992,CHI,N
3290586,3290854,CHI,N
3291327,3292113,MAL,NA
3291992,3298992,FEM,NA
3300227,3307993,NA,NA
3301300,3302885,MAL,NA
3303344,3307802,FEM,NA
3303577,3303768,OCH,NA
3319453,3322956,NA,NA
3319491,3322802,FEM,NA
3321992,3322787,OCH,NA
3323319,3343012,NA,NA
3323346,3341512,FEM,NA
3328992,3329411,OCH,NA
3333639,3334046,MAL,NA
3334404,3334532,MAL,NA
3341987,3342497,MAL,NA
3342651,3342926,MAL,NA
3342728,3342936,FEM,NA
3354510,3355371,NA,NA
3356255,3356511,NA,NA
3377012,3378993,NA,NA
3377037,3378492,FEM,NA
3380913,3382050,NA,NA
3380938,3381991,FEM,NA
3382688,3385511,NA,NA
3382766,3383011,CHI,N
3383961,3385159,FEM,NA
3384285,3384420,MAL,NA
3384798,3384936,MAL,NA
3385957,3386149,NA,NA
3389536,3391603,NA,NA
3389783,3391492,FEM,NA
3390135,3390511,OCH,NA
3391082,3391212,OCH,NA
3400010,3403164,NA,NA
3400134,3400500,OCH,NA
3402240,3403011,FEM,NA
3402474,3402641,CHI,N
3434511,3436354,FEM,NA
3434511,3443281,NA,NA
3436580,3441511,FEM,NA
3440537,3441296,MAL,NA
3442168,3443150,FEM,NA
3444012,3447282,NA,NA
3444118,3447145,FEM,NA
3444893,3446493,OCH,NA
3447669,3449900,OCH,NA
3447740,3448123,NA,NA
3448391,3456650,NA,NA
3449166,3451512,FEM,NA
3451737,3452491,FEM,NA
3453992,3454103,OCH,NA
3453992,3456640,FEM,NA
3457343,3465011,NA,NA
3457362,3460479,FEM,NA
3460241,3460892,OCH,NA
3461010,3464834,FEM,NA
3467423,3472992,NA,NA
3467431,3468681,FEM,NA
3468835,3472448,FEM,NA
3473493,3474035,NA,NA
3474510,3477058,OCH,NA
3474549,3485190,NA,NA
3476491,3485015,FEM,NA
3477168,3477281,OCH,NA
3485379,3490366,NA,NA
3485420,3487183,FEM,NA
3485764,3485886,OCH,NA
3487286,3489973,FEM,NA
3497624,3498738,CHI,C
3497637,3498766,NA,NA
3500906,3501848,NA,NA
3500997,3501630,FEM,NA
3507737,3510511,NA,NA
3507771,3509121,CHI,N
3509465,3510010,CHI,N
3510010,3510358,OCH,NA
3510115,3510226,CHI,N
3513308,3514511,NA,NA
3513395,3514507,CHI,N
3520010,3522518,NA,NA
3520493,3522511,FEM,NA
3528510,3531451,FEM,NA
3528510,3531509,NA,NA
3532012,3533554,NA,NA
3532069,3532511,CHI,N
3532871,3533511,FEM,NA
3534771,3538941,NA,NA
3534803,3537010,CHI,N
3537258,3537491,OCH,NA
3537992,3538729,FEM,NA
3570492,3571992,NA,NA
3570510,3571992,FEM,NA
3574002,3577323,NA,NA
3574010,3577316,FEM,NA
3579891,3581638,NA,NA
3579893,3581493,FEM,NA
3592628,3596948,NA,NA
3592893,3594975,CHI,C
3594464,3595161,FEM,NA
3595511,3596653,FEM,NA
3601328,3603847,NA,NA
3601493,3603499,CHI,C
3601511,3603511,OCH,NA
3603207,3603322,FEM,NA
3604384,3606512,NA,NA
3604492,3606438,CHI,C
3608820,3608950,NA,NA
3609706,3610482,NA,NA
3625707,3626011,NA,NA
3643419,3645977,NA,NA
3643424,3645962,FEM,NA
3646510,3647188,NA,NA
3646541,3646720,FEM,NA
3647533,3647751,NA,NA
3658196,3658672,NA,NA
3658271,3658516,CHI,N
3689980,3690992,NA,NA
3690667,3691011,OCH,NA
3693511,3694935,NA,NA
3693664,3694012,CHI,C
3696221,3697792,NA,NA
3696695,3697000,MAL,NA
3697291,3697547,MAL,NA
3705394,3709493,FEM,NA
3705397,3710760,NA,NA
3709478,3710303,MAL,NA
3710980,3714510,NA,NA
3711013,3714246,CHI,N
3713573,3713991,FEM,NA
3716371,3721474,NA,NA
3716526,3717491,OCH,NA
3717772,3718511,CHI,N
3717888,3718053,OCH,NA
3717993,3719372,FEM,NA
3719724,3721280,CHI,N
3723616,3725012,NA,NA
3723798,3724709,CHI,N
3723992,3724549,OCH,NA
3725684,3726256,NA,NA
3725825,3725926,OCH,NA
3726847,3727991,NA,NA
3727087,3727406,OCH,NA
3730161,3731511,NA,NA
3730366,3731186,CHI,N
3730442,3731019,OCH,NA
3740492,3743511,NA,NA
3740582,3741535,OCH,NA
3740624,3743434,CHI,N
3746196,3763010,NA,NA
3746265,3747011,CHI,N
3747382,3748319,FEM,NA
3748511,3749167,FEM,NA
3749011,3752990,MAL,NA
3749492,3749848,FEM,NA
3750155,3750275,FEM,NA
3750511,3751491,FEM,NA
3753071,3756512,CHI,N
3757145,3759511,CHI,N
3757158,3759510,OCH,NA
3760511,3761240,CHI,N
3761713,3762992,CHI,N
3770511,3772507,NA,NA
3770754,3772016,FEM,NA
3773010,3775511,NA,NA
3774492,3775189,FEM,NA
3785503,3786011,NA,NA
3785505,3785675,MAL,NA
3791246,3791438,NA,NA
3791271,3791433,FEM,NA
3800922,3802512,NA,NA
3800993,3802493,FEM,NA
3811794,3812589,NA,NA
3812025,3812329,FEM,NA
3818011,3820758,MAL,NA
3818293,3820011,NA,NA
3826011,3826121,NA,NA
3826492,3829492,FEM,NA
3826492,3830510,NA,NA
3828679,3828983,MAL,NA
3829933,3830731,MAL,NA
3834722,3836492,NA,NA
3834805,3836187,FEM,NA
3850220,3852846,NA,NA
3850318,3852756,FEM,NA
3862860,3863906,NA,NA
3862991,3863511,FEM,NA
3864313,3865992,NA,NA
3864441,3865011,FEM,NA
3865325,3865990,MAL,NA
3874017,3875261,MAL,NA
3876144,3876753,NA,NA
3876452,3876717,MAL,NA
3876986,3881026,NA,NA
3877512,3877738,FEM,NA
3878179,3878511,FEM,NA
3878904,3879250,MAL,NA
3879411,3879647,MAL,NA
3880244,3880951,CHI,N
3898255,3903709,NA,NA
3898376,3899016,CHI,N
3898884,3901324,FEM,NA
3901836,3903544,FEM,NA
3902347,3903511,CHI,N
3908468,3909410,MAL,NA
3912155,3915307,MAL,NA
3913010,3914897,NA,NA
3917967,3919199,NA,NA
3917992,3919015,FEM,NA
3920687,3922226,NA,NA
3920859,3921991,FEM,NA
3922511,3923144,NA,NA
3923492,3926047,NA,NA
3923512,3924511,FEM,NA
3924118,3926011,MAL,NA
3926337,3928011,NA,NA
3926669,3927160,CHI,N
3927177,3927925,MAL,NA
3934489,3934879,MAL,NA
3934492,3940699,NA,NA
3934838,3935010,CHI,N
3934992,3936011,MAL,NA
3936992,3938619,CHI,N
3937749,3941011,MAL,NA
3949012,3952917,NA,NA
3949118,3949511,CHI,N
3951840,3952910,MAL,NA
3954992,3955492,NA,NA
3955159,3955490,MAL,NA
3957019,3957380,MAL,NA
3960495,3963149,NA,NA
3960559,3961840,CHI,N
3961511,3963490,MAL,NA
3964493,3966309,NA,NA
3964511,3965746,CHI,N
3967066,3968011,NA,NA
3971492,3972108,MAL,NA
3974867,3975517,MAL,NA
4000492,4002232,NA,NA
4000592,4001999,FEM,NA
4012991,4014943,NA,NA
4013012,4014877,FEM,NA
4020634,4022208,FEM,NA
4020646,4022327,NA,NA
4023493,4025511,FEM,NA
4023493,4025992,NA,NA
4025690,4025953,FEM,NA
4031492,4034096,NA,NA
4031512,4034011,FEM,NA
4042992,4044011,NA,NA
4043010,4043812,FEM,NA
4050243,4051185,NA,NA
4050493,4050751,MAL,NA
4050493,4051011,FEM,NA
4055462,4056491,NA,NA
4055491,4056139,FEM,NA
4057479,4058478,NA,NA
4058119,4058229,MAL,NA
4058986,4064180,NA,NA
4059521,4060760,FEM,NA
4060992,4063010,FEM,NA
4063198,4063492,FEM,NA
4063301,4064511,MAL,NA
4068993,4071622,NA,NA
4068993,4071632,MAL,NA
4072702,4074214,NA,NA
4072754,4074011,FEM,NA
4078492,4079511,NA,NA
4078512,4079187,MAL,NA
4082716,4084167,NA,NA
4082759,4082872,FEM,NA
4083011,4084012,FEM,NA
4087554,4103737,NA,NA
4087812,4090011,CHI,N
4087825,4088382,OCH,NA
4090738,4090954,FEM,NA
4091722,4092252,CHI,N
4092010,4092381,FEM,NA
4093490,4093828,FEM,NA
4094002,4096263,FEM,NA
4097498,4099037,OCH,NA
4097523,4099610,CHI,N
4099925,4101953,CHI,N
4101033,4101251,FEM,NA
4101492,4103623,FEM,NA
4104365,4107696,NA,NA
4104427,4107512,CHI,N
4105301,4107198,OCH,NA
4110207,4112244,NA,NA
4110267,4112130,CHI,N
4113011,4122993,NA,NA
4113696,4114511,CHI,N
4113992,4114110,OCH,NA
4114493,4117492,FEM,NA
4117492,4117716,MAL,NA
4118612,4123492,MAL,NA
4118992,4120511,FEM,NA
4124010,4129044,NA,NA
4124491,4128087,CHI,N
4132868,4134382,NA,NA
4132991,4134010,CHI,N
4132991,4134014,OCH,NA
4134512,4136255,NA,NA
4134621,4136133,CHI,N
4136839,4143221,NA,NA
4136849,4138331,CHI,N
4138575,4140477,CHI,C
4141172,4142814,FEM,NA
4141457,4141945,MAL,NA
4144510,4146992,MAL,NA
4144782,4144931,NA,NA
4145197,4146118,NA,NA
4147652,4165885,NA,NA
4147737,4151492,FEM,NA
4150826,4151037,MAL,NA
4151696,4156512,OCH,NA
4151861,4151993,CHI,N
4152225,4152348,CHI,N
4156512,4156736,FEM,NA
4156723,4157304,OCH,NA
4156955,4162510,FEM,NA
4162013,4162273,MAL,NA
4162415,4163831,MAL,NA
4163511,4165492,FEM,NA
4166011,4166116,FEM,NA
4166011,4166268,NA,NA
4166485,4170339,NA,NA
4166492,4170285,FEM,NA
4171313,4172439,NA,NA
4171399,4172287,FEM,NA
4173623,4175012,NA,NA
4173685,4175011,FEM,NA
4184173,4185142,NA,NA
4184244,4184990,CHI,N
4184323,4184880,OCH,NA
4187226,4195493,NA,NA
4187325,4188017,FEM,NA
4188043,4189285,MAL,NA
4189492,4191542,CHI,N
4191926,4193011,MAL,NA
4193770,4195461,CHI,N
4196203,4197148,NA,NA
4196683,4196811,CHI,N
4198007,4202973,NA,NA
4198011,4200011,CHI,N
4200878,4200993,CHI,N
4200992,4202703,FEM,NA
4201293,4201992,OCH,NA
4204732,4206492,OCH,NA
4204740,4210010,NA,NA
4205508,4210004,FEM,NA
4211821,4222660,NA,NA
4211992,4217213,FEM,NA
4215721,4216160,CHI,N
4217513,4218932,OCH,NA
4217719,4218011,CHI,N
4218510,4218766,FEM,NA
4218985,4220993,FEM,NA
4219476,4221548,MAL,NA
4221094,4221487,FEM,NA
4222849,4243921,NA,NA
4223026,4224022,CHI,N
4223077,4223649,OCH,NA
4223934,4224511,OCH,NA
4223991,4225093,FEM,NA
4224258,4224511,CHI,N
4224840,4224977,OCH,NA
4225276,4227870,FEM,NA
4228030,4231511,CHI,Y
4229121,4230010,OCH,NA
4232993,4235732,FEM,NA
4235011,4235716,MAL,NA
4236356,4236579,MAL,NA
4237321,4241072,FEM,NA
4239025,4239308,MAL,NA
4239429,4240178,MAL,NA
4240713,4241216,MAL,NA
4242137,4242663,CHI,N
4242512,4243433,FEM,NA
4242785,4242933,CHI,N
4243114,4243232,CHI,N
4244387,4255899,NA,NA
4244491,4244992,CHI,N
4244643,4246493,FEM,NA
4244992,4246652,OCH,NA
4246992,4248511,OCH,NA
4247127,4247907,CHI,N
4248511,4248622,FEM,NA
4248816,4251266,FEM,NA
4251012,4251626,OCH,NA
4252233,4252781,OCH,NA
4253151,4255834,OCH,NA
4253307,4253493,CHI,N
4253730,4255488,FEM,NA
4256241,4260492,NA,NA
4256300,4257491,OCH,NA
4256511,4260492,FEM,NA
4262213,4265716,NA,NA
4262318,4263784,OCH,NA
4262492,4263619,CHI,N
4264358,4265274,OCH,NA
4264377,4265249,CHI,N
4267114,4267470,NA,NA
4268297,4292251,NA,NA
4268334,4269844,CHI,N
4268886,4269954,OCH,NA
4270300,4270421,MAL,NA
4270585,4272095,MAL,NA
4272153,4272614,FEM,NA
4273243,4275550,OCH,NA
4274512,4274821,CHI,N
4274993,4275265,CHI,N
4275875,4278011,OCH,NA
4276992,4277991,CHI,N
4278012,4281993,FEM,NA
4281064,4281270,OCH,NA
4281397,4282155,CHI,N
4282492,4282890,CHI,N
4283288,4284545,CHI,Y
4283493,4283631,FEM,NA
4284620,4285305,FEM,NA
4285518,4287511,CHI,N
4286461,4287042,FEM,NA
4287992,4288097,MAL,NA
4288074,4288982,OCH,NA
4288970,4291432,FEM,NA
4291237,4291745,MAL,NA
4295012,4295403,NA,NA
4296164,4303689,NA,NA
4296356,4297492,CHI,C
4296405,4297645,OCH,NA
4297740,4298131,FEM,NA
4297992,4298545,MAL,NA
4298392,4298515,FEM,NA
4299149,4300011,CHI,N
4300892,4301336,FEM,NA
4301986,4303547,CHI,N
4304367,4313296,NA,NA
4304715,4305152,FEM,NA
4305236,4308009,CHI,N
4307278,4308512,OCH,NA
4308331,4308993,FEM,NA
4308707,4310243,OCH,NA
4309102,4310682,CHI,C
4310634,4312011,FEM,NA
4312710,4312842,FEM,NA
4313512,4317493,NA,NA
4313993,4316011,FEM,NA
4316492,4317526,OCH,NA
4318291,4334618,NA,NA
4318993,4320291,CHI,N
4319460,4319992,OCH,NA
4320280,4321934,FEM,NA
4322082,4323118,CHI,N
4323512,4327493,FEM,NA
4323711,4323993,CHI,N
4327386,4329430,CHI,N
4328674,4330605,OCH,NA
4330056,4330687,FEM,NA
4330972,4334320,FEM,NA
4334875,4372992,NA,NA
4334977,4336992,CHI,N
4335992,4340995,OCH,NA
4339492,4341509,CHI,Y
4341511,4342044,FEM,NA
4341512,4343736,MAL,NA
4343763,4347862,CHI,Y
4343993,4345441,OCH,NA
4348510,4350491,FEM,NA
4349666,4351141,CHI,N
4351469,4352492,MAL,NA
4353063,4355010,FEM,NA
4353144,4353500,MAL,NA
4353775,4353986,MAL,NA
4353809,4353937,CHI,N
4354223,4354522,CHI,N
4354928,4357135,CHI,Y
4354972,4355833,OCH,NA
4357073,4358492,FEM,NA
4358225,4358915,CHI,N
4359385,4359512,CHI,N
4359493,4361012,OCH,NA
4359700,4359992,CHI,N
4361629,4361764,CHI,N
4362024,4362291,CHI,N
4362231,4364011,FEM,NA
4362333,4363492,MAL,NA
4364228,4366592,CHI,N
4364341,4364493,FEM,NA
4367216,4367491,CHI,N
4368981,4371511,FEM,NA
4371011,4373051,MAL,NA
4375264,4375942,NA,NA
4375490,4375833,FEM,NA
4376756,4379014,NA,NA
4376909,4378882,FEM,NA
4377675,4378023,MAL,NA
4379241,4381455,NA,NA
4379366,4381396,FEM,NA
4380110,4380741,MAL,NA
4381865,4382665,NA,NA
4381881,4382652,FEM,NA
4385011,4393531,FEM,NA
4385011,4394223,NA,NA
4395065,4396012,NA,NA
4395136,4395992,CHI,N
4397605,4401493,NA,NA
4397745,4399071,FEM,NA
4399296,4401105,CHI,N
4399491,4401010,OCH,NA
4403319,4406993,NA,NA
4403393,4406282,FEM,NA
4407492,4410011,FEM,NA
4407492,4410011,NA,NA
4421912,4422511,NA,NA
4421937,4422511,FEM,NA
4426208,4427511,NA,NA
4426491,4427471,OCH,NA
4431512,4432516,MAL,NA
4440137,4442167,NA,NA
4440261,4441992,OCH,NA
4441011,4441510,CHI,C
4441510,4441637,FEM,NA
4442351,4462493,NA,NA
4442769,4443491,CHI,N
4443643,4445133,FEM,NA
4444526,4445324,MAL,NA
4445493,4446350,FEM,NA
4445537,4445741,MAL,NA
4446492,4450993,MAL,NA
4451039,4452028,CHI,N
4452725,4462042,FEM,NA
4464312,4466084,NA,NA
4464465,4465942,CHI,C
4464523,4464639,OCH,NA
4465258,4465511,OCH,NA
4469150,4474511,NA,NA
4469180,4471148,FEM,NA
4471627,4474135,CHI,N
4477493,4478369,NA,NA
4477511,4478010,FEM,NA
4486798,4492993,NA,NA
4486813,4490048,FEM,NA
4491315,4492537,OCH,NA
4491678,4492712,CHI,C
4510313,4511865,NA,NA
4510394,4511631,FEM,NA
4512250,4514687,NA,NA
4512405,4513294,CHI,C
4513607,4514662,FEM,NA
4517127,4521243,NA,NA
4518011,4521011,CHI,N
4521800,4530572,NA,NA
4521850,4522991,FEM,NA
4522492,4524401,CHI,C
4524491,4524645,FEM,NA
4524981,4526012,FEM,NA
4526187,4527176,CHI,C
4526493,4526598,OCH,NA
4526756,4527095,OCH,NA
4528165,4530011,FEM,NA
4529993,4530140,CHI,N
4530058,4530262,OCH,NA
4530247,4530360,CHI,N
4533194,4535069,NA,NA
4533511,4534947,FEM,NA
4535303,4536471,NA,NA
4535428,4536010,OCH,NA
4535538,4535864,CHI,N
4537011,4538366,NA,NA
4537569,4538570,OCH,NA
4539780,4540686,NA,NA
4540796,4542313,NA,NA
4540992,4542011,FEM,NA
4542711,4543541,NA,NA
4542796,4543255,CHI,N
4544218,4544993,NA,NA
4546992,4547157,FEM,NA
4546992,4547557,NA,NA
4547375,4547486,FEM,NA
4547836,4548044,NA,NA
4550835,4551993,NA,NA
4552811,4555145,NA,NA
4552843,4554492,FEM,NA
4556512,4558559,NA,NA
4556609,4558511,FEM,NA
4560978,4565423,NA,NA
4561481,4562011,OCH,NA
4561505,4563466,FEM,NA
4563798,4564478,CHI,N
4564711,4565354,FEM,NA
4566989,4573697,NA,NA
4566993,4568864,CHI,N
4569305,4569511,FEM,NA
4569305,4570090,CHI,N
4570373,4573571,FEM,NA
4570803,4572038,OCH,NA
4571125,4571452,CHI,N
4574468,4575349,NA,NA
4574475,4575334,FEM,NA
4577298,4587150,NA,NA
4577342,4581125,CHI,Y
4580877,4581992,FEM,NA
4581505,4581731,OCH,NA
4582313,4586729,CHI,Y
4582384,4585992,OCH,NA
4588476,4595590,NA,NA
4588491,4588992,FEM,NA
4590476,4592098,CHI,Y
4590572,4594511,OCH,NA
4591991,4592536,FEM,NA
4592217,4593879,CHI,Y
4594511,4594707,FEM,NA
4594858,4595010,FEM,NA
4595967,4596217,NA,NA
4597455,4600580,NA,NA
4597493,4600512,CHI,C
4601693,4604992,NA,NA
4601775,4604647,CHI,Y
4605262,4605591,NA,NA
4606158,4610578,NA,NA
4606598,4610555,CHI,Y
4607511,4609511,OCH,NA
4613288,4614927,NA,NA
4613441,4614200,CHI,N
4613465,4614511,OCH,NA
4619865,4621809,NA,NA
4619992,4621511,CHI,N
4620000,4621011,OCH,NA
4622258,4638325,NA,NA
4622437,4622992,CHI,N
4623991,4629023,CHI,Y
4629511,4635108,CHI,Y
4636011,4638011,CHI,Y
4637611,4637743,OCH,NA
4639491,4642935,NA,NA
4639511,4642084,FEM,NA
4642142,4642869,CHI,N
4643416,4644916,CHI,N
4643467,4649918,NA,NA
4645234,4649768,CHI,Y
4651226,4655615,NA,NA
4651331,4654795,CHI,Y
4655813,4683257,NA,NA
4656511,4666536,CHI,Y
4666029,4666390,FEM,NA
4667485,4673511,CHI,N
4673167,4676010,OCH,NA
4674512,4675631,FEM,NA
4675247,4675355,CHI,N
4675492,4676493,CHI,N
4677758,4681032,CHI,C
4678606,4678817,OCH,NA
4679151,4679958,OCH,NA
4680766,4680936,OCH,NA
4680975,4683030,FEM,NA
4684971,4687735,NA,NA
4685872,4687681,CHI,C
4692981,4695492,NA,NA
4692992,4694479,CHI,N
4696009,4696200,NA,NA
4696390,4696491,NA,NA
4697286,4700511,NA,NA
4698807,4699354,FEM,NA
4699011,4699173,CHI,N
4699298,4700332,CHI,N
4699991,4700168,MAL,NA
4703012,4703203,NA,NA
4704359,4704462,NA,NA
4737992,4740491,NA,NA
4738009,4740248,CHI,C
4740846,4743418,NA,NA
4740920,4743387,CHI,N
4741875,4742239,FEM,NA
4744016,4744708,NA,NA
4744153,4744511,CHI,N
4745535,4746296,NA,NA
4745697,4745992,FEM,NA
4751614,4751838,NA,NA
4755993,4756958,NA,NA
4767613,4767719,OCH,NA
4774874,4775500,NA,NA
4774888,4775487,CHI,N
4798872,4799152,NA,NA
4799793,4800976,NA,NA
4808854,4810493,OCH,NA
4808992,4810492,NA,NA
4812991,4815596,NA,NA
4813015,4814011,CHI,N
4814336,4815510,CHI,N
4814373,4815510,OCH,NA
4816179,4816511,NA,NA
4824068,4824515,MAL,NA
4824158,4824428,NA,NA
4830492,4832510,NA,NA
4830508,4832541,OCH,NA
4840962,4850623,NA,NA
4840992,4845511,CHI,C
4841515,4844480,OCH,NA
4845327,4845511,FEM,NA
4846296,4850638,CHI,C
4847992,4848944,OCH,NA
4852492,4861193,NA,NA
4852511,4854511,CHI,N
4853010,4856491,OCH,NA
4854765,4855011,CHI,N
4855511,4860511,CHI,Y
4860184,4861011,FEM,NA
4866158,4868782,NA,NA
4866485,4867011,FEM,NA
4867582,4868621,CHI,N
4867985,4868511,OCH,NA
4869440,4870562,NA,NA
4869609,4870444,CHI,N
4871914,4873073,NA,NA
4872322,4872489,CHI,N
4872347,4872511,OCH,NA
4872619,4872987,FEM,NA
4876804,4878351,NA,NA
4876840,4878251,CHI,N
4879011,4880511,NA,NA
4879114,4880511,CHI,N
4882192,4885498,NA,NA
4882228,4882679,FEM,NA
4882511,4885284,CHI,N
4885760,4887393,NA,NA
4885883,4887248,CHI,N
4889511,4891013,NA,NA
4889749,4891011,CHI,N
4892388,4893012,NA,NA
4892547,4892905,CHI,N
4892567,4892829,OCH,NA
4902282,4902511,NA,NA
4920256,4921493,NA,NA
4920279,4921308,CHI,N
4971993,4988993,NA,NA
4971993,4974295,CHI,N
4975494,4975739,FEM,NA
4975514,4977497,CHI,N
4978488,4978751,FEM,NA
4978839,4988969,CHI,C
4993547,4994300,CHI,N
4993598,4994302,NA,NA
4995314,4996267,NA,NA
4995361,4996011,CHI,N
4997546,4998003,NA,NA
5000177,5002163,OCH,NA
5000262,5002349,NA,NA
5001563,5001860,CHI,N
5004992,5007493,CHI,C
5004992,5007511,NA,NA
5011991,5012497,NA,NA
5012106,5012511,OCH,NA
5026492,5026664,OCH,NA
5027012,5027376,OCH,NA
5027793,5027906,OCH,NA
5029493,5035877,NA,NA
5029992,5031514,CHI,N
5030262,5030578,OCH,NA
5030713,5030829,OCH,NA
5031237,5032032,OCH,NA
5031511,5035791,FEM,NA
5037992,5039366,MAL,NA
5038399,5038915,NA,NA
5040166,5040676,NA,NA
5040316,5040510,CHI,N
5041145,5041692,NA,NA
5041178,5041618,CHI,N
5042464,5043510,NA,NA
5042469,5043492,CHI,Y
5045849,5046598,NA,NA
5045871,5046511,CHI,N
5055568,5055671,OCH,NA
5060831,5061393,NA,NA
5063253,5064542,CHI,N
5063256,5064544,NA,NA
5070959,5080217,NA,NA
5070992,5074456,CHI,N
5071726,5072011,FEM,NA
5073010,5073553,OCH,NA
5074500,5074799,FEM,NA
5074922,5075427,CHI,N
5076959,5077369,FEM,NA
5078010,5079017,FEM,NA
5079070,5079993,CHI,N
5081493,5093012,CHI,Y
5081493,5093493,NA,NA
5083319,5083538,OCH,NA
5083801,5084535,OCH,NA
5085040,5086334,OCH,NA
5086446,5086591,OCH,NA
5099421,5100255,NA,NA
5099492,5100020,FEM,NA
5102992,5105511,NA,NA
5103174,5105376,CHI,N
5106491,5108992,CHI,Y
5106491,5109010,NA,NA
5111512,5114936,NA,NA
5112992,5114433,CHI,N
5115472,5120011,NA,NA
5115823,5115992,FEM,NA
5115992,5116117,OCH,NA
5116993,5118011,OCH,NA
5117563,5118147,CHI,N
5118515,5118706,CHI,N
5118903,5119991,CHI,Y
5127756,5128644,NA,NA
5127992,5128512,CHI,N
5133993,5136992,FEM,NA
5133993,5137334,NA,NA
5142511,5142632,NA,NA
5156011,5157493,FEM,NA
5156011,5157835,NA,NA
5162010,5162218,NA,NA
5163696,5163843,NA,NA
5164509,5166293,NA,NA
5164550,5164655,MAL,NA
5165279,5165625,OCH,NA
5168510,5168660,NA,NA
5168912,5170456,MAL,NA
5169012,5170578,NA,NA
5172528,5179292,NA,NA
5172567,5176011,OCH,NA
5174099,5174300,CHI,N
5176059,5177956,FEM,NA
5182010,5183562,NA,NA
5185002,5185321,OCH,NA
5185011,5187888,NA,NA
5185740,5186116,MAL,NA
5186492,5187511,FEM,NA
5188168,5188492,NA,NA
5189198,5190732,NA,NA
5189665,5190597,OCH,NA
5189840,5190039,CHI,N
5190375,5190510,CHI,N
5191187,5191410,NA,NA
5192512,5192674,OCH,NA
5192512,5192868,NA,NA
5193168,5194494,OCH,NA
5193492,5194511,NA,NA
5197095,5197325,NA,NA
5197492,5204512,NA,NA
5198992,5200011,CHI,N
5199954,5201012,MAL,NA
5201375,5201512,OCH,NA
5202336,5202704,FEM,NA
5202510,5202819,OCH,NA
5206992,5208475,NA,NA
5207252,5207385,OCH,NA
5207492,5208196,OCH,NA
5246480,5247393,CHI,N
5246492,5247390,NA,NA
5249492,5250803,NA,NA
5249492,5250970,FEM,NA
5254241,5257243,NA,NA
5254273,5257177,CHI,N
5261492,5262992,CHI,N
5261492,5262992,NA,NA
5300870,5306469,NA,NA
5300983,5305492,CHI,Y
5302010,5303510,OCH,NA
5305510,5306085,FEM,NA
5311511,5312804,NA,NA
5312351,5312621,FEM,NA
5312947,5326574,NA,NA
5312993,5314512,FEM,NA
5314511,5325797,CHI,N
5317874,5318627,FEM,NA
5323259,5323892,MAL,NA
5325510,5326020,FEM,NA
5326271,5326426,FEM,NA
5327011,5336993,NA,NA
5327021,5328012,CHI,C
5327870,5329011,OCH,NA
5328492,5329118,FEM,NA
5329010,5331884,MAL,NA
5331511,5334478,FEM,NA
5334623,5334778,FEM,NA
5334989,5336671,CHI,C
5337433,5338732,NA,NA
5337510,5338615,CHI,N
5341491,5343673,NA,NA
5341511,5341754,CHI,N
5341992,5343644,CHI,N
5346010,5346570,NA,NA
5352013,5353112,CHI,N
5352058,5353280,NA,NA
5353511,5356493,NA,NA
5353994,5354858,FEM,NA
5354144,5354487,CHI,N
5354989,5356467,CHI,C
5357499,5360012,NA,NA
5357510,5359137,CHI,N
5357968,5358336,OCH,NA
5359022,5359489,FEM,NA
5361512,5365803,NA,NA
5361579,5365799,CHI,N
5362759,5363512,OCH,NA
5371993,5372492,NA,NA
5372069,5372260,CHI,N
5380428,5382276,NA,NA
5380584,5381757,OCH,NA
5380621,5381310,CHI,C
5380636,5381763,FEM,NA
5384213,5389492,NA,NA
5384510,5388580,FEM,NA
5388230,5389464,MAL,NA
5390963,5399046,NA,NA
5391048,5391519,FEM,NA
5391642,5392332,OCH,NA
5392492,5395187,CHI,N
5392840,5393831,OCH,NA
5395683,5398990,MAL,NA
5398512,5398733,FEM,NA
5399276,5420992,NA,NA
5399357,5400511,CHI,N
5400305,5406510,FEM,NA
5404048,5408147,MAL,NA
5407282,5407476,FEM,NA
5408181,5411011,FEM,NA
5411529,5419992,FEM,NA
5419492,5421269,MAL,NA
5422478,5431012,NA,NA
5422493,5430993,FEM,NA
5427019,5427139,MAL,NA
5427493,5428722,MAL,NA
5432992,5443262,NA,NA
5433011,5434012,CHI,N
5435060,5435166,OCH,NA
5436511,5440397,FEM,NA
5439012,5440087,MAL,NA
5440962,5443011,FEM,NA
5444619,5446992,NA,NA
5444992,5446975,FEM,NA
5448992,5450011,NA,NA
5451332,5451826,NA,NA
5454511,5456217,NA,NA
5455011,5456170,FEM,NA
5459390,5468511,NA,NA
5459493,5463572,FEM,NA
5464603,5465167,MAL,NA
5465510,5468011,FEM,NA
5468172,5468319,FEM,NA
5474010,5474152,NA,NA
5474825,5476219,NA,NA
5474993,5476011,FEM,NA
5483874,5488349,NA,NA
5483992,5484491,CHI,N
5484252,5484650,OCH,NA
5485492,5488315,FEM,NA
5493191,5497492,NA,NA
5494284,5497492,FEM,NA
5506491,5507011,NA,NA
5506522,5506942,FEM,NA
5509011,5509151,NA,NA
5509492,5510992,FEM,NA
5509492,5511492,NA,NA
5510992,5511620,MAL,NA
5512534,5513525,MAL,NA
5523188,5525493,NA,NA
5523292,5525493,FEM,NA
5528515,5528993,NA,NA
5541991,5546659,NA,NA
5542008,5544691,FEM,NA
5542973,5543680,CHI,N
5544588,5545435,CHI,N
5544622,5545025,OCH,NA
5545010,5546519,FEM,NA
5546129,5546301,OCH,NA
5547047,5550383,NA,NA
5547147,5550011,FEM,NA
5547616,5548058,CHI,N
5551384,5554852,NA,NA
5551597,5552012,OCH,NA
5551613,5552275,FEM,NA
5552447,5554381,CHI,C
5552813,5552929,OCH,NA
5554167,5554511,FEM,NA
5555636,5557254,CHI,N
5555636,5558510,NA,NA
5557511,5558949,MAL,NA
5557660,5558127,FEM,NA
5560221,5561510,NA,NA
5560238,5561510,CHI,N
5564143,5565491,FEM,NA
5564182,5565512,NA,NA
5567373,5573492,NA,NA
5567388,5568991,CHI,N
5569712,5571011,OCH,NA
5569778,5570883,CHI,Y
5572014,5573011,FEM,NA
5573797,5575609,NA,NA
5574013,5574855,CHI,Y
5574415,5574528,OCH,NA
5576492,5583507,NA,NA
5576511,5577993,CHI,N
5577620,5578492,FEM,NA
5578369,5582481,CHI,C
5580514,5580779,OCH,NA
5582407,5583492,FEM,NA
5584992,5588011,NA,NA
5585055,5588012,CHI,N
5586200,5586510,FEM,NA
5591492,5610326,NA,NA
5591492,5593510,FEM,NA
5592993,5593108,MAL,NA
5594042,5594646,CHI,N
5594511,5596992,FEM,NA
5596493,5599536,MAL,NA
5599414,5603064,FEM,NA
5599511,5600341,OCH,NA
5601013,5601248,MAL,NA
5602993,5604465,CHI,N
5603015,5603130,OCH,NA
5603536,5604010,OCH,NA
5604053,5607430,FEM,NA
5604333,5604512,OCH,NA
5606493,5610511,MAL,NA
5611013,5612582,NA,NA
5611489,5612510,FEM,NA
5613992,5614993,FEM,NA
5613992,5616225,NA,NA
5615109,5616014,CHI,N
5617350,5618202,NA,NA
5617374,5618111,CHI,N
5618492,5620169,NA,NA
5618511,5620099,CHI,N
5623405,5642011,NA,NA
5623406,5626079,CHI,N
5625831,5625991,FEM,NA
5626182,5627208,MAL,NA
5626415,5628666,FEM,NA
5628511,5629232,CHI,N
5629142,5630517,FEM,NA
5630131,5630943,CHI,N
5630992,5631797,FEM,NA
5631074,5631530,MAL,NA
5631687,5632511,CHI,N
5632313,5638493,FEM,NA
5636881,5639993,MAL,NA
5639819,5642011,FEM,NA
5642978,5651794,NA,NA
5643037,5643776,CHI,N
5643493,5648218,FEM,NA
5646969,5647522,CHI,N
5647512,5647671,MAL,NA
5647992,5649718,MAL,NA
5649659,5650511,CHI,N
5650710,5651701,OCH,NA
5650899,5651491,CHI,N
5652960,5654492,NA,NA
5653216,5653408,CHI,N
5653511,5654010,CHI,N
5655646,5656510,FEM,NA
5655665,5656526,NA,NA
5659838,5660874,NA,NA
5666531,5667427,NA,NA
5667011,5667367,OCH,NA
5668442,5669355,NA,NA
5668491,5669235,CHI,N
5668594,5668776,OCH,NA
5672511,5686168,NA,NA
5672511,5678512,FEM,NA
5677385,5680011,CHI,C
5679312,5684493,FEM,NA
5682010,5682913,CHI,N
5683993,5685011,MAL,NA
5686976,5694025,NA,NA
5686997,5689262,CHI,Y
5688993,5689492,FEM,NA
5689435,5690334,CHI,N
5690662,5693116,CHI,C
5691664,5692012,OCH,NA
5692631,5693311,FEM,NA
5694992,5696327,NA,NA
5695149,5695839,CHI,N
5695486,5696083,FEM,NA
5697108,5698817,NA,NA
5697154,5698791,CHI,N
5700277,5705993,NA,NA
5700326,5702413,FEM,NA
5702493,5702657,CHI,N
5702766,5702893,CHI,N
5703129,5705810,FEM,NA
5716482,5719511,NA,NA
5716511,5718011,FEM,NA
5717491,5719511,MAL,NA
5724511,5724766,NA,NA
5724986,5731302,NA,NA
5725011,5731155,CHI,N
5729511,5730770,OCH,NA
5736511,5737510,FEM,NA
5736511,5737714,NA,NA
5738182,5738324,NA,NA
5738847,5740099,NA,NA
5738995,5739511,FEM,NA
5742782,5742993,NA,NA
5745234,5749492,NA,NA
5745327,5749011,FEM,NA
5746493,5747554,MAL,NA
5761439,5762880,NA,NA
5761478,5762516,FEM,NA
5767509,5769892,FEM,NA
5767511,5769948,NA,NA
5773216,5780614,NA,NA
5773511,5775144,FEM,NA
5775855,5776869,CHI,N
5775992,5780569,FEM,NA
5786993,5792326,NA,NA
5787011,5792323,FEM,NA
5792507,5800492,FEM,NA
5792511,5800511,NA,NA
5797006,5797430,MAL,NA
5797921,5798112,MAL,NA
5803491,5811491,NA,NA
5803810,5804492,FEM,NA
5803866,5805932,MAL,NA
5805270,5810992,FEM,NA
5811708,5812791,NA,NA
5821011,5845102,NA,NA
5821365,5823010,OCH,NA
5822992,5823341,FEM,NA
5823468,5828291,FEM,NA
5829011,5829219,FEM,NA
5829521,5830157,MAL,NA
5830895,5831511,OCH,NA
5832115,5835011,FEM,NA
5834012,5837046,MAL,NA
5836492,5837992,FEM,NA
5837295,5837891,MAL,NA
5838234,5838786,OCH,NA
5838357,5838511,CHI,N
5838723,5845063,FEM,NA
5847992,5849492,NA,NA
5848011,5848190,FEM,NA
5848468,5849396,FEM,NA
5852491,5864606,NA,NA
5852510,5858492,FEM,NA
5858492,5861989,MAL,NA
5861919,5863959,CHI,N
5863482,5864370,FEM,NA
5863921,5864351,OCH,NA
5868992,5871012,FEM,NA
5868992,5875109,NA,NA
5871894,5872905,CHI,N
5871992,5872513,OCH,NA
5872449,5875073,FEM,NA
5876796,5889008,NA,NA
5876930,5880116,FEM,NA
5878833,5879400,MAL,NA
5879532,5879863,MAL,NA
5880926,5882212,CHI,N
5881992,5886717,FEM,NA
5886623,5887492,CHI,N
5887051,5888514,FEM,NA
5889873,5898408,NA,NA
5889983,5891034,CHI,N
5890511,5891010,OCH,NA
5890992,5894458,FEM,NA
5895386,5897706,FEM,NA
5895428,5896511,OCH,NA
5898511,5904228,NA,NA
5898575,5900512,FEM,NA
5899542,5900511,MAL,NA
5900992,5904011,FEM,NA
5905870,5913746,NA,NA
5905992,5913687,FEM,NA
5914490,5917511,NA,NA
5914492,5917511,FEM,NA
5920493,5924197,NA,NA
5920793,5920992,CHI,N
5922011,5924159,FEM,NA
5925536,5928513,NA,NA
5926993,5928512,OCH,NA
5928756,5929492,NA,NA
5928758,5928991,OCH,NA
5931515,5931645,NA,NA
5932082,5969752,NA,NA
5932189,5933909,CHI,N
5934634,5944511,CHI,C
5935511,5936355,OCH,NA
5938512,5939329,OCH,NA
5939492,5939651,OCH,NA
5940324,5940499,OCH,NA
5943993,5946511,OCH,NA
5944752,5945982,CHI,N
5946183,5946340,CHI,N
5946510,5947394,FEM,NA
5946770,5946903,OCH,NA
5947179,5947712,MAL,NA
5947506,5947703,FEM,NA
5947926,5949511,CHI,N
5949352,5953095,FEM,NA
5949430,5949791,OCH,NA
5949960,5950377,OCH,NA
5953264,5954012,CHI,N
5954511,5958196,FEM,NA
5958885,5961013,NA,J
5960957,5967521,FEM,NA
5961617,5961875,MAL,NA
5968315,5968948,CHI,N
5969027,5969464,MAL,NA
5971011,5986494,NA,NA
5971018,5973510,CHI,N
5973301,5974378,OCH,NA
5973578,5973926,MAL,NA
5973991,5975992,FEM,NA
5976418,5977493,CHI,N
5977103,5981992,FEM,NA
5982491,5984011,CHI,N
5984511,5986492,FEM,NA
5987689,5990011,NA,NA
5987739,5989992,FEM,NA
5991492,6002663,NA,NA
5991506,5994157,FEM,NA
5994334,6002110,FEM,NA
6003011,6007574,NA,NA
6003236,6006223,FEM,NA
6006997,6007264,CHI,N
6007930,6011511,NA,NA
6008077,6008644,CHI,N
6008754,6011511,FEM,NA
6014901,6016065,NA,NA
6015141,6015492,FEM,NA
6015230,6015844,MAL,NA
6019763,6027397,NA,NA
6019976,6022028,FEM,NA
6021241,6023781,CHI,N
6024655,6026992,FEM,NA
6027510,6027677,NA,NA
6027944,6035062,NA,NA
6028012,6034993,FEM,NA
6031334,6032524,MAL,NA
6035290,6051794,NA,NA
6035934,6037562,CHI,Y
6036253,6038646,FEM,NA
6038012,6039396,CHI,N
6038785,6038993,FEM,NA
6039210,6039980,FEM,NA
6040551,6041491,CHI,N
6040818,6043511,OCH,NA
6042696,6045509,FEM,NA
6043012,6043230,CHI,N
6044888,6045070,MAL,NA
6045752,6047104,CHI,C
6047259,6051582,FEM,NA
6062025,6081492,NA,NA
6062227,6063472,CHI,N
6062545,6063011,OCH,NA
6063226,6063339,OCH,NA
6064511,6066511,FEM,NA
6064802,6065801,CHI,N
6066011,6071094,CHI,C
6071433,6072540,FEM,NA
6072260,6072376,CHI,N
6072740,6073736,CHI,C
6074011,6076011,FEM,NA
6075493,6077061,OCH,NA
6076482,6077192,CHI,N
6077479,6079011,OCH,NA
6079011,6080882,CHI,N
6080798,6080955,FEM,NA
6081777,6081991,NA,NA
6083188,6101683,NA,NA
6083308,6087012,CHI,Y
6088011,6094688,FEM,NA
6095085,6095993,CHI,C
6095157,6098824,FEM,NA
6098492,6098748,CHI,N
6099182,6100647,CHI,N
6100232,6101493,FEM,NA
6102662,6109645,NA,NA
6103011,6104326,FEM,NA
6104438,6109602,FEM,NA
6106654,6107515,MAL,NA
6111685,6113616,NA,NA
6111735,6112072,CHI,N
6112803,6112992,CHI,N
6112817,6113419,FEM,NA
6113141,6113257,CHI,N
6114012,6114844,NA,NA
6115144,6115510,NA,NA
6117491,6119256,NA,NA
6117513,6118633,FEM,NA
6119511,6120672,NA,NA
6121187,6123285,NA,NA
6121438,6122079,FEM,NA
6122216,6123151,CHI,N
6123738,6123866,NA,NA
6124013,6124323,NA,NA
6124508,6126376,NA,NA
6124992,6125917,FEM,NA
6124994,6125522,MAL,NA
6126872,6135043,NA,NA
6127095,6127438,CHI,N
6127432,6127991,MAL,NA
6127512,6129103,FEM,NA
6129613,6130015,MAL,NA
6130492,6132723,FEM,NA
6132993,6134512,MAL,NA
6133011,6134523,FEM,NA
6139250,6140116,CHI,Y
6139253,6142225,NA,NA
6140011,6140934,FEM,NA
6140873,6142257,CHI,N
6143933,6150143,NA,NA
6143992,6148511,FEM,NA
6148388,6150011,MAL,NA
6148511,6149000,CHI,N
6151758,6180327,NA,NA
6151812,6153039,CHI,C
6152510,6153992,FEM,NA
6153536,6154655,CHI,C
6154512,6155435,FEM,NA
6155551,6158931,CHI,N
6158870,6159795,FEM,NA
6159265,6159629,MAL,NA
6159927,6160847,CHI,N
6161010,6164010,FEM,NA
6164107,6166007,CHI,C
6165636,6166605,FEM,NA
6167011,6167534,FEM,NA
6167537,6168492,CHI,N
6168022,6169492,OCH,NA
6168511,6170750,FEM,NA
6170788,6175444,CHI,N
6175050,6176986,FEM,NA
6176010,6177843,MAL,NA
6177092,6177230,FEM,NA
6177344,6177492,FEM,NA
6178002,6178493,CHI,N
6178012,6178544,OCH,NA
6178805,6179993,OCH,NA
6181351,6207085,NA,NA
6181593,6182511,CHI,N
6182298,6184991,FEM,NA
6184979,6186010,CHI,N
6185492,6185620,OCH,NA
6186264,6189992,FEM,NA
6190290,6192933,MAL,NA
6193307,6197011,FEM,NA
6195118,6196394,MAL,NA
6197470,6197988,MAL,NA
6197504,6202551,FEM,NA
6198501,6198763,MAL,NA
6202492,6204019,CHI,N
6203918,6205497,FEM,NA
6205297,6206993,CHI,Y
6208039,6214992,NA,NA
6208993,6212672,FEM,NA
6213486,6214828,CHI,N
6216509,6219992,NA,NA
6216605,6217515,OCH,NA
6216753,6216927,CHI,N
6217742,6219745,CHI,C
6220527,6222014,NA,NA
6220761,6220903,OCH,NA
6220967,6222012,FEM,NA
6224992,6225907,NA,NA
6225010,6225771,CHI,N
6229298,6233291,NA,NA
6229492,6233010,CHI,N
6229541,6229689,OCH,NA
6229842,6230399,OCH,NA
6234197,6244511,NA,NA
6234342,6236046,CHI,N
6234366,6236001,OCH,NA
6236281,6236511,FEM,NA
6236492,6238510,CHI,N
6236992,6238511,OCH,NA
6238823,6240003,FEM,NA
6239511,6242236,OCH,NA
6241514,6242278,CHI,N
6242339,6244494,FEM,NA
6249725,6250635,NA,NA
6249992,6250611,FEM,NA
6254002,6257343,NA,NA
6254012,6257341,FEM,NA
6260779,6261594,NA,NA
6260934,6261948,OCH,NA
6261091,6261196,CHI,N
6262152,6263688,OCH,NA
6262306,6275080,NA,NA
6262545,6263532,CHI,N
6263703,6264876,FEM,NA
6264970,6265991,CHI,N
6265335,6265473,OCH,NA
6265637,6268511,FEM,NA
6268853,6270011,CHI,N
6268992,6269804,OCH,NA
6270011,6274010,FEM,NA
6274061,6275011,CHI,N
6274380,6274574,OCH,NA
6277195,6278850,NA,NA
6277208,6278749,CHI,N
6279490,6282011,NA,NA
6279550,6281992,CHI,N
6284282,6295020,NA,NA
6284491,6285362,CHI,C
6284584,6284712,OCH,NA
6286425,6287591,FEM,NA
6288013,6289512,CHI,C
6289053,6294492,FEM,NA
6290050,6291500,MAL,NA
6295339,6308493,NA,NA
6295492,6296454,CHI,N
6296138,6296411,MAL,NA
6296768,6297011,FEM,NA
6297492,6299125,CHI,N
6299341,6301992,FEM,NA
6299529,6300992,OCH,NA
6302099,6303837,CHI,N
6302802,6302910,FEM,NA
6303012,6303358,FEM,NA
6303481,6304510,FEM,NA
6304554,6305060,CHI,N
6304777,6304991,FEM,NA
6304838,6305427,OCH,NA
6305735,6305953,CHI,N
6305791,6305968,OCH,NA
6307035,6308012,CHI,N
6307492,6307694,OCH,NA
6309210,6324203,NA,NA
6309382,6310492,CHI,N
6310359,6311420,FEM,NA
6311491,6312833,CHI,N
6312678,6314406,FEM,NA
6314492,6315832,OCH,NA
6314522,6315511,CHI,C
6316927,6318358,OCH,NA
6317492,6320175,CHI,N
6318758,6318917,OCH,NA
6319234,6319413,MAL,NA
6319704,6319812,MAL,NA
6320445,6321636,CHI,N
6320501,6321176,OCH,NA
6322249,6323980,CHI,N
6324510,6339643,NA,NA
6324632,6326011,CHI,N
6326608,6327511,CHI,N
6328010,6329492,FEM,NA
6329651,6331492,CHI,N
6332369,6335493,OCH,NA
6332526,6334511,CHI,N
6334991,6336950,FEM,NA
6336650,6338010,CHI,N
6337703,6338871,FEM,NA
6339192,6339511,CHI,N
6339254,6339386,OCH,NA
6344126,6350230,NA,NA
6344492,6350010,FEM,NA
6350859,6350992,NA,NA
6354492,6355493,NA,NA
6354653,6355493,FEM,NA
6365474,6367268,NA,NA
6365753,6366939,FEM,NA
6367493,6368384,NA,NA
6367844,6368004,FEM,NA
6369511,6372010,NA,NA
6369616,6371995,FEM,NA
6374924,6375602,NA,NA
6375011,6375426,CHI,N
6375748,6376492,NA,NA
6387566,6393992,NA,NA
6387625,6388359,OCH,NA
6389012,6390993,FEM,NA
6391955,6393757,FEM,NA
6392613,6392841,MAL,NA
6393084,6393492,MAL,NA
6397512,6398837,FEM,NA
6397512,6402512,NA,NA
6400991,6402491,FEM,NA
6404049,6405991,NA,NA
6404493,6405512,FEM,NA
6407785,6421511,NA,NA
6407917,6410391,FEM,NA
6410011,6411351,CHI,N
6411369,6411992,FEM,NA
6412510,6421457,FEM,NA
6417012,6418926,MAL,NA
6419555,6419730,MAL,NA
6426201,6437992,NA,NA
6426373,6434011,FEM,NA
6434247,6435511,CHI,N
6434492,6435990,OCH,NA
6435992,6436552,FEM,NA
6436910,6437011,FEM,NA
6437178,6437389,FEM,NA
6438275,6444519,NA,NA
6438430,6439130,CHI,N
6439438,6440634,FEM,NA
6439679,6439817,OCH,NA
6439989,6442105,OCH,NA
6441695,6441820,FEM,NA
6441925,6442590,FEM,NA
6442492,6444492,CHI,C
6446481,6454498,NA,NA
6446512,6449706,FEM,NA
6450011,6453010,FEM,NA
6453010,6453521,OCH,NA
6468128,6470011,CHI,C
6468135,6470130,NA,NA
6472492,6476738,CHI,N
6472492,6476928,NA,NA
6479511,6482035,NA,NA
6479992,6481511,OCH,NA
6479992,6482012,CHI,Y
6483105,6485493,NA,NA
6483993,6484511,CHI,N
6483993,6484992,OCH,NA
6487493,6489159,NA,NA
6488068,6489182,CHI,N
6490810,6492342,CHI,N
6490820,6492511,NA,NA
6494291,6501154,NA,NA
6494418,6498993,FEM,NA
6498871,6499759,CHI,N
6500098,6500955,OCH,NA
6505993,6506727,NA,NA
6511048,6514926,NA,NA
6511259,6511375,OCH,NA
6511492,6511757,OCH,NA
6512012,6512550,OCH,NA
6513262,6513454,FEM,NA
6513797,6514511,FEM,NA
6517160,6526510,NA,NA
6519152,6520379,OCH,NA
6519467,6523304,CHI,N
6524093,6525510,CHI,Y
6524142,6526337,OCH,NA
6528683,6530492,NA,NA
6528992,6530116,CHI,N
6530871,6530992,NA,NA
6531288,6531492,NA,NA
6531992,6534493,NA,NA
6532512,6532993,FEM,NA
6533808,6533967,CHI,N
6535510,6538613,NA,NA
6535991,6538431,FEM,NA
6537534,6537821,OCH,NA
6538139,6538262,OCH,NA
6539511,6541907,NA,NA
6539515,6541511,CHI,N
6546435,6547510,NA,NA
6549027,6551992,NA,NA
6549343,6549559,OCH,NA
6550443,6550691,OCH,NA
6550860,6550990,OCH,NA
6551084,6551511,FEM,NA
6563492,6564992,NA,NA
6563992,6564323,OCH,NA
6565487,6572306,NA,NA
6566493,6569696,FEM,NA
6569797,6571883,CHI,N
6570528,6570832,OCH,NA
6570992,6571875,OCH,NA
6574819,6576512,CHI,C
6574839,6576601,NA,NA
6598992,6599745,OCH,NA
6599011,6599190,NA,NA
6602511,6611993,NA,NA
6602664,6604114,CHI,N
6602997,6603493,OCH,NA
6604683,6607012,FEM,NA
6607492,6609159,CHI,N
6607644,6608160,OCH,NA
6608427,6608797,OCH,NA
6609511,6611615,FEM,NA
6612788,6616394,NA,NA
6612899,6614511,CHI,N
6613220,6613492,OCH,NA
6613800,6614440,OCH,NA
6614774,6615992,OCH,NA
6615010,6616151,FEM,NA
6617199,6618893,NA,NA
6617212,6618710,FEM,NA
6619011,6621591,NA,NA
6619431,6621510,CHI,N
6622455,6633091,NA,NA
6622612,6625010,CHI,N
6622651,6623010,FEM,NA
6625010,6626991,FEM,NA
6626057,6626182,MAL,NA
6626757,6628293,CHI,N
6627297,6627410,FEM,NA
6628355,6630010,FEM,NA
6630037,6632793,CHI,N
6633380,6635992,NA,NA
6633455,6635931,CHI,N
6638228,6698210,NA,NA
6638369,6641665,FEM,NA
6638559,6639511,CHI,N
6641536,6642395,CHI,N
6642761,6642974,MAL,NA
6642783,6642992,FEM,NA
6643524,6644881,CHI,C
6645491,6649011,FEM,NA
6648828,6649859,CHI,N
6649778,6654976,FEM,NA
6654992,6656745,CHI,N
6656511,6657581,FEM,NA
6657837,6659648,CHI,C
6659832,6662512,FEM,NA
6662755,6663720,OCH,NA
6662993,6663857,CHI,N
6663860,6667215,FEM,NA
6667279,6670435,CHI,N
6670758,6671762,MAL,NA
6671012,6674670,FEM,NA
6672048,6672245,MAL,NA
6672608,6672792,MAL,NA
6674493,6678492,CHI,C
6675218,6675518,FEM,NA
6678109,6681504,FEM,NA
6678425,6678918,OCH,NA
6681516,6684358,CHI,N
6683145,6683442,OCH,NA
6683992,6684787,MAL,NA
6684512,6687593,FEM,NA
6684915,6685077,MAL,NA
6687510,6690164,CHI,C
6690212,6694491,FEM,NA
6690990,6691716,CHI,N
6693806,6696169,MAL,NA
6696467,6698009,FEM,NA
6696584,6696937,MAL,NA
6699011,6709015,NA,NA
6699184,6705797,FEM,NA
6700669,6701643,MAL,NA
6706110,6708992,FEM,NA
6706695,6707011,CHI,N
6710511,6714011,FEM,NA
6710511,6714188,NA,NA
6715617,6722394,NA,NA
6715751,6722243,OCH,NA
6717954,6718077,CHI,N
6718226,6718356,CHI,N
6721127,6721996,CHI,N
6723822,6723947,OCH,NA
6724735,6724944,OCH,NA
6726770,6726954,OCH,NA
6729286,6734991,NA,NA
6729620,6732011,FEM,NA
6731011,6735829,OCH,NA
6735147,6735419,NA,NA
6735992,6741492,OCH,NA
6736063,6745150,NA,NA
6736993,6737425,FEM,NA
6738992,6739616,CHI,N
6740398,6744143,FEM,NA
6745916,6769492,NA,NA
6745967,6749492,OCH,NA
6746974,6750840,CHI,N
6751426,6752493,CHI,N
6751431,6752501,OCH,NA
6752631,6755210,FEM,NA
6755498,6755992,OCH,NA
6755621,6755786,CHI,N
6756011,6759209,FEM,NA
6758564,6759841,OCH,NA
6760083,6761011,MAL,NA
6762054,6764497,OCH,NA
6762133,6763248,CHI,Y
6763724,6764011,CHI,N
6764477,6764858,FEM,NA
6764963,6769303,FEM,NA
6764992,6766011,OCH,NA
6774543,6775491,NA,NA
6774553,6775351,FEM,NA
6776011,6776807,NA,NA
6778112,6779047,FEM,NA
6778121,6779063,NA,NA
6782373,6785785,NA,NA
6782407,6782954,OCH,NA
6782511,6782935,CHI,N
6783001,6785492,FEM,NA
6786553,6788762,NA,NA
6786558,6788725,FEM,NA
6792458,6793285,NA,NA
6792512,6792642,FEM,NA
6793889,6795511,NA,NA
6793897,6795510,FEM,NA
6798011,6799425,FEM,NA
6798011,6800055,NA,NA
6799331,6800092,OCH,NA
6800519,6801508,NA,NA
6800524,6801511,FEM,NA
6802669,6804508,FEM,NA
6802669,6804512,NA,NA
6805392,6806810,NA,NA
6805451,6806811,FEM,NA
6807561,6808239,FEM,NA
6807566,6808243,NA,NA
6809938,6810510,NA,NA
6822276,6823911,OCH,NA
6822993,6823744,NA,NA
6844971,6846469,OCH,NA
6848591,6848883,OCH,NA
6854628,6856079,NA,NA
6855011,6856010,FEM,NA
6857026,6858010,OCH,NA
6858989,6859325,NA,NA
6860449,6861011,OCH,NA
6860602,6860745,NA,NA
6862237,6863452,FEM,NA
6862237,6863776,NA,NA
6863908,6864774,NA,NA
6863937,6864762,FEM,NA
6866002,6867747,FEM,NA
6866011,6867744,NA,NA
6868100,6868373,NA,NA
6868964,6870042,NA,NA
6868979,6870039,FEM,NA
6872092,6872510,NA,NA
6872899,6873010,NA,NA
6881492,6881723,NA,NA
6952510,6953804,NA,NA
6952674,6953511,CHI,N
7282992,7283512,FEM,NA
7282992,7283512,NA,NA
7309108,7310041,MAL,NA
7309268,7309469,NA,NA
7493872,7493978,OCH,NA
7495492,7496926,OCH,NA
7496012,7496869,NA,NA
7497632,7498771,NA,NA
7497694,7498769,FEM,NA
7499820,7502503,FEM,NA
7499829,7502492,NA,NA
7502871,7510539,FEM,NA
7502880,7510533,NA,NA
7511272,7512541,FEM,NA
7511282,7512549,NA,NA
7513992,7514171,NA,NA
7514021,7514183,OCH,NA
7639981,7642711,NA,NA
7639993,7641493,OCH,NA
7641511,7642596,FEM,NA
7643260,7643822,NA,NA
7652600,7654232,NA,NA
7652759,7652990,OCH,NA
7653174,7654011,OCH,NA
7653493,7654011,CHI,N
7657492,7658888,OCH,NA
7657500,7660278,NA,NA
7658773,7660209,FEM,NA
7660690,7662531,NA,NA
7661215,7661411,OCH,NA
7661699,7662516,FEM,NA
7665948,7667992,NA,NA
7666000,7667985,FEM,NA
7669900,7672656,NA,NA
7669915,7670543,FEM,NA
7670145,7671568,OCH,NA
7671566,7672511,FEM,NA
7671991,7672519,OCH,NA
7673981,7674192,NA,NA
7674882,7675886,FEM,NA
7674897,7675861,NA,NA
7676836,7678183,OCH,NA
7677074,7677631,NA,NA
7679131,7679232,OCH,NA
7679492,7679769,OCH,NA
7679492,7680629,NA,NA
7688010,7689968,NA,NA
7688343,7689011,OCH,NA
7690667,7692511,NA,NA
7691007,7691282,FEM,NA
7691492,7692391,FEM,NA
7693702,7695720,FEM,NA
7693702,7695724,NA,NA
7700010,7700493,NA,NA
7700127,7700512,OCH,NA
7713011,7714439,OCH,NA
7713011,7717817,NA,NA
7713179,7713491,CHI,N
7714379,7715322,FEM,NA
7715264,7716150,OCH,NA
7716389,7717766,FEM,NA
7717025,7717126,MAL,NA
7720942,7721492,OCH,NA
7721769,7722287,OCH,NA
7722034,7722182,NA,NA
7725832,7727165,FEM,NA
7725832,7727228,NA,NA
7728875,7729515,NA,NA
7728887,7729511,FEM,NA
7750627,7752736,NA,NA
7750640,7752808,OCH,NA
7754493,7755502,OCH,NA
7754636,7755255,NA,NA
7758565,7759696,OCH,NA
7760273,7764512,NA,NA
7760492,7762748,OCH,NA
7762281,7762492,FEM,NA
7763011,7764498,FEM,NA
7765127,7767729,NA,NA
7765219,7766493,OCH,NA
7765384,7765511,CHI,N
7765701,7765834,CHI,N
7766012,7767706,FEM,NA
7768054,7771092,NA,NA
7768992,7770966,OCH,NA
7770011,7770564,CHI,N
7778064,7778825,NA,NA
7778082,7778921,OCH,NA
7779665,7779992,NA,NA
7779674,7779993,OCH,NA
7784853,7785444,OCH,NA
7784910,7800300,NA,NA
7785573,7786886,OCH,NA
7785865,7786010,CHI,N
7786493,7786873,CHI,N
7787062,7791384,OCH,NA
7787262,7787510,CHI,N
7788680,7789011,CHI,N
7792492,7793582,OCH,NA
7793747,7797304,FEM,NA
7796574,7796711,CHI,N
7797198,7798511,CHI,N
7798717,7800188,FEM,NA
7800492,7802333,NA,NA
7800570,7800857,FEM,NA
7801529,7802245,OCH,NA
7802970,7806299,NA,NA
7803010,7806010,OCH,NA
7803098,7804011,NA,J
7805732,7806010,FEM,NA
7806512,7807401,NA,NA
7806567,7807294,FEM,NA
7808992,7810180,NA,NA
7809500,7810094,FEM,NA
7811112,7811622,NA,NA
7811384,7811497,FEM,NA
7812204,7815012,NA,NA
7812210,7813992,FEM,NA
7813493,7815034,MAL,NA
7817889,7818829,NA,NA
7817992,7818277,FEM,NA
7820992,7821510,NA,NA
7823564,7823682,NA,NA
7828088,7828571,NA,NA
7828253,7828511,CHI,N
7828284,7828497,OCH,NA
7829929,7835493,NA,NA
7829956,7830780,FEM,NA
7830948,7831500,OCH,NA
7831262,7835223,FEM,NA
7836775,7839234,NA,NA
7837115,7838492,OCH,NA
7838758,7838859,FEM,NA
7840041,7840144,NA,NA
7840295,7840492,NA,NA
7843011,7843730,NA,NA
7844263,7850505,NA,NA
7844916,7845355,OCH,NA
7845571,7845993,OCH,NA
7846148,7847945,FEM,NA
7847564,7847691,OCH,NA
7848012,7849337,OCH,NA
7851011,7854151,NA,NA
7851035,7852993,FEM,NA
7852992,7854261,OCH,NA
7855466,7856511,NA,NA
7855792,7856386,FEM,NA
7860512,7861379,NA,NA
7860593,7860893,FEM,NA
7867653,7867985,OCH,NA
7879992,7881421,NA,NA
7887718,7888599,NA,NA
7890492,7890632,NA,NA
7890794,7891511,NA,NA
7894182,7895510,NA,NA
7894709,7895463,OCH,NA
7897993,7900492,OCH,NA
7898388,7900511,NA,NA
7902993,7906822,OCH,NA
7904198,7905511,NA,NA
7905836,7905978,NA,NA
7906314,7906493,NA,NA
7911278,7911826,OCH,NA
7913491,7914892,NA,NA
7913492,7914992,OCH,NA
7916992,7918239,OCH,NA
7917170,7918493,NA,NA
7919993,7920354,OCH,NA
7920492,7922510,OCH,NA
7920511,7922511,NA,NA
7923585,7923713,NA,NA
7923948,7925203,NA,NA
7924510,7925290,OCH,NA
7925747,7926287,OCH,NA
7949750,7954510,OCH,NA
7950012,7953880,NA,NA
7951232,7952641,CHI,N
7960456,7962103,FEM,NA
7960457,7962386,NA,NA
7961617,7962022,MAL,NA
7962175,7962349,MAL,NA
7964511,7964833,NA,NA
7966252,7967389,NA,NA
7966510,7967381,FEM,NA
7967548,7970511,FEM,NA
7967548,7971542,NA,NA
7971011,7971629,OCH,NA
7971758,7973800,OCH,NA
7972391,7973562,NA,NA
7974018,7975277,NA,NA
7974492,7975137,FEM,NA
7975738,7976420,NA,NA
7975805,7975918,OCH,NA
7976078,7976296,FEM,NA
7976693,7977992,NA,NA
7976711,7977975,FEM,NA
7980277,7981487,FEM,NA
7980279,7984137,NA,NA
7982012,7984029,FEM,NA
7986511,7987513,NA,NA
7986797,7987398,FEM,NA
7987840,7988635,FEM,NA
7987849,7988666,NA,NA
7988963,7989415,NA,NA
7989003,7989437,OCH,NA
7990478,7991538,NA,NA
7990542,7991555,OCH,NA
7990728,7991020,FEM,NA
7991166,7991385,FEM,NA
7992520,7993646,OCH,NA
7992856,7993492,NA,NA
7995027,7999622,NA,NA
7995083,7999492,FEM,NA
7995240,7995385,CHI,N
8002047,8002511,NA,NA
8011528,8011992,NA,NA
8011632,8012314,OCH,NA
8012663,8012771,OCH,NA
8013011,8013114,OCH,NA
8013710,8014012,OCH,NA
8014137,8014571,OCH,NA
8017989,8018492,NA,NA
8023998,8024319,NA,NA
8024500,8024998,NA,NA
8025227,8025510,OCH,NA
8026563,8030491,NA,NA
8027627,8027735,OCH,NA
8028173,8028510,OCH,NA
8028492,8030492,FEM,NA
8030787,8030917,NA,NA
8032002,8032795,NA,NA
8033285,8033992,NA,NA
8037492,8038182,NA,NA
8037790,8038011,OCH,NA
8042066,8043023,NA,NA
8043197,8043401,NA,NA
8047387,8049731,NA,NA
8047510,8049704,FEM,NA
8050242,8051288,NA,NA
8050244,8051324,OCH,NA
8058992,8059491,NA,NA
8059012,8059321,CHI,N
8059218,8059468,OCH,NA
8063140,8063493,NA,NA
8069581,8069922,OCH,NA
8069581,8069940,NA,NA
8071152,8071451,FEM,NA
8078992,8080082,NA,NA
8079492,8080143,OCH,NA
8080282,8080711,NA,NA
8080283,8080511,OCH,NA
8085493,8088632,NA,NA
8085731,8088772,OCH,NA
8085992,8086200,FEM,NA
8086664,8087265,CHI,N
8092011,8094750,NA,NA
8092059,8092834,FEM,NA
8093010,8094492,OCH,NA
8098993,8100493,NA,NA
8098993,8100512,OCH,NA
8101510,8101880,NA,NA
8101991,8102146,NA,NA
8102444,8105097,NA,NA
8102492,8104510,FEM,NA
8110243,8111441,NA,NA
8110493,8111379,FEM,NA
8113618,8114512,NA,NA
8121511,8121658,NA,NA
8121992,8122146,OCH,NA
8121992,8125011,NA,NA
8122758,8123733,OCH,NA
8123492,8124511,FEM,NA
8125993,8126312,OCH,NA
8126492,8127511,OCH,NA
8126511,8127631,NA,NA
8130562,8131510,NA,NA
8132896,8134011,NA,NA
8132992,8134178,OCH,NA
8134292,8134481,NA,NA
8134320,8134470,OCH,NA
8138492,8139636,OCH,NA
8139499,8139619,NA,NA
8140601,8140734,NA,NA
8144012,8146810,OCH,NA
8144493,8145146,NA,NA
8145385,8146112,NA,NA
8153413,8154817,FEM,NA
8153430,8154815,NA,NA
8155510,8156754,NA,NA
8156492,8156679,FEM,NA
8156916,8157630,NA,NA
8156930,8157559,FEM,NA
8158285,8159964,FEM,NA
8158293,8159992,NA,NA
8164819,8166992,NA,NA
8164824,8166299,FEM,NA
8178830,8182451,OCH,NA
8179010,8179911,NA,NA
8180992,8182499,NA,NA
8183958,8188492,FEM,NA
8183962,8188493,NA,NA
8191511,8191681,OCH,NA
8193849,8194993,FEM,NA
8193852,8194993,NA,NA
8200496,8200621,OCH,NA
8200511,8200614,NA,NA
8201461,8202831,NA,NA
8201491,8202822,CHI,N
8206129,8206512,OCH,NA
8207212,8208648,OCH,NA
8207492,8208493,NA,NA
8208903,8209011,OCH,NA
8209591,8209778,NA,NA
8209974,8210391,NA,NA
8213361,8214480,NA,NA
8213668,8213769,FEM,NA
8217082,8218272,NA,NA
8217396,8218194,FEM,NA
8218788,8220459,OCH,NA
8218992,8220573,NA,NA
8219510,8220522,FEM,NA
8221454,8222510,NA,NA
8221466,8222511,OCH,NA
8221517,8221993,CHI,N
8225199,8226011,NA,NA
8225243,8226011,OCH,NA
8226152,8226491,OCH,NA
8226331,8226491,NA,NA
8228307,8230816,NA,NA
8228491,8228687,OCH,NA
8228864,8231011,OCH,NA
8231622,8235728,NA,NA
8233675,8235752,FEM,NA
8241865,8242511,NA,NA
8242116,8242349,OCH,NA
8249426,8249725,MAL,NA
8249992,8250512,NA,NA
8251656,8253021,NA,NA
8251991,8252273,FEM,NA
8254013,8254227,NA,NA
8255022,8255511,NA,NA
8255125,8255368,FEM,NA
8256161,8256492,NA,NA
8287491,8288860,NA,NA
8290011,8291400,NA,NA
8290021,8291378,FEM,NA
8292748,8293782,NA,NA
8292783,8293757,FEM,NA
8308816,8309643,OCH,NA
8308832,8311022,NA,NA
8309010,8309415,CHI,N
8309726,8310747,FEM,NA
8321103,8321290,NA,NA
8334247,8335479,NA,NA
8334336,8335478,FEM,NA
8338064,8339002,NA,NA
8340867,8341756,FEM,NA
8340869,8341736,NA,NA
8346584,8349676,NA,NA
8346603,8347511,FEM,NA
8347673,8348993,FEM,NA
8348511,8349888,MAL,NA
8351627,8353063,OCH,NA
8351988,8352334,NA,NA
8352599,8352952,NA,NA
8358191,8358768,OCH,NA
8364716,8367084,NA,NA
8365206,8365349,FEM,NA
8365476,8365903,OCH,NA
8365488,8365832,FEM,NA
8365992,8367016,FEM,NA
8367511,8368512,NA,NA
8367536,8368498,FEM,NA
8371475,8373129,NA,NA
8371485,8373137,FEM,NA
8374416,8375476,NA,NA
8374511,8374661,FEM,NA
8375073,8375292,FEM,NA
8378492,8379049,OCH,NA
8379696,8380383,NA,NA
8381114,8381440,MAL,NA
8381288,8381435,NA,NA
8383011,8383850,NA,NA
8383070,8383517,MAL,NA
8384565,8385382,NA,NA
8384696,8385491,OCH,NA
8387564,8388254,NA,NA
8387629,8388238,MAL,NA
8391344,8392294,NA,NA
8391511,8391624,FEM,NA
8391698,8392015,MAL,NA
8393099,8393831,NA,NA
8398360,8400344,NA,NA
8398492,8399511,FEM,NA
8399599,8399734,OCH,NA
8402992,8404121,NA,NA
8402996,8404110,FEM,NA
8406626,8406825,NA,NA
8406992,8408536,NA,NA
8407380,8408511,FEM,NA
8409749,8412535,NA,NA
8410291,8412449,FEM,NA
8412031,8412512,OCH,NA
8413490,8415574,NA,NA
8414012,8415536,FEM,NA
8415991,8417027,NA,NA
8416042,8416493,FEM,NA
8418068,8418183,OCH,NA
8418698,8418826,OCH,NA
8419012,8419513,NA,NA
8419073,8419346,OCH,NA
8420239,8421493,NA,NA
8420262,8421492,FEM,NA
8433018,8433653,OCH,NA
8433377,8433509,NA,NA
8433732,8437127,NA,NA
8433853,8434493,OCH,NA
8434581,8434762,FEM,NA
8434915,8437011,FEM,NA
8440981,8441992,OCH,NA
8443634,8444565,OCH,NA
8443727,8444491,NA,NA
8469692,8470038,OCH,NA
8469698,8470273,NA,NA
8471010,8472957,NA,NA
8471920,8472777,CHI,N
8472182,8472423,OCH,NA
8493171,8493512,NA,NA
8494632,8494850,OCH,NA
8495044,8495145,OCH,NA
8499992,8500637,OCH,NA
8503993,8505120,NA,NA
8504011,8505064,FEM,NA
8508265,8509011,NA,NA
8508512,8509011,FEM,NA
8511107,8511914,OCH,NA
8511377,8511796,NA,NA
8512931,8514291,NA,NA
8512992,8514421,OCH,NA
8515511,8517242,NA,NA
8517012,8517177,OCH,NA
8518323,8519098,NA,NA
8518328,8519104,FEM,NA
8522488,8523511,FEM,NA
8522493,8523526,NA,NA
8530716,8530993,NA,NA
8530723,8530833,OCH,NA
8534992,8536290,NA,NA
8534992,8536305,FEM,NA
8538991,8539369,OCH,NA
8539487,8540462,OCH,NA
8556992,8557159,NA,NA
8559727,8560481,NA,NA
8569992,8570841,NA,NA
8570996,8571658,NA,NA
8571017,8571538,FEM,NA
8573511,8574194,FEM,NA
8573523,8574191,NA,NA
8581661,8583014,NA,NA
8581802,8583012,FEM,NA
8584363,8596187,NA,NA
8585011,8593492,FEM,NA
8586641,8587022,CHI,N
8592510,8593290,MAL,NA
8593563,8593857,MAL,NA
8594554,8596010,FEM,NA
8597991,8601228,NA,NA
8598012,8600493,FEM,NA
8599978,8601033,MAL,NA
8600801,8600992,FEM,NA
8604993,8606498,NA,NA
8605977,8606404,FEM,NA
8606807,8607786,NA,NA
8606842,8607534,FEM,NA
8609990,8610584,NA,NA
8609993,8610557,FEM,NA
8628616,8629205,NA,NA
8631966,8633060,OCH,NA
8632001,8632109,NA,NA
8632281,8633010,NA,NA
8634479,8635124,OCH,NA
8634781,8635147,NA,NA
8635375,8637103,NA,NA
8635493,8637012,FEM,NA
8636711,8636853,OCH,NA
8638002,8639075,NA,NA
8639706,8641429,NA,NA
8639858,8640447,FEM,NA
8644182,8644570,OCH,NA
8644965,8648094,OCH,NA
8645010,8648010,NA,NA
8645643,8645763,CHI,N
8645943,8646360,CHI,N
8648594,8649564,OCH,NA
8648993,8649511,NA,NA
8651161,8652050,NA,NA
8651259,8652020,CHI,N
8655312,8658675,NA,NA
8655385,8657511,OCH,NA
8655414,8656511,CHI,N
8657493,8658637,FEM,NA
8658787,8663934,NA,NA
8658806,8661386,FEM,NA
8662012,8663890,FEM,NA
8665993,8666346,FEM,NA
8665993,8666352,NA,NA
8666900,8667467,NA,NA
8666902,8667462,FEM,NA
8682591,8684170,OCH,NA
8682598,8684066,NA,NA
8682670,8683178,CHI,N
8690011,8691575,NA,NA
8690510,8691413,FEM,NA
8692502,8693788,NA,NA
8692512,8693756,FEM,NA
8694334,8695838,NA,NA
8694493,8694598,FEM,NA
8694702,8695660,FEM,NA
8710200,8711557,OCH,NA
8710301,8711278,NA,NA
8721800,8723071,NA,NA
8722011,8723091,OCH,NA
8744492,8746345,FEM,NA
8744492,8746465,NA,NA
8761066,8763283,FEM,NA
8761066,8763349,NA,NA
8765547,8767110,OCH,NA
8766011,8767452,NA,NA
8768741,8768927,OCH,NA
8769534,8770695,NA,NA
8769992,8770544,FEM,NA
8774193,8775675,FEM,NA
8774202,8775658,NA,NA
8776966,8778576,FEM,NA
8776974,8778768,NA,NA
8782958,8784993,OCH,NA
8783011,8784990,NA,NA
8787275,8794511,NA,NA
8787768,8790645,FEM,NA
8787842,8787992,OCH,NA
8790485,8792255,OCH,NA
8790992,8791922,FEM,NA
8792589,8794493,OCH,NA
8796689,8797852,OCH,NA
8796905,8800675,NA,NA
8797555,8799602,FEM,NA
8799511,8800010,CHI,N
8799786,8800444,FEM,NA
8801011,8803492,NA,NA
8801050,8802511,OCH,NA
8801161,8802526,CHI,N
8802677,8803192,MAL,NA
8804184,8805475,NA,NA
8804492,8804946,CHI,N
8805989,8818568,NA,NA
8806227,8809396,FEM,NA
8809493,8811467,OCH,NA
8809525,8810011,FEM,NA
8812150,8814514,FEM,NA
8812511,8814273,MAL,NA
8815195,8817409,FEM,NA
8817512,8818425,CHI,N
8817601,8818401,OCH,NA
8819493,8833012,NA,NA
8819511,8833011,FEM,NA
8834972,8856992,NA,NA
8834992,8837338,FEM,NA
8837011,8839036,OCH,NA
8837264,8838368,CHI,N
8838391,8839449,FEM,NA
8839513,8840887,CHI,N
8839621,8839992,OCH,NA
8840149,8844903,FEM,NA
8841992,8843118,MAL,NA
8843992,8845831,MAL,NA
8845492,8845598,FEM,NA
8846000,8849998,FEM,NA
8850222,8853992,FEM,NA
8853686,8853861,CHI,N
8854491,8855986,MAL,NA
8855058,8855495,FEM,NA
8856123,8856511,CHI,N
8856194,8856408,OCH,NA
8857153,8862511,NA,NA
8858376,8862495,FEM,NA
8860772,8861239,OCH,NA
8868992,8871137,FEM,NA
8868992,8874220,NA,NA
8872268,8874101,FEM,NA
8872509,8873157,OCH,NA
8874510,8876992,NA,NA
8874692,8875769,FEM,NA
8876235,8876491,FEM,NA
8877477,8881871,NA,NA
8877511,8881492,FEM,NA
8882011,8900962,NA,NA
8882011,8885477,FEM,NA
8885361,8885997,CHI,N
8886436,8886873,OCH,NA
8886566,8886768,CHI,N
8886689,8887180,FEM,NA
8886981,8888029,OCH,NA
8887551,8887667,FEM,NA
8888162,8888305,FEM,NA
8888434,8888893,OCH,NA
8888992,8889512,FEM,NA
8888992,8890013,MAL,NA
8890511,8892894,OCH,NA
8890653,8891492,CHI,N
8892492,8895307,CHI,N
8894003,8895476,OCH,NA
8895511,8900788,FEM,NA
8901584,8904331,NA,NA
8901839,8902011,FEM,NA
8902340,8902492,FEM,NA
8902349,8903321,MAL,NA
8904011,8904127,FEM,NA
8905511,8916206,NA,NA
8905661,8905992,FEM,NA
8906011,8906510,OCH,NA
8906029,8906437,CHI,N
8907342,8908491,CHI,N
8908525,8909154,MAL,NA
8909484,8911492,CHI,N
8911900,8912511,OCH,NA
8912175,8912487,CHI,N
8912511,8915955,FEM,NA
8915501,8915800,MAL,NA
8917493,8937839,NA,NA
8917628,8918492,OCH,NA
8917709,8919334,CHI,N
8919492,8920248,CHI,N
8919723,8920039,MAL,NA
8921467,8923273,FEM,NA
8923973,8924511,OCH,NA
8924369,8925638,FEM,NA
8925776,8926346,OCH,NA
8926468,8926632,FEM,NA
8927071,8927511,FEM,NA
8928510,8929588,MAL,NA
8929320,8930656,FEM,NA
8930569,8931809,CHI,N
8930993,8931201,OCH,NA
8931882,8935449,FEM,NA
8932079,8932357,MAL,NA
8932717,8932859,CHI,N
8933050,8933658,MAL,NA
8936232,8936990,MAL,NA
8936511,8937561,FEM,NA
8938662,8942493,NA,NA
8939492,8942060,FEM,NA
8939783,8942005,MAL,NA
8943359,8950163,NA,NA
8944012,8950020,FEM,NA
8951511,8952831,NA,NA
8951582,8952654,FEM,NA
8951669,8951887,OCH,NA
8956553,8957231,NA,NA
8956617,8956843,OCH,NA
8959769,8963942,NA,NA
8959835,8960923,FEM,NA
8961022,8961732,CHI,N
8961330,8961438,OCH,NA
8961590,8963510,FEM,NA
8964511,8966737,NA,NA
8964704,8966594,CHI,N
8967088,8974086,NA,NA
8967167,8974010,CHI,C
8970612,8970926,MAL,NA
8971751,8971864,OCH,NA
8971992,8972512,OCH,NA
8974598,8979011,NA,NA
8974640,8976488,CHI,N
8974716,8976707,OCH,NA
8977500,8978511,FEM,NA
8977544,8978637,OCH,NA
8994512,8999629,NA,NA
8994669,8997156,CHI,C
8995728,8995858,OCH,NA
8996252,8996512,FEM,NA
8997512,8999520,CHI,N
9003302,9003493,NA,NA
9006731,9007468,NA,NA
9008012,9008243,NA,NA
9017222,9024492,NA,NA
9017468,9021472,CHI,N
9017605,9021512,OCH,NA
9021753,9024294,OCH,NA
9023511,9023656,CHI,N
9023840,9024183,CHI,N
9026735,9030012,NA,NA
9026993,9027098,CHI,N
9027092,9029088,OCH,NA
9027347,9028511,CHI,N
9028704,9028819,CHI,N
9029259,9029492,OCH,NA
9030513,9030741,NA,NA
9031510,9054011,NA,NA
9031753,9032325,FEM,NA
9031927,9034511,CHI,N
9034797,9035511,FEM,NA
9035295,9036620,OCH,NA
9036289,9037992,CHI,N
9038512,9040012,FEM,NA
9039524,9041993,CHI,N
9041112,9041350,OCH,NA
9041510,9043035,FEM,NA
9043034,9043140,OCH,NA
9043512,9044737,CHI,N
9043574,9043807,OCH,NA
9045516,9045779,FEM,NA
9046492,9047884,CHI,N
9046527,9050511,OCH,NA
9050061,9050253,FEM,NA
9052111,9052320,CHI,N
9052292,9054012,FEM,NA
9056073,9057045,NA,NA
9056183,9056946,FEM,NA
9057322,9058515,NA,NA
9057415,9058279,FEM,NA
9059948,9063115,NA,NA
9060002,9060993,CHI,N
9060010,9061112,OCH,NA
9061527,9062560,FEM,NA
9063368,9068157,NA,NA
9063483,9067930,FEM,NA
9065015,9065491,CHI,N
9068510,9084280,NA,NA
9068981,9074589,FEM,NA
9075097,9078992,FEM,NA
9079481,9081123,OCH,NA
9079540,9079984,CHI,N
9080495,9082318,FEM,NA
9082493,9083961,OCH,NA
9084778,9087316,NA,NA
9085011,9087304,FEM,NA
9085022,9085138,MAL,NA
9085272,9085473,MAL,NA
9088894,9089940,FEM,NA
9088939,9089892,NA,NA
9099511,9101865,NA,NA
9099655,9101813,FEM,NA
9105510,9106700,FEM,NA
9105510,9106867,NA,NA
9108015,9113383,FEM,NA
9108018,9114128,NA,NA
9110092,9110561,MAL,NA
9110784,9110966,MAL,NA
9115991,9127971,NA,NA
9116012,9119254,FEM,NA
9118992,9120492,CHI,N
9119512,9120484,OCH,NA
9120725,9126039,FEM,NA
9122709,9122841,CHI,N
9123044,9123252,CHI,N
9126105,9127563,CHI,C
9126187,9127454,OCH,NA
9128292,9138036,NA,NA
9128622,9129511,OCH,NA
9129011,9138012,FEM,NA
9141625,9147992,NA,NA
9141846,9142511,OCH,NA
9141847,9142794,CHI,N
9142789,9144228,FEM,NA
9144330,9147599,FEM,NA
9148471,9151492,NA,NA
9148761,9150011,OCH,NA
9149993,9150444,CHI,N
9151056,9151473,FEM,NA
9155538,9160492,FEM,NA
9155558,9160492,NA,NA
9161340,9164361,OCH,NA
9161341,9183491,NA,NA
9162055,9162252,CHI,N
9162492,9163125,FEM,NA
9163393,9164348,CHI,N
9164991,9170291,FEM,NA
9170511,9178398,FEM,NA
9178100,9179011,OCH,NA
9178118,9179971,CHI,N
9179301,9179991,OCH,NA
9179511,9183094,FEM,NA
9184570,9187012,NA,NA
9185341,9187012,FEM,NA
9190511,9190901,NA,NA
9191011,9200390,NA,NA
9191293,9192113,CHI,N
9192000,9200206,FEM,NA
9193789,9193943,MAL,NA
9196345,9196453,MAL,NA
9201511,9203678,FEM,NA
9201511,9203877,NA,NA
9210993,9222522,NA,NA
9210993,9213006,OCH,NA
9212992,9214271,FEM,NA
9214265,9217011,OCH,NA
9216992,9217249,FEM,NA
9217704,9220043,FEM,NA
9217760,9218492,OCH,NA
9220139,9220893,NA,J
9221011,9222511,FEM,NA
9224992,9225537,CHI,N
9224992,9225551,NA,NA
9227306,9232993,FEM,NA
9227307,9232992,NA,NA
9233880,9249378,NA,NA
9233992,9239022,FEM,NA
9237750,9237991,OCH,NA
9239903,9243594,CHI,N
9243992,9249137,FEM,NA
9249512,9249618,FEM,NA
9249512,9249753,NA,NA
9250004,9252581,FEM,NA
9250011,9254034,NA,NA
9252510,9253833,CHI,C
9254810,9258612,NA,NA
9254876,9256130,CHI,C
9256074,9258593,FEM,NA
9260511,9268992,NA,NA
9260566,9262010,CHI,N
9262510,9266057,CHI,C
9264470,9264860,FEM,NA
9266179,9267389,FEM,NA
9267259,9268012,CHI,N
9267974,9268781,FEM,NA
9269512,9272700,NA,NA
9269912,9272339,FEM,NA
9273970,9294412,NA,NA
9273992,9277492,CHI,Y
9277710,9279492,FEM,NA
9279510,9280988,MAL,NA
9280992,9283012,FEM,NA
9281238,9281488,MAL,NA
9283555,9284011,OCH,NA
9283776,9283951,CHI,N
9284230,9284485,OCH,NA
9284990,9285697,OCH,NA
9285492,9286057,FEM,NA
9285818,9286010,OCH,NA
9286491,9290492,FEM,NA
9290071,9291833,MAL,NA
9291491,9292144,FEM,NA
9292487,9294011,CHI,N
9293361,9294011,FEM,NA
9295882,9298992,NA,NA
9295938,9298702,FEM,NA
9299276,9317493,NA,NA
9299402,9300193,CHI,N
9300486,9300739,FEM,NA
9301314,9302495,CHI,N
9302501,9304011,FEM,NA
9304991,9306687,CHI,N
9306993,9311885,CHI,N
9308010,9308364,OCH,NA
9308993,9312012,OCH,NA
9312314,9317012,CHI,Y
9312492,9313010,OCH,NA
9313203,9313438,OCH,NA
9316490,9316910,OCH,NA
9332982,9368187,NA,NA
9333011,9335080,CHI,Y
9333107,9336992,OCH,NA
9335910,9336011,NA,J
9336146,9336338,CHI,Y
9336560,9336719,CHI,N
9338011,9348011,CHI,Y
9338411,9338568,OCH,NA
9338681,9338882,OCH,NA
9339688,9340356,OCH,NA
9343564,9343753,OCH,NA
9344047,9347712,OCH,NA
9347991,9351992,FEM,NA
9351879,9356970,CHI,Y
9353482,9353831,OCH,NA
9354872,9354977,FEM,NA
9356848,9358492,FEM,NA
9358492,9359769,CHI,N
9358991,9361558,FEM,NA
9361511,9362770,CHI,C
9362480,9364718,FEM,NA
9364511,9365804,OCH,NA
9365223,9365744,CHI,N
9365635,9368011,FEM,NA
9369808,9381492,NA,NA
9369901,9371381,FEM,NA
9371180,9372565,CHI,N
9372512,9377085,FEM,NA
9377635,9379041,CHI,N
9379441,9379919,FEM,NA
9379812,9381351,CHI,N
9381808,9392726,NA,NA
9381985,9383016,CHI,N
9382132,9382248,OCH,NA
9383099,9385240,FEM,NA
9385333,9386702,CHI,N
9386992,9390510,FEM,NA
9390711,9392601,CHI,C
9390789,9391992,OCH,NA
9394491,9396492,FEM,NA
9394512,9407492,NA,NA
9396921,9398511,CHI,N
9398511,9402866,FEM,NA
9403027,9404512,CHI,C
9404512,9407204,FEM,NA
9408012,9411492,NA,NA
9408467,9409798,FEM,NA
9410011,9410370,CHI,N
9413638,9415025,NA,NA
9413795,9414993,CHI,N
9415769,9417011,NA,NA
9415945,9416235,FEM,NA
9416010,9416592,CHI,N
9423197,9430239,NA,NA
9423208,9424492,FEM,NA
9424914,9425992,OCH,NA
9425511,9429510,FEM,NA
9429029,9430011,CHI,N
9432806,9444445,NA,NA
9432961,9438071,FEM,NA
9437870,9439011,OCH,NA
9439512,9440011,CHI,N
9440984,9442182,FEM,NA
9442865,9443277,FEM,NA
9448010,9450010,NA,NA
9448316,9449992,CHI,N
9448407,9448613,OCH,NA
9449092,9449781,OCH,NA
9453993,9455076,CHI,N
9453993,9459992,NA,NA
9455108,9456492,FEM,NA
9456991,9457511,CHI,N
9457511,9458036,FEM,NA
9457992,9459519,CHI,N
9462216,9465834,NA,NA
9462479,9463132,CHI,N
9463011,9463480,FEM,NA
9464280,9465649,CHI,N
9467246,9492491,NA,NA
9467449,9468278,CHI,N
9468011,9468257,FEM,NA
9468919,9473747,CHI,N
9469047,9469189,OCH,NA
9469550,9469666,OCH,NA
9473983,9477096,FEM,NA
9477111,9478142,CHI,N
9478399,9478991,CHI,N
9478492,9480492,FEM,NA
9478976,9479130,OCH,NA
9479383,9479493,OCH,NA
9480157,9481169,CHI,N
9481011,9484524,FEM,NA
9483801,9483988,MAL,NA
9484712,9486492,CHI,N
9487930,9490362,CHI,N
9488163,9488511,OCH,NA
9489256,9490344,OCH,NA
9491190,9492010,OCH,NA
9491492,9492010,CHI,C
9495492,9517492,NA,NA
9495510,9497511,CHI,N
9498148,9503334,CHI,N
9503148,9505678,FEM,NA
9506013,9510736,CHI,N
9510153,9510320,FEM,NA
9510492,9512288,FEM,NA
9511511,9511614,CHI,N
9511847,9513806,CHI,N
9514054,9514236,CHI,N
9514511,9516867,CHI,N
9520433,9524530,NA,NA
9520482,9524512,CHI,N
9528631,9531010,NA,NA
9528678,9531007,CHI,N
9533491,9547830,NA,NA
9533545,9537195,CHI,N
9533555,9534211,OCH,NA
9535877,9539345,OCH,NA
9538592,9539378,CHI,N
9538790,9539011,FEM,NA
9539697,9540212,CHI,N
9539755,9539904,OCH,NA
9540404,9541000,FEM,NA
9541992,9542491,CHI,N
9542570,9542761,MAL,NA
9543746,9544694,CHI,N
9543832,9545511,FEM,NA
9545992,9547605,CHI,N
9548511,9555199,NA,NA
9548744,9550492,CHI,N
9551010,9554993,FEM,NA
9551491,9552011,CHI,N
9555670,9556512,NA,NA
9555808,9556491,FEM,NA
9559338,9562492,NA,NA
9559492,9562415,FEM,NA
9564492,9571993,NA,NA
9564510,9566400,CHI,N
9566993,9569369,CHI,N
9569554,9570992,CHI,N
9570547,9571833,FEM,NA
9574757,9576917,NA,NA
9574921,9576492,CHI,N
9577307,9578173,NA,NA
9577634,9577781,FEM,NA
9578895,9579389,NA,NA
9579603,9579753,NA,NA
9579988,9582011,NA,NA
9580262,9581728,CHI,N
9580326,9580493,FEM,NA
9585992,9586491,NA,NA
9586011,9586492,FEM,NA
9632490,9647792,NA,NA
9632501,9632756,FEM,NA
9634437,9642993,CHI,N
9644992,9647349,CHI,N
9645500,9647176,OCH,NA
9648011,9651369,NA,NA
9648313,9649069,CHI,N
9648492,9649010,OCH,NA
9649027,9651447,MAL,NA
9651796,9655176,NA,NA
9651994,9652907,OCH,NA
9652006,9654995,FEM,NA
9655769,9656992,NA,NA
9656099,9656749,FEM,NA
9671493,9673511,NA,NA
9672085,9672460,MAL,NA
9672605,9672969,MAL,NA
9675642,9676511,NA,NA
9675693,9676493,FEM,NA
9678493,9694344,NA,NA
9678590,9680510,FEM,NA
9681115,9685011,CHI,N
9685492,9687239,CHI,N
9688101,9688511,FEM,NA
9688116,9688254,CHI,N
9689375,9690732,CHI,N
9690044,9691512,OCH,NA
9690884,9691670,CHI,N
9692512,9694010,CHI,N
9693054,9693397,OCH,NA
9697944,9706545,NA,NA
9698036,9700993,CHI,N
9698042,9698190,FEM,NA
9698319,9699011,OCH,NA
9700828,9701709,FEM,NA
9701837,9702925,CHI,N
9702966,9703455,FEM,NA
9703947,9706510,CHI,N
9716291,9717047,NA,NA
9716630,9716812,FEM,NA
9722730,9723209,NA,NA
9724011,9728010,NA,NA
9724109,9725518,CHI,N
9726011,9727992,FEM,NA
9729730,9731463,CHI,N
9729739,9733011,NA,NA
9731293,9733011,FEM,NA
9737029,9737205,MAL,NA
9737032,9737634,NA,NA
9737985,9741620,NA,NA
9738487,9740401,FEM,NA
9740361,9741510,CHI,N
9742209,9746991,NA,NA
9742413,9743304,FEM,NA
9743012,9743704,CHI,N
9744189,9744955,MAL,NA
9744492,9745020,FEM,NA
9745491,9746900,CHI,N
9750783,9754511,NA,NA
9750792,9751992,FEM,NA
9752329,9754492,CHI,N
9755527,9757613,NA,NA
9757986,9760148,NA,NA
9758215,9760059,CHI,N
9763489,9785492,NA,NA
9763492,9766135,CHI,N
9767071,9769292,CHI,N
9768624,9768985,OCH,NA
9769511,9769636,FEM,NA
9769857,9771713,FEM,NA
9771906,9773283,CHI,N
9773393,9774250,FEM,NA
9774282,9776172,CHI,N
9776329,9777195,FEM,NA
9777660,9777807,CHI,N
9777733,9778062,FEM,NA
9777994,9778554,CHI,N
9778992,9779993,FEM,NA
9780453,9780937,CHI,N
9781493,9785011,CHI,Y
9785897,9787493,NA,NA
9785926,9787511,OCH,NA
9789252,9797862,NA,NA
9789353,9790501,CHI,N
9790031,9790296,OCH,NA
9790492,9792401,OCH,NA
9793038,9794511,CHI,N
9793108,9795992,OCH,NA
9795117,9796011,FEM,NA
9796251,9797539,OCH,NA
9796599,9796992,CHI,N
9798071,9798186,NA,NA
9798503,9799413,NA,NA
9798734,9798999,FEM,NA
9800487,9801493,NA,NA
9800578,9801395,OCH,NA
9800622,9800894,CHI,N
9802612,9803287,NA,NA
9803842,9805511,NA,NA
9803940,9805492,CHI,N
9807737,9809993,CHI,N
9807888,9812108,NA,NA
9810352,9811775,FEM,NA
9812367,9813570,NA,NA
9812630,9813307,OCH,NA
9812652,9813366,CHI,N
9815511,9817838,NA,NA
9815992,9817511,CHI,N
9818078,9820638,NA,NA
9818992,9820325,CHI,N
9819519,9819993,FEM,NA
9820801,9820992,NA,NA
9824159,9829684,NA,NA
9824299,9829345,CHI,N
9829796,9833200,NA,NA
9830012,9831698,CHI,N
9831984,9833126,CHI,N
9834733,9836550,NA,NA
9834863,9836326,CHI,N
9838500,9840242,CHI,C
9838500,9848011,NA,NA
9839991,9840992,FEM,NA
9841011,9844337,CHI,C
9843560,9843992,FEM,NA
9844975,9847520,CHI,N
9846492,9846904,FEM,NA
9847340,9847510,FEM,NA
9850012,9862992,NA,NA
9850493,9855493,CHI,C
9855019,9855993,FEM,NA
9855511,9857511,OCH,NA
9855992,9856740,CHI,N
9858269,9860999,CHI,N
9861318,9861492,CHI,N
9861519,9861833,OCH,NA
9861836,9862011,FEM,NA
9863367,9871702,NA,NA
9863470,9865684,CHI,N
9864973,9865511,OCH,NA
9866708,9867759,FEM,NA
9867677,9868511,CHI,N
9868011,9868342,OCH,NA
9868630,9868895,CHI,N
9868642,9870171,OCH,NA
9869129,9869492,CHI,N
9869599,9869719,CHI,N
9870783,9871578,CHI,N
9872491,9880993,NA,NA
9872933,9875157,CHI,N
9873156,9874015,OCH,NA
9875993,9876511,CHI,N
9876065,9877496,OCH,NA
9877012,9880993,FEM,NA
9882839,9884462,NA,NA
9882959,9883345,OCH,NA
9888524,9895755,NA,NA
9888608,9892349,CHI,N
9892493,9893295,FEM,NA
9893315,9895752,CHI,N
9906511,9908028,FEM,NA
9906511,9908158,NA,NA
9915510,9937441,NA,NA
9915512,9920274,CHI,Y
9920303,9923011,FEM,NA
9923992,9927568,CHI,Y
9924046,9926375,OCH,NA
9927213,9928015,FEM,NA
9927674,9932011,CHI,C
9931197,9932434,FEM,NA
9932448,9936321,CHI,Y
9936194,9936658,FEM,NA
9937796,9950089,NA,NA
9938013,9939167,OCH,NA
9938087,9939170,CHI,N
9939491,9942682,CHI,Y
9940791,9940911,OCH,NA
9943435,9946066,CHI,N
9943493,9945596,OCH,NA
9946803,9948374,CHI,N
9946935,9949922,OCH,NA
9949014,9949775,CHI,C
9950459,9966993,NA,NA
9950622,9953410,FEM,NA
9953992,9954252,OCH,NA
9954613,9954726,OCH,NA
9955330,9958492,OCH,NA
9956235,9956512,CHI,Y
9956805,9959031,CHI,Y
9959281,9962744,CHI,N
9959546,9959765,OCH,NA
9962877,9966601,CHI,Y
9967399,9974514,NA,NA
9967629,9970494,CHI,Y
9971367,9973254,CHI,C
9972921,9974511,FEM,NA
9976510,9990992,NA,NA
9976579,9979510,CHI,N
9978992,9982801,FEM,NA
9983339,9984250,CHI,N
9984175,9986818,FEM,NA
9987204,9988927,CHI,N
9988324,9990919,FEM,NA
9993378,9994492,MAL,NA
9993382,9994929,NA,NA
9997892,9999566,FEM,NA
9997990,9999708,NA,NA
10017486,10020949,NA,NA
10017493,10020611,CHI,N
10022086,10030313,NA,NA
10022176,10023108,FEM,NA
10022511,10023152,OCH,NA
10024015,10024904,CHI,N
10024160,10024992,FEM,NA
10025481,10027357,FEM,NA
10025648,10026406,MAL,NA
10027756,10028615,FEM,NA
10027876,10028725,MAL,NA
10029437,10030244,CHI,N
10031302,10032809,NA,NA
10031352,10032511,CHI,N
10033392,10034215,NA,NA
10033492,10034054,FEM,NA
10036062,10036243,NA,NA
10037441,10038558,NA,NA
10037512,10038492,FEM,NA
10039322,10040724,NA,NA
10039493,10040511,CHI,N
10041337,10044010,NA,NA
10041632,10042921,CHI,N
10043209,10044007,CHI,N
10045448,10049851,NA,NA
10045470,10046410,FEM,NA
10047255,10048021,CHI,N
10048148,10049010,MAL,NA
10048992,10049547,CHI,N
10053511,10058511,NA,NA
10053561,10057603,FEM,NA
10056331,10056441,CHI,N
10060511,10064168,NA,NA
10060512,10062336,CHI,N
10062993,10064140,FEM,NA
10066992,10077827,NA,NA
10066992,10070991,FEM,NA
10071010,10072510,CHI,N
10073012,10073282,FEM,NA
10073489,10075922,FEM,NA
10074240,10075990,MAL,NA
10076113,10077731,FEM,NA
10094384,10095157,NA,NA
10094406,10095059,CHI,N
10108471,10114949,NA,NA
10108476,10111993,FEM,NA
10112683,10114641,FEM,NA
10115753,10116312,NA,NA
10115791,10115992,FEM,NA
10118010,10123491,CHI,N
10118014,10125608,NA,NA
10120042,10120349,OCH,NA
10120493,10122992,OCH,NA
10123508,10125511,FEM,NA
10124011,10125153,MAL,NA
10127892,10130511,NA,NA
10128011,10130078,OCH,NA
10128090,10128620,CHI,N
10128724,10130297,CHI,N
10132185,10134299,NA,NA
10132682,10133993,OCH,NA
10132992,10134059,CHI,C
10135984,10137729,NA,NA
10136330,10137548,CHI,N
10137162,10137295,OCH,NA
10138510,10141134,NA,NA
10139656,10141011,FEM,NA
10141379,10145679,NA,NA
10141546,10142223,OCH,NA
10142493,10143993,FEM,NA
10143920,10144511,CHI,N
10144011,10144138,OCH,NA
10154506,10155746,NA,NA
10154656,10155316,OCH,NA
10154992,10155512,CHI,N
10178906,10179762,NA,NA
10178992,10179606,CHI,N
10187492,10188012,CHI,N
10187492,10188012,NA,NA
10190001,10191992,NA,NA
10190013,10190511,CHI,N
10190894,10191420,CHI,N
10192481,10196492,NA,NA
10192510,10196012,CHI,N
10211351,10215617,NA,NA
10211422,10213361,CHI,N
10213172,10213992,FEM,NA
10213763,10215191,CHI,N
10214512,10215322,FEM,NA
10221236,10223386,NA,NA
10221402,10222863,CHI,N
10224277,10226343,NA,NA
10224455,10226083,CHI,C
10239860,10241026,NA,NA
10239949,10240924,CHI,N
10240511,10240619,FEM,NA
10248226,10249991,NA,NA
10248491,10249510,FEM,NA
10248491,10249691,CHI,C
10250990,10252838,NA,NA
10250992,10252561,CHI,C
10253010,10254883,NA,NA
10253378,10254510,FEM,NA
10255003,10275992,NA,NA
10255537,10257138,CHI,N
10257854,10259381,FEM,NA
10258669,10259332,CHI,N
10259512,10259694,CHI,N
10259872,10264842,CHI,C
10263319,10264014,OCH,NA
10264534,10266991,FEM,NA
10266910,10268034,CHI,N
10268492,10270512,FEM,NA
10268748,10269263,MAL,NA
10270756,10271775,FEM,NA
10272002,10272512,FEM,NA
10272700,10273301,CHI,N
10273406,10274511,CHI,N
10273492,10274511,OCH,NA
10275012,10275859,CHI,N
10282400,10285492,CHI,N
10282402,10285512,NA,NA
10291992,10297512,CHI,N
10291992,10297993,NA,NA
10299511,10302010,NA,NA
10299812,10300511,FEM,NA
10300510,10302003,CHI,N
10306712,10307296,NA,NA
10306828,10306992,CHI,N
10308440,10311089,NA,NA
10308511,10310096,OCH,NA
10308588,10309265,CHI,N
10311992,10315011,NA,NA
10312010,10314511,CHI,N
10312993,10314034,OCH,NA
10336964,10343373,NA,NA
10337109,10339406,CHI,N
10337444,10338894,FEM,NA
10340011,10343114,CHI,C
10342011,10343184,OCH,NA
10346766,10357245,NA,NA
10346847,10348786,CHI,N
10348661,10350139,FEM,NA
10350040,10351377,CHI,N
10351010,10356984,FEM,NA
10354492,10355655,MAL,NA
10356019,10356324,MAL,NA
10358511,10359512,NA,NA
10358992,10359510,CHI,N
10366348,10368051,FEM,NA
10366361,10373511,NA,NA
10369394,10372455,FEM,NA
10370992,10371441,CHI,N
10372791,10373512,CHI,N
10377784,10377992,NA,NA
10381542,10382701,NA,NA
10381687,10382573,CHI,N
10385309,10388193,NA,NA
10385358,10386492,CHI,N
10385553,10386295,OCH,NA
10386748,10387558,OCH,NA
10388491,10390648,NA,NA
10388947,10390511,CHI,N
10393491,10394836,NA,NA
10393993,10394460,FEM,NA
10398254,10405011,NA,NA
10398491,10399915,CHI,N
10398557,10398679,OCH,NA
10400673,10400992,FEM,NA
10400856,10401492,CHI,N
10402305,10402425,CHI,N
10402368,10403097,FEM,NA
10403220,10404956,CHI,N
10416948,10418759,NA,NA
10416992,10418492,FEM,NA
10422461,10426729,NA,NA
10422484,10426429,CHI,N
10426997,10429194,NA,NA
10427214,10429123,CHI,N
10429525,10438160,NA,NA
10429680,10433944,CHI,N
10433516,10433698,FEM,NA
10433991,10435410,FEM,NA
10435161,10436243,CHI,N
10435723,10435843,FEM,NA
10436025,10436336,FEM,NA
10436600,10437621,FEM,NA
10438391,10446503,NA,NA
10438492,10440240,CHI,N
10440417,10442671,CHI,C
10442748,10443637,FEM,NA
10444148,10444389,FEM,NA
10444174,10444711,CHI,N
10444511,10446492,FEM,NA
10447326,10448494,NA,NA
10447491,10448011,FEM,NA
10449304,10457308,NA,NA
10449493,10451464,CHI,N
10451511,10452768,FEM,NA
10452616,10453791,CHI,N
10453754,10454010,FEM,NA
10455237,10457311,CHI,N
10462335,10468361,CHI,N
10462335,10470621,NA,NA
10464208,10465511,OCH,NA
10468632,10470385,CHI,N
10468769,10469513,OCH,NA
10471493,10477992,NA,NA
10471511,10477991,CHI,N
10481444,10488182,NA,NA
10481493,10486017,CHI,Y
10483395,10483633,MAL,NA
10484081,10484707,OCH,NA
10484843,10485940,OCH,NA
10486368,10487247,CHI,N
10486493,10486861,OCH,NA
10488373,10494139,NA,NA
10488563,10489883,CHI,N
10488764,10488960,OCH,NA
10489163,10489727,OCH,NA
10489757,10492168,FEM,NA
10492193,10494010,CHI,N
10495492,10498511,NA,NA
10495587,10496044,CHI,N
10496387,10496492,CHI,N
10497011,10497511,CHI,N
10497082,10497320,OCH,NA
10498012,10498358,OCH,NA
10501166,10502735,NA,NA
10501230,10501993,FEM,NA
10502992,10503571,NA,NA
10503208,10503436,OCH,NA
10503854,10504023,NA,NA
10508135,10508562,NA,NA
10510622,10511638,NA,NA
10510876,10511058,CHI,N
10515744,10517229,NA,NA
10515746,10517189,CHI,N
10549511,10552992,NA,NA
10549884,10552009,CHI,N
10554992,10561011,NA,NA
10555142,10557066,FEM,NA
10555238,10555884,MAL,NA
10558122,10559374,OCH,NA
10558124,10560944,CHI,N
10561288,10561492,NA,NA
10562508,10564493,NA,NA
10563137,10563471,CHI,N
10563456,10564011,FEM,NA
10577010,10578465,NA,NA
10577292,10578028,OCH,NA
10577311,10578185,CHI,N
10579749,10590417,NA,NA
10579790,10585011,CHI,N
10583492,10585171,OCH,NA
10584992,10586011,FEM,NA
10586511,10589587,OCH,NA
10586759,10589525,CHI,Y
10591511,10593139,NA,NA
10591742,10592010,FEM,NA
10591931,10592032,MAL,NA
10592623,10592996,OCH,NA
10595991,10599410,NA,NA
10596253,10597778,OCH,NA
10596374,10598510,CHI,Y
10599898,10602002,NA,NA
10599992,10601447,CHI,N
10601094,10602064,MAL,NA
10602267,10604010,NA,NA
10602434,10603239,OCH,NA
10602451,10603496,CHI,Y
10605040,10623508,NA,NA
10605824,10607108,CHI,N
10606012,10606231,FEM,NA
10607011,10609512,FEM,NA
10610263,10611022,CHI,N
10610511,10611010,OCH,NA
10611427,10613388,FEM,NA
10613140,10616512,CHI,N
10615188,10615870,FEM,NA
10616775,10617644,FEM,NA
10617379,10618797,CHI,C
10617789,10617924,FEM,NA
10618012,10618743,OCH,NA
10618756,10620308,FEM,NA
10620788,10621409,CHI,N
10621257,10622005,FEM,NA
10622062,10623336,CHI,N
10624718,10625992,NA,NA
10624819,10625653,CHI,N
10624826,10625663,FEM,NA
10626512,10642992,NA,NA
10626701,10629047,CHI,C
10629449,10630760,FEM,NA
10631177,10634803,CHI,C
10631491,10631614,OCH,NA
10635401,10640511,FEM,NA
10640892,10642723,CHI,C
10642003,10642680,OCH,NA
10643292,10645651,NA,NA
10643992,10645327,CHI,C
10644878,10645511,FEM,NA
10647410,10651011,NA,NA
10647458,10650004,CHI,N
10648495,10650431,OCH,NA
10652992,10653915,NA,NA
10653265,10653611,CHI,C
10656421,10660319,NA,NA
10656492,10660198,CHI,N
10661510,10664328,NA,NA
10661839,10663525,CHI,N
10664622,10665393,NA,NA
10664733,10664991,CHI,N
10669512,10680639,NA,NA
10669580,10679921,CHI,N
10676306,10677091,OCH,NA
10678512,10679224,MAL,NA
10680787,10688570,NA,NA
10680986,10682103,CHI,N
10681963,10686180,FEM,NA
10686048,10686656,CHI,C
10686419,10688491,FEM,NA
10689386,10692493,NA,NA
10689492,10692492,CHI,N
10693072,10693494,NA,NA
10693131,10693492,CHI,N
10695969,10696511,NA,NA
10695993,10696511,CHI,N
10703213,10703331,NA,NA
10705014,10705154,NA,NA
10705492,10707492,NA,NA
10705593,10706786,CHI,N
10707662,10708123,NA,NA
10708602,10708929,NA,NA
10710227,10734269,NA,NA
10710510,10713492,CHI,C
10713911,10716059,CHI,C
10714493,10716235,OCH,NA
10716170,10720858,FEM,NA
10717532,10719042,OCH,NA
10719311,10719492,OCH,NA
10719488,10719866,CHI,N
10720586,10722290,CHI,C
10722915,10726815,CHI,N
10725269,10725385,OCH,NA
10725492,10726673,OCH,NA
10727767,10728796,CHI,N
10728028,10728153,OCH,NA
10728767,10729521,FEM,NA
10729520,10731813,CHI,N
10731720,10732528,FEM,NA
10732510,10734083,OCH,NA
10732890,10734032,CHI,N
10736587,10745786,NA,NA
10736604,10738011,CHI,C
10738605,10738991,CHI,N
10738961,10739832,FEM,NA
10740484,10743928,CHI,N
10743794,10745134,FEM,NA
10745062,10745767,CHI,N
10748511,10749491,NA,NA
10748553,10749176,FEM,NA
10750011,10750134,NA,NA
10750266,10761727,NA,NA
10750492,10760185,CHI,N
10757991,10758200,OCH,NA
10758474,10761194,OCH,NA
10761351,10761555,OCH,NA
10763508,10765207,NA,NA
10763511,10765107,FEM,NA
10767220,10769947,NA,NA
10767440,10769782,CHI,C
10799263,10815156,NA,NA
10799453,10800010,CHI,N
10799492,10800594,FEM,NA
10800987,10802943,CHI,C
10802693,10803992,FEM,NA
10804011,10805493,CHI,N
10804953,10806013,FEM,NA
10806485,10808515,CHI,C
10807297,10807499,FEM,NA
10808625,10808870,FEM,NA
10809188,10811250,CHI,N
10811492,10813455,FEM,NA
10813223,10814122,CHI,N
10813913,10814780,FEM,NA
10815690,10834080,NA,NA
10815928,10818059,CHI,N
10817994,10820110,FEM,NA
10820512,10820637,CHI,N
10820746,10822553,CHI,N
10823151,10823993,CHI,N
10824511,10827493,OCH,NA
10826610,10827511,CHI,N
10828510,10829517,FEM,NA
10830491,10831510,CHI,N
10832559,10833323,FEM,NA
10835019,10836011,NA,NA
10835588,10835843,FEM,NA
10838011,10838318,NA,NA
10838492,10838624,NA,NA
10838991,10840510,NA,NA
10839179,10840239,CHI,N
10842992,10844992,FEM,NA
10842992,10849492,NA,NA
10844582,10846629,CHI,N
10846511,10847610,FEM,NA
10847993,10848992,CHI,N
10849609,10850011,NA,NA
10856492,10861733,NA,NA
10856663,10856781,OCH,NA
10856909,10857574,OCH,NA
10857002,10857468,CHI,N
10857733,10858028,OCH,NA
10858492,10859916,FEM,NA
10860446,10861815,CHI,N
10866179,10868074,NA,NA
10866234,10866492,FEM,NA
10866734,10868049,CHI,N
10869348,10871883,NA,NA
10869350,10870921,FEM,NA
10870747,10871702,CHI,N
10873859,10884492,NA,NA
10873864,10875379,CHI,C
10875836,10876148,FEM,NA
10875850,10875992,CHI,N
10876373,10876722,FEM,NA
10876491,10878254,CHI,C
10878314,10879016,FEM,NA
10879068,10880258,CHI,N
10881241,10882367,FEM,NA
10882193,10883943,CHI,N
10887389,10889620,NA,NA
10887436,10889512,CHI,N
10891375,10894180,CHI,N
10891376,10895011,NA,NA
11027546,11028992,CHI,N
11027851,11029010,NA,NA
11139302,11140866,NA,NA
11139373,11140568,CHI,N
11941992,11943097,NA,NA
13300261,13301402,NA,NA
13300264,13301012,CHI,N
13449011,13450030,MAL,NA
13451636,13451857,MAL,NA
13658311,13659990,MAL,NA
13658492,13659646,NA,NA
13662030,13663971,MAL,NA
13662434,13663511,NA,NA
13666992,13667378,MAL,NA
13667076,13667243,NA,NA
13671021,13671185,MAL,NA
13674493,13675553,MAL,NA
13674661,13675147,NA,NA
13681992,13683003,MAL,NA
13682201,13682400,NA,NA
13685492,13686012,FEM,NA
13685492,13686013,NA,NA
13696489,13696936,MAL,NA
13950633,13951510,NA,NA
13950718,13951511,CHI,N
13970991,13971550,NA,NA
13971012,13971511,CHI,N
14236493,14237311,MAL,NA
14271682,14274134,CHI,N
14271709,14274426,NA,NA
14303436,14303993,NA,NA
14303481,14303766,OCH,NA
14395512,14395642,MAL,NA
14732879,14733107,MAL,NA
14782677,14782950,MAL,NA
14851568,14852493,CHI,N
14851571,14852511,NA,NA
14858488,14859011,NA,NA
15166352,15166868,MAL,NA
15173204,15173673,MAL,NA
15219406,15219524,MAL,NA
15343381,15344297,MAL,NA
15453538,15453945,MAL,NA
15557010,15559011,MAL,NA
15557822,15558806,NA,NA
15576410,15576942,NA,NA
15600873,15600991,NA,NA
15603511,15604010,NA,NA
15609512,15610592,NA,NA
15609642,15610511,CHI,N
15613012,15614043,NA,NA
15613216,15613997,CHI,N
15613641,15613828,OCH,NA
15622991,15623647,NA,NA
15623133,15623492,CHI,N
15623167,15623511,OCH,NA
15630054,15630159,NA,NA
15648157,15649617,MAL,NA
15648491,15648822,NA,NA
15705028,15705467,MAL,NA
15953110,15954438,MAL,NA
15963011,15964201,NA,NA
15967010,15968011,NA,NA
15970458,15971077,NA,NA
16147546,16147809,MAL,NA
17506511,17506859,NA,NA
17506992,17507426,NA,NA
17525324,17527012,CHI,N
17525435,17526993,NA,NA
17527345,17527492,CHI,N
17532042,17532697,NA,NA
17532052,17532697,FEM,NA
17985426,17985954,NA,NA
17985491,17985823,CHI,N
18415261,18415457,NA,NA
18503011,18505011,NA,NA
18503108,18505010,CHI,N
18505844,18507074,NA,NA
18505940,18506895,CHI,N
18536384,18537235,CHI,N
18536386,18537296,NA,NA
18553992,18554740,NA,NA
18553995,18554680,CHI,N
18556493,18558054,CHI,N
18556511,18558033,NA,NA
18566774,18567555,CHI,N
18566845,18567547,NA,NA
18592119,18592686,NA,NA
20100373,20102172,NA,NA
20100493,20100675,CHI,N
20101011,20101166,CHI,N
20101213,20101510,FEM,NA
20119909,20120663,NA,NA
20119916,20120562,CHI,N
20361512,20363512,CHI,C
20361512,20364011,NA,NA
20367038,20368670,CHI,C
20367057,20368736,NA,NA
20388491,20389227,NA,NA
20388510,20388674,MAL,NA
20388621,20389011,CHI,N
20397862,20398881,NA,NA
20397879,20398792,CHI,N
20419511,20419789,NA,NA
20534001,20534511,NA,NA
20534072,20534455,CHI,N
20573885,20576283,NA,NA
20573976,20575912,CHI,N
20574493,20575134,FEM,NA
20575433,20576012,FEM,NA
20576911,20579294,CHI,N
20576911,20579353,NA,NA
20579511,20587903,NA,NA
20579555,20581492,CHI,N
20580991,20582179,FEM,NA
20582390,20584493,FEM,NA
20582476,20583492,CHI,N
20583897,20587868,CHI,C
20590011,20592993,NA,NA
20590311,20590492,CHI,N
20590475,20591012,FEM,NA
20591493,20592993,CHI,N
20594993,20595511,NA,NA
20595008,20595511,FEM,NA
20598720,20600510,CHI,C
20598729,20600511,NA,NA
20602915,20604005,NA,NA
20602991,20603847,FEM,NA
20605919,20606476,NA,NA
20605992,20606181,CHI,N
20621993,20622472,NA,NA
20659813,20660942,NA,NA
20659887,20660738,CHI,C
20661836,20663054,NA,NA
20661850,20662964,CHI,N
20663986,20665010,NA,NA
20663993,20665011,CHI,N
20722011,20723410,NA,NA
20722129,20723148,CHI,N
20824955,20837210,NA,NA
20825139,20829248,CHI,C
20825751,20827035,OCH,NA
20830011,20837011,CHI,C
20832213,20832616,FEM,NA
20835490,20835984,MAL,NA
20838511,20841012,NA,NA
20839093,20839766,FEM,NA
20850195,20851125,NA,NA
20850377,20850883,CHI,N
20850593,20850855,FEM,NA
20853511,20855011,CHI,N
20853511,20855199,NA,NA
20855551,20866289,NA,NA
20855659,20861474,CHI,N
20856229,20857010,FEM,NA
20861012,20862166,MAL,NA
20862347,20862452,MAL,NA
20862395,20863011,FEM,NA
20863813,20866214,CHI,N
20867075,20872407,NA,NA
20867090,20872492,CHI,C
20873101,20873985,CHI,N
20873111,20874007,NA,NA
20874606,20876515,NA,NA
20874613,20876511,CHI,C
20878992,20880511,NA,NA
20879255,20879836,MAL,NA
20879837,20880011,CHI,N
20898440,20901034,NA,NA
20898478,20900441,CHI,N
20899779,20899926,FEM,NA
20901319,20903234,NA,NA
20901456,20903216,CHI,N
20904666,20905878,NA,NA
20904809,20905803,FEM,NA
20905005,20905231,CHI,N
20908078,20909511,CHI,N
20908118,20909723,NA,NA
20909843,20910729,NA,NA
20910179,20910495,FEM,NA
20966992,20968983,CHI,N
20966992,20969493,NA,NA
20968492,20969094,FEM,NA
21022821,21023793,CHI,N
21022890,21023833,NA,NA
21049146,21050597,NA,NA
21049185,21050511,CHI,N
21053292,21054802,NA,NA
21053491,21054598,CHI,N
21094975,21096011,CHI,C
21094992,21096013,NA,NA
21097992,21098729,NA,NA
21097992,21099038,MAL,NA
21099987,21103492,NA,NA
21099992,21101038,CHI,N
21101553,21102022,OCH,NA
21101852,21102993,CHI,N
21104474,21106680,NA,NA
21104585,21105510,OCH,NA
21104585,21105697,CHI,N
21105941,21106601,CHI,N
21118492,21123819,NA,NA
21118511,21123558,CHI,C
21118816,21119096,OCH,NA
21176772,21177941,NA,NA
21176993,21177511,CHI,N
21182195,21182315,CHI,N
21182398,21182511,NA,NA
21235510,21237403,NA,NA
21235687,21237029,OCH,NA
21235733,21237080,CHI,C
21238592,21240541,NA,NA
21238635,21240510,CHI,N
21259709,21262510,NA,NA
21259719,21262011,CHI,N
21262822,21263089,NA,NA
21265011,21265207,CHI,N
21265011,21265208,NA,NA
21265369,21271591,NA,NA
21265453,21268011,CHI,N
21268965,21269512,FEM,NA
21270452,21271542,CHI,N
21272647,21280011,NA,NA
21273114,21273414,OCH,NA
21274491,21276793,CHI,N
21277067,21278992,FEM,NA
21277239,21277414,CHI,N
21279179,21279660,CHI,N
21279270,21279623,OCH,NA
21286164,21287492,NA,NA
21286493,21286992,CHI,N
21286873,21287067,OCH,NA
21290985,21292991,NA,NA
21291010,21291327,CHI,N
21292544,21292650,CHI,N
21297607,21297723,NA,NA
21297966,21311010,NA,NA
21298511,21299922,CHI,N
21300226,21301014,CHI,N
21300492,21300715,FEM,NA
21300992,21301993,FEM,NA
21302647,21303492,OCH,NA
21303010,21303926,CHI,N
21303434,21303886,FEM,NA
21304296,21307517,CHI,N
21307463,21309149,FEM,NA
21308884,21309623,CHI,N
21309485,21311010,FEM,NA
21309853,21309973,CHI,N
21312811,21316993,NA,NA
21312845,21315658,FEM,NA
21315862,21316905,CHI,N
21319369,21328979,NA,NA
21319492,21322938,FEM,NA
21319657,21319952,CHI,N
21323053,21323802,CHI,N
21323491,21324839,MAL,NA
21324951,21325930,CHI,N
21326011,21326151,FEM,NA
21326281,21328647,FEM,NA
21329511,21336355,NA,NA
21329561,21330992,OCH,NA
21330086,21331991,CHI,N
21332013,21332163,FEM,NA
21332953,21335132,OCH,NA
21333031,21333266,CHI,N
21333544,21333655,CHI,N
21333787,21334216,CHI,N
21334654,21334833,FEM,NA
21335525,21336011,FEM,NA
21338481,21339816,NA,NA
21338642,21339187,MAL,NA
21339059,21339511,CHI,N
21341153,21342306,NA,NA
21341492,21342094,CHI,N
21363505,21364511,NA,NA
21363882,21364164,CHI,N
21367088,21370161,NA,NA
21367258,21370101,CHI,N
21370510,21373018,NA,NA
21370969,21372992,OCH,NA
21371074,21371492,CHI,N
21372010,21372594,CHI,N
21373968,21382993,NA,NA
21374012,21375511,OCH,NA
21374094,21375520,CHI,N
21377010,21377180,OCH,NA
21377512,21377817,FEM,NA
21378885,21380313,FEM,NA
21379125,21379422,OCH,NA
21380951,21382713,CHI,N
21383249,21386992,NA,NA
21383317,21386493,CHI,N
21386233,21386511,OCH,NA
21387210,21389750,NA,NA
21387402,21389511,CHI,N
21389898,21391052,NA,NA
21390065,21390511,CHI,N
21402503,21406492,NA,NA
21402522,21406493,FEM,NA
21406601,21408101,NA,NA
21406803,21406997,FEM,NA
21407320,21408034,FEM,NA
21413676,21414872,NA,NA
21413806,21414751,FEM,NA
21418511,21420777,NA,NA
21418643,21419730,FEM,NA
21419907,21420967,OCH,NA
21421913,21424954,NA,NA
21422011,21424463,FEM,NA
21426984,21433992,NA,NA
21427970,21430511,FEM,NA
21430992,21432011,CHI,N
21432011,21433493,FEM,NA
21435011,21435343,NA,NA
21435492,21439739,NA,NA
21435992,21439492,CHI,N
21440464,21449011,NA,NA
21440575,21440749,FEM,NA
21440992,21441125,FEM,NA
21441581,21442356,MAL,NA
21441628,21442399,FEM,NA
21442401,21443854,CHI,N
21443702,21446880,FEM,NA
21444492,21445012,CHI,N
21447278,21448814,CHI,N
21452146,21452904,NA,NA
21452170,21452511,CHI,N
21453965,21455168,NA,NA
21453992,21454736,CHI,N
21456920,21461829,NA,NA
21456993,21457992,FEM,NA
21458993,21460512,CHI,N
21459737,21460360,OCH,NA
21463476,21466628,NA,NA
21463491,21466510,FEM,NA
21468065,21468553,NA,NA
21469153,21473011,NA,NA
21469399,21470408,CHI,N
21470201,21471127,FEM,NA
21471326,21472360,CHI,N
21472012,21472890,FEM,NA
21480444,21481001,NA,NA
21480491,21480908,CHI,N
21483446,21484011,NA,NA
21493011,21496992,NA,NA
21493090,21494722,FEM,NA
21495012,21496511,CHI,N
21502992,21508492,NA,NA
21503510,21505010,MAL,NA
21504511,21504654,FEM,NA
21505451,21508305,FEM,NA
21508703,21509332,NA,NA
21509491,21516302,NA,NA
21509866,21512492,FEM,NA
21511605,21514047,MAL,NA
21513011,21516320,FEM,NA
21518492,21520531,NA,NA
21518511,21520524,FEM,NA
21551835,21559511,NA,NA
21551859,21554491,CHI,C
21553911,21555511,FEM,NA
21555011,21559510,CHI,C
21561616,21562011,NA,NA
21566788,21567542,NA,NA
21566832,21567492,CHI,N
21568012,21568719,NA,NA
21568165,21568511,CHI,N
21568982,21575111,NA,NA
21569034,21572039,CHI,C
21569127,21570492,OCH,NA
21572511,21573010,FEM,NA
21573348,21575012,CHI,C
21576011,21581205,NA,NA
21576242,21578240,CHI,N
21578984,21581011,CHI,N
21581552,21584120,NA,NA
21581864,21582662,MAL,NA
21582474,21584011,CHI,N
21588010,21595938,NA,NA
21588203,21589386,CHI,N
21588301,21588946,OCH,NA
21589607,21590012,FEM,NA
21590493,21591047,FEM,NA
21591944,21593011,CHI,N
21592064,21592320,MAL,NA
21593150,21593251,MAL,NA
21593279,21593606,FEM,NA
21594050,21595511,FEM,NA
21596510,21601124,NA,NA
21596512,21598785,CHI,N
21598400,21598884,MAL,NA
21599011,21600725,CHI,N
21601851,21616639,NA,NA
21601915,21608287,CHI,C
21608397,21613120,CHI,N
21612258,21613011,OCH,NA
21613206,21613376,OCH,NA
21613402,21616407,FEM,NA
21617823,21620408,NA,NA
21617989,21619908,CHI,N
21620512,21620723,NA,NA
21621011,21624533,NA,NA
21621014,21624511,CHI,N
21626398,21627196,NA,NA
21626414,21627124,FEM,NA
21637034,21640011,NA,NA
21637493,21639992,CHI,N
21643227,21644511,NA,NA
21643598,21644273,CHI,N
21667011,21668687,NA,NA
21667100,21668583,CHI,N
21671990,21674491,NA,NA
21672050,21673557,CHI,C
21672549,21673278,OCH,NA
21673437,21674050,OCH,NA
21677011,21677116,NA,NA
21677785,21678452,NA,NA
21699510,21701491,NA,NA
21699522,21701512,MAL,NA
21705882,21707492,NA,NA
21705936,21707492,FEM,NA
21722011,21722367,NA,NA
21722499,21724953,NA,NA
21722723,21724395,CHI,N
21757871,21763492,NA,NA
21757992,21760063,CHI,N
21759597,21760289,MAL,NA
21760075,21760208,FEM,NA
21760314,21763299,CHI,N
21763649,21765492,NA,NA
21763772,21764607,FEM,NA
21764320,21765358,CHI,N
21765709,21768510,NA,NA
21765777,21767588,CHI,N
21767511,21768233,FEM,NA
21772410,21774119,NA,NA
21772522,21773676,CHI,N
21772574,21773691,OCH,NA
21807011,21810437,NA,NA
21807458,21809491,CHI,N
21809007,21809802,FEM,NA
21819486,21820580,NA,NA
21819491,21820510,OCH,NA
21864011,21865887,NA,NA
21864490,21865492,CHI,N
21864492,21865815,OCH,NA
21866419,21867011,OCH,NA
21866606,21866890,NA,NA
21867155,21867263,NA,NA
21868415,21870415,OCH,NA
21868466,21870570,NA,NA
21888011,21888176,FEM,NA
21888011,21890512,NA,NA
21888671,21890011,FEM,NA
21961920,21963439,NA,NA
21961945,21963580,OCH,NA
21964203,21965632,OCH,NA
21964259,21965729,NA,NA
21965011,21965511,FEM,NA
21970011,21970868,OCH,NA
21993226,21993327,NA,NA
21993490,21994011,NA,NA
22005992,22009141,NA,NA
22006001,22008107,CHI,N
22007325,22007882,OCH,NA
22008382,22008618,CHI,N
22025280,22028993,NA,NA
22025346,22026671,CHI,N
22026511,22026616,FEM,NA
22026855,22027511,FEM,NA
22027535,22028892,CHI,N
22029406,22040729,NA,NA
22029455,22034153,FEM,NA
22034675,22036654,CHI,N
22036477,22037695,FEM,NA
22037873,22040438,CHI,N
22041708,22042992,NA,NA
22041825,22042972,CHI,N
22042010,22042233,OCH,NA
22047512,22056511,NA,NA
22047992,22053551,CHI,C
22050205,22050384,OCH,NA
22050492,22054878,OCH,NA
22053828,22056278,CHI,N
22063409,22063849,NA,NA
22064989,22076493,NA,NA
22065011,22067031,CHI,N
22066992,22067729,FEM,NA
22068266,22070011,CHI,Y
22068361,22069991,OCH,NA
22069862,22072095,FEM,NA
22071511,22071837,MAL,NA
22071985,22072587,MAL,NA
22073443,22074817,FEM,NA
22074992,22076511,OCH,NA
22077244,22077511,NA,NA
22079815,22081492,OCH,NA
22079993,22082492,NA,NA
22080992,22082011,CHI,N
22089932,22095011,NA,NA
22090003,22091731,FEM,NA
22090010,22091212,OCH,NA
22091979,22092597,CHI,N
22093493,22094396,FEM,NA
22100919,22109492,NA,NA
22100992,22103117,CHI,Y
22101010,22102434,OCH,NA
22102848,22103560,FEM,NA
22103967,22105492,CHI,N
22104070,22105277,OCH,NA
22106010,22109307,FEM,NA
22109730,22110122,NA,NA
22110570,22119116,NA,NA
22110845,22112991,FEM,NA
22111993,22113014,MAL,NA
22113992,22115308,OCH,NA
22114028,22115358,CHI,N
22115511,22118992,FEM,NA
22119234,22121011,NA,NA
22119337,22120992,FEM,NA
22127011,22128010,FEM,NA
22127011,22128159,NA,NA
22138314,22139500,NA,NA
22138491,22138634,FEM,NA
22149111,22150690,NA,NA
22149492,22150511,FEM,NA
22151991,22155111,NA,NA
22152315,22155010,CHI,N
22158993,22159511,NA,NA
22158995,22159511,OCH,NA
22159936,22160348,NA,NA
22160483,22161637,NA,NA
22160547,22161519,FEM,NA
22162154,22162812,NA,NA
22163588,22167461,NA,NA
22163711,22164870,FEM,NA
22165993,22166109,OCH,NA
22168607,22170406,NA,NA
22168701,22170183,FEM,NA
22168861,22168979,MAL,NA
22172282,22174508,NA,NA
22172451,22174236,FEM,NA
22175635,22177137,NA,NA
22175674,22177102,FEM,NA
22177856,22179341,NA,NA
22177888,22179327,FEM,NA
22178156,22178483,MAL,NA
22180046,22181492,NA,NA
22180134,22181484,FEM,NA
22183991,22184998,CHI,N
22183991,22185010,NA,NA
22186654,22188206,NA,NA
22186992,22187517,CHI,N
22187164,22187277,OCH,NA
22189376,22190896,NA,NA
22189486,22190789,CHI,N
22192464,22193271,FEM,NA
22192488,22193271,NA,NA
22195099,22200167,NA,NA
22195328,22196511,FEM,NA
22196992,22198463,OCH,NA
22197255,22197491,CHI,N
22201511,22205251,NA,NA
22202009,22204635,FEM,NA
22205510,22215510,NA,NA
22205672,22207663,FEM,NA
22208926,22215511,FEM,NA
22219890,22223493,NA,NA
22219942,22222070,FEM,NA
22222547,22223306,FEM,NA
22222551,22222914,OCH,NA
22223044,22223240,OCH,NA
22234492,22239560,NA,NA
22234512,22235273,CHI,N
22235511,22238140,FEM,NA
22238464,22239492,FEM,NA
22245143,22246277,NA,NA
22245175,22246171,CHI,N
22247362,22248597,NA,NA
22247374,22248525,OCH,NA
22248010,22248511,FEM,NA
22249718,22250720,NA,NA
22249770,22250249,CHI,N
22254492,22255493,NA,NA
22254510,22255393,OCH,NA
22254510,22255398,CHI,N
22259176,22260079,NA,NA
22259190,22260012,FEM,NA
22260385,22260493,NA,NA
22261927,22263334,NA,NA
22261978,22263011,CHI,N
22263905,22266492,NA,NA
22263944,22266511,FEM,NA
22268237,22269511,NA,NA
22268275,22269539,FEM,NA
22296168,22297511,NA,NA
22296205,22297341,CHI,N
22299492,22301642,NA,NA
22299511,22301511,CHI,C
22304492,22304772,NA,NA
22305763,22307493,NA,NA
22305799,22307439,CHI,C
22316163,22317245,NA,NA
22316259,22317194,CHI,N
22316491,22317011,OCH,NA
22330011,22331023,NA,NA
22330124,22330937,CHI,N
22332194,22335316,NA,NA
22332350,22333514,CHI,C
22332436,22333626,OCH,NA
22334515,22335246,OCH,NA
22334684,22334826,CHI,N
22337378,22338492,NA,NA
22337432,22338239,CHI,N
22337770,22338011,OCH,NA
22340207,22341415,NA,NA
22340301,22341011,CHI,N
22341012,22341243,FEM,NA
22346012,22352853,FEM,NA
22346012,22354993,NA,NA
22348435,22348602,OCH,NA
22353209,22354817,CHI,N
22358276,22362078,NA,NA
22359238,22359410,CHI,N
22359491,22359803,FEM,NA
22359993,22361976,FEM,NA
22362821,22365096,NA,NA
22362899,22363756,CHI,N
22367912,22368992,NA,NA
22367991,22368605,CHI,N
22368083,22368512,OCH,NA
22369660,22371712,NA,NA
22369993,22371508,OCH,NA
22371819,22371971,NA,NA
22372268,22372386,NA,NA
22373088,22374497,OCH,NA
22373499,22373887,NA,NA
22373992,22374510,NA,NA
22376031,22380290,NA,NA
22377026,22378513,FEM,NA
22378866,22379919,FEM,NA
22379195,22379386,CHI,N
22379801,22380012,OCH,NA
22380634,22383204,NA,NA
22381377,22382813,FEM,NA
22383410,22385464,NA,NA
22383635,22384874,CHI,N
22383982,22385011,FEM,NA
22386950,22388511,NA,NA
22387219,22388454,CHI,N
22391343,22394105,NA,NA
22391400,22393001,CHI,N
22391805,22391957,MAL,NA
22392011,22393285,OCH,NA
22396414,22397319,NA,NA
22396471,22397011,CHI,N
22398091,22400118,NA,NA
22398289,22398826,CHI,N
22398512,22399928,FEM,NA
22402496,22403512,NA,NA
22402511,22403346,FEM,NA
22405511,22410843,NA,NA
22405513,22407457,CHI,N
22407513,22409217,FEM,NA
22409202,22410579,CHI,N
22411824,22423510,NA,NA
22411952,22415583,CHI,N
22414091,22414282,OCH,NA
22414492,22414625,OCH,NA
22414811,22415010,OCH,NA
22416477,22418011,CHI,C
22416991,22418415,FEM,NA
22418831,22420601,CHI,N
22421011,22422995,CHI,N
22423637,22424992,NA,NA
22424131,22424798,FEM,NA
22428892,22430564,NA,NA
22428993,22430353,CHI,N
22431136,22435805,NA,NA
22431511,22432677,CHI,N
22432488,22433512,FEM,NA
22434403,22435777,CHI,N
22439476,22457952,NA,NA
22439492,22441500,OCH,NA
22441821,22442172,OCH,NA
22442451,22443511,MAL,NA
22444034,22445355,CHI,N
22444538,22444663,OCH,NA
22445112,22445679,FEM,NA
22446602,22446992,CHI,N
22446958,22448291,FEM,NA
22447538,22447698,CHI,N
22448807,22449588,CHI,N
22450011,22455112,FEM,NA
22454310,22454475,MAL,NA
22454677,22454991,MAL,NA
22455827,22457827,CHI,N
22459397,22462617,NA,NA
22459511,22460510,CHI,N
22459646,22459781,OCH,NA
22460056,22460299,OCH,NA
22460993,22461992,CHI,N
22461511,22462311,FEM,NA
22481493,22482976,NA,NA
22481511,22482510,CHI,N
22484491,22487508,NA,NA
22484667,22486024,OCH,NA
22484993,22487487,CHI,N
22489010,22491079,NA,NA
22489419,22490987,CHI,N
22493145,22494011,NA,NA
22493228,22493891,OCH,NA
22493266,22493760,CHI,N
22495992,22496672,NA,NA
22496010,22496511,FEM,NA
22496992,22503075,NA,NA
22497492,22498567,CHI,N
22497838,22498520,OCH,NA
22499611,22499724,MAL,NA
22499814,22500572,FEM,NA
22501052,22502277,OCH,NA
22501155,22502470,CHI,N
22504321,22505747,NA,NA
22504632,22505012,CHI,N
22504691,22505012,FEM,NA
22508012,22509757,NA,NA
22508461,22509492,CHI,N
22510108,22512472,NA,NA
22510992,22512332,CHI,N
22520012,22523178,NA,NA
22521012,22521263,CHI,N
22521642,22522511,CHI,N
22522011,22523084,FEM,NA
22525493,22525994,NA,NA
22525660,22525827,OCH,NA
22531993,22532616,MAL,NA
22532511,22532659,NA,NA
22533618,22534529,NA,NA
22534310,22534492,FEM,NA
22547589,22548122,NA,NA
22550992,22551351,NA,NA
22551715,22552493,NA,NA
22552158,22552264,FEM,NA
22555441,22556783,OCH,NA
22555493,22557287,NA,NA
22556740,22557012,FEM,NA
22567493,22569012,NA,NA
22567645,22568911,FEM,NA
22569661,22569891,FEM,NA
22571050,22571978,NA,NA
22573473,22575992,NA,NA
22573492,22575601,CHI,N
22574511,22575512,OCH,NA
22583991,22585398,NA,NA
22584218,22585011,OCH,NA
22590490,22591114,NA,NA
22592204,22598070,NA,NA
22592309,22594332,FEM,NA
22594984,22597077,FEM,NA
22596914,22597017,OCH,NA
22600090,22600325,NA,NA
22604987,22606006,NA,NA
22605548,22605693,FEM,NA
22611511,22613681,NA,NA
22611886,22613012,OCH,NA
22611962,22613010,CHI,N
22614228,22619512,NA,NA
22614478,22615779,CHI,N
22616510,22617568,CHI,N
22616670,22617510,OCH,NA
22617512,22618040,FEM,NA
22618011,22619511,CHI,N
22618150,22618992,OCH,NA
22626699,22628208,NA,NA
22626899,22627991,CHI,C
22628511,22630990,MAL,NA
22629358,22641992,NA,NA
22630045,22631395,FEM,NA
22631624,22632491,CHI,N
22632011,22635992,FEM,NA
22634709,22635215,MAL,NA
22635982,22637492,CHI,N
22637809,22640992,FEM,NA
22639510,22641528,MAL,NA
22644296,22646512,NA,NA
22644399,22645106,FEM,NA
22645268,22646473,CHI,N
22648992,22652348,NA,NA
22649323,22651358,FEM,NA
22649595,22649782,OCH,NA
22651675,22652385,MAL,NA
22653275,22654730,NA,NA
22653528,22654510,CHI,N
22656115,22657511,OCH,NA
22656124,22657504,NA,NA
22656419,22657011,CHI,N
22658484,22661992,NA,NA
22658560,22660511,OCH,NA
22660336,22661899,CHI,C
22662966,22665382,NA,NA
22663010,22664046,FEM,NA
22664011,22664991,CHI,N
22664051,22664333,OCH,NA
22667013,22669315,NA,NA
22667199,22669145,FEM,NA
22675310,22675933,NA,NA
22675511,22675805,CHI,N
22676363,22680158,NA,NA
22676446,22678378,CHI,C
22678235,22678993,FEM,NA
22678815,22680010,CHI,N
22679318,22679510,OCH,NA
22681272,22699011,NA,NA
22681321,22689438,FEM,NA
22688222,22688715,MAL,NA
22691492,22691715,MAL,NA
22691978,22693490,CHI,N
22692012,22693511,OCH,NA
22694091,22698958,FEM,NA
22700512,22703136,NA,NA
22701492,22702992,CHI,N
22703510,22718611,NA,NA
22704308,22709409,FEM,NA
22704568,22704880,CHI,N
22710046,22710998,CHI,N
22710512,22712137,FEM,NA
22712434,22714135,OCH,NA
22712493,22713349,CHI,N
22713549,22715338,FEM,NA
22715463,22716040,CHI,N
22715851,22716583,FEM,NA
22716018,22716408,OCH,NA
22717010,22717987,CHI,N
22717427,22717559,OCH,NA
22719248,22723679,NA,NA
22719820,22721092,CHI,N
22719970,22720166,OCH,NA
22719992,22720098,FEM,NA
22720481,22720597,OCH,NA
22720751,22721247,OCH,NA
22721011,22723510,FEM,NA
22721992,22722093,MAL,NA
22725514,22744493,NA,NA
22725833,22729012,CHI,N
22728992,22730433,FEM,NA
22730993,22732920,CHI,N
22732191,22737512,FEM,NA
22733571,22733991,CHI,N
22738404,22738586,FEM,NA
22738588,22739305,CHI,N
22739010,22739396,FEM,NA
22739366,22739493,OCH,NA
22740394,22741214,FEM,NA
22741251,22744118,CHI,N
22744714,22746982,NA,NA
22744800,22746012,CHI,N
22745716,22746573,FEM,NA
22747630,22750161,NA,NA
22747983,22750173,FEM,NA
22752993,22753992,FEM,NA
22752993,22754643,NA,NA
22754861,22769993,NA,NA
22754993,22758672,CHI,N
22759426,22759993,FEM,NA
22760003,22760641,CHI,N
22761716,22762055,FEM,NA
22762183,22762988,FEM,NA
22763511,22765171,FEM,NA
22764689,22764871,MAL,NA
22765760,22767461,CHI,N
22767991,22769511,CHI,N
22768992,22769699,OCH,NA
22770653,22772882,NA,NA
22770688,22772765,CHI,N
22771974,22772568,OCH,NA
22775403,22780492,NA,NA
22775432,22776760,CHI,Y
22775568,22779491,OCH,NA
22776886,22776992,CHI,N
22777512,22777991,CHI,Y
22778707,22780302,CHI,N
22783918,22784510,NA,NA
22783923,22784492,OCH,NA
22786284,22786443,NA,NA
22789456,22790246,CHI,N
22789466,22790242,NA,NA
22791745,22803492,NA,NA
22791831,22792442,OCH,NA
22791993,22792607,CHI,N
22792759,22800992,CHI,N
22800012,22800201,MAL,NA
22801011,22802050,FEM,NA
22802011,22803164,CHI,N
22805493,22808740,NA,NA
22806492,22807511,CHI,N
22807322,22807643,FEM,NA
22808841,22810986,NA,NA
22809011,22810511,CHI,C
22811411,22821801,NA,NA
22811492,22812012,CHI,N
22811657,22812749,MAL,NA
22812511,22812808,FEM,NA
22813871,22814664,CHI,N
22814511,22816011,FEM,NA
22816834,22817906,CHI,N
22818412,22821642,CHI,N
22823993,22830073,NA,NA
22824011,22829620,CHI,Y
22829042,22829253,MAL,NA
22829383,22829511,MAL,NA
22831254,22834340,NA,NA
22831370,22834011,CHI,Y
22832030,22832670,OCH,NA
22839423,22848827,NA,NA
22839492,22848724,CHI,C
22850512,22851305,OCH,NA
22850512,22851369,NA,NA
22850829,22850993,CHI,N
22852938,22859563,NA,NA
22852999,22853492,OCH,NA
22853011,22853818,CHI,N
22853688,22855970,FEM,NA
22856212,22857569,CHI,N
22857525,22859511,FEM,NA
22859990,22861386,NA,NA
22860073,22860993,FEM,NA
22861943,22864456,NA,NA
22862242,22863526,CHI,N
22863485,22864342,FEM,NA
22867010,22869791,NA,NA
22867378,22869511,CHI,N
22867491,22868510,OCH,NA
22869915,22872492,NA,NA
22870355,22871497,OCH,NA
22870519,22871531,CHI,N
22871492,22872240,FEM,NA
22873011,22875976,NA,NA
22873155,22875739,CHI,Y
22873318,22875492,OCH,NA
22878011,22883084,NA,NA
22878214,22883012,CHI,N
22885765,22886194,NA,NA
22885809,22885991,FEM,NA
22886987,22893022,NA,NA
22887060,22887511,CHI,N
22887510,22889010,FEM,NA
22889304,22893011,CHI,N
22892011,22892136,OCH,NA
22897488,22899918,NA,NA
22897492,22899011,CHI,C
22901587,22902100,NA,NA
22901712,22901921,FEM,NA
22904011,22904421,FEM,NA
22904011,22904512,NA,NA
22909763,22913492,NA,NA
22909993,22911039,FEM,NA
22912075,22912542,FEM,NA
22915008,22916269,NA,NA
22915023,22916157,CHI,N
22917593,22917991,NA,NA
22924620,22946962,NA,NA
22924713,22935493,CHI,Y
22925273,22927698,OCH,NA
22932492,22934011,OCH,NA
22936179,22937011,CHI,N
22936510,22936912,OCH,NA
22936794,22937511,FEM,NA
22938491,22939525,CHI,N
22938537,22939003,OCH,NA
22939296,22939510,OCH,NA
22939991,22940099,CHI,N
22939991,22941113,FEM,NA
22940332,22942296,CHI,N
22941252,22942229,FEM,NA
22943495,22945059,FEM,NA
22945013,22946773,CHI,C
22948226,22949492,NA,NA
22948409,22949017,CHI,N
22952658,22958264,NA,NA
22953078,22953491,CHI,N
22953157,22953797,FEM,NA
22953875,22955011,CHI,N
22954992,22958178,FEM,NA
22963483,22964028,NA,NA
22963510,22963993,CHI,N
22971511,22973355,NA,NA
22971568,22973011,OCH,NA
22981992,22983123,NA,NA
22982167,22983122,CHI,N
22991992,22993982,NA,NA
22991992,22994012,OCH,NA
22992287,22992491,CHI,N
22994645,22995511,NA,NA
22994670,22995036,OCH,NA
22995309,22995410,OCH,NA
22998124,23001015,NA,NA
22998279,22998998,OCH,NA
22998517,22998666,CHI,N
22998767,23000266,CHI,C
23010011,23046186,NA,NA
23010220,23011177,FEM,NA
23010569,23011011,MAL,NA
23011992,23012815,OCH,NA
23012021,23012492,CHI,N
23013511,23016110,FEM,NA
23015919,23016251,MAL,NA
23016398,23016585,MAL,NA
23016872,23018011,OCH,NA
23017510,23017903,CHI,N
23018109,23018276,FEM,NA
23018492,23018600,FEM,NA
23018595,23018715,MAL,NA
23018926,23020595,MAL,NA
23019645,23019993,FEM,NA
23020511,23021658,FEM,NA
23020701,23020819,MAL,NA
23022392,23037610,FEM,NA
23023562,23024583,MAL,NA
23026098,23026287,MAL,NA
23026970,23027380,MAL,NA
23028968,23030261,MAL,NA
23031289,23032595,MAL,NA
23034360,23036039,MAL,NA
23037311,23039490,MAL,NA
23038511,23038614,FEM,NA
23038722,23043356,FEM,NA
23042492,23045511,MAL,NA
23047011,23047195,NA,NA
23047467,23058993,NA,NA
23047511,23052493,FEM,NA
23048012,23050015,MAL,NA
23052325,23053012,CHI,N
23052634,23052798,FEM,NA
23052992,23053546,FEM,NA
23055298,23056084,MAL,NA
23056512,23058913,FEM,NA
23056878,23056993,CHI,N
23059919,23067992,NA,NA
23060590,23060710,FEM,NA
23060707,23061129,MAL,NA
23061103,23061918,FEM,NA
23061243,23061445,MAL,NA
23061993,23062126,MAL,NA
23062234,23062384,MAL,NA
23062492,23067548,MAL,NA
23063992,23065303,FEM,NA
23067705,23069183,MAL,NA
23069011,23069156,NA,NA
23070012,23070149,NA,NA
23070462,23089008,NA,NA
23070511,23073491,FEM,NA
23071114,23071418,MAL,NA
23073491,23073847,CHI,N
23073868,23076511,MAL,NA
23075511,23076562,FEM,NA
23076833,23077894,CHI,N
23077783,23079011,FEM,NA
23079011,23089487,MAL,NA
23081912,23082379,CHI,N
23090405,23091596,NA,NA
23090493,23091197,CHI,N
23092012,23095122,NA,NA
23092234,23092430,CHI,N
23094047,23094911,FEM,NA
23095511,23099488,MAL,NA
23096262,23099056,NA,NA
23099729,23101511,NA,NA
23099992,23100993,FEM,NA
23100338,23100512,OCH,NA
23103011,23127512,NA,NA
23103082,23106094,MAL,NA
23103692,23103992,FEM,NA
23106160,23107512,CHI,N
23106992,23117993,MAL,NA
23112010,23113260,FEM,NA
23117010,23118448,FEM,NA
23118289,23127245,MAL,NA
23126722,23126926,CHI,N
23131011,23134492,NA,NA
23131428,23134953,MAL,NA
23131492,23131992,FEM,NA
23138992,23140992,NA,NA
23139010,23140833,FEM,NA
23142993,23146883,NA,NA
23143205,23143333,MAL,NA
23144493,23147397,MAL,NA
23152512,23157993,MAL,NA
23153492,23157746,NA,NA
23168511,23171675,NA,NA
23168734,23170557,FEM,NA
23170420,23170542,MAL,NA
23170992,23171147,CHI,N
23171030,23171273,OCH,NA
23172546,23173992,OCH,NA
23172548,23172715,NA,NA
23172954,23175004,NA,NA
23174537,23174869,FEM,NA
23182011,23186147,MAL,NA
23182374,23218011,NA,NA
23186512,23187962,FEM,NA
23187011,23199492,MAL,NA
23199467,23200512,OCH,NA
23199492,23200511,CHI,N
23200511,23201993,FEM,NA
23203010,23204876,MAL,NA
23205012,23206608,FEM,NA
23205077,23210150,MAL,NA
23209991,23212991,FEM,NA
23211993,23218837,MAL,NA
23221510,23255036,NA,NA
23221583,23223188,CHI,N
23222992,23255011,MAL,NA
23224501,23225011,FEM,NA
23225466,23225913,FEM,NA
23226855,23226992,FEM,NA
23248048,23249928,FEM,NA
23255542,23255920,MAL,NA
23257785,23259000,MAL,NA
23258225,23258510,NA,NA
23265510,23268001,MAL,NA
23266011,23267511,NA,NA
23269586,23280011,NA,NA
23269810,23272275,CHI,N
23270286,23271120,OCH,NA
23271287,23271462,OCH,NA
23271492,23277189,MAL,NA
23277011,23277171,FEM,NA
23277512,23280015,FEM,NA
23282277,23287145,NA,NA
23282321,23284965,CHI,Y
23284712,23295397,MAL,NA
23288168,23294172,NA,NA
23298511,23301991,MAL,NA
23298644,23320116,NA,NA
23302121,23302897,CHI,N
23302591,23305492,MAL,NA
23305492,23305973,CHI,N
23305550,23305697,OCH,NA
23305644,23309890,MAL,NA
23309512,23311387,FEM,NA
23310946,23314908,MAL,NA
23313076,23313675,FEM,NA
23314105,23315474,FEM,NA
23315204,23318835,MAL,NA
23318746,23320010,FEM,NA
23320511,23325493,MAL,NA
23320700,23335002,NA,NA
23325835,23326448,MAL,NA
23325975,23326432,FEM,NA
23326993,23330012,MAL,NA
23329898,23332203,FEM,NA
23332226,23333011,MAL,NA
23333095,23334511,FEM,NA
23339413,23344793,NA,NA
23339492,23344060,FEM,NA
23345012,23357170,NA,NA
23345493,23349511,FEM,NA
23349011,23354750,MAL,NA
23355010,23356871,CHI,N
23355336,23356966,OCH,NA
23359057,23365765,NA,NA
23359210,23360763,CHI,N
23359992,23360446,OCH,NA
23360614,23366490,MAL,NA
23365992,23384492,NA,NA
23366510,23368491,CHI,Y
23367796,23372479,MAL,NA
23372575,23373134,OCH,NA
23372724,23373132,FEM,NA
23373098,23373204,CHI,N
23373255,23373510,OCH,NA
23373844,23374246,MAL,NA
23374882,23376917,OCH,NA
23378011,23378281,FEM,NA
23378382,23379492,FEM,NA
23379011,23382421,MAL,NA
23383188,23384337,MAL,NA
23387346,23395127,NA,NA
23387636,23388510,MAL,NA
23388661,23390943,CHI,Y
23390773,23392493,MAL,NA
23392493,23395011,FEM,NA
23395510,23401151,MAL,NA
23396057,23442293,NA,NA
23401013,23403492,CHI,N
23403011,23403161,OCH,NA
23403573,23405394,MAL,NA
23403700,23404235,OCH,NA
23405382,23408301,CHI,N
23406843,23408131,OCH,NA
23409746,23411493,FEM,NA
23411012,23416512,MAL,NA
23413712,23413992,FEM,NA
23416445,23417918,FEM,NA
23417684,23419831,OCH,NA
23418332,23419512,FEM,NA
23420406,23421012,CHI,N
23420782,23422350,FEM,NA
23422181,23423011,CHI,N
23422492,23425011,FEM,NA
23424512,23425366,OCH,NA
23425492,23426612,MAL,NA
23426518,23428551,CHI,N
23428826,23430696,MAL,NA
23430011,23430441,FEM,NA
23430992,23432666,CHI,C
23432492,23433584,FEM,NA
23432552,23433580,MAL,NA
23433992,23434993,CHI,N
23434637,23441728,MAL,NA
23441019,23441905,CHI,N
23443012,23443566,FEM,NA
23443012,23448512,NA,NA
23443737,23444512,FEM,NA
23444834,23446493,CHI,N
23446378,23448341,FEM,NA
23449520,23451175,MAL,NA
23449870,23453650,NA,NA
23451285,23452510,FEM,NA
23451368,23451483,MAL,NA
23452519,23453420,CHI,N
23455011,23460310,NA,NA
23455378,23457125,FEM,NA
23456717,23458366,CHI,N
23458751,23460165,CHI,C
23462921,23464492,NA,NA
23462992,23464011,FEM,NA
23464880,23465231,NA,NA
23464991,23465202,MAL,NA
23466512,23470987,NA,NA
23467116,23467992,FEM,NA
23467992,23469583,CHI,N
23469492,23471104,MAL,NA
23471993,23472425,NA,NA
23474325,23479021,NA,NA
23474492,23476654,FEM,NA
23474549,23475011,MAL,NA
23476676,23478498,MAL,NA
23478267,23478714,FEM,NA
23479981,23487366,NA,NA
23479991,23480548,OCH,NA
23480294,23480785,CHI,N
23481993,23482386,CHI,N
23482059,23485490,MAL,NA
23485474,23486826,CHI,N
23488228,23494473,NA,NA
23488318,23491649,CHI,Y
23488972,23490187,MAL,NA
23491510,23494365,MAL,NA
23495005,23496952,MAL,NA
23495041,23496642,NA,NA
23497992,23504308,NA,NA
23498346,23499951,OCH,NA
23498372,23500110,CHI,Y
23500329,23501291,CHI,N
23500493,23500820,OCH,NA
23501011,23501851,FEM,NA
23502083,23503460,CHI,N
23502992,23503993,FEM,NA
23505010,23507310,MAL,NA
23505491,23507111,NA,NA
23507510,23511511,MAL,NA
23508536,23510752,NA,NA
23512459,23549775,NA,NA
23512493,23513946,FEM,NA
23513095,23513868,MAL,NA
23514020,23515390,MAL,NA
23515417,23516948,CHI,N
23516492,23521511,MAL,NA
23521786,23522920,CHI,N
23521798,23522107,OCH,NA
23522165,23527511,MAL,NA
23527010,23528424,FEM,NA
23527992,23530142,MAL,NA
23530011,23531992,CHI,N
23531541,23533991,MAL,NA
23534310,23534992,MAL,NA
23535014,23536511,CHI,N
23536151,23545086,MAL,NA
23543455,23543713,FEM,NA
23544493,23547993,FEM,NA
23548156,23549670,FEM,NA
23550492,23557510,NA,NA
23550900,23557491,FEM,NA
23561012,23564335,MAL,NA
23561990,23563743,NA,NA
23565239,23567011,NA,NA
23565497,23566876,FEM,NA
23569979,23575717,NA,NA
23569993,23571567,CHI,N
23571950,23574491,FEM,NA
23574491,23575477,CHI,N
23575944,23577215,NA,NA
23576560,23577038,MAL,NA
23578580,23581408,NA,NA
23578744,23579056,CHI,N
23579412,23581857,MAL,NA
23581510,23581625,NA,NA
23582473,23587142,NA,NA
23583304,23587511,MAL,NA
23583812,23583930,FEM,NA
23589799,23608836,NA,NA
23589959,23590992,CHI,N
23590084,23590217,OCH,NA
23591010,23607794,MAL,NA
23607418,23608338,CHI,N
23612992,23615493,NA,NA
23612995,23614991,FEM,NA
23614389,23615592,MAL,NA
23616694,23619011,NA,NA
23616993,23618316,CHI,N
23618491,23619473,MAL,NA
23620370,23622285,NA,NA
23620535,23621969,CHI,N
23621510,23621998,FEM,NA
23624011,23625503,NA,NA
23624045,23625329,CHI,C
23631392,23632511,MAL,NA
23631510,23644011,NA,NA
23632514,23633548,CHI,C
23632673,23633993,OCH,NA
23633513,23636491,FEM,NA
23636200,23637992,MAL,NA
23637612,23637772,FEM,NA
23637869,23639651,CHI,N
23639231,23642493,MAL,NA
23642012,23642134,CHI,N
23643510,23643864,FEM,NA
23647002,23659419,NA,NA
23647466,23649992,FEM,NA
23649852,23651369,CHI,N
23651025,23656511,FEM,NA
23657010,23658341,CHI,N
23661418,23669170,NA,NA
23663220,23663887,MAL,NA
23664034,23665511,CHI,N
23665492,23668511,MAL,NA
23667270,23667648,FEM,NA
23667991,23668300,FEM,NA
23671798,23677512,NA,NA
23671992,23674511,FEM,NA
23673511,23673715,MAL,NA
23673857,23678013,MAL,NA
23679493,23686513,NA,NA
23680011,23687828,MAL,NA
23691828,23692491,NA,NA
23692105,23692211,OCH,NA
23696936,23700362,CHI,N
23696955,23700511,NA,NA
23699706,23700020,FEM,NA
23701511,23703492,NA,NA
23701521,23703038,FEM,NA
23704491,23707010,NA,NA
23704626,23705011,CHI,N
23704795,23705510,OCH,NA
23705011,23706830,FEM,NA
23709993,23711657,CHI,Y
23709993,23712005,NA,NA
23717510,23723269,NA,NA
23717747,23719126,CHI,N
23719102,23720511,FEM,NA
23720421,23721152,CHI,N
23721161,23721848,FEM,NA
23721262,23721387,MAL,NA
23721491,23723428,MAL,NA
23723719,23724537,NA,NA
23723992,23724510,FEM,NA
23727796,23729492,NA,NA
23727835,23729128,FEM,NA
23732220,23733010,FEM,NA
23732231,23733043,NA,NA
23735492,23740011,NA,NA
23736011,23739011,FEM,NA
23736404,23736512,OCH,NA
23738120,23739814,MAL,NA
23739321,23739510,FEM,NA
23745444,23746809,NA,NA
23745577,23746492,FEM,NA
23745612,23746451,OCH,NA
23745801,23745939,CHI,N
23751080,23752511,FEM,NA
23751095,23752511,NA,NA
23757062,23757492,NA,NA
23757125,23757511,MAL,NA
23760937,23763011,NA,NA
23760972,23763490,MAL,NA
23766492,23769511,MAL,NA
23766785,23769013,NA,NA
23769858,23769973,MAL,NA
23772501,23773667,NA,NA
23772617,23773584,FEM,NA
23776011,23778414,FEM,NA
23776011,23779016,NA,NA
23777035,23779723,MAL,NA
23780171,23780304,MAL,NA
23781516,23784972,MAL,NA
23782226,23784992,NA,NA
23786541,23787375,NA,NA
23788797,23790054,MAL,NA
23789253,23789749,NA,NA
23790512,23800492,NA,NA
23790961,23793492,FEM,NA
23792182,23797938,MAL,NA
23797446,23800492,FEM,NA
23801511,23801617,NA,NA
23802253,23803784,NA,NA
23802351,23803321,CHI,N
23802798,23809025,MAL,NA
23803949,23809163,NA,NA
23810369,23816037,NA,NA
23810492,23812104,CHI,C
23812105,23814803,FEM,NA
23812993,23814223,MAL,NA
23814461,23814697,MAL,NA
23814916,23816305,MAL,NA
23816511,23819570,MAL,NA
23817127,23825492,NA,NA
23819010,23823829,FEM,NA
23820097,23821575,MAL,NA
23823011,23825515,MAL,NA
23825693,23825894,MAL,NA
23825760,23836634,NA,NA
23825892,23827173,CHI,N
23826877,23827078,OCH,NA
23827959,23829491,FEM,NA
23828722,23829542,OCH,NA
23829010,23829361,CHI,N
23829847,23832493,MAL,NA
23832692,23833144,CHI,N
23833212,23833325,MAL,NA
23833492,23836491,MAL,NA
23835992,23836254,FEM,NA
23838369,23839297,MAL,NA
23838573,23839170,NA,NA
23841493,23842991,MAL,NA
23841493,23846493,NA,NA
23841992,23842355,FEM,NA
23843012,23844011,CHI,N
23843989,23844833,MAL,NA
23844011,23844512,FEM,NA
23844993,23846130,CHI,N
23847802,23848379,NA,NA
23849512,23860012,NA,NA
23849546,23850678,CHI,N
23851493,23852047,FEM,NA
23851511,23851666,OCH,NA
23851635,23857319,MAL,NA
23854011,23854676,CHI,N
23858439,23859511,FEM,NA
23865011,23866488,MAL,NA
23865214,23866010,NA,NA
23874742,23874852,MAL,NA
23874991,23876346,MAL,NA
23875008,23881900,NA,NA
23876618,23878157,FEM,NA
23877052,23877491,MAL,NA
23878015,23879309,CHI,N
23879251,23880982,FEM,NA
23879745,23879851,MAL,NA
23883098,23885511,NA,NA
23883491,23885470,FEM,NA
23884976,23885173,MAL,NA
23890012,23891993,MAL,NA
23890584,23892216,NA,NA
23892513,23892712,MAL,NA
23892992,23895992,MAL,NA
23893464,23896512,NA,NA
23895456,23895839,FEM,NA
23902309,23902511,MAL,NA
23902319,23902722,NA,NA
23902992,23919774,NA,NA
23903492,23904012,OCH,NA
23903492,23904599,CHI,N
23904312,23912377,MAL,NA
23906011,23906293,FEM,NA
23912150,23912643,FEM,NA
23912471,23912618,CHI,N
23912538,23919777,MAL,NA
23921511,23923317,MAL,NA
23921777,23923510,NA,NA
23926118,23927824,NA,NA
23926199,23927287,CHI,N
23927152,23927511,FEM,NA
23928863,23929481,NA,NA
23928949,23929420,CHI,N
23938249,23938372,MAL,NA
23944263,23945993,NA,NA
23944510,23945036,CHI,N
23948798,23948992,NA,NA
23982492,23983991,MAL,NA
23991512,23993669,NA,NA
23991900,23992956,MAL,NA
23991992,23993015,FEM,NA
23993071,23993476,CHI,N
23996633,23997726,NA,NA
23996643,23997578,CHI,N
23998245,24001267,NA,NA
23998444,24000493,CHI,N
24024678,24024842,MAL,NA
24025052,24025842,MAL,NA
24031723,24036247,NA,NA
24031809,24033497,FEM,NA
24033311,24033561,OCH,NA
24033972,24036638,MAL,NA
24036755,24038010,NA,NA
24036875,24037825,CHI,N
24047012,24050492,NA,NA
24047024,24048993,CHI,C
24048556,24050512,MAL,NA
24052992,24055054,NA,NA
24053011,24053910,OCH,NA
24053176,24053993,CHI,N
24053735,24055095,MAL,NA
24056117,24057173,NA,NA
24056229,24057100,CHI,N
24058578,24059170,NA,NA
24058634,24059167,OCH,NA
24059361,24060664,NA,NA
24059455,24060403,OCH,NA
24059516,24060556,CHI,N
24061480,24062494,NA,NA
24061490,24062492,CHI,N
24064511,24066011,CHI,N
24064511,24068991,NA,NA
24066050,24067511,MAL,NA
24067503,24068991,CHI,N
24069498,24071801,NA,NA
24069785,24071516,FEM,NA
24072155,24073822,NA,NA
24072267,24073765,CHI,N
24077199,24078141,MAL,NA
24077567,24077977,NA,NA
24078533,24083511,NA,NA
24078727,24080286,CHI,C
24079992,24080168,OCH,NA
24080434,24083628,MAL,NA
24090011,24091012,FEM,NA
24090011,24091110,NA,NA
24092488,24104198,NA,NA
24092525,24093492,CHI,N
24092630,24093253,OCH,NA
24093404,24095471,MAL,NA
24095510,24096587,CHI,C
24096493,24101993,MAL,NA
24101511,24102348,FEM,NA
24103285,24104038,CHI,N
24105511,24106130,NA,NA
24107492,24126331,NA,NA
24107561,24108808,CHI,N
24107720,24108544,OCH,NA
24108492,24111268,MAL,NA
24110511,24110676,FEM,NA
24111493,24112310,FEM,NA
24112210,24112745,CHI,N
24112510,24113463,MAL,NA
24113373,24117712,CHI,N
24113405,24114011,OCH,NA
24116243,24116511,OCH,NA
24117818,24119936,CHI,N
24118511,24119032,OCH,NA
24119603,24121971,MAL,NA
24121618,24121739,FEM,NA
24121992,24123492,FEM,NA
24123741,24125992,CHI,N
24123877,24123988,MAL,NA
24130373,24131554,NA,NA
24130378,24131492,CHI,N
24132338,24133271,NA,NA
24132492,24133012,CHI,N
24136922,24138476,NA,NA
24137006,24138181,CHI,N
24139011,24154207,NA,NA
24139242,24140368,CHI,N
24139816,24139991,FEM,NA
24140012,24143492,MAL,NA
24143302,24145011,CHI,C
24144556,24154492,MAL,NA
24156492,24163922,NA,NA
24156502,24158492,CHI,C
24158172,24160156,MAL,NA
24158491,24160492,FEM,NA
24160289,24160966,CHI,N
24161471,24162848,MAL,NA
24162199,24163181,FEM,NA
24163240,24163761,CHI,N
24167492,24168246,CHI,N
24167492,24168479,NA,NA
24172012,24174992,MAL,NA
24172607,24176395,NA,NA
24174001,24175869,FEM,NA
24176011,24180989,MAL,NA
24176991,24178721,NA,NA
24179195,24180422,NA,NA
24183011,24194267,NA,NA
24183438,24184499,FEM,NA
24183475,24190512,MAL,NA
24190955,24192492,CHI,N
24191011,24192069,OCH,NA
24192435,24195407,MAL,NA
24195993,24200490,NA,NA
24196011,24200993,MAL,NA
24196433,24196992,FEM,NA
24201511,24207088,NA,NA
24201512,24203491,CHI,C
24203011,24207368,MAL,NA
24205011,24205198,CHI,N
24211992,24212682,NA,NA
24213487,24219822,NA,NA
24213703,24214942,OCH,NA
24213803,24215612,CHI,N
24215134,24215244,OCH,NA
24215492,24218769,MAL,NA
24218992,24219827,CHI,N
24221511,24223541,MAL,NA
24222011,24224643,NA,NA
24223681,24224385,OCH,NA
24223992,24224409,CHI,N
24225645,24225991,NA,NA
24225672,24225988,MAL,NA
24226511,24228784,MAL,NA
24227011,24228511,NA,NA
24230583,24232492,NA,NA
24230841,24231349,CHI,N
24231083,24232511,MAL,NA
24234491,24235524,MAL,NA
24234512,24235487,NA,NA
24237846,24239010,NA,NA
24237993,24238666,CHI,N
24237996,24238833,FEM,NA
24246992,24247932,FEM,NA
24246992,24248075,NA,NA
24248012,24251011,MAL,NA
24248492,24250579,NA,NA
24254471,24257011,NA,NA
24254605,24255575,CHI,C
24254758,24257149,MAL,NA
24257942,24259093,NA,NA
24258089,24258303,MAL,NA
24259490,24260432,NA,NA
24259510,24260330,FEM,NA
24268181,24268760,NA,NA
24268223,24268621,CHI,N
24269011,24271914,NA,NA
24269492,24271615,FEM,NA
24272231,24272484,MAL,NA
24276491,24279010,MAL,NA
24277011,24278511,NA,NA
24282452,24292012,NA,NA
24282545,24283375,CHI,N
24282710,24292489,MAL,NA
24287020,24287828,CHI,N
24297401,24301787,NA,NA
24297481,24298858,CHI,C
24299106,24300431,MAL,NA
24300493,24301511,CHI,N
24301281,24301671,FEM,NA
24302815,24304258,NA,NA
24302825,24303935,CHI,N
24303782,24304244,FEM,NA
24309872,24310690,NA,NA
24309992,24310314,FEM,NA
24310230,24310515,CHI,N
24315744,24318463,NA,NA
24315890,24317709,FEM,NA
24315992,24317413,MAL,NA
24317953,24318805,MAL,NA
24319280,24321735,NA,NA
24319455,24321011,FEM,NA
24319492,24323355,MAL,NA
24321846,24322511,NA,NA
24324492,24328491,NA,NA
24324521,24326043,CHI,N
24326225,24328010,FEM,NA
24326433,24327918,MAL,NA
24329012,24336781,NA,NA
24329356,24330011,FEM,NA
24329390,24334539,MAL,NA
24331993,24332607,CHI,N
24334511,24336398,FEM,NA
24336011,24336851,MAL,NA
24341067,24342992,NA,NA
24341133,24342512,CHI,C
24342385,24342559,MAL,NA
24343991,24344192,OCH,NA
24347258,24353510,NA,NA
24347265,24347479,MAL,NA
24347557,24349493,OCH,NA
24348992,24349648,CHI,N
24349555,24352221,FEM,NA
24352490,24353011,CHI,N
24353646,24353992,NA,NA
24355758,24356048,NA,NA
24355794,24355991,FEM,NA
24371454,24372089,NA,NA
24371493,24371947,FEM,NA
24374491,24378153,NA,NA
24374670,24374830,CHI,N
24375512,24376714,CHI,N
24376580,24376894,MAL,NA
24377336,24378011,OCH,NA
24379517,24379671,OCH,NA
24379530,24379635,NA,NA
24380902,24381010,NA,NA
24381324,24382743,NA,NA
24381420,24381992,CHI,N
24382885,24387435,NA,NA
24382895,24385364,CHI,N
24385011,24387490,MAL,NA
24387829,24389511,NA,NA
24388325,24388992,CHI,N
24388813,24388973,FEM,NA
24391392,24401549,NA,NA
24392433,24395744,FEM,NA
24395992,24397020,CHI,C
24396844,24398493,FEM,NA
24397492,24401658,MAL,NA
24399463,24400135,FEM,NA
24407045,24408010,MAL,NA
24407158,24408481,NA,NA
24429728,24429917,NA,NA
24430815,24430920,NA,NA
24431777,24431993,NA,NA
24435429,24437493,NA,NA
24435493,24437415,FEM,NA
24440206,24447079,NA,NA
24440260,24440771,CHI,N
24440641,24442388,FEM,NA
24442012,24443389,CHI,N
24442339,24442476,OCH,NA
24442582,24442992,OCH,NA
24443993,24445384,OCH,NA
24446510,24446807,CHI,N
24450704,24451872,NA,NA
24450829,24451720,FEM,NA
24450992,24451567,CHI,N
24454347,24456688,NA,NA
24454492,24454992,FEM,NA
24454992,24456308,CHI,N
24455044,24455204,OCH,NA
24455491,24455793,OCH,NA
24456912,24461780,NA,NA
24456970,24459012,CHI,C
24459310,24460655,CHI,C
24460512,24462011,MAL,NA
24460804,24460966,CHI,N
24468991,24469099,NA,NA
24477491,24478492,CHI,N
24477491,24480358,NA,NA
24478349,24479657,FEM,NA
24480510,24480611,NA,NA
24481977,24483011,NA,NA
24482032,24482876,MAL,NA
24483325,24483492,NA,NA
24488853,24489358,MAL,NA
24490510,24493227,NA,NA
24490875,24493008,FEM,NA
24494992,24500706,NA,NA
24495235,24497981,CHI,N
24497924,24500511,FEM,NA
24502107,24511282,NA,NA
24502255,24503510,CHI,N
24502492,24503552,OCH,NA
24503254,24504413,FEM,NA
24504992,24505684,CHI,N
24505484,24506512,FEM,NA
24505509,24505671,OCH,NA
24505831,24506481,OCH,NA
24506012,24506368,CHI,N
24507706,24508609,OCH,NA
24507993,24508746,CHI,N
24509993,24510511,OCH,NA
24510053,24510706,FEM,NA
24511511,24511627,NA,NA
24512444,24513811,NA,NA
24512517,24513351,CHI,N
24512925,24513080,OCH,NA
24514154,24514282,NA,NA
24514594,24519878,NA,NA
24514878,24515992,CHI,N
24516820,24518205,CHI,N
24517915,24519986,MAL,NA
24521368,24526512,NA,NA
24521493,24522011,FEM,NA
24522178,24522298,FEM,NA
24522402,24526671,MAL,NA
24532492,24537158,NA,NA
24532504,24532705,OCH,NA
24533174,24533992,OCH,NA
24533243,24534060,CHI,C
24533834,24535447,MAL,NA
24535241,24536012,CHI,N
24535492,24535816,OCH,NA
24536706,24536844,CHI,N
24537457,24539055,NA,NA
24537492,24538704,CHI,N
24537992,24539020,FEM,NA
24540597,24541010,FEM,NA
24540597,24541107,NA,NA
24547998,24554491,NA,NA
24548005,24549991,CHI,N
24549450,24554511,MAL,NA
24554789,24555815,NA,NA
24558010,24567916,NA,NA
24558113,24559856,CHI,C
24559667,24562016,MAL,NA
24561969,24566708,FEM,NA
24566760,24567491,MAL,NA
24568508,24569814,NA,NA
24568596,24569529,CHI,N
24568795,24569011,OCH,NA
24569155,24569381,OCH,NA
24570164,24572553,NA,NA
24570461,24572473,FEM,NA
24573419,24575071,NA,NA
24573493,24574995,OCH,NA
24573581,24574011,CHI,N
24577212,24584893,NA,NA
24577427,24579492,CHI,N
24579118,24593993,MAL,NA
24585479,24587764,NA,NA
24588276,24591749,NA,NA
24592511,24593991,NA,NA
24594511,24601465,NA,NA
24594675,24595256,FEM,NA
24595409,24597017,FEM,NA
24597010,24599872,MAL,NA
24599012,24601263,FEM,NA
24600011,24600340,CHI,N
24605873,24607306,NA,NA
24605993,24607029,CHI,N
24607731,24611057,NA,NA
24607883,24608440,CHI,N
24608122,24609992,MAL,NA
24610085,24611011,FEM,NA
24610360,24610510,OCH,NA
24610557,24610667,CHI,N
24613511,24617392,NA,NA
24613512,24614877,CHI,N
24614511,24616138,MAL,NA
24615255,24616301,FEM,NA
24616430,24617161,FEM,NA
24616641,24616886,MAL,NA
24622993,24624060,NA,NA
24623052,24623492,CHI,N
24623217,24624010,FEM,NA
24627056,24629675,NA,NA
24627201,24629010,FEM,NA
24628202,24629638,CHI,N
24631012,24635435,NA,NA
24631022,24632176,CHI,N
24631989,24632492,FEM,NA
24632019,24634687,MAL,NA
24634682,24635143,CHI,N
24635011,24635159,FEM,NA
24638735,24640622,NA,NA
24638811,24640401,CHI,N
24642011,24642510,NA,NA
24642127,24642481,FEM,NA
24645992,24648165,CHI,N
24646012,24651371,NA,NA
24647733,24647971,FEM,NA
24648816,24650790,CHI,N
24649993,24650741,FEM,NA
24652080,24652492,NA,NA
24658177,24659826,FEM,NA
24658211,24661512,NA,NA
24659492,24661608,MAL,NA
24662873,24666452,NA,NA
24662883,24664491,FEM,NA
24665357,24666275,CHI,N
24673059,24676291,NA,NA
24673132,24674492,FEM,NA
24673992,24676378,MAL,NA
24682487,24685992,NA,NA
24682492,24685492,FEM,NA
24684024,24684194,MAL,NA
24684316,24685593,MAL,NA
24687401,24689742,NA,NA
24687551,24689458,CHI,N
24688398,24689681,OCH,NA
24690992,24692573,FEM,NA
24690992,24696169,NA,NA
24692474,24693497,CHI,N
24693491,24695511,FEM,NA
24694021,24696510,MAL,NA
24699492,24702491,MAL,NA
24700359,24701991,NA,NA
24706510,24709490,MAL,NA
24707055,24717050,NA,NA
24709592,24710404,OCH,NA
24709646,24710512,CHI,N
24711018,24712292,FEM,NA
24712992,24714308,CHI,N
24713999,24716991,FEM,NA
24715417,24716784,MAL,NA
24718993,24719511,NA,NA
24723227,24725758,NA,NA
24723775,24724492,CHI,N
24724990,24725491,FEM,NA
24725127,24725659,MAL,NA
24727849,24728396,NA,NA
24727992,24728389,MAL,NA
24733905,24734992,MAL,NA
24734319,24734486,NA,NA
24739069,24739273,MAL,NA
24742198,24743590,NA,NA
24742226,24743839,MAL,NA
24744511,24746219,MAL,NA
24747155,24747307,NA,NA
24747169,24747390,MAL,NA
24748485,24749536,NA,NA
24748492,24749930,MAL,NA
24750505,24750821,NA,NA
24756492,24757370,NA,NA
24757804,24759011,MAL,NA
24760991,24766992,NA,NA
24761352,24762825,CHI,N
24763307,24763493,CHI,N
24763352,24766244,MAL,NA
24766012,24766834,CHI,N
24770971,24774010,NA,NA
24770975,24773992,CHI,N
24775750,24781493,NA,NA
24775990,24777608,CHI,N
24777468,24781894,MAL,NA
24781786,24782866,NA,NA
24784319,24786017,NA,NA
24784491,24785014,OCH,NA
24784491,24785760,CHI,N
24785139,24785789,OCH,NA
24786513,24791991,MAL,NA
24787001,24791210,NA,NA
24789468,24789632,CHI,N
24791722,24792011,NA,NA
24794438,24797732,NA,NA
24794485,24795708,CHI,N
24795467,24797241,MAL,NA
24797134,24797576,CHI,N
24801491,24802784,CHI,C
24801512,24802840,NA,NA
24803575,24809522,NA,NA
24803634,24804636,CHI,N
24804061,24804510,OCH,NA
24804510,24807510,MAL,NA
24808010,24809510,CHI,N
24811010,24811469,NA,NA
24813493,24815364,CHI,N
24813493,24817978,NA,NA
24815172,24818491,MAL,NA
24819256,24821070,NA,NA
24819283,24820574,CHI,N
24821454,24822225,NA,NA
24821648,24822011,FEM,NA
24822372,24822478,NA,NA
24827820,24830697,NA,NA
24828010,24830582,FEM,NA
24828350,24828682,CHI,N
24831321,24834492,NA,NA
24831372,24832347,FEM,NA
24831902,24834988,MAL,NA
24836804,24847992,MAL,NA
24836811,24848272,NA,NA
24841924,24842283,CHI,N
24847511,24847854,CHI,N
24848689,24849173,NA,NA
24848701,24849290,MAL,NA
24851068,24851331,NA,NA
24851477,24851973,NA,NA
24852801,24856348,NA,NA
24852852,24854960,CHI,N
24854038,24854492,FEM,NA
24854511,24856386,MAL,NA
24854663,24854808,FEM,NA
24857677,24859992,NA,NA
24857756,24859702,CHI,N
24862012,24863993,NA,NA
24862056,24863713,CHI,N
24867120,24879007,NA,NA
24867243,24872245,CHI,N
24871349,24872365,MAL,NA
24872290,24872803,FEM,NA
24873222,24874511,CHI,N
24874030,24876490,MAL,NA
24876393,24878015,OCH,NA
24876492,24877511,CHI,N
24878053,24878487,MAL,NA
24879180,24881991,NA,NA
24879800,24881383,CHI,Y
24882572,24884011,NA,NA
24882817,24883286,MAL,NA
24886133,24886234,NA,NA
24886592,24887107,MAL,NA
24886597,24886975,NA,NA
24897512,24897650,MAL,NA
24898013,24899128,MAL,NA
24899010,24905492,NA,NA
24899511,24900221,MAL,NA
24900342,24901081,FEM,NA
24900377,24902010,CHI,C
24901381,24903954,MAL,NA
24903884,24904993,CHI,N
24905985,24907993,NA,NA
24906207,24907852,FEM,NA
24909010,24910682,NA,NA
24909179,24910492,CHI,N
24911012,24917492,NA,NA
24911449,24913992,FEM,NA
24913481,24916448,MAL,NA
24916375,24917003,CHI,N
24916658,24916984,MAL,NA
24925992,24926993,FEM,NA
24925992,24937511,NA,NA
24927426,24929429,MAL,NA
24927453,24927991,FEM,NA
24928676,24933492,FEM,NA
24934225,24934883,MAL,NA
24934890,24936269,FEM,NA
24936491,24937993,MAL,NA
24943979,24945196,NA,NA
24953562,24954455,MAL,NA
24955012,24958993,NA,NA
24955138,24957992,OCH,NA
24955320,24956010,CHI,N
24957011,24958886,CHI,N
24960493,24962012,NA,NA
24960806,24960973,FEM,NA
24970012,24976629,NA,NA
24970295,24971010,CHI,N
24970555,24970717,FEM,NA
24970807,24972182,MAL,NA
24970991,24971121,FEM,NA
24971313,24971731,FEM,NA
24971860,24971993,FEM,NA
24972076,24973492,CHI,N
24973365,24974965,FEM,NA
24973827,24975373,MAL,NA
24975312,24976608,FEM,NA
24979492,24981716,NA,NA
24980088,24981529,CHI,N
24983993,24984518,MAL,NA
24986011,24989563,NA,NA
24986230,24986957,FEM,NA
24986305,24986492,CHI,N
24987390,24987992,FEM,NA
24987467,24989011,CHI,N
24990417,24994511,NA,NA
24992680,24992807,MAL,NA
24992992,24993510,OCH,NA
24997343,24997449,NA,NA
24998056,24998571,NA,NA
25005289,25005432,MAL,NA
25007565,25007864,NA,NA
25009597,25010270,MAL,NA
25014493,25015624,NA,NA
25014820,25014952,MAL,NA
25016511,25016862,NA,NA
25017491,25026534,NA,NA
25017809,25018011,OCH,NA
25019268,25020011,MAL,NA
25019790,25020399,FEM,NA
25020524,25020791,FEM,NA
25021492,25022491,CHI,C
25021808,25021916,MAL,NA
25022107,25022416,MAL,NA
25022547,25026011,MAL,NA
25027279,25027939,MAL,NA
25028492,25030991,NA,NA
25028846,25030491,FEM,NA
25031197,25031853,MAL,NA
25031354,25034992,NA,NA
25031992,25033511,OCH,NA
25037429,25042535,FEM,NA
25037488,25042591,NA,NA
25044323,25046913,NA,NA
25044491,25045510,OCH,NA
25045511,25046525,FEM,NA
25047843,25048661,NA,NA
25047937,25048139,CHI,N
25050511,25051554,NA,NA
25050625,25051302,CHI,N
25051707,25056128,NA,NA
25052252,25053232,CHI,N
25053492,25055492,FEM,NA
25056606,25058013,NA,NA
25056771,25057991,FEM,NA
25058201,25058493,NA,NA
25059657,25059802,NA,NA
25060011,25062211,FEM,NA
25060011,25062748,NA,NA
25063012,25065493,NA,NA
25063280,25064692,FEM,NA
25066711,25086490,MAL,NA
25067271,25070697,NA,NA
25071010,25071442,NA,NA
25071967,25086010,NA,NA
25086208,25086405,NA,NA
25086512,25087011,NA,NA
25089897,25093292,MAL,NA
25089991,25117992,NA,NA
25092011,25095357,FEM,NA
25094480,25101525,MAL,NA
25101779,25101921,MAL,NA
25102202,25116991,MAL,NA
25104656,25105012,CHI,N
25110030,25110384,FEM,NA
25116247,25116475,CHI,N
25120503,25120933,NA,NA
25125157,25128498,NA,NA
25126511,25128180,FEM,NA
25128623,25135992,NA,NA
25128954,25131899,CHI,N
25130466,25131829,OCH,NA
25131992,25133990,MAL,NA
25133492,25135740,CHI,Y
25134211,25134380,MAL,NA
25135037,25135752,OCH,NA
25136511,25147011,NA,NA
25136749,25136992,OCH,NA
25136786,25138269,CHI,N
25138492,25139481,MAL,NA
25138505,25139992,FEM,NA
25139984,25144073,MAL,NA
25143510,25144963,FEM,NA
25145377,25146511,CHI,N
25147493,25149045,MAL,NA
25147802,25148666,NA,NA
25151823,25151966,NA,NA
25154899,25163991,NA,NA
25155002,25157511,MAL,NA
25155514,25155720,FEM,NA
25156992,25158011,CHI,N
25157662,25161511,MAL,NA
25160720,25161294,FEM,NA
25161732,25162512,CHI,N
25162392,25164004,MAL,NA
25164116,25165365,NA,NA
25164435,25165279,FEM,NA
25165510,25169010,NA,NA
25165510,25169511,MAL,NA
25171445,25172419,NA,NA
25171469,25172225,CHI,C
25174095,25180475,NA,NA
25174238,25175969,CHI,N
25176299,25176532,MAL,NA
25176493,25177752,FEM,NA
25176850,25177991,CHI,N
25178842,25179492,CHI,N
25178901,25180032,FEM,NA
25183600,25185510,MAL,NA
25184491,25184829,NA,NA
25185819,25185924,MAL,NA
25192510,25193750,MAL,NA
25192779,25201993,NA,NA
25193973,25194840,OCH,NA
25193999,25195180,CHI,N
25195258,25200503,MAL,NA
25200442,25201942,CHI,N
25205452,25212145,NA,NA
25205723,25206489,MAL,NA
25206407,25207492,FEM,NA
25208493,25210295,MAL,NA
25210253,25211557,CHI,N
25210563,25211469,FEM,NA
25212777,25220992,NA,NA
25212797,25214356,CHI,N
25214011,25218402,FEM,NA
25215690,25216011,CHI,N
25216993,25217489,MAL,NA
25218010,25221479,MAL,NA
25222001,25223624,MAL,NA
25222350,25225995,NA,NA
25223621,25223729,OCH,NA
25223648,25225091,CHI,N
25223851,25223998,OCH,NA
25224186,25224363,OCH,NA
25224809,25225990,MAL,NA
25236306,25236458,MAL,NA
25244992,25250031,NA,NA
25245302,25246423,CHI,N
25245349,25245992,OCH,NA
25245992,25249163,MAL,NA
25249290,25249449,CHI,N
25249425,25249876,FEM,NA
25251011,25253512,MAL,NA
25251510,25259892,NA,NA
25253515,25254583,CHI,N
25254492,25260088,MAL,NA
25257246,25257584,FEM,NA
25260491,25261429,NA,NA
25260491,25261470,CHI,N
25262697,25265260,CHI,N
25262766,25271511,NA,NA
25265827,25267069,CHI,N
25267985,25269541,CHI,C
25269298,25272010,MAL,NA
25273409,25277182,NA,NA
25273441,25274492,CHI,N
25274027,25275676,MAL,NA
25274155,25274476,FEM,NA
25275804,25277011,CHI,N
25277992,25280073,MAL,NA
25278303,25286992,NA,NA
25280395,25281011,CHI,N
25281011,25283196,MAL,NA
25283926,25284068,OCH,NA
25284012,25287490,MAL,NA
25285993,25286249,CHI,N
25286011,25286214,OCH,NA
25294618,25294956,NA,NA
25295136,25295266,NA,NA
25295492,25297515,MAL,NA
25296011,25303011,NA,NA
25297449,25298197,CHI,N
25297993,25302021,MAL,NA
25301992,25302738,CHI,N
25302161,25302490,MAL,NA
25312853,25312993,NA,NA
25317011,25320383,NA,NA
25317392,25319061,CHI,C
25318528,25320345,MAL,NA
25324491,25326492,NA,NA
25324674,25324988,FEM,NA
25324788,25326511,MAL,NA
25329397,25329512,NA,NA
25330155,25332673,MAL,NA
25330661,25332406,NA,NA
25333687,25334333,MAL,NA
25334503,25334803,NA,NA
25334503,25335008,MAL,NA
25335511,25349011,NA,NA
25335801,25337060,OCH,NA
25336992,25339491,FEM,NA
25338511,25339620,MAL,NA
25339670,25340699,CHI,N
25340150,25340253,OCH,NA
25341645,25342511,CHI,C
25342659,25343656,MAL,NA
25343994,25344632,CHI,N
25344038,25345234,FEM,NA
25345833,25346516,CHI,C
25346004,25346660,OCH,NA
25347095,25348980,FEM,NA
25350511,25353493,NA,NA
25350992,25351559,FEM,NA
25351014,25351679,MAL,NA
25351618,25352511,CHI,N
25352011,25352143,FEM,NA
25356512,25357729,OCH,NA
25356512,25365493,NA,NA
25356993,25357970,CHI,Y
25357897,25359438,MAL,NA
25358493,25359588,FEM,NA
25359995,25364511,FEM,NA
25364114,25365989,MAL,NA
25372999,25379233,NA,NA
25373247,25378993,FEM,NA
25373461,25373891,MAL,NA
25380986,25385697,NA,NA
25380992,25383010,CHI,C
25382859,25383065,FEM,NA
25383491,25384510,FEM,NA
25384290,25385552,CHI,N
25385302,25385511,OCH,NA
25388156,25389862,NA,NA
25388338,25389511,CHI,N
25388390,25388758,OCH,NA
25389295,25389494,FEM,NA
25390611,25392012,MAL,NA
25390900,25391636,NA,NA
25392423,25392992,MAL,NA
25392607,25392833,NA,NA
25394492,25396125,NA,NA
25394511,25396072,CHI,N
25397489,25398463,NA,NA
25397493,25398367,CHI,N
25398868,25403993,NA,NA
25398993,25400492,FEM,NA
25400976,25402012,CHI,N
25401703,25403802,FEM,NA
25404496,25428933,NA,NA
25404707,25406759,CHI,C
25405718,25406091,OCH,NA
25406511,25409012,FEM,NA
25406720,25407716,MAL,NA
25409496,25410090,OCH,NA
25411440,25414127,CHI,N
25414283,25414511,CHI,N
25415848,25419179,FEM,NA
25416126,25416283,MAL,NA
25417078,25417505,MAL,NA
25418694,25418819,MAL,NA
25418986,25423395,MAL,NA
25422518,25423110,FEM,NA
25423396,25426265,CHI,N
25424012,25424184,OCH,NA
25424695,25426177,OCH,NA
25426992,25427252,FEM,NA
25427512,25428869,FEM,NA
25429569,25433918,NA,NA
25429692,25430070,CHI,N
25430568,25432011,FEM,NA
25431852,25434010,MAL,NA
25434270,25469824,NA,NA
25435490,25436452,MAL,NA
25436405,25441604,CHI,Y
25437011,25438992,OCH,NA
25441990,25442417,FEM,NA
25443091,25444493,CHI,C
25445232,25452210,FEM,NA
25445772,25446012,OCH,NA
25445861,25446261,NA,J
25452510,25456648,FEM,NA
25456992,25460939,FEM,NA
25460970,25462992,CHI,C
25462952,25464749,FEM,NA
25463665,25464173,OCH,NA
25464677,25465706,MAL,NA
25464927,25466010,FEM,NA
25466041,25466463,OCH,NA
25467090,25467510,OCH,NA
25468012,25469767,FEM,NA
25475210,25475492,NA,NA
25480352,25481729,MAL,NA
25480511,25481011,NA,NA
25502366,25503780,FEM,NA
25502376,25511834,NA,NA
25503790,25505511,CHI,C
25505859,25509492,MAL,NA
25509082,25511401,FEM,NA
25512011,25514056,NA,NA
25512254,25514028,FEM,NA
25515511,25517720,NA,NA
25515700,25515867,OCH,NA
25515749,25517511,CHI,C
25515982,25517467,OCH,NA
25519884,25522513,NA,NA
25519983,25522133,CHI,C
25520290,25520520,OCH,NA
25520630,25520993,OCH,NA
25522260,25522366,CHI,N
25524752,25528510,NA,NA
25524874,25528372,OCH,NA
25524992,25526011,CHI,N
25528465,25530993,MAL,NA
25528625,25529992,NA,NA
25531787,25532683,OCH,NA
25531878,25533925,NA,NA
25532493,25534025,MAL,NA
25534543,25539511,MAL,NA
25535534,25535674,NA,NA
25535966,25561321,NA,NA
25539597,25542992,CHI,C
25539599,25539707,OCH,NA
25539742,25539916,MAL,NA
25540986,25541612,FEM,NA
25541588,25543991,OCH,NA
25543492,25546492,FEM,NA
25544676,25544944,MAL,NA
25547015,25547145,OCH,NA
25547275,25547727,OCH,NA
25547854,25548779,OCH,NA
25548011,25548347,FEM,NA
25549467,25550689,CHI,N
25549992,25550564,OCH,NA
25551359,25552512,CHI,N
25551492,25551992,OCH,NA
25552260,25555767,MAL,NA
25555662,25558676,CHI,C
25557292,25557511,FEM,NA
25558511,25560492,FEM,NA
25559147,25560352,MAL,NA
25560520,25561068,CHI,N
25562483,25579132,NA,NA
25562490,25568346,FEM,NA
25564543,25564732,MAL,NA
25565012,25565189,MAL,NA
25567243,25567346,MAL,NA
25567463,25570317,MAL,NA
25569545,25572993,FEM,NA
25572012,25575519,MAL,NA
25575492,25579010,FEM,NA
25575764,25575897,MAL,NA
25582647,25582947,MAL,NA
25583830,25616193,NA,NA
25584491,25594365,FEM,NA
25587029,25587886,MAL,NA
25593538,25594316,CHI,N
25594299,25597416,MAL,NA
25594718,25594922,FEM,NA
25597011,25601010,FEM,NA
25599983,25602661,MAL,NA
25602510,25603681,CHI,N
25603511,25605511,FEM,NA
25605705,25606731,CHI,N
25605836,25605991,FEM,NA
25607229,25609023,FEM,NA
25608012,25608182,OCH,NA
25608511,25608832,OCH,NA
25608992,25616812,MAL,NA
25612539,25612682,FEM,NA
25616510,25616815,NA,NA
25617320,25625656,NA,NA
25617403,25620785,FEM,NA
25618992,25619515,MAL,NA
25620047,25622982,MAL,NA
25623241,25623992,FEM,NA
25623434,25626363,MAL,NA
25626405,25627298,NA,NA
25626493,25627099,FEM,NA
25628984,25630199,NA,NA
25628992,25630074,FEM,NA
25635761,25641488,MAL,NA
25636427,25638489,NA,NA
25639860,25640915,NA,NA
25641927,25644072,NA,NA
25642511,25643923,FEM,NA
25644492,25651483,MAL,NA
25644637,25657712,NA,NA
25651316,25652492,CHI,N
25651844,25655491,MAL,NA
25655731,25657493,CHI,N
25656738,25657779,MAL,NA
25657894,25668497,NA,NA
25658011,25658261,FEM,NA
25658303,25659641,CHI,N
25659082,25659647,FEM,NA
25659788,25663011,FEM,NA
25660145,25661460,CHI,N
25662493,25664199,CHI,N
25664011,25666353,FEM,NA
25666163,25666350,CHI,N
25666512,25668510,MAL,NA
25669491,25682275,NA,NA
25669492,25670010,FEM,NA
25670010,25672820,MAL,NA
25672977,25674194,CHI,N
25674607,25675290,OCH,NA
25674621,25677100,CHI,N
25677044,25678991,FEM,NA
25678011,25680530,MAL,NA
25680491,25682005,NA,J
25682511,25682702,NA,NA
25682840,25686321,NA,NA
25683369,25686317,FEM,NA
25687010,25694541,MAL,NA
25688011,25694521,NA,NA
25694827,25696423,NA,NA
25694962,25696293,FEM,NA
25697113,25697778,NA,NA
25698612,25698992,NA,NA
25699958,25703085,NA,NA
25700011,25700165,CHI,N
25700428,25702090,CHI,Y
25704103,25704992,NA,NA
25704235,25704512,CHI,N
25704268,25704783,FEM,NA
25708219,25710408,NA,NA
25708654,25709493,FEM,NA
25716293,25717010,NA,NA
25717210,25717492,NA,NA
25722050,25732089,NA,NA
25722510,25725011,OCH,NA
25723212,25724562,CHI,N
25724993,25725511,FEM,NA
25725668,25726012,FEM,NA
25726493,25727715,CHI,Y
25727510,25729689,OCH,NA
25729977,25730797,CHI,N
25730963,25731992,FEM,NA
25732762,25734129,MAL,NA
25733012,25733577,NA,NA
25736473,25738012,CHI,C
25736476,25738992,NA,NA
25737510,25738511,FEM,NA
25744731,25758148,NA,NA
25745156,25746489,CHI,N
25746787,25748012,OCH,NA
25747451,25749488,FEM,NA
25748493,25748709,CHI,N
25748997,25751758,CHI,N
25751194,25753160,OCH,NA
25752941,25754011,FEM,NA
25754605,25754723,CHI,N
25754851,25755401,CHI,N
25755092,25755198,FEM,NA
25755342,25758121,FEM,NA
25761491,25764510,NA,NA
25761578,25762855,OCH,NA
25761972,25762603,CHI,C
25766927,25802317,NA,NA
25768446,25769681,OCH,NA
25768511,25770089,CHI,C
25769607,25773696,FEM,NA
25773964,25776532,OCH,NA
25774632,25775292,FEM,NA
25775488,25777974,CHI,N
25777514,25780018,FEM,NA
25778652,25780012,MAL,NA
25780314,25780473,CHI,N
25780489,25791783,FEM,NA
25789619,25789847,CHI,N
25791748,25792624,CHI,N
25791770,25791900,OCH,NA
25793134,25793514,FEM,NA
25793667,25795343,CHI,N
25794992,25795956,MAL,NA
25795511,25795859,FEM,NA
25795937,25797339,CHI,N
25796991,25802111,MAL,NA
25798510,25799992,FEM,NA
25802483,25804005,NA,NA
25803255,25803532,MAL,NA
25804286,25807212,NA,NA
25804560,25804719,OCH,NA
25804745,25804900,MAL,NA
25804901,25806621,CHI,Y
25806770,25806924,MAL,NA
25810010,25816510,NA,NA
25810512,25812647,FEM,NA
25812111,25812492,CHI,N
25812170,25812347,OCH,NA
25812751,25813517,OCH,NA
25814012,25816386,CHI,N
25820492,25822993,NA,NA
25821511,25823011,FEM,NA
25825512,25828013,NA,NA
25827859,25828510,OCH,NA
25828235,25828510,NA,NA
25830510,25838011,NA,NA
25830714,25833551,OCH,NA
25833511,25836493,FEM,NA
25834628,25836773,OCH,NA
25836737,25836950,FEM,NA
25837132,25837267,OCH,NA
25838369,25840230,NA,NA
25839290,25840011,FEM,NA
25840466,25844010,MAL,NA
25840772,25844010,NA,NA
25845686,25847993,FEM,NA
25845701,25848011,NA,NA
25848880,25849374,NA,NA
25849493,25856729,NA,NA
25852011,25854512,FEM,NA
25853843,25854840,OCH,NA
25855570,25856512,MAL,NA
25856992,25857883,NA,NA
25857011,25857877,MAL,NA
25860511,25860638,NA,NA
25860992,25862133,NA,NA
25861668,25862264,MAL,NA
25863038,25866010,NA,NA
25863045,25863961,MAL,NA
25864572,25865176,FEM,NA
25871010,25872991,NA,NA
25871419,25872543,CHI,N
25871876,25871992,OCH,NA
25877320,25878012,MAL,NA
25877492,25886969,NA,NA
25878093,25879645,OCH,NA
25878272,25879573,CHI,C
25878346,25878471,MAL,NA
25879601,25881734,FEM,NA
25881890,25884460,FEM,NA
25882011,25883992,OCH,NA
25884260,25884586,OCH,NA
25884510,25887011,MAL,NA
25887264,25898511,NA,NA
25887492,25888623,CHI,N
25888424,25890599,MAL,NA
25891198,25892511,FEM,NA
25891211,25891790,OCH,NA
25893795,25893992,OCH,NA
25896696,25897012,OCH,NA
25897330,25897492,OCH,NA
25901011,25909035,NA,NA
25901858,25903350,CHI,N
25901993,25903331,OCH,NA
25903643,25908695,FEM,NA
25905312,25905788,MAL,NA
25909743,25912969,NA,NA
25909943,25912338,CHI,N
25910700,25911534,OCH,NA
25914011,25914213,NA,NA
25914992,25916639,NA,NA
25915140,25916635,FEM,NA
25918795,25920452,NA,NA
25918799,25920454,FEM,NA
25922943,25934518,NA,NA
25923011,25923234,OCH,NA
25923491,25923634,OCH,NA
25923993,25927117,OCH,NA
25924107,25924580,CHI,Y
25926991,25927401,CHI,N
25927287,25928991,MAL,NA
25928974,25929492,CHI,N
25928993,25934493,OCH,NA
25929479,25929881,FEM,NA
25931156,25931817,CHI,N
25935468,25936992,NA,NA
25935917,25936774,OCH,NA
25943416,25944545,MAL,NA
25943529,25953992,NA,NA
25944199,25948991,FEM,NA
25944646,25944818,MAL,NA
25948034,25948338,OCH,NA
25949992,25953510,FEM,NA
25950512,25952002,OCH,NA
25960284,25960993,NA,NA
25968992,25973493,NA,NA
25969511,25972203,FEM,NA
25971629,25971808,OCH,NA
25972712,25973244,MAL,NA
25974159,25976781,NA,NA
25974992,25976118,CHI,N
25978124,25978964,OCH,NA
25978303,25979012,NA,NA
25980683,25982011,NA,NA
25980792,25982010,OCH,NA
25980991,25981664,CHI,N
25983080,25984091,OCH,NA
25983204,25984041,NA,NA
25984854,25986982,NA,NA
25984913,25985576,OCH,NA
25985492,25987011,MAL,NA
25992628,25992729,NA,NA
25996012,25996247,NA,NA
25996493,25998493,NA,NA
25997011,25998417,FEM,NA
25999446,26004954,NA,NA
25999685,26000007,FEM,NA
26000288,26000492,FEM,NA
26000598,26000747,CHI,N
26000711,26001010,OCH,NA
26000720,26004492,FEM,NA
26000860,26001385,CHI,N
26002419,26002772,CHI,N
26005492,26007991,NA,NA
26006572,26006852,OCH,NA
26014321,26014491,MAL,NA
26014647,26015011,MAL,NA
26014794,26026993,NA,NA
26015153,26015403,MAL,NA
26015992,26016854,OCH,NA
26015992,26016993,FEM,NA
26017070,26021539,MAL,NA
26021483,26023992,FEM,NA
26023012,26025359,MAL,NA
26025337,26026582,CHI,N
26027961,26029510,NA,NA
26027992,26028237,FEM,NA
26029642,26033493,NA,NA
26031161,26033993,OCH,NA
26035887,26040992,NA,NA
26038010,26040005,FEM,NA
26038493,26038783,OCH,NA
26038938,26039510,OCH,NA
26042511,26062511,NA,NA
26044408,26047243,OCH,NA
26046510,26046945,FEM,NA
26047364,26048881,OCH,NA
26049242,26049498,OCH,NA
26049757,26050008,OCH,NA
26050429,26051804,CHI,N
26050459,26050714,OCH,NA
26051500,26052511,FEM,NA
26052719,26053848,MAL,NA
26053515,26054808,FEM,NA
26054511,26055846,OCH,NA
26057511,26059386,MAL,NA
26060176,26061011,FEM,NA
26060177,26061184,OCH,NA
26061396,26063011,MAL,NA
26062867,26063010,NA,NA
26065463,26066339,NA,NA
26065471,26066252,CHI,N
26067992,26069188,NA,NA
26068011,26069165,CHI,N
26073227,26077864,NA,NA
26074103,26075011,FEM,NA
26074992,26075765,NA,J
26076548,26077858,OCH,NA
26078423,26082608,NA,NA
26079492,26079845,MAL,NA
26080010,26081490,OCH,NA
26080480,26081012,CHI,Y
26082992,26084992,NA,NA
26083136,26084511,CHI,C
26083492,26084398,OCH,NA
26087992,26090511,NA,NA
26088065,26089992,CHI,Y
26089012,26089339,OCH,NA
26089511,26089617,OCH,NA
26099012,26105418,NA,NA
26099150,26101339,OCH,NA
26102420,26104011,OCH,NA
26102488,26105070,CHI,N
26104874,26104975,OCH,NA
26109010,26109969,NA,NA
26114493,26115457,MAL,NA
26114992,26115110,NA,NA
26116582,26118106,NA,NA
26117034,26117161,OCH,NA
26117103,26117302,CHI,N
26117513,26118026,MAL,NA
26123492,26124315,NA,NA
26123511,26124010,OCH,NA
26125011,26132731,NA,NA
26125097,26129010,FEM,NA
26127640,26127821,OCH,NA
26127986,26128809,OCH,NA
26129095,26132916,MAL,NA
26138094,26138781,MAL,NA
26139846,26145492,NA,NA
26140671,26141010,OCH,NA
26140674,26142304,NA,J
26142289,26144992,FEM,NA
26143012,26145012,OCH,NA
26147534,26150735,NA,NA
26147991,26148261,OCH,NA
26147991,26148511,CHI,N
26148493,26152430,MAL,NA
26154382,26154617,NA,NA
26155511,26156267,NA,NA
26155533,26156453,OCH,NA
26156952,26171394,NA,NA
26157045,26158012,CHI,N
26157089,26157499,OCH,NA
26158388,26160511,OCH,NA
26160492,26160932,FEM,NA
26160685,26160882,OCH,NA
26161027,26161511,CHI,N
26162168,26165992,CHI,N
26163511,26163614,OCH,NA
26164011,26167011,OCH,NA
26167612,26170992,OCH,NA
26168992,26169552,FEM,NA
26174345,26175511,NA,NA
26174492,26175012,CHI,N
26174510,26175511,OCH,NA
26177011,26181491,NA,NA
26177570,26178294,CHI,N
26177595,26177809,OCH,NA
26177916,26178085,OCH,NA
26178598,26180012,OCH,NA
26179011,26179511,CHI,N
26179846,26179991,FEM,NA
26180557,26181148,MAL,NA
26183858,26187149,NA,NA
26184063,26184190,FEM,NA
26184477,26186492,CHI,N
26185783,26186910,MAL,NA
26190992,26191512,NA,NA
26193993,26199511,NA,NA
26194188,26196679,CHI,Y
26194411,26196532,OCH,NA
26197660,26199012,CHI,N
26197712,26198011,FEM,NA
26201762,26203870,OCH,NA
26201787,26205699,NA,NA
26202511,26203140,CHI,N
26209011,26210123,NA,NA
26209270,26210011,OCH,NA
26210512,26211492,NA,NA
26211511,26211776,OCH,NA
26213099,26216008,MAL,NA
26213552,26219511,NA,NA
26216018,26216511,OCH,NA
26216995,26219184,MAL,NA
26218492,26219253,FEM,NA
26227511,26229679,NA,NA
26228492,26229086,FEM,NA
26229219,26229452,CHI,N
26230144,26235335,NA,NA
26230225,26231585,CHI,Y
26231511,26233123,FEM,NA
26233511,26235296,OCH,NA
26235510,26235859,NA,NA
26235630,26235752,OCH,NA
26236511,26238685,NA,NA
26236703,26238510,FEM,NA
26239488,26241994,NA,NA
26239511,26241492,CHI,Y
26242512,26246228,NA,NA
26242905,26245867,CHI,N
26244932,26246012,OCH,NA
26251364,26251764,NA,NA
26258804,26272491,NA,NA
26258990,26259427,OCH,NA
26259545,26260510,OCH,NA
26259614,26262992,CHI,N
26260841,26261413,OCH,NA
26261727,26262360,OCH,NA
26262623,26265011,FEM,NA
26264491,26266511,MAL,NA
26265580,26266002,FEM,NA
26266628,26267065,CHI,N
26266643,26266867,OCH,NA
26267011,26268666,FEM,NA
26269129,26269995,OCH,NA
26270011,26272147,FEM,NA
26276493,26281010,NA,NA
26276743,26276888,OCH,NA
26276786,26276968,CHI,N
26277472,26278262,FEM,NA
26278501,26280372,CHI,N
26278563,26280905,OCH,NA
26283258,26292062,NA,NA
26283366,26283899,CHI,N
26283493,26285493,OCH,NA
26284510,26286010,CHI,N
26285992,26288511,MAL,NA
26288067,26289992,FEM,NA
26289011,26291487,MAL,NA
26291080,26292055,CHI,N
26294492,26297992,NA,NA
26294801,26297936,FEM,NA
26302511,26302882,NA,NA
26302987,26307429,NA,NA
26303511,26305011,CHI,N
26303608,26303723,OCH,NA
26304193,26304407,OCH,NA
26304510,26304706,OCH,NA
26304991,26305197,OCH,NA
26305552,26306492,OCH,NA
26307965,26308691,NA,NA
26309510,26322399,NA,NA
26309991,26311496,OCH,NA
26310509,26310902,CHI,N
26311608,26312529,MAL,NA
26312777,26314011,OCH,NA
26312803,26316492,CHI,N
26315493,26316143,OCH,NA
26316551,26319032,MAL,NA
26318491,26320361,FEM,NA
26321222,26322182,CHI,N
26326640,26326902,OCH,NA
26326817,26326991,NA,NA
26327592,26329450,NA,NA
26328674,26329246,OCH,NA
26331492,26341944,NA,NA
26331510,26335509,FEM,NA
26335010,26342845,MAL,NA
26342511,26342805,NA,NA
26343011,26343119,NA,NA
26343492,26346550,NA,NA
26343510,26348789,MAL,NA
26346808,26350512,NA,NA
26348971,26350495,FEM,NA
26349089,26349668,MAL,NA
26352511,26358281,MAL,NA
26352594,26357511,NA,NA
26360011,26362490,MAL,NA
26360492,26362620,NA,NA
26362862,26365410,NA,NA
26363369,26379993,MAL,NA
26363492,26364012,FEM,NA
26364359,26364511,FEM,NA
26365660,26365991,NA,NA
26366148,26366539,NA,NA
26367439,26367971,NA,NA
26369513,26372603,NA,NA
26372741,26372871,NA,NA
26373992,26376125,NA,NA
26376511,26376784,NA,NA
26376992,26381187,NA,NA
26382491,26386217,NA,NA
26382525,26385701,CHI,N
26382670,26383755,OCH,NA
26388992,26391095,MAL,NA
26389436,26395337,NA,NA
26391992,26393511,FEM,NA
26392993,26395011,CHI,N
26393901,26394321,OCH,NA
26396059,26396511,MAL,NA
26397271,26399011,NA,NA
26397407,26398492,CHI,C
26398124,26398492,FEM,NA
26404851,26406530,OCH,NA
26414331,26424011,NA,NA
26415094,26416512,CHI,N
26415101,26416201,OCH,NA
26416511,26417846,FEM,NA
26417370,26417866,OCH,NA
26417510,26419511,MAL,NA
26419490,26419912,OCH,NA
26419805,26419982,MAL,NA
26420170,26420492,OCH,NA
26420492,26424596,MAL,NA
26420992,26421399,FEM,NA
26424282,26424456,NA,NA
26426012,26431491,NA,NA
26426137,26428223,CHI,Y
26428511,26430511,MAL,NA
26430653,26431043,OCH,NA
26433503,26438640,NA,NA
26434585,26435154,OCH,NA
26435023,26436214,FEM,NA
26436124,26437118,CHI,N
26436561,26437012,FEM,NA
26437335,26438292,CHI,N
26437347,26437492,FEM,NA
26441173,26464012,NA,NA
26441368,26442647,CHI,Y
26441492,26441654,OCH,NA
26442896,26443713,CHI,N
26443321,26443512,OCH,NA
26443992,26444991,FEM,NA
26445511,26445614,FEM,NA
26445992,26447492,FEM,NA
26447722,26448011,MAL,NA
26449941,26450511,CHI,N
26450464,26454011,FEM,NA
26454011,26454165,CHI,N
26454492,26456011,CHI,N
26456174,26459492,FEM,NA
26460378,26460992,CHI,N
26460972,26461331,MAL,NA
26460992,26462680,FEM,NA
26461991,26464490,MAL,NA
26465108,26466600,MAL,NA
26465120,26468314,NA,NA
26466753,26467885,CHI,Y
26467511,26468010,FEM,NA
26469492,26482248,NA,NA
26469788,26470893,OCH,NA
26470493,26472631,FEM,NA
26473011,26473553,FEM,NA
26473510,26475991,MAL,NA
26474820,26475176,FEM,NA
26475483,26478492,FEM,NA
26478714,26480010,CHI,N
26479929,26480368,OCH,NA
26481492,26482012,FEM,NA
26488011,26490492,NA,NA
26488021,26490262,OCH,NA
26492002,26496653,MAL,NA
26492493,26494218,NA,NA
26498991,26500221,MAL,NA
26502881,26502992,NA,NA
26512491,26513195,CHI,N
26512491,26513247,NA,NA
26516958,26518720,NA,NA
26516992,26518492,CHI,N
26519481,26524493,NA,NA
26520483,26521846,CHI,C
26520492,26521321,OCH,NA
26521992,26524474,FEM,NA
26525799,26528123,NA,NA
26525885,26526992,CHI,N
26526980,26527706,FEM,NA
26528325,26531371,NA,NA
26528992,26530192,CHI,N
26530357,26531275,FEM,NA
26533707,26538012,NA,NA
26534010,26535382,OCH,NA
26534117,26535605,CHI,C
26535813,26537011,FEM,NA
26538126,26539319,NA,NA
26538400,26538572,FEM,NA
26540492,26557510,NA,NA
26540511,26544011,OCH,NA
26542232,26543493,CHI,N
26545246,26546493,CHI,N
26546992,26548511,OCH,NA
26547845,26547992,FEM,NA
26548012,26549921,CHI,N
26548773,26548992,OCH,NA
26550548,26551312,OCH,NA
26551964,26552997,CHI,N
26552354,26553012,OCH,NA
26555000,26557356,OCH,NA
26558258,26558491,OCH,NA
26558270,26558386,NA,NA
26559338,26561709,OCH,NA
26559411,26561949,NA,NA
26559827,26559957,CHI,N
26560288,26560580,CHI,N
26566512,26567174,NA,NA
26568068,26569955,NA,NA
26568631,26569880,OCH,NA
26571011,26589012,NA,NA
26571551,26572796,OCH,NA
26571976,26572467,CHI,N
26572511,26577074,FEM,NA
26576606,26576900,MAL,NA
26577048,26577166,MAL,NA
26577511,26579003,CHI,N
26578304,26579576,MAL,NA
26578684,26578979,FEM,NA
26579551,26580992,OCH,NA
26579735,26581331,CHI,N
26581373,26582492,FEM,NA
26582224,26583000,OCH,NA
26582280,26583940,CHI,N
26584472,26587511,FEM,NA
26591510,26596011,NA,NA
26591784,26591926,OCH,NA
26592258,26593026,FEM,NA
26593491,26595511,MAL,NA
26595346,26595511,FEM,NA
26596976,26597464,MAL,NA
26599590,26599695,NA,NA
26600010,26604992,NA,NA
26600511,26604686,FEM,NA
26607012,26607235,FEM,NA
26607012,26608993,NA,NA
26607472,26608992,FEM,NA
26610512,26611992,NA,NA
26610972,26611537,FEM,NA
26612874,26612980,NA,NA
26616389,26618309,OCH,NA
26616428,26618011,NA,NA
26620338,26633306,NA,NA
26620512,26627993,FEM,NA
26627177,26627965,CHI,N
26628146,26631067,FEM,NA
26631138,26633315,CHI,N
26634140,26635703,NA,NA
26634516,26635603,OCH,NA
26637161,26669725,NA,NA
26637228,26638423,OCH,NA
26638640,26641335,MAL,NA
26638651,26638865,FEM,NA
26640166,26640898,FEM,NA
26641511,26650991,FEM,NA
26641599,26642537,MAL,NA
26650492,26651287,OCH,NA
26651492,26654987,MAL,NA
26655038,26655524,OCH,NA
26655510,26656011,FEM,NA
26655679,26656094,OCH,NA
26656196,26656993,OCH,NA
26657011,26659593,FEM,NA
26659824,26665891,FEM,NA
26666493,26667536,OCH,NA
26666493,26668012,CHI,N
26668492,26669491,CHI,N
26669191,26669463,OCH,NA
26669912,26671034,NA,NA
26670067,26670511,OCH,NA
26670079,26670506,CHI,N
26671184,26679011,NA,NA
26671238,26672218,FEM,NA
26672510,26673828,FEM,NA
26673011,26673492,CHI,N
26674480,26678992,FEM,NA
26675944,26676911,MAL,NA
26680133,26681235,MAL,NA
26680492,26705519,NA,NA
26681417,26681613,OCH,NA
26682227,26682684,OCH,NA
26682924,26684883,FEM,NA
26685020,26687492,FEM,NA
26686815,26688011,MAL,NA
26688050,26689947,CHI,N
26688493,26688665,MAL,NA
26691731,26696495,MAL,NA
26696491,26698992,FEM,NA
26698732,26699490,MAL,NA
26699389,26699510,FEM,NA
26699581,26699723,CHI,N
26699714,26704579,FEM,NA
26704991,26705430,OCH,NA
26706993,26712022,NA,NA
26707492,26708216,CHI,N
26708425,26710011,CHI,N
26710012,26711519,FEM,NA
26713992,26714402,NA,NA
26718512,26721011,OCH,NA
26718512,26721364,NA,NA
26719109,26719492,CHI,N
26722992,26724992,OCH,NA
26723010,26723115,NA,NA
26723235,26728993,NA,NA
26724011,26725155,CHI,N
26725985,26728491,OCH,NA
26728115,26728289,CHI,N
26729242,26734974,NA,NA
26729580,26734199,CHI,N
26730975,26731285,OCH,NA
26731666,26732511,OCH,NA
26742992,26744676,NA,NA
26743417,26744080,CHI,N
26745058,26746889,NA,NA
26747012,26756011,NA,NA
26751011,26753014,FEM,NA
26753726,26755952,FEM,NA
26757010,26757511,NA,NA
26757992,26758510,OCH,NA
26761791,26763511,NA,NA
26761826,26763510,FEM,NA
26765657,26767010,NA,NA
26766210,26766467,OCH,NA
26772010,26772511,OCH,NA
26774494,26781835,NA,NA
26774992,26775552,OCH,NA
26775055,26775511,CHI,N
26776005,26781636,FEM,NA
26783128,26785492,NA,NA
26783492,26785119,FEM,NA
26784764,26784874,MAL,NA
26789992,26792010,NA,NA
26790062,26791555,MAL,NA
26791801,26792375,MAL,NA
26794493,26794792,NA,NA
26799668,26812891,NA,NA
26799992,26802132,OCH,NA
26800349,26801284,FEM,NA
26804355,26806353,FEM,NA
26806476,26806689,FEM,NA
26808000,26809760,CHI,N
26809394,26812035,FEM,NA
26813187,26816159,NA,NA
26813307,26813992,OCH,NA
26814814,26814939,FEM,NA
26822404,26828525,NA,NA
26822492,26824996,FEM,NA
26823098,26823992,OCH,NA
26824627,26825511,MAL,NA
26825318,26827444,FEM,NA
26827779,26828012,FEM,NA
26827872,26828328,OCH,NA
26831491,26843010,NA,NA
26832004,26833430,FEM,NA
26833565,26833676,FEM,NA
26834136,26835123,OCH,NA
26834512,26837492,FEM,NA
26838135,26841552,FEM,NA
26839990,26840285,CHI,N
26840393,26840511,CHI,N
26842016,26842882,MAL,NA
26848739,26849515,MAL,NA
26853731,26855879,NA,NA
26853852,26854510,FEM,NA
26857209,26860992,NA,NA
26857511,26859187,FEM,NA
26859203,26859947,OCH,NA
26859446,26859706,FEM,NA
26859965,26860205,FEM,NA
26862511,26862612,NA,NA
26863512,26869493,NA,NA
26864492,26865626,CHI,N
26865667,26867235,MAL,NA
26866407,26867254,FEM,NA
26867842,26868861,FEM,NA
26871298,26871428,MAL,NA
26883458,26888011,NA,NA
26883460,26885034,OCH,NA
26883784,26884380,CHI,N
26885490,26886511,CHI,N
26886492,26887596,MAL,NA
26886511,26886992,FEM,NA
26889011,26891492,MAL,NA
26889992,26895279,NA,NA
26890988,26891358,OCH,NA
26891489,26891769,OCH,NA
26891511,26892363,FEM,NA
26892511,26894150,OCH,NA
26897253,26899933,MAL,NA
26897545,26900491,NA,NA
26901492,26905313,MAL,NA
26902010,26909727,NA,NA
26905510,26906124,MAL,NA
26906806,26909030,MAL,NA
26910993,26912267,NA,NA
26911553,26911880,OCH,NA
26913063,26913492,NA,NA
26914251,26937992,NA,NA
26915185,26915450,FEM,NA
26916091,26919144,MAL,NA
26918492,26920833,FEM,NA
26919474,26919796,MAL,NA
26920011,26921012,MAL,NA
26921012,26924021,CHI,N
26922763,26922878,OCH,NA
26925050,26925318,OCH,NA
26925526,26925737,FEM,NA
26925887,26926560,FEM,NA
26926727,26927151,FEM,NA
26927108,26930378,MAL,NA
26930165,26932212,FEM,NA
26931538,26931746,OCH,NA
26933457,26936493,FEM,NA
26936474,26937492,CHI,N
26938030,26938470,MAL,NA
26943011,26943382,NA,NA
26948837,26955778,NA,NA
26948924,26951104,OCH,NA
26949012,26949815,CHI,N
26950232,26952492,CHI,N
26952947,26954010,OCH,NA
26954355,26954458,MAL,NA
26954733,26955524,OCH,NA
26956010,26956915,OCH,NA
26956010,26960011,NA,NA
26957126,26957231,OCH,NA
26957423,26958012,OCH,NA
26957519,26958511,CHI,N
26958493,26959877,FEM,NA
26963996,26972992,NA,NA
26964166,26965509,FEM,NA
26966294,26967431,CHI,N
26967180,26968262,MAL,NA
26968094,26969120,CHI,N
26968202,26968597,OCH,NA
26968994,26971512,FEM,NA
26971439,26971596,OCH,NA
26971635,26973002,MAL,NA
26975511,26978022,NA,NA
26975636,26976274,CHI,N
26975725,26975889,OCH,NA
26976011,26977994,MAL,NA
26978511,26978616,NA,NA
26978800,26990587,NA,NA
26979384,26980488,OCH,NA
26979728,26980432,CHI,N
26981103,26983400,MAL,NA
26983511,26985394,OCH,NA
26984991,26985175,CHI,N
26985003,26989990,MAL,NA
26990881,26992190,NA,NA
26992572,26994335,NA,NA
26992759,26994296,FEM,NA
26994934,26995732,NA,NA
26994978,26995506,FEM,NA
26996198,26996492,NA,NA
26997381,27003471,NA,NA
26997492,26998729,FEM,NA
26999015,27002511,CHI,N
27002492,27003315,OCH,NA
27007493,27008512,CHI,N
27007511,27008810,NA,NA
27010285,27014013,NA,NA
27010432,27013491,OCH,NA
27014291,27014981,MAL,NA
27016073,27017521,NA,NA
27016472,27017552,OCH,NA
27023824,27027515,NA,NA
27023991,27027255,FEM,NA
27026566,27026768,MAL,NA
27027758,27028961,NA,NA
27028095,27028198,FEM,NA
27029339,27031492,NA,NA
27029492,27031262,CHI,N
27031661,27043511,NA,NA
27031858,27035992,FEM,NA
27031914,27033510,OCH,NA
27037037,27037467,FEM,NA
27038011,27039057,FEM,NA
27039207,27039327,CHI,N
27039493,27039937,CHI,N
27040983,27042446,CHI,N
27042766,27043085,FEM,NA
27045762,27048329,NA,NA
27045993,27048011,FEM,NA
27049181,27049993,NA,NA
27049231,27049410,FEM,NA
27051511,27063936,NA,NA
27052993,27053742,OCH,NA
27053011,27054010,FEM,NA
27054476,27055777,CHI,N
27055328,27055856,OCH,NA
27055834,27056992,FEM,NA
27056282,27056603,OCH,NA
27057140,27058492,CHI,N
27058161,27063878,FEM,NA
27059511,27060051,NA,J
27060512,27061011,OCH,NA
27066589,27068474,MAL,NA
27067141,27067608,NA,NA
27075332,27075907,MAL,NA
27089993,27090511,FEM,NA
27089993,27090511,NA,NA
27095492,27097937,MAL,NA
27096647,27096765,NA,NA
27104696,27104821,MAL,NA
27104976,27106993,MAL,NA
27105644,27106385,NA,NA
27109433,27110992,NA,NA
27109559,27110511,OCH,NA
27117047,27119512,NA,NA
27117585,27118992,OCH,NA
27117744,27119492,CHI,N
27122486,27125707,NA,NA
27122992,27123991,OCH,NA
27123459,27123591,FEM,NA
27123873,27124011,FEM,NA
27123992,27126010,MAL,NA
27127226,27131502,NA,NA
27128041,27130012,OCH,NA
27130899,27131014,FEM,NA
27131649,27131912,NA,NA
27132452,27134050,MAL,NA
27132983,27134017,NA,NA
27134163,27134393,MAL,NA
27135493,27142066,NA,NA
27135511,27137492,FEM,NA
27136991,27138491,OCH,NA
27139128,27141011,FEM,NA
27139308,27140010,OCH,NA
27146492,27146765,NA,NA
27153480,27156492,NA,NA
27153492,27156379,FEM,NA
27158009,27159011,NA,NA
27161492,27169511,NA,NA
27163011,27163112,FEM,NA
27163421,27166992,FEM,NA
27167810,27167938,MAL,NA
27168121,27168362,MAL,NA
27174125,27176012,OCH,NA
27174130,27176121,NA,NA
27179992,27185567,NA,NA
27180313,27182097,CHI,N
27182372,27184924,CHI,Y
27185492,27185905,MAL,NA
27197942,27198506,NA,NA
27201493,27204991,MAL,NA
27202011,27202178,NA,NA
27202510,27204253,NA,NA
27208558,27208992,NA,NA
27212510,27214010,NA,NA
27218992,27221793,NA,NA
27219011,27220960,OCH,NA
27221010,27225421,MAL,NA
27222065,27222259,NA,NA
27223079,27225879,NA,NA
27224785,27225794,FEM,NA
27229198,27230251,OCH,NA
27229240,27233904,NA,NA
27231004,27236387,MAL,NA
27234149,27241993,NA,NA
27236512,27237896,OCH,NA
27237408,27237511,FEM,NA
27238667,27240029,MAL,NA
27240265,27241993,OCH,NA
27247907,27248212,NA,NA
27268993,27270540,NA,NA
27269011,27270511,CHI,N
27269426,27270010,OCH,NA
27270159,27270365,OCH,NA
27277881,27279493,NA,NA
27277992,27279374,OCH,NA
27293213,27297543,NA,NA
27293313,27295254,CHI,N
27295669,27297493,CHI,N
27308384,27310328,NA,NA
27308492,27310288,CHI,N
27313217,27315492,NA,NA
27313492,27315011,CHI,N
27314213,27314525,FEM,NA
27314715,27314816,FEM,NA
27317005,27317278,NA,NA
27317490,27318271,NA,NA
27322147,27324010,NA,NA
27322208,27324112,FEM,NA
27326992,27333492,NA,NA
27327517,27329410,CHI,Y
27329510,27332492,FEM,NA
27335114,27336150,NA,NA
27335492,27336012,OCH,NA
27335510,27335976,CHI,N
27337011,27338493,NA,NA
27337156,27337510,CHI,N
27356670,27357976,MAL,NA
27357507,27357877,NA,NA
27357990,27359492,NA,NA
27358167,27359095,CHI,N
27358589,27359006,FEM,NA
27359623,27360006,NA,NA
27360779,27367262,NA,NA
27361468,27366492,FEM,NA
27362882,27363871,MAL,NA
27369159,27374085,NA,NA
27369433,27370493,OCH,NA
27370573,27372490,MAL,NA
27372126,27372364,FEM,NA
27372489,27373878,FEM,NA
27374984,27382011,NA,NA
27375492,27378486,OCH,NA
27379011,27381993,FEM,NA
27384991,27388493,NA,NA
27385018,27388401,FEM,NA
27388792,27408993,NA,NA
27388955,27390153,FEM,NA
27391411,27391993,CHI,N
27391492,27391973,OCH,NA
27392270,27398664,MAL,NA
27397597,27397943,FEM,NA
27398616,27399601,CHI,N
27398927,27399492,OCH,NA
27399765,27403499,MAL,NA
27403726,27404492,CHI,N
27403979,27408993,MAL,NA
27410192,27411215,NA,NA
27410257,27411023,CHI,N
27411504,27413492,NA,NA
27411693,27411835,CHI,N
27412012,27413403,OCH,NA
27412047,27412511,CHI,N
27414443,27419318,NA,NA
27414492,27415511,CHI,N
27414600,27414992,OCH,NA
27415226,27424490,MAL,NA
27419492,27447992,NA,NA
27424367,27424586,FEM,NA
27424992,27425512,FEM,NA
27427128,27428107,CHI,C
27427241,27427347,OCH,NA
27427650,27429613,MAL,NA
27429011,27429510,FEM,NA
27429629,27430328,CHI,N
27430265,27431277,FEM,NA
27430488,27432143,MAL,NA
27431492,27433483,FEM,NA
27433148,27435011,MAL,NA
27434012,27434420,FEM,NA
27435297,27435405,MAL,NA
27435930,27438500,FEM,NA
27439462,27439995,FEM,NA
27439493,27441795,MAL,NA
27441838,27442908,CHI,N
27441992,27442748,OCH,NA
27442992,27443518,FEM,NA
27442992,27448492,MAL,NA
27445645,27445993,CHI,N
27453298,27453931,OCH,NA
27453311,27454492,NA,NA
27454712,27458991,NA,NA
27455147,27456325,MAL,NA
27457512,27458681,OCH,NA
27464511,27466992,MAL,NA
27464994,27466342,NA,NA
27468202,27475460,NA,NA
27468492,27470492,OCH,NA
27471288,27474030,CHI,C
27472141,27472315,OCH,NA
27472465,27472777,OCH,NA
27473972,27474561,MAL,NA
27474512,27475011,FEM,NA
27478548,27482210,NA,NA
27478675,27481610,CHI,N
27480845,27481776,OCH,NA
27481435,27482010,FEM,NA
27484464,27487216,NA,NA
27484491,27485112,OCH,NA
27485423,27485921,OCH,NA
27485426,27486089,CHI,N
27486550,27486928,CHI,N
27486646,27486945,FEM,NA
27487807,27490698,NA,NA
27488594,27489714,CHI,N
27489392,27489512,FEM,NA
27491511,27496261,NA,NA
27491891,27492036,CHI,N
27492644,27494647,OCH,NA
27493300,27493469,FEM,NA
27494011,27494165,FEM,NA
27494753,27494858,OCH,NA
27495119,27496099,FEM,NA
27495221,27495493,OCH,NA
27495755,27495902,OCH,NA
27500511,27501037,NA,NA
27501854,27502723,NA,NA
27501938,27502697,OCH,NA
27503326,27504106,OCH,NA
27503493,27504025,NA,NA
27506589,27507090,OCH,NA
27512678,27514425,NA,NA
27512703,27514171,CHI,N
27535493,27536889,CHI,C
27535493,27543028,NA,NA
27537415,27539337,CHI,N
27538010,27538132,OCH,NA
27538491,27540357,OCH,NA
27539882,27542992,CHI,C
27543989,27545511,NA,NA
27544099,27544595,OCH,NA
27544330,27545267,CHI,N
27544791,27545316,OCH,NA
27546600,27548011,NA,NA
27546661,27547955,OCH,NA
27552069,27554821,NA,NA
27552223,27552598,OCH,NA
27552239,27552511,CHI,N
27553222,27553350,OCH,NA
27553616,27554563,FEM,NA
27553780,27554210,OCH,NA
27565993,27569012,OCH,NA
27565993,27573992,NA,NA
27568040,27569422,FEM,NA
27570011,27571142,FEM,NA
27571217,27572992,CHI,C
27572511,27573078,OCH,NA
27573583,27573723,OCH,NA
27581492,27582992,CHI,Y
27581492,27582992,NA,NA
27586492,27589764,MAL,NA
27586492,27591004,NA,NA
27589992,27590638,CHI,N
27590072,27590511,OCH,NA
27591443,27592445,NA,NA
27591521,27592292,CHI,N
27594493,27596017,NA,NA
27594511,27595991,CHI,C
27594780,27595737,OCH,NA
27601131,27601269,OCH,NA
27601138,27601286,NA,NA
27610016,27610171,MAL,NA
27610308,27618011,NA,NA
27610379,27611991,MAL,NA
27612325,27612730,OCH,NA
27612902,27613270,OCH,NA
27613683,27615408,MAL,NA
27613992,27614154,FEM,NA
27614761,27615011,FEM,NA
27616748,27617752,MAL,NA
27616920,27617632,FEM,NA
27619491,27622490,MAL,NA
27619512,27626627,NA,NA
27623492,27626195,FEM,NA
27623828,27624393,MAL,NA
27627197,27638512,NA,NA
27627352,27628992,FEM,NA
27628514,27631511,MAL,NA
27631493,27636491,FEM,NA
27635511,27636734,OCH,NA
27636992,27638490,MAL,NA
27639039,27639446,NA,NA
27640118,27655089,NA,NA
27640222,27643298,OCH,NA
27643511,27643992,OCH,NA
27644303,27645543,OCH,NA
27644993,27647161,FEM,NA
27646242,27647145,OCH,NA
27647730,27652011,FEM,NA
27648513,27648651,MAL,NA
27649922,27652011,OCH,NA
27652354,27652511,OCH,NA
27652511,27652842,FEM,NA
27653037,27653410,CHI,N
27654492,27654821,CHI,N
27655258,27659210,NA,NA
27657133,27659303,MAL,NA
27660177,27662011,OCH,NA
27660192,27667715,NA,NA
27662011,27667192,FEM,NA
27666748,27667597,MAL,NA
27668512,27668698,NA,NA
27668993,27691683,NA,NA
27669511,27673011,MAL,NA
27672492,27675897,FEM,NA
27675496,27678039,MAL,NA
27678011,27678134,FEM,NA
27678267,27679263,OCH,NA
27678270,27679991,FEM,NA
27679492,27684725,MAL,NA
27681819,27682740,FEM,NA
27685439,27690901,FEM,NA
27687665,27688993,OCH,NA
27691215,27691519,FEM,NA
27692071,27692528,NA,NA
27693281,27709511,NA,NA
27693541,27697491,MAL,NA
27697314,27700942,OCH,NA
27698993,27701276,FEM,NA
27702010,27702155,OCH,NA
27702030,27705088,FEM,NA
27702032,27702224,CHI,N
27705012,27706990,MAL,NA
27706011,27708011,FEM,NA
27707457,27710032,MAL,NA
27708348,27708456,FEM,NA
27710512,27710706,OCH,NA
27711214,27711442,OCH,NA
27712289,27714565,MAL,NA
27712493,27720747,NA,NA
27715500,27715993,FEM,NA
27715574,27728011,MAL,NA
27716320,27716511,FEM,NA
27720908,27727548,NA,NA
27728492,27731011,OCH,NA
27728668,27732011,NA,NA
27730011,27731511,FEM,NA
27732233,27732491,NA,NA
27734295,27735017,OCH,NA
27734334,27734491,NA,NA
27734793,27734943,NA,NA
27736339,27736732,OCH,NA
27736444,27736746,NA,NA
27737762,27740445,NA,NA
27737870,27739011,FEM,NA
27738720,27742691,MAL,NA
27740664,27742444,NA,NA
27742800,27742991,MAL,NA
27745181,27751992,NA,NA
27745480,27746020,FEM,NA
27745492,27748992,MAL,NA
27748460,27750991,FEM,NA
27752109,27752305,NA,NA
27752703,27753174,NA,NA
27752721,27753055,OCH,NA
27753511,27753614,NA,NA
27754010,27754211,NA,NA
27754491,27754935,NA,NA
27755534,27756493,NA,NA
27755992,27756309,OCH,NA
27756878,27756993,NA,NA
27757212,27757349,OCH,NA
27760992,27764273,NA,NA
27761010,27763011,CHI,Y
27765074,27765391,NA,NA
27767510,27777635,NA,NA
27767976,27771491,OCH,NA
27768196,27769014,CHI,N
27771285,27773043,CHI,Y
27773702,27774971,OCH,NA
27774092,27774829,CHI,N
27775452,27777504,CHI,N
27778395,27784241,NA,NA
27778643,27780992,CHI,N
27778775,27779037,OCH,NA
27779166,27779326,OCH,NA
27779598,27779993,OCH,NA
27781442,27784986,MAL,NA
27786345,27791924,NA,NA
27786412,27787511,FEM,NA
27787992,27788441,MAL,NA
27788574,27789506,OCH,NA
27790012,27791428,FEM,NA
27790376,27790492,OCH,NA
27792401,27800218,NA,NA
27792492,27794991,OCH,NA
27793211,27797492,CHI,N
27796492,27800005,OCH,NA
27800643,27801073,OCH,NA
27800807,27801107,NA,NA
27801510,27801621,NA,NA
27801976,27812526,NA,NA
27802219,27803068,OCH,NA
27802254,27803631,CHI,N
27803010,27804991,FEM,NA
27803220,27803341,OCH,NA
27804482,27805685,MAL,NA
27805734,27806510,OCH,NA
27805893,27806011,CHI,N
27806687,27806790,MAL,NA
27806993,27812526,MAL,NA
27807071,27807201,FEM,NA
27808080,27808414,FEM,NA
27813242,27813789,OCH,NA
27813313,27824265,NA,NA
27813908,27818496,OCH,NA
27818492,27819224,FEM,NA
27818807,27819511,OCH,NA
27819450,27819666,FEM,NA
27819536,27821011,CHI,C
27821011,27824491,MAL,NA
27824992,27827343,NA,NA
27825512,27827230,OCH,NA
27826011,27826397,NA,J
27826571,27826831,CHI,N
27827994,27844116,NA,NA
27828092,27831025,CHI,Y
27828262,27828492,OCH,NA
27832559,27832993,FEM,NA
27832628,27833511,CHI,N
27833492,27834992,OCH,NA
27833630,27833765,CHI,N
27834011,27835990,FEM,NA
27835512,27837356,MAL,NA
27837240,27837993,CHI,N
27838097,27838510,FEM,NA
27838355,27840297,MAL,NA
27840675,27843969,CHI,N
27844275,27859906,NA,NA
27844511,27847493,FEM,NA
27847425,27848662,MAL,NA
27848510,27853932,CHI,Y
27848603,27850873,OCH,NA
27851351,27853908,OCH,NA
27854059,27857110,FEM,NA
27857029,27858210,CHI,N
27857512,27859785,OCH,NA
27862512,27882511,NA,NA
27862512,27868491,MAL,NA
27868190,27868327,CHI,N
27868511,27869662,OCH,NA
27869955,27870814,OCH,NA
27870510,27873492,MAL,NA
27873983,27874609,FEM,NA
27874027,27874751,OCH,NA
27874719,27879712,MAL,NA
27879010,27880058,FEM,NA
27880382,27880564,OCH,NA
27880590,27883012,MAL,NA
27886380,27889512,NA,NA
27886489,27887723,OCH,NA
27887041,27887321,FEM,NA
27887492,27889127,FEM,NA
27887934,27889512,MAL,NA
27894221,27916511,NA,NA
27894486,27895510,FEM,NA
27895001,27910192,MAL,NA
27898513,27898705,FEM,NA
27898869,27899011,FEM,NA
27899800,27899943,FEM,NA
27910011,27913511,OCH,NA
27911491,27912021,FEM,NA
27913992,27916463,FEM,NA
27914250,27914491,MAL,NA
27915492,27916003,MAL,NA
27918010,27922511,NA,NA
27918510,27919236,OCH,NA
27919487,27920879,OCH,NA
27919510,27921397,CHI,N
27923511,27928511,NA,NA
27924406,27925496,MAL,NA
27925511,27926993,OCH,NA
27927492,27928255,MAL,NA
27932253,27932493,NA,NA
27932270,27932493,FEM,NA
27933729,27935211,MAL,NA
27933748,27934011,NA,NA
27935535,27935864,MAL,NA
27936632,27940252,NA,NA
27939492,27940304,FEM,NA
27952992,27959703,NA,NA
27953011,27954321,CHI,N
27954492,27956952,CHI,Y
27957675,27958153,CHI,N
27957751,27958443,OCH,NA
27960992,27961375,NA,NA
27962908,27963993,OCH,NA
27963087,27963673,NA,NA
27966492,27969239,NA,NA
27967493,27969012,OCH,NA
27967493,27969067,CHI,N
27989132,27989993,MAL,NA
27998057,27998992,NA,NA
27998254,27998624,FEM,NA
28012503,28017260,NA,NA
28012584,28013991,CHI,N
28013992,28015693,FEM,NA
28015946,28017338,OCH,NA
28016116,28017010,CHI,N
28018524,28021280,NA,NA
28018654,28019283,OCH,NA
28019078,28021748,MAL,NA
28023990,28026511,NA,NA
28024010,28024408,CHI,N
28025492,28026175,FEM,NA
28026785,28029585,MAL,NA
28027482,28030401,NA,NA
28029497,28030023,CHI,N
28029745,28029912,OCH,NA
28038012,28043130,NA,NA
28038476,28039672,FEM,NA
28038992,28043128,MAL,NA
28040383,28040493,FEM,NA
28043935,28044406,NA,NA
28043967,28045492,OCH,NA
28047011,28050052,MAL,NA
28047992,28051011,NA,NA
28049510,28049692,FEM,NA
28049846,28051010,FEM,NA
28058010,28059343,NA,NA
28058010,28059519,MAL,NA
28065707,28067599,NA,NA
28066480,28067545,MAL,NA
28067914,28069828,NA,NA
28068500,28070029,MAL,NA
28076043,28076541,NA,NA
28076799,28080817,NA,NA
28077182,28077673,MAL,NA
28077648,28077798,FEM,NA
28078137,28078512,FEM,NA
28078512,28081011,MAL,NA
28081011,28091543,NA,NA
28081036,28082992,OCH,NA
28083019,28084904,MAL,NA
28084988,28085839,FEM,NA
28086710,28086992,FEM,NA
28087494,28088010,FEM,NA
28088492,28088865,MAL,NA
28088993,28091988,MAL,NA
28093487,28098531,NA,NA
28093510,28094868,OCH,NA
28095108,28095923,CHI,N
28095370,28095957,MAL,NA
28096605,28097045,OCH,NA
28097376,28098603,MAL,NA
28099011,28099343,NA,NA
28099585,28099717,NA,NA
28099796,28100903,MAL,NA
28099843,28102011,NA,NA
28101011,28101418,OCH,NA
28101315,28101511,MAL,NA
28103833,28107697,NA,NA
28103990,28106467,CHI,C
28105994,28107511,MAL,NA
28109511,28112731,MAL,NA
28109737,28112067,NA,NA
28113195,28114493,OCH,NA
28113431,28118222,NA,NA
28114817,28116952,FEM,NA
28117511,28118010,FEM,NA
28124513,28126491,MAL,NA
28125239,28126105,NA,NA
28132993,28133847,NA,NA
28133021,28133153,MAL,NA
28133379,28133587,MAL,NA
28136528,28137512,NA,NA
28137139,28137492,FEM,NA
28140510,28142987,NA,NA
28140703,28140878,FEM,NA
28140755,28142861,MAL,NA
28140986,28141786,FEM,NA
28142022,28142221,FEM,NA
28142404,28142512,FEM,NA
28145510,28147003,MAL,NA
28145814,28147010,NA,NA
28148482,28150622,MAL,NA
28148668,28150512,NA,NA
28155511,28158581,NA,NA
28155873,28156923,OCH,NA
28155992,28156923,CHI,N
28156785,28159364,MAL,NA
28160160,28168979,NA,NA
28160490,28161855,CHI,N
28161208,28161355,OCH,NA
28163013,28164376,OCH,NA
28163357,28163511,CHI,N
28163631,28164011,CHI,N
28164802,28165194,MAL,NA
28165307,28169138,MAL,NA
28180421,28182510,MAL,NA
28180992,28182010,NA,NA
28185492,28186052,NA,NA
28185659,28186010,CHI,N
28188643,28190511,MAL,NA
28188992,28190013,NA,NA
28195800,28197256,MAL,NA
28196196,28197430,NA,NA
28198706,28201500,OCH,NA
28198790,28201510,NA,NA
28202867,28207012,NA,NA
28203512,28207473,MAL,NA
28209492,28222052,NA,NA
28209507,28213905,OCH,NA
28212376,28213512,FEM,NA
28214011,28218788,MAL,NA
28217511,28221011,FEM,NA
28219723,28219902,MAL,NA
28220694,28220814,MAL,NA
28220986,28221894,MAL,NA
28222822,28223526,NA,NA
28223122,28223336,OCH,NA
28226897,28239511,NA,NA
28226956,28234492,OCH,NA
28228492,28231011,CHI,N
28233961,28234374,CHI,N
28234238,28238416,MAL,NA
28239970,28240402,NA,NA
28241011,28241131,NA,NA
28241406,28246514,NA,NA
28241425,28242122,MAL,NA
28241992,28242834,CHI,N
28242511,28247250,MAL,NA
28247299,28248187,NA,NA
28247493,28247903,CHI,N
28248644,28251511,NA,NA
28249484,28250512,CHI,N
28249548,28249906,OCH,NA
28250049,28250511,OCH,NA
28251011,28251197,MAL,NA
28258713,28259783,NA,NA
28258784,28259543,CHI,N
28261492,28263456,MAL,NA
28261511,28262881,NA,NA
28269508,28272125,NA,NA
28269920,28271991,MAL,NA
28272512,28274512,NA,NA
28272854,28274457,CHI,C
28272986,28273713,MAL,NA
28297274,28297811,MAL,NA
28310511,28318565,NA,NA
28311010,28312991,OCH,NA
28311157,28312492,CHI,N
28312647,28313685,FEM,NA
28314119,28314833,CHI,N
28314348,28314562,OCH,NA
28316507,28317602,CHI,N
28316804,28316924,OCH,NA
28317814,28317922,MAL,NA
28319011,28319316,NA,NA
28319851,28322848,NA,NA
28319993,28321031,CHI,N
28319993,28321034,OCH,NA
28321189,28322713,MAL,NA
28324104,28326929,NA,NA
28324283,28325992,OCH,NA
28324585,28324960,CHI,N
28326162,28326511,OCH,NA
28327982,28329502,OCH,NA
28327992,28329708,NA,NA
28329850,28333510,MAL,NA
28330125,28331023,NA,NA
28332207,28333010,NA,NA
28333700,28333815,MAL,NA
28334011,28334229,MAL,NA
28334372,28334483,MAL,NA
28334510,28341780,NA,NA
28334603,28339478,MAL,NA
28338512,28339390,FEM,NA
28339991,28341510,MAL,NA
28342452,28347992,NA,NA
28343512,28343821,MAL,NA
28344992,28346209,OCH,NA
28345511,28346321,FEM,NA
28346993,28354011,MAL,NA
28348864,28354058,NA,NA
28356846,28357511,NA,NA
28356991,28357448,CHI,N
28359931,28388499,NA,NA
28359992,28361992,CHI,N
28360598,28360713,OCH,NA
28360965,28361129,OCH,NA
28361377,28361510,OCH,NA
28362314,28364619,MAL,NA
28364840,28364990,MAL,NA
28365098,28365528,MAL,NA
28365263,28368510,FEM,NA
28369865,28371181,CHI,N
28371209,28376221,MAL,NA
28374011,28376168,FEM,NA
28376293,28377511,CHI,N
28377461,28381963,FEM,NA
28378510,28379256,OCH,NA
28379364,28381991,OCH,NA
28382339,28382992,FEM,NA
28382508,28386492,MAL,NA
28386011,28386418,FEM,NA
28386732,28386951,MAL,NA
28386992,28387279,FEM,NA
28387444,28387859,FEM,NA
28393856,28394923,OCH,NA
28394012,28394479,NA,NA
28396394,28397511,OCH,NA
28396548,28397287,NA,NA
28398168,28398511,OCH,NA
28399511,28401492,OCH,NA
28399852,28403791,NA,NA
28401492,28404010,MAL,NA
28406012,28408256,OCH,NA
28407481,28408254,NA,NA
28408511,28410992,NA,NA
28409111,28410010,CHI,N
28409439,28410988,OCH,NA
28412011,28412257,NA,NA
28412512,28437043,NA,NA
28412993,28420194,FEM,NA
28418992,28420880,MAL,NA
28421069,28421992,CHI,N
28423011,28424234,MAL,NA
28423725,28424010,FEM,NA
28424341,28424891,OCH,NA
28424341,28425057,CHI,N
28424922,28429716,MAL,NA
28429346,28432512,FEM,NA
28432566,28433012,OCH,NA
28432991,28435011,MAL,NA
28434664,28436400,FEM,NA
28435170,28435437,MAL,NA
28436726,28436957,CHI,N
28438423,28444657,NA,NA
28438493,28439512,FEM,NA
28439492,28441591,OCH,NA
28442512,28445394,MAL,NA
28444998,28459532,NA,NA
28446544,28448043,OCH,NA
28446992,28449343,CHI,N
28449011,28450975,FEM,NA
28450492,28453492,MAL,NA
28453511,28455011,OCH,NA
28453700,28454704,CHI,N
28455492,28459991,MAL,NA
28460511,28471843,MAL,NA
28461372,28466639,NA,NA
28467011,28469380,NA,NA
28469559,28472514,NA,NA
28471777,28472511,OCH,NA
28480294,28482370,CHI,Y
28480304,28485150,NA,NA
28482324,28485010,MAL,NA
28488993,28491410,NA,NA
28489011,28491988,MAL,NA
28489712,28489999,FEM,NA
28492511,28494494,NA,NA
28492536,28494991,MAL,NA
28497504,28501011,NA,NA
28497585,28498923,CHI,N
28498510,28501492,MAL,NA
28502511,28502665,NA,NA
28502518,28504739,MAL,NA
28502874,28504492,NA,NA
28506580,28507591,NA,NA
28506661,28507442,CHI,N
28507999,28508704,NA,NA
28508050,28508349,MAL,NA
28509492,28510543,NA,NA
28509653,28510492,CHI,N
28511052,28511437,MAL,NA
28513991,28514997,MAL,NA
28540382,28544162,NA,NA
28540411,28542514,CHI,Y
28542491,28543991,FEM,NA
28545623,28554010,NA,NA
28546513,28547512,CHI,N
28547549,28550224,FEM,NA
28547711,28547993,CHI,N
28550013,28554490,MAL,NA
28552628,28552771,CHI,N
28556255,28556593,NA,NA
28561012,28561255,NA,NA
28561493,28567992,NA,NA
28561599,28563519,FEM,NA
28563320,28564397,CHI,N
28564009,28564347,FEM,NA
28564456,28567011,FEM,NA
28565465,28567389,MAL,NA
28569512,28571512,NA,NA
28569647,28571493,CHI,N
28579011,28583512,MAL,NA
28579510,28584993,NA,NA
28583327,28584510,CHI,N
28586491,28587991,MAL,NA
28586890,28587492,NA,NA
28588628,28590238,MAL,NA
28592011,28593992,MAL,NA
28592492,28611993,NA,NA
28593992,28595992,OCH,NA
28596014,28596993,FEM,NA
28597784,28600516,CHI,Y
28600064,28601657,MAL,NA
28601596,28602558,CHI,Y
28601866,28602011,OCH,NA
28602150,28602493,OCH,NA
28602769,28604510,MAL,NA
28603511,28604434,FEM,NA
28604516,28608078,CHI,N
28606046,28606265,MAL,NA
28608010,28609605,FEM,NA
28608473,28608650,MAL,NA
28609514,28610920,CHI,N
28609713,28609819,FEM,NA
28609991,28610791,OCH,NA
28611222,28611377,OCH,NA
28615322,28617769,NA,NA
28615493,28617208,CHI,Y
28618375,28626178,NA,NA
28618491,28620010,MAL,NA
28619992,28625770,CHI,C
28624496,28625993,OCH,NA
28626298,28629011,NA,NA
28627493,28627831,NA,J
28627513,28629177,MAL,NA
28628011,28628229,NA,J
28631492,28653997,NA,NA
28631510,28638491,CHI,C
28638991,28640010,FEM,NA
28639354,28641499,CHI,N
28642594,28643122,MAL,NA
28642776,28643323,FEM,NA
28643011,28648511,CHI,C
28648239,28650742,MAL,NA
28650011,28650450,FEM,NA
28651065,28653132,CHI,C
28652911,28654011,MAL,NA
28661992,28665423,NA,NA
28662103,28662785,CHI,N
28662230,28665180,OCH,NA
28664493,28665084,CHI,N
28666258,28670073,NA,NA
28666273,28669992,CHI,C
28669037,28669830,OCH,NA
28672512,28685511,NA,NA
28672704,28673539,FEM,NA
28673786,28676766,NA,J
28676033,28676347,FEM,NA
28677998,28678764,CHI,N
28678011,28678414,OCH,NA
28678943,28681493,CHI,N
28682954,28685180,CHI,N
28683568,28684010,OCH,NA
28684137,28684512,OCH,NA
28686992,28687127,NA,NA
28687294,28689142,NA,NA
28687380,28688566,CHI,N
28689512,28693511,NA,NA
28689731,28689849,FEM,NA
28689903,28690011,MAL,NA
28689992,28693119,FEM,NA
28693886,28695992,NA,NA
28696172,28696450,NA,NA
28696542,28697452,MAL,NA
28697011,28697426,NA,NA
28698894,28717055,NA,NA
28698992,28703801,CHI,N
28704151,28711002,CHI,N
28710492,28712929,MAL,NA
28714355,28716993,CHI,N
28715065,28715511,OCH,NA
28718511,28722510,NA,NA
28718847,28720902,CHI,N
28720492,28722674,OCH,NA
28724510,28727796,NA,NA
28724534,28727612,CHI,C
28736893,28737544,MAL,NA
28739011,28740105,MAL,NA
28739028,28739274,NA,NA
28739492,28741677,NA,NA
28740400,28740849,OCH,NA
28741132,28741510,OCH,NA
28743790,28746083,NA,NA
28743992,28745597,CHI,C
28747443,28750079,NA,NA
28747492,28749731,CHI,N
28752491,28757553,NA,NA
28752492,28753206,CHI,N
28753010,28754011,FEM,NA
28754387,28754492,FEM,NA
28754450,28757842,MAL,NA
28758417,28761011,NA,NA
28758491,28760911,OCH,NA
28758512,28760498,FEM,NA
28764406,28766718,NA,NA
28764600,28765010,CHI,N
28764992,28765930,FEM,NA
28765010,28766979,MAL,NA
28767926,28769124,MAL,NA
28768454,28769011,NA,NA
28774011,28785781,NA,NA
28774011,28776014,CHI,N
28776192,28776973,MAL,NA
28776916,28777529,FEM,NA
28778011,28780988,MAL,NA
28780847,28783010,CHI,N
28782010,28782656,OCH,NA
28783536,28786079,MAL,NA
28790783,28791576,NA,NA
28790837,28791510,OCH,NA
28791686,28795010,NA,NA
28793510,28795010,CHI,N
28796592,28797512,NA,NA
28796715,28797407,CHI,N
28798868,28800294,MAL,NA
28799334,28801992,NA,NA
28800137,28801698,NA,J
28802302,28827010,NA,NA
28802753,28804204,CHI,N
28804012,28808054,MAL,NA
28808062,28809010,CHI,N
28808217,28808492,OCH,NA
28809010,28811339,MAL,NA
28811509,28811644,OCH,NA
28812800,28814469,CHI,N
28815159,28823991,CHI,Y
28815330,28816992,OCH,NA
28817792,28818990,OCH,NA
28819427,28819660,FEM,NA
28819680,28820611,OCH,NA
28821012,28821496,OCH,NA
28822090,28822510,OCH,NA
28823511,28826012,MAL,NA
28825991,28826529,FEM,NA
28826180,28826450,MAL,NA
28828335,28834489,MAL,NA
28829439,28834427,NA,NA
28837517,28840993,NA,NA
28838263,28840744,MAL,NA
28838317,28840492,FEM,NA
28842129,28842239,NA,NA
28842510,28850991,NA,NA
28843142,28844777,FEM,NA
28844492,28846065,MAL,NA
28846344,28847510,OCH,NA
28846493,28847011,CHI,N
28847806,28848012,OCH,NA
28848511,28848651,MAL,NA
28849211,28849349,MAL,NA
28849993,28850663,CHI,N
28851216,28851491,NA,NA
28852727,28857919,NA,NA
28853128,28853251,CHI,N
28853280,28853511,FEM,NA
28853407,28855527,CHI,N
28855865,28857510,MAL,NA
28856824,28857388,FEM,NA
28858331,28869185,NA,NA
28859029,28859230,CHI,N
28859667,28861294,CHI,N
28860742,28864480,MAL,NA
28863992,28865479,CHI,Y
28864723,28865012,OCH,NA
28865789,28869638,MAL,NA
28866368,28866491,FEM,NA
28870862,28875111,NA,NA
28870992,28872492,CHI,C
28872669,28874785,CHI,C
28872798,28872992,OCH,NA
28873412,28873613,MAL,NA
28875427,28882155,NA,NA
28875609,28875894,OCH,NA
28876109,28878993,OCH,NA
28876114,28880993,CHI,Y
28881068,28881272,OCH,NA
28882288,28891011,NA,NA
28883010,28886029,CHI,N
28883491,28885992,OCH,NA
28886011,28888991,MAL,NA
28890493,28891028,MAL,NA
28892649,28893491,MAL,NA
28894013,28895851,MAL,NA
28894492,28895569,NA,NA
28898993,28901119,MAL,NA
28899950,28900993,NA,NA
28901510,28905511,MAL,NA
28902489,28905010,NA,NA
28910508,28911168,NA,NA
28911492,28913498,NA,NA
28911939,28913011,FEM,NA
28912013,28913010,MAL,NA
28924493,28925003,NA,NA
28930993,28931319,NA,NA
28932247,28934952,NA,NA
28933011,28934727,CHI,N
28936011,28939830,NA,NA
28937711,28939699,CHI,N
28941703,28941970,NA,NA
28943290,28944993,NA,NA
28943438,28944191,CHI,N
28945510,28950178,NA,NA
28945863,28946710,OCH,NA
28945991,28946713,CHI,N
28946992,28948177,MAL,NA
28948511,28948634,FEM,NA
28948865,28949493,FEM,NA
28949486,28950134,MAL,NA
28951919,28955491,NA,NA
28951992,28955392,CHI,Y
28963992,28965126,OCH,NA
28964004,28965157,NA,NA
28972244,28975011,NA,NA
28972315,28973754,CHI,N
28973570,28975489,MAL,NA
28977213,28978458,OCH,NA
28977225,28978492,NA,NA
28979011,28980744,NA,NA
28979152,28980311,CHI,N
28981090,28996156,NA,NA
28981184,28982492,CHI,N
28981294,28982011,OCH,NA
28982637,28983992,CHI,N
28982991,28983202,OCH,NA
28984174,28985296,MAL,NA
28984490,28985096,FEM,NA
28985396,28987192,CHI,N
28986992,28987169,OCH,NA
28987959,28988563,CHI,N
28987991,28989962,OCH,NA
28990037,28992170,MAL,NA
28993493,28994659,CHI,N
28995119,28995990,MAL,NA
28995573,28995816,CHI,N
28996265,28997897,NA,NA
28996297,28997824,CHI,N
28998938,29005204,NA,NA
28999011,29000493,CHI,N
29001518,29002276,FEM,NA
29002735,29003888,CHI,N
29003493,29003959,OCH,NA
29014404,29015789,NA,NA
29014448,29015644,CHI,Y
29016131,29018993,MAL,NA
29016304,29018489,NA,NA
29020717,29022708,OCH,NA
29020722,29022732,NA,NA
29020992,29021510,CHI,N
29021784,29022351,CHI,N
29024740,29025783,NA,NA
29024990,29025511,NA,J
29032158,29032305,OCH,NA
29032467,29033512,OCH,NA
29036732,29038247,NA,NA
29036936,29037820,FEM,NA
29044550,29049295,MAL,NA
29044784,29046011,NA,NA
29046379,29047991,NA,NA
29048348,29049128,NA,NA
29050993,29052512,NA,NA
29051011,29051613,FEM,NA
29055871,29060984,OCH,NA
29056011,29061138,NA,NA
29060012,29060910,CHI,N
29061992,29063447,NA,NA
29062162,29062979,OCH,NA
29062220,29063011,CHI,N
29063789,29065863,NA,NA
29063991,29064465,CHI,N
29063991,29066269,MAL,NA
29064061,29064164,OCH,NA
29069272,29069426,MAL,NA
29073575,29078275,NA,NA
29073992,29074512,CHI,N
29074726,29075566,CHI,N
29074992,29075395,OCH,NA
29075492,29078511,MAL,NA
29078492,29079010,NA,NA
29085492,29086511,MAL,NA
29085991,29086882,NA,NA
29086994,29103992,NA,NA
29087490,29089645,CHI,N
29088040,29088337,MAL,NA
29089920,29093189,MAL,NA
29093705,29094711,CHI,C
29094184,29094322,FEM,NA
29094491,29095510,FEM,NA
29095706,29097491,CHI,N
29097520,29097665,OCH,NA
29098087,29098215,CHI,N
29098101,29098239,OCH,NA
29098492,29101752,MAL,NA
29101121,29101546,FEM,NA
29101992,29103754,CHI,N
29104669,29117745,NA,NA
29104993,29105948,CHI,N
29105755,29107488,MAL,NA
29108511,29110020,CHI,N
29109750,29111795,MAL,NA
29111867,29112763,CHI,N
29112509,29114497,MAL,NA
29114512,29116976,OCH,NA
29115511,29117477,CHI,C
29119510,29123511,NA,NA
29119731,29123248,CHI,N
29121503,29123012,OCH,NA
29125919,29126932,NA,NA
29125958,29126699,CHI,N
29131372,29134828,MAL,NA
29131491,29131840,NA,NA
29133154,29136779,NA,NA
29135847,29136453,MAL,NA
29137632,29152490,NA,NA
29137686,29140011,CHI,N
29139964,29144426,MAL,NA
29143052,29143469,CHI,N
29144011,29148491,CHI,N
29148010,29152776,MAL,NA
29157011,29161388,NA,NA
29157261,29159011,CHI,C
29160010,29161255,FEM,NA
29162477,29163812,NA,NA
29162479,29163151,MAL,NA
29164011,29175494,NA,NA
29164453,29165454,FEM,NA
29165319,29168416,CHI,N
29166991,29171510,OCH,NA
29169593,29169785,FEM,NA
29169995,29171446,FEM,NA
29172209,29174264,OCH,NA
29172326,29175011,CHI,Y
29174452,29175301,OCH,NA
29176232,29178011,OCH,NA
29176288,29176511,NA,NA
29177072,29180516,NA,NA
29178379,29180011,MAL,NA
29180075,29180261,OCH,NA
29180690,29187722,NA,NA
29182012,29186011,FEM,NA
29186477,29186612,FEM,NA
29186799,29186912,FEM,NA
29186992,29187419,MAL,NA
29187979,29188370,NA,NA
29188762,29195993,NA,NA
29189226,29189493,OCH,NA
29189314,29189780,CHI,N
29189557,29191828,FEM,NA
29190336,29193994,OCH,NA
29192511,29195491,CHI,N
29196511,29200016,NA,NA
29196543,29196759,OCH,NA
29196904,29197560,OCH,NA
29197992,29199443,OCH,NA
29198149,29198525,CHI,N
29198804,29199511,CHI,N
29200137,29201119,NA,NA
29201754,29202515,NA,NA
29203313,29205348,OCH,NA
29203485,29204287,NA,NA
29204859,29205510,NA,NA
29205768,29205898,NA,NA
29211840,29211992,NA,NA
29214446,29218992,NA,NA
29214629,29216514,CHI,Y
29216012,29216248,OCH,NA
29216511,29218011,MAL,NA
29217925,29218565,OCH,NA
29217969,29218511,CHI,C
29219159,29245791,NA,NA
29219901,29221992,CHI,C
29220860,29222115,FEM,NA
29222456,29226636,CHI,N
29223173,29223511,OCH,NA
29226776,29227390,CHI,N
29227524,29229051,CHI,N
29228492,29228926,OCH,NA
29229992,29231511,FEM,NA
29231548,29233428,MAL,NA
29232993,29235011,CHI,N
29234523,29237510,MAL,NA
29237262,29243504,CHI,N
29243887,29245792,MAL,NA
29251954,29253898,OCH,NA
29252067,29253493,NA,NA
29254316,29258869,NA,NA
29254492,29258193,CHI,Y
29254510,29256069,OCH,NA
29261675,29262019,NA,NA
29263817,29265829,NA,NA
29263985,29264392,OCH,NA
29265011,29267991,MAL,NA
29265929,29267989,NA,NA
29276169,29276533,OCH,NA
29277669,29278120,NA,NA
29277757,29278012,OCH,NA
29280992,29286510,NA,NA
29280999,29283032,CHI,N
29283317,29284662,CHI,N
29284492,29286865,MAL,NA
29289492,29293858,NA,NA
29291156,29292511,OCH,NA
29291255,29292132,CHI,Y
29293010,29293351,MAL,NA
29294178,29295493,NA,NA
29294487,29295034,OCH,NA
29295854,29297329,MAL,NA
29295992,29298511,NA,NA
29297012,29298492,CHI,N
29300395,29307493,NA,NA
29300484,29301773,CHI,N
29301016,29301595,OCH,NA
29302474,29303873,CHI,N
29303910,29307511,MAL,NA
29310512,29320384,NA,NA
29310576,29312452,CHI,N
29312012,29320492,MAL,NA
29320512,29323040,NA,NA
29320895,29323011,CHI,N
29324430,29326440,NA,NA
29324813,29325839,FEM,NA
29324992,29329445,MAL,NA
29327378,29329012,NA,NA
29331656,29332263,NA,NA
29331656,29332490,MAL,NA
29333973,29337993,OCH,NA
29333985,29348157,NA,NA
29336492,29337430,MAL,NA
29337491,29338699,CHI,N
29338511,29344488,MAL,NA
29344493,29344998,FEM,NA
29345492,29346521,CHI,N
29345804,29346337,OCH,NA
29346511,29348526,MAL,NA
29349763,29357628,NA,NA
29349992,29350510,FEM,NA
29349992,29350540,MAL,NA
29350763,29352061,CHI,N
29352166,29352640,CHI,N
29352512,29355988,MAL,NA
29355942,29357267,CHI,N
29357957,29361492,MAL,NA
29358011,29368366,NA,NA
29362510,29363185,MAL,NA
29363948,29365288,CHI,N
29365991,29367992,MAL,NA
29367149,29367831,FEM,NA
29369010,29372643,NA,NA
29369122,29369778,CHI,N
29369993,29372011,MAL,NA
29395231,29404492,NA,NA
29395487,29397382,CHI,N
29395600,29395720,OCH,NA
29397624,29398363,CHI,N
29397749,29397876,OCH,NA
29398670,29398884,MAL,NA
29400465,29401511,OCH,NA
29400557,29401372,CHI,N
29401456,29402676,MAL,NA
29402799,29404389,CHI,N
29405992,29407415,MAL,NA
29405992,29408511,NA,NA
29406785,29407011,FEM,NA
29407548,29408331,CHI,N
29418976,29420825,NA,NA
29418992,29419537,CHI,N
29424890,29426186,NA,NA
29424938,29426011,OCH,NA
29425656,29425801,FEM,NA
29426630,29431053,NA,NA
29428134,29430893,FEM,NA
29429506,29430119,MAL,NA
29432384,29440010,NA,NA
29433281,29434061,OCH,NA
29434011,29439973,FEM,NA
29434401,29434573,OCH,NA
29436318,29436450,MAL,NA
29442417,29443701,MAL,NA
29442670,29455563,NA,NA
29444011,29446036,OCH,NA
29445010,29446011,CHI,N
29446612,29446715,MAL,NA
29446991,29447582,OCH,NA
29446993,29447751,CHI,N
29447753,29451872,MAL,NA
29450993,29452166,FEM,NA
29452980,29453510,FEM,NA
29452992,29455645,MAL,NA
29456492,29461011,MAL,NA
29456522,29458196,NA,NA
29459010,29461001,NA,NA
29466232,29474467,NA,NA
29466345,29467484,CHI,N
29466546,29466992,OCH,NA
29467228,29474493,MAL,NA
29475976,29477517,NA,NA
29475993,29477463,CHI,N
29478509,29482264,NA,NA
29478816,29479992,FEM,NA
29479012,29482492,MAL,NA
29482993,29490273,NA,NA
29483484,29484216,CHI,N
29483828,29484130,OCH,NA
29484493,29487266,MAL,NA
29487370,29488492,CHI,N
29488688,29489636,CHI,C
29489486,29489697,FEM,NA
29490419,29501992,NA,NA
29490504,29491827,FEM,NA
29492427,29493240,FEM,NA
29492699,29492917,MAL,NA
29493752,29495011,FEM,NA
29493833,29494537,CHI,N
29494511,29497491,MAL,NA
29495202,29495411,FEM,NA
29497421,29500069,CHI,N
29499508,29501457,MAL,NA
29500492,29501511,FEM,NA
29503145,29506992,NA,NA
29503391,29505055,FEM,NA
29504500,29506267,MAL,NA
29505327,29506561,FEM,NA
29508492,29510456,NA,NA
29508563,29509846,CHI,N
29509010,29509872,OCH,NA
29510767,29524476,NA,NA
29510992,29511493,CHI,N
29511014,29515418,MAL,NA
29512011,29512327,FEM,NA
29514512,29514951,FEM,NA
29515224,29516537,CHI,N
29517164,29519457,CHI,C
29518916,29519289,OCH,NA
29519114,29521883,MAL,NA
29521835,29523080,CHI,N
29522637,29524944,MAL,NA
29526940,29527718,NA,NA
29526992,29527589,OCH,NA
29530961,29538420,NA,NA
29531208,29533319,FEM,NA
29531491,29533553,OCH,NA
29533945,29535511,MAL,NA
29536613,29537273,OCH,NA
29537011,29537595,CHI,N
29537492,29538491,MAL,NA
29538859,29542492,MAL,NA
29539569,29542011,NA,NA
29544505,29546771,NA,NA
29544509,29546726,CHI,N
29547116,29549745,NA,NA
29547197,29549581,CHI,N
29550045,29558491,NA,NA
29550098,29551492,CHI,N
29550731,29551406,OCH,NA
29551660,29553491,CHI,N
29554332,29555110,CHI,N
29554347,29555700,FEM,NA
29556441,29558083,CHI,N
29556993,29558066,OCH,NA
29558491,29560454,MAL,NA
29558883,29560012,NA,NA
29561119,29562012,NA,NA
29563569,29564895,MAL,NA
29563675,29566011,NA,NA
29564511,29566011,FEM,NA
29567492,29568577,NA,NA
29567639,29568557,MAL,NA
29570626,29570727,MAL,NA
29571504,29593970,NA,NA
29572012,29577517,MAL,NA
29576996,29578268,FEM,NA
29579992,29582493,CHI,N
29580797,29581492,OCH,NA
29582002,29583274,OCH,NA
29583993,29585011,FEM,NA
29584511,29584864,CHI,N
29586112,29587492,CHI,N
29586720,29587280,OCH,NA
29587972,29588760,MAL,NA
29589200,29590665,OCH,NA
29589352,29591011,FEM,NA
29591310,29592010,MAL,NA
29592236,29593510,CHI,N
29593493,29604511,MAL,NA
29594086,29598141,NA,NA
29598510,29598613,NA,NA
29598974,29600854,NA,NA
29601011,29604511,NA,NA
29611011,29612454,CHI,N
29611011,29612491,NA,NA
29633162,29635712,NA,NA
29633276,29635510,CHI,N
29647492,29655511,NA,NA
29647542,29650588,CHI,Y
29647850,29650756,OCH,NA
29650555,29652757,MAL,NA
29652337,29654011,CHI,N
29654011,29655353,FEM,NA
29660092,29660510,OCH,NA
29660108,29660319,NA,NA
29663511,29663676,OCH,NA
29664114,29664355,OCH,NA
29667492,29667727,OCH,NA
29670492,29672510,CHI,N
29670492,29673658,NA,NA
29673010,29673511,OCH,NA
29675511,29675803,OCH,NA
29676944,29677992,NA,NA
29677133,29677796,OCH,NA
29678555,29679017,NA,NA
29681367,29702501,NA,NA
29681461,29683997,CHI,N
29681512,29683493,OCH,NA
29684166,29685557,CHI,N
29685486,29689511,MAL,NA
29689991,29690845,OCH,NA
29689991,29691010,CHI,Y
29690511,29692516,MAL,NA
29692405,29693512,CHI,N
29693289,29694691,MAL,NA
29694816,29697011,OCH,NA
29697011,29701010,MAL,NA
29701186,29702288,CHI,N
29702648,29705237,NA,NA
29702992,29705493,MAL,NA
29705511,29707492,OCH,NA
29705623,29707179,NA,NA
29709491,29718511,NA,NA
29709492,29714192,CHI,Y
29712280,29712471,MAL,NA
29712839,29712945,OCH,NA
29713071,29713349,OCH,NA
29714021,29715104,MAL,NA
29715080,29716011,CHI,N
29715512,29715981,OCH,NA
29715884,29718813,MAL,NA
29721649,29722959,NA,NA
29721975,29722743,MAL,NA
29722238,29722393,FEM,NA
29730491,29745162,NA,NA
29730520,29732010,CHI,N
29730854,29731726,OCH,NA
29731966,29732948,MAL,NA
29733386,29735234,CHI,N
29734950,29739012,MAL,NA
29738978,29739618,CHI,N
29739133,29745510,MAL,NA
29740510,29741693,CHI,N
29742998,29743751,FEM,NA
29775855,29776511,CHI,N
29775855,29776761,NA,NA
29777169,29777491,NA,NA
29778558,29782539,NA,NA
29779777,29781694,CHI,N
29780009,29780573,OCH,NA
29782736,29784992,NA,NA
29782853,29784908,CHI,C
29786025,29786190,MAL,NA
29786476,29790386,MAL,NA
29786921,29787631,NA,NA
29788012,29791795,NA,NA
29790011,29790298,CHI,N
29790492,29791683,CHI,N
29791496,29791666,FEM,NA
29793781,29809011,NA,NA
29793828,29794297,MAL,NA
29794762,29795511,FEM,NA
29795327,29795477,OCH,NA
29795511,29795793,CHI,N
29796351,29800011,CHI,N
29796679,29797011,OCH,NA
29799617,29801335,MAL,NA
29800251,29800359,CHI,N
29801609,29802991,OCH,NA
29803012,29805550,MAL,NA
29805992,29807492,CHI,Y
29807067,29810513,MAL,NA
29809596,29809738,NA,NA
29809991,29810185,NA,NA
29810511,29813010,NA,NA
29811056,29813010,CHI,N
29811169,29811525,OCH,NA
29811692,29811802,OCH,NA
29821142,29825256,NA,NA
29821195,29824977,CHI,N
29822097,29822510,MAL,NA
29826993,29830545,NA,NA
29827528,29828277,OCH,NA
29827639,29828284,CHI,N
29828942,29829305,MAL,NA
29829551,29830464,CHI,N
29829647,29830160,OCH,NA
29836029,29839855,NA,NA
29836316,29836491,CHI,N
29836991,29838284,CHI,N
29837310,29837420,OCH,NA
29838488,29839798,CHI,N
29842975,29845223,MAL,NA
29843368,29844510,NA,NA
29846126,29847493,NA,NA
29846323,29847011,CHI,N
29851426,29852511,NA,NA
29851453,29852511,CHI,N
29857150,29862336,NA,NA
29857410,29858370,CHI,N
29859010,29859511,CHI,N
29859128,29860491,MAL,NA
29861273,29861511,OCH,NA
29861308,29862010,FEM,NA
29861666,29861879,OCH,NA
29863401,29866776,NA,NA
29863465,29864903,CHI,N
29864492,29866784,MAL,NA
29867010,29867185,NA,NA
29867295,29873910,NA,NA
29867505,29870993,CHI,N
29869491,29869634,MAL,NA
29869493,29870011,FEM,NA
29870573,29873907,MAL,NA
29874481,29875755,NA,NA
29874579,29875686,CHI,N
29878256,29885684,NA,NA
29878343,29880304,CHI,N
29880571,29881354,OCH,NA
29881671,29884992,OCH,NA
29883695,29885511,CHI,N
29886737,29886992,NA,NA
29887966,29888945,NA,NA
29889493,29900166,NA,NA
29889795,29891699,CHI,N
29892011,29894721,CHI,N
29894874,29897103,CHI,N
29897389,29899814,CHI,Y
29898207,29900151,OCH,NA
29900890,29901403,NA,NA
29902011,29905492,NA,NA
29902795,29902935,CHI,N
29902983,29903493,FEM,NA
29903016,29905382,MAL,NA
29903632,29903978,FEM,NA
29908310,29916670,NA,NA
29908312,29909512,OCH,NA
29909512,29910992,FEM,NA
29911712,29913912,FEM,NA
29914491,29915304,OCH,NA
29915823,29916817,MAL,NA
29917547,29918691,NA,NA
29917723,29917917,MAL,NA
29923283,29924992,OCH,NA
29923474,29929011,NA,NA
29924011,29924808,CHI,N
29924993,29926645,CHI,N
29925496,29926617,OCH,NA
29926596,29929622,MAL,NA
29930818,29932811,MAL,NA
29930992,29932865,NA,NA
29936010,29940489,MAL,NA
29936694,29939510,NA,NA
29947143,29949511,NA,NA
29947237,29948511,OCH,NA
29947771,29949011,CHI,N
29949899,29950537,MAL,NA
29949907,29950493,NA,NA
29954991,29955266,NA,NA
29954991,29955511,OCH,NA
29955817,29955991,OCH,NA
29956993,29961353,MAL,NA
29957540,29960822,NA,NA
29962923,29971511,NA,NA
29962992,29966011,OCH,NA
29963150,29963491,CHI,N
29965532,29965728,CHI,N
29965773,29965911,FEM,NA
29967011,29968511,CHI,N
29967703,29967845,OCH,NA
29968286,29970102,MAL,NA
29970523,29971011,OCH,NA
29977511,29981011,NA,NA
29977869,29979295,CHI,N
29979634,29980464,MAL,NA
29979725,29980714,FEM,NA
29982562,29987957,NA,NA
29982597,29984992,CHI,N
29986316,29987381,CHI,N
29988296,29990512,NA,NA
29988492,29990492,CHI,N
29992012,29992285,NA,NA
29992493,29995993,NA,NA
29992499,29994492,FEM,NA
29994057,29996423,MAL,NA
29997142,30015851,NA,NA
29997165,30000550,OCH,NA
29998099,29999085,FEM,NA
30000491,30004333,MAL,NA
30004192,30007248,CHI,N
30004275,30006148,OCH,NA
30007015,30008461,MAL,NA
30008510,30010778,OCH,NA
30009464,30010586,CHI,Y
30011084,30012723,OCH,NA
30012890,30014118,CHI,C
30012987,30014011,OCH,NA
30014113,30017225,MAL,NA
30016138,30016978,NA,NA
30019395,30020278,MAL,NA
30019511,30026256,NA,NA
30020504,30021314,OCH,NA
30020774,30020907,CHI,N
30021648,30022880,CHI,N
30021678,30022407,OCH,NA
30022279,30026989,MAL,NA
30028322,30051493,NA,NA
30028511,30030926,CHI,N
30030510,30033510,MAL,NA
30033042,30034881,CHI,N
30034992,30036992,MAL,NA
30036850,30038511,CHI,N
30038492,30040991,MAL,NA
30040617,30041803,CHI,N
30042267,30044042,MAL,NA
30044010,30045151,CHI,N
30045511,30051505,MAL,NA
30053125,30061512,NA,NA
30053285,30057355,FEM,NA
30056969,30058057,MAL,NA
30059934,30061986,MAL,NA
30063992,30066515,NA,NA
30064325,30066492,CHI,N
30072266,30073206,NA,NA
30072733,30072873,OCH,NA
30080511,30089510,NA,NA
30080948,30081520,CHI,N
30080992,30083010,MAL,NA
30083992,30084532,MAL,NA
30084991,30085511,CHI,N
30085012,30085511,OCH,NA
30085975,30089991,MAL,NA
30093512,30104992,NA,NA
30093594,30094175,FEM,NA
30094553,30095361,CHI,N
30095012,30100144,MAL,NA
30100019,30101482,CHI,N
30101372,30105154,MAL,NA
30108491,30112392,NA,NA
30108512,30112019,FEM,NA
30111176,30111351,CHI,N
30111585,30111826,CHI,N
30112909,30115010,NA,NA
30112999,30114992,CHI,N
30117012,30118403,OCH,NA
30119511,30122007,MAL,NA
30119992,30121992,NA,NA
30122530,30123303,MAL,NA
30124254,30125439,MAL,NA
30124511,30124791,NA,NA
30127300,30129492,NA,NA
30127992,30128110,OCH,NA
30128316,30128510,OCH,NA
30129717,30130738,MAL,NA
30129761,30131091,NA,NA
30133492,30143495,MAL,NA
30133492,30176513,NA,NA
30135547,30135960,CHI,N
30143510,30144858,CHI,N
30144493,30146854,MAL,NA
30146828,30148416,CHI,N
30148193,30150453,MAL,NA
30148818,30148953,FEM,NA
30149315,30149634,FEM,NA
30150492,30151337,CHI,N
30151432,30154309,FEM,NA
30152728,30168012,MAL,NA
30154695,30154919,FEM,NA
30167962,30169120,OCH,NA
30168011,30169039,CHI,N
30168165,30168395,MAL,NA
30169407,30173870,MAL,NA
30174221,30174915,OCH,NA
30174230,30175011,CHI,N
30176012,30176193,CHI,N
30177998,30178271,NA,NA
30178555,30180509,MAL,NA
30178659,30182993,NA,NA
30181116,30182756,CHI,N
30181191,30181512,OCH,NA
30181638,30182440,OCH,NA
30184451,30187939,NA,NA
30184491,30186992,CHI,N
30186710,30186857,OCH,NA
30186992,30187841,OCH,NA
30189309,30197908,NA,NA
30189353,30191110,CHI,N
30191010,30197990,MAL,NA
30199492,30200992,NA,NA
30199753,30200588,OCH,NA
30203493,30205493,NA,NA
30203648,30204730,OCH,NA
30203744,30204814,CHI,N
30206655,30210430,NA,NA
30206760,30207497,CHI,N
30207511,30209273,MAL,NA
30211996,30212112,NA,NA
30212492,30231012,NA,NA
30212511,30214435,MAL,NA
30213982,30214962,CHI,N
30214539,30222492,MAL,NA
30222676,30224537,CHI,N
30224492,30231991,MAL,NA
30232492,30291492,NA,NA
30232789,30233105,CHI,N
30232933,30235989,MAL,NA
30236100,30237415,OCH,NA
30237158,30239640,MAL,NA
30239808,30240059,OCH,NA
30239900,30240010,CHI,N
30240010,30248488,MAL,NA
30248346,30249492,CHI,N
30248605,30253634,MAL,NA
30250766,30251510,OCH,NA
30253682,30253783,OCH,NA
30254011,30254214,FEM,NA
30254199,30254310,CHI,N
30254467,30257545,FEM,NA
30254477,30255171,MAL,NA
30255491,30256485,CHI,N
30256300,30265983,MAL,NA
30257845,30257946,FEM,NA
30258198,30258343,FEM,NA
30259497,30260010,FEM,NA
30265712,30266959,CHI,N
30266511,30268126,MAL,NA
30268040,30269012,CHI,N
30268861,30271203,MAL,NA
30270993,30273143,CHI,N
30272797,30274729,MAL,NA
30274012,30275993,CHI,N
30275492,30278491,MAL,NA
30278510,30280510,CHI,N
30278512,30279015,OCH,NA
30280238,30283220,MAL,NA
30283775,30284011,CHI,N
30286011,30287118,MAL,NA
30287056,30288992,CHI,N
30288374,30289791,MAL,NA
30289629,30290017,OCH,NA
30290011,30292488,MAL,NA
30293148,30294888,NA,NA
30293268,30294493,OCH,NA
30293992,30294546,CHI,N
30297490,30303992,NA,NA
30297491,30299010,CHI,N
30298512,30300679,MAL,NA
30300472,30303896,CHI,N
30304753,30306785,NA,NA
30304918,30306562,CHI,N
30307002,30307130,NA,NA
30307375,30325047,NA,NA
30307468,30309010,CHI,N
30308511,30314490,MAL,NA
30314380,30315011,CHI,N
30314744,30325989,MAL,NA
30316403,30317010,CHI,N
30317401,30317511,FEM,NA
30318734,30318992,CHI,N
30321547,30322011,CHI,N
30326511,30330817,MAL,NA
30327355,30330992,NA,NA
30330156,30330276,FEM,NA
30332333,30333292,NA,NA
30332441,30333013,CHI,N
30337048,30342332,NA,NA
30337173,30338273,CHI,N
30337492,30338018,OCH,NA
30337991,30339991,MAL,NA
30339510,30340366,CHI,N
30339719,30339834,OCH,NA
30340511,30343103,MAL,NA
30344050,30345992,NA,NA
30344367,30345634,CHI,N
30346687,30353992,NA,NA
30346802,30348827,CHI,N
30347995,30348449,OCH,NA
30348432,30354284,MAL,NA
30357615,30358572,NA,NA
30357855,30358331,OCH,NA
30364183,30370012,NA,NA
30364244,30368011,CHI,N
30364549,30365293,OCH,NA
30367992,30369992,MAL,NA
30373512,30376512,NA,NA
30373993,30376072,FEM,NA
30374511,30374864,OCH,NA
30379325,30386991,NA,NA
30379992,30384923,MAL,NA
30384511,30386288,OCH,NA
30387329,30392493,NA,NA
30387464,30387992,OCH,NA
30388017,30390511,MAL,NA
30390608,30391472,CHI,N
30390992,30391331,OCH,NA
30395795,30403519,NA,NA
30396129,30396846,OCH,NA
30397413,30398366,OCH,NA
30397641,30398551,CHI,N
30398465,30400502,MAL,NA
30400491,30400888,OCH,NA
30401170,30404017,MAL,NA
30407434,30412766,NA,NA
30407522,30408502,CHI,N
30407992,30408991,OCH,NA
30409493,30410897,FEM,NA
30411025,30411751,OCH,NA
30411161,30411823,CHI,N
30411911,30412520,MAL,NA
30413011,30428490,NA,NA
30413990,30415527,CHI,N
30415444,30418245,MAL,NA
30418073,30418519,CHI,N
30418492,30423990,MAL,NA
30418738,30418890,FEM,NA
30424491,30426492,CHI,N
30426430,30429010,MAL,NA
30439992,30444010,NA,NA
30440122,30442154,CHI,N
30440492,30440776,OCH,NA
30442642,30443295,MAL,NA
30443513,30443722,MAL,NA
30446511,30449491,MAL,NA
30446992,30449002,NA,NA
30451992,30454446,NA,NA
30452012,30452758,CHI,N
30452406,30452668,OCH,NA
30453487,30454035,CHI,N
30456992,30457743,NA,NA
30469011,30470511,NA,NA
30469365,30470129,CHI,N
30470367,30470472,MAL,NA
30470789,30470990,MAL,NA
30477011,30478012,NA,NA
30477129,30477826,FEM,NA
30477384,30477492,CHI,N
30480082,30484154,NA,NA
30480349,30481667,CHI,N
30482008,30484011,CHI,N
30485751,30489491,MAL,NA
30485992,30491271,NA,NA
30489512,30490511,CHI,N
30490202,30490919,FEM,NA
30505503,30507040,NA,NA
30505540,30506991,OCH,NA
30505769,30506776,CHI,N
30507320,30507492,NA,NA
30509841,30514277,NA,NA
30509909,30510187,OCH,NA
30509912,30511309,CHI,N
30510493,30511011,OCH,NA
30511655,30511879,MAL,NA
30511988,30513632,MAL,NA
30516426,30520014,NA,NA
30517113,30517351,OCH,NA
30517511,30517800,FEM,NA
30518799,30520949,MAL,NA
30522690,30522810,NA,NA
30522842,30525289,MAL,NA
30522992,30523993,NA,NA
30535221,30538267,MAL,NA
30536495,30537151,NA,NA
30541492,30543973,MAL,NA
30541747,30542992,NA,NA
30545492,30546012,NA,NA
30546971,30547553,MAL,NA
30564915,30567512,NA,NA
30565510,30571698,MAL,NA
30569844,30575239,NA,NA
30571808,30571990,MAL,NA
30572011,30573012,FEM,NA
30573735,30575107,NA,J
30573872,30574486,OCH,NA
30574685,30574871,OCH,NA
30577492,30579207,NA,NA
30577568,30578265,OCH,NA
30577731,30578975,CHI,N
30579852,30581259,NA,NA
30579954,30581247,CHI,N
30582768,30586634,NA,NA
30582929,30584011,FEM,NA
30583032,30584011,OCH,NA
30583990,30589034,MAL,NA
30586812,30588910,NA,NA
30597011,30598710,MAL,NA
30597173,30597521,NA,NA
30597627,30598511,NA,NA
30599989,30600873,MAL,NA
30604971,30607072,MAL,NA
30605494,30606412,NA,NA
30609492,30610427,OCH,NA
30609568,30612106,NA,NA
30610011,30611992,MAL,NA
30613381,30617991,NA,NA
30613425,30615011,CHI,N
30616162,30617011,CHI,N
30616491,30616909,FEM,NA
30618547,30622992,NA,NA
30618992,30620008,FEM,NA
30619014,30622991,OCH,NA
30623233,30623493,NA,NA
30625012,30633477,NA,NA
30625466,30627256,FEM,NA
30628493,30629229,CHI,N
30630503,30633271,OCH,NA
30630650,30630935,CHI,N
30637205,30638845,NA,NA
30637457,30638059,OCH,NA
30637492,30638511,FEM,NA
30640012,30641993,NA,NA
30640175,30641694,FEM,NA
30645010,30653724,NA,NA
30645543,30647011,NA,J
30645589,30646819,OCH,NA
30648120,30649556,FEM,NA
30648284,30649431,OCH,NA
30650678,30652050,FEM,NA
30652493,30653512,OCH,NA
30655383,30659011,NA,NA
30655493,30657064,CHI,N
30657606,30658510,FEM,NA
30659158,30659598,NA,NA
30667472,30681586,NA,NA
30667700,30668993,CHI,N
30668460,30669012,FEM,NA
30669011,30670511,MAL,NA
30670491,30671510,CHI,N
30671501,30671773,FEM,NA
30671941,30673502,MAL,NA
30671965,30672493,FEM,NA
30673951,30675104,CHI,N
30674207,30674842,OCH,NA
30675596,30677096,FEM,NA
30676349,30676614,MAL,NA
30677775,30679609,CHI,N
30679474,30680441,MAL,NA
30680512,30681511,OCH,NA
30682518,30687425,NA,NA
30682658,30683510,CHI,N
30684369,30686991,FEM,NA
30691511,30714370,NA,NA
30691821,30692992,OCH,NA
30692955,30696575,CHI,Y
30693290,30695298,OCH,NA
30697010,30699057,FEM,NA
30698011,30702491,MAL,NA
30702991,30704287,CHI,C
30704208,30706790,FEM,NA
30705630,30713011,MAL,NA
30708992,30709743,FEM,NA
30709857,30709992,FEM,NA
30711857,30712119,FEM,NA
30712409,30712617,FEM,NA
30713747,30714010,OCH,NA
30714682,30718499,NA,NA
30715073,30718364,MAL,NA
30717787,30718241,OCH,NA
30718612,30719992,OCH,NA
30718644,30726260,NA,NA
30719579,30721013,MAL,NA
30721856,30723992,OCH,NA
30722336,30724157,NA,J
30724593,30724993,CHI,N
30724606,30724771,OCH,NA
30725011,30726010,FEM,NA
30725198,30725301,MAL,NA
30727625,30731397,NA,NA
30728513,30730511,MAL,NA
30729993,30731011,FEM,NA
30732018,30734232,NA,NA
30732492,30733899,CHI,N
30735992,30736512,NA,NA
30738493,30740511,NA,NA
30738511,30741010,MAL,NA
30738734,30739492,FEM,NA
30747234,30749090,NA,NA
30747492,30748511,OCH,NA
30747647,30748692,CHI,N
30751469,30753718,NA,NA
30751675,30752606,CHI,N
30752045,30752175,FEM,NA
30752333,30754422,MAL,NA
30758905,30763581,NA,NA
30758992,30759991,CHI,N
30759650,30760543,FEM,NA
30761492,30763357,CHI,C
30764686,30769479,NA,NA
30764900,30766135,FEM,NA
30764956,30766510,CHI,N
30766348,30767850,FEM,NA
30768209,30769301,CHI,N
30770982,30781492,NA,NA
30771060,30772901,CHI,N
30773010,30775492,FEM,NA
30774608,30774989,MAL,NA
30775493,30776990,CHI,N
30777450,30778010,OCH,NA
30777754,30777860,FEM,NA
30777994,30781123,FEM,NA
30781951,30782493,NA,NA
30784723,30787482,CHI,N
30784740,30787511,NA,NA
30789484,30792447,MAL,NA
30789534,30793808,NA,NA
30792327,30793692,CHI,N
30800719,30802511,NA,NA
30800993,30802135,CHI,C
30801074,30801408,OCH,NA
30801575,30802110,FEM,NA
30805245,30806011,FEM,NA
30805248,30806016,NA,NA
30809870,30812151,NA,NA
30810007,30811428,FEM,NA
30810012,30811065,MAL,NA
30812307,30820881,NA,NA
30812493,30813495,CHI,N
30813028,30815276,MAL,NA
30814857,30816916,OCH,NA
30815397,30817213,CHI,N
30817209,30818033,OCH,NA
30817943,30819566,FEM,NA
30818151,30818256,OCH,NA
30820092,30820995,MAL,NA
30822616,30826492,CHI,N
30822712,30828492,NA,NA
30826011,30828751,MAL,NA
30829186,30866610,NA,NA
30829202,30833001,CHI,N
30832512,30840151,MAL,NA
30840011,30841120,CHI,N
30841012,30850751,MAL,NA
30844481,30844597,CHI,N
30848629,30849127,CHI,N
30849117,30849239,FEM,NA
30850048,30850325,FEM,NA
30850504,30851493,CHI,N
30850860,30853511,MAL,NA
30853511,30854934,CHI,C
30854491,30865472,MAL,NA
30859574,30859739,FEM,NA
30859895,30860011,FEM,NA
30865231,30866554,CHI,N
30907992,30912746,NA,NA
30907999,30912047,CHI,N
30911531,30912557,FEM,NA
30912222,30912428,MAL,NA
30915824,30920895,NA,NA
30916212,30916993,CHI,N
30916256,30917257,OCH,NA
30918699,30919570,MAL,NA
30919771,30919992,FEM,NA
30919992,30920572,CHI,N
30922953,30929101,NA,NA
30923179,30923824,OCH,NA
30923205,30923785,FEM,NA
30923522,30923758,CHI,N
30924968,30926362,CHI,N
30924993,30926355,OCH,NA
30927010,30928703,FEM,NA
30927324,30927920,OCH,NA
30929398,30931511,NA,NA
30929511,30931011,CHI,N
30930613,30930762,FEM,NA
30931740,30931843,NA,NA
30934992,30943428,NA,NA
30935039,30936971,CHI,N
30937373,30938011,FEM,NA
30937678,30938434,CHI,N
30939335,30940354,CHI,N
30939548,30940566,FEM,NA
30941511,30943011,CHI,N
30941576,30942130,OCH,NA
30942386,30943010,OCH,NA
30944432,30945122,NA,NA
30944492,30945099,OCH,NA
30950993,30957017,NA,NA
30951361,30957011,CHI,Y
30953232,30953354,OCH,NA
30953492,30954862,OCH,NA
30960510,30962474,NA,NA
30960649,30962188,CHI,N
30961511,30961621,OCH,NA
31064121,31066492,NA,NA
31064354,31065512,CHI,N
31064693,31066137,OCH,NA
31065630,31066184,CHI,N
31071003,31073325,NA,NA
31071094,31073011,CHI,N
31072472,31073176,OCH,NA
31074072,31074563,NA,NA
31074111,31074462,OCH,NA
31075297,31076885,NA,NA
31125608,31126511,NA,NA
31125740,31126192,FEM,NA
31130992,31131837,NA,NA
31131987,31136368,NA,NA
31133492,31135969,CHI,N
31142271,31143511,NA,NA
31142281,31143511,FEM,NA
31148012,31150570,NA,NA
31148511,31148634,FEM,NA
31148908,31150012,FEM,NA
31149232,31150498,MAL,NA
31151505,31153989,MAL,NA
31151993,31153645,NA,NA
31154964,31175012,NA,NA
31155038,31156240,CHI,Y
31155092,31155198,OCH,NA
31156993,31157135,CHI,N
31157107,31157293,MAL,NA
31157347,31158511,OCH,NA
31157371,31159604,CHI,C
31159082,31160312,MAL,NA
31160012,31161855,NA,J
31160244,31161491,OCH,NA
31161993,31163011,FEM,NA
31163095,31164011,OCH,NA
31163108,31165622,CHI,N
31167484,31168493,OCH,NA
31168010,31172011,FEM,NA
31171492,31174011,MAL,NA
31174588,31174774,CHI,N
31177011,31179011,NA,NA
31177475,31178347,FEM,NA
31178010,31178877,CHI,N
31186510,31196719,NA,NA
31186512,31188512,MAL,NA
31189492,31189919,OCH,NA
31190992,31191839,FEM,NA
31191936,31194025,MAL,NA
31194129,31194271,MAL,NA
31194383,31196506,FEM,NA
31200992,31202889,NA,NA
31201085,31201186,FEM,NA
31201327,31202512,FEM,NA
31201511,31202512,MAL,NA
31205606,31210491,NA,NA
31205797,31207012,OCH,NA
31206126,31207073,CHI,N
31207758,31210261,CHI,N
31263835,31269491,NA,NA
31263887,31265053,OCH,NA
31264010,31265753,CHI,N
31267198,31269010,CHI,N
31271005,31277912,NA,NA
31271138,31277728,CHI,N
31279492,31280120,CHI,N
31279492,31280228,NA,NA
31282342,31283241,OCH,NA
31282477,31285511,NA,NA
31282885,31283229,CHI,N
31283599,31284191,MAL,NA
31283992,31284686,FEM,NA
31284372,31284510,MAL,NA
31289011,31291011,NA,NA
31290131,31290921,CHI,N
31290227,31290492,OCH,NA
31297492,31306993,NA,NA
31297543,31298944,CHI,N
31298047,31298990,OCH,NA
31300013,31302148,CHI,N
31301993,31305498,MAL,NA
31302329,31302511,FEM,NA
31304991,31306653,FEM,NA
31308417,31310493,NA,NA
31308512,31309125,FEM,NA
31309750,31310493,FEM,NA
31310810,31311920,NA,NA
31319111,31319273,MAL,NA
31319992,31322012,NA,NA
31343720,31346493,NA,NA
31344020,31346499,OCH,NA
31348011,31348772,NA,NA
31348274,31348397,FEM,NA
31349737,31352010,OCH,NA
31349762,31355138,NA,NA
31350512,31353612,FEM,NA
31353240,31357503,MAL,NA
31355726,31357488,NA,NA
31373575,31373972,NA,NA
31414549,31422792,NA,NA
31414635,31421491,CHI,Y
31421642,31422493,CHI,N
31426159,31430013,NA,NA
31426464,31429746,OCH,NA
31426491,31427492,CHI,N
31432102,31434991,NA,NA
31432128,31434458,CHI,Y
31433493,31434571,OCH,NA
31435644,31437011,NA,NA
31435771,31437011,CHI,N
31444072,31447700,NA,NA
31444089,31447157,OCH,NA
31445012,31447322,CHI,N
31448010,31450101,NA,NA
31448378,31449959,CHI,N
31448993,31449778,OCH,NA
31450807,31450989,MAL,NA
31454808,31461016,NA,NA
31454814,31456991,CHI,N
31457179,31458011,CHI,N
31458024,31458167,FEM,NA
31459511,31460935,CHI,N
31461637,31461909,NA,NA
31462385,31465993,NA,NA
31463201,31463511,OCH,NA
31464437,31465741,CHI,N
31466730,31467651,NA,NA
31466991,31468393,MAL,NA
31474032,31474165,MAL,NA
31475211,31476736,MAL,NA
31475432,31478596,NA,NA
31479511,31480957,NA,NA
31481598,31481703,NA,NA
31482010,31482120,NA,NA
31482493,31482814,NA,NA
31482992,31484450,NA,NA
31485238,31491306,NA,NA
31485753,31487238,FEM,NA
31487387,31487493,FEM,NA
31491455,31491776,NA,NA
31491541,31493117,MAL,NA
31492029,31493101,NA,NA
31494442,31494623,NA,NA
31495907,31497993,MAL,NA
31496273,31497609,NA,NA
31498735,31498841,MAL,NA
31500510,31500783,NA,NA
31503511,31503648,NA,NA
31503992,31507315,NA,NA
31504371,31507511,MAL,NA
31510492,31511753,MAL,NA
31510895,31511020,NA,NA
31521012,31523511,MAL,NA
31521096,31531763,NA,NA
31523992,31531010,FEM,NA
31525511,31525705,MAL,NA
31525991,31526602,MAL,NA
31532475,31540683,NA,NA
31533104,31533406,MAL,NA
31533665,31533847,MAL,NA
31533992,31535232,MAL,NA
31537524,31538516,MAL,NA
31538751,31539593,FEM,NA
31540119,31543013,MAL,NA
31541174,31542590,NA,NA
31546493,31548493,NA,NA
31550011,31550256,MAL,NA
31556523,31557012,MAL,NA
31560322,31560492,MAL,NA
31564406,31566645,NA,NA
31564693,31565844,OCH,NA
31565116,31565810,FEM,NA
31568992,31571972,NA,NA
31569033,31569244,MAL,NA
31569360,31569483,MAL,NA
31569510,31571878,OCH,NA
31569762,31570000,FEM,NA
31570496,31571058,CHI,N
31573754,31582510,NA,NA
31573927,31575191,CHI,N
31574224,31574346,FEM,NA
31574991,31577278,FEM,NA
31576011,31576541,MAL,NA
31576748,31577104,MAL,NA
31578198,31579340,MAL,NA
31578468,31581254,FEM,NA
31580452,31581146,MAL,NA
31581492,31582498,CHI,N
31591551,31591823,NA,NA
31592052,31593394,MAL,NA
31596156,31598905,NA,NA
31597714,31597992,OCH,NA
31600906,31602568,NA,NA
31600992,31601385,OCH,NA
31601883,31602730,MAL,NA
31605026,31606103,NA,NA
31605697,31606092,MAL,NA
31609474,31610011,NA,NA
31612493,31613511,NA,NA
31618861,31620511,NA,NA
31618875,31620492,FEM,NA
31622010,31622204,NA,NA
31622493,31622977,NA,NA
31636133,31636486,MAL,NA
31636290,31636460,NA,NA
31637010,31638470,MAL,NA
31637866,31638011,NA,NA
31645492,31647698,MAL,NA
31645991,31646740,NA,NA
31648934,31652361,NA,NA
31649495,31649660,NA,J
31649824,31649993,CHI,N
31650988,31651466,CHI,N
31653011,31654992,NA,NA
31653492,31654724,CHI,N
31657394,31664676,NA,NA
31657492,31661100,CHI,N
31658513,31658952,MAL,NA
31660991,31662010,FEM,NA
31661513,31663373,MAL,NA
31663492,31664292,FEM,NA
31666012,31668012,NA,NA
31666148,31667847,CHI,N
31667510,31667679,MAL,NA
31668371,31669065,MAL,NA
31669211,31669346,MAL,NA
31670011,31670458,NA,NA
31671221,31672168,NA,NA
31672510,31672653,NA,NA
31672991,31681700,NA,NA
31673012,31673213,FEM,NA
31673346,31677431,FEM,NA
31674154,31674839,MAL,NA
31675374,31675475,MAL,NA
31676132,31676540,MAL,NA
31677510,31679505,CHI,Y
31679492,31680221,FEM,NA
31679677,31679903,MAL,NA
31680492,31681159,OCH,NA
31682011,31682252,NA,NA
31682789,31684510,NA,NA
31682939,31683992,CHI,C
31683086,31683228,OCH,NA
31683334,31684326,OCH,NA
31685511,31685710,NA,NA
31685992,31688002,NA,NA
31686512,31687867,FEM,NA
31686717,31686837,MAL,NA
31687310,31687411,MAL,NA
31689195,31696907,NA,NA
31689321,31690075,FEM,NA
31690106,31692011,OCH,NA
31692185,31693106,FEM,NA
31692492,31693243,MAL,NA
31693668,31694650,CHI,N
31694988,31698584,MAL,NA
31697096,31740124,NA,NA
31698678,31700649,CHI,N
31699426,31699571,FEM,NA
31699750,31701512,FEM,NA
31701512,31706402,MAL,NA
31706011,31707493,CHI,N
31707502,31708010,FEM,NA
31708510,31711510,OCH,NA
31710493,31711993,CHI,N
31712826,31715511,OCH,NA
31714175,31715493,CHI,Y
31715005,31719042,FEM,NA
31715842,31716993,CHI,N
31717190,31717371,CHI,N
31718620,31721011,OCH,NA
31718993,31720993,CHI,N
31720511,31720744,FEM,NA
31720948,31725918,FEM,NA
31722616,31723647,CHI,N
31724339,31724474,OCH,NA
31724676,31725010,OCH,NA
31726796,31728011,OCH,NA
31726819,31728721,CHI,Y
31728512,31730566,MAL,NA
31729227,31729362,FEM,NA
31729615,31730211,FEM,NA
31731009,31733297,CHI,Y
31733260,31733511,FEM,NA
31733292,31735010,OCH,NA
31734011,31736492,CHI,Y
31737992,31740182,MAL,NA
31741011,31771769,NA,NA
31741404,31743210,FEM,NA
31741661,31742184,MAL,NA
31742410,31744587,MAL,NA
31744492,31745656,CHI,C
31744887,31745456,OCH,NA
31745998,31746813,OCH,NA
31746124,31746765,CHI,N
31747012,31752128,OCH,NA
31748492,31749152,CHI,N
31749734,31750424,FEM,NA
31751644,31751777,CHI,N
31752926,31755403,FEM,NA
31753056,31753653,MAL,NA
31755491,31756492,OCH,NA
31756992,31757996,FEM,NA
31757010,31759180,MAL,NA
31758401,31759992,FEM,NA
31759437,31760011,CHI,N
31759992,31764177,OCH,NA
31761011,31762768,CHI,Y
31763510,31764011,FEM,NA
31764493,31766663,OCH,NA
31764898,31767011,FEM,NA
31767717,31767990,OCH,NA
31767771,31769023,FEM,NA
31769511,31771723,OCH,NA
31769992,31771011,CHI,N
31777611,31780946,OCH,NA
31777638,31783310,NA,NA
31782512,31782691,OCH,NA
31782770,31782988,FEM,NA
31785411,31805809,NA,NA
31785492,31787492,FEM,NA
31786217,31787327,MAL,NA
31788906,31793012,OCH,NA
31793831,31794133,OCH,NA
31794172,31794390,FEM,NA
31794940,31797492,FEM,NA
31796808,31796913,MAL,NA
31797510,31801440,OCH,NA
31801538,31805011,FEM,NA
31803720,31803835,MAL,NA
31804512,31806993,OCH,NA
31809950,31820546,NA,NA
31810492,31810991,FEM,NA
31811616,31813347,FEM,NA
31812269,31812510,OCH,NA
31813022,31813174,OCH,NA
31814021,31814677,CHI,N
31814119,31814440,OCH,NA
31814512,31815992,FEM,NA
31816056,31817511,OCH,NA
31816240,31816925,CHI,N
31818212,31818992,CHI,N
31818612,31818840,FEM,NA
31818992,31819510,FEM,NA
31819033,31820881,MAL,NA
31822991,31831005,NA,NA
31823012,31824483,OCH,NA
31823634,31824135,FEM,NA
31825837,31826618,OCH,NA
31827011,31829993,FEM,NA
31829011,31831488,MAL,NA
31830253,31830412,FEM,NA
31832492,31835992,NA,NA
31832511,31833799,FEM,NA
31833992,31834991,FEM,NA
31834391,31834644,MAL,NA
31834991,31835904,CHI,N
31837055,31840550,MAL,NA
31837511,31843782,NA,NA
31838734,31841793,FEM,NA
31840992,31842982,MAL,NA
31842172,31843692,FEM,NA
31846097,31849074,NA,NA
31846282,31848223,FEM,NA
31846561,31847660,MAL,NA
31848004,31848939,CHI,N
31849988,31854492,NA,NA
31850118,31851492,FEM,NA
31850329,31851579,MAL,NA
31852688,31853267,MAL,NA
31852693,31853511,FEM,NA
31853010,31854198,CHI,C
31855859,31857992,NA,NA
31855879,31857663,FEM,NA
31868149,31873011,NA,NA
31869266,31869450,MAL,NA
31869511,31869837,FEM,NA
31870437,31872865,FEM,NA
31871370,31872583,MAL,NA
31874129,31878601,MAL,NA
31874258,31879602,NA,NA
31877803,31879492,FEM,NA
31879992,31893436,MAL,NA
31880010,31885003,NA,NA
31886198,31898205,NA,NA
31892491,31898011,FEM,NA
31894349,31895010,MAL,NA
31898769,31902011,NA,NA
31898991,31902989,MAL,NA
31899631,31899737,FEM,NA
31904504,31912010,NA,NA
31904690,31907105,FEM,NA
31905065,31906326,MAL,NA
31908462,31911553,CHI,N
31915780,31920694,NA,NA
31915814,31917476,CHI,C
31917451,31921493,MAL,NA
31917491,31919010,FEM,NA
31923106,31946993,NA,NA
31923440,31924324,MAL,NA
31923492,31924557,FEM,NA
31925013,31929114,CHI,N
31925492,31926326,OCH,NA
31928756,31929129,FEM,NA
31930043,31931439,CHI,C
31930991,31931912,FEM,NA
31932308,31932676,FEM,NA
31932510,31937559,CHI,N
31933032,31933511,OCH,NA
31937271,31937423,FEM,NA
31938017,31938645,CHI,N
31938587,31938746,MAL,NA
31939993,31942490,MAL,NA
31942510,31944255,FEM,NA
31942745,31942991,CHI,N
31943568,31944108,MAL,NA
31944805,31946992,FEM,NA
31948273,31960951,NA,NA
31948493,31950641,FEM,NA
31949797,31949993,MAL,NA
31950710,31955511,CHI,N
31955155,31957008,MAL,NA
31956498,31957011,CHI,N
31956608,31957111,OCH,NA
31957114,31960987,MAL,NA
31961211,31961354,NA,NA
31961480,31963512,NA,NA
31961601,31963547,MAL,NA
31965011,31971940,MAL,NA
31965492,31988511,NA,NA
31971512,31971966,CHI,N
31972482,31973493,CHI,N
31973589,31974492,MAL,NA
31974961,31976466,OCH,NA
31976365,31978493,MAL,NA
31978814,31979524,CHI,N
31978864,31979335,OCH,NA
31979510,31984510,MAL,NA
31984742,31986993,CHI,N
31987568,31988324,CHI,N
31987632,31987779,OCH,NA
31990452,31991908,NA,NA
31990493,31991511,CHI,N
31991313,31991497,OCH,NA
31994560,31995011,NA,NA
31994597,31995010,FEM,NA
31997843,32000010,NA,NA
31997975,31999511,CHI,Y
32005434,32005586,OCH,NA
32009492,32011006,NA,NA
32009609,32010993,OCH,NA
32012565,32016586,MAL,NA
32013492,32013993,NA,NA
32015010,32016510,NA,NA
32025454,32026936,MAL,NA
32025512,32028011,NA,NA
32026620,32026769,FEM,NA
32036546,32038097,NA,NA
32036951,32038011,FEM,NA
32045510,32047991,MAL,NA
32046243,32047470,NA,NA
32049493,32058033,MAL,NA
32050011,32053030,NA,NA
32054992,32061183,NA,NA
32057993,32058992,CHI,N
32058605,32061487,MAL,NA
32062510,32066543,NA,NA
32062794,32065492,CHI,N
32062897,32063447,MAL,NA
32064265,32065100,OCH,NA
32065311,32067095,MAL,NA
32069768,32073683,NA,NA
32069819,32070481,CHI,N
32070511,32071589,MAL,NA
32071822,32073356,OCH,NA
32071940,32073427,CHI,N
32076125,32078177,NA,NA
32076363,32078091,CHI,N
32081493,32083493,CHI,N
32081493,32090393,NA,NA
32083572,32089988,FEM,NA
32090572,32090705,NA,NA
32091010,32093011,MAL,NA
32091491,32092915,NA,NA
32093342,32093484,MAL,NA
32094593,32097006,MAL,NA
32095180,32097011,NA,NA
32098511,32101511,MAL,NA
32098964,32102763,NA,NA
32101577,32102625,CHI,N
32104023,32104460,OCH,NA
32104073,32105011,NA,NA
32109171,32110511,NA,NA
32109510,32110396,OCH,NA
32115513,32117762,OCH,NA
32115751,32117877,NA,NA
32122011,32127954,NA,NA
32122178,32124726,OCH,NA
32124190,32124649,FEM,NA
32124992,32127383,FEM,NA
32125921,32126061,MAL,NA
32127492,32129139,MAL,NA
32132214,32132690,NA,NA
32132307,32132452,OCH,NA
32132990,32135010,NA,NA
32133491,32134853,FEM,NA
32139511,32139756,OCH,NA
32140029,32140917,OCH,NA
32140511,32140914,NA,NA
32144678,32148993,NA,NA
32144740,32145717,OCH,NA
32144771,32145726,CHI,N
32145668,32147011,MAL,NA
32146983,32148502,CHI,N
32147094,32148404,OCH,NA
32149283,32152407,NA,NA
32149492,32150599,OCH,NA
32150010,32150574,CHI,N
32150513,32152722,MAL,NA
32152992,32154020,MAL,NA
32152992,32154219,NA,NA
32154330,32155057,NA,NA
32154511,32154661,CHI,N
32157511,32159048,CHI,N
32157511,32165513,NA,NA
32159514,32161220,MAL,NA
32160842,32162862,FEM,NA
32161998,32164411,MAL,NA
32164351,32165512,CHI,N
32170365,32176209,NA,NA
32170492,32176167,CHI,N
32188615,32189896,NA,NA
32206884,32209817,MAL,NA
32207303,32209360,NA,NA
32214011,32214382,NA,NA
32214483,32249539,NA,NA
32215936,32219122,CHI,C
32216295,32216725,OCH,NA
32217821,32221478,OCH,NA
32220577,32221601,FEM,NA
32222011,32225011,CHI,N
32226017,32228012,FEM,NA
32227492,32229492,OCH,NA
32229925,32232510,CHI,C
32230057,32234993,OCH,NA
32232951,32233143,FEM,NA
32233493,32236011,FEM,NA
32236928,32237569,CHI,N
32238265,32243010,OCH,NA
32240172,32241993,FEM,NA
32243484,32244476,OCH,NA
32243493,32245012,CHI,N
32245514,32245654,OCH,NA
32246169,32247511,FEM,NA
32246993,32252511,OCH,NA
32248154,32249118,CHI,N
32249878,32258137,NA,NA
32252011,32252451,FEM,NA
32253533,32254248,OCH,NA
32254465,32256036,OCH,NA
32255012,32256023,FEM,NA
32256694,32256804,OCH,NA
32258694,32261510,NA,NA
32258842,32261491,OCH,NA
32260012,32261024,CHI,N
32263112,32264474,MAL,NA
32270542,32271251,NA,NA
32270753,32270891,FEM,NA
32274013,32274340,OCH,NA
32274492,32275289,OCH,NA
32278210,32281992,OCH,NA
32278765,32280366,NA,NA
32280594,32282771,NA,NA
32281141,32282312,FEM,NA
32283213,32296089,NA,NA
32283341,32285665,OCH,NA
32285989,32287012,MAL,NA
32285993,32286356,FEM,NA
32286492,32289805,FEM,NA
32286642,32287673,OCH,NA
32288618,32288724,MAL,NA
32288993,32296465,MAL,NA
32290993,32291511,FEM,NA
32305510,32305834,NA,NA
32305993,32314424,NA,NA
32306329,32309545,FEM,NA
32307555,32307960,MAL,NA
32308011,32308991,CHI,N
32309106,32309526,MAL,NA
32309849,32310347,MAL,NA
32310993,32312294,CHI,N
32310993,32312480,OCH,NA
32312977,32314184,CHI,N
32316492,32319934,NA,NA
32316644,32318666,OCH,NA
32316813,32319594,CHI,Y
32318850,32319004,OCH,NA
32320396,32321624,NA,NA
32320492,32321717,OCH,NA
32324010,32330082,NA,NA
32324430,32325760,FEM,NA
32324700,32324855,OCH,NA
32325011,32327011,OCH,NA
32326012,32327011,CHI,C
32327718,32328992,FEM,NA
32327920,32328701,OCH,NA
32329155,32329511,OCH,NA
32330510,32335492,NA,NA
32330662,32331011,FEM,NA
32330838,32330992,OCH,NA
32331545,32332510,OCH,NA
32331658,32331955,CHI,N
32332510,32334881,FEM,NA
32334625,32334819,CHI,N
32335755,32350684,NA,NA
32335929,32336511,OCH,NA
32337492,32344235,CHI,C
32338492,32340492,OCH,NA
32341012,32341270,OCH,NA
32341511,32342304,OCH,NA
32344684,32349350,CHI,N
32345011,32346506,OCH,NA
32350011,32350303,CHI,N
32351265,32352991,NA,NA
32351493,32352605,CHI,N
32353233,32354424,NA,NA
32353493,32354279,CHI,N
32356442,32357028,NA,NA
32356447,32357028,CHI,N
32405992,32407011,NA,NA
32405999,32407184,OCH,NA
32411011,32427351,NA,NA
32411159,32412992,OCH,NA
32411991,32414492,FEM,NA
32413593,32414665,OCH,NA
32414896,32415492,OCH,NA
32414992,32417478,CHI,N
32415687,32415802,OCH,NA
32416511,32426621,OCH,NA
32419742,32426553,CHI,Y
32427962,32435011,NA,NA
32427992,32429099,OCH,NA
32428991,32429403,FEM,NA
32429889,32430491,FEM,NA
32430729,32432226,CHI,N
32431511,32432010,OCH,NA
32433011,32435179,OCH,NA
32433318,32433510,FEM,NA
32436219,32444241,NA,NA
32436347,32440436,OCH,NA
32436620,32436745,CHI,N
32436992,32438011,CHI,N
32437785,32437932,FEM,NA
32438438,32440492,FEM,NA
32441182,32441805,CHI,N
32441270,32441553,OCH,NA
32441553,32442113,FEM,NA
32441774,32442010,OCH,NA
32442387,32443661,FEM,NA
32442567,32443374,CHI,N
32442663,32442776,OCH,NA
32444574,32446992,NA,NA
32445011,32446992,OCH,NA
32445993,32446781,CHI,N
32454030,32455248,OCH,NA
32454493,32454922,NA,NA
32455374,32455998,OCH,NA
32455492,32455910,NA,NA
32456246,32457881,OCH,NA
32456440,32457847,NA,NA
32457991,32477684,NA,NA
32458089,32461992,OCH,NA
32458374,32460119,CHI,N
32459992,32461604,FEM,NA
32461341,32464741,CHI,N
32462213,32463460,OCH,NA
32463821,32470691,OCH,NA
32465831,32466044,CHI,N
32469992,32470648,CHI,N
32471493,32472495,FEM,NA
32471655,32472526,OCH,NA
32473204,32474610,FEM,NA
32473258,32474512,OCH,NA
32475639,32477132,OCH,NA
32475701,32477554,FEM,NA
32478189,32479492,NA,NA
32478190,32479491,FEM,NA
32480992,32488134,NA,NA
32481010,32483401,FEM,NA
32482040,32482278,OCH,NA
32482492,32483564,OCH,NA
32483714,32485012,OCH,NA
32484011,32487448,FEM,NA
32485463,32486151,OCH,NA
32486589,32487380,OCH,NA
32488253,32489875,NA,NA
32488430,32489491,FEM,NA
32488992,32489512,OCH,NA
32490879,32496868,NA,NA
32490988,32494992,OCH,NA
32491783,32495011,CHI,N
32495560,32496539,FEM,NA
32495594,32495852,CHI,N
32498648,32499787,CHI,N
32498661,32499869,NA,NA
32500173,32504878,NA,NA
32500469,32501512,CHI,N
32500492,32504491,OCH,NA
32505584,32510125,NA,NA
32507011,32510047,OCH,NA
32510754,32515433,NA,NA
32510886,32512730,OCH,NA
32510894,32515082,CHI,C
32512928,32513493,OCH,NA
32514283,32514396,OCH,NA
32514573,32515081,OCH,NA
32516092,32518120,NA,NA
32516286,32517160,OCH,NA
32516318,32517012,FEM,NA
32516512,32517550,CHI,N
32518341,32522511,NA,NA
32518493,32520643,CHI,N
32520965,32522462,CHI,N
32521510,32522192,OCH,NA
32525511,32528964,NA,NA
32525564,32526819,CHI,N
32527248,32528404,CHI,N
32528130,32528395,FEM,NA
32529770,32531380,NA,NA
32530012,32530511,CHI,N
32532698,32533012,NA,NA
32533338,32533492,NA,NA
32535010,32535361,NA,NA
32535493,32535652,NA,NA
32535992,32545162,NA,NA
32536364,32538993,FEM,NA
32538718,32544493,OCH,NA
32539087,32541053,CHI,N
32541220,32545089,CHI,C
32549919,32550992,OCH,NA
32549992,32550937,NA,NA
32560854,32563223,OCH,NA
32560993,32562937,NA,NA
32564681,32564797,OCH,NA
32564992,32569077,OCH,NA
32564992,32569241,NA,NA
32566128,32567807,CHI,N
32568490,32568974,FEM,NA
32571992,32572699,OCH,NA
32572010,32572948,NA,NA
32574012,32575492,NA,NA
32574029,32574981,CHI,N
32574742,32575333,OCH,NA
32576941,32581511,NA,NA
32576960,32578011,OCH,NA
32577998,32580237,CHI,N
32580330,32584846,OCH,NA
32582512,32582637,NA,NA
32582824,32584854,NA,NA
32586611,32594871,NA,NA
32587054,32593569,OCH,NA
32587449,32587996,FEM,NA
32591012,32591218,FEM,NA
32591322,32592265,FEM,NA
32593718,32594638,CHI,N
32593838,32593975,OCH,NA
32594186,32594453,OCH,NA
32596012,32599512,NA,NA
32596194,32597048,CHI,N
32597276,32599318,OCH,NA
32608308,32612895,NA,NA
32608683,32609512,OCH,NA
32608698,32608870,CHI,N
32608980,32612861,CHI,N
32616449,32617510,NA,NA
32616650,32616930,CHI,N
32620804,32626766,NA,NA
32621992,32622937,MAL,NA
32622949,32626511,OCH,NA
32624012,32624140,CHI,N
32624267,32625494,CHI,Y
32631512,32634538,MAL,NA
32631716,32633996,NA,NA
32635344,32640035,NA,NA
32635492,32636530,FEM,NA
32637492,32638493,CHI,C
32637779,32639910,OCH,NA
32638493,32638992,FEM,NA
32655970,32656490,OCH,NA
32655992,32656486,NA,NA
32662730,32662843,OCH,NA
32668957,32669159,NA,NA
32668984,32669119,CHI,N
32675770,32677861,NA,NA
32675792,32678011,OCH,NA
32699492,32700511,OCH,NA
32699492,32703137,NA,NA
32701666,32702493,OCH,NA
32701683,32703074,CHI,N
32707349,32708038,NA,NA
32707510,32707772,CHI,N
32707532,32707927,OCH,NA
32711011,32711435,NA,NA
32712005,32712638,NA,NA
32713293,32713398,NA,NA
32713511,32714191,NA,NA
32714957,32715802,NA,NA
32715120,32715510,OCH,NA
32715942,32722516,NA,NA
32716011,32717992,OCH,NA
32717566,32719599,CHI,N
32720709,32722449,CHI,N
32723259,32726182,NA,NA
32723495,32726127,FEM,NA
32723771,32724512,OCH,NA
32728050,32731604,NA,NA
32728492,32731491,FEM,NA
32737649,32742328,NA,NA
32737919,32738992,CHI,C
32739512,32742448,OCH,NA
32743136,32744263,NA,NA
32743180,32744992,OCH,NA
32747606,32748511,NA,NA
32747919,32748496,CHI,Y
32756540,32758773,NA,NA
32756616,32758072,OCH,NA
32757510,32758092,CHI,N
32759110,32760111,NA,NA
32759827,32759992,FEM,NA
32762283,32763933,NA,NA
32762308,32763805,CHI,N
32765511,32767916,OCH,NA
32765680,32784437,NA,NA
32768118,32771491,OCH,NA
32768334,32769004,FEM,NA
32769090,32770001,CHI,C
32771488,32771942,FEM,NA
32772354,32779492,OCH,NA
32779011,32781193,FEM,NA
32780244,32781209,OCH,NA
32781583,32782511,CHI,N
32781599,32784444,OCH,NA
32782592,32783404,FEM,NA
32784564,32784996,NA,NA
32784764,32784960,OCH,NA
32786044,32793511,NA,NA
32786439,32793444,OCH,NA
32787391,32788441,FEM,NA
32789991,32790209,CHI,N
32800820,32826517,NA,NA
32800931,32801992,CHI,C
32800992,32805010,OCH,NA
32802783,32803993,FEM,NA
32803993,32805515,CHI,C
32805197,32805794,OCH,NA
32806235,32813491,OCH,NA
32806443,32807992,FEM,NA
32812493,32814984,CHI,N
32815412,32816595,FEM,NA
32817493,32820098,OCH,NA
32818458,32819597,FEM,NA
32820225,32820331,OCH,NA
32820512,32821126,CHI,N
32820798,32820992,OCH,NA
32822687,32824609,FEM,NA
32822790,32826492,OCH,NA
32824794,32825386,FEM,NA
32827992,32828515,NA,NA
32827992,32828696,OCH,NA
32828930,32829511,OCH,NA
32829011,32844890,NA,NA
32830086,32830955,OCH,NA
32830233,32830667,CHI,N
32830491,32831443,FEM,NA
32831492,32832830,OCH,NA
32831695,32832493,CHI,N
32833407,32834511,FEM,NA
32833510,32835658,OCH,NA
32834854,32834992,FEM,NA
32836195,32837982,FEM,NA
32837010,32842538,OCH,NA
32840783,32840992,CHI,N
32842992,32844350,CHI,N
32843273,32843992,OCH,NA
32845188,32846992,NA,NA
32845492,32846511,CHI,N
32846010,32846481,OCH,NA
32852387,32852507,OCH,NA
32857512,32857912,NA,NA
32858320,32859511,NA,NA
32858492,32859010,CHI,N
32862512,32866196,NA,NA
32862731,32863514,CHI,N
32862964,32863771,OCH,NA
32864206,32866077,FEM,NA
32865667,32865787,OCH,NA
32868011,32869805,FEM,NA
32868011,32873602,NA,NA
32869029,32869237,OCH,NA
32869749,32871011,OCH,NA
32870521,32870955,FEM,NA
32872630,32872733,FEM,NA
32874032,32878992,NA,NA
32874194,32874580,OCH,NA
32874928,32878991,OCH,NA
32876628,32877200,CHI,N
32880927,32882161,OCH,NA
32880992,32882300,NA,NA
32883077,32884419,NA,NA
32883172,32884287,OCH,NA
32883555,32883812,FEM,NA
32886378,32898179,NA,NA
32886464,32888224,OCH,NA
32889031,32890646,OCH,NA
32889480,32890702,FEM,NA
32891225,32893366,FEM,NA
32893258,32898511,OCH,NA
32893493,32893992,CHI,N
32894485,32895511,FEM,NA
32895727,32896669,FEM,NA
32898511,32902492,NA,NA
32899011,32900511,FEM,NA
32901161,32902040,CHI,N
32901307,32902237,OCH,NA
32907173,32910011,OCH,NA
32907298,32910001,NA,NA
32911010,32913492,NA,NA
32911505,32913419,CHI,N
32911800,32912011,OCH,NA
32916242,32922548,NA,NA
32916512,32918011,OCH,NA
32917020,32921993,CHI,N
32918140,32918368,OCH,NA
32921513,32921857,OCH,NA
32922570,32923265,OCH,NA
32922757,32922939,NA,NA
32923876,32925256,OCH,NA
32924492,32925204,NA,NA
32931011,32932493,NA,NA
32931244,32932233,CHI,N
32931492,32932012,OCH,NA
32933971,32936200,NA,NA
32933993,32935493,CHI,N
32937027,32937253,NA,NA
32937057,32937249,OCH,NA
32938512,32940011,NA,NA
32938623,32940010,OCH,NA
32938900,32939511,CHI,N
32943491,32943737,NA,NA
32952796,32953010,NA,NA
32958011,32973955,NA,NA
32958011,32961950,CHI,C
32963011,32973641,CHI,Y
32972992,32973272,OCH,NA
32974511,32979012,NA,NA
32974759,32977724,CHI,C
32977780,32978850,OCH,NA
32978070,32978198,CHI,N
32981011,32988510,NA,NA
32981136,32982717,CHI,N
32982491,32984511,FEM,NA
32984012,32984295,OCH,NA
32984461,32985261,OCH,NA
32984699,32984817,FEM,NA
32985789,32988011,FEM,NA
32985865,32986174,MAL,NA
32986992,32987924,OCH,NA
32989429,32990870,NA,NA
32992829,32995003,NA,NA
32992935,32993510,FEM,NA
32993511,32997051,OCH,NA
32995365,32997199,NA,NA
32995991,32997020,CHI,C
33012492,33014190,CHI,C
33012492,33017635,NA,NA
33015293,33017455,OCH,NA
33017011,33017360,CHI,N
33018911,33024512,NA,NA
33018992,33020742,CHI,N
33020011,33020732,OCH,NA
33020992,33022042,OCH,NA
33021879,33023011,CHI,C
33022372,33022953,OCH,NA
33023845,33024437,NA,J
33023918,33024119,OCH,NA
33029895,33031004,OCH,NA
33030281,33031197,NA,NA
33047992,33050992,OCH,NA
33048010,33055513,NA,NA
33050511,33050791,FEM,NA
33050909,33051835,FEM,NA
33051961,33052427,OCH,NA
33052011,33052381,FEM,NA
33052582,33053650,OCH,NA
33052988,33055011,FEM,NA
33055879,33055992,NA,NA
33056168,33059151,NA,NA
33056178,33058493,OCH,NA
33057511,33059011,CHI,N
33068272,33071993,NA,NA
33068405,33071800,CHI,N
33073491,33080329,NA,NA
33073910,33074492,CHI,N
33074268,33074454,OCH,NA
33074445,33075991,MAL,NA
33076483,33077011,FEM,NA
33076492,33077012,MAL,NA
33077012,33077511,CHI,C
33077283,33078010,FEM,NA
33079015,33080188,CHI,N
33147492,33149011,OCH,NA
33210010,33210341,NA,NA
33216548,33216791,NA,NA
33220365,33221512,NA,NA
33220761,33220888,OCH,NA
33222012,33224012,NA,NA
33222177,33223994,OCH,NA
33222992,33223556,CHI,N
33226991,33235882,NA,NA
33227012,33228286,CHI,N
33229173,33235624,CHI,N
33234079,33234187,FEM,NA
33234788,33234906,OCH,NA
33235058,33235512,OCH,NA
33257024,33257226,MAL,NA
33273492,33275492,OCH,NA
33273511,33275492,NA,NA
33299993,33300653,OCH,NA
33300276,33300492,NA,NA
33385407,33386566,NA,NA
33385419,33386511,CHI,N
33388489,33390278,NA,NA
33388511,33390252,FEM,NA
33389012,33389461,CHI,N
33401368,33403511,OCH,NA
33401904,33404061,NA,NA
33403619,33403876,OCH,NA
33404442,33408492,NA,NA
33404493,33406493,OCH,NA
33482823,33489178,NA,NA
33482860,33483891,FEM,NA
33483405,33486871,CHI,C
33487246,33489025,CHI,C
33487305,33487492,FEM,NA
33489298,33490660,NA,NA
33489480,33490511,FEM,NA
33489492,33490469,CHI,N
33494334,33496386,NA,NA
33494344,33494467,OCH,NA
33494705,33494850,OCH,NA
33495410,33495805,OCH,NA
33497091,33502332,NA,NA
33497638,33498728,OCH,NA
33498473,33499772,CHI,N
33500134,33501602,OCH,NA
33502849,33515492,NA,NA
33502992,33506394,FEM,NA
33506067,33506992,CHI,N
33506907,33510366,FEM,NA
33508387,33508510,OCH,NA
33510272,33513154,OCH,NA
33510628,33510809,CHI,N
33511511,33513558,FEM,NA
33513598,33514087,OCH,NA
33513964,33514445,FEM,NA
33514258,33515119,CHI,N
33515971,33529078,NA,NA
33516227,33517120,FEM,NA
33516313,33518027,CHI,N
33517513,33518011,OCH,NA
33518014,33518139,FEM,NA
33519196,33519993,CHI,N
33519233,33523661,OCH,NA
33520643,33522526,FEM,NA
33521992,33522650,CHI,N
33522992,33523642,CHI,N
33523511,33525453,FEM,NA
33525596,33525993,OCH,NA
33526342,33528011,OCH,NA
33527993,33528891,FEM,NA
33529572,33529694,NA,NA
33530404,33531011,NA,NA
33532802,33541493,NA,NA
33533492,33533990,MAL,NA
33533939,33535473,FEM,NA
33536103,33536511,OCH,NA
33537586,33539290,CHI,N
33539410,33539511,CHI,N
33539672,33540992,CHI,N
33540291,33540510,OCH,NA
33541822,33543511,NA,NA
33541889,33543492,CHI,N
33546493,33569072,NA,NA
33546513,33548357,CHI,C
33547993,33548147,OCH,NA
33548712,33554060,FEM,NA
33553779,33555191,OCH,NA
33554078,33555366,CHI,N
33555013,33557008,FEM,NA
33555403,33557517,OCH,NA
33556992,33558217,CHI,N
33558767,33559580,FEM,NA
33558882,33559052,OCH,NA
33559485,33560670,OCH,NA
33560290,33563393,CHI,C
33560772,33561106,OCH,NA
33564512,33565693,FEM,NA
33566010,33567822,FEM,NA
33566336,33566992,MAL,NA
33568541,33568700,OCH,NA
33571009,33576902,NA,NA
33571343,33572158,OCH,NA
33571493,33576552,FEM,NA
33575771,33576250,OCH,NA
33623912,33628011,NA,NA
33623993,33625043,OCH,NA
33625695,33628010,OCH,NA
33625722,33626567,CHI,C
33630388,33634770,NA,NA
33630491,33632975,FEM,NA
33630660,33630817,MAL,NA
33630992,33632639,MAL,NA
33633156,33634465,CHI,C
33633164,33634433,OCH,NA
33634884,33669493,NA,NA
33635113,33636531,OCH,NA
33635132,33636511,CHI,N
33636978,33638590,CHI,N
33638512,33639135,MAL,NA
33638728,33638993,CHI,N
33640311,33642447,CHI,C
33641771,33642343,OCH,NA
33642650,33643998,FEM,NA
33642685,33643417,MAL,NA
33643650,33643876,MAL,NA
33643991,33644101,MAL,NA
33644209,33644339,MAL,NA
33644492,33646991,FEM,NA
33646042,33651003,MAL,NA
33650512,33650654,OCH,NA
33650993,33652512,OCH,NA
33653063,33656406,CHI,Y
33655993,33660505,MAL,NA
33657491,33658991,FEM,NA
33660353,33661492,OCH,NA
33660510,33662503,FEM,NA
33661631,33662328,OCH,NA
33662770,33662908,FEM,NA
33662890,33663884,OCH,NA
33663011,33664493,FEM,NA
33664118,33664606,OCH,NA
33665011,33672007,OCH,NA
33669815,33683080,NA,NA
33672110,33673011,OCH,NA
33672512,33673526,CHI,N
33673492,33675492,FEM,NA
33674493,33678177,MAL,NA
33677993,33678788,OCH,NA
33678388,33678489,MAL,NA
33679204,33680488,OCH,NA
33680126,33686147,MAL,NA
33683869,33695493,NA,NA
33686145,33687510,OCH,NA
33686319,33687377,CHI,C
33686992,33687510,FEM,NA
33687993,33690492,MAL,NA
33690492,33690885,CHI,N
33690786,33693012,MAL,NA
33693578,33694010,OCH,NA
33694571,33695011,FEM,NA
33696511,33700492,MAL,NA
33696653,33702684,NA,NA
33700688,33702603,MAL,NA
33703012,33704993,NA,NA
33703962,33704492,FEM,NA
33707306,33707724,OCH,NA
33709011,33709455,NA,NA
33714139,33736993,NA,NA
33714151,33715493,OCH,NA
33715011,33716813,FEM,NA
33715604,33716158,MAL,NA
33716299,33716581,MAL,NA
33717212,33719045,MAL,NA
33717637,33717807,FEM,NA
33718992,33720836,CHI,N
33721247,33722772,CHI,N
33722983,33723758,MAL,NA
33723992,33724146,FEM,NA
33723992,33726525,MAL,NA
33724991,33727011,FEM,NA
33727492,33727639,OCH,NA
33727771,33730805,MAL,NA
33731011,33733011,FEM,NA
33732870,33736171,MAL,NA
33737065,33737232,OCH,NA
33738431,33739020,NA,NA
33738451,33740096,OCH,NA
33739310,33741127,NA,NA
33740624,33740941,MAL,NA
33741711,33742511,OCH,NA
33748883,33749511,MAL,NA
33749106,33749492,NA,NA
33754511,33754614,NA,NA
33758512,33760633,NA,NA
33759492,33760577,CHI,N
33762820,33764543,NA,NA
33762992,33764384,CHI,N
33764848,33768981,NA,NA
33765223,33766414,CHI,N
33766968,33769516,MAL,NA
33771512,33773011,MAL,NA
33771512,33773392,NA,NA
33841324,33841511,OCH,NA
33863044,33864991,NA,NA
33863150,33864991,OCH,NA
33867011,33870298,NA,NA
33867686,33868992,CHI,N
33867826,33868001,OCH,NA
33868847,33870261,FEM,NA
33872376,33875457,NA,NA
33872621,33872798,OCH,NA
33872934,33875005,OCH,NA
33875744,33878360,NA,NA
33876169,33877922,FEM,NA
33877840,33878716,OCH,NA
33878895,33880760,OCH,NA
33878962,33880876,NA,NA
33881374,33882511,NA,NA
33881502,33882012,FEM,NA
33883026,33885502,NA,NA
33883915,33887184,OCH,NA
33885626,33887607,NA,NA
33886492,33886851,FEM,NA
33887791,33896050,NA,NA
33887886,33889243,OCH,NA
33887913,33895011,FEM,NA
33889992,33890272,OCH,NA
33890511,33900271,OCH,NA
33896600,33900328,NA,NA
33898993,33899531,FEM,NA
33917149,33917492,OCH,NA
33926011,33926114,OCH,NA
33926396,33928816,OCH,NA
33927652,33927971,NA,NA
33930753,33930858,OCH,NA
33934510,33935023,NA,NA
33934643,33934773,OCH,NA
33940011,33940511,OCH,NA
33954707,33955038,OCH,NA
33961135,33963001,NA,NA
33961186,33962492,FEM,NA
33961346,33962326,OCH,NA
33969721,33971511,OCH,NA
33969993,33971324,NA,NA
33972914,33974225,OCH,NA
33973246,33973359,NA,NA
33974492,33975226,OCH,NA
33975744,33977511,OCH,NA
33976010,33977492,NA,NA
33979993,33981011,OCH,NA
33980011,33980510,NA,NA
33995012,33997012,OCH,NA
33995509,33996756,NA,NA
33997717,33998309,NA,NA
33998511,34000902,OCH,NA
33998511,34002991,NA,NA
34000611,34000992,FEM,NA
34000992,34002879,CHI,N
34003476,34004011,NA,NA
34005972,34007011,NA,NA
34005992,34006910,FEM,NA
34008981,34011235,NA,NA
34009195,34011011,NA,J
34011871,34015995,NA,NA
34012116,34013782,FEM,NA
34012492,34016010,OCH,NA
34016500,34038508,NA,NA
34016797,34016979,OCH,NA
34017491,34019636,FEM,NA
34019799,34020957,OCH,NA
34021991,34025074,FEM,NA
34022953,34025064,OCH,NA
34025275,34026611,OCH,NA
34026956,34034992,OCH,NA
34036318,34037783,OCH,NA
34039011,34046083,NA,NA
34039140,34045492,OCH,NA
34042992,34043510,CHI,N
34046907,34049011,NA,NA
34047184,34047530,FEM,NA
34047631,34047992,FEM,NA
34047761,34048956,OCH,NA
34052689,34055492,OCH,NA
34053122,34054993,NA,NA
34098676,34099029,NA,NA
34099307,34099427,NA,NA
34111992,34112510,OCH,NA
34134811,34136414,OCH,NA
34135572,34135726,NA,NA
34196492,34197454,OCH,NA
34196992,34197139,NA,NA
34198068,34198562,OCH,NA
34198187,34198659,NA,NA
34224044,34224793,NA,NA
34224456,34224647,OCH,NA
34224905,34225492,NA,NA
34224927,34225757,OCH,NA
34237254,34237986,MAL,NA
34253012,34254274,NA,NA
34253022,34254195,CHI,N
34260086,34260923,OCH,NA
34263373,34265509,NA,NA
34263462,34270511,OCH,NA
34265624,34265734,NA,NA
34266051,34274510,NA,NA
34270125,34271283,FEM,NA
34271794,34273034,FEM,NA
34273280,34273913,FEM,NA
34276854,34278764,NA,NA
34276913,34278511,OCH,NA
34277492,34278344,CHI,N
34281993,34283011,OCH,NA
34282371,34282472,NA,NA
34285511,34286012,OCH,NA
34286308,34286411,OCH,NA
34292479,34293993,OCH,NA
34292523,34293542,NA,NA
34295736,34295863,OCH,NA
34295748,34295854,NA,NA
34295967,34297992,OCH,NA
34295992,34297636,NA,NA
34311495,34315010,NA,NA
34311588,34312012,OCH,NA
34314408,34314769,OCH,NA
34315998,34317682,OCH,NA
34316025,34317682,NA,NA
34318011,34322483,NA,NA
34318991,34319992,OCH,NA
34320115,34321991,FEM,NA
34324319,34326471,NA,NA
34325000,34326011,FEM,NA
34330011,34332492,NA,NA
34330066,34330404,OCH,NA
34330492,34332492,FEM,NA
34336011,34336171,NA,NA
34340350,34341511,NA,NA
34340369,34340956,FEM,NA
34341977,34342520,OCH,NA
34342151,34342492,NA,NA
34348085,34348514,OCH,NA
34348313,34348492,NA,NA
34354657,34354779,NA,NA
34371557,34374321,OCH,NA
34371992,34386992,NA,NA
34373462,34373761,FEM,NA
34373931,34374319,FEM,NA
34373943,34382991,CHI,N
34383265,34384078,OCH,NA
34383493,34384011,FEM,NA
34383820,34383977,MAL,NA
34384238,34384348,OCH,NA
34384944,34385781,OCH,NA
34385938,34386993,OCH,NA
34388030,34389962,NA,NA
34388255,34389492,OCH,NA
34388282,34389647,CHI,N
34390511,34393717,NA,NA
34390511,34393727,CHI,N
34392195,34392986,FEM,NA
34395003,34406333,NA,NA
34395177,34396512,CHI,N
34395511,34396046,FEM,NA
34396351,34396618,FEM,NA
34397678,34398993,FEM,NA
34398010,34404237,OCH,NA
34401993,34403233,CHI,N
34403402,34406122,CHI,N
34407011,34410104,NA,NA
34407148,34409929,CHI,N
34409251,34409511,FEM,NA
34410823,34412757,NA,NA
34411492,34412511,CHI,N
34411957,34412355,OCH,NA
34413648,34415013,NA,NA
34413731,34414413,CHI,N
34416613,34417511,MAL,NA
34416993,34417511,NA,NA
34419236,34420444,NA,NA
34419279,34420393,FEM,NA
34423010,34426061,MAL,NA
34423599,34426576,NA,NA
34428178,34428512,NA,NA
34432911,34436063,NA,NA
34433058,34436003,CHI,C
34433492,34434407,OCH,NA
34436462,34453550,NA,NA
34436510,34439353,FEM,NA
34438868,34439340,MAL,NA
34439538,34441865,CHI,C
34439735,34440329,OCH,NA
34440901,34441120,OCH,NA
34440992,34441142,FEM,NA
34441492,34442538,FEM,NA
34442828,34443490,MAL,NA
34443650,34444094,CHI,N
34444011,34449808,FEM,NA
34446511,34446622,OCH,NA
34447012,34447277,OCH,NA
34449992,34450512,MAL,NA
34450262,34450491,FEM,NA
34451144,34451789,FEM,NA
34451320,34451430,MAL,NA
34452118,34453490,MAL,NA
34454482,34463178,NA,NA
34454511,34458510,FEM,NA
34455294,34455761,MAL,NA
34458011,34459835,CHI,N
34459511,34459746,FEM,NA
34460513,34461654,OCH,NA
34461011,34461590,FEM,NA
34462128,34463299,OCH,NA
34464906,34476511,NA,NA
34464992,34465491,OCH,NA
34466560,34470094,FEM,NA
34469992,34476030,MAL,NA
34470375,34471011,FEM,NA
34473905,34474011,OCH,NA
34475492,34476329,FEM,NA
34477029,34477491,NA,NA
34483605,34488819,NA,NA
34483673,34485533,CHI,N
34487247,34488729,OCH,NA
34487620,34488511,CHI,N
34491493,34491839,MAL,NA
34498378,34500012,NA,NA
34498543,34499512,CHI,N
34498563,34499584,OCH,NA
34502510,34504036,NA,NA
34503722,34504517,MAL,NA
34504701,34504993,MAL,NA
34507011,34522011,NA,NA
34507466,34511492,FEM,NA
34508963,34509198,OCH,NA
34510539,34510782,OCH,NA
34510887,34511640,OCH,NA
34511928,34515286,FEM,NA
34514993,34516252,CHI,N
34516510,34517992,CHI,N
34518020,34518476,MAL,NA
34518383,34518776,FEM,NA
34518979,34519661,CHI,N
34519510,34521989,MAL,NA
34522511,34532877,NA,NA
34523072,34524992,CHI,N
34525524,34525728,OCH,NA
34525941,34526992,OCH,NA
34526572,34527849,FEM,NA
34528675,34530013,FEM,NA
34528889,34529309,CHI,N
34530712,34531512,FEM,NA
34531456,34531594,MAL,NA
34531920,34532735,CHI,N
34534166,34535636,NA,NA
34534281,34535511,CHI,N
34534676,34535442,OCH,NA
34540992,34541495,NA,NA
34544443,34545763,NA,NA
34544492,34545498,CHI,N
34544521,34545321,OCH,NA
34547484,34549862,NA,NA
34547492,34548992,CHI,N
34553557,34553763,NA,NA
34554777,34555015,MAL,NA
34556964,34559715,NA,NA
34557011,34558145,OCH,NA
34557072,34558010,CHI,N
34558697,34559431,OCH,NA
34558993,34559148,CHI,N
34559978,34563097,NA,NA
34560084,34560992,OCH,NA
34560110,34562154,CHI,N
34562042,34562594,FEM,NA
34562066,34562486,OCH,NA
34564280,34564828,NA,NA
34565754,34574510,NA,NA
34566173,34566315,CHI,C
34566492,34566603,CHI,N
34567184,34568993,CHI,N
34569229,34571603,CHI,N
34570736,34571011,FEM,NA
34571249,34571418,FEM,NA
34571991,34574377,CHI,N
34574811,34574992,NA,NA
34575365,34575492,NA,NA
34576008,34581011,NA,NA
34576296,34576492,MAL,NA
34576651,34576778,CHI,N
34576777,34578011,MAL,NA
34578038,34579704,CHI,N
34578993,34580340,OCH,NA
34579551,34580015,FEM,NA
34580491,34580992,CHI,N
34584492,34587754,NA,NA
34584632,34585256,OCH,NA
34585589,34587776,OCH,NA
34590758,34596112,NA,NA
34590999,34591185,CHI,N
34591011,34592243,OCH,NA
34592628,34595011,FEM,NA
34594304,34596012,OCH,NA
34598505,34603859,NA,NA
34598656,34599512,OCH,NA
34598686,34599493,CHI,N
34600012,34601492,CHI,N
34600333,34600493,OCH,NA
34601264,34602010,OCH,NA
34601492,34601833,FEM,NA
34602554,34603781,CHI,N
34602746,34603011,FEM,NA
34605011,34619248,NA,NA
34605134,34607090,FEM,NA
34606460,34609261,MAL,NA
34607225,34608224,FEM,NA
34608441,34611011,FEM,NA
34609854,34612011,CHI,C
34611011,34611988,OCH,NA
34613011,34615991,FEM,NA
34614992,34615173,OCH,NA
34615434,34615810,OCH,NA
34615492,34616665,CHI,N
34616511,34619194,FEM,NA
34620225,34622491,NA,NA
34620256,34621783,FEM,NA
34623008,34627492,NA,NA
34623492,34627318,FEM,NA
34625011,34625510,MAL,NA
34627873,34635011,NA,NA
34627961,34631635,FEM,NA
34630991,34632702,MAL,NA
34632011,34632492,FEM,NA
34632866,34632974,FEM,NA
34633130,34634011,OCH,NA
34633492,34634010,FEM,NA
34634512,34635011,FEM,NA
34637389,34638962,NA,NA
34637421,34638012,OCH,NA
34639643,34640131,OCH,NA
34640377,34640561,OCH,NA
34640992,34644556,NA,NA
34641071,34642634,FEM,NA
34642799,34644512,OCH,NA
34643008,34644285,CHI,N
34646127,34647011,NA,NA
34646169,34647011,OCH,NA
34648211,34652511,NA,NA
34648265,34650177,OCH,NA
34651387,34652207,OCH,NA
34651768,34652011,CHI,N
34653013,34653828,NA,NA
34653157,34653763,OCH,NA
34654213,34655369,NA,NA
34654505,34655011,FEM,NA
34654522,34655011,OCH,NA
34657492,34659618,OCH,NA
34657511,34660493,NA,NA
34658663,34659034,FEM,NA
34659011,34659148,CHI,N
34659358,34659463,CHI,N
34662011,34663511,NA,NA
34662269,34663064,CHI,N
34662587,34663012,OCH,NA
34664993,34669323,NA,NA
34665492,34667492,OCH,NA
34667077,34667377,CHI,N
34669947,34670759,OCH,NA
34669981,34670720,NA,NA
34689992,34691170,NA,NA
34699492,34701011,OCH,NA
34699511,34701492,NA,NA
34702008,34706991,NA,NA
34702125,34706011,OCH,NA
34708485,34709103,OCH,NA
34708510,34709992,NA,NA
34711492,34713075,NA,NA
34711536,34713011,OCH,NA
34715491,34717011,NA,NA
34715616,34716991,OCH,NA
34716013,34716185,FEM,NA
34718439,34720985,NA,NA
34718492,34719012,CHI,N
34718740,34718868,OCH,NA
34719104,34720711,OCH,NA
34719133,34720044,CHI,N
34725340,34726012,NA,NA
34725367,34726012,OCH,NA
34728419,34731559,NA,NA
34728492,34729992,CHI,N
34729992,34731992,MAL,NA
34735137,34737128,NA,NA
34737992,34742992,NA,NA
34738193,34738465,OCH,NA
34738198,34738510,CHI,N
34739020,34739455,CHI,N
34739992,34741992,CHI,N
34753205,34756015,NA,NA
34753433,34755331,CHI,N
34760013,34760502,OCH,NA
34760099,34760492,NA,NA
34765195,34765992,NA,NA
34766992,34769795,NA,NA
34767510,34769694,CHI,N
34773135,34773481,OCH,NA
34787102,34788516,NA,NA
34787249,34788511,CHI,N
34793963,34802011,NA,NA
34794011,34794244,CHI,N
34794071,34794992,OCH,NA
34794422,34796940,CHI,N
34797369,34797492,CHI,N
34797492,34799993,FEM,NA
34799492,34800776,CHI,N
34800680,34802013,MAL,NA
34803511,34812510,NA,NA
34803837,34804510,CHI,N
34803992,34804524,OCH,NA
34804014,34807511,MAL,NA
34808365,34811011,MAL,NA
34808559,34808768,CHI,N
34809097,34809264,FEM,NA
34810261,34810676,FEM,NA
34811198,34812011,CHI,N
34811458,34811807,OCH,NA
34821490,34824011,MAL,NA
34821492,34824516,NA,NA
34822121,34822339,FEM,NA
34822511,34823073,FEM,NA
34824020,34824152,OCH,NA
34825012,34825127,NA,NA
34825012,34828991,MAL,NA
34825511,34827990,NA,NA
34828145,34828680,NA,NA
34834948,34839712,NA,NA
34835511,34835855,CHI,N
34835975,34837772,CHI,Y
34836804,34839011,OCH,NA
34839197,34839433,OCH,NA
34840662,34842726,NA,NA
34840711,34842512,CHI,N
34845793,34855272,NA,NA
34845992,34848226,FEM,NA
34848011,34848210,CHI,N
34848492,34850382,CHI,N
34851011,34855275,OCH,NA
34857721,34858585,NA,NA
34858848,34866011,NA,NA
34858991,34861267,CHI,N
34859761,34860623,OCH,NA
34860864,34861029,OCH,NA
34861107,34861797,MAL,NA
34861511,34862697,OCH,NA
34862942,34863414,OCH,NA
34864194,34864353,FEM,NA
34864238,34864447,MAL,NA
34864466,34865512,FEM,NA
34864621,34864743,OCH,NA
34865060,34865362,OCH,NA
34869876,34884493,NA,NA
34870595,34876667,FEM,NA
34876511,34878231,CHI,N
34880200,34880433,FEM,NA
34882611,34883114,FEM,NA
34883646,34883796,FEM,NA
34884147,34884255,MAL,NA
34887127,34887993,NA,NA
34894159,34894284,OCH,NA
34894493,34895460,OCH,NA
34904360,34906500,NA,NA
34904512,34904728,CHI,N
34904993,34906493,CHI,N
34907738,34909993,NA,NA
34908011,34909992,CHI,N
34912492,34914274,NA,NA
34912681,34913493,CHI,N
34912802,34914034,OCH,NA
34913761,34913952,CHI,N
34929682,34929905,OCH,NA
34961821,34961993,NA,NA
34963343,34964399,NA,NA
34963444,34964387,FEM,NA
34965705,34967511,NA,NA
34966011,34967511,FEM,NA
34972121,34973511,OCH,NA
34973635,34973940,OCH,NA
34974011,34977011,NA,NA
34975238,34976090,CHI,N
34975387,34977012,OCH,NA
34993176,34994992,CHI,N
34993183,34995993,NA,NA
34996884,34997424,MAL,NA
35002189,35003011,NA,NA
35005303,35021498,NA,NA
35005400,35008243,CHI,N
35008295,35011986,MAL,NA
35012235,35012338,FEM,NA
35012449,35013505,FEM,NA
35014400,35015483,FEM,NA
35015031,35016286,CHI,N
35016513,35018011,FEM,NA
35017831,35018012,OCH,NA
35017993,35019556,CHI,N
35019964,35023042,MAL,NA
35021602,35022272,NA,NA
35025237,35027189,NA,NA
35025335,35026754,CHI,N
35027780,35027891,NA,NA
35028263,35029821,MAL,NA
35028268,35028469,NA,NA
35028820,35029473,NA,NA
35030991,35032014,NA,NA
35031101,35031867,FEM,NA
35039247,35041095,NA,NA
35039387,35040511,OCH,NA
35039991,35040511,CHI,N
35043992,35058970,NA,NA
35045992,35053540,MAL,NA
35053663,35053904,MAL,NA
35054011,35058012,MAL,NA
35057121,35057754,FEM,NA
35058012,35058793,FEM,NA
35060084,35064991,MAL,NA
35060511,35064492,NA,NA
35065992,35078010,NA,NA
35066010,35068695,CHI,N
35068371,35075826,MAL,NA
35071481,35072011,FEM,NA
35074684,35074824,FEM,NA
35074991,35077526,FEM,NA
35077075,35077178,MAL,NA
35078992,35115849,NA,NA
35078994,35081176,MAL,NA
35079510,35079864,FEM,NA
35079991,35084274,FEM,NA
35083643,35084411,MAL,NA
35084588,35085601,CHI,C
35084620,35085376,OCH,NA
35085359,35085501,FEM,NA
35085717,35086510,FEM,NA
35086109,35090383,MAL,NA
35089489,35090932,FEM,NA
35091993,35094511,MAL,NA
35094492,35095121,CHI,N
35094990,35097449,FEM,NA
35097651,35098085,CHI,N
35098010,35098548,FEM,NA
35098140,35098342,MAL,NA
35098930,35112918,MAL,NA
35098993,35100512,FEM,NA
35112029,35112307,CHI,N
35112945,35115490,FEM,NA
35113033,35113352,MAL,NA
35114511,35114982,MAL,NA
35115022,35115127,CHI,N
35120010,35123491,MAL,NA
35120134,35124748,NA,NA
35124224,35124511,OCH,NA
35125491,35127160,NA,NA
35125721,35125870,FEM,NA
35125739,35126417,MAL,NA
35126045,35126511,FEM,NA
35127817,35130232,NA,NA
35127992,35130010,CHI,N
35129406,35129742,OCH,NA
35131992,35134520,MAL,NA
35132640,35134012,NA,NA
35135512,35139624,NA,NA
35135579,35137428,MAL,NA
35138256,35138406,MAL,NA
35138607,35139407,FEM,NA
35144705,35149511,NA,NA
35144992,35145993,FEM,NA
35145318,35149493,OCH,NA
35149705,35149992,NA,NA
35150330,35150492,NA,NA
35150331,35150491,OCH,NA
35159493,35160511,OCH,NA
35159511,35160510,NA,NA
35164992,35172640,NA,NA
35165470,35169992,MAL,NA
35165576,35165991,FEM,NA
35167670,35167992,FEM,NA
35169010,35169835,FEM,NA
35170492,35172038,CHI,N
35173047,35173493,NA,NA
35173928,35174993,NA,NA
35174194,35174827,OCH,NA
35179083,35180511,NA,NA
35179449,35180328,CHI,N
35182991,35183654,NA,NA
35183012,35183517,FEM,NA
35188822,35190493,MAL,NA
35188992,35190011,NA,NA
35191992,35194643,NA,NA
35192510,35194491,FEM,NA
35196491,35204036,NA,NA
35196559,35197992,CHI,N
35198690,35201066,FEM,NA
35200013,35200489,MAL,NA
35201069,35201889,CHI,N
35201512,35210488,MAL,NA
35204444,35204896,NA,NA
35205011,35209510,NA,NA
35209659,35209991,NA,NA
35213950,35221086,NA,NA
35213992,35214927,FEM,NA
35216188,35216512,OCH,NA
35216203,35217928,CHI,N
35216993,35218346,FEM,NA
35217992,35222513,MAL,NA
35221316,35223954,NA,NA
35221993,35222258,CHI,N
35222492,35223866,CHI,N
35226031,35226515,NA,NA
35230012,35231463,NA,NA
35230351,35231311,FEM,NA
35232011,35237011,NA,NA
35232106,35237270,MAL,NA
35233664,35233993,FEM,NA
35239011,35251257,NA,NA
35239291,35240293,CHI,N
35240216,35240884,FEM,NA
35240511,35250710,MAL,NA
35240992,35242011,FEM,NA
35250761,35251098,FEM,NA
35258993,35261080,NA,NA
35259492,35260773,CHI,N
35261188,35262044,NA,NA
35261519,35261782,CHI,N
35263991,35271991,NA,NA
35264492,35266510,CHI,N
35267381,35269222,MAL,NA
35270011,35271781,FEM,NA
35274992,35278281,MAL,NA
35275993,35280715,NA,NA
35277633,35279596,FEM,NA
35281600,35283176,NA,NA
35281778,35282701,CHI,C
35282125,35282311,OCH,NA
35282512,35282679,FEM,NA
35290991,35293333,CHI,N
35290991,35293588,NA,NA
35292250,35293134,FEM,NA
35297490,35308228,NA,NA
35297621,35299089,FEM,NA
35297762,35298493,CHI,N
35299010,35303259,MAL,NA
35303389,35304661,CHI,N
35303592,35304145,FEM,NA
35304992,35306325,MAL,NA
35306994,35307510,CHI,N
35307625,35307789,FEM,NA
35308513,35310985,MAL,NA
35308622,35311600,NA,NA
35310288,35311247,FEM,NA
35312510,35316511,NA,NA
35312747,35314681,FEM,NA
35314982,35316511,FEM,NA
35321493,35323145,CHI,N
35321493,35327992,NA,NA
35322877,35326993,MAL,NA
35326960,35327827,CHI,N
35328901,35332656,NA,NA
35328992,35330406,CHI,N
35330477,35332510,FEM,NA
35337506,35340223,NA,NA
35337691,35340011,FEM,NA
35339205,35339404,MAL,NA
35343493,35346011,NA,NA
35343511,35346341,MAL,NA
35343741,35344492,FEM,NA
35348488,35353763,NA,NA
35348493,35350353,CHI,N
35350013,35352510,MAL,NA
35352896,35353721,CHI,N
35354855,35365015,NA,NA
35355020,35356125,FEM,NA
35355050,35357433,MAL,NA
35356238,35356368,FEM,NA
35357987,35359492,OCH,NA
35358037,35359838,CHI,Y
35359991,35361596,FEM,NA
35360435,35365128,MAL,NA
35362337,35362497,FEM,NA
35362607,35362730,FEM,NA
35362852,35363011,FEM,NA
35366011,35370144,NA,NA
35366166,35368491,FEM,NA
35368010,35370496,MAL,NA
35371439,35373120,NA,NA
35371463,35373041,CHI,N
35373782,35386511,NA,NA
35374386,35376079,CHI,C
35374425,35375380,OCH,NA
35376011,35379011,MAL,NA
35378512,35380512,CHI,N
35380484,35381982,MAL,NA
35381666,35383510,OCH,NA
35383719,35383992,OCH,NA
35385508,35386380,CHI,N
35385547,35385817,OCH,NA
35386821,35386991,NA,NA
35393277,35394074,OCH,NA
35393563,35393993,NA,NA
35394268,35396367,OCH,NA
35394511,35397010,NA,NA
35395512,35396992,FEM,NA
35402977,35405512,NA,NA
35403105,35403491,FEM,NA
35404445,35405491,CHI,N
35406352,35406492,NA,NA
35407937,35409012,NA,NA
35408173,35408964,OCH,NA
35412491,35416897,NA,NA
35412834,35417097,MAL,NA
35412992,35413964,FEM,NA
35414155,35414511,FEM,NA
35423828,35427011,NA,NA
35423992,35425011,OCH,NA
35424511,35427010,FEM,NA
35434511,35434687,NA,NA
35435323,35462163,NA,NA
35435991,35438510,CHI,N
35439650,35442903,FEM,NA
35442492,35444492,CHI,C
35444839,35446992,FEM,NA
35445018,35445205,OCH,NA
35447274,35447807,FEM,NA
35447471,35448639,CHI,N
35448011,35449607,FEM,NA
35450492,35452510,FEM,NA
35451493,35455011,CHI,N
35453492,35453777,OCH,NA
35454360,35455097,OCH,NA
35454993,35458662,FEM,NA
35455220,35455978,OCH,NA
35457254,35457492,CHI,N
35458493,35458677,OCH,NA
35459247,35459352,OCH,NA
35460011,35460510,OCH,NA
35460816,35461864,OCH,NA
35460985,35461184,CHI,N
35463012,35487759,NA,NA
35463454,35464090,FEM,NA
35464492,35465688,CHI,N
35465055,35465418,OCH,NA
35466010,35467247,CHI,N
35466476,35466668,OCH,NA
35467764,35468512,CHI,C
35468074,35470062,FEM,NA
35469139,35469345,CHI,N
35469534,35469910,MAL,NA
35470783,35471100,CHI,N
35471299,35473592,CHI,N
35471382,35471903,FEM,NA
35471579,35471906,MAL,NA
35473511,35478511,MAL,NA
35478511,35480492,FEM,NA
35478692,35478841,MAL,NA
35480012,35481138,MAL,NA
35481579,35484957,CHI,N
35484657,35485602,MAL,NA
35486124,35487223,FEM,NA
35486993,35487545,CHI,N
35487376,35487492,FEM,NA
35489492,35494700,NA,NA
35489494,35494011,CHI,N
35494991,35495766,NA,NA
35495992,35498992,NA,NA
35496422,35499451,MAL,NA
35496483,35496888,FEM,NA
35502567,35513946,NA,NA
35502992,35503343,FEM,NA
35502992,35508490,MAL,NA
35508297,35509439,CHI,N
35508993,35511011,MAL,NA
35511919,35513819,CHI,C
35516193,35519094,NA,NA
35516198,35517492,CHI,N
35517931,35518770,FEM,NA
35519644,35521492,NA,NA
35519992,35521172,FEM,NA
35526511,35535993,NA,NA
35526573,35526841,OCH,NA
35526992,35530841,OCH,NA
35528993,35530281,CHI,N
35530913,35532197,FEM,NA
35532501,35534492,OCH,NA
35534992,35535929,CHI,N
35541492,35550971,NA,NA
35541661,35543011,CHI,N
35542611,35542760,FEM,NA
35543013,35543511,FEM,NA
35543073,35543443,MAL,NA
35544472,35546347,CHI,N
35544634,35546428,OCH,NA
35546629,35548511,OCH,NA
35549493,35550011,FEM,NA
35549552,35550306,OCH,NA
35551484,35558389,NA,NA
35551511,35554999,CHI,N
35554012,35556314,OCH,NA
35555109,35555268,CHI,N
35555539,35557787,CHI,N
35558502,35564493,NA,NA
35558973,35559118,MAL,NA
35559493,35560431,CHI,N
35560033,35560220,MAL,NA
35561876,35562993,FEM,NA
35562468,35564324,CHI,N
35565011,35567493,MAL,NA
35565011,35568637,NA,NA
35567385,35568343,FEM,NA
35569908,35572134,NA,NA
35570011,35570666,FEM,NA
35571113,35571386,FEM,NA
35571425,35571968,MAL,NA
35572802,35573354,NA,NA
35573072,35573254,FEM,NA
35611491,35613548,NA,NA
35611667,35612502,OCH,NA
35612939,35613511,FEM,NA
35620471,35623512,NA,NA
35620509,35622510,CHI,N
35621772,35622094,OCH,NA
35622757,35623204,FEM,NA
35627492,35629011,NA,NA
35627661,35628324,OCH,NA
35627675,35628650,CHI,N
35638874,35639991,NA,NA
35652439,35654150,NA,NA
35652602,35653493,CHI,N
35654580,35655160,NA,NA
35661342,35665993,NA,NA
35661511,35663153,CHI,N
35662645,35662861,FEM,NA
35663677,35665491,CHI,N
35666379,35678635,NA,NA
35666482,35666992,CHI,N
35667010,35669990,MAL,NA
35669492,35670010,FEM,NA
35670302,35671200,CHI,N
35670994,35678903,MAL,NA
35673833,35674130,FEM,NA
35677619,35678011,FEM,NA
35681464,35682463,NA,NA
35681492,35682088,CHI,N
35685460,35686999,NA,NA
35685492,35686511,CHI,N
35686639,35686992,CHI,N
35688511,35696734,NA,NA
35689511,35690010,FEM,NA
35690249,35690829,CHI,N
35690882,35692887,MAL,NA
35690993,35693016,FEM,NA
35693104,35693576,CHI,N
35693121,35693381,OCH,NA
35693511,35693992,FEM,NA
35693543,35694491,MAL,NA
35693992,35694576,CHI,N
35694758,35696375,FEM,NA
35694920,35696425,MAL,NA
35698679,35702798,NA,NA
35698722,35701069,OCH,NA
35699177,35701011,CHI,N
35701170,35701511,CHI,N
35701653,35702105,FEM,NA
35702225,35702512,FEM,NA
35704822,35713118,NA,NA
35704927,35706134,FEM,NA
35706670,35708872,OCH,NA
35706732,35707545,CHI,N
35708096,35708319,CHI,N
35709992,35710485,FEM,NA
35711261,35713011,FEM,NA
35723376,35764011,NA,NA
35723492,35723777,OCH,NA
35724770,35726010,OCH,NA
35724829,35726408,CHI,C
35726984,35727492,FEM,NA
35727011,35732020,MAL,NA
35731130,35731248,FEM,NA
35732246,35733302,FEM,NA
35733707,35736483,CHI,C
35733899,35735308,OCH,NA
35735992,35740369,MAL,NA
35740111,35741010,OCH,NA
35740128,35742058,CHI,C
35742109,35746076,MAL,NA
35744838,35744949,FEM,NA
35746044,35748565,CHI,C
35748660,35748891,MAL,NA
35749088,35751511,CHI,C
35749229,35750802,OCH,NA
35751999,35752895,OCH,NA
35752646,35754160,CHI,C
35754492,35755137,FEM,NA
35755611,35756512,CHI,C
35756492,35757511,FEM,NA
35758113,35759510,CHI,N
35759841,35760992,FEM,NA
35760764,35762392,MAL,NA
35762433,35762931,OCH,NA
35762465,35763469,CHI,C
35763010,35763511,FEM,NA
35765459,35770012,NA,NA
35765877,35766010,CHI,N
35766011,35769992,MAL,NA
35766119,35766252,CHI,N
35769011,35769510,FEM,NA
35775992,35780049,NA,NA
35776011,35779644,CHI,C
35779188,35779406,MAL,NA
35788510,35790491,CHI,N
35788510,35790511,NA,NA
35798492,35800628,NA,NA
35798510,35800361,CHI,N
35801958,35809992,NA,NA
35802095,35802196,OCH,NA
35802311,35802552,OCH,NA
35802449,35803402,FEM,NA
35803011,35805492,CHI,N
35804992,35810011,MAL,NA
35811011,35814550,NA,NA
35811151,35812493,CHI,C
35812010,35814492,MAL,NA
35813544,35814246,FEM,NA
35816087,35819243,NA,NA
35816205,35817992,MAL,NA
35817512,35819043,FEM,NA
35824012,35826992,NA,NA
35824179,35826778,CHI,N
35824292,35824790,OCH,NA
35844512,35854011,NA,NA
35844579,35847510,CHI,C
35846074,35847510,FEM,NA
35848018,35849511,CHI,N
35848038,35848401,OCH,NA
35849512,35852404,MAL,NA
35851888,35852011,FEM,NA
35852500,35852652,OCH,NA
35852517,35853992,CHI,N
35852762,35852926,OCH,NA
35856191,35862420,NA,NA
35856400,35859704,FEM,NA
35859491,35860026,CHI,N
35859861,35862191,FEM,NA
35868992,35883088,NA,NA
35869183,35870511,FEM,NA
35869647,35873923,MAL,NA
35874011,35879833,OCH,NA
35879493,35882650,MAL,NA
35883444,35884991,OCH,NA
35883503,35894492,NA,NA
35886993,35888313,MAL,NA
35888098,35889166,OCH,NA
35890275,35892356,OCH,NA
35890493,35891548,CHI,N
35892410,35894022,FEM,NA
35898992,35900070,NA,NA
35901343,35905515,NA,NA
35901510,35902435,CHI,N
35901812,35902011,OCH,NA
35902992,35905074,CHI,N
35904310,35904421,OCH,NA
35906109,35906799,NA,NA
35906981,35907661,NA,NA
35907263,35907508,FEM,NA
35910273,35919861,NA,NA
35910513,35910904,FEM,NA
35910702,35910827,MAL,NA
35912361,35915493,FEM,NA
35915511,35918034,MAL,NA
35917984,35919511,CHI,N
35918147,35918488,MAL,NA
35918512,35919511,OCH,NA
35938011,35940492,NA,NA
35938726,35940469,FEM,NA
35941258,35942993,NA,NA
35941664,35942992,FEM,NA
35941713,35941865,CHI,N
35947083,35947193,NA,NA
35947383,35951011,NA,NA
35947493,35950993,CHI,N
35960993,35962081,NA,NA
35961049,35961171,OCH,NA
35961450,35961990,OCH,NA
35963798,35965511,MAL,NA
35964032,35964197,NA,NA
35965097,35965262,NA,NA
35966012,35966392,NA,NA
35966492,35966676,OCH,NA
35970504,35974093,NA,NA
35970829,35970989,MAL,NA
35970991,35973510,OCH,NA
35972986,35973511,FEM,NA
35975490,35987491,NA,NA
35975991,35976511,CHI,N
35977198,35981749,CHI,C
35981945,35984318,CHI,N
35984598,35986012,CHI,C
35984690,35985453,OCH,NA
35989623,35991010,NA,NA
35994993,35995511,NA,NA
35995079,35995260,MAL,NA
35998828,36001164,NA,NA
35998918,36000606,CHI,N
35999181,35999512,FEM,NA
35999993,36000422,OCH,NA
36008002,36022342,NA,NA
36008049,36011993,NA,J
36011748,36019024,MAL,NA
36016468,36016827,FEM,NA
36019277,36020365,CHI,N
36020992,36022030,MAL,NA
36021512,36022017,FEM,NA
36024505,36026721,NA,NA
36024971,36025511,FEM,NA
36026034,36026512,OCH,NA
36028992,36039195,NA,NA
36029011,36029625,FEM,NA
36030010,36033668,FEM,NA
36030778,36032511,MAL,NA
36032799,36032907,MAL,NA
36034397,36036236,FEM,NA
36036360,36038302,FEM,NA
36038491,36039043,FEM,NA
36039981,36049048,NA,NA
36040493,36041921,FEM,NA
36042398,36044992,MAL,NA
36044992,36045097,OCH,NA
36045493,36049011,OCH,NA
36047135,36047835,CHI,N
36049447,36049869,OCH,NA
36049499,36049815,NA,NA
36049983,36053407,OCH,NA
36050000,36053495,NA,NA
36051510,36052966,CHI,N
36055511,36059011,MAL,NA
36056100,36063721,NA,NA
36059992,36063510,OCH,NA
36065993,36067291,MAL,NA
36066273,36074992,NA,NA
36068011,36068775,FEM,NA
36070653,36073048,OCH,NA
36071198,36071875,CHI,N
36072923,36075137,MAL,NA
36075286,36077993,NA,NA
36078510,36078711,NA,NA
36078929,36099257,NA,NA
36079012,36079719,OCH,NA
36080011,36080492,FEM,NA
36080137,36080512,OCH,NA
36080745,36081889,OCH,NA
36082112,36082983,OCH,NA
36083011,36085286,FEM,NA
36086367,36087612,FEM,NA
36087292,36091636,MAL,NA
36091992,36093492,CHI,C
36093011,36094650,OCH,NA
36096040,36098225,CHI,C
36096226,36097055,OCH,NA
36097655,36097913,FEM,NA
36102485,36115482,NA,NA
36102491,36103539,OCH,NA
36103484,36103958,FEM,NA
36103816,36104086,MAL,NA
36104079,36104376,FEM,NA
36104493,36105863,OCH,NA
36105011,36105610,CHI,N
36105723,36105991,FEM,NA
36106405,36107411,MAL,NA
36107120,36108168,CHI,C
36107173,36107570,OCH,NA
36107584,36107694,MAL,NA
36108831,36109329,OCH,NA
36108833,36110085,FEM,NA
36110011,36115512,MAL,NA
36116000,36134492,NA,NA
36116493,36125538,CHI,C
36116511,36117895,OCH,NA
36125318,36128246,MAL,NA
36127958,36131946,CHI,N
36129029,36129463,MAL,NA
36132342,36132693,CHI,N
36132980,36134450,CHI,N
36146240,36148012,NA,NA
36146512,36146956,FEM,NA
36147021,36147834,MAL,NA
36148742,36159491,NA,NA
36150715,36152041,MAL,NA
36151456,36152101,FEM,NA
36152079,36154482,CHI,C
36155491,36155992,CHI,N
36155658,36156419,MAL,NA
36156491,36159228,FEM,NA
36157253,36158983,MAL,NA
36159769,36161698,NA,NA
36160653,36161461,CHI,N
36160803,36161387,OCH,NA
36164283,36169992,NA,NA
36164384,36165655,CHI,N
36165236,36170042,MAL,NA
36170992,36172632,NA,NA
36171247,36172511,CHI,N
36178012,36180709,MAL,NA
36178491,36180511,NA,NA
36182943,36184511,MAL,NA
36182992,36185493,NA,NA
36184833,36184988,MAL,NA
36188324,36190695,NA,NA
36188330,36189223,FEM,NA
36189492,36190511,CHI,N
36192012,36195011,MAL,NA
36192511,36202869,NA,NA
36194248,36199435,FEM,NA
36195120,36195334,MAL,NA
36198510,36199065,CHI,N
36199555,36201011,FEM,NA
36201163,36201492,FEM,NA
36201568,36203993,OCH,NA
36203023,36207993,NA,NA
36204492,36207761,FEM,NA
36209012,36227348,NA,NA
36209182,36211492,FEM,NA
36211129,36212317,CHI,N
36212079,36212457,MAL,NA
36213011,36219511,FEM,NA
36213085,36213203,MAL,NA
36214646,36216291,MAL,NA
36216411,36217351,CHI,N
36219493,36221992,CHI,C
36222010,36222160,OCH,NA
36222491,36223991,OCH,NA
36223519,36226992,MAL,NA
36227839,36229493,NA,NA
36228011,36228180,FEM,NA
36228492,36229486,FEM,NA
36238166,36239902,NA,NA
36238482,36239478,MAL,NA
36238841,36239008,FEM,NA
36240011,36240362,NA,NA
36240662,36243492,NA,NA
36240664,36242949,OCH,NA
36241511,36243283,FEM,NA
36247159,36252431,NA,NA
36247492,36249492,CHI,N
36249712,36251914,CHI,N
36251511,36251769,OCH,NA
36253992,36255992,NA,NA
36254010,36255011,FEM,NA
36254512,36256653,OCH,NA
36257115,36257473,OCH,NA
36258479,36258855,NA,NA
36260666,36262514,NA,NA
36260826,36262387,CHI,C
36264365,36270172,NA,NA
36264367,36265493,OCH,NA
36265551,36267011,FEM,NA
36265595,36265897,CHI,N
36266567,36266692,CHI,N
36267409,36268492,CHI,N
36268493,36268724,OCH,NA
36268850,36270099,OCH,NA
36271623,36277862,NA,NA
36271776,36273070,OCH,NA
36271881,36272492,FEM,NA
36272510,36274491,CHI,N
36273359,36273999,OCH,NA
36275239,36277190,CHI,N
36276641,36277011,FEM,NA
36278493,36282860,NA,NA
36278521,36279316,CHI,N
36280124,36282432,CHI,N
36281439,36282212,FEM,NA
36283511,36298715,NA,NA
36283984,36287118,CHI,N
36285992,36286991,OCH,NA
36288223,36288670,OCH,NA
36288287,36289991,FEM,NA
36289991,36292151,CHI,N
36292874,36298512,CHI,N
36300180,36302171,NA,NA
36300300,36301807,CHI,N
36302511,36308755,NA,NA
36302663,36304745,CHI,C
36305322,36307080,CHI,N
36307992,36308492,CHI,N
36318512,36334992,NA,NA
36318950,36320511,FEM,NA
36319004,36319655,OCH,NA
36319060,36319511,CHI,N
36320493,36321495,OCH,NA
36320498,36323011,CHI,N
36324074,36325888,OCH,NA
36324511,36324724,CHI,N
36327304,36328524,FEM,NA
36329018,36329167,OCH,NA
36329649,36330992,OCH,NA
36329754,36332628,CHI,N
36333034,36334408,CHI,N
36333492,36334516,OCH,NA
36337253,36340513,CHI,N
36337268,36341510,NA,NA
36340491,36340788,OCH,NA
36346973,36348510,NA,NA
36346992,36348308,CHI,N
36347633,36348011,FEM,NA
36361401,36366134,NA,NA
36361492,36366072,CHI,N
36368011,36374221,NA,NA
36368332,36370085,CHI,N
36369084,36370056,OCH,NA
36370291,36374037,OCH,NA
36370748,36370922,CHI,N
36371162,36371602,CHI,N
36372011,36372485,CHI,N
36374847,36376992,NA,NA
36374992,36376511,OCH,NA
36375510,36376561,FEM,NA
36382993,36384400,NA,NA
36383492,36384283,FEM,NA
36385598,36387993,NA,NA
36385985,36387786,CHI,N
36391327,36391659,OCH,NA
36393725,36397510,NA,NA
36394172,36395510,CHI,Y
36394210,36397511,OCH,NA
36400492,36403960,NA,NA
36400511,36402011,FEM,NA
36402392,36403492,CHI,N
36402512,36403243,OCH,NA
36404311,36409649,NA,NA
36404492,36405553,CHI,N
36404993,36406169,FEM,NA
36407011,36408992,CHI,N
36408953,36409179,MAL,NA
36410649,36412011,NA,NA
36411193,36411512,FEM,NA
36411257,36411390,OCH,NA
36413751,36413923,NA,NA
36421858,36426512,NA,NA
36421993,36422460,OCH,NA
36423164,36423731,OCH,NA
36424492,36426389,CHI,C
36428314,36437118,NA,NA
36428358,36429052,OCH,NA
36429588,36432992,OCH,NA
36429937,36431463,CHI,N
36432006,36432511,CHI,N
36433252,36433493,OCH,NA
36433746,36433981,OCH,NA
36434939,36436011,OCH,NA
36434991,36435948,CHI,N
36436406,36436511,OCH,NA
36436461,36437011,CHI,N
36436643,36436776,OCH,NA
36439225,36440264,NA,NA
36439340,36440169,CHI,N
36441011,36442992,NA,NA
36441313,36442877,CHI,N
36444927,36447011,NA,NA
36445116,36446510,FEM,NA
36449011,36449168,NA,NA
36449988,36453491,NA,NA
36450010,36450990,FEM,NA
36451441,36453063,FEM,NA
36451492,36452945,OCH,NA
36458616,36459848,NA,NA
36458993,36459663,CHI,N
36467312,36468952,NA,NA
36467337,36468776,CHI,N
36469894,36470750,NA,NA
36470206,36470393,OCH,NA
36472012,36472122,NA,NA
36472268,36475498,NA,NA
36472493,36475492,CHI,N
36484541,36485010,NA,NA
36486430,36488143,OCH,NA
36486556,36488991,NA,NA
36487348,36488698,FEM,NA
36489511,36495492,NA,NA
36489594,36491167,CHI,N
36491595,36493991,OCH,NA
36493323,36495225,CHI,N
36501416,36502825,NA,NA
36501766,36502206,MAL,NA
36504044,36504211,NA,NA
36504822,36505394,NA,NA
36505056,36505201,MAL,NA
36506472,36524491,NA,NA
36506607,36509511,MAL,NA
36508011,36510456,FEM,NA
36510011,36510251,MAL,NA
36511088,36517185,MAL,NA
36512230,36512535,FEM,NA
36512986,36513271,FEM,NA
36513671,36514493,FEM,NA
36516511,36517171,FEM,NA
36517993,36518511,FEM,NA
36518992,36521241,MAL,NA
36520578,36522114,FEM,NA
36522333,36524900,MAL,NA
36527492,36529011,OCH,NA
36527510,36529491,NA,NA
36528605,36529094,FEM,NA
36530992,36534323,NA,NA
36531076,36532510,FEM,NA
36532623,36534010,MAL,NA
36534461,36542011,NA,NA
36534491,36535736,OCH,NA
36536012,36536191,OCH,NA
36536493,36538012,OCH,NA
36536667,36537492,CHI,N
36538783,36542011,OCH,NA
36539191,36539388,FEM,NA
36542996,36544257,NA,NA
36543012,36544347,OCH,NA
36544925,36551022,NA,NA
36546010,36547048,MAL,NA
36547511,36547806,OCH,NA
36547991,36549495,OCH,NA
36550011,36551482,MAL,NA
36551491,36555323,NA,NA
36553754,36554264,CHI,N
36553783,36554061,OCH,NA
36554625,36555011,FEM,NA
36560992,36562011,NA,NA
36563862,36568229,OCH,NA
36563992,36568228,NA,NA
36568356,36568493,NA,NA
36568690,36569991,NA,NA
36568707,36568992,OCH,NA
36569156,36569492,OCH,NA
36571011,36575157,NA,NA
36572810,36574511,FEM,NA
36574470,36575157,MAL,NA
36577511,36581050,OCH,NA
36577616,36582493,NA,NA
36579992,36581838,FEM,NA
36583046,36583176,NA,NA
36595992,36602055,NA,NA
36596011,36600512,FEM,NA
36602277,36603855,NA,NA
36606556,36607992,OCH,NA
36606671,36607992,NA,NA
36614179,36616206,NA,NA
36614202,36614524,CHI,N
36615113,36615947,CHI,N
36615287,36616129,OCH,NA
36616381,36627517,NA,NA
36616435,36616992,OCH,NA
36617272,36628511,MAL,NA
36620708,36622011,CHI,N
36624685,36624947,OCH,NA
36631992,36633804,MAL,NA
36636288,36637123,MAL,NA
36636521,36636992,NA,NA
36637512,36640091,MAL,NA
36637512,36644240,NA,NA
36640492,36641177,CHI,N
36640964,36642635,MAL,NA
36643484,36644010,OCH,NA
36643492,36643975,CHI,N
36646013,36649096,MAL,NA
36646511,36650380,NA,NA
36649214,36649332,MAL,NA
36649493,36649690,OCH,NA
36649493,36649922,CHI,N
36650681,36652126,NA,NA
36650760,36652010,OCH,NA
36652510,36657471,NA,NA
36652586,36654380,CHI,N
36654317,36658170,MAL,NA
36658992,36660011,NA,NA
36659010,36659930,MAL,NA
36659512,36659721,FEM,NA
36660158,36660268,MAL,NA
36672299,36681050,NA,NA
36672337,36673012,CHI,N
36672591,36672729,OCH,NA
36673511,36673992,CHI,N
36674289,36676010,CHI,N
36675757,36681363,MAL,NA
36676010,36676540,FEM,NA
36676788,36677370,FEM,NA
36682511,36682793,NA,NA
36682991,36689010,NA,NA
36683393,36685256,CHI,N
36684294,36687806,OCH,NA
36685629,36685751,CHI,N
36686007,36688012,CHI,N
36689728,36690098,NA,NA
36689802,36689994,CHI,N
36690246,36690492,NA,NA
36690992,36691512,NA,NA
36695015,36695952,NA,NA
36695096,36695677,CHI,N
36696324,36701491,NA,NA
36696562,36698649,MAL,NA
36699492,36701011,FEM,NA
36709332,36710626,NA,NA
36709396,36712511,OCH,NA
36711536,36712913,NA,NA
36731931,36732815,NA,NA
36731934,36732089,OCH,NA
36733011,36733510,NA,NA
36734492,36739958,NA,NA
36734595,36734770,FEM,NA
36736511,36739606,OCH,NA
36738748,36739485,CHI,N
36740206,36741971,NA,NA
36740744,36741832,OCH,NA
36742660,36743141,NA,NA
36742815,36743011,OCH,NA
36744511,36748492,OCH,NA
36745638,36745792,NA,NA
36746700,36752512,NA,NA
36747773,36749992,FEM,NA
36749992,36751890,OCH,NA
36752020,36753011,OCH,NA
36753218,36753328,OCH,NA
36756161,36758834,NA,NA
36756197,36756999,OCH,NA
36757425,36758377,CHI,N
36759538,36760218,NA,NA
36760939,36764012,NA,NA
36760989,36764244,OCH,NA
36764348,36764569,OCH,NA
36770088,36772856,OCH,NA
36770223,36772636,NA,NA
36776012,36776680,NA,NA
36776975,36778608,NA,NA
36776992,36778094,FEM,NA
36778011,36781946,OCH,NA
36778739,36781992,NA,NA
36780011,36781646,CHI,N
36785254,36786268,OCH,NA
36785271,36786145,NA,NA
36786982,36789120,OCH,NA
36787076,36788176,NA,NA
36788437,36788835,NA,NA
36791827,36793493,NA,NA
36791992,36793163,FEM,NA
36794066,36803011,NA,NA
36794098,36794344,OCH,NA
36794736,36794858,FEM,NA
36795011,36796560,FEM,NA
36795992,36804148,OCH,NA
36803180,36804091,NA,NA
36804323,36804492,OCH,NA
36804552,36805291,NA,NA
36805511,36811493,NA,NA
36805561,36810062,OCH,NA
36809993,36811021,FEM,NA
36813120,36813459,NA,NA
36815504,36817723,OCH,NA
36815627,36818158,NA,NA
36819139,36820011,NA,NA
36819215,36820992,OCH,NA
36824259,36824542,OCH,NA
36824694,36824810,OCH,NA
36826115,36829510,OCH,NA
36827008,36829544,NA,NA
36830477,36831511,NA,NA
36831824,36831993,NA,NA
36836871,36838511,OCH,NA
36836993,36838493,NA,NA
36850513,36850680,OCH,NA
36850921,36851432,OCH,NA
36860630,36861025,NA,NA
36860832,36860992,FEM,NA
36861276,36862012,NA,NA
36877317,36881559,NA,NA
36877992,36880992,CHI,N
36879492,36879637,OCH,NA
36880010,36881200,OCH,NA
36881777,36882803,NA,NA
36883492,36883787,OCH,NA
36883510,36883746,NA,NA
36883991,36887010,OCH,NA
36883996,36888304,NA,NA
36885972,36886288,FEM,NA
36886477,36886598,FEM,NA
36887525,36888082,CHI,N
36887641,36888011,OCH,NA
36890011,36896707,NA,NA
36890157,36890992,FEM,NA
36891175,36892511,OCH,NA
36891285,36891493,CHI,N
36891610,36896266,CHI,N
36904012,36905011,FEM,NA
36904012,36905011,NA,NA
36907481,36913225,NA,NA
36907491,36908687,CHI,C
36908539,36909444,MAL,NA
36908627,36909945,FEM,NA
36909511,36912584,OCH,NA
36910725,36911493,FEM,NA
36913698,36915463,MAL,NA
36913946,36916347,NA,NA
36915618,36916011,FEM,NA
36917512,36918413,NA,NA
36918651,36918754,NA,NA
36918879,36937992,NA,NA
36919074,36919354,FEM,NA
36919150,36919374,MAL,NA
36919599,36919741,FEM,NA
36920510,36928011,MAL,NA
36928168,36928425,MAL,NA
36929427,36932989,MAL,NA
36932510,36936761,FEM,NA
36937099,36938010,MAL,NA
36941928,36950492,NA,NA
36941992,36943393,OCH,NA
36942218,36943298,CHI,N
36943511,36950436,FEM,NA
36945317,36945481,OCH,NA
36947924,36948493,OCH,NA
36951992,36953511,FEM,NA
36951992,36981974,NA,NA
36952511,36952665,MAL,NA
36952862,36955861,MAL,NA
36955992,36956996,FEM,NA
36957369,36957491,OCH,NA
36958397,36960618,FEM,NA
36960280,36960779,OCH,NA
36961242,36965191,FEM,NA
36965413,36965965,OCH,NA
36965492,36965992,CHI,N
36965492,36967234,FEM,NA
36966905,36969151,MAL,NA
36969492,36970511,FEM,NA
36969710,36972046,OCH,NA
36970629,36970909,FEM,NA
36971875,36976249,MAL,NA
36977565,36977707,FEM,NA
36977848,36978511,FEM,NA
36978012,36980970,MAL,NA
36981510,36981745,FEM,NA
36988203,36989950,MAL,NA
36988356,36990879,NA,NA
36989511,36989771,FEM,NA
36992189,36993696,NA,NA
36992209,36993741,CHI,N
36995874,36999593,FEM,NA
36995900,37000490,NA,NA
36999379,37000370,MAL,NA
37001073,37001222,NA,NA
37001492,37003674,NA,NA
37001880,37003655,FEM,NA
37004931,37010010,NA,NA
37004992,37005983,MAL,NA
37005491,37006426,FEM,NA
37006511,37007993,OCH,NA
37006991,37008154,FEM,NA
37008711,37009897,CHI,N
37008811,37009493,OCH,NA
37015466,37019011,FEM,NA
37015469,37019470,NA,NA
37018492,37019172,MAL,NA
37020382,37027993,NA,NA
37020795,37023492,FEM,NA
37021992,37028109,MAL,NA
37029320,37030992,NA,NA
37029567,37029889,CHI,N
37029626,37030510,FEM,NA
37033492,37041011,MAL,NA
37033867,37045492,NA,NA
37040492,37040988,FEM,NA
37041366,37043011,FEM,NA
37042059,37042940,OCH,NA
37042993,37046012,MAL,NA
37047618,37051540,NA,NA
37047621,37049492,FEM,NA
37048632,37052010,MAL,NA
37055510,37060351,FEM,NA
37055510,37060434,NA,NA
37061511,37063992,NA,NA
37061518,37063732,FEM,NA
37063626,37063936,MAL,NA
37064076,37065951,MAL,NA
37064513,37065426,NA,NA
37067649,37070290,NA,NA
37067699,37068868,FEM,NA
37067995,37068511,OCH,NA
37068621,37070636,MAL,NA
37073255,37075042,MAL,NA
37073590,37074817,NA,NA
37075610,37078011,NA,NA
37075727,37077955,FEM,NA
37078752,37084510,MAL,NA
37079492,37084050,NA,NA
37085644,37086511,NA,NA
37085664,37086491,FEM,NA
37088493,37089511,MAL,NA
37088574,37089905,NA,NA
37089490,37089878,FEM,NA
37090492,37096305,NA,NA
37090553,37092725,FEM,NA
37090978,37092401,OCH,NA
37091714,37092593,CHI,N
37092978,37094492,FEM,NA
37093992,37094883,MAL,NA
37094922,37096189,CHI,N
37097551,37098152,NA,NA
37097578,37097991,FEM,NA
37098992,37101017,MAL,NA
37099173,37101011,NA,NA
37108110,37110823,NA,NA
37108208,37110679,FEM,NA
37111429,37112695,MAL,NA
37111638,37112077,NA,NA
37114041,37115590,NA,NA
37114043,37115575,FEM,NA
37116392,37117894,FEM,NA
37116394,37120155,NA,NA
37118015,37120070,FEM,NA
37118491,37118805,OCH,NA
37119011,37119205,OCH,NA
37119511,37120024,OCH,NA
37121011,37121294,NA,NA
37122302,37123228,MAL,NA
37122329,37127992,NA,NA
37123475,37123910,MAL,NA
37124495,37126491,OCH,NA
37124992,37125895,CHI,N
37125633,37127126,FEM,NA
37127511,37130493,MAL,NA
37128903,37135511,NA,NA
37130489,37132511,FEM,NA
37132511,37136016,MAL,NA
37136581,37153417,NA,NA
37136688,37138246,FEM,NA
37138011,37138858,MAL,NA
37138510,37141645,FEM,NA
37141379,37146313,MAL,NA
37145512,37147853,FEM,NA
37146722,37149051,MAL,NA
37148846,37153259,FEM,NA
37155718,37156992,NA,NA
37155829,37156516,FEM,NA
37156242,37156731,OCH,NA
37157333,37159228,MAL,NA
37157992,37159685,NA,NA
37160120,37162197,NA,NA
37160169,37162010,FEM,NA
37160888,37162010,MAL,NA
37164400,37165944,MAL,NA
37164493,37165818,NA,NA
37166394,37170447,NA,NA
37166438,37169992,FEM,NA
37169528,37170203,MAL,NA
37170510,37173407,MAL,NA
37171562,37171704,NA,NA
37172010,37172290,NA,NA
37172491,37191389,NA,NA
37172993,37174662,FEM,NA
37174756,37177664,MAL,NA
37177491,37178483,FEM,NA
37178792,37179595,OCH,NA
37180203,37181536,FEM,NA
37181535,37187001,MAL,NA
37186992,37189706,FEM,NA
37187230,37187350,MAL,NA
37188612,37190440,OCH,NA
37190659,37190991,FEM,NA
37192652,37192785,NA,NA
37195502,37199491,NA,NA
37195856,37199469,FEM,NA
37196000,37197507,OCH,NA
37200894,37207992,MAL,NA
37201177,37203334,NA,NA
37203511,37207033,NA,NA
37208739,37212735,MAL,NA
37209011,37216493,NA,NA
37213427,37216011,FEM,NA
37217492,37219557,MAL,NA
37218012,37220511,NA,NA
37222991,37225318,NA,NA
37223704,37224492,CHI,N
37223754,37224993,FEM,NA
37226815,37230639,NA,NA
37227011,37228992,FEM,NA
37227055,37227490,MAL,NA
37228071,37229048,MAL,NA
37229510,37231489,OCH,NA
37233511,37235114,NA,NA
37233992,37235035,FEM,NA
37237511,37248886,MAL,NA
37238010,37259355,NA,NA
37248491,37248599,FEM,NA
37249011,37252511,FEM,NA
37252168,37254061,MAL,NA
37254511,37258740,FEM,NA
37260493,37262213,OCH,NA
37260493,37285011,NA,NA
37261510,37261635,CHI,N
37262492,37268761,FEM,NA
37264998,37265400,OCH,NA
37268735,37269640,MAL,NA
37269784,37275405,FEM,NA
37275491,37282511,MAL,NA
37277663,37278017,NA,J
37282511,37284992,FEM,NA
37286015,37295576,NA,NA
37286492,37287737,FEM,NA
37287170,37287511,MAL,NA
37288492,37290981,MAL,NA
37290512,37292976,FEM,NA
37292898,37294704,MAL,NA
37295492,37298396,MAL,NA
37295713,37295848,NA,NA
37296161,37300066,NA,NA
37298669,37299310,MAL,NA
37300510,37309128,MAL,NA
37301011,37352264,NA,NA
37309012,37316432,FEM,NA
37316600,37317010,OCH,NA
37317302,37319423,FEM,NA
37319454,37320051,CHI,N
37319493,37322993,OCH,NA
37322492,37325492,FEM,NA
37324511,37331330,MAL,NA
37331012,37332588,OCH,NA
37331327,37333335,FEM,NA
37332709,37334511,OCH,NA
37333578,37337545,FEM,NA
37337012,37338902,OCH,NA
37338455,37342991,FEM,NA
37342865,37344153,MAL,NA
37343992,37351010,FEM,NA
37351010,37352265,OCH,NA
37351235,37351432,FEM,NA
37355033,37381992,NA,NA
37355114,37355840,CHI,N
37356539,37361375,FEM,NA
37361162,37362460,OCH,NA
37361289,37362258,CHI,N
37362835,37375034,FEM,NA
37363056,37363512,OCH,NA
37375493,37376320,CHI,N
37375879,37376208,OCH,NA
37376944,37381807,FEM,NA
37382511,37392001,NA,NA
37382514,37385050,FEM,NA
37385162,37387492,OCH,NA
37385258,37385388,CHI,N
37387337,37390970,MAL,NA
37390267,37391652,FEM,NA
37393513,37396491,MAL,NA
37393993,37424012,NA,NA
37396821,37397992,MAL,NA
37397957,37398796,FEM,NA
37398491,37400413,OCH,NA
37398829,37401510,CHI,N
37401261,37401401,OCH,NA
37401620,37402351,FEM,NA
37402493,37403487,FEM,NA
37403463,37404367,OCH,NA
37403689,37404357,FEM,NA
37404329,37405664,MAL,NA
37405493,37407515,FEM,NA
37408134,37409705,FEM,NA
37408422,37409981,OCH,NA
37410947,37412992,FEM,NA
37412807,37413106,MAL,NA
37413399,37414992,MAL,NA
37414992,37415453,OCH,NA
37415895,37416928,MAL,NA
37416374,37419012,FEM,NA
37419938,37420856,OCH,NA
37420631,37422963,FEM,NA
37423249,37423541,MAL,NA
37424241,37424359,NA,NA
37424278,37424411,MAL,NA
37424989,37433992,NA,NA
37425011,37425993,OCH,NA
37426521,37426992,OCH,NA
37426789,37429443,FEM,NA
37430497,37433011,FEM,NA
37433519,37437012,MAL,NA
37434499,37465314,NA,NA
37437498,37439493,FEM,NA
37439847,37440817,MAL,NA
37441492,37443650,OCH,NA
37441511,37447711,FEM,NA
37443980,37444992,OCH,NA
37446099,37446220,MAL,NA
37446432,37447686,MAL,NA
37448166,37448510,CHI,N
37448497,37450173,MAL,NA
37448585,37448992,FEM,NA
37450677,37452405,MAL,NA
37450760,37451008,FEM,NA
37452070,37457186,FEM,NA
37457027,37460515,OCH,NA
37460008,37465209,FEM,NA
37465630,37486010,NA,NA
37467510,37470011,OCH,NA
37467833,37468992,CHI,N
37469512,37473602,FEM,NA
37473492,37476511,MAL,NA
37475511,37475638,FEM,NA
37475885,37479025,FEM,NA
37478992,37485992,CHI,Y
37479311,37480011,OCH,NA
37487510,37493928,NA,NA
37487848,37489492,CHI,C
37489011,37491051,OCH,NA
37490357,37492407,FEM,NA
37492511,37494055,MAL,NA
37495011,37498197,MAL,NA
37495988,37497971,NA,NA
37502411,37512175,NA,NA
37502492,37504699,MAL,NA
37502533,37503164,FEM,NA
37504936,37506968,CHI,N
37505548,37507023,OCH,NA
37506993,37508024,FEM,NA
37508076,37509308,CHI,C
37508992,37512350,MAL,NA
37509011,37509173,OCH,NA
37512364,37519757,NA,NA
37512511,37512838,OCH,NA
37512992,37514585,MAL,NA
37514512,37516252,CHI,Y
37516510,37522990,MAL,NA
37520791,37531247,NA,NA
37521201,37521468,CHI,N
37521691,37522423,CHI,N
37523091,37525293,FEM,NA
37525957,37527680,CHI,N
37525992,37527197,OCH,NA
37528075,37530940,FEM,NA
37528974,37529239,MAL,NA
37531510,37531868,NA,NA
37531991,37533901,NA,NA
37532492,37533491,FEM,NA
37532992,37533134,OCH,NA
37533275,37533699,OCH,NA
37534312,37569493,NA,NA
37534821,37534934,OCH,NA
37536011,37537027,FEM,NA
37538088,37539011,OCH,NA
37538238,37538992,CHI,N
37538935,37540990,MAL,NA
37540992,37542853,FEM,NA
37542671,37544303,OCH,NA
37543011,37544186,CHI,N
37544848,37547847,CHI,C
37546424,37546586,FEM,NA
37546867,37547868,FEM,NA
37548426,37549747,FEM,NA
37549511,37551170,CHI,C
37551492,37553492,MAL,NA
37553438,37554493,CHI,C
37554032,37556465,FEM,NA
37555949,37556367,MAL,NA
37556492,37558510,CHI,C
37556890,37557010,OCH,NA
37557992,37559868,MAL,NA
37559492,37562492,FEM,NA
37562117,37562222,OCH,NA
37562743,37562854,OCH,NA
37563510,37568041,FEM,NA
37567478,37569012,MAL,NA
37569992,37583991,NA,NA
37570007,37571539,CHI,N
37570723,37573511,FEM,NA
37573011,37575510,OCH,NA
37573691,37573809,FEM,NA
37575750,37578796,MAL,NA
37578988,37579493,OCH,NA
37579484,37582093,MAL,NA
37582010,37583348,FEM,NA
37582162,37582604,OCH,NA
37587993,37589235,MAL,NA
37588992,37593511,NA,NA
37589577,37589722,MAL,NA
37590050,37591101,OCH,NA
37590492,37591422,CHI,N
37591401,37592398,MAL,NA
37592092,37592197,FEM,NA
37595011,37595171,NA,NA
37595300,37599696,NA,NA
37595411,37596580,CHI,N
37596002,37596512,OCH,NA
37596511,37600490,MAL,NA
37600247,37604270,NA,NA
37600991,37602510,CHI,N
37604491,37605173,MAL,NA
37604598,37605011,NA,NA
37610511,37610656,NA,NA
37612011,37616491,MAL,NA
37613027,37614652,NA,NA
37620356,37633095,MAL,NA
37620492,37633693,NA,NA
37623035,37623413,FEM,NA
37634149,37640543,NA,NA
37634478,37636511,FEM,NA
37636010,37638411,MAL,NA
37638793,37640011,FEM,NA
37639512,37639875,OCH,NA
37640816,37644856,MAL,NA
37640957,37644680,NA,NA
37644807,37645313,NA,NA
37644907,37645136,OCH,NA
37647364,37651044,NA,NA
37647492,37654492,MAL,NA
37651385,37680992,NA,NA
37653010,37655457,FEM,NA
37654873,37659795,MAL,NA
37659897,37661492,CHI,N
37661566,37664291,MAL,NA
37664511,37666011,CHI,N
37665100,37665215,OCH,NA
37666613,37666991,CHI,N
37667141,37667492,FEM,NA
37667334,37668046,MAL,NA
37667552,37667655,CHI,N
37669134,37669492,OCH,NA
37669274,37672011,FEM,NA
37671159,37671626,MAL,NA
37672028,37672234,MAL,NA
37672260,37672493,FEM,NA
37672646,37672761,MAL,NA
37673012,37675155,MAL,NA
37674992,37676350,OCH,NA
37675650,37676470,CHI,N
37675884,37680511,FEM,NA
37681337,37688462,NA,NA
37681492,37684489,MAL,NA
37684371,37688011,FEM,NA
37689511,37705230,NA,NA
37690010,37690461,FEM,NA
37690372,37691594,MAL,NA
37691188,37698216,FEM,NA
37691924,37692072,MAL,NA
37695993,37697795,OCH,NA
37698137,37699587,CHI,N
37698343,37698529,OCH,NA
37699012,37699353,OCH,NA
37699487,37700992,FEM,NA
37699801,37702398,MAL,NA
37702511,37703475,OCH,NA
37702714,37702984,MAL,NA
37703181,37703284,MAL,NA
37703500,37705031,MAL,NA
37705365,37737422,NA,NA
37706013,37706518,OCH,NA
37706693,37706992,OCH,NA
37706837,37708992,FEM,NA
37707677,37707849,OCH,NA
37708991,37737510,MAL,NA
37709673,37709879,FEM,NA
37710011,37711511,FEM,NA
37737784,37737931,MAL,NA
37738302,37741112,MAL,NA
37738359,37750492,NA,NA
37741511,37742373,FEM,NA
37743022,37743493,FEM,NA
37745011,37746294,FEM,NA
37745492,37746440,OCH,NA
37746511,37749491,FEM,NA
37746918,37747551,OCH,NA
37748590,37759490,MAL,NA
37751132,37767491,NA,NA
37755695,37756458,OCH,NA
37759670,37760924,OCH,NA
37759993,37760493,CHI,N
37760428,37763310,MAL,NA
37763322,37765070,FEM,NA
37764460,37766011,OCH,NA
37765992,37767649,MAL,NA
37769775,37777887,NA,NA
37769993,37772210,FEM,NA
37772153,37774490,MAL,NA
37773933,37775212,FEM,NA
37774743,37778145,MAL,NA
37779490,37780629,FEM,NA
37779490,37788601,NA,NA
37780513,37781507,MAL,NA
37781989,37782563,OCH,NA
37782710,37783626,OCH,NA
37784301,37788214,FEM,NA
37789819,37790342,MAL,NA
37789843,37790115,NA,NA
37793598,37793704,NA,NA
37793825,37793992,NA,NA
37798993,37803917,NA,NA
37800511,37802992,MAL,NA
37802012,37802866,FEM,NA
37804173,37814511,NA,NA
37804188,37805194,OCH,NA
37805493,37807511,MAL,NA
37806991,37811994,FEM,NA
37810528,37811935,MAL,NA
37812231,37813510,OCH,NA
37813011,37814194,FEM,NA
37818512,37822493,MAL,NA
37819371,37822493,NA,NA
37822697,37823127,NA,NA
37828011,37829899,NA,NA
37828060,37828246,CHI,N
37828412,37830010,MAL,NA
37833011,37836511,NA,NA
37833492,37834511,CHI,N
37834039,37834247,MAL,NA
37834452,37837024,MAL,NA
37839977,37843391,NA,NA
37840159,37841335,MAL,NA
37840220,37840492,FEM,NA
37841813,37843104,CHI,C
37870028,37870511,OCH,NA
37870129,37870266,NA,NA
37873511,37893734,NA,NA
37873793,37882555,FEM,NA
37880450,37881422,OCH,NA
37881010,37881901,CHI,N
37882733,37885165,CHI,C
37883138,37883457,OCH,NA
37884939,37893511,FEM,NA
37887492,37887603,OCH,NA
37891672,37892747,OCH,NA
37896512,37903186,NA,NA
37897249,37902511,FEM,NA
37903803,37905477,NA,NA
37904456,37904626,CHI,N
37914509,37918512,NA,NA
37914991,37918493,FEM,NA
37920012,37921728,NA,NA
37933463,37934948,NA,NA
37933512,37934612,FEM,NA
37937992,37938356,NA,NA
37942666,37948371,MAL,NA
37943011,37947670,NA,NA
37952508,37953156,MAL,NA
37977257,37995327,NA,NA
37977336,37985399,CHI,N
37977474,37977992,OCH,NA
37981459,37983359,OCH,NA
37985131,37986035,FEM,NA
37986492,37987437,CHI,N
37986492,37987531,OCH,NA
37988381,37989532,FEM,NA
37988492,37991327,MAL,NA
37991202,37991511,OCH,NA
37991511,37993303,FEM,NA
37992633,37993222,MAL,NA
37993492,37994511,CHI,N
37993644,37995077,OCH,NA
37999317,38007992,NA,NA
37999356,38000630,CHI,N
38000251,38005381,MAL,NA
38000856,38000991,CHI,N
38005235,38006664,CHI,N
38005774,38006594,OCH,NA
38006643,38007993,MAL,NA
38010011,38014415,CHI,N
38010011,38014993,NA,NA
38012011,38012138,OCH,NA
38012681,38012792,OCH,NA
38015987,38016677,OCH,NA
38016992,38018492,OCH,NA
38017492,38018250,NA,NA
38018843,38021010,OCH,NA
38018860,38030499,NA,NA
38019146,38019993,CHI,N
38020678,38021351,CHI,N
38021327,38021502,MAL,NA
38022492,38025737,CHI,N
38022708,38022811,OCH,NA
38023482,38024447,OCH,NA
38025715,38026625,OCH,NA
38026144,38030493,FEM,NA
38033012,38044566,NA,NA
38033012,38034993,FEM,NA
38034954,38037303,CHI,C
38036297,38037887,OCH,NA
38038967,38039267,OCH,NA
38039434,38040011,FEM,NA
38040342,38041017,OCH,NA
38040999,38041882,FEM,NA
38041861,38046491,MAL,NA
38044991,38053872,NA,NA
38046491,38047092,FEM,NA
38047166,38047287,MAL,NA
38047195,38047511,FEM,NA
38047467,38050115,MAL,NA
38049512,38049925,NA,J
38051127,38052011,CHI,N
38051213,38051363,FEM,NA
38051817,38053511,MAL,NA
38052475,38052993,FEM,NA
38056247,38059830,NA,NA
38056395,38057752,CHI,N
38057511,38057617,MAL,NA
38060992,38064510,FEM,NA
38060992,38064713,NA,NA
38065489,38066510,NA,NA
38094037,38096511,NA,NA
38094283,38095999,OCH,NA
38094513,38096492,CHI,Y
38100491,38104511,NA,NA
38100726,38104298,CHI,N
38108293,38125561,NA,NA
38108294,38109511,CHI,N
38110097,38111952,CHI,C
38110195,38111047,OCH,NA
38111511,38111781,OCH,NA
38112495,38116992,CHI,C
38112609,38113510,OCH,NA
38114012,38114287,OCH,NA
38115557,38117027,OCH,NA
38117262,38117382,OCH,NA
38117685,38119381,OCH,NA
38117787,38119512,CHI,Y
38119607,38119722,OCH,NA
38119992,38121185,OCH,NA
38121492,38122229,CHI,N
38121553,38121703,OCH,NA
38121720,38121882,MAL,NA
38122993,38125408,CHI,N
38124105,38125273,OCH,NA
38127011,38137011,NA,NA
38127011,38128322,FEM,NA
38128855,38130132,CHI,N
38129371,38130070,OCH,NA
38130011,38136511,FEM,NA
38135492,38136609,CHI,N
38138992,38139502,NA,NA
38139790,38139893,NA,NA
38140028,38140453,NA,NA
38141511,38145510,NA,NA
38142011,38145011,FEM,NA
38147649,38147757,NA,NA
38154620,38159512,NA,NA
38156989,38159007,OCH,NA
38158869,38159011,CHI,N
38165511,38167492,NA,NA
38165992,38167011,FEM,NA
38176842,38179491,OCH,NA
38177150,38179511,NA,NA
38183493,38184511,NA,NA
38207039,38207182,NA,NA
38209047,38209519,NA,NA
38209647,38209900,NA,NA
38210010,38211095,OCH,NA
38210231,38210899,NA,NA
38211202,38211305,OCH,NA
38217992,38220511,NA,NA
38218190,38219493,FEM,NA
38219882,38220437,MAL,NA
38225491,38242499,NA,NA
38225834,38227246,CHI,N
38227187,38228439,MAL,NA
38227511,38228010,FEM,NA
38228883,38229511,CHI,C
38229319,38231493,FEM,NA
38229492,38229700,MAL,NA
38230081,38234182,MAL,NA
38233630,38234305,FEM,NA
38235154,38235660,FEM,NA
38235169,38237034,MAL,NA
38236786,38238281,CHI,N
38237140,38237250,MAL,NA
38237992,38240031,MAL,NA
38238492,38238649,FEM,NA
38238875,38240115,FEM,NA
38240186,38241352,CHI,N
38240920,38241303,OCH,NA
38245439,38249511,MAL,NA
38246492,38249092,NA,NA
38251511,38261992,NA,NA
38251567,38252507,CHI,N
38252512,38262485,MAL,NA
38254948,38256627,FEM,NA
38257552,38257992,FEM,NA
38258188,38258714,FEM,NA
38262380,38262483,NA,NA
38262819,38271464,NA,NA
38263501,38265523,MAL,NA
38265654,38265878,MAL,NA
38266327,38266720,OCH,NA
38266493,38266763,CHI,N
38266570,38267491,MAL,NA
38268577,38270742,MAL,NA
38270011,38271029,FEM,NA
38271749,38273860,NA,NA
38271992,38272282,CHI,N
38272139,38273989,MAL,NA
38278011,38280481,MAL,NA
38278940,38279591,NA,NA
38285858,38293183,NA,NA
38285894,38287602,CHI,N
38286911,38289906,MAL,NA
38289491,38289764,FEM,NA
38289876,38293076,CHI,C
38302580,38302764,NA,NA
38302991,38312611,NA,NA
38302997,38308012,MAL,NA
38308008,38308771,OCH,NA
38309088,38309510,MAL,NA
38309439,38312497,FEM,NA
38313604,38313726,OCH,NA
38314789,38316011,MAL,NA
38314991,38327853,NA,NA
38315926,38316993,FEM,NA
38316876,38317678,OCH,NA
38316993,38317950,CHI,C
38317096,38318532,FEM,NA
38319112,38322492,FEM,NA
38319232,38319514,OCH,NA
38321492,38322503,MAL,NA
38322705,38324382,OCH,NA
38323010,38324411,CHI,Y
38325241,38327511,OCH,NA
38325658,38327511,CHI,Y
38330511,38330626,NA,NA
38339511,38340993,CHI,N
38339511,38340993,NA,NA
38342511,38344215,NA,NA
38342602,38342705,FEM,NA
38342951,38343958,FEM,NA
38344502,38347848,NA,NA
38344511,38347805,FEM,NA
38349492,38350741,OCH,NA
38349511,38350755,NA,NA
38353345,38355495,OCH,NA
38353508,38354011,NA,NA
38354465,38354657,NA,NA
38356571,38356773,OCH,NA
38357739,38358470,OCH,NA
38362493,38364012,FEM,NA
38362511,38363993,NA,NA
38366512,38367992,NA,NA
38374661,38376011,FEM,NA
38374661,38377992,NA,NA
38375630,38378264,OCH,NA
38381509,38382572,NA,NA
38381673,38382512,OCH,NA
38384511,38385761,NA,NA
38393992,38394249,OCH,NA
38393992,38395011,NA,NA
38395429,38396011,NA,NA
38395666,38395838,FEM,NA
38398492,38400510,NA,NA
38398926,38399269,OCH,NA
38398992,38399650,CHI,N
38401763,38402382,OCH,NA
38402993,38403491,OCH,NA
38403492,38403674,NA,NA
38404088,38405934,NA,NA
38407157,38409837,NA,NA
38407957,38409520,FEM,NA
38412684,38417492,NA,NA
38412704,38414010,FEM,NA
38414512,38415599,FEM,NA
38416049,38416511,FEM,NA
38420511,38424011,NA,NA
38421010,38422483,FEM,NA
38421543,38422296,OCH,NA
38422590,38422730,FEM,NA
38422711,38423276,OCH,NA
38424942,38425075,OCH,NA
38429706,38433881,NA,NA
38429858,38430493,FEM,NA
38430492,38433632,OCH,NA
38435992,38437511,NA,NA
38437735,38437873,NA,NA
38446991,38448010,NA,NA
38453765,38455338,NA,NA
38454151,38454391,OCH,NA
38454659,38455341,OCH,NA
38456011,38456158,NA,NA
38456335,38457766,NA,NA
38456512,38456642,OCH,NA
38456868,38457511,OCH,NA
38457992,38461510,NA,NA
38458184,38460511,CHI,N
38458230,38462493,OCH,NA
38464642,38465072,NA,NA
38465437,38465963,NA,NA
38466546,38466737,NA,NA
38473010,38473140,NA,NA
38473701,38475616,NA,NA
38473745,38475427,OCH,NA
38475824,38476556,NA,NA
38475943,38476510,OCH,NA
38476991,38480010,OCH,NA
38477012,38480335,NA,NA
38481677,38481873,OCH,NA
38482012,38489493,NA,NA
38482548,38483250,OCH,NA
38483370,38487784,OCH,NA
38483618,38485192,CHI,N
38485687,38485969,CHI,N
38487012,38487655,CHI,N
38487933,38488662,OCH,NA
38487952,38488975,CHI,N
38489992,38490427,OCH,NA
38490010,38492511,NA,NA
38491975,38492512,OCH,NA
38508652,38509099,NA,NA
38513252,38515491,OCH,NA
38513489,38514512,NA,NA
38533511,38533818,NA,NA
38533992,38537402,NA,NA
38534302,38535119,OCH,NA
38534493,38535082,FEM,NA
38535337,38536992,FEM,NA
38544513,38544960,OCH,NA
38544539,38545010,NA,NA
38545602,38546606,OCH,NA
38546012,38546513,NA,NA
38547843,38548992,NA,NA
38547888,38548269,OCH,NA
38552517,38552713,NA,NA
38554785,38555183,OCH,NA
38555354,38556166,OCH,NA
38556662,38559011,OCH,NA
38557510,38558511,NA,NA
38560492,38561992,CHI,N
38560496,38564371,NA,NA
38562384,38564046,CHI,C
38562566,38562796,OCH,NA
38563088,38563414,OCH,NA
38564620,38566279,NA,NA
38564738,38566172,OCH,NA
38568493,38571414,NA,NA
38568693,38570504,OCH,NA
38570621,38571492,OCH,NA
38571947,38574676,OCH,NA
38571954,38574760,NA,NA
38575492,38577492,OCH,NA
38575992,38577492,NA,NA
38579748,38582067,NA,NA
38580010,38581892,CHI,N
38580138,38581051,OCH,NA
38581208,38581473,MAL,NA
38585992,38586821,OCH,NA
38586356,38586491,NA,NA
38594492,38596492,NA,NA
38595032,38595251,OCH,NA
38595704,38596011,OCH,NA
38597339,38601274,NA,NA
38598942,38602442,OCH,NA
38601510,38602492,NA,NA
38645502,38646290,NA,NA
38652098,38652591,NA,NA
38652846,38653501,NA,NA
38655993,38658511,FEM,NA
38655993,38659343,NA,NA
38658641,38658837,OCH,NA
38661492,38662798,NA,NA
38665385,38666511,OCH,NA
38665718,38666280,NA,NA
38684496,38685439,NA,NA
38686553,38688343,NA,NA
38686894,38687010,OCH,NA
38687255,38687441,FEM,NA
38688874,38691868,NA,NA
38688992,38690580,OCH,NA
38690801,38690992,OCH,NA
38692153,38692328,NA,NA
38692802,38693722,NA,NA
38692991,38693278,OCH,NA
38693408,38693511,OCH,NA
38698231,38699011,OCH,NA
38698271,38698992,NA,NA
38703992,38704517,NA,NA
38704643,38706617,NA,NA
38705067,38706699,OCH,NA
38708992,38710663,NA,NA
38708992,38711010,OCH,NA
38716010,38717269,NA,NA
38716491,38717991,OCH,NA
38719166,38720992,OCH,NA
38719510,38720183,NA,NA
38721213,38721407,OCH,NA
38721621,38721815,OCH,NA
38726907,38727511,OCH,NA
38727182,38727492,NA,NA
38729841,38730236,OCH,NA
38731233,38732029,OCH,NA
38731562,38732191,NA,NA
38735992,38736510,OCH,NA
38739261,38741514,OCH,NA
38739333,38741491,NA,NA
38741866,38743486,OCH,NA
38742270,38743328,NA,NA
38746637,38749686,OCH,NA
38747012,38747191,NA,NA
38747511,38749992,NA,NA
38748545,38749407,CHI,N
38752992,38756548,NA,NA
38754195,38754504,OCH,NA
38755618,38756436,CHI,N
38755695,38756011,OCH,NA
38756789,38756991,NA,NA
38758993,38761582,OCH,NA
38759155,38761386,NA,NA
38766776,38766953,NA,NA
38767133,38768851,NA,NA
38767250,38768011,OCH,NA
38768185,38768310,MAL,NA
38770993,38777004,OCH,NA
38770993,38780252,NA,NA
38772530,38772923,CHI,N
38777331,38778011,OCH,NA
38778640,38778760,MAL,NA
38778988,38780019,MAL,NA
38780395,38785363,NA,NA
38781998,38782283,MAL,NA
38782493,38785510,OCH,NA
38788806,38789226,OCH,NA
38792302,38793397,NA,NA
38794530,38795593,NA,NA
38794904,38795510,FEM,NA
38799960,38802513,NA,NA
38800040,38800511,OCH,NA
38800085,38800492,CHI,N
38805429,38807493,NA,NA
38805492,38807212,CHI,C
38808177,38809493,NA,NA
38808290,38809124,CHI,N
38808793,38808960,OCH,NA
38810011,38812011,OCH,NA
38810510,38812010,NA,NA
38811125,38811407,CHI,N
38817510,38819334,OCH,NA
38817839,38825542,NA,NA
38819571,38820011,FEM,NA
38820965,38822492,OCH,NA
38823011,38825694,OCH,NA
38825890,38826492,OCH,NA
38826224,38826359,NA,NA
38826712,38828941,NA,NA
38827326,38827491,OCH,NA
38829156,38832511,NA,NA
38829370,38831992,FEM,NA
38834454,38836493,NA,NA
38834625,38836512,OCH,NA
38837019,38840694,NA,NA
38838511,38839993,OCH,NA
38842450,38844129,OCH,NA
38842991,38843674,NA,NA
38844311,38844492,OCH,NA
38846198,38847133,OCH,NA
38847511,38851110,NA,NA
38848012,38849993,FEM,NA
38850011,38851125,OCH,NA
38852992,38855511,OCH,NA
38853493,38854992,NA,NA
38863992,38864593,NA,NA
38865084,38865312,OCH,NA
38865488,38866686,OCH,NA
38865589,38866510,NA,NA
38869063,38869698,NA,NA
38869095,38869670,OCH,NA
38869836,38869954,NA,NA
38871627,38872636,OCH,NA
38871912,38872629,NA,NA
38873301,38875493,OCH,NA
38873491,38875219,NA,NA
38876011,38879492,NA,NA
38876571,38877492,OCH,NA
38878491,38879011,FEM,NA
38882492,38885449,NA,NA
38883191,38884511,FEM,NA
38884992,38885264,OCH,NA
38887992,38889992,NA,NA
38888255,38889256,FEM,NA
38891959,38893490,MAL,NA
38892091,38894511,NA,NA
38893510,38894391,FEM,NA
38897925,38898993,NA,NA
38897992,38898252,FEM,NA
38899492,38900829,OCH,NA
38899712,38900228,NA,NA
38900488,38901011,NA,NA
38905935,38906465,NA,NA
38909992,38911511,NA,NA
38910038,38911474,CHI,C
38910309,38911229,OCH,NA
38911877,38912928,NA,NA
38912589,38912948,OCH,NA
38922512,38922993,NA,NA
38933855,38934117,OCH,NA
38934449,38935684,NA,NA
38936190,38936637,NA,NA
38937586,38937788,NA,NA
38939009,38939232,NA,NA
38944164,38946511,NA,NA
38956972,38958492,OCH,NA
38956997,38958042,NA,NA
38968655,38969733,NA,NA
38968742,38969353,OCH,NA
38969011,38969347,CHI,N
38970560,38974011,NA,NA
38970619,38972546,FEM,NA
38976992,38979420,OCH,NA
38977511,38979631,NA,NA
38982404,38983492,OCH,NA
38982421,38983914,NA,NA
38984154,38985992,NA,NA
38985283,38985401,FEM,NA
38986132,38990992,NA,NA
38986512,38987011,FEM,NA
38987411,38988493,FEM,NA
38988010,38989991,CHI,N
38989310,38990992,OCH,NA
38993495,38993989,OCH,NA
39005510,39005859,NA,NA
39006011,39008097,NA,NA
39006510,39007308,FEM,NA
39008731,39013669,NA,NA
39010167,39010348,MAL,NA
39012389,39013484,MAL,NA
39020233,39023757,OCH,NA
39020493,39020746,NA,NA
39021620,39022511,NA,NA
39027493,39027893,NA,NA
39030824,39032012,OCH,NA
39030935,39032180,NA,NA
39037530,39038492,NA,NA
39037808,39038041,OCH,NA
39045039,39045194,OCH,NA
39045491,39046316,OCH,NA
39048541,39049383,OCH,NA
39048566,39049012,NA,NA
39061562,39062512,OCH,NA
39062010,39062511,NA,NA
39063011,39065515,OCH,NA
39063563,39065507,NA,NA
39066103,39068492,OCH,NA
39066511,39067993,NA,NA
39070510,39070621,OCH,NA
39070968,39072512,OCH,NA
39071012,39071667,NA,NA
39072716,39072849,OCH,NA
39076493,39077143,OCH,NA
39077971,39082011,NA,NA
39078389,39078654,OCH,NA
39079511,39082491,OCH,NA
39087686,39087826,NA,NA
39087833,39087951,OCH,NA
39090011,39090230,NA,NA
39091511,39093816,OCH,NA
39091538,39092402,NA,NA
39093011,39093671,NA,NA
39100266,39103482,OCH,NA
39101493,39103327,NA,NA
39104510,39106493,OCH,NA
39104841,39106010,NA,NA
39128493,39130393,OCH,NA
39128967,39129630,NA,NA
39131011,39133230,OCH,NA
39131492,39133451,NA,NA
39139563,39140633,NA,NA
39139610,39140690,OCH,NA
39141161,39141964,OCH,NA
39141183,39141993,NA,NA
39142150,39142363,NA,NA
39142595,39142884,NA,NA
39143453,39147511,OCH,NA
39143491,39147129,NA,NA
39166327,39168492,NA,NA
39166511,39166717,FEM,NA
39166991,39168179,FEM,NA
39169492,39170832,OCH,NA
39169992,39170357,NA,NA
39170458,39170659,NA,NA
39171595,39174759,OCH,NA
39171813,39174606,NA,NA
39179960,39182010,NA,NA
39179992,39182328,OCH,NA
39182557,39189437,NA,NA
39184361,39185071,FEM,NA
39185562,39185800,FEM,NA
39185993,39187105,OCH,NA
39186006,39187992,CHI,N
39187361,39189042,OCH,NA
39188144,39188257,CHI,N
39195993,39197792,NA,NA
39196492,39196858,FEM,NA
39202253,39202833,NA,NA
39203673,39209493,NA,NA
39204397,39204512,FEM,NA
39205011,39206609,FEM,NA
39207188,39207539,OCH,NA
39207512,39207794,FEM,NA
39209714,39210370,OCH,NA
39210011,39210213,NA,NA
39210784,39213928,NA,NA
39210802,39214010,OCH,NA
39220011,39222492,NA,NA
39220131,39220337,OCH,NA
39220451,39222515,OCH,NA
39224491,39225991,FEM,NA
39224491,39226992,NA,NA
39227792,39229238,NA,NA
39227993,39229152,OCH,NA
39231226,39232991,NA,NA
39231371,39235713,OCH,NA
39231373,39232011,CHI,N
39233093,39236011,NA,NA
39236127,39236407,NA,NA
39237492,39238915,OCH,NA
39237991,39238695,NA,NA
39239718,39240012,NA,NA
39240133,39242511,NA,NA
39240163,39242991,OCH,NA
39243165,39243511,NA,NA
39244375,39244915,OCH,NA
39244468,39245570,NA,NA
39247991,39249312,OCH,NA
39257453,39260367,NA,NA
39257899,39260464,OCH,NA
39277597,39278238,OCH,NA
39281419,39285067,OCH,NA
39281510,39283992,NA,NA
39284792,39284925,NA,NA
39287143,39288010,NA,NA
39287361,39288004,OCH,NA
39311011,39313100,FEM,NA
39311011,39313308,NA,NA
39316917,39319447,NA,NA
39317010,39318535,FEM,NA
39318595,39320993,OCH,NA
39319913,39323438,NA,NA
39321011,39321630,FEM,NA
39323011,39323291,FEM,NA
39326573,39327962,NA,NA
39326659,39327511,FEM,NA
39331011,39331131,OCH,NA
39331479,39333492,OCH,NA
39331492,39333510,NA,NA
39338475,39339617,OCH,NA
39338671,39339010,NA,NA
39344171,39344277,OCH,NA
39357492,39357813,NA,NA
39358486,39362011,NA,NA
39358492,39359589,OCH,NA
39360317,39361493,FEM,NA
39364373,39365818,NA,NA
39364512,39365648,OCH,NA
39369011,39370233,OCH,NA
39370862,39371333,OCH,NA
39370983,39374689,NA,NA
39372269,39372672,OCH,NA
39372834,39373906,OCH,NA
39374093,39374498,MAL,NA
39374925,39375058,NA,NA
39374991,39375131,OCH,NA
39375384,39375492,NA,NA
39386993,39387563,NA,NA
39388202,39390095,OCH,NA
39388295,39390011,NA,NA
39393493,39394492,NA,NA
39401512,39405731,NA,NA
39401638,39403270,OCH,NA
39403992,39405033,MAL,NA
39405994,39425002,NA,NA
39406011,39407560,CHI,N
39407074,39407570,OCH,NA
39407769,39408889,FEM,NA
39409126,39410511,CHI,N
39409745,39410714,OCH,NA
39410511,39412924,FEM,NA
39413210,39413512,MAL,NA
39413692,39413954,MAL,NA
39414011,39415493,CHI,N
39415957,39416993,OCH,NA
39416198,39416667,CHI,N
39417049,39417451,MAL,NA
39417098,39417287,CHI,N
39417678,39418738,NA,J
39418486,39423727,MAL,NA
39422990,39423506,FEM,NA
39423993,39424923,OCH,NA
39424511,39424695,MAL,NA
39425171,39441992,NA,NA
39425943,39428488,MAL,NA
39427584,39427834,FEM,NA
39428616,39429492,CHI,N
39430010,39432497,MAL,NA
39431510,39432119,FEM,NA
39432945,39434305,CHI,C
39434204,39435760,MAL,NA
39435512,39436659,CHI,N
39436492,39437486,MAL,NA
39436846,39437244,FEM,NA
39437012,39438114,CHI,N
39438615,39440085,CHI,N
39439992,39441404,MAL,NA
39440522,39441011,FEM,NA
39449806,39449907,OCH,NA
39450365,39450493,OCH,NA
39453411,39454658,CHI,N
39453411,39455633,NA,NA
39455891,39456991,NA,NA
39455957,39456954,FEM,NA
39457133,39459706,NA,NA
39458526,39458943,OCH,NA
39459493,39462488,MAL,NA
39459992,39461794,NA,NA
39463934,39477486,NA,NA
39464882,39464988,MAL,NA
39464992,39467491,FEM,NA
39466783,39476992,MAL,NA
39470655,39470812,FEM,NA
39471722,39472011,FEM,NA
39476214,39477070,FEM,NA
39477772,39480906,NA,NA
39477851,39480404,FEM,NA
39478604,39478742,MAL,NA
39478928,39480934,MAL,NA
39481835,39489952,MAL,NA
39482252,39491677,NA,NA
39484193,39484719,CHI,N
39489010,39489992,CHI,N
39490011,39491609,FEM,NA
39490060,39490318,MAL,NA
39492011,39509509,NA,NA
39492012,39493492,MAL,NA
39492492,39492700,FEM,NA
39492959,39495492,FEM,NA
39493492,39493801,CHI,N
39495992,39496399,OCH,NA
39496812,39497639,FEM,NA
39498464,39507006,MAL,NA
39501041,39501341,FEM,NA
39501521,39502510,CHI,N
39507981,39509338,FEM,NA
39510499,39512364,NA,NA
39511348,39512271,OCH,NA
39512991,39532510,NA,NA
39514549,39523511,MAL,NA
39524105,39524510,FEM,NA
39525011,39525391,CHI,N
39525585,39526334,CHI,N
39525611,39528011,OCH,NA
39528365,39530012,CHI,N
39528395,39530162,OCH,NA
39530317,39531134,OCH,NA
39530329,39531193,CHI,N
39531689,39532011,CHI,N
39534492,39536590,MAL,NA
39534510,39550540,NA,NA
39536011,39537511,FEM,NA
39536898,39537011,MAL,NA
39537988,39545634,MAL,NA
39546510,39547042,OCH,NA
39547448,39548116,OCH,NA
39547492,39548253,CHI,N
39548491,39548650,MAL,NA
39549981,39550202,OCH,NA
39550381,39550521,OCH,NA
39552013,39552648,NA,NA
39553162,39565211,NA,NA
39553927,39558512,MAL,NA
39556662,39556836,FEM,NA
39557334,39562511,FEM,NA
39558876,39564473,MAL,NA
39564104,39565400,OCH,NA
39569798,39576383,NA,NA
39569992,39572545,MAL,NA
39570118,39570450,CHI,N
39571765,39572011,FEM,NA
39573860,39576352,OCH,NA
39583185,39589275,NA,NA
39583315,39584857,CHI,C
39584535,39589992,MAL,NA
39591485,39593525,NA,NA
39591492,39593510,CHI,N
39599653,39600286,OCH,NA
39600492,39600656,NA,NA
39600993,39601995,NA,NA
39601011,39601131,OCH,NA
39604012,39609427,NA,NA
39607432,39608991,CHI,N
39607491,39608662,OCH,NA
39610522,39611987,NA,NA
39611093,39611250,MAL,NA
39611383,39611486,MAL,NA
39618661,39620539,MAL,NA
39619328,39622006,NA,NA
39620451,39621848,FEM,NA
39624076,39632751,MAL,NA
39624512,39656492,NA,NA
39625499,39625926,FEM,NA
39626113,39626385,OCH,NA
39629010,39629511,FEM,NA
39629859,39630180,FEM,NA
39632536,39632976,CHI,N
39633992,39635511,CHI,N
39635200,39638011,MAL,NA
39637510,39639010,FEM,NA
39638492,39639132,MAL,NA
39639567,39639991,OCH,NA
39639572,39641010,CHI,N
39640183,39640289,OCH,NA
39640742,39642457,FEM,NA
39641694,39641878,MAL,NA
39643278,39644824,FEM,NA
39643445,39643599,MAL,NA
39643786,39644677,MAL,NA
39644864,39645180,MAL,NA
39644993,39645680,FEM,NA
39645511,39645648,CHI,N
39645808,39646010,FEM,NA
39645831,39647534,CHI,N
39647450,39653992,MAL,NA
39653012,39655759,FEM,NA
39661810,39663727,NA,NA
39661993,39662226,FEM,NA
39662511,39662924,FEM,NA
39663991,39664809,NA,NA
39665116,39665992,NA,NA
39666748,39666925,NA,NA
39667295,39668011,NA,NA
39695493,39696919,CHI,N
39695493,39700000,NA,NA
39696539,39699988,MAL,NA
39699317,39699928,FEM,NA
39700405,39701424,NA,NA
39700452,39701296,FEM,NA
39704011,39709970,NA,NA
39704197,39706504,CHI,C
39706991,39714490,MAL,NA
39711344,39714000,NA,NA
39715513,39719987,MAL,NA
39716374,39718576,NA,NA
39724003,39731808,NA,NA
39724089,39726492,CHI,C
39725296,39725515,OCH,NA
39727319,39728954,CHI,C
39728510,39728788,FEM,NA
39729788,39731715,FEM,NA
39729833,39730506,CHI,N
39733659,39736303,FEM,NA
39733686,39738406,NA,NA
39736771,39738011,CHI,N
39739511,39742677,NA,NA
39739511,39744030,CHI,C
39742807,39746511,NA,NA
39743492,39747486,MAL,NA
39749010,39760158,NA,NA
39749341,39750040,CHI,N
39749557,39752557,MAL,NA
39751663,39751992,FEM,NA
39752993,39754206,OCH,NA
39754992,39756988,MAL,NA
39757156,39759991,MAL,NA
39761499,39782024,NA,NA
39761717,39762043,OCH,NA
39761717,39763011,CHI,N
39762878,39763074,OCH,NA
39763670,39765550,OCH,NA
39764061,39767993,CHI,N
39765684,39766428,OCH,NA
39767569,39767680,OCH,NA
39767961,39768736,OCH,NA
39767993,39768476,FEM,NA
39769441,39784991,MAL,NA
39783493,39784511,NA,NA
39787991,39795775,NA,NA
39787991,39795986,MAL,NA
39796302,39804523,NA,NA
39796417,39797492,CHI,N
39797391,39798464,FEM,NA
39798861,39800493,OCH,NA
39799510,39799689,CHI,N
39800602,39804991,MAL,NA
39807744,39813298,MAL,NA
39807823,39812168,NA,NA
39812421,39814621,NA,NA
39817492,39819515,MAL,NA
39817708,39820011,NA,NA
39819732,39819982,OCH,NA
39824992,39827511,MAL,NA
39825511,39827342,NA,NA
39827876,39827986,MAL,NA
39830368,39832327,NA,NA
39830434,39831543,OCH,NA
39844886,39856029,NA,NA
39844987,39846212,CHI,N
39846053,39850955,MAL,NA
39850993,39851374,OCH,NA
39850993,39851492,CHI,N
39851322,39856756,MAL,NA
39857992,39862398,NA,NA
39858492,39862010,CHI,N
39858514,39860151,OCH,NA
39868335,39880996,NA,NA
39868376,39874493,CHI,Y
39868991,39869209,OCH,NA
39870053,39870458,OCH,NA
39874840,39878475,FEM,NA
39878976,39880510,OCH,NA
39879010,39879589,CHI,N
39879915,39880759,CHI,N
39884992,39886531,NA,NA
39885011,39886511,CHI,N
39890492,39891859,CHI,Y
39890492,39892936,NA,NA
39893200,39893991,NA,NA
39893563,39893727,OCH,NA
39895303,39900492,NA,NA
39895559,39896361,MAL,NA
39896992,39897993,OCH,NA
39897034,39899511,CHI,N
39900868,39901292,NA,NA
39902266,39907992,NA,NA
39903427,39904492,FEM,NA
39905011,39907011,OCH,NA
39931824,39932997,NA,NA
39931873,39932992,FEM,NA
39933997,39961991,NA,NA
39934991,39935992,MAL,NA
39935511,39935815,CHI,N
39935992,39937008,CHI,C
39936230,39937011,FEM,NA
39937011,39937568,OCH,NA
39937511,39943011,FEM,NA
39940992,39941897,MAL,NA
39943243,39944991,FEM,NA
39943253,39944265,MAL,NA
39944942,39945062,MAL,NA
39946426,39948625,CHI,N
39948984,39951757,CHI,N
39951993,39952992,FEM,NA
39954003,39960490,MAL,NA
39961132,39961351,OCH,NA
39962565,39963220,NA,NA
39962649,39963010,CHI,N
39964227,39964678,NA,NA
39965155,39974710,NA,NA
39965511,39966242,FEM,NA
39966492,39966627,FEM,NA
39967336,39967512,CHI,N
39967739,39970493,FEM,NA
39968812,39969474,MAL,NA
39970164,39985989,MAL,NA
39975746,39987801,NA,NA
39986077,39987479,CHI,N
39987511,39990989,MAL,NA
39987986,40068493,NA,NA
39990993,39992512,FEM,NA
39991227,39991364,OCH,NA
39992618,40003295,MAL,NA
39999300,40000149,FEM,NA
40002992,40003665,OCH,NA
40003511,40006992,MAL,NA
40006798,40008580,CHI,N
40007258,40008510,FEM,NA
40008230,40015977,MAL,NA
40014737,40018829,FEM,NA
40019105,40021012,MAL,NA
40019427,40020146,FEM,NA
40020364,40020511,FEM,NA
40021354,40022037,MAL,NA
40022011,40026506,FEM,NA
40026533,40027650,CHI,N
40027600,40028493,FEM,NA
40028011,40028122,MAL,NA
40028511,40034677,MAL,NA
40030910,40031885,FEM,NA
40032407,40033877,FEM,NA
40035011,40036493,CHI,N
40036091,40038011,FEM,NA
40037932,40038511,CHI,C
40038492,40053879,MAL,NA
40053992,40056511,FEM,NA
40054993,40060493,MAL,NA
40059439,40060011,FEM,NA
40060961,40062011,MAL,NA
40061635,40063189,CHI,N
40062992,40063194,MAL,NA
40063079,40063595,FEM,NA
40064012,40069554,MAL,NA
40065511,40066610,FEM,NA
40069397,40082011,NA,NA
40070197,40070324,OCH,NA
40070359,40078493,MAL,NA
40077327,40077651,FEM,NA
40077992,40079492,OCH,NA
40078792,40079008,FEM,NA
40080511,40081814,FEM,NA
40083930,40103492,NA,NA
40084512,40084672,FEM,NA
40085010,40104489,MAL,NA
40087732,40087992,FEM,NA
40088697,40090008,FEM,NA
40105781,40111011,NA,NA
40106011,40106148,OCH,NA
40106492,40111011,FEM,NA
40106607,40106747,OCH,NA
40107525,40108095,MAL,NA
40112511,40112703,NA,NA
40112992,40113844,MAL,NA
40112992,40135998,NA,NA
40113870,40114800,CHI,N
40114946,40118491,FEM,NA
40117547,40119356,MAL,NA
40118768,40121011,FEM,NA
40120989,40134988,MAL,NA
40129641,40129778,FEM,NA
40132837,40133149,CHI,N
40134715,40135510,CHI,N
40136432,40138481,MAL,NA
40136702,40138239,NA,NA
40139126,40144992,MAL,NA
40139422,40144550,NA,NA
40145247,40157632,NA,NA
40145510,40145620,CHI,N
40145905,40146511,CHI,N
40145993,40147655,OCH,NA
40147368,40149491,MAL,NA
40148674,40149010,FEM,NA
40149336,40150011,CHI,N
40149636,40152491,MAL,NA
40152011,40152197,FEM,NA
40152491,40157010,FEM,NA
40152608,40153511,MAL,NA
40154322,40156430,CHI,N
40156511,40158204,MAL,NA
40161896,40166221,MAL,NA
40162571,40165511,NA,NA
40174054,40177510,NA,NA
40174242,40175892,CHI,C
40175372,40175492,FEM,NA
40176317,40177179,MAL,NA
40178811,40198033,NA,NA
40179419,40181169,FEM,NA
40179512,40180271,MAL,NA
40180458,40180809,MAL,NA
40181260,40181736,CHI,N
40181373,40183548,FEM,NA
40181552,40186010,MAL,NA
40184011,40184492,FEM,NA
40184817,40185011,FEM,NA
40186511,40188511,FEM,NA
40188898,40190111,FEM,NA
40189618,40190533,OCH,NA
40190303,40190878,FEM,NA
40191992,40193755,FEM,NA
40192991,40193447,MAL,NA
40194134,40194431,CHI,N
40194993,40196500,CHI,N
40195474,40195616,OCH,NA
40196270,40197990,MAL,NA
40198483,40198993,NA,NA
40198916,40200998,MAL,NA
40199213,40201024,NA,NA
40201512,40210636,NA,NA
40201839,40204468,FEM,NA
40204451,40205102,CHI,N
40204934,40209011,MAL,NA
40209224,40209364,MAL,NA
40209510,40210168,CHI,N
40211319,40214277,NA,NA
40211512,40213493,FEM,NA
40211810,40211992,CHI,N
40213010,40213153,MAL,NA
40214402,40217011,MAL,NA
40215012,40235493,NA,NA
40217945,40218083,MAL,NA
40218107,40219302,CHI,N
40218248,40218965,MAL,NA
40219504,40219656,CHI,N
40220911,40222992,CHI,N
40222474,40222952,OCH,NA
40222511,40225012,FEM,NA
40224598,40224822,MAL,NA
40225012,40226511,CHI,N
40226492,40230478,MAL,NA
40229828,40232012,FEM,NA
40232135,40232289,FEM,NA
40233491,40235497,OCH,NA
40237047,40239992,MAL,NA
40237582,40238848,NA,NA
40241011,40248843,NA,NA
40241114,40241991,CHI,N
40241991,40249490,MAL,NA
40242123,40242302,FEM,NA
40244855,40244992,FEM,NA
40245316,40245491,FEM,NA
40250512,40259400,NA,NA
40250847,40251991,CHI,C
40251774,40259511,MAL,NA
40264992,40267538,MAL,NA
40265011,40265349,NA,NA
40265492,40281520,NA,NA
40267442,40268077,OCH,NA
40268117,40274437,MAL,NA
40270512,40270708,FEM,NA
40273492,40274580,FEM,NA
40275510,40281011,MAL,NA
40278011,40278510,FEM,NA
40279493,40281162,FEM,NA
40283043,40290237,NA,NA
40283264,40289695,MAL,NA
40284891,40284992,FEM,NA
40285796,40286403,CHI,N
40288492,40288776,CHI,N
40289454,40290011,FEM,NA
40292726,40295554,NA,NA
40292993,40295251,MAL,NA
40294103,40294246,FEM,NA
40294490,40295209,FEM,NA
40296157,40300511,NA,NA
40296356,40297012,OCH,NA
40296493,40297011,CHI,N
40297492,40300013,MAL,NA
40299468,40300413,FEM,NA
40301511,40306901,MAL,NA
40302422,40305989,NA,NA
40311851,40316493,NA,NA
40311992,40312991,FEM,NA
40312510,40316044,MAL,NA
40315521,40316010,FEM,NA
40317492,40321544,NA,NA
40318251,40319981,MAL,NA
40319993,40321142,CHI,N
40321086,40324010,MAL,NA
40321780,40327491,NA,NA
40324095,40325401,CHI,N
40324993,40327491,MAL,NA
40328258,40329588,NA,NA
40328493,40328984,CHI,N
40328493,40329197,OCH,NA
40329795,40329992,NA,NA
40330113,40334993,NA,NA
40330511,40331431,CHI,N
40330644,40330794,OCH,NA
40332263,40332493,CHI,N
40332278,40333422,MAL,NA
40333375,40334379,CHI,N
40335717,40336076,NA,NA
40337511,40338493,NA,NA
40337597,40338367,CHI,N
40339011,40344988,MAL,NA
40339591,40344510,NA,NA
40350012,40355015,NA,NA
40350123,40350709,CHI,N
40350589,40351492,FEM,NA
40351471,40352907,MAL,NA
40352131,40353385,FEM,NA
40353653,40355145,MAL,NA
40354058,40354186,FEM,NA
40355569,40355770,NA,NA
40356298,40367412,NA,NA
40356443,40356981,OCH,NA
40356517,40358046,FEM,NA
40357400,40357511,OCH,NA
40358010,40359991,MAL,NA
40359011,40361313,FEM,NA
40360511,40360811,MAL,NA
40361630,40363535,OCH,NA
40362011,40362809,FEM,NA
40363927,40365952,MAL,NA
40366510,40368133,MAL,NA
40367708,40368837,NA,NA
40368130,40368731,OCH,NA
40368365,40368488,MAL,NA
40372012,40375367,MAL,NA
40372616,40374506,NA,NA
40375010,40382992,NA,NA
40375493,40376511,CHI,N
40375721,40376511,OCH,NA
40377511,40381104,OCH,NA
40379492,40381017,FEM,NA
40384379,40403870,NA,NA
40386025,40387301,CHI,C
40387532,40387733,MAL,NA
40388006,40389067,MAL,NA
40389457,40391501,FEM,NA
40391786,40395855,FEM,NA
40392388,40394018,OCH,NA
40394157,40394346,OCH,NA
40394646,40395010,OCH,NA
40395011,40397512,MAL,NA
40397876,40399013,OCH,NA
40398011,40399111,FEM,NA
40398812,40400511,CHI,N
40400615,40403511,MAL,NA
40400886,40400992,CHI,N
40403678,40403916,MAL,NA
40404123,40411511,NA,NA
40404157,40410510,MAL,NA
40407702,40407886,FEM,NA
40408045,40408305,FEM,NA
40410492,40412549,OCH,NA
40412225,40412492,NA,NA
40414530,40436236,NA,NA
40414726,40415980,FEM,NA
40416197,40423992,OCH,NA
40419493,40419842,CHI,N
40419962,40420510,CHI,N
40423242,40423510,FEM,NA
40423836,40431987,MAL,NA
40425510,40427992,FEM,NA
40431322,40433644,FEM,NA
40431742,40434010,OCH,NA
40433752,40433877,FEM,NA
40434491,40435990,MAL,NA
40436479,40447011,NA,NA
40436948,40441087,FEM,NA
40437114,40437629,MAL,NA
40440362,40447510,MAL,NA
40448768,40455990,MAL,NA
40449443,40463012,NA,NA
40455492,40455845,CHI,N
40455992,40457492,CHI,N
40457011,40459748,MAL,NA
40459622,40460599,CHI,N
40460492,40462998,FEM,NA
40464407,40467492,MAL,NA
40464510,40482295,NA,NA
40466987,40470492,FEM,NA
40469993,40472361,MAL,NA
40471262,40473397,FEM,NA
40473096,40474559,OCH,NA
40474510,40477991,FEM,NA
40477231,40477380,MAL,NA
40478132,40478758,CHI,N
40479791,40480277,FEM,NA
40480806,40481010,FEM,NA
40480955,40481605,MAL,NA
40484492,40489808,NA,NA
40485189,40487830,FEM,NA
40486417,40486780,MAL,NA
40487492,40487759,MAL,NA
40488267,40491747,MAL,NA
40491654,40493993,NA,NA
40493351,40494007,OCH,NA
40497011,40499989,MAL,NA
40497992,40507008,NA,NA
40499992,40501492,FEM,NA
40500204,40503881,MAL,NA
40502985,40503491,FEM,NA
40503961,40504511,OCH,NA
40503993,40504511,CHI,N
40504244,40507012,MAL,NA
40508512,40512142,NA,NA
40509023,40511910,MAL,NA
40509509,40509774,OCH,NA
40512493,40516486,MAL,NA
40512673,40517086,NA,NA
40517511,40519011,NA,NA
40517982,40518993,CHI,N
40520491,40522116,NA,NA
40520512,40521904,FEM,NA
40522511,40527492,NA,NA
40522606,40523595,CHI,N
40523289,40527489,MAL,NA
40526492,40527052,FEM,NA
40528011,40546655,NA,NA
40528510,40531556,MAL,NA
40529251,40530491,FEM,NA
40530659,40531444,FEM,NA
40532510,40532709,OCH,NA
40532577,40533227,CHI,N
40532790,40532910,MAL,NA
40533011,40542378,MAL,NA
40533338,40534126,FEM,NA
40536492,40538097,FEM,NA
40543011,40545993,CHI,Y
40543215,40543412,MAL,NA
40547012,40550957,NA,NA
40547144,40550023,CHI,C
40549511,40550689,FEM,NA
40552993,40572492,NA,NA
40553042,40555313,CHI,N
40553698,40555991,OCH,NA
40555674,40556838,CHI,N
40556555,40557512,FEM,NA
40557130,40563092,MAL,NA
40557692,40557800,FEM,NA
40559434,40560128,FEM,NA
40560926,40565992,FEM,NA
40565539,40565780,MAL,NA
40565991,40569319,CHI,C
40569464,40570450,CHI,C
40570011,40571012,FEM,NA
40571560,40572510,MAL,NA
40575128,40581007,NA,NA
40575291,40575991,FEM,NA
40576493,40579011,FEM,NA
40577208,40577314,MAL,NA
40579491,40580991,CHI,N
40582510,40602510,NA,NA
40582647,40583879,CHI,C
40583511,40586680,FEM,NA
40587380,40588021,FEM,NA
40587590,40589512,CHI,C
40589336,40592063,FEM,NA
40592779,40595012,MAL,NA
40592784,40592895,FEM,NA
40595516,40596955,CHI,N
40595891,40596186,OCH,NA
40596992,40597574,MAL,NA
40597176,40598992,CHI,C
40598186,40601907,MAL,NA
40601572,40602510,CHI,N
40603511,40609949,MAL,NA
40603992,40609994,NA,NA
40608506,40609346,FEM,NA
40610472,40616491,NA,NA
40610611,40611762,CHI,N
40611242,40611364,OCH,NA
40611491,40613300,MAL,NA
40613992,40615011,FEM,NA
40614672,40616042,CHI,N
40616583,40620908,MAL,NA
40617011,40627067,NA,NA
40621011,40622729,CHI,C
40621492,40622437,OCH,NA
40622494,40624198,MAL,NA
40623080,40626037,FEM,NA
40624808,40626833,MAL,NA
40626579,40626835,CHI,N
40629511,40631148,FEM,NA
40629511,40631492,NA,NA
40631897,40633394,NA,NA
40632200,40632327,CHI,N
40632276,40633030,FEM,NA
40632759,40632881,CHI,N
40633969,40642025,NA,NA
40634011,40636492,CHI,C
40636360,40637992,FEM,NA
40638011,40642012,MAL,NA
40640493,40641327,FEM,NA
40643011,40645011,MAL,NA
40643492,40644989,NA,NA
40648492,40649555,MAL,NA
40648510,40649511,NA,NA
40651343,40658115,NA,NA
40651435,40651894,OCH,NA
40653363,40653490,MAL,NA
40654675,40654825,OCH,NA
40655473,40656978,MAL,NA
40656011,40656905,FEM,NA
40659135,40659511,NA,NA
40665491,40683387,NA,NA
40666794,40668427,CHI,C
40666799,40666991,OCH,NA
40667830,40681770,MAL,NA
40681740,40683181,CHI,N
40683823,40693992,NA,NA
40684030,40684940,CHI,N
40684105,40684493,FEM,NA
40684850,40684992,FEM,NA
40685514,40686088,FEM,NA
40686423,40687933,CHI,N
40688632,40689974,CHI,C
40688642,40689216,OCH,NA
40689493,40691341,FEM,NA
40691219,40692373,MAL,NA
40694576,40694682,MAL,NA
40695591,40695770,NA,NA
40695991,40707992,NA,NA
40696012,40696992,FEM,NA
40697492,40697993,FEM,NA
40697492,40698700,CHI,C
40698094,40699571,FEM,NA
40699631,40701062,MAL,NA
40700510,40702010,FEM,NA
40703491,40703692,OCH,NA
40703987,40704492,OCH,NA
40704886,40706089,MAL,NA
40709777,40715511,NA,NA
40710261,40712993,FEM,NA
40712510,40714511,MAL,NA
40714692,40714847,CHI,N
40714697,40714970,MAL,NA
40714847,40714957,FEM,NA
40717492,40721399,NA,NA
40717782,40718511,OCH,NA
40717809,40718197,CHI,N
40721084,40721202,OCH,NA
40722991,40724501,MAL,NA
40725011,40725279,NA,NA
40725907,40737179,NA,NA
40725992,40727511,CHI,C
40727563,40730020,FEM,NA
40728889,40730379,MAL,NA
40730465,40733168,FEM,NA
40730524,40731386,CHI,N
40731974,40732894,MAL,NA
40733717,40734993,CHI,N
40734949,40735314,MAL,NA
40735511,40737171,MAL,NA
40737511,40747302,NA,NA
40737732,40739492,OCH,NA
40737992,40738480,CHI,N
40739470,40741011,FEM,NA
40741481,40746825,MAL,NA
40741849,40741998,FEM,NA
40742271,40743511,FEM,NA
40747641,40750511,NA,NA
40747784,40748511,FEM,NA
40748962,40750327,CHI,N
40748992,40750420,OCH,NA
40750865,40751511,OCH,NA
40751011,40756492,NA,NA
40752492,40752612,FEM,NA
40754212,40754745,OCH,NA
40754850,40756510,MAL,NA
40758225,40759690,OCH,NA
40758488,40760511,NA,NA
40762308,40764188,MAL,NA
40763014,40763989,NA,NA
40766993,40771856,NA,NA
40767531,40770511,MAL,NA
40770736,40770837,MAL,NA
40771026,40771264,MAL,NA
40773085,40787037,NA,NA
40773304,40773409,MAL,NA
40773557,40774028,MAL,NA
40774263,40775282,OCH,NA
40775331,40777395,MAL,NA
40777012,40779067,OCH,NA
40779011,40786033,MAL,NA
40784459,40787000,FEM,NA
40788492,40791626,NA,NA
40788510,40790268,FEM,NA
40790861,40791511,OCH,NA
40793492,40793993,NA,NA
40793674,40793991,MAL,NA
40794511,40797010,MAL,NA
40794992,40796992,NA,NA
40797149,40797421,MAL,NA
40798011,40819633,NA,NA
40798080,40799011,CHI,N
40799492,40799612,MAL,NA
40799509,40799902,FEM,NA
40799727,40805112,MAL,NA
40802047,40802211,FEM,NA
40802854,40803011,FEM,NA
40803811,40804582,CHI,N
40805269,40805429,MAL,NA
40805512,40807284,OCH,NA
40806631,40807608,FEM,NA
40808446,40809381,CHI,N
40808492,40808612,OCH,NA
40809012,40809292,OCH,NA
40809796,40811684,OCH,NA
40810276,40810404,FEM,NA
40810993,40811860,FEM,NA
40811992,40814243,FEM,NA
40814491,40815492,CHI,C
40815077,40817048,FEM,NA
40816011,40817012,OCH,NA
40816992,40818563,CHI,N
40817707,40819609,OCH,NA
40820684,40823268,NA,NA
40820993,40823146,CHI,N
40822508,40822640,FEM,NA
40824845,40826170,CHI,N
40824862,40826227,NA,NA
40826978,40831355,NA,NA
40827011,40827791,CHI,N
40827512,40828087,FEM,NA
40828453,40831037,CHI,C
40829333,40830011,FEM,NA
40832512,40834011,NA,NA
40832669,40833992,CHI,C
40835720,40849628,NA,NA
40835853,40837492,OCH,NA
40835991,40836492,NA,J
40836493,40837711,FEM,NA
40838011,40840571,FEM,NA
40841012,40842418,CHI,N
40842011,40843855,FEM,NA
40844172,40845510,CHI,N
40845846,40848608,FEM,NA
40848013,40849410,CHI,N
40849010,40849364,FEM,NA
40850312,40852990,MAL,NA
40851012,40851989,NA,NA
40853656,40853990,MAL,NA
40854491,40859614,NA,NA
40854657,40858992,FEM,NA
40861935,40863803,NA,NA
40861992,40863492,FEM,NA
40864085,40866147,NA,NA
40864279,40865371,CHI,C
40864414,40865028,OCH,NA
40865114,40865587,FEM,NA
40865249,40865563,OCH,NA
40866542,40876993,NA,NA
40866682,40867193,CHI,N
40867011,40867971,FEM,NA
40868793,40870118,FEM,NA
40870798,40871993,CHI,N
40872386,40873037,FEM,NA
40873943,40876827,CHI,N
40877897,40883116,NA,NA
40878889,40880492,CHI,N
40879510,40881491,OCH,NA
40880811,40882900,CHI,N
40881664,40881799,OCH,NA
40883739,40893775,NA,NA
40883972,40884757,FEM,NA
40885511,40888493,FEM,NA
40886011,40886993,OCH,NA
40888306,40889484,OCH,NA
40889510,40889881,FEM,NA
40890511,40891642,FEM,NA
40891993,40892992,FEM,NA
40892691,40893525,OCH,NA
40893996,40894308,NA,NA
40894511,40895929,NA,NA
40895078,40895783,CHI,N
40901510,40903351,NA,NA
40901971,40903010,OCH,NA
40902511,40903010,FEM,NA
40906510,40908223,NA,NA
40906647,40906823,OCH,NA
40907727,40907992,OCH,NA
40911769,40912930,NA,NA
40911856,40912705,FEM,NA
40926220,40942258,NA,NA
40926222,40927872,CHI,C
40928380,40930091,CHI,N
40928493,40931730,OCH,NA
40930726,40934963,FEM,NA
40933942,40934436,OCH,NA
40934810,40937095,OCH,NA
40935733,40935954,CHI,N
40936492,40942120,FEM,NA
40940512,40941572,CHI,N
40942991,40945283,NA,NA
40942992,40944342,CHI,C
40944211,40945144,FEM,NA
40946938,40953192,NA,NA
40946961,40947894,CHI,C
40947512,40952011,FEM,NA
40952010,40953065,CHI,C
40952348,40952512,FEM,NA
40955667,40957614,NA,NA
40955880,40957451,FEM,NA
40962491,40973279,NA,NA
40962554,40964208,OCH,NA
40963821,40968480,FEM,NA
40969118,40969226,OCH,NA
40969376,40970969,FEM,NA
40969479,40970328,OCH,NA
40971484,40972606,FEM,NA
40971957,40973012,OCH,NA
40975136,40978378,NA,NA
40975205,40978374,FEM,NA
40987510,40992306,NA,NA
40987512,40989248,CHI,N
40989056,40989220,FEM,NA
40989512,40990816,FEM,NA
40989761,40989931,MAL,NA
40990042,40990624,MAL,NA
40990992,40992199,CHI,N
40992927,40997665,NA,NA
40992973,40993992,CHI,N
40994405,40994967,FEM,NA
40994881,40995757,CHI,N
40995442,40998491,MAL,NA
40998671,41000576,MAL,NA
40999055,41002376,NA,NA
41000492,41002053,CHI,N
41002511,41007376,MAL,NA
41002595,41009070,NA,NA
41007747,41009011,CHI,N
41007992,41008512,OCH,NA
41010364,41042278,NA,NA
41010486,41013512,CHI,N
41012193,41012362,OCH,NA
41012911,41013026,OCH,NA
41013123,41018511,MAL,NA
41018516,41020163,CHI,N
41020012,41021863,MAL,NA
41021704,41023010,CHI,N
41023010,41024510,MAL,NA
41024877,41026772,CHI,C
41026510,41029380,MAL,NA
41029357,41029614,FEM,NA
41030493,41032106,CHI,N
41031993,41037364,MAL,NA
41032315,41032492,FEM,NA
41036124,41036256,FEM,NA
41037449,41038300,CHI,N
41038080,41042012,FEM,NA
41044492,41054307,NA,NA
41044512,41045676,FEM,NA
41046991,41048468,OCH,NA
41047609,41047710,FEM,NA
41048492,41051648,FEM,NA
41049730,41049892,MAL,NA
41051757,41053593,CHI,C
41051767,41051980,OCH,NA
41052253,41053600,OCH,NA
41054727,41055993,NA,NA
41054948,41055512,FEM,NA
41060814,41062270,NA,NA
41060940,41061382,MAL,NA
41060993,41061170,FEM,NA
41061311,41061510,FEM,NA
41080993,41088086,NA,NA
41081089,41083025,FEM,NA
41082010,41083915,OCH,NA
41083288,41084219,CHI,N
41084251,41085177,FEM,NA
41084322,41084477,OCH,NA
41085492,41085851,OCH,NA
41086138,41088511,OCH,NA
41091249,41092008,NA,NA
41091281,41091916,OCH,NA
41092512,41100784,NA,NA
41092554,41093651,MAL,NA
41093765,41093934,MAL,NA
41094257,41097433,FEM,NA
41094290,41095513,OCH,NA
41098511,41100511,FEM,NA
41101089,41110151,NA,NA
41101189,41102011,CHI,N
41101493,41101701,OCH,NA
41103011,41105142,MAL,NA
41103516,41103698,FEM,NA
41104987,41107010,FEM,NA
41107562,41108492,CHI,N
41108011,41109921,OCH,NA
41108511,41109902,FEM,NA
41111388,41111493,NA,NA
41112492,41124502,NA,NA
41112588,41114011,CHI,Y
41113074,41113292,OCH,NA
41113486,41115087,OCH,NA
41116513,41116641,MAL,NA
41116823,41118284,MAL,NA
41117514,41118569,FEM,NA
41119385,41120551,OCH,NA
41119491,41120574,CHI,N
41121464,41122244,FEM,NA
41122623,41123511,FEM,NA
41123199,41123491,CHI,N
41124775,41137668,NA,NA
41125047,41125526,FEM,NA
41125173,41125311,MAL,NA
41125492,41126842,MAL,NA
41126333,41126512,FEM,NA
41127070,41128012,CHI,N
41127387,41129638,OCH,NA
41130442,41131829,MAL,NA
41131211,41131439,FEM,NA
41131891,41135511,CHI,N
41134799,41135013,OCH,NA
41135992,41137553,MAL,NA
41137011,41137510,FEM,NA
41141010,41141191,NA,NA
41141491,41142011,NA,NA
41141733,41141910,FEM,NA
41148960,41160427,NA,NA
41148980,41150992,CHI,N
41149510,41149630,OCH,NA
41150467,41151074,OCH,NA
41151419,41153991,MAL,NA
41154009,41155094,CHI,N
41155504,41160487,MAL,NA
41163658,41169838,NA,NA
41163668,41164991,CHI,N
41164855,41165905,FEM,NA
41165808,41167016,OCH,NA
41166102,41166412,CHI,N
41167011,41169849,MAL,NA
41170005,41171382,OCH,NA
41170012,41172295,NA,NA
41170476,41170815,CHI,N
41170710,41172799,MAL,NA
41175010,41176635,NA,NA
41175017,41176374,CHI,N
41176839,41179011,NA,NA
41176882,41177869,CHI,N
41177278,41179489,MAL,NA
41190883,41209012,NA,NA
41190917,41192606,CHI,N
41193993,41195956,MAL,NA
41195010,41202238,FEM,NA
41196492,41200248,MAL,NA
41200788,41204990,MAL,NA
41202420,41202818,FEM,NA
41205011,41206012,FEM,NA
41205157,41208917,MAL,NA
41212409,41214380,MAL,NA
41212908,41217010,NA,NA
41214133,41215108,CHI,C
41215993,41216390,CHI,N
41217162,41217491,MAL,NA
41217238,41217491,NA,NA
41218011,41221602,MAL,NA
41218917,41232009,NA,NA
41222083,41223791,CHI,C
41223446,41225549,MAL,NA
41225492,41226942,CHI,N
41226511,41229511,MAL,NA
41229493,41230992,FEM,NA
41230871,41232034,MAL,NA
41236012,41237512,OCH,NA
41236032,41237512,NA,NA
41238035,41239513,NA,NA
41238359,41239010,MAL,NA
41238605,41239177,FEM,NA
41245991,41250989,NA,NA
41246012,41248493,CHI,N
41247993,41248541,OCH,NA
41248968,41251012,MAL,NA
41251511,41252993,NA,NA
41251645,41252728,CHI,N
41253956,41256182,NA,NA
41254021,41254173,OCH,NA
41254140,41254260,CHI,N
41254976,41255830,OCH,NA
41259309,41266467,NA,NA
41259439,41260011,CHI,N
41260011,41266920,MAL,NA
41271037,41273892,NA,NA
41271140,41273864,CHI,N
41277411,41280511,MAL,NA
41277511,41282320,NA,NA
41279532,41279829,FEM,NA
41281088,41282011,FEM,NA
41285012,41299985,NA,NA
41285337,41287210,CHI,C
41287902,41289510,CHI,N
41289291,41293756,MAL,NA
41289900,41290011,FEM,NA
41291309,41291847,CHI,N
41293641,41295492,CHI,N
41295493,41296993,FEM,NA
41296233,41300489,MAL,NA
41301510,41303351,CHI,N
41301510,41326065,NA,NA
41303481,41305493,CHI,N
41306002,41307011,CHI,N
41306993,41307433,FEM,NA
41307854,41308858,CHI,C
41308010,41308459,OCH,NA
41308579,41308992,FEM,NA
41309290,41313986,MAL,NA
41313716,41315160,CHI,N
41314789,41318184,MAL,NA
41317628,41320740,FEM,NA
41321116,41322120,CHI,N
41321762,41324231,MAL,NA
41324060,41325083,CHI,N
41324533,41326600,MAL,NA
41327992,41328819,OCH,NA
41327992,41329921,NA,NA
41328993,41329702,FEM,NA
41334511,41335044,NA,NA
41335989,41336966,NA,NA
41335993,41336511,FEM,NA
41345748,41346278,MAL,NA
41346013,41346416,NA,NA
41346492,41351992,MAL,NA
41347064,41352295,NA,NA
41351511,41352011,FEM,NA
41353011,41356477,MAL,NA
41353946,41355340,NA,NA
41360993,41363497,MAL,NA
41361511,41363394,NA,NA
41368136,41368511,NA,NA
41368990,41369511,NA,NA
41368992,41369512,CHI,N
41378511,41381378,NA,NA
41378585,41379768,FEM,NA
41379927,41381272,CHI,N
41385595,41386493,NA,NA
41385890,41386273,CHI,N
41386737,41400419,NA,NA
41386791,41391826,CHI,N
41391592,41397186,MAL,NA
41397293,41398012,CHI,N
41398320,41400291,CHI,N
41398511,41400096,OCH,NA
41404564,41407100,MAL,NA
41405369,41407119,NA,NA
41410195,41414993,NA,NA
41410811,41411700,OCH,NA
41410884,41411000,FEM,NA
41411010,41411872,CHI,C
41411993,41412506,MAL,NA
41412632,41412765,MAL,NA
41413481,41414104,CHI,N
41413857,41414000,OCH,NA
41414011,41414699,FEM,NA
41416966,41417762,NA,NA
41416993,41417511,FEM,NA
41420125,41421011,NA,NA
41420211,41420992,OCH,NA
41433491,41437789,NA,NA
41433549,41435628,CHI,N
41436127,41437757,CHI,N
41441993,41443512,NA,NA
41442011,41443191,CHI,C
41442992,41443372,FEM,NA
41447261,41449011,NA,NA
41447489,41447612,MAL,NA
41447930,41449398,MAL,NA
41451011,41451160,NA,NA
41452368,41456011,NA,NA
41452418,41453491,CHI,N
41454021,41454237,MAL,NA
41454406,41456011,MAL,NA
41462135,41462319,MAL,NA
41467493,41468067,FEM,NA
41467493,41468256,NA,NA
41475031,41475363,MAL,NA
41487317,41493216,MAL,NA
41487856,41493857,NA,NA
41494489,41511818,NA,NA
41495492,41499213,MAL,NA
41499248,41501157,CHI,N
41500991,41504886,MAL,NA
41503249,41503983,CHI,N
41504322,41505510,FEM,NA
41505735,41511992,MAL,NA
41513992,41515492,NA,NA
41514360,41515303,CHI,N
41517011,41517149,NA,NA
41517353,41521199,NA,NA
41517510,41520991,CHI,N
41517628,41519395,OCH,NA
41519795,41520404,OCH,NA
41523011,41527922,MAL,NA
41523445,41527492,NA,NA
41529491,41540500,NA,NA
41529755,41530801,MAL,NA
41530101,41534011,FEM,NA
41534363,41537991,CHI,N
41538077,41539368,MAL,NA
41539492,41540503,CHI,C
41540992,41549509,MAL,NA
41541512,41554850,NA,NA
41548572,41553493,FEM,NA
41553019,41562511,MAL,NA
41556004,41561826,NA,NA
41556944,41558508,FEM,NA
41565010,41566021,NA,NA
41565120,41566067,OCH,NA
41574492,41575955,MAL,NA
41574992,41575512,NA,NA
41576579,41576724,MAL,NA
41576612,41576808,NA,NA
41576993,41580010,MAL,NA
41577152,41581011,NA,NA
41580015,41580133,OCH,NA
41580365,41581035,OCH,NA
41583653,41585069,NA,NA
41583993,41584906,FEM,NA
41584578,41584791,MAL,NA
41589492,41593289,CHI,N
41589492,41594909,NA,NA
41593012,41594983,MAL,NA
41596342,41596739,NA,NA
41599011,41599256,NA,NA
41599367,41601011,NA,NA
41599492,41600963,CHI,N
41602012,41606511,NA,NA
41602167,41602410,OCH,NA
41602992,41604992,CHI,N
41604828,41606190,MAL,NA
41608466,41640991,NA,NA
41608991,41610444,OCH,NA
41609081,41610345,CHI,Y
41610147,41610279,MAL,NA
41610394,41615303,MAL,NA
41615174,41615565,FEM,NA
41616141,41617305,OCH,NA
41618492,41625487,MAL,NA
41623131,41623747,FEM,NA
41625088,41625510,CHI,N
41625881,41628817,FEM,NA
41627584,41632992,MAL,NA
41633612,41635904,MAL,NA
41636012,41641012,MAL,NA
41636087,41637108,FEM,NA
41637787,41639972,FEM,NA
41642843,41644512,OCH,NA
41642986,41668493,NA,NA
41644010,41652874,MAL,NA
41654010,41656992,FEM,NA
41654682,41654898,MAL,NA
41655036,41655331,MAL,NA
41656319,41660953,MAL,NA
41658020,41659675,FEM,NA
41660430,41664477,FEM,NA
41665156,41665281,FEM,NA
41665480,41665784,FEM,NA
41666010,41667519,FEM,NA
41667839,41667991,FEM,NA
41668779,41679992,MAL,NA
41669255,41689782,NA,NA
41679930,41680951,FEM,NA
41680054,41680447,CHI,N
41680106,41680302,MAL,NA
41680511,41690425,MAL,NA
41685892,41686007,FEM,NA
41686382,41686512,FEM,NA
41691203,41694402,MAL,NA
41691493,41712919,NA,NA
41693511,41695847,FEM,NA
41695511,41700096,MAL,NA
41700493,41704992,CHI,N
41700688,41700793,OCH,NA
41704316,41704429,MAL,NA
41704511,41707346,FEM,NA
41707346,41711393,MAL,NA
41711011,41711114,CHI,N
41713468,41719518,NA,NA
41713620,41719992,MAL,NA
41721379,41722511,OCH,NA
41721509,41727916,NA,NA
41722493,41727235,MAL,NA
41727673,41727811,MAL,NA
41728522,41728672,MAL,NA
41728920,41735491,NA,NA
41729069,41735512,MAL,NA
41739492,41751991,MAL,NA
41739916,41751609,NA,NA
41752010,41759994,NA,NA
41753492,41757993,OCH,NA
41758134,41760010,OCH,NA
41764012,41766992,MAL,NA
41764619,41766992,NA,NA
