segment_onset,segment_offset,speaker_type,vcm_type
10,1551,CHI,N
10,1809,NA,NA
8993,11011,MAL,NA
9011,10992,NA,NA
9492,9991,FEM,NA
12629,13636,MAL,NA
12992,28401,NA,NA
13468,20864,CHI,Y
21511,28070,CHI,N
27049,27700,MAL,NA
27859,28021,MAL,NA
28232,28418,MAL,NA
33470,33912,NA,NA
33534,33845,OCH,NA
34013,37992,MAL,NA
34493,37504,NA,NA
41907,43014,NA,NA
41992,42284,CHI,N
43511,47011,MAL,NA
44012,47141,NA,NA
46334,46515,FEM,NA
47262,47399,MAL,NA
47287,47484,NA,NA
52993,57978,NA,NA
53031,58492,MAL,NA
53209,55011,FEM,NA
55234,55421,FEM,NA
60750,62367,NA,NA
60991,61489,MAL,NA
61644,62010,FEM,NA
62071,62179,MAL,NA
67168,70803,MAL,NA
67510,69491,NA,NA
75992,76422,NA,NA
76564,76856,NA,NA
78492,81148,MAL,NA
78621,78933,NA,NA
79098,79867,NA,NA
81992,87492,MAL,NA
82492,87490,NA,NA
87991,89511,NA,NA
88493,89512,FEM,NA
104492,104747,OCH,NA
109510,111840,MAL,NA
110428,111002,NA,NA
122992,124023,NA,NA
123015,123553,MAL,NA
126158,127381,NA,NA
126485,127011,OCH,NA
126721,127011,CHI,N
131237,131909,MAL,NA
133829,134926,NA,NA
133847,134728,CHI,N
139025,141447,NA,NA
139369,140225,MAL,NA
140353,141090,CHI,N
143814,144011,NA,NA
145544,145665,NA,NA
151511,157816,NA,NA
151781,154992,CHI,N
155010,161282,MAL,NA
159209,160991,NA,NA
164492,165155,NA,NA
166436,166799,NA,NA
166987,168882,NA,NA
167493,168931,CHI,N
175264,176511,CHI,N
175343,176511,NA,NA
206992,208011,CHI,N
206992,208668,NA,NA
207925,208892,MAL,NA
209010,212010,MAL,NA
210057,211491,NA,NA
218341,219105,NA,NA
218381,219010,CHI,Y
229979,230659,MAL,NA
231923,233511,MAL,NA
231932,235083,NA,NA
233690,233813,MAL,NA
234208,235011,CHI,N
238636,239011,NA,NA
238658,239004,CHI,N
243992,244821,MAL,NA
244011,244559,NA,NA
246308,247511,CHI,N
246313,247511,NA,NA
249492,250592,NA,NA
249770,250082,OCH,NA
249806,249961,CHI,N
253503,255260,CHI,N
253511,255619,NA,NA
256510,256763,NA,NA
258647,264204,CHI,N
258672,264492,NA,NA
264948,266511,NA,NA
264988,266492,CHI,N
265493,266011,OCH,NA
290491,291510,NA,NA
290507,291469,CHI,N
305993,307048,CHI,C
306011,307012,NA,NA
311518,319512,CHI,N
311534,329617,NA,NA
320011,321130,FEM,NA
322311,322993,FEM,NA
322512,325657,CHI,C
326354,327837,CHI,Y
328396,329511,CHI,N
344137,346071,NA,NA
344220,345992,CHI,N
346511,348450,NA,NA
346548,348376,CHI,N
368980,374491,NA,NA
368992,369993,CHI,N
370970,371166,FEM,NA
371272,371986,FEM,NA
372585,372688,CHI,N
372791,374492,CHI,N
378813,380698,CHI,C
378830,382971,NA,NA
381286,382059,FEM,NA
381491,382858,MAL,NA
388064,390602,MAL,NA
388989,393491,NA,NA
390491,393453,CHI,N
396011,410159,NA,NA
396341,401527,FEM,NA
396848,398211,CHI,N
398677,400744,MAL,NA
401051,402698,MAL,NA
402960,406492,CHI,N
406011,407034,MAL,NA
407511,410054,CHI,Y
411013,415515,MAL,NA
411804,416156,NA,NA
415432,416055,CHI,N
417958,420994,MAL,NA
418011,422164,NA,NA
420512,422073,FEM,NA
421266,421430,MAL,NA
432992,434801,NA,NA
433067,433867,CHI,N
434098,434700,FEM,NA
436966,437511,CHI,N
436968,437511,NA,NA
439992,447511,CHI,C
439992,449113,NA,NA
446023,447975,FEM,NA
447788,448991,CHI,N
450090,453117,NA,NA
450483,451875,CHI,N
451752,453090,FEM,NA
455763,456084,NA,NA
455848,455968,CHI,N
456449,459011,NA,NA
456511,458011,MAL,NA
456590,456992,FEM,NA
459240,459427,NA,NA
463386,464485,MAL,NA
463561,464153,NA,NA
464511,470984,NA,NA
464802,466036,FEM,NA
465991,471487,MAL,NA
467492,468061,FEM,NA
468167,468430,FEM,NA
469670,470299,CHI,N
472492,474200,CHI,Y
472492,475273,NA,NA
473992,475787,MAL,NA
479480,486493,NA,NA
479491,483379,CHI,N
481680,482249,MAL,NA
482934,484632,FEM,NA
483538,483644,MAL,NA
484993,486407,FEM,NA
485036,485832,CHI,N
487676,489492,NA,NA
487772,488228,CHI,N
488020,489252,FEM,NA
491010,491189,NA,NA
491992,493622,CHI,N
491992,493696,NA,NA
496493,498229,NA,NA
496992,498053,FEM,NA
500324,500943,NA,NA
500384,500489,CHI,N
574655,574992,NA,NA
582488,583008,NA,NA
586710,586820,OCH,NA
591155,594265,NA,NA
591251,594184,CHI,N
598992,601626,CHI,N
598992,601682,NA,NA
620300,620472,NA,NA
620312,620469,OCH,NA
621992,623131,CHI,N
621992,623170,NA,NA
656367,657260,NA,NA
656399,657136,CHI,C
665111,666321,NA,NA
665223,665969,OCH,NA
667992,672484,NA,NA
668010,672011,FEM,NA
668841,670642,MAL,NA
672011,672197,MAL,NA
673010,677269,NA,NA
673265,674937,MAL,NA
673512,673627,FEM,NA
673993,677101,FEM,NA
677904,696510,NA,NA
678370,679209,FEM,NA
679565,680154,CHI,N
680198,682625,FEM,NA
681634,688117,MAL,NA
688147,695010,FEM,NA
690992,692490,MAL,NA
692604,692914,MAL,NA
694511,696992,MAL,NA
698492,701967,NA,NA
699000,701123,FEM,NA
703011,711924,NA,NA
703013,706012,FEM,NA
705562,710911,MAL,NA
710993,711930,CHI,N
719012,722012,NA,NA
719062,720993,CHI,N
720510,721992,FEM,NA
723492,724388,NA,NA
723585,724171,FEM,NA
724670,727724,NA,NA
724859,724992,FEM,NA
725053,725212,MAL,NA
725620,725789,FEM,NA
726362,727606,CHI,N
728993,730539,NA,NA
729019,729923,CHI,N
730011,730126,FEM,NA
731793,733619,NA,NA
732046,733440,FEM,NA
732355,732492,CHI,N
742492,745533,NA,NA
742875,743511,CHI,N
743018,744203,FEM,NA
744420,745144,CHI,N
756462,757010,NA,NA
756493,756967,CHI,N
759993,761011,CHI,N
759993,761011,NA,NA
778992,786992,NA,NA
782263,782892,OCH,NA
783331,785764,FEM,NA
785511,786993,OCH,NA
787786,789251,MAL,NA
787904,792678,NA,NA
789510,792510,FEM,NA
794991,796992,NA,NA
795002,796511,FEM,NA
796637,796993,FEM,NA
807011,807300,NA,NA
811492,811610,FEM,NA
811492,811634,NA,NA
821826,823844,NA,NA
822032,822138,OCH,NA
822484,822833,OCH,NA
824654,824973,OCH,NA
826492,827511,NA,NA
826495,827492,FEM,NA
827992,830511,MAL,NA
828492,830303,NA,NA
833294,833491,NA,NA
839744,839854,NA,NA
842493,844511,NA,NA
842678,843124,CHI,N
842992,844511,FEM,NA
846680,847936,NA,NA
846853,847769,FEM,NA
859992,861011,CHI,C
859992,861011,NA,NA
863511,864680,NA,NA
863701,864546,CHI,Y
863794,864050,FEM,NA
864235,864404,FEM,NA
867031,867492,NA,NA
867151,867273,CHI,N
873511,877993,FEM,NA
873511,878012,NA,NA
905951,906391,CHI,N
905953,906323,NA,NA
911010,912510,FEM,NA
911010,913347,NA,NA
912323,913011,MAL,NA
913010,913212,FEM,NA
914421,915992,NA,NA
914428,915891,FEM,NA
919006,920624,NA,NA
919288,920012,OCH,NA
919289,920239,CHI,N
921011,924091,NA,NA
921129,922511,CHI,N
923135,924011,FEM,NA
941492,941993,NA,NA
941836,942001,FEM,NA
949511,951033,NA,NA
949593,951011,FEM,NA
959744,960714,NA,NA
959992,960573,FEM,NA
967143,969992,NA,NA
967744,969511,FEM,NA
970277,971862,NA,NA
970292,971929,OCH,NA
995441,996187,OCH,NA
995561,996012,NA,NA
997993,999103,NA,NA
998389,998991,CHI,N
998511,998624,OCH,NA
1008011,1008161,NA,NA
1012093,1012409,NA,NA
1018643,1018780,NA,NA
1055511,1056010,NA,NA
1058041,1058493,NA,NA
1063672,1065012,NA,NA
1063712,1064991,CHI,N
1069875,1072492,NA,NA
1069991,1071510,FEM,NA
1071713,1071993,FEM,NA
1072133,1072492,FEM,NA
1087778,1088193,NA,NA
1107903,1108511,NA,NA
1107905,1108511,CHI,N
1113711,1114945,NA,NA
1113905,1114698,CHI,N
1116379,1117945,NA,NA
1116492,1117864,FEM,NA
1123585,1123906,NA,NA
1123602,1123862,CHI,N
1127760,1130148,CHI,N
1127797,1130492,NA,NA
1170983,1171908,CHI,C
1170992,1171841,NA,NA
1173076,1173992,NA,NA
1173077,1173992,CHI,N
1176733,1177992,CHI,N
1176733,1177992,NA,NA
1179294,1180693,FEM,NA
1179330,1180707,NA,NA
1183520,1196011,NA,NA
1183575,1188010,CHI,N
1188010,1190165,MAL,NA
1190143,1192688,CHI,C
1192804,1194321,FEM,NA
1195153,1195409,CHI,N
1195548,1195990,MAL,NA
1199807,1201035,FEM,NA
1199845,1201121,NA,NA
1202168,1208051,NA,NA
1202197,1203807,CHI,C
1204492,1205012,FEM,NA
1205493,1206782,OCH,NA
1205493,1206970,CHI,Y
1206696,1207710,MAL,NA
1208370,1209710,NA,NA
1208512,1209605,OCH,NA
1211380,1214203,NA,NA
1211401,1212493,CHI,N
1212128,1213790,FEM,NA
1216991,1221011,NA,NA
1217384,1218992,CHI,N
1219600,1220992,FEM,NA
1222511,1224251,NA,NA
1222973,1224011,FEM,NA
1227142,1232429,CHI,C
1227175,1235697,NA,NA
1232258,1235641,FEM,NA
1241492,1242582,NA,NA
1241546,1242511,FEM,NA
1244886,1245993,CHI,N
1244909,1245643,NA,NA
1254968,1256011,NA,NA
1254992,1256011,FEM,NA
1258296,1263492,NA,NA
1258316,1261482,CHI,C
1261327,1263339,FEM,NA
1264511,1265863,CHI,N
1264668,1267171,NA,NA
1265979,1267010,FEM,NA
1277316,1278551,NA,NA
1277409,1278516,FEM,NA
1280011,1281255,FEM,NA
1280011,1281445,NA,NA
1295107,1295365,NA,NA
1304011,1305812,CHI,C
1304011,1305893,NA,NA
1309505,1311032,NA,NA
1321407,1325832,NA,NA
1321481,1322304,CHI,N
1322511,1325569,CHI,C
1326446,1327496,NA,NA
1326677,1327441,FEM,NA
1326836,1327138,CHI,N
1330992,1333773,NA,NA
1330999,1333065,CHI,N
1332992,1333518,FEM,NA
1334495,1335065,NA,NA
1334526,1335024,CHI,N
1345631,1347511,NA,NA
1345845,1347274,CHI,N
1379217,1384004,CHI,N
1379246,1384850,NA,NA
1383959,1384732,FEM,NA
1389714,1393011,NA,NA
1389788,1392915,CHI,C
1392348,1392699,OCH,NA
1394511,1394774,NA,NA
1402748,1402993,NA,NA
1403801,1406511,CHI,Y
1403809,1408347,NA,NA
1406840,1408011,FEM,NA
1418492,1419668,NA,NA
1418492,1419741,CHI,N
1431986,1434244,NA,NA
1431992,1434105,CHI,C
1432510,1432733,FEM,NA
1433268,1433940,OCH,NA
1436819,1437504,NA,NA
1436820,1437554,CHI,N
1438390,1442264,CHI,C
1438444,1442194,NA,NA
1482769,1483483,CHI,N
1482778,1483492,NA,NA
1495511,1496991,NA,NA
1495525,1496915,CHI,C
1502429,1502775,NA,NA
1502511,1502629,CHI,N
1524511,1526011,CHI,N
1524511,1526011,NA,NA
1557308,1560011,CHI,N
1557343,1562652,NA,NA
1560813,1564633,MAL,NA
1563140,1563511,NA,NA
1566992,1568018,NA,NA
1567058,1568011,FEM,NA
1569252,1574131,NA,NA
1569329,1570674,CHI,N
1571451,1571993,CHI,N
1571511,1573492,FEM,NA
1573493,1574065,CHI,N
1578491,1579660,NA,NA
1578493,1579511,FEM,NA
1581539,1581875,NA,NA
1591355,1592339,NA,NA
1591405,1592318,CHI,N
1601741,1602011,CHI,N
1601773,1601879,NA,NA
1611011,1611230,NA,NA
1619359,1627614,NA,NA
1619404,1624772,CHI,N
1624703,1626704,FEM,NA
1626703,1627609,CHI,N
1631170,1639013,NA,NA
1631492,1635577,CHI,N
1635927,1639007,CHI,C
1640993,1641712,CHI,C
1640993,1649074,NA,NA
1641511,1642626,FEM,NA
1643107,1644855,CHI,N
1644511,1646011,OCH,NA
1645993,1649054,CHI,N
1646366,1646489,OCH,NA
1650696,1656493,CHI,C
1650701,1656493,NA,NA
1660492,1672195,NA,NA
1660510,1665618,CHI,N
1664732,1665783,FEM,NA
1665993,1667512,CHI,N
1666460,1667064,FEM,NA
1668305,1672129,FEM,NA
1673992,1683467,CHI,C
1673992,1683525,NA,NA
1675207,1675518,MAL,NA
1685175,1694259,NA,NA
1685296,1685510,CHI,N
1685939,1686725,FEM,NA
1686543,1689913,CHI,C
1690428,1691135,FEM,NA
1690850,1691012,MAL,NA
1691579,1694181,CHI,C
1695772,1700011,NA,NA
1695846,1700011,CHI,N
1709130,1709429,NA,NA
1709141,1709423,FEM,NA
1711976,1712384,MAL,NA
1722448,1726125,NA,NA
1722511,1724011,CHI,N
1724220,1726127,CHI,N
1727489,1728770,NA,NA
1727492,1728788,CHI,N
1731513,1732011,NA,NA
1737904,1741703,NA,NA
1737921,1740206,CHI,C
1740493,1741764,CHI,N
1743992,1744991,FEM,NA
1743992,1744991,NA,NA
1750391,1750933,FEM,NA
1750511,1750725,NA,NA
1764492,1765209,NA,NA
1774010,1777530,NA,NA
1774288,1777501,CHI,N
1779281,1779482,NA,NA
1798511,1798788,NA,NA
1805870,1806174,NA,NA
1806489,1808511,NA,NA
1807360,1808511,FEM,NA
1911808,1913458,NA,NA
1911927,1912492,CHI,N
1912493,1913335,FEM,NA
1940159,1942491,NA,NA
1940185,1941992,FEM,NA
1943011,1951918,NA,NA
1943089,1945992,FEM,NA
1947628,1949359,CHI,Y
1948992,1951015,MAL,NA
1954511,1954757,NA,NA
1954989,1958833,NA,NA
1955011,1957537,FEM,NA
1955313,1956082,MAL,NA
1956590,1956789,OCH,NA
1957269,1957372,OCH,NA
1959140,1962010,NA,NA
1959228,1962011,CHI,N
1970823,1971349,NA,NA
1970992,1971230,OCH,NA
1972666,1974033,NA,NA
1972782,1973140,CHI,N
1973381,1973492,CHI,N
1975492,1975905,FEM,NA
1975492,1976010,NA,NA
1977375,1977510,CHI,N
1977387,1977492,NA,NA
1978363,1978493,NA,NA
1995393,1996242,CHI,N
1995408,1996282,NA,NA
2001345,2003493,FEM,NA
2001353,2003511,NA,NA
2005849,2006671,NA,NA
2005865,2006511,CHI,N
2007961,2009011,NA,NA
2007988,2009011,CHI,N
2021669,2022177,NA,NA
2032224,2038679,NA,NA
2032366,2032751,CHI,N
2033419,2038510,CHI,Y
2033468,2033993,OCH,NA
2036384,2037511,OCH,NA
2037798,2037953,OCH,NA
2044832,2049312,NA,NA
2044886,2048347,CHI,N
2049511,2053067,NA,NA
2050488,2051612,OCH,NA
2050491,2052162,CHI,N
2052408,2053010,CHI,N
2060213,2063492,CHI,N
2060232,2064992,NA,NA
2062014,2062125,OCH,NA
2062279,2062993,OCH,NA
2066450,2075993,NA,NA
2066491,2075993,CHI,N
2071992,2072446,MAL,NA
2076492,2083180,CHI,N
2076499,2083254,NA,NA
2086943,2088224,NA,NA
2086992,2088028,FEM,NA
2088578,2098992,NA,NA
2089010,2098992,CHI,N
2104191,2105232,NA,NA
2104491,2104683,CHI,N
2108492,2112510,NA,NA
2108511,2108715,FEM,NA
2111376,2111734,FEM,NA
2113493,2116365,NA,NA
2113979,2115970,OCH,NA
2115047,2115953,FEM,NA
2117510,2119167,NA,NA
2117580,2118511,CHI,N
2119559,2119787,NA,NA
2120182,2121306,NA,NA
2120342,2121010,CHI,N
2123493,2125483,CHI,N
2123493,2126510,NA,NA
2129011,2165512,NA,NA
2129492,2133954,FEM,NA
2133856,2134934,CHI,N
2134492,2140012,MAL,NA
2140977,2143493,FEM,NA
2142259,2144286,OCH,NA
2144713,2144991,OCH,NA
2145511,2147511,FEM,NA
2146993,2153492,OCH,NA
2148785,2148993,FEM,NA
2148992,2150492,CHI,N
2154011,2155832,OCH,NA
2156780,2159007,OCH,NA
2158993,2159310,FEM,NA
2159479,2161492,FEM,NA
2161634,2162032,MAL,NA
2162660,2162800,MAL,NA
2163088,2164578,MAL,NA
2167013,2169993,MAL,NA
2167724,2167827,NA,NA
2167946,2168928,NA,NA
2174808,2177493,NA,NA
2175491,2177469,FEM,NA
2180512,2181079,MAL,NA
2183012,2183331,MAL,NA
2183146,2184806,NA,NA
2185137,2187010,MAL,NA
2185441,2188894,NA,NA
2187010,2188853,FEM,NA
2191011,2191510,NA,NA
2191107,2191510,FEM,NA
2207491,2210056,MAL,NA
2208011,2210011,NA,NA
2239993,2245028,OCH,NA
2240497,2245011,NA,NA
2245280,2245936,OCH,NA
2248012,2248218,NA,NA
2249432,2251266,NA,NA
2249998,2250231,OCH,NA
2250393,2250511,OCH,NA
2259708,2260012,NA,NA
2259736,2259852,CHI,N
2267409,2269510,NA,NA
2267457,2269227,FEM,NA
2268410,2269315,MAL,NA
2270698,2272021,NA,NA
2270746,2271011,OCH,NA
2274823,2276129,NA,NA
2275030,2276010,MAL,NA
2277492,2279574,OCH,NA
2277511,2279771,NA,NA
2282492,2287119,NA,NA
2282936,2283699,CHI,Y
2284227,2286993,OCH,NA
2287452,2292007,NA,NA
2287852,2291681,CHI,Y
2287870,2289411,OCH,NA
2292992,2293993,MAL,NA
2293233,2299035,NA,NA
2294511,2298492,OCH,NA
2296095,2298992,CHI,N
2298768,2298883,OCH,NA
2299492,2304003,MAL,NA
2299762,2303491,NA,NA
2304492,2304762,MAL,NA
2306011,2325993,NA,NA
2306512,2306625,FEM,NA
2306991,2307911,FEM,NA
2307072,2308992,OCH,NA
2307992,2309023,CHI,N
2308961,2309943,FEM,NA
2309099,2309224,OCH,NA
2309391,2310749,OCH,NA
2311065,2311991,CHI,N
2311227,2316492,OCH,NA
2316484,2317346,MAL,NA
2316689,2318010,FEM,NA
2317476,2318536,MAL,NA
2319624,2320039,OCH,NA
2319902,2320093,CHI,N
2320010,2324705,FEM,NA
2324391,2326311,MAL,NA
2337191,2338003,CHI,N
2337225,2337993,NA,NA
2347095,2348512,FEM,NA
2347115,2351011,NA,NA
2348511,2348992,CHI,C
2348715,2350070,MAL,NA
2349206,2349375,FEM,NA
2350119,2350991,CHI,N
2352993,2355050,FEM,NA
2352993,2355995,NA,NA
2357512,2359011,NA,NA
2357920,2359010,MAL,NA
2360173,2362277,MAL,NA
2360875,2364992,NA,NA
2362983,2363773,OCH,NA
2363006,2363202,FEM,NA
2364122,2364505,OCH,NA
2365991,2366992,CHI,N
2365991,2367010,NA,NA
2391783,2392816,NA,NA
2391832,2392826,CHI,C
2401228,2401387,NA,NA
2406491,2406992,NA,NA
2413493,2415126,NA,NA
2413495,2415083,CHI,N
2417168,2417274,NA,NA
2419495,2422342,FEM,NA
2419507,2423010,NA,NA
2421505,2423491,MAL,NA
2425012,2427012,FEM,NA
2425067,2426992,NA,NA
2430467,2430889,MAL,NA
2430493,2431619,NA,NA
2432540,2432699,NA,NA
2433993,2434492,NA,NA
2434011,2434154,FEM,NA
2434992,2437159,NA,NA
2435493,2435787,FEM,NA
2442012,2443511,NA,NA
2442263,2443485,CHI,N
2448584,2449514,NA,NA
2449059,2449285,FEM,NA
2451750,2452511,MAL,NA
2451752,2452754,NA,NA
2455031,2466116,NA,NA
2455032,2455184,OCH,NA
2456492,2458647,FEM,NA
2458991,2460051,CHI,N
2460011,2462492,MAL,NA
2461337,2462461,FEM,NA
2463011,2463608,FEM,NA
2463230,2463353,CHI,N
2464012,2466012,FEM,NA
2481992,2483173,NA,NA
2482316,2482993,CHI,N
2482383,2482931,FEM,NA
2559200,2559337,NA,NA
2559506,2559796,NA,NA
2559992,2568311,NA,NA
2560417,2563001,MAL,NA
2562104,2566491,FEM,NA
2566986,2567798,MAL,NA
2569777,2573017,MAL,NA
2570122,2572896,NA,NA
2594492,2595749,CHI,N
2594492,2602010,NA,NA
2596011,2597493,FEM,NA
2597493,2598975,CHI,C
2599125,2600143,FEM,NA
2599282,2600011,MAL,NA
2600259,2601511,CHI,N
2602830,2603011,NA,NA
2604012,2604511,NA,NA
2605384,2605492,NA,NA
2621460,2622292,CHI,N
2621467,2624159,NA,NA
2622221,2623213,FEM,NA
2623259,2624062,CHI,N
2624430,2626728,NA,NA
2624511,2625510,FEM,NA
2625620,2626700,CHI,N
2629324,2631911,CHI,N
2629398,2631992,NA,NA
2632168,2634011,NA,NA
2632190,2633970,CHI,N
2634512,2634662,NA,NA
2635684,2636065,NA,NA
2635711,2636011,CHI,N
2637871,2638823,NA,NA
2637912,2638511,CHI,N
2642752,2644109,NA,NA
2642757,2644078,CHI,N
2644292,2645522,CHI,N
2644292,2645586,NA,NA
2646675,2648492,NA,NA
2646775,2648361,CHI,C
2649466,2650161,NA,NA
2649473,2650167,CHI,N
2670449,2671747,CHI,C
2670462,2671805,NA,NA
2700817,2701580,NA,NA
2700992,2701491,FEM,NA
2702992,2703491,NA,NA
2718846,2720852,CHI,N
2718893,2721011,NA,NA
2723004,2723748,CHI,N
2723011,2723738,NA,NA
2726009,2727010,NA,NA
2726011,2727010,CHI,N
2739344,2739516,NA,NA
2776985,2777258,NA,NA
2780772,2783361,CHI,N
2780792,2783340,NA,NA
2787949,2791408,NA,NA
2787983,2788992,CHI,N
2788914,2791047,FEM,NA
2791511,2793992,NA,NA
2791949,2793940,CHI,N
2796616,2797202,NA,NA
2797642,2818746,NA,NA
2798957,2801525,CHI,N
2799961,2800508,MAL,NA
2801491,2803011,FEM,NA
2802322,2810511,CHI,C
2810987,2813825,MAL,NA
2813461,2815282,FEM,NA
2816181,2817492,CHI,Y
2817072,2819362,MAL,NA
2820356,2822492,MAL,NA
2820521,2821991,NA,NA
2823010,2838613,NA,NA
2823123,2823511,FEM,NA
2823844,2826492,CHI,N
2826671,2826882,FEM,NA
2827367,2827797,MAL,NA
2827398,2827595,FEM,NA
2827803,2829766,CHI,Y
2828672,2829416,OCH,NA
2829500,2831471,MAL,NA
2831011,2832012,CHI,N
2831639,2833335,MAL,NA
2833010,2834510,FEM,NA
2834492,2835511,CHI,Y
2834846,2838486,MAL,NA
2839011,2846510,NA,NA
2839492,2842492,FEM,NA
2839565,2840100,MAL,NA
2840219,2840332,MAL,NA
2841510,2845035,MAL,NA
2844924,2846510,FEM,NA
2845206,2845390,MAL,NA
2848687,2849322,NA,NA
2848723,2849329,CHI,N
2850010,2859992,NA,NA
2850574,2851808,FEM,NA
2851009,2851596,MAL,NA
2851779,2852991,MAL,NA
2852418,2852933,FEM,NA
2853795,2854214,MAL,NA
2854492,2855992,CHI,N
2855724,2856510,MAL,NA
2855993,2856148,FEM,NA
2856492,2859148,CHI,Y
2861011,2861624,NA,NA
2862577,2870778,NA,NA
2862758,2863079,CHI,N
2863593,2864992,CHI,Y
2864688,2865513,FEM,NA
2865360,2865542,MAL,NA
2866177,2870678,CHI,N
2871956,2873033,NA,NA
2872024,2872456,OCH,NA
2872100,2872493,CHI,N
2873151,2876496,NA,NA
2873861,2875105,CHI,N
2874980,2876011,MAL,NA
2875913,2876330,CHI,N
2875930,2876234,OCH,NA
2876190,2876436,MAL,NA
2876653,2876990,MAL,NA
2877353,2877512,MAL,NA
2877643,2878011,MAL,NA
2879165,2884012,NA,NA
2879245,2883597,CHI,N
2884948,2909010,NA,NA
2885993,2895227,CHI,C
2890797,2891511,FEM,NA
2895077,2896437,FEM,NA
2895956,2899810,CHI,N
2899493,2901908,MAL,NA
2901786,2902419,CHI,N
2901920,2903405,FEM,NA
2902595,2908511,CHI,Y
2908054,2908665,FEM,NA
2910163,2913992,NA,NA
2910214,2913012,CHI,N
2913084,2913967,FEM,NA
2922765,2923511,NA,NA
2922777,2923386,FEM,NA
2925766,2926770,FEM,NA
2925769,2926992,NA,NA
2928813,2930492,FEM,NA
2928830,2931003,NA,NA
2932991,2934010,NA,NA
2933067,2934010,FEM,NA
2939993,2941179,CHI,N
2939993,2953220,NA,NA
2941161,2942351,FEM,NA
2942011,2948832,CHI,C
2948493,2949992,FEM,NA
2949683,2951242,CHI,N
2950790,2952240,FEM,NA
2951512,2953011,CHI,N
2956011,2956300,NA,NA
2956510,2968992,NA,NA
2956829,2959011,FEM,NA
2958068,2962511,MAL,NA
2962511,2964025,FEM,NA
2963388,2963945,MAL,NA
2964011,2968798,CHI,N
2970354,2971820,CHI,C
2970403,2971822,NA,NA
2972163,2972477,NA,NA
2972747,2977167,CHI,C
2972788,2979357,NA,NA
2977725,2977830,MAL,NA
2977989,2979165,MAL,NA
2982511,2985046,NA,NA
2982850,2985010,FEM,NA
2995341,2996912,NA,NA
2995356,2996812,FEM,NA
3006011,3009756,MAL,NA
3006519,3009231,NA,NA
3010993,3013620,MAL,NA
3011492,3013458,NA,NA
3016892,3017967,MAL,NA
3017206,3017641,NA,NA
3018354,3021282,NA,NA
3018511,3020511,FEM,NA
3019751,3019898,MAL,NA
3020306,3021406,MAL,NA
3023725,3032492,NA,NA
3023992,3028687,FEM,NA
3028492,3031470,MAL,NA
3029010,3032431,FEM,NA
3033217,3035353,MAL,NA
3033511,3034858,NA,NA
3036992,3037991,MAL,NA
3044010,3046634,FEM,NA
3044010,3046796,NA,NA
3045511,3045906,MAL,NA
3085199,3087992,MAL,NA
3085972,3087011,NA,NA
3090992,3093906,FEM,NA
3090992,3093975,NA,NA
3169118,3172491,NA,NA
3169295,3172491,FEM,NA
3227695,3230046,NA,NA
3227700,3230012,FEM,NA
3229492,3229689,OCH,NA
3234011,3234136,NA,NA
3234016,3234136,FEM,NA
3234735,3234848,FEM,NA
3248873,3249985,MAL,NA
3248993,3249990,NA,NA
3261011,3263510,NA,NA
3261514,3263011,CHI,C
3264357,3265467,NA,NA
3264427,3265240,CHI,N
3267476,3269226,CHI,N
3267493,3269493,NA,NA
3270486,3270992,NA,NA
3275222,3283992,NA,NA
3275223,3277607,CHI,N
3277166,3279012,MAL,NA
3278909,3280639,CHI,N
3280110,3284492,MAL,NA
3286011,3288692,NA,NA
3286011,3288696,CHI,N
3290002,3291944,CHI,N
3290011,3299896,NA,NA
3291519,3292685,FEM,NA
3293112,3294656,CHI,Y
3294174,3294608,MAL,NA
3295156,3299506,CHI,N
3295261,3295511,OCH,NA
3300073,3301384,NA,NA
3300254,3301138,CHI,Y
3300757,3301012,OCH,NA
3302767,3302937,NA,NA
3302799,3302907,NA,J
3303485,3305227,NA,NA
3303501,3304993,FEM,NA
3310806,3311012,NA,NA
3313943,3319211,NA,NA
3313955,3315617,FEM,NA
3315870,3317011,FEM,NA
3317289,3319010,CHI,N
3317505,3318825,OCH,NA
3323511,3329011,CHI,N
3323511,3329073,NA,NA
3329372,3329492,NA,NA
3334512,3334698,NA,NA
3341993,3344126,CHI,N
3342004,3344491,NA,NA
3352011,3352510,NA,NA
3355511,3364013,NA,NA
3355656,3355769,OCH,NA
3356011,3356401,OCH,NA
3356929,3358493,OCH,NA
3357293,3363449,CHI,Y
3364165,3364388,NA,NA
3365086,3381399,NA,NA
3365280,3367038,CHI,N
3365450,3365907,OCH,NA
3366979,3368439,FEM,NA
3366993,3367908,MAL,NA
3367992,3369199,CHI,Y
3368765,3371511,FEM,NA
3370564,3370750,CHI,N
3371011,3371440,CHI,N
3372843,3374512,CHI,C
3374487,3375224,FEM,NA
3374492,3374988,MAL,NA
3375130,3378191,CHI,N
3378569,3380089,CHI,Y
3379511,3379626,FEM,NA
3379767,3381134,FEM,NA
3382314,3387749,NA,NA
3382533,3387759,FEM,NA
3382693,3382880,MAL,NA
3385078,3386965,MAL,NA
3391016,3392533,NA,NA
3391035,3392512,FEM,NA
3395636,3398491,NA,NA
3395689,3398126,FEM,NA
3407214,3407577,MAL,NA
3411992,3412451,FEM,NA
3411992,3412459,NA,NA
3417957,3420114,NA,NA
3417991,3420048,FEM,NA
3422993,3423511,NA,NA
3423011,3423490,FEM,NA
3425510,3429951,MAL,NA
3425993,3436901,NA,NA
3429822,3431003,OCH,NA
3429856,3430577,CHI,N
3431012,3431302,FEM,NA
3431705,3436666,FEM,NA
3433590,3434147,CHI,N
3437009,3439993,NA,NA
3437318,3439750,FEM,NA
3438040,3438855,MAL,NA
3438960,3439065,MAL,NA
3439223,3439549,MAL,NA
3441634,3454010,NA,NA
3441778,3446012,FEM,NA
3443418,3444375,MAL,NA
3444591,3448882,MAL,NA
3448808,3453781,FEM,NA
3453234,3453366,MAL,NA
3453492,3456010,MAL,NA
3454421,3455088,NA,NA
3456889,3459057,NA,NA
3456903,3458992,FEM,NA
3460151,3460303,NA,NA
3460438,3462271,NA,NA
3460933,3461881,FEM,NA
3461464,3461678,OCH,NA
3462510,3467481,NA,NA
3462991,3464854,FEM,NA
3463184,3466993,MAL,NA
3466284,3467383,FEM,NA
3469829,3473990,MAL,NA
3470492,3477045,NA,NA
3473493,3474025,CHI,N
3474478,3475207,FEM,NA
3474993,3477990,MAL,NA
3478884,3482510,MAL,NA
3479483,3482011,NA,NA
3510005,3517486,NA,NA
3510012,3511991,CHI,N
3511932,3514492,FEM,NA
3514992,3515976,OCH,NA
3514992,3516015,CHI,N
3515927,3518011,MAL,NA
3521011,3524011,MAL,NA
3521703,3523034,NA,NA
3525010,3527558,MAL,NA
3525491,3527011,NA,NA
3529467,3536011,NA,NA
3529676,3530010,FEM,NA
3529700,3533011,MAL,NA
3532992,3534011,CHI,C
3533897,3536199,MAL,NA
3536992,3537976,MAL,NA
3541511,3544491,MAL,NA
3542427,3547010,NA,NA
3544324,3545097,CHI,N
3544876,3554493,MAL,NA
3548011,3550441,NA,NA
3550579,3554052,NA,NA
3554861,3557234,NA,NA
3554904,3557245,CHI,N
3559312,3565991,NA,NA
3559403,3560510,CHI,N
3561681,3565898,CHI,Y
3561773,3561928,MAL,NA
3562692,3562812,MAL,NA
3566722,3585992,NA,NA
3566749,3570507,CHI,C
3570745,3573205,FEM,NA
3572699,3575011,CHI,N
3574513,3576992,MAL,NA
3577866,3581013,CHI,Y
3578794,3578926,OCH,NA
3580217,3582716,FEM,NA
3583168,3585836,FEM,NA
3583423,3583922,NA,J
3586953,3595016,NA,NA
3587011,3588012,CHI,N
3588013,3588561,MAL,NA
3588052,3590015,FEM,NA
3590413,3591010,CHI,Y
3591493,3591636,CHI,N
3592203,3593217,MAL,NA
3593455,3594138,OCH,NA
3593886,3594679,CHI,N
3595887,3602993,NA,NA
3595970,3601011,CHI,Y
3597409,3597536,OCH,NA
3598108,3599011,FEM,NA
3600992,3602698,FEM,NA
3601837,3602385,MAL,NA
3606182,3615991,NA,NA
3606324,3607011,CHI,C
3606512,3609408,OCH,NA
3608299,3608485,CHI,N
3608987,3613012,CHI,N
3613653,3614011,OCH,NA
3613837,3613992,CHI,N
3614245,3615511,CHI,N
3615683,3615983,CHI,N
3616593,3618512,NA,NA
3616677,3618618,CHI,Y
3618911,3619510,CHI,N
3618975,3619510,NA,NA
3620999,3621601,NA,NA
3621076,3621336,OCH,NA
3621117,3621512,CHI,N
3625368,3626600,NA,NA
3625383,3626492,FEM,NA
3629991,3633466,OCH,NA
3630012,3636676,NA,NA
3634478,3636500,CHI,N
3637011,3644257,NA,NA
3637332,3638010,CHI,N
3639210,3639318,FEM,NA
3639511,3640200,CHI,N
3639654,3639819,MAL,NA
3640540,3642889,CHI,N
3645530,3647992,NA,NA
3646038,3647511,FEM,NA
3646877,3647525,OCH,NA
3647845,3647990,OCH,NA
3648512,3648676,NA,NA
3649011,3651708,NA,NA
3649492,3650314,OCH,NA
3649953,3650512,FEM,NA
3652302,3652958,NA,NA
3652511,3652798,MAL,NA
3652977,3654384,MAL,NA
3653173,3653826,NA,NA
3655095,3658441,NA,NA
3655150,3657011,CHI,N
3657012,3658011,FEM,NA
3660829,3663510,NA,NA
3661624,3661757,FEM,NA
3661673,3663079,CHI,C
3662511,3663211,FEM,NA
3664798,3672549,NA,NA
3664821,3668059,CHI,N
3666381,3667174,FEM,NA
3668011,3668993,FEM,NA
3677282,3677501,OCH,NA
3677327,3677511,NA,NA
3678510,3679885,NA,NA
3678897,3679771,CHI,N
3680510,3683492,NA,NA
3680888,3681511,MAL,NA
3681558,3681855,FEM,NA
3681825,3682954,CHI,Y
3688991,3690510,NA,NA
3689189,3689511,CHI,N
3689616,3689786,CHI,N
3689857,3690011,OCH,NA
3689904,3690009,CHI,N
3691992,3692896,NA,NA
3692539,3692654,MAL,NA
3693939,3697543,NA,NA
3693998,3695011,CHI,N
3694289,3697512,MAL,NA
3696778,3697041,CHI,N
3698511,3701616,NA,NA
3698747,3700011,CHI,N
3699375,3700614,MAL,NA
3700630,3701185,CHI,N
3700839,3701011,OCH,NA
3701717,3707536,NA,NA
3702011,3704011,CHI,N
3703600,3704920,MAL,NA
3704511,3705810,CHI,N
3705747,3707011,FEM,NA
3708813,3709085,NA,NA
3709240,3709370,NA,NA
3711099,3711347,OCH,NA
3711104,3714275,NA,NA
3711493,3711638,OCH,NA
3711658,3712843,MAL,NA
3712993,3713233,FEM,NA
3713011,3713568,MAL,NA
3713804,3714010,FEM,NA
3714798,3716992,NA,NA
3714992,3716492,FEM,NA
3715997,3716920,MAL,NA
3718546,3719010,NA,NA
3718614,3718973,CHI,N
3723492,3723683,FEM,NA
3723492,3723830,NA,NA
3724893,3742016,NA,NA
3724993,3726304,CHI,N
3727045,3727519,FEM,NA
3727991,3731066,CHI,N
3731145,3732527,FEM,NA
3731567,3732492,CHI,N
3732011,3733062,OCH,NA
3732630,3732846,FEM,NA
3734011,3734890,CHI,N
3734716,3736106,FEM,NA
3735944,3736605,CHI,N
3736511,3738668,FEM,NA
3738552,3739354,CHI,N
3739915,3741992,CHI,N
3743634,3746010,NA,NA
3743742,3744954,FEM,NA
3744625,3745506,CHI,N
3747992,3752157,NA,NA
3748093,3749993,CHI,N
3753493,3756480,NA,NA
3753748,3754511,FEM,NA
3754578,3754720,OCH,NA
3754991,3756272,OCH,NA
3756659,3760898,NA,NA
3757970,3760012,CHI,N
3760403,3760519,OCH,NA
3761492,3765493,NA,NA
3761819,3762011,FEM,NA
3761851,3765148,CHI,N
3762237,3762769,FEM,NA
3766638,3770560,NA,NA
3766804,3766969,FEM,NA
3768150,3770389,CHI,Y
3769011,3769505,FEM,NA
3769443,3770405,OCH,NA
3770992,3772511,MAL,NA
3771223,3787010,NA,NA
3772816,3772948,MAL,NA
3772992,3773328,CHI,N
3773771,3779934,CHI,N
3773912,3776232,OCH,NA
3776396,3776511,OCH,NA
3778491,3780457,MAL,NA
3780282,3781139,CHI,N
3780943,3781220,MAL,NA
3781041,3781703,FEM,NA
3781352,3784145,CHI,N
3784511,3786511,CHI,N
3786677,3786962,CHI,N
3788512,3791487,MAL,NA
3788993,3794493,NA,NA
3791418,3792940,CHI,Y
3792493,3795485,MAL,NA
3796883,3797944,NA,NA
3796991,3797747,CHI,Y
3798343,3801492,MAL,NA
3798492,3801747,NA,NA
3800670,3800903,OCH,NA
3802010,3805154,NA,NA
3802734,3805993,MAL,NA
3805672,3805795,NA,NA
3807223,3808710,CHI,C
3807231,3811826,NA,NA
3808988,3810490,MAL,NA
3812010,3813510,NA,NA
3812493,3813492,CHI,N
3814452,3817511,MAL,NA
3814992,3817513,NA,NA
3817771,3818007,NA,NA
3820011,3830735,NA,NA
3820304,3821119,CHI,N
3821011,3822113,FEM,NA
3823011,3824511,CHI,N
3824035,3825940,FEM,NA
3826011,3827491,CHI,N
3828011,3830746,FEM,NA
3835011,3836498,CHI,N
3835011,3840257,NA,NA
3836703,3838456,OCH,NA
3836729,3837011,CHI,N
3837343,3837512,CHI,N
3838195,3840114,FEM,NA
3842011,3842256,NA,NA
3842492,3844493,FEM,NA
3842492,3848122,NA,NA
3844019,3844313,CHI,N
3845252,3847237,MAL,NA
3845337,3845492,CHI,N
3847233,3848011,CHI,N
3850662,3851376,NA,NA
3850779,3851299,OCH,NA
3851798,3852510,NA,NA
3851879,3852011,OCH,NA
3854010,3854378,NA,NA
3855755,3858418,NA,NA
3855992,3857011,FEM,NA
3857328,3858126,FEM,NA
3858575,3859024,NA,NA
3858632,3859010,FEM,NA
3860865,3861280,NA,NA
3862490,3863796,NA,NA
3862492,3863815,CHI,N
3864427,3875595,NA,NA
3864574,3865635,CHI,N
3864699,3864812,FEM,NA
3865237,3865704,OCH,NA
3866290,3867011,OCH,NA
3867011,3867905,CHI,N
3868516,3870369,CHI,N
3869552,3870073,FEM,NA
3870992,3871581,OCH,NA
3870992,3871605,CHI,N
3872259,3874829,CHI,Y
3872537,3872675,OCH,NA
3875636,3879640,MAL,NA
3875715,3879284,NA,NA
3879881,3879987,MAL,NA
3881917,3882703,NA,NA
3882296,3882439,OCH,NA
3885406,3886992,NA,NA
3885432,3886075,CHI,N
3885962,3886176,MAL,NA
3886368,3887011,MAL,NA
3888992,3889390,NA,NA
3889007,3889233,CHI,N
3890636,3891564,MAL,NA
3891404,3891512,NA,NA
3893960,3894492,NA,NA
3894779,3896492,NA,NA
3895187,3895492,FEM,NA
3895536,3896010,CHI,C
3895768,3896149,OCH,NA
3897258,3897381,NA,NA
3898493,3898987,NA,NA
3899527,3900214,OCH,NA
3899622,3899882,NA,NA
3900859,3915110,NA,NA
3901001,3901246,CHI,N
3901011,3904546,OCH,NA
3901395,3901891,CHI,N
3903012,3904121,CHI,N
3905012,3905140,MAL,NA
3905268,3906510,MAL,NA
3906809,3909992,CHI,Y
3906993,3909433,OCH,NA
3910447,3912492,OCH,NA
3910493,3913066,CHI,Y
3913422,3914949,CHI,N
3913534,3913780,FEM,NA
3913993,3914492,FEM,NA
3915795,3932648,NA,NA
3915992,3917737,OCH,NA
3918826,3919992,OCH,NA
3919335,3921510,CHI,N
3921740,3924011,CHI,N
3922050,3923942,OCH,NA
3924511,3926011,FEM,NA
3926126,3926448,FEM,NA
3926220,3927492,MAL,NA
3927508,3929012,FEM,NA
3929011,3929298,MAL,NA
3929492,3932983,MAL,NA
3933492,3937927,MAL,NA
3933993,3939012,NA,NA
3937012,3939012,FEM,NA
3939967,3941511,MAL,NA
3941511,3941730,NA,NA
3941890,3944057,NA,NA
3942010,3942388,FEM,NA
3942761,3943011,FEM,NA
3942992,3944123,MAL,NA
3945328,3945485,NA,NA
3945763,3946424,NA,NA
3948510,3956858,NA,NA
3948929,3949992,OCH,NA
3949012,3950438,FEM,NA
3951011,3951511,OCH,NA
3951992,3952493,OCH,NA
3951992,3952952,CHI,Y
3952641,3952842,OCH,NA
3952950,3953104,FEM,NA
3953510,3956072,MAL,NA
3959494,3960863,NA,NA
3959837,3960829,OCH,NA
3963011,3975868,NA,NA
3963013,3964012,CHI,N
3964336,3964776,CHI,N
3964459,3964589,OCH,NA
3964891,3966011,FEM,NA
3965578,3967645,MAL,NA
3967491,3968055,CHI,N
3968096,3968994,MAL,NA
3969621,3970900,CHI,N
3970539,3976060,MAL,NA
3976617,3977292,NA,NA
3978492,3978634,OCH,NA
3979589,3982993,NA,NA
3979751,3980011,OCH,NA
3980170,3980332,OCH,NA
3981223,3981992,FEM,NA
3981290,3981422,OCH,NA
3982579,3982817,OCH,NA
3984010,3985991,FEM,NA
3984010,3990930,NA,NA
3985011,3987012,OCH,NA
3987011,3988147,MAL,NA
3988273,3990814,OCH,NA
3988867,3988992,CHI,N
3989010,3990482,FEM,NA
3992358,4002854,NA,NA
3993089,3995011,FEM,NA
3994512,3996512,OCH,NA
3997235,3998511,CHI,N
3997350,4001953,OCH,NA
3999134,3999450,FEM,NA
4000492,4001992,CHI,Y
4001992,4002691,FEM,NA
4003661,4004122,NA,NA
4003707,4003886,OCH,NA
4004492,4006993,MAL,NA
4004762,4023493,NA,NA
4007090,4008511,CHI,N
4008236,4011562,FEM,NA
4012229,4013506,CHI,N
4013493,4013996,FEM,NA
4013511,4016010,MAL,NA
4015550,4015725,OCH,NA
4016512,4019521,MAL,NA
4016562,4016677,OCH,NA
4016778,4016927,OCH,NA
4019433,4020056,CHI,N
4019944,4021424,MAL,NA
4020190,4020492,CHI,N
4021233,4023010,CHI,Y
4024242,4026260,NA,NA
4026562,4027132,NA,NA
4027511,4030994,NA,NA
4027686,4028464,MAL,NA
4028493,4029411,OCH,NA
4028734,4030028,FEM,NA
4030398,4030992,FEM,NA
4032111,4033442,OCH,NA
4033061,4033380,NA,NA
4034041,4034579,NA,NA
4034203,4034355,MAL,NA
4034683,4046261,NA,NA
4035057,4035249,OCH,NA
4035936,4036942,OCH,NA
4035992,4039492,FEM,NA
4038999,4039129,MAL,NA
4039335,4040739,MAL,NA
4040756,4042840,FEM,NA
4040862,4042011,MAL,NA
4042992,4045628,MAL,NA
4046011,4046210,MAL,NA
4046509,4056945,NA,NA
4047231,4051249,FEM,NA
4051492,4054492,FEM,NA
4054011,4055035,CHI,N
4055810,4056510,MAL,NA
4059511,4060297,NA,NA
4060452,4067391,NA,NA
4060511,4064492,CHI,Y
4062366,4062481,OCH,NA
4062801,4067011,OCH,NA
4068311,4077994,NA,NA
4068468,4071716,CHI,Y
4068505,4069113,OCH,NA
4069374,4074033,OCH,NA
4071612,4072493,FEM,NA
4074408,4075993,FEM,NA
4075512,4076197,OCH,NA
4076011,4076259,CHI,N
4076772,4077511,CHI,N
4077010,4077741,FEM,NA
4078996,4079193,MAL,NA
4079295,4081011,MAL,NA
4079492,4087415,NA,NA
4080760,4081131,CHI,N
4081617,4082327,FEM,NA
4082150,4084972,CHI,N
4083519,4083944,MAL,NA
4084822,4087946,MAL,NA
4092034,4095492,NA,NA
4092211,4092930,CHI,N
4092658,4094992,FEM,NA
4094081,4094211,MAL,NA
4096072,4101990,NA,NA
4096992,4097949,FEM,NA
4098198,4100938,CHI,Y
4099012,4099164,OCH,NA
4099493,4100651,OCH,NA
4100939,4101992,MAL,NA
4105510,4106556,NA,NA
4106012,4106441,CHI,N
4108992,4109800,CHI,N
4108992,4109861,NA,NA
4111511,4111676,NA,NA
4111979,4118609,NA,NA
4112070,4114493,CHI,N
4112164,4113516,OCH,NA
4113951,4116992,FEM,NA
4115510,4118510,CHI,Y
4117114,4118018,OCH,NA
4120011,4122795,NA,NA
4120349,4122114,FEM,NA
4123492,4129992,NA,NA
4123511,4123796,FEM,NA
4123992,4124291,MAL,NA
4124439,4125538,CHI,Y
4125992,4127328,FEM,NA
4128082,4128290,CHI,N
4128199,4129995,MAL,NA
4133147,4137511,NA,NA
4133244,4133791,CHI,N
4134022,4135072,MAL,NA
4135011,4136808,FEM,NA
4136513,4136618,MAL,NA
4136970,4138990,MAL,NA
4138115,4150012,NA,NA
4139281,4143992,FEM,NA
4143493,4149720,CHI,Y
4149510,4149773,OCH,NA
4151436,4169492,NA,NA
4151476,4152490,FEM,NA
4152912,4158493,FEM,NA
4152976,4153413,CHI,N
4155666,4156969,MAL,NA
4158763,4159659,CHI,N
4158992,4159179,OCH,NA
4160145,4162038,CHI,Y
4161616,4163823,FEM,NA
4163992,4165428,CHI,N
4165992,4167224,FEM,NA
4167836,4168010,FEM,NA
4170277,4171988,MAL,NA
4170493,4178014,NA,NA
4171993,4176011,FEM,NA
4176465,4177992,OCH,NA
4178955,4180487,MAL,NA
4179492,4185078,NA,NA
4180403,4182210,CHI,N
4182511,4184511,CHI,N
4182833,4183268,FEM,NA
4185314,4185493,NA,NA
4187012,4190011,MAL,NA
4187012,4190397,NA,NA
4190716,4192172,NA,NA
4190915,4191492,FEM,NA
4191602,4191715,MAL,NA
4192493,4195493,MAL,NA
4192511,4194870,NA,NA
4196237,4197265,CHI,N
4196273,4197253,NA,NA
4199403,4201990,MAL,NA
4199492,4201070,NA,NA
4203510,4203625,NA,NA
4203787,4208650,NA,NA
4203993,4207341,FEM,NA
4212299,4215380,NA,NA
4213733,4213991,OCH,NA
4213991,4215194,FEM,NA
4217388,4224992,NA,NA
4217896,4219121,CHI,N
4219059,4220981,FEM,NA
4221048,4221448,MAL,NA
4221364,4222010,FEM,NA
4221767,4222908,MAL,NA
4223011,4224304,OCH,NA
4226288,4227932,NA,NA
4226506,4228210,MAL,NA
4231847,4233901,NA,NA
4231956,4233780,FEM,NA
4236108,4236965,FEM,NA
4236126,4236950,NA,NA
4239010,4242512,NA,NA
4239493,4241343,FEM,NA
4241492,4242192,CHI,N
4241676,4242376,OCH,NA
4245991,4249489,MAL,NA
4245991,4251492,NA,NA
4249704,4251366,FEM,NA
4251671,4251992,NA,NA
4254010,4254491,NA,NA
4256624,4257491,NA,NA
4259010,4261983,MAL,NA
4259491,4264449,NA,NA
4263011,4263190,FEM,NA
4263469,4264011,MAL,NA
4265511,4275093,NA,NA
4266030,4268018,FEM,NA
4267510,4269152,MAL,NA
4269230,4272011,FEM,NA
4270141,4270382,MAL,NA
4270705,4270820,MAL,NA
4272512,4273145,CHI,N
4272991,4275011,FEM,NA
4276265,4287018,NA,NA
4276493,4277219,FEM,NA
4278175,4279530,MAL,NA
4279446,4281402,FEM,NA
4281620,4282791,CHI,N
4282511,4284011,FEM,NA
4284615,4291492,MAL,NA
4285313,4285492,FEM,NA
4288012,4291817,NA,NA
4293017,4293511,MAL,NA
4293024,4293486,NA,NA
4294492,4306492,NA,NA
4294492,4296488,MAL,NA
4294757,4295493,FEM,NA
4298493,4301993,FEM,NA
4299846,4299991,CHI,N
4300190,4300492,CHI,N
4301081,4303492,MAL,NA
4303380,4305992,CHI,N
4306988,4322493,NA,NA
4306993,4309511,CHI,Y
4310381,4310492,FEM,NA
4310511,4311086,NA,J
4311475,4311993,FEM,NA
4311492,4313579,MAL,NA
4313010,4315265,CHI,Y
4313690,4313859,MAL,NA
4314315,4314973,MAL,NA
4314522,4316010,FEM,NA
4315327,4315550,OCH,NA
4316137,4317011,FEM,NA
4316613,4316773,OCH,NA
4316939,4320523,MAL,NA
4318010,4318741,CHI,N
4319499,4319698,CHI,N
4319965,4322341,FEM,NA
4324511,4325881,MAL,NA
4324637,4327410,NA,NA
4325932,4326622,CHI,N
4326492,4327292,FEM,NA
4328492,4331373,MAL,NA
4329084,4331166,NA,NA
4333012,4336510,MAL,NA
4333510,4340685,NA,NA
4336492,4338993,FEM,NA
4338777,4341490,MAL,NA
4343542,4344686,NA,NA
4343563,4344604,CHI,N
4345971,4346531,NA,NA
4347511,4347698,NA,NA
4347935,4352490,NA,NA
4348050,4349486,MAL,NA
4348141,4348725,FEM,NA
4349136,4349453,FEM,NA
4349717,4355488,MAL,NA
4353696,4354552,NA,NA
4356011,4358995,MAL,NA
4356708,4358490,NA,NA
4358902,4359511,NA,NA
4359096,4359221,MAL,NA
4360993,4365357,MAL,NA
4360993,4365440,NA,NA
4366492,4366991,NA,NA
4369012,4371945,MAL,NA
4369511,4369660,NA,NA
4369805,4370600,NA,NA
4377254,4381392,NA,NA
4377491,4380287,FEM,NA
4380014,4380721,CHI,N
4380438,4381316,FEM,NA
4386164,4388987,NA,NA
4386245,4386650,OCH,NA
4386584,4388511,MAL,NA
4388860,4388968,MAL,NA
4390511,4392011,NA,NA
4391240,4391986,MAL,NA
4398951,4399992,NA,NA
4399036,4399264,FEM,NA
4401989,4405808,NA,NA
4402239,4403493,CHI,N
4403422,4404971,FEM,NA
4407011,4407136,NA,NA
4408012,4413932,NA,NA
4408408,4409080,FEM,NA
4408493,4408992,CHI,N
4410212,4410511,CHI,N
4410388,4413991,MAL,NA
4415992,4419434,NA,NA
4416377,4417297,CHI,N
4417011,4418965,FEM,NA
4424990,4425933,NA,NA
4433518,4435011,CHI,N
4433570,4435014,NA,NA
4447432,4448936,CHI,N
4447475,4448909,NA,NA
4451244,4454455,NA,NA
4451249,4454406,CHI,N
4453797,4453925,MAL,NA
4455940,4463277,NA,NA
4455992,4456164,CHI,N
4456912,4460493,CHI,Y
4457012,4457174,OCH,NA
4460648,4462541,MAL,NA
4462482,4463098,CHI,N
4464840,4466090,NA,NA
4465015,4465511,CHI,N
4466384,4468357,NA,NA
4466458,4467312,MAL,NA
4467695,4468011,CHI,N
4468883,4472923,NA,NA
4469124,4469364,MAL,NA
4469511,4470404,MAL,NA
4470366,4471333,FEM,NA
4471149,4471510,CHI,N
4471858,4472511,CHI,N
4474612,4477719,NA,NA
4475272,4475395,OCH,NA
4475863,4476011,OCH,NA
4475895,4476011,FEM,NA
4484992,4487208,MAL,NA
4484992,4489817,NA,NA
4486880,4487108,FEM,NA
4488326,4489506,FEM,NA
4491011,4493176,NA,NA
4491205,4491510,FEM,NA
4491492,4493043,CHI,C
4491771,4491958,FEM,NA
4494496,4499992,NA,NA
4494511,4499492,CHI,Y
4501489,4511567,NA,NA
4502078,4503511,CHI,Y
4502642,4502902,OCH,NA
4503011,4503212,OCH,NA
4504008,4504281,FEM,NA
4504511,4506453,MAL,NA
4506492,4508590,CHI,Y
4506604,4506812,OCH,NA
4506992,4508452,OCH,NA
4509010,4509550,FEM,NA
4510367,4511466,FEM,NA
4514066,4515357,NA,NA
4514300,4515117,CHI,N
4516548,4518759,NA,NA
4516597,4518126,FEM,NA
4521668,4522888,NA,NA
4521719,4522812,FEM,NA
4526872,4532240,NA,NA
4526977,4532193,CHI,N
4528621,4529323,FEM,NA
4536511,4537545,NA,NA
4536705,4537510,FEM,NA
4541419,4541993,NA,NA
4541493,4541692,FEM,NA
4544146,4552634,NA,NA
4544512,4544804,FEM,NA
4544962,4547326,FEM,NA
4546032,4546422,MAL,NA
4547765,4549640,OCH,NA
4548164,4548512,FEM,NA
4549009,4549777,CHI,N
4549674,4551102,MAL,NA
4549682,4551354,FEM,NA
4551491,4552190,CHI,N
4552070,4554490,MAL,NA
4552990,4561581,NA,NA
4554414,4555696,CHI,C
4555913,4557101,FEM,NA
4557781,4557889,CHI,N
4557992,4558245,CHI,N
4558982,4560256,OCH,NA
4559011,4560012,CHI,N
4562004,4562247,NA,NA
4562376,4563566,NA,NA
4562529,4563412,OCH,NA
4563965,4564323,NA,NA
4564995,4565702,NA,NA
4565118,4565405,OCH,NA
4566007,4575513,NA,NA
4566626,4567490,FEM,NA
4567992,4569011,OCH,NA
4569316,4569491,OCH,NA
4572992,4574011,NA,J
4573992,4575210,FEM,NA
4574021,4575120,OCH,NA
4576481,4583530,NA,NA
4576517,4577703,CHI,N
4576993,4577128,OCH,NA
4577884,4578512,OCH,NA
4578871,4578993,OCH,NA
4578992,4579336,CHI,N
4579492,4580207,FEM,NA
4580015,4581011,CHI,N
4580530,4580687,MAL,NA
4581495,4582011,FEM,NA
4582097,4583163,CHI,N
4586492,4588622,NA,NA
4586601,4586992,FEM,NA
4587992,4588230,CHI,N
4588010,4588277,OCH,NA
4589642,4593034,NA,NA
4590366,4591245,CHI,N
4591958,4593094,OCH,NA
4601004,4607346,NA,NA
4601348,4601488,OCH,NA
4603038,4603159,CHI,N
4603515,4607322,FEM,NA
4605355,4605470,MAL,NA
4608993,4611570,NA,NA
4609212,4611492,FEM,NA
4612872,4616011,NA,NA
4612964,4614012,CHI,N
4614011,4616011,FEM,NA
4618627,4622358,NA,NA
4618735,4619562,CHI,N
4619712,4620492,CHI,N
4619855,4622010,OCH,NA
4622977,4626492,NA,NA
4623099,4625542,FEM,NA
4623794,4624385,MAL,NA
4624712,4625011,OCH,NA
4627140,4635059,NA,NA
4627338,4627456,CHI,N
4627938,4628525,CHI,C
4628089,4628594,MAL,NA
4629992,4630552,FEM,NA
4630530,4634371,CHI,C
4634680,4635011,FEM,NA
4637144,4643011,NA,NA
4637301,4638597,MAL,NA
4639012,4640492,FEM,NA
4642044,4642491,FEM,NA
4645397,4652037,NA,NA
4645534,4646253,CHI,N
4647140,4648011,MAL,NA
4648334,4648491,MAL,NA
4648992,4651383,FEM,NA
4649253,4649432,MAL,NA
4651418,4652446,OCH,NA
4653612,4657510,NA,NA
4653641,4656643,FEM,NA
4656682,4657990,MAL,NA
4660197,4663022,NA,NA
4660511,4662615,FEM,NA
4662011,4662521,MAL,NA
4664108,4666492,NA,NA
4664171,4665511,CHI,Y
4665992,4666493,FEM,NA
4666992,4668357,MAL,NA
4667011,4667875,NA,NA
4675529,4677667,NA,NA
4676162,4676386,FEM,NA
4676493,4676962,CHI,N
4676780,4676979,FEM,NA
4679004,4679861,NA,NA
4679056,4679395,MAL,NA
4679993,4685992,NA,NA
4680013,4683012,OCH,NA
4681370,4683012,CHI,N
4683194,4685791,FEM,NA
4683290,4683491,MAL,NA
4688223,4689305,NA,NA
4688255,4689262,CHI,N
4692014,4705320,NA,NA
4692992,4694339,FEM,NA
4694669,4694861,OCH,NA
4695383,4696053,OCH,NA
4695460,4696010,CHI,N
4696793,4698204,CHI,Y
4696834,4697139,OCH,NA
4699362,4700673,CHI,N
4699510,4700609,OCH,NA
4701242,4702045,CHI,N
4702212,4702511,CHI,N
4702683,4703636,CHI,N
4702744,4703022,FEM,NA
4704011,4704192,CHI,N
4704095,4704390,OCH,NA
4707904,4709490,MAL,NA
4707992,4716126,NA,NA
4709362,4711051,CHI,Y
4711002,4712435,FEM,NA
4712683,4714608,CHI,C
4714991,4715880,FEM,NA
4715012,4715783,CHI,N
4718169,4725398,NA,NA
4718184,4719269,OCH,NA
4719992,4721923,FEM,NA
4720216,4720321,MAL,NA
4722752,4723911,FEM,NA
4724031,4724831,OCH,NA
4726944,4728220,NA,NA
4727023,4727813,CHI,N
4727287,4727511,OCH,NA
4727795,4728176,OCH,NA
4733490,4735380,NA,NA
4733492,4734493,OCH,NA
4741011,4741119,NA,NA
4742992,4745753,NA,NA
4742992,4746659,MAL,NA
4743492,4745011,FEM,NA
4746176,4746841,NA,NA
4746992,4747351,NA,NA
4748772,4749776,NA,NA
4748993,4749717,OCH,NA
4750000,4750832,NA,NA
4750132,4750328,OCH,NA
4751011,4751269,NA,NA
4752010,4755223,NA,NA
4752359,4752891,CHI,N
4752623,4754829,MAL,NA
4759408,4761740,NA,NA
4760495,4760841,FEM,NA
4762382,4765450,NA,NA
4762711,4763362,OCH,NA
4763487,4765492,OCH,NA
4768148,4768259,NA,NA
4770993,4772017,NA,NA
4771670,4771795,OCH,NA
4772145,4772579,NA,NA
4772339,4772682,OCH,NA
4775318,4775993,NA,NA
4783421,4784072,NA,NA
4783492,4784010,OCH,NA
4789511,4791556,NA,NA
4789613,4791520,FEM,NA
4796511,4798992,NA,NA
4796992,4798408,OCH,NA
4797544,4798011,CHI,N
4798541,4798679,OCH,NA
4803508,4804323,OCH,NA
4803972,4804693,NA,NA
4804979,4805492,NA,NA
4808924,4809505,NA,NA
4813501,4819741,NA,NA
4815106,4817511,CHI,N
4815646,4817031,OCH,NA
4817514,4817683,FEM,NA
4817797,4819010,FEM,NA
4817861,4819262,MAL,NA
4820224,4821263,NA,NA
4820335,4821214,OCH,NA
4824392,4825388,NA,NA
4824429,4824952,OCH,NA
4825997,4829097,NA,NA
4826491,4827011,CHI,N
4827511,4828512,FEM,NA
4828511,4828810,MAL,NA
4832313,4833511,CHI,Y
4832315,4833682,NA,NA
4837011,4840764,NA,NA
4837172,4838993,CHI,N
4839596,4839743,MAL,NA
4841492,4845772,NA,NA
4842570,4842825,MAL,NA
4843650,4844057,FEM,NA
4844190,4844492,FEM,NA
4844602,4844906,FEM,NA
4845000,4845761,MAL,NA
4847928,4856203,NA,NA
4847985,4849163,FEM,NA
4849492,4850742,FEM,NA
4851492,4854011,CHI,N
4853267,4854011,OCH,NA
4854011,4854806,FEM,NA
4855268,4856132,OCH,NA
4857298,4857875,NA,NA
4857339,4857876,CHI,N
4863272,4864511,NA,NA
4863731,4864507,FEM,NA
4867511,4871731,NA,NA
4867597,4868512,CHI,N
4868127,4869511,MAL,NA
4869992,4871011,FEM,NA
4870999,4871390,OCH,NA
4872535,4875891,NA,NA
4872582,4873510,OCH,NA
4875010,4875511,CHI,N
4879992,4881541,FEM,NA
4879992,4882187,NA,NA
4883779,4883934,NA,NA
4885147,4887781,NA,NA
4885286,4887082,CHI,N
4889012,4889765,NA,NA
4889125,4889770,CHI,N
4891511,4893011,NA,NA
4891956,4892992,CHI,N
4895728,4895993,FEM,NA
4895741,4895992,NA,NA
4898492,4900598,NA,NA
4898745,4899992,FEM,NA
4900325,4900430,OCH,NA
4905075,4906012,NA,NA
4905282,4905544,CHI,N
4906722,4906992,NA,NA
4906813,4906960,OCH,NA
4907248,4907402,OCH,NA
4910649,4911997,NA,NA
4910657,4911369,FEM,NA
4911140,4911288,MAL,NA
4911472,4911887,MAL,NA
4918695,4921260,NA,NA
4918772,4921131,OCH,NA
4921644,4922451,NA,NA
4921695,4922438,OCH,NA
4927492,4931493,NA,NA
4927510,4927672,FEM,NA
4927966,4930992,FEM,NA
4932007,4933480,MAL,NA
4932011,4937318,NA,NA
4933011,4935011,FEM,NA
4934930,4935674,OCH,NA
4935492,4936312,CHI,N
4937011,4937129,FEM,NA
4937463,4939982,NA,NA
4937574,4937679,MAL,NA
4938992,4939885,FEM,NA
4946810,4947814,NA,NA
4950224,4950808,NA,NA
4952159,4954130,NA,NA
4952483,4953511,FEM,NA
4953493,4954212,CHI,N
4955636,4957801,NA,NA
4956650,4957041,MAL,NA
4958258,4969318,NA,NA
4958371,4960080,FEM,NA
4960084,4961142,CHI,N
4960150,4960297,OCH,NA
4960567,4961463,OCH,NA
4961608,4961856,OCH,NA
4961741,4963805,CHI,C
4963511,4963783,FEM,NA
4964011,4964225,FEM,NA
4964350,4964510,FEM,NA
4964990,4967364,CHI,N
4968010,4968189,CHI,N
4968705,4969210,CHI,N
4972511,4976492,NA,NA
4972607,4975012,FEM,NA
4975142,4975991,MAL,NA
4975793,4976227,FEM,NA
4978056,4978773,NA,NA
4978095,4978593,CHI,N
4982511,4982950,NA,NA
4983802,4985052,NA,NA
4983906,4984510,FEM,NA
4987298,4987511,FEM,NA
4987302,4987493,NA,NA
4989487,4993525,NA,NA
4991510,4992011,OCH,NA
4992069,4993804,MAL,NA
4995172,4999028,NA,NA
4995307,4996510,FEM,NA
4996510,4999510,MAL,NA
5009511,5011298,NA,NA
5009615,5010901,CHI,N
5009992,5011300,OCH,NA
5011916,5012493,OCH,NA
5011916,5012493,NA,NA
5013024,5014565,NA,NA
5013107,5014511,CHI,N
5013166,5014003,OCH,NA
5014862,5016511,NA,NA
5016080,5016412,CHI,N
5025645,5027263,CHI,N
5025655,5027493,NA,NA
5027751,5029012,CHI,N
5027753,5029012,NA,NA
5033686,5036511,NA,NA
5033693,5036493,CHI,N
5044992,5048492,NA,NA
5045244,5045993,FEM,NA
5046503,5047993,CHI,N
5046678,5046833,OCH,NA
5047019,5047120,OCH,NA
5050011,5055578,NA,NA
5051098,5052283,FEM,NA
5051492,5053004,OCH,NA
5052497,5052946,FEM,NA
5053251,5053511,MAL,NA
5054662,5055123,OCH,NA
5056417,5061012,NA,NA
5056427,5057099,OCH,NA
5057492,5060594,CHI,Y
5059992,5060518,OCH,NA
5061332,5070510,NA,NA
5061493,5062522,CHI,Y
5061746,5062433,OCH,NA
5063263,5063364,FEM,NA
5063492,5065154,CHI,Y
5064844,5065332,MAL,NA
5065470,5065831,MAL,NA
5066435,5067491,CHI,N
5066511,5070337,OCH,NA
5069181,5069993,CHI,N
5072205,5072310,OCH,NA
5072510,5072821,OCH,NA
5072993,5075992,OCH,NA
5073025,5075992,NA,NA
5079645,5082510,OCH,NA
5080114,5080332,NA,NA
5080492,5093329,NA,NA
5082723,5082875,OCH,NA
5083567,5084532,FEM,NA
5084571,5084696,OCH,NA
5085025,5088511,FEM,NA
5089510,5089650,FEM,NA
5089993,5091512,FEM,NA
5091095,5091330,OCH,NA
5092492,5093526,MAL,NA
5094875,5097973,NA,NA
5094993,5097511,FEM,NA
5100992,5101329,OCH,NA
5102592,5112079,NA,NA
5102992,5104013,OCH,NA
5104303,5104828,FEM,NA
5104443,5107511,OCH,NA
5105157,5106011,FEM,NA
5109029,5109491,CHI,N
5109510,5109991,FEM,NA
5110093,5110493,OCH,NA
5110992,5112490,MAL,NA
5114691,5116677,NA,NA
5114759,5115993,FEM,NA
5115012,5116011,MAL,NA
5116112,5116240,MAL,NA
5117011,5117203,NA,NA
5117391,5131666,NA,NA
5117511,5118837,CHI,N
5118458,5118855,OCH,NA
5119073,5120011,OCH,NA
5120493,5122007,FEM,NA
5122992,5125285,OCH,NA
5123723,5125799,FEM,NA
5125845,5129510,MAL,NA
5129544,5129792,OCH,NA
5129992,5131583,OCH,NA
5130986,5131511,CHI,N
5138534,5144012,NA,NA
5138554,5138949,MAL,NA
5139602,5140010,FEM,NA
5140375,5141406,OCH,NA
5141252,5143010,FEM,NA
5144222,5144327,NA,NA
5145010,5145380,NA,NA
5152493,5155492,OCH,NA
5152611,5152717,NA,NA
5152992,5154877,NA,NA
5155351,5161510,NA,NA
5155993,5156384,OCH,NA
5156180,5156398,CHI,N
5157493,5157992,OCH,NA
5158510,5160992,FEM,NA
5162596,5167010,NA,NA
5163011,5164992,FEM,NA
5165216,5165319,FEM,NA
5165292,5166958,MAL,NA
5174145,5174255,NA,NA
5174418,5182748,NA,NA
5176513,5176678,OCH,NA
5176820,5176992,OCH,NA
5179024,5179157,FEM,NA
5180510,5182991,MAL,NA
5184493,5185011,MAL,NA
5186012,5188012,MAL,NA
5186741,5187512,NA,NA
5190958,5192993,OCH,NA
5191012,5195011,NA,NA
5193160,5193297,FEM,NA
5193325,5195289,OCH,NA
5193359,5193511,CHI,N
5193580,5194010,FEM,NA
5196756,5202861,NA,NA
5196950,5198572,OCH,NA
5199512,5206826,OCH,NA
5203126,5206795,NA,NA
5204512,5204787,CHI,N
5204908,5205019,CHI,N
5209512,5211876,NA,NA
5210053,5210510,FEM,NA
5210522,5211010,CHI,N
5212500,5212660,NA,NA
5213025,5213511,NA,NA
5213114,5213951,MAL,NA
5215492,5220492,NA,NA
5215512,5220136,MAL,NA
5216511,5216894,OCH,NA
5219512,5220011,FEM,NA
5227198,5227443,MAL,NA
5227305,5227619,NA,NA
5227840,5231315,NA,NA
5228012,5228662,CHI,N
5228452,5229935,MAL,NA
5230337,5231277,FEM,NA
5232011,5234509,MAL,NA
5232894,5233729,NA,NA
5235087,5235264,NA,NA
5235511,5237089,NA,NA
5235956,5237070,CHI,N
5238010,5240896,MAL,NA
5238736,5240670,NA,NA
5240837,5242015,NA,NA
5240992,5242011,CHI,C
5243457,5243990,MAL,NA
5245493,5248016,NA,NA
5245643,5247568,FEM,NA
5245822,5246512,CHI,N
5259949,5262514,NA,NA
5259993,5262398,FEM,NA
5265370,5266050,NA,NA
5266811,5267592,NA,NA
5267989,5268774,NA,NA
5268011,5268718,FEM,NA
5271011,5274513,MAL,NA
5271818,5274493,NA,NA
5281011,5283809,NA,NA
5281333,5282992,OCH,NA
5284153,5284391,NA,NA
5284511,5300483,NA,NA
5284511,5287511,OCH,NA
5286718,5287658,CHI,N
5288011,5288838,FEM,NA
5288510,5299511,MAL,NA
5293011,5294661,FEM,NA
5297191,5297348,FEM,NA
5297513,5300280,FEM,NA
5311469,5313590,NA,NA
5311492,5313492,CHI,N
5313986,5315324,NA,NA
5314287,5315288,CHI,N
5316011,5317947,NA,NA
5316079,5317495,CHI,N
5317010,5317948,MAL,NA
5319987,5322660,MAL,NA
5320492,5324010,NA,NA
5322767,5323992,CHI,N
5331931,5333011,NA,NA
5331992,5333011,CHI,N
5333445,5337411,CHI,N
5333459,5340486,NA,NA
5334491,5334594,OCH,NA
5334711,5334826,OCH,NA
5334992,5335600,OCH,NA
5337492,5340492,MAL,NA
5346393,5347395,NA,NA
5357510,5363372,MAL,NA
5358493,5363493,NA,NA
5362511,5363012,FEM,NA
5363672,5364280,NA,NA
5363715,5364274,CHI,N
5368349,5374748,NA,NA
5368493,5369011,CHI,N
5369355,5370233,FEM,NA
5370555,5371365,MAL,NA
5372389,5373275,CHI,N
5390884,5391971,MAL,NA
5391492,5391652,NA,NA
5393512,5393780,NA,NA
5394492,5396833,NA,NA
5394722,5396364,FEM,NA
5395543,5396334,MAL,NA
5400336,5405183,MAL,NA
5400640,5403485,NA,NA
5405992,5410513,NA,NA
5406019,5406630,CHI,Y
5408492,5410039,CHI,N
5414011,5416615,NA,NA
5414020,5414573,MAL,NA
5414631,5415011,CHI,N
5417206,5419012,NA,NA
5417570,5418201,MAL,NA
5418001,5418762,CHI,N
5418338,5418486,MAL,NA
5420765,5422012,CHI,Y
5420777,5421992,NA,NA
5424103,5425993,NA,NA
5424150,5425826,CHI,N
5425010,5425871,OCH,NA
5426808,5431504,NA,NA
5426949,5429171,CHI,N
5429592,5431511,MAL,NA
5429886,5429992,FEM,NA
5432125,5446950,NA,NA
5432231,5433492,CHI,N
5434012,5441901,CHI,C
5438063,5439420,OCH,NA
5441511,5443205,MAL,NA
5443097,5443991,CHI,N
5443517,5446014,MAL,NA
5445993,5446793,CHI,N
5448511,5450939,MAL,NA
5449012,5450399,NA,NA
5451422,5454011,MAL,NA
5451791,5453990,NA,NA
5457993,5463535,CHI,N
5457993,5463722,NA,NA
5463897,5466492,NA,NA
5464105,5466388,CHI,N
5466990,5467889,NA,NA
5466992,5467687,CHI,N
5468686,5470011,CHI,N
5468705,5470011,NA,NA
5482002,5482628,NA,NA
5485512,5487461,MAL,NA
5486724,5487041,NA,NA
5490492,5491682,MAL,NA
5490560,5491011,NA,NA
5491113,5491510,NA,NA
5508204,5511490,MAL,NA
5509195,5510780,NA,NA
5527612,5528010,CHI,N
5527614,5528009,NA,NA
5533491,5537885,NA,NA
5533512,5534887,CHI,N
5535253,5536942,CHI,C
5537066,5537734,FEM,NA
5539511,5542012,NA,NA
5539654,5540623,OCH,NA
5541045,5541658,CHI,N
5541055,5541897,FEM,NA
5545054,5545329,NA,NA
5546568,5548011,NA,NA
5546652,5548010,FEM,NA
5561011,5561514,CHI,N
5561011,5561586,NA,NA
5587486,5588701,MAL,NA
5587491,5588693,NA,NA
5588821,5588941,MAL,NA
5603885,5604354,OCH,NA
5603987,5604394,NA,NA
5613992,5616010,NA,NA
5614049,5615779,MAL,NA
5614314,5614491,FEM,NA
5614837,5615693,FEM,NA
5629628,5630011,NA,NA
5634078,5635011,CHI,N
5634097,5635012,NA,NA
5637646,5639516,MAL,NA
5638589,5638834,NA,NA
5648979,5650989,MAL,NA
5650617,5650796,NA,NA
5668010,5671974,NA,NA
5668174,5670511,CHI,Y
5668334,5668985,OCH,NA
5670098,5672493,MAL,NA
5673653,5674206,NA,NA
5673686,5674030,CHI,N
5675511,5676711,NA,NA
5675542,5676511,CHI,N
5678512,5678647,FEM,NA
5678800,5682486,NA,NA
5678832,5679492,FEM,NA
5679842,5682748,MAL,NA
5685324,5686164,MAL,NA
5685491,5686048,NA,NA
5687741,5689992,NA,NA
5687872,5689927,FEM,NA
5691352,5692015,NA,NA
5692884,5694492,NA,NA
5692992,5694291,CHI,N
5697493,5701450,NA,NA
5698004,5698660,FEM,NA
5698510,5701515,MAL,NA
5711511,5714012,MAL,NA
5712010,5713780,NA,NA
5714992,5717511,NA,NA
5715242,5716233,FEM,NA
5715510,5717125,MAL,NA
5716423,5717154,FEM,NA
5727885,5732114,NA,NA
5727993,5730175,FEM,NA
5730291,5731958,OCH,NA
5733182,5734493,NA,NA
5733296,5733510,FEM,NA
5734010,5734204,CHI,N
5739209,5739879,NA,NA
5740291,5741012,OCH,NA
5740403,5740992,NA,NA
5741150,5741253,OCH,NA
5745936,5748511,MAL,NA
5745992,5748414,NA,NA
5747161,5747510,FEM,NA
5750511,5750955,NA,NA
5751010,5755991,MAL,NA
5751110,5759497,NA,NA
5756511,5759528,MAL,NA
5766451,5767460,NA,NA
5767877,5770364,NA,NA
5768008,5770745,MAL,NA
5776329,5776466,MAL,NA
5777006,5783010,MAL,NA
5777359,5782511,NA,NA
5787376,5791164,MAL,NA
5790099,5790543,NA,NA
5793478,5797012,MAL,NA
5793992,5796488,NA,NA
5796758,5796888,NA,NA
5801510,5803640,MAL,NA
5802347,5803253,NA,NA
5812417,5812787,MAL,NA
5812423,5813562,NA,NA
5814435,5815010,NA,NA
5818011,5818676,NA,NA
5818063,5818608,OCH,NA
5826992,5827270,NA,NA
5828011,5830512,MAL,NA
5828299,5829921,NA,NA
5831747,5832451,MAL,NA
5834730,5837511,MAL,NA
5835822,5836970,NA,NA
5842625,5845143,MAL,NA
5842763,5844834,NA,NA
5846413,5847010,NA,NA
5846511,5846992,FEM,NA
5849040,5851991,MAL,NA
5849381,5851511,NA,NA
5856511,5863350,MAL,NA
5856673,5857971,NA,NA
5859511,5861988,NA,NA
5881715,5885456,NA,NA
5881771,5885065,OCH,NA
5882136,5882428,CHI,N
5885286,5885492,OCH,NA
5894502,5901979,MAL,NA
5894787,5898992,NA,NA
5897661,5897960,FEM,NA
5900011,5901968,NA,NA
5902991,5906157,MAL,NA
5903992,5906010,NA,NA
5906311,5906478,MAL,NA
5909510,5915511,NA,NA
5909993,5915989,MAL,NA
5923906,5932511,MAL,NA
5924095,5926393,NA,NA
5926510,5932011,NA,NA
5928992,5929225,OCH,NA
5929011,5929254,CHI,N
5940010,5940449,NA,NA
5940047,5940395,FEM,NA
5941991,5944409,MAL,NA
5942492,5944551,NA,NA
5947992,5949094,NA,NA
5948081,5949011,CHI,N
5963988,5968492,MAL,NA
5963993,5967950,NA,NA
5972626,5976487,MAL,NA
5973510,5978380,NA,NA
5976492,5977898,CHI,N
5977292,5977393,OCH,NA
5980728,5981511,NA,NA
5980777,5981511,CHI,N
5991989,5993145,NA,NA
5991992,5993202,FEM,NA
5996069,5999565,FEM,NA
5996098,6001847,NA,NA
5999702,5999992,FEM,NA
6000173,6001759,FEM,NA
6003492,6004992,NA,NA
6003685,6004677,FEM,NA
6003777,6004153,OCH,NA
6004155,6004379,MAL,NA
6007271,6009512,NA,NA
6007353,6009511,FEM,NA
6014512,6020012,NA,NA
6014577,6020011,FEM,NA
6024038,6027011,MAL,NA
6024832,6026511,NA,NA
6030140,6030422,FEM,NA
6032510,6039991,MAL,NA
6033116,6042011,NA,NA
6035511,6036955,FEM,NA
6040322,6040794,FEM,NA
6040511,6041652,CHI,C
6052379,6054510,NA,NA
6052492,6053511,CHI,N
6053005,6055011,MAL,NA
6060626,6062928,NA,NA
6060685,6062865,FEM,NA
6073993,6077938,MAL,NA
6074492,6077511,NA,NA
6078586,6080493,NA,NA
6078687,6079748,FEM,NA
6080754,6081643,NA,NA
6081866,6083148,NA,NA
6082192,6083034,FEM,NA
6094011,6097511,NA,NA
6094074,6097147,CHI,N
6099899,6101214,MAL,NA
6100137,6100360,NA,NA
6100503,6100842,NA,NA
6106992,6108244,NA,NA
6107559,6107758,OCH,NA
6113963,6114336,NA,NA
6122501,6124511,NA,NA
6122515,6124311,OCH,NA
6123511,6123634,CHI,N
6140521,6140656,MAL,NA
6140826,6142510,MAL,NA
6140991,6142491,NA,NA
6148911,6150382,NA,NA
6149080,6149451,FEM,NA
6149714,6149938,FEM,NA
6152993,6155435,CHI,C
6152993,6156312,NA,NA
6156451,6160493,NA,NA
6156624,6158011,CHI,C
6156852,6159565,OCH,NA
6159054,6159282,FEM,NA
6159945,6160254,OCH,NA
6167946,6168150,NA,NA
6173012,6176681,NA,NA
6173737,6175011,OCH,NA
6174166,6175011,CHI,C
6175013,6180381,MAL,NA
6176819,6180852,NA,NA
6182457,6188011,NA,NA
6182492,6182998,OCH,NA
6183511,6186073,FEM,NA
6186929,6187091,FEM,NA
6187253,6187982,FEM,NA
6190992,6192511,NA,NA
6191225,6191389,FEM,NA
6191492,6192317,FEM,NA
6195493,6196911,NA,NA
6195731,6196511,MAL,NA
6203491,6203992,NA,NA
6205012,6209511,NA,NA
6205302,6206149,CHI,N
6206147,6209492,FEM,NA
6212131,6213624,NA,NA
6212710,6213456,OCH,NA
6213196,6213321,FEM,NA
6213881,6216510,NA,NA
6214067,6214219,FEM,NA
6214386,6216511,FEM,NA
6218319,6220084,NA,NA
6218512,6219908,FEM,NA
6221998,6222538,NA,NA
6227049,6228126,NA,NA
6227283,6228010,CHI,N
6233011,6235163,NA,NA
6233492,6235011,CHI,N
6234511,6234698,OCH,NA
6236011,6237650,NA,NA
6236150,6236489,OCH,NA
6241011,6244116,NA,NA
6241337,6241492,CHI,N
6242002,6243511,OCH,NA
6242142,6242493,FEM,NA
6245610,6246177,NA,NA
6246371,6248494,NA,NA
6246492,6247331,OCH,NA
6247010,6248492,FEM,NA
6250785,6251252,NA,NA
6252000,6252265,NA,NA
6258435,6260128,NA,NA
6258500,6259548,FEM,NA
6260510,6276987,NA,NA
6260993,6264079,FEM,NA
6261548,6262238,CHI,N
6264471,6268680,OCH,NA
6264749,6267010,CHI,N
6268730,6269840,FEM,NA
6268899,6269787,OCH,NA
6269906,6271124,MAL,NA
6271121,6274010,FEM,NA
6271268,6272011,MAL,NA
6274326,6275958,OCH,NA
6274368,6274493,FEM,NA
6280541,6282468,MAL,NA
6280679,6284402,NA,NA
6282136,6283992,OCH,NA
6282443,6282956,CHI,N
6285492,6288491,MAL,NA
6285992,6287644,NA,NA
6290217,6295992,NA,NA
6290398,6292782,OCH,NA
6290992,6293110,CHI,N
6293708,6294184,OCH,NA
6293783,6294066,CHI,N
6294296,6295001,OCH,NA
6294699,6294900,CHI,N
6298017,6298945,MAL,NA
6298223,6298731,NA,NA
6301992,6309051,NA,NA
6302156,6302406,FEM,NA
6302262,6305487,MAL,NA
6305118,6306512,FEM,NA
6307991,6309095,CHI,N
6310820,6312008,NA,NA
6310992,6311807,FEM,NA
6314804,6329097,NA,NA
6315479,6316362,FEM,NA
6316512,6318672,OCH,NA
6316991,6318339,CHI,N
6318493,6318841,CHI,N
6319294,6320025,CHI,N
6319492,6319894,OCH,NA
6320511,6322074,OCH,NA
6320530,6321492,CHI,N
6323155,6324991,CHI,N
6323797,6324448,FEM,NA
6324627,6324747,OCH,NA
6325140,6326968,FEM,NA
6326492,6329005,MAL,NA
6329510,6331491,NA,NA
6329882,6332012,MAL,NA
6332455,6338511,NA,NA
6332869,6333011,OCH,NA
6333177,6333491,OCH,NA
6333216,6334637,FEM,NA
6335839,6338512,FEM,NA
6340499,6342207,NA,NA
6340915,6341531,MAL,NA
6340992,6342011,FEM,NA
6348466,6349171,NA,NA
6350162,6353147,NA,NA
6350493,6353011,MAL,NA
6354438,6354715,NA,NA
6355068,6358490,NA,NA
6355358,6355478,OCH,NA
6356011,6358993,MAL,NA
6359489,6367754,NA,NA
6359492,6360294,FEM,NA
6361170,6363490,MAL,NA
6365088,6365512,FEM,NA
6366102,6366654,FEM,NA
6366988,6367508,CHI,N
6368772,6370051,NA,NA
6371011,6376990,NA,NA
6371418,6373291,OCH,NA
6371492,6373011,CHI,N
6374492,6375025,CHI,N
6374894,6377511,MAL,NA
6377511,6388014,NA,NA
6377915,6379012,OCH,NA
6381504,6383991,FEM,NA
6381865,6382322,MAL,NA
6384511,6386563,FEM,NA
6386847,6386979,FEM,NA
6386853,6387511,OCH,NA
6391565,6391909,NA,NA
6394211,6394353,NA,NA
6399753,6399866,NA,NA
6401081,6401233,MAL,NA
6401168,6403748,NA,NA
6402012,6403365,FEM,NA
6406511,6409992,MAL,NA
6407492,6409512,NA,NA
6413686,6414334,OCH,NA
6413742,6414512,NA,NA
6416012,6419512,MAL,NA
6416768,6419011,NA,NA
6420013,6431010,MAL,NA
6420511,6422966,NA,NA
6423511,6426856,NA,NA
6428492,6430510,NA,NA
6435901,6436502,FEM,NA
6435923,6436502,NA,NA
6443047,6444549,NA,NA
6443120,6444522,FEM,NA
6444979,6445511,NA,NA
6445111,6445462,FEM,NA
6449011,6449316,NA,NA
6449492,6449723,FEM,NA
6449492,6451907,NA,NA
6449919,6451011,FEM,NA
6450923,6451865,OCH,NA
6454478,6455826,NA,NA
6454492,6455442,FEM,NA
6457565,6458633,NA,NA
6458010,6458277,OCH,NA
6461562,6461797,NA,NA
6461993,6464988,MAL,NA
6462219,6464906,NA,NA
6465012,6466700,NA,NA
6465137,6466641,FEM,NA
6467011,6473491,MAL,NA
6468010,6472511,NA,NA
6484992,6492491,MAL,NA
6485010,6489232,NA,NA
6490992,6492062,NA,NA
6494096,6496958,MAL,NA
6495491,6496159,NA,NA
6498974,6500491,MAL,NA
6499475,6500565,NA,NA
6500129,6500245,FEM,NA
6520379,6520975,OCH,NA
6520492,6520819,NA,NA
6521470,6521991,OCH,NA
6521528,6521891,NA,NA
6525510,6527091,NA,NA
6525534,6526012,FEM,NA
6526442,6526955,CHI,N
6528232,6528401,NA,NA
6531145,6532505,NA,NA
6531317,6534992,MAL,NA
6531511,6532340,FEM,NA
6533317,6534480,NA,NA
6556012,6560992,MAL,NA
6556532,6560391,NA,NA
6565992,6567448,NA,NA
6566012,6567100,CHI,N
6566397,6566512,OCH,NA
6569993,6571014,NA,NA
6569993,6571048,MAL,NA
6575200,6575338,OCH,NA
6575511,6580492,NA,NA
6576010,6578334,FEM,NA
6577511,6580451,MAL,NA
6580649,6582374,NA,NA
6581015,6581126,OCH,NA
6583511,6586991,MAL,NA
6583992,6593992,NA,NA
6586967,6587573,FEM,NA
6587511,6591011,MAL,NA
6591011,6593993,FEM,NA
6594991,6595943,NA,NA
6595096,6595552,OCH,NA
6600758,6601823,NA,NA
6600918,6601510,FEM,NA
6602344,6608265,NA,NA
6602502,6603898,FEM,NA
6604932,6606510,CHI,C
6605511,6605644,OCH,NA
6606006,6606360,OCH,NA
6606082,6610012,MAL,NA
6609011,6620493,NA,NA
6610012,6611510,FEM,NA
6611929,6613363,CHI,N
6611973,6613424,OCH,NA
6613982,6614858,FEM,NA
6615587,6615837,OCH,NA
6615992,6619011,FEM,NA
6619204,6620245,FEM,NA
6621510,6622992,FEM,NA
6621510,6623084,NA,NA
6631011,6631991,MAL,NA
6633011,6634224,NA,NA
6633083,6633662,CHI,N
6634038,6634139,MAL,NA
6640675,6645010,NA,NA
6640692,6642417,CHI,N
6642488,6645512,MAL,NA
6646747,6649216,MAL,NA
6647493,6648941,NA,NA
6656011,6667422,NA,NA
6656492,6657127,FEM,NA
6656580,6656946,MAL,NA
6658187,6658492,FEM,NA
6659877,6659992,OCH,NA
6660510,6663828,FEM,NA
6663038,6667491,MAL,NA
6667797,6671493,NA,NA
6668232,6668342,FEM,NA
6668447,6669011,FEM,NA
6668511,6671947,MAL,NA
6684491,6684992,OCH,NA
6690828,6691857,NA,NA
6690926,6691540,CHI,N
6696778,6703383,NA,NA
6696835,6697431,CHI,N
6697991,6699522,FEM,NA
6699836,6701010,CHI,N
6702229,6703201,FEM,NA
6714492,6715511,NA,NA
6714559,6715497,CHI,N
6719849,6720647,NA,NA
6719993,6720550,CHI,N
6728484,6729491,NA,NA
6728565,6729323,FEM,NA
6728614,6729297,OCH,NA
6730099,6731169,NA,NA
6730231,6731011,FEM,NA
6734011,6737956,NA,NA
6734219,6737493,FEM,NA
6738965,6740266,NA,NA
6738992,6740011,FEM,NA
6778493,6780002,NA,NA
6778510,6779992,CHI,N
6787317,6788119,NA,NA
6787344,6788065,CHI,N
6820882,6821787,CHI,N
6820917,6821766,NA,NA
6830114,6832942,NA,NA
6830627,6832510,FEM,NA
6833194,6834255,NA,NA
6836122,6836473,NA,NA
6845992,6846512,FEM,NA
6845992,6846512,NA,NA
6857939,6858541,OCH,NA
6860565,6861873,MAL,NA
6865511,6867560,MAL,NA
6866444,6868010,NA,NA
6867845,6867985,MAL,NA
6885493,6886011,OCH,NA
6903492,6903993,FEM,NA
6903492,6905993,NA,NA
6905378,6905891,OCH,NA
6906128,6906319,NA,NA
6917511,6918999,NA,NA
6917992,6918102,OCH,NA
6917992,6918495,CHI,N
6923991,6925491,FEM,NA
6923991,6925522,NA,NA
6925738,6926511,NA,NA
6925993,6926511,OCH,NA
6930844,6932952,NA,NA
6930903,6932513,CHI,N
6932363,6932623,OCH,NA
6946511,6947512,NA,NA
6946516,6947491,CHI,N
6948992,6949125,NA,NA
6982413,6983915,NA,NA
6982440,6983169,CHI,N
6983272,6983420,CHI,N
6985467,6986717,OCH,NA
6985467,6986878,NA,NA
6987666,6987992,NA,NA
6992492,6992894,NA,NA
6992504,6992860,CHI,N
6994281,6997271,NA,NA
6994293,6997039,CHI,Y
6995185,6995820,OCH,NA
6996491,6996835,OCH,NA
6997857,6999492,NA,NA
6997904,6999107,CHI,N
7000032,7000511,OCH,NA
7001274,7001527,NA,NA
7001335,7001512,OCH,NA
7007872,7008010,CHI,N
7007872,7008010,NA,NA
7010493,7011511,CHI,N
7010493,7011727,NA,NA
7014583,7015837,CHI,N
7014615,7017011,NA,NA
7015753,7016377,FEM,NA
7016492,7017012,CHI,N
7022503,7027258,NA,NA
7022984,7024992,CHI,N
7024512,7025010,OCH,NA
7025765,7027140,FEM,NA
7027773,7028993,NA,NA
7027844,7028748,FEM,NA
7030511,7030744,NA,NA
7033993,7034992,NA,NA
7034015,7034584,CHI,N
7038492,7039229,CHI,N
7038492,7039729,NA,NA
7039092,7039510,FEM,NA
7040118,7040280,NA,NA
7041060,7042366,OCH,NA
7041701,7041828,NA,NA
7047493,7048992,NA,NA
7047656,7047784,MAL,NA
7050706,7052847,OCH,NA
7051492,7052010,NA,NA
7053100,7053937,OCH,NA
7057010,7058510,NA,NA
7057012,7058492,CHI,N
7060190,7062276,NA,NA
7060406,7062009,CHI,N
7063080,7063237,NA,NA
7063116,7063217,OCH,NA
7063480,7070373,NA,NA
7063492,7063603,OCH,NA
7063511,7064512,CHI,N
7065510,7067154,OCH,NA
7069012,7073011,OCH,NA
7071011,7073102,NA,NA
7072280,7072511,CHI,N
7077993,7078298,NA,NA
7080510,7081323,NA,NA
7080575,7081012,CHI,N
7081493,7083518,NA,NA
7081992,7083511,FEM,NA
7085656,7086280,NA,NA
7086511,7089010,NA,NA
7086617,7088991,FEM,NA
7089512,7089983,OCH,NA
7090492,7090973,OCH,NA
7093992,7094169,NA,NA
7100997,7102992,OCH,NA
7101511,7102365,NA,NA
7103197,7104152,OCH,NA
7118992,7120242,MAL,NA
7128187,7128443,OCH,NA
7133739,7133930,OCH,NA
7151306,7155204,OCH,NA
7151510,7154072,NA,NA
7160783,7169696,NA,NA
7163011,7164970,FEM,NA
7165582,7167627,FEM,NA
7167766,7168510,FEM,NA
7167992,7168863,MAL,NA
7168824,7169244,OCH,NA
7169192,7169312,MAL,NA
7169561,7170624,OCH,NA
7174256,7174531,NA,NA
7175270,7175393,NA,NA
7175512,7178649,NA,NA
7175871,7178993,OCH,NA
7178831,7178993,NA,NA
7180199,7184992,OCH,NA
7181011,7184992,NA,NA
7185508,7188492,NA,NA
7185761,7187992,FEM,NA
7189494,7191556,NA,NA
7189810,7191211,MAL,NA
7191685,7192375,NA,NA
7191701,7192401,MAL,NA
7193991,7198259,OCH,NA
7194511,7198013,NA,NA
7208382,7210010,OCH,NA
7208492,7211386,NA,NA
7211012,7212242,OCH,NA
7212422,7212992,OCH,NA
7212572,7212817,NA,NA
7214515,7214928,NA,NA
7219493,7219945,OCH,NA
7219511,7219800,NA,NA
7219992,7222491,NA,NA
7220492,7221493,OCH,NA
7223440,7224010,NA,NA
7223594,7223940,OCH,NA
7226493,7226731,OCH,NA
7226992,7228011,OCH,NA
7226992,7228350,NA,NA
7230011,7230143,OCH,NA
7233492,7234796,OCH,NA
7242510,7246298,NA,NA
7242694,7247513,OCH,NA
7246581,7251416,NA,NA
7249694,7249913,FEM,NA
7253921,7254822,CHI,N
7253923,7254679,NA,NA
7257492,7259017,MAL,NA
7257824,7258258,NA,NA
7260011,7262991,NA,NA
7260033,7261491,CHI,N
7261988,7263493,OCH,NA
7271854,7284075,NA,NA
7271902,7280493,FEM,NA
7281510,7283992,FEM,NA
7284239,7284492,NA,NA
7292496,7293011,NA,NA
7292516,7292744,FEM,NA
7295165,7298218,OCH,NA
7295511,7295675,NA,NA
7295900,7297609,NA,NA
7297815,7298212,NA,NA
7298492,7301967,NA,NA
7298826,7300303,FEM,NA
7300225,7302012,OCH,NA
7313492,7315396,OCH,NA
7313763,7315012,NA,NA
7317932,7318511,NA,NA
7318011,7318325,FEM,NA
7321953,7327284,NA,NA
7321992,7324511,CHI,N
7324003,7327189,OCH,NA
7325039,7325491,CHI,N
7327402,7328536,NA,NA
7327493,7328308,OCH,NA
7327932,7328337,CHI,N
7329089,7333245,NA,NA
7329160,7330503,CHI,N
7329992,7331492,OCH,NA
7330991,7332511,FEM,NA
7333406,7333514,NA,NA
7333470,7334277,OCH,NA
7333836,7333998,NA,NA
7334101,7334975,NA,NA
7336536,7338472,NA,NA
7336992,7337993,FEM,NA
7342113,7342219,OCH,NA
7347993,7348607,NA,NA
7349493,7350182,OCH,NA
7351860,7353510,OCH,NA
7366511,7366633,NA,NA
7373651,7373756,NA,NA
7375141,7375330,OCH,NA
7375492,7376781,OCH,NA
7375992,7376512,NA,NA
7378636,7379541,OCH,NA
7378712,7379492,NA,NA
7385492,7387011,OCH,NA
7389792,7390492,NA,NA
7392742,7392941,OCH,NA
7395511,7395634,OCH,NA
7396653,7397741,NA,NA
7396701,7397008,OCH,NA
7403486,7404011,OCH,NA
7403807,7404011,NA,NA
7411245,7416510,OCH,NA
7412391,7413503,NA,NA
7415049,7416262,NA,NA
7422955,7423326,OCH,NA
7423010,7423142,NA,NA
7424681,7424786,OCH,NA
7425493,7425736,OCH,NA
7427849,7428269,OCH,NA
7432271,7432772,OCH,NA
7441612,7441865,NA,NA
7441991,7442269,NA,NA
7453328,7453443,OCH,NA
7453961,7454226,NA,NA
7453991,7454156,OCH,NA
7454545,7457663,NA,NA
7454732,7455134,OCH,NA
7455512,7455679,OCH,NA
7456040,7458183,OCH,NA
7457817,7457993,NA,NA
7459683,7460739,OCH,NA
7459724,7461493,NA,NA
7460110,7461013,FEM,NA
7462090,7462210,OCH,NA
7463011,7464020,NA,NA
7463251,7463481,OCH,NA
7464471,7464631,NA,NA
7464493,7465467,OCH,NA
7464771,7465181,NA,NA
7469491,7470033,NA,NA
7472387,7477809,NA,NA
7472561,7473050,OCH,NA
7473224,7473381,OCH,NA
7473635,7473827,OCH,NA
7474012,7476521,FEM,NA
7481012,7483191,NA,NA
7481992,7482849,CHI,N
7485013,7485398,NA,NA
7487512,7489628,NA,NA
7487993,7488185,FEM,NA
7488492,7489395,FEM,NA
7490510,7493492,FEM,NA
7490510,7493510,NA,NA
7500691,7503992,OCH,NA
7500983,7504512,NA,NA
7510511,7512077,NA,NA
7510590,7512011,FEM,NA
7527511,7534001,NA,NA
7528493,7530859,FEM,NA
7531010,7533540,FEM,NA
7543034,7543199,NA,NA
7544510,7546127,NA,NA
7544688,7545425,MAL,NA
7545270,7545511,FEM,NA
7547646,7548684,NA,NA
7547948,7548566,MAL,NA
7550292,7550709,NA,NA
7550322,7550600,MAL,NA
7556817,7556922,OCH,NA
7558368,7561298,NA,NA
7558491,7561010,FEM,NA
7559119,7559262,MAL,NA
7562101,7562747,MAL,NA
7562175,7563689,NA,NA
7563512,7563817,OCH,NA
7564136,7564642,OCH,NA
7564868,7565970,OCH,NA
7565010,7565899,NA,NA
7581011,7583510,NA,NA
7581492,7583510,FEM,NA
7587012,7587157,OCH,NA
7590675,7590872,NA,NA
7591055,7591511,NA,NA
7601973,7602445,NA,NA
7601992,7602213,FEM,NA
7611499,7611975,OCH,NA
7612993,7614993,NA,NA
7612993,7615492,OCH,NA
7616086,7616493,OCH,NA
7620510,7620674,NA,NA
7620991,7624776,NA,NA
7621079,7624135,FEM,NA
7626923,7630011,NA,NA
7626992,7628556,OCH,NA
7629223,7629537,FEM,NA
7634723,7634841,OCH,NA
7635126,7635406,OCH,NA
7637569,7638975,NA,NA
7646385,7649011,NA,NA
7646511,7647510,FEM,NA
7647571,7648931,OCH,NA
7653351,7653511,NA,NA
7662057,7662335,OCH,NA
7663511,7665690,NA,NA
7663768,7665012,OCH,NA
7670513,7672084,OCH,NA
7672347,7672840,OCH,NA
7672355,7672461,NA,NA
7672571,7672814,NA,NA
7673010,7677511,NA,NA
7673010,7677742,OCH,NA
7673599,7673786,CHI,N
7674510,7675011,FEM,NA
7678064,7679573,NA,NA
7682366,7682474,NA,NA
7685992,7689991,OCH,NA
7686446,7689991,NA,NA
7692266,7696760,OCH,NA
7692713,7695992,NA,NA
7696139,7697300,NA,NA
7696964,7697300,OCH,NA
7697587,7697935,OCH,NA
7697602,7697840,NA,NA
7697957,7702653,NA,NA
7698088,7699011,OCH,NA
7701488,7702992,OCH,NA
7703564,7704011,NA,NA
7703773,7703976,OCH,NA
7705511,7706510,NA,NA
7708993,7711492,NA,NA
7709011,7711492,OCH,NA
7712992,7718994,OCH,NA
7713385,7718778,NA,NA
7720010,7724070,NA,NA
7720010,7724215,OCH,NA
7728893,7729511,OCH,NA
7739992,7740755,OCH,NA
7746011,7746458,OCH,NA
7746577,7762013,NA,NA
7746727,7746837,OCH,NA
7747226,7748077,CHI,N
7747274,7747488,OCH,NA
7748232,7751511,OCH,NA
7748271,7748506,CHI,N
7748673,7749014,CHI,N
7751378,7754441,CHI,N
7754984,7755732,OCH,NA
7755413,7755518,CHI,N
7756774,7757047,FEM,NA
7757254,7758012,FEM,NA
7758011,7762010,OCH,NA
7762917,7767735,NA,NA
7762993,7764011,CHI,N
7764491,7764749,OCH,NA
7764992,7765770,OCH,NA
7765492,7766493,CHI,N
7766015,7767250,OCH,NA
7769993,7770776,NA,NA
7770268,7770388,CHI,N
7772011,7780317,NA,NA
7772483,7773011,FEM,NA
7773263,7779011,CHI,N
7781150,7789020,NA,NA
7781383,7782011,OCH,NA
7781493,7782070,CHI,N
7782505,7788511,CHI,N
7788012,7788191,OCH,NA
7790197,7790573,OCH,NA
7790482,7792492,NA,NA
7790911,7791512,OCH,NA
7794974,7796304,NA,NA
7794993,7796891,OCH,NA
7797492,7807612,NA,NA
7797797,7799010,CHI,N
7799011,7803010,OCH,NA
7803493,7806011,FEM,NA
7805992,7806576,CHI,N
7806512,7806792,OCH,NA
7806993,7807668,OCH,NA
7809991,7810096,OCH,NA
7816281,7820404,NA,NA
7816358,7820158,CHI,N
7823491,7831491,NA,NA
7823512,7831011,CHI,N
7832395,7836013,NA,NA
7832415,7833492,CHI,N
7833659,7834992,CHI,N
7836161,7836492,NA,NA
7837742,7837916,OCH,NA
7838993,7839518,NA,NA
7839011,7839279,FEM,NA
7850895,7852512,CHI,N
7850913,7853459,NA,NA
7852623,7853492,OCH,NA
7854477,7854595,OCH,NA
7887993,7894493,NA,NA
7888484,7889512,OCH,NA
7889812,7890146,OCH,NA
7891511,7891825,CHI,N
7892292,7892700,MAL,NA
7892681,7893012,FEM,NA
7893173,7893492,FEM,NA
7894014,7894183,FEM,NA
7894992,7895530,NA,NA
7895855,7896493,NA,NA
7897993,7899480,NA,NA
7904444,7905510,NA,NA
7904491,7905011,OCH,NA
7907851,7911170,NA,NA
7907993,7910992,FEM,NA
7917991,7920510,NA,NA
7918511,7919324,FEM,NA
7964492,7965272,NA,NA
7966559,7966794,OCH,NA
7968491,7969765,NA,NA
7968569,7969733,OCH,NA
7971676,7978016,NA,NA
7971753,7971967,OCH,NA
7975501,7975790,FEM,NA
7976510,7977377,FEM,NA
7980010,7982492,NA,NA
7980211,7982395,FEM,NA
8043653,8043758,NA,NA
8074148,8076492,NA,NA
8074288,8076512,OCH,NA
8089991,8090398,OCH,NA
8100500,8102820,NA,NA
8101534,8101688,FEM,NA
8102172,8103512,OCH,NA
8109011,8110425,NA,NA
8109011,8110449,FEM,NA
8112300,8113849,OCH,NA
8112422,8114258,NA,NA
8112847,8112963,CHI,N
8114511,8116150,NA,NA
8115591,8115993,OCH,NA
8123510,8123844,OCH,NA
8123510,8123983,NA,NA
8124260,8126925,NA,NA
8124773,8125097,OCH,NA
8124845,8124973,CHI,N
8132010,8133935,FEM,NA
8132010,8134511,NA,NA
8138991,8139426,FEM,NA
8138991,8145010,NA,NA
8139629,8141016,OCH,NA
8141511,8144493,OCH,NA
8144461,8144658,FEM,NA
8148101,8148418,MAL,NA
8148659,8149479,MAL,NA
8149012,8153354,NA,NA
8151138,8151244,OCH,NA
8151972,8153293,OCH,NA
8153755,8153978,OCH,NA
8154122,8154453,OCH,NA
8154285,8154486,NA,NA
8156001,8157697,NA,NA
8156492,8157440,FEM,NA
8157961,8159432,NA,NA
8161992,8165755,NA,NA
8162443,8162995,OCH,NA
8162719,8162895,FEM,NA
8163011,8165826,FEM,NA
8167011,8168666,FEM,NA
8167011,8168719,NA,NA
8169078,8173710,FEM,NA
8169080,8175022,NA,NA
8175492,8175991,NA,NA
8177006,8182227,NA,NA
8177011,8180992,FEM,NA
8181348,8181493,FEM,NA
8184491,8184758,NA,NA
8186974,8187195,MAL,NA
8195992,8197492,NA,NA
8196010,8197483,FEM,NA
8203137,8204492,NA,NA
8203378,8203493,FEM,NA
8204213,8204336,OCH,NA
8207489,8213154,NA,NA
8209541,8210493,OCH,NA
8209551,8210012,CHI,N
8210892,8211594,FEM,NA
8211787,8212568,CHI,N
8212097,8212370,OCH,NA
8213992,8214491,OCH,NA
8214345,8214492,NA,NA
8223783,8226854,OCH,NA
8223879,8229991,NA,NA
8225032,8225371,FEM,NA
8226112,8226220,FEM,NA
8226915,8229492,FEM,NA
8230682,8233993,NA,NA
8231475,8233927,FEM,NA
8234934,8242232,NA,NA
8235007,8236845,FEM,NA
8236681,8238011,OCH,NA
8238486,8240492,FEM,NA
8240992,8242011,FEM,NA
8248492,8252277,NA,NA
8248849,8249511,OCH,NA
8248993,8251772,FEM,NA
8253227,8253483,MAL,NA
8254934,8260042,NA,NA
8255010,8256071,CHI,N
8255059,8256127,OCH,NA
8256735,8256949,OCH,NA
8261511,8262699,FEM,NA
8261511,8264493,NA,NA
8263188,8264012,FEM,NA
8263217,8263610,OCH,NA
8263792,8264011,OCH,NA
8281011,8281205,OCH,NA
8281492,8283461,OCH,NA
8281511,8284127,NA,NA
8283492,8284699,MAL,NA
8285531,8287993,NA,NA
8286492,8286732,CHI,N
8286860,8287491,CHI,N
8289213,8290440,NA,NA
8289277,8290171,CHI,C
8289434,8290102,OCH,NA
8307684,8309611,CHI,N
8307699,8311074,NA,NA
8309903,8311511,MAL,NA
8311511,8313067,NA,NA
8313673,8314626,MAL,NA
8314183,8314483,NA,NA
8317207,8319807,CHI,N
8317261,8322892,NA,NA
8321010,8322352,FEM,NA
8325492,8325929,MAL,NA
8339492,8340992,FEM,NA
8339492,8343993,NA,NA
8341363,8342511,FEM,NA
8343672,8343837,MAL,NA
8344890,8345011,MAL,NA
8344893,8347492,NA,NA
8345492,8346992,FEM,NA
8347492,8347689,OCH,NA
8356613,8356888,NA,NA
8361193,8361510,OCH,NA
8364992,8365610,OCH,NA
8365248,8365511,NA,NA
8368269,8371011,NA,NA
8368512,8369648,MAL,NA
8369544,8370886,CHI,N
8371318,8371492,NA,NA
8393510,8402511,NA,NA
8394011,8394752,FEM,NA
8395235,8397560,CHI,Y
8397010,8397569,FEM,NA
8398011,8399121,CHI,N
8398875,8399332,FEM,NA
8399261,8402405,CHI,N
8404460,8409867,NA,NA
8404504,8405449,CHI,N
8404577,8404680,OCH,NA
8405395,8406011,FEM,NA
8405768,8409828,CHI,N
8411511,8413992,NA,NA
8411513,8413894,CHI,N
8416992,8418011,OCH,NA
8417010,8421013,NA,NA
8417348,8420011,CHI,Y
8420492,8421105,OCH,NA
8424992,8437668,NA,NA
8425011,8426018,CHI,N
8426008,8426756,FEM,NA
8427363,8436259,CHI,N
8436459,8438011,MAL,NA
8439728,8444171,NA,NA
8439992,8440810,CHI,N
8440991,8441355,FEM,NA
8441186,8443493,CHI,Y
8443486,8444051,FEM,NA
8446012,8447386,FEM,NA
8446012,8454532,NA,NA
8447492,8449363,CHI,N
8449702,8452491,FEM,NA
8451891,8453823,MAL,NA
8454173,8454939,OCH,NA
8455492,8460607,NA,NA
8455521,8458231,FEM,NA
8459000,8459881,CHI,N
8459993,8460837,MAL,NA
8461653,8464010,MAL,NA
8462492,8463513,NA,NA
8466992,8468521,MAL,NA
8467504,8468081,NA,NA
8469652,8471010,OCH,NA
8469993,8480378,NA,NA
8470992,8472011,FEM,NA
8473012,8474772,OCH,NA
8473655,8473891,CHI,N
8473992,8474510,CHI,N
8475503,8476841,CHI,N
8476834,8477285,MAL,NA
8477011,8477510,FEM,NA
8477907,8478511,CHI,N
8477992,8480992,OCH,NA
8481275,8483492,NA,NA
8481993,8483493,FEM,NA
8484607,8507511,NA,NA
8484639,8486428,CHI,N
8485624,8486383,OCH,NA
8486863,8507493,FEM,NA
8492988,8494011,MAL,NA
8498512,8499492,CHI,N
8511011,8515758,NA,NA
8513011,8515687,MAL,NA
8519145,8520044,MAL,NA
8519173,8519988,NA,NA
8521991,8524836,NA,NA
8522295,8522862,MAL,NA
8523600,8524832,MAL,NA
8526494,8527012,OCH,NA
8528367,8547152,NA,NA
8528460,8531511,CHI,N
8529492,8529939,OCH,NA
8530530,8530975,OCH,NA
8531511,8531712,FEM,NA
8531647,8537511,CHI,Y
8531938,8532159,FEM,NA
8537046,8539373,FEM,NA
8539680,8539785,CHI,N
8540092,8541766,FEM,NA
8540114,8541488,CHI,N
8542159,8544493,CHI,N
8542289,8544700,OCH,NA
8544493,8545011,FEM,NA
8545309,8545579,FEM,NA
8545993,8546511,CHI,N
8546156,8546500,OCH,NA
8549209,8561992,NA,NA
8549408,8550510,CHI,N
8550993,8551624,OCH,NA
8551212,8561595,CHI,N
8552022,8552223,MAL,NA
8563966,8565011,CHI,N
8563988,8566610,NA,NA
8565011,8566511,FEM,NA
8611763,8612055,OCH,NA
8611775,8612175,NA,NA
8612511,8614511,OCH,NA
8612576,8612876,NA,NA
8613491,8614011,NA,NA
8614202,8614492,NA,NA
8619748,8623010,NA,NA
8619895,8622011,CHI,Y
8627011,8628623,NA,NA
8638512,8639332,MAL,NA
8639511,8641011,NA,NA
8639992,8640493,OCH,NA
8640613,8640726,OCH,NA
8641288,8641840,MAL,NA
8645010,8648491,NA,NA
8646011,8647872,FEM,NA
8649607,8649728,MAL,NA
8654102,8654914,MAL,NA
8655328,8655622,OCH,NA
8659816,8660570,NA,NA
8660010,8660488,FEM,NA
8669563,8669789,NA,NA
8670051,8670491,NA,NA
8674943,8679621,NA,NA
8674985,8676058,CHI,N
8676372,8676519,MAL,NA
8676789,8679556,CHI,N
8685131,8686012,OCH,NA
8685201,8686171,NA,NA
8686319,8690993,NA,NA
8686511,8690492,CHI,N
8691837,8691979,MAL,NA
8694493,8696511,NA,NA
8694511,8695510,CHI,Y
8700497,8702512,NA,NA
8700612,8701992,CHI,N
8711493,8712554,OCH,NA
8712667,8712814,OCH,NA
8712993,8713239,OCH,NA
8720246,8722511,CHI,N
8720246,8723511,NA,NA
8722056,8722238,OCH,NA
8722492,8723992,OCH,NA
8747160,8748493,NA,NA
8747305,8748049,CHI,N
8747460,8747819,OCH,NA
8754011,8755511,NA,NA
8754068,8755511,CHI,N
8775992,8776275,NA,NA
8792012,8797493,NA,NA
8792101,8796686,CHI,N
8798492,8805036,NA,NA
8799015,8802992,CHI,Y
8803210,8804663,CHI,N
8803534,8804644,OCH,NA
8805453,8808011,NA,NA
8805535,8807636,CHI,N
8806168,8806318,OCH,NA
8810863,8811579,NA,NA
8811874,8818305,NA,NA
8811978,8818073,CHI,C
8820492,8822547,NA,NA
8822797,8822993,NA,NA
8823176,8823981,OCH,NA
8823421,8828492,NA,NA
8824471,8828367,CHI,C
8831492,8832402,OCH,NA
8832993,8833155,OCH,NA
8833263,8833395,OCH,NA
8833885,8834511,OCH,NA
8835662,8837432,NA,NA
8835716,8837096,CHI,N
8840492,8841493,NA,NA
8842971,8848943,NA,NA
8843195,8848868,CHI,N
8843236,8844011,OCH,NA
8851586,8851704,NA,NA
8853165,8853781,OCH,NA
8854458,8854689,OCH,NA
8860430,8861770,CHI,N
8860430,8866162,NA,NA
8862011,8862681,CHI,N
8863231,8863545,MAL,NA
8864431,8866044,CHI,N
8867510,8872745,CHI,N
8867510,8877183,NA,NA
8872543,8875913,FEM,NA
8874941,8875486,MAL,NA
8875700,8877055,MAL,NA
8877787,8884594,NA,NA
8877830,8884258,CHI,Y
8885039,8885528,OCH,NA
8885128,8885513,NA,NA
8886260,8887510,NA,NA
8886345,8887511,CHI,Y
8889509,8890516,NA,NA
8891319,8904031,NA,NA
8891492,8894992,CHI,C
8894801,8903061,FEM,NA
8898213,8898340,MAL,NA
8898454,8899487,MAL,NA
8902990,8904251,MAL,NA
8905012,8912781,NA,NA
8905493,8907533,FEM,NA
8906018,8906573,MAL,NA
8909011,8911492,CHI,N
8911492,8912543,OCH,NA
8914511,8926011,NA,NA
8914740,8916998,CHI,C
8916510,8920511,FEM,NA
8920010,8925624,CHI,N
8923993,8925512,OCH,NA
8926392,8928606,NA,NA
8926419,8928560,MAL,NA
8930059,8936510,NA,NA
8930076,8930241,OCH,NA
8931009,8936510,FEM,NA
8939207,8940903,NA,NA
8939339,8941011,OCH,NA
8942511,8945511,OCH,NA
8942992,8944037,NA,NA
8944145,8944493,NA,NA
8946688,8947670,NA,NA
8947824,8947949,NA,NA
8949511,8950378,NA,NA
8951607,8952010,OCH,NA
8954525,8955492,NA,NA
8954545,8955492,OCH,NA
8960011,8965991,NA,NA
8960470,8961511,CHI,N
8960900,8961237,FEM,NA
8962189,8962371,CHI,N
8962550,8962803,CHI,N
8962849,8964324,FEM,NA
8963992,8965501,MAL,NA
8964736,8964993,FEM,NA
8965745,8965996,OCH,NA
8967512,8973040,NA,NA
8967993,8972514,CHI,N
8968737,8971511,FEM,NA
8974525,8978862,NA,NA
8974675,8976769,CHI,C
8977282,8978716,FEM,NA
8980850,8988012,NA,NA
8980991,8985630,CHI,N
8983011,8983558,FEM,NA
8984913,8987993,FEM,NA
8993492,8996492,OCH,NA
8994719,8999319,NA,NA
8996511,8997821,FEM,NA
8998354,8998492,FEM,NA
8998611,8999011,OCH,NA
9009510,9012008,OCH,NA
9010305,9011096,NA,NA
9011625,9011993,NA,NA
9012992,9015012,OCH,NA
9013010,9014530,NA,NA
9014645,9014993,NA,NA
9015246,9022695,NA,NA
9015803,9017254,CHI,C
9016896,9017696,MAL,NA
9017578,9020378,CHI,C
9020492,9022011,CHI,N
9023594,9038096,NA,NA
9023911,9025053,OCH,NA
9024681,9025651,CHI,N
9025271,9025487,OCH,NA
9026363,9026512,OCH,NA
9026701,9026821,OCH,NA
9026981,9028296,OCH,NA
9027482,9028370,CHI,N
9028027,9030126,MAL,NA
9030992,9032793,OCH,NA
9032511,9035106,CHI,N
9035012,9037752,FEM,NA
9035992,9038044,MAL,NA
9045493,9045626,NA,NA
9056991,9057283,OCH,NA
9057494,9059085,OCH,NA
9057587,9057719,NA,NA
9057967,9059195,NA,NA
9059383,9060698,NA,NA
9060992,9066991,NA,NA
9061941,9062825,FEM,NA
9062123,9064524,OCH,NA
9064356,9066028,FEM,NA
9064504,9066536,MAL,NA
9075333,9075522,NA,NA
9078058,9078223,OCH,NA
9078710,9081017,OCH,NA
9079325,9080748,NA,NA
9086511,9087993,OCH,NA
9086661,9087761,NA,NA
9090061,9091511,OCH,NA
9105492,9107004,OCH,NA
9105868,9107213,NA,NA
9107505,9108975,NA,NA
9109292,9110510,NA,NA
9109992,9110807,OCH,NA
9110949,9115497,OCH,NA
9112041,9114290,NA,NA
9115158,9115293,NA,NA
9119085,9124574,NA,NA
9119918,9124511,OCH,NA
9120997,9121223,CHI,N
9121520,9122136,CHI,N
9125961,9147492,NA,NA
9125992,9147141,OCH,NA
9149102,9151058,OCH,NA
9149579,9150516,NA,NA
9150752,9150921,NA,NA
9151885,9156784,NA,NA
9151898,9153083,MAL,NA
9154033,9154492,CHI,N
9154055,9156512,MAL,NA
9154094,9154337,OCH,NA
9157119,9162549,NA,NA
9157177,9163102,OCH,NA
9164949,9165290,OCH,NA
9164991,9171010,NA,NA
9165277,9166973,MAL,NA
9166682,9167533,CHI,N
9167651,9168512,MAL,NA
9167992,9168345,FEM,NA
9168498,9170992,CHI,N
9172492,9184141,NA,NA
9172511,9180493,CHI,Y
9181161,9184011,OCH,NA
9186723,9187174,NA,NA
9186780,9186974,FEM,NA
9197170,9198692,NA,NA
9197299,9197417,OCH,NA
9197881,9198537,OCH,NA
9201975,9202577,NA,NA
9201992,9202512,FEM,NA
9203011,9206992,NA,NA
9203396,9204792,OCH,NA
9204992,9205512,FEM,NA
9205923,9207492,OCH,NA
9207992,9210057,OCH,NA
9208507,9209992,NA,NA
9213485,9214486,NA,NA
9215029,9218011,OCH,NA
9215459,9217793,NA,NA
9229493,9236012,OCH,NA
9230139,9231968,NA,NA
9232400,9236183,NA,NA
9240990,9242512,OCH,NA
9246992,9248158,OCH,NA
9247480,9247961,NA,NA
9250401,9250990,NA,NA
9256295,9258163,NA,NA
9256493,9258764,OCH,NA
9261199,9261761,OCH,NA
9261326,9267065,NA,NA
9262325,9263302,FEM,NA
9264011,9266843,FEM,NA
9270511,9283992,NA,NA
9270882,9273417,FEM,NA
9273012,9275584,MAL,NA
9275658,9277992,CHI,N
9275693,9276297,OCH,NA
9277991,9279992,MAL,NA
9279861,9280948,CHI,N
9281491,9284491,MAL,NA
9287011,9288430,MAL,NA
9292494,9302992,NA,NA
9293194,9295369,MAL,NA
9295493,9297186,FEM,NA
9296993,9298011,CHI,N
9298081,9298442,OCH,NA
9298626,9298866,CHI,N
9299186,9302919,CHI,N
9305012,9311514,NA,NA
9305493,9307715,FEM,NA
9306512,9308026,MAL,NA
9308044,9309311,CHI,Y
9309225,9311051,FEM,NA
9311959,9314978,NA,NA
9312114,9312475,FEM,NA
9313172,9313655,MAL,NA
9313993,9314346,OCH,NA
9315511,9316491,NA,NA
9315575,9316510,OCH,NA
9318054,9318446,OCH,NA
9318697,9323873,OCH,NA
9320493,9320768,NA,NA
9320992,9323201,NA,NA
9324030,9326011,OCH,NA
9325174,9325805,NA,NA
9326985,9333143,NA,NA
9327653,9328024,FEM,NA
9328352,9331349,FEM,NA
9331878,9333044,OCH,NA
9332003,9332335,CHI,N
9333323,9333625,NA,NA
9333353,9335992,OCH,NA
9333858,9336003,NA,NA
9337511,9339511,NA,NA
9337925,9339531,OCH,NA
9337967,9338993,FEM,NA
9340571,9342010,OCH,NA
9342311,9342490,OCH,NA
9342729,9343242,OCH,NA
9354839,9356493,NA,NA
9355011,9356012,FEM,NA
9356511,9359012,OCH,NA
9357512,9359012,NA,NA
9360536,9363992,OCH,NA
9360993,9390492,NA,NA
9364106,9375510,CHI,N
9364224,9365174,OCH,NA
9375696,9376825,MAL,NA
9376946,9377972,CHI,N
9377723,9378012,FEM,NA
9377993,9378990,MAL,NA
9379825,9385905,CHI,N
9386012,9388503,CHI,N
9389338,9390011,CHI,N
9390733,9395492,NA,NA
9390796,9395378,CHI,C
9392871,9392992,OCH,NA
9397850,9398512,NA,NA
9397991,9398445,OCH,NA
9399802,9400626,NA,NA
9400084,9400238,OCH,NA
9407492,9409019,NA,NA
9407510,9407616,OCH,NA
9408493,9408974,OCH,NA
9409276,9410376,NA,NA
9409291,9410012,OCH,NA
9410717,9434183,NA,NA
9410845,9432511,CHI,Y
9417301,9418011,OCH,NA
9429991,9430492,FEM,NA
9432511,9434511,MAL,NA
9434369,9434472,NA,NA
9435012,9456391,NA,NA
9435089,9439026,CHI,Y
9437057,9437546,FEM,NA
9438788,9440131,MAL,NA
9440012,9441510,CHI,C
9441492,9443483,MAL,NA
9441838,9441993,CHI,N
9443663,9446491,CHI,N
9445511,9446010,MAL,NA
9446527,9446741,MAL,NA
9447055,9448661,MAL,NA
9448512,9448676,FEM,NA
9448539,9450010,CHI,N
9449774,9454511,MAL,NA
9450137,9450512,FEM,NA
9453991,9455493,CHI,N
9456510,9476628,NA,NA
9457012,9457309,CHI,N
9457491,9458056,MAL,NA
9457493,9458202,CHI,N
9458314,9458447,CHI,N
9458778,9458992,CHI,N
9459217,9466492,CHI,C
9459806,9460493,OCH,NA
9464545,9466570,MAL,NA
9466816,9468492,CHI,C
9468897,9469845,OCH,NA
9469049,9471305,CHI,C
9471011,9471271,FEM,NA
9471872,9475718,CHI,C
9476813,9493167,NA,NA
9476992,9477665,FEM,NA
9478060,9478563,CHI,N
9479148,9479673,FEM,NA
9479195,9482626,MAL,NA
9480522,9482010,CHI,N
9482550,9486511,CHI,N
9482862,9484263,MAL,NA
9487511,9489760,MAL,NA
9489752,9491011,FEM,NA
9491486,9492404,MAL,NA
9491992,9492517,CHI,N
9492738,9492954,MAL,NA
9494741,9514993,NA,NA
9495510,9497452,CHI,N
9495698,9496493,OCH,NA
9496508,9497512,MAL,NA
9497849,9499197,CHI,Y
9498011,9498858,OCH,NA
9500011,9500212,FEM,NA
9500228,9501511,MAL,NA
9501494,9502010,FEM,NA
9501936,9502803,CHI,N
9502512,9503435,FEM,NA
9504542,9506132,CHI,N
9504864,9505466,MAL,NA
9505510,9507078,OCH,NA
9507012,9509778,CHI,N
9510011,9511623,CHI,C
9510289,9510780,MAL,NA
9511012,9514021,MAL,NA
9513492,9514516,FEM,NA
9515541,9521025,NA,NA
9515723,9518492,CHI,N
9518011,9518510,FEM,NA
9519341,9520797,CHI,N
9521159,9542992,NA,NA
9521493,9522011,FEM,NA
9522198,9524010,CHI,N
9522245,9522409,FEM,NA
9524010,9524157,FEM,NA
9524491,9529010,FEM,NA
9526417,9526704,MAL,NA
9527254,9527384,MAL,NA
9528033,9528154,MAL,NA
9528334,9528801,MAL,NA
9529365,9529492,FEM,NA
9529469,9529906,MAL,NA
9529993,9531512,CHI,N
9531010,9535492,FEM,NA
9534993,9536642,CHI,Y
9535894,9539841,FEM,NA
9539492,9539804,CHI,N
9539530,9539908,MAL,NA
9539978,9542599,CHI,Y
9547511,9547821,NA,NA
9547980,9556993,NA,NA
9548493,9550181,CHI,Y
9548511,9550038,OCH,NA
9550170,9553056,FEM,NA
9550391,9550799,MAL,NA
9553991,9556666,CHI,Y
9559571,9563012,NA,NA
9561162,9562898,FEM,NA
9564202,9569011,NA,NA
9564218,9566996,FEM,NA
9565810,9565913,MAL,NA
9567136,9568830,FEM,NA
9571492,9571720,NA,NA
9574011,9575992,NA,NA
9574492,9575511,FEM,NA
9575616,9575992,FEM,NA
9577506,9577661,NA,NA
9583630,9585010,NA,NA
9587015,9588444,MAL,NA
9588113,9588243,NA,NA
9593380,9594377,MAL,NA
9593598,9594001,NA,NA
9595493,9596212,NA,NA
9595511,9595774,MAL,NA
9595898,9598409,MAL,NA
9596676,9596779,NA,NA
9597042,9599511,NA,NA
9598956,9599445,OCH,NA
9600512,9602615,MAL,NA
9601991,9602393,NA,NA
9602742,9602850,NA,NA
9607493,9607962,NA,NA
9616013,9617004,NA,NA
9624012,9624368,NA,NA
9624493,9625102,NA,NA
9635477,9637492,MAL,NA
9635510,9636715,NA,NA
9643580,9645062,OCH,NA
9643998,9645010,NA,NA
9645787,9646011,OCH,NA
9647011,9648579,NA,NA
9647011,9648795,OCH,NA
9650824,9652510,NA,NA
9651012,9652986,MAL,NA
9663320,9664491,OCH,NA
9663511,9664434,NA,NA
9666743,9675110,NA,NA
9668012,9671993,CHI,N
9669611,9669856,FEM,NA
9672011,9676434,OCH,NA
9675214,9676306,NA,NA
9678491,9679389,NA,NA
9678511,9679235,OCH,NA
9679510,9680590,NA,NA
9680207,9680382,OCH,NA
9682011,9685578,NA,NA
9682013,9684492,CHI,Y
9683761,9685511,OCH,NA
9686010,9691017,NA,NA
9686333,9689705,CHI,Y
9692833,9692992,NA,NA
9693992,9694331,OCH,NA
9694991,9695857,OCH,NA
9697544,9700495,MAL,NA
9697980,9699722,NA,NA
9723071,9724148,NA,NA
9725240,9725481,NA,NA
9726239,9726349,NA,NA
9734933,9736011,NA,NA
9735059,9735552,OCH,NA
9749503,9750492,NA,NA
9751256,9751367,NA,NA
9752476,9752960,OCH,NA
9752493,9753011,NA,NA
9764726,9765102,OCH,NA
9766838,9767906,OCH,NA
9767512,9767644,NA,NA
9774633,9776493,NA,NA
9774734,9775360,CHI,N
9774847,9774977,OCH,NA
9775333,9775510,MAL,NA
9775490,9776648,OCH,NA
9777529,9777784,OCH,NA
9780758,9780991,NA,NA
9786042,9786231,NA,NA
9799237,9800231,NA,NA
9799328,9800128,CHI,N
9800485,9804491,NA,NA
9800511,9804011,CHI,Y
9811511,9812010,NA,NA
9811773,9812011,FEM,NA
9814341,9816511,CHI,Y
9814392,9818511,NA,NA
9816881,9817929,CHI,N
9820956,9821614,NA,NA
9820988,9821415,OCH,NA
9823098,9826390,NA,NA
9823101,9824524,CHI,N
9824687,9826491,OCH,NA
9826679,9827325,MAL,NA
9826680,9827421,NA,NA
9828010,9835106,NA,NA
9828417,9831973,CHI,Y
9830012,9830511,FEM,NA
9830999,9831390,OCH,NA
9831520,9833010,MAL,NA
9832602,9833471,CHI,N
9833010,9833162,OCH,NA
9833338,9835626,MAL,NA
9844011,9844337,OCH,NA
9844711,9845511,OCH,NA
9845012,9846681,NA,NA
9848491,9848621,OCH,NA
9850484,9851520,NA,NA
9851993,9852631,NA,NA
9853851,9861511,MAL,NA
9854511,9857763,NA,NA
9858993,9861511,NA,NA
9868512,9868627,NA,NA
9869011,9871360,NA,NA
9869021,9871302,FEM,NA
9872140,9873939,NA,NA
9872143,9873923,FEM,NA
9883384,9883703,NA,NA
9885365,9887422,NA,NA
9885378,9887241,FEM,NA
9886512,9891985,MAL,NA
9887802,9888693,NA,NA
9889634,9891392,NA,NA
9900044,9901656,NA,NA
9900048,9900944,OCH,NA
9901054,9901187,OCH,NA
9902360,9910615,NA,NA
9902512,9904621,FEM,NA
9904000,9906668,MAL,NA
9907491,9911489,MAL,NA
9907547,9908492,FEM,NA
9911992,9913214,NA,NA
9912078,9913011,OCH,NA
9912790,9912900,FEM,NA
9918226,9929218,NA,NA
9918290,9919507,FEM,NA
9920271,9921059,FEM,NA
9920787,9927011,MAL,NA
9927455,9928511,FEM,NA
9929444,9929992,NA,NA
9930492,9931184,FEM,NA
9930492,9931319,NA,NA
9949510,9953126,NA,NA
9949993,9953046,FEM,NA
9954993,9983871,NA,NA
9955011,9956815,FEM,NA
9957381,9966990,MAL,NA
9965992,9968992,FEM,NA
9968493,9972629,MAL,NA
9973010,9979779,MAL,NA
9979004,9981993,FEM,NA
9982217,9982831,MAL,NA
9983009,9983652,FEM,NA
9983858,9987012,MAL,NA
9984742,9987783,NA,NA
9988270,9995511,NA,NA
9988313,9990512,FEM,NA
9991050,9991492,CHI,N
9991232,9992830,MAL,NA
9992511,9992813,FEM,NA
9993129,9993512,FEM,NA
9993319,9995992,MAL,NA
9997012,9999992,MAL,NA
9997511,9999511,NA,NA
10000603,10003011,MAL,NA
10001119,10002872,NA,NA
10003846,10010010,NA,NA
10004426,10006567,FEM,NA
10004445,10005199,MAL,NA
10006991,10009674,FEM,NA
10007992,10010010,MAL,NA
10015269,10018011,MAL,NA
10015733,10017373,NA,NA
10034253,10034533,MAL,NA
10040492,10042990,MAL,NA
10041008,10042218,NA,NA
10044010,10044219,OCH,NA
10044336,10047114,OCH,NA
10044511,10047010,NA,NA
10050866,10052791,NA,NA
10050956,10052336,MAL,NA
10052957,10058013,NA,NA
10054010,10058003,OCH,NA
10058978,10059326,NA,NA
10061570,10063342,NA,NA
10061668,10063075,FEM,NA
10064534,10066019,NA,NA
10065629,10065811,OCH,NA
10075551,10075991,OCH,NA
10078992,10087252,NA,NA
10079222,10079478,FEM,NA
10079439,10081481,MAL,NA
10080445,10082991,FEM,NA
10083091,10083285,MAL,NA
10083413,10084419,MAL,NA
10083493,10085012,FEM,NA
10084616,10087049,MAL,NA
10085491,10085992,FEM,NA
10097013,10100511,MAL,NA
10097992,10100012,NA,NA
10102992,10103363,NA,NA
10111986,10113768,NA,NA
10112011,10113580,CHI,C
10120604,10121510,OCH,NA
10128513,10130992,MAL,NA
10128993,10130991,NA,NA
10131308,10131510,NA,NA
10131963,10132636,NA,NA
10132162,10132493,FEM,NA
10136492,10138492,NA,NA
10136510,10138348,FEM,NA
10141882,10152993,NA,NA
10142015,10142607,OCH,NA
10142153,10143004,CHI,N
10142493,10144408,FEM,NA
10143012,10143274,OCH,NA
10144845,10146737,OCH,NA
10147493,10152993,FEM,NA
10149492,10150010,MAL,NA
10153510,10158417,NA,NA
10153767,10155075,FEM,NA
10154992,10155569,CHI,N
10155011,10155202,OCH,NA
10155230,10155492,FEM,NA
10156116,10162002,MAL,NA
10158720,10158882,NA,NA
10159685,10165993,NA,NA
10161511,10163492,FEM,NA
10164012,10165711,FEM,NA
10167123,10167292,NA,NA
10167491,10167751,NA,NA
10167992,10172388,NA,NA
10168278,10169657,FEM,NA
10170930,10172010,CHI,N
10171158,10172010,OCH,NA
10173700,10176012,MAL,NA
10173759,10185006,NA,NA
10173998,10174126,FEM,NA
10174511,10175380,FEM,NA
10175510,10177267,FEM,NA
10177262,10181990,MAL,NA
10181992,10184992,FEM,NA
10185409,10187027,NA,NA
10185691,10186857,FEM,NA
10186111,10186425,MAL,NA
10188224,10190229,NA,NA
10188357,10191011,MAL,NA
10193011,10193242,NA,NA
10193455,10198720,NA,NA
10193600,10194992,FEM,NA
10193992,10198992,MAL,NA
10199289,10212225,NA,NA
10199512,10202492,FEM,NA
10202510,10205522,MAL,NA
10203545,10203685,FEM,NA
10205738,10207635,FEM,NA
10207991,10209437,MAL,NA
10209011,10211512,FEM,NA
10211719,10211881,FEM,NA
10213410,10222485,NA,NA
10214011,10218093,FEM,NA
10217139,10222990,MAL,NA
10218368,10218992,FEM,NA
10223493,10225035,MAL,NA
10223574,10228986,NA,NA
10224510,10225668,FEM,NA
10225636,10235076,MAL,NA
10229173,10238729,NA,NA
10234991,10237011,FEM,NA
10238003,10238212,MAL,NA
10246044,10247460,NA,NA
10253203,10254491,MAL,NA
10253439,10255493,NA,NA
10254011,10255391,FEM,NA
10259043,10260010,OCH,NA
10259492,10259708,NA,NA
10260290,10260493,NA,NA
10268092,10268235,MAL,NA
10268492,10268701,MAL,NA
10271492,10273993,NA,NA
10271991,10273992,CHI,C
10272094,10272222,FEM,NA
10274848,10280511,NA,NA
10274946,10278743,CHI,N
10278836,10281011,MAL,NA
10278868,10279492,CHI,N
10285512,10288296,MAL,NA
10286183,10294075,NA,NA
10287884,10289992,FEM,NA
10290112,10292388,MAL,NA
10292800,10293747,FEM,NA
10296089,10298011,MAL,NA
10296523,10297657,NA,NA
10298222,10298413,MAL,NA
10298492,10301091,NA,NA
10299310,10300010,FEM,NA
10299422,10300510,MAL,NA
10305510,10306026,NA,NA
10305510,10308490,MAL,NA
10306492,10307511,NA,NA
10318011,10318293,NA,NA
10324511,10331512,MAL,NA
10325492,10331118,NA,NA
10333992,10336991,MAL,NA
10334685,10336237,NA,NA
10338378,10341010,NA,NA
10338511,10342698,MAL,NA
10341157,10342607,NA,NA
10342843,10343194,MAL,NA
10342927,10343081,NA,NA
10351992,10353016,MAL,NA
10352551,10352684,NA,NA
10353493,10355493,NA,NA
10353513,10355238,CHI,N
10357914,10359794,CHI,N
10357934,10359767,NA,NA
10364228,10367011,NA,NA
10364323,10366993,CHI,N
10369492,10371421,NA,NA
10369510,10371226,CHI,N
10372828,10375533,NA,NA
10372992,10375511,CHI,Y
10377794,10377996,NA,NA
10377799,10377953,CHI,N
10388311,10389511,CHI,N
10388353,10389511,NA,NA
10400493,10402511,CHI,N
10400493,10402992,NA,NA
10407783,10410993,CHI,N
10407818,10410992,NA,NA
10413102,10414511,CHI,N
10413132,10414522,NA,NA
10422128,10423080,NA,NA
10422349,10422980,CHI,N
10442944,10443975,NA,NA
10443117,10443510,CHI,N
10458150,10459446,NA,NA
10458153,10459382,CHI,N
10467510,10481010,NA,NA
10467925,10471492,CHI,Y
10470851,10472392,MAL,NA
10472149,10472559,CHI,N
10472493,10474478,MAL,NA
10474849,10475409,MAL,NA
10475011,10476145,CHI,N
10476196,10477755,FEM,NA
10476289,10481493,MAL,NA
10482922,10484277,NA,NA
10482947,10484030,FEM,NA
10487882,10489993,OCH,NA
10487907,10489019,NA,NA
10496339,10496562,NA,NA
10496837,10497512,NA,NA
10502124,10502991,NA,NA
10502185,10502335,OCH,NA
10503324,10503425,NA,NA
10503638,10504510,NA,NA
10509127,10509318,OCH,NA
10510425,10511011,OCH,NA
10510482,10511491,NA,NA
10515992,10517990,MAL,NA
10516011,10517963,NA,NA
10516957,10517149,FEM,NA
10518812,10520451,MAL,NA
10519080,10520492,NA,NA
10521304,10521415,OCH,NA
10524652,10525145,MAL,NA
10524654,10526183,NA,NA
10525098,10525405,FEM,NA
10525378,10525758,MAL,NA
10526984,10530494,NA,NA
10527415,10528011,FEM,NA
10528010,10529011,OCH,NA
10529492,10530491,MAL,NA
10534625,10536991,NA,NA
10534641,10535940,FEM,NA
10537432,10537889,NA,NA
10538512,10540512,NA,NA
10539133,10539511,CHI,N
10542413,10545010,OCH,NA
10542565,10542732,NA,NA
10542839,10545004,NA,NA
10546673,10546902,MAL,NA
10547506,10548446,OCH,NA
10547528,10550707,NA,NA
10548556,10551011,MAL,NA
10550996,10551948,OCH,NA
10552322,10552577,OCH,NA
10553510,10555284,NA,NA
10553617,10555512,OCH,NA
10556047,10556683,NA,NA
10557879,10559659,OCH,NA
10569493,10570855,OCH,NA
10577166,10579999,NA,NA
10577172,10577845,OCH,NA
10578011,10578202,FEM,NA
10579181,10580799,OCH,NA
10581614,10581992,OCH,NA
10585274,10585406,OCH,NA
10587004,10589191,NA,NA
10587011,10589512,OCH,NA
10589759,10589992,OCH,NA
10590353,10590544,OCH,NA
10591044,10591209,OCH,NA
10591352,10593536,OCH,NA
10591612,10592614,NA,NA
10592777,10593265,NA,NA
10595274,10598541,OCH,NA
10595510,10596511,NA,NA
10598011,10598117,NA,NA
10598491,10600011,NA,NA
10598695,10599976,OCH,NA
10605129,10605620,OCH,NA
10606996,10607177,NA,NA
10607959,10610512,NA,NA
10608708,10610358,FEM,NA
10611209,10614014,NA,NA
10613066,10613209,FEM,NA
10614463,10614812,NA,NA
10614552,10614749,OCH,NA
10626824,10628017,OCH,NA
10626873,10627992,NA,NA
10630069,10630644,OCH,NA
10630842,10631276,OCH,NA
10636132,10638790,NA,NA
10636178,10638782,OCH,NA
10641993,10644511,NA,NA
10642492,10643992,OCH,NA
10650511,10651061,NA,NA
10651492,10652415,NA,NA
10652538,10655511,NA,NA
10652646,10655511,OCH,NA
10658854,10660511,OCH,NA
10658859,10661060,NA,NA
10661321,10663491,NA,NA
10661718,10663328,FEM,NA
10665376,10665514,NA,NA
10667987,10668512,NA,NA
10670290,10670803,OCH,NA
10675992,10676137,NA,NA
10675992,10676510,FEM,NA
10677511,10677686,OCH,NA
10677962,10680748,OCH,NA
10679143,10679283,NA,NA
10683011,10683185,NA,NA
10684011,10690010,NA,NA
10685100,10687012,FEM,NA
10686561,10686782,OCH,NA
10686970,10687993,OCH,NA
10687511,10688765,CHI,N
10689492,10689830,FEM,NA
10692992,10694992,FEM,NA
10692992,10697778,NA,NA
10696511,10698492,OCH,NA
10699493,10701175,NA,NA
10699601,10701012,CHI,N
10702511,10703518,NA,NA
10702533,10702646,MAL,NA
10707491,10709162,NA,NA
10707512,10708992,CHI,N
10718492,10719493,NA,NA
10718573,10719010,FEM,NA
10720767,10724993,NA,NA
10721012,10725511,MAL,NA
10721575,10721919,FEM,NA
10727270,10729356,MAL,NA
10727993,10729200,NA,NA
10740492,10742993,NA,NA
10741007,10743201,OCH,NA
10744566,10745011,OCH,NA
10753172,10754993,NA,NA
10754071,10754371,FEM,NA
10754134,10755992,OCH,NA
10755323,10755429,NA,NA
10755654,10756916,NA,NA
10756189,10756376,MAL,NA
10758354,10765492,NA,NA
10758493,10760297,CHI,N
10760197,10764077,FEM,NA
10761967,10762080,OCH,NA
10762529,10762779,OCH,NA
10762953,10763493,OCH,NA
10764374,10764511,FEM,NA
10766863,10767992,OCH,NA
10766868,10771213,NA,NA
10768926,10770835,CHI,N
10769308,10769553,OCH,NA
10770293,10770546,OCH,NA
10774492,10779106,NA,NA
10774843,10776120,OCH,NA
10774890,10777511,CHI,N
10776777,10776920,OCH,NA
10777192,10777317,OCH,NA
10783012,10786463,OCH,NA
10783034,10787076,NA,NA
10786011,10786222,FEM,NA
10787752,10788272,NA,NA
10788461,10790965,NA,NA
10788491,10790492,OCH,NA
10789492,10790150,FEM,NA
10796492,10807510,NA,NA
10797985,10801976,OCH,NA
10801492,10803011,CHI,N
10802511,10807012,OCH,NA
10807992,10808677,OCH,NA
10814094,10817511,OCH,NA
10814511,10817626,NA,NA
10818993,10826011,NA,NA
10819011,10821125,FEM,NA
10822769,10824306,FEM,NA
10825064,10825935,FEM,NA
10829762,10829991,NA,NA
10831511,10840011,NA,NA
10832511,10832877,FEM,NA
10832667,10833035,OCH,NA
10833011,10833185,FEM,NA
10833305,10835625,OCH,NA
10833337,10833511,FEM,NA
10834992,10835243,CHI,N
10835837,10841990,OCH,NA
10845492,10851633,NA,NA
10846916,10848666,FEM,NA
10848541,10851074,OCH,NA
10852388,10854018,NA,NA
10856924,10858407,OCH,NA
10857491,10857845,NA,NA
10857989,10858178,NA,NA
10858664,10860011,OCH,NA
10858717,10859527,NA,NA
10862011,10862273,NA,NA
10868371,10869993,NA,NA
10868482,10869511,OCH,NA
10873209,10873398,OCH,NA
10876007,10880992,NA,NA
10876152,10877261,FEM,NA
10877492,10880195,FEM,NA
10901851,10903760,NA,NA
10901993,10904008,OCH,NA
10902192,10902398,CHI,N
10904350,10904488,OCH,NA
10906010,10908010,MAL,NA
10906149,10913626,NA,NA
10909242,10913402,OCH,NA
10909279,10910011,FEM,NA
10913808,10914265,NA,NA
10916184,10920511,OCH,NA
10916540,10916768,NA,NA
10916993,10919865,NA,NA
10924502,10930012,OCH,NA
10924912,10926510,NA,NA
10928598,10929862,NA,NA
10932747,10940010,OCH,NA
10932810,10933615,NA,NA
10933728,10939992,NA,NA
10946510,10946976,NA,NA
10949013,10949619,NA,NA
10949094,10949376,MAL,NA
10950992,10952492,OCH,NA
10951986,10952492,NA,NA
10952751,10957493,MAL,NA
10953011,10958995,NA,NA
10957012,10959493,OCH,NA
10961401,10961522,OCH,NA
10963991,10964139,NA,NA
10970011,10973511,NA,NA
10970151,10971012,CHI,N
10971121,10971799,FEM,NA
10972493,10973992,OCH,NA
10979511,10979685,NA,NA
10979511,10980510,OCH,NA
10979992,10980491,NA,NA
10981987,10984012,OCH,NA
10982626,10984097,NA,NA
10987490,10989102,NA,NA
10987491,10988176,FEM,NA
10988420,10988882,FEM,NA
10989511,10989870,NA,NA
10990011,10990240,NA,NA
10990492,10991012,NA,NA
10990539,10991256,OCH,NA
10991388,10991491,OCH,NA
10995492,11004086,NA,NA
10995588,10995818,FEM,NA
10995991,10996826,FEM,NA
10996817,11002438,OCH,NA
11003695,11003869,OCH,NA
11004333,11004441,OCH,NA
11004392,11004520,NA,NA
11004986,11005440,NA,NA
11005885,11010057,NA,NA
11005991,11006700,OCH,NA
11006837,11008688,FEM,NA
11008401,11010011,OCH,NA
11014422,11016174,OCH,NA
11014822,11015511,NA,NA
11018992,11020568,MAL,NA
11019515,11021110,NA,NA
11022002,11023992,NA,NA
11022178,11023185,OCH,NA
11022522,11022731,FEM,NA
11024475,11024580,OCH,NA
11025060,11026992,NA,NA
11026054,11026982,MAL,NA
11027489,11027875,NA,NA
11028680,11030752,NA,NA
11028796,11029559,CHI,N
11030097,11030372,OCH,NA
11033511,11033670,NA,NA
11033881,11055548,NA,NA
11034011,11035493,CHI,N
11034082,11042012,OCH,NA
11042499,11042907,FEM,NA
11046011,11047992,FEM,NA
11048331,11053496,OCH,NA
11048584,11049011,CHI,N
11054492,11054929,FEM,NA
11061395,11065011,NA,NA
11061492,11064011,OCH,NA
11065226,11065493,NA,NA
11067511,11074511,NA,NA
11067624,11067766,OCH,NA
11067992,11073012,OCH,NA
11068625,11069638,CHI,N
11069801,11071014,CHI,N
11073134,11073269,OCH,NA
11079192,11092111,NA,NA
11079811,11081492,FEM,NA
11084492,11089867,FEM,NA
11090962,11092067,MAL,NA
11095056,11095206,NA,NA
11095807,11095908,MAL,NA
11096911,11103015,MAL,NA
11097170,11103998,NA,NA
11103117,11103735,MAL,NA
11103863,11103988,MAL,NA
11104455,11108048,NA,NA
11105011,11106854,FEM,NA
11105402,11106112,MAL,NA
11107054,11108070,MAL,NA
11108510,11118594,MAL,NA
11109012,11117001,NA,NA
11117102,11131324,NA,NA
11119493,11123524,FEM,NA
11123755,11131492,MAL,NA
11132232,11132391,NA,NA
11133977,11136520,NA,NA
11135526,11135739,MAL,NA
11136744,11136884,NA,NA
11138992,11140104,OCH,NA
11138992,11140766,NA,NA
11140038,11140809,MAL,NA
11140948,11141307,MAL,NA
11141493,11144978,MAL,NA
11141493,11145992,NA,NA
11146511,11147132,OCH,NA
11146547,11147284,NA,NA
11147293,11147467,OCH,NA
11147510,11151010,NA,NA
11148460,11149214,FEM,NA
11148992,11150511,OCH,NA
11152495,11153027,MAL,NA
11153492,11158853,NA,NA
11154770,11157637,OCH,NA
11159615,11171431,NA,NA
11159628,11159992,OCH,NA
11161493,11161719,FEM,NA
11162283,11170511,OCH,NA
11177703,11180508,OCH,NA
11177742,11180834,NA,NA
11178734,11179011,FEM,NA
11180609,11180920,OCH,NA
11181544,11183377,OCH,NA
11181610,11183493,NA,NA
11184013,11189492,OCH,NA
11184991,11190992,NA,NA
11191508,11194510,NA,NA
11191670,11193548,FEM,NA
11193328,11194011,OCH,NA
11199470,11200992,NA,NA
11199492,11201011,OCH,NA
11202140,11202375,NA,NA
11202143,11203993,OCH,NA
11202476,11204017,NA,NA
11204237,11205022,NA,NA
11206456,11213491,NA,NA
11206510,11209011,FEM,NA
11208178,11209651,OCH,NA
11211011,11212012,FEM,NA
11212012,11212164,OCH,NA
11213193,11213331,OCH,NA
11215010,11221492,NA,NA
11215511,11220541,OCH,NA
11220193,11220490,CHI,N
11224899,11226495,NA,NA
11224982,11226506,OCH,NA
11230024,11231011,NA,NA
11233529,11233787,OCH,NA
11233910,11234339,OCH,NA
11237096,11242182,OCH,NA
11237473,11242011,NA,NA
11243782,11245510,NA,NA
11243804,11244371,OCH,NA
11244493,11245492,OCH,NA
11247711,11250161,OCH,NA
11248492,11250304,NA,NA
11250510,11251259,OCH,NA
11251867,11252836,OCH,NA
11252177,11254096,NA,NA
11254631,11254992,NA,NA
11255492,11256012,OCH,NA
11255497,11256229,NA,NA
11256918,11258094,NA,NA
11258987,11264046,NA,NA
11260595,11261655,FEM,NA
11262004,11263357,OCH,NA
11264191,11264368,OCH,NA
11266012,11266140,NA,NA
11266493,11267011,NA,NA
11266493,11271993,OCH,NA
11267492,11272727,NA,NA
11278492,11280554,OCH,NA
11278511,11281012,NA,NA
11283492,11285991,NA,NA
11285845,11285970,OCH,NA
11286992,11289489,MAL,NA
11287195,11289534,NA,NA
11296186,11296493,NA,NA
11297105,11297491,NA,NA
11300992,11307664,OCH,NA
11300992,11309912,NA,NA
11307492,11307949,FEM,NA
11308012,11308788,OCH,NA
11309137,11309242,OCH,NA
11309519,11309922,OCH,NA
11313010,11314991,OCH,NA
11313100,11313551,NA,NA
11314115,11314323,NA,NA
11316130,11316272,NA,NA
11316488,11317943,NA,NA
11316578,11317363,OCH,NA
11319677,11319783,MAL,NA
11321861,11322517,NA,NA
11322955,11323740,NA,NA
11324011,11329511,NA,NA
11324200,11325511,CHI,N
11326510,11329492,OCH,NA
11330012,11330113,OCH,NA
11330511,11330759,OCH,NA
11330574,11338676,NA,NA
11330933,11332079,OCH,NA
11332749,11334040,FEM,NA
11335000,11338753,OCH,NA
11339512,11340992,NA,NA
11340388,11340511,MAL,NA
11340776,11341011,MAL,NA
11343481,11346319,NA,NA
11343520,11344927,OCH,NA
11344457,11346063,FEM,NA
11346696,11346991,NA,NA
11347506,11347617,NA,NA
11347739,11357883,NA,NA
11347992,11353011,OCH,NA
11353367,11356492,FEM,NA
11356625,11356745,FEM,NA
11358011,11365225,NA,NA
11358510,11363664,OCH,NA
11359263,11359511,FEM,NA
11360491,11360920,FEM,NA
11371067,11371288,NA,NA
11373492,11379513,NA,NA
11373510,11378510,OCH,NA
11383112,11384305,NA,NA
11384641,11404493,NA,NA
11385011,11392691,OCH,NA
11390492,11391214,CHI,N
11392010,11394992,FEM,NA
11395185,11395307,OCH,NA
11395480,11398757,OCH,NA
11399123,11399715,FEM,NA
11400011,11400883,FEM,NA
11400951,11401165,OCH,NA
11401493,11404493,OCH,NA
11409054,11409550,OCH,NA
11410045,11410359,OCH,NA
11410492,11411012,OCH,NA
11420026,11420333,OCH,NA
11420190,11420306,NA,NA
11420492,11421705,NA,NA
11421224,11421371,OCH,NA
11422510,11424491,NA,NA
11422512,11423713,OCH,NA
11426010,11429491,NA,NA
11426036,11426266,OCH,NA
11426672,11427733,OCH,NA
11427036,11428511,FEM,NA
11430129,11430414,NA,NA
11447487,11448727,NA,NA
11447492,11448493,FEM,NA
11459435,11459614,OCH,NA
11474011,11474343,NA,NA
11478125,11478822,NA,NA
11482763,11484493,NA,NA
11482989,11483235,OCH,NA
11484653,11487397,NA,NA
11485839,11485986,FEM,NA
11488649,11491265,NA,NA
11488993,11492432,OCH,NA
11491511,11495627,NA,NA
11492842,11494011,FEM,NA
11493105,11495010,OCH,NA
11496948,11498053,NA,NA
11497302,11498480,OCH,NA
11498704,11498982,OCH,NA
11506511,11506698,OCH,NA
11506890,11510005,OCH,NA
11507297,11510009,NA,NA
11510866,11512751,NA,NA
11510957,11513510,OCH,NA
11515736,11517010,NA,NA
11525492,11527652,NA,NA
11527512,11527632,OCH,NA
11528047,11530992,OCH,NA
11528492,11530991,NA,NA
11532011,11547170,NA,NA
11533511,11535361,OCH,NA
11536447,11537944,OCH,NA
11539081,11540245,FEM,NA
11541531,11542010,OCH,NA
11542056,11542346,FEM,NA
11542507,11545992,FEM,NA
11545548,11545737,OCH,NA
11546191,11546692,OCH,NA
11547345,11549183,NA,NA
11550511,11554011,NA,NA
11550819,11552491,OCH,NA
11552269,11554011,FEM,NA
11554777,11554993,NA,NA
11555511,11563493,NA,NA
11556010,11558101,FEM,NA
11558754,11561010,FEM,NA
11560492,11563119,OCH,NA
11569166,11570011,OCH,NA
11569365,11570108,NA,NA
11577492,11578508,NA,NA
11577511,11578412,CHI,N
11585673,11586010,NA,NA
11586981,11588314,OCH,NA
11588759,11589341,OCH,NA
11589006,11589624,NA,NA
11594492,11599511,MAL,NA
11594796,11594939,NA,NA
11598059,11599326,NA,NA
11599428,11599845,NA,NA
11599958,11602292,NA,NA
11599988,11601492,OCH,NA
11603010,11605492,NA,NA
11603063,11605505,OCH,NA
11606993,11609492,OCH,NA
11607492,11614013,NA,NA
11610812,11611995,FEM,NA
11611949,11614511,MAL,NA
11621011,11623492,OCH,NA
11621991,11622195,NA,NA
11622403,11623318,NA,NA
11633510,11635074,NA,NA
11635410,11639522,NA,NA
11636468,11637796,FEM,NA
11638011,11639339,FEM,NA
11641011,11649320,NA,NA
11641980,11643713,FEM,NA
11644012,11644137,OCH,NA
11644352,11645992,OCH,NA
11646511,11648511,FEM,NA
11650011,11650261,NA,NA
11650492,11650796,NA,NA
11650532,11650645,FEM,NA
11650989,11659695,NA,NA
11651511,11653992,FEM,NA
11654921,11657511,OCH,NA
11657066,11659091,MAL,NA
11659213,11659491,MAL,NA
11661011,11661367,NA,NA
11661018,11661430,OCH,NA
11661578,11661713,OCH,NA
11666440,11666723,OCH,NA
11685192,11685305,NA,NA
11685492,11686511,NA,NA
11695511,11696829,NA,NA
11695880,11696677,OCH,NA
11698545,11698894,OCH,NA
11719105,11719377,OCH,NA
11719492,11721915,OCH,NA
11722200,11722693,OCH,NA
11722315,11722492,NA,NA
11725371,11729510,NA,NA
11725450,11726631,MAL,NA
11725992,11726966,FEM,NA
11726758,11726945,MAL,NA
11727663,11728753,MAL,NA
11728297,11728533,FEM,NA
11742011,11751491,MAL,NA
11742492,11747990,NA,NA
11748159,11748557,NA,NA
11749828,11751011,NA,NA
11755959,11756511,NA,NA
11755992,11756491,FEM,NA
11761823,11763831,MAL,NA
11762094,11763010,NA,NA
11785492,11785774,NA,NA
11785510,11785682,CHI,N
11795755,11796059,MAL,NA
11806857,11810492,NA,NA
11807011,11809649,OCH,NA
11807011,11809809,CHI,Y
11809916,11810058,OCH,NA
11817789,11821885,MAL,NA
11817993,11822038,NA,NA
11821167,11821315,CHI,N
11829949,11833511,NA,NA
11830048,11831511,CHI,N
11832588,11832991,FEM,NA
11833660,11833992,NA,NA
11836798,11838134,NA,NA
11836841,11838107,CHI,C
11845006,11846683,NA,NA
11845086,11846534,OCH,NA
11845099,11846491,CHI,N
11847401,11848012,OCH,NA
11847475,11848012,NA,NA
11849596,11851992,NA,NA
11849753,11850123,OCH,NA
11850773,11850991,OCH,NA
11852222,11858550,NA,NA
11852661,11862011,MAL,NA
11853493,11854166,CHI,N
11858689,11858837,NA,NA
11859136,11861512,NA,NA
11866011,11870992,NA,NA
11866493,11868099,CHI,N
11867605,11868727,FEM,NA
11869279,11870602,CHI,C
11871169,11871993,NA,NA
11871374,11871480,CHI,N
11872619,11876969,NA,NA
11872821,11876859,CHI,C
11880689,11883617,MAL,NA
11881358,11884325,NA,NA
11883375,11884283,FEM,NA
11885493,11888011,MAL,NA
11885511,11888010,NA,NA
11887077,11887511,FEM,NA
11888939,11889165,NA,NA
11890010,11892121,NA,NA
11890106,11891761,FEM,NA
11891011,11891419,MAL,NA
11892462,11894509,MAL,NA
11892511,11897106,NA,NA
11893274,11893441,FEM,NA
11894330,11895410,CHI,C
11895512,11897012,FEM,NA
11896382,11896681,MAL,NA
11900512,11902012,NA,NA
11900566,11901017,FEM,NA
11901011,11901759,CHI,N
11905993,11911010,MAL,NA
11906511,11908011,NA,NA
11909369,11910331,NA,NA
11911992,11915985,MAL,NA
11912076,11915485,NA,NA
11919992,11920257,NA,NA
11923011,11926992,MAL,NA
11923883,11926990,NA,NA
11927098,11928510,NA,NA
11927426,11927993,OCH,NA
11932588,11938511,MAL,NA
11933492,11935230,NA,NA
11936248,11938492,NA,NA
11939493,11946488,MAL,NA
11940316,11943620,NA,NA
11944722,11946011,NA,NA
11948052,11948553,NA,NA
11948062,11948992,MAL,NA
11951094,11951491,MAL,NA
11952949,11957510,MAL,NA
11952976,11954993,NA,NA
11955446,11956732,NA,NA
11960740,11961464,MAL,NA
11961739,11961872,MAL,NA
11963705,11965465,MAL,NA
11964169,11964312,NA,NA
11964491,11964780,NA,NA
11966010,11973487,MAL,NA
11967011,11968304,NA,NA
11969512,11970062,NA,NA
11970241,11972728,NA,NA
11973511,11974718,CHI,C
11973511,11975568,NA,NA
11974662,11975475,MAL,NA
11977511,11986627,MAL,NA
11977511,11987012,NA,NA
11985492,11986805,FEM,NA
11988012,11990543,MAL,NA
11988469,11990303,NA,NA
11991491,11994491,MAL,NA
11992008,11996512,NA,NA
11993511,11996088,FEM,NA
11996384,11996492,FEM,NA
12001924,12004440,NA,NA
12001946,12004064,CHI,N
12007837,12010827,CHI,N
12007852,12009180,NA,NA
12009303,12011011,NA,NA
12010511,12011510,MAL,NA
12012511,12015618,MAL,NA
12013491,12015010,NA,NA
12019011,12023491,NA,NA
12019018,12022611,CHI,N
12022928,12024011,MAL,NA
12026365,12028655,NA,NA
12026489,12027042,CHI,N
12026865,12031523,MAL,NA
12029011,12029298,NA,NA
12029501,12031511,NA,NA
12030512,12031011,FEM,NA
12037493,12038492,FEM,NA
12037493,12048676,NA,NA
12038883,12041910,FEM,NA
12038885,12040011,MAL,NA
12040336,12040512,MAL,NA
12041133,12041351,MAL,NA
12041492,12043011,MAL,NA
12042503,12043294,FEM,NA
12043993,12044730,OCH,NA
12044118,12048990,MAL,NA
12049417,12050251,MAL,NA
12049509,12049760,NA,NA
12053991,12055739,MAL,NA
12054329,12055468,NA,NA
12064410,12067491,MAL,NA
12064992,12067010,NA,NA
12069089,12070189,NA,NA
12069169,12070121,FEM,NA
12071012,12073990,MAL,NA
12071472,12073489,NA,NA
12076774,12076992,NA,NA
12076779,12076902,OCH,NA
12078511,12080511,MAL,NA
12079268,12080011,NA,NA
12081427,12086511,MAL,NA
12081580,12086155,NA,NA
12087993,12089490,MAL,NA
12088011,12089511,NA,NA
12088511,12089010,FEM,NA
12091493,12094993,MAL,NA
12092002,12094491,NA,NA
12097866,12100510,NA,NA
12098027,12098608,OCH,NA
12098278,12104135,MAL,NA
12101992,12103831,NA,NA
12105512,12108511,MAL,NA
12106010,12117564,NA,NA
12108545,12109441,CHI,N
12109492,12110408,FEM,NA
12109876,12117989,MAL,NA
12118125,12121011,MAL,NA
12119191,12120269,NA,NA
12129207,12129997,MAL,NA
12129380,12132229,NA,NA
12129917,12132011,CHI,N
12132978,12134011,MAL,NA
12135179,12138490,MAL,NA
12135992,12137772,NA,NA
12140012,12143993,NA,NA
12140219,12140886,MAL,NA
12140609,12140860,CHI,N
12141002,12141692,OCH,NA
12141780,12144011,MAL,NA
12142172,12142408,FEM,NA
12144511,12144737,MAL,NA
12144863,12148489,MAL,NA
12145012,12148011,NA,NA
12150150,12152194,NA,NA
12150493,12152012,FEM,NA
12154939,12161588,MAL,NA
12155368,12161099,NA,NA
12163205,12165684,MAL,NA
12163507,12165086,NA,NA
12168993,12169525,MAL,NA
12171011,12173956,NA,NA
12171011,12176511,MAL,NA
12174337,12176104,NA,NA
12177511,12180992,MAL,NA
12178011,12181143,NA,NA
12181901,12186012,NA,NA
12181943,12183355,CHI,N
12183067,12186520,MAL,NA
12185319,12185491,FEM,NA
12187564,12197483,NA,NA
12187663,12188164,CHI,N
12187677,12188096,OCH,NA
12188365,12189415,MAL,NA
12189508,12190689,OCH,NA
12189992,12190510,CHI,N
12190510,12197623,MAL,NA
12198111,12198722,CHI,N
12198117,12198721,NA,NA
12209424,12212785,NA,NA
12209530,12211390,CHI,N
12210122,12210574,MAL,NA
12210834,12213185,MAL,NA
12214881,12216992,NA,NA
12215909,12216714,FEM,NA
12221511,12222510,NA,NA
12221992,12222289,CHI,N
12225688,12225875,NA,NA
12231010,12232384,CHI,N
12231010,12232991,NA,NA
12232723,12232839,MAL,NA
12232978,12233299,MAL,NA
12237510,12242490,MAL,NA
12238012,12241703,NA,NA
12242510,12251992,NA,NA
12242661,12252236,MAL,NA
12247038,12247168,CHI,N
12253393,12272011,NA,NA
12253812,12270463,MAL,NA
12270012,12272012,CHI,N
12276102,12278000,MAL,NA
12276510,12280255,NA,NA
12277521,12278724,CHI,Y
12277730,12278629,OCH,NA
12279332,12279826,MAL,NA
12279511,12279982,FEM,NA
12283491,12283970,NA,NA
12283579,12283729,CHI,N
12290003,12291491,NA,NA
12290419,12291011,OCH,NA
12290473,12291011,CHI,N
12292992,12300717,MAL,NA
12293011,12301879,NA,NA
12300512,12301719,CHI,N
12310616,12315830,NA,NA
12310658,12315808,CHI,N
12323492,12324992,NA,NA
12323581,12324543,FEM,NA
12330542,12330645,MAL,NA
12330993,12333511,MAL,NA
12331322,12336390,NA,NA
12333959,12336011,CHI,N
12336739,12352077,NA,NA
12336992,12337677,CHI,N
12337945,12339720,FEM,NA
12339876,12340991,CHI,Y
12340488,12342856,MAL,NA
12342760,12343821,CHI,C
12344250,12345492,OCH,NA
12344511,12344660,CHI,N
12345011,12352016,CHI,N
12347586,12347729,OCH,NA
12347841,12348816,OCH,NA
12352568,12355713,CHI,N
12352581,12358011,NA,NA
12355529,12358214,MAL,NA
12356992,12357248,CHI,N
12358337,12358492,NA,NA
12359010,12363138,MAL,NA
12359512,12369512,NA,NA
12363138,12364993,CHI,N
12364088,12364626,MAL,NA
12364728,12365511,MAL,NA
12365524,12368511,CHI,Y
12369306,12369838,MAL,NA
12371510,12372992,NA,NA
12371793,12373118,OCH,NA
12373489,12374075,OCH,NA
12374578,12375435,OCH,NA
12374701,12381085,NA,NA
12375511,12376512,CHI,N
12375644,12375760,MAL,NA
12376295,12379037,MAL,NA
12379264,12379490,MAL,NA
12381512,12384322,MAL,NA
12381512,12384455,NA,NA
12388110,12390759,MAL,NA
12388759,12388887,NA,NA
12388992,12394184,NA,NA
12390492,12392596,CHI,N
12392934,12394011,CHI,C
12396011,12396391,NA,NA
12396512,12396932,NA,NA
12397511,12398991,MAL,NA
12397617,12398677,NA,NA
12399318,12401770,NA,NA
12399357,12402211,MAL,NA
12402816,12425658,NA,NA
12403484,12405992,MAL,NA
12406492,12408019,MAL,NA
12407958,12408935,CHI,N
12408954,12410513,MAL,NA
12410493,12411500,OCH,NA
12410493,12411511,CHI,N
12412224,12412977,MAL,NA
12413237,12415382,CHI,C
12414718,12418928,FEM,NA
12418044,12419038,CHI,Y
12420051,12424138,FEM,NA
12420505,12423286,MAL,NA
12424286,12425185,FEM,NA
12426326,12432011,NA,NA
12426500,12427322,CHI,N
12427430,12429715,MAL,NA
12429583,12430941,CHI,N
12433571,12435444,CHI,N
12433584,12435491,NA,NA
12436602,12445492,NA,NA
12436867,12437512,FEM,NA
12438514,12439883,CHI,N
12439511,12442491,MAL,NA
12441992,12442173,CHI,N
12442354,12445474,FEM,NA
12445993,12449140,MAL,NA
12446492,12449092,NA,NA
12449555,12450724,NA,NA
12449658,12450647,CHI,N
12452658,12456492,NA,NA
12452761,12453374,OCH,NA
12452763,12453708,CHI,N
12453656,12456326,FEM,NA
12457981,12459832,NA,NA
12458048,12459266,CHI,N
12458072,12458410,OCH,NA
12459243,12459358,FEM,NA
12461605,12464011,MAL,NA
12461712,12463990,NA,NA
12464511,12475011,NA,NA
12464511,12467479,FEM,NA
12467512,12468449,CHI,N
12468585,12470863,FEM,NA
12470568,12471660,CHI,C
12471440,12475011,FEM,NA
12472010,12472585,CHI,N
12476992,12479010,CHI,N
12476992,12479025,NA,NA
12477701,12478011,OCH,NA
12481415,12482318,CHI,N
12481420,12482313,NA,NA
12485597,12486493,CHI,N
12485620,12486445,NA,NA
12487157,12492184,NA,NA
12487201,12492010,CHI,N
12492962,12497510,NA,NA
12493087,12493899,CHI,N
12493987,12494816,FEM,NA
12494328,12496493,OCH,NA
12494601,12497492,CHI,N
12498449,12499305,NA,NA
12498467,12499323,CHI,N
12503778,12505012,NA,NA
12503992,12504802,FEM,NA
12504356,12504511,CHI,N
12506812,12508012,CHI,N
12506844,12508012,NA,NA
12510511,12515094,NA,NA
12510599,12513512,CHI,C
12514097,12514203,OCH,NA
12514314,12514481,OCH,NA
12515511,12522921,NA,NA
12515761,12516968,CHI,N
12517234,12520012,CHI,C
12519993,12521130,MAL,NA
12520351,12520493,FEM,NA
12521204,12521491,FEM,NA
12521687,12521992,OCH,NA
12523511,12525904,NA,NA
12523511,12526491,MAL,NA
12528511,12537647,NA,NA
12528513,12529365,OCH,NA
12529465,12536321,MAL,NA
12533992,12534218,FEM,NA
12535268,12537511,FEM,NA
12538437,12548174,NA,NA
12538498,12539067,CHI,N
12539267,12541574,MAL,NA
12541284,12544342,CHI,N
12542156,12544230,FEM,NA
12544462,12544850,OCH,NA
12544991,12546314,MAL,NA
12546868,12548010,FEM,NA
12547000,12547499,MAL,NA
12548723,12553603,NA,NA
12548825,12549510,CHI,N
12549733,12553010,MAL,NA
12552594,12552893,FEM,NA
12554011,12556318,MAL,NA
12554011,12556650,NA,NA
12555469,12556102,FEM,NA
12557351,12558060,NA,NA
12558557,12560493,NA,NA
12558652,12560493,FEM,NA
12561991,12564011,NA,NA
12562212,12563992,CHI,N
12562511,12562924,FEM,NA
12565631,12566654,NA,NA
12565675,12566666,CHI,N
12568601,12572897,MAL,NA
12568978,12578561,NA,NA
12571917,12575500,CHI,Y
12576484,12578104,OCH,NA
12576745,12577682,MAL,NA
12580662,12585343,NA,NA
12581511,12582488,MAL,NA
12581541,12581750,FEM,NA
12582170,12582322,FEM,NA
12582891,12583001,FEM,NA
12583492,12585186,FEM,NA
12587010,12590594,NA,NA
12587071,12588492,CHI,N
12588478,12590940,MAL,NA
12591712,12593096,NA,NA
12591788,12593011,CHI,C
12595066,12596055,NA,NA
12596511,12598992,MAL,NA
12596646,12598490,NA,NA
12601992,12603011,CHI,N
12602010,12603011,NA,NA
12606992,12611869,NA,NA
12607115,12608057,FEM,NA
12607363,12607474,MAL,NA
12608404,12609614,MAL,NA
12610011,12611742,FEM,NA
12610227,12610335,MAL,NA
12610465,12611771,MAL,NA
12613145,12614493,CHI,Y
12613200,12614493,NA,NA
12618511,12621030,MAL,NA
12618988,12620991,NA,NA
12621194,12621440,MAL,NA
12622012,12630578,MAL,NA
12622510,12630819,NA,NA
12629339,12629622,FEM,NA
12631670,12635062,NA,NA
12631898,12633992,FEM,NA
12634491,12634970,CHI,N
12634491,12634990,OCH,NA
12638513,12639922,MAL,NA
12638992,12640673,NA,NA
12639512,12640617,FEM,NA
12644492,12646193,NA,NA
12644492,12646257,MAL,NA
12650511,12653444,MAL,NA
12651142,12652511,NA,NA
12656545,12658492,NA,NA
12656825,12658128,OCH,NA
12657143,12657985,CHI,N
12662872,12662992,NA,NA
12663243,12663493,NA,NA
12664510,12670993,NA,NA
12664991,12665521,CHI,N
12666512,12670012,FEM,NA
12670589,12670695,CHI,N
12671512,12675945,MAL,NA
12672315,12676498,NA,NA
12675643,12676163,CHI,N
12677492,12682986,MAL,NA
12678010,12683631,NA,NA
12682676,12683503,FEM,NA
12683285,12683406,MAL,NA
12683993,12684498,NA,NA
12687511,12690655,NA,NA
12687692,12688993,FEM,NA
12687989,12688622,OCH,NA
12689057,12689646,OCH,NA
12689344,12690162,CHI,N
12689590,12690493,FEM,NA
12691512,12693488,MAL,NA
12691991,12692185,NA,NA
12695765,12696079,OCH,NA
12697459,12698512,NA,NA
12699637,12704510,NA,NA
12700235,12701074,CHI,N
12700957,12704992,MAL,NA
12706991,12709988,MAL,NA
12707012,12709477,NA,NA
12712472,12713679,NA,NA
12712493,12713290,OCH,NA
12713875,12715011,NA,NA
12713993,12714344,OCH,NA
12715795,12718147,NA,NA
12715876,12716991,CHI,N
12717493,12718060,FEM,NA
12721993,12724556,MAL,NA
12722623,12724012,NA,NA
12725993,12727606,NA,NA
12726153,12727287,FEM,NA
12726298,12726797,MAL,NA
12727511,12731156,MAL,NA
12728343,12730878,NA,NA
12731371,12731487,MAL,NA
12732491,12733235,NA,NA
12732859,12733002,FEM,NA
12733035,12733138,MAL,NA
12735316,12742491,MAL,NA
12736011,12741990,NA,NA
12749010,12753991,NA,NA
12749532,12750477,FEM,NA
12749992,12752511,MAL,NA
12752817,12753941,FEM,NA
12754511,12755510,NA,NA
12755703,12757180,NA,NA
12755949,12756992,CHI,N
12756314,12757104,OCH,NA
12757370,12758288,OCH,NA
12757490,12758244,NA,NA
12761854,12763320,NA,NA
12761992,12763013,FEM,NA
12764188,12765055,NA,NA
12764260,12765011,CHI,N
12790982,12791404,NA,NA
12799520,12799991,NA,NA
12801011,12802290,NA,NA
12801491,12801942,CHI,N
12805236,12805359,NA,NA
12806824,12808010,CHI,N
12806846,12808010,NA,NA
12820992,12823228,NA,NA
12821075,12821993,OCH,NA
12821284,12821859,CHI,N
12827906,12828500,NA,NA
12827936,12828346,OCH,NA
12831089,12832113,NA,NA
12832231,12832422,NA,NA
12833085,12835010,NA,NA
12833174,12833397,OCH,NA
12834011,12835010,OCH,NA
12847798,12850992,NA,NA
12848087,12848492,CHI,N
12848993,12850011,CHI,N
12849092,12849510,OCH,NA
12849675,12849991,OCH,NA
12853834,12854772,NA,NA
12853936,12854511,CHI,N
12858985,12860011,NA,NA
12858991,12860010,CHI,N
12877544,12877726,NA,NA
12885212,12885511,NA,NA
12899015,12899808,NA,NA
12899264,12899514,MAL,NA
12900992,12902377,MAL,NA
12901005,12902974,NA,NA
12901989,12902510,FEM,NA
12905339,12909011,MAL,NA
12905374,12908486,NA,NA
12905722,12906011,FEM,NA
12909301,12909444,MAL,NA
12910315,12913901,NA,NA
12910462,12914225,MAL,NA
12917880,12918113,NA,NA
12918764,12925325,MAL,NA
12918992,12919356,NA,NA
12919510,12928611,NA,NA
12923172,12928511,FEM,NA
12925538,12925649,MAL,NA
12927139,12927257,MAL,NA
12927492,12928128,MAL,NA
12930011,12941486,MAL,NA
12930545,12933493,NA,NA
12934844,12947259,NA,NA
12941888,12945012,CHI,C
12944667,12956491,MAL,NA
12948010,12955528,NA,NA
12950992,12951600,FEM,NA
12957141,12961010,NA,NA
12957199,12959313,CHI,N
12959340,12960493,FEM,NA
12959615,12961011,MAL,NA
12963964,12967331,NA,NA
12963993,12965792,FEM,NA
12965633,12967992,MAL,NA
12969011,12982011,MAL,NA
12969941,12981510,NA,NA
12987059,12993267,MAL,NA
12987962,12989486,NA,NA
12990512,12993585,NA,NA
12992427,12993335,FEM,NA
12994757,13001399,MAL,NA
12994952,12997512,NA,NA
12999380,13000755,NA,NA
13002992,13010010,MAL,NA
13003477,13006002,NA,NA
13006752,13009675,NA,NA
13018700,13018838,MAL,NA
13018992,13021511,MAL,NA
13019493,13021221,NA,NA
13024010,13039491,MAL,NA
13024511,13032599,NA,NA
13035271,13036753,NA,NA
13037821,13038729,NA,NA
13040327,13042511,NA,NA
13040490,13041511,FEM,NA
13040568,13043011,MAL,NA
13050992,13052038,NA,NA
13051015,13052011,CHI,N
13066184,13067310,NA,NA
13066599,13066702,MAL,NA
13066866,13069024,MAL,NA
13067490,13069270,NA,NA
13072992,13076492,MAL,NA
13073407,13076066,NA,NA
13077106,13077357,NA,NA
13082796,13085511,MAL,NA
13083419,13088152,NA,NA
13085511,13088010,FEM,NA
13088512,13091992,MAL,NA
13089011,13091492,NA,NA
13095493,13105010,MAL,NA
13095618,13100578,NA,NA
13100690,13100823,NA,NA
13102825,13104772,NA,NA
13105508,13105621,NA,NA
13105727,13110032,NA,NA
13107012,13109008,CHI,Y
13108460,13109253,MAL,NA
13109399,13109983,MAL,NA
13110420,13110542,MAL,NA
13111721,13124367,NA,NA
13112096,13113260,CHI,N
13114992,13116011,CHI,N
13115564,13124511,MAL,NA
13130046,13133988,MAL,NA
13130802,13133510,NA,NA
13139992,13147490,MAL,NA
13140492,13142510,NA,NA
13144169,13147011,NA,NA
13157492,13158580,CHI,N
13157492,13161343,NA,NA
13158725,13159491,MAL,NA
13159992,13161032,FEM,NA
13165011,13166493,NA,NA
13165203,13165812,CHI,N
13166882,13168222,NA,NA
13167087,13167492,FEM,NA
13168513,13168992,NA,NA
13169326,13174355,NA,NA
13169491,13170115,CHI,N
13170011,13174358,MAL,NA
13170992,13171512,FEM,NA
13178219,13180787,NA,NA
13178278,13180492,OCH,NA
13181258,13182711,NA,NA
13181371,13182510,CHI,N
13185992,13187585,OCH,NA
13185992,13187779,NA,NA
13189993,13192271,NA,NA
13190011,13192011,FEM,NA
13191010,13191619,OCH,NA
13194492,13196512,FEM,NA
13194492,13196993,NA,NA
13195896,13196289,OCH,NA
13198992,13201491,MAL,NA
13199993,13213512,NA,NA
13201333,13202082,CHI,N
13201993,13213993,MAL,NA
13206562,13207006,CHI,N
13227236,13230493,MAL,NA
13227511,13230506,NA,NA
13231100,13242511,NA,NA
13231365,13232011,FEM,NA
13232602,13233491,CHI,N
13234789,13235638,MAL,NA
13234823,13235512,FEM,NA
13236011,13242992,MAL,NA
13246396,13251079,NA,NA
13246495,13252011,MAL,NA
13246519,13247002,CHI,N
13253993,13264511,MAL,NA
13254253,13254452,NA,NA
13255380,13259511,NA,NA
13255689,13256492,CHI,Y
13261492,13263574,NA,NA
13264855,13264985,MAL,NA
13265011,13266962,NA,NA
13265492,13266785,OCH,NA
13267878,13272011,MAL,NA
13268090,13268222,NA,NA
13270215,13271126,NA,NA
13272545,13279241,NA,NA
13272967,13274383,MAL,NA
13272992,13276011,FEM,NA
13274992,13275915,OCH,NA
13275623,13279511,MAL,NA
13279790,13285430,NA,NA
13280093,13281430,FEM,NA
13280296,13286160,MAL,NA
13286881,13289316,MAL,NA
13286992,13294009,NA,NA
13288948,13289530,OCH,NA
13289069,13290078,CHI,N
13289687,13291012,MAL,NA
13291314,13291927,CHI,N
13291700,13291803,MAL,NA
13291906,13294220,MAL,NA
13296012,13298602,MAL,NA
13296935,13301675,NA,NA
13298578,13299435,CHI,N
13298700,13298908,OCH,NA
13299010,13301990,MAL,NA
13302993,13305328,NA,NA
13303325,13303671,OCH,NA
13303492,13310931,MAL,NA
13306012,13312038,NA,NA
13308300,13309557,FEM,NA
13309746,13310011,FEM,NA
13311120,13311221,MAL,NA
13311415,13311974,OCH,NA
13313511,13316992,NA,NA
13314011,13316154,MAL,NA
13317002,13319560,MAL,NA
13317510,13319511,NA,NA
13327175,13329025,NA,NA
13327187,13329377,MAL,NA
13327661,13327828,FEM,NA
13332511,13336492,NA,NA
13332695,13335992,CHI,N
13336841,13340128,NA,NA
13337104,13337511,CHI,N
13337447,13340989,MAL,NA
13342330,13346550,NA,NA
13342391,13343017,OCH,NA
13343003,13347510,MAL,NA
13351492,13354011,MAL,NA
13352227,13353511,NA,NA
13358604,13361128,MAL,NA
13358993,13362675,NA,NA
13361119,13362528,OCH,NA
13371647,13372082,NA,NA
13372926,13373363,OCH,NA
13372987,13373141,NA,NA
13375992,13377511,NA,NA
13376011,13377371,OCH,NA
13376991,13377204,CHI,N
13379042,13380512,MAL,NA
13379150,13381511,NA,NA
13380010,13380682,CHI,Y
13388492,13389493,NA,NA
13389167,13389467,FEM,NA
13394511,13397663,NA,NA
13394811,13397410,CHI,N
13400598,13404012,MAL,NA
13401475,13403699,NA,NA
13415011,13418992,MAL,NA
13415510,13418386,NA,NA
13419768,13421493,NA,NA
13419893,13421493,FEM,NA
13426511,13430492,NA,NA
13426513,13429836,CHI,N
13432993,13436012,NA,NA
13433057,13433901,CHI,N
13434510,13436012,CHI,N
13439491,13445944,MAL,NA
13440030,13440141,NA,NA
13440511,13445847,NA,NA
13444839,13444993,FEM,NA
13448361,13449460,MAL,NA
13448492,13448991,NA,NA
13452991,13454010,NA,NA
13466993,13472511,NA,NA
13467095,13468492,CHI,N
13467899,13468058,OCH,NA
13469303,13469541,MAL,NA
13469372,13469510,FEM,NA
13469767,13471397,CHI,N
13470835,13472011,MAL,NA
13477347,13491046,NA,NA
13477409,13478476,CHI,N
13478986,13480012,CHI,N
13480513,13482651,CHI,Y
13480541,13480696,MAL,NA
13482450,13486502,MAL,NA
13486979,13490992,CHI,Y
13495356,13496492,NA,NA
13495437,13496492,CHI,N
13509803,13512012,NA,NA
13510010,13510599,CHI,N
13510439,13519511,MAL,NA
13513011,13519012,NA,NA
13522722,13527493,MAL,NA
13523492,13527993,NA,NA
13526502,13527515,FEM,NA
13528267,13533991,NA,NA
13528580,13529842,MAL,NA
13530011,13531339,FEM,NA
13530012,13530385,MAL,NA
13535216,13537990,MAL,NA
13536062,13537512,NA,NA
13540993,13542626,NA,NA
13541011,13542935,OCH,NA
13543365,13547884,OCH,NA
13543993,13547513,NA,NA
13548543,13552777,NA,NA
13548988,13550947,CHI,N
13551136,13552010,CHI,N
13551492,13551835,OCH,NA
13553576,13555010,NA,NA
13553919,13554994,CHI,N
13562880,13563422,OCH,NA
13571493,13571900,NA,NA
13572615,13572753,NA,NA
13576012,13576733,OCH,NA
13580011,13581962,CHI,N
13580011,13582011,NA,NA
13581010,13581791,OCH,NA
13586702,13591992,NA,NA
13587510,13588278,FEM,NA
13587885,13588001,OCH,NA
13588253,13588486,OCH,NA
13588493,13588938,CHI,N
13589993,13590992,CHI,N
13592146,13592455,OCH,NA
13592153,13596352,NA,NA
13593493,13596178,CHI,N
13608992,13618879,NA,NA
13609222,13610012,CHI,Y
13609239,13610187,OCH,NA
13610810,13611011,OCH,NA
13611491,13612392,FEM,NA
13612992,13615992,CHI,Y
13614816,13614959,OCH,NA
13617511,13618512,OCH,NA
13622010,13623512,NA,NA
13625493,13626492,FEM,NA
13625493,13626511,NA,NA
13627702,13628011,OCH,NA
13631691,13632012,OCH,NA
13633512,13636511,OCH,NA
13634492,13635999,NA,NA
13636743,13636859,OCH,NA
13643512,13643920,OCH,NA
13647493,13649511,OCH,NA
13647511,13649511,NA,NA
13651627,13651764,OCH,NA
13657478,13663005,NA,NA
13657493,13661530,CHI,N
13661225,13663091,MAL,NA
13661676,13661992,CHI,N
13664005,13669344,NA,NA
13664492,13665609,CHI,N
13664911,13665574,OCH,NA
13665780,13665891,OCH,NA
13666001,13666168,CHI,N
13666992,13668011,CHI,N
13668320,13669216,CHI,N
13669670,13672993,CHI,N
13669717,13673013,NA,NA
13677086,13677594,OCH,NA
13677274,13677584,NA,NA
13679511,13680269,NA,NA
13682491,13684492,OCH,NA
13682491,13688492,NA,NA
13684400,13685374,CHI,N
13686011,13688492,OCH,NA
13688759,13690639,OCH,NA
13688992,13693992,NA,NA
13691563,13693492,OCH,NA
13695735,13697753,NA,NA
13695991,13697992,OCH,NA
13706012,13706382,OCH,NA
13706493,13706704,OCH,NA
13706992,13707993,OCH,NA
13707341,13707797,NA,NA
13712919,13713034,MAL,NA
13717149,13717451,NA,NA
13723761,13723925,OCH,NA
13724294,13724458,OCH,NA
13729618,13729810,OCH,NA
13742992,13744511,NA,NA
13744068,13744429,OCH,NA
13745285,13745511,NA,NA
13747037,13747921,OCH,NA
13750894,13752992,NA,NA
13754510,13755565,NA,NA
13754510,13757380,OCH,NA
13755931,13757492,NA,NA
13759011,13765560,NA,NA
13759492,13761011,OCH,NA
13760498,13762511,CHI,N
13762167,13765512,OCH,NA
13765974,13766492,NA,NA
13765992,13766213,OCH,NA
13767430,13769657,NA,NA
13767980,13769492,CHI,N
13769836,13772511,NA,NA
13771011,13772020,CHI,N
13775511,13776702,NA,NA
13775572,13776637,CHI,Y
13788876,13792011,NA,NA
13788957,13790368,CHI,N
13790950,13791566,CHI,N
13801492,13803207,OCH,NA
13801970,13802493,NA,NA
13802621,13802992,NA,NA
13805993,13810224,NA,NA
13806092,13806910,CHI,N
13806131,13806291,OCH,NA
13807511,13810299,CHI,N
13821487,13824492,OCH,NA
13821492,13830296,NA,NA
13824493,13825843,CHI,N
13826290,13827686,CHI,N
13826445,13827522,OCH,NA
13827947,13828511,CHI,N
13828247,13828355,OCH,NA
13829373,13830050,CHI,N
13839000,13840892,OCH,NA
13839319,13840011,NA,NA
13852991,13855011,OCH,NA
13855430,13855553,OCH,NA
13860992,13861394,OCH,NA
13860992,13861493,NA,NA
13865011,13872242,NA,NA
13865357,13872196,CHI,Y
13888493,13889782,OCH,NA
13888765,13888993,NA,NA
13906011,13911011,NA,NA
13906256,13906992,CHI,N
13906301,13906817,OCH,NA
13907422,13909012,OCH,NA
13908340,13908789,CHI,N
13909165,13911511,MAL,NA
13913561,13915665,MAL,NA
13914008,13915365,NA,NA
13922699,13923492,NA,NA
13933991,13935606,NA,NA
13934012,13935512,FEM,NA
13935993,13939501,MAL,NA
13936170,13939511,NA,NA
13940512,13942800,MAL,NA
13940993,13942341,NA,NA
13943806,13945893,NA,NA
13943983,13946988,MAL,NA
13948446,13948789,MAL,NA
13950687,13951111,NA,NA
13951526,13953440,NA,NA
13952275,13952849,OCH,NA
13954012,13957512,MAL,NA
13954845,13957008,NA,NA
13962512,13962684,NA,NA
13964511,13967564,MAL,NA
13965492,13967488,NA,NA
13970478,13971293,CHI,N
13970487,13971216,NA,NA
13976233,13976554,OCH,NA
13983697,13983945,NA,NA
13984252,13984765,NA,NA
13984277,13984869,CHI,N
14005113,14005511,NA,NA
14019492,14021585,CHI,N
14019492,14021993,NA,NA
14023382,14025211,NA,NA
14023490,14025201,CHI,N
14089991,14091383,MAL,NA
14089992,14091376,NA,NA
14092338,14093082,NA,NA
14093484,14096682,NA,NA
14093637,14096011,CHI,N
14094493,14096511,OCH,NA
14098011,14101926,NA,NA
14098028,14098992,FEM,NA
14099393,14101803,CHI,Y
14105343,14106585,NA,NA
14105399,14106493,CHI,N
14110991,14115011,NA,NA
14111052,14119491,MAL,NA
14111054,14111493,CHI,N
14117012,14118651,NA,NA
14120514,14120662,MAL,NA
14120992,14122988,MAL,NA
14121493,14122559,NA,NA
14123197,14127011,MAL,NA
14123992,14126174,NA,NA
14133012,14134036,MAL,NA
14133493,14133863,NA,NA
14138153,14138504,NA,NA
14154907,14157062,NA,NA
14154991,14157011,CHI,Y
14155347,14155480,OCH,NA
14157997,14160493,CHI,N
14157998,14160492,NA,NA
14163724,14164532,NA,NA
14163728,14164663,CHI,N
14184511,14187012,MAL,NA
14185047,14186599,NA,NA
14186726,14186829,NA,NA
14187493,14190512,NA,NA
14187577,14188510,FEM,NA
14188011,14191011,MAL,NA
14191311,14191481,MAL,NA
14192493,14195092,MAL,NA
14192493,14197480,NA,NA
14192629,14192992,FEM,NA
14194992,14195470,CHI,N
14195233,14197784,MAL,NA
14198266,14198443,NA,NA
14198743,14201011,NA,NA
14198833,14201331,MAL,NA
14204492,14206836,MAL,NA
14205491,14207879,NA,NA
14210395,14212064,NA,NA
14210662,14211992,CHI,N
14217228,14217760,OCH,NA
14217338,14220030,NA,NA
14217751,14219992,CHI,Y
14222993,14224372,NA,NA
14223011,14223180,FEM,NA
14233511,14234522,NA,NA
14235225,14235353,NA,NA
14244162,14247105,MAL,NA
14244687,14247011,NA,NA
14247492,14249993,NA,NA
14247595,14250011,MAL,NA
14253511,14258511,NA,NA
14253614,14255342,CHI,Y
14255477,14255656,MAL,NA
14256766,14257765,CHI,N
14265229,14267011,NA,NA
14266010,14266236,OCH,NA
14272011,14274011,CHI,N
14272013,14273992,NA,NA
14279205,14279492,FEM,NA
14279237,14279477,NA,NA
14282511,14284011,CHI,N
14282511,14284072,NA,NA
14285492,14286289,NA,NA
14285514,14286010,CHI,N
14285714,14285824,OCH,NA
14286679,14288439,NA,NA
14286868,14288029,CHI,N
14287141,14288133,OCH,NA
14292605,14299503,CHI,N
14292622,14299991,NA,NA
14300326,14301264,OCH,NA
14300378,14301431,NA,NA
14312113,14314486,NA,NA
14313012,14314075,CHI,N
14316384,14316492,NA,NA
14320103,14320336,NA,NA
14320493,14324992,NA,NA
14320511,14323478,CHI,Y
14323011,14325277,OCH,NA
14329985,14330511,NA,NA
14331804,14332857,OCH,NA
14332331,14332807,NA,NA
14334751,14336391,NA,NA
14334992,14336138,FEM,NA
14335174,14336188,MAL,NA
14337238,14338355,MAL,NA
14337510,14340993,NA,NA
14338325,14340566,CHI,N
14340680,14340783,CHI,N
14344975,14346290,NA,NA
14345051,14347493,OCH,NA
14345056,14345193,CHI,N
14347201,14347319,NA,NA
14347598,14347851,OCH,NA
14353230,14354040,NA,NA
14353283,14354012,CHI,N
14357463,14357706,NA,NA
14373791,14374512,NA,NA
14373992,14374512,FEM,NA
14381881,14381982,OCH,NA
14382326,14384511,NA,NA
14382502,14382809,OCH,NA
14383003,14383371,OCH,NA
14383992,14384414,OCH,NA
14403493,14404890,NA,NA
14404510,14404982,OCH,NA
14413253,14414011,NA,NA
14413511,14413838,CHI,N
14443102,14446496,NA,NA
14443238,14443916,OCH,NA
14444173,14444688,OCH,NA
14445398,14446306,OCH,NA
14447509,14448491,NA,NA
14447509,14448511,OCH,NA
14455994,14456782,NA,NA
14456011,14456912,OCH,NA
14457012,14457277,NA,NA
14457511,14460346,NA,NA
14457511,14460657,MAL,NA
14462012,14468382,MAL,NA
14462013,14467757,NA,NA
14470093,14472138,MAL,NA
14470993,14471557,NA,NA
14471781,14471911,NA,NA
14472321,14472458,MAL,NA
14473011,14474354,NA,NA
14473522,14473898,OCH,NA
14475559,14478490,MAL,NA
14476492,14477692,NA,NA
14484012,14485173,NA,NA
14484061,14485011,CHI,N
14484511,14484946,OCH,NA
14495714,14497488,MAL,NA
14506511,14507512,OCH,NA
14507007,14508529,NA,NA
14507880,14508511,FEM,NA
14517574,14517803,MAL,NA
14528012,14529993,NA,NA
14528307,14529478,FEM,NA
14533992,14534434,OCH,NA
14535943,14538012,MAL,NA
14535992,14538012,NA,NA
14543992,14545727,CHI,N
14543992,14545806,NA,NA
14547742,14553010,NA,NA
14547784,14548602,CHI,N
14548511,14553258,MAL,NA
14552138,14552246,FEM,NA
14560493,14560611,OCH,NA
14560501,14560705,NA,NA
14561512,14561738,NA,NA
14562654,14564510,NA,NA
14562992,14563564,FEM,NA
14566492,14567278,NA,NA
14566642,14567012,FEM,NA
14574492,14575415,FEM,NA
14574492,14575435,NA,NA
14579013,14582312,MAL,NA
14579492,14579737,NA,NA
14579992,14582412,NA,NA
14581196,14581331,FEM,NA
14584850,14585505,NA,NA
14584992,14585367,CHI,N
14587344,14589992,NA,NA
14587354,14588512,FEM,NA
14591011,14593503,MAL,NA
14591510,14592988,NA,NA
14596887,14597689,NA,NA
14596991,14597511,NA,J
14598510,14602003,MAL,NA
14599438,14600248,NA,NA
14609511,14611511,NA,NA
14609511,14612034,MAL,NA
14613283,14615369,NA,NA
14613492,14615051,FEM,NA
14613710,14614959,MAL,NA
14616404,14619492,NA,NA
14617793,14618492,CHI,N
14618084,14620011,MAL,NA
14623011,14624491,MAL,NA
14623492,14623725,NA,NA
14625102,14625988,MAL,NA
14626281,14631544,NA,NA
14626609,14631511,MAL,NA
14632571,14633565,NA,NA
14632679,14633511,FEM,NA
14634332,14635515,NA,NA
14634511,14634678,FEM,NA
14634660,14635296,MAL,NA
14640492,14646511,MAL,NA
14640691,14640802,NA,NA
14640973,14646076,NA,NA
14646806,14646985,MAL,NA
14656012,14656663,OCH,NA
14661511,14665969,MAL,NA
14662100,14665011,NA,NA
14666511,14669262,MAL,NA
14666822,14668876,NA,NA
14675153,14675268,NA,NA
14675376,14675835,NA,NA
14675388,14675602,OCH,NA
14680011,14682493,OCH,NA
14681010,14681962,NA,NA
14682676,14682924,OCH,NA
14685968,14689692,OCH,NA
14685992,14692826,NA,NA
14689083,14690264,CHI,N
14691026,14692455,CHI,C
14692011,14692396,FEM,NA
14710992,14713491,OCH,NA
14711709,14712991,NA,NA
14727027,14728492,OCH,NA
14727493,14728450,NA,NA
14734511,14737118,OCH,NA
14735010,14737124,NA,NA
14755831,14757011,CHI,Y
14755861,14757002,NA,NA
14763011,14763510,OCH,NA
14763041,14763534,NA,NA
14771997,14772512,OCH,NA
14775495,14776450,NA,NA
14775510,14775792,FEM,NA
14789820,14790934,NA,NA
14790011,14790124,CHI,N
14794579,14795991,OCH,NA
14863643,14864011,OCH,NA
14871772,14873510,MAL,NA
14871992,14872512,NA,NA
14875512,14877010,NA,NA
14875620,14876992,CHI,N
14882003,14885491,NA,NA
14882012,14882135,MAL,NA
14882348,14884491,MAL,NA
14884091,14885365,FEM,NA
14887010,14894011,NA,NA
14887493,14888011,FEM,NA
14887510,14889992,CHI,N
14888176,14888544,FEM,NA
14889992,14894493,MAL,NA
14895492,14897512,NA,NA
14895993,14897151,CHI,N
14900492,14900993,NA,NA
14900510,14900648,MAL,NA
14900752,14901889,MAL,NA
14904992,14908011,NA,NA
14905991,14907651,CHI,N
14910764,14911115,NA,NA
14910939,14911108,MAL,NA
14915504,14917011,NA,NA
14915618,14916992,CHI,N
14921869,14928011,NA,NA
14923992,14927067,CHI,N
14927348,14927491,CHI,N
14934110,14937087,NA,NA
14934221,14937115,CHI,N
14943511,14947544,NA,NA
14943992,14947218,CHI,N
14944993,14945563,OCH,NA
14945762,14946992,OCH,NA
14947728,14953481,NA,NA
14948012,14952924,CHI,N
14952155,14952957,MAL,NA
14953889,14958626,NA,NA
14953992,14955011,CHI,C
14954679,14956512,MAL,NA
14956491,14957991,CHI,N
14959011,14961389,NA,NA
14959337,14961310,CHI,N
14961674,14962992,CHI,N
14961697,14965511,NA,NA
14963314,14965012,FEM,NA
14963672,14963775,MAL,NA
14964492,14965248,MAL,NA
14975992,14978511,MAL,NA
14976544,14977914,NA,NA
14981492,14983190,NA,NA
14981654,14983183,MAL,NA
14981672,14982897,FEM,NA
14987324,14988799,NA,NA
14987388,14988512,FEM,NA
14995736,14995992,NA,NA
15006511,15009005,NA,NA
15006512,15007822,CHI,N
15009152,15009493,NA,NA
15011492,15012511,NA,NA
15011992,15012335,FEM,NA
15021151,15022511,OCH,NA
15021344,15023492,NA,NA
15022209,15023029,FEM,NA
15022763,15023200,OCH,NA
15027986,15028141,OCH,NA
15028600,15030041,NA,NA
15029012,15029473,FEM,NA
15034511,15039511,NA,NA
15034655,15036783,CHI,N
15036627,15039216,MAL,NA
15038560,15039011,CHI,N
15042993,15043133,NA,NA
15043492,15044032,NA,NA
15046012,15046216,NA,NA
15049724,15054140,NA,NA
15049824,15051012,CHI,Y
15051511,15053992,OCH,NA
15055011,15062379,NA,NA
15055259,15060011,CHI,C
15059010,15062010,OCH,NA
15062490,15062777,NA,NA
15062993,15106819,NA,NA
15064203,15068550,CHI,Y
15066010,15067952,OCH,NA
15069647,15079320,CHI,Y
15071511,15075708,OCH,NA
15078955,15079929,MAL,NA
15079620,15082197,CHI,Y
15081992,15083990,MAL,NA
15084492,15087492,OCH,NA
15084741,15085011,CHI,N
15085209,15085408,CHI,N
15086993,15089043,CHI,Y
15087094,15089033,FEM,NA
15089331,15096451,CHI,Y
15095918,15097209,MAL,NA
15096861,15099510,CHI,Y
15098078,15098424,OCH,NA
15099404,15102477,MAL,NA
15100212,15100411,FEM,NA
15101922,15106227,CHI,N
15108539,15111011,MAL,NA
15109011,15122013,NA,NA
15110952,15111863,CHI,C
15111510,15113491,MAL,NA
15113299,15115511,CHI,N
15115013,15116572,MAL,NA
15115319,15115493,FEM,NA
15116782,15117843,CHI,N
15118012,15122511,MAL,NA
15120010,15120629,CHI,N
15124492,15127690,MAL,NA
15124987,15132012,NA,NA
15127511,15128993,CHI,C
15128265,15132491,MAL,NA
15133011,15136011,MAL,NA
15133510,15135506,NA,NA
15137297,15139346,NA,NA
15137531,15137998,OCH,NA
15137992,15142992,MAL,NA
15140993,15142017,NA,NA
15147511,15149512,MAL,NA
15147648,15149494,NA,NA
15151013,15151138,MAL,NA
15151489,15155993,MAL,NA
15151978,15155512,NA,NA
15155819,15155973,NA,NA
15160645,15162010,NA,NA
15160843,15161653,MAL,NA
15181874,15183730,NA,NA
15181992,15183605,CHI,N
15187492,15191194,NA,NA
15187510,15189511,CHI,C
15189441,15191012,FEM,NA
15195492,15196012,NA,NA
15195538,15195992,CHI,N
15198511,15201665,NA,NA
15198918,15200872,CHI,N
15200301,15200610,MAL,NA
15201194,15201641,MAL,NA
15201992,15203141,MAL,NA
15202510,15205492,NA,NA
15203012,15203741,CHI,N
15204583,15205012,CHI,N
15204799,15205332,OCH,NA
15205990,15207004,OCH,NA
15206334,15207011,NA,NA
15206603,15206883,CHI,N
15208967,15212511,NA,NA
15208992,15212492,CHI,N
15214510,15221258,NA,NA
15214529,15219011,CHI,Y
15219993,15220852,FEM,NA
15220232,15221229,MAL,NA
15233992,15234510,NA,NA
15233997,15234510,OCH,NA
15236844,15237991,OCH,NA
15236873,15244149,NA,NA
15237911,15243600,CHI,N
15242160,15243648,OCH,NA
15251326,15252492,NA,NA
15251463,15252492,CHI,N
15254511,15261708,NA,NA
15254752,15258083,CHI,N
15257511,15258010,OCH,NA
15258733,15259992,OCH,NA
15259030,15260881,CHI,Y
15261885,15263584,NA,NA
15261995,15263520,OCH,NA
15262376,15263368,CHI,N
15264745,15264861,NA,NA
15265010,15267492,NA,NA
15265142,15266176,CHI,N
15266053,15267214,OCH,NA
15268973,15269100,NA,NA
15272012,15273993,OCH,NA
15272565,15273738,NA,NA
15274379,15274511,OCH,NA
15277992,15281612,NA,NA
15278011,15280554,CHI,N
15281089,15281592,OCH,NA
15305104,15306012,NA,NA
15305218,15305993,CHI,N
15315051,15316028,NA,NA
15315286,15316012,CHI,N
15321493,15324402,CHI,Y
15321493,15324492,NA,NA
15332579,15332690,NA,NA
15338455,15341471,CHI,N
15338459,15341512,NA,NA
15344492,15348363,OCH,NA
15344512,15349799,NA,NA
15346992,15349711,CHI,N
15355916,15358226,NA,NA
15355992,15360511,CHI,Y
15358425,15360659,NA,NA
15381011,15381217,CHI,Y
15381011,15381274,NA,NA
15478670,15478775,OCH,NA
15478891,15479588,OCH,NA
15478958,15479876,NA,NA
15480843,15482510,CHI,Y
15480860,15482623,NA,NA
15502381,15502985,MAL,NA
15502558,15502674,NA,NA
15503746,15505763,MAL,NA
15503994,15504893,NA,NA
15505199,15505491,NA,NA
15507992,15508493,NA,NA
15521510,15523483,MAL,NA
15521983,15522773,NA,NA
15524011,15524207,MAL,NA
15524511,15526933,MAL,NA
15524988,15526291,NA,NA
15534053,15534991,CHI,N
15534075,15534991,NA,NA
15577365,15580511,NA,NA
15577491,15577977,CHI,N
15578850,15580510,CHI,N
15582881,15584521,NA,NA
15582890,15584515,CHI,N
15586518,15587181,OCH,NA
15590991,15592010,FEM,NA
15590991,15592010,NA,NA
15629011,15631500,NA,NA
15629993,15630347,OCH,NA
15632011,15640587,NA,NA
15632492,15633042,CHI,N
15633830,15635011,CHI,N
15635992,15637011,CHI,N
15637659,15637899,CHI,N
15639011,15639723,CHI,N
15640818,15642011,NA,NA
15643511,15645335,NA,NA
15643913,15645091,CHI,N
15648692,15652897,NA,NA
15648731,15649664,OCH,NA
15648992,15649735,CHI,N
15650461,15651511,CHI,N
15651478,15653118,MAL,NA
15653505,15658048,NA,NA
15654487,15655636,CHI,N
15657491,15657992,CHI,N
15660010,15661843,NA,NA
15660493,15661440,CHI,N
15672511,15673896,OCH,NA
15675598,15678011,OCH,NA
15678993,15681511,OCH,NA
15679492,15681664,NA,NA
15686717,15687011,NA,NA
15688809,15689098,NA,NA
15689491,15690011,NA,NA
15689656,15690015,OCH,NA
15692992,15693542,OCH,NA
15693198,15693492,NA,NA
15693652,15693767,OCH,NA
15702279,15702993,OCH,NA
15706035,15706168,NA,NA
15707118,15707491,NA,NA
15709596,15709755,OCH,NA
15709611,15709744,NA,NA
15710394,15711243,NA,NA
15710492,15711012,OCH,NA
15718983,15719413,NA,NA
15725678,15725923,NA,NA
15726979,15728012,NA,NA
15727087,15727706,OCH,NA
15727100,15727829,CHI,N
15729959,15730173,OCH,NA
15731493,15736326,NA,NA
15731599,15731704,OCH,NA
15732509,15732784,OCH,NA
15732888,15736280,OCH,NA
15733118,15733511,CHI,N
15744243,15745271,CHI,N
15744289,15745219,NA,NA
15746063,15748993,OCH,NA
15746424,15748891,NA,NA
15749351,15749489,OCH,NA
15752721,15756511,NA,NA
15752748,15753995,OCH,NA
15753511,15755011,CHI,N
15754510,15754697,OCH,NA
15754993,15756213,FEM,NA
15756933,15757551,NA,NA
15756992,15757491,FEM,NA
15757973,15758081,OCH,NA
15762458,15763071,OCH,NA
15762681,15762851,NA,NA
15776993,15777511,OCH,NA
15776993,15777860,NA,NA
15781510,15784382,NA,NA
15781569,15781827,OCH,NA
15781993,15784992,OCH,NA
15821344,15827201,NA,NA
15821443,15827143,CHI,Y
15822116,15822226,OCH,NA
15845259,15845391,NA,NA
15847232,15849011,NA,NA
15848664,15848858,FEM,NA
15863295,15864431,OCH,NA
15863609,15864512,NA,NA
15891648,15891975,CHI,N
15891652,15891827,NA,NA
15892492,15893661,NA,NA
15892615,15893493,CHI,N
15907543,15907781,OCH,NA
15908493,15909640,NA,NA
15911562,15912492,CHI,Y
15911589,15912510,NA,NA
15914492,15915645,NA,NA
15914725,15915594,OCH,NA
15918992,15919510,OCH,NA
15919094,15922380,NA,NA
15920093,15921875,FEM,NA
15920638,15920856,OCH,NA
15922691,15924218,NA,NA
15922724,15924012,FEM,NA
15925518,15926828,MAL,NA
15926208,15926461,NA,NA
15928993,15929371,NA,NA
15933336,15936492,NA,NA
15933363,15934510,CHI,N
15934511,15936492,FEM,NA
15940518,15941220,NA,NA
15940604,15941011,OCH,NA
15941333,15943491,MAL,NA
15941657,15946787,NA,NA
15943510,15946510,FEM,NA
15947012,15952493,NA,NA
15947511,15948102,FEM,NA
15947953,15948993,CHI,N
15948510,15951497,OCH,NA
15951511,15951984,FEM,NA
15954148,15957380,NA,NA
15954749,15957091,FEM,NA
15957511,15966510,NA,NA
15957716,15959012,FEM,NA
15959492,15960071,CHI,C
15960127,15963492,FEM,NA
15963745,15965336,CHI,N
15965596,15965812,FEM,NA
15965993,15966511,FEM,NA
15970009,15973263,NA,NA
15970282,15970490,MAL,NA
15970633,15970881,OCH,NA
15970679,15971427,CHI,N
15972059,15972560,CHI,N
15973752,15976410,OCH,NA
15973924,15976216,NA,NA
15979493,15980684,MAL,NA
15979526,15980955,NA,NA
15980865,15980975,MAL,NA
15984511,15984617,NA,NA
15984776,15986992,NA,NA
15984992,15986511,OCH,NA
15985090,15986511,CHI,N
15995634,15998899,NA,NA
15995708,15996518,OCH,NA
15997492,15998596,CHI,N
15997846,15998511,OCH,NA
15999422,16000492,NA,NA
15999552,15999900,CHI,N
16004717,16006011,NA,NA
16004901,16005510,OCH,NA
16004989,16005510,CHI,N
16006548,16006794,OCH,NA
16008771,16009514,NA,NA
16008983,16009385,CHI,N
16013992,16015030,NA,NA
16014125,16014763,CHI,N
16014265,16014491,OCH,NA
16015511,16016851,CHI,N
16015511,16016915,NA,NA
16018649,16018992,NA,NA
16021157,16022524,CHI,N
16021257,16022675,NA,NA
16026491,16031010,NA,NA
16026616,16026729,CHI,N
16026623,16027038,OCH,NA
16027011,16031010,CHI,N
16032470,16033511,OCH,NA
16032511,16033512,NA,NA
16034093,16034476,OCH,NA
16040012,16042511,NA,NA
16040511,16042492,CHI,Y
16043719,16044836,NA,NA
16043778,16045351,OCH,NA
16043854,16044011,NA,J
16048085,16053762,NA,NA
16048493,16053512,CHI,N
16054619,16055993,NA,NA
16054659,16055567,FEM,NA
16056011,16058600,MAL,NA
16056367,16058011,NA,NA
16058127,16058419,NA,NA
16061655,16065362,NA,NA
16061993,16064492,FEM,NA
16063712,16065416,MAL,NA
16066318,16067609,MAL,NA
16066691,16067992,NA,NA
16070557,16071401,MAL,NA
16071510,16074492,MAL,NA
16072479,16074052,NA,NA
16079502,16080511,OCH,NA
16079990,16080491,NA,NA
16081492,16081779,MAL,NA
16082012,16084774,MAL,NA
16084992,16086691,MAL,NA
16085312,16086608,NA,NA
16089302,16089449,MAL,NA
16099823,16101511,MAL,NA
16099992,16101416,NA,NA
16105838,16106731,NA,NA
16105888,16106511,CHI,N
16107404,16109161,NA,NA
16107429,16109012,CHI,N
16108543,16108730,OCH,NA
16109503,16111989,MAL,NA
16109587,16111933,NA,NA
16112152,16113006,NA,NA
16112343,16112765,FEM,NA
16114412,16116658,NA,NA
16114987,16116337,CHI,N
16115041,16115375,OCH,NA
16117512,16120988,MAL,NA
16117988,16120339,NA,NA
16122075,16123111,MAL,NA
16122122,16123310,NA,NA
16128006,16129739,MAL,NA
16128511,16131876,NA,NA
16129992,16131104,CHI,N
16131245,16131404,MAL,NA
16132510,16132766,NA,NA
16133011,16135964,MAL,NA
16133511,16133631,NA,NA
16133988,16135488,NA,NA
16137011,16140656,MAL,NA
16137993,16140992,NA,NA
16142011,16147991,MAL,NA
16142338,16144609,NA,NA
16145858,16150085,NA,NA
16147512,16147703,CHI,N
16147931,16150012,CHI,N
16150799,16152989,MAL,NA
16151250,16152512,NA,NA
16158044,16158216,OCH,NA
16158992,16159540,OCH,NA
16160538,16163984,OCH,NA
16161488,16165423,NA,NA
16164492,16165012,FEM,NA
16164527,16165011,CHI,N
16171586,16174490,MAL,NA
16172106,16172266,NA,NA
16172381,16174011,NA,NA
16179510,16181167,FEM,NA
16179510,16181322,NA,NA
16187511,16189492,NA,NA
16187867,16189011,FEM,NA
16188112,16189206,MAL,NA
16192492,16194991,OCH,NA
16193046,16193174,NA,NA
16193432,16194617,NA,NA
16195511,16197531,OCH,NA
16196011,16196814,NA,NA
16197821,16198010,OCH,NA
16199011,16200731,MAL,NA
16199492,16200567,NA,NA
16211011,16215010,OCH,NA
16211463,16212573,NA,NA
16212783,16212886,NA,NA
16213809,16214511,NA,NA
16217948,16218579,NA,NA
16218011,16218510,FEM,NA
16221632,16222511,NA,NA
16221743,16221991,OCH,NA
16222992,16224990,MAL,NA
16223686,16224083,NA,NA
16225010,16225204,NA,NA
16225491,16225776,NA,NA
16226263,16226992,NA,NA
16226359,16226801,FEM,NA
16234061,16234194,NA,NA
16235232,16237385,OCH,NA
16235297,16237962,NA,NA
16239493,16241012,OCH,NA
16239678,16240510,NA,NA
16241492,16243557,MAL,NA
16241815,16244493,NA,NA
16263011,16264466,NA,NA
16263511,16264166,OCH,NA
16268511,16272993,MAL,NA
16269019,16272394,NA,NA
16275576,16275762,OCH,NA
16278003,16282227,NA,NA
16278368,16278540,OCH,NA
16279458,16281993,MAL,NA
16281046,16281512,FEM,NA
16282370,16282492,NA,NA
16283477,16285510,OCH,NA
16283612,16283744,NA,NA
16283864,16284207,NA,NA
16284491,16288511,NA,NA
16285742,16285990,OCH,NA
16285953,16288194,MAL,NA
16287991,16288396,OCH,NA
16294601,16294716,OCH,NA
16304993,16307511,MAL,NA
16305011,16308813,NA,NA
16307808,16311512,OCH,NA
16308980,16311656,NA,NA
16312183,16315816,NA,NA
16312509,16313493,CHI,N
16314269,16315221,CHI,N
16315101,16315788,OCH,NA
16317815,16318547,OCH,NA
16318037,16318302,NA,NA
16322992,16325012,MAL,NA
16323512,16325016,NA,NA
16328991,16329869,OCH,NA
16330393,16332011,OCH,NA
16330397,16331993,NA,NA
16332011,16334490,MAL,NA
16332143,16335523,NA,NA
16334992,16337511,OCH,NA
16335776,16338496,NA,NA
16337486,16338345,FEM,NA
16345886,16345992,NA,NA
16346468,16347011,NA,NA
16357493,16359422,MAL,NA
16357511,16358677,NA,NA
16365512,16368440,MAL,NA
16366134,16370491,NA,NA
16368645,16370248,FEM,NA
16368753,16369195,MAL,NA
16374104,16374352,OCH,NA
16374812,16375138,OCH,NA
16374864,16377991,NA,NA
16375011,16378511,MAL,NA
16381511,16384493,MAL,NA
16382010,16384502,NA,NA
16385492,16389000,MAL,NA
16386131,16389001,NA,NA
16390991,16393490,MAL,NA
16391511,16393652,NA,NA
16393055,16393268,OCH,NA
16393818,16394993,NA,NA
16393992,16394726,OCH,NA
16395681,16396795,NA,NA
16398529,16402024,OCH,NA
16399493,16400492,NA,NA
16400603,16400861,NA,NA
16401992,16402301,NA,NA
16402492,16406053,NA,NA
16403030,16403335,OCH,NA
16403511,16403786,OCH,NA
16404878,16406106,OCH,NA
16406346,16406493,OCH,NA
16407510,16409511,OCH,NA
16407905,16409449,NA,NA
16418307,16418427,OCH,NA
16418666,16419341,OCH,NA
16418992,16419380,NA,NA
16421992,16423992,OCH,NA
16422126,16422961,NA,NA
16424492,16425511,NA,NA
16424554,16425426,OCH,NA
16430492,16430659,OCH,NA
16431491,16431626,OCH,NA
16432845,16433701,OCH,NA
16433265,16433618,NA,NA
16452011,16453830,OCH,NA
16456589,16456972,NA,NA
16471929,16474214,OCH,NA
16472126,16473775,NA,NA
16474377,16474490,OCH,NA
16476991,16477809,OCH,NA
16478048,16478993,OCH,NA
16489324,16490011,OCH,NA
16489992,16492408,NA,NA
16490010,16492511,MAL,NA
16516425,16528401,NA,NA
16516492,16518368,FEM,NA
16518011,16523835,MAL,NA
16524177,16528902,MAL,NA
16532993,16533312,OCH,NA
16533011,16539511,NA,NA
16533575,16533857,OCH,NA
16534442,16540011,MAL,NA
16544643,16547478,MAL,NA
16545011,16547534,NA,NA
16546958,16547407,FEM,NA
16548011,16548510,NA,NA
16549814,16552998,NA,NA
16549859,16558511,MAL,NA
16553854,16558088,NA,NA
16558822,16558989,MAL,NA
16560917,16562991,OCH,NA
16561528,16562011,NA,NA
16562327,16562442,NA,NA
16567109,16569126,NA,NA
16567492,16569136,FEM,NA
16581512,16584011,OCH,NA
16581950,16584719,NA,NA
16584510,16584674,FEM,NA
16586512,16587121,NA,NA
16586687,16586992,FEM,NA
16595012,16596511,NA,NA
16595474,16596510,FEM,NA
16598841,16599108,OCH,NA
16607842,16608252,NA,NA
16617661,16617781,NA,NA
16617992,16619860,NA,NA
16618492,16619553,FEM,NA
16622062,16624492,NA,NA
16622358,16624386,FEM,NA
16625603,16626443,NA,NA
16630417,16630648,NA,NA
16634465,16636134,OCH,NA
16634992,16635917,NA,NA
16653337,16653789,OCH,NA
16659108,16661992,NA,NA
16659616,16661298,FEM,NA
16666702,16668012,MAL,NA
16667289,16667512,NA,NA
16672490,16674512,NA,NA
16672510,16673288,FEM,NA
16672876,16673492,CHI,N
16674041,16674377,OCH,NA
16681505,16685511,OCH,NA
16681511,16683099,NA,NA
16683234,16683425,NA,NA
16684171,16685011,NA,NA
16696343,16697096,OCH,NA
16697311,16698401,NA,NA
16702011,16703147,CHI,N
16702011,16703329,NA,NA
16707581,16707959,OCH,NA
16711518,16712294,NA,NA
16712440,16714011,NA,NA
16713268,16713992,FEM,NA
16716993,16719011,NA,NA
16717396,16717992,OCH,NA
16719488,16720011,NA,NA
16728491,16731488,MAL,NA
16729011,16731011,NA,NA
16731993,16734492,MAL,NA
16732533,16734170,NA,NA
16741492,16745525,MAL,NA
16742096,16745201,NA,NA
16745653,16745991,MAL,NA
16752170,16758353,NA,NA
16752776,16752892,OCH,NA
16752850,16758481,MAL,NA
16772984,16774526,MAL,NA
16773031,16774346,NA,NA
16799996,16802490,MAL,NA
16800797,16802144,NA,NA
16813875,16815011,NA,NA
16813992,16814810,FEM,NA
16817161,16819010,MAL,NA
16817498,16818497,NA,NA
16820511,16820727,NA,NA
16820936,16823683,NA,NA
16820992,16823012,MAL,NA
16823816,16823968,NA,NA
16825124,16825256,NA,NA
16826493,16827959,MAL,NA
16826878,16827572,NA,NA
16833088,16833969,NA,NA
16840644,16842320,MAL,NA
16841021,16841475,NA,NA
16849556,16854703,MAL,NA
16850179,16854511,NA,NA
16866993,16867676,NA,NA
16883647,16884811,OCH,NA
16883816,16884218,NA,NA
16884349,16884492,NA,NA
16895491,16898085,NA,NA
16895557,16898146,OCH,NA
16932848,16933437,OCH,NA
16940183,16941784,OCH,NA
16940492,16941511,NA,NA
16943264,16943524,NA,NA
16947264,16949520,OCH,NA
16947277,16948522,NA,NA
16951992,16955968,OCH,NA
16952660,16953578,NA,NA
16954083,16956511,NA,NA
16957117,16958011,NA,NA
16967991,16969491,NA,NA
16967991,16969992,OCH,NA
16978992,16980399,FEM,NA
16978992,16980492,NA,NA
16982985,16984109,NA,NA
16984743,16984917,NA,NA
16991223,16991410,OCH,NA
17000655,17001025,OCH,NA
17000704,17001607,NA,NA
17001352,17001511,OCH,NA
17014997,17015512,NA,NA
17015012,17015484,CHI,N
17019766,17020006,OCH,NA
17049336,17050019,NA,NA
17049493,17049920,CHI,N
17054575,17054690,NA,NA
17062512,17063366,OCH,NA
17065991,17067010,OCH,NA
17066339,17066948,NA,NA
17068109,17070011,OCH,NA
17082492,17086844,MAL,NA
17083492,17084813,NA,NA
17085671,17088511,NA,NA
17087011,17088616,OCH,NA
17090099,17097234,NA,NA
17090298,17090492,NA,J
17090452,17092010,MAL,NA
17092235,17095546,MAL,NA
17093285,17094512,FEM,NA
17095234,17095511,FEM,NA
17101439,17102478,NA,NA
17101493,17102458,CHI,N
17187614,17187911,MAL,NA
17191992,17192748,NA,NA
17192010,17192673,FEM,NA
17201992,17203155,OCH,NA
17202218,17202498,NA,NA
17202831,17202993,NA,NA
17207011,17209218,NA,NA
17207993,17208984,FEM,NA
17208681,17208823,OCH,NA
17209517,17210511,NA,NA
17209665,17209992,OCH,NA
17215499,17216564,OCH,NA
17215666,17216601,NA,NA
17220011,17220305,NA,NA
17220408,17222011,NA,NA
17220492,17222011,FEM,NA
17222510,17222675,NA,NA
17223011,17224420,NA,NA
17223233,17223753,FEM,NA
17229490,17231069,OCH,NA
17229731,17229988,NA,NA
17231840,17231968,OCH,NA
17232504,17234215,MAL,NA
17232645,17232756,NA,NA
17232985,17233987,NA,NA
17234286,17235783,OCH,NA
17234341,17234513,MAL,NA
17235761,17237276,NA,NA
17235782,17237510,MAL,NA
17241010,17248475,MAL,NA
17241992,17243941,NA,NA
17244947,17250627,NA,NA
17248012,17249156,FEM,NA
17249350,17250990,MAL,NA
17251763,17253300,NA,NA
17252511,17252688,FEM,NA
17260493,17267493,NA,NA
17260595,17260993,OCH,NA
17261576,17261912,OCH,NA
17262492,17262630,MAL,NA
17263034,17263204,MAL,NA
17264105,17264314,FEM,NA
17264492,17265511,FEM,NA
17266345,17266492,OCH,NA
17268803,17269459,NA,NA
17272828,17274492,OCH,NA
17277011,17280492,NA,NA
17279102,17280285,OCH,NA
17279177,17280269,FEM,NA
17281372,17281510,OCH,NA
17282670,17283149,OCH,NA
17282678,17283010,NA,NA
17284016,17284134,OCH,NA
17284271,17285543,OCH,NA
17284735,17285499,NA,NA
17288512,17288760,OCH,NA
17289492,17289892,OCH,NA
17290992,17291370,NA,NA
17291095,17291232,OCH,NA
17304511,17308991,NA,NA
17304811,17306011,FEM,NA
17306992,17309145,OCH,NA
17312010,17312619,NA,NA
17313475,17314604,OCH,NA
17313753,17314010,NA,NA
17316391,17317179,OCH,NA
17318995,17319417,OCH,NA
17319012,17319275,NA,NA
17320492,17322495,NA,NA
17321008,17321906,FEM,NA
17321761,17321992,OCH,NA
17330755,17330865,OCH,NA
17331504,17333510,OCH,NA
17331992,17335991,NA,NA
17335011,17335381,FEM,NA
17338691,17338942,OCH,NA
17339461,17340492,OCH,NA
17339940,17340110,NA,NA
17341481,17343501,NA,NA
17341714,17341992,OCH,NA
17342787,17342993,CHI,N
17344511,17348991,NA,NA
17344571,17344824,OCH,NA
17345372,17346012,OCH,NA
17347655,17347905,FEM,NA
17349117,17350469,NA,NA
17349334,17349677,MAL,NA
17349694,17349871,CHI,N
17353970,17358531,NA,NA
17354010,17355492,FEM,NA
17354711,17355681,CHI,C
17355511,17358992,MAL,NA
17369402,17371213,NA,NA
17369461,17370668,OCH,NA
17371461,17372396,NA,NA
17371721,17372458,OCH,NA
17373533,17373962,OCH,NA
17374623,17377991,NA,NA
17374696,17376598,CHI,N
17375632,17376339,OCH,NA
17376760,17377511,CHI,N
17389510,17393008,OCH,NA
17390327,17398511,NA,NA
17392166,17393010,CHI,N
17393511,17398511,MAL,NA
17398746,17398854,NA,NA
17401993,17403491,NA,NA
17402511,17403491,FEM,NA
17403847,17403992,NA,NA
17404100,17404491,NA,NA
17404349,17404492,FEM,NA
17404838,17408596,NA,NA
17405511,17406093,FEM,NA
17410613,17410772,NA,NA
17414204,17416690,NA,NA
17414843,17416492,FEM,NA
17416871,17422992,NA,NA
17417509,17419181,CHI,N
17417658,17419511,OCH,NA
17419298,17419419,CHI,N
17419907,17420013,FEM,NA
17420493,17422498,CHI,N
17425410,17427281,NA,NA
17425560,17426129,CHI,N
17426534,17427039,FEM,NA
17428510,17431510,NA,NA
17429492,17431011,FEM,NA
17433785,17433920,NA,NA
17434605,17434747,OCH,NA
17434992,17435880,NA,NA
17435014,17435827,OCH,NA
17436992,17437787,OCH,NA
17436992,17444012,NA,NA
17438340,17440012,FEM,NA
17440512,17442610,OCH,NA
17448510,17450491,NA,NA
17448878,17449906,FEM,NA
17449297,17450512,OCH,NA
17450686,17450993,OCH,NA
17450762,17451012,NA,NA
17457395,17461992,NA,NA
17457442,17461543,FEM,NA
17462265,17462992,NA,NA
17462294,17464012,OCH,NA
17465502,17467824,OCH,NA
17466391,17474776,NA,NA
17467949,17468923,FEM,NA
17468740,17469010,OCH,NA
17468992,17471511,CHI,N
17469115,17469512,FEM,NA
17469130,17469314,OCH,NA
17471492,17474511,FEM,NA
17477011,17477259,FEM,NA
17477011,17478992,NA,NA
17477549,17477838,FEM,NA
17477993,17478992,FEM,NA
17480011,17483168,FEM,NA
17480011,17484010,NA,NA
17483254,17483401,OCH,NA
17483514,17483652,OCH,NA
17491992,17493492,OCH,NA
17492677,17493492,NA,NA
17496305,17497312,NA,NA
17499512,17501756,NA,NA
17500485,17501511,FEM,NA
17504173,17504512,NA,NA
17504412,17504554,MAL,NA
17506493,17508012,NA,NA
17507492,17508511,MAL,NA
17510047,17510965,OCH,NA
17517043,17517283,MAL,NA
17523493,17523822,NA,NA
17529122,17529323,NA,NA
17529124,17529281,OCH,NA
17533344,17545902,NA,NA
17533483,17534683,CHI,C
17534551,17535418,MAL,NA
17534872,17536511,CHI,N
17536166,17541250,MAL,NA
17541109,17544599,CHI,N
17543716,17543924,MAL,NA
17544141,17546011,MAL,NA
17546876,17548010,OCH,NA
17562012,17563511,OCH,NA
17562569,17563011,NA,NA
17577049,17579511,NA,NA
17577309,17578511,OCH,NA
17577493,17579304,FEM,NA
17578726,17578891,OCH,NA
17580512,17583011,NA,NA
17580562,17582849,CHI,N
17588509,17589012,NA,NA
17596243,17602993,NA,NA
17596869,17596992,OCH,NA
17596992,17599387,FEM,NA
17599479,17600142,CHI,N
17599493,17599697,OCH,NA
17600691,17602011,FEM,NA
17604805,17605618,OCH,NA
17605011,17605625,NA,NA
17608072,17608197,NA,NA
17615848,17620468,NA,NA
17615939,17618302,CHI,Y
17618511,17620310,CHI,Y
17622011,17625511,MAL,NA
17622890,17629237,NA,NA
17623511,17624400,CHI,N
17625492,17628783,CHI,Y
17626690,17627336,OCH,NA
17627812,17629243,OCH,NA
17629350,17629995,OCH,NA
17634993,17637492,OCH,NA
17635511,17636326,NA,NA
17637890,17639512,NA,NA
17637991,17639412,CHI,N
17640511,17641076,NA,NA
17641511,17642520,NA,NA
17642011,17642256,FEM,NA
17642858,17643589,NA,NA
17642941,17643511,CHI,N
17645011,17662492,NA,NA
17645992,17646643,FEM,NA
17647904,17652511,CHI,N
17653226,17657531,CHI,Y
17653327,17653794,OCH,NA
17657011,17658488,FEM,NA
17658705,17662357,CHI,Y
17662816,17664088,NA,NA
17663424,17664116,MAL,NA
17665314,17666411,NA,NA
17665352,17666393,CHI,N
17667831,17669491,NA,NA
17667992,17668512,CHI,N
17670265,17679054,NA,NA
17670776,17673992,FEM,NA
17671635,17672059,CHI,N
17674914,17676011,MAL,NA
17676586,17677492,OCH,NA
17676662,17678998,CHI,Y
17681978,17687670,NA,NA
17682341,17686604,CHI,Y
17682757,17682894,OCH,NA
17685992,17686775,OCH,NA
17686850,17687672,MAL,NA
17690992,17692492,CHI,Y
17690992,17692511,NA,NA
17694362,17695511,NA,NA
17694492,17694867,CHI,N
17703993,17705512,NA,NA
17704018,17705511,CHI,N
17709514,17709632,OCH,NA
17709940,17710475,OCH,NA
17713492,17713614,NA,NA
17714111,17714285,NA,NA
17714498,17714636,NA,NA
17730011,17731562,NA,NA
17730284,17730998,MAL,NA
17730510,17731511,FEM,NA
17733629,17735759,NA,NA
17733673,17734903,CHI,N
17734722,17735756,MAL,NA
17736290,17737741,NA,NA
17736492,17737491,CHI,N
17737010,17737331,OCH,NA
17742228,17752726,NA,NA
17742326,17742852,OCH,NA
17743647,17745510,CHI,N
17745494,17745884,FEM,NA
17745985,17746316,CHI,N
17746992,17749511,OCH,NA
17748992,17752492,CHI,N
17749771,17749992,OCH,NA
17757011,17758290,NA,NA
17758511,17758687,NA,NA
17758992,17761012,MAL,NA
17759053,17761974,NA,NA
17761127,17761316,MAL,NA
17764890,17767961,NA,NA
17765295,17766993,CHI,N
17766493,17766726,OCH,NA
17766741,17768342,MAL,NA
17770796,17772193,MAL,NA
17770992,17773618,NA,NA
17772077,17773108,CHI,N
17772298,17773081,OCH,NA
17775902,17777991,OCH,NA
17776493,17776716,NA,NA
17776871,17777512,NA,NA
17777753,17777871,NA,NA
17784011,17784192,NA,NA
17784492,17784646,NA,NA
17790040,17790145,OCH,NA
17792511,17797730,OCH,NA
17792681,17799553,NA,NA
17794568,17794887,CHI,N
17795184,17795511,CHI,N
17796993,17797663,CHI,N
17798287,17798545,OCH,NA
17798675,17798829,OCH,NA
17801976,17803048,OCH,NA
17801993,17803237,NA,NA
17803510,17806622,NA,NA
17803754,17804724,OCH,NA
17803827,17804919,CHI,Y
17805091,17806554,OCH,NA
17805241,17805886,CHI,N
17807175,17808209,NA,NA
17807347,17807639,OCH,NA
17809738,17813434,NA,NA
17809882,17812688,OCH,NA
17809966,17810492,CHI,N
17810992,17813010,CHI,N
17813010,17813270,OCH,NA
17814548,17816070,NA,NA
17815493,17815616,MAL,NA
17816493,17816817,OCH,NA
17825334,17826051,OCH,NA
17827280,17829367,OCH,NA
17830511,17831566,MAL,NA
17834492,17836011,CHI,Y
17834492,17836011,NA,NA
17838649,17843492,NA,NA
17838694,17839420,CHI,N
17839511,17840385,OCH,NA
17840966,17848492,OCH,NA
17844347,17845997,NA,NA
17846131,17847992,NA,NA
17851268,17851438,OCH,NA
17856492,17857543,OCH,NA
17856772,17857493,NA,NA
17885011,17887993,NA,NA
17885094,17885577,CHI,N
17886540,17887510,CHI,N
17886607,17886808,FEM,NA
17888916,17893493,NA,NA
17888983,17893492,CHI,N
17895902,17896012,OCH,NA
17898665,17899993,OCH,NA
17899085,17899212,NA,NA
17907969,17908210,OCH,NA
17949492,17949991,OCH,NA
17949637,17949991,NA,NA
18012011,18014993,MAL,NA
18014083,18015809,NA,NA
18014992,18015510,CHI,N
18016501,18017343,NA,NA
18016543,18017086,FEM,NA
18018435,18024642,NA,NA
18018533,18020114,FEM,NA
18020240,18020991,CHI,N
18020645,18022538,MAL,NA
18022510,18024491,FEM,NA
18023752,18023902,MAL,NA
18024884,18026941,MAL,NA
18025554,18026398,NA,NA
18031012,18032303,OCH,NA
18032492,18032597,OCH,NA
18035737,18036083,NA,NA
18035948,18036108,MAL,NA
18039993,18041011,OCH,NA
18040170,18040408,NA,NA
18045011,18050455,MAL,NA
18045573,18047004,NA,NA
18048493,18050511,NA,NA
18049881,18050011,FEM,NA
18052006,18057884,MAL,NA
18052492,18054492,NA,NA
18055511,18057011,NA,NA
18059510,18063563,MAL,NA
18059649,18059757,NA,NA
18059973,18071013,NA,NA
18063493,18065435,OCH,NA
18063678,18063965,MAL,NA
18063699,18063814,CHI,N
18064178,18064389,CHI,N
18064510,18065511,CHI,N
18065840,18070990,MAL,NA
18069666,18070803,FEM,NA
18140601,18141991,NA,NA
18140623,18141992,CHI,N
18142326,18142993,NA,NA
18142421,18142968,CHI,N
18146109,18146236,NA,NA
18147652,18148511,NA,NA
18147696,18148012,CHI,N
18150011,18155225,NA,NA
18150266,18151302,FEM,NA
18151012,18154993,MAL,NA
18154511,18155010,FEM,NA
18157242,18158011,FEM,NA
18157255,18158016,NA,NA
18159058,18160992,NA,NA
18159115,18160824,CHI,N
18297011,18302801,MAL,NA
18297510,18301695,NA,NA
18304166,18306508,NA,NA
18304179,18306501,FEM,NA
18324382,18324814,NA,NA
18324968,18327067,NA,NA
18325572,18325795,FEM,NA
18326366,18326992,FEM,NA
18327787,18328502,NA,NA
18332602,18336492,NA,NA
18332700,18332803,FEM,NA
18332992,18333897,FEM,NA
18335276,18336034,CHI,N
18335791,18335907,OCH,NA
18337305,18337680,NA,NA
18337362,18337613,OCH,NA
18342077,18346058,NA,NA
18342097,18344701,FEM,NA
18350457,18354954,NA,NA
18350493,18354379,FEM,NA
18359727,18364678,NA,NA
18360010,18362492,FEM,NA
18363488,18364271,CHI,N
18368011,18371950,NA,NA
18368021,18370011,FEM,NA
18370382,18371511,FEM,NA
18377493,18382493,NA,NA
18377513,18381992,FEM,NA
18385993,18391103,NA,NA
18386217,18389011,FEM,NA
18402215,18402512,NA,NA
18407513,18407658,NA,NA
18408450,18408754,MAL,NA
18410569,18411511,NA,NA
18413511,18414129,NA,NA
18414493,18414967,NA,NA
18419589,18422513,NA,NA
18427978,18432237,NA,NA
18428069,18432011,FEM,NA
18428344,18428487,MAL,NA
18431263,18431425,CHI,N
18435992,18438004,FEM,NA
18435992,18438493,NA,NA
18439979,18440991,NA,NA
18440011,18440531,FEM,NA
18445754,18446493,NA,NA
18449488,18450426,NA,NA
18453666,18453786,NA,NA
18453914,18456010,NA,NA
18454012,18454142,FEM,NA
18454078,18454557,MAL,NA
18454561,18454936,FEM,NA
18455634,18455742,FEM,NA
18456275,18457291,NA,NA
18456317,18457292,FEM,NA
18463322,18464510,NA,NA
18466993,18468358,NA,NA
18471383,18473474,NA,NA
18471491,18473010,FEM,NA
18471902,18472042,MAL,NA
18478653,18480190,NA,NA
18478992,18480322,OCH,NA
18488650,18488993,NA,NA
18494214,18495000,NA,NA
18506512,18511011,NA,NA
18506860,18507820,CHI,N
18508713,18508823,CHI,N
18519740,18520010,NA,NA
18524374,18524727,NA,NA
18527010,18527221,NA,NA
18527493,18531011,NA,NA
18527835,18529423,FEM,NA
18536813,18538992,NA,NA
18536865,18538870,FEM,NA
18545541,18549993,NA,NA
18546057,18546167,FEM,NA
18546492,18549010,FEM,NA
18549010,18549165,CHI,N
18554511,18557832,NA,NA
18555011,18557492,FEM,NA
18558146,18558271,NA,NA
18571992,18572510,NA,NA
18572073,18572183,MAL,NA
18578562,18579011,NA,NA
18585011,18585112,NA,NA
18589034,18589510,NA,NA
18589152,18589468,MAL,NA
18591971,18593324,NA,NA
18593511,18595374,NA,NA
18604412,18604520,NA,NA
18619991,18621510,NA,NA
18627712,18629551,NA,NA
18627784,18628905,MAL,NA
18628491,18628697,FEM,NA
18631492,18632282,NA,NA
18631551,18632305,FEM,NA
18636492,18637396,NA,NA
18640859,18642493,NA,NA
18641127,18641510,CHI,N
18644602,18644776,NA,NA
18644992,18645108,NA,NA
18662294,18662724,NA,NA
18662851,18663936,NA,NA
18662935,18663419,OCH,NA
18666433,18667383,NA,NA
18668510,18668672,NA,NA
18674051,18676030,NA,NA
18674067,18674541,OCH,NA
18674960,18676430,OCH,NA
18677485,18677775,OCH,NA
18678539,18679398,NA,NA
18680492,18681012,NA,NA
18682790,18683492,NA,NA
18684692,18685055,MAL,NA
18685728,18685991,NA,NA
18688470,18689302,OCH,NA
18688490,18689989,NA,NA
18689641,18689989,MAL,NA
18690684,18691555,NA,NA
18690765,18691396,MAL,NA
18693492,18693662,NA,NA
18693885,18694612,NA,NA
18694928,18696005,NA,NA
18695024,18695491,CHI,N
18697829,18698492,NA,NA
18698040,18698484,OCH,NA
18703011,18704332,NA,NA
18705534,18706376,NA,NA
18706511,18708492,NA,NA
18706810,18707993,OCH,NA
18713837,18714932,NA,NA
18722991,18723226,NA,NA
18726010,18726817,NA,NA
18726211,18726483,MAL,NA
18730032,18730299,MAL,NA
18730850,18731589,NA,NA
18730992,18731584,OCH,NA
18731755,18732511,NA,NA
18731866,18732225,OCH,NA
18736178,18738529,OCH,NA
18736179,18737991,NA,NA
18739355,18740028,NA,NA
18739426,18740207,MAL,NA
18742199,18744757,NA,NA
18742280,18744803,OCH,NA
18744991,18746263,NA,NA
18745140,18745493,CHI,N
18745314,18746428,OCH,NA
18746530,18746832,OCH,NA
18747511,18747860,NA,NA
18748272,18749992,NA,NA
18748331,18748557,OCH,NA
18748424,18748875,CHI,N
18748668,18750686,OCH,NA
18751492,18752400,NA,NA
18751564,18752425,MAL,NA
18752840,18754733,NA,NA
18757492,18757597,NA,NA
18758026,18758153,NA,NA
18758721,18759057,NA,NA
18760147,18761251,NA,NA
18763701,18764621,NA,NA
18765366,18765994,NA,NA
18765417,18765881,OCH,NA
18769433,18770668,NA,NA
18769739,18769855,FEM,NA
18769970,18770459,FEM,NA
18776991,18778267,OCH,NA
18777050,18777285,NA,NA
18777493,18778313,NA,NA
18778492,18779511,NA,NA
18778492,18779734,OCH,NA
18780029,18781286,OCH,NA
18780755,18781241,NA,NA
18781622,18782645,NA,NA
18781713,18781853,OCH,NA
18783989,18784340,NA,NA
18784685,18784860,NA,NA
18785010,18785201,NA,NA
18786055,18786992,NA,NA
18786102,18786208,OCH,NA
18786148,18786492,CHI,N
18786310,18786511,OCH,NA
18788063,18788463,MAL,NA
18788993,18789665,NA,NA
18789005,18789732,OCH,NA
18790010,18790255,NA,NA
18791008,18791359,NA,NA
18791700,18793504,NA,NA
18791771,18793464,OCH,NA
18792967,18793186,MAL,NA
18793763,18794737,NA,NA
18794025,18794683,MAL,NA
18798220,18799165,NA,NA
18798315,18798526,CHI,N
18800232,18800490,MAL,NA
18801070,18802010,NA,NA
18801177,18801511,CHI,N
18801403,18801899,OCH,NA
18802758,18803511,NA,NA
18802787,18803523,OCH,NA
18803845,18804992,OCH,NA
18803948,18805438,NA,NA
18806170,18806811,NA,NA
18806209,18806754,MAL,NA
18808912,18809572,NA,NA
18808991,18809511,OCH,NA
18810011,18810777,OCH,NA
18810019,18810930,NA,NA
18816992,18817512,OCH,NA
18816992,18818011,NA,NA
18817329,18817491,CHI,N
18822539,18823492,OCH,NA
18822665,18822780,NA,NA
18823263,18823646,NA,NA
18829457,18830510,NA,NA
18833941,18834385,OCH,NA
18833992,18834242,NA,NA
18834513,18836168,OCH,NA
18834620,18836267,NA,NA
18839491,18839666,OCH,NA
18839491,18841330,NA,NA
18839898,18841820,OCH,NA
18841511,18841818,NA,NA
18842639,18843240,MAL,NA
18842755,18843012,NA,NA
18844529,18844963,NA,NA
18846143,18846992,OCH,NA
18846658,18846950,NA,NA
18848305,18849512,NA,NA
18848437,18848587,CHI,N
18849011,18849448,OCH,NA
18851648,18853597,NA,NA
18851744,18851992,OCH,NA
18852114,18854033,OCH,NA
18854817,18855018,NA,NA
18855791,18856493,OCH,NA
18855808,18856421,NA,NA
18855880,18855991,CHI,N
18857360,18857794,NA,NA
18860513,18861095,MAL,NA
18862080,18862313,NA,NA
18862738,18862861,NA,NA
18863547,18863778,NA,NA
18863987,18864427,NA,NA
18867725,18872511,CHI,N
18867727,18872857,NA,NA
18873791,18879193,NA,NA
18874026,18876512,CHI,N
18876910,18877901,CHI,N
18878009,18878858,OCH,NA
18879677,18882991,NA,NA
18881134,18882492,CHI,N
18883932,18884511,NA,NA
18885692,18885905,NA,NA
18886011,18888993,NA,NA
18886510,18888491,CHI,N
18889808,18890578,NA,NA
18889895,18890011,OCH,NA
18891352,18896921,NA,NA
18891492,18891603,OCH,NA
18893049,18893992,CHI,N
18894168,18896731,CHI,N
18895790,18895971,OCH,NA
18897481,18901384,NA,NA
18897492,18897991,CHI,N
18899609,18900993,CHI,N
18899630,18900084,OCH,NA
18900494,18901074,OCH,NA
18903097,18904003,OCH,NA
18903340,18903512,NA,NA
18903623,18903993,NA,NA
18904906,18907493,NA,NA
18905010,18905295,OCH,NA
18905429,18905993,OCH,NA
18906804,18906910,OCH,NA
18907147,18907316,OCH,NA
18914335,18915655,NA,NA
18914492,18915148,OCH,NA
18920010,18920196,NA,NA
18921175,18921582,NA,NA
18921843,18921992,NA,NA
18929492,18930064,NA,NA
18943511,18944331,NA,NA
18944493,18945767,NA,NA
18946006,18948139,NA,NA
18946168,18946511,OCH,NA
18946234,18948011,CHI,N
18946697,18946856,OCH,NA
18951374,18951997,MAL,NA
18951639,18951997,NA,NA
18952642,18952770,NA,NA
18973992,18978992,FEM,NA
18973992,18978992,NA,NA
18980327,18990076,NA,NA
18980992,18984132,FEM,NA
18984782,18987391,FEM,NA
18987546,18989993,FEM,NA
18990356,18994993,NA,NA
18990882,18994993,FEM,NA
18996245,19000992,NA,NA
18996351,18998492,FEM,NA
18998915,18999038,CHI,N
18999011,18999338,FEM,NA
18999308,18999510,CHI,N
18999672,19000992,FEM,NA
19001491,19001596,FEM,NA
19001491,19001955,NA,NA
19002205,19003439,NA,NA
19005511,19015089,NA,NA
19005992,19012384,FEM,NA
19008987,19010492,OCH,NA
19012659,19014492,FEM,NA
19018493,19020493,NA,NA
19018515,19020012,FEM,NA
19021021,19022992,NA,NA
19021041,19022992,FEM,NA
19025012,19028512,FEM,NA
19025012,19028919,NA,NA
19029992,19039012,NA,NA
19030493,19038993,FEM,NA
19041554,19041699,NA,NA
19041991,19042129,NA,NA
19042493,19043011,NA,NA
19043301,19043414,NA,NA
19043647,19044492,NA,NA
19055010,19055516,NA,NA
19063011,19065141,NA,NA
19063051,19065010,FEM,NA
19065777,19067993,NA,NA
19066011,19068007,FEM,NA
19070512,19073011,NA,NA
19070667,19072569,FEM,NA
19071318,19071488,MAL,NA
19075011,19078492,NA,NA
19075492,19077925,FEM,NA
19080438,19083992,NA,NA
19080510,19080755,FEM,NA
19081011,19081262,FEM,NA
19081492,19083510,FEM,NA
19085475,19089027,NA,NA
19085492,19089010,FEM,NA
19091492,19094511,FEM,NA
19091492,19094511,NA,NA
19137571,19137806,NA,NA
19138073,19138814,NA,NA
19149492,19151512,NA,NA
19149531,19150012,FEM,NA
19150774,19151538,OCH,NA
19155455,19156073,MAL,NA
19158485,19158731,MAL,NA
19164011,19165346,NA,NA
19164097,19164524,CHI,N
19164465,19165012,OCH,NA
19167044,19168075,NA,NA
19167293,19167870,OCH,NA
19174921,19177012,NA,NA
19174941,19176947,CHI,N
19176146,19176320,OCH,NA
19176703,19176804,OCH,NA
19180940,19182177,NA,NA
19182543,19182707,NA,NA
19235607,19236751,NA,NA
19235654,19236935,OCH,NA
19239550,19239992,NA,NA
19239564,19239991,FEM,NA
19241012,19241959,NA,NA
19241511,19241624,CHI,N
19242384,19243012,NA,NA
19245335,19246012,MAL,NA
19246992,19247510,NA,NA
19270946,19271511,NA,NA
19271091,19271241,CHI,N
19287475,19288034,NA,NA
19287492,19287992,CHI,N
19292992,19295493,NA,NA
19293034,19294419,CHI,N
19306542,19307492,NA,NA
19306742,19307493,OCH,NA
19311527,19311723,OCH,NA
19314489,19314653,NA,NA
19338713,19338991,NA,NA
19341992,19342316,NA,NA
19342868,19343992,NA,NA
19342954,19343511,CHI,N
19345841,19346659,NA,NA
19361992,19362512,NA,NA
19362193,19362495,OCH,NA
19364992,19366011,NA,NA
19365119,19365511,CHI,N
19365170,19365334,OCH,NA
19374647,19374922,NA,NA
19387976,19388492,NA,NA
19392504,19393012,MAL,NA
19392649,19392752,NA,NA
19403425,19406476,NA,NA
19403493,19404492,OCH,NA
19405511,19405838,CHI,N
19407470,19407990,MAL,NA
19411010,19411128,NA,NA
19411250,19411527,NA,NA
19411274,19411527,OCH,NA
19416495,19416608,MAL,NA
19419740,19419892,MAL,NA
19428193,19428296,NA,NA
19438895,19442378,NA,NA
19438986,19439511,CHI,N
19439664,19439966,CHI,N
19441331,19441510,OCH,NA
19534993,19536491,NA,NA
19534993,19536512,OCH,NA
19545071,19545400,NA,NA
19609334,19610326,NA,NA
19609489,19609816,MAL,NA
19611882,19612238,OCH,NA
19631300,19631440,OCH,NA
19696198,19696433,NA,NA
19718993,19719109,NA,NA
19719455,19720511,NA,NA
19719626,19720075,CHI,N
19741010,19742233,NA,NA
19743993,19744577,NA,NA
19747655,19748511,NA,NA
19747665,19748510,CHI,N
19773082,19773279,NA,NA
19773492,19773931,NA,NA
19783011,19783244,NA,NA
19783553,19784365,NA,NA
19784191,19784304,MAL,NA
19811998,19812580,NA,NA
19812008,19812867,MAL,NA
19827759,19827869,NA,NA
19828010,19830011,NA,NA
19829011,19829144,CHI,N
19829748,19829991,CHI,N
19844492,19845511,CHI,N
19844492,19845560,NA,NA
19846109,19846492,NA,NA
19847607,19850143,NA,NA
19847681,19848612,CHI,N
19849128,19850011,CHI,N
19850783,19852518,NA,NA
19850817,19851511,CHI,N
19854511,19854665,NA,NA
19854511,19854666,OCH,NA
19859492,19861706,NA,NA
19859698,19860562,CHI,N
19862233,19862635,NA,NA
19863156,19865719,NA,NA
19863768,19864070,CHI,N
19864511,19865198,CHI,N
19866057,19866511,NA,NA
19869992,19872846,NA,NA
19870226,19870511,CHI,N
19873090,19882069,NA,NA
19873353,19876245,FEM,NA
19876376,19876491,FEM,NA
19877096,19879492,FEM,NA
19881011,19881180,CHI,N
19882596,19886776,NA,NA
19883021,19883512,CHI,N
19884077,19885896,OCH,NA
19886249,19886492,OCH,NA
19887571,19894748,NA,NA
19887871,19888345,FEM,NA
19890063,19890927,OCH,NA
19891239,19891347,CHI,N
19891511,19893492,FEM,NA
19893492,19894526,CHI,N
19895662,19901302,NA,NA
19895699,19900254,CHI,N
19895969,19896963,OCH,NA
19899992,19900206,OCH,NA
19900391,19901336,OCH,NA
19900455,19900992,CHI,N
19902022,19907511,NA,NA
19902059,19904992,CHI,N
19903492,19906011,OCH,NA
19905338,19905795,CHI,N
19905991,19906782,CHI,N
19908266,19909839,NA,NA
19908408,19909043,CHI,N
19908695,19908938,OCH,NA
19910176,19910492,OCH,NA
19910205,19910343,NA,NA
19912458,19916695,NA,NA
19912492,19914995,OCH,NA
19914491,19916462,CHI,N
19917510,19919363,NA,NA
19918037,19918906,CHI,N
19918143,19918636,OCH,NA
19918774,19919010,OCH,NA
19927330,19929011,NA,NA
19928049,19928511,FEM,NA
19929186,19929491,NA,NA
19930431,19937991,NA,NA
19930511,19933606,FEM,NA
19933761,19937511,FEM,NA
19939510,19949019,NA,NA
19939993,19945373,FEM,NA
19945528,19947705,OCH,NA
19948493,19948837,MAL,NA
19950069,19958992,NA,NA
19951687,19952510,CHI,N
19953285,19955334,FEM,NA
19955511,19955612,FEM,NA
19956011,19956136,FEM,NA
19957011,19958010,FEM,NA
19960493,19962493,NA,NA
19961210,19961413,FEM,NA
19963336,19963920,NA,NA
19965992,19969743,NA,NA
19966191,19966637,FEM,NA
19966993,19967847,FEM,NA
19971011,19975915,NA,NA
19972165,19972523,OCH,NA
19973333,19973512,OCH,NA
19974165,19974305,CHI,N
19975012,19975493,CHI,N
19976492,19976605,NA,NA
19977092,19979107,NA,NA
19978189,19978511,CHI,N
19981492,19982160,NA,NA
19984457,19985923,NA,NA
19984658,19985107,CHI,N
19984755,19984991,OCH,NA
20012943,20016060,NA,NA
20012981,20014488,CHI,N
20014287,20016071,FEM,NA
20020402,20021928,NA,NA
20020492,20021511,CHI,N
20026514,20028672,NA,NA
20026595,20028439,CHI,N
20029793,20030480,NA,NA
20029992,20030461,OCH,NA
20034680,20037783,NA,NA
20034992,20036492,FEM,NA
20045510,20048920,NA,NA
20046511,20048926,FEM,NA
20053786,20057109,NA,NA
20053848,20056011,FEM,NA
20068712,20071493,NA,NA
20069088,20070992,CHI,N
20083597,20084510,NA,NA
20083626,20084492,CHI,N
20113859,20114991,FEM,NA
20113863,20116511,NA,NA
20119492,20123491,NA,NA
20119555,20120512,CHI,N
20119877,20120512,OCH,NA
20120624,20121010,OCH,NA
20121510,20123505,FEM,NA
20124492,20125245,NA,NA
20127496,20127697,NA,NA
20128993,20129952,FEM,NA
20128993,20130491,NA,NA
20137243,20139325,NA,NA
20137253,20138993,FEM,NA
20146585,20146796,NA,NA
20147522,20147630,MAL,NA
20379558,20380518,NA,NA
20379951,20380052,CHI,N
20382484,20382700,NA,NA
20383091,20384429,NA,NA
20383262,20384329,CHI,N
20383971,20384261,OCH,NA
20384838,20384992,NA,NA
20385346,20385493,NA,NA
20389492,20390025,NA,NA
20389593,20389991,CHI,N
20392626,20394011,NA,NA
20392649,20393511,OCH,NA
20393643,20394225,OCH,NA
20394681,20395429,OCH,NA
20417493,20419511,NA,NA
20418062,20418244,OCH,NA
20418492,20419012,OCH,NA
20424493,20425111,NA,NA
20424542,20425155,OCH,NA
20426526,20427564,NA,NA
20426845,20427041,CHI,N
20427142,20427360,OCH,NA
20432150,20433881,NA,NA
20432491,20433492,CHI,N
20432520,20432667,OCH,NA
20432856,20433055,OCH,NA
20445991,20446663,NA,NA
20447989,20449493,NA,NA
20448239,20448512,OCH,NA
20462752,20464041,CHI,N
20462782,20464491,NA,NA
20483992,20484787,NA,NA
20486758,20487992,CHI,N
20486765,20488012,NA,NA
20498992,20501491,NA,NA
20499011,20499991,CHI,N
20507123,20508741,NA,NA
20507124,20508491,CHI,N
20514485,20515827,NA,NA
20514743,20514978,CHI,N
20517492,20520283,NA,NA
20520493,20521247,NA,NA
20521023,20521217,MAL,NA
20521510,20521657,MAL,NA
20530962,20532012,NA,NA
20530992,20531991,CHI,N
20537174,20538011,NA,NA
20560026,20560259,NA,NA
20593045,20593992,NA,NA
20596940,20597769,NA,NA
20597026,20597681,OCH,NA
20599512,20599662,NA,NA
20599778,20601114,NA,NA
20600011,20600743,CHI,N
20601746,20602011,NA,NA
20601874,20602011,FEM,NA
20608493,20608714,NA,NA
20608568,20608728,OCH,NA
20609372,20610012,NA,NA
20609443,20609865,OCH,NA
20611159,20612781,NA,NA
20614009,20614473,NA,NA
20616491,20617492,NA,NA
20616572,20616719,CHI,N
20622305,20624566,NA,NA
20622975,20623166,CHI,N
20623383,20623493,CHI,N
20625855,20625992,NA,NA
20630614,20630715,NA,NA
20630980,20631530,NA,NA
20632798,20633949,NA,NA
20647455,20647978,MAL,NA
20647511,20651011,NA,NA
20648253,20648491,MAL,NA
20650408,20650531,FEM,NA
20654992,20655301,NA,NA
20655459,20658011,NA,NA
20655467,20659519,MAL,NA
20658272,20659207,NA,NA
20659477,20659609,NA,NA
20660248,20662543,MAL,NA
20661143,20665816,NA,NA
20662084,20663993,FEM,NA
20666522,20668010,MAL,NA
20666914,20667997,NA,NA
20671424,20672607,NA,NA
20681857,20683210,MAL,NA
20682010,20683510,NA,NA
20685512,20687498,MAL,NA
20685608,20686182,NA,NA
20686966,20687175,NA,NA
20690512,20692328,NA,NA
20690530,20691926,FEM,NA
20693143,20694058,MAL,NA
20694206,20694515,MAL,NA
20694842,20694989,MAL,NA
20695011,20695764,NA,NA
20696278,20697010,NA,NA
20696324,20696992,FEM,NA
20700617,20700720,NA,NA
20700876,20701011,NA,NA
20705541,20707561,MAL,NA
20707010,20708350,NA,NA
20707512,20708018,FEM,NA
20708549,20709563,NA,NA
20708625,20709010,FEM,NA
20710389,20717304,NA,NA
20711013,20714493,CHI,N
20715492,20717033,OCH,NA
20718011,20744508,NA,NA
20718202,20718990,MAL,NA
20719047,20727879,CHI,Y
20719380,20719490,MAL,NA
20720991,20724763,OCH,NA
20725220,20725363,OCH,NA
20729059,20732010,CHI,Y
20731273,20731379,OCH,NA
20731493,20734512,OCH,NA
20733992,20741456,CHI,Y
20737013,20737175,MAL,NA
20740315,20740671,OCH,NA
20740992,20741470,OCH,NA
20741493,20741901,FEM,NA
20741981,20744251,CHI,N
20745087,20745374,NA,NA
20746511,20771638,NA,NA
20746537,20751456,OCH,NA
20747932,20768492,CHI,N
20754449,20754611,FEM,NA
20754993,20758987,OCH,NA
20759212,20761011,OCH,NA
20761512,20761698,OCH,NA
20765012,20765366,OCH,NA
20765742,20768381,OCH,NA
20768010,20769510,FEM,NA
20769176,20771063,CHI,N
20772197,20796524,NA,NA
20772526,20772644,OCH,NA
20772634,20773512,CHI,N
20772784,20773560,OCH,NA
20774001,20774492,OCH,NA
20774090,20778010,CHI,N
20774720,20776703,OCH,NA
20777830,20777995,OCH,NA
20778571,20780993,OCH,NA
20778684,20779011,FEM,NA
20780795,20783492,CHI,N
20782648,20784552,OCH,NA
20783663,20795992,CHI,N
20786142,20787597,OCH,NA
20791563,20792819,OCH,NA
20793189,20793302,OCH,NA
20795493,20796511,OCH,NA
20799011,20849175,NA,NA
20799195,20805071,OCH,NA
20800071,20801492,CHI,N
20802012,20828462,CHI,N
20805728,20805993,OCH,NA
20808011,20809992,OCH,NA
20811264,20816510,OCH,NA
20818549,20818790,OCH,NA
20819511,20819992,FEM,NA
20820422,20821198,OCH,NA
20821892,20823056,OCH,NA
20823288,20823492,OCH,NA
20824616,20826492,FEM,NA
20826690,20827031,OCH,NA
20827493,20827650,OCH,NA
20830973,20840642,CHI,N
20831011,20832010,OCH,NA
20834493,20846052,OCH,NA
20843011,20845510,CHI,N
20847081,20848907,OCH,NA
20847512,20847747,FEM,NA
20848011,20848303,CHI,N
20848030,20848870,FEM,NA
20852486,20852813,NA,NA
20854287,20855492,NA,NA
20863089,20863388,NA,NA
20864010,20864160,NA,NA
20865026,20866511,MAL,NA
20865106,20868086,NA,NA
20866822,20867993,FEM,NA
20870511,20875012,NA,NA
20874463,20874882,MAL,NA
20879993,20881802,NA,NA
20880165,20880887,MAL,NA
20881010,20881795,FEM,NA
20888371,20889034,NA,NA
20888383,20888989,MAL,NA
20895492,20897011,NA,NA
20901642,20902992,NA,NA
20901993,20902935,CHI,N
20915992,20917199,NA,NA
20928107,20928512,NA,NA
20928146,20928526,MAL,NA
20929337,20930105,NA,NA
20930385,20935993,NA,NA
20930511,20931098,FEM,NA
20930776,20930968,CHI,N
20931492,20935866,FEM,NA
20936507,20938613,NA,NA
20936512,20938578,FEM,NA
20938946,20948539,NA,NA
20939030,20939357,OCH,NA
20939114,20940010,CHI,N
20939492,20942492,FEM,NA
20940316,20940917,CHI,N
20943510,20948492,FEM,NA
20948657,20958357,NA,NA
20951114,20951991,CHI,N
20951511,20957993,FEM,NA
20959410,20963492,NA,NA
20959493,20962512,CHI,N
20960011,20961071,FEM,NA
20964012,20965897,NA,NA
20964511,20965561,CHI,N
20966921,20978658,NA,NA
20966999,20970492,FEM,NA
20969992,20971011,CHI,N
20970596,20975712,FEM,NA
20976033,20977992,FEM,NA
20978317,20978425,FEM,NA
20979157,20979275,NA,NA
20980011,20983509,FEM,NA
20980011,20983707,NA,NA
20984081,20984511,NA,NA
20986493,20986603,MAL,NA
20990937,21001916,NA,NA
20991096,20994645,FEM,NA
20994809,21001876,FEM,NA
21002242,21006655,NA,NA
21002590,21006011,CHI,N
21003011,21003500,FEM,NA
21004010,21005011,FEM,NA
21008012,21011168,NA,NA
21008511,21010492,FEM,NA
21012062,21012325,NA,NA
21012492,21013930,NA,NA
21014610,21021122,NA,NA
21015011,21021010,FEM,NA
21022882,21025992,NA,NA
21022914,21025012,FEM,NA
21025713,21025840,FEM,NA
21028012,21029450,NA,NA
21028493,21029264,CHI,N
21030119,21031228,NA,NA
21032077,21036127,NA,NA
21035150,21035511,FEM,NA
21035752,21035992,FEM,NA
21038493,21040393,NA,NA
21039011,21039512,FEM,NA
21040028,21040342,FEM,NA
21041546,21041669,NA,NA
21041991,21045992,NA,NA
21042258,21045992,FEM,NA
21047275,21049504,NA,NA
21048144,21048284,CHI,N
21049661,21050493,NA,NA
21052011,21057492,NA,NA
21052091,21052267,FEM,NA
21052391,21056993,FEM,NA
21058043,21060979,NA,NA
21058220,21059661,FEM,NA
21061613,21061714,NA,NA
21062661,21066510,NA,NA
21062992,21064011,FEM,NA
21066841,21066991,NA,NA
21080264,21081653,NA,NA
21080873,21081511,CHI,N
21080967,21081510,OCH,NA
21082815,21084285,NA,NA
21082992,21083510,OCH,NA
21083714,21083846,OCH,NA
21085206,21086510,NA,NA
21085286,21085993,CHI,N
21085361,21085835,OCH,NA
21096536,21097511,NA,NA
21096695,21096992,CHI,N
21108009,21109011,NA,NA
21108084,21108511,CHI,N
21113911,21114481,NA,NA
21119992,21120859,OCH,NA
21119992,21121129,NA,NA
21120119,21120511,CHI,N
21120664,21120851,CHI,N
21126157,21126493,NA,NA
21126212,21126435,CHI,N
21128651,21129512,NA,NA
21128992,21129142,OCH,NA
21130178,21130350,NA,NA
21130322,21130425,OCH,NA
21130883,21131020,NA,NA
21134181,21134404,MAL,NA
21134258,21134403,NA,NA
21136511,21137189,MAL,NA
21140895,21143462,NA,NA
21140992,21143012,CHI,N
21141376,21142302,OCH,NA
21148258,21150511,NA,NA
21148310,21150443,CHI,N
21151972,21154166,NA,NA
21152404,21153921,CHI,N
21154873,21155003,NA,NA
21157011,21158673,NA,NA
21157256,21157992,CHI,N
21158012,21158257,OCH,NA
21159961,21162035,NA,NA
21159993,21161993,CHI,N
21163992,21165511,NA,NA
21164083,21165492,CHI,N
21170025,21170492,NA,NA
21189821,21190660,NA,NA
21196156,21196350,NA,NA
21202948,21204394,NA,NA
21204732,21204992,NA,NA
21205294,21205493,NA,NA
21207729,21209368,NA,NA
21207992,21209377,OCH,NA
21209992,21211509,NA,NA
21210002,21210741,OCH,NA
21210064,21210763,CHI,N
21217964,21219511,NA,NA
21218002,21219011,CHI,N
21220355,21221492,NA,NA
21225157,21226011,NA,NA
21230726,21232511,NA,NA
21230746,21232010,CHI,N
21232130,21232493,CHI,N
21244111,21245080,NA,NA
21244214,21245010,OCH,NA
21245198,21246330,NA,NA
21251589,21252434,NA,NA
21251629,21251848,CHI,N
21256734,21256854,OCH,NA
21279149,21279292,OCH,NA
21284149,21284291,NA,NA
21290794,21292137,NA,NA
21290830,21291824,CHI,N
21291920,21292156,OCH,NA
21302492,21303010,NA,NA
21308618,21308748,NA,NA
21317945,21320144,NA,NA
21317968,21319492,CHI,N
21320246,21321496,NA,NA
21320408,21321010,CHI,N
21325312,21326384,NA,NA
21325351,21326011,CHI,N
21364882,21365054,CHI,N
21366197,21366492,NA,NA
21374164,21375698,NA,NA
21374440,21374573,OCH,NA
21374849,21375011,OCH,NA
21376455,21378504,NA,NA
21376641,21378845,OCH,NA
21376853,21377511,CHI,N
21391493,21392197,CHI,N
21391493,21392428,NA,NA
21393182,21393304,NA,NA
21419883,21420492,NA,NA
21419962,21420492,OCH,NA
21459155,21459489,MAL,NA
21471765,21473010,NA,NA
21471991,21472669,CHI,N
21472027,21472785,OCH,NA
21473993,21474433,OCH,NA
21474654,21475511,NA,NA
21474701,21475511,OCH,NA
21484551,21485496,NA,NA
21484563,21485483,CHI,N
21498585,21499088,NA,NA
21498684,21499011,CHI,N
21555816,21556321,NA,NA
21630046,21630993,NA,NA
21630095,21630512,CHI,N
21648011,21658970,NA,NA
21648492,21651616,FEM,NA
21652517,21658938,FEM,NA
21663492,21663762,NA,NA
21664010,21669985,NA,NA
21664184,21666012,FEM,NA
21664687,21665446,OCH,NA
21666511,21669511,FEM,NA
21673011,21679010,FEM,NA
21673011,21680991,NA,NA
21675992,21676297,CHI,N
21678518,21680511,CHI,N
21681108,21681275,NA,NA
21682110,21686275,NA,NA
21682492,21685001,FEM,NA
21682747,21682987,OCH,NA
21685492,21687510,OCH,NA
21686511,21692721,NA,NA
21686992,21692323,FEM,NA
21692323,21692455,OCH,NA
21697745,21705011,NA,NA
21697841,21704491,FEM,NA
21706800,21726011,NA,NA
21706993,21707992,OCH,NA
21706993,21708662,FEM,NA
21709117,21710011,CHI,N
21709991,21712151,FEM,NA
21712170,21713992,CHI,N
21712492,21714536,OCH,NA
21714769,21715012,OCH,NA
21716009,21719492,FEM,NA
21719492,21720992,OCH,NA
21720299,21725993,FEM,NA
21747160,21754631,NA,NA
21747164,21749211,FEM,NA
21749347,21754492,FEM,NA
21755714,21775230,NA,NA
21756011,21762511,FEM,NA
21762029,21763575,CHI,N
21765011,21774493,FEM,NA
21780971,21783011,NA,NA
21781492,21782408,CHI,N
21785762,21785895,MAL,NA
21798221,21799493,NA,NA
21827583,21827885,NA,NA
21831010,21833511,NA,NA
21847492,21848511,NA,NA
21848631,21848771,NA,NA
21853992,21854778,NA,NA
21854011,21854618,CHI,N
21854991,21856326,NA,NA
21855110,21856011,CHI,N
21856470,21857493,NA,NA
21856687,21856920,CHI,N
21862562,21862786,NA,NA
21868571,21870476,NA,NA
21868672,21869992,CHI,N
21869011,21869133,OCH,NA
21870771,21871492,NA,NA
21878033,21878512,OCH,NA
21907625,21907777,NA,NA
21907994,21909612,NA,NA
21909805,21911248,NA,NA
21910492,21910728,CHI,N
21910492,21910993,OCH,NA
21915692,21916759,NA,NA
21918534,21918676,NA,NA
21918821,21920503,NA,NA
21918992,21920256,CHI,N
21921992,21922993,NA,NA
21930991,21932132,NA,NA
21932949,21933491,MAL,NA
21933124,21933475,NA,NA
21936839,21936959,NA,NA
21938492,21938745,NA,NA
21939071,21940011,NA,NA
21954815,21958011,NA,NA
21955128,21955266,CHI,N
21955492,21956170,CHI,N
21957249,21958010,FEM,NA
21958992,21959512,NA,NA
21959117,21959266,CHI,N
21960040,21960872,NA,NA
21966491,21967635,NA,NA
21967036,21967333,CHI,N
21969043,21970690,NA,NA
21969993,21970492,CHI,N
21970956,21971491,NA,NA
21972114,21974011,NA,NA
21979004,21979991,NA,NA
21985941,21987468,NA,NA
21985992,21986755,CHI,N
21987761,21988358,NA,NA
21988511,21991726,NA,NA
21988628,21991512,CHI,N
22005871,22006991,OCH,NA
22005894,22006223,NA,NA
22006463,22006991,NA,NA
22010054,22010417,NA,NA
22017992,22018311,OCH,NA
22039493,22059493,FEM,NA
22039493,22059493,NA,NA
22055510,22055783,MAL,NA
22060011,22070992,NA,NA
22060355,22070991,FEM,NA
22071138,22071492,NA,NA
22071162,22071294,MAL,NA
22071579,22072510,MAL,NA
22071685,22085992,NA,NA
22072510,22074663,FEM,NA
22073011,22073693,MAL,NA
22074992,22083991,FEM,NA
22085031,22085510,FEM,NA
22085752,22085992,FEM,NA
22087991,22088511,NA,NA
22090492,22091511,NA,NA
22090781,22091500,FEM,NA
22092011,22092457,NA,NA
22093493,22095493,NA,NA
22094026,22095492,FEM,NA
22096533,22096786,NA,NA
22096560,22096714,FEM,NA
22096911,22099510,NA,NA
22096992,22099510,FEM,NA
22099743,22100033,FEM,NA
22100011,22100122,NA,NA
22100300,22100492,NA,NA
22100302,22100493,FEM,NA
22100978,22101256,NA,NA
22102991,22107011,NA,NA
22103577,22105992,FEM,NA
22107327,22115992,NA,NA
22107899,22110224,FEM,NA
22110761,22111470,CHI,N
22111901,22112449,CHI,N
22112492,22114991,FEM,NA
22116382,22126993,NA,NA
22116512,22126510,FEM,NA
22127109,22127595,NA,NA
22128007,22138471,NA,NA
22129011,22131988,FEM,NA
22131517,22132852,MAL,NA
22132511,22136993,FEM,NA
22136514,22136863,MAL,NA
22138991,22140493,NA,NA
22142492,22145992,NA,NA
22142629,22142740,FEM,NA
22142992,22145992,FEM,NA
22147273,22149492,NA,NA
22147992,22148993,FEM,NA
22151109,22154001,NA,NA
22152342,22153010,MAL,NA
22152704,22153011,FEM,NA
22154310,22154492,NA,NA
22155668,22158491,NA,NA
22156970,22158011,FEM,NA
22158242,22158492,FEM,NA
22163120,22163236,NA,NA
22165361,22165702,NA,NA
22171754,22172011,NA,NA
22171764,22171992,MAL,NA
22173011,22173556,MAL,NA
22173029,22173399,NA,NA
22173991,22175014,NA,NA
22174133,22175491,OCH,NA
22174287,22174461,CHI,N
22178521,22179378,MAL,NA
22178806,22179565,NA,NA
22179688,22180010,NA,NA
22180510,22180772,NA,NA
22180922,22181881,NA,NA
22181210,22181450,MAL,NA
22183511,22183968,NA,NA
22184562,22184992,NA,NA
22196511,22197304,OCH,NA
22196525,22197175,NA,NA
22197559,22197989,NA,NA
22205176,22206113,NA,NA
22206992,22207368,NA,NA
22207110,22207464,MAL,NA
22209500,22210521,NA,NA
22218793,22219551,NA,NA
22218820,22219488,MAL,NA
22223585,22223772,NA,NA
22229512,22229812,NA,NA
22275493,22276011,NA,NA
22294462,22294852,NA,NA
22313873,22314268,NA,NA
22313946,22314483,OCH,NA
22346493,22347011,NA,NA
22346628,22346906,CHI,N
22354255,22354505,NA,NA
22372492,22372948,NA,NA
22492991,22494857,NA,NA
22494011,22494426,FEM,NA
22494535,22494786,FEM,NA
22495013,22495443,FEM,NA
22497009,22497198,NA,NA
22497578,22500286,NA,NA
22497650,22498011,MAL,NA
22498511,22500236,FEM,NA
22502132,22504402,NA,NA
22502235,22502719,MAL,NA
22502492,22504412,FEM,NA
22506078,22510847,NA,NA
22506301,22508014,FEM,NA
22507511,22509293,MAL,NA
22509787,22510106,MAL,NA
22516309,22518992,NA,NA
22516338,22518498,FEM,NA
22516755,22517432,MAL,NA
22517738,22518057,MAL,NA
22520012,22524243,NA,NA
22520012,22524492,FEM,NA
22524384,22524492,NA,NA
22525992,22528120,NA,NA
22526245,22526353,FEM,NA
22526480,22528132,FEM,NA
22529829,22533081,NA,NA
22529919,22531640,FEM,NA
22531927,22532101,MAL,NA
22532801,22532970,MAL,NA
22533989,22538182,NA,NA
22534089,22534356,FEM,NA
22535012,22536511,FEM,NA
22539992,22542164,NA,NA
22540979,22542472,MAL,NA
22542703,22542806,NA,NA
22542992,22546011,NA,NA
22543512,22546490,FEM,NA
22546139,22546379,NA,NA
22565312,22565592,NA,NA
22565753,22566018,NA,NA
22565822,22565930,FEM,NA
22571511,22571621,NA,NA
22572511,22572847,NA,NA
22572992,22573481,NA,NA
22573011,22573367,FEM,NA
22574185,22577010,NA,NA
22574219,22577010,FEM,NA
22595159,22595456,MAL,NA
22599338,22599493,NA,NA
22600205,22602512,NA,NA
22600510,22602456,FEM,NA
22603180,22603835,NA,NA
22604321,22605490,MAL,NA
22604427,22606039,NA,NA
22605110,22606011,FEM,NA
22608283,22612617,NA,NA
22608482,22610040,MAL,NA
22610991,22611254,MAL,NA
22611408,22612623,MAL,NA
22613202,22614220,MAL,NA
22613273,22617903,NA,NA
22614992,22615471,MAL,NA
22615586,22615988,MAL,NA
22616167,22616803,MAL,NA
22617011,22617306,MAL,NA
22618163,22623355,NA,NA
22618357,22622319,MAL,NA
22619017,22619403,FEM,NA
22622492,22623204,FEM,NA
22685493,22685768,OCH,NA
22712381,22712757,NA,NA
22715456,22716102,NA,NA
22715492,22715634,CHI,N
22738040,22738431,OCH,NA
22738053,22738510,NA,NA
22773747,22774155,OCH,NA
22793500,22794011,NA,NA
22794156,22794492,NA,NA
22839476,22840011,NA,NA
22839560,22839678,OCH,NA
22840257,22840512,NA,NA
22868997,22870492,OCH,NA
22869014,22870011,NA,NA
22892510,22892859,MAL,NA
22895776,22900992,NA,NA
22895879,22900969,FEM,NA
22902510,22907491,FEM,NA
22902510,22907578,NA,NA
22907845,22908915,NA,NA
22909109,22910493,NA,NA
22910732,22910992,NA,NA
22913702,22914492,NA,NA
22918464,22922528,NA,NA
22919510,22921543,FEM,NA
22927521,22931492,NA,NA
22927583,22931010,FEM,NA
22934333,22935992,NA,NA
22934495,22935848,FEM,NA
22937197,22938010,NA,NA
22940067,22941992,NA,NA
22940511,22941993,FEM,NA
22945390,22947258,NA,NA
22945975,22946510,CHI,N
22949011,22949359,NA,NA
22950010,22952460,NA,NA
22950754,22950886,FEM,NA
22953193,22956553,NA,NA
22953264,22953492,FEM,NA
22953741,22954031,FEM,NA
22960439,22966236,NA,NA
22961097,22966009,FEM,NA
22968407,22973583,NA,NA
22969492,22973491,FEM,NA
22977506,22978863,NA,NA
22979047,22980512,NA,NA
22980905,22981011,NA,NA
22984493,22986506,NA,NA
22984673,22985491,OCH,NA
22988510,22989433,NA,NA
22991926,22998106,NA,NA
22992010,22998011,FEM,NA
22998404,22998536,NA,NA
22999511,22999756,NA,NA
22999874,23002010,NA,NA
22999992,23002010,FEM,NA
23002247,23002492,FEM,NA
23002297,23002491,NA,NA
23012918,23013520,NA,NA
23013764,23013992,NA,NA
23015824,23018335,NA,NA
23017932,23018259,FEM,NA
23068169,23069089,NA,NA
23075796,23076510,NA,NA
23075893,23076295,CHI,N
23078382,23078512,NA,NA
23078815,23079478,OCH,NA
23095852,23097131,MAL,NA
23096208,23096510,NA,NA
23215921,23216819,NA,NA
23233797,23236149,NA,NA
23233812,23234992,CHI,N
23236698,23238492,NA,NA
23240993,23243048,NA,NA
23241107,23241461,CHI,N
23243814,23245010,NA,NA
23243836,23244992,CHI,N
23247992,23249028,NA,NA
23248016,23248544,CHI,N
23251371,23252324,MAL,NA
23251440,23254106,NA,NA
23253320,23253511,FEM,NA
23260117,23262036,NA,NA
23260190,23261493,FEM,NA
23262360,23262849,NA,NA
23265203,23266126,NA,NA
23266990,23270151,NA,NA
23266992,23269493,FEM,NA
23269773,23269937,MAL,NA
23270993,23273568,NA,NA
23272048,23273012,CHI,N
23274041,23276788,NA,NA
23274326,23276493,FEM,NA
23274493,23275389,MAL,NA
23278011,23280991,NA,NA
23278492,23280902,FEM,NA
23280144,23280809,MAL,NA
23281660,23284313,NA,NA
23281688,23283492,FEM,NA
23283354,23284424,MAL,NA
23285640,23288011,NA,NA
23285991,23288011,FEM,NA
23286525,23286706,MAL,NA
23290590,23290818,NA,NA
23290949,23292528,NA,NA
23291039,23292492,FEM,NA
23297755,23300885,NA,NA
23297993,23300661,FEM,NA
23303012,23303188,NA,NA
23303492,23304241,NA,NA
23304410,23307512,NA,NA
23304491,23306892,FEM,NA
23306511,23307596,MAL,NA
23308990,23311401,NA,NA
23308992,23311316,FEM,NA
23312126,23314993,NA,NA
23312134,23314491,FEM,NA
23313818,23314464,MAL,NA
23316603,23317011,MAL,NA
23316618,23317992,NA,NA
23321059,23323992,NA,NA
23321512,23323500,FEM,NA
23322838,23323621,MAL,NA
23325823,23328437,NA,NA
23325827,23327660,FEM,NA
23330536,23330992,NA,NA
23333032,23334669,NA,NA
23333219,23333622,MAL,NA
23333493,23334571,FEM,NA
23340142,23342955,NA,NA
23340221,23341510,FEM,NA
23365336,23366492,NA,NA
23365358,23366011,CHI,N
23368011,23368369,NA,NA
23375861,23377511,CHI,N
23375893,23378061,NA,NA
23379865,23380992,CHI,N
23379889,23380993,NA,NA
23383510,23385994,NA,NA
23383591,23384511,CHI,N
23384133,23384379,OCH,NA
23387533,23388991,NA,NA
23387572,23388556,CHI,N
23392721,23393011,FEM,NA
23392721,23393011,NA,NA
23395993,23397491,NA,NA
23399353,23401574,NA,NA
23399580,23400010,CHI,N
23401735,23402491,NA,NA
23404008,23404448,NA,NA
23407010,23408451,NA,NA
23416611,23416967,NA,NA
23423259,23426649,NA,NA
23424557,23426012,CHI,N
23428992,23430511,NA,NA
23430806,23430971,NA,NA
23432325,23433236,NA,NA
23433882,23436002,NA,NA
23435011,23435721,CHI,N
23436300,23437510,NA,NA
23436341,23437492,CHI,N
23440011,23440492,NA,NA
23444569,23446311,NA,NA
23447618,23448760,NA,NA
23447855,23448012,CHI,N
23452986,23454010,NA,NA
23453164,23453750,CHI,N
23463992,23464991,NA,NA
23464119,23464367,CHI,N
23473015,23473258,MAL,NA
23473049,23473165,NA,NA
23475110,23475211,NA,NA
23475491,23476741,NA,NA
23475592,23475727,CHI,N
23482221,23482992,NA,NA
23482224,23482519,CHI,N
23482629,23482766,CHI,N
23486196,23488331,CHI,N
23486205,23488492,NA,NA
23489256,23491070,NA,NA
23489283,23490971,CHI,N
23491276,23493001,NA,NA
23491377,23492822,CHI,N
23493262,23495149,NA,NA
23493308,23494489,CHI,N
23494450,23494992,FEM,NA
23497440,23498736,NA,NA
23497449,23498500,CHI,N
23499475,23500062,NA,NA
23499492,23499986,MAL,NA
23502508,23504511,NA,NA
23502511,23503626,CHI,N
23503605,23503789,FEM,NA
23503731,23503993,CHI,N
23508291,23508394,NA,NA
23513701,23514249,NA,NA
23513853,23514012,NA,J
23519298,23520010,NA,NA
23519356,23519511,CHI,N
23530038,23530851,MAL,NA
23530071,23530729,NA,NA
23534066,23534511,NA,NA
23537512,23538055,NA,NA
23548445,23550492,NA,NA
23548489,23548992,MAL,NA
23549012,23549493,FEM,NA
23570511,23573251,FEM,NA
23570511,23575992,NA,NA
23573422,23575992,FEM,NA
23577002,23584257,NA,NA
23577996,23581010,FEM,NA
23582178,23583243,FEM,NA
23584514,23591527,NA,NA
23584647,23591512,FEM,NA
23593481,23597801,NA,NA
23593508,23594993,FEM,NA
23595855,23596010,CHI,N
23596297,23596511,CHI,N
23596777,23596952,FEM,NA
23597512,23597802,FEM,NA
23599139,23599271,NA,NA
23599402,23600492,NA,NA
23602511,23608993,FEM,NA
23602511,23609416,NA,NA
23609124,23609234,FEM,NA
23609537,23612510,NA,NA
23609845,23610480,MAL,NA
23609991,23611554,FEM,NA
23615405,23617492,NA,NA
23615493,23617493,FEM,NA
23617923,23619994,NA,NA
23617948,23619992,FEM,NA
23621910,23625984,NA,NA
23622492,23625499,FEM,NA
23626348,23635992,NA,NA
23627992,23635493,FEM,NA
23643380,23643910,NA,NA
23644091,23644206,NA,NA
23659823,23662275,NA,NA
23659992,23661992,FEM,NA
23662618,23665011,NA,NA
23662623,23665011,FEM,NA
23667135,23669568,NA,NA
23667566,23669512,FEM,NA
23668266,23668435,MAL,NA
23669685,23669992,NA,NA
23671992,23675429,NA,NA
23672491,23674992,FEM,NA
23676960,23681012,NA,NA
23676992,23680991,FEM,NA
23682512,23686511,NA,NA
23682979,23686492,FEM,NA
23688489,23691511,NA,NA
23688492,23691511,FEM,NA
23732992,23735454,FEM,NA
23732992,23735493,NA,NA
23736589,23739242,NA,NA
23736891,23739011,FEM,NA
23737060,23737598,MAL,NA
23740545,23744136,NA,NA
23741016,23741910,FEM,NA
23742518,23743512,FEM,NA
23743052,23743192,MAL,NA
23744495,23747127,NA,NA
23744502,23747011,FEM,NA
23748520,23751161,NA,NA
23748552,23750488,FEM,NA
23749313,23750374,MAL,NA
23752511,23754511,FEM,NA
23752511,23754992,NA,NA
23754872,23754992,FEM,NA
23756492,23761992,NA,NA
23756510,23757894,FEM,NA
23756564,23759332,MAL,NA
23758586,23761991,FEM,NA
23759879,23759990,MAL,NA
23764492,23766314,NA,NA
23767487,23769505,NA,NA
23773492,23774992,NA,NA
23783470,23784992,NA,NA
23783551,23784992,FEM,NA
23787294,23788511,NA,NA
23797493,23799511,NA,NA
23797992,23799011,CHI,N
23803511,23808511,NA,NA
23803748,23805358,FEM,NA
23806492,23807491,CHI,N
23810993,23812216,NA,NA
23813492,23815831,NA,NA
23813992,23814493,OCH,NA
23814054,23815510,FEM,NA
23817993,23819512,NA,NA
23840511,23842492,NA,NA
23840536,23841511,FEM,NA
23844606,23844758,MAL,NA
23844861,23846307,NA,NA
23846511,23846857,NA,NA
23846592,23846820,FEM,NA
23848241,23855011,NA,NA
23848263,23849512,MAL,NA
23848511,23853702,FEM,NA
23853503,23853937,MAL,NA
23854007,23854491,FEM,NA
23856491,23858403,NA,NA
23856631,23856923,MAL,NA
23856992,23858151,FEM,NA
23860629,23863115,NA,NA
23862765,23862892,OCH,NA
23864335,23870992,NA,NA
23864439,23866434,MAL,NA
23867312,23868252,MAL,NA
23867492,23868273,FEM,NA
23868511,23869491,FEM,NA
23869169,23869949,MAL,NA
23872992,23874992,NA,NA
23873493,23873817,FEM,NA
23877155,23880012,NA,NA
23878010,23878133,CHI,N
23878493,23879011,CHI,N
23880327,23880492,NA,NA
23882992,23885408,NA,NA
23885511,23887431,NA,NA
23890456,23890837,NA,NA
23892992,23895066,NA,NA
23893962,23894850,MAL,NA
23895226,23899511,NA,NA
23897012,23898512,FEM,NA
23898669,23898993,FEM,NA
23900316,23900773,NA,NA
23908903,23909025,NA,NA
23913011,23915394,NA,NA
23913470,23913622,MAL,NA
23913821,23914052,MAL,NA
23920139,23923992,NA,NA
23921511,23923511,OCH,NA
23926816,23926931,NA,NA
23927037,23927358,OCH,NA
23927211,23927321,NA,NA
23934992,23936361,NA,NA
23935395,23936011,FEM,NA
23937316,23938005,MAL,NA
23937660,23945952,NA,NA
23938588,23941315,FEM,NA
23943992,23945457,CHI,N
23974512,23977492,FEM,NA
23974512,23980150,NA,NA
23977811,23977986,FEM,NA
23977877,23978673,MAL,NA
23981613,23994149,NA,NA
23981655,23981815,FEM,NA
23981785,23981895,MAL,NA
23982011,23986434,FEM,NA
23986564,23988270,FEM,NA
23988611,23988724,FEM,NA
23988992,23989129,FEM,NA
23989345,23989510,FEM,NA
23990511,23991022,CHI,N
23991599,23992492,FEM,NA
23992980,23993493,FEM,NA
23995403,24000130,NA,NA
23995448,23999491,FEM,NA
23998987,23999146,MAL,NA
24006880,24024369,NA,NA
24006915,24008014,FEM,NA
24009991,24010173,FEM,NA
24010177,24011017,OCH,NA
24011993,24017992,FEM,NA
24018420,24019564,MAL,NA
24018456,24018591,FEM,NA
24018945,24019406,FEM,NA
24021514,24023819,FEM,NA
24024880,24029546,NA,NA
24024992,24028666,FEM,NA
24025013,24025126,MAL,NA
24025348,24025486,MAL,NA
24034492,24036492,NA,NA
24034516,24036182,CHI,N
24036647,24038508,NA,NA
24036829,24037492,CHI,N
24037493,24038423,OCH,NA
24040010,24040258,NA,NA
24040493,24045145,NA,NA
24040657,24044511,CHI,N
24040761,24040888,OCH,NA
24044563,24044733,OCH,NA
24046816,24048633,NA,NA
24046855,24048291,CHI,N
24047493,24048075,OCH,NA
24048186,24048338,OCH,NA
24049011,24051011,NA,NA
24049109,24050305,CHI,N
24059180,24061337,NA,NA
24059511,24059649,CHI,N
24059992,24060895,CHI,N
24061541,24063293,NA,NA
24061992,24063479,OCH,NA
24065154,24069857,NA,NA
24065228,24066991,FEM,NA
24067457,24069155,FEM,NA
24070763,24077331,NA,NA
24070795,24071450,MAL,NA
24071492,24071654,FEM,NA
24072326,24072512,FEM,NA
24074118,24075510,FEM,NA
24074511,24075016,CHI,C
24077512,24081511,NA,NA
24077582,24081511,FEM,NA
24086884,24091012,NA,NA
24086904,24090492,CHI,N
24089511,24091187,OCH,NA
24092512,24092627,OCH,NA
24092512,24092637,NA,NA
24092993,24094512,OCH,NA
24092993,24097470,NA,NA
24093126,24097372,CHI,N
24098511,24098737,NA,NA
24099047,24103492,NA,NA
24099182,24103045,CHI,N
24099871,24100011,OCH,NA
24100217,24100566,OCH,NA
24297536,24298491,NA,NA
24300493,24300694,NA,NA
24300992,24302283,NA,NA
24301013,24302221,CHI,N
24302761,24302980,NA,NA
24303196,24303512,NA,NA
24303254,24303492,CHI,N
24307493,24307726,NA,NA
24335755,24335892,NA,NA
24335993,24336142,OCH,NA
24336011,24337992,NA,NA
24336357,24337511,OCH,NA
24342353,24343072,OCH,NA
24342491,24342707,NA,NA
24344012,24345526,NA,NA
24345547,24345650,OCH,NA
24350095,24351492,NA,NA
24350234,24351012,OCH,NA
24350473,24350756,CHI,N
24364191,24364380,NA,NA
24365661,24366512,NA,NA
24366282,24366425,OCH,NA
24386493,24386795,NA,NA
24393530,24393992,OCH,NA
24393530,24394021,NA,NA
24426767,24427493,NA,NA
24430061,24430166,NA,NA
24430454,24431510,NA,NA
24432992,24433191,NA,NA
24433491,24434492,NA,NA
24435533,24435838,NA,NA
24435575,24435764,FEM,NA
24441623,24441741,NA,NA
24445005,24446510,NA,NA
24445576,24445947,CHI,N
24446986,24448400,NA,NA
24447137,24447392,MAL,NA
24450260,24452493,NA,NA
24450491,24451011,CHI,N
24453169,24457859,NA,NA
24455717,24457011,CHI,N
24461587,24461997,MAL,NA
24464179,24465242,NA,NA
24466580,24467231,NA,NA
24467356,24467493,NA,NA
24491680,24491847,NA,NA
24566964,24567511,NA,NA
24576011,24576571,NA,NA
24584575,24585010,NA,NA
24640727,24640916,NA,NA
24641677,24642011,NA,NA
24650244,24650492,NA,NA
24659689,24663493,NA,NA
24659760,24661167,CHI,N
24661511,24661746,CHI,N
24661955,24663011,CHI,N
24667063,24668124,NA,NA
24667117,24667991,CHI,N
24676940,24677492,NA,NA
24676993,24677248,CHI,N
24715974,24717493,NA,NA
24716127,24716510,CHI,N
24716252,24716373,OCH,NA
24718252,24720621,NA,NA
24718492,24719511,OCH,NA
24719791,24720512,OCH,NA
24733240,24733964,NA,NA
24733245,24733950,CHI,N
24734865,24734993,NA,NA
24735362,24735516,NA,NA
24752010,24752491,NA,NA
24753068,24753846,NA,NA
24753183,24753500,CHI,N
24754302,24754992,NA,NA
24758009,24758642,NA,NA
24758099,24758492,CHI,N
24761511,24762512,NA,NA
24761675,24762276,CHI,N
24801361,24802497,NA,NA
24802048,24802252,OCH,NA
24813511,24814972,NA,NA
24813834,24814492,CHI,N
24813992,24814696,OCH,NA
24815511,24817084,NA,NA
24815523,24816208,OCH,NA
24816517,24817011,OCH,NA
24826279,24827238,CHI,N
24826298,24827493,NA,NA
24828110,24829472,OCH,NA
24828186,24829242,NA,NA
24840493,24840751,NA,NA
24875492,24875644,MAL,NA
24875492,24875856,NA,NA
24876887,24878991,NA,NA
24876992,24877993,CHI,N
24896545,24896812,NA,NA
24903302,24903991,NA,NA
24907389,24907831,NA,NA
24912654,24913349,NA,NA
24913594,24913766,NA,NA
24919071,24919586,NA,NA
24934098,24934424,NA,NA
24934107,24934470,MAL,NA
24939011,24940315,NA,NA
24944333,24945135,NA,NA
24944367,24945128,CHI,N
24946409,24947308,MAL,NA
24964484,24964854,NA,NA
24965990,24966771,NA,NA
24977012,24977339,NA,NA
24980100,24980512,NA,NA
24994332,24995409,NA,NA
24994492,24994681,CHI,N
24999877,24999992,NA,NA
25005161,25005492,NA,NA
25024729,25024861,NA,NA
25027365,25028955,NA,NA
25027864,25027996,CHI,N
25029300,25030947,NA,NA
25029493,25030511,CHI,N
25035178,25035359,NA,NA
25035701,25035816,NA,NA
25036128,25036324,NA,NA
25040715,25041620,NA,NA
25040759,25041493,CHI,N
25058351,25059492,NA,NA
25058410,25058992,CHI,N
25085481,25087418,NA,NA
25085482,25087215,CHI,N
25087754,25089833,NA,NA
25087803,25089511,CHI,N
25094510,25095776,NA,NA
25094772,25095012,OCH,NA
25096011,25099011,NA,NA
25096352,25096477,CHI,N
25096365,25096505,OCH,NA
25099863,25101115,NA,NA
25100388,25100493,CHI,N
25114631,25117493,NA,NA
25114691,25115093,CHI,N
25115334,25115511,CHI,N
25115756,25115931,CHI,N
25116291,25116402,OCH,NA
25118512,25119413,NA,NA
25132791,25132992,NA,NA
25141187,25141352,NA,NA
25155510,25158510,NA,NA
25156492,25156681,OCH,NA
25157015,25157511,CHI,N
25157076,25158013,OCH,NA
25170224,25171512,NA,NA
25171655,25172585,NA,NA
25174000,25174635,NA,NA
25188241,25188492,NA,NA
25205236,25209993,NA,NA
25205425,25205909,OCH,NA
25207023,25207511,CHI,N
25210511,25212123,NA,NA
25225493,25226195,NA,NA
25229494,25230279,NA,NA
25230992,25232902,NA,NA
25251352,25253492,NA,NA
25251460,25252012,OCH,NA
25260817,25261511,NA,NA
25262344,25262992,NA,NA
25264146,25267627,NA,NA
25266155,25267243,CHI,N
25280993,25283492,NA,NA
25284326,25285875,NA,NA
25284511,25285510,CHI,N
25285159,25285485,OCH,NA
25287042,25287514,NA,NA
25293492,25295650,NA,NA
25293617,25295245,CHI,N
25310991,25316492,NA,NA
25311012,25316012,FEM,NA
25319118,25324992,NA,NA
25319154,25319637,MAL,NA
25319847,25320043,FEM,NA
25320482,25320759,FEM,NA
25321810,25321991,FEM,NA
25322492,25324959,FEM,NA
25327117,25332991,FEM,NA
25327139,25333305,NA,NA
25335492,25340992,FEM,NA
25335492,25341010,NA,NA
25344637,25345535,NA,NA
25344819,25345243,OCH,NA
25345403,25345511,OCH,NA
25345681,25345801,NA,NA
25346294,25350287,NA,NA
25346491,25350096,FEM,NA
25352992,25357012,NA,NA
25353400,25355012,OCH,NA
25355381,25355632,OCH,NA
25355874,25355985,OCH,NA
25356203,25356394,FEM,NA
25360980,25364510,NA,NA
25361119,25361993,OCH,NA
25362339,25362511,OCH,NA
25364132,25364338,FEM,NA
25367511,25370543,NA,NA
25369205,25369887,OCH,NA
25375511,25375798,NA,NA
25375992,25387511,FEM,NA
25375992,25387992,NA,NA
25388922,25395512,NA,NA
25388952,25395491,FEM,NA
25397493,25398511,NA,NA
25397572,25398011,FEM,NA
25431182,25431420,MAL,NA
25432166,25432409,MAL,NA
25432890,25434017,NA,NA
25441511,25443011,NA,NA
25443367,25444088,NA,NA
25502992,25503915,NA,NA
25506993,25509011,NA,NA
25507015,25507698,FEM,NA
25544992,25546492,NA,NA
25545011,25546488,FEM,NA
25549373,25550245,NA,NA
25549658,25549822,FEM,NA
25554398,25554520,NA,NA
25582993,25583994,FEM,NA
25582993,25584011,NA,NA
25609598,25611491,NA,NA
25610077,25610988,MAL,NA
25752492,25752710,FEM,NA
25752511,25752670,NA,NA
25757175,25758511,NA,NA
25757269,25758388,CHI,N
25801708,25801991,NA,NA
25821352,25822010,NA,NA
25822118,25822493,NA,NA
25948767,25948882,MAL,NA
25965142,25966020,CHI,N
25965144,25966511,NA,NA
25966214,25966415,CHI,N
25971492,25972213,NA,NA
25978960,25980506,NA,NA
25978985,25979672,MAL,NA
25979511,25980422,FEM,NA
25981305,25983507,MAL,NA
25981649,25982665,NA,NA
25984403,25985491,MAL,NA
25984783,25985073,NA,NA
25987809,25988347,MAL,NA
25987821,25988511,NA,NA
25990529,25991990,MAL,NA
25996511,25998838,MAL,NA
25997009,25999512,NA,NA
26001493,26005170,NA,NA
26001834,26002193,MAL,NA
26002009,26004275,FEM,NA
26007156,26008597,NA,NA
26008020,26008293,MAL,NA
26008425,26008531,MAL,NA
26009400,26009511,MAL,NA
26012578,26015825,MAL,NA
26013250,26014512,NA,NA
26014689,26014841,NA,NA
26015008,26015273,NA,NA
26015992,26016520,MAL,NA
26019721,26020899,MAL,NA
26019993,26020626,NA,NA
26026556,26027989,MAL,NA
26027062,26027491,NA,NA
26027647,26027765,NA,NA
26029510,26029670,NA,NA
26029991,26031576,NA,NA
26030374,26031511,FEM,NA
26032256,26033511,MAL,NA
26032313,26033002,NA,NA
26034011,26036492,NA,NA
26034571,26035511,CHI,N
26037227,26038336,NA,NA
26037492,26038079,FEM,NA
26040410,26041011,NA,NA
26040511,26041010,FEM,NA
26055550,26056677,NA,NA
26055972,26056370,CHI,C
26056188,26056330,OCH,NA
26057693,26060747,MAL,NA
26057773,26060743,NA,NA
26059708,26060010,FEM,NA
26060852,26061343,NA,NA
26060852,26061733,MAL,NA
26064202,26064308,MAL,NA
26065511,26067320,MAL,NA
26066181,26066476,NA,NA
26069676,26070503,MAL,NA
26083490,26083993,MAL,NA
26084511,26085623,NA,NA
26085939,26088011,NA,NA
26088958,26089464,MAL,NA
26090702,26092180,NA,NA
26093753,26094796,NA,NA
26093991,26094791,FEM,NA
26100510,26100692,NA,NA
26103492,26104012,MAL,NA
26112124,26112234,MAL,NA
26126008,26127510,NA,NA
26128271,26128990,MAL,NA
26130308,26130654,NA,NA
26130777,26131769,NA,NA
26136424,26137011,NA,NA
26150975,26151512,MAL,NA
26152357,26153246,MAL,NA
26152511,26153012,NA,NA
26158511,26159788,NA,NA
26159011,26159661,FEM,NA
26159920,26160025,NA,NA
26160334,26160440,NA,NA
26166184,26167318,NA,NA
26178652,26178990,MAL,NA
26183129,26183605,MAL,NA
26185277,26185766,MAL,NA
26196672,26196972,NA,NA
26197106,26200511,NA,NA
26197908,26198639,FEM,NA
26204339,26207896,NA,NA
26204492,26204703,MAL,NA
26204889,26206821,FEM,NA
26213657,26217930,NA,NA
26213682,26216991,FEM,NA
26216992,26217512,CHI,N
26221992,26226511,NA,NA
26221997,26225512,FEM,NA
26231342,26236320,NA,NA
26231403,26233291,FEM,NA
26231784,26232010,CHI,N
26233504,26234012,FEM,NA
26234783,26235011,FEM,NA
26235011,26236027,CHI,N
26239543,26244010,NA,NA
26239559,26243012,FEM,NA
26249012,26254010,NA,NA
26249068,26253511,FEM,NA
26249459,26250011,CHI,N
26257492,26263084,NA,NA
26257510,26260991,FEM,NA
26262011,26262308,FEM,NA
26273835,26274491,NA,NA
26279114,26279421,NA,NA
26279539,26279755,NA,NA
26282011,26283511,NA,NA
26283368,26283511,FEM,NA
26291297,26294010,NA,NA
26292190,26293003,FEM,NA
26298992,26303734,NA,NA
26299492,26303512,FEM,NA
26307011,26309643,NA,NA
26307492,26309510,FEM,NA
26309760,26309942,NA,NA
26311492,26312447,NA,NA
26317643,26317959,NA,NA
26320633,26322022,NA,NA
26325511,26328520,NA,NA
26325609,26325737,FEM,NA
26325734,26326011,MAL,NA
26325894,26327492,FEM,NA
26334896,26335993,NA,NA
26342876,26345012,NA,NA
26342992,26345010,FEM,NA
26366082,26366219,NA,NA
26378489,26379493,NA,NA
26379982,26382142,NA,NA
26380981,26381492,FEM,NA
26382248,26382349,NA,NA
26382400,26382525,OCH,NA
26399010,26403229,NA,NA
26399382,26401493,FEM,NA
26402011,26402494,FEM,NA
26408012,26410548,NA,NA
26408422,26410493,FEM,NA
26411511,26412037,NA,NA
26417303,26418938,NA,NA
26418013,26418204,FEM,NA
26419662,26421511,NA,NA
26419713,26420449,FEM,NA
26420511,26421010,CHI,N
26426029,26429952,NA,NA
26427013,26429011,FEM,NA
26434991,26436854,NA,NA
26445644,26445985,NA,NA
26450062,26450722,NA,NA
26453993,26454519,NA,NA
26460493,26461511,NA,NA
26460716,26461011,MAL,NA
26463512,26464511,NA,NA
26465203,26467128,NA,NA
26490993,26492029,NA,NA
26498991,26501011,NA,NA
26499347,26500090,MAL,NA
26499506,26500510,FEM,NA
26500254,26500379,MAL,NA
26508257,26509084,NA,NA
26512805,26512969,NA,NA
26528492,26529022,CHI,N
26528492,26529491,NA,NA
26531869,26532839,NA,NA
26532006,26532593,CHI,N
26533033,26534172,NA,NA
26533116,26534056,CHI,N
26534761,26535512,CHI,N
26534787,26535789,NA,NA
26539702,26540190,NA,NA
26539797,26540114,OCH,NA
26541614,26542017,NA,NA
26543602,26544992,NA,NA
26543681,26544511,CHI,N
26545303,26545676,NA,NA
26546010,26549434,NA,NA
26547215,26548180,CHI,N
26548531,26549010,CHI,N
26550296,26550492,NA,NA
26552003,26552877,NA,NA
26552991,26553123,NA,NA
26553960,26566156,NA,NA
26554120,26554510,CHI,N
26556010,26557053,FEM,NA
26557271,26559888,FEM,NA
26559004,26559242,MAL,NA
26560060,26562991,FEM,NA
26566598,26570992,NA,NA
26568187,26569135,OCH,NA
26569289,26569502,OCH,NA
26571760,26572406,NA,NA
26571939,26572185,MAL,NA
26573272,26578660,NA,NA
26574245,26574800,CHI,N
26575101,26575454,CHI,N
26575511,26577315,FEM,NA
26577322,26578517,CHI,N
26579610,26585437,NA,NA
26579624,26584163,CHI,N
26583950,26585378,OCH,NA
26584573,26585012,CHI,N
26585992,26594510,NA,NA
26586011,26588993,CHI,N
26586892,26588527,OCH,NA
26589291,26591461,CHI,N
26589360,26589616,OCH,NA
26592118,26593470,CHI,N
26592511,26594529,OCH,NA
26596011,26600512,NA,NA
26596018,26596246,OCH,NA
26596416,26598993,OCH,NA
26598512,26600439,CHI,N
26599868,26600400,OCH,NA
26601991,26603462,NA,NA
26602187,26602902,CHI,N
26602258,26602516,OCH,NA
26602820,26603001,OCH,NA
26611261,26621992,NA,NA
26611511,26612633,FEM,NA
26612850,26612992,FEM,NA
26614103,26621898,FEM,NA
26624012,26642993,NA,NA
26624280,26629243,FEM,NA
26629530,26631612,OCH,NA
26635853,26635991,CHI,N
26637397,26637780,MAL,NA
26637567,26638072,FEM,NA
26639012,26640347,FEM,NA
26640169,26641070,OCH,NA
26641047,26642512,FEM,NA
26641256,26641364,OCH,NA
26644012,26646612,NA,NA
26645303,26645404,FEM,NA
26646992,26647993,NA,NA
26647642,26648012,FEM,NA
26649511,26653738,NA,NA
26650009,26650787,FEM,NA
26651118,26651329,FEM,NA
26655008,26659898,NA,NA
26655492,26655698,FEM,NA
26655991,26656190,FEM,NA
26656302,26656493,FEM,NA
26657328,26657505,OCH,NA
26658992,26659174,CHI,N
26659311,26659441,CHI,N
26661992,26663074,NA,NA
26662325,26662512,CHI,N
26664491,26665011,NA,NA
26665276,26665991,NA,NA
26668550,26669294,NA,NA
26686989,26687867,NA,NA
26687004,26687492,CHI,N
26688828,26689510,NA,NA
26688992,26689194,OCH,NA
26689357,26689511,OCH,NA
26690919,26692139,NA,NA
26690992,26692011,CHI,N
26691491,26691656,OCH,NA
26693261,26694579,NA,NA
26693344,26694454,CHI,N
26693344,26694552,OCH,NA
26695511,26697011,NA,NA
26695535,26697201,OCH,NA
26695825,26696471,CHI,N
26698530,26698646,NA,NA
26698937,26699156,NA,NA
26700400,26701944,NA,NA
26700492,26701559,CHI,N
26700511,26700651,OCH,NA
26700987,26701890,OCH,NA
26703167,26704011,NA,NA
26703233,26703992,OCH,NA
26705955,26706919,MAL,NA
26706270,26706773,NA,NA
26712150,26713011,NA,NA
26717258,26718492,NA,NA
26717349,26717992,FEM,NA
26724727,26726280,NA,NA
26727195,26727355,NA,NA
26727590,26727841,NA,NA
26731399,26732493,NA,NA
26731571,26731991,OCH,NA
26749101,26749990,MAL,NA
26755495,26757047,NA,NA
26755549,26756077,OCH,NA
26760225,26760363,NA,NA
26762010,26763552,NA,NA
26762331,26763485,OCH,NA
26762505,26763011,CHI,N
26765171,26765807,NA,NA
26765981,26766388,NA,NA
26767694,26771719,NA,NA
26767901,26768011,OCH,NA
26768342,26768511,OCH,NA
26772269,26772485,NA,NA
26788492,26790011,NA,NA
26788928,26790163,MAL,NA
26793315,26793791,MAL,NA
26805635,26805768,NA,NA
26806012,26806311,NA,NA
26806420,26806921,NA,NA
26810121,26810264,NA,NA
26811915,26812106,NA,NA
26815691,26816992,NA,NA
26816155,26817002,OCH,NA
26818493,26819271,NA,NA
26822517,26823788,NA,NA
26822656,26823572,FEM,NA
26826491,26826665,MAL,NA
26829993,26830157,NA,NA
26830492,26830642,NA,NA
26832249,26832706,NA,NA
26835511,26838381,NA,NA
26858685,26858995,OCH,NA
26858696,26858947,NA,NA
26863675,26864762,NA,NA
26863761,26863881,OCH,NA
26863807,26864511,CHI,N
26863993,26864538,OCH,NA
26866804,26867012,NA,NA
26869060,26869629,NA,NA
26869070,26869630,OCH,NA
26870090,26872012,NA,NA
26870140,26870283,OCH,NA
26870651,26872021,OCH,NA
26873297,26875435,NA,NA
26873441,26874529,CHI,N
26873453,26875512,OCH,NA
26875743,26876011,OCH,NA
26875753,26875993,NA,NA
26885059,26885285,NA,NA
26885461,26886992,NA,NA
26885491,26886991,CHI,N
26924010,26924479,NA,NA
26994534,26995835,NA,NA
26994580,26995493,CHI,N
26995979,26996644,NA,NA
26997649,26997921,NA,NA
27001765,27003820,NA,NA
27001991,27002992,CHI,N
27003432,27003634,FEM,NA
27004631,27005011,NA,NA
27005290,27005430,NA,NA
27008772,27009628,NA,NA
27009148,27009303,CHI,N
27012297,27013011,NA,NA
27012317,27012818,MAL,NA
27020971,27022993,NA,NA
27020993,27022492,FEM,NA
27023370,27023492,NA,NA
27026011,27026355,NA,NA
27028009,27030361,FEM,NA
27028011,27031011,NA,NA
27030552,27030982,MAL,NA
27032010,27034308,NA,NA
27032992,27033510,CHI,N
27034820,27037517,NA,NA
27034887,27037492,FEM,NA
27039012,27041648,FEM,NA
27039012,27041774,NA,NA
27042490,27044512,NA,NA
27042491,27043991,FEM,NA
27044125,27044849,MAL,NA
27046481,27048849,NA,NA
27046492,27048826,FEM,NA
27052606,27052709,NA,NA
27052819,27053148,NA,NA
27058512,27061517,NA,NA
27058544,27061524,FEM,NA
27064511,27064789,NA,NA
27065316,27068490,NA,NA
27065492,27067492,FEM,NA
27065873,27065979,MAL,NA
27067011,27068511,MAL,NA
27069512,27072011,FEM,NA
27069512,27072013,NA,NA
27072993,27075511,NA,NA
27073011,27075434,FEM,NA
27077492,27079024,NA,NA
27078371,27078511,FEM,NA
27082009,27084677,NA,NA
27082463,27084491,FEM,NA
27083822,27084014,MAL,NA
27086552,27089011,NA,NA
27086640,27088493,FEM,NA
27093938,27095492,NA,NA
27093992,27094640,MAL,NA
27094492,27095361,FEM,NA
27100864,27103463,NA,NA
27100953,27102470,FEM,NA
27246459,27247510,NA,NA
27248083,27248787,NA,NA
27248098,27248690,FEM,NA
27259154,27261682,NA,NA
27259200,27261011,FEM,NA
27261105,27261213,OCH,NA
27262177,27264931,NA,NA
27262249,27264497,FEM,NA
27265235,27265866,NA,NA
27265403,27265511,MAL,NA
27267511,27267784,NA,NA
27267992,27270511,NA,NA
27269300,27270412,FEM,NA
27271315,27273956,NA,NA
27272012,27273512,FEM,NA
27274244,27281492,NA,NA
27274318,27274991,OCH,NA
27274327,27278018,FEM,NA
27278132,27280992,FEM,NA
27283492,27283652,NA,NA
27283758,27284614,NA,NA
27286382,27288863,NA,NA
27286991,27288176,FEM,NA
27288050,27288364,OCH,NA
27292430,27294722,NA,NA
27292992,27294440,FEM,NA
27298492,27304992,NA,NA
27300949,27301629,FEM,NA
27303855,27304564,FEM,NA
27307820,27307925,NA,NA
27309992,27310228,NA,NA
27310529,27313379,NA,NA
27313833,27313992,NA,NA
27316710,27317512,NA,NA
27322660,27326992,NA,NA
27323549,27324070,FEM,NA
27324493,27325126,FEM,NA
27324992,27326028,MAL,NA
27326636,27326746,MAL,NA
27328750,27328936,NA,NA
27340492,27341511,NA,NA
27368255,27368493,NA,NA
27373493,27378613,NA,NA
27373501,27375403,FEM,NA
27376409,27378532,CHI,N
27376415,27376516,FEM,NA
27376807,27377011,FEM,NA
27379315,27384492,NA,NA
27379321,27384426,FEM,NA
27385574,27390512,NA,NA
27387011,27388138,FEM,NA
27388010,27390366,CHI,N
27391907,27396492,NA,NA
27392013,27394087,FEM,NA
27394511,27394810,FEM,NA
27395457,27395803,FEM,NA
27395656,27395767,MAL,NA
27397626,27400103,NA,NA
27398010,27399991,FEM,NA
27401510,27408368,NA,NA
27403512,27408343,FEM,NA
27408583,27408993,NA,NA
27408878,27408983,FEM,NA
27409462,27414891,NA,NA
27409492,27410283,FEM,NA
27410415,27411962,CHI,N
27411961,27413492,FEM,NA
27416991,27420425,NA,NA
27417012,27419925,FEM,NA
27421511,27426535,NA,NA
27422423,27423274,FEM,NA
27425593,27426206,MAL,NA
27427992,27432015,NA,NA
27428492,27429012,FEM,NA
27433492,27438554,NA,NA
27434492,27437492,FEM,NA
27439493,27442259,NA,NA
27439540,27441526,FEM,NA
27441691,27441807,FEM,NA
27445637,27447011,NA,NA
27445834,27445993,CHI,N
27446367,27446929,MAL,NA
27449992,27450952,NA,NA
27451511,27455151,NA,NA
27451992,27453344,CHI,N
27453492,27455011,FEM,NA
27456528,27463195,NA,NA
27457552,27461715,FEM,NA
27465011,27465207,NA,NA
27465492,27465671,FEM,NA
27465492,27465951,NA,NA
27493494,27498850,NA,NA
27493543,27493992,FEM,NA
27494571,27494726,FEM,NA
27495511,27496237,CHI,N
27496108,27497880,FEM,NA
27499233,27503126,NA,NA
27499279,27501993,FEM,NA
27503623,27504568,NA,NA
27505280,27511239,NA,NA
27505293,27508992,FEM,NA
27508498,27510013,MAL,NA
27511826,27518993,NA,NA
27512278,27512475,OCH,NA
27512279,27512510,CHI,N
27512747,27517189,FEM,NA
27517992,27518512,OCH,NA
27524242,27524488,MAL,NA
27530493,27543993,NA,NA
27530493,27532511,FEM,NA
27533098,27535695,FEM,NA
27536947,27537492,OCH,NA
27537015,27537992,CHI,N
27537938,27540041,FEM,NA
27541492,27542955,CHI,N
27544288,27544465,NA,NA
27545493,27546992,NA,NA
27563019,27563139,OCH,NA
27563360,27563492,OCH,NA
27575589,27575802,NA,NA
27593684,27594511,NA,NA
27593730,27594493,CHI,N
27617363,27617538,MAL,NA
27617377,27618012,NA,NA
27623325,27623511,NA,NA
27688610,27688993,NA,NA
27717142,27717311,OCH,NA
27732632,27734313,NA,NA
27737129,27738226,NA,NA
27738653,27738977,NA,NA
27741990,27742473,NA,NA
27745927,27747112,NA,NA
27745975,27746537,CHI,N
27748089,27749193,NA,NA
27760011,27760754,NA,NA
27761506,27761688,NA,NA
27765617,27765946,FEM,NA
27765831,27765953,NA,NA
27793690,27793992,NA,NA
27794632,27796029,NA,NA
27800493,27801840,NA,NA
27800503,27801624,OCH,NA
27802254,27802645,NA,NA
27803993,27805667,NA,NA
27805840,27806010,NA,NA
27830981,27832012,NA,NA
27852776,27852921,MAL,NA
27854012,27854206,NA,NA
27855591,27859638,NA,NA
27855741,27855883,FEM,NA
27855984,27857255,FEM,NA
27857512,27859466,FEM,NA
27859923,27862878,NA,NA
27859935,27862512,FEM,NA
27864690,27870011,NA,NA
27864992,27870011,FEM,NA
27871479,27872969,NA,NA
27871852,27872411,FEM,NA
27873366,27873467,NA,NA
27873656,27875571,NA,NA
27873676,27874361,MAL,NA
27873992,27875475,FEM,NA
27876012,27877738,NA,NA
27878075,27881016,NA,NA
27878448,27880991,FEM,NA
27882510,27885991,NA,NA
27882974,27885728,FEM,NA
27885872,27885990,FEM,NA
27886267,27891438,NA,NA
27887011,27891334,FEM,NA
27892385,27893030,NA,NA
27893217,27893614,NA,NA
27901491,27908511,NA,NA
27901493,27903579,FEM,NA
27903754,27903992,FEM,NA
27904492,27908267,FEM,NA
27911007,27916491,NA,NA
27911491,27913492,FEM,NA
27915059,27915940,OCH,NA
27915096,27915511,FEM,NA
27915892,27916010,FEM,NA
27917011,27917136,NA,NA
27919929,27923910,NA,NA
27919991,27922492,FEM,NA
27924144,27928383,NA,NA
27924232,27928307,FEM,NA
27929067,27929492,NA,NA
27929068,27929492,FEM,NA
27931011,27933011,NA,NA
27939992,27943492,NA,NA
27942015,27943492,FEM,NA
27943969,27944492,NA,NA
27944011,27944335,FEM,NA
27944899,27946722,NA,NA
27953223,27953491,OCH,NA
27953284,27953399,NA,NA
27953512,27955405,NA,NA
27965952,27967012,NA,NA
27966700,27966926,FEM,NA
27985711,27986143,NA,NA
27986492,27987018,NA,NA
27987410,27987992,NA,NA
27991575,27992125,MAL,NA
27991783,27991985,NA,NA
27992321,27992566,MAL,NA
27992491,27994246,NA,NA
27992680,27993012,MAL,NA
27993517,27993625,OCH,NA
27993625,27993794,MAL,NA
27995993,27996401,MAL,NA
27997729,28000510,NA,NA
27997750,28000511,FEM,NA
28004660,28005775,MAL,NA
28004905,28007681,NA,NA
28005485,28007491,FEM,NA
28011677,28021493,NA,NA
28011729,28014471,FEM,NA
28013545,28013694,CHI,N
28014010,28014569,CHI,N
28015117,28018517,FEM,NA
28018663,28021493,FEM,NA
28025563,28028511,NA,NA
28025588,28028205,FEM,NA
28033012,28035525,FEM,NA
28033012,28039335,NA,NA
28036095,28038511,FEM,NA
28039458,28046119,NA,NA
28039593,28042609,FEM,NA
28041010,28041511,CHI,N
28043120,28045493,FEM,NA
28049927,28055133,NA,NA
28049993,28053493,FEM,NA
28056917,28070493,NA,NA
28056964,28059510,FEM,NA
28060012,28060753,CHI,N
28060992,28061485,CHI,N
28062992,28063385,FEM,NA
28063778,28070052,FEM,NA
28070759,28076103,NA,NA
28070940,28073426,FEM,NA
28074992,28076050,FEM,NA
28077681,28080992,FEM,NA
28077693,28081242,NA,NA
28084627,28087511,FEM,NA
28084642,28088010,NA,NA
28091629,28102228,NA,NA
28091696,28092992,CHI,N
28092493,28092631,FEM,NA
28092992,28094043,FEM,NA
28093223,28093488,CHI,N
28095010,28096492,OCH,NA
28097012,28102012,CHI,N
28098993,28100512,OCH,NA
28105485,28109012,FEM,NA
28105486,28109148,NA,NA
28112461,28115723,NA,NA
28112474,28113903,FEM,NA
28113492,28115011,OCH,NA
28114012,28115411,CHI,N
28117010,28127010,NA,NA
28117992,28122717,FEM,NA
28123210,28126492,CHI,N
28124553,28124813,OCH,NA
28130460,28140992,NA,NA
28130726,28130993,OCH,NA
28132010,28136477,FEM,NA
28137097,28138012,CHI,N
28138735,28140406,CHI,N
28149491,28150181,NA,NA
28149594,28149714,MAL,NA
28166468,28167492,NA,NA
28166744,28167011,OCH,NA
28175011,28176650,NA,NA
28175492,28176491,CHI,N
28175723,28176511,OCH,NA
28178402,28180992,NA,NA
28178582,28179814,OCH,NA
28179492,28179605,CHI,N
28179763,28179885,CHI,N
28181309,28181417,NA,NA
28181993,28187666,NA,NA
28182671,28183992,CHI,N
28183609,28186380,OCH,NA
28187863,28187991,NA,NA
28188410,28189011,NA,NA
28188511,28188793,OCH,NA
28193989,28195617,NA,NA
28194492,28195186,CHI,N
28194492,28195511,OCH,NA
28197075,28199709,NA,NA
28197177,28198011,CHI,N
28198511,28198992,CHI,N
28200153,28203035,NA,NA
28200992,28202992,CHI,N
28205852,28208010,NA,NA
28207340,28207536,CHI,N
28213785,28214568,OCH,NA
28213853,28213993,NA,NA
28215405,28215656,OCH,NA
28216105,28217239,OCH,NA
28216271,28216533,NA,NA
28216750,28217327,NA,NA
28217992,28218436,NA,NA
28220489,28221991,NA,NA
28220776,28221510,CHI,N
28223993,28224106,NA,NA
28225162,28225493,NA,NA
28226315,28226852,NA,NA
28229615,28231667,OCH,NA
28229992,28231443,NA,NA
28231991,28233225,NA,NA
28232012,28233716,OCH,NA
28239521,28241511,NA,NA
28239739,28240976,CHI,N
28240512,28240760,OCH,NA
28240989,28241413,OCH,NA
28242894,28244511,NA,NA
28243601,28243991,OCH,NA
28246492,28249513,NA,NA
28246872,28249167,CHI,N
28251992,28253492,NA,NA
28252233,28253011,CHI,N
28253247,28253355,CHI,N
28256302,28257353,NA,NA
28257464,28259057,NA,NA
28257782,28258511,CHI,N
28262636,28265992,NA,NA
28262711,28262903,CHI,N
28263301,28264511,CHI,N
28265286,28265971,OCH,NA
28266587,28266989,OCH,NA
28270510,28271008,NA,NA
28272491,28273510,OCH,NA
28272491,28273638,NA,NA
28276390,28276495,NA,NA
28278992,28279493,NA,NA
28279905,28280992,NA,NA
28280090,28280492,CHI,N
28280504,28281012,OCH,NA
28281788,28281943,OCH,NA
28291012,28292492,NA,NA
28291493,28292492,OCH,NA
28298214,28298492,NA,NA
28298951,28299511,NA,NA
28299621,28300011,NA,NA
28301130,28301231,NA,NA
28301992,28302154,NA,NA
28308391,28309086,NA,NA
28310072,28310318,NA,NA
28310929,28311067,NA,NA
28313992,28314724,OCH,NA
28314222,28314431,NA,NA
28314863,28314995,OCH,NA
28317818,28319710,NA,NA
28317921,28318522,CHI,N
28320165,28322011,NA,NA
28320408,28321394,CHI,N
28327492,28327727,OCH,NA
28327833,28328209,OCH,NA
28329688,28330520,NA,NA
28329796,28330015,OCH,NA
28332062,28332992,NA,NA
28333511,28334527,NA,NA
28335265,28335658,NA,NA
28337013,28337143,NA,NA
28339966,28341031,NA,NA
28340349,28340535,OCH,NA
28343974,28347482,NA,NA
28344492,28346510,CHI,N
28348010,28350992,NA,NA
28349399,28350493,CHI,N
28351806,28352770,NA,NA
28357305,28358515,NA,NA
28358934,28359223,NA,NA
28365471,28367012,NA,NA
28374266,28374799,MAL,NA
28374320,28381011,NA,NA
28374835,28380564,FEM,NA
28382574,28383062,MAL,NA
28382623,28389169,NA,NA
28383011,28389012,FEM,NA
28388748,28389086,MAL,NA
28390613,28397942,NA,NA
28390618,28391099,MAL,NA
28391718,28392025,OCH,NA
28392660,28393848,MAL,NA
28392677,28393293,FEM,NA
28394015,28395510,FEM,NA
28395011,28395365,CHI,N
28395485,28397186,CHI,N
28398534,28399012,MAL,NA
28398573,28401492,NA,NA
28399179,28401432,FEM,NA
28410492,28411086,NA,NA
28410836,28410959,FEM,NA
28411334,28411488,NA,NA
28415463,28415826,MAL,NA
28415492,28421518,NA,NA
28415991,28417549,FEM,NA
28417682,28418315,FEM,NA
28419491,28421492,FEM,NA
28423057,28423580,MAL,NA
28423106,28429518,NA,NA
28423546,28429366,FEM,NA
28430592,28431048,MAL,NA
28430664,28438015,NA,NA
28431199,28432503,OCH,NA
28431586,28433219,CHI,Y
28432796,28432909,OCH,NA
28433344,28433970,MAL,NA
28434262,28437887,FEM,NA
28434734,28435004,CHI,N
28438671,28445492,NA,NA
28439100,28444993,FEM,NA
28456461,28458010,NA,NA
28456854,28457301,CHI,N
28458213,28459330,NA,NA
28458287,28459151,FEM,NA
28459510,28459848,NA,NA
28460287,28462012,NA,NA
28461061,28461837,FEM,NA
28462148,28462511,NA,NA
28465012,28471534,NA,NA
28465209,28465545,MAL,NA
28465511,28467992,FEM,NA
28467696,28469490,MAL,NA
28468511,28471493,FEM,NA
28472992,28480854,NA,NA
28473366,28473992,CHI,N
28473481,28474878,OCH,NA
28474549,28477511,FEM,NA
28477511,28480012,CHI,N
28479813,28479924,FEM,NA
28480201,28480511,FEM,NA
28481174,28481834,MAL,NA
28481390,28485114,NA,NA
28481941,28482511,CHI,N
28482511,28484857,FEM,NA
28485984,28490010,NA,NA
28486149,28486493,CHI,N
28486492,28490010,FEM,NA
28491775,28497126,NA,NA
28491991,28494492,FEM,NA
28494335,28495493,CHI,N
28495010,28497011,FEM,NA
28497957,28498492,NA,NA
28499511,28501826,NA,NA
28499992,28501911,FEM,NA
28515216,28516250,OCH,NA
28515257,28516141,NA,NA
28534511,28538011,NA,NA
28534614,28534816,FEM,NA
28535021,28537993,FEM,NA
28539992,28541511,NA,NA
28545998,28548992,NA,NA
28546493,28548943,FEM,NA
28558238,28560786,NA,NA
28558492,28560554,FEM,NA
28580501,28581885,MAL,NA
28580511,28583511,NA,NA
28591993,28594013,NA,NA
28592006,28593511,FEM,NA
28598010,28600465,NA,NA
28598010,28600511,FEM,NA
28603731,28604867,NA,NA
28604988,28605184,NA,NA
28608547,28609997,NA,NA
28614492,28618010,NA,NA
28616510,28617652,FEM,NA
28617776,28618011,FEM,NA
28620047,28620199,NA,NA
28643765,28643966,MAL,NA
28646811,28647287,NA,NA
28648065,28648779,NA,NA
28651529,28651731,NA,NA
28653590,28655141,NA,NA
28654520,28655074,FEM,NA
28655834,28656992,NA,NA
28655880,28656511,FEM,NA
28665951,28666609,NA,NA
28665993,28666552,FEM,NA
28668350,28668659,NA,NA
28677122,28678059,NA,NA
28685993,28686209,NA,NA
28700752,28701933,NA,NA
28701257,28701512,OCH,NA
28705116,28705511,NA,NA
28707497,28709584,NA,NA
28707870,28708012,OCH,NA
28709296,28709512,OCH,NA
28712858,28713447,NA,NA
28712961,28713501,OCH,NA
28735280,28736512,NA,NA
28735628,28736011,OCH,NA
28740013,28741491,NA,NA
28740700,28740822,OCH,NA
28743512,28746119,NA,NA
28751161,28751510,OCH,NA
28755219,28755341,NA,NA
28820991,28821288,NA,NA
28830492,28831493,NA,NA
28830776,28831012,OCH,NA
28834390,28836008,NA,NA
28834658,28834996,OCH,NA
28846339,28847880,NA,NA
28846673,28846913,OCH,NA
28851223,28852014,NA,NA
28851328,28851512,OCH,NA
28858223,28859882,NA,NA
28859353,28859454,CHI,N
28862119,28864011,NA,NA
28862492,28863010,OCH,NA
28862744,28862992,CHI,N
28873031,28874033,FEM,NA
28873032,28874220,NA,NA
28883839,28884826,NA,NA
28883849,28884549,OCH,NA
28886993,28887511,NA,NA
28888522,28889992,NA,NA
28888593,28889511,CHI,N
28889403,28889511,OCH,NA
28899833,28900992,NA,NA
28899901,28900493,CHI,N
28917277,28917456,OCH,NA
28923364,28924226,OCH,NA
28923369,28923518,NA,NA
28923662,28923853,NA,NA
28929489,28929928,NA,NA
28931992,28932299,NA,NA
28931992,28932687,OCH,NA
28933494,28933735,OCH,NA
28933937,28934722,OCH,NA
28934088,28934518,NA,NA
28944209,28945436,NA,NA
28945499,28945872,MAL,NA
28945615,28945912,NA,NA
28950011,28950222,NA,NA
28951511,28953794,NA,NA
28951584,28953511,CHI,N
28955266,28957510,NA,NA
28955492,28957218,CHI,N
28960492,28961720,NA,NA
28960870,28961624,OCH,NA
28963302,28965492,NA,NA
28963344,28964998,CHI,N
28967169,28968492,NA,NA
28967846,28967989,CHI,N
28970251,28970508,NA,NA
28970511,28970759,OCH,NA
28971238,28971361,OCH,NA
28973028,28975991,NA,NA
28973140,28975989,OCH,NA
28973992,28974851,CHI,N
28993140,28993493,NA,NA
29007455,29007669,NA,NA
29008112,29008294,NA,NA
29010992,29012492,NA,NA
29011208,29012511,OCH,NA
29013316,29014480,NA,NA
29013417,29013523,CHI,N
29013512,29013887,OCH,NA
29013763,29013993,CHI,N
29021259,29023191,NA,NA
29021993,29022511,CHI,N
29023682,29023992,NA,NA
29027457,29027729,NA,NA
29029011,29029165,OCH,NA
29029862,29030218,OCH,NA
29034178,29034411,NA,NA
29034987,29035088,NA,NA
29035466,29035827,OCH,NA
29035549,29035993,NA,NA
29047371,29048492,NA,NA
29047572,29047901,OCH,NA
29047717,29047992,CHI,N
29081022,29083577,NA,NA
29081028,29083559,FEM,NA
29083914,29086052,FEM,NA
29083936,29091493,NA,NA
29086012,29086375,CHI,N
29086493,29086702,CHI,N
29087829,29087993,CHI,N
29087993,29088992,FEM,NA
29089493,29089849,CHI,N
29090693,29091014,OCH,NA
29093492,29102112,NA,NA
29093676,29094491,OCH,NA
29094490,29097372,FEM,NA
29098270,29102165,FEM,NA
29106289,29120493,NA,NA
29106290,29110510,FEM,NA
29112296,29119672,FEM,NA
29112348,29112510,CHI,N
29115242,29116492,OCH,NA
29123012,29123162,NA,NA
29123796,29125099,NA,NA
29124011,29124132,FEM,NA
29124374,29125012,FEM,NA
29129510,29141139,NA,NA
29129539,29131491,FEM,NA
29131010,29133010,CHI,N
29132511,29132825,FEM,NA
29132944,29134011,FEM,NA
29134439,29135673,OCH,NA
29134991,29135519,CHI,N
29136011,29138011,FEM,NA
29138992,29140518,FEM,NA
29142583,29150538,NA,NA
29142745,29143246,FEM,NA
29143493,29144992,CHI,N
29144136,29144308,OCH,NA
29144492,29145501,OCH,NA
29145641,29145936,OCH,NA
29145795,29147420,FEM,NA
29149139,29149804,CHI,N
29150857,29151549,NA,NA
29151672,29152011,NA,NA
29157330,29159227,NA,NA
29157341,29159233,FEM,NA
29160606,29160839,NA,NA
29160959,29163153,NA,NA
29161418,29161992,FEM,NA
29163490,29166296,NA,NA
29164477,29165511,MAL,NA
29164779,29165051,FEM,NA
29166693,29168492,NA,NA
29166939,29168491,FEM,NA
29170059,29172835,NA,NA
29170945,29172511,FEM,NA
29174568,29176404,NA,NA
29174960,29176324,FEM,NA
29178993,29180967,FEM,NA
29179003,29180831,NA,NA
29182493,29182690,NA,NA
29183696,29184012,FEM,NA
29183698,29184012,NA,NA
29184167,29184285,FEM,NA
29197640,29198099,MAL,NA
29197677,29198212,NA,NA
29198492,29200377,NA,NA
29199034,29199390,FEM,NA
29199702,29200318,FEM,NA
29202218,29204456,NA,NA
29202275,29202791,MAL,NA
29202512,29204456,FEM,NA
29206283,29210510,NA,NA
29206464,29207993,FEM,NA
29207642,29207767,MAL,NA
29207989,29208347,MAL,NA
29208521,29208757,MAL,NA
29209893,29210050,MAL,NA
29210704,29210836,NA,NA
29216455,29218510,NA,NA
29216683,29216848,FEM,NA
29216830,29216990,MAL,NA
29217011,29218511,FEM,NA
29220510,29224096,NA,NA
29220510,29224111,FEM,NA
29226012,29228250,NA,NA
29226164,29226620,MAL,NA
29226511,29228273,FEM,NA
29229915,29232993,NA,NA
29229992,29231647,FEM,NA
29230284,29230574,MAL,NA
29233992,29236493,NA,NA
29234010,29234687,FEM,NA
29234869,29236011,FEM,NA
29236169,29236493,FEM,NA
29240053,29242014,NA,NA
29241064,29242011,MAL,NA
29244365,29245992,NA,NA
29244375,29245511,FEM,NA
29265854,29265992,NA,NA
29271520,29271690,MAL,NA
29272511,29277492,NA,NA
29272992,29273654,FEM,NA
29274011,29277492,FEM,NA
29283145,29283702,MAL,NA
29295192,29295487,MAL,NA
29295331,29295447,NA,NA
29300493,29302535,NA,NA
29300918,29302511,FEM,NA
29304491,29306131,NA,NA
29304492,29305535,MAL,NA
29305365,29306011,FEM,NA
29305658,29305820,MAL,NA
29308490,29312692,NA,NA
29308760,29310478,MAL,NA
29310756,29311227,MAL,NA
29311504,29311722,MAL,NA
29311991,29312511,FEM,NA
29313289,29322673,NA,NA
29313293,29314093,MAL,NA
29314545,29314672,MAL,NA
29314992,29315513,MAL,NA
29316816,29316998,FEM,NA
29318632,29320031,MAL,NA
29319187,29319445,FEM,NA
29320208,29322268,MAL,NA
29332523,29333409,FEM,NA
29332535,29333497,NA,NA
29334012,29334162,NA,NA
29334511,29334675,NA,NA
29335011,29336994,NA,NA
29335039,29336991,FEM,NA
29338509,29351239,NA,NA
29338991,29343247,FEM,NA
29344791,29344990,OCH,NA
29345011,29350511,FEM,NA
29352512,29356493,FEM,NA
29352512,29356511,NA,NA
29359992,29361941,NA,NA
29363011,29364992,NA,NA
29363052,29364011,OCH,NA
29364112,29364282,OCH,NA
29365511,29365708,NA,NA
29366901,29368511,NA,NA
29367200,29368012,CHI,N
29372821,29376164,NA,NA
29372993,29373320,FEM,NA
29373962,29374318,FEM,NA
29374613,29374864,FEM,NA
29375492,29376010,FEM,NA
29379011,29381952,NA,NA
29379491,29381492,FEM,NA
29382107,29383492,NA,NA
29382510,29382709,FEM,NA
29382949,29383492,FEM,NA
29385492,29391491,NA,NA
29385538,29387511,FEM,NA
29387011,29387289,MAL,NA
29387973,29391427,FEM,NA
29394046,29394303,NA,NA
29394483,29396800,NA,NA
29394510,29396511,FEM,NA
29399991,29401010,NA,NA
29407212,29408511,NA,NA
29407845,29408010,OCH,NA
29408884,29408992,NA,NA
29453360,29457363,NA,NA
29453363,29457010,FEM,NA
29459857,29464297,NA,NA
29459992,29464012,FEM,NA
29466511,29472610,NA,NA
29466642,29472454,FEM,NA
29470313,29472424,MAL,NA
29472739,29472992,NA,NA
29473450,29477993,NA,NA
29473597,29477281,FEM,NA
29477088,29477294,MAL,NA
29481049,29482011,NA,NA
29481317,29481491,MAL,NA
29484493,29484596,NA,NA
29486086,29486202,NA,NA
29487650,29488992,NA,NA
29487787,29488011,FEM,NA
29494493,29495956,NA,NA
29501152,29502011,NA,NA
29838832,29839510,NA,NA
29838979,29839136,CHI,N
29843141,29844186,NA,NA
29843183,29844012,CHI,N
29860885,29861022,NA,NA
29870309,29871937,NA,NA
29870351,29871514,CHI,N
29872576,29873992,NA,NA
29872758,29873511,CHI,N
29877807,29878492,NA,NA
29882220,29883185,NA,NA
29882250,29883161,FEM,NA
29886992,29887567,NA,NA
29886994,29887512,FEM,NA
29890991,29891742,NA,NA
29891067,29891685,FEM,NA
29898023,29906557,NA,NA
29898354,29899237,CHI,N
29899071,29900915,FEM,NA
29901511,29906511,CHI,N
29905492,29905892,FEM,NA
29906989,29907345,NA,NA
29906992,29907308,CHI,N
29907510,29921010,NA,NA
29907510,29915068,CHI,C
29914869,29915544,MAL,NA
29915465,29916628,CHI,N
29915997,29916522,MAL,NA
29917011,29917369,FEM,NA
29917242,29917667,CHI,N
29917492,29920973,FEM,NA
29919451,29920489,MAL,NA
29925296,29929736,CHI,C
29925320,29932912,NA,NA
29929777,29931156,FEM,NA
29931431,29932035,CHI,N
29932193,29932829,FEM,NA
29934340,29935386,FEM,NA
29934343,29935492,NA,NA
29936115,29938511,NA,NA
29936351,29937399,CHI,N
29936991,29938493,FEM,NA
29939993,29942511,MAL,NA
29940492,29944491,NA,NA
29942752,29943010,CHI,C
29943425,29944083,MAL,NA
29946011,29953709,NA,NA
29946394,29947484,CHI,N
29947011,29952725,FEM,NA
29951245,29951365,MAL,NA
29951540,29955053,MAL,NA
29953994,29957511,NA,NA
29955012,29955512,FEM,NA
29955216,29956028,CHI,C
29955668,29957464,FEM,NA
29959492,29964492,FEM,NA
29959504,29964511,NA,NA
29969836,29973000,FEM,NA
29969860,29976492,NA,NA
29972012,29974093,MAL,NA
29973898,29976433,FEM,NA
29979840,29980669,CHI,N
29979852,29984526,NA,NA
29980991,29983993,FEM,NA
29984011,29984330,CHI,N
29984695,29985807,NA,NA
29984992,29985589,CHI,N
29990885,29991511,NA,NA
29990993,29991511,CHI,C
30004268,30005075,CHI,C
30004278,30005095,NA,NA
30005291,30005436,NA,NA
30018389,30019511,CHI,N
30018406,30019494,NA,NA
30039616,30040510,CHI,N
30039633,30040511,NA,NA
30041361,30042510,CHI,N
30041383,30042492,NA,NA
30048805,30050975,NA,NA
30048859,30050908,CHI,N
30058160,30058492,OCH,NA
30069534,30070012,NA,NA
30069551,30070012,CHI,N
30081655,30082845,NA,NA
30081797,30082290,FEM,NA
30096011,30098503,FEM,NA
30096011,30098505,NA,NA
30112317,30113508,FEM,NA
30112325,30113511,NA,NA
30116510,30117830,FEM,NA
30116510,30118010,NA,NA
30158511,30159313,NA,NA
30158585,30159086,CHI,N
30182738,30185308,NA,NA
30182978,30185216,FEM,NA
30188015,30189512,CHI,N
30188054,30189512,NA,NA
30196510,30197492,NA,NA
30196511,30197461,CHI,N
30221373,30221992,NA,NA
30221490,30221888,CHI,N
30230493,30230628,NA,NA
30237911,30238826,NA,NA
30237958,30238736,CHI,N
30242492,30243010,CHI,N
30242492,30243030,NA,NA
30245243,30247492,NA,NA
30245444,30247493,FEM,NA
30248335,30251884,NA,NA
30248483,30249492,CHI,Y
30248993,30250011,FEM,NA
30250670,30251524,CHI,N
30259011,30260170,NA,NA
30259099,30260133,CHI,N
30266612,30267253,NA,NA
30266701,30267209,CHI,N
30271214,30271511,NA,NA
30276681,30277224,NA,NA
30276747,30277117,CHI,N
30279260,30280418,NA,NA
30279268,30282299,CHI,N
30280600,30284012,NA,NA
30282054,30283991,FEM,NA
30285304,30286514,NA,NA
30285330,30287512,CHI,N
30286658,30287512,NA,NA
30290993,30291273,NA,NA
30294071,30294922,NA,NA
30294081,30294727,CHI,N
30303492,30304010,CHI,N
30303492,30304032,NA,NA
30307492,30307794,FEM,NA
30307510,30307810,NA,NA
30310954,30311648,NA,NA
30310991,30311526,CHI,N
30313011,30315492,FEM,NA
30313011,30319930,NA,NA
30315391,30317860,CHI,N
30317321,30319822,FEM,NA
30321339,30329387,NA,NA
30321493,30322919,FEM,NA
30323012,30328982,CHI,N
30327725,30328012,FEM,NA
30329542,30337011,NA,NA
30329827,30331493,FEM,NA
30331859,30333992,CHI,N
30334277,30334478,MAL,NA
30334993,30336745,CHI,Y
30339011,30346866,NA,NA
30339284,30341321,CHI,C
30341527,30346745,CHI,C
30349797,30356399,CHI,N
30349991,30356581,NA,NA
30355493,30356190,OCH,NA
30357011,30363562,CHI,C
30357011,30363992,NA,NA
30364106,30364492,CHI,N
30364143,30364492,NA,NA
30372604,30387273,NA,NA
30372641,30385512,CHI,C
30386173,30386647,FEM,NA
30387491,30387596,NA,NA
30388282,30391011,NA,NA
30388384,30390620,CHI,C
30394286,30394510,NA,NA
30394302,30394483,CHI,Y
30396560,30398629,NA,NA
30396619,30398634,CHI,N
30411877,30418505,NA,NA
30411882,30412835,CHI,N
30413402,30413991,FEM,NA
30413639,30416045,CHI,N
30416332,30417264,CHI,N
30417425,30418498,CHI,N
30419297,30424711,NA,NA
30419358,30424940,CHI,N
30424869,30424996,NA,NA
30425159,30426777,CHI,N
30425284,30429992,NA,NA
30427993,30428511,FEM,NA
30429277,30429992,CHI,N
30435807,30440127,NA,NA
30435954,30437068,CHI,Y
30435991,30437010,OCH,NA
30437512,30440003,CHI,N
30439682,30439787,OCH,NA
30442760,30443636,NA,NA
30442988,30443493,CHI,N
30459827,30461511,CHI,N
30459849,30461617,NA,NA
30479993,30482195,CHI,N
30479993,30482259,NA,NA
30483947,30486866,NA,NA
30483980,30484991,FEM,NA
30484981,30486876,CHI,N
30498517,30500102,NA,NA
30498937,30500036,CHI,C
30507511,30510493,NA,NA
30507560,30508993,CHI,N
30509011,30510511,FEM,NA
30513512,30517493,NA,NA
30513512,30517511,CHI,C
30522893,30523993,NA,NA
30523055,30523796,CHI,N
30548990,30551511,NA,NA
30548991,30551529,CHI,N
30560480,30561012,FEM,NA
30560487,30561012,NA,NA
30579992,30580510,NA,NA
30583568,30583809,NA,NA
30583992,30586854,NA,NA
30584125,30585519,CHI,Y
30584851,30586592,OCH,NA
30588992,30592060,NA,NA
30590011,30591980,CHI,N
30593012,30598512,NA,NA
30593271,30598497,CHI,N
30599048,30599159,NA,NA
30600818,30605492,NA,NA
30600842,30602263,CHI,N
30602620,30602721,CHI,N
30603013,30605492,CHI,N
30605987,30606993,NA,NA
30606019,30606535,CHI,N
30607511,30611993,CHI,N
30607511,30611993,NA,NA
30702343,30703011,CHI,N
30702346,30703016,NA,NA
30717492,30718511,CHI,N
30717492,30718515,NA,NA
30760012,30761512,CHI,N
30760012,30761543,NA,NA
30782916,30784015,NA,NA
30782962,30784029,CHI,N
30790972,30791310,NA,NA
30802957,30803510,NA,NA
30802958,30803510,CHI,N
30836992,30840190,NA,NA
30837456,30840114,FEM,NA
30839192,30839303,MAL,NA
30843231,30843385,NA,NA
30843241,30843484,FEM,NA
30846199,30846373,NA,NA
30867124,30868683,NA,NA
30867380,30867491,CHI,N
30867492,30867727,OCH,NA
30867991,30868131,MAL,NA
30868061,30868400,OCH,NA
30870491,30873225,MAL,NA
30870992,30872511,NA,NA
30873332,30873489,MAL,NA
30876650,30882018,NA,NA
30879468,30882011,FEM,NA
30882630,30892821,NA,NA
30882662,30883610,CHI,N
30883992,30890511,FEM,NA
30891208,30891330,FEM,NA
30891942,30892511,FEM,NA
30893511,30898010,MAL,NA
30893896,30894222,NA,NA
30894991,30897510,NA,NA
30899821,30901282,NA,NA
30899932,30901091,FEM,NA
30902860,30903511,NA,NA
30902918,30903444,CHI,N
30908984,30909706,CHI,N
30908993,30909651,NA,NA
30912877,30913341,NA,NA
30912992,30913174,CHI,N
30915365,30916352,CHI,N
30915376,30916228,NA,NA
30919706,30921734,NA,NA
30919708,30921709,CHI,N
30931392,30933992,NA,NA
30931430,30932512,CHI,N
30935010,30936012,NA,NA
30936904,30937511,MAL,NA
30942400,30946492,NA,NA
30942415,30944492,CHI,Y
30944609,30945409,CHI,N
30944857,30945269,OCH,NA
30945616,30946350,CHI,N
30945755,30946330,OCH,NA
30946784,30950367,NA,NA
30946976,30950130,CHI,Y
30950922,30951511,NA,NA
30951016,30951492,CHI,N
30952010,30957812,NA,NA
30952014,30957814,CHI,Y
30959992,30962660,CHI,Y
30959992,30964108,NA,NA
30960993,30961324,OCH,NA
30961617,30962059,OCH,NA
30963492,30963970,CHI,N
30968232,30968492,NA,NA
30970608,30971011,NA,NA
30970627,30970991,CHI,N
30972993,30979033,NA,NA
30973011,30978992,CHI,N
30979152,30980122,NA,NA
30979397,30980004,CHI,C
30980737,30983012,NA,NA
30980958,30982993,CHI,Y
30984498,30986017,NA,NA
30984992,30986011,FEM,NA
30987379,30990730,NA,NA
30987455,30988952,CHI,N
30991894,31000622,NA,NA
30991989,30993859,CHI,N
30994704,31000441,CHI,N
30999517,31000216,MAL,NA
31002510,31004491,FEM,NA
31002510,31007491,NA,NA
31004492,31006078,MAL,NA
31006965,31007491,CHI,N
31012008,31012313,FEM,NA
31012011,31012311,NA,NA
31012492,31013246,FEM,NA
31012492,31013511,NA,NA
31034991,31037401,NA,NA
31034991,31037510,CHI,N
31038992,31040121,NA,NA
31039090,31039725,CHI,N
31039193,31039620,OCH,NA
31040607,31042251,NA,NA
31041492,31041868,OCH,NA
31046492,31048934,NA,NA
31046601,31047511,FEM,NA
31047739,31048961,CHI,N
31064492,31066510,FEM,NA
31064492,31066539,NA,NA
31067223,31067493,NA,NA
31068482,31070011,NA,NA
31068964,31069710,OCH,NA
31068993,31069511,CHI,N
31072246,31076171,NA,NA
31072343,31073261,CHI,N
31073510,31075491,FEM,NA
31075350,31076071,CHI,N
31080011,31090840,NA,NA
31080011,31084218,FEM,NA
31083121,31090511,CHI,N
31094493,31096513,NA,NA
31094758,31095993,FEM,NA
31097387,31097993,NA,NA
31097636,31097904,MAL,NA
31098234,31098914,NA,NA
31101992,31122659,NA,NA
31102064,31103684,CHI,N
31104879,31115453,CHI,N
31115051,31115424,FEM,NA
31115676,31117554,MAL,NA
31117039,31118516,CHI,N
31118919,31122011,FEM,NA
31122789,31124134,MAL,NA
31122951,31123219,NA,NA
31123340,31123991,NA,NA
31126184,31126775,MAL,NA
31126493,31133862,NA,NA
31127011,31133511,FEM,NA
31129993,31130157,MAL,NA
31130485,31130963,MAL,NA
31132625,31132822,MAL,NA
31134993,31138786,FEM,NA
31134993,31138979,NA,NA
31139993,31144468,NA,NA
31140001,31142510,FEM,NA
31143113,31144154,FEM,NA
31145992,31149492,NA,NA
31146172,31149282,FEM,NA
31147239,31147455,MAL,NA
31147571,31147706,MAL,NA
31147877,31149011,MAL,NA
31153290,31172354,NA,NA
31153466,31161993,FEM,NA
31154299,31154510,MAL,NA
31162111,31162776,MAL,NA
31162492,31163440,CHI,N
31163495,31172012,FEM,NA
31172511,31172788,MAL,NA
31172634,31172992,NA,NA
31173641,31174564,MAL,NA
31173888,31193993,NA,NA
31174566,31179544,FEM,NA
31174684,31174824,MAL,NA
31178550,31178695,MAL,NA
31178966,31179229,MAL,NA
31179774,31181914,FEM,NA
31180464,31180955,MAL,NA
31181510,31183184,CHI,C
31183156,31187493,FEM,NA
31186990,31187689,CHI,N
31187492,31189011,MAL,NA
31188512,31190527,FEM,NA
31190198,31191992,MAL,NA
31191067,31193993,FEM,NA
31206824,31207722,CHI,N
31206909,31207819,NA,NA
31225512,31227993,FEM,NA
31225525,31227992,NA,NA
31228948,31230754,NA,NA
31229013,31230510,CHI,N
31232270,31232511,FEM,NA
31232272,31232562,NA,NA
31243992,31244814,NA,NA
31244003,31245152,MAL,NA
31248334,31262511,NA,NA
31248345,31251151,CHI,Y
31251668,31257461,CHI,C
31257011,31261145,MAL,NA
31260924,31261511,CHI,N
31261263,31266990,MAL,NA
31263165,31266511,NA,NA
31268327,31268951,MAL,NA
31268492,31283011,NA,NA
31268989,31271552,CHI,Y
31270492,31273011,OCH,NA
31271660,31271999,CHI,N
31272488,31273150,CHI,N
31274011,31276279,CHI,N
31276493,31277244,FEM,NA
31276719,31276854,CHI,N
31277154,31280396,CHI,N
31280875,31283011,FEM,NA
31286993,31291993,NA,NA
31287492,31291512,FEM,NA
31292460,31293079,MAL,NA
31292511,31296492,NA,NA
31293160,31295468,FEM,NA
31295136,31296467,MAL,NA
31297047,31297958,MAL,NA
31297438,31297570,NA,NA
31299963,31300837,MAL,NA
31302384,31304151,NA,NA
31302420,31304069,CHI,N
31305275,31305447,NA,NA
31305577,31305699,NA,NA
31306011,31307186,NA,NA
31306046,31307011,CHI,N
31308191,31311011,NA,NA
31308512,31309551,FEM,NA
31308513,31310842,MAL,NA
31309939,31310506,FEM,NA
31315125,31316492,NA,NA
31315140,31316492,FEM,NA
31330214,31330363,NA,NA
31339867,31342012,NA,NA
31339985,31341991,FEM,NA
31347010,31348154,NA,NA
31347024,31348011,FEM,NA
31350014,31354018,NA,NA
31350088,31351492,CHI,N
31351403,31354025,FEM,NA
31356857,31359992,NA,NA
31356928,31359044,CHI,N
31359204,31359855,CHI,N
31360188,31362437,NA,NA
31360254,31362404,CHI,N
31365438,31383012,NA,NA
31365446,31383006,CHI,N
31384511,31389010,NA,NA
31384992,31389010,CHI,N
31393011,31393197,NA,NA
31393011,31393210,CHI,N
31393492,31400821,CHI,C
31393752,31400792,NA,NA
31402772,31406064,NA,NA
31402850,31404011,OCH,NA
31404915,31406039,CHI,N
31408034,31412670,NA,NA
31408202,31412664,CHI,N
31414949,31416993,NA,NA
31414959,31416775,CHI,N
31417511,31417622,NA,NA
31417934,31422391,NA,NA
31418012,31422320,CHI,N
31422497,31429897,NA,NA
31422644,31423748,CHI,N
31424011,31428993,CHI,N
31429387,31429514,OCH,NA
31430067,31447907,NA,NA
31430381,31447860,CHI,C
31452492,31453663,CHI,N
31452492,31454632,NA,NA
31454011,31454510,FEM,NA
31472275,31473745,NA,NA
31472447,31472867,CHI,C
31472688,31473525,FEM,NA
31472808,31473383,MAL,NA
31474999,31484606,NA,NA
31475027,31484511,FEM,NA
31482992,31484298,MAL,NA
31485881,31487994,FEM,NA
31485883,31487992,NA,NA
31491572,31492011,FEM,NA
31491580,31492010,NA,NA
31493232,31495510,MAL,NA
31493991,31495010,NA,NA
31498526,31499849,NA,NA
31498595,31499817,FEM,NA
31504111,31509850,NA,NA
31504118,31504763,FEM,NA
31505254,31507240,CHI,N
31507093,31509704,FEM,NA
31511437,31513373,NA,NA
31511450,31513011,FEM,NA
31512677,31513202,MAL,NA
31514557,31515154,NA,NA
31514815,31515033,CHI,N
31516226,31518683,NA,NA
31516484,31516825,MAL,NA
31517002,31518676,FEM,NA
31520011,31521415,MAL,NA
31520490,31523597,NA,NA
31521393,31523492,FEM,NA
31534178,31538511,FEM,NA
31534199,31538992,NA,NA
31537129,31539011,MAL,NA
31553854,31557286,NA,NA
31555492,31556506,MAL,NA
31555987,31556927,FEM,NA
31561664,31566851,NA,NA
31561733,31564701,FEM,NA
31563251,31563469,CHI,N
31565012,31565344,FEM,NA
31565621,31566812,FEM,NA
31569991,31572256,NA,NA
31570493,31572256,FEM,NA
31574011,31575162,NA,NA
31574257,31574598,MAL,NA
31574492,31575012,FEM,NA
31574743,31575011,MAL,NA
31581510,31584011,FEM,NA
31581510,31584492,NA,NA
31582887,31589421,MAL,NA
31585012,31586978,NA,NA
31588108,31588623,NA,NA
31594013,31594754,NA,NA
31594187,31594511,FEM,NA
31596823,31597992,FEM,NA
31596834,31600012,NA,NA
31597778,31600991,MAL,NA
31604275,31605790,NA,NA
31604280,31605667,FEM,NA
31607005,31608492,NA,NA
31607160,31608397,FEM,NA
31612695,31613713,FEM,NA
31612697,31613726,NA,NA
31614011,31617489,MAL,NA
31614825,31618043,NA,NA
31617493,31618011,FEM,NA
31618991,31624457,NA,NA
31619012,31619522,MAL,NA
31619555,31622775,CHI,N
31622699,31624275,FEM,NA
31625011,31625700,MAL,NA
31627807,31628681,CHI,N
31627862,31628647,NA,NA
31632802,31632993,NA,NA
31633669,31635767,NA,NA
31633786,31634539,CHI,N
31634516,31635991,MAL,NA
31636899,31639992,MAL,NA
31637491,31639511,NA,NA
31643992,31648695,FEM,NA
31643992,31649117,NA,NA
31644601,31645666,MAL,NA
31646597,31646985,MAL,NA
31655492,31657011,FEM,NA
31655492,31658011,NA,NA
31657492,31657809,CHI,N
31675519,31677487,MAL,NA
31676076,31676511,NA,NA
31680492,31683594,NA,NA
31680511,31683495,FEM,NA
31681179,31681312,MAL,NA
31681471,31681709,MAL,NA
31681992,31682103,MAL,NA
31683049,31683208,MAL,NA
31686010,31688492,MAL,NA
31686491,31688197,NA,NA
31688493,31691993,NA,NA
31688898,31689517,CHI,N
31690011,31692492,MAL,NA
31690514,31690774,FEM,NA
31698260,31699510,NA,NA
31698493,31699011,OCH,NA
31701011,31701178,MAL,NA
31701497,31703993,MAL,NA
31701993,31703512,NA,NA
31705511,31710493,FEM,NA
31705511,31711578,NA,NA
31710145,31711514,CHI,N
31721011,31727012,MAL,NA
31721492,31726490,NA,NA
31727511,31729030,FEM,NA
31727511,31729133,NA,NA
31739005,31741524,MAL,NA
31739614,31741190,NA,NA
31741646,31741788,MAL,NA
31743404,31744011,MAL,NA
31761492,31762930,NA,NA
31761492,31762992,CHI,N
31763900,31764877,CHI,N
31763969,31764700,NA,NA
31786493,31787040,NA,NA
31786518,31787011,CHI,N
31836512,31837011,NA,NA
31841331,31842011,NA,NA
31841340,31842012,OCH,NA
31860076,31862481,MAL,NA
31860842,31861897,NA,NA
31864604,31866011,NA,NA
31864750,31866000,CHI,N
31870819,31872512,CHI,N
31870819,31876992,NA,NA
31872493,31876489,MAL,NA
31879369,31881679,NA,NA
31879492,31879980,FEM,NA
31879826,31881841,MAL,NA
31880083,31880491,FEM,NA
31885512,31888011,MAL,NA
31886006,31887793,NA,NA
31891011,31892918,CHI,C
31891011,31892918,NA,NA
31894015,31894322,CHI,N
31894454,31895580,CHI,N
31894459,31895574,NA,NA
31898011,31900510,MAL,NA
31898708,31899535,NA,NA
31908585,31909120,NA,NA
31908828,31909012,CHI,N
31916442,31917068,NA,NA
31916492,31917010,CHI,N
31919915,31921012,NA,NA
31919947,31921012,CHI,N
31931511,31933990,MAL,NA
31932137,31935492,NA,NA
31933553,31935364,CHI,N
31936295,31938492,NA,NA
31936493,31938012,FEM,NA
31937588,31937809,MAL,NA
31940344,31940688,NA,NA
31940475,31940657,CHI,N
31946564,31947701,CHI,N
31946603,31949715,NA,NA
31947492,31949490,MAL,NA
31949006,31949512,FEM,NA
31950511,31955651,MAL,NA
31951488,31960754,NA,NA
31955383,31956780,CHI,N
31955992,31956694,OCH,NA
31956868,31959526,MAL,NA
31959011,31960511,CHI,N
31959773,31960273,MAL,NA
31962126,31962607,MAL,NA
31963012,31963338,NA,NA
31963493,31974080,NA,NA
31963511,31968258,CHI,N
31968366,31970242,FEM,NA
31968511,31969389,CHI,N
31969853,31974080,CHI,N
31979144,31980575,FEM,NA
31979148,31980663,NA,NA
31983945,31985545,NA,NA
31983992,31985492,FEM,NA
31989198,31991058,NA,NA
31989384,31991011,CHI,N
31993993,31995049,NA,NA
31994011,31995010,FEM,NA
31996515,32004100,NA,NA
31996688,31997987,MAL,NA
31998831,32001011,CHI,N
32000218,32000974,OCH,NA
32002012,32003492,CHI,N
32003512,32003973,FEM,NA
32018632,32024992,CHI,N
32018730,32024881,NA,NA
32025191,32027420,NA,NA
32025232,32027355,CHI,N
32042149,32043511,NA,NA
32042172,32043510,CHI,N
32052915,32053625,NA,NA
32058492,32059324,FEM,NA
32058492,32059511,NA,NA
32062993,32064545,NA,NA
32063097,32064010,CHI,N
32065232,32065510,MAL,NA
32068011,32070492,MAL,NA
32068511,32069734,NA,NA
32072993,32074011,MAL,NA
32073344,32073511,NA,NA
32076184,32076884,NA,NA
32076208,32076871,CHI,N
32081903,32084993,NA,NA
32081992,32082716,FEM,NA
32083493,32084634,FEM,NA
32083985,32084670,MAL,NA
32086112,32088500,MAL,NA
32086729,32094993,NA,NA
32088670,32094941,CHI,N
32090156,32090293,OCH,NA
32097592,32097739,NA,NA
32099011,32101490,MAL,NA
32099492,32102393,NA,NA
32101441,32102359,CHI,N
32103660,32106993,MAL,NA
32104411,32106168,NA,NA
32106696,32116149,NA,NA
32107124,32108044,CHI,N
32107992,32108822,OCH,NA
32108813,32115214,MAL,NA
32109556,32110012,CHI,N
32115175,32116010,CHI,C
32117334,32117493,FEM,NA
32117359,32117492,NA,NA
32118512,32124962,NA,NA
32118630,32119259,CHI,N
32120012,32120707,FEM,NA
32120194,32121993,CHI,N
32121696,32123723,MAL,NA
32123982,32124492,FEM,NA
32127992,32128616,NA,NA
32129053,32134229,NA,NA
32129082,32130152,CHI,N
32129855,32134538,MAL,NA
32134695,32137732,NA,NA
32134776,32136666,CHI,Y
32136991,32137695,FEM,NA
32138255,32143993,NA,NA
32138513,32139139,CHI,N
32139745,32143999,CHI,N
32149197,32151904,NA,NA
32149221,32151322,CHI,N
32151055,32151635,FEM,NA
32152310,32153282,MAL,NA
32155010,32159139,FEM,NA
32155010,32160511,NA,NA
32157604,32157898,MAL,NA
32158900,32161011,MAL,NA
32162489,32163991,NA,NA
32162493,32163701,FEM,NA
32164437,32167493,NA,NA
32165011,32165254,FEM,NA
32165816,32167227,MAL,NA
32166511,32167083,FEM,NA
32169952,32177546,NA,NA
32169992,32171350,FEM,NA
32171955,32173448,FEM,NA
32172407,32173269,MAL,NA
32173737,32177512,FEM,NA
32174542,32175338,CHI,N
32177993,32180025,MAL,NA
32178232,32179634,NA,NA
32180237,32189493,NA,NA
32180313,32186915,FEM,NA
32182912,32183690,CHI,N
32187368,32188991,FEM,NA
32188026,32189708,MAL,NA
32191012,32192242,NA,NA
32191013,32192061,CHI,N
32192417,32196708,NA,NA
32192733,32193040,CHI,N
32193219,32193955,OCH,NA
32194137,32195642,MAL,NA
32197510,32199511,MAL,NA
32198146,32201329,NA,NA
32199425,32200991,FEM,NA
32200065,32200392,MAL,NA
32200600,32200848,MAL,NA
32203511,32203670,NA,NA
32203983,32215259,NA,NA
32203992,32207343,FEM,NA
32207510,32211010,MAL,NA
32207819,32207968,CHI,N
32209790,32210011,CHI,N
32211201,32211854,FEM,NA
32211992,32212594,CHI,N
32212510,32215608,MAL,NA
32215416,32217070,NA,NA
32215533,32217011,FEM,NA
32217907,32218484,CHI,N
32217920,32218492,NA,NA
32218936,32219805,MAL,NA
32219021,32219170,NA,NA
32224492,32227519,NA,NA
32224510,32227450,CHI,N
32227511,32229946,MAL,NA
32227764,32229426,NA,NA
32229551,32229954,NA,NA
32230948,32232234,NA,NA
32230992,32231414,MAL,NA
32231383,32232166,CHI,N
32232511,32235989,MAL,NA
32232868,32236204,NA,NA
32235511,32236010,CHI,N
32239134,32242511,MAL,NA
32239654,32242035,NA,NA
32248025,32249988,MAL,NA
32248255,32248373,NA,NA
32248547,32248658,NA,NA
32248780,32248945,NA,NA
32252990,32254011,CHI,N
32252992,32257243,NA,NA
32253927,32255586,MAL,NA
32255621,32256487,CHI,N
32257457,32259511,NA,NA
32257575,32259492,CHI,N
32259843,32260680,NA,NA
32264789,32265715,CHI,N
32264806,32266011,NA,NA
32265567,32265945,FEM,NA
32268135,32268491,CHI,N
32268151,32268470,NA,NA
32272690,32274511,MAL,NA
32272992,32274183,NA,NA
32274511,32274636,NA,NA
32275010,32276905,NA,NA
32275263,32276903,CHI,N
32282267,32283355,NA,NA
32282272,32283315,CHI,Y
32284011,32284222,NA,NA
32284020,32284143,CHI,N
32284729,32285492,CHI,N
32284757,32285457,NA,NA
32292461,32293828,CHI,N
32292493,32294012,NA,NA
32297353,32298787,NA,NA
32297493,32298244,CHI,N
32300292,32300439,MAL,NA
32300684,32300859,MAL,NA
32304493,32305511,CHI,N
32304511,32305510,NA,NA
32307512,32308011,NA,NA
32307589,32308011,CHI,N
32310492,32310823,NA,NA
32313543,32314512,NA,NA
32313630,32314511,CHI,N
32321511,32324511,NA,NA
32321614,32324493,CHI,N
32330492,32331260,CHI,N
32330492,32331324,NA,NA
32333241,32334250,NA,NA
32333244,32334228,CHI,N
32335011,32337989,MAL,NA
32335337,32340759,NA,NA
32336256,32336877,CHI,N
32337213,32337402,CHI,N
32337757,32338938,CHI,N
32338271,32340510,MAL,NA
32339512,32340474,CHI,N
32341255,32349492,NA,NA
32341309,32349392,CHI,N
32350011,32353992,NA,NA
32350131,32353681,CHI,N
32354755,32355992,NA,NA
32354851,32355992,CHI,N
32360492,32361609,NA,NA
32360492,32361611,CHI,N
32363867,32366656,NA,NA
32363908,32364964,CHI,N
32365010,32365747,MAL,NA
32365016,32365701,FEM,NA
32365992,32366540,CHI,Y
32372075,32373233,CHI,N
32372082,32373729,NA,NA
32375511,32376491,NA,NA
32375543,32376206,CHI,N
32378570,32382455,CHI,N
32378582,32382492,NA,NA
32382869,32383411,NA,NA
32382889,32383377,CHI,N
32387948,32389511,FEM,NA
32387958,32389816,NA,NA
32389011,32389403,OCH,NA
32389511,32389649,CHI,N
32390326,32390920,MAL,NA
32390391,32390869,NA,NA
32391419,32392511,NA,NA
32391460,32392408,FEM,NA
32397081,32398137,NA,NA
32397111,32398039,FEM,NA
32402012,32407888,MAL,NA
32402477,32412955,NA,NA
32405437,32405950,CHI,N
32407609,32408655,FEM,NA
32409011,32412511,FEM,NA
32415010,32418933,NA,NA
32415117,32417512,FEM,NA
32417012,32419491,MAL,NA
32421511,32424017,NA,NA
32421597,32424012,FEM,NA
32427621,32429012,MAL,NA
32430552,32434551,MAL,NA
32430893,32434263,NA,NA
32434511,32435491,NA,NA
32434622,32435268,CHI,N
32438112,32438880,NA,NA
32438149,32438269,CHI,N
32438269,32440518,MAL,NA
32438991,32440284,NA,NA
32441013,32441163,NA,NA
32445993,32446511,CHI,N
32446011,32446510,NA,NA
32457743,32458681,NA,NA
32458111,32458405,MAL,NA
32467686,32469011,CHI,N
32467724,32469010,NA,NA
32471999,32473492,NA,NA
32472011,32472993,CHI,N
32474112,32477722,NA,NA
32474250,32477510,CHI,Y
32475992,32476441,OCH,NA
32476641,32477360,OCH,NA
32479993,32481530,CHI,N
32479993,32481606,NA,NA
32482991,32489992,NA,NA
32483012,32484492,CHI,N
32484701,32489051,CHI,Y
32484807,32486896,OCH,NA
32488454,32489612,OCH,NA
32490305,32516591,NA,NA
32490485,32498377,CHI,Y
32490516,32491512,OCH,NA
32491734,32492480,OCH,NA
32493177,32494797,OCH,NA
32498135,32499176,FEM,NA
32499321,32503012,CHI,N
32502992,32504011,FEM,NA
32503864,32504829,OCH,NA
32504207,32504313,CHI,N
32504289,32504837,FEM,NA
32505511,32506010,FEM,NA
32505767,32508624,CHI,Y
32508999,32516389,CHI,N
32511876,32512553,MAL,NA
32516011,32516298,OCH,NA
32516907,32517493,NA,NA
32516996,32517381,OCH,NA
32518004,32529739,NA,NA
32518010,32519308,CHI,N
32519492,32520940,FEM,NA
32521839,32522241,MAL,NA
32521993,32529450,CHI,C
32525704,32525993,FEM,NA
32528010,32529345,OCH,NA
32529929,32538761,NA,NA
32530623,32531433,FEM,NA
32531018,32532511,CHI,N
32532465,32533594,FEM,NA
32533012,32535499,CHI,N
32535635,32538733,CHI,N
32540891,32549492,NA,NA
32540992,32542492,OCH,NA
32541492,32544864,CHI,N
32544732,32545010,FEM,NA
32544992,32549493,CHI,N
32547099,32547231,FEM,NA
32553333,32557511,CHI,C
32553392,32557516,NA,NA
32561511,32562947,NA,NA
32561511,32562993,CHI,Y
32570309,32571909,NA,NA
32570316,32571492,CHI,N
32576588,32580020,NA,NA
32576788,32577237,FEM,NA
32576811,32577491,CHI,N
32577471,32578510,FEM,NA
32578060,32578511,CHI,C
32578949,32580039,CHI,N
32581492,32582491,CHI,N
32581524,32582491,NA,NA
32584538,32586268,NA,NA
32584623,32585097,CHI,N
32585296,32586185,CHI,N
32586992,32588104,NA,NA
32587196,32587950,FEM,NA
32589390,32590246,NA,NA
32589392,32590244,CHI,C
32599444,32600035,NA,NA
32599493,32599971,CHI,N
32606980,32609234,FEM,NA
32606992,32609268,NA,NA
32616484,32619783,NA,NA
32616493,32617455,FEM,NA
32617512,32617973,OCH,NA
32617610,32617721,FEM,NA
32618298,32618433,MAL,NA
32618756,32619095,MAL,NA
32621992,32623992,FEM,NA
32621992,32624341,NA,NA
32631245,32633012,MAL,NA
32631822,32633175,NA,NA
32632831,32633012,CHI,N
32653193,32654492,NA,NA
32653493,32654062,CHI,N
32653511,32653911,OCH,NA
32660013,32660205,NA,NA
32660493,32661568,NA,NA
32660511,32661510,CHI,N
32666878,32667572,NA,NA
32666910,32667511,CHI,N
32676492,32676856,CHI,N
32676492,32676900,NA,NA
32693510,32694848,OCH,NA
32694123,32694381,NA,NA
32707010,32707601,FEM,NA
32707010,32708011,NA,NA
32711833,32712894,OCH,NA
32719943,32720750,NA,NA
32719952,32720718,CHI,N
32730205,32733189,NA,NA
32730321,32733094,CHI,Y
32730326,32730626,OCH,NA
32730860,32731511,OCH,NA
32740369,32740492,FEM,NA
32744385,32745860,CHI,N
32744414,32746290,NA,NA
32746607,32747992,NA,NA
32746864,32747995,CHI,N
32749898,32753094,NA,NA
32749945,32750748,CHI,N
32750123,32750226,OCH,NA
32750301,32751010,MAL,NA
32751008,32752992,OCH,NA
32751290,32751498,CHI,N
32752515,32752702,CHI,N
32754078,32757698,CHI,N
32754085,32757705,NA,NA
32759512,32760202,NA,NA
32759524,32759943,CHI,N
32764655,32765693,NA,NA
32764888,32765607,CHI,Y
32764962,32765561,OCH,NA
32767511,32768478,NA,NA
32773759,32774849,NA,NA
32773796,32774734,CHI,N
32774974,32778597,NA,NA
32776027,32777954,OCH,NA
32777710,32778512,CHI,N
32787254,32788493,NA,NA
32787293,32788457,CHI,N
32798512,32799241,NA,NA
32798537,32799226,CHI,N
32809960,32810731,NA,NA
32809983,32810702,CHI,N
32812992,32814011,CHI,N
32812992,32814011,NA,NA
32814312,32817511,NA,NA
32814344,32817511,CHI,N
32831011,32831235,NA,NA
32831831,32832746,NA,NA
32831992,32832383,CHI,N
32832975,32834011,CHI,N
32833011,32834012,NA,NA
32836239,32837246,CHI,N
32836242,32837146,NA,NA
32839985,32840280,NA,NA
32840492,32841359,NA,NA
32840672,32841234,CHI,N
32843624,32846493,NA,NA
32843711,32846424,CHI,Y
32848772,32856656,NA,NA
32848870,32849417,CHI,N
32850169,32856511,CHI,N
32857689,32857993,NA,NA
32857709,32857993,CHI,N
32859493,32860494,NA,NA
32859550,32860419,CHI,N
32865318,32871511,NA,NA
32865355,32871438,CHI,Y
32873428,32880028,NA,NA
32873492,32874614,MAL,NA
32874512,32875514,CHI,N
32875492,32876511,FEM,NA
32876992,32879996,MAL,NA
32880992,32882457,NA,NA
32881003,32882302,MAL,NA
32883882,32889721,NA,NA
32883918,32888496,CHI,Y
32886992,32888202,OCH,NA
32888862,32889011,FEM,NA
32889059,32889342,OCH,NA
32890300,32890511,NA,NA
32890389,32890492,CHI,N
32892492,32893992,NA,NA
32892510,32893636,CHI,N
32904590,32909155,CHI,Y
32904595,32910012,NA,NA
32912992,32913962,NA,NA
32913010,32913955,CHI,N
32916967,32918224,NA,NA
32916981,32918235,CHI,N
32918587,32919491,NA,NA
32918592,32919274,CHI,N
32926510,32926755,NA,NA
32926856,32928010,NA,NA
32926991,32929492,CHI,N
32928361,32929492,NA,NA
32929991,32933361,CHI,N
32930000,32934875,NA,NA
32933672,32934755,CHI,N
32935206,32936993,NA,NA
32935231,32936848,CHI,N
32942131,32942339,NA,NA
32945078,32946492,CHI,N
32945100,32946511,NA,NA
32951510,32954478,CHI,Y
32951510,32954492,NA,NA
32955677,32955829,NA,NA
32962756,32963011,NA,NA
32964128,32965380,NA,NA
32966252,32971011,NA,NA
32966271,32967493,CHI,C
32968085,32971011,CHI,N
32977068,32978511,NA,NA
32977400,32978418,CHI,N
32977829,32978384,OCH,NA
32992296,32993685,NA,NA
32992380,32993546,CHI,N
32992584,32993051,OCH,NA
32996943,32998492,NA,NA
32996992,32997529,OCH,NA
32996995,32998011,CHI,Y
32998955,33000511,NA,NA
32999020,33000044,CHI,N
33004493,33004785,CHI,N
33004493,33004832,NA,NA
33008977,33009134,NA,NA
33016066,33016606,OCH,NA
33027060,33027818,NA,NA
33027072,33027723,CHI,N
33039492,33039929,NA,NA
33039497,33039860,CHI,N
33041723,33044357,NA,NA
33041775,33044455,CHI,N
33046604,33047510,CHI,N
33046606,33047511,NA,NA
33052816,33053511,NA,NA
33052825,33053512,CHI,N
33056951,33058343,CHI,N
33056978,33058338,NA,NA
33061993,33063038,NA,NA
33062011,33062944,OCH,NA
33062511,33062957,CHI,N
33066011,33071288,CHI,N
33066011,33072464,NA,NA
33071482,33072265,CHI,N
33072992,33074011,CHI,N
33072992,33074015,NA,NA
33079782,33081620,NA,NA
33079816,33081610,CHI,N
33086102,33107899,NA,NA
33086235,33086510,FEM,NA
33087614,33089313,OCH,NA
33087653,33089362,CHI,Y
33089482,33090528,FEM,NA
33090611,33090925,OCH,NA
33091504,33093953,FEM,NA
33092236,33092511,CHI,N
33093590,33095011,CHI,C
33093635,33095692,OCH,NA
33095721,33098492,MAL,NA
33098011,33098618,FEM,NA
33098770,33102341,CHI,Y
33099244,33099728,OCH,NA
33100046,33100615,MAL,NA
33102022,33102155,OCH,NA
33103078,33104082,CHI,N
33104622,33105010,CHI,N
33105491,33107734,FEM,NA
33108846,33109511,NA,NA
33108932,33109492,CHI,N
33111011,33121992,NA,NA
33111018,33111204,CHI,N
33111707,33118700,CHI,Y
33111847,33112149,MAL,NA
33117992,33119492,FEM,NA
33118986,33121004,CHI,N
33121337,33121492,FEM,NA
33122984,33127004,NA,NA
33122993,33126992,CHI,C
33132490,33133313,NA,NA
33132491,33133320,CHI,N
33136115,33136566,NA,NA
33136147,33136512,CHI,N
33141974,33142666,NA,NA
33141992,33142584,CHI,N
33142154,33142255,OCH,NA
33150099,33151068,NA,NA
33150101,33151038,CHI,N
33154920,33155501,CHI,N
33154927,33155511,NA,NA
33157964,33158717,NA,NA
33157991,33158511,CHI,N
33162740,33166949,NA,NA
33162851,33166511,CHI,N
33167927,33169154,CHI,N
33167927,33169491,NA,NA
33171211,33172011,NA,NA
33171378,33171959,CHI,N
33178680,33179951,NA,NA
33179326,33179814,CHI,N
33179352,33179504,OCH,NA
33181993,33187393,FEM,NA
33181993,33187493,NA,NA
33188292,33190680,NA,NA
33188398,33189475,CHI,N
33189387,33190651,FEM,NA
33194013,33194168,NA,NA
33194492,33196492,NA,NA
33194524,33196323,FEM,NA
33201352,33204514,NA,NA
33201370,33204492,CHI,Y
33205066,33207611,NA,NA
33205096,33206566,CHI,N
33208630,33210721,NA,NA
33208706,33210429,CHI,N
33213011,33214754,NA,NA
33213272,33213512,CHI,C
33213675,33214105,MAL,NA
33216163,33217493,NA,NA
33216164,33217220,CHI,Y
33217764,33221137,NA,NA
33217931,33220042,CHI,N
33220493,33221062,FEM,NA
33222493,33223011,FEM,NA
33222493,33223011,NA,NA
33228492,33229493,NA,NA
33228512,33229238,CHI,C
33229987,33230704,NA,NA
33230019,33230600,CHI,N
33231936,33236151,CHI,N
33231959,33236389,NA,NA
33237010,33240034,NA,NA
33238492,33239024,FEM,NA
33239157,33239655,CHI,N
33240198,33246735,NA,NA
33240389,33241493,CHI,C
33241543,33244361,FEM,NA
33244412,33246413,NA,J
33247193,33248084,NA,NA
33247314,33247493,FEM,NA
33250083,33253347,NA,NA
33250289,33253011,CHI,Y
33253166,33253274,NA,J
33254012,33256099,NA,NA
33254157,33255735,FEM,NA
33258492,33260404,NA,NA
33258759,33259829,FEM,NA
33259037,33259731,CHI,C
33260897,33262512,NA,NA
33261011,33262511,FEM,NA
33264248,33265514,FEM,NA
33264250,33265630,NA,NA
33267610,33268923,NA,NA
33267620,33268654,CHI,N
33269491,33279992,NA,NA
33269513,33270655,CHI,N
33270715,33273106,FEM,NA
33272809,33274557,MAL,NA
33273992,33275781,FEM,NA
33274884,33275362,MAL,NA
33276042,33276290,FEM,NA
33276538,33276990,MAL,NA
33276992,33278804,FEM,NA
33279167,33279299,OCH,NA
33281297,33282993,NA,NA
33281493,33282511,FEM,NA
33281992,33282336,MAL,NA
33297667,33298561,NA,NA
33297809,33298511,CHI,N
33300275,33301011,NA,NA
33300492,33300608,OCH,NA
33301992,33303580,NA,NA
33303012,33303432,FEM,NA
33312806,33314008,CHI,N
33312857,33313627,NA,NA
33314824,33315594,NA,NA
33314905,33315594,CHI,N
33316993,33317320,NA,NA
33316993,33317342,CHI,N
33320757,33321781,NA,NA
33320776,33321706,CHI,N
33331961,33335012,NA,NA
33332011,33332978,CHI,N
33333245,33333444,FEM,NA
33334323,33334561,CHI,N
33338638,33339180,NA,NA
33338642,33339111,CHI,N
33339995,33340493,NA,NA
33340067,33340492,FEM,NA
33347487,33350771,MAL,NA
33347992,33350019,NA,NA
33353542,33354458,NA,NA
33353797,33354032,CHI,N
33359489,33360491,NA,NA
33359492,33360491,CHI,N
33366263,33366575,NA,NA
33366269,33366598,CHI,N
33385147,33386011,CHI,N
33385159,33385993,NA,NA
33387128,33387992,NA,NA
33387144,33387512,CHI,N
33392512,33393494,NA,NA
33392512,33393511,CHI,N
33397988,33398741,NA,NA
33397993,33398695,CHI,N
33423692,33425719,NA,NA
33423702,33425626,CHI,N
33429993,33430992,CHI,N
33429993,33430992,NA,NA
33436511,33437510,NA,NA
33437082,33437369,CHI,N
33443722,33445011,NA,NA
33443771,33445011,CHI,N
33458493,33458992,NA,NA
33458503,33458913,CHI,N
33460444,33462776,NA,NA
33460472,33462737,CHI,Y
33465353,33466511,CHI,N
33465354,33466515,NA,NA
33486013,33486237,OCH,NA
33486090,33486196,NA,NA
33487493,33488011,OCH,NA
33487493,33488040,NA,NA
33493492,33495662,NA,NA
33493510,33495064,MAL,NA
33493649,33493880,OCH,NA
33494992,33495598,CHI,N
33504011,33504408,NA,NA
33504049,33504388,CHI,N
33506455,33507010,CHI,N
33506477,33507010,NA,NA
33549309,33549702,NA,NA
33580492,33582510,MAL,NA
33580992,33582011,NA,NA
33603766,33605086,NA,NA
33604176,33605011,OCH,NA
33610903,33612012,NA,NA
33610911,33612011,FEM,NA
33623584,33624649,MAL,NA
33624099,33624303,NA,NA
33628492,33632859,MAL,NA
33628510,33630408,NA,NA
33630992,33633527,NA,NA
33632535,33633387,CHI,N
33632992,33633888,MAL,NA
33649509,33650010,NA,NA
33649513,33650011,CHI,Y
33674289,33676493,NA,NA
33675711,33676011,CHI,N
33678443,33680191,NA,NA
33678485,33680145,CHI,N
33684512,33685447,NA,NA
33684512,33685511,CHI,N
33690011,33690605,NA,NA
33690122,33690603,CHI,N
33693190,33698492,NA,NA
33693398,33698493,CHI,N
33701992,33705996,NA,NA
33701992,33705998,CHI,Y
33706726,33706885,NA,NA
33714856,33715011,NA,NA
33719250,33730939,CHI,Y
33719266,33730908,NA,NA
33733724,33734823,CHI,N
33733746,33734840,NA,NA
33735368,33736249,NA,NA
33735461,33736106,CHI,N
33740925,33747511,CHI,C
33740970,33748262,NA,NA
33747524,33748489,MAL,NA
33751492,33752626,CHI,N
33751492,33754531,NA,NA
33752060,33752571,OCH,NA
33753480,33754460,CHI,N
33753605,33754454,OCH,NA
33756802,33767209,NA,NA
33756848,33759472,CHI,N
33759727,33761511,FEM,NA
33760272,33767196,CHI,Y
33764513,33765487,OCH,NA
33771492,33774432,NA,NA
33771990,33774271,CHI,C
33774938,33781011,NA,NA
33774992,33781011,CHI,C
33782511,33786121,CHI,N
33782511,33786401,NA,NA
33872511,33872978,MAL,NA
33872683,33873269,NA,NA
33873491,33876491,NA,NA
33873852,33875435,CHI,N
33875351,33876409,MAL,NA
33877248,33879653,NA,NA
33877435,33879511,CHI,N
33883777,33886226,CHI,N
33883986,33889403,NA,NA
33886492,33887143,FEM,NA
33887445,33889193,CHI,N
33891586,33893491,NA,NA
33891644,33893173,CHI,N
33894757,33901890,CHI,N
33894788,33901992,NA,NA
33902511,33908589,CHI,C
33902511,33908707,NA,NA
33910611,33914011,CHI,C
33910640,33914012,NA,NA
33924012,33924238,NA,NA
33927908,33937491,NA,NA
33927992,33928299,CHI,N
33928095,33929668,MAL,NA
33929012,33933386,CHI,Y
33933379,33934493,FEM,NA
33935164,33937331,CHI,N
33938133,33943017,NA,NA
33938492,33941705,FEM,NA
33943744,33944748,NA,NA
33944101,33944511,OCH,NA
33945011,33945160,NA,NA
33945477,33948012,NA,NA
33945510,33948011,FEM,NA
33967990,33977513,NA,NA
33967991,33969992,FEM,NA
33970099,33972489,MAL,NA
33973012,33977317,FEM,NA
33974583,33974797,MAL,NA
33975042,33975187,MAL,NA
33977492,33978991,MAL,NA
33977929,33983634,NA,NA
33979355,33981491,FEM,NA
33980511,33982303,MAL,NA
33982970,33983586,OCH,NA
33987992,33989492,NA,NA
33988101,33988511,FEM,NA
33988773,33989011,OCH,NA
33993010,33993707,NA,NA
33993203,33993436,FEM,NA
33994379,33995577,NA,NA
33994487,33995636,FEM,NA
34020331,34024513,NA,NA
34020493,34022938,FEM,NA
34054643,34056120,NA,NA
34054992,34055527,FEM,NA
34056907,34057511,NA,NA
34056992,34057348,OCH,NA
34059992,34060502,FEM,NA
34060012,34060510,NA,NA
34065441,34065816,NA,NA
34117131,34118142,NA,NA
34117492,34118012,FEM,NA
34119993,34121559,OCH,NA
34120511,34121586,NA,NA
34122011,34123380,NA,NA
34122224,34123012,OCH,NA
34125511,34130492,NA,NA
34125992,34127992,FEM,NA
34128511,34130011,FEM,NA
34130148,34130491,FEM,NA
34134510,34134854,NA,NA
34134991,34136456,NA,NA
34135628,34136011,OCH,NA
34143992,34146010,FEM,NA
34143992,34146876,NA,NA
34147165,34148728,NA,NA
34153993,34154449,OCH,NA
34158491,34158850,NA,NA
34160797,34161453,OCH,NA
34160800,34162072,NA,NA
34162621,34164835,NA,NA
34162810,34164175,OCH,NA
34169511,34169685,OCH,NA
34169992,34170878,OCH,NA
34171198,34171696,OCH,NA
34171511,34171683,NA,NA
34171971,34174511,NA,NA
34172909,34173510,FEM,NA
34173011,34173213,OCH,NA
34173492,34175146,OCH,NA
34180993,34183322,NA,NA
34186271,34186848,OCH,NA
34186492,34186722,NA,NA
34199839,34202294,OCH,NA
34200011,34201164,NA,NA
34217864,34218510,OCH,NA
34220991,34221337,OCH,NA
34221493,34223651,OCH,NA
34222011,34223666,NA,NA
34237735,34238884,NA,NA
34239090,34239218,NA,NA
34239512,34241626,NA,NA
34239827,34241511,OCH,NA
34245010,34246797,NA,NA
34245244,34245593,OCH,NA
34245750,34246511,OCH,NA
34245965,34246142,CHI,N
34247878,34248492,NA,NA
34247895,34248356,OCH,NA
34270331,34270736,OCH,NA
34270493,34270694,NA,NA
34271282,34272057,NA,NA
34272521,34273493,NA,NA
34281492,34281991,OCH,NA
34282570,34283235,NA,NA
34306511,34306629,NA,NA
34306740,34306963,NA,NA
34308976,34309990,OCH,NA
34309344,34309501,NA,NA
34323865,34323992,NA,NA
34328691,34330510,NA,NA
34328915,34329846,CHI,N
34329012,34329123,OCH,NA
34329563,34330010,OCH,NA
34405504,34407779,MAL,NA
34405992,34407145,NA,NA
34409391,34410452,NA,NA
34409428,34410830,MAL,NA
34415751,34417012,NA,NA
34415780,34416993,CHI,N
34439865,34443255,NA,NA
34439992,34443011,CHI,N
34449187,34451040,NA,NA
34449226,34451011,CHI,N
34453402,34454992,NA,NA
34453473,34454815,CHI,N
34471364,34472032,NA,NA
34471472,34471912,CHI,N
34472532,34476744,NA,NA
34472559,34473676,CHI,N
34473639,34475138,MAL,NA
34475436,34476678,CHI,N
34477459,34478117,MAL,NA
34479788,34480151,NA,NA
34479790,34480073,CHI,N
34480556,34480726,NA,NA
34481931,34483011,CHI,N
34481940,34483000,NA,NA
34487613,34488134,CHI,N
34487638,34488139,NA,NA
34491992,34493492,CHI,N
34491992,34494005,NA,NA
34498349,34502011,NA,NA
34498447,34500389,CHI,N
34500992,34501627,CHI,N
34501096,34501302,OCH,NA
34508891,34510476,FEM,NA
34508948,34510511,NA,NA
34512411,34514723,MAL,NA
34512991,34513882,NA,NA
34515455,34517991,NA,NA
34515612,34515723,FEM,NA
34515885,34517407,FEM,NA
34519213,34519318,OCH,NA
34520999,34521542,NA,NA
34521041,34521512,FEM,NA
34528673,34529510,CHI,N
34528677,34529511,NA,NA
34531505,34532011,NA,NA
34531512,34532010,CHI,N
34536232,34540512,NA,NA
34536287,34539492,CHI,C
34539677,34540011,CHI,N
34558448,34559012,CHI,N
34558463,34559018,NA,NA
34571492,34572012,NA,NA
34579573,34579716,NA,NA
34591011,34592044,FEM,NA
34591011,34592059,NA,NA
34595007,34595361,NA,NA
34610072,34610863,NA,NA
34610399,34610812,CHI,N
34619187,34619293,NA,NA
34619813,34624288,NA,NA
34620139,34620318,CHI,N
34620603,34620748,CHI,N
34620980,34624213,CHI,C
34626012,34628913,FEM,NA
34626012,34630111,NA,NA
34628783,34630011,CHI,N
34632011,34634011,FEM,NA
34632011,34634011,NA,NA
34639491,34641126,FEM,NA
34639491,34641168,NA,NA
34647492,34649492,NA,NA
34647497,34649085,OCH,NA
34647991,34648976,CHI,N
34649611,34650723,NA,NA
34649729,34650723,FEM,NA
34652944,34655511,NA,NA
34652963,34655493,FEM,NA
34659269,34660992,NA,NA
34659441,34660501,FEM,NA
34659914,34660780,CHI,C
34661993,34663012,NA,NA
34662122,34662991,FEM,NA
34662310,34662511,MAL,NA
34666736,34667511,OCH,NA
34667801,34667916,OCH,NA
34669593,34670992,NA,NA
34669640,34670899,FEM,NA
34671512,34676492,NA,NA
34671699,34672112,FEM,NA
34672492,34676269,FEM,NA
34678493,34679991,FEM,NA
34678493,34680012,NA,NA
34682884,34684269,NA,NA
34682953,34683949,FEM,NA
34685511,34688511,NA,NA
34685538,34687853,CHI,Y
34686492,34688512,OCH,NA
34692064,34692547,NA,NA
34692192,34692492,CHI,N
34693257,34700117,NA,NA
34693375,34693788,OCH,NA
34693989,34694413,OCH,NA
34694511,34697061,CHI,N
34694678,34694931,OCH,NA
34697238,34698288,FEM,NA
34698551,34700077,FEM,NA
34702493,34703492,NA,NA
34702523,34703146,OCH,NA
34705992,34706302,NA,NA
34706423,34715011,NA,NA
34706492,34707364,CHI,N
34706807,34707266,OCH,NA
34707933,34709511,OCH,NA
34708568,34709022,CHI,N
34709853,34715535,MAL,NA
34715679,34715792,MAL,NA
34716835,34723887,MAL,NA
34717164,34718813,NA,NA
34719096,34721539,NA,NA
34721669,34724273,NA,NA
34723898,34724060,CHI,N
34724492,34725687,NA,NA
34724511,34725632,CHI,N
34726285,34726493,NA,NA
34728991,34730891,NA,NA
34729493,34730691,CHI,N
34733490,34733846,MAL,NA
34733510,34736011,NA,NA
34734012,34735993,FEM,NA
34742711,34744046,NA,NA
34742993,34744012,CHI,N
34747183,34749412,FEM,NA
34747194,34751067,NA,NA
34748585,34752011,MAL,NA
34753467,34755973,NA,NA
34753475,34754592,MAL,NA
34754493,34755937,CHI,N
34758992,34761012,CHI,N
34759010,34761011,NA,NA
34763992,34765030,CHI,C
34763992,34765092,NA,NA
34766408,34771283,NA,NA
34766493,34768758,CHI,N
34768568,34770495,MAL,NA
34770511,34771012,CHI,N
34773035,34773511,CHI,N
34773047,34773493,NA,NA
34775858,34778492,NA,NA
34775985,34777511,CHI,Y
34777011,34777389,OCH,NA
34780057,34785573,MAL,NA
34780717,34784991,NA,NA
34786388,34786616,NA,NA
34786824,34787011,NA,NA
34787104,34787522,MAL,NA
34787350,34787607,NA,NA
34792146,34801491,NA,NA
34792225,34801469,CHI,N
34797992,34798402,OCH,NA
34802462,34809506,NA,NA
34802489,34805408,CHI,N
34805059,34805643,MAL,NA
34805924,34807051,CHI,N
34805951,34806744,OCH,NA
34807917,34808930,MAL,NA
34808891,34809350,FEM,NA
34811512,34817501,CHI,Y
34811571,34813292,NA,NA
34813790,34817992,NA,NA
34819511,34826011,NA,NA
34819673,34820247,MAL,NA
34820435,34821598,CHI,N
34820928,34823539,FEM,NA
34822513,34825512,MAL,NA
34825523,34825979,CHI,N
34828010,34830511,NA,NA
34828162,34830511,CHI,N
34832594,34840702,NA,NA
34832648,34840535,CHI,C
34840859,34853492,NA,NA
34841959,34843992,CHI,N
34844011,34844959,MAL,NA
34844992,34849992,CHI,N
34846384,34846553,OCH,NA
34846755,34846920,OCH,NA
34850469,34853395,FEM,NA
34854207,34854737,NA,NA
34854256,34854492,CHI,N
34856011,34858293,NA,NA
34856163,34856971,CHI,C
34856350,34858043,FEM,NA
34860299,34862493,NA,NA
34860993,34861589,OCH,NA
34861023,34861654,CHI,N
34861571,34862138,MAL,NA
34863455,34865978,NA,NA
34863510,34864011,CHI,N
34864199,34864992,CHI,C
34865458,34865838,MAL,NA
34866511,34869280,NA,NA
34867493,34867937,MAL,NA
34868786,34869199,OCH,NA
34871070,34871279,NA,NA
34871487,34878097,NA,NA
34871492,34874168,FEM,NA
34873511,34874254,MAL,NA
34874493,34877203,OCH,NA
34877512,34877973,OCH,NA
34878214,34878369,NA,NA
34881254,34881492,NA,NA
34887117,34888511,MAL,NA
34887394,34893012,NA,NA
34889003,34889771,FEM,NA
34890510,34893374,MAL,NA
34896535,34898012,MAL,NA
34897287,34897486,NA,NA
34901358,34901512,NA,NA
34904029,34905457,NA,NA
34904491,34905149,OCH,NA
34904512,34905011,CHI,N
34909802,34910182,MAL,NA
34917991,34925627,NA,NA
34918199,34925511,CHI,N
34929974,34935244,NA,NA
34929983,34933495,CHI,Y
34933989,34935012,CHI,N
34937992,34940511,NA,NA
34938084,34940511,CHI,N
34942492,34942605,OCH,NA
34942492,34942737,NA,NA
34943230,34943493,NA,NA
34943360,34943492,OCH,NA
34945012,34947022,MAL,NA
34945493,34946323,NA,NA
34947622,34948010,NA,NA
34947752,34948010,CHI,N
34950511,34951984,MAL,NA
34951325,34952608,NA,NA
34952229,34952572,CHI,N
34955121,34956510,NA,NA
34955192,34956010,CHI,N
34956652,34961239,NA,NA
34956811,34961492,MAL,NA
34962447,34963971,NA,NA
34962511,34964011,MAL,NA
34964904,34966511,NA,NA
34964911,34966509,MAL,NA
34969992,34971192,CHI,N
34969992,34975512,NA,NA
34971200,34975491,MAL,NA
34977472,34985861,NA,NA
34977493,34978011,FEM,NA
34978466,34981991,MAL,NA
34981492,34983132,FEM,NA
34983719,34985216,FEM,NA
34984136,34984511,CHI,C
34986781,34987475,NA,NA
34989317,35008779,NA,NA
34989511,34990010,OCH,NA
34989580,34989892,CHI,N
34991011,34991894,FEM,NA
34992093,34993991,FEM,NA
34993961,34999493,MAL,NA
34999511,35002992,FEM,NA
35002511,35005626,MAL,NA
35005247,35008462,FEM,NA
35009012,35009122,NA,NA
35009483,35011606,NA,NA
35009508,35011511,FEM,NA
35011722,35011874,NA,NA
35014277,35018632,NA,NA
35014493,35015047,CHI,N
35014781,35016075,MAL,NA
35017522,35020495,MAL,NA
35019309,35020046,NA,NA
35020380,35020486,NA,NA
35021012,35021162,NA,NA
35021012,35021171,MAL,NA
35021457,35024810,NA,NA
35021992,35022849,FEM,NA
35022871,35025011,MAL,NA
35027701,35027922,NA,NA
35038386,35041781,NA,NA
35038492,35040510,CHI,Y
35038511,35039996,OCH,NA
35040862,35041493,CHI,N
35051992,35055510,NA,NA
35052073,35054211,CHI,N
35052259,35052991,OCH,NA
35053715,35053992,OCH,NA
35054674,35054863,CHI,N
35054881,35054982,OCH,NA
35070011,35070381,NA,NA
35074946,35075992,MAL,NA
35075492,35075858,NA,NA
35077642,35077772,MAL,NA
35077992,35078809,MAL,NA
35083493,35086618,NA,NA
35083992,35084512,OCH,NA
35085513,35085898,FEM,NA
35087011,35089510,MAL,NA
35087059,35089492,NA,NA
35093512,35093792,NA,NA
35093618,35093800,FEM,NA
35093993,35094168,NA,NA
35093993,35094275,FEM,NA
35103844,35105010,MAL,NA
35104011,35105010,NA,NA
35106801,35107407,NA,NA
35106885,35107337,CHI,N
35109492,35110639,NA,NA
35109539,35110396,OCH,NA
35109541,35110010,CHI,N
35114492,35115663,NA,NA
35117511,35119492,MAL,NA
35117992,35119037,NA,NA
35124688,35130247,MAL,NA
35124992,35130316,NA,NA
35131273,35133315,NA,NA
35131492,35131988,OCH,NA
35132069,35132201,FEM,NA
35134012,35137385,MAL,NA
35134511,35136988,NA,NA
35138985,35141920,NA,NA
35139493,35141720,FEM,NA
35152993,35154490,MAL,NA
35153281,35155898,NA,NA
35154142,35156012,OCH,NA
35164598,35165514,NA,NA
35164648,35165510,OCH,NA
35164878,35165467,CHI,N
35171852,35173992,NA,NA
35171867,35172804,CHI,N
35172363,35174491,MAL,NA
35175511,35175810,NA,NA
35176012,35178002,NA,NA
35176218,35177813,CHI,C
35179262,35179669,NA,NA
35223024,35223166,MAL,NA
35223316,35223557,MAL,NA
35223491,35226051,NA,NA
35223992,35225442,CHI,C
35224492,35225373,MAL,NA
35229735,35229992,NA,NA
35242493,35242615,OCH,NA
35242493,35245436,NA,NA
35243557,35245332,FEM,NA
35284643,35285013,NA,NA
35284874,35285269,OCH,NA
35325992,35327116,NA,NA
35325995,35327011,CHI,N
35327809,35335571,NA,NA
35327878,35328492,CHI,N
35329492,35332970,CHI,N
35333317,35333455,MAL,NA
35333898,35335363,CHI,N
35335916,35337511,NA,NA
35336314,35337492,CHI,Y
35346011,35346156,NA,NA
35368323,35369511,NA,NA
35368491,35369011,FEM,NA
35372661,35374502,NA,NA
35372999,35374011,OCH,NA
35373419,35374335,CHI,Y
35412992,35416873,CHI,N
35412992,35419460,NA,NA
35417672,35419493,OCH,NA
35445465,35446511,OCH,NA
35445492,35446511,NA,NA
35455492,35456511,OCH,NA
35462035,35462310,OCH,NA
35488511,35488746,OCH,NA
35533991,35534934,OCH,NA
35536992,35541611,CHI,C
35536992,35541661,NA,NA
35547047,35548392,NA,NA
35547314,35547992,CHI,N
35548829,35557194,NA,NA
35549992,35550957,CHI,N
35550979,35551178,FEM,NA
35551992,35557095,CHI,Y
35558101,35558258,NA,NA
35559798,35562027,NA,NA
35559825,35561992,CHI,C
35563442,35587082,NA,NA
35563492,35566280,CHI,Y
35564992,35566153,OCH,NA
35566992,35568511,CHI,N
35568637,35579010,CHI,N
35568840,35569377,OCH,NA
35578570,35579328,MAL,NA
35580035,35586768,CHI,Y
35581532,35581647,OCH,NA
35588012,35596512,NA,NA
35588391,35589895,MAL,NA
35588481,35596358,CHI,N
35598511,35606101,NA,NA
35598992,35605924,CHI,N
35606890,35607992,NA,NA
35606993,35607511,CHI,N
35611372,35611512,OCH,NA
35613132,35613459,NA,NA
35615992,35616512,OCH,NA
35623096,35623850,NA,NA
35623368,35623960,OCH,NA
35628510,35630147,NA,NA
35628512,35628677,CHI,N
35628871,35630116,CHI,N
35630945,35631801,NA,NA
35631011,35631286,OCH,NA
35632011,35636159,NA,NA
35632700,35633468,FEM,NA
35633010,35636010,CHI,Y
35634236,35634837,OCH,NA
35635316,35635993,OCH,NA
35636890,35639426,NA,NA
35636944,35638736,CHI,N
35639065,35639397,OCH,NA
35641004,35642992,NA,NA
35641014,35642992,CHI,N
35646991,35652492,CHI,N
35646991,35652511,NA,NA
35656467,35663413,CHI,C
35656468,35663491,NA,NA
35665491,35666801,NA,NA
35665495,35666907,OCH,NA
35671949,35672629,MAL,NA
35672815,35673169,NA,NA
35674511,35675908,CHI,C
35674511,35675993,NA,NA
35676384,35677511,OCH,NA
35676511,35677174,NA,NA
35677854,35677994,NA,NA
35682041,35684012,NA,NA
35682382,35683511,OCH,NA
35682606,35683517,CHI,N
35685492,35687792,NA,NA
35685993,35687492,CHI,C
35687145,35687260,OCH,NA
35709085,35710853,OCH,NA
35709275,35710428,NA,NA
35712011,35714736,NA,NA
35712993,35714497,OCH,NA
35714837,35714955,NA,NA
35715676,35716687,NA,NA
35717301,35718481,NA,NA
35717315,35718496,OCH,NA
35732011,35732482,OCH,NA
35732300,35732455,NA,NA
35736491,35737082,OCH,NA
35749510,35750489,OCH,NA
35749639,35750493,NA,NA
35754011,35754207,OCH,NA
35754527,35754667,OCH,NA
35755091,35755493,OCH,NA
35762992,35764352,OCH,NA
35763491,35764492,NA,NA
35769011,35772011,OCH,NA
35826239,35827511,OCH,NA
35826477,35828013,NA,NA
35828165,35828268,NA,NA
35841012,35842511,NA,NA
35841196,35842492,CHI,N
35860467,35861512,CHI,N
35860469,35861512,NA,NA
35862333,35863108,NA,NA
35862379,35862492,CHI,N
35863288,35863404,NA,NA
35863511,35870511,NA,NA
35863992,35866010,OCH,NA
35864011,35866011,CHI,N
35866640,35870315,CHI,C
35875811,35878847,CHI,N
35875832,35879253,NA,NA
35880011,35895251,CHI,Y
35880011,35895273,NA,NA
35882798,35883635,OCH,NA
35886993,35887511,OCH,NA
35895812,35897871,NA,NA
35895835,35897593,CHI,N
35900305,35902011,OCH,NA
35900493,35901895,NA,NA
35904954,35917094,NA,NA
35904966,35909588,CHI,N
35909870,35917012,CHI,N
35917663,35925512,CHI,C
35917717,35925692,NA,NA
35927493,35928843,NA,NA
35927501,35928692,CHI,N
35937493,35939992,NA,NA
35937511,35939992,CHI,N
35951413,35952280,NA,NA
35951437,35952257,CHI,N
35955510,35957390,NA,NA
35955514,35957316,CHI,N
35963502,35965510,MAL,NA
35964010,35964511,NA,NA
35966992,35968722,NA,NA
35966992,35968764,CHI,N
35986012,35987391,NA,NA
35986493,35987011,FEM,NA
35990006,35990376,NA,NA
36007558,36016431,CHI,N
36007585,36018157,NA,NA
36011512,36011790,OCH,NA
36016616,36016938,OCH,NA
36017381,36017516,OCH,NA
36017512,36017698,CHI,N
36018498,36020992,NA,NA
36018511,36020894,CHI,C
36022622,36025656,NA,NA
36022688,36022826,OCH,NA
36023056,36025557,CHI,N
36035990,36036992,NA,NA
36035992,36036993,CHI,N
36039185,36039585,NA,NA
36039333,36039510,CHI,N
36042108,36043404,NA,NA
36042160,36042617,CHI,N
36051556,36052655,NA,NA
36051630,36052492,FEM,NA
36052857,36053124,NA,NA
36053512,36056960,NA,NA
36053522,36054511,CHI,N
36054944,36055511,CHI,N
36056018,36056924,FEM,NA
36058431,36059111,NA,NA
36062153,36063491,OCH,NA
36062363,36064477,NA,NA
36063492,36064295,FEM,NA
36068993,36071011,FEM,NA
36068993,36071011,NA,NA
36074344,36077493,NA,NA
36074492,36075113,CHI,N
36075512,36075618,CHI,N
36076307,36077399,CHI,N
36103229,36104493,NA,NA
36103305,36104422,CHI,N
36106493,36107674,CHI,N
36106493,36107674,NA,NA
36110369,36111532,OCH,NA
36110369,36111687,NA,NA
36111990,36113153,NA,NA
36112174,36113107,CHI,N
36116353,36118196,NA,NA
36116493,36117428,CHI,N
36117728,36117993,CHI,N
36118664,36119288,NA,NA
36120111,36120992,NA,NA
36120149,36120976,CHI,N
36124169,36125511,CHI,N
36124226,36125510,NA,NA
36128492,36129034,OCH,NA
36128511,36129173,NA,NA
36129491,36130689,OCH,NA
36129491,36132991,NA,NA
36130992,36132511,CHI,N
36131047,36132721,OCH,NA
36142841,36147951,NA,NA
36142907,36146992,CHI,C
36149296,36151782,NA,NA
36150992,36151512,CHI,N
36163010,36164011,NA,NA
36163209,36163928,CHI,N
36166011,36167012,NA,NA
36166630,36166811,CHI,N
36178812,36188011,NA,NA
36179011,36180587,OCH,NA
36181510,36183010,CHI,N
36183512,36186511,OCH,NA
36184757,36186688,CHI,N
36192012,36193308,NA,NA
36192130,36193164,CHI,N
36195996,36196317,OCH,NA
36204492,36206011,NA,NA
36204511,36206011,FEM,NA
36212653,36213498,NA,NA
36215994,36217010,NA,NA
36216104,36216543,CHI,N
36216155,36216992,OCH,NA
36219499,36221541,NA,NA
36219511,36221511,CHI,N
36223991,36225491,NA,NA
36224261,36225159,CHI,N
36227999,36229010,NA,NA
36228011,36229012,CHI,N
36230787,36231897,OCH,NA
36231055,36231803,NA,NA
36238050,36238511,NA,NA
36238107,36238505,CHI,N
36244992,36246226,NA,NA
36245078,36245991,CHI,N
36248011,36249511,NA,NA
36248472,36249511,FEM,NA
36254010,36256975,NA,NA
36254564,36254993,FEM,NA
36255219,36256512,FEM,NA
36269198,36270011,NA,NA
36269243,36269726,OCH,NA
36285369,36286584,NA,NA
36285383,36286266,CHI,N
36289959,36291010,MAL,NA
36290012,36290947,NA,NA
36302992,36305012,CHI,N
36302992,36305066,NA,NA
36343991,36344978,NA,NA
36344094,36344899,OCH,NA
36352603,36353511,CHI,N
36352630,36353511,NA,NA
36362591,36365920,NA,NA
36362623,36364511,FEM,NA
36365180,36365825,CHI,N
36370301,36371864,CHI,C
36370311,36371992,NA,NA
36377370,36378590,NA,NA
36377854,36378510,CHI,N
36386923,36388514,NA,NA
36386992,36387287,CHI,N
36387492,36388511,CHI,N
36409510,36410026,NA,NA
36409546,36410012,CHI,N
36439011,36440012,NA,NA
36483311,36484821,NA,NA
36483512,36484012,CHI,N
36498511,36500011,OCH,NA
36498511,36500328,NA,NA
36520811,36521209,NA,NA
36521992,36523011,CHI,N
36521992,36523113,NA,NA
36525740,36527748,NA,NA
36525823,36527701,CHI,N
36531992,36533062,NA,NA
36532011,36533078,CHI,N
36535992,36536389,OCH,NA
36542124,36542364,NA,NA
36542510,36543961,NA,NA
36542753,36543511,CHI,N
36542991,36543708,OCH,NA
36545224,36548748,NA,NA
36545474,36546463,CHI,N
36546992,36548384,FEM,NA
36554185,36554511,NA,NA
36571510,36573017,NA,NA
36571569,36572011,FEM,NA
36571649,36571755,OCH,NA
36571993,36573088,OCH,NA
36575511,36576338,OCH,NA
36578723,36579199,NA,NA
36578758,36579011,FEM,NA
36581095,36582723,CHI,N
36581166,36582916,NA,NA
36584875,36597071,NA,NA
36584966,36596993,CHI,N
36596492,36596966,OCH,NA
36598377,36598944,NA,NA
36598534,36598806,OCH,NA
36600645,36603612,NA,NA
36600665,36602012,FEM,NA
36602835,36603515,CHI,N
36609928,36613662,CHI,N
36609940,36619942,NA,NA
36614113,36619316,CHI,N
36614212,36614323,OCH,NA
36620697,36621310,NA,NA
36620753,36621310,CHI,N
36621491,36623877,NA,NA
36621492,36623011,CHI,N
36623333,36623492,CHI,N
36624221,36627007,NA,NA
36624511,36626492,FEM,NA
36626011,36626171,OCH,NA
36626658,36627092,OCH,NA
36634989,36636012,CHI,N
36634992,36636011,NA,NA
36638146,36638305,NA,NA
36638951,36640011,NA,NA
36639010,36639992,CHI,N
36639042,36639302,OCH,NA
36642491,36643812,NA,NA
36642515,36643769,CHI,N
36646082,36648883,CHI,Y
36646099,36664024,NA,NA
36648511,36658025,FEM,NA
36659010,36660994,FEM,NA
36661952,36664011,FEM,NA
36664999,36666477,OCH,NA
36672063,36674512,CHI,N
36672065,36674512,NA,NA
36680322,36683493,NA,NA
36680410,36683358,CHI,N
36683823,36684012,NA,NA
36683849,36684011,CHI,N
36684542,36685511,CHI,N
36684598,36685590,NA,NA
36689510,36693553,NA,NA
36689539,36693542,CHI,C
36695492,36697510,CHI,N
36695492,36697829,NA,NA
36701014,36703172,NA,NA
36701411,36702771,FEM,NA
36701608,36701822,MAL,NA
36703511,36704713,NA,NA
36703783,36704623,CHI,N
36706561,36706789,NA,NA
36706925,36710022,NA,NA
36706993,36710012,FEM,NA
36716873,36723512,NA,NA
36716915,36719011,CHI,Y
36719382,36720511,CHI,N
36720581,36723495,FEM,NA
36731510,36731772,CHI,N
36731510,36732011,NA,NA
36741492,36742506,CHI,N
36741492,36744266,NA,NA
36742769,36744257,CHI,C
36745512,36752222,NA,NA
36745714,36749261,FEM,NA
36748492,36749312,CHI,C
36749634,36752101,FEM,NA
36754965,36756004,NA,NA
36754992,36755540,FEM,NA
36755277,36755576,CHI,N
36756345,36757351,NA,NA
36756477,36757049,CHI,N
36756511,36757010,FEM,NA
36758021,36759462,NA,NA
36758035,36759350,FEM,NA
36760465,36762011,NA,NA
36760475,36762011,FEM,NA
36817990,36818592,CHI,N
36817991,36818766,NA,NA
36823592,36824510,NA,NA
36823904,36824218,OCH,NA
36837140,36838104,FEM,NA
36837190,36838186,NA,NA
36838511,36839566,NA,NA
36838658,36839510,FEM,NA
36857427,36858254,NA,NA
36857492,36858186,OCH,NA
36858981,36860601,OCH,NA
36859097,36860661,NA,NA
36864263,36865493,FEM,NA
36864278,36865493,NA,NA
36877992,36878659,CHI,N
36878009,36878735,NA,NA
36880456,36881933,NA,NA
36880461,36881919,CHI,N
36884476,36893651,NA,NA
36884492,36890997,CHI,N
36891199,36892336,CHI,N
36892395,36893507,FEM,NA
36894459,36896011,NA,NA
36894629,36896011,CHI,N
36910647,36911712,NA,NA
36910801,36911275,CHI,N
36915200,36917765,OCH,NA
36915492,36915992,NA,NA
36916506,36917183,NA,NA
36922492,36925992,OCH,NA
36924751,36925247,NA,NA
36926484,36927010,NA,NA
36930011,36930138,OCH,NA
36931219,36931950,OCH,NA
36932890,36933052,OCH,NA
36933297,36934490,OCH,NA
36933695,36933992,NA,NA
36965249,36966013,NA,NA
36965290,36966011,CHI,N
36975012,36976006,NA,NA
37004649,37005010,MAL,NA
37005010,37008010,NA,NA
37006293,37008011,FEM,NA
37010750,37012493,FEM,NA
37010993,37012493,NA,NA
37015977,37016460,NA,NA
37016035,37016261,FEM,NA
37106495,37107492,NA,NA
37106616,37107011,OCH,NA
37131757,37135156,NA,NA
37131990,37134653,CHI,N
37133512,37133726,OCH,NA
37133949,37135010,OCH,NA
37137111,37137992,NA,NA
37137143,37137988,CHI,N
37141011,37141158,NA,NA
37141266,37147498,NA,NA
37141489,37143492,FEM,NA
37142992,37143215,MAL,NA
37143780,37147493,CHI,Y
37149919,37151991,CHI,N
37149992,37151992,NA,NA
37152484,37154393,NA,NA
37152689,37152996,CHI,N
37152736,37152878,OCH,NA
37153472,37154258,CHI,N
37153809,37154010,OCH,NA
37158480,37163448,NA,NA
37158482,37163354,CHI,N
37160512,37162512,OCH,NA
37170343,37171727,NA,NA
37170412,37171511,CHI,Y
37171133,37171281,OCH,NA
37172989,37173991,NA,NA
37172993,37173913,CHI,N
37174106,37175545,NA,NA
37174555,37175011,CHI,N
37174596,37174739,OCH,NA
37175043,37175500,OCH,NA
37177316,37179407,CHI,N
37177355,37179493,NA,NA
37184304,37186135,CHI,N
37184307,37186163,NA,NA
37189992,37190510,CHI,N
37189992,37190510,NA,NA
37192993,37194492,CHI,N
37192993,37194492,NA,NA
37196511,37198787,NA,NA
37196545,37197011,OCH,NA
37197492,37198717,CHI,N
37200695,37204011,NA,NA
37201602,37203016,OCH,NA
37202325,37202993,CHI,N
37202917,37203997,FEM,NA
37219022,37219992,CHI,N
37219053,37219993,NA,NA
37231512,37236612,NA,NA
37231522,37233036,OCH,NA
37231831,37235442,CHI,Y
37234510,37236511,OCH,NA
37244384,37246196,NA,NA
37244510,37246145,CHI,N
37248302,37249034,CHI,N
37248348,37249063,NA,NA
37253188,37255512,NA,NA
37253194,37253731,CHI,N
37254080,37255498,CHI,N
37255840,37256993,NA,NA
37273245,37274948,NA,NA
37273255,37274755,CHI,N
37276991,37278540,CHI,N
37276991,37282492,NA,NA
37278829,37282493,CHI,N
37284214,37291307,CHI,N
37284440,37291414,NA,NA
37292032,37293492,CHI,N
37292049,37293510,NA,NA
37294511,37297619,NA,NA
37294992,37297302,CHI,N
37296713,37297354,OCH,NA
37299511,37313350,NA,NA
37299513,37305949,CHI,N
37303991,37304425,OCH,NA
37306626,37307765,FEM,NA
37307797,37313325,CHI,Y
37308492,37308713,OCH,NA
37309106,37309503,OCH,NA
37315731,37321992,CHI,C
37315736,37322250,NA,NA
37322512,37337511,NA,NA
37322762,37324200,OCH,NA
37322998,37328253,CHI,N
37325831,37326511,FEM,NA
37328011,37328144,OCH,NA
37328460,37330429,OCH,NA
37330956,37337444,CHI,N
37333644,37333759,OCH,NA
37334086,37334297,OCH,NA
37338513,37386004,NA,NA
37338573,37339071,CHI,N
37339188,37342501,CHI,N
37343459,37344795,CHI,N
37343673,37343916,MAL,NA
37344011,37344828,OCH,NA
37346057,37362956,CHI,Y
37349492,37351573,OCH,NA
37356555,37356724,OCH,NA
37356992,37358010,OCH,NA
37362074,37363068,OCH,NA
37363992,37365992,CHI,N
37364510,37367991,OCH,NA
37367430,37379992,CHI,Y
37372011,37374125,OCH,NA
37374320,37374936,OCH,NA
37379991,37382873,OCH,NA
37381011,37385992,CHI,N
37388993,37392390,NA,NA
37389011,37392266,CHI,Y
37394492,37395511,CHI,N
37394492,37395511,NA,NA
37399011,37417511,NA,NA
37399013,37405993,CHI,C
37406510,37417492,CHI,Y
37412157,37412493,FEM,NA
37418627,37418993,NA,NA
37418720,37418860,CHI,N
37419992,37420512,NA,NA
37420110,37420491,CHI,N
37423991,37424798,NA,NA
37424006,37424698,CHI,N
37432054,37444096,NA,NA
37432225,37436854,CHI,N
37437074,37438809,OCH,NA
37437147,37439012,CHI,Y
37438477,37439616,FEM,NA
37439378,37440585,CHI,N
37440002,37440603,FEM,NA
37441035,37442044,CHI,N
37441992,37443528,FEM,NA
37443571,37444032,CHI,N
37446011,37447305,CHI,N
37446011,37447307,NA,NA
37448693,37449010,NA,NA
37458511,37459670,NA,NA
37458546,37459604,CHI,N
37463536,37465796,NA,NA
37464491,37465601,FEM,NA
37582950,37583991,NA,NA
37582993,37583828,OCH,NA
37583362,37583492,CHI,N
37588784,37591470,NA,NA
37588992,37590011,OCH,NA
37589108,37589451,NA,J
37590510,37591011,FEM,NA
37597011,37598638,NA,NA
37597043,37598638,FEM,NA
37665511,37665806,OCH,NA
37666048,37666151,OCH,NA
37666277,37667492,OCH,NA
37668335,37669018,NA,NA
37668503,37669011,FEM,NA
37681492,37681991,NA,NA
37683011,37684800,NA,NA
37683510,37684501,FEM,NA
37689050,37689209,OCH,NA
37691511,37692928,FEM,NA
37691511,37693047,NA,NA
37694492,37696011,NA,NA
37694693,37695937,OCH,NA
37694904,37695010,CHI,N
37697511,37698409,NA,NA
37697800,37698141,OCH,NA
37704012,37705011,NA,NA
37704347,37704465,OCH,NA
37722027,37723282,NA,NA
37722505,37723011,FEM,NA
37736511,37737120,OCH,NA
37736864,37737002,NA,NA
37739679,37739780,OCH,NA
37762266,37763162,NA,NA
37764149,37765629,NA,NA
37764281,37765675,CHI,N
37843991,37844376,OCH,NA
37859446,37860995,MAL,NA
37859991,37862554,NA,NA
37860991,37862491,CHI,N
37866781,37867589,NA,NA
37879820,37881585,NA,NA
37880055,37881223,OCH,NA
37903260,37904510,NA,NA
37903375,37904028,CHI,N
37906947,37908511,NA,NA
37906993,37908493,FEM,NA
37909510,37909745,NA,NA
37910012,37912493,NA,NA
37910116,37912011,FEM,NA
37913253,37913440,NA,NA
37914492,37914816,OCH,NA
37914492,37914857,NA,NA
37916512,37920292,NA,NA
37916993,37917157,MAL,NA
37916996,37920249,FEM,NA
37921493,37923380,NA,NA
37921510,37923348,FEM,NA
37929561,37929866,OCH,NA
37930012,37930932,NA,NA
37930273,37930511,OCH,NA
37931208,37931495,NA,NA
37932511,37934789,NA,NA
37933010,37934718,FEM,NA
37937496,37940188,NA,NA
37937992,37938761,FEM,NA
37939042,37940063,FEM,NA
37940484,37942408,NA,NA
37940493,37942142,FEM,NA
37945997,37947011,NA,NA
37946156,37946433,OCH,NA
37959837,37961933,NA,NA
37960993,37961793,FEM,NA
37964003,37966085,NA,NA
37964012,37966072,FEM,NA
37986980,37987898,NA,NA
37986992,37987505,CHI,N
37998602,37999628,NA,NA
38003413,38003556,NA,NA
38008376,38012492,NA,NA
38008492,38010168,FEM,NA
38010479,38012011,CHI,N
38016010,38018081,NA,NA
38016056,38017570,FEM,NA
38025388,38028802,NA,NA
38026282,38026511,OCH,NA
38026326,38027936,CHI,N
38026694,38026993,OCH,NA
38027988,38028653,FEM,NA
38034898,38037492,NA,NA
38034962,38037377,FEM,NA
38041012,38042011,NA,NA
38041032,38041511,FEM,NA
38043937,38046011,NA,NA
38044026,38045180,CHI,Y
38045012,38045640,FEM,NA
38049688,38054011,NA,NA
38050012,38052231,MAL,NA
38051011,38052056,FEM,NA
38052762,38053746,CHI,N
38052806,38052992,FEM,NA
38057384,38059011,NA,NA
38057484,38058993,CHI,N
38075179,38076671,NA,NA
38075518,38075947,CHI,N
38076912,38079847,NA,NA
38076964,38079814,CHI,N
38132250,38133991,NA,NA
38132272,38133823,FEM,NA
38141072,38143571,NA,NA
38141186,38143533,FEM,NA
38144959,38148511,NA,NA
38144993,38148090,FEM,NA
38150320,38150821,OCH,NA
38155038,38155802,NA,NA
38172986,38173386,OCH,NA
38179126,38179636,OCH,NA
38180113,38180511,OCH,NA
38185493,38186865,OCH,NA
38187732,38187872,OCH,NA
38191119,38194511,OCH,NA
38193608,38195992,NA,NA
38195145,38195862,FEM,NA
38199011,38199117,NA,NA
38210493,38212440,NA,NA
38210596,38211425,OCH,NA
38215984,38216109,OCH,NA
38216576,38216851,OCH,NA
38223011,38225569,NA,NA
38224874,38225512,FEM,NA
38241997,38243600,NA,NA
38242027,38242132,FEM,NA
38242618,38243349,FEM,NA
38244104,38245992,OCH,NA
38244408,38245910,NA,NA
38246155,38248528,NA,NA
38246158,38248510,OCH,NA
38251820,38252917,OCH,NA
38251992,38252962,NA,NA
38253404,38253622,NA,NA
38253458,38253625,OCH,NA
38253779,38253916,NA,NA
38255993,38257328,NA,NA
38256022,38257011,FEM,NA
38260011,38261197,NA,NA
38262011,38271993,NA,NA
38262267,38264371,FEM,NA
38264992,38267491,OCH,NA
38267085,38268492,CHI,N
38269992,38271906,FEM,NA
38274491,38276339,FEM,NA
38274491,38276492,NA,NA
38275202,38276319,OCH,NA
38279010,38280277,NA,NA
38296596,38298511,NA,NA
38296677,38297317,CHI,N
38302446,38303200,NA,NA
38302485,38303180,OCH,NA
38312917,38313511,NA,NA
38335807,38337493,OCH,NA
38336011,38337469,NA,NA
38338220,38339832,NA,NA
38341598,38343718,NA,NA
38341645,38343010,FEM,NA
38343011,38343696,OCH,NA
38343129,38343321,FEM,NA
38344065,38345515,NA,NA
38344080,38345197,OCH,NA
38347992,38348512,NA,NA
38348805,38351301,NA,NA
38348996,38351168,FEM,NA
38358735,38359587,NA,NA
38367344,38368335,NA,NA
38367381,38368205,FEM,NA
38368804,38368929,NA,NA
38417907,38422323,NA,NA
38417993,38418746,FEM,NA
38418992,38422294,CHI,N
38422677,38424010,CHI,N
38422819,38424010,NA,NA
38433008,38434179,CHI,N
38433012,38434181,NA,NA
38434510,38439492,CHI,N
38434735,38439511,NA,NA
38445403,38447016,NA,NA
38445511,38446878,CHI,N
38447568,38450511,CHI,N
38447576,38450992,NA,NA
38452492,38454011,NA,NA
38452733,38453761,FEM,NA
38459394,38460493,CHI,N
38459401,38460493,NA,NA
38466293,38472493,NA,NA
38466306,38469992,CHI,Y
38470316,38471032,CHI,N
38470899,38471496,FEM,NA
38471379,38472407,CHI,N
38476510,38478511,OCH,NA
38476931,38478576,NA,NA
38477445,38478081,CHI,N
38501998,38502948,MAL,NA
38508342,38512512,NA,NA
38508377,38511131,CHI,N
38509233,38510512,FEM,NA
38511462,38512280,CHI,Y
38511492,38512466,OCH,NA
38522491,38523011,OCH,NA
38522604,38523011,NA,NA
38530153,38531233,CHI,N
38530154,38531101,NA,NA
38603993,38605139,NA,NA
38604295,38605012,CHI,N
38608586,38609070,NA,NA
38608697,38608947,CHI,N
38609511,38610512,CHI,N
38609511,38610512,NA,NA
38625512,38627203,NA,NA
38625584,38625992,CHI,N
38627558,38627700,NA,NA
38628681,38629412,FEM,NA
38628812,38629256,NA,NA
38638790,38639263,OCH,NA
38638836,38642265,NA,NA
38639492,38641711,OCH,NA
38639990,38641539,CHI,N
38648288,38656493,NA,NA
38648328,38651992,CHI,N
38652270,38654012,MAL,NA
38654342,38656345,CHI,N
38663492,38663991,NA,NA
38664964,38669493,NA,NA
38665011,38667011,CHI,N
38667333,38669010,FEM,NA
38669800,38671592,NA,NA
38670419,38671011,CHI,N
38670701,38671442,OCH,NA
38672269,38672750,OCH,NA
38672377,38672750,NA,NA
38673626,38673748,OCH,NA
38674699,38675492,NA,NA
38674827,38674930,CHI,N
38678045,38680045,NA,NA
38678060,38680043,CHI,N
38680505,38683991,CHI,N
38680511,38683992,NA,NA
38686491,38687591,NA,NA
38686493,38687511,CHI,N
38695735,38697757,NA,NA
38695776,38697492,CHI,Y
38698493,38700550,NA,NA
38698511,38700178,OCH,NA
38699135,38700169,CHI,N
38701052,38705146,NA,NA
38701189,38704491,CHI,Y
38705894,38714617,NA,NA
38706012,38709576,CHI,Y
38708493,38711492,OCH,NA
38709684,38709812,CHI,N
38710492,38714464,CHI,N
38715165,38715511,NA,NA
38720788,38726512,NA,NA
38720825,38726863,CHI,N
38726642,38726868,NA,NA
38729473,38730646,NA,NA
38729532,38730305,CHI,N
38729652,38730410,OCH,NA
38731011,38746011,NA,NA
38731492,38746005,CHI,Y
38731856,38732011,OCH,NA
38748512,38755993,NA,NA
38748520,38755565,CHI,N
38758011,38762999,NA,NA
38758483,38762948,CHI,N
38758508,38760025,FEM,NA
38763858,38767739,NA,NA
38763897,38767709,CHI,N
38783320,38785445,CHI,N
38783321,38785439,NA,NA
38789631,38790633,NA,NA
38789893,38790522,FEM,NA
38806177,38806705,NA,NA
38816963,38817721,NA,NA
38817012,38817535,CHI,N
38818950,38820756,NA,NA
38818990,38819584,CHI,N
38819993,38820643,FEM,NA
38833990,38834881,NA,NA
38833997,38834491,FEM,NA
38834284,38834512,CHI,N
38835011,38838418,NA,NA
38835313,38837488,FEM,NA
38837910,38838011,FEM,NA
38847399,38847510,OCH,NA
38867808,38870511,NA,NA
38868297,38869777,FEM,NA
38869644,38869850,OCH,NA
38869991,38870288,FEM,NA
38870982,38871512,FEM,NA
38871017,38871510,NA,NA
38874986,38875992,NA,NA
38874992,38875603,OCH,NA
38882511,38884011,NA,NA
38882545,38883974,FEM,NA
38893532,38894403,NA,NA
38893924,38894223,OCH,NA
38899828,38900992,NA,NA
38899832,38900993,FEM,NA
38902604,38906268,NA,NA
38902688,38905916,FEM,NA
38913991,38914462,FEM,NA
38913991,38914799,NA,NA
38915284,38919884,NA,NA
38915424,38916504,CHI,N
38917041,38917392,FEM,NA
38917493,38917620,FEM,NA
38917567,38918947,CHI,N
38917792,38917900,OCH,NA
38923848,38925011,NA,NA
38923963,38924906,FEM,NA
38929179,38930198,NA,NA
38929337,38929992,FEM,NA
38932993,38934856,FEM,NA
38932993,38934902,NA,NA
38935699,38936735,FEM,NA
38935703,38936751,NA,NA
38958708,38959265,NA,NA
38958801,38959184,CHI,N
38966511,38966860,NA,NA
38966989,38968005,NA,NA
38967131,38967511,OCH,NA
38993721,38994904,NA,NA
38996492,38997503,NA,NA
39003365,39006511,NA,NA
39003417,39004011,OCH,NA
39005464,39006483,MAL,NA
39021011,39021809,NA,NA
39022325,39023511,NA,NA
39026632,39028117,NA,NA
39026691,39028009,CHI,N
39029339,39029471,NA,NA
39058492,39059810,NA,NA
39058991,39059511,CHI,N
39064012,39069540,NA,NA
39064493,39069493,FEM,NA
39071256,39072511,NA,NA
39071400,39072505,FEM,NA
39076511,39078315,FEM,NA
39076511,39078453,NA,NA
39078668,39079016,NA,NA
39080976,39084511,NA,NA
39080988,39084010,FEM,NA
39083194,39083800,MAL,NA
39088492,39092157,FEM,NA
39088492,39092491,NA,NA
39097510,39098772,NA,NA
39097519,39098736,CHI,N
39107273,39107683,MAL,NA
39115474,39118917,NA,NA
39115492,39117207,CHI,N
39117727,39118608,CHI,N
39124495,39125438,NA,NA
39124510,39125011,CHI,N
39127339,39128512,NA,NA
39127438,39128511,CHI,N
39132992,39134092,NA,NA
39135511,39138491,NA,NA
39140515,39140689,NA,NA
39144430,39145348,CHI,N
39144431,39145492,NA,NA
39146269,39146492,NA,NA
39147506,39154008,NA,NA
39147562,39147918,MAL,NA
39148512,39149351,FEM,NA
39149455,39152400,CHI,N
39152013,39152799,OCH,NA
39152568,39153937,CHI,N
39155992,39157992,NA,NA
39156029,39157825,CHI,N
39160079,39160469,NA,NA
39162493,39164143,NA,NA
39163011,39163257,FEM,NA
39164303,39164443,NA,NA
39164992,39165421,NA,NA
39168993,39170670,NA,NA
39169190,39170511,FEM,NA
39173492,39175071,NA,NA
39173510,39174992,FEM,NA
39177596,39177991,NA,NA
39178885,39184685,NA,NA
39178991,39179992,FEM,NA
39180473,39180993,CHI,N
39181156,39181742,FEM,NA
39181706,39182010,CHI,N
39181728,39181833,OCH,NA
39183293,39183659,MAL,NA
39186492,39188493,NA,NA
39186529,39187543,FEM,NA
39191145,39192011,NA,NA
39191237,39191974,FEM,NA
39231300,39231428,NA,NA
39239326,39242991,CHI,N
39239345,39243493,NA,NA
39243609,39244510,NA,NA
39243617,39244143,CHI,N
39249804,39250857,NA,NA
39249873,39250798,CHI,N
39252992,39255078,NA,NA
39253012,39255037,CHI,Y
39256883,39258702,NA,NA
39256890,39258604,CHI,N
39261854,39264088,NA,NA
39262003,39263333,CHI,N
39262492,39263493,OCH,NA
39265965,39266529,NA,NA
39265992,39266512,CHI,N
39268792,39269879,CHI,Y
39268824,39269892,NA,NA
39270086,39272116,NA,NA
39270209,39271011,CHI,Y
39271665,39271992,CHI,N
39272845,39273495,NA,NA
39272919,39273466,CHI,N
39275753,39278568,NA,NA
39275844,39278254,CHI,N
39281645,39281815,NA,NA
39281660,39281996,CHI,N
39281919,39282143,NA,NA
39283442,39284492,CHI,N
39283456,39284492,NA,NA
39284644,39291991,NA,NA
39284659,39286552,CHI,Y
39286863,39291991,CHI,Y
39292437,39294273,NA,NA
39292511,39294153,CHI,N
39295839,39296855,CHI,Y
39295864,39296799,NA,NA
39297709,39298241,NA,NA
39297737,39298135,CHI,N
39299011,39304769,NA,NA
39299032,39300195,CHI,N
39300663,39304710,CHI,Y
39307992,39317591,NA,NA
39308011,39309493,CHI,N
39309646,39310011,CHI,N
39309764,39310512,OCH,NA
39310648,39311011,OCH,NA
39311590,39312010,OCH,NA
39311799,39317741,CHI,N
39318038,39320512,CHI,N
39318082,39320512,NA,NA
39322420,39324972,CHI,N
39322452,39325010,NA,NA
39328011,39331992,NA,NA
39328192,39331501,CHI,N
39330595,39331510,OCH,NA
39342011,39345135,OCH,NA
39342306,39344493,NA,NA
39350338,39352596,NA,NA
39350492,39352606,CHI,N
39353178,39354010,CHI,N
39353221,39354011,NA,NA
39371601,39372106,NA,NA
39371840,39371973,CHI,N
39378511,39380644,NA,NA
39378673,39380708,FEM,NA
39381992,39382694,NA,NA
39395492,39396862,CHI,N
39395492,39396903,NA,NA
39400757,39416510,CHI,C
39400844,39416595,NA,NA
39418512,39421307,CHI,N
39418591,39421421,NA,NA
39422381,39423346,NA,NA
39422411,39423010,CHI,N
39425491,39426510,NA,NA
39425493,39426310,CHI,N
39428011,39431776,NA,NA
39428218,39431715,CHI,C
39430341,39430538,FEM,NA
39433503,39485613,NA,NA
39433510,39440542,CHI,C
39439643,39440544,OCH,NA
39441190,39441389,OCH,NA
39441755,39442093,FEM,NA
39442371,39442511,OCH,NA
39442486,39445993,CHI,Y
39442621,39442744,OCH,NA
39446992,39449314,CHI,Y
39448247,39453492,OCH,NA
39449513,39451712,CHI,N
39454352,39457870,OCH,NA
39455011,39456982,CHI,N
39457346,39463328,CHI,Y
39462491,39468492,OCH,NA
39467491,39485363,CHI,Y
39472947,39473409,OCH,NA
39474010,39474219,FEM,NA
39481271,39481992,OCH,NA
39482210,39484132,OCH,NA
39484280,39484400,OCH,NA
39485831,39506992,NA,NA
39485882,39506993,CHI,N
39491557,39491965,FEM,NA
39515506,39516019,NA,NA
39517527,39517670,NA,NA
39532511,39532698,NA,NA
39534666,39539492,OCH,NA
39535288,39535479,NA,NA
39535695,39539208,NA,NA
39539819,39540000,OCH,NA
39540774,39542813,OCH,NA
39540813,39542578,NA,NA
39543495,39546511,OCH,NA
39545636,39549728,NA,NA
39547060,39548491,CHI,N
39547305,39549649,OCH,NA
39557958,39559991,OCH,NA
39558313,39559783,NA,NA
39561286,39562693,OCH,NA
39563740,39564324,OCH,NA
39563743,39564511,NA,NA
39569793,39571492,OCH,NA
39570010,39571492,NA,NA
39613460,39613711,OCH,NA
39623511,39626262,NA,NA
39623587,39624491,OCH,NA
39624906,39626114,FEM,NA
39626729,39628310,OCH,NA
39626769,39627373,NA,NA
39627492,39632244,NA,NA
39628791,39629685,FEM,NA
39629972,39632491,OCH,NA
39633511,39635511,NA,NA
39633570,39634522,OCH,NA
39634091,39635011,CHI,N
39634847,39635011,OCH,NA
39638477,39640991,OCH,NA
39638492,39640510,NA,NA
39646074,39646992,OCH,NA
39646164,39646277,NA,NA
39649303,39652492,NA,NA
39649505,39652011,FEM,NA
39678938,39679463,OCH,NA
39678992,39679443,NA,NA
39679544,39679669,NA,NA
39679828,39680012,OCH,NA
39680430,39681010,NA,NA
39687484,39688512,OCH,NA
39687511,39688817,NA,NA
39688694,39688898,OCH,NA
39691870,39695512,NA,NA
39691991,39693491,FEM,NA
39692492,39692602,OCH,NA
39692747,39695798,OCH,NA
39707526,39707938,NA,NA
39716452,39719275,OCH,NA
39716511,39719012,NA,NA
39723011,39724067,OCH,NA
39724180,39724290,OCH,NA
39739678,39741492,NA,NA
39746624,39748369,NA,NA
39747011,39748074,CHI,Y
39751992,39753023,NA,NA
39752061,39752992,CHI,N
39755482,39760254,NA,NA
39755705,39759512,CHI,N
39758992,39759870,FEM,NA
39760669,39762687,NA,NA
39760991,39761492,CHI,N
39761599,39762036,CHI,N
39761656,39761784,OCH,NA
39761891,39762011,OCH,NA
39766493,39776253,NA,NA
39766987,39769088,FEM,NA
39769491,39771275,CHI,N
39771867,39773011,FEM,NA
39773249,39774010,FEM,NA
39774002,39776152,CHI,N
39779929,39780896,CHI,N
39779937,39780811,NA,NA
39782158,39783829,NA,NA
39782343,39784010,OCH,NA
39785342,39786451,NA,NA
39785492,39786094,CHI,N
39794510,39806010,CHI,N
39794510,39806010,NA,NA
39808493,39808967,OCH,NA
39808510,39808966,NA,NA
39819155,39820854,NA,NA
39819156,39820739,CHI,N
39823010,39824011,OCH,NA
39823161,39824012,NA,NA
39825604,39828636,NA,NA
39825613,39828296,CHI,C
39828962,39847177,NA,NA
39829124,39829269,CHI,N
39829497,39832511,CHI,N
39832992,39834489,OCH,NA
39833046,39834492,CHI,N
39835066,39846958,CHI,Y
39845010,39846593,OCH,NA
39847488,39924021,NA,NA
39847508,39850151,CHI,N
39850451,39864511,CHI,Y
39851160,39851327,OCH,NA
39853011,39854012,OCH,NA
39863654,39863782,FEM,NA
39863892,39864012,FEM,NA
39864707,39867512,OCH,NA
39865704,39868078,CHI,Y
39868175,39868865,FEM,NA
39868239,39870304,CHI,Y
39869673,39871178,FEM,NA
39871121,39879385,CHI,Y
39872839,39874012,FEM,NA
39878036,39878709,FEM,NA
39878511,39879292,OCH,NA
39879542,39882492,FEM,NA
39881479,39883492,CHI,N
39883011,39883232,FEM,NA
39883482,39885991,FEM,NA
39885492,39894512,CHI,Y
39894768,39896670,OCH,NA
39894778,39896017,CHI,N
39896591,39896696,CHI,N
39896722,39897517,MAL,NA
39897682,39904209,CHI,Y
39897802,39898011,MAL,NA
39897851,39897973,FEM,NA
39900946,39902407,OCH,NA
39904854,39905492,FEM,NA
39905182,39911493,CHI,Y
39908076,39909512,OCH,NA
39909832,39909992,OCH,NA
39910561,39911992,OCH,NA
39912006,39912305,MAL,NA
39912510,39914003,OCH,NA
39913001,39922991,CHI,Y
39914492,39916011,FEM,NA
39918299,39920012,FEM,NA
39922991,39923538,FEM,NA
39923223,39923512,CHI,N
39925241,39961127,NA,NA
39925511,39934710,CHI,Y
39933511,39935511,OCH,NA
39934861,39946010,CHI,Y
39935639,39935754,OCH,NA
39938171,39938704,FEM,NA
39945012,39946750,OCH,NA
39947060,39947301,OCH,NA
39947423,39949146,OCH,NA
39947992,39961011,CHI,Y
39956858,39956993,FEM,NA
39963054,39963255,NA,NA
39963456,39966510,NA,NA
39963491,39966510,CHI,N
39970491,39970918,NA,NA
39970493,39970944,CHI,N
39971492,39971991,NA,NA
39978510,39979465,NA,NA
39978615,39978993,CHI,N
39980010,39992724,NA,NA
39980402,39981087,FEM,NA
39980491,39992135,CHI,Y
39992888,39994992,NA,NA
39992960,39994971,CHI,C
40001992,40002365,NA,NA
40001992,40002382,CHI,N
40020011,40021594,NA,NA
40020399,40021516,FEM,NA
40077823,40079438,NA,NA
40077863,40078881,CHI,N
40078248,40078457,MAL,NA
40079652,40080551,NA,NA
40080069,40080226,CHI,N
40111759,40111992,NA,NA
40111806,40111954,MAL,NA
40112191,40112311,NA,NA
40112479,40114119,NA,NA
40113510,40113876,MAL,NA
40114180,40114337,MAL,NA
40114492,40114671,MAL,NA
40115010,40117492,NA,NA
40115503,40116510,CHI,N
40116688,40117113,CHI,N
40118510,40162992,NA,NA
40118654,40119742,CHI,N
40118964,40119492,OCH,NA
40119616,40124304,FEM,NA
40120392,40120993,OCH,NA
40120512,40121040,CHI,N
40124519,40125992,CHI,N
40125491,40138510,FEM,NA
40129226,40130011,CHI,N
40135028,40135732,CHI,N
40135851,40135993,CHI,N
40138421,40138954,CHI,N
40139489,40142511,FEM,NA
40139722,40140011,CHI,N
40141470,40142511,OCH,NA
40141659,40142113,CHI,N
40142491,40144173,CHI,Y
40144486,40146511,FEM,NA
40144640,40144763,MAL,NA
40146011,40149244,CHI,Y
40147488,40150492,FEM,NA
40151086,40153897,CHI,Y
40152011,40152809,FEM,NA
40153170,40156960,FEM,NA
40156493,40159790,CHI,C
40157495,40157993,FEM,NA
40158492,40161918,FEM,NA
40161096,40162537,CHI,Y
40164250,40173511,NA,NA
40164290,40165492,CHI,N
40165011,40166513,FEM,NA
40166513,40169269,CHI,N
40169733,40173493,CHI,N
40181900,40182157,NA,NA
40185492,40186008,OCH,NA
40185592,40185886,NA,NA
40188206,40189077,OCH,NA
40189269,40189539,OCH,NA
40189797,40189996,NA,NA
40203511,40214458,OCH,NA
40203565,40211491,NA,NA
40211976,40214288,NA,NA
40214769,40216484,OCH,NA
40215511,40216362,NA,NA
40217587,40218011,NA,NA
40220493,40221156,OCH,NA
40220557,40221018,NA,NA
40225464,40226510,OCH,NA
40228010,40241011,NA,NA
40228512,40240033,FEM,NA
40230992,40231341,OCH,NA
40234610,40235680,OCH,NA
40239511,40241234,MAL,NA
40242903,40262225,NA,NA
40242933,40250512,FEM,NA
40251602,40257934,FEM,NA
40258060,40258856,OCH,NA
40258914,40262011,FEM,NA
40259150,40259493,OCH,NA
40266992,40267137,OCH,NA
40267349,40267641,OCH,NA
40276509,40276857,NA,NA
40276992,40281493,NA,NA
40277744,40281492,OCH,NA
40279289,40280511,CHI,N
40286511,40291511,OCH,NA
40286690,40296493,NA,NA
40292193,40292512,FEM,NA
40293307,40293482,MAL,NA
40297492,40298511,MAL,NA
40297684,40299994,NA,NA
40306223,40310251,MAL,NA
40306511,40368597,NA,NA
40311056,40311959,CHI,N
40312141,40315629,FEM,NA
40313492,40313593,MAL,NA
40315747,40317905,OCH,NA
40315879,40316011,FEM,NA
40319245,40319491,CHI,N
40319272,40319512,OCH,NA
40319492,40324033,FEM,NA
40321746,40322355,MAL,NA
40324303,40324511,FEM,NA
40324385,40326650,OCH,NA
40327492,40328493,CHI,N
40327808,40327921,OCH,NA
40327990,40332992,FEM,NA
40332492,40336633,OCH,NA
40336010,40340932,FEM,NA
40340992,40345012,OCH,NA
40344510,40349405,FEM,NA
40349502,40351537,OCH,NA
40351697,40351820,OCH,NA
40352950,40353492,CHI,N
40353010,40357764,FEM,NA
40353083,40353441,OCH,NA
40358010,40359755,OCH,NA
40360493,40366011,FEM,NA
40366358,40368248,OCH,NA
40366531,40367012,CHI,N
40367369,40367506,CHI,N
40369511,40394473,NA,NA
40369781,40369992,OCH,NA
40370010,40374511,FEM,NA
40374511,40377012,OCH,NA
40377606,40378011,OCH,NA
40377704,40378011,CHI,N
40378169,40378510,OCH,NA
40378235,40378993,CHI,N
40378249,40378352,FEM,NA
40378485,40384012,FEM,NA
40383492,40385203,OCH,NA
40384357,40384492,FEM,NA
40385549,40385713,OCH,NA
40386013,40387253,OCH,NA
40386492,40387511,CHI,N
40387027,40387257,FEM,NA
40387354,40387496,OCH,NA
40387418,40391510,FEM,NA
40391511,40393517,OCH,NA
40398100,40398330,OCH,NA
40398983,40402407,NA,NA
40399302,40402407,OCH,NA
40403440,40403592,OCH,NA
40419980,40422999,NA,NA
40419992,40421997,CHI,N
40428497,40435623,NA,NA
40428511,40432819,CHI,C
40434010,40435596,CHI,C
40437753,40437993,OCH,NA
40437753,40439491,NA,NA
40438231,40439492,CHI,N
40442510,40442615,NA,NA
40445789,40448656,NA,NA
40445806,40448511,CHI,C
40452510,40457805,NA,NA
40452612,40453522,CHI,N
40453847,40455281,FEM,NA
40455374,40456057,MAL,NA
40461512,40461655,NA,NA
40462087,40462360,NA,NA
40462465,40463074,NA,NA
40462514,40462992,CHI,N
40463251,40463356,NA,NA
40467165,40468333,NA,NA
40467197,40468311,CHI,N
40469775,40472978,NA,NA
40469822,40471010,CHI,N
40471093,40472627,OCH,NA
40471363,40472603,CHI,N
40474698,40478250,NA,NA
40475762,40478081,CHI,N
40479048,40481184,OCH,NA
40479510,40480759,NA,NA
40482992,40483993,NA,NA
40483125,40483803,MAL,NA
40486628,40491535,NA,NA
40487011,40487772,FEM,NA
40487970,40489011,FEM,NA
40488076,40489991,OCH,NA
40490513,40491510,CHI,N
40501011,40502992,NA,NA
40501510,40502992,CHI,N
40508492,40509493,NA,NA
40508539,40509504,OCH,NA
40523637,40524594,NA,NA
40523708,40524579,CHI,N
40527493,40529012,NA,NA
40528492,40528932,CHI,N
40551476,40552122,NA,NA
40551654,40551787,FEM,NA
40609991,40610572,NA,NA
40610040,40610437,OCH,NA
40622286,40623103,FEM,NA
40622437,40623055,NA,NA
40641991,40646515,OCH,NA
40642486,40643578,NA,NA
40644323,40644439,NA,NA
40645819,40646442,NA,NA
40653492,40653993,OCH,NA
40661492,40664146,OCH,NA
40661880,40662584,NA,NA
40662692,40663011,NA,NA
40682338,40682439,NA,NA
40714034,40715824,OCH,NA
40714512,40715714,NA,NA
40717158,40717482,NA,NA
40764168,40765012,OCH,NA
40764344,40765262,NA,NA
40788341,40789991,FEM,NA
40788360,40790780,NA,NA
40797010,40798991,FEM,NA
40797010,40798991,NA,NA
40803608,40808362,NA,NA
40803991,40808346,FEM,NA
40816992,40817512,OCH,NA
40817026,40817512,NA,NA
40842026,40842601,OCH,NA
40842245,40842491,NA,NA
40845492,40846012,FEM,NA
40845511,40846012,NA,NA
40849537,40850261,OCH,NA
40850492,40851010,OCH,NA
40880492,40881513,NA,NA
40880827,40880982,FEM,NA
40881792,40882992,OCH,NA
40882033,40882926,NA,NA
40917012,40918293,NA,NA
40917223,40918095,FEM,NA
40926492,40928510,NA,NA
40926511,40928347,FEM,NA
40937538,40939085,NA,NA
40948409,40950304,NA,NA
40948522,40950334,FEM,NA
40961560,40964246,NA,NA
40961990,40963510,CHI,N
40962497,40963744,OCH,NA
40967713,40969606,OCH,NA
40968138,40968774,NA,NA
41011491,41014010,NA,NA
41011512,41014011,FEM,NA
41018042,41018992,NA,NA
41035074,41035492,NA,NA
41035078,41035512,OCH,NA
41042042,41042992,NA,NA
41042136,41042512,FEM,NA
41057484,41059172,NA,NA
41057992,41058961,CHI,N
41058279,41058382,OCH,NA
41058559,41058821,OCH,NA
41060010,41062145,NA,NA
41060240,41061011,CHI,N
41060760,41061816,OCH,NA
41060905,41061511,FEM,NA
41063358,41072632,NA,NA
41064028,41065498,CHI,Y
41065216,41065845,OCH,NA
41066011,41068576,OCH,NA
41066784,41068657,CHI,Y
41069280,41070903,OCH,NA
41069530,41070504,CHI,N
41073011,41076271,NA,NA
41073116,41074059,CHI,N
41074953,41075356,FEM,NA
41075319,41076011,OCH,NA
41081187,41084992,FEM,NA
41081199,41084992,NA,NA
41086811,41090773,NA,NA
41087010,41090510,FEM,NA
41089282,41089404,CHI,N
41090011,41090414,CHI,N
41093511,41096111,NA,NA
41093796,41093941,MAL,NA
41093992,41096014,FEM,NA
41099496,41100751,NA,NA
41099702,41100585,CHI,N
41099758,41099993,FEM,NA
41110492,41111511,FEM,NA
41110492,41111621,NA,NA
41113011,41114992,NA,NA
41113070,41114992,FEM,NA
41118492,41118630,NA,NA
41120489,41121512,NA,NA
41120492,41121493,CHI,N
41120992,41121142,OCH,NA
41126493,41127992,FEM,NA
41126493,41128012,NA,NA
41128992,41129421,OCH,NA
41129004,41129149,NA,NA
41132283,41134386,NA,NA
41133084,41134157,CHI,N
41133108,41133881,OCH,NA
41134846,41135805,NA,NA
41134957,41135510,CHI,N
41148187,41148290,NA,NA
41150511,41152561,NA,NA
41151005,41152115,CHI,N
41151581,41151932,OCH,NA
41163917,41164192,OCH,NA
41163945,41164362,NA,NA
41167511,41168304,OCH,NA
41168591,41168800,OCH,NA
41169749,41170122,NA,NA
41169809,41169934,OCH,NA
41170992,41172251,NA,NA
41171267,41172011,OCH,NA
41173512,41178581,NA,NA
41174960,41176118,CHI,Y
41176991,41178511,FEM,NA
41179490,41185010,NA,NA
41180523,41181627,CHI,N
41180638,41180981,OCH,NA
41182062,41182327,CHI,N
41183011,41183283,FEM,NA
41183468,41185010,FEM,NA
41187461,41187991,OCH,NA
41187493,41194599,NA,NA
41188041,41190010,CHI,C
41189511,41189663,OCH,NA
41189973,41191811,OCH,NA
41192457,41194182,CHI,N
41193510,41194511,OCH,NA
41196011,41199928,NA,NA
41196166,41196446,OCH,NA
41196492,41196809,CHI,N
41197493,41198532,FEM,NA
41198910,41199722,CHI,N
41205078,41205512,NA,NA
41205083,41205491,CHI,Y
41210512,41213048,FEM,NA
41210512,41213499,NA,NA
41213337,41213443,FEM,NA
41214992,41217992,NA,NA
41214992,41218011,FEM,NA
41219705,41221060,NA,NA
41219874,41220993,CHI,Y
41222512,41224993,NA,NA
41222513,41224511,CHI,Y
41225510,41231011,NA,NA
41225588,41229712,OCH,NA
41226464,41228511,CHI,Y
41230056,41230927,FEM,NA
41231678,41232856,NA,NA
41235002,41239992,NA,NA
41235046,41236492,FEM,NA
41237012,41237992,CHI,N
41237878,41239881,FEM,NA
41241953,41246185,NA,NA
41241992,41243227,OCH,NA
41242011,41242524,NA,J
41243492,41244560,CHI,N
41244992,41246011,FEM,NA
41247993,41253997,NA,NA
41247998,41249031,CHI,N
41249491,41252736,OCH,NA
41251511,41253597,NA,J
41252838,41253381,OCH,NA
41254262,41254491,NA,NA
41256010,41257510,NA,NA
41256444,41257217,OCH,NA
41256511,41257010,CHI,N
41261493,41262155,NA,NA
41261493,41262197,CHI,N
41265511,41267511,NA,NA
41265950,41267492,FEM,NA
41270226,41270493,NA,NA
41270280,41270493,FEM,NA
41272011,41272340,NA,NA
41272492,41277323,NA,NA
41272782,41274510,CHI,N
41275340,41277211,CHI,N
41279500,41280992,NA,NA
41279706,41280702,OCH,NA
41280231,41280395,CHI,N
41283010,41285992,NA,NA
41283493,41285039,CHI,Y
41283606,41283808,OCH,NA
41284154,41285992,OCH,NA
41287406,41288511,NA,NA
41287511,41288512,OCH,NA
41287631,41287992,CHI,N
41292880,41295000,NA,NA
41293314,41293511,CHI,N
41293834,41294511,CHI,N
41295135,41297011,NA,NA
41295493,41296023,CHI,N
41297779,41298511,NA,NA
41297794,41298668,OCH,NA
41297887,41297993,NA,J
41300493,41303993,NA,NA
41301838,41303512,CHI,Y
41302799,41304011,OCH,NA
41307573,41310511,NA,NA
41308105,41308559,OCH,NA
41308248,41308491,CHI,C
41309011,41310511,FEM,NA
41311765,41313390,NA,NA
41311904,41313391,OCH,NA
41314492,41318589,NA,NA
41314511,41317012,CHI,Y
41316839,41317421,OCH,NA
41317251,41317373,CHI,N
41317493,41318323,FEM,NA
41317639,41318373,OCH,NA
41319011,41323510,NA,NA
41319511,41322992,CHI,Y
41320020,41320165,OCH,NA
41320481,41320673,OCH,NA
41321003,41323664,OCH,NA
41328012,41328206,NA,NA
41339487,41339852,NA,NA
41340011,41344743,NA,NA
41340260,41341880,FEM,NA
41341541,41341767,CHI,N
41342333,41342512,CHI,N
41343492,41344695,FEM,NA
41346011,41348492,FEM,NA
41346011,41348492,NA,NA
41352662,41356241,NA,NA
41352868,41353011,OCH,NA
41353664,41355993,CHI,N
41357501,41359956,NA,NA
41357606,41358991,OCH,NA
41359278,41359437,FEM,NA
41362562,41363492,NA,NA
41362637,41363447,CHI,N
41365942,41367226,NA,NA
41365985,41367195,FEM,NA
41368011,41369493,FEM,NA
41368011,41369601,NA,NA
41369803,41372233,NA,NA
41370384,41373099,OCH,NA
41372485,41372993,NA,NA
41373256,41376012,OCH,NA
41373482,41381025,NA,NA
41374493,41377657,CHI,N
41377993,41380992,CHI,Y
41383511,41384512,NA,NA
41383634,41383845,FEM,NA
41383835,41384235,CHI,N
41389491,41391368,NA,NA
41390328,41390574,OCH,NA
41390411,41390892,CHI,N
41391797,41393992,OCH,NA
41392036,41393141,NA,NA
41393332,41394169,NA,NA
41394377,41395511,NA,NA
41394719,41395018,OCH,NA
41403677,41403797,OCH,NA
41404492,41404656,OCH,NA
41405043,41406304,OCH,NA
41406444,41407003,OCH,NA
41407225,41407959,OCH,NA
41409011,41410645,NA,NA
41416512,41421011,NA,NA
41416613,41417757,FEM,NA
41418137,41418331,OCH,NA
41418456,41419134,OCH,NA
41419372,41420823,CHI,Y
41426011,41427057,NA,NA
41426417,41426783,CHI,N
41426512,41426666,OCH,NA
41428992,41446878,NA,NA
41428992,41432914,CHI,N
41434490,41436454,CHI,N
41435319,41437361,OCH,NA
41436613,41437258,CHI,N
41437629,41441045,CHI,N
41440503,41440942,FEM,NA
41441779,41444351,CHI,Y
41444924,41445660,OCH,NA
41446510,41446772,CHI,N
41448346,41449013,NA,NA
41448556,41448811,CHI,N
41449479,41450493,NA,NA
41449492,41450493,CHI,N
41453492,41455888,NA,NA
41454288,41455616,OCH,NA
41456112,41456568,NA,NA
41457813,41460010,NA,NA
41458880,41459061,OCH,NA
41458993,41459891,FEM,NA
41465512,41468011,NA,NA
41465665,41468011,FEM,NA
41470658,41495992,NA,NA
41470869,41473010,OCH,NA
41471058,41472081,CHI,N
41472538,41473010,CHI,N
41473296,41483548,FEM,NA
41477812,41478578,MAL,NA
41478703,41478992,MAL,NA
41479050,41480010,OCH,NA
41479088,41479338,CHI,N
41483883,41490491,FEM,NA
41487992,41488623,OCH,NA
41491313,41495491,FEM,NA
41495556,41495863,MAL,NA
41497122,41499697,NA,NA
41498011,41498754,OCH,NA
41499869,41499992,NA,NA
41500617,41500992,OCH,NA
41505132,41512609,NA,NA
41505510,41505684,FEM,NA
41505991,41510721,FEM,NA
41510492,41510625,CHI,N
41511008,41512368,OCH,NA
41511785,41511927,FEM,NA
41512237,41512342,FEM,NA
41514491,41515011,NA,NA
41522492,41527701,NA,NA
41522510,41527492,FEM,NA
41528761,41533351,NA,NA
41529081,41531492,FEM,NA
41532011,41532958,FEM,NA
41533493,41564492,NA,NA
41533511,41564100,FEM,NA
41546029,41546643,CHI,N
41565012,41595888,NA,NA
41565628,41567511,FEM,NA
41567634,41568491,CHI,Y
41568269,41568487,OCH,NA
41569482,41580493,FEM,NA
41580395,41583184,MAL,NA
41581510,41595015,FEM,NA
41588999,41591414,MAL,NA
41592037,41592272,MAL,NA
41596824,41614976,NA,NA
41597202,41598344,MAL,NA
41598281,41599118,CHI,N
41599629,41613991,FEM,NA
41600068,41600449,MAL,NA
41600608,41601015,MAL,NA
41615492,41635992,NA,NA
41615682,41622694,FEM,NA
41616011,41616254,CHI,N
41621204,41621887,CHI,C
41622010,41624410,MAL,NA
41624342,41624992,CHI,C
41624511,41634253,FEM,NA
41633992,41635538,NA,J
41637578,41638121,NA,NA
41637858,41638012,OCH,NA
41639118,41667492,NA,NA
41639390,41640014,OCH,NA
41639744,41639972,CHI,N
41639992,41667196,FEM,NA
41660512,41660667,MAL,NA
41668552,41708337,NA,NA
41668992,41676992,FEM,NA
41675992,41677452,MAL,NA
41678138,41678271,FEM,NA
41678432,41692123,FEM,NA
41680909,41681979,MAL,NA
41682774,41683898,MAL,NA
41684085,41684217,MAL,NA
41684735,41684956,MAL,NA
41692394,41695052,FEM,NA
41695012,41697744,MAL,NA
41697485,41703491,FEM,NA
41706323,41707519,FEM,NA
41707528,41707761,MAL,NA
41707636,41707957,FEM,NA
41708522,41708993,NA,NA
41708812,41708942,MAL,NA
41709497,41785127,NA,NA
41710302,41712145,FEM,NA
41712460,41712941,MAL,NA
41712992,41722062,FEM,NA
41715577,41716649,MAL,NA
41721586,41721770,MAL,NA
41721978,41723991,MAL,NA
41723993,41750946,FEM,NA
41727283,41727386,MAL,NA
41728876,41729492,OCH,NA
41733547,41733685,CHI,N
41745993,41747390,MAL,NA
41750011,41755991,MAL,NA
41755993,41756430,CHI,N
41755993,41757891,FEM,NA
41757010,41758414,MAL,NA
41758011,41771992,FEM,NA
41760865,41761197,MAL,NA
41770493,41773102,MAL,NA
41772463,41779011,FEM,NA
41773204,41773462,MAL,NA
41779468,41781998,MAL,NA
41781488,41784512,FEM,NA
41786511,41796010,NA,NA
41787011,41789480,MAL,NA
41789085,41795011,FEM,NA
41792792,41794326,MAL,NA
41794718,41794846,MAL,NA
41794949,41795160,MAL,NA
41795723,41796148,MAL,NA
41797011,41801010,MAL,NA
41797492,41820812,NA,NA
41800511,41802492,FEM,NA
41801511,41803992,MAL,NA
41803511,41805214,FEM,NA
41804562,41805485,MAL,NA
41805735,41806385,MAL,NA
41806992,41807491,CHI,N
41807057,41812011,FEM,NA
41809492,41810511,MAL,NA
41811836,41815123,CHI,C
41815158,41820556,FEM,NA
41816640,41817011,CHI,N
41819510,41819871,CHI,N
41820938,41830933,NA,NA
41821491,41822784,CHI,N
41822425,41830871,FEM,NA
41822892,41823010,CHI,N
41831993,41887512,NA,NA
41832492,41833493,FEM,NA
41833770,41834391,MAL,NA
41834011,41847082,FEM,NA
41842163,41844871,MAL,NA
41845613,41845731,MAL,NA
41845989,41849126,MAL,NA
41848010,41851466,FEM,NA
41850511,41853987,MAL,NA
41853377,41860309,FEM,NA
41854588,41854694,MAL,NA
41855748,41855976,MAL,NA
41860130,41860295,MAL,NA
41860476,41860780,MAL,NA
41861225,41863491,FEM,NA
41863021,41865719,MAL,NA
41865694,41866188,CHI,C
41866013,41867054,FEM,NA
41867312,41867990,MAL,NA
41868011,41884670,FEM,NA
41869776,41870105,MAL,NA
41872187,41872632,CHI,N
41881838,41884344,MAL,NA
41885006,41885909,MAL,NA
41886492,41887366,FEM,NA
41886654,41886975,MAL,NA
41889012,41919011,NA,NA
41889012,41895011,FEM,NA
41894511,41896354,MAL,NA
41896351,41904520,FEM,NA
41900161,41900357,MAL,NA
41900461,41902489,MAL,NA
41904010,41908664,MAL,NA
41905627,41905791,FEM,NA
41905909,41907725,FEM,NA
41908043,41911492,FEM,NA
41910991,41919491,MAL,NA
41916012,41917993,FEM,NA
41920980,41921844,NA,NA
41921992,41926992,NA,NA
41922136,41923451,MAL,NA
41923413,41926493,FEM,NA
41926451,41926858,MAL,NA
41927510,41944992,NA,NA
41928065,41942449,FEM,NA
41928160,41928427,MAL,NA
41940011,41944010,MAL,NA
41943012,41943125,FEM,NA
41943228,41944651,FEM,NA
41946010,41969021,NA,NA
41946392,41946512,CHI,N
41946547,41955511,FEM,NA
41957133,41962074,FEM,NA
41959546,41960148,MAL,NA
41962512,41967991,FEM,NA
41967992,41969101,MAL,NA
41970511,41984804,NA,NA
41971006,41973011,FEM,NA
41973026,41973163,MAL,NA
41973922,41984511,FEM,NA
41977997,41981718,MAL,NA
41985010,41996807,NA,NA
41985511,41985633,FEM,NA
41985854,41996492,FEM,NA
41992899,41994048,MAL,NA
41995220,41996818,MAL,NA
41998488,41999492,NA,NA
41998532,41999011,CHI,N
42000491,42002830,MAL,NA
42000992,42002593,NA,NA
42003687,42003812,NA,NA
42003993,42011492,NA,NA
42004077,42011024,FEM,NA
42007648,42007766,MAL,NA
42012511,42013491,FEM,NA
42012596,42017520,NA,NA
42015395,42017521,FEM,NA
42018711,42025387,NA,NA
42018713,42025134,FEM,NA
42026815,42031682,NA,NA
42028492,42029378,FEM,NA
42030017,42030677,OCH,NA
42032115,42036011,NA,NA
42032491,42033117,FEM,NA
42033770,42034261,FEM,NA
42035011,42036992,OCH,NA
42037010,42040971,NA,NA
42037512,42038992,CHI,N
42039852,42040902,OCH,NA
42041992,42043011,OCH,NA
42042011,42043457,NA,NA
42045276,42047795,NA,NA
42045510,42047869,OCH,NA
42046180,42046474,CHI,N
42048232,42048359,OCH,NA
42048511,42049016,NA,NA
42048565,42048992,OCH,NA
42049361,42051511,NA,NA
42049486,42050510,OCH,NA
42049511,42049992,CHI,N
42051830,42053011,NA,NA
42051926,42052530,OCH,NA
42052993,42053992,OCH,NA
42053273,42053511,NA,NA
42055492,42055914,NA,NA
42056992,42058080,NA,NA
42056992,42058492,OCH,NA
42059010,42061992,NA,NA
42059512,42061993,OCH,NA
42059601,42060578,CHI,Y
42063011,42066229,NA,NA
42063222,42063511,OCH,NA
42063231,42066191,CHI,N
42068012,42069222,NA,NA
42068047,42069512,OCH,NA
42071511,42074992,NA,NA
42071601,42073542,FEM,NA
42072639,42072814,CHI,N
42073992,42074578,OCH,NA
42074117,42074230,CHI,N
42076511,42076719,NA,NA
42076910,42081993,NA,NA
42076992,42081491,CHI,N
42080511,42081512,OCH,NA
42085951,42087314,NA,NA
42085992,42087253,OCH,NA
42089711,42091714,NA,NA
42089853,42091871,OCH,NA
42089993,42090511,CHI,N
42093501,42095578,NA,NA
42093710,42095440,OCH,NA
42095842,42098010,NA,NA
42096027,42097510,CHI,Y
42096105,42097895,OCH,NA
42098510,42099291,OCH,NA
42102487,42109117,NA,NA
42102492,42105963,CHI,N
42104492,42106510,OCH,NA
42106706,42108640,CHI,Y
42112739,42114492,NA,NA
42112992,42113512,CHI,Y
42112992,42116296,OCH,NA
42114654,42119500,NA,NA
42116492,42118492,CHI,Y
42118932,42119151,OCH,NA
42119492,42121492,OCH,NA
42119733,42119839,NA,NA
42120010,42121510,NA,NA
42126067,42128192,NA,NA
42126119,42127882,OCH,NA
42128891,42129991,NA,NA
42128993,42129985,OCH,NA
42130162,42131011,OCH,NA
42130241,42133430,NA,NA
42131991,42132978,CHI,N
42131991,42133010,OCH,NA
42134048,42135153,OCH,NA
42134475,42135327,NA,NA
42136991,42139146,NA,NA
42137064,42137950,OCH,NA
42138011,42138964,FEM,NA
42138368,42138491,OCH,NA
42138510,42138918,CHI,N
42140191,42148561,NA,NA
42140282,42142012,OCH,NA
42142491,42144204,FEM,NA
42143542,42145560,OCH,NA
42145188,42145372,CHI,N
42145658,42146141,FEM,NA
42145976,42147498,OCH,NA
42147770,42148539,FEM,NA
42154493,42155475,NA,NA
42154793,42155011,OCH,NA
42156992,42157581,NA,NA
42158833,42161493,NA,NA
42158948,42159512,CHI,N
42159012,42161543,OCH,NA
42162913,42164012,OCH,NA
42162954,42164012,NA,NA
42170510,42171018,NA,NA
42170585,42170701,OCH,NA
42173232,42173981,NA,NA
42174867,42176011,NA,NA
42179616,42182832,OCH,NA
42179665,42182574,NA,NA
42184986,42185410,OCH,NA
42185728,42186511,OCH,NA
42186012,42188319,NA,NA
42187011,42188202,FEM,NA
42199010,42202491,NA,NA
42199098,42199925,OCH,NA
42200214,42200977,OCH,NA
42200492,42202164,FEM,NA
42203091,42204392,NA,NA
42203568,42203951,OCH,NA
42205011,42208502,NA,NA
42205170,42205378,FEM,NA
42206010,42207510,FEM,NA
42207510,42207964,OCH,NA
42207585,42207712,CHI,N
42209286,42217232,NA,NA
42209502,42211044,CHI,Y
42209972,42212510,OCH,NA
42212991,42216010,FEM,NA
42216491,42217112,OCH,NA
42217991,42220785,NA,NA
42218015,42220595,FEM,NA
42221512,42224340,NA,NA
42221633,42223088,FEM,NA
42222308,42222855,MAL,NA
42223498,42224011,CHI,N
42225011,42227092,NA,NA
42225492,42227011,FEM,NA
42250830,42250977,NA,NA
42251154,42251492,NA,NA
42253491,42259301,NA,NA
42253993,42254764,FEM,NA
42254992,42259263,FEM,NA
42261944,42264619,NA,NA
42261991,42264492,FEM,NA
42266090,42267855,FEM,NA
42266107,42267992,NA,NA
42269511,42269860,NA,NA
42269992,42273993,NA,NA
42270010,42272673,FEM,NA
42272872,42273088,FEM,NA
42273210,42273313,FEM,NA
42275231,42275341,NA,NA
42277012,42277420,NA,NA
42280642,42282475,NA,NA
42281553,42281661,MAL,NA
42283853,42286966,NA,NA
42283991,42286602,CHI,Y
42284128,42284633,OCH,NA
42290929,42291920,NA,NA
42290993,42291752,FEM,NA
42313052,42314493,NA,NA
42313644,42314302,OCH,NA
42325536,42325992,OCH,NA
42341570,42341680,NA,NA
42341842,42341992,NA,NA
42356993,42360685,NA,NA
42357511,42358522,CHI,N
42359235,42359738,FEM,NA
42367492,42367639,OCH,NA
42369544,42373010,NA,NA
42370017,42370677,FEM,NA
42370842,42371011,FEM,NA
42371191,42371297,FEM,NA
42372492,42373010,MAL,NA
42381993,42383993,NA,NA
42382224,42383512,FEM,NA
42385005,42385511,NA,NA
42452284,42453735,NA,NA
42457222,42458911,NA,NA
42457281,42458511,CHI,N
42467510,42467626,OCH,NA
42467510,42471492,NA,NA
42467885,42469011,OCH,NA
42468334,42468466,CHI,N
42468992,42469557,FEM,NA
42470379,42471010,CHI,N
42475760,42477010,NA,NA
42487511,42489511,NA,NA
42487585,42489510,FEM,NA
42493992,42494365,NA,NA
42494126,42494264,FEM,NA
42500012,42500552,NA,NA
42502219,42503311,NA,NA
42502268,42503215,CHI,N
42521350,42522295,NA,NA
42521389,42522234,FEM,NA
42525103,42525511,NA,NA
42525147,42525511,FEM,NA
42598602,42598744,NA,NA
42598631,42598737,CHI,N
42647992,42648993,CHI,N
42647992,42648993,NA,NA
42795692,42795992,NA,NA
42796905,42797377,NA,NA
42811953,42812312,NA,NA
42919556,42920012,NA,NA
42924988,42925506,NA,NA
42944648,42946227,NA,NA
42944992,42946173,FEM,NA
42948264,42949815,NA,NA
42951462,42953398,NA,NA
42951511,42952729,FEM,NA
42953061,42953387,OCH,NA
42957920,42959493,NA,NA
42957992,42959023,FEM,NA
42967754,42967860,NA,NA
42967991,42968492,NA,NA
42980510,42985812,NA,NA
42981121,42981948,FEM,NA
42981492,42981836,OCH,NA
42982491,42983510,FEM,NA
42983511,42985740,OCH,NA
42985990,42988012,NA,NA
42986553,42986833,MAL,NA
42987011,42987165,FEM,NA
42987166,42987920,MAL,NA
42987429,42987819,FEM,NA
42991012,42991842,OCH,NA
42991211,42991793,NA,NA
42992011,42992183,NA,NA
42992508,42992623,NA,NA
42992993,43001012,NA,NA
42993011,42994992,FEM,NA
42993992,42994368,MAL,NA
42995267,42995817,OCH,NA
42995510,42995664,FEM,NA
42995797,43001011,FEM,NA
43003180,43009491,NA,NA
43003454,43009492,FEM,NA
43009993,43011512,FEM,NA
43009993,43011567,NA,NA
43012991,43016246,NA,NA
43013492,43016084,FEM,NA
43017357,43019552,NA,NA
43017510,43019530,FEM,NA
43030680,43032946,NA,NA
43030762,43032510,CHI,C
43033511,43036511,NA,NA
43033688,43036158,FEM,NA
43035492,43036067,MAL,NA
43036247,43036358,MAL,NA
43048684,43048799,OCH,NA
43053803,43054002,NA,NA
43067867,43069765,OCH,NA
43068512,43068679,NA,NA
43068800,43070005,NA,NA
43071561,43071676,MAL,NA
43071836,43072138,MAL,NA
43078993,43080011,NA,NA
43079065,43079853,MAL,NA
43084202,43084432,OCH,NA
43084641,43086011,OCH,NA
43086452,43087016,NA,NA
43092540,43093662,NA,NA
43094492,43094992,OCH,NA
43108470,43109643,OCH,NA
43115306,43116011,OCH,NA
43115492,43115993,NA,NA
43129835,43130412,NA,NA
43129992,43130324,FEM,NA
43134992,43136604,OCH,NA
43143511,43144917,NA,NA
43143634,43144586,OCH,NA
43143994,43144539,CHI,N
43162129,43162510,NA,NA
43169993,43170363,OCH,NA
43191839,43194510,OCH,NA
43192011,43194497,NA,NA
43199492,43205047,NA,NA
43199634,43202430,FEM,NA
43203011,43205011,FEM,NA
43205903,43206813,OCH,NA
43206310,43206919,NA,NA
43215010,43217011,NA,NA
43215422,43217079,FEM,NA
43264533,43265254,OCH,NA
43264564,43265318,NA,NA
43277492,43278511,OCH,NA
43277586,43277920,NA,NA
43280512,43284498,OCH,NA
43281721,43284126,NA,NA
43300492,43302016,NA,NA
43301233,43301511,OCH,NA
43311993,43313819,NA,NA
43312011,43313901,OCH,NA
43312990,43313493,CHI,N
43314512,43315626,OCH,NA
43316144,43320493,OCH,NA
43316260,43319510,NA,NA
43328277,43330250,OCH,NA
43328512,43330250,NA,NA
43344011,43344342,NA,NA
43356992,43357942,NA,NA
43357133,43357754,OCH,NA
43357209,43357366,CHI,N
43378991,43380194,NA,NA
43378991,43380289,OCH,NA
43397011,43399878,NA,NA
43397871,43399511,OCH,NA
43413400,43417052,OCH,NA
43414297,43417010,NA,NA
43417418,43417791,OCH,NA
43417996,43419660,OCH,NA
43418909,43419517,NA,NA
43422011,43423747,NA,NA
43422495,43423877,OCH,NA
43440108,43441325,NA,NA
43440175,43441366,OCH,NA
43444914,43445651,OCH,NA
43445006,43445511,NA,NA
43455506,43456495,OCH,NA
43456159,43456274,NA,NA
43457953,43459349,NA,NA
43457992,43459251,OCH,NA
43501492,43502138,OCH,NA
43506163,43506511,OCH,NA
43506194,43506498,NA,NA
43545136,43547001,NA,NA
43545138,43546993,FEM,NA
43562834,43566010,NA,NA
43562991,43565991,FEM,NA
43563992,43564387,OCH,NA
43584134,43586491,NA,NA
43584168,43584878,CHI,N
43584991,43586511,CHI,N
43625392,43626492,CHI,N
43625432,43626492,NA,NA
43641215,43641412,OCH,NA
43694011,43694457,NA,NA
43724230,43725290,OCH,NA
43727258,43727437,OCH,NA
43735010,43736055,NA,NA
43735329,43735493,FEM,NA
43864009,43865511,NA,NA
43864517,43864866,FEM,NA
43880643,43882511,OCH,NA
43881492,43882464,NA,NA
43883186,43884492,NA,NA
43883417,43884399,CHI,N
43891835,43893286,OCH,NA
43892018,43892269,NA,NA
43892552,43892748,NA,NA
43901536,43902862,NA,NA
43901625,43902681,OCH,NA
43907353,43909243,NA,NA
43907493,43908774,CHI,N
43914511,43915183,OCH,NA
43915974,43917673,OCH,NA
43923435,43924682,NA,NA
43923468,43924511,OCH,NA
43928011,43928354,NA,NA
43935510,43938566,OCH,NA
43936928,43937751,NA,NA
43937969,43938089,NA,NA
43947433,43948511,NA,NA
43947492,43947951,OCH,NA
43968493,43969261,NA,NA
43968511,43969119,MAL,NA
43971945,43972968,NA,NA
43971977,43972510,OCH,NA
43989510,43990511,NA,NA
44007983,44011694,OCH,NA
44007992,44011510,NA,NA
44012492,44012764,NA,NA
44014045,44014609,NA,NA
44015952,44017515,OCH,NA
44016011,44017511,NA,NA
44018179,44018459,OCH,NA
44018311,44018512,NA,NA
44028527,44030491,NA,NA
44029013,44029992,OCH,NA
44029043,44030010,FEM,NA
44041224,44045974,NA,NA
44041492,44042992,FEM,NA
44041511,44046391,OCH,NA
44057139,44058511,NA,NA
44057434,44058431,OCH,NA
44063492,44064709,CHI,N
44063492,44073069,NA,NA
44064017,44064132,OCH,NA
44065991,44070039,FEM,NA
44070904,44071490,MAL,NA
44071590,44072878,CHI,N
44071992,44072512,OCH,NA
44082497,44084174,CHI,N
44082505,44084267,NA,NA
44086493,44094993,NA,NA
44086511,44091010,FEM,NA
44089878,44089983,MAL,NA
44090327,44091373,MAL,NA
44091493,44092011,CHI,N
44091614,44092232,FEM,NA
44092510,44094788,FEM,NA
44102986,44103188,MAL,NA
44106992,44111992,NA,NA
44107802,44107952,CHI,N
44107991,44109484,OCH,NA
44110489,44111918,CHI,N
44124075,44124493,NA,NA
44124136,44124281,FEM,NA
44148448,44149513,NA,NA
44148512,44149295,FEM,NA
44152012,44157512,NA,NA
44152455,44153280,CHI,C
44153378,44155492,FEM,NA
44155992,44157342,FEM,NA
44169497,44170491,NA,NA
44170846,44171335,NA,NA
44171173,44171281,OCH,NA
44348092,44355009,NA,NA
44348540,44349667,FEM,NA
44348546,44349776,OCH,NA
44350894,44354011,FEM,NA
44354311,44355011,MAL,NA
44355452,44362394,NA,NA
44355664,44359576,FEM,NA
44360246,44362355,FEM,NA
44360345,44360490,CHI,N
44363143,44374491,NA,NA
44363236,44366262,FEM,NA
44365339,44365494,CHI,N
44366511,44366614,FEM,NA
44366716,44374357,FEM,NA
44375511,44378449,NA,NA
44375568,44378449,FEM,NA
44396011,44396325,NA,NA
44396492,44398156,NA,NA
44397168,44398027,FEM,NA
44404300,44405056,NA,NA
44406510,44406785,NA,NA
44406993,44410992,NA,NA
44407313,44407510,FEM,NA
44407992,44408360,CHI,N
44408488,44409359,CHI,N
44409992,44410512,CHI,N
44415493,44416247,NA,NA
44429869,44431413,NA,NA
44430140,44430390,FEM,NA
44430512,44431062,FEM,NA
44439492,44443339,NA,NA
44439511,44443249,FEM,NA
44449012,44450492,NA,NA
44449268,44450142,CHI,N
44455492,44459012,NA,NA
44455510,44459012,FEM,NA
44461487,44470991,NA,NA
44462491,44463502,FEM,NA
44463644,44464068,CHI,N
44465011,44466012,CHI,C
44466268,44470662,FEM,NA
44478921,44479508,NA,NA
44478931,44479468,CHI,N
44492552,44494349,NA,NA
44492666,44494014,CHI,N
44496511,44497083,NA,NA
44496672,44498201,MAL,NA
44497561,44497726,NA,NA
44497877,44498174,NA,NA
44499929,44500375,MAL,NA
44505492,44505897,NA,NA
44508920,44511993,NA,NA
44509011,44511860,FEM,NA
44512511,44516492,NA,NA
44512602,44516492,FEM,NA
44519718,44520275,NA,NA
44521491,44523992,NA,NA
44521512,44523512,FEM,NA
44524107,44525506,NA,NA
44524445,44525324,CHI,N
44526419,44531389,NA,NA
44526729,44527411,CHI,N
44528010,44529946,FEM,NA
44529510,44531228,CHI,N
44546990,44549012,NA,NA
44546993,44548380,CHI,N
44547815,44548362,OCH,NA
44548491,44548984,OCH,NA
44552012,44552137,NA,NA
44552471,44554516,NA,NA
44552492,44554498,FEM,NA
44563679,44564287,NA,NA
44563730,44564287,FEM,NA
44577930,44579250,NA,NA
44578009,44578915,CHI,N
44584440,44585140,NA,NA
44584493,44584633,OCH,NA
44584511,44584990,CHI,N
44627991,44631413,NA,NA
44628018,44628815,CHI,N
44628808,44629496,FEM,NA
44629449,44630257,CHI,N
44630146,44630753,FEM,NA
44631795,44634090,NA,NA
44632492,44632593,FEM,NA
44635011,44637242,NA,NA
44635474,44635587,OCH,NA
44636451,44636584,FEM,NA
44638511,44640647,NA,NA
44638985,44640511,FEM,NA
44642229,44642764,NA,NA
44644574,44645511,NA,NA
44644623,44645224,CHI,N
44650352,44650907,NA,NA
44654154,44655430,NA,NA
44654266,44655012,CHI,N
44664051,44666014,NA,NA
44664613,44664740,FEM,NA
44664855,44665174,FEM,NA
44665040,44666511,MAL,NA
44668457,44670492,NA,NA
44668493,44670493,FEM,NA
44680697,44683167,NA,NA
44680844,44681716,CHI,N
44681510,44683010,FEM,NA
44713991,44714286,NA,NA
44720492,44721511,NA,NA
44720498,44721462,FEM,NA
44729108,44730011,NA,NA
44737324,44740022,NA,NA
44737481,44738802,CHI,N
44739493,44739716,CHI,N
44740445,44741893,NA,NA
44740615,44741492,CHI,N
44743296,44743711,NA,NA
44743301,44743510,CHI,N
44749432,44750586,NA,NA
44760978,44762011,NA,NA
44760992,44761993,CHI,Y
44766493,44766993,NA,NA
44774492,44776011,NA,NA
44774657,44774794,FEM,NA
44774915,44775040,MAL,NA
44777492,44781502,NA,NA
44777556,44778914,FEM,NA
44779971,44781375,OCH,NA
44780021,44781010,CHI,N
44784691,44784811,NA,NA
44794542,44794687,NA,NA
44812805,44812965,NA,NA
44814688,44815512,NA,NA
44814757,44815511,CHI,N
44818304,44822972,NA,NA
44818378,44822858,CHI,N
44832530,44833510,NA,NA
44832619,44833510,CHI,N
44835653,44838522,NA,NA
44836011,44838492,OCH,NA
44836796,44838011,CHI,N
44847474,44849059,NA,NA
44847503,44848991,CHI,N
44849977,44851796,NA,NA
44850699,44851528,CHI,N
44857960,44859248,NA,NA
44858013,44858784,CHI,N
44858033,44859216,FEM,NA
44864739,44865510,NA,NA
44865038,44865200,OCH,NA
44878884,44883025,NA,NA
44878992,44882161,FEM,NA
44884635,44891260,NA,NA
44884754,44886183,OCH,NA
44888006,44888268,FEM,NA
44888013,44888784,CHI,N
44888862,44889512,FEM,NA
44889992,44891497,OCH,NA
44890052,44890860,CHI,C
44895511,44895990,NA,NA
44895581,44895816,OCH,NA
44906287,44908376,NA,NA
44907232,44907521,MAL,NA
44915248,44916694,NA,NA
44915283,44916569,CHI,N
44917809,44919041,NA,NA
44917895,44918975,CHI,N
44918263,44918916,OCH,NA
44919988,44920513,NA,NA
44920013,44920435,FEM,NA
44927944,44928516,NA,NA
44935045,44935187,MAL,NA
44936318,44937499,NA,NA
44936385,44937448,CHI,C
44950960,44952637,NA,NA
44951006,44952493,CHI,N
44962511,44964511,NA,NA
44962763,44964503,CHI,N
44968326,44971855,NA,NA
44970142,44971544,FEM,NA
44980046,44980446,MAL,NA
44981511,44983237,NA,NA
44981688,44983030,CHI,N
44983978,44984916,NA,NA
44990011,44991498,NA,NA
44990154,44991492,CHI,N
45000492,45001002,NA,NA
45004852,45006109,FEM,NA
45004854,45006143,NA,NA
45010512,45011492,NA,NA
45010610,45011300,CHI,N
45016609,45020246,NA,NA
45016722,45018416,CHI,N
45016754,45017923,OCH,NA
45019403,45019693,CHI,N
45021472,45021810,NA,NA
45022691,45023214,NA,NA
45023816,45025323,NA,NA
45023992,45025293,MAL,NA
45024105,45024324,FEM,NA
45036511,45038787,NA,NA
45036974,45038741,FEM,NA
45039404,45041444,NA,NA
45039480,45040979,FEM,NA
45039876,45040875,OCH,NA
45041964,45043122,NA,NA
45042024,45043030,OCH,NA
45045615,45046626,MAL,NA
45045992,45046409,NA,NA
45110258,45114511,NA,NA
45110431,45114429,CHI,N
45110861,45111035,OCH,NA
45111492,45112018,OCH,NA
45114862,45115770,NA,NA
45115152,45115491,CHI,N
45116011,45119072,NA,NA
45116322,45118511,CHI,N
45116492,45117010,OCH,NA
45119175,45122218,NA,NA
45119287,45120976,FEM,NA
45121963,45122101,MAL,NA
45122493,45124012,NA,NA
45123011,45123759,OCH,NA
45123195,45123306,FEM,NA
45123224,45123511,CHI,N
45127220,45128874,NA,NA
45128031,45128510,FEM,NA
45137010,45139580,OCH,NA
45137265,45139098,NA,NA
45139748,45140242,NA,NA
45139759,45140437,OCH,NA
45145954,45150141,NA,NA
45146153,45146266,MAL,NA
45146273,45148042,FEM,NA
45148862,45149011,MAL,NA
45149105,45149226,CHI,N
45150377,45152010,NA,NA
45150909,45151037,OCH,NA
45151493,45151631,FEM,NA
45153492,45154343,OCH,NA
45153609,45154338,NA,NA
45154446,45155011,OCH,NA
45154473,45158351,NA,NA
45154606,45157617,CHI,N
45155755,45157529,OCH,NA
45157757,45158297,OCH,NA
45158666,45158825,OCH,NA
45196113,45196643,MAL,NA
45196512,45196659,NA,NA
45196885,45200992,NA,NA
45196993,45198493,CHI,N
45197104,45197295,OCH,NA
45197511,45198071,OCH,NA
45198867,45200684,CHI,N
45202347,45207354,NA,NA
45202492,45202740,CHI,N
45203511,45204108,CHI,N
45204080,45204816,FEM,NA
45205493,45206011,FEM,NA
45205565,45206966,CHI,N
45211493,45217097,NA,NA
45211529,45216993,CHI,N
45212126,45212244,MAL,NA
45217752,45223785,NA,NA
45217943,45223789,CHI,N
45220142,45220770,FEM,NA
45225992,45229271,NA,NA
45225992,45229284,CHI,N
45230005,45231492,NA,NA
45230010,45231411,CHI,N
45234725,45236510,CHI,N
45234730,45236716,NA,NA
45235493,45236511,FEM,NA
45241728,45243318,OCH,NA
45241909,45243178,NA,NA
45244853,45248491,NA,NA
45244926,45245670,FEM,NA
45245729,45246983,CHI,Y
45247282,45249837,OCH,NA
45247380,45247927,CHI,N
45249010,45252802,NA,NA
45249337,45252758,CHI,Y
45254217,45259011,CHI,Y
45254219,45259492,NA,NA
45260535,45263507,NA,NA
45260670,45262992,CHI,Y
45262493,45263138,OCH,NA
45263801,45266012,NA,NA
45263949,45266011,CHI,N
45267874,45272010,NA,NA
45268011,45271992,CHI,N
45274334,45279798,NA,NA
45274344,45279725,CHI,N
45282981,45284493,CHI,N
45283160,45284611,NA,NA
45284866,45289859,NA,NA
45284879,45288492,CHI,N
45288992,45289562,FEM,NA
45289991,45292510,NA,NA
45290507,45292159,CHI,N
45292897,45293493,NA,NA
45293178,45293492,FEM,NA
45303869,45304492,NA,NA
45303879,45304475,CHI,N
45316565,45317019,NA,NA
45316598,45317011,CHI,N
45321992,45326454,NA,NA
45322151,45326407,CHI,N
45337963,45339492,CHI,N
45337992,45339450,NA,NA
45340457,45341512,NA,NA
45340477,45341491,CHI,N
45346510,45346613,NA,NA
45346777,45348448,NA,NA
45346811,45348338,CHI,N
45348928,45349233,NA,NA
45350921,45352197,NA,NA
45350935,45352118,CHI,N
45370231,45372011,OCH,NA
45370240,45371511,NA,NA
45387483,45388146,NA,NA
45395881,45396661,NA,NA
45401992,45403102,NA,NA
45402272,45402510,FEM,NA
45403991,45417511,NA,NA
45403991,45410491,CHI,Y
45407255,45407508,OCH,NA
45408956,45411011,OCH,NA
45410993,45413330,FEM,NA
45411238,45411493,OCH,NA
45412512,45412634,CHI,N
45412993,45413305,CHI,N
45413492,45415991,CHI,N
45416511,45417674,OCH,NA
45423686,45424992,NA,NA
45423755,45424639,CHI,Y
45426999,45429949,NA,NA
45427265,45428510,CHI,N
45427492,45428378,OCH,NA
45428489,45429825,FEM,NA
45431898,45433992,NA,NA
45432144,45432510,MAL,NA
45432492,45433847,CHI,N
45432625,45433511,FEM,NA
45436012,45436712,NA,NA
45436032,45436381,CHI,Y
45437011,45440492,NA,NA
45437480,45440128,CHI,N
45439010,45440345,OCH,NA
45443511,45445232,NA,NA
45444149,45445210,FEM,NA
45451511,45454807,NA,NA
45451716,45454649,FEM,NA
45456596,45461010,NA,NA
45457259,45460809,FEM,NA
45462686,45464510,NA,NA
45463012,45464511,FEM,NA
45463096,45463440,OCH,NA
45468635,45470064,NA,NA
45468992,45469188,CHI,N
45469520,45470011,OCH,NA
45471011,45471970,NA,NA
45472347,45474541,NA,NA
45472426,45474432,CHI,Y
45473493,45473954,OCH,NA
45475840,45488152,NA,NA
45475992,45479629,CHI,Y
45476512,45478765,OCH,NA
45478896,45482382,OCH,NA
45481367,45486492,CHI,N
45485992,45487536,OCH,NA
45488513,45489930,NA,NA
45488599,45489784,CHI,N
45492253,45498004,CHI,N
45492280,45498257,NA,NA
45496850,45497992,OCH,NA
45502378,45502493,NA,NA
45505949,45508492,NA,NA
45505979,45506757,CHI,N
45506742,45507770,FEM,NA
45507994,45508411,CHI,Y
45509848,45527992,NA,NA
45509848,45512398,CHI,N
45511143,45511251,MAL,NA
45512574,45513306,CHI,N
45513335,45519337,FEM,NA
45513510,45514011,CHI,N
45517493,45519012,CHI,C
45519511,45522650,FEM,NA
45522493,45523997,CHI,C
45523834,45527992,FEM,NA
45525851,45526511,CHI,N
45550011,45551511,NA,NA
45573138,45573992,NA,NA
45573366,45573493,CHI,N
45574446,45577492,NA,NA
45574564,45575244,CHI,N
45574620,45575168,OCH,NA
45575652,45576511,OCH,NA
45575705,45577149,CHI,Y
45576803,45576992,OCH,NA
45578325,45581492,NA,NA
45578492,45581492,CHI,C
45588359,45589086,NA,NA
45588361,45589119,CHI,N
45597511,45600808,NA,NA
45597776,45600842,FEM,NA
45598076,45598537,MAL,NA
45623314,45623920,MAL,NA
45630010,45635992,FEM,NA
45630010,45635992,NA,NA
45640393,45644570,NA,NA
45640493,45644509,FEM,NA
45645090,45654012,NA,NA
45645144,45645851,CHI,C
45645501,45645742,FEM,NA
45646013,45646734,FEM,NA
45646890,45647492,FEM,NA
45648011,45654012,FEM,NA
45656379,45658396,NA,NA
45656399,45658201,FEM,NA
45659651,45660199,CHI,N
45659666,45660250,NA,NA
45952383,45953515,NA,NA
45952431,45953492,CHI,N
45955141,45955332,OCH,NA
45955190,45955330,NA,NA
45959091,45960011,CHI,N
45959164,45960011,NA,NA
45985804,45986010,FEM,NA
45985825,45986026,NA,NA
45995872,45996992,CHI,N
45995875,45996992,NA,NA
46026011,46026242,NA,NA
46026456,46030815,NA,NA
46026492,46027194,CHI,N
46026611,46026775,OCH,NA
46027506,46028065,FEM,NA
46027513,46029012,OCH,NA
46029718,46029991,OCH,NA
46032172,46032447,OCH,NA
46033255,46033523,OCH,NA
46033304,46033739,NA,NA
46033846,46034794,NA,NA
46034219,46034646,FEM,NA
46034227,46034392,OCH,NA
46036119,46036904,NA,NA
46036271,46036865,FEM,NA
46039011,46039575,CHI,N
46039011,46039603,NA,NA
46040371,46042760,NA,NA
46040505,46042174,FEM,NA
46042882,46046022,NA,NA
46043176,46043620,CHI,N
46043178,46043512,OCH,NA
46043515,46044966,FEM,NA
46045071,46045992,CHI,N
46045628,46045756,OCH,NA
46047849,46049037,FEM,NA
46047955,46049209,NA,NA
46054011,46055992,NA,NA
46054133,46055993,FEM,NA
46057511,46063856,NA,NA
46058456,46060025,CHI,N
46058644,46058808,OCH,NA
46060333,46063209,CHI,N
46064492,46068912,NA,NA
46064494,46066511,CHI,C
46066889,46067743,FEM,NA
46068232,46068492,OCH,NA
46069049,46069731,NA,NA
46069152,46069511,CHI,N
46073492,46075428,CHI,N
46073492,46076651,NA,NA
46075323,46076616,FEM,NA
46077680,46079410,FEM,NA
46077680,46079492,NA,NA
46080455,46081508,NA,NA
46082788,46083115,FEM,NA
46082807,46083131,NA,NA
46091992,46094685,NA,NA
46092011,46094493,CHI,N
46093776,46094167,OCH,NA
46095510,46099992,NA,NA
46095991,46096190,FEM,NA
46096189,46099306,CHI,Y
46097554,46097665,OCH,NA
46097922,46099010,OCH,NA
46099172,46099496,OCH,NA
46101012,46111669,NA,NA
46101347,46101953,CHI,N
46101904,46103510,FEM,NA
46103518,46103710,OCH,NA
46105089,46106783,CHI,N
46106553,46111632,FEM,NA
46108783,46109139,CHI,N
46114491,46114950,FEM,NA
46114491,46115009,NA,NA
46116003,46128415,NA,NA
46116332,46117039,CHI,N
46116469,46117370,OCH,NA
46118302,46120531,NA,J
46118417,46121011,OCH,NA
46120992,46122492,CHI,Y
46121233,46121954,OCH,NA
46122868,46126052,CHI,N
46126230,46126400,OCH,NA
46127492,46127862,OCH,NA
46129767,46130493,NA,NA
46129863,46130241,CHI,N
46133012,46133911,NA,NA
46133096,46133867,CHI,N
46138587,46140580,CHI,N
46138589,46141512,NA,NA
46140011,46141469,FEM,NA
46142992,46144234,NA,NA
46143062,46144145,CHI,N
46146279,46147511,NA,NA
46146336,46147269,CHI,N
46149315,46153065,NA,NA
46149355,46150992,FEM,NA
46151512,46153027,FEM,NA
46154431,46158905,NA,NA
46154492,46155904,CHI,N
46155493,46157511,OCH,NA
46156584,46157649,CHI,N
46157796,46158992,CHI,N
46159651,46160993,NA,NA
46159715,46160992,CHI,Y
46162011,46167870,NA,NA
46162194,46163362,FEM,NA
46163491,46165978,FEM,NA
46166768,46167591,FEM,NA
46172511,46180349,NA,NA
46172519,46180010,CHI,Y
46181193,46183491,CHI,N
46181195,46183541,NA,NA
46188426,46190574,NA,NA
46188470,46191177,CHI,Y
46190721,46191128,NA,NA
46192089,46192531,NA,NA
46194680,46197156,NA,NA
46194703,46196011,FEM,NA
46196408,46197108,CHI,N
46197991,46199042,NA,NA
46198492,46199000,CHI,N
46203662,46206780,NA,NA
46203885,46206011,FEM,NA
46206011,46206269,OCH,NA
46207203,46207493,NA,NA
46208224,46208492,NA,NA
46208271,46208445,CHI,N
46209012,46209382,NA,NA
46209992,46210530,MAL,NA
46210011,46210551,NA,NA
46210996,46216830,NA,NA
46211086,46216624,CHI,Y
46217005,46224705,NA,NA
46217269,46218492,FEM,NA
46218011,46218298,MAL,NA
46218592,46220693,CHI,N
46221146,46221511,CHI,N
46221189,46224567,FEM,NA
46225991,46227992,FEM,NA
46225991,46232901,NA,NA
46228124,46229383,CHI,N
46229807,46231235,FEM,NA
46231766,46232817,FEM,NA
46235510,46237098,NA,NA
46235910,46237051,FEM,NA
46239992,46242010,NA,NA
46240615,46240731,FEM,NA
46240615,46241820,OCH,NA
46240808,46240992,CHI,N
46240973,46241499,FEM,NA
46244491,46249172,NA,NA
46244569,46245485,OCH,NA
46245674,46248929,FEM,NA
46248611,46249011,CHI,N
46253157,46254168,NA,NA
46253295,46254107,CHI,N
46258337,46258523,NA,NA
46258833,46259511,NA,NA
46259088,46259311,CHI,N
46260997,46266557,NA,NA
46261056,46261863,CHI,N
46261090,46261696,OCH,NA
46262392,46263712,CHI,N
46262431,46263882,OCH,NA
46264011,46264975,CHI,N
46264019,46264491,OCH,NA
46265531,46265656,CHI,N
46265843,46266165,OCH,NA
46266287,46266447,OCH,NA
46267991,46270011,CHI,N
46267991,46272149,NA,NA
46269910,46271992,OCH,NA
46271488,46272011,CHI,Y
46272740,46273992,NA,NA
46272804,46273511,CHI,N
46273012,46273593,OCH,NA
46275992,46283512,NA,NA
46276016,46279492,CHI,Y
46277421,46278493,OCH,NA
46278562,46280992,FEM,NA
46281429,46282492,CHI,N
46281512,46283493,OCH,NA
46283999,46288511,NA,NA
46284833,46285905,FEM,NA
46286076,46286491,CHI,N
46286080,46286649,OCH,NA
46286915,46288511,CHI,N
46286993,46287174,OCH,NA
46287323,46287448,OCH,NA
46294011,46295326,OCH,NA
46294492,46295157,NA,NA
46296510,46299919,NA,NA
46296993,46297457,OCH,NA
46298486,46298948,FEM,NA
46298898,46299823,CHI,N
46304011,46309492,NA,NA
46304119,46304991,CHI,N
46304484,46305102,MAL,NA
46305052,46308331,OCH,NA
46307084,46308439,CHI,N
46308945,46309409,CHI,N
46313638,46314964,NA,NA
46313662,46314769,CHI,N
46315425,46323582,NA,NA
46315667,46316442,FEM,NA
46315792,46316945,CHI,N
46317277,46318846,CHI,N
46319450,46323498,CHI,N
46322282,46323011,FEM,NA
46324872,46325928,NA,NA
46324914,46325778,CHI,N
46329437,46329852,NA,NA
46329492,46329598,CHI,N
46331440,46333003,NA,NA
46331492,46332646,MAL,NA
46331528,46332736,CHI,N
46333168,46336562,NA,NA
46333681,46336511,CHI,N
46337333,46337993,NA,NA
46337456,46337993,CHI,N
46340507,46346216,NA,NA
46340586,46341587,FEM,NA
46341415,46342011,CHI,C
46342329,46343330,FEM,NA
46344012,46345185,FEM,NA
46344837,46346077,CHI,Y
46345616,46346011,OCH,NA
46347096,46347302,NA,NA
46348046,46349332,NA,NA
46348180,46349333,CHI,N
46349950,46350492,NA,NA
46350858,46353992,NA,NA
46351011,46353998,OCH,NA
46354493,46356013,NA,NA
46354521,46358249,CHI,N
46356239,46358267,NA,NA
46359992,46371511,NA,NA
46359992,46361997,CHI,N
46360991,46361636,OCH,NA
46361957,46363106,FEM,NA
46363111,46363759,CHI,N
46363511,46363710,FEM,NA
46363631,46364186,MAL,NA
46363946,46367539,FEM,NA
46364343,46364485,MAL,NA
46366575,46366739,MAL,NA
46366918,46368059,MAL,NA
46367993,46371511,CHI,N
46372993,46384492,NA,NA
46373492,46373700,FEM,NA
46374577,46382758,FEM,NA
46377510,46378011,CHI,N
46381493,46381846,CHI,N
46382946,46383992,CHI,Y
46383492,46384199,MAL,NA
46385511,46386010,MAL,NA
46385649,46385806,NA,NA
46386010,46386123,NA,NA
46386511,46388377,NA,NA
46386791,46388273,FEM,NA
46390011,46403492,NA,NA
46390334,46397801,FEM,NA
46395668,46396011,CHI,N
46397726,46399510,CHI,N
46399102,46400957,FEM,NA
46401422,46402441,FEM,NA
46401819,46401934,CHI,N
46402511,46402967,CHI,N
46403950,46410992,NA,NA
46404088,46405511,FEM,NA
46404890,46405557,CHI,C
46406491,46410992,FEM,NA
46412460,46414492,FEM,NA
46412465,46416907,NA,NA
46415081,46416514,OCH,NA
46415211,46416492,CHI,Y
46417408,46419526,NA,NA
46417637,46418511,CHI,C
46418493,46419379,FEM,NA
46420715,46421491,NA,NA
46420732,46421491,CHI,N
46422011,46433299,NA,NA
46422511,46425277,FEM,NA
46425167,46430457,CHI,Y
46432511,46432936,FEM,NA
46434074,46435404,NA,NA
46434519,46434880,CHI,N
46434811,46434966,OCH,NA
46435034,46435164,CHI,N
46435596,46435905,NA,NA
46436790,46452308,NA,NA
46436812,46442143,FEM,NA
46439997,46440512,CHI,N
46442346,46444390,FEM,NA
46442602,46442992,CHI,N
46444598,46444887,CHI,N
46444938,46446690,FEM,NA
46446512,46452012,CHI,C
46448740,46448845,OCH,NA
46449337,46449470,OCH,NA
46459008,46460056,CHI,N
46459011,46467511,NA,NA
46460010,46461510,OCH,NA
46460976,46461578,CHI,Y
46461840,46467493,CHI,N
46466836,46466991,OCH,NA
46468011,46468772,CHI,Y
46468011,46468986,NA,NA
46469288,46470992,NA,NA
46469492,46470803,CHI,Y
46471946,46478529,NA,NA
46471965,46476511,CHI,Y
46476588,46476831,FEM,NA
46476992,46477969,FEM,NA
46481011,46482491,NA,NA
46481032,46482492,CHI,N
46483011,46484759,CHI,N
46483013,46489399,NA,NA
46484893,46486285,FEM,NA
46486313,46488492,CHI,Y
46490011,46490993,NA,NA
46490127,46490564,OCH,NA
46490492,46490830,CHI,N
46496017,46496483,NA,NA
46499326,46504497,NA,NA
46499363,46502299,CHI,N
46501511,46504010,OCH,NA
46502432,46502992,CHI,N
46505362,46506012,CHI,N
46505381,46505973,NA,NA
46519491,46520510,OCH,NA
46519512,46520408,NA,NA
46523457,46526883,NA,NA
46523492,46524511,CHI,N
46526248,46526511,FEM,NA
46527011,46527235,NA,NA
46527529,46527639,NA,NA
46527991,46529641,NA,NA
46528336,46529662,FEM,NA
46534120,46535171,NA,NA
46534186,46535121,FEM,NA
46538007,46538203,NA,NA
46538493,46541281,NA,NA
46538645,46539899,OCH,NA
46540084,46541049,CHI,Y
46545977,46546807,NA,NA
46545992,46546746,CHI,N
46572513,46572992,FEM,NA
46572688,46572992,NA,NA
46580010,46581357,NA,NA
46580177,46581254,FEM,NA
46582995,46584433,NA,NA
46583011,46584169,CHI,C
46592493,46593511,NA,NA
46592535,46593308,CHI,Y
46605993,46607363,NA,NA
46606011,46607292,CHI,N
46609012,46610099,OCH,NA
46609310,46610010,NA,NA
46660222,46660728,NA,NA
46661716,46661934,NA,NA
46667877,46668468,NA,NA
46667964,46668298,FEM,NA
46670484,46672561,FEM,NA
46670492,46673511,NA,NA
46672158,46672720,MAL,NA
46673096,46673374,MAL,NA
46675043,46675728,NA,NA
46675082,46675603,OCH,NA
46685850,46687011,NA,NA
46686011,46686512,FEM,NA
46686518,46686675,OCH,NA
46697469,46698178,NA,NA
46703159,46714170,NA,NA
46703164,46706871,FEM,NA
46707189,46714081,FEM,NA
46718512,46721178,NA,NA
46718513,46721134,FEM,NA
46721919,46724435,NA,NA
46721948,46724326,FEM,NA
46725316,46727493,NA,NA
46726492,46727211,OCH,NA
46727888,46728511,NA,NA
46727977,46728510,FEM,NA
46739511,46739676,NA,NA
46740491,46741865,NA,NA
46740520,46741784,FEM,NA
46745492,46747185,NA,NA
46745515,46746011,FEM,NA
46746413,46746592,CHI,N
46751487,46752511,NA,NA
46751492,46752511,FEM,NA
46772692,46774147,NA,NA
46772918,46774732,MAL,NA
46773126,46773492,FEM,NA
46811491,46812066,NA,NA
46811625,46811951,FEM,NA
46864759,46866403,FEM,NA
46864794,46866446,NA,NA
46869011,46869114,NA,NA
46870010,46872980,NA,NA
46870157,46871880,FEM,NA
46870940,46871839,MAL,NA
46872017,46872964,MAL,NA
46879663,46880789,NA,NA
46879825,46880512,OCH,NA
46882010,46882466,NA,NA
46882214,46882342,OCH,NA
46882992,46883510,NA,NA
46889462,46890469,NA,NA
46889493,46890416,FEM,NA
46924010,46924634,NA,NA
46924012,46924552,CHI,N
47047416,47048504,NA,NA
47047421,47048511,CHI,N
47074186,47075362,CHI,N
47074218,47075446,NA,NA
47076220,47077011,NA,NA
47076336,47077011,CHI,N
47111436,47114511,NA,NA
47111488,47112146,CHI,N
47112484,47114511,CHI,N
47118993,47119992,CHI,N
47119011,47119991,NA,NA
47120508,47121095,NA,NA
47120511,47121220,CHI,N
47188400,47196679,CHI,N
47188433,47196783,NA,NA
47197001,47197492,NA,NA
47198341,47203012,NA,NA
47198492,47203011,CHI,C
47239991,47240575,NA,NA
47240012,47240312,FEM,NA
47280144,47280652,NA,NA
47280147,47280491,FEM,NA
47280977,47282319,NA,NA
47281511,47282011,OCH,NA
47284493,47286059,FEM,NA
47284493,47290045,NA,NA
47286646,47288114,FEM,NA
47288522,47289057,CHI,N
47288742,47289830,FEM,NA
47290679,47299292,NA,NA
47291305,47292010,FEM,NA
47291992,47292309,CHI,N
47292468,47299164,CHI,Y
47300161,47302512,NA,NA
47300510,47300679,OCH,NA
47300838,47301680,OCH,NA
47300993,47302510,NA,J
47305492,47307011,FEM,NA
47305492,47307384,NA,NA
47311494,47313641,NA,NA
47311666,47311992,CHI,N
47312424,47313555,FEM,NA
47314302,47317491,NA,NA
47314493,47316398,FEM,NA
47321511,47322237,NA,NA
47322507,47325391,NA,NA
47322691,47323758,FEM,NA
47323676,47325409,OCH,NA
47327990,47330604,CHI,N
47327993,47335939,NA,NA
47329512,47329637,OCH,NA
47329955,47330588,OCH,NA
47331010,47335902,FEM,NA
47361866,47364466,NA,NA
47361993,47362492,FEM,NA
47362492,47364510,OCH,NA
47362620,47362882,CHI,N
47366006,47367211,NA,NA
47366019,47367109,FEM,NA
47368542,47372258,CHI,N
47368547,47372511,NA,NA
47373464,47377511,NA,NA
47373491,47374510,CHI,N
47374991,47376105,FEM,NA
47376352,47377493,CHI,N
47377838,47379640,NA,NA
47377923,47379575,CHI,N
47381011,47393679,NA,NA
47381036,47381984,FEM,NA
47381993,47385257,CHI,Y
47384992,47389307,FEM,NA
47389155,47391485,MAL,NA
47390142,47393578,FEM,NA
47397894,47398667,FEM,NA
47397920,47398642,NA,NA
47407574,47408997,NA,NA
47407923,47408510,OCH,NA
47408510,47408707,FEM,NA
47420340,47421511,NA,NA
47420353,47421178,CHI,N
47423902,47424027,NA,NA
47429957,47430075,NA,NA
47430510,47431015,NA,NA
47430633,47430999,FEM,NA
47431992,47434063,NA,NA
47432004,47434012,FEM,NA
47435492,47437011,FEM,NA
47435492,47437011,NA,NA
47441938,47444668,NA,NA
47442011,47444493,FEM,NA
47442205,47442463,CHI,N
47442888,47443003,CHI,N
47451511,47454992,NA,NA
47451992,47454992,FEM,NA
47456606,47457872,NA,NA
47456653,47457492,FEM,NA
47459812,47460524,NA,NA
47459834,47460550,FEM,NA
47462492,47463089,NA,NA
47462502,47462993,FEM,NA
47464993,47468579,NA,NA
47464993,47468591,FEM,NA
47468827,47469011,NA,NA
47470512,47473725,NA,NA
47470992,47473690,FEM,NA
47474492,47476669,NA,NA
47474512,47475935,FEM,NA
47476940,47479254,NA,NA
47476992,47479160,FEM,NA
47481491,47486790,NA,NA
47481608,47482604,FEM,NA
47481655,47485771,OCH,NA
47484220,47485533,CHI,N
47485936,47486511,OCH,NA
47487257,47492098,NA,NA
47487607,47488625,CHI,N
47489232,47489993,FEM,NA
47490163,47491479,FEM,NA
47493138,47493492,NA,NA
47493201,47493493,OCH,NA
47494387,47496992,NA,NA
47494524,47496011,FEM,NA
47498493,47498694,NA,NA
47498986,47503053,NA,NA
47500162,47500287,OCH,NA
47500493,47501644,CHI,N
47500828,47501339,OCH,NA
47501481,47502487,OCH,NA
47503199,47504510,NA,NA
47503409,47504492,CHI,C
47506142,47510563,NA,NA
47506191,47509328,CHI,N
47507011,47508010,OCH,NA
47508832,47510492,OCH,NA
47510737,47523187,NA,NA
47510780,47512511,OCH,NA
47513512,47517012,FEM,NA
47517374,47522902,FEM,NA
47523512,47528068,NA,NA
47524011,47526976,FEM,NA
47526760,47527877,CHI,N
47527120,47527577,OCH,NA
47528821,47529493,NA,NA
47530493,47533993,NA,NA
47530621,47530992,OCH,NA
47530780,47533510,FEM,NA
47532395,47533937,MAL,NA
47534111,47534300,NA,NA
47535179,47539011,NA,NA
47535491,47538510,FEM,NA
47537817,47538180,OCH,NA
47538510,47538802,OCH,NA
47542526,47543677,NA,NA
47542564,47543632,FEM,NA
47545007,47547121,NA,NA
47545017,47546667,NA,J
47545571,47546616,OCH,NA
47547422,47549012,NA,NA
47547506,47548606,CHI,N
47548718,47548863,CHI,N
47551391,47555519,NA,NA
47551668,47551808,CHI,N
47551992,47552856,CHI,N
47553910,47555511,OCH,NA
47553991,47554624,CHI,N
47555048,47555375,CHI,N
47563932,47566288,NA,NA
47563975,47565011,CHI,N
47565029,47565957,FEM,NA
47566751,47567596,NA,NA
47567095,47567331,CHI,N
47570895,47573745,NA,NA
47571199,47571511,CHI,N
47571767,47573510,FEM,NA
47573873,47579010,NA,NA
47574228,47575699,MAL,NA
47575510,47575915,CHI,N
47576113,47576925,CHI,N
47576511,47579010,FEM,NA
47584869,47585492,NA,NA
47586894,47596514,NA,NA
47587011,47588992,FEM,NA
47589005,47591011,OCH,NA
47591012,47593599,FEM,NA
47595257,47596231,FEM,NA
47604513,47605323,OCH,NA
47604927,47605367,NA,NA
47605683,47610992,NA,NA
47605890,47606152,OCH,NA
47606493,47609250,OCH,NA
47606621,47607266,FEM,NA
47607499,47608221,CHI,Y
47609475,47610639,OCH,NA
47609816,47610511,CHI,N
47611152,47619132,NA,NA
47611513,47611670,OCH,NA
47612011,47612510,FEM,NA
47612991,47613092,FEM,NA
47613447,47613992,FEM,NA
47613982,47614514,OCH,NA
47613992,47615544,CHI,C
47614741,47616138,FEM,NA
47616277,47617608,CHI,N
47617991,47619010,CHI,N
47618361,47618511,OCH,NA
47621491,47621726,OCH,NA
47621986,47622216,NA,NA
47624011,47629308,NA,NA
47624095,47625507,OCH,NA
47624993,47625145,CHI,N
47625050,47625153,FEM,NA
47625273,47625437,CHI,N
47625855,47626221,CHI,N
47626383,47627166,FEM,NA
47627548,47627934,CHI,N
47628459,47629011,CHI,N
47631993,47633493,FEM,NA
47631993,47633512,NA,NA
47634985,47637493,NA,NA
47635283,47637300,FEM,NA
47642011,47642784,NA,NA
47642511,47642675,FEM,NA
47649367,47652102,OCH,NA
47649492,47652511,NA,NA
47654511,47659005,NA,NA
47654789,47658993,FEM,NA
47662012,47662596,NA,NA
47663006,47666011,NA,NA
47663203,47664993,OCH,NA
47665324,47665493,CHI,N
47671991,47686023,NA,NA
47671991,47673869,FEM,NA
47674140,47676511,FEM,NA
47676992,47677267,OCH,NA
47677511,47678510,OCH,NA
47677788,47678129,MAL,NA
47678991,47681335,FEM,NA
47681440,47685993,FEM,NA
47686404,47688637,NA,NA
47686499,47687010,OCH,NA
47686855,47687407,CHI,N
47687511,47688341,FEM,NA
47689322,47694104,NA,NA
47689401,47694050,FEM,NA
47691119,47691732,CHI,N
47694842,47697010,NA,NA
47694943,47696104,FEM,NA
47698011,47698718,NA,NA
47698133,47698378,FEM,NA
47701992,47704992,NA,NA
47702010,47704700,FEM,NA
47712831,47714993,NA,NA
47712993,47714493,CHI,N
47713229,47714459,OCH,NA
47716415,47717492,CHI,N
47716464,47717600,NA,NA
47717827,47717992,NA,NA
47718678,47718955,OCH,NA
47719176,47719459,OCH,NA
47725991,47727940,NA,NA
47726601,47727511,OCH,NA
47742818,47744512,NA,NA
47742856,47745011,OCH,NA
47747608,47747802,NA,NA
47749190,47759511,NA,NA
47749579,47749685,OCH,NA
47751252,47756993,FEM,NA
47757068,47758869,OCH,NA
47757070,47758844,CHI,N
47763376,47767271,NA,NA
47763824,47765513,FEM,NA
47765796,47766010,OCH,NA
47766254,47766492,OCH,NA
47771934,47773912,FEM,NA
47771945,47777588,NA,NA
47774365,47775992,FEM,NA
47776399,47776510,OCH,NA
47776805,47777004,OCH,NA
47776993,47777428,FEM,NA
47782502,47783236,NA,NA
47790010,47794538,FEM,NA
47790010,47794824,NA,NA
47796748,47797261,NA,NA
47798492,47810188,NA,NA
47798512,47806175,FEM,NA
47806735,47810010,FEM,NA
47812493,47813635,CHI,N
47812493,47815011,NA,NA
47813493,47814640,FEM,NA
47817091,47818510,FEM,NA
47817140,47823304,NA,NA
47818755,47820512,CHI,N
47821099,47821492,FEM,NA
47822117,47823226,CHI,N
47826990,47828759,NA,NA
47827005,47828588,FEM,NA
47827245,47827426,CHI,N
47830681,47833511,NA,NA
47830682,47831236,OCH,NA
47832083,47833399,CHI,N
47841781,47844493,NA,NA
47842005,47842223,FEM,NA
47842512,47844493,FEM,NA
47855492,47855617,OCH,NA
47860112,47860335,OCH,NA
47860138,47860320,NA,NA
47889011,47889355,OCH,NA
47889179,47889346,NA,NA
47898304,47900493,NA,NA
47898516,47900011,OCH,NA
47907762,47909154,OCH,NA
47907992,47911284,NA,NA
47910285,47910511,FEM,NA
47910493,47911004,MAL,NA
47910690,47910818,FEM,NA
47954992,47955512,CHI,N
47954992,47955893,NA,NA
47956011,47956148,NA,NA
47977223,47977491,NA,NA
48005492,48007011,NA,NA
48005511,48005638,OCH,NA
48005782,48005939,OCH,NA
48017144,48018518,NA,NA
48017669,48018072,OCH,NA
48018032,48018184,CHI,N
48075621,48076596,NA,NA
48134010,48135622,FEM,NA
48134010,48135632,NA,NA
48142414,48144125,CHI,N
48142450,48144220,NA,NA
48187992,48191011,FEM,NA
48187992,48192992,NA,NA
48190923,48192960,CHI,N
48195888,48197012,NA,NA
48195899,48197011,CHI,N
48226511,48229992,NA,NA
48226546,48227422,CHI,N
48227343,48229992,FEM,NA
48230512,48233048,NA,NA
48230735,48233011,FEM,NA
48233649,48234130,NA,NA
48233762,48233991,CHI,N
48234511,48234710,NA,NA
48234818,48239492,NA,NA
48234992,48237930,FEM,NA
48235444,48235655,MAL,NA
48235819,48237490,MAL,NA
48237987,48238676,CHI,N
48238527,48239342,FEM,NA
48240493,48241904,NA,NA
48240800,48241733,CHI,N
48243492,48246406,CHI,N
48243495,48249550,NA,NA
48247010,48249010,FEM,NA
48256729,48260495,FEM,NA
48256810,48262698,NA,NA
48260575,48262722,CHI,N
48310074,48310369,MAL,NA
48344700,48345032,NA,NA
48344769,48345010,CHI,N
48348029,48349511,NA,NA
48348124,48349511,FEM,NA
48351011,48353357,FEM,NA
48351011,48353721,NA,NA
48354238,48355887,NA,NA
48354254,48355844,CHI,N
48356848,48357250,NA,NA
48357079,48357192,CHI,N
48359060,48359556,NA,NA
48359101,48359511,CHI,N
48360011,48360993,NA,NA
48360081,48360974,CHI,N
48366440,48367992,NA,NA
48366511,48366732,CHI,N
48367167,48367992,FEM,NA
48369493,48371386,FEM,NA
48369493,48371493,NA,NA
48374017,48377237,CHI,N
48374099,48374723,NA,NA
48374854,48375829,NA,NA
48376492,48377260,NA,NA
48378101,48379993,NA,NA
48378492,48379493,CHI,Y
48378511,48378752,OCH,NA
48379629,48379992,CHI,N
48381011,48389371,NA,NA
48381094,48382511,CHI,Y
48382491,48383574,FEM,NA
48383764,48387007,CHI,N
48387159,48388354,FEM,NA
48388634,48388912,FEM,NA
48391170,48393183,NA,NA
48391231,48393091,FEM,NA
48437632,48437743,NA,NA
48438952,48439492,NA,NA
48441358,48443586,NA,NA
48442624,48443010,FEM,NA
48442659,48443511,OCH,NA
48444556,48447253,NA,NA
48444991,48445980,CHI,Y
48446174,48446706,FEM,NA
48447511,48449992,NA,NA
48448010,48449836,FEM,NA
48448511,48449173,OCH,NA
48449327,48449597,OCH,NA
48451586,48451728,NA,NA
48451934,48453049,NA,NA
48451993,48452926,OCH,NA
48452129,48452738,CHI,N
48455493,48457540,CHI,N
48455629,48460992,NA,NA
48458010,48459492,OCH,NA
48458707,48459983,FEM,NA
48459546,48460763,CHI,N
48459700,48460313,OCH,NA
48460513,48460640,OCH,NA
48463491,48464866,NA,NA
48463512,48464293,FEM,NA
48465493,48469362,NA,NA
48465513,48466549,CHI,Y
48467160,48468554,OCH,NA
48468665,48469175,OCH,NA
48469511,48471418,NA,NA
48469936,48470856,CHI,Y
48470003,48470140,FEM,NA
48470805,48471070,FEM,NA
48472094,48473250,NA,NA
48472229,48472641,CHI,N
48472904,48473103,FEM,NA
48474371,48474815,NA,NA
48475403,48478010,NA,NA
48475861,48476700,OCH,NA
48475884,48476949,CHI,N
48477116,48477799,CHI,N
48478640,48479396,NA,NA
48482256,48482546,NA,NA
48482682,48484012,NA,NA
48483210,48483993,CHI,N
48487037,48491011,NA,NA
48488011,48489530,CHI,Y
48489011,48489134,OCH,NA
48501317,48503583,NA,NA
48501489,48502493,MAL,NA
48501492,48503510,FEM,NA
48504012,48506992,NA,NA
48504260,48504915,FEM,NA
48504926,48505090,CHI,N
48505034,48505248,FEM,NA
48505394,48506378,FEM,NA
48507128,48508679,NA,NA
48508170,48508381,CHI,N
48509391,48510886,NA,NA
48511852,48514189,NA,NA
48511992,48512360,CHI,N
48512491,48514040,CHI,N
48515853,48516992,CHI,Y
48515853,48516992,NA,NA
48517577,48517828,NA,NA
48517586,48517701,CHI,N
48518867,48522495,NA,NA
48519059,48520505,CHI,Y
48520515,48520856,FEM,NA
48521492,48522491,OCH,NA
48524457,48526011,NA,NA
48524488,48525511,OCH,NA
48524677,48526012,CHI,Y
48531295,48533013,NA,NA
48531334,48532492,CHI,N
48532011,48532165,FEM,NA
48532787,48532973,CHI,N
48533735,48535203,NA,NA
48534005,48534390,CHI,Y
48534722,48534979,CHI,N
48536341,48537510,FEM,NA
48536368,48538759,NA,NA
48537961,48538493,CHI,Y
48537996,48538145,OCH,NA
48539512,48540992,NA,NA
48539790,48540909,CHI,Y
48543101,48553493,NA,NA
48543187,48547961,CHI,Y
48546275,48547762,OCH,NA
48548001,48549481,MAL,NA
48548992,48549618,FEM,NA
48550133,48553403,FEM,NA
48557087,48558992,NA,NA
48557273,48557492,CHI,N
48557492,48558904,FEM,NA
48564952,48566513,NA,NA
48565055,48565511,CHI,N
48566129,48566492,CHI,N
48567234,48570992,NA,NA
48567627,48567762,OCH,NA
48567809,48569011,CHI,N
48568088,48568194,OCH,NA
48568393,48568928,OCH,NA
48569303,48570783,CHI,Y
48570317,48570450,OCH,NA
48575992,48576512,FEM,NA
48575992,48576571,NA,NA
48579510,48579844,NA,NA
48589715,48591511,NA,NA
48589853,48591492,CHI,N
48590211,48590344,OCH,NA
48591748,48591876,NA,NA
48594011,48594829,OCH,NA
48594234,48601991,NA,NA
48595202,48596010,OCH,NA
48597492,48597814,FEM,NA
48597992,48599492,FEM,NA
48599102,48600492,OCH,NA
48599590,48600196,CHI,N
48600648,48601991,FEM,NA
48604995,48606527,MAL,NA
48605111,48606510,NA,NA
48607123,48609847,NA,NA
48607130,48609354,CHI,Y
48609988,48612654,NA,NA
48610214,48611011,FEM,NA
48610589,48612660,MAL,NA
48611276,48611409,FEM,NA
48613395,48613510,NA,NA
48614217,48614625,NA,NA
48616268,48616401,NA,NA
48617511,48620992,NA,NA
48617616,48619992,CHI,Y
48618510,48620878,OCH,NA
48621885,48623048,NA,NA
48621911,48623011,CHI,N
48625275,48627413,NA,NA
48625993,48626575,FEM,NA
48629364,48633267,NA,NA
48629422,48629616,CHI,N
48629992,48631511,MAL,NA
48630164,48630930,CHI,N
48635512,48636217,NA,NA
48637127,48638992,NA,NA
48637189,48638011,CHI,N
48638583,48639511,OCH,NA
48639135,48639511,NA,NA
48641992,48642287,NA,NA
48642431,48652531,NA,NA
48642569,48643912,CHI,N
48642992,48643557,OCH,NA
48643721,48644087,OCH,NA
48644039,48644397,CHI,N
48644493,48652531,FEM,NA
48654493,48656493,FEM,NA
48654493,48656505,NA,NA
48658011,48659913,FEM,NA
48658011,48660080,NA,NA
48659511,48659805,CHI,N
48660789,48664512,NA,NA
48661590,48664511,FEM,NA
48661724,48662367,MAL,NA
48666442,48666992,OCH,NA
48667492,48668017,OCH,NA
48667568,48667690,NA,NA
48671660,48673331,NA,NA
48671741,48673326,FEM,NA
48693012,48694025,NA,NA
48693140,48694012,FEM,NA
48695534,48697950,NA,NA
48696491,48697875,FEM,NA
48699993,48701993,NA,NA
48700114,48701002,MAL,NA
48700200,48701714,FEM,NA
48702242,48702905,NA,NA
48703339,48706512,NA,NA
48703410,48706500,FEM,NA
48709522,48709994,NA,NA
48729458,48730681,NA,NA
48729462,48730512,FEM,NA
48740474,48740992,NA,NA
48767992,48769637,NA,NA
48768062,48768992,FEM,NA
48768737,48769144,CHI,N
48770011,48777993,NA,NA
48770412,48771327,OCH,NA
48771631,48777384,FEM,NA
48778497,48779543,OCH,NA
48778505,48783038,NA,NA
48779636,48781298,FEM,NA
48781992,48782873,OCH,NA
48783448,48786069,NA,NA
48784012,48784209,CHI,N
48784823,48785970,CHI,Y
48786511,48789493,FEM,NA
48786511,48789493,NA,NA
48790374,48802332,NA,NA
48790487,48796165,FEM,NA
48796992,48802011,FEM,NA
48805902,48809014,NA,NA
48805926,48809001,FEM,NA
48809233,48809355,NA,NA
48811722,48819814,NA,NA
48811744,48819670,FEM,NA
48814542,48814655,CHI,N
48821992,48825664,FEM,NA
48821992,48825667,NA,NA
48829073,48830511,NA,NA
48829083,48830511,FEM,NA
48832511,48846993,FEM,NA
48832511,48847012,NA,NA
48847180,48847492,NA,NA
48847219,48847492,FEM,NA
48848511,48854491,NA,NA
48848898,48854126,FEM,NA
48854634,48854739,NA,NA
48854853,48857992,NA,NA
48854991,48857991,FEM,NA
48860739,48863395,NA,NA
48860992,48863258,FEM,NA
48863512,48866011,NA,NA
48863858,48866011,FEM,NA
48868886,48871527,NA,NA
48868944,48871511,FEM,NA
49095511,49097246,NA,NA
49096511,49097201,FEM,NA
49138864,49139110,NA,NA
49138915,49139089,CHI,N
49201992,49202512,NA,NA
49211680,49212807,NA,NA
49211763,49212492,FEM,NA
49213906,49214630,NA,NA
49214073,49214512,FEM,NA
49214773,49214992,NA,NA
49222043,49222234,FEM,NA
49222119,49222246,NA,NA
49222510,49222778,NA,NA
49222510,49222944,FEM,NA
49223012,49223132,NA,NA
49223595,49228492,NA,NA
49223992,49225069,FEM,NA
49226640,49226837,FEM,NA
49226992,49228070,FEM,NA
49228872,49233568,NA,NA
49229056,49233548,FEM,NA
49234316,49238361,NA,NA
49234483,49235514,FEM,NA
49236010,49236179,FEM,NA
49236962,49237900,FEM,NA
49238822,49243746,NA,NA
49239539,49240492,OCH,NA
49239652,49240511,CHI,N
49241169,49243675,FEM,NA
49241432,49242482,CHI,N
49244510,49249048,NA,NA
49244787,49245916,FEM,NA
49247148,49248952,FEM,NA
49249931,49252012,NA,NA
49249932,49252011,FEM,NA
49264386,49265014,NA,NA
49264418,49264958,CHI,N
49265484,49269590,NA,NA
49265511,49266010,CHI,N
49266240,49267457,CHI,N
49267575,49269511,CHI,N
