segment_onset,segment_offset,speaker_type,vcm_type
74702,75991,NA,NA
74993,75992,FEM,NA
103349,103995,NA,NA
103391,103992,CHI,N
111085,111617,NA,NA
111896,112942,NA,NA
112094,112769,CHI,N
114323,115525,NA,NA
114382,115511,CHI,N
119791,120640,NA,NA
119851,120511,CHI,N
122028,124779,NA,NA
123863,123983,OCH,NA
124011,124241,FEM,NA
124397,124758,FEM,NA
682084,682710,NA,NA
682871,685011,NA,NA
682992,684511,CHI,N
687312,688954,NA,NA
687493,688011,MAL,NA
687719,688381,OCH,NA
690010,694320,NA,NA
690285,693491,CHI,N
695588,699545,NA,NA
697012,699511,FEM,NA
997436,999304,NA,NA
997505,999078,MAL,NA
997637,997993,FEM,NA
1004061,1005131,NA,NA
1004491,1004754,OCH,NA
1005428,1006493,NA,NA
1005468,1005784,MAL,NA
1005991,1006411,OCH,NA
1011388,1013511,NA,NA
1011493,1013498,FEM,NA
1017993,1019492,NA,NA
1018491,1019809,MAL,NA
1021584,1026503,NA,NA
1021759,1021990,FEM,NA
1021992,1022510,OCH,NA
1023275,1025845,OCH,NA
1024434,1026010,FEM,NA
1028778,1032992,NA,NA
1029142,1029453,CHI,N
1031511,1032782,CHI,N
1033658,1034223,NA,NA
1038462,1042063,NA,NA
1038493,1039608,CHI,N
1039510,1041992,FEM,NA
1043516,1044275,NA,NA
1044404,1054470,NA,NA
1044605,1046212,OCH,NA
1045011,1046385,CHI,N
1046512,1046741,OCH,NA
1046525,1046879,CHI,N
1047018,1047167,OCH,NA
1047673,1050012,OCH,NA
1049188,1049526,CHI,N
1050011,1051511,FEM,NA
1051512,1053993,CHI,N
1059011,1060012,NA,NA
1059188,1059510,OCH,NA
1064458,1065260,NA,NA
1064492,1065236,FEM,NA
1089992,1090454,OCH,NA
1089992,1090512,NA,NA
1103983,1105993,NA,NA
1103993,1105686,CHI,N
1110149,1110384,NA,NA
1111075,1112283,NA,NA
1114422,1115512,NA,NA
1118132,1119492,NA,NA
1118362,1119012,OCH,NA
1122628,1125450,NA,NA
1122778,1123991,FEM,NA
1134655,1135992,NA,NA
1134705,1135991,FEM,NA
1138497,1139179,NA,NA
1138568,1139010,CHI,N
1151150,1151982,MAL,NA
1151510,1151883,NA,NA
1154993,1158992,NA,NA
1155511,1158851,FEM,NA
1183493,1184423,NA,NA
1183511,1184237,FEM,NA
1183572,1184368,OCH,NA
1188010,1189873,NA,NA
1188287,1188572,OCH,NA
1188577,1188925,CHI,N
1188667,1189264,FEM,NA
1190342,1196511,NA,NA
1190492,1190897,OCH,NA
1190492,1191491,CHI,N
1191086,1192854,FEM,NA
1193820,1195298,FEM,NA
1193955,1196512,MAL,NA
1195825,1196011,FEM,NA
1199121,1204011,NA,NA
1199413,1203488,MAL,NA
1199492,1202011,FEM,NA
1202408,1203542,FEM,NA
1204288,1204931,NA,NA
1212511,1214150,NA,NA
1212924,1214011,FEM,NA
1216505,1218992,OCH,NA
1216782,1216991,NA,NA
1217633,1219807,NA,NA
1218993,1219486,FEM,NA
1220095,1226590,NA,NA
1221173,1221404,FEM,NA
1221394,1224167,OCH,NA
1223492,1223944,CHI,N
1224256,1226580,FEM,NA
1227000,1234835,NA,NA
1227017,1227716,CHI,N
1227093,1227312,OCH,NA
1227766,1228925,MAL,NA
1229788,1230107,OCH,NA
1230010,1230206,CHI,N
1231389,1232342,MAL,NA
1231451,1232224,FEM,NA
1232447,1234690,OCH,NA
1236642,1236878,OCH,NA
1237579,1242442,NA,NA
1237597,1237870,OCH,NA
1238090,1242368,FEM,NA
1243468,1245702,NA,NA
1243539,1245667,FEM,NA
1246334,1249604,NA,NA
1246377,1249733,OCH,NA
1250362,1251035,NA,NA
1250492,1250981,FEM,NA
1251143,1254287,OCH,NA
1251146,1254111,NA,NA
1255595,1258877,OCH,NA
1255741,1259705,NA,NA
1258062,1258637,FEM,NA
1258981,1259540,FEM,NA
1259859,1261869,NA,NA
1259879,1261727,OCH,NA
1261081,1261594,CHI,N
1261987,1267296,NA,NA
1262091,1267268,FEM,NA
1262147,1262512,OCH,NA
1269928,1280011,NA,NA
1269992,1270991,FEM,NA
1270492,1275028,OCH,NA
1274493,1275452,FEM,NA
1275845,1279402,FEM,NA
1278474,1279026,MAL,NA
1280703,1287220,NA,NA
1281493,1286510,FEM,NA
1287654,1288272,NA,NA
1289260,1289942,NA,NA
1292009,1295602,NA,NA
1292993,1295595,CHI,N
1298319,1303030,NA,NA
1298992,1302510,FEM,NA
1300043,1300564,MAL,NA
1302706,1304512,OCH,NA
1303364,1304115,NA,NA
1305565,1308496,NA,NA
1306010,1308011,FEM,NA
1306282,1306457,MAL,NA
1307011,1307829,MAL,NA
1312642,1314890,NA,NA
1312801,1314807,FEM,NA
1315492,1317826,MAL,NA
1315565,1321842,NA,NA
1317863,1320293,OCH,NA
1320992,1321512,CHI,N
1322087,1326161,NA,NA
1322185,1323069,OCH,NA
1322254,1322802,CHI,N
1323511,1323906,FEM,NA
1323805,1325511,OCH,NA
1327622,1327735,NA,NA
1327992,1329232,NA,NA
1328230,1329011,FEM,NA
1330427,1332136,NA,NA
1330493,1331252,FEM,NA
1332826,1334940,NA,NA
1333002,1333238,FEM,NA
1333073,1333416,MAL,NA
1333493,1333992,FEM,NA
1335493,1335724,NA,NA
1336011,1341053,NA,NA
1336569,1338714,FEM,NA
1337011,1337389,CHI,N
1339340,1340962,CHI,N
1341483,1343621,NA,NA
1341622,1342496,CHI,N
1342491,1343512,OCH,NA
1342629,1342887,CHI,N
1343844,1343949,NA,NA
1344511,1349469,OCH,NA
1344990,1345729,NA,NA
1345891,1360123,NA,NA
1348512,1349766,FEM,NA
1350213,1355223,FEM,NA
1356590,1359511,OCH,NA
1359010,1359511,CHI,N
1361028,1365993,NA,NA
1361203,1365597,FEM,NA
1362862,1362992,OCH,NA
1363510,1364492,OCH,NA
1364855,1364977,OCH,NA
1366271,1390492,NA,NA
1366278,1367690,FEM,NA
1367901,1371607,CHI,N
1368070,1368326,OCH,NA
1369681,1371492,OCH,NA
1372167,1375993,FEM,NA
1375993,1380345,OCH,NA
1377564,1377709,CHI,N
1377992,1378357,CHI,N
1379234,1382511,FEM,NA
1382334,1383028,CHI,N
1382992,1383174,OCH,NA
1383558,1383809,OCH,NA
1383991,1385992,OCH,NA
1384965,1390475,FEM,NA
1392992,1401095,NA,NA
1393335,1394511,CHI,N
1393492,1393789,OCH,NA
1393907,1394476,OCH,NA
1394553,1397101,FEM,NA
1396607,1396828,MAL,NA
1397863,1399935,OCH,NA
1399493,1400556,FEM,NA
1401511,1404650,NA,NA
1401911,1403492,OCH,NA
1402982,1403767,FEM,NA
1405011,1406840,FEM,NA
1405011,1407492,NA,NA
1406832,1407083,MAL,NA
1408575,1411511,NA,NA
1408890,1409589,CHI,N
1409861,1411484,CHI,N
1413011,1416492,FEM,NA
1413011,1422461,NA,NA
1416493,1417993,OCH,NA
1416746,1417011,FEM,NA
1418011,1418192,FEM,NA
1418656,1421992,FEM,NA
1424307,1442139,NA,NA
1424491,1425318,CHI,N
1424554,1437565,OCH,NA
1425291,1425510,FEM,NA
1425592,1426993,CHI,N
1429908,1430011,CHI,N
1430134,1430509,CHI,N
1431854,1431992,FEM,NA
1432492,1433592,CHI,N
1433796,1433992,CHI,N
1435669,1437510,CHI,C
1437510,1441182,FEM,NA
1437677,1439003,MAL,NA
1439043,1442011,OCH,NA
1445317,1447269,NA,NA
1445568,1447083,CHI,N
1446063,1446512,OCH,NA
1446692,1446916,OCH,NA
1448110,1453275,NA,NA
1449011,1450606,FEM,NA
1449046,1449245,OCH,NA
1449448,1450012,OCH,NA
1451491,1453040,FEM,NA
1451876,1451992,CHI,N
1455003,1463493,NA,NA
1455146,1457510,FEM,NA
1455293,1455936,OCH,NA
1456748,1456885,OCH,NA
1456998,1457589,MAL,NA
1457652,1458484,FEM,NA
1457992,1460572,OCH,NA
1460992,1463493,FEM,NA
1465123,1466279,NA,NA
1465815,1466205,OCH,NA
1473491,1473619,OCH,NA
1473814,1474099,OCH,NA
1475992,1477700,NA,NA
1475992,1477912,OCH,NA
1480623,1483259,NA,NA
1480650,1482489,OCH,NA
1482859,1482984,OCH,NA
1483512,1487505,NA,NA
1483550,1483960,OCH,NA
1484121,1485393,OCH,NA
1485405,1487199,FEM,NA
1485525,1485685,OCH,NA
1490010,1493993,NA,NA
1490078,1491053,CHI,N
1491011,1493492,FEM,NA
1493478,1496661,OCH,NA
1495078,1496766,NA,NA
1497278,1498319,OCH,NA
1497434,1498516,NA,NA
1499011,1502492,NA,NA
1499381,1501575,CHI,N
1499492,1502509,OCH,NA
1503166,1505645,OCH,NA
1503215,1506079,NA,NA
1505193,1505949,FEM,NA
1509492,1513712,NA,NA
1509513,1509683,OCH,NA
1510491,1511991,CHI,N
1510670,1513930,OCH,NA
1516992,1520293,FEM,NA
1516992,1520482,NA,NA
1529832,1533163,FEM,NA
1529849,1543492,NA,NA
1533511,1537298,OCH,NA
1533597,1534512,CHI,N
1536275,1536427,FEM,NA
1538492,1539967,CHI,N
1541012,1543027,FEM,NA
1545492,1547512,NA,NA
1545612,1546511,CHI,N
1545666,1546511,OCH,NA
1546012,1546375,FEM,NA
1546508,1547011,FEM,NA
1549402,1557294,NA,NA
1549496,1549764,OCH,NA
1550418,1553511,OCH,NA
1550927,1553662,CHI,N
1553600,1555514,FEM,NA
1555492,1556982,OCH,NA
1555511,1556849,CHI,N
1558096,1568511,NA,NA
1558492,1560537,FEM,NA
1558508,1565687,OCH,NA
1561493,1561636,CHI,N
1561700,1561929,FEM,NA
1561989,1563493,CHI,N
1563708,1565615,CHI,N
1565992,1568415,OCH,NA
1566493,1566992,CHI,N
1567293,1568262,CHI,N
1573781,1574066,FEM,NA
1573854,1573994,NA,NA
1574492,1576011,FEM,NA
1574492,1578081,NA,NA
1577011,1577492,OCH,NA
1577401,1577511,CHI,N
1578552,1587992,NA,NA
1578621,1583999,OCH,NA
1582168,1583714,CHI,N
1583992,1584368,FEM,NA
1584873,1585511,FEM,NA
1585492,1586994,OCH,NA
1585511,1586512,CHI,N
1586709,1587391,FEM,NA
1588511,1593739,NA,NA
1588761,1589971,OCH,NA
1588817,1590012,CHI,N
1590011,1591643,FEM,NA
1591988,1592744,OCH,NA
1592372,1592492,CHI,N
1598992,1601491,OCH,NA
1598992,1602828,NA,NA
1599305,1599492,CHI,N
1601336,1602637,FEM,NA
1604384,1605621,NA,NA
1604482,1605653,OCH,NA
1609492,1611492,NA,NA
1609592,1610247,CHI,N
1610236,1610815,OCH,NA
1613204,1613837,NA,NA
1614187,1614584,OCH,NA
1618512,1619722,NA,NA
1618976,1619502,OCH,NA
1622784,1623221,OCH,NA
1625493,1626011,FEM,NA
1625493,1626070,NA,NA
1626492,1632964,NA,NA
1626522,1629011,OCH,NA
1628512,1628863,CHI,N
1629907,1630741,FEM,NA
1631426,1632698,FEM,NA
1634256,1635491,NA,NA
1634313,1635491,CHI,N
1652839,1657699,NA,NA
1652881,1656995,OCH,NA
1653737,1654518,CHI,N
1656511,1657586,CHI,N
1660735,1660917,OCH,NA
1660735,1661005,NA,NA
1661351,1664512,NA,NA
1661457,1664241,CHI,N
1666754,1667934,OCH,NA
1666757,1667948,NA,NA
1672491,1673991,OCH,NA
1672512,1674010,NA,NA
1673296,1673526,CHI,N
1676012,1677993,OCH,NA
1676425,1678899,NA,NA
1678163,1678278,FEM,NA
1679992,1682474,NA,NA
1680008,1682522,OCH,NA
1683877,1685011,NA,NA
1683992,1684780,CHI,N
1690009,1692407,NA,NA
1690100,1692010,CHI,N
1692510,1694209,NA,NA
1692736,1693959,CHI,N
1701511,1706992,NA,NA
1701631,1701860,OCH,NA
1702875,1705011,OCH,NA
1705428,1706010,OCH,NA
1705492,1706010,CHI,N
1712674,1714495,NA,NA
1712679,1714034,OCH,NA
1713035,1713511,CHI,N
1716010,1716520,OCH,NA
1716010,1719510,NA,NA
1716792,1718512,OCH,NA
1718666,1719408,FEM,NA
1720037,1720921,OCH,NA
1722328,1724993,OCH,NA
1722354,1722992,NA,NA
1723143,1724992,NA,NA
1725783,1727511,OCH,NA
1725820,1727621,NA,NA
1731491,1732259,NA,NA
1731491,1732352,OCH,NA
1732492,1732948,OCH,NA
1735018,1736716,NA,NA
1735030,1736540,OCH,NA
1746492,1747017,NA,NA
1746492,1747258,OCH,NA
1751011,1755495,NA,NA
1751082,1752992,CHI,N
1752511,1754992,OCH,NA
1759492,1759774,OCH,NA
1759492,1760673,NA,NA
1762817,1763011,NA,NA
1779194,1779493,NA,NA
1780178,1780429,NA,NA
1781511,1782999,NA,NA
1781803,1782994,CHI,N
1783679,1785024,NA,NA
1783735,1784688,CHI,N
1784012,1784123,OCH,NA
1784378,1785070,OCH,NA
1787010,1792332,NA,NA
1787520,1788571,FEM,NA
1788011,1788453,CHI,N
1788936,1790011,FEM,NA
1790011,1792422,OCH,NA
1795119,1799512,NA,NA
1795235,1795444,OCH,NA
1795993,1799422,OCH,NA
1802512,1804012,NA,NA
1802797,1804493,OCH,NA
1818320,1819498,NA,NA
1818357,1819100,CHI,N
1820013,1820124,OCH,NA
1823011,1823144,OCH,NA
1823281,1828352,OCH,NA
1823502,1824142,NA,NA
1824756,1827903,NA,NA
1829054,1834010,NA,NA
1829491,1833696,OCH,NA
1835846,1836481,OCH,NA
1836024,1836493,NA,NA
1836829,1837710,NA,NA
1836992,1837586,CHI,N
1839491,1846033,OCH,NA
1839858,1846493,NA,NA
1847105,1849245,OCH,NA
1847510,1849135,NA,NA
1849947,1851992,OCH,NA
1850150,1851265,NA,NA
1853992,1855355,NA,NA
1855575,1857149,NA,NA
1855693,1856010,FEM,NA
1855887,1856491,CHI,N
1856805,1856992,FEM,NA
1857317,1857492,NA,NA
1860779,1861344,MAL,NA
1860852,1861502,NA,NA
1864991,1867598,CHI,C
1864991,1868066,NA,NA
1872227,1872991,NA,NA
1872280,1872992,FEM,NA
1886240,1886491,NA,NA
1886480,1888770,OCH,NA
1887011,1888763,NA,NA
1889099,1891013,NA,NA
1889242,1889492,OCH,NA
1889489,1890925,FEM,NA
1892805,1893011,NA,NA
1893248,1893820,NA,NA
1896521,1896622,OCH,NA
1896949,1897568,OCH,NA
1896991,1897816,NA,NA
1900618,1902012,FEM,NA
1900731,1902012,NA,NA
1905825,1906991,OCH,NA
1905992,1906991,NA,NA
1910157,1911991,NA,NA
1910353,1912012,OCH,NA
1918672,1919992,NA,NA
1918991,1919507,FEM,NA
1922503,1931992,OCH,NA
1922830,1931937,NA,NA
1925893,1926865,CHI,N
1927041,1927645,CHI,N
1931011,1931472,CHI,N
1933320,1934992,NA,NA
1933355,1934379,FEM,NA
1935573,1936788,NA,NA
1935579,1939033,OCH,NA
1936992,1939258,NA,NA
1940367,1942319,NA,NA
1940480,1942272,FEM,NA
1946373,1947266,NA,NA
1946384,1947248,CHI,N
1957311,1964459,NA,NA
1957316,1958862,OCH,NA
1961256,1962316,CHI,N
1962973,1963285,OCH,NA
1969839,1972510,OCH,NA
1970641,1972890,NA,NA
1977467,1978685,NA,NA
1977510,1978003,OCH,NA
1979397,1979929,NA,NA
1979492,1979674,OCH,NA
1980134,1989051,NA,NA
1980254,1989120,OCH,NA
1989333,1992887,OCH,NA
1990079,1992901,NA,NA
1995454,1997877,NA,NA
1995492,1997991,OCH,NA
1999991,2004011,OCH,NA
1999991,2007456,NA,NA
2003292,2005172,FEM,NA
2005408,2005992,FEM,NA
2005452,2007987,OCH,NA
2008657,2012511,OCH,NA
2008898,2012627,NA,NA
2012793,2012906,NA,NA
2014492,2016863,OCH,NA
2014492,2017418,NA,NA
2018129,2020993,NA,NA
2018181,2018993,FEM,NA
2019151,2020683,CHI,N
2021431,2022492,NA,NA
2021492,2022493,OCH,NA
2022816,2022946,NA,NA
2023299,2025518,NA,NA
2023491,2023680,FEM,NA
2024013,2025378,CHI,N
2030260,2034504,NA,NA
2030398,2031417,CHI,N
2031566,2034511,FEM,NA
2036833,2039685,OCH,NA
2037153,2039976,NA,NA
2040110,2042246,NA,NA
2040466,2042159,OCH,NA
2041156,2042012,CHI,N
2050010,2054047,NA,NA
2050341,2052511,OCH,NA
2051190,2051366,CHI,N
2053011,2053813,FEM,NA
2055922,2058011,NA,NA
2056087,2057071,CHI,N
2056833,2056941,OCH,NA
2057160,2057467,FEM,NA
2057667,2057986,FEM,NA
2059030,2059813,NA,NA
2060220,2061636,NA,NA
2062511,2062649,NA,NA
2063011,2068011,NA,NA
2063504,2067267,FEM,NA
2070092,2072706,NA,NA
2070492,2071277,OCH,NA
2071384,2071992,OCH,NA
2078789,2080011,OCH,NA
2079010,2079992,NA,NA
2085510,2088492,NA,NA
2085942,2088492,OCH,NA
2090765,2094010,NA,NA
2091253,2091813,OCH,NA
2092335,2092492,OCH,NA
2117477,2121512,OCH,NA
2117492,2121250,NA,NA
2125511,2129411,OCH,NA
2126051,2126210,NA,NA
2126972,2129011,NA,NA
2140197,2140312,OCH,NA
2140543,2141540,OCH,NA
2141107,2141682,NA,NA
2141864,2150963,NA,NA
2141910,2143992,OCH,NA
2142818,2145661,FEM,NA
2145493,2146554,OCH,NA
2146011,2146122,FEM,NA
2146784,2147714,OCH,NA
2146993,2150493,FEM,NA
2147833,2147992,OCH,NA
2151510,2152523,OCH,NA
2151611,2152294,NA,NA
2152676,2152796,OCH,NA
2155440,2158788,NA,NA
2155493,2158492,FEM,NA
2158512,2158689,OCH,NA
2158993,2161011,OCH,NA
2159261,2160992,NA,NA
2164992,2168382,NA,NA
2166583,2167536,FEM,NA
2169175,2172229,NA,NA
2169492,2172101,FEM,NA
2172584,2175424,NA,NA
2172607,2175299,FEM,NA
2178048,2179028,OCH,NA
2178060,2179045,NA,NA
2178117,2178863,CHI,N
2179491,2181492,NA,NA
2179555,2181399,CHI,N
2179675,2179992,OCH,NA
2180939,2181383,OCH,NA
2182339,2184858,NA,NA
2182373,2183492,FEM,NA
2182511,2185003,OCH,NA
2185512,2187363,NA,NA
2185512,2187512,OCH,NA
2188446,2191041,OCH,NA
2188450,2192903,NA,NA
2189336,2190268,FEM,NA
2191116,2192836,FEM,NA
2193458,2197255,NA,NA
2193492,2197123,OCH,NA
2193546,2194596,CHI,N
2195669,2196003,CHI,N
2196668,2197120,FEM,NA
2201253,2201832,NA,NA
2204591,2206250,NA,NA
2204658,2204992,FEM,NA
2205208,2206511,OCH,NA
2207589,2209643,NA,NA
2208011,2209450,FEM,NA
2209962,2213366,OCH,NA
2210122,2210431,NA,NA
2210819,2213382,NA,NA
2218496,2231839,NA,NA
2218519,2226261,FEM,NA
2226008,2227993,OCH,NA
2226290,2226492,CHI,N
2227230,2230156,FEM,NA
2229847,2230011,OCH,NA
2230791,2233867,OCH,NA
2232379,2233700,NA,NA
2234125,2236106,OCH,NA
2234172,2236089,NA,NA
2243371,2245182,NA,NA
2243430,2245011,CHI,N
2243513,2244011,OCH,NA
2244512,2244990,OCH,NA
2245514,2246135,NA,NA
2268511,2268663,NA,NA
2268881,2271011,NA,NA
2268992,2271010,OCH,NA
2269526,2269884,CHI,N
2272992,2274983,NA,NA
2273128,2273786,OCH,NA
2273130,2273940,CHI,N
2277345,2278879,CHI,N
2277366,2278993,NA,NA
2304804,2310690,NA,NA
2304992,2310512,CHI,N
2305000,2305823,OCH,NA
2305992,2307231,OCH,NA
2307371,2307627,OCH,NA
2311487,2312511,NA,NA
2311548,2312012,FEM,NA
2314828,2317278,NA,NA
2314980,2315652,CHI,N
2314992,2315564,OCH,NA
2316217,2316943,CHI,N
2317683,2324106,NA,NA
2318537,2322557,OCH,NA
2319028,2320511,CHI,N
2324828,2326203,NA,NA
2324889,2326011,CHI,N
2331713,2331995,NA,NA
2338696,2341425,NA,NA
2339737,2340960,FEM,NA
2350239,2353492,NA,NA
2350370,2351011,CHI,N
2350492,2353491,FEM,NA
2354010,2356828,NA,NA
2354186,2356511,OCH,NA
2354807,2356596,CHI,N
2357151,2357993,NA,NA
2360806,2361572,CHI,N
2360848,2368492,NA,NA
2361842,2363253,CHI,N
2363533,2364907,CHI,N
2363889,2364724,OCH,NA
2365511,2368294,CHI,N
2372480,2373493,NA,NA
2372492,2373493,CHI,N
2373886,2374993,CHI,N
2373906,2375052,NA,NA
2375501,2375992,NA,NA
2376511,2379491,NA,NA
2376565,2376761,CHI,N
2376992,2379316,CHI,N
2393309,2396011,NA,NA
2393992,2396000,CHI,N
2397757,2398731,NA,NA
2397757,2398742,CHI,N
2402399,2406992,CHI,N
2402430,2407499,NA,NA
2413493,2414738,CHI,N
2413493,2414991,NA,NA
2414011,2414355,OCH,NA
2429492,2432511,NA,NA
2429549,2430872,CHI,N
2431431,2433011,MAL,NA
2440083,2441068,NA,NA
2440127,2441018,CHI,N
2463092,2463941,NA,NA
2463117,2463937,CHI,N
2464936,2466191,NA,NA
2465011,2466012,CHI,N
2465358,2465839,OCH,NA
2497686,2499490,OCH,NA
2508855,2509992,NA,NA
2508906,2509512,CHI,N
2513039,2513822,NA,NA
2513114,2513804,CHI,N
2516493,2518343,CHI,N
2516493,2518457,NA,NA
2547322,2548383,CHI,N
2547335,2548493,NA,NA
2564492,2570638,NA,NA
2564511,2566511,OCH,NA
2565953,2566576,CHI,N
2567992,2570511,FEM,NA
2568886,2570020,OCH,NA
2571095,2575272,NA,NA
2571158,2574010,FEM,NA
2573719,2575214,OCH,NA
2575581,2577012,OCH,NA
2575586,2577012,NA,NA
2575861,2576678,CHI,N
2580444,2582130,NA,NA
2580512,2583178,OCH,NA
2580755,2580898,CHI,N
2582243,2588213,NA,NA
2583284,2585010,OCH,NA
2585663,2588012,FEM,NA
2588770,2590692,OCH,NA
2588774,2590342,NA,NA
2594303,2596309,OCH,NA
2594511,2599511,NA,NA
2596428,2597511,OCH,NA
2597992,2599492,FEM,NA
2600480,2601492,NA,NA
2612010,2612278,OCH,NA
2615492,2621528,OCH,NA
2615510,2621992,NA,NA
2621039,2621242,FEM,NA
2622235,2623492,NA,NA
2622410,2623510,OCH,NA
2626992,2631293,NA,NA
2627011,2631289,FEM,NA
2634010,2634737,FEM,NA
2634010,2634780,NA,NA
2637298,2644897,NA,NA
2637917,2640517,FEM,NA
2640887,2643493,OCH,NA
2643550,2643715,FEM,NA
2643985,2644564,FEM,NA
2651893,2653013,NA,NA
2651943,2653036,FEM,NA
2661822,2663893,NA,NA
2661883,2663145,OCH,NA
2665238,2668421,NA,NA
2665302,2665655,FEM,NA
2666004,2668004,FEM,NA
2671989,2673187,NA,NA
2673386,2674010,NA,NA
2673493,2673630,OCH,NA
2676993,2677155,NA,NA
2680493,2681306,NA,NA
2683490,2685760,NA,NA
2683493,2685602,OCH,NA
2686114,2687120,NA,NA
2686298,2687417,OCH,NA
2689511,2692511,NA,NA
2689559,2690607,FEM,NA
2690278,2690400,OCH,NA
2691281,2691912,FEM,NA
2694011,2694782,NA,NA
2694372,2694478,OCH,NA
2694992,2695181,NA,NA
2695692,2702771,NA,NA
2695867,2697011,CHI,N
2697492,2698039,OCH,NA
2698400,2700980,CHI,N
2698491,2700681,OCH,NA
2701472,2701877,CHI,N
2702180,2702479,CHI,N
2704011,2712563,NA,NA
2704534,2710590,OCH,NA
2706885,2708267,FEM,NA
2707023,2707214,CHI,N
2710758,2711696,OCH,NA
2711023,2711511,FEM,NA
2712012,2712488,OCH,NA
2713492,2714125,NA,NA
2714723,2724330,NA,NA
2714902,2716991,CHI,N
2715010,2715265,OCH,NA
2715491,2717492,OCH,NA
2716991,2717914,FEM,NA
2718583,2720492,OCH,NA
2719492,2719597,FEM,NA
2719820,2719990,FEM,NA
2720604,2720994,FEM,NA
2721492,2724329,OCH,NA
2721598,2721944,CHI,N
2726814,2727592,NA,NA
2726825,2726928,OCH,NA
2727743,2727993,NA,NA
2728790,2730957,NA,NA
2729052,2729222,CHI,N
2729327,2729432,CHI,N
2729388,2729511,OCH,NA
2732807,2734511,NA,NA
2732970,2734406,CHI,N
2732975,2734409,OCH,NA
2741511,2751992,NA,NA
2741511,2743782,FEM,NA
2743966,2745667,FEM,NA
2745993,2750704,FEM,NA
2750195,2751138,CHI,N
2750811,2751867,FEM,NA
2752772,2753940,CHI,N
2752864,2756944,NA,NA
2754383,2756501,FEM,NA
2758963,2761385,NA,NA
2759010,2760870,FEM,NA
2762174,2769051,NA,NA
2762434,2763492,CHI,N
2763011,2764493,FEM,NA
2763818,2765055,CHI,N
2765116,2769011,FEM,NA
2770183,2778492,NA,NA
2770492,2773992,FEM,NA
2770867,2771012,CHI,N
2775004,2778249,FEM,NA
2775050,2776012,MAL,NA
2778663,2783229,NA,NA
2778992,2779655,CHI,N
2779853,2780992,FEM,NA
2780511,2782757,OCH,NA
2782890,2782991,OCH,NA
2783366,2783493,OCH,NA
2783511,2785784,NA,NA
2785011,2785414,CHI,N
2791081,2792863,NA,NA
2791506,2792626,FEM,NA
2793511,2798511,NA,NA
2793965,2796010,FEM,NA
2795992,2797511,CHI,N
2800717,2808746,NA,NA
2801036,2801230,OCH,NA
2802055,2808586,FEM,NA
2809510,2813607,FEM,NA
2809510,2814144,NA,NA
2814510,2816069,NA,NA
2814725,2815822,OCH,NA
2817978,2820011,OCH,NA
2817985,2823559,NA,NA
2820427,2821267,FEM,NA
2821978,2823512,OCH,NA
2826510,2830560,OCH,NA
2826586,2831492,NA,NA
2829936,2831205,FEM,NA
2830832,2830989,OCH,NA
2832123,2833993,NA,NA
2832764,2833392,OCH,NA
2835503,2845083,NA,NA
2835992,2841011,OCH,NA
2838790,2839911,CHI,N
2840992,2842642,FEM,NA
2842938,2845010,FEM,NA
2849492,2849612,OCH,NA
2850510,2855341,OCH,NA
2851492,2853492,NA,NA
2853993,2857829,NA,NA
2855491,2855634,FEM,NA
2856433,2858468,OCH,NA
2860010,2860386,OCH,NA
2861116,2861374,NA,NA
2862459,2862813,OCH,NA
2862493,2862741,NA,NA
2867395,2868553,OCH,NA
2867493,2868114,NA,NA
2868828,2870794,OCH,NA
2870007,2870221,NA,NA
2870492,2872512,NA,NA
2871592,2871818,FEM,NA
2872015,2872479,FEM,NA
2873428,2877319,OCH,NA
2873492,2874007,NA,NA
2874239,2877010,NA,NA
2879012,2880534,OCH,NA
2880689,2881011,OCH,NA
2887198,2888239,OCH,NA
2887596,2887723,NA,NA
2890011,2892492,NA,NA
2890463,2892010,CHI,N
2890605,2890747,OCH,NA
2891492,2891985,OCH,NA
2893573,2894513,CHI,N
2893575,2894724,NA,NA
2894992,2897410,OCH,NA
2895212,2896992,NA,NA
2901840,2902582,NA,NA
2902935,2909010,NA,NA
2903482,2904992,CHI,N
2903492,2905043,OCH,NA
2905511,2905754,FEM,NA
2906493,2907011,NA,J
2907512,2907882,CHI,N
2907833,2908113,OCH,NA
2907993,2908312,CHI,N
2908492,2908674,CHI,N
2913703,2916779,NA,NA
2913730,2918995,OCH,NA
2913833,2913936,CHI,N
2917402,2918895,NA,NA
2919161,2920012,NA,NA
2920308,2920492,NA,NA
2920978,2923460,OCH,NA
2920992,2923275,NA,NA
2926223,2926343,OCH,NA
2926493,2926748,OCH,NA
2927219,2928603,OCH,NA
2929124,2929229,OCH,NA
2929505,2929817,OCH,NA
2934465,2941512,OCH,NA
2934556,2942011,NA,NA
2935850,2936194,CHI,N
2944488,2945603,OCH,NA
2944676,2945169,NA,NA
2947992,2950493,OCH,NA
2948213,2955311,NA,NA
2950552,2951011,FEM,NA
2951156,2954411,OCH,NA
2954013,2954533,FEM,NA
2954683,2954794,FEM,NA
2957011,2960207,OCH,NA
2957229,2959689,NA,NA
2960319,2964749,OCH,NA
2960943,2962728,NA,NA
2962992,2965775,NA,NA
2964583,2965364,FEM,NA
2966925,2973511,NA,NA
2966993,2967511,FEM,NA
2968665,2969018,OCH,NA
2968993,2970471,CHI,N
2969242,2969492,OCH,NA
2971488,2973528,OCH,NA
2971492,2972290,FEM,NA
2973768,2977992,NA,NA
2973780,2978095,OCH,NA
2978512,2981992,NA,NA
2978895,2981749,OCH,NA
2978993,2979103,FEM,NA
2981232,2981377,CHI,N
2988976,2990010,OCH,NA
2989011,2989914,NA,NA
2999509,3000339,NA,NA
3001011,3005940,NA,NA
3001011,3006011,OCH,NA
3007159,3008291,NA,NA
3010583,3018060,NA,NA
3010622,3017767,OCH,NA
3018814,3019622,NA,NA
3020205,3020492,NA,NA
3022491,3027511,OCH,NA
3023193,3029469,NA,NA
3025323,3027694,CHI,N
3027626,3028492,OCH,NA
3027761,3027898,FEM,NA
3031366,3035097,NA,NA
3031476,3032492,CHI,N
3031511,3034743,OCH,NA
3033602,3033804,CHI,N
3046889,3050011,OCH,NA
3046958,3071751,NA,NA
3048697,3049512,CHI,N
3050511,3061993,OCH,NA
3052492,3052991,NA,J
3054297,3054491,CHI,N
3054657,3054765,CHI,N
3054869,3056396,CHI,N
3056704,3056993,CHI,N
3061493,3063012,CHI,N
3062699,3069992,OCH,NA
3064799,3064922,CHI,N
3069500,3071491,FEM,NA
3072992,3076151,OCH,NA
3073010,3076407,NA,NA
3075722,3075899,CHI,N
3078992,3079935,NA,NA
3079011,3079865,OCH,NA
3080511,3083042,NA,NA
3081019,3082983,OCH,NA
3081140,3082433,CHI,N
3084623,3091513,NA,NA
3084929,3085511,OCH,NA
3086011,3089632,OCH,NA
3089942,3091447,FEM,NA
3089991,3090544,OCH,NA
3091927,3095540,NA,NA
3092506,3093162,OCH,NA
3093491,3095492,OCH,NA
3093857,3094011,CHI,N
3094379,3095002,CHI,N
3097011,3097210,NA,NA
3097543,3098363,NA,NA
3097627,3098152,CHI,N
3098962,3106110,NA,NA
3099072,3100012,OCH,NA
3100564,3101993,CHI,C
3102492,3103796,OCH,NA
3102513,3102704,CHI,N
3102938,3103650,CHI,N
3104187,3105993,FEM,NA
3110446,3113084,NA,NA
3110493,3112992,CHI,Y
3110511,3112718,OCH,NA
3113306,3121011,NA,NA
3113370,3114188,CHI,N
3113512,3113688,OCH,NA
3113883,3116305,OCH,NA
3116305,3118198,FEM,NA
3116829,3116991,OCH,NA
3118954,3120512,OCH,NA
3118993,3119869,CHI,N
3122511,3126709,NA,NA
3122805,3123423,CHI,N
3123725,3127092,OCH,NA
3123870,3124493,CHI,N
3126853,3126991,NA,NA
3129740,3130683,NA,NA
3129832,3130512,FEM,NA
3131420,3132390,NA,NA
3131450,3132295,FEM,NA
3133897,3135671,NA,NA
3134012,3135492,CHI,N
3134147,3135512,OCH,NA
3136987,3139954,OCH,NA
3137120,3144012,NA,NA
3139493,3139933,CHI,N
3140512,3144012,FEM,NA
3155902,3156818,NA,NA
3155912,3156714,CHI,N
3157863,3158992,OCH,NA
3157991,3158492,NA,NA
3164304,3166327,OCH,NA
3165492,3172423,NA,NA
3166049,3166214,FEM,NA
3166346,3168013,FEM,NA
3168507,3168885,FEM,NA
3169511,3170927,FEM,NA
3171347,3172545,OCH,NA
3173081,3174846,OCH,NA
3173187,3175992,NA,NA
3176214,3179992,OCH,NA
3176390,3177544,NA,NA
3178214,3185285,NA,NA
3180138,3180511,FEM,NA
3180511,3185493,OCH,NA
3187612,3189198,OCH,NA
3187630,3188621,NA,NA
3189863,3191284,OCH,NA
3190011,3191391,NA,NA
3191832,3191991,NA,NA
3192244,3192939,NA,NA
3193887,3197635,NA,NA
3194011,3194259,FEM,NA
3194011,3194662,OCH,NA
3194512,3194613,FEM,NA
3195011,3196565,FEM,NA
3196145,3200978,OCH,NA
3197991,3201260,NA,NA
3202011,3204352,NA,NA
3202126,3203085,OCH,NA
3203326,3204222,FEM,NA
3217263,3218512,NA,NA
3217328,3217583,CHI,N
3217490,3217721,OCH,NA
3218071,3218449,OCH,NA
3218675,3218872,NA,NA
3221991,3223233,OCH,NA
3222064,3223095,NA,NA
3227992,3230493,NA,NA
3228167,3229185,FEM,NA
3228512,3229189,OCH,NA
3229484,3230124,OCH,NA
3230771,3231976,NA,NA
3230938,3231513,OCH,NA
3230989,3231510,CHI,N
3232511,3233581,OCH,NA
3232548,3233726,NA,NA
3239492,3240893,NA,NA
3239561,3240511,FEM,NA
3242992,3247493,NA,NA
3243059,3245410,CHI,N
3243299,3245667,OCH,NA
3245103,3247012,FEM,NA
3246713,3246963,CHI,N
3248021,3254204,NA,NA
3248135,3251991,OCH,NA
3251510,3254121,FEM,NA
3255010,3257511,FEM,NA
3255010,3257779,NA,NA
3258677,3264443,NA,NA
3258787,3259239,OCH,NA
3259511,3259810,FEM,NA
3259992,3260313,FEM,NA
3260436,3264385,FEM,NA
3271659,3281011,NA,NA
3271720,3273305,CHI,Y
3272992,3277612,OCH,NA
3273494,3273626,CHI,N
3273726,3275003,CHI,N
3275547,3275717,CHI,N
3275978,3278590,CHI,N
3277837,3278691,OCH,NA
3279160,3280957,OCH,NA
3281232,3284101,NA,NA
3281322,3281886,OCH,NA
3281548,3281658,CHI,N
3282083,3283943,CHI,N
3282142,3283998,OCH,NA
3285993,3289545,NA,NA
3286045,3287174,FEM,NA
3287285,3287992,OCH,NA
3287311,3289511,FEM,NA
3290510,3297074,NA,NA
3290799,3291862,CHI,N
3291214,3293291,OCH,NA
3292515,3297010,FEM,NA
3296246,3296408,CHI,N
3299992,3303654,NA,NA
3300011,3303594,OCH,NA
3300441,3300757,CHI,N
3305355,3309491,OCH,NA
3305389,3310387,NA,NA
3308011,3309454,CHI,N
3309296,3309993,FEM,NA
3310894,3319789,NA,NA
3310946,3313492,OCH,NA
3312424,3313511,CHI,N
3313492,3315492,FEM,NA
3313627,3313770,MAL,NA
3313985,3315661,MAL,NA
3316012,3317511,OCH,NA
3317011,3317134,CHI,N
3317100,3317351,MAL,NA
3318231,3319200,CHI,N
3318992,3319238,FEM,NA
3320009,3325492,NA,NA
3320492,3325485,CHI,N
3322991,3323637,OCH,NA
3337802,3343270,NA,NA
3337900,3340897,FEM,NA
3341512,3342011,CHI,N
3341893,3342992,FEM,NA
3342722,3343012,OCH,NA
3343511,3344734,NA,NA
3343565,3344691,FEM,NA
3345455,3347991,OCH,NA
3345675,3348714,NA,NA
3347011,3348197,FEM,NA
3348883,3367084,NA,NA
3349067,3349492,OCH,NA
3349450,3358011,FEM,NA
3357863,3359572,CHI,N
3359117,3366510,FEM,NA
3360327,3360992,CHI,N
3366510,3366794,CHI,N
3368233,3371373,NA,NA
3368329,3371010,FEM,NA
3371546,3371661,NA,NA
3372011,3372244,NA,NA
3372430,3380554,NA,NA
3372523,3379511,FEM,NA
3373692,3374490,MAL,NA
3375643,3375992,CHI,N
3379011,3380462,MAL,NA
3379615,3379983,FEM,NA
3381510,3389755,NA,NA
3382012,3389516,FEM,NA
3390105,3402041,NA,NA
3390193,3390333,OCH,NA
3390571,3390672,OCH,NA
3390984,3401907,FEM,NA
3393510,3393787,CHI,N
3398215,3398396,MAL,NA
3402881,3407916,NA,NA
3402984,3406511,OCH,NA
3403046,3403991,CHI,N
3406754,3407321,OCH,NA
3408846,3413222,NA,NA
3408981,3411492,OCH,NA
3409116,3409492,CHI,N
3410473,3411651,CHI,N
3411511,3413023,FEM,NA
3413510,3417010,NA,NA
3413630,3415854,CHI,N
3415907,3416879,FEM,NA
3418679,3420373,NA,NA
3418681,3420200,FEM,NA
3421298,3424238,NA,NA
3422476,3422577,OCH,NA
3422841,3422956,OCH,NA
3423568,3428549,OCH,NA
3424879,3428546,NA,NA
3428870,3430922,NA,NA
3428872,3430976,OCH,NA
3429327,3429847,CHI,N
3431347,3432491,OCH,NA
3431386,3437090,NA,NA
3432011,3435953,FEM,NA
3434572,3435316,OCH,NA
3434879,3435365,CHI,N
3435517,3435797,OCH,NA
3435920,3437619,OCH,NA
3437512,3438233,NA,NA
3438799,3460995,NA,NA
3439130,3439408,CHI,N
3439307,3443511,FEM,NA
3443086,3446377,OCH,NA
3446331,3450945,FEM,NA
3449010,3449800,OCH,NA
3451289,3452128,OCH,NA
3451316,3451512,CHI,N
3453511,3454503,FEM,NA
3454491,3455991,OCH,NA
3455011,3460492,FEM,NA
3463471,3465633,NA,NA
3463557,3464062,OCH,NA
3464070,3465528,FEM,NA
3466468,3468282,NA,NA
3466508,3468034,FEM,NA
3469505,3471010,NA,NA
3469694,3471010,FEM,NA
3473947,3479474,NA,NA
3474011,3475287,OCH,NA
3474016,3475012,CHI,N
3474719,3476833,FEM,NA
3477045,3479063,CHI,N
3478235,3479276,OCH,NA
3483488,3486539,NA,NA
3483493,3485241,OCH,NA
3485201,3486512,FEM,NA
3487485,3489011,OCH,NA
3487593,3488646,NA,NA
3489060,3489711,NA,NA
3489289,3489492,OCH,NA
3489988,3491993,NA,NA
3490012,3491993,FEM,NA
3493125,3495941,NA,NA
3493488,3495020,FEM,NA
3496093,3496512,NA,NA
3496392,3496510,CHI,N
3503885,3504668,NA,NA
3503993,3504612,FEM,NA
3508743,3510589,NA,NA
3508777,3508878,OCH,NA
3509011,3509558,FEM,NA
3510030,3510278,FEM,NA
3511331,3513019,OCH,NA
3511453,3513075,NA,NA
3513444,3515358,NA,NA
3513491,3515320,FEM,NA
3528011,3532804,OCH,NA
3528453,3534624,NA,NA
3532933,3536328,OCH,NA
3534740,3536186,NA,NA
3536511,3537586,OCH,NA
3536511,3537670,NA,NA
3537820,3538795,OCH,NA
3537879,3538584,NA,NA
3542511,3543714,FEM,NA
3542511,3543785,NA,NA
3546290,3549091,OCH,NA
3546442,3548720,NA,NA
3550365,3550993,OCH,NA
3550492,3552191,NA,NA
3551011,3551910,FEM,NA
3555551,3556650,OCH,NA
3555709,3556738,NA,NA
3559992,3565871,NA,NA
3560012,3561021,CHI,N
3560352,3560592,OCH,NA
3561226,3562016,OCH,NA
3561303,3561511,CHI,N
3562512,3565399,FEM,NA
3571012,3574011,NA,NA
3571388,3573992,OCH,NA
3575510,3578601,OCH,NA
3575991,3581033,NA,NA
3578011,3579511,FEM,NA
3579010,3579847,OCH,NA
3580185,3581383,OCH,NA
3582011,3582381,NA,NA
3582492,3582833,NA,NA
3584105,3587011,OCH,NA
3585735,3588011,NA,NA
3586992,3587930,FEM,NA
3590362,3591709,NA,NA
3591147,3591512,FEM,NA
3591817,3593012,NA,NA
3591992,3593134,OCH,NA
3595065,3595681,NA,NA
3595371,3595719,OCH,NA
3602976,3606101,NA,NA
3602991,3604412,CHI,N
3603886,3604426,OCH,NA
3604812,3605536,FEM,NA
3606299,3607549,NA,NA
3606424,3607511,CHI,N
3608321,3622602,NA,NA
3608651,3609225,FEM,NA
3609492,3613161,FEM,NA
3613398,3614011,CHI,N
3613478,3616613,FEM,NA
3614812,3615440,CHI,N
3617096,3618240,FEM,NA
3618491,3620204,FEM,NA
3620995,3621673,CHI,N
3621594,3622510,FEM,NA
3622949,3623511,NA,NA
3622992,3623493,CHI,N
3635395,3639686,NA,NA
3635493,3637275,FEM,NA
3637492,3639455,CHI,N
3640898,3642722,NA,NA
3641011,3641289,CHI,N
3641156,3641990,MAL,NA
3641510,3642020,CHI,N
3650511,3651991,NA,NA
3650648,3651011,CHI,N
3650771,3650957,OCH,NA
3660992,3661991,NA,NA
3661014,3661694,CHI,N
3662606,3662724,NA,NA
3663011,3665512,NA,NA
3663993,3664126,FEM,NA
3664511,3665486,FEM,NA
3667493,3669235,NA,NA
3667778,3668230,FEM,NA
3668335,3668492,FEM,NA
3668492,3669051,CHI,N
3670480,3674064,NA,NA
3670572,3671023,CHI,N
3671057,3673448,FEM,NA
3673488,3673761,CHI,N
3673492,3674034,OCH,NA
3675394,3676283,NA,NA
3675491,3675629,CHI,N
3676492,3680993,NA,NA
3676992,3677934,FEM,NA
3679462,3680120,CHI,N
3680093,3680913,FEM,NA
3681269,3683115,NA,NA
3681337,3682245,FEM,NA
3682493,3682977,OCH,NA
3683320,3686844,NA,NA
3683399,3684012,CHI,N
3684012,3685278,FEM,NA
3685492,3686840,OCH,NA
3688224,3689731,NA,NA
3688293,3689052,CHI,N
3689025,3689658,FEM,NA
3690510,3699563,NA,NA
3690736,3693991,FEM,NA
3690942,3692010,MAL,NA
3693050,3699368,CHI,C
3699010,3699445,FEM,NA
3704375,3710011,NA,NA
3704466,3705511,CHI,N
3705353,3706512,FEM,NA
3705991,3708492,OCH,NA
3708011,3710011,FEM,NA
3711872,3712513,NA,NA
3713992,3715264,NA,NA
3714051,3715043,CHI,N
3716012,3718012,NA,NA
3716072,3718011,FEM,NA
3719993,3721117,NA,NA
3720011,3721012,FEM,NA
3729652,3731993,NA,NA
3729805,3730386,CHI,C
3730307,3731841,FEM,NA
3733012,3734426,NA,NA
3733027,3734385,FEM,NA
3742991,3744510,CHI,N
3742991,3744954,NA,NA
3747011,3749316,NA,NA
3747249,3749063,FEM,NA
3747352,3747953,CHI,N
3750948,3756993,NA,NA
3750992,3752992,FEM,NA
3753089,3753745,CHI,N
3753511,3756687,FEM,NA
3756011,3756281,OCH,NA
3758010,3760815,FEM,NA
3758044,3760992,NA,NA
3762003,3764492,NA,NA
3762011,3764011,CHI,N
3767511,3770295,NA,NA
3767695,3770012,FEM,NA
3773010,3774991,NA,NA
3773171,3774200,CHI,N
3774365,3774910,FEM,NA
3776131,3776258,MAL,NA
3777882,3778932,NA,NA
3777892,3778928,CHI,N
3779656,3780515,NA,NA
3779676,3780292,CHI,N
3780702,3781991,NA,NA
3782511,3785994,NA,NA
3784187,3785596,FEM,NA
3786272,3789780,NA,NA
3787066,3787201,FEM,NA
3787511,3787894,CHI,N
3788492,3789785,CHI,N
3791050,3792511,FEM,NA
3791073,3792592,NA,NA
3798510,3799592,NA,NA
3799231,3799433,OCH,NA
3800110,3800498,NA,NA
3801608,3803434,NA,NA
3802466,3803371,OCH,NA
3803768,3804492,NA,NA
3804234,3804371,OCH,NA
3809705,3810446,NA,NA
3809992,3810265,CHI,N
3811112,3811991,NA,NA
3811112,3812000,FEM,NA
3818492,3819314,CHI,N
3818492,3822873,NA,NA
3819493,3820030,OCH,NA
3819781,3819962,FEM,NA
3820222,3822758,FEM,NA
3825232,3826172,FEM,NA
3825232,3826207,NA,NA
3827441,3828011,NA,NA
3827456,3828011,FEM,NA
3829081,3832952,NA,NA
3829511,3829913,FEM,NA
3829984,3830993,CHI,N
3831389,3832859,FEM,NA
3833548,3834493,NA,NA
3833772,3834010,FEM,NA
3836636,3837267,FEM,NA
3836636,3837353,NA,NA
3838347,3840007,NA,NA
3838415,3839930,CHI,N
3842718,3846012,FEM,NA
3842765,3849010,NA,NA
3847046,3847794,CHI,N
3847510,3849010,FEM,NA
3850991,3853247,NA,NA
3851054,3852313,CHI,C
3851766,3853170,FEM,NA
3869011,3870002,NA,NA
3869085,3869993,CHI,N
3873479,3875492,FEM,NA
3873488,3875758,NA,NA
3874767,3874882,OCH,NA
3876243,3878884,NA,NA
3876304,3878849,FEM,NA
3881993,3884492,CHI,N
3881993,3885105,NA,NA
3884396,3884511,FEM,NA
3885216,3889006,NA,NA
3885492,3886491,CHI,N
3886792,3888996,FEM,NA
3894011,3895034,NA,NA
3894229,3895012,FEM,NA
3896492,3900513,NA,NA
3896547,3897919,CHI,N
3898508,3900489,FEM,NA
3903010,3906993,NA,NA
3903081,3904011,OCH,NA
3903513,3905511,FEM,NA
3904934,3906510,OCH,NA
3908071,3908635,NA,NA
3908130,3908491,NA,J
3909931,3912877,NA,NA
3911321,3912803,MAL,NA
3911492,3911993,FEM,NA
3918512,3920172,NA,NA
3918556,3919121,OCH,NA
3919274,3919954,OCH,NA
3919386,3920021,CHI,N
3921882,3922577,FEM,NA
3921890,3922573,NA,NA
3923993,3924590,CHI,N
3924008,3924563,NA,NA
3925743,3926492,NA,NA
3925790,3925992,CHI,N
3929918,3930677,CHI,N
3929958,3930714,NA,NA
3933109,3934992,NA,NA
3933129,3934201,CHI,N
3940491,3943961,NA,NA
3940561,3940993,CHI,N
3940675,3941034,OCH,NA
3941303,3941406,NA,J
3941992,3942993,CHI,C
3942199,3942488,OCH,NA
3943164,3943336,OCH,NA
3943510,3943815,FEM,NA
3946060,3948012,NA,NA
3946197,3946595,OCH,NA
3946251,3946492,CHI,N
3947096,3947943,FEM,NA
3949145,3950097,CHI,N
3949170,3950135,NA,NA
3951296,3952045,NA,NA
3951403,3951968,CHI,N
3951423,3952010,OCH,NA
3956075,3957680,FEM,NA
3956087,3957732,NA,NA
3958598,3960066,NA,NA
3958617,3959349,CHI,N
3959319,3960087,FEM,NA
3961222,3961963,NA,NA
3961295,3961730,CHI,N
3962275,3962491,NA,NA
3966854,3967407,NA,NA
3967081,3967329,OCH,NA
3979316,3979954,CHI,N
3979322,3979906,NA,NA
3980435,3981012,NA,NA
3980455,3981012,FEM,NA
3982703,3983493,CHI,N
3982708,3983493,NA,NA
3985259,3986167,NA,NA
3985269,3986135,CHI,N
3987618,3988222,FEM,NA
3987664,3988226,NA,NA
3991958,3992479,NA,NA
3992060,3992166,CHI,N
3992699,3993011,NA,NA
4010909,4011888,CHI,N
4010945,4011932,NA,NA
4012990,4013621,NA,NA
4012991,4013609,FEM,NA
4013771,4014011,NA,NA
4022072,4022661,NA,NA
4022121,4022551,CHI,N
4022362,4022511,OCH,NA
4026304,4028511,FEM,NA
4026304,4028511,NA,NA
4039855,4040511,NA,NA
4039894,4040076,FEM,NA
4055763,4056507,NA,NA
4055770,4056492,FEM,NA
4073011,4074992,OCH,NA
4073492,4075053,NA,NA
4075706,4076992,NA,NA
4075913,4076492,CHI,N
4075966,4076177,OCH,NA
4079457,4088681,NA,NA
4079492,4081011,CHI,N
4080512,4082508,FEM,NA
4082198,4083011,OCH,NA
4083764,4085090,CHI,N
4085492,4086051,FEM,NA
4086011,4086840,OCH,NA
4086015,4086872,CHI,N
4089882,4091510,NA,NA
4089992,4091492,FEM,NA
4094435,4098640,NA,NA
4094493,4096493,CHI,N
4095078,4097628,OCH,NA
4099034,4104058,NA,NA
4099081,4100492,OCH,NA
4100586,4101683,MAL,NA
4102491,4103897,CHI,C
4104302,4111609,NA,NA
4104425,4111401,CHI,Y
4109150,4109275,FEM,NA
4109474,4109817,FEM,NA
4110510,4110702,OCH,NA
4112009,4115511,NA,NA
4112114,4114080,CHI,N
4113109,4115335,FEM,NA
4114797,4114939,CHI,N
4117492,4120094,NA,NA
4117576,4119876,FEM,NA
4118966,4119628,MAL,NA
4121326,4122310,NA,NA
4121493,4121601,FEM,NA
4121521,4122010,CHI,N
4121731,4122011,FEM,NA
4126943,4129511,NA,NA
4127011,4129492,FEM,NA
4127370,4127491,CHI,N
4131980,4137010,NA,NA
4131992,4136930,FEM,NA
4136162,4136348,MAL,NA
4147252,4181010,NA,NA
4147448,4149483,FEM,NA
4147630,4156491,MAL,NA
4151166,4152487,FEM,NA
4155543,4157102,FEM,NA
4157011,4160096,MAL,NA
4159743,4161992,CHI,Y
4160992,4161215,OCH,NA
4163079,4163492,MAL,NA
4163906,4165295,MAL,NA
4165766,4167943,CHI,N
4165992,4166124,OCH,NA
4167735,4168552,FEM,NA
4169011,4171087,MAL,NA
4170601,4176492,FEM,NA
4171244,4171369,MAL,NA
4176841,4177634,CHI,N
4178483,4181011,FEM,NA
4179011,4179190,MAL,NA
4179318,4179466,MAL,NA
4182845,4184011,NA,NA
4185992,4186524,FEM,NA
4185992,4186551,NA,NA
4188512,4190512,NA,NA
4188542,4190513,FEM,NA
4192992,4201991,FEM,NA
4192992,4202295,NA,NA
4202726,4202993,NA,NA
4203767,4213511,NA,NA
4204511,4206492,FEM,NA
4205027,4211686,MAL,NA
4211511,4213463,FEM,NA
4219400,4220674,CHI,N
4219435,4220739,NA,NA
4221767,4222894,FEM,NA
4221767,4223011,NA,NA
4249520,4251378,NA,NA
4249785,4251034,FEM,NA
4253943,4259492,NA,NA
4254316,4259011,FEM,NA
4257971,4258918,MAL,NA
4260136,4260281,NA,NA
4260511,4260778,NA,NA
4261493,4273648,NA,NA
4261626,4265762,FEM,NA
4266010,4270956,FEM,NA
4271294,4273584,FEM,NA
4280113,4280835,OCH,NA
4281088,4281395,OCH,NA
4283012,4285223,NA,NA
4283282,4285064,FEM,NA
4287421,4293599,NA,NA
4287492,4288992,FEM,NA
4287992,4289825,MAL,NA
4290470,4293511,FEM,NA
4292374,4292482,MAL,NA
4314382,4327231,NA,NA
4314448,4315250,CHI,N
4315211,4316310,FEM,NA
4317157,4319086,FEM,NA
4319011,4321510,MAL,NA
4320569,4320707,FEM,NA
4321011,4322891,FEM,NA
4321758,4321859,MAL,NA
4322511,4322784,CHI,N
4323512,4323655,FEM,NA
4323993,4327167,FEM,NA
4330484,4355197,NA,NA
4330511,4332740,FEM,NA
4333728,4333914,CHI,N
4334388,4335011,FEM,NA
4335491,4336865,CHI,C
4336782,4337678,FEM,NA
4337511,4338593,CHI,Y
4338633,4339568,MAL,NA
4338780,4349992,CHI,Y
4342992,4344011,FEM,NA
4347297,4347997,FEM,NA
4349492,4352973,FEM,NA
4353878,4354914,FEM,NA
4355966,4358141,NA,NA
4356011,4358011,FEM,NA
4360424,4368011,NA,NA
4360458,4361285,MAL,NA
4361874,4362566,FEM,NA
4362599,4363642,CHI,N
4362863,4363663,FEM,NA
4364012,4367993,FEM,NA
4369493,4374242,NA,NA
4369511,4374256,FEM,NA
4378992,4386628,NA,NA
4379268,4379462,FEM,NA
4380332,4381959,FEM,NA
4382196,4386627,FEM,NA
4383605,4384830,OCH,NA
4388992,4390732,NA,NA
4389248,4389579,FEM,NA
4392723,4394993,NA,NA
4393011,4394616,FEM,NA
4393059,4393705,OCH,NA
4395386,4397710,NA,NA
4395450,4397645,FEM,NA
4398734,4403398,NA,NA
4398862,4400992,OCH,NA
4398896,4399512,CHI,N
4401668,4403026,FEM,NA
4403511,4405767,OCH,NA
4403530,4403842,NA,NA
4404009,4407249,NA,NA
4406255,4406488,OCH,NA
4406493,4406911,CHI,N
4407404,4410350,NA,NA
4407578,4407858,FEM,NA
4409311,4410011,FEM,NA
4413364,4419836,NA,NA
4413493,4414018,FEM,NA
4413992,4417858,OCH,NA
4414284,4414404,CHI,N
4414512,4414667,CHI,N
4416512,4419492,FEM,NA
4420511,4421859,NA,NA
4420543,4421512,FEM,NA
4422851,4425647,NA,NA
4422961,4425511,FEM,NA
4430606,4432062,NA,NA
4430607,4432003,FEM,NA
4432987,4439492,NA,NA
4433024,4439099,FEM,NA
4440493,4443011,NA,NA
4440920,4442997,FEM,NA
4450120,4450236,NA,NA
4453559,4455265,NA,NA
4453783,4454991,OCH,NA
4455491,4457010,NA,NA
4456372,4456549,OCH,NA
4460987,4461373,MAL,NA
4463512,4463882,FEM,NA
4463512,4465039,NA,NA
4463993,4464749,FEM,NA
4471511,4473642,NA,NA
4471578,4473412,FEM,NA
4475284,4476696,NA,NA
4475768,4475944,FEM,NA
4476074,4476459,FEM,NA
4478993,4480009,NA,NA
4479027,4479994,FEM,NA
4482992,4484462,FEM,NA
4482992,4484511,NA,NA
4485164,4485493,NA,NA
4485225,4485422,OCH,NA
4488121,4494155,NA,NA
4488510,4493848,OCH,NA
4488812,4490511,CHI,N
4493011,4493909,CHI,N
4494277,4498695,NA,NA
4494511,4497508,OCH,NA
4494798,4494992,CHI,N
4500671,4501992,NA,NA
4500718,4501577,CHI,N
4501178,4501475,OCH,NA
4502689,4508683,NA,NA
4502763,4507424,OCH,NA
4504992,4505463,CHI,N
4507010,4507331,FEM,NA
4510492,4516613,OCH,NA
4510595,4519578,NA,NA
4517512,4519493,FEM,NA
4522826,4525234,NA,NA
4522984,4524400,FEM,NA
4524535,4524975,FEM,NA
4526118,4527595,FEM,NA
4526170,4527591,NA,NA
4529010,4532280,OCH,NA
4529220,4532543,NA,NA
4533136,4536359,NA,NA
4533158,4536226,FEM,NA
4537991,4540760,OCH,NA
4537991,4542492,NA,NA
4539517,4542360,FEM,NA
4545862,4549401,NA,NA
4545973,4547510,FEM,NA
4546017,4547011,OCH,NA
4547510,4549182,MAL,NA
4550482,4556491,NA,NA
4550511,4556216,FEM,NA
4554335,4556012,OCH,NA
4557992,4561971,NA,NA
4558012,4561125,CHI,N
4562803,4564018,NA,NA
4563165,4563511,FEM,NA
4567236,4568218,OCH,NA
4567237,4568843,NA,NA
4568972,4573010,NA,NA
4569011,4570506,FEM,NA
4569607,4570442,OCH,NA
4571063,4572992,FEM,NA
4574494,4585274,NA,NA
4575027,4575511,OCH,NA
4575331,4575512,CHI,N
4575493,4579590,FEM,NA
4575825,4576011,OCH,NA
4579799,4580569,CHI,N
4580493,4582012,FEM,NA
4581993,4582125,CHI,N
4582511,4583993,CHI,N
4583512,4585237,FEM,NA
4585511,4587511,NA,NA
4585555,4587492,FEM,NA
4591218,4597229,NA,NA
4591407,4595848,OCH,NA
4591833,4592511,CHI,N
4595400,4595749,FEM,NA
4595992,4596962,FEM,NA
4596541,4597012,CHI,N
4617010,4618949,FEM,NA
4617010,4618991,NA,NA
4621426,4646118,NA,NA
4621475,4626342,OCH,NA
4622678,4622784,CHI,N
4623991,4625154,FEM,NA
4625289,4625416,FEM,NA
4625492,4626510,CHI,N
4627511,4628491,FEM,NA
4628510,4630955,OCH,NA
4629639,4629863,CHI,N
4631492,4635010,OCH,NA
4633991,4634521,FEM,NA
4635212,4636273,OCH,NA
4635394,4637689,FEM,NA
4637643,4642781,OCH,NA
4637822,4638013,CHI,N
4638386,4639012,CHI,N
4642512,4644493,FEM,NA
4644010,4646027,CHI,N
4650065,4658313,NA,NA
4651012,4653010,OCH,NA
4652011,4652512,CHI,N
4653492,4655510,FEM,NA
4655492,4657993,OCH,NA
4658568,4666511,NA,NA
4658688,4659277,MAL,NA
4659474,4664353,OCH,NA
4660855,4661493,CHI,N
4662583,4662725,FEM,NA
4663278,4664343,FEM,NA
4664574,4666378,OCH,NA
4664642,4666012,FEM,NA
4668992,4670123,NA,NA
4669178,4669394,FEM,NA
4674512,4679492,NA,NA
4674745,4679492,FEM,NA
4681349,4685131,NA,NA
4681452,4685016,FEM,NA
4686564,4688675,FEM,NA
4686645,4688866,NA,NA
4690214,4690352,NA,NA
4690226,4690337,OCH,NA
4690511,4690661,NA,NA
4690990,4693493,OCH,NA
4690992,4696579,NA,NA
4692765,4696359,FEM,NA
4693829,4693974,OCH,NA
4697008,4698010,NA,NA
4697237,4697605,FEM,NA
4713432,4714610,NA,NA
4713491,4714244,CHI,N
4715511,4716108,NA,NA
4725525,4725763,NA,NA
4727992,4728512,NA,NA
4728071,4728461,CHI,N
4741011,4743011,NA,NA
4741492,4742012,FEM,NA
4758492,4759012,NA,NA
4758728,4758930,FEM,NA
4760929,4762009,NA,NA
4760993,4761989,OCH,NA
4778558,4779010,NA,NA
4778582,4779011,FEM,NA
4799086,4799511,NA,NA
4801992,4802942,CHI,N
4801992,4803011,NA,NA
4819132,4819299,NA,NA
4833235,4837992,NA,NA
4833444,4834883,CHI,Y
4833493,4834995,OCH,NA
4835175,4835518,OCH,NA
4836346,4837510,CHI,N
4836478,4836988,OCH,NA
4857511,4860348,NA,NA
4857580,4858029,CHI,N
4858898,4860798,OCH,NA
4860511,4860670,NA,NA
4861352,4875566,NA,NA
4861353,4861977,OCH,NA
4861510,4863640,CHI,N
4862175,4862278,OCH,NA
4863935,4866497,FEM,NA
4867363,4867478,FEM,NA
4867707,4868011,FEM,NA
4868081,4872492,OCH,NA
4871991,4875511,FEM,NA
4877056,4878868,NA,NA
4877071,4878850,FEM,NA
4879509,4886581,NA,NA
4879816,4886510,FEM,NA
4879869,4880282,CHI,N
4887373,4892010,NA,NA
4887547,4888161,FEM,NA
4888283,4891992,FEM,NA
4902638,4903011,NA,NA
4910070,4913534,NA,NA
4910088,4913510,FEM,NA
4910993,4911636,OCH,NA
4914211,4914992,NA,NA
4914230,4914898,FEM,NA
4915905,4919010,OCH,NA
4915983,4924512,NA,NA
4918992,4920254,FEM,NA
4920510,4924226,FEM,NA
4920661,4921270,OCH,NA
4924702,4924992,NA,NA
4930991,4931180,NA,NA
4931484,4932756,NA,NA
4931493,4932492,OCH,NA
4933011,4935492,NA,NA
4935121,4935329,OCH,NA
4937436,4938368,NA,NA
4937492,4938206,OCH,NA
4938766,4940011,NA,NA
4938816,4939732,OCH,NA
4942578,4943682,NA,NA
4942708,4943619,OCH,NA
4942720,4942835,CHI,N
4944458,4945347,NA,NA
4944868,4944984,OCH,NA
4948364,4948924,OCH,NA
4948508,4948879,NA,NA
4951302,4952613,NA,NA
4951403,4952510,CHI,N
4953923,4955823,NA,NA
4953926,4955794,FEM,NA
4957340,4959011,FEM,NA
4957340,4959095,NA,NA
4973422,4974505,NA,NA
4973429,4974455,FEM,NA
4978010,4978282,NA,NA
4978056,4978162,FEM,NA
5037491,5039511,FEM,NA
5037491,5039511,NA,NA
5042225,5043344,NA,NA
5042318,5043114,FEM,NA
5045218,5046695,FEM,NA
5045365,5046661,NA,NA
5050991,5051882,FEM,NA
5050991,5051992,NA,NA
5073457,5074034,NA,NA
5073486,5074006,CHI,N
5078005,5081203,FEM,NA
5078012,5081328,NA,NA
5083553,5084203,NA,NA
5083574,5083738,FEM,NA
5087159,5088511,FEM,NA
5087176,5088494,NA,NA
5097406,5099011,FEM,NA
5097430,5099011,NA,NA
5107173,5109512,NA,NA
5107177,5109511,FEM,NA
5114492,5116645,NA,NA
5114512,5115666,CHI,Y
5115739,5116463,FEM,NA
5117558,5117666,NA,NA
5120170,5124674,NA,NA
5120207,5124492,FEM,NA
5125012,5126765,NA,NA
5125160,5126680,FEM,NA
5135994,5137035,NA,NA
5136173,5136991,OCH,NA
5142103,5145011,NA,NA
5142211,5144881,CHI,Y
5173991,5174511,CHI,N
5173991,5177010,NA,NA
5174702,5176992,FEM,NA
5198011,5199992,NA,NA
5198310,5199512,FEM,NA
5202492,5203992,CHI,N
5202492,5205435,NA,NA
5204238,5205357,FEM,NA
5222500,5228492,NA,NA
5222873,5223406,OCH,NA
5222991,5223214,FEM,NA
5223423,5228464,CHI,Y
5225897,5226498,FEM,NA
5233845,5234684,FEM,NA
5233845,5234716,NA,NA
5240000,5248513,FEM,NA
5240012,5249011,NA,NA
5248010,5248160,CHI,N
5248284,5248512,CHI,N
5250660,5258492,NA,NA
5250800,5252493,CHI,C
5251993,5252548,FEM,NA
5252492,5253248,OCH,NA
5253010,5254991,CHI,N
5254343,5254988,FEM,NA
5255493,5257052,OCH,NA
5255643,5256472,CHI,N
5256510,5258385,FEM,NA
5259992,5261690,NA,NA
5260511,5261282,FEM,NA
5262050,5266670,NA,NA
5262514,5262713,FEM,NA
5262968,5264492,FEM,NA
5264620,5264849,FEM,NA
5265493,5266237,FEM,NA
5267511,5270493,NA,NA
5267604,5270166,FEM,NA
5271870,5273993,NA,NA
5271892,5273693,CHI,N
5282024,5282162,NA,NA
5282913,5285011,NA,NA
5282992,5284992,CHI,N
5291511,5295011,FEM,NA
5291511,5298992,NA,NA
5295839,5297040,CHI,N
5296097,5297106,OCH,NA
5297506,5298662,FEM,NA
5303917,5304199,NA,NA
5304332,5305525,NA,NA
5304461,5305511,OCH,NA
5307788,5311479,NA,NA
5307864,5308333,FEM,NA
5309003,5310010,CHI,N
5310176,5310787,FEM,NA
5315492,5319441,NA,NA
5315510,5319010,CHI,N
5333771,5336376,NA,NA
5333784,5336303,FEM,NA
5340992,5344242,NA,NA
5341125,5342284,FEM,NA
5341152,5341511,OCH,NA
5342664,5343597,CHI,N
5343165,5343275,OCH,NA
5343511,5343803,OCH,NA
5343904,5344078,OCH,NA
5353508,5353657,OCH,NA
5353584,5353699,NA,NA
5365914,5371010,NA,NA
5365992,5369122,FEM,NA
5369993,5370494,CHI,N
5370511,5370626,FEM,NA
5379310,5381993,NA,NA
5379414,5380229,CHI,N
5379730,5379900,OCH,NA
5380104,5381726,FEM,NA
5387492,5391510,NA,NA
5387511,5391510,FEM,NA
5405457,5409909,NA,NA
5405511,5409762,FEM,NA
5412012,5416992,FEM,NA
5412012,5417005,NA,NA
5423372,5424012,NA,NA
5423492,5424012,FEM,NA
5426011,5426510,NA,NA
5429950,5431113,NA,NA
5429987,5431011,FEM,NA
5432601,5434012,NA,NA
5432770,5433911,FEM,NA
5435993,5437041,NA,NA
5436271,5436431,OCH,NA
5437992,5439644,NA,NA
5438144,5439511,FEM,NA
5447466,5448568,NA,NA
5447491,5448510,FEM,NA
5450993,5452431,NA,NA
5451011,5452369,FEM,NA
5451349,5451511,OCH,NA
5455011,5456366,NA,NA
5455112,5456011,FEM,NA
5474010,5483011,NA,NA
5474250,5480836,FEM,NA
5481493,5482527,FEM,NA
5481682,5483012,MAL,NA
5488575,5494010,NA,NA
5488705,5489392,FEM,NA
5490028,5490327,FEM,NA
5490492,5493511,FEM,NA
5494660,5494800,NA,NA
5514856,5515941,NA,NA
5514990,5515511,OCH,NA
5514991,5515544,CHI,N
5517138,5518493,NA,NA
5517234,5518348,CHI,N
5522492,5525011,NA,NA
5522511,5524102,CHI,Y
5531976,5532653,OCH,NA
5531993,5532511,NA,NA
5533105,5534794,OCH,NA
5533194,5534510,NA,NA
5550830,5551404,OCH,NA
5550996,5551312,NA,NA
5554113,5557319,NA,NA
5554992,5556865,FEM,NA
5572989,5573136,OCH,NA
5578764,5584685,OCH,NA
5578916,5579694,NA,NA
5580185,5584740,NA,NA
5583065,5583510,CHI,N
5588452,5589569,NA,NA
5588492,5589280,CHI,N
5589959,5592109,NA,NA
5590083,5591927,OCH,NA
5591492,5591929,FEM,NA
5593492,5594233,NA,NA
5593627,5593775,OCH,NA
5596511,5596638,NA,NA
5597262,5597898,NA,NA
5597297,5597815,CHI,N
5609993,5610992,NA,NA
5611702,5611931,NA,NA
5630064,5631512,NA,NA
5630214,5631124,CHI,N
5630302,5631011,OCH,NA
5634971,5636174,CHI,N
5634976,5636286,NA,NA
5640138,5641010,NA,NA
5640152,5640770,OCH,NA
5640354,5640492,CHI,N
5641159,5641993,NA,NA
5641269,5641993,OCH,NA
5667533,5668011,NA,NA
5680511,5682511,NA,NA
5681011,5682511,FEM,NA
5692980,5694021,NA,NA
5692992,5694011,CHI,N
5724758,5726690,NA,NA
5725510,5725901,FEM,NA
5758997,5759552,OCH,NA
5760980,5761203,OCH,NA
5762492,5764510,NA,NA
5762710,5764121,FEM,NA
5791595,5792958,OCH,NA
5791689,5792511,NA,NA
5864879,5867341,NA,NA
5864992,5867078,CHI,Y
5866493,5867011,OCH,NA
5912900,5913992,CHI,N
5912906,5916492,NA,NA
5914556,5914664,MAL,NA
5914757,5916492,CHI,Y
5927011,5927991,NA,NA
5927123,5927982,CHI,N
5928387,5929273,NA,NA
5928447,5929115,CHI,N
5928599,5928992,OCH,NA
5935393,5935896,NA,NA
5935493,5935802,CHI,Y
5968991,5969992,NA,NA
5969298,5969814,FEM,NA
6022198,6023430,NA,NA
6022250,6023431,OCH,NA
6052236,6053993,OCH,NA
6052494,6056213,NA,NA
6053992,6056010,FEM,NA
6057492,6064492,NA,NA
6057511,6059033,FEM,NA
6058574,6064011,OCH,NA
6063512,6063912,CHI,N
6064824,6064991,NA,NA
6067511,6068265,NA,NA
6068991,6069293,NA,NA
6069894,6070493,NA,NA
6070079,6070329,OCH,NA
6072315,6075493,NA,NA
6072619,6075010,OCH,NA
6073993,6074511,FEM,NA
6076963,6085493,NA,NA
6076991,6077511,FEM,NA
6078208,6080592,OCH,NA
6079418,6080375,CHI,N
6081492,6085053,OCH,NA
6082445,6083110,CHI,N
6083350,6085157,CHI,N
6087493,6090093,NA,NA
6087893,6088511,OCH,NA
6089096,6089992,CHI,N
6089511,6089967,OCH,NA
6090945,6100010,NA,NA
6090992,6091687,OCH,NA
6091885,6092109,OCH,NA
6092359,6092499,OCH,NA
6092673,6093397,OCH,NA
6093699,6095008,OCH,NA
6094567,6094682,CHI,N
6095726,6098990,OCH,NA
6095788,6096768,CHI,N
6097515,6098993,FEM,NA
6106172,6106293,NA,NA
6106511,6107173,NA,NA
6106852,6106965,FEM,NA
6113510,6114352,NA,NA
6113568,6113776,FEM,NA
6114990,6115216,NA,NA
6121852,6122767,NA,NA
6122179,6122341,FEM,NA
6122334,6122472,CHI,N
6127491,6131413,NA,NA
6127571,6128327,FEM,NA
6128769,6128990,FEM,NA
6128892,6129641,CHI,N
6129511,6131328,FEM,NA
6134570,6135741,CHI,N
6134584,6135590,NA,NA
6137767,6151313,NA,NA
6138069,6138758,CHI,N
6138788,6139401,FEM,NA
6139992,6142010,OCH,NA
6141012,6151287,FEM,NA
6148992,6149232,OCH,NA
6152490,6152623,NA,NA
6153249,6155510,NA,NA
6153504,6153909,OCH,NA
6154512,6155484,FEM,NA
6157796,6159418,CHI,C
6157816,6159963,NA,NA
6159011,6159885,FEM,NA
6160511,6170913,NA,NA
6160565,6162367,CHI,N
6161992,6162510,FEM,NA
6163012,6169533,OCH,NA
6164993,6165373,CHI,N
6166611,6167357,CHI,N
6168655,6169511,CHI,N
6169510,6170349,FEM,NA
6169704,6169880,OCH,NA
6171191,6176512,NA,NA
6171319,6173143,OCH,NA
6173012,6174608,FEM,NA
6174564,6175047,CHI,N
6174768,6175011,OCH,NA
6175177,6175837,FEM,NA
6175992,6176491,OCH,NA
6178493,6181063,NA,NA
6178984,6179247,OCH,NA
6179731,6180605,FEM,NA
6183511,6185511,OCH,NA
6183825,6187492,NA,NA
6185511,6187492,FEM,NA
6208491,6210746,NA,NA
6208512,6209621,CHI,N
6209855,6210699,FEM,NA
6212459,6213303,NA,NA
6212607,6213010,OCH,NA
6212838,6213010,CHI,N
6214992,6225492,FEM,NA
6215010,6225491,NA,NA
6218041,6218512,CHI,N
6241104,6243011,NA,NA
6241116,6242029,CHI,N
6242181,6242976,FEM,NA
6242579,6242803,MAL,NA
6243072,6243332,MAL,NA
6250080,6253595,NA,NA
6250115,6251620,CHI,N
6252010,6253492,CHI,N
6254511,6256364,OCH,NA
6254695,6256263,NA,NA
6257626,6261011,NA,NA
6257679,6258492,FEM,NA
6258387,6261011,OCH,NA
6263011,6263124,OCH,NA
6263011,6263350,NA,NA
6263492,6268511,OCH,NA
6263492,6268511,NA,NA
6267491,6268011,CHI,N
6270203,6271992,OCH,NA
6270480,6271867,NA,NA
6275053,6281992,NA,NA
6275261,6279589,OCH,NA
6275492,6276316,FEM,NA
6279010,6279685,CHI,N
6279992,6281929,FEM,NA
6282741,6283492,NA,NA
6282993,6286493,OCH,NA
6285492,6286229,NA,NA
6288492,6291200,NA,NA
6288492,6293144,FEM,NA
6291346,6293135,NA,NA
6294491,6296519,NA,NA
6294554,6295511,FEM,NA
6296005,6296181,OCH,NA
6297767,6298493,NA,NA
6297828,6298057,OCH,NA
6298199,6298493,OCH,NA
6310011,6312643,OCH,NA
6310011,6312930,NA,NA
6312850,6313746,OCH,NA
6315781,6316993,OCH,NA
6316080,6316657,NA,NA
6328938,6329991,OCH,NA
6328982,6329991,NA,NA
6330992,6340493,FEM,NA
6330992,6340493,NA,NA
6344992,6345790,NA,NA
6345125,6345493,OCH,NA
6365993,6367012,FEM,NA
6365993,6367012,NA,NA
6368581,6368974,FEM,NA
6368654,6368897,NA,NA
6374636,6376011,NA,NA
6374992,6375881,FEM,NA
6384997,6390281,NA,NA
6385011,6386488,OCH,NA
6385149,6385831,CHI,N
6386511,6390181,FEM,NA
6393011,6393294,NA,NA
6395993,6399493,OCH,NA
6396511,6397162,NA,NA
6397277,6399493,NA,NA
6400510,6404511,OCH,NA
6401180,6404569,NA,NA
6405013,6407143,NA,NA
6405154,6405493,FEM,NA
6405865,6407180,FEM,NA
6409835,6412003,NA,NA
6409842,6412010,OCH,NA
6413074,6415011,NA,NA
6413101,6415011,FEM,NA
6420036,6421376,OCH,NA
6420085,6421251,NA,NA
6422510,6423806,NA,NA
6422654,6423511,OCH,NA
6430706,6431663,NA,NA
6430992,6431512,OCH,NA
6431177,6431285,CHI,N
6433347,6436513,NA,NA
6433493,6435992,OCH,NA
6434993,6436012,CHI,N
6438827,6440012,OCH,NA
6439011,6439878,NA,NA
6447111,6447901,OCH,NA
6447664,6447774,NA,NA
6450992,6455012,OCH,NA
6451010,6454991,NA,NA
6457425,6458512,OCH,NA
6457431,6459645,NA,NA
6458540,6459556,FEM,NA
6462840,6465879,NA,NA
6462958,6465715,OCH,NA
6465992,6467992,NA,NA
6466228,6466510,OCH,NA
6469011,6471309,NA,NA
6469241,6471372,FEM,NA
6472644,6474569,NA,NA
6472681,6474524,FEM,NA
6476993,6477992,NA,NA
6480692,6481510,OCH,NA
6483011,6486492,NA,NA
6483026,6486511,OCH,NA
6483491,6484266,CHI,N
6487832,6488792,NA,NA
6489006,6489384,NA,NA
6489511,6493011,OCH,NA
6489511,6494104,NA,NA
6493235,6494075,FEM,NA
6497992,6501011,NA,NA
6498011,6500993,CHI,N
6504968,6512511,NA,NA
6505004,6508992,OCH,NA
6507992,6510430,FEM,NA
6510508,6511612,CHI,N
6510875,6512512,OCH,NA
6516032,6516872,NA,NA
6516033,6519455,OCH,NA
6517390,6519329,NA,NA
6521352,6524303,OCH,NA
6521389,6522516,NA,NA
6522782,6524517,NA,NA
6523492,6523850,CHI,N
6524645,6525528,NA,NA
6524660,6525527,OCH,NA
6526681,6526991,OCH,NA
6526833,6526953,NA,NA
6535492,6547542,NA,NA
6535515,6537344,CHI,N
6537839,6547505,CHI,C
6538072,6538315,FEM,NA
6549351,6551341,NA,NA
6549371,6550324,CHI,N
6550239,6551334,FEM,NA
6552773,6553001,NA,NA
6555511,6560579,NA,NA
6555819,6557491,FEM,NA
6556305,6556462,CHI,N
6557745,6558538,CHI,N
6558511,6560511,FEM,NA
6561530,6562230,CHI,N
6561535,6562240,NA,NA
6562846,6572510,NA,NA
6562853,6565026,CHI,N
6564377,6564608,OCH,NA
6564876,6568384,OCH,NA
6567991,6569992,FEM,NA
6570158,6571950,CHI,N
6570658,6572907,OCH,NA
6580992,6582131,NA,NA
6581010,6582011,FEM,NA
6586277,6586505,OCH,NA
6587492,6588493,NA,NA
6589104,6591905,OCH,NA
6589283,6591762,NA,NA
6593010,6594510,OCH,NA
6593341,6594708,NA,NA
6595395,6596492,NA,NA
6599490,6600018,OCH,NA
6599510,6599853,NA,NA
6600229,6601432,NA,NA
6600282,6601438,OCH,NA
6601659,6602179,OCH,NA
6601767,6602012,NA,NA
6602312,6602992,OCH,NA
6602831,6602991,NA,NA
6608512,6608654,NA,NA
6609011,6609220,NA,NA
6609342,6610846,NA,NA
6610012,6610829,OCH,NA
6612960,6613790,NA,NA
6612992,6613542,CHI,N
6614492,6616789,NA,NA
6614504,6616760,CHI,N
6623898,6624991,OCH,NA
6623993,6625095,NA,NA
6626548,6626992,NA,NA
6630010,6634092,NA,NA
6630491,6634011,CHI,N
6635512,6637210,OCH,NA
6635993,6637419,NA,NA
6636492,6637135,CHI,N
6638318,6640011,OCH,NA
6638358,6640010,NA,NA
6638492,6639520,CHI,N
6642277,6646496,NA,NA
6642741,6642846,FEM,NA
6642992,6646492,CHI,N
6647619,6649793,OCH,NA
6647883,6650100,NA,NA
6657594,6658229,NA,NA
6659012,6661992,NA,NA
6659059,6661992,OCH,NA
6662221,6664069,OCH,NA
6662388,6664013,NA,NA
6665294,6673197,NA,NA
6665323,6667012,OCH,NA
6665579,6668114,CHI,N
6667260,6668266,OCH,NA
6668846,6669492,OCH,NA
6669471,6672868,CHI,N
6671494,6672267,OCH,NA
6673430,6675615,NA,NA
6673605,6674010,CHI,N
6674385,6674989,CHI,N
6676072,6676264,NA,NA
6676511,6677993,NA,NA
6676806,6677954,CHI,N
6677014,6677363,OCH,NA
6682993,6683989,OCH,NA
6682993,6687018,NA,NA
6684290,6685907,CHI,N
6685511,6686912,OCH,NA
6687510,6690492,NA,NA
6688011,6690439,FEM,NA
6694491,6697064,NA,NA
6694493,6697006,CHI,N
6698992,6703012,CHI,Y
6698992,6703493,NA,NA
6705288,6707510,NA,NA
6705546,6707426,CHI,Y
6723493,6724511,CHI,N
6723493,6724511,NA,NA
6728609,6729991,CHI,N
6728749,6729991,NA,NA
6740160,6740521,NA,NA
6740233,6740353,CHI,N
6743491,6744011,FEM,NA
6743491,6744011,NA,NA
6746492,6747613,NA,NA
6746579,6747510,CHI,N
6748699,6750808,OCH,NA
6749011,6750660,NA,NA
6755817,6760026,NA,NA
6756762,6760493,OCH,NA
6762980,6764043,OCH,NA
6762990,6763533,NA,NA
6763649,6764012,NA,NA
6766997,6768993,OCH,NA
6767197,6768571,NA,NA
6769511,6772493,NA,NA
6769823,6770010,OCH,NA
6769992,6772174,CHI,N
6770309,6770422,OCH,NA
6778596,6781510,NA,NA
6778794,6782707,OCH,NA
6781637,6782493,NA,NA
6790066,6790248,NA,NA
6790492,6793492,NA,NA
6790900,6791011,CHI,N
6791492,6791779,FEM,NA
6792010,6793055,CHI,N
6794493,6795492,OCH,NA
6796801,6797979,OCH,NA
6800892,6801710,OCH,NA
6801052,6801492,NA,NA
6803826,6805956,NA,NA
6803966,6805900,OCH,NA
6804493,6805492,CHI,N
6819010,6821511,OCH,NA
6819512,6821493,NA,NA
6834512,6839993,OCH,NA
6837492,6839377,NA,NA
6839664,6844011,NA,NA
6840992,6843370,CHI,Y
6842759,6843996,FEM,NA
6845511,6846238,FEM,NA
6845511,6846414,NA,NA
6848184,6850493,NA,NA
6848493,6849929,OCH,NA
6850123,6850504,OCH,NA
6852492,6856198,NA,NA
6852511,6856303,OCH,NA
6858511,6858783,OCH,NA
6859492,6862011,OCH,NA
6859563,6862013,NA,NA
6862268,6863512,OCH,NA
6862269,6866010,NA,NA
6864507,6865992,FEM,NA
6867016,6869510,OCH,NA
6868010,6869429,NA,NA
6871446,6872980,OCH,NA
6871492,6872511,NA,NA
6876841,6877492,NA,NA
6876858,6877511,OCH,NA
6881517,6882492,OCH,NA
6881846,6884539,NA,NA
6882992,6883694,CHI,N
6883203,6883335,OCH,NA
6884011,6884159,OCH,NA
6884286,6884615,OCH,NA
6890115,6890704,OCH,NA
6890952,6891079,OCH,NA
6895511,6895705,NA,NA
6899492,6901991,NA,NA
6899617,6900511,OCH,NA
6900660,6901943,OCH,NA
6900836,6901050,FEM,NA
6902835,6904089,NA,NA
6903176,6904015,FEM,NA
6905518,6905729,OCH,NA
6908507,6913011,NA,NA
6908625,6909531,OCH,NA
6910010,6913017,FEM,NA
6917928,6919011,OCH,NA
6917992,6923716,NA,NA
6919484,6923223,CHI,Y
6925036,6925800,NA,NA
6925100,6925630,CHI,N
6926011,6931151,NA,NA
6926830,6927338,OCH,NA
6927609,6927727,CHI,N
6927613,6927726,OCH,NA
6929511,6931079,CHI,N
6932471,6939018,NA,NA
6932640,6932993,CHI,N
6933155,6935001,FEM,NA
6935993,6937456,CHI,N
6937820,6939000,CHI,N
6939778,6940492,NA,NA
6939842,6940451,CHI,N
6943598,6944992,OCH,NA
6943992,6944512,NA,NA
6953094,6957011,OCH,NA
6953558,6956992,NA,NA
6958862,6962379,NA,NA
6959123,6959233,OCH,NA
6959422,6962313,FEM,NA
6963079,6963207,NA,NA
6964778,6966727,NA,NA
6965011,6966010,FEM,NA
6965141,6965286,OCH,NA
6965171,6965492,CHI,N
6967455,6976011,NA,NA
6967510,6971381,FEM,NA
6970111,6970511,OCH,NA
6970735,6972785,CHI,N
6972402,6973492,FEM,NA
6973012,6975862,CHI,N
6973160,6974502,OCH,NA
6975609,6975744,OCH,NA
6977991,6979906,NA,NA
6978342,6979667,FEM,NA
6980624,6984510,NA,NA
6981512,6981853,FEM,NA
6981992,6982248,FEM,NA
6982511,6984492,FEM,NA
6987011,6989492,NA,NA
6987423,6989126,FEM,NA
6987568,6988331,MAL,NA
6988526,6988842,MAL,NA
6989758,6990717,NA,NA
6989880,6990493,FEM,NA
6990008,6990322,OCH,NA
6992085,6996010,NA,NA
6992247,6995992,FEM,NA
6998511,7002492,NA,NA
6998810,7002151,FEM,NA
7043993,7045723,FEM,NA
7043993,7045927,NA,NA
7045024,7045704,MAL,NA
7048011,7050244,FEM,NA
7048011,7055011,NA,NA
7050011,7054512,CHI,C
7051958,7052085,FEM,NA
7053991,7054172,FEM,NA
7054374,7054693,FEM,NA
7059992,7061062,NA,NA
7061992,7066440,NA,NA
7062611,7062921,FEM,NA
7062992,7065894,CHI,N
7065718,7066012,FEM,NA
7071698,7080748,NA,NA
7071700,7080510,CHI,C
7078762,7078990,OCH,NA
7079262,7079383,OCH,NA
7081425,7082404,NA,NA
7081459,7082397,FEM,NA
7083204,7085511,NA,NA
7083356,7085335,CHI,N
7084012,7084511,FEM,NA
7085011,7085244,FEM,NA
7098992,7100511,NA,NA
7099010,7100510,FEM,NA
7102134,7111236,NA,NA
7102264,7105219,CHI,N
7105701,7107215,FEM,NA
7107627,7108992,CHI,N
7107725,7108191,OCH,NA
7108369,7108511,OCH,NA
7109431,7111215,FEM,NA
7111994,7112330,NA,NA
7114492,7117423,NA,NA
7114944,7117511,OCH,NA
7119011,7120115,FEM,NA
7119011,7120206,NA,NA
7121501,7123352,OCH,NA
7121540,7121700,NA,NA
7123157,7126125,NA,NA
7125492,7125755,CHI,N
7125639,7125882,FEM,NA
7128230,7130012,OCH,NA
7128493,7130012,NA,NA
7131805,7134491,NA,NA
7131927,7133922,CHI,N
7133992,7134135,OCH,NA
7134811,7134919,OCH,NA
7135383,7136033,OCH,NA
7135471,7136011,NA,NA
7138673,7138793,NA,NA
7138992,7140674,NA,NA
7139377,7139637,CHI,N
7140218,7140366,CHI,N
7141237,7149492,NA,NA
7141240,7146372,CHI,N
7146510,7149499,OCH,NA
7146557,7147031,CHI,N
7157012,7158492,OCH,NA
7157148,7158314,NA,NA
7161492,7162321,CHI,N
7161492,7163606,NA,NA
7162579,7163590,FEM,NA
7173011,7174297,CHI,N
7173011,7174511,NA,NA
7174681,7174991,NA,NA
7181511,7181800,NA,NA
7189698,7190511,OCH,NA
7192019,7193011,OCH,NA
7192209,7192992,NA,NA
7203241,7203384,OCH,NA
7204788,7204938,OCH,NA
7212039,7214003,OCH,NA
7212061,7213743,NA,NA
7225991,7229837,OCH,NA
7226209,7229511,NA,NA
7239203,7241017,NA,NA
7239530,7240786,OCH,NA
7240339,7240493,FEM,NA
7240992,7242011,OCH,NA
7241169,7242089,NA,NA
7248493,7250008,NA,NA
7248947,7249575,FEM,NA
7250315,7251349,NA,NA
7250472,7251309,FEM,NA
7252460,7257050,NA,NA
7252818,7252931,FEM,NA
7253798,7254510,OCH,NA
7254011,7254283,CHI,N
7254492,7255218,CHI,N
7254763,7254869,OCH,NA
7272285,7287493,NA,NA
7272411,7273958,FEM,NA
7274259,7275528,CHI,C
7275172,7276962,FEM,NA
7278010,7279735,OCH,NA
7279004,7280688,FEM,NA
7281011,7281301,FEM,NA
7281048,7281492,CHI,N
7281416,7282992,FEM,NA
7282732,7287096,OCH,NA
7285059,7286993,FEM,NA
7288993,7289724,NA,NA
7288993,7289840,OCH,NA
7290051,7290230,OCH,NA
7290508,7294919,OCH,NA
7290950,7298016,NA,NA
7295462,7296572,OCH,NA
7297185,7297823,FEM,NA
7298755,7300993,NA,NA
7298832,7300906,OCH,NA
7300010,7300113,CHI,N
7307012,7310750,NA,NA
7307516,7309244,CHI,N
7310010,7310511,CHI,N
7313721,7316286,NA,NA
7314875,7316232,FEM,NA
7318367,7331011,NA,NA
7318510,7322493,CHI,N
7321511,7322982,OCH,NA
7323289,7323490,OCH,NA
7323774,7326945,OCH,NA
7324533,7325461,FEM,NA
7326011,7328011,CHI,N
7327852,7327967,OCH,NA
7328011,7328268,FEM,NA
7328489,7329687,OCH,NA
7329525,7329992,FEM,NA
7332814,7343349,NA,NA
7332992,7333486,FEM,NA
7333035,7333421,OCH,NA
7335395,7337395,CHI,N
7337491,7338423,FEM,NA
7337991,7339522,CHI,N
7339511,7340746,FEM,NA
7339633,7339835,CHI,N
7341263,7342491,CHI,N
7341378,7343030,OCH,NA
7344368,7346022,NA,NA
7344446,7345919,OCH,NA
7345492,7345899,FEM,NA
7351012,7352283,NA,NA
7351012,7352342,FEM,NA
7355919,7356493,NA,NA
7364147,7364444,NA,NA
7368492,7369265,NA,NA
7368511,7369227,OCH,NA
7369701,7371493,OCH,NA
7369772,7375992,NA,NA
7372492,7372656,FEM,NA
7374054,7375011,CHI,N
7374098,7375991,OCH,NA
7377510,7377647,OCH,NA
7378008,7380263,OCH,NA
7378462,7379360,NA,NA
7379772,7390493,NA,NA
7380855,7382011,FEM,NA
7381511,7383511,MAL,NA
7383511,7385011,OCH,NA
7385511,7386895,CHI,N
7386230,7386492,FEM,NA
7386296,7386990,MAL,NA
7387219,7390020,FEM,NA
7391512,7394492,NA,NA
7392122,7392372,FEM,NA
7392479,7392705,FEM,NA
7392988,7394519,MAL,NA
7393120,7393319,FEM,NA
7395511,7399875,NA,NA
7395543,7396245,CHI,N
7396439,7399352,FEM,NA
7401799,7407084,NA,NA
7401915,7402511,FEM,NA
7403380,7404511,CHI,N
7404445,7405679,FEM,NA
7404796,7405012,OCH,NA
7406222,7406830,OCH,NA
7406314,7407011,CHI,Y
7409991,7410912,NA,NA
7410096,7410511,FEM,NA
7411299,7412911,NA,NA
7411427,7412492,CHI,N
7451394,7451720,NA,NA
7504107,7504512,CHI,N
7504137,7504518,NA,NA
7516095,7516510,CHI,N
7516191,7516512,NA,NA
7527526,7528012,CHI,N
7527529,7528012,NA,NA
7559852,7560006,NA,NA
7559877,7560010,NA,J
7580761,7581492,NA,NA
7587778,7588492,NA,NA
7587886,7587992,CHI,N
7671012,7671344,NA,NA
7671021,7671217,CHI,N
7695501,7695958,NA,NA
7728492,7728796,NA,NA
7735949,7736992,CHI,N
7735973,7739512,NA,NA
7737992,7739185,FEM,NA
7960668,7963010,FEM,NA
7960732,7963010,NA,NA
7983993,7986907,NA,NA
7984064,7984992,OCH,NA
7985625,7986511,CHI,N
7986041,7986510,OCH,NA
7994631,7996011,NA,NA
7994992,7995491,OCH,NA
7994992,7995699,CHI,N
7999965,8003075,NA,NA
8000031,8001205,OCH,NA
8000063,8002998,CHI,Y
8002086,8002810,OCH,NA
8005492,8007492,NA,NA
8005993,8006511,OCH,NA
8009992,8013764,NA,NA
8010129,8013325,OCH,NA
8012491,8012683,FEM,NA
8013011,8013414,CHI,N
8015492,8017585,OCH,NA
8015510,8018021,NA,NA
8016045,8016322,CHI,N
8017257,8017574,CHI,N
8017908,8018011,OCH,NA
8019916,8020559,NA,NA
8020085,8020510,OCH,NA
8028035,8029171,NA,NA
8028221,8028361,FEM,NA
8030752,8032492,NA,NA
8030980,8031802,CHI,N
8031113,8031729,OCH,NA
8037321,8038055,NA,NA
8037372,8037944,CHI,N
8037512,8037804,OCH,NA
8041621,8041992,NA,NA
8044238,8047492,NA,NA
8044306,8046473,CHI,N
8045089,8046512,OCH,NA
8047289,8047441,OCH,NA
8065656,8066010,OCH,NA
8065715,8065992,NA,NA
8140993,8142512,NA,NA
8141523,8142314,CHI,N
8141992,8142201,OCH,NA
8142760,8142993,NA,NA
8144493,8144785,NA,NA
8147512,8152993,NA,NA
8148473,8149622,CHI,N
8148499,8149012,OCH,NA
8149872,8151608,CHI,N
8153492,8155176,NA,NA
8153533,8155011,CHI,N
8156781,8161059,NA,NA
8156795,8161012,CHI,N
8158588,8159511,OCH,NA
8176493,8176601,FEM,NA
8176992,8177289,NA,NA
8176992,8178337,FEM,NA
8177394,8178665,NA,NA
8179019,8179756,NA,NA
8179085,8179691,CHI,N
8182461,8183992,NA,NA
8182492,8183553,CHI,N
8183013,8183421,OCH,NA
8289960,8292378,OCH,NA
8289992,8292623,NA,NA
8296992,8299186,NA,NA
8297026,8298012,OCH,NA
8298443,8299052,FEM,NA
8302492,8304011,OCH,NA
8302741,8304018,NA,NA
8308145,8309973,NA,NA
8308265,8309976,OCH,NA
8310992,8311537,NA,NA
8310992,8311578,FEM,NA
8311699,8311976,FEM,NA
8311781,8311955,NA,NA
8326511,8328492,NA,NA
8326557,8328447,FEM,NA
8336174,8336495,OCH,NA
8336690,8338511,OCH,NA
8336981,8338515,NA,NA
8344532,8354991,NA,NA
8345012,8349011,OCH,NA
8349011,8354511,FEM,NA
8349202,8349416,OCH,NA
8353603,8353974,MAL,NA
8391306,8396510,NA,NA
8391492,8391863,FEM,NA
8392704,8393688,FEM,NA
8393158,8394012,OCH,NA
8394492,8396510,OCH,NA
8399131,8413331,NA,NA
8399209,8404226,FEM,NA
8404012,8404834,CHI,N
8404558,8404755,FEM,NA
8404960,8408492,FEM,NA
8405269,8405492,MAL,NA
8407513,8408266,MAL,NA
8408492,8408612,MAL,NA
8409012,8413226,MAL,NA
8414351,8415747,NA,NA
8414493,8415511,FEM,NA
8414888,8414991,MAL,NA
8417147,8420411,NA,NA
8417491,8417861,CHI,N
8417512,8419066,FEM,NA
8418043,8418487,MAL,NA
8419493,8420288,OCH,NA
8421411,8422348,NA,NA
8421511,8422281,OCH,NA
8423966,8428335,NA,NA
8424108,8428141,FEM,NA
8425153,8425327,MAL,NA
8425434,8426042,MAL,NA
8426147,8426427,MAL,NA
8430510,8433011,NA,NA
8430866,8432803,FEM,NA
8431013,8432535,MAL,NA
8438923,8442138,OCH,NA
8438961,8442250,NA,NA
8442411,8443012,NA,NA
8442412,8443210,MAL,NA
8444756,8449491,NA,NA
8444993,8445511,OCH,NA
8444993,8445671,CHI,N
8446597,8447993,CHI,N
8446883,8449622,OCH,NA
8449728,8450327,OCH,NA
8449868,8452485,NA,NA
8451687,8452511,OCH,NA
8455543,8457106,NA,NA
8455708,8457011,OCH,NA
8455992,8456502,CHI,N
8457495,8460011,NA,NA
8457510,8460483,OCH,NA
8461316,8463012,MAL,NA
8462003,8464875,NA,NA
8462991,8464586,OCH,NA
8463293,8463457,MAL,NA
8465489,8467522,NA,NA
8466512,8467371,FEM,NA
8467632,8469313,NA,NA
8467684,8468992,FEM,NA
8468511,8468847,OCH,NA
8473005,8475992,NA,NA
8473511,8475047,CHI,Y
8475697,8475986,MAL,NA
8478493,8480383,NA,NA
8478761,8479492,CHI,N
8478800,8478979,OCH,NA
8490511,8490848,NA,NA
8491117,8491993,NA,NA
8502341,8504761,OCH,NA
8502354,8503014,NA,NA
8505010,8505219,OCH,NA
8505493,8506426,OCH,NA
8505579,8506436,NA,NA
8514011,8518066,NA,NA
8514275,8515993,OCH,NA
8515601,8516492,FEM,NA
8516991,8518510,MAL,NA
8519992,8527544,NA,NA
8520144,8520407,FEM,NA
8520437,8521041,MAL,NA
8520512,8521388,FEM,NA
8521799,8524011,OCH,NA
8523510,8526991,FEM,NA
8526504,8527527,OCH,NA
8528200,8532993,OCH,NA
8528298,8540556,NA,NA
8532010,8533779,FEM,NA
8533991,8535346,MAL,NA
8535505,8538299,OCH,NA
8535606,8536492,FEM,NA
8537476,8540011,FEM,NA
8541440,8542890,NA,NA
8541796,8542625,FEM,NA
8542096,8542511,OCH,NA
8543375,8544892,NA,NA
8545991,8547223,NA,NA
8545993,8546992,OCH,NA
8547908,8556492,NA,NA
8548492,8548654,OCH,NA
8549361,8550372,CHI,N
8550257,8553396,FEM,NA
8552513,8552629,MAL,NA
8552770,8555019,MAL,NA
8555247,8556016,CHI,N
8555289,8556337,OCH,NA
8557010,8557761,NA,NA
8557993,8559132,NA,NA
8558482,8558597,OCH,NA
8559535,8563079,NA,NA
8560161,8560947,OCH,NA
8560191,8562167,FEM,NA
8565303,8567834,OCH,NA
8565436,8566111,NA,NA
8566214,8567284,NA,NA
8567492,8571674,NA,NA
8568492,8570011,CHI,N
8569493,8569623,OCH,NA
8570662,8571511,CHI,N
8576493,8578002,MAL,NA
8576769,8577510,NA,NA
8585511,8587698,NA,NA
8585992,8586662,CHI,N
8586089,8586425,OCH,NA
8588968,8590011,NA,NA
8589527,8589903,FEM,NA
8591321,8594512,OCH,NA
8591506,8603911,NA,NA
8594512,8598500,FEM,NA
8597138,8598528,MAL,NA
8599276,8600498,FEM,NA
8600720,8600992,FEM,NA
8602011,8603903,FEM,NA
8604979,8606992,NA,NA
8605011,8606992,FEM,NA
8608756,8613393,NA,NA
8608921,8613239,FEM,NA
8609650,8610011,CHI,N
8613746,8616993,NA,NA
8613878,8616730,FEM,NA
8616075,8616178,MAL,NA
8617804,8626748,NA,NA
8617848,8626510,FEM,NA
8634511,8636231,NA,NA
8634742,8636011,FEM,NA
8635459,8635562,OCH,NA
8638010,8642900,FEM,NA
8638010,8643010,NA,NA
8641222,8641413,CHI,N
8645010,8647673,FEM,NA
8645010,8647896,NA,NA
8650177,8653905,FEM,NA
8650186,8653936,NA,NA
8694113,8695622,NA,NA
8694273,8695480,CHI,C
8696511,8699010,NA,NA
8696869,8698813,CHI,C
8696992,8698011,FEM,NA
8698317,8698492,FEM,NA
8701079,8702594,NA,NA
8701088,8702512,CHI,N
8703622,8705505,NA,NA
8703691,8705492,CHI,C
8707493,8709126,NA,NA
8707591,8708826,CHI,C
8710367,8712510,NA,NA
8710507,8712500,FEM,NA
8714491,8716511,NA,NA
8714537,8716101,CHI,N
8715639,8716228,FEM,NA
8721500,8724976,NA,NA
8721656,8724511,FEM,NA
8725278,8727811,NA,NA
8725566,8727809,CHI,C
8754991,8757011,CHI,N
8754991,8757011,NA,NA
8762681,8763010,NA,NA
8764511,8765993,NA,NA
8764802,8765825,CHI,N
8765147,8765511,OCH,NA
8769985,8770493,NA,NA
8769992,8770127,CHI,N
8772172,8775209,NA,NA
8772246,8773491,CHI,N
8773793,8775010,CHI,C
8777492,8778793,NA,NA
8780511,8783992,NA,NA
8780552,8782118,FEM,NA
8781630,8781797,CHI,N
8782246,8783491,FEM,NA
8784425,8786749,NA,NA
8784988,8785493,FEM,NA
8786332,8786641,MAL,NA
8788492,8789504,OCH,NA
8788709,8789494,NA,NA
8790512,8791511,NA,NA
8790992,8791491,FEM,NA
8792547,8793649,MAL,NA
8797594,8798131,NA,NA
8797867,8797992,OCH,NA
8799678,8806595,NA,NA
8799967,8800993,OCH,NA
8800993,8803654,FEM,NA
8804116,8804499,CHI,N
8804852,8806588,FEM,NA
8807493,8808855,FEM,NA
8807493,8815387,NA,NA
8809590,8810992,CHI,C
8811280,8812542,FEM,NA
8812255,8812358,CHI,N
8812822,8813391,CHI,N
8813386,8814991,MAL,NA
8816011,8824881,NA,NA
8816195,8817724,OCH,NA
8817512,8817639,FEM,NA
8818436,8818674,FEM,NA
8820701,8821492,FEM,NA
8821587,8822146,CHI,N
8822139,8824795,FEM,NA
8825993,8829493,NA,NA
8826057,8827007,CHI,C
8827512,8829493,FEM,NA
8832839,8834413,NA,NA
8832969,8833676,FEM,NA
8833011,8834022,CHI,N
8849485,8855511,NA,NA
8849491,8852491,OCH,NA
8849739,8850011,CHI,N
8853492,8855495,FEM,NA
8862321,8863011,NA,NA
8871466,8875779,FEM,NA
8871491,8875931,NA,NA
8884419,8886702,NA,NA
8884492,8886492,FEM,NA
8886011,8886563,CHI,N
8889320,8892597,FEM,NA
8889345,8892637,NA,NA
8896873,8897612,NA,NA
8896956,8897493,FEM,NA
8950993,8953826,FEM,NA
8950993,8953992,NA,NA
8955512,8955645,OCH,NA
8957512,8965511,NA,NA
8957618,8959012,FEM,NA
8959660,8960340,OCH,NA
8960993,8962993,FEM,NA
8963617,8965510,FEM,NA
8980011,8981850,NA,NA
8980337,8980487,FEM,NA
8982011,8982273,NA,NA
8982510,8982709,NA,NA
8982519,8982622,OCH,NA
9061450,9062194,CHI,N
9061450,9062253,NA,NA
9098492,9102237,NA,NA
9098502,9099315,CHI,N
9099948,9102132,FEM,NA
9103511,9106012,NA,NA
9103696,9105991,FEM,NA
9108504,9112993,NA,NA
9108713,9110156,OCH,NA
9109511,9112788,FEM,NA
9114073,9116895,NA,NA
9114491,9114709,CHI,N
9114491,9116735,FEM,NA
9117669,9121997,NA,NA
9117887,9118511,CHI,N
9118511,9119588,FEM,NA
9120490,9121992,FEM,NA
9123523,9124600,NA,NA
9123680,9124384,CHI,N
9127011,9129512,FEM,NA
9127011,9129748,NA,NA
9129117,9129431,CHI,N
9133992,9135536,CHI,N
9133992,9138898,NA,NA
9135691,9138708,FEM,NA
9140291,9142557,NA,NA
9140376,9141316,CHI,N
9141277,9142511,FEM,NA
9151007,9153543,NA,NA
9151247,9151865,CHI,N
9152040,9153015,CHI,C
9152511,9153358,FEM,NA
9198363,9198491,NA,NA
9213691,9217430,NA,NA
9213986,9215010,CHI,C
9215011,9217227,FEM,NA
9222427,9224992,NA,NA
9222491,9224762,FEM,NA
9253992,9257011,NA,NA
9254053,9254907,CHI,N
9254491,9254734,OCH,NA
9255551,9257011,FEM,NA
9311180,9314012,NA,NA
9311492,9311700,MAL,NA
9311529,9311642,FEM,NA
9318724,9319021,OCH,NA
9319492,9320493,OCH,NA
9319754,9320512,NA,NA
9353011,9357026,NA,NA
9353244,9354748,FEM,NA
9354987,9356992,FEM,NA
9358605,9361511,FEM,NA
9358619,9361574,NA,NA
9363992,9365582,FEM,NA
9363992,9365993,NA,NA
9364493,9364947,CHI,N
9367152,9367444,MAL,NA
9368992,9370511,FEM,NA
9368992,9370511,NA,NA
9372962,9373134,NA,NA
9374154,9381992,NA,NA
9374446,9376992,OCH,NA
9378475,9381992,FEM,NA
9378750,9378875,OCH,NA
9395053,9396440,OCH,NA
9395055,9395992,NA,NA
9398519,9399170,NA,NA
9398708,9399010,OCH,NA
9417511,9418512,NA,NA
9417560,9418512,FEM,NA
9428010,9430492,NA,NA
9428219,9430092,FEM,NA
9434492,9434749,NA,NA
9435454,9436995,NA,NA
9435548,9436719,CHI,N
9435656,9436439,OCH,NA
9452511,9455238,NA,NA
9452992,9453993,CHI,N
9452992,9455273,OCH,NA
9454511,9454899,CHI,N
9456008,9458011,NA,NA
9456181,9457877,FEM,NA
9457511,9457757,CHI,N
9460829,9463492,OCH,NA
9460854,9463613,NA,NA
9462493,9463313,CHI,N
9464241,9477010,NA,NA
9464396,9469992,OCH,NA
9465891,9466510,CHI,N
9469617,9469833,FEM,NA
9470677,9476917,FEM,NA
9483436,9494047,NA,NA
9483556,9488011,CHI,N
9483568,9486992,OCH,NA
9487274,9487407,OCH,NA
9488441,9489238,FEM,NA
9489493,9493992,OCH,NA
9490777,9491511,CHI,N
9502751,9503902,OCH,NA
9502993,9503857,NA,NA
9517026,9518872,NA,NA
9517198,9518511,OCH,NA
9522914,9524063,NA,NA
9522951,9524028,CHI,N
9525848,9526577,NA,NA
9526002,9526473,FEM,NA
9530082,9532286,NA,NA
9530139,9531867,FEM,NA
9532510,9534491,NA,NA
9532823,9533019,CHI,N
9533012,9534460,FEM,NA
9535992,9537634,FEM,NA
9536009,9537636,NA,NA
9542602,9544438,OCH,NA
9542699,9544000,NA,NA
9544124,9544350,NA,NA
9548177,9551491,NA,NA
9548386,9551319,CHI,N
9551780,9553292,NA,NA
9551895,9553154,CHI,N
9552580,9553012,OCH,NA
9558010,9558383,NA,NA
9566512,9568512,FEM,NA
9566512,9568922,NA,NA
9572511,9576186,NA,NA
9572975,9574997,FEM,NA
9574678,9575478,CHI,N
9576897,9581705,NA,NA
9576993,9581510,FEM,NA
9583223,9584511,NA,NA
9583264,9584430,FEM,NA
9587978,9591510,NA,NA
9588012,9590543,CHI,Y
9590073,9590220,FEM,NA
9590493,9591497,FEM,NA
9595992,9600010,NA,NA
9596011,9599997,FEM,NA
9603271,9604245,OCH,NA
9603282,9604357,NA,NA
9607206,9609212,NA,NA
9607493,9607830,CHI,N
9607511,9607692,FEM,NA
9607923,9609011,FEM,NA
9613492,9615267,NA,NA
9613492,9615306,FEM,NA
9620885,9623512,NA,NA
9622010,9623512,FEM,NA
9628011,9632500,NA,NA
9628055,9629012,CHI,N
9629012,9630202,FEM,NA
9631076,9632163,CHI,N
9636371,9640435,NA,NA
9636406,9637704,CHI,N
9637508,9640215,FEM,NA
9640780,9648991,NA,NA
9640909,9643521,OCH,NA
9644135,9645947,FEM,NA
9646012,9648884,CHI,N
9652844,9653885,NA,NA
9655246,9655511,NA,NA
9661012,9661198,CHI,N
9661012,9663012,NA,NA
9661493,9662993,CHI,N
9663837,9665042,NA,NA
9663992,9664512,FEM,NA
9663992,9664929,OCH,NA
9664512,9664849,CHI,N
9665835,9677185,NA,NA
9666010,9667731,CHI,N
9666618,9667673,OCH,NA
9668094,9671071,OCH,NA
9669915,9671037,CHI,N
9674397,9676518,OCH,NA
9675997,9677042,CHI,N
9677968,9680511,NA,NA
9678012,9680012,CHI,N
9678138,9680426,OCH,NA
9688078,9689234,NA,NA
9690487,9693511,NA,NA
9690504,9692289,FEM,NA
9690617,9691216,CHI,N
9692011,9693511,CHI,N
9697568,9703803,NA,NA
9697612,9701076,OCH,NA
9701492,9703787,FEM,NA
9705889,9708191,NA,NA
9705899,9708010,CHI,N
9721461,9723511,NA,NA
9721492,9723225,CHI,N
9728051,9728179,NA,NA
9734786,9736992,NA,NA
9734992,9736511,CHI,N
9738492,9738993,NA,NA
9740982,9742702,FEM,NA
9740987,9743532,NA,NA
9742469,9743492,OCH,NA
9744150,9745488,NA,NA
9744180,9745272,FEM,NA
9746894,9747993,NA,NA
9746900,9747973,CHI,N
9762491,9769938,NA,NA
9762555,9762741,CHI,N
9762913,9765254,CHI,N
9765865,9767492,CHI,N
9766492,9768011,OCH,NA
9768492,9769844,FEM,NA
9773975,9776095,NA,NA
9774135,9774493,CHI,N
9775011,9775492,FEM,NA
9775581,9775804,CHI,N
9778460,9779095,NA,NA
9778511,9779010,CHI,N
9778642,9778934,OCH,NA
9785510,9787601,NA,NA
9785645,9787510,CHI,Y
9793511,9795512,NA,NA
9793612,9794449,FEM,NA
9794613,9794814,CHI,N
9810011,9811992,NA,NA
9810060,9811992,CHI,N
9822992,9824011,NA,NA
9823012,9823511,CHI,N
9861475,9862479,NA,NA
9861492,9862209,CHI,C
9872511,9873861,NA,NA
9872585,9873761,CHI,N
9874973,9878410,NA,NA
9875010,9876301,CHI,N
9876576,9878215,CHI,N
9881285,9884309,CHI,N
9881315,9884430,NA,NA
9894511,9898497,CHI,N
9894511,9898510,NA,NA
9904012,9904992,NA,NA
9904140,9904773,CHI,N
9904432,9904702,OCH,NA
9915510,9931511,CHI,N
9915510,9931529,NA,NA
9972003,9974511,NA,NA
9972011,9974402,FEM,NA
9999278,9999511,CHI,N
9999281,9999558,NA,NA
10008993,10009737,CHI,N
10008993,10009835,NA,NA
10013198,10013515,NA,NA
10013215,10013510,OCH,NA
10019492,10022492,CHI,N
10019492,10022545,NA,NA
10023598,10026006,NA,NA
10023706,10025912,FEM,NA
10035730,10037492,NA,NA
10035762,10037379,CHI,Y
10049489,10050991,NA,NA
10049977,10050112,OCH,NA
10050136,10050511,FEM,NA
10051427,10052225,NA,NA
10051540,10051992,OCH,NA
10057011,10058042,NA,NA
10057011,10058049,CHI,N
10065911,10072011,NA,NA
10065992,10070508,CHI,Y
10069512,10071790,FEM,NA
10085511,10087334,FEM,NA
10085511,10088493,NA,NA
10087119,10088388,CHI,N
10095511,10100006,NA,NA
10095513,10097011,CHI,N
10097492,10099492,FEM,NA
10106492,10106951,NA,NA
10109829,10112622,CHI,N
10109829,10112976,NA,NA
10125329,10125493,NA,NA
10129975,10130908,NA,NA
10129980,10130775,OCH,NA
10131777,10134971,NA,NA
10131991,10134902,CHI,N
10139963,10143011,NA,NA
10139977,10142874,CHI,C
10147302,10149511,NA,NA
10147391,10149492,CHI,N
10151116,10151992,NA,NA
10151303,10151715,OCH,NA
10154882,10155992,CHI,N
10154914,10155992,NA,NA
10159793,10161799,NA,NA
10159871,10161749,CHI,N
10175993,10177819,NA,NA
10176141,10176492,FEM,NA
10183335,10184626,NA,NA
10183335,10184636,OCH,NA
10196511,10199010,FEM,NA
10196511,10199052,NA,NA
10200511,10202386,NA,NA
10201003,10202010,FEM,NA
10204836,10206675,CHI,Y
10204864,10206811,NA,NA
10206272,10206615,OCH,NA
10212492,10216010,NA,NA
10212505,10213713,CHI,C
10214201,10216076,FEM,NA
10219303,10222206,NA,NA
10219362,10220187,CHI,N
10220992,10221957,CHI,N
10221226,10221705,OCH,NA
10222590,10224510,NA,NA
10222784,10224099,CHI,N
10227349,10229993,NA,NA
10228493,10229003,CHI,N
10228493,10229708,OCH,NA
10235455,10240011,NA,NA
10235464,10239885,CHI,Y
10249090,10250270,NA,NA
10249276,10250137,FEM,NA
10252211,10253851,NA,NA
10252491,10253512,OCH,NA
10253010,10253184,CHI,N
10255992,10258463,OCH,NA
10256011,10259011,NA,NA
10260827,10264492,FEM,NA
10260827,10264492,NA,NA
10272511,10272612,NA,NA
10272992,10275010,NA,NA
10273021,10274864,FEM,NA
10278873,10279742,OCH,NA
10278895,10280044,NA,NA
10326228,10326511,NA,NA
10326234,10326511,OCH,NA
10328492,10330514,CHI,N
10328492,10333101,NA,NA
10330441,10333043,FEM,NA
10334728,10338240,NA,NA
10334847,10336432,FEM,NA
10342429,10344010,NA,NA
10342522,10343342,CHI,N
10346012,10349387,NA,NA
10346727,10349152,CHI,Y
10350011,10352090,NA,NA
10350345,10352011,CHI,N
10354379,10358733,NA,NA
10354510,10358511,CHI,Y
10355617,10355801,OCH,NA
10359326,10360069,NA,NA
10359488,10360011,FEM,NA
10378511,10381032,CHI,N
10378511,10381397,NA,NA
10381510,10382730,NA,NA
10381616,10382492,OCH,NA
10384511,10385493,NA,NA
10384514,10385493,CHI,N
10393733,10398492,NA,NA
10393940,10398314,FEM,NA
10400840,10402011,NA,NA
10400992,10401510,FEM,NA
10407209,10408993,NA,NA
10407493,10408511,CHI,N
10412466,10413511,NA,NA
10412493,10413511,CHI,N
10417046,10418492,NA,NA
10417052,10418238,CHI,N
10419643,10421992,NA,NA
10419671,10421991,FEM,NA
10437491,10438617,FEM,NA
10437501,10438991,NA,NA
10438514,10438620,OCH,NA
10439101,10443281,NA,NA
10439223,10443011,OCH,NA
10442512,10442664,CHI,N
10443732,10446351,NA,NA
10443853,10446237,FEM,NA
10466385,10470874,NA,NA
10466442,10467726,CHI,N
10468005,10470766,CHI,N
10472492,10472764,NA,NA
10480413,10481169,NA,NA
10480492,10481010,CHI,N
10486844,10487549,NA,NA
10543011,10547415,CHI,N
10543011,10547525,NA,NA
10546964,10547092,OCH,NA
10556291,10558471,NA,NA
10556312,10557217,CHI,N
10557191,10557834,FEM,NA
10557683,10558171,OCH,NA
10558014,10558166,CHI,N
10567010,10568991,NA,NA
10567012,10568959,CHI,N
10580171,10580694,OCH,NA
10601511,10603011,OCH,NA
10603238,10603493,OCH,NA
10609512,10609644,OCH,NA
10654450,10656510,NA,NA
10654478,10656351,CHI,N
10660493,10661511,FEM,NA
10660493,10661698,NA,NA
10668146,10671622,NA,NA
10668215,10671543,CHI,N
10671848,10672354,NA,NA
10672511,10674094,NA,NA
10672604,10672707,OCH,NA
10675007,10675495,NA,NA
10677636,10680491,FEM,NA
10677639,10680466,NA,NA
10686767,10689011,NA,NA
10687521,10689011,CHI,N
10697493,10698649,CHI,N
10697608,10698658,NA,NA
10705325,10706992,NA,NA
10705400,10706617,CHI,N
10705492,10706511,OCH,NA
10709785,10711891,NA,NA
10709984,10711292,FEM,NA
10709992,10710905,MAL,NA
10713006,10713991,NA,NA
10713111,10713924,FEM,NA
10715615,10719299,NA,NA
10715667,10719250,FEM,NA
10725306,10725611,NA,NA
10726847,10727839,NA,NA
10726918,10727794,FEM,NA
10731030,10734380,NA,NA
10731040,10734231,FEM,NA
10734510,10737067,NA,NA
10734623,10737026,FEM,NA
10737272,10738878,NA,NA
10737492,10738618,CHI,N
10737492,10738882,OCH,NA
10748234,10749491,NA,NA
10748238,10749512,CHI,N
10749682,10750910,CHI,N
10749758,10751046,NA,NA
10751832,10756992,NA,NA
10751854,10753511,CHI,N
10752802,10755934,OCH,NA
10755202,10755388,FEM,NA
10755492,10756910,FEM,NA
10758093,10759435,NA,NA
10758771,10758965,OCH,NA
10760011,10761832,NA,NA
10760189,10761601,FEM,NA
10764897,10766512,OCH,NA
10764910,10767455,NA,NA
10764993,10765992,CHI,N
10765992,10767415,FEM,NA
10768511,10770011,OCH,NA
10768663,10770695,NA,NA
10769806,10770677,FEM,NA
10771942,10773042,FEM,NA
10771976,10773059,NA,NA
10806598,10807011,NA,NA
10810992,10813437,CHI,N
10811011,10813492,NA,NA
10817992,10818859,NA,NA
10817997,10818679,FEM,NA
10821354,10822340,NA,NA
10821446,10822067,OCH,NA
10827511,10828377,NA,NA
10827643,10828301,CHI,N
10852993,10855303,NA,NA
10853259,10854162,CHI,N
10853492,10856094,OCH,NA
10898493,10900072,CHI,C
10898493,10900172,NA,NA
10909991,10912163,OCH,NA
10910211,10912012,NA,NA
10917104,10917354,OCH,NA
10943492,10944025,NA,NA
10944566,10945823,NA,NA
10944835,10945232,CHI,N
10944852,10945156,OCH,NA
10945295,10945400,OCH,NA
10960461,10961511,NA,NA
10960463,10961494,CHI,N
10976492,10976784,NA,NA
10978991,10979708,CHI,N
10978991,10979885,NA,NA
10980011,10983109,NA,NA
10980195,10981766,CHI,N
10981892,10983019,CHI,N
10999992,11000594,NA,NA
11001530,11002181,MAL,NA
11005991,11007111,CHI,N
11005991,11007491,NA,NA
11012510,11016039,NA,NA
11012993,11015494,FEM,NA
11030690,11032511,FEM,NA
11030693,11032510,NA,NA
11037511,11040515,FEM,NA
11037511,11040616,NA,NA
11042511,11044492,FEM,NA
11042511,11044492,NA,NA
11048010,11058992,NA,NA
11048252,11050512,CHI,N
11048562,11051011,OCH,NA
11050493,11051573,FEM,NA
11052295,11053011,CHI,N
11052511,11054929,FEM,NA
11054543,11056011,OCH,NA
11054991,11058671,CHI,N
11060903,11062012,NA,NA
11060992,11061993,CHI,N
11064590,11065520,NA,NA
11064666,11065496,CHI,N
11079322,11079987,NA,NA
11079411,11079964,CHI,N
11082278,11083478,NA,NA
11082339,11083335,CHI,N
11085144,11085463,NA,NA
11101492,11102199,NA,NA
11101779,11102010,OCH,NA
11105991,11107005,NA,NA
11105993,11106992,CHI,N
11108509,11109511,NA,NA
11108733,11109011,OCH,NA
11130333,11131011,NA,NA
11135786,11136495,NA,NA
11136992,11137297,NA,NA
11138992,11139520,OCH,NA
11139145,11139503,NA,NA
11142738,11144446,OCH,NA
11142919,11144178,NA,NA
11144363,11145511,NA,NA
11149615,11151920,NA,NA
11149959,11151255,FEM,NA
11152991,11153889,NA,NA
11153008,11153837,CHI,N
11155089,11160511,CHI,N
11155104,11162011,NA,NA
11161010,11161702,CHI,N
11162912,11165332,NA,NA
11163380,11165012,CHI,N
11171105,11172992,NA,NA
11171150,11172011,CHI,N
11172085,11172711,FEM,NA
11173511,11181511,NA,NA
11173741,11181369,CHI,C
11193596,11194992,NA,NA
11193775,11194531,CHI,N
11224222,11225491,OCH,NA
11227169,11228053,NA,NA
11227255,11228011,OCH,NA
11248122,11249361,NA,NA
11270809,11271869,NA,NA
11270819,11271583,CHI,N
11272908,11274010,NA,NA
11277397,11282799,NA,NA
11278011,11279196,OCH,NA
11278047,11279054,CHI,N
11281012,11282359,CHI,N
11281559,11282258,FEM,NA
11286493,11288450,NA,NA
11286493,11288469,FEM,NA
11297512,11299491,NA,NA
11297612,11299492,FEM,NA
11302511,11303599,CHI,N
11302511,11303847,NA,NA
11304978,11305493,NA,NA
11315896,11320395,NA,NA
11315992,11320228,FEM,NA
11322992,11324978,NA,NA
11323125,11323996,OCH,NA
11325265,11326514,NA,NA
11325320,11326491,FEM,NA
11328981,11333870,NA,NA
11329149,11329991,CHI,N
11329492,11333834,FEM,NA
11340010,11341510,NA,NA
11340091,11341460,CHI,N
11343490,11345324,CHI,N
11343491,11354502,NA,NA
11345822,11347493,CHI,N
11347396,11347924,OCH,NA
11348794,11354282,CHI,N
11348949,11350014,OCH,NA
11350162,11350425,OCH,NA
11354916,11355631,NA,NA
11368142,11368478,NA,NA
11382010,11383011,NA,NA
11382350,11382839,FEM,NA
11396646,11398011,NA,NA
11396811,11398011,FEM,NA
11405011,11405748,NA,NA
11405109,11405511,CHI,N
11408992,11419363,NA,NA
11409368,11419301,CHI,C
11422283,11424291,CHI,N
11422340,11424380,NA,NA
11426405,11427011,CHI,N
11426414,11427011,NA,NA
11455425,11456993,NA,NA
11455508,11456628,FEM,NA
11464230,11465514,NA,NA
11464286,11465012,CHI,N
11465268,11465496,FEM,NA
11468491,11469887,NA,NA
11468491,11469929,FEM,NA
11474401,11476585,FEM,NA
11474406,11476603,NA,NA
11483768,11486628,NA,NA
11483858,11486403,CHI,N
11483880,11485011,OCH,NA
11485247,11485493,OCH,NA
11488384,11491492,NA,NA
11488409,11489435,OCH,NA
11488649,11489493,CHI,N
11489491,11491492,FEM,NA
11498249,11524994,NA,NA
11498299,11502032,FEM,NA
11502456,11504511,CHI,N
11504079,11510669,FEM,NA
11510169,11510318,MAL,NA
11510756,11514011,CHI,N
11512498,11513953,OCH,NA
11514511,11515010,CHI,N
11514570,11514697,OCH,NA
11515439,11517272,CHI,N
11515676,11518001,OCH,NA
11517447,11519916,CHI,Y
11520492,11523018,FEM,NA
11523011,11524992,CHI,N
11525855,11526778,NA,NA
11525993,11526776,OCH,NA
11534992,11577551,NA,NA
11535590,11545511,CHI,N
11535780,11535954,OCH,NA
11537664,11537823,OCH,NA
11544626,11545694,OCH,NA
11546769,11571135,CHI,Y
11555992,11556669,OCH,NA
11557011,11559846,OCH,NA
11566493,11568511,OCH,NA
11571463,11577511,CHI,Y
11579882,11603011,CHI,Y
11579895,11603010,NA,NA
11605692,11607493,NA,NA
11605749,11607443,FEM,NA
11608010,11608130,NA,NA
11608512,11611511,NA,NA
11608812,11611507,CHI,N
11613184,11617583,NA,NA
11613289,11613824,OCH,NA
11613927,11617569,OCH,NA
11615010,11615207,CHI,N
11615456,11617454,CHI,N
11617840,11620012,NA,NA
11617867,11619939,OCH,NA
11618022,11618501,CHI,N
11618669,11618811,CHI,N
11619011,11619904,FEM,NA
11629823,11630738,CHI,N
11629823,11630864,NA,NA
11631052,11635365,NA,NA
11631178,11635368,FEM,NA
11640829,11645797,NA,NA
11640861,11645512,FEM,NA
11646995,11650807,NA,NA
11647002,11649297,CHI,N
11648991,11650446,FEM,NA
11649607,11650490,CHI,N
11651121,11654493,NA,NA
11651194,11651299,CHI,N
11651826,11654118,CHI,N
11655023,11663663,NA,NA
11655286,11655615,MAL,NA
11655819,11655989,OCH,NA
11656180,11656474,OCH,NA
11656739,11658634,OCH,NA
11657107,11659993,CHI,N
11659511,11661511,OCH,NA
11661511,11663647,CHI,N
11669223,11669341,NA,NA
11671285,11672758,NA,NA
11671493,11672057,OCH,NA
11671493,11672180,CHI,N
11674081,11676138,NA,NA
11674086,11674218,OCH,NA
11674338,11674679,OCH,NA
11674878,11675894,OCH,NA
11677314,11679688,NA,NA
11677427,11679449,CHI,N
11680195,11687559,NA,NA
11680296,11681511,OCH,NA
11681115,11681248,CHI,N
11681437,11683511,CHI,N
11683783,11687426,CHI,N
11683992,11687362,OCH,NA
11688011,11692319,NA,NA
11688420,11691992,FEM,NA
11692954,11693992,NA,NA
11693136,11693836,CHI,N
11694439,11695011,NA,NA
11694491,11694950,FEM,NA
11696842,11697785,FEM,NA
11696846,11697808,NA,NA
11698217,11709992,NA,NA
11698511,11698867,OCH,NA
11698992,11703493,OCH,NA
11703663,11705334,OCH,NA
11703992,11704250,FEM,NA
11704051,11705610,CHI,N
11705511,11709510,FEM,NA
11708926,11709172,OCH,NA
11714463,11716372,OCH,NA
11714612,11714774,NA,NA
11715422,11716512,NA,NA
11715992,11716351,FEM,NA
11718162,11730849,NA,NA
11718380,11721320,CHI,N
11718385,11721606,OCH,NA
11721198,11721846,FEM,NA
11721962,11729492,FEM,NA
11728709,11729490,OCH,NA
11730164,11730512,OCH,NA
11731011,11731343,NA,NA
11731492,11732511,NA,NA
11731886,11732478,OCH,NA
11738977,11745732,NA,NA
11739011,11740366,FEM,NA
11739992,11742511,CHI,Y
11740201,11742304,OCH,NA
11742280,11745707,FEM,NA
11747492,11748000,NA,NA
11747492,11748120,OCH,NA
11749511,11751492,NA,NA
11749794,11751492,FEM,NA
11754975,11756274,NA,NA
11755010,11755952,CHI,N
11755022,11756011,OCH,NA
11757567,11759992,NA,NA
11759011,11759500,OCH,NA
11759351,11759511,FEM,NA
11760846,11761121,NA,NA
11760883,11772334,OCH,NA
11761246,11773011,NA,NA
11761659,11762314,CHI,N
11764884,11765512,FEM,NA
11769001,11772438,CHI,N
11775559,11776285,NA,NA
11775579,11776011,OCH,NA
11777174,11779160,NA,NA
11777311,11777993,FEM,NA
11778693,11778998,FEM,NA
11780240,11784511,NA,NA
11780492,11781186,FEM,NA
11780755,11784511,OCH,NA
11781364,11781497,FEM,NA
11784705,11789867,NA,NA
11784774,11789870,OCH,NA
11785375,11786214,FEM,NA
11795099,11799512,NA,NA
11797107,11797217,OCH,NA
11797491,11799374,OCH,NA
11803246,11804871,NA,NA
11803327,11804512,CHI,N
11805279,11809709,NA,NA
11805443,11809512,OCH,NA
11807993,11809466,CHI,N
11812993,11815222,CHI,N
11812993,11817492,NA,NA
11814491,11814774,OCH,NA
11815003,11817133,FEM,NA
11818712,11819249,NA,NA
11818737,11819010,OCH,NA
11819993,11822492,NA,NA
11820080,11820367,OCH,NA
11820511,11822511,OCH,NA
11825288,11829515,NA,NA
11825511,11827636,OCH,NA
11825695,11827364,CHI,N
11828012,11829313,FEM,NA
11830308,11830991,NA,NA
11830369,11830895,CHI,N
11831662,11840493,NA,NA
11832494,11833285,CHI,N
11832510,11832645,FEM,NA
11832883,11834511,FEM,NA
11833209,11835511,OCH,NA
11834512,11835744,CHI,N
11835744,11836223,OCH,NA
11836657,11837860,FEM,NA
11838280,11838520,CHI,N
11838493,11838884,OCH,NA
11839157,11840492,FEM,NA
11839561,11840012,OCH,NA
11868986,11873277,NA,NA
11868992,11869991,CHI,C
11869991,11871513,FEM,NA
11871763,11872340,MAL,NA
11872011,11873189,FEM,NA
11902241,11903944,FEM,NA
11902248,11903993,NA,NA
11919150,11924849,NA,NA
11919282,11920510,CHI,N
11920011,11921493,FEM,NA
11920635,11921440,OCH,NA
11921558,11923522,CHI,Y
11923492,11924582,FEM,NA
11928178,11939145,CHI,C
11928261,11939682,NA,NA
11932186,11933080,MAL,NA
11940504,11946852,NA,NA
11940510,11944493,CHI,C
11944316,11946923,OCH,NA
11944748,11944856,CHI,N
11945701,11945871,CHI,N
11945991,11946438,CHI,N
11948484,11951214,FEM,NA
11948492,11955286,NA,NA
11951339,11955181,CHI,Y
11955674,11958529,OCH,NA
11956012,11960521,NA,NA
11958703,11958988,OCH,NA
11959010,11960510,FEM,NA
11963732,11965355,NA,NA
11963735,11964992,FEM,NA
11964993,11965143,OCH,NA
11969011,11970992,NA,NA
11969492,11970012,OCH,NA
11969556,11969671,FEM,NA
11971272,11972992,NA,NA
11971832,11972352,OCH,NA
11974492,11975687,NA,NA
11974510,11975165,FEM,NA
11976010,11976204,NA,NA
11976512,11988709,NA,NA
11977011,11978012,FEM,NA
11977133,11978252,CHI,N
11978609,11979628,OCH,NA
11978872,11979510,CHI,N
11979822,11979992,OCH,NA
11980366,11983012,CHI,C
11980448,11980922,OCH,NA
11982752,11985018,FEM,NA
11984991,11988380,CHI,C
11989372,11997042,NA,NA
11989499,11990446,CHI,N
11990012,11990422,FEM,NA
11990903,11995503,CHI,Y
11990997,11994991,OCH,NA
11995174,11997000,FEM,NA
11997629,12003179,NA,NA
11997801,11998746,CHI,N
11999510,12002011,OCH,NA
11999522,12002943,CHI,C
12002216,12002365,OCH,NA
12003415,12009991,NA,NA
12003667,12004462,CHI,N
12004011,12009991,FEM,NA
12013270,12017551,NA,NA
12013287,12017511,FEM,NA
12018723,12019737,NA,NA
12023492,12025056,NA,NA
12023512,12025011,FEM,NA
12030513,12031806,NA,NA
12030527,12031786,FEM,NA
12033011,12044609,NA,NA
12033232,12037623,FEM,NA
12037174,12038511,CHI,N
12037579,12038792,OCH,NA
12038510,12039015,FEM,NA
12039482,12039992,CHI,N
12039511,12039757,OCH,NA
12039992,12041195,OCH,NA
12040009,12040833,FEM,NA
12041011,12041512,FEM,NA
12042246,12044013,FEM,NA
12042319,12043877,OCH,NA
12045984,12055510,NA,NA
12046011,12049243,FEM,NA
12047511,12047648,OCH,NA
12047965,12048956,OCH,NA
12048981,12049511,MAL,NA
12049511,12055510,FEM,NA
12062010,12066357,CHI,C
12062010,12069724,NA,NA
12063011,12064552,OCH,NA
12064992,12065686,OCH,NA
12066011,12068011,FEM,NA
12066349,12066639,OCH,NA
12066504,12067010,CHI,N
12067010,12068186,OCH,NA
12067993,12068511,CHI,N
12068231,12069323,FEM,NA
12069010,12069255,CHI,N
12072269,12073039,NA,NA
12072321,12073241,OCH,NA
12076187,12077512,NA,NA
12076317,12076492,FEM,NA
12078593,12079177,OCH,NA
12078612,12079311,NA,NA
12079511,12085891,NA,NA
12079992,12083170,FEM,NA
12084012,12085622,FEM,NA
12086229,12086345,NA,NA
12086493,12089993,NA,NA
12086611,12088012,CHI,N
12086992,12089992,FEM,NA
12092510,12094270,FEM,NA
12092510,12094297,NA,NA
12096992,12097991,FEM,NA
12096992,12098111,NA,NA
12103511,12105011,NA,NA
12103970,12104512,FEM,NA
12112372,12114012,NA,NA
12113489,12113992,FEM,NA
12115511,12118191,NA,NA
12115992,12117992,FEM,NA
12118829,12123308,NA,NA
12118992,12120779,CHI,N
12120133,12120700,OCH,NA
12121464,12122510,CHI,N
12121534,12121666,OCH,NA
12124434,12129186,NA,NA
12124458,12129115,CHI,N
12131492,12135102,NA,NA
12131512,12135012,CHI,Y
12137492,12139598,NA,NA
12137992,12138552,CHI,N
12138694,12139595,CHI,N
12142833,12144510,NA,NA
12142837,12144492,CHI,N
12145992,12147992,NA,NA
12146006,12147012,CHI,N
12147163,12147511,OCH,NA
12147707,12147817,OCH,NA
12149511,12150056,NA,NA
12151230,12154011,NA,NA
12152364,12153960,CHI,N
12155783,12156927,NA,NA
12155874,12156768,OCH,NA
12158559,12163993,NA,NA
12158611,12160405,OCH,NA
12160992,12163992,CHI,N
12164992,12168564,CHI,N
12164992,12168993,NA,NA
12169145,12178003,NA,NA
12169298,12177992,CHI,Y
12189444,12192137,NA,NA
12189989,12190510,CHI,N
12189992,12190787,OCH,NA
12191259,12191672,OCH,NA
12192366,12194992,NA,NA
12192491,12194492,FEM,NA
12192765,12193130,OCH,NA
12193492,12194692,OCH,NA
12196907,12199492,OCH,NA
12197010,12199011,NA,NA
12202010,12202196,OCH,NA
12202491,12204992,OCH,NA
12202993,12204493,NA,NA
12205131,12206270,OCH,NA
12207065,12210492,OCH,NA
12208990,12210991,NA,NA
12224623,12230011,CHI,C
12224625,12232511,NA,NA
12230053,12232491,OCH,NA
12234481,12235991,NA,NA
12234512,12234961,OCH,NA
12235193,12235510,OCH,NA
12237706,12239588,NA,NA
12237836,12239512,FEM,NA
12243511,12245992,NA,NA
12243596,12245916,CHI,N
12243614,12244934,OCH,NA
12253992,12256976,NA,NA
12253999,12254299,OCH,NA
12254937,12256473,CHI,N
12255162,12256367,OCH,NA
12262750,12263476,NA,NA
12269797,12270720,CHI,N
12269846,12270710,NA,NA
12274905,12275511,NA,NA
12280741,12281993,NA,NA
12280967,12281689,CHI,N
12286492,12289830,CHI,N
12286492,12290377,NA,NA
12291269,12292492,NA,NA
12291321,12292492,CHI,N
12297732,12300010,NA,NA
12297999,12299381,OCH,NA
12298495,12299756,CHI,N
12300930,12302511,CHI,N
12300935,12302520,NA,NA
12303321,12303491,NA,NA
12320492,12341793,NA,NA
12321011,12334509,CHI,Y
12327810,12328510,FEM,NA
12334511,12336588,FEM,NA
12336921,12341806,CHI,C
12337046,12337211,OCH,NA
12337799,12338847,OCH,NA
12341968,12364992,CHI,Y
12341970,12360181,NA,NA
12347912,12348172,MAL,NA
12352652,12353450,OCH,NA
12360330,12371066,NA,NA
12364512,12364868,OCH,NA
12365492,12370762,OCH,NA
12366662,12366780,CHI,N
12366992,12368511,CHI,N
12371363,12389993,NA,NA
12371705,12377991,FEM,NA
12371712,12373011,OCH,NA
12378511,12386886,CHI,Y
12386512,12388655,OCH,NA
12387355,12389993,CHI,Y
12388839,12388986,OCH,NA
12391191,12434492,NA,NA
12391397,12393883,FEM,NA
12391549,12392011,OCH,NA
12392295,12392492,OCH,NA
12394510,12399340,CHI,N
12399492,12401012,FEM,NA
12400992,12403807,CHI,N
12403012,12404014,FEM,NA
12405992,12412992,CHI,N
12413010,12416993,FEM,NA
12416510,12418491,CHI,N
12418189,12429841,FEM,NA
12430511,12433992,FEM,NA
12435512,12456511,NA,NA
12435873,12446012,CHI,C
12441291,12441991,FEM,NA
12446637,12448492,OCH,NA
12448137,12450010,FEM,NA
12450788,12456439,CHI,Y
12458991,12475626,NA,NA
12459023,12465385,CHI,Y
12465510,12468991,OCH,NA
12465981,12466828,CHI,N
12470112,12475385,CHI,C
12476012,12476122,NA,NA
12476312,12484437,NA,NA
12476430,12484216,CHI,N
12488008,12488313,NA,NA
12488492,12491492,NA,NA
12488831,12491011,OCH,NA
12489272,12489415,CHI,N
12492320,12493717,NA,NA
12492488,12493354,FEM,NA
12500433,12503492,FEM,NA
12500447,12503493,NA,NA
12508651,12519011,NA,NA
12508992,12510011,OCH,NA
12509168,12509293,CHI,N
12510011,12515909,CHI,Y
12514588,12519011,FEM,NA
12522475,12525992,NA,NA
12522622,12525992,OCH,NA
12522992,12523178,CHI,N
12527165,12538821,NA,NA
12528064,12538805,FEM,NA
12531343,12531650,MAL,NA
12531783,12531943,MAL,NA
12547511,12549227,OCH,NA
12547988,12549362,NA,NA
12551510,12554223,NA,NA
12551934,12553512,OCH,NA
12553491,12553791,CHI,N
12556492,12561905,NA,NA
12556504,12558512,OCH,NA
12558863,12559492,OCH,NA
12560066,12560712,FEM,NA
12568338,12572547,OCH,NA
12568340,12586492,NA,NA
12571308,12573512,CHI,N
12574492,12575491,FEM,NA
12575010,12581492,OCH,NA
12579511,12580010,FEM,NA
12580512,12582351,CHI,N
12582012,12586011,FEM,NA
12586843,12604698,NA,NA
12587133,12592010,OCH,NA
12587154,12587657,FEM,NA
12587900,12588011,FEM,NA
12589444,12592245,CHI,N
12593011,12595448,FEM,NA
12595510,12597992,OCH,NA
12597992,12600405,FEM,NA
12601362,12604492,OCH,NA
12601612,12601906,CHI,N
12605011,12605117,NA,NA
12605510,12615492,NA,NA
12605689,12607014,FEM,NA
12607010,12608670,CHI,Y
12607169,12607353,FEM,NA
12608992,12609512,OCH,NA
12609100,12609265,CHI,N
12610769,12614144,OCH,NA
12612491,12615058,CHI,Y
12616012,12624131,NA,NA
12616302,12617475,FEM,NA
12616594,12622510,OCH,NA
12617068,12621992,CHI,N
12622011,12622993,FEM,NA
12624643,12624744,NA,NA
12624891,12629881,NA,NA
12625099,12629512,OCH,NA
12626591,12627391,CHI,N
12627834,12629508,CHI,N
12631493,12634340,NA,NA
12631552,12634011,OCH,NA
12631992,12633202,CHI,N
12644512,12644655,NA,NA
12644512,12648511,OCH,NA
12644805,12653992,NA,NA
12650362,12651393,OCH,NA
12651810,12653612,OCH,NA
12655511,12661492,NA,NA
12655722,12658176,OCH,NA
12656002,12657536,CHI,N
12658121,12661503,FEM,NA
12664850,12669492,NA,NA
12664890,12666010,CHI,N
12667011,12669061,FEM,NA
12669839,12680011,NA,NA
12670067,12673400,CHI,N
12670646,12671470,OCH,NA
12673226,12680011,OCH,NA
12676011,12678130,CHI,N
12680719,12688127,NA,NA
12680759,12685511,OCH,NA
12684659,12685012,CHI,N
12685346,12687511,FEM,NA
12686993,12688051,OCH,NA
12698880,12703011,NA,NA
12698988,12702324,FEM,NA
12713492,12715011,CHI,N
12713492,12720613,NA,NA
12713993,12715993,OCH,NA
12715817,12717403,FEM,NA
12717511,12719492,OCH,NA
12718014,12719838,CHI,N
12719982,12720546,CHI,N
12720289,12720400,OCH,NA
12757826,12758077,NA,NA
12759992,12766992,NA,NA
12760003,12761095,CHI,N
12760511,12760943,OCH,NA
12761120,12766653,FEM,NA
12772401,12775064,NA,NA
12772441,12774356,CHI,C
12773413,12774021,FEM,NA
12774151,12774995,FEM,NA
12785275,12790098,NA,NA
12785337,12789993,FEM,NA
12817386,12818620,NA,NA
12817393,12818578,CHI,N
12822492,12822912,OCH,NA
12826912,12827703,NA,NA
12827012,12827511,CHI,N
12827260,12827402,OCH,NA
12850031,12852493,NA,NA
12850031,12853011,OCH,NA
12853159,12854928,OCH,NA
12853310,12854729,NA,NA
12856008,12858011,NA,NA
12856069,12858207,OCH,NA
12865632,12867190,NA,NA
12865655,12867121,FEM,NA
12868011,12869783,FEM,NA
12868082,12869758,NA,NA
12872480,12874974,FEM,NA
12872490,12875011,NA,NA
12881955,12882173,NA,NA
17234011,17234266,NA,NA
17236331,17237209,NA,NA
17236493,17237011,OCH,NA
17240379,17241700,OCH,NA
17240519,17241013,NA,NA
17241962,17242465,OCH,NA
17242590,17242892,OCH,NA
17245481,17245945,OCH,NA
17248712,17249510,NA,NA
17249041,17249314,OCH,NA
17253010,17253245,NA,NA
17253439,17255780,NA,NA
17253493,17255511,OCH,NA
17253542,17255493,CHI,N
17256831,17260189,NA,NA
17256993,17257992,CHI,N
17257195,17260575,OCH,NA
17258338,17258485,CHI,N
17260509,17266010,NA,NA
17260992,17261193,OCH,NA
17261515,17263255,OCH,NA
17262145,17262439,CHI,N
17263878,17264349,OCH,NA
17264030,17264398,CHI,N
17264829,17266010,OCH,NA
17266176,17266510,OCH,NA
17266319,17266491,NA,NA
17268017,17271562,OCH,NA
17268491,17271817,NA,NA
17269997,17271501,CHI,N
17280992,17281873,NA,NA
17281164,17281596,CHI,N
17281375,17281478,OCH,NA
17288603,17288713,NA,NA
17288868,17290010,OCH,NA
17288890,17290010,NA,NA
17300491,17303491,NA,NA
17300512,17301227,OCH,NA
17301624,17303511,OCH,NA
17309373,17311012,OCH,NA
17309378,17311011,NA,NA
17311138,17311695,OCH,NA
17311158,17319992,NA,NA
17312373,17315492,OCH,NA
17312493,17313897,CHI,N
17314499,17315636,CHI,N
17316059,17318140,OCH,NA
17317511,17317806,CHI,N
17317992,17318169,CHI,N
17318483,17319511,CHI,N
17320993,17322512,OCH,NA
17320993,17322734,NA,NA
17321511,17322215,CHI,N
17322319,17322466,CHI,N
17324432,17327117,OCH,NA
17324450,17333812,NA,NA
17327534,17327811,OCH,NA
17327993,17333992,OCH,NA
17335919,17339233,NA,NA
17335942,17339199,OCH,NA
17336476,17338607,NA,J
17339650,17345357,OCH,NA
17339817,17345357,NA,NA
17346423,17349616,NA,NA
17346474,17353540,OCH,NA
17347218,17347333,CHI,N
17348008,17348482,CHI,N
17350138,17357901,NA,NA
17354348,17357164,OCH,NA
17354636,17357231,CHI,N
17357993,17365011,OCH,NA
17358011,17365321,NA,NA
17358850,17359017,CHI,N
17359485,17360190,CHI,N
17366228,17368515,NA,NA
17366493,17367985,OCH,NA
17366493,17368467,CHI,N
17370303,17372762,NA,NA
17370457,17379414,OCH,NA
17371039,17371512,NA,J
17373511,17375492,NA,NA
17376036,17379079,NA,NA
17377828,17378493,CHI,N
17381010,17388189,NA,NA
17381491,17391491,OCH,NA
17381777,17382012,CHI,N
17385992,17387084,CHI,N
17388511,17391491,NA,NA
17393010,17395934,NA,NA
17393186,17394511,CHI,N
17393493,17394511,OCH,NA
17396991,17400791,NA,NA
17396999,17398010,CHI,N
17397421,17400725,OCH,NA
17401505,17408434,NA,NA
17401606,17408511,OCH,NA
17402992,17404016,CHI,N
17410805,17413709,NA,NA
17410904,17413211,CHI,N
17410904,17413356,OCH,NA
17414011,17418491,NA,NA
17414097,17418252,OCH,NA
17416871,17418221,CHI,N
17419511,17424960,NA,NA
17419615,17424883,OCH,NA
17420100,17420794,CHI,N
17424271,17424482,CHI,N
17425370,17425512,OCH,NA
17426510,17431761,NA,NA
17426667,17436991,OCH,NA
17428993,17431247,CHI,N
17431916,17436992,NA,NA
17432683,17433996,CHI,N
17437722,17439995,OCH,NA
17438510,17441492,NA,NA
17439418,17441011,CHI,N
17440152,17441011,OCH,NA
17442010,17447351,NA,NA
17442466,17444871,CHI,N
17442511,17447010,OCH,NA
17448566,17450512,NA,NA
17448652,17450221,OCH,NA
17449511,17449889,CHI,N
17457512,17460011,NA,NA
17457984,17458991,CHI,N
17457992,17460491,OCH,NA
17459236,17459445,CHI,N
17460200,17460458,NA,NA
17532668,17534011,NA,NA
17532970,17533512,CHI,N
17532992,17534011,OCH,NA
17536011,17543205,NA,NA
17536105,17542992,OCH,NA
17541762,17542955,CHI,N
17544733,17546010,OCH,NA
17544782,17546010,NA,NA
17555533,17555950,OCH,NA
17559992,17562071,OCH,NA
17560005,17562511,NA,NA
17564654,17570491,NA,NA
17564816,17570057,OCH,NA
17564918,17566302,CHI,N
17569563,17569708,CHI,N
17572992,17576510,NA,NA
17573492,17576079,OCH,NA
17573596,17573993,CHI,N
17576583,17577010,OCH,NA
17576819,17576991,NA,NA
17629512,17629770,NA,NA
17630543,17632202,NA,NA
17630683,17632011,OCH,NA
17633968,17634491,NA,NA
17634216,17634992,OCH,NA
17636493,17636977,OCH,NA
17636511,17637010,NA,NA
18125735,18126783,NA,NA
18125993,18126511,CHI,N
18125993,18126519,OCH,NA
18708492,18710492,OCH,NA
18708492,18710510,NA,NA
18709091,18710421,CHI,N
18718563,18718681,NA,NA
18718859,18720492,NA,NA
18718886,18719993,OCH,NA
18723263,18725364,OCH,NA
18723423,18723992,NA,NA
18724124,18725012,NA,NA
18727057,18727511,OCH,NA
18727124,18729011,NA,NA
18727630,18727991,OCH,NA
18731491,18735013,NA,NA
18731731,18734723,OCH,NA
18731922,18733012,CHI,N
18735381,18740492,OCH,NA
18735400,18740029,NA,NA
18742609,18744015,OCH,NA
18742710,18746944,NA,NA
18744991,18746132,CHI,N
18745493,18746011,OCH,NA
18750162,18753591,NA,NA
18750317,18751011,OCH,NA
18750334,18753571,FEM,NA
18753819,18755625,NA,NA
18753917,18755633,FEM,NA
18754188,18754492,OCH,NA
18757992,18758993,FEM,NA
18757992,18759018,NA,NA
18761126,18761993,NA,NA
18761198,18761492,FEM,NA
18770707,18771085,NA,NA
18774492,18775010,NA,NA
18776510,18776689,CHI,N
18776510,18776691,NA,NA
18776978,18784553,CHI,N
18776991,18790081,NA,NA
18784511,18785174,FEM,NA
18785184,18790007,CHI,Y
18790993,18803096,NA,NA
18791011,18800226,CHI,Y
18797511,18799011,FEM,NA
18800512,18802993,CHI,Y
18803772,18828274,NA,NA
18803882,18812299,CHI,Y
18808673,18809029,OCH,NA
18811604,18812996,FEM,NA
18813011,18817667,CHI,N
18817491,18819376,FEM,NA
18819484,18819845,FEM,NA
18820011,18827559,FEM,NA
18822395,18822511,CHI,N
18828423,18840057,NA,NA
18828462,18829611,FEM,NA
18829814,18830511,OCH,NA
18829992,18839992,CHI,Y
18833992,18834512,OCH,NA
18834699,18835511,OCH,NA
18839010,18839889,OCH,NA
18841027,18841172,NA,NA
18841424,18850098,NA,NA
18841714,18843496,CHI,Y
18842492,18843245,OCH,NA
18843938,18849512,CHI,Y
18844993,18846429,OCH,NA
18850295,18871993,NA,NA
18850457,18852011,CHI,Y
18851489,18852174,OCH,NA
18852217,18852992,CHI,N
18852725,18854087,OCH,NA
18853493,18857011,CHI,Y
18854277,18854491,OCH,NA
18856115,18858012,FEM,NA
18857354,18869605,CHI,N
18869492,18871011,FEM,NA
18870499,18871814,CHI,N
18872944,18875160,NA,NA
18872992,18874271,CHI,N
18874011,18874510,FEM,NA
18875491,18881272,NA,NA
18875783,18879492,CHI,N
18875892,18877424,OCH,NA
18882639,18888206,NA,NA
18882990,18884450,CHI,N
18884011,18887669,OCH,NA
18888879,18891128,NA,NA
18889107,18891011,OCH,NA
18889600,18890012,FEM,NA
18892911,18899492,NA,NA
18892992,18893822,FEM,NA
18894887,18896993,CHI,N
18898178,18898996,CHI,N
18898248,18898666,OCH,NA
18900992,18906164,NA,NA
18901053,18903517,CHI,N
18902082,18902305,FEM,NA
18903512,18906092,FEM,NA
18911492,18913053,FEM,NA
18911492,18917147,NA,NA
18913012,18914011,CHI,N
18913979,18917011,FEM,NA
18916549,18916814,OCH,NA
18922992,18925322,NA,NA
18923085,18923910,CHI,C
18923252,18925226,FEM,NA
18931595,18933510,NA,NA
18931602,18932993,CHI,N
18935446,18936470,NA,NA
18935488,18936377,CHI,N
18939474,18940480,CHI,N
18939484,18943492,NA,NA
18940883,18943055,FEM,NA
18945792,18954140,NA,NA
18946511,18953919,CHI,Y
18946659,18948011,OCH,NA
18950336,18952337,OCH,NA
18958020,18959716,NA,NA
18958317,18959502,FEM,NA
18960002,18960124,NA,NA
18960991,18961904,NA,NA
18962454,18970301,NA,NA
18962583,18962875,FEM,NA
18962993,18964846,FEM,NA
18964886,18968138,CHI,N
18966108,18967993,OCH,NA
18968362,18970129,FEM,NA
18976157,18977492,NA,NA
18976488,18977273,CHI,N
18979491,18980895,NA,NA
18979512,18980886,FEM,NA
18982134,18984010,NA,NA
18982205,18983982,FEM,NA
18986493,18990524,NA,NA
18987013,18987345,OCH,NA
18987468,18990511,FEM,NA
18988381,18989512,OCH,NA
18991992,18993496,FEM,NA
18991992,18993550,NA,NA
18999993,19003486,FEM,NA
18999993,19005994,NA,NA
19004011,19005992,FEM,NA
19008419,19012015,NA,NA
19008478,19009511,CHI,N
19009674,19012492,OCH,NA
19012570,19018027,NA,NA
19012992,19013996,FEM,NA
19014119,19015120,CHI,C
19015012,19016151,FEM,NA
19016557,19017428,CHI,N
19017497,19018010,FEM,NA
19020405,19020613,MAL,NA
19020476,19021102,NA,NA
19021227,19029720,NA,NA
19021492,19022003,MAL,NA
19021492,19024011,FEM,NA
19024011,19027585,CHI,N
19027011,19027440,OCH,NA
19027992,19028993,FEM,NA
19028831,19029511,CHI,N
19030466,19031492,NA,NA
19044511,19051992,NA,NA
19044961,19047615,FEM,NA
19045017,19045579,OCH,NA
19048188,19052012,FEM,NA
19054961,19058510,NA,NA
19055196,19055992,FEM,NA
19056992,19057993,OCH,NA
19057496,19058011,CHI,N
19058758,19065623,NA,NA
19058870,19059511,CHI,N
19060010,19061912,FEM,NA
19061511,19062223,CHI,N
19062575,19064011,CHI,N
19064044,19065512,FEM,NA
19066445,19071342,FEM,NA
19066450,19071583,NA,NA
19072187,19075849,NA,NA
19072397,19075510,FEM,NA
19072481,19073011,OCH,NA
19078011,19080512,NA,NA
19078647,19079030,CHI,N
19078656,19080492,FEM,NA
19083075,19083240,NA,NA
19083465,19084869,NA,NA
19083992,19084650,CHI,N
19100892,19102836,NA,NA
19100969,19101652,CHI,N
19110362,19117492,NA,NA
19110467,19113516,FEM,NA
19110544,19110991,OCH,NA
19114149,19115383,FEM,NA
19115286,19116010,OCH,NA
19115492,19116503,FEM,NA
19116842,19117053,FEM,NA
19117169,19117363,FEM,NA
19120831,19121413,NA,NA
19127963,19130071,NA,NA
19128388,19128992,OCH,NA
19128493,19130012,FEM,NA
19138165,19140251,NA,NA
19138189,19140170,FEM,NA
19141618,19144983,NA,NA
19141993,19144085,FEM,NA
19146336,19148822,NA,NA
19147239,19148478,OCH,NA
19147430,19148714,FEM,NA
19152982,19160203,NA,NA
19153103,19154510,OCH,NA
19153127,19154511,NA,J
19155231,19155361,FEM,NA
19155493,19156453,FEM,NA
19156267,19157129,CHI,C
19157769,19160012,CHI,N
19158992,19159114,FEM,NA
19161004,19163010,NA,NA
19161164,19163010,FEM,NA
19170898,19175518,NA,NA
19171041,19175511,FEM,NA
19171045,19172020,CHI,N
19179651,19186492,NA,NA
19179683,19186492,FEM,NA
19190422,19194222,NA,NA
19190486,19191011,CHI,N
19192012,19192346,FEM,NA
19193159,19193768,MAL,NA
19195490,19196967,NA,NA
19195577,19196011,CHI,N
19196112,19196244,CHI,N
19197707,19199015,NA,NA
19198023,19198992,CHI,N
19199182,19199492,NA,NA
19206511,19206742,NA,NA
19207105,19210569,NA,NA
19207193,19207993,FEM,NA
19208492,19210428,OCH,NA
19209493,19210403,CHI,N
19219776,19221492,NA,NA
19219992,19221288,FEM,NA
19230249,19231726,NA,NA
19230409,19231713,FEM,NA
19234010,19236695,NA,NA
19234010,19236737,FEM,NA
19239201,19241511,NA,NA
19243492,19244010,FEM,NA
19243492,19244096,NA,NA
19254488,19255644,NA,NA
19254512,19255307,FEM,NA
19257510,19259491,FEM,NA
19257510,19259491,NA,NA
19272992,19274511,FEM,NA
19272993,19274510,NA,NA
19279011,19279819,OCH,NA
19280309,19285404,NA,NA
19280364,19282011,OCH,NA
19281741,19282546,NA,J
19283041,19283152,FEM,NA
19283493,19284992,FEM,NA
19287354,19289492,NA,NA
19287492,19288010,NA,J
19291122,19291802,NA,NA
19292021,19292492,NA,NA
19293361,19296014,NA,NA
19293512,19295046,FEM,NA
19300780,19302177,NA,NA
19300877,19302057,FEM,NA
19303010,19305003,NA,NA
19303135,19304991,FEM,NA
19307459,19308613,NA,NA
19307519,19307742,CHI,N
19307535,19307726,OCH,NA
19308012,19308181,OCH,NA
19309166,19312992,NA,NA
19310285,19312992,FEM,NA
19310511,19310889,CHI,N
19320491,19321910,NA,NA
19320734,19321578,FEM,NA
19325930,19329011,NA,NA
19326011,19326556,FEM,NA
19326647,19328010,CHI,N
19331961,19333529,NA,NA
19332113,19332516,OCH,NA
19332511,19333458,FEM,NA
19336366,19337512,NA,NA
19336512,19337511,OCH,NA
19341992,19343511,NA,NA
19342127,19342628,CHI,N
19345492,19347011,FEM,NA
19345492,19347080,NA,NA
19348026,19348492,NA,NA
19348980,19349351,NA,NA
19350006,19359847,NA,NA
19350132,19350491,FEM,NA
19350306,19352992,OCH,NA
19352993,19355993,FEM,NA
19357010,19359403,FEM,NA
19362930,19367253,NA,NA
19362969,19367491,FEM,NA
19369302,19370372,NA,NA
19369346,19370299,FEM,NA
19370996,19372675,NA,NA
19371135,19372652,FEM,NA
19373929,19375320,NA,NA
19373939,19375186,FEM,NA
19377379,19382511,NA,NA
19377438,19377637,MAL,NA
19378992,19382364,FEM,NA
19384512,19386431,NA,NA
19387510,19389437,NA,NA
19387806,19388851,CHI,C
19390511,19391672,NA,NA
19390614,19391510,FEM,NA
19392445,19394956,NA,NA
19392492,19394912,FEM,NA
19399492,19400513,NA,NA
19399508,19400011,FEM,NA
19405597,19407249,OCH,NA
19405740,19407377,NA,NA
19412430,19416323,NA,NA
19412492,19413194,FEM,NA
19414510,19416086,FEM,NA
19416728,19418011,NA,NA
19417182,19417833,CHI,N
19426510,19426891,FEM,NA
19426510,19426896,NA,NA
19438010,19439277,FEM,NA
19438029,19441011,NA,NA
19439463,19441010,FEM,NA
19447992,19449511,FEM,NA
19448011,19453770,NA,NA
19453240,19453362,FEM,NA
19454011,19454237,NA,NA
19454875,19456991,NA,NA
19454992,19456992,FEM,NA
19458515,19458616,NA,NA
19478991,19479308,NA,NA
19486658,19486992,NA,NA
19505598,19505996,NA,NA
19506828,19509030,NA,NA
19506992,19508401,CHI,N
19509917,19512993,NA,NA
19509979,19512601,CHI,N
19513808,19530204,NA,NA
19514010,19515012,FEM,NA
19515425,19516311,FEM,NA
19516209,19516391,CHI,N
19516493,19529993,CHI,C
19529215,19530185,OCH,NA
19530627,19530934,OCH,NA
19531282,19532247,NA,NA
19531331,19531679,OCH,NA
19532799,19533852,NA,NA
19532855,19533854,CHI,N
19542295,19542808,NA,NA
19545354,19546910,NA,NA
19545481,19546011,CHI,N
19563798,19563928,NA,NA
19568010,19573410,NA,NA
19568557,19569202,FEM,NA
19569026,19569492,OCH,NA
19570493,19571715,FEM,NA
19574011,19575511,NA,NA
19574133,19575360,OCH,NA
19580484,19582011,FEM,NA
19580493,19582142,NA,NA
19584011,19586458,NA,NA
19584207,19586011,FEM,NA
19586278,19586452,FEM,NA
19588893,19595491,NA,NA
19588991,19589739,FEM,NA
19589123,19589952,CHI,N
19590815,19591748,FEM,NA
19592511,19593603,CHI,N
19593510,19595435,FEM,NA
19596738,19600010,NA,NA
19596755,19599799,CHI,N
19607726,19609493,NA,NA
19607795,19609241,OCH,NA
19614358,19615514,NA,NA
19614430,19615085,CHI,N
19619268,19622511,NA,NA
19619493,19622011,FEM,NA
19620492,19620619,OCH,NA
19622253,19622511,FEM,NA
19629511,19631011,NA,NA
19645153,19646199,NA,NA
19649993,19651493,NA,NA
19650055,19650492,FEM,NA
19650511,19650837,CHI,N
19650514,19650622,OCH,NA
19651667,19651998,NA,NA
19652549,19652993,NA,NA
19657983,19659492,NA,NA
19657991,19658421,OCH,NA
19660511,19662519,NA,NA
19660747,19660919,FEM,NA
19661992,19662277,FEM,NA
19663017,19665493,NA,NA
19663081,19665329,FEM,NA
19664738,19664907,MAL,NA
19665784,19667512,NA,NA
19665993,19667387,OCH,NA
19666069,19667451,CHI,N
19670642,19672139,NA,NA
19670764,19671500,FEM,NA
19673391,19675689,NA,NA
19673462,19674994,FEM,NA
19682582,19683011,NA,NA
19687992,19689040,NA,NA
19688010,19689011,FEM,NA
19690968,19692785,NA,NA
19690992,19692322,FEM,NA
19691525,19692023,MAL,NA
19694510,19700669,NA,NA
19694991,19700492,FEM,NA
19695015,19697011,MAL,NA
19697788,19698475,OCH,NA
19700903,19715993,NA,NA
19701147,19703734,FEM,NA
19703633,19704502,CHI,C
19704377,19705762,FEM,NA
19706011,19709232,FEM,NA
19709742,19715782,FEM,NA
19716301,19721991,NA,NA
19716369,19721756,FEM,NA
19718515,19718653,CHI,N
19722488,19724277,NA,NA
19722493,19723527,CHI,N
19723492,19724170,FEM,NA
19723630,19723834,CHI,N
19730491,19732287,NA,NA
19730680,19732079,FEM,NA
19733281,19736631,NA,NA
19733326,19736654,FEM,NA
19738568,19739861,NA,NA
19738659,19739769,CHI,Y
19744012,19747993,NA,NA
19744368,19745100,FEM,NA
19744719,19745576,OCH,NA
19745512,19747839,FEM,NA
19745886,19745992,OCH,NA
19751914,19757017,NA,NA
19751992,19757011,FEM,NA
19758241,19760414,NA,NA
19758492,19760011,FEM,NA
19758605,19760011,CHI,N
19763646,19765992,NA,NA
19763900,19764990,MAL,NA
19764010,19764191,FEM,NA
19764488,19765735,FEM,NA
19766300,19780492,NA,NA
19766457,19767414,CHI,N
19767503,19768640,FEM,NA
19768948,19780156,FEM,NA
19771992,19773511,OCH,NA
19781663,19797011,NA,NA
19781761,19785286,FEM,NA
19783587,19784257,CHI,N
19785492,19786511,CHI,N
19786447,19788999,FEM,NA
19789113,19791651,FEM,NA
19791753,19792992,CHI,N
19791883,19791993,OCH,NA
19793012,19796512,FEM,NA
19795992,19796988,CHI,N
19799800,19802510,FEM,NA
19799804,19802732,NA,NA
19803926,19807011,NA,NA
19803980,19805701,FEM,NA
19805011,19806035,MAL,NA
19806103,19806952,CHI,N
19809709,19820355,NA,NA
19809951,19812425,FEM,NA
19811716,19813525,CHI,N
19813611,19814725,MAL,NA
19814293,19814492,FEM,NA
19815720,19816491,CHI,N
19816152,19820096,FEM,NA
19825511,19830012,FEM,NA
19825511,19830037,NA,NA
19831102,19833011,NA,NA
19831272,19832978,CHI,N
19831309,19832011,FEM,NA
19834991,19846618,NA,NA
19835002,19846377,FEM,NA
19844477,19844644,OCH,NA
19844492,19845012,NA,J
19847113,19854344,FEM,NA
19847123,19862386,NA,NA
19852484,19853029,OCH,NA
19855010,19862050,FEM,NA
19859205,19859976,MAL,NA
19863463,19872010,FEM,NA
19863488,19872268,NA,NA
19869992,19870149,OCH,NA
19870566,19870669,OCH,NA
19873929,19884969,NA,NA
19873949,19877427,FEM,NA
19877297,19878991,CHI,N
19878602,19879051,FEM,NA
19879175,19879992,FEM,NA
19879185,19879357,OCH,NA
19879209,19879492,CHI,N
19879663,19879800,CHI,N
19880593,19880942,MAL,NA
19880613,19884877,FEM,NA
19886027,19887723,FEM,NA
19886037,19887993,NA,NA
19889179,19897304,NA,NA
19889233,19890153,CHI,N
19890055,19892546,FEM,NA
19893485,19897113,FEM,NA
19893492,19893937,CHI,N
19897559,19944267,NA,NA
19897880,19902492,FEM,NA
19901810,19902377,MAL,NA
19902491,19903475,CHI,N
19902871,19903075,FEM,NA
19903232,19929955,FEM,NA
19910662,19911108,OCH,NA
19920360,19921271,OCH,NA
19925713,19926992,OCH,NA
19929993,19932242,CHI,N
19932011,19938511,FEM,NA
19934993,19935229,MAL,NA
19938518,19940011,CHI,N
19939510,19942640,FEM,NA
19942430,19943102,CHI,N
19942845,19944187,FEM,NA
19945791,19946572,NA,NA
19945820,19946492,FEM,NA
19946876,19954215,NA,NA
19948101,19948275,FEM,NA
19948493,19949814,CHI,N
19949510,19952492,FEM,NA
19952431,19952942,MAL,NA
19954652,19957011,NA,NA
19955012,19956966,FEM,NA
19957511,19957659,NA,NA
19957784,19969492,NA,NA
19958010,19969475,FEM,NA
19971961,19982045,FEM,NA
19971962,19987560,NA,NA
19982617,19983596,CHI,N
19983765,19984011,CHI,N
19983810,19986510,OCH,NA
19986649,19987511,FEM,NA
19987857,19987992,NA,NA
19988728,19989383,NA,NA
19989492,19989767,NA,NA
19989511,19989671,FEM,NA
19991991,19993511,NA,NA
19992012,19993362,FEM,NA
19994524,19996689,NA,NA
19994892,19996558,FEM,NA
19995353,19995643,OCH,NA
19995876,19996011,OCH,NA
19997143,19999092,NA,NA
19997213,19998096,CHI,N
19998272,19998993,FEM,NA
19999764,20002511,NA,NA
19999992,20002424,CHI,N
20004011,20007511,NA,NA
20005491,20006510,CHI,N
20006148,20007304,FEM,NA
20009673,20012111,NA,NA
20009756,20010296,CHI,N
20010993,20012011,FEM,NA
20015171,20017493,NA,NA
20015446,20015684,OCH,NA
20016362,20017088,FEM,NA
20016447,20016992,OCH,NA
20021393,20021921,NA,NA
20034829,20036493,NA,NA
20034874,20036011,CHI,N
20038033,20038492,NA,NA
20040888,20041889,NA,NA
20040936,20041623,CHI,N
20042313,20042654,NA,NA
20056115,20056245,FEM,NA
20058989,20063012,NA,NA
20058992,20059628,FEM,NA
20061672,20062992,FEM,NA
20069495,20093090,NA,NA
20069856,20069993,OCH,NA
20070298,20072011,FEM,NA
20072215,20072367,CHI,N
20072381,20072803,FEM,NA
20073469,20080992,FEM,NA
20078045,20078521,CHI,N
20080749,20082492,CHI,C
20082693,20083624,FEM,NA
20084674,20085511,OCH,NA
20086027,20086491,OCH,NA
20087492,20089578,FEM,NA
20088992,20090011,OCH,NA
20090511,20093010,FEM,NA
20113512,20114975,NA,NA
20115908,20117779,NA,NA
20116991,20117511,OCH,NA
20124992,20125360,NA,NA
20125469,20131012,NA,NA
20126046,20126510,OCH,NA
20126078,20126655,CHI,N
20126991,20127511,FEM,NA
20127992,20130491,OCH,NA
20129511,20130947,CHI,N
20131816,20133883,NA,NA
20131867,20133669,CHI,N
20137937,20147039,NA,NA
20138406,20144992,FEM,NA
20145257,20147010,FEM,NA
20149253,20149720,NA,NA
20149854,20153047,NA,NA
20149992,20150255,CHI,N
20151109,20151511,CHI,N
20151492,20153011,FEM,NA
20154403,20155002,NA,NA
20154511,20154762,OCH,NA
20155481,20156510,NA,NA
20155549,20156408,OCH,NA
20163028,20166492,NA,NA
20163058,20166484,FEM,NA
20168730,20176012,NA,NA
20169562,20171509,FEM,NA
20171992,20172972,CHI,N
20172890,20175992,FEM,NA
20177746,20227839,NA,NA
20177816,20179993,FEM,NA
20179673,20182010,CHI,C
20181493,20187112,FEM,NA
20187475,20189262,FEM,NA
20188992,20190011,OCH,NA
20190512,20190647,CHI,N
20190522,20190861,FEM,NA
20190966,20193011,FEM,NA
20192510,20193595,CHI,C
20193773,20194894,MAL,NA
20194422,20202974,FEM,NA
20195035,20195401,CHI,N
20196251,20197282,CHI,N
20203320,20204130,CHI,N
20204011,20208144,FEM,NA
20208866,20209298,CHI,N
20208952,20211944,MAL,NA
20211900,20212511,FEM,NA
20212814,20213011,OCH,NA
20212921,20214062,CHI,N
20213160,20213962,OCH,NA
20214595,20216254,FEM,NA
20215680,20216664,CHI,N
20217511,20219462,FEM,NA
20219313,20223366,CHI,N
20219573,20220076,FEM,NA
20220216,20220493,FEM,NA
20223010,20225921,FEM,NA
20225271,20225863,CHI,N
20226144,20226512,FEM,NA
20226491,20227429,CHI,N
20228209,20231511,NA,NA
20228338,20229431,CHI,N
20229802,20230492,CHI,N
20230113,20230511,OCH,NA
20234261,20236053,NA,NA
20234352,20235996,FEM,NA
20234684,20234898,MAL,NA
20237499,20238422,CHI,N
20237501,20239928,NA,NA
20238512,20238863,FEM,NA
20238982,20239492,FEM,NA
20244511,20250194,NA,NA
20244522,20246822,FEM,NA
20247261,20248788,CHI,N
20249366,20249764,OCH,NA
20254820,20256118,NA,NA
20255122,20256011,FEM,NA
20258011,20259992,NA,NA
20258087,20258907,CHI,N
20259091,20259511,FEM,NA
20259332,20259454,OCH,NA
20285011,20288732,NA,NA
20285017,20286011,CHI,C
20286011,20288696,FEM,NA
20291038,20292234,CHI,N
20291057,20292294,NA,NA
20296511,20297011,FEM,NA
20296511,20297011,NA,NA
20298698,20300011,NA,NA
20298782,20299548,CHI,N
20302250,20303706,NA,NA
20302275,20303340,CHI,N
20303139,20303510,FEM,NA
20304106,20305348,NA,NA
20304437,20305011,CHI,N
20307125,20309493,FEM,NA
20307193,20322953,NA,NA
20309992,20313011,CHI,N
20311047,20311967,FEM,NA
20313464,20315840,FEM,NA
20315846,20317947,CHI,N
20318992,20320749,FEM,NA
20321388,20322169,CHI,N
20322011,20322745,FEM,NA
20323153,20323828,NA,NA
20323204,20323796,CHI,N
20326511,20331386,NA,NA
20326840,20327442,FEM,NA
20327358,20328011,OCH,NA
20328011,20331325,CHI,N
20328227,20328510,OCH,NA
20333492,20334396,CHI,N
20333492,20334511,NA,NA
20336468,20337673,CHI,N
20336474,20337880,NA,NA
20343990,20353906,NA,NA
20343992,20345492,CHI,N
20345992,20348376,FEM,NA
20348764,20350183,FEM,NA
20349993,20350756,CHI,N
20350823,20351189,OCH,NA
20350994,20353993,FEM,NA
20351927,20352367,OCH,NA
20358042,20359171,NA,NA
20358214,20358342,OCH,NA
20359870,20362443,NA,NA
20360212,20360374,CHI,N
20360710,20361994,FEM,NA
20360992,20361616,MAL,NA
20363628,20363783,NA,NA
20365012,20367437,FEM,NA
20365012,20367454,NA,NA
20369237,20371198,NA,NA
20369291,20371021,FEM,NA
20372511,20375827,NA,NA
20372707,20375512,FEM,NA
20377541,20381510,NA,NA
20378010,20379336,FEM,NA
20379090,20380089,CHI,C
20380167,20381510,FEM,NA
20384219,20390493,NA,NA
20384239,20387039,FEM,NA
20387023,20388511,CHI,N
20390721,20390993,NA,NA
20391119,20391230,NA,NA
20391532,20392296,NA,NA
20391791,20392012,FEM,NA
20393870,20400863,NA,NA
20393993,20396511,FEM,NA
20396880,20397597,CHI,N
20397533,20400783,FEM,NA
20401511,20402787,NA,NA
20401565,20402756,CHI,N
20404521,20405552,NA,NA
20404528,20405610,CHI,N
20411492,20412896,NA,NA
20411511,20412630,FEM,NA
20426961,20428492,NA,NA
20426992,20428307,CHI,N
20429012,20430018,NA,NA
20429115,20429761,NA,J
20430428,20431057,NA,NA
20435227,20440492,NA,NA
20435492,20438180,FEM,NA
20438587,20440523,OCH,NA
20442011,20445992,NA,NA
20442066,20442992,OCH,NA
20442512,20445673,FEM,NA
20457993,20460992,FEM,NA
20457993,20460992,NA,NA
20462385,20464012,NA,NA
20462492,20463717,CHI,N
20467483,20471784,NA,NA
20468525,20471701,FEM,NA
20474993,20476993,FEM,NA
20475011,20476995,NA,NA
20477510,20479992,NA,NA
20477932,20478766,CHI,N
20478614,20479993,FEM,NA
20488012,20490083,NA,NA
20489104,20489575,NA,J
20489203,20490011,OCH,NA
20491920,20493604,NA,NA
20492042,20493493,CHI,N
20495425,20496011,NA,NA
20524398,20532608,NA,NA
20524485,20528923,CHI,N
20529313,20532566,CHI,N
20534492,20536807,NA,NA
20535992,20536335,OCH,NA
20535992,20536436,CHI,N
20540993,20543170,NA,NA
20541106,20542255,CHI,N
20542493,20543146,FEM,NA
20544511,20545940,NA,NA
20544518,20545939,FEM,NA
20549086,20550492,NA,NA
20549128,20550218,CHI,N
20558011,20558991,NA,NA
20558104,20558857,CHI,N
20562010,20562491,NA,NA
20562012,20562155,OCH,NA
20563652,20564011,NA,NA
20563696,20564012,OCH,NA
20564511,20569511,NA,NA
20565011,20566226,FEM,NA
20566464,20567630,FEM,NA
20568234,20569068,FEM,NA
20586204,20587520,NA,NA
20586207,20587491,CHI,N
20588609,20590317,NA,NA
20588717,20589615,CHI,N
20628910,20630003,NA,NA
20628992,20629643,CHI,N
20629050,20629511,OCH,NA
20630511,20630688,NA,NA
20635398,20636370,NA,NA
20635493,20636217,CHI,N
20643010,20646010,CHI,N
20643010,20646510,NA,NA
20648351,20652492,NA,NA
20648360,20649526,CHI,N
20649971,20651993,FEM,NA
20655493,20658029,FEM,NA
20655493,20658993,NA,NA
20657606,20658539,OCH,NA
20658333,20658492,FEM,NA
20661011,20663011,NA,NA
20661345,20662774,CHI,N
20661784,20662619,OCH,NA
20679992,20682493,NA,NA
20680010,20682425,FEM,NA
20694835,20696345,NA,NA
20694872,20696808,OCH,NA
20696990,20702073,NA,NA
20698072,20698828,OCH,NA
20698991,20701991,OCH,NA
20699250,20699512,CHI,N
20702729,20714359,OCH,NA
20702883,20714841,NA,NA
20708598,20708768,CHI,N
20711288,20711511,CHI,N
20711761,20712011,CHI,N
20712859,20712992,CHI,N
20715995,20717757,NA,NA
20716155,20717011,CHI,N
20716261,20717511,OCH,NA
20725068,20725492,NA,NA
20725188,20725316,OCH,NA
20726734,20727947,OCH,NA
20726747,20728492,NA,NA
20730622,20735992,NA,NA
20731051,20735202,CHI,N
20731478,20732993,OCH,NA
20734512,20734698,OCH,NA
20736493,20736803,OCH,NA
20737031,20737360,OCH,NA
20740976,20746511,NA,NA
20741493,20742379,OCH,NA
20742991,20743526,FEM,NA
20747510,20754994,NA,NA
20748931,20749766,FEM,NA
20749584,20750546,OCH,NA
20750837,20751011,OCH,NA
20752011,20753828,FEM,NA
20755182,20758770,NA,NA
20755511,20757511,FEM,NA
20759534,20760493,NA,NA
20759654,20760371,CHI,N
20762011,20762416,NA,NA
20765012,20765616,OCH,NA
20766399,20766910,OCH,NA
20771340,20773159,NA,NA
20771652,20771907,CHI,N
20771993,20772658,FEM,NA
20782585,20783491,NA,NA
20785003,20786355,OCH,NA
20785012,20789992,NA,NA
20786993,20788939,FEM,NA
20791871,20794492,OCH,NA
20791991,20794693,NA,NA
20799992,20800873,NA,NA
20800054,20800511,FEM,NA
20801004,20803510,NA,NA
20801058,20802484,OCH,NA
20808627,20809960,OCH,NA
20808993,20810492,NA,NA
20809511,20809805,CHI,N
20820993,20822343,NA,NA
20823011,20833011,NA,NA
20823279,20824227,CHI,N
20825492,20826511,OCH,NA
20825512,20826550,CHI,N
20826745,20827072,OCH,NA
20828359,20828470,FEM,NA
20828786,20828992,FEM,NA
20831011,20832511,FEM,NA
20839383,20840993,NA,NA
20839493,20840021,CHI,N
20844250,20844458,NA,NA
20845995,20847225,OCH,NA
20847011,20847433,NA,NA
20851101,20854000,OCH,NA
20851393,20854127,NA,NA
20852827,20853995,CHI,N
20855011,20856184,NA,NA
20855181,20856045,OCH,NA
20857350,20860953,NA,NA
20857510,20858577,OCH,NA
20857767,20858658,CHI,N
20859787,20859993,CHI,N
20861319,20865352,NA,NA
20861493,20862133,OCH,NA
20861661,20861764,CHI,N
20862608,20862829,OCH,NA
20863992,20864713,CHI,N
20864797,20864959,MAL,NA
20884492,20886709,FEM,NA
20884492,20886817,NA,NA
20889036,20889954,NA,NA
20891262,20892394,NA,NA
20893481,20895528,NA,NA
20893511,20895443,CHI,N
20894622,20894963,OCH,NA
20897511,20903760,NA,NA
20898010,20899492,CHI,N
20899510,20901213,OCH,NA
20900992,20902511,FEM,NA
20905663,20918930,NA,NA
20906011,20909992,FEM,NA
20909492,20911558,OCH,NA
20912582,20916993,FEM,NA
20917821,20918106,OCH,NA
20918280,20918594,OCH,NA
20925285,20926510,NA,NA
20925430,20926535,FEM,NA
20934892,20936492,NA,NA
20935010,20936080,FEM,NA
20935817,20936011,OCH,NA
20937142,20942959,NA,NA
20937380,20940492,CHI,N
20940491,20942197,OCH,NA
20944011,20945685,NA,NA
20944511,20944950,FEM,NA
20946062,20956131,NA,NA
20946423,20948011,OCH,NA
20949084,20949533,FEM,NA
20949665,20954992,FEM,NA
20950491,20950849,OCH,NA
20954580,20955889,CHI,N
20956423,20957724,NA,NA
20956570,20957642,FEM,NA
20958257,20977650,NA,NA
20958448,20958711,FEM,NA
20958885,20959511,OCH,NA
20959163,20962492,FEM,NA
20962832,20964950,CHI,N
20965213,20968472,FEM,NA
20966511,20967512,CHI,N
20968821,20970492,CHI,N
20969511,20972528,OCH,NA
20971258,20972512,CHI,N
20972512,20975045,FEM,NA
20975628,20977596,CHI,N
20980600,20986206,NA,NA
20980979,20982152,CHI,N
20982301,20986110,CHI,N
20982601,20983411,OCH,NA
20994309,21000011,NA,NA
20994331,20995843,FEM,NA
20995011,20996491,MAL,NA
20996511,20999656,FEM,NA
20998698,20999024,CHI,N
21000188,21001153,NA,NA
21005399,21006511,NA,NA
21005411,21006511,FEM,NA
21009011,21011512,NA,NA
21009100,21009679,OCH,NA
21009491,21011211,FEM,NA
21016751,21018314,OCH,NA
21016989,21018039,NA,NA
21021491,21021896,FEM,NA
21021491,21022303,NA,NA
21022494,21026492,NA,NA
21022809,21024134,FEM,NA
21024492,21026215,FEM,NA
21026918,21028168,NA,NA
21027318,21027472,CHI,N
21028874,21032787,NA,NA
21029095,21032644,FEM,NA
21033321,21035273,NA,NA
21033650,21034013,FEM,NA
21034313,21034510,FEM,NA
21042992,21058492,NA,NA
21043479,21045936,CHI,N
21046853,21048492,FEM,NA
21049480,21049715,FEM,NA
21050012,21057992,FEM,NA
21057511,21058010,CHI,N
21060527,21061727,NA,NA
21060658,21061596,CHI,N
21063011,21070512,NA,NA
21063274,21067908,CHI,Y
21065955,21066991,FEM,NA
21068377,21070493,FEM,NA
21072265,21073492,NA,NA
21072493,21073313,FEM,NA
21074870,21081016,NA,NA
21074992,21077058,CHI,N
21075056,21077012,OCH,NA
21077731,21081012,FEM,NA
21092273,21092454,NA,NA
21098011,21113646,NA,NA
21098706,21099416,OCH,NA
21101011,21102992,FEM,NA
21103119,21103289,FEM,NA
21104488,21105826,FEM,NA
21104511,21105719,CHI,N
21107010,21113536,FEM,NA
21109012,21109322,OCH,NA
21111540,21111985,MAL,NA
21116492,21124249,NA,NA
21116521,21119493,FEM,NA
21116749,21117718,MAL,NA
21119511,21121511,CHI,N
21121737,21123953,FEM,NA
21124466,21128506,NA,NA
21124522,21127943,CHI,Y
21125041,21126492,FEM,NA
21127092,21127939,OCH,NA
21130991,21133512,NA,NA
21131715,21132103,FEM,NA
21135534,21141653,NA,NA
21135703,21135831,OCH,NA
21136511,21138511,FEM,NA
21139012,21141511,CHI,N
21145058,21146119,FEM,NA
21145080,21147491,NA,NA
21146265,21147413,FEM,NA
21148810,21151512,NA,NA
21149006,21151244,FEM,NA
21150511,21151215,CHI,N
21154881,21155510,NA,NA
21154883,21155511,CHI,N
21161250,21162992,NA,NA
21161392,21162632,FEM,NA
21163511,21167330,NA,NA
21165011,21166383,CHI,N
21165830,21166522,OCH,NA
21166513,21166731,FEM,NA
21168182,21179411,NA,NA
21168395,21168969,CHI,N
21168962,21170840,FEM,NA
21171167,21173511,FEM,NA
21173408,21173531,MAL,NA
21173992,21175511,CHI,N
21175363,21176134,MAL,NA
21175970,21177457,FEM,NA
21177511,21178010,OCH,NA
21178479,21178951,OCH,NA
21182128,21184504,NA,NA
21182212,21183203,CHI,N
21183026,21184017,FEM,NA
21185567,21191510,NA,NA
21186068,21186993,OCH,NA
21186969,21188992,FEM,NA
21189544,21190553,OCH,NA
21193507,21199113,NA,NA
21194016,21199148,FEM,NA
21203414,21204045,NA,NA
21203439,21204011,CHI,N
21206737,21207915,FEM,NA
21206740,21208215,NA,NA
21214511,21216129,NA,NA
21214511,21216136,FEM,NA
21220186,21220895,NA,NA
21224012,21225514,FEM,NA
21224012,21225516,NA,NA
21229437,21232493,NA,NA
21229612,21231205,FEM,NA
21229710,21229816,MAL,NA
21229989,21230436,MAL,NA
21233318,21243510,NA,NA
21233472,21234511,CHI,N
21234422,21237117,FEM,NA
21236992,21238011,CHI,N
21237491,21237690,FEM,NA
21238190,21239432,FEM,NA
21239628,21239783,OCH,NA
21240866,21242010,CHI,N
21240993,21243298,OCH,NA
21242512,21243341,FEM,NA
21251992,21252993,NA,NA
21252044,21252802,FEM,NA
21253143,21253492,NA,NA
21253948,21254350,NA,NA
21255097,21256995,NA,NA
21255301,21256096,CHI,N
21255475,21255927,OCH,NA
21256104,21256286,OCH,NA
21257216,21257491,NA,NA
21258492,21259121,NA,NA
21258546,21259010,CHI,N
21260109,21260511,NA,NA
21265991,21266922,NA,NA
21266042,21266511,FEM,NA
21269979,21271209,FEM,NA
21269993,21271220,NA,NA
21275511,21277072,NA,NA
21275992,21276898,OCH,NA
21275992,21277011,CHI,N
21280492,21282510,FEM,NA
21280492,21283011,NA,NA
21290138,21290884,NA,NA
21290992,21298638,NA,NA
21291397,21292511,CHI,N
21291690,21292168,OCH,NA
21292492,21294298,OCH,NA
21294667,21295784,CHI,N
21296512,21298525,FEM,NA
21298869,21300992,NA,NA
21299492,21300601,FEM,NA
21304492,21305629,NA,NA
21304512,21305011,CHI,N
21306453,21306890,NA,NA
21307372,21309601,NA,NA
21307377,21308827,FEM,NA
21309085,21309301,OCH,NA
21310128,21311616,NA,NA
21310471,21311522,OCH,NA
21310741,21310992,CHI,N
21314499,21314626,NA,NA
21314505,21314618,OCH,NA
21314762,21317329,NA,NA
21314858,21317318,OCH,NA
21315992,21316756,FEM,NA
21317723,21318352,OCH,NA
21319188,21319308,OCH,NA
21323221,21323511,NA,NA
21332511,21332612,NA,NA
21334011,21340469,NA,NA
21334489,21335098,FEM,NA
21336418,21338190,CHI,N
21338741,21339296,CHI,N
21339217,21340437,FEM,NA
21342511,21344013,NA,NA
21342533,21344011,FEM,NA
21344992,21346897,FEM,NA
21344992,21349511,NA,NA
21347088,21349511,FEM,NA
21352974,21355343,NA,NA
21352992,21354511,FEM,NA
21354538,21355010,CHI,N
21356494,21357802,FEM,NA
21356511,21362210,NA,NA
21358466,21360240,CHI,N
21359287,21359491,FEM,NA
21360011,21362124,FEM,NA
21369990,21371833,NA,NA
21369992,21371534,FEM,NA
21372515,21374116,NA,NA
21372572,21373628,FEM,NA
21373527,21373971,OCH,NA
21379012,21380993,NA,NA
21379098,21380252,FEM,NA
21380272,21380569,OCH,NA
21382348,21382491,NA,NA
21402846,21404363,NA,NA
21402989,21404066,CHI,N
21412333,21415315,CHI,N
21412343,21415384,NA,NA
21423558,21424213,NA,NA
21425234,21427424,NA,NA
21425261,21426511,CHI,N
21426279,21426426,MAL,NA
21426491,21427195,FEM,NA
21438898,21439566,NA,NA
21438932,21439492,CHI,N
21446139,21449892,NA,NA
21446144,21446993,FEM,NA
21447467,21448420,CHI,N
21448511,21449421,FEM,NA
21450415,21451593,NA,NA
21450493,21451511,CHI,N
21451940,21452392,NA,NA
21452767,21453138,NA,NA
21454308,21455285,CHI,N
21454330,21456510,NA,NA
21455423,21456510,FEM,NA
21458469,21459374,NA,NA
21458491,21459245,CHI,N
21460505,21461462,NA,NA
21460521,21461299,CHI,N
21462511,21462973,FEM,NA
21462511,21463120,NA,NA
21463491,21467668,NA,NA
21463549,21467511,CHI,N
21465992,21466270,FEM,NA
21472925,21474322,NA,NA
21479106,21483078,NA,NA
21479178,21482511,OCH,NA
21480991,21482012,FEM,NA
21483483,21486011,NA,NA
21483708,21485070,FEM,NA
21485252,21486011,CHI,N
21488978,21490743,NA,NA
21488993,21490421,FEM,NA
21491318,21500456,NA,NA
21491435,21492993,OCH,NA
21492979,21495237,FEM,NA
21493792,21493897,OCH,NA
21495056,21496642,OCH,NA
21496492,21499882,FEM,NA
21497073,21497633,MAL,NA
21500993,21501393,OCH,NA
21501852,21524993,NA,NA
21501902,21502040,OCH,NA
21504293,21511099,OCH,NA
21505146,21505303,CHI,N
21510993,21511616,FEM,NA
21511428,21520058,OCH,NA
21513057,21513197,CHI,N
21513308,21515088,CHI,N
21519518,21519673,FEM,NA
21519952,21520899,FEM,NA
21520326,21525154,OCH,NA
21520991,21521275,CHI,N
21527405,21530991,NA,NA
21527495,21529257,CHI,N
21527512,21531167,OCH,NA
21531511,21537490,OCH,NA
21531616,21537492,NA,NA
21533204,21535492,CHI,N
21539012,21540011,FEM,NA
21539046,21540043,NA,NA
21540492,21547244,NA,NA
21541992,21544356,FEM,NA
21543870,21546992,OCH,NA
21547411,21560493,NA,NA
21547492,21550148,OCH,NA
21548315,21548841,CHI,N
21550415,21551031,OCH,NA
21552610,21552725,OCH,NA
21554492,21556439,FEM,NA
21556493,21558012,OCH,NA
21558354,21559993,FEM,NA
21560766,21560908,NA,NA
21561010,21562881,NA,NA
21561105,21561232,OCH,NA
21561422,21563196,OCH,NA
21565005,21565228,OCH,NA
21565941,21567171,OCH,NA
21566010,21572011,NA,NA
21567279,21567510,OCH,NA
21567511,21570003,FEM,NA
21570222,21571585,FEM,NA
21571078,21571240,CHI,N
21575492,21585492,NA,NA
21575602,21575992,FEM,NA
21577992,21580012,CHI,N
21578290,21578408,OCH,NA
21579991,21583494,FEM,NA
21583891,21585011,CHI,N
21584134,21584510,OCH,NA
21589613,21591743,NA,NA
21590764,21591587,OCH,NA
21595493,21601286,CHI,N
21595493,21601477,NA,NA
21602474,21603446,NA,NA
21602492,21603380,CHI,N
21606991,21608096,NA,NA
21607025,21608010,CHI,N
21626992,21628511,NA,NA
21627116,21628510,FEM,NA
21631857,21639012,NA,NA
21632468,21633511,OCH,NA
21632992,21635793,CHI,N
21635949,21637112,CHI,N
21637493,21639007,CHI,N
21644069,21645038,NA,NA
21644179,21644830,CHI,N
21647333,21652011,NA,NA
21647491,21650395,CHI,N
21651011,21651121,FEM,NA
21651346,21651824,FEM,NA
21660009,21661011,CHI,N
21660011,21661030,NA,NA
21671992,21674511,NA,NA
21672011,21674512,FEM,NA
21680070,21680796,CHI,N
21680090,21680846,NA,NA
21682991,21683992,NA,NA
21698175,21698318,NA,NA
21701400,21704390,NA,NA
21701414,21702511,CHI,N
21702890,21704159,FEM,NA
21708493,21709991,CHI,N
21708493,21710248,NA,NA
21713937,21715113,NA,NA
21713955,21714991,CHI,N
21718078,21719229,NA,NA
21718150,21719228,CHI,N
21722492,21723273,NA,NA
21722666,21722946,CHI,N
21725862,21727011,CHI,N
21725967,21727012,NA,NA
21728723,21729012,NA,NA
21728778,21728992,CHI,N
21743135,21744492,CHI,N
21743183,21747614,NA,NA
21745118,21747610,CHI,N
21748816,21751391,NA,NA
21748912,21751420,CHI,N
21753613,21754511,CHI,N
21753615,21754887,NA,NA
21756229,21757324,NA,NA
21756254,21757432,CHI,N
21757781,21757992,CHI,N
21757856,21757993,NA,NA
21758676,21765011,CHI,N
21758676,21765213,NA,NA
21760512,21761228,FEM,NA
21766514,21767683,CHI,N
21766563,21767690,NA,NA
21793982,21794952,CHI,N
21793992,21794942,NA,NA
21796511,21797512,CHI,N
21796523,21797601,NA,NA
21822713,21833493,NA,NA
21822718,21827011,CHI,N
21827512,21833045,CHI,N
21841218,21842892,NA,NA
21841253,21842510,CHI,N
21843324,21843493,NA,NA
21867492,21868407,CHI,N
21867492,21868451,NA,NA
21870241,21870992,NA,NA
21870307,21870886,CHI,N
21872511,21874536,NA,NA
21873011,21874511,CHI,N
21877511,21877945,NA,NA
21878512,21881492,NA,NA
21878689,21879826,CHI,N
21880508,21881011,FEM,NA
21884683,21886011,NA,NA
21884951,21885410,CHI,N
21886875,21887673,NA,NA
21886877,21886985,MAL,NA
21888011,21894675,NA,NA
21888318,21889843,FEM,NA
21890515,21891244,CHI,N
21890714,21891372,OCH,NA
21891630,21892643,FEM,NA
21891635,21892266,OCH,NA
21893492,21894511,CHI,N
21894823,21894992,NA,NA
21896857,21898511,NA,NA
21896992,21897584,CHI,N
21904715,21905336,NA,NA
21904820,21905206,OCH,NA
21905993,21906231,NA,NA
21906010,21906234,OCH,NA
21906511,21906634,NA,NA
21907073,21909117,NA,NA
21907250,21907950,FEM,NA
21907841,21909012,CHI,N
21909233,21909992,NA,NA
21921948,21922809,CHI,N
21921965,21922993,NA,NA
21923966,21924511,NA,NA
21942593,21943595,NA,NA
21942763,21943511,CHI,N
21953492,21964392,CHI,Y
21953492,21964992,NA,NA
21965774,21966992,CHI,N
21965783,21966993,NA,NA
21967095,21967618,NA,NA
21967117,21967492,CHI,N
21993697,21995651,NA,NA
21993714,21995562,CHI,N
22001255,22002107,CHI,N
22001289,22002101,NA,NA
22004403,22005903,CHI,Y
22004420,22006042,NA,NA
22007012,22010520,CHI,N
22007012,22010547,NA,NA
22012342,22015638,NA,NA
22013630,22015547,CHI,N
22014028,22014247,OCH,NA
22014813,22015098,OCH,NA
22020908,22022764,NA,NA
22021026,22021217,OCH,NA
22022342,22022629,OCH,NA
22023740,22025043,NA,NA
22023836,22025011,CHI,N
22031114,22031347,NA,NA
22031494,22033492,NA,NA
22031690,22033492,CHI,N
22034786,22037923,NA,NA
22034800,22037512,CHI,N
22064419,22065511,NA,NA
22064429,22065511,CHI,N
22078325,22080779,NA,NA
22078391,22080737,CHI,N
22083992,22089492,NA,NA
22084010,22089010,CHI,N
22087723,22087887,OCH,NA
22088297,22088935,OCH,NA
22091461,22092094,CHI,N
22091464,22092151,NA,NA
22109492,22110511,CHI,N
22109492,22110594,NA,NA
22114596,22115992,CHI,N
22114598,22115992,NA,NA
22117492,22127853,NA,NA
22117674,22118276,FEM,NA
22118621,22127754,CHI,Y
22125185,22125301,MAL,NA
22128706,22129612,CHI,N
22128721,22129583,NA,NA
22132214,22133044,NA,NA
22132244,22133049,CHI,N
22138253,22142939,NA,NA
22138329,22142669,CHI,Y
22141887,22142155,OCH,NA
22142322,22142543,OCH,NA
22146909,22157512,NA,NA
22146917,22149492,CHI,N
22149862,22149992,CHI,N
22150992,22157492,CHI,N
22159612,22161890,NA,NA
22159774,22160316,CHI,N
22160491,22161794,CHI,N
22163011,22164342,NA,NA
22163218,22164035,CHI,N
22169697,22170760,CHI,N
22169756,22172066,NA,NA
22170648,22171954,FEM,NA
22172798,22181492,NA,NA
22172960,22174420,CHI,N
22174692,22175024,CHI,N
22175765,22176189,OCH,NA
22176575,22177493,OCH,NA
22176673,22181111,CHI,N
22182373,22185011,NA,NA
22182385,22183438,FEM,NA
22183492,22185004,CHI,N
22192086,22193011,NA,NA
22192230,22192952,CHI,N
22194878,22195492,CHI,N
22194878,22195529,NA,NA
22196931,22198298,NA,NA
22197011,22198138,CHI,N
22197144,22197260,OCH,NA
22197405,22197802,OCH,NA
22199371,22200218,NA,NA
22199376,22200301,CHI,N
22204274,22205511,NA,NA
22204333,22205217,CHI,N
22213678,22214210,NA,NA
22215656,22215761,OCH,NA
22250874,22252992,NA,NA
22250897,22252924,CHI,N
22254315,22255776,NA,NA
22254318,22255719,FEM,NA
22256794,22257766,NA,NA
22256984,22257586,CHI,N
22257064,22257373,OCH,NA
22258589,22262703,NA,NA
22259011,22262511,CHI,N
22260700,22261486,OCH,NA
22261731,22262011,OCH,NA
22262904,22263682,NA,NA
22263191,22263599,OCH,NA
22263203,22263492,CHI,N
22264511,22265066,NA,NA
22264720,22264842,OCH,NA
22265182,22266378,NA,NA
22291646,22295434,NA,NA
22292511,22295336,CHI,N
22300421,22301992,NA,NA
22300498,22301497,CHI,N
22300539,22301773,OCH,NA
22301906,22302009,OCH,NA
22307840,22309830,NA,NA
22307910,22309493,CHI,N
22323695,22324974,NA,NA
22323840,22324518,CHI,N
22325863,22340011,NA,NA
22325892,22338163,CHI,Y
22338492,22340011,CHI,N
22340289,22340454,NA,NA
22346535,22350511,NA,NA
22346680,22350413,CHI,N
22366992,22369100,NA,NA
22367006,22369336,FEM,NA
22384382,22385011,NA,NA
22398441,22401384,NA,NA
22398491,22400992,CHI,N
22400587,22400754,OCH,NA
22403512,22406993,NA,NA
22403822,22403923,OCH,NA
22404149,22404309,OCH,NA
22404504,22405874,CHI,N
22404885,22405012,OCH,NA
22406122,22406443,CHI,N
22406186,22406296,OCH,NA
22407460,22408044,NA,NA
22407467,22408086,OCH,NA
22424199,22425011,CHI,N
22424200,22425020,NA,NA
22426786,22433492,NA,NA
22427511,22433492,CHI,Y
22449091,22450880,NA,NA
22449158,22450756,CHI,N
22453991,22454523,CHI,N
22454000,22454584,NA,NA
22455510,22457505,NA,NA
22455590,22456905,CHI,N
22458138,22458384,CHI,N
22458175,22458364,NA,NA
22458911,22464493,CHI,N
22458985,22464493,NA,NA
22473831,22475999,CHI,N
22473897,22476086,NA,NA
22482510,22484321,NA,NA
22483708,22483954,OCH,NA
22513511,22513992,NA,NA
22517379,22517776,OCH,NA
22522739,22524057,OCH,NA
22522960,22524140,NA,NA
22525012,22527353,NA,NA
22525493,22527289,FEM,NA
22531422,22532554,NA,NA
22531514,22532012,FEM,NA
22532843,22532963,NA,NA
22533680,22535860,NA,NA
22534036,22535511,FEM,NA
22540511,22540992,NA,NA
22541131,22542306,NA,NA
22541596,22541750,FEM,NA
22543483,22545859,NA,NA
22543829,22543949,OCH,NA
22543898,22544492,FEM,NA
22544992,22545559,CHI,N
22546343,22547992,NA,NA
22546493,22546927,OCH,NA
22546932,22547472,CHI,N
22547062,22547511,OCH,NA
22563001,22564511,NA,NA
22563233,22564510,CHI,N
22567493,22569693,NA,NA
22567508,22568510,CHI,N
22568585,22569655,FEM,NA
22572992,22574160,NA,NA
22573011,22574012,CHI,N
22586492,22590677,NA,NA
22586558,22587280,OCH,NA
22587491,22587830,OCH,NA
22587491,22590253,CHI,N
22591435,22592027,NA,NA
22598511,22600511,NA,NA
22598622,22600510,FEM,NA
22602011,22604301,FEM,NA
22602011,22604493,NA,NA
22605149,22606482,NA,NA
22605259,22606493,OCH,NA
22611081,22613511,NA,NA
22611320,22613247,CHI,N
22618511,22621549,NA,NA
22619631,22621492,CHI,N
22620634,22620887,OCH,NA
22630394,22631010,NA,NA
22630423,22631010,FEM,NA
22645492,22646829,NA,NA
22651993,22652439,NA,NA
22653992,22656047,FEM,NA
22654011,22656735,NA,NA
22666407,22668383,NA,NA
22666492,22668291,FEM,NA
22675101,22677685,NA,NA
22676510,22677511,CHI,N
22714460,22716158,NA,NA
22714479,22716011,FEM,NA
22716715,22717512,NA,NA
22716833,22717434,CHI,N
22757772,22762011,NA,NA
22757828,22758592,CHI,N
22759010,22759812,FEM,NA
22760376,22761903,FEM,NA
22764993,22766378,NA,NA
22765072,22765902,FEM,NA
22766510,22768859,NA,NA
22766570,22767596,NA,J
22767991,22768511,CHI,N
22769513,22781403,CHI,C
22769515,22781491,NA,NA
22785511,22787566,NA,NA
22785651,22787011,FEM,NA
22788305,22793511,NA,NA
22788343,22790511,CHI,N
22791184,22792492,FEM,NA
22792634,22793010,FEM,NA
22823011,22824341,NA,NA
22823409,22824241,FEM,NA
22830992,22831510,NA,NA
22841992,22842512,NA,NA
22842064,22842364,OCH,NA
22844012,22844311,NA,NA
22844827,22861511,NA,NA
22845358,22846322,OCH,NA
22845473,22845993,CHI,N
22846492,22846694,OCH,NA
22848510,22852808,CHI,Y
22849992,22850993,OCH,NA
22852530,22856511,FEM,NA
22856837,22857460,OCH,NA
22856887,22857403,CHI,N
22859511,22861511,FEM,NA
22865284,22866396,NA,NA
22865416,22866007,CHI,N
22867648,22868465,NA,NA
22867664,22868366,OCH,NA
22869010,22871094,NA,NA
22869992,22871086,CHI,N
22872348,22876973,NA,NA
22872491,22873011,CHI,N
22872512,22872914,OCH,NA
22873070,22874493,OCH,NA
22875998,22876570,FEM,NA
22878011,22881911,NA,NA
22878062,22880992,FEM,NA
22922992,22924011,NA,NA
22926993,22928421,OCH,NA
22927065,22929470,NA,NA
22934011,22934615,NA,NA
22936267,22937435,OCH,NA
22936417,22936591,NA,NA
22969109,22970717,OCH,NA
22969162,22970240,NA,NA
22970933,22971728,OCH,NA
22970993,22971685,NA,NA
22976511,22977267,CHI,N
22976511,22977272,NA,NA
22981848,22981949,NA,NA
22988235,22988348,NA,NA
22988462,22997897,NA,NA
22988510,22994237,FEM,NA
22995298,22997492,FEM,NA
22998511,23001586,NA,NA
22998889,23001366,FEM,NA
23000510,23000637,OCH,NA
23003698,23006827,NA,NA
23003992,23005011,FEM,NA
23004494,23005135,OCH,NA
23005591,23006922,OCH,NA
23007512,23018493,NA,NA
23007513,23010010,CHI,Y
23008511,23008757,OCH,NA
23009039,23010011,OCH,NA
23010011,23012512,FEM,NA
23011967,23013992,CHI,N
23012767,23018493,FEM,NA
23025284,23025492,NA,NA
23034572,23036965,NA,NA
23034642,23036849,CHI,N
23035598,23035755,OCH,NA
23039856,23042185,NA,NA
23039903,23040691,CHI,N
23039989,23040438,OCH,NA
23041194,23042009,CHI,N
23042765,23043278,NA,NA
23045217,23050232,NA,NA
23045448,23050031,FEM,NA
23048542,23048866,MAL,NA
23052992,23055493,NA,NA
23053012,23054784,CHI,N
23054169,23055175,FEM,NA
23055870,23063992,NA,NA
23056010,23058420,OCH,NA
23059448,23063511,CHI,N
23059576,23061512,OCH,NA
23061871,23062011,OCH,NA
23062469,23062992,OCH,NA
23065012,23067366,NA,NA
23065493,23067241,FEM,NA
23068628,23069511,NA,NA
23071849,23072779,NA,NA
23077011,23089510,NA,NA
23077052,23078011,CHI,N
23078010,23079510,FEM,NA
23080083,23081291,CHI,N
23082492,23085513,FEM,NA
23088497,23089511,FEM,NA
23091991,23094402,NA,NA
23092012,23094211,FEM,NA
23104968,23113260,NA,NA
23104992,23106011,CHI,N
23107010,23109011,FEM,NA
23108625,23109719,CHI,N
23110458,23111492,CHI,C
23111899,23112993,FEM,NA
23113860,23120029,NA,NA
23113910,23115019,CHI,C
23115086,23116649,FEM,NA
23117010,23119992,FEM,NA
23119120,23119626,CHI,N
23121411,23123254,NA,NA
23121512,23122141,FEM,NA
23122167,23123163,CHI,N
23125510,23126793,NA,NA
23126065,23126511,OCH,NA
23126075,23126455,CHI,N
23129025,23129513,NA,NA
23132137,23134012,OCH,NA
23133011,23134120,NA,NA
23147080,23147277,NA,NA
23147492,23150011,FEM,NA
23147492,23150011,NA,NA
23151493,23153493,FEM,NA
23151493,23153511,NA,NA
23153658,23153791,NA,NA
23155492,23159491,NA,NA
23155511,23157232,FEM,NA
23157804,23159390,CHI,N
23160992,23162841,NA,NA
23161078,23162735,OCH,NA
23170511,23172320,CHI,N
23170511,23172431,NA,NA
23174475,23176011,NA,NA
23174681,23176011,CHI,N
23194011,23198512,NA,NA
23194419,23198152,FEM,NA
23200418,23202374,NA,NA
23200459,23201804,FEM,NA
23202485,23206331,NA,NA
23202815,23204492,OCH,NA
23203130,23203493,CHI,N
23203992,23206031,FEM,NA
23207855,23212001,NA,NA
23207992,23209789,FEM,NA
23210032,23211044,CHI,N
23210493,23211826,OCH,NA
23218696,23219584,NA,NA
23218766,23219510,CHI,N
23231510,23234013,NA,NA
23232012,23233993,FEM,NA
23244752,23245010,NA,NA
23249057,23254992,CHI,C
23249066,23255011,NA,NA
23258831,23258946,NA,NA
23260200,23260915,NA,NA
23261094,23261200,NA,NA
23261492,23262157,NA,NA
23263492,23275677,NA,NA
23263511,23265686,CHI,N
23265993,23268251,CHI,N
23268484,23275511,CHI,C
23268551,23268843,MAL,NA
23276199,23276493,NA,NA
23277844,23281511,NA,NA
23279231,23281492,OCH,NA
23279493,23280011,CHI,N
23287492,23289011,CHI,N
23287492,23295492,NA,NA
23289306,23289910,CHI,N
23289658,23291992,FEM,NA
23291915,23293520,CHI,N
23292065,23292181,OCH,NA
23292684,23293091,OCH,NA
23293511,23294859,FEM,NA
23296012,23309505,NA,NA
23296235,23300746,FEM,NA
23301093,23302511,CHI,N
23302991,23306010,FEM,NA
23304365,23305227,OCH,NA
23307723,23309696,MAL,NA
23310511,23323098,NA,NA
23311493,23316993,FEM,NA
23318920,23323004,FEM,NA
23321130,23321758,CHI,N
23326993,23329511,NA,NA
23327185,23329011,FEM,NA
23341549,23344178,NA,NA
23342008,23344065,FEM,NA
23344281,23344401,NA,NA
23344511,23346492,NA,NA
23344519,23344674,FEM,NA
23344787,23346400,FEM,NA
23346652,23346762,NA,NA
23346875,23350123,NA,NA
23346930,23349991,FEM,NA
23352011,23352436,NA,NA
23354474,23357012,NA,NA
23354492,23356996,FEM,NA
23359587,23365993,NA,NA
23360010,23360786,CHI,N
23360334,23360531,OCH,NA
23362123,23365964,FEM,NA
23368168,23368566,NA,NA
23368190,23368544,OCH,NA
23378610,23379493,NA,NA
23386423,23392000,NA,NA
23386595,23387655,FEM,NA
23389012,23391992,FEM,NA
23423862,23430256,NA,NA
23423988,23425647,FEM,NA
23426778,23430011,CHI,N
23442991,23444380,OCH,NA
23442991,23444400,NA,NA
23446110,23447784,NA,NA
23446493,23447205,FEM,NA
23446814,23447015,OCH,NA
23447159,23447491,OCH,NA
23463670,23475476,NA,NA
23464492,23467050,FEM,NA
23468010,23471512,OCH,NA
23471925,23473334,CHI,N
23473493,23474571,FEM,NA
23476196,23487492,NA,NA
23476736,23477225,OCH,NA
23476993,23477481,FEM,NA
23477641,23478078,OCH,NA
23478044,23478159,FEM,NA
23478562,23482492,FEM,NA
23483512,23486148,CHI,N
23486137,23487057,OCH,NA
23493805,23493975,MAL,NA
23493814,23493942,NA,NA
23495196,23495387,NA,NA
23495574,23495987,NA,NA
23497103,23498716,NA,NA
23497493,23498011,FEM,NA
23502764,23518132,NA,NA
23503011,23505046,CHI,N
23503163,23503494,OCH,NA
23505488,23506929,CHI,N
23506907,23507854,FEM,NA
23508470,23512250,CHI,N
23509582,23509837,OCH,NA
23510085,23511636,OCH,NA
23512575,23515299,OCH,NA
23516011,23516365,FEM,NA
23516492,23518011,FEM,NA
23522992,23525616,NA,NA
23523433,23525512,CHI,Y
23523492,23524153,OCH,NA
23524651,23525010,OCH,NA
23529018,23540115,NA,NA
23529148,23531364,OCH,NA
23531831,23533491,OCH,NA
23531992,23532491,CHI,N
23533011,23536511,CHI,Y
23536734,23538610,CHI,N
23538511,23540118,FEM,NA
23541152,23542512,FEM,NA
23541206,23548908,NA,NA
23542739,23542867,FEM,NA
23542993,23543810,CHI,N
23545018,23545511,CHI,N
23546012,23547553,FEM,NA
23546093,23546486,MAL,NA
23555492,23556270,NA,NA
23557510,23561796,NA,NA
23557731,23561511,CHI,N
23571493,23573123,NA,NA
23571511,23572544,FEM,NA
23573886,23573992,NA,NA
23576992,23578492,FEM,NA
23576992,23578563,NA,NA
23578862,23580728,NA,NA
23579011,23580493,FEM,NA
23581331,23583265,NA,NA
23581522,23581706,FEM,NA
23581992,23583094,FEM,NA
23584456,23585097,NA,NA
23584492,23585138,FEM,NA
23589522,23591010,NA,NA
23589993,23590973,FEM,NA
23590175,23590507,OCH,NA
23592973,23595800,NA,NA
23592992,23595707,FEM,NA
23597011,23600992,NA,NA
23597992,23600994,FEM,NA
23603010,23605492,NA,NA
23603334,23605190,CHI,N
23611510,23616993,NA,NA
23611559,23612998,FEM,NA
23613505,23613993,OCH,NA
23614463,23616692,FEM,NA
23618010,23620992,NA,NA
23618162,23618511,OCH,NA
23618993,23620993,FEM,NA
23626991,23632572,NA,NA
23627012,23630514,FEM,NA
23631291,23632511,OCH,NA
23635299,23644111,NA,NA
23635667,23638553,FEM,NA
23638886,23643611,FEM,NA
23644418,23656512,NA,NA
23644580,23645992,CHI,N
23645010,23645191,FEM,NA
23645839,23650871,FEM,NA
23651013,23655286,CHI,C
23658418,23660060,NA,NA
23658456,23659730,FEM,NA
23660574,23662493,NA,NA
23660993,23661388,OCH,NA
23661107,23661210,CHI,N
23661440,23662191,FEM,NA
23664012,23668011,NA,NA
23664017,23668011,CHI,Y
23670011,23673146,NA,NA
23670149,23671011,CHI,N
23671082,23672889,FEM,NA
23673511,23674998,FEM,NA
23673511,23675060,NA,NA
23676970,23678441,NA,NA
23676992,23678011,CHI,N
23682486,23685561,NA,NA
23682603,23683492,CHI,N
23683992,23685492,FEM,NA
23686960,23688457,NA,NA
23686992,23688298,CHI,N
23690510,23691992,FEM,NA
23690510,23692117,NA,NA
23692485,23695163,NA,NA
23692571,23693011,CHI,N
23692615,23693012,OCH,NA
23693496,23695156,FEM,NA
23699512,23701026,NA,NA
23699512,23701027,FEM,NA
23704777,23712008,NA,NA
23705011,23706855,CHI,N
23706992,23708906,FEM,NA
23708982,23711601,CHI,N
23712615,23713420,NA,NA
23715011,23721515,NA,NA
23715968,23718509,OCH,NA
23717991,23719586,FEM,NA
23720013,23721010,OCH,NA
23720511,23720882,FEM,NA
23720992,23721250,FEM,NA
23728992,23730668,NA,NA
23729006,23730650,FEM,NA
23731395,23732799,NA,NA
23731473,23732671,FEM,NA
23731625,23732243,OCH,NA
23756401,23757711,NA,NA
23756483,23757511,FEM,NA
23760619,23762011,FEM,NA
23760655,23762231,NA,NA
23763112,23766062,NA,NA
23764511,23766055,FEM,NA
23770275,23771991,NA,NA
23770295,23771893,FEM,NA
23776139,23776557,NA,NA
23776200,23776510,CHI,N
23776961,23777091,NA,NA
23782731,23782922,NA,NA
23789492,23794052,NA,NA
23789511,23794059,CHI,C
23797511,23800491,NA,NA
23798482,23800475,FEM,NA
23800907,23801668,NA,NA
23800920,23801625,CHI,N
23801796,23802537,NA,NA
23801889,23802532,FEM,NA
23804670,23807993,NA,NA
23805011,23806354,FEM,NA
23808511,23808992,NA,NA
23809304,23810473,NA,NA
23809493,23810458,CHI,N
23827993,23831081,CHI,C
23828011,23832959,NA,NA
23831454,23832411,FEM,NA
23833594,23837492,NA,NA
23833762,23837302,CHI,N
23835992,23836114,FEM,NA
23851257,23851738,NA,NA
23868493,23868792,NA,NA
23868532,23868637,OCH,NA
23874050,23879894,NA,NA
23874740,23874877,CHI,N
23875462,23877647,CHI,N
23878223,23879524,FEM,NA
23880386,23882624,NA,NA
23880493,23882511,CHI,N
23884171,23884730,NA,NA
23884232,23884571,FEM,NA
23886993,23892201,CHI,C
23886993,23892256,NA,NA
23900513,23901011,NA,NA
23903492,23903877,NA,NA
23903513,23903702,CHI,N
23904951,23907155,NA,NA
23904992,23905993,CHI,N
23905733,23907120,FEM,NA
23909388,23910902,FEM,NA
23909398,23910993,NA,NA
23915518,23916475,NA,NA
23915621,23916247,CHI,N
23916924,23920005,NA,NA
23916992,23919992,FEM,NA
23921511,23926881,NA,NA
23921521,23923428,FEM,NA
23923672,23926510,FEM,NA
23930929,23932993,NA,NA
23930952,23932746,FEM,NA
23933853,23941718,NA,NA
23933991,23935010,FEM,NA
23935510,23938843,FEM,NA
23938511,23939680,CHI,N
23939898,23941515,FEM,NA
23942993,23944662,NA,NA
23943011,23944511,CHI,N
23943146,23943510,OCH,NA
23945898,23953991,NA,NA
23945984,23953863,FEM,NA
23954192,23957491,NA,NA
23954510,23955011,OCH,NA
23955991,23957306,FEM,NA
23959511,23960262,OCH,NA
23959625,23959821,NA,NA
23959981,23961128,NA,NA
23960510,23960827,CHI,N
23967991,23968403,NA,NA
23968511,23968842,NA,NA
23969010,23975676,NA,NA
23969333,23975270,FEM,NA
23969618,23969856,CHI,N
23971565,23972510,OCH,NA
23976992,23978852,FEM,NA
23976992,23978970,NA,NA
24041266,24043303,NA,NA
24041293,24043320,CHI,N
24043510,24044060,NA,NA
24044511,24047128,CHI,N
24044511,24047248,NA,NA
24046048,24046510,FEM,NA
24051063,24051826,NA,NA
24051212,24051421,CHI,N
24068168,24069572,FEM,NA
24068170,24069851,NA,NA
24071563,24073510,NA,NA
24071570,24073342,FEM,NA
24074165,24077010,NA,NA
24074493,24076420,FEM,NA
24080492,24082512,NA,NA
24080510,24082511,FEM,NA
24085510,24089749,FEM,NA
24085510,24094010,NA,NA
24090384,24093811,FEM,NA
24159511,24161993,NA,NA
24159875,24161554,FEM,NA
24164455,24166080,NA,NA
24165486,24166011,FEM,NA
24177808,24178993,MAL,NA
24243011,24244400,CHI,N
24243011,24244413,NA,NA
24250821,24251601,NA,NA
24250847,24251524,CHI,N
24258012,24261068,NA,NA
24258493,24261077,FEM,NA
24263071,24268012,FEM,NA
24263240,24268102,NA,NA
24273493,24277857,NA,NA
24273511,24275988,CHI,N
24275933,24277344,FEM,NA
24279792,24287620,NA,NA
24279850,24280741,CHI,N
24280855,24285322,CHI,N
24284954,24287511,FEM,NA
24288992,24290016,NA,NA
24289136,24289992,FEM,NA
24295202,24297510,NA,NA
24295278,24296522,CHI,N
24295992,24297524,OCH,NA
24299990,24300670,NA,NA
24299992,24300621,FEM,NA
24303397,24305493,NA,NA
24303481,24304011,FEM,NA
24304649,24305452,OCH,NA
24311011,24312758,NA,NA
24311105,24312561,CHI,C
24311313,24312280,OCH,NA
24317666,24319011,NA,NA
24317710,24318993,CHI,N
24360804,24362135,NA,NA
24360850,24361992,CHI,N
24362976,24368487,NA,NA
24363062,24364962,FEM,NA
24365740,24367625,CHI,N
24367787,24367924,CHI,N
24370511,24373554,NA,NA
24370512,24373511,CHI,Y
24384616,24386069,NA,NA
24384993,24386011,FEM,NA
24387696,24390511,NA,NA
24387951,24390511,FEM,NA
24394510,24396461,NA,NA
24394512,24396397,FEM,NA
24402011,24404011,NA,NA
24402472,24403012,CHI,N
24402492,24404011,FEM,NA
24408813,24410188,FEM,NA
24408866,24410206,NA,NA
24461155,24463011,NA,NA
24461578,24462378,FEM,NA
24462511,24462783,FEM,NA
24557621,24563401,NA,NA
24557686,24558727,CHI,N
24558846,24563330,FEM,NA
24565511,24567011,FEM,NA
24565511,24567067,NA,NA
24569011,24575992,NA,NA
24569015,24570011,CHI,N
24569895,24575806,FEM,NA
24575103,24575304,OCH,NA
24578127,24580003,NA,NA
24578549,24578738,OCH,NA
24578772,24579682,FEM,NA
24579011,24579418,OCH,NA
24581651,24583011,NA,NA
24581745,24582923,FEM,NA
24598414,24598991,NA,NA
24602984,24603944,CHI,N
24602984,24603991,NA,NA
24604967,24606992,NA,NA
24605011,24606992,OCH,NA
24605225,24605831,CHI,N
24609845,24613510,NA,NA
24609992,24610993,CHI,N
24610492,24613511,FEM,NA
24648057,24649179,NA,NA
24648108,24648359,MAL,NA
24648769,24648934,CHI,N
24650511,24651010,NA,NA
24669617,24671090,FEM,NA
24669625,24671081,NA,NA
24672737,24674178,FEM,NA
24672767,24674169,NA,NA
24681815,24684299,FEM,NA
24681821,24684352,NA,NA
24698010,24699139,NA,NA
24698010,24699173,FEM,NA
24702634,24703517,NA,NA
24702673,24703367,FEM,NA
24703707,24703992,NA,NA
24703711,24704158,OCH,NA
24704369,24704506,OCH,NA
24720832,24721019,NA,NA
24732842,24732985,NA,NA
24820189,24825029,FEM,NA
24820207,24823248,NA,NA
24823383,24825104,NA,NA
24825533,24826670,FEM,NA
24825533,24826677,NA,NA
24827011,24828002,FEM,NA
24827035,24828010,NA,NA
24829647,24830759,NA,NA
24829679,24830740,FEM,NA
24831387,24832070,NA,NA
24831389,24832037,FEM,NA
24840493,24843512,NA,NA
24840763,24843050,FEM,NA
24841451,24841734,OCH,NA
24842222,24842431,OCH,NA
24846097,24848512,NA,NA
24846154,24848511,FEM,NA
24861511,24863298,NA,NA
24861575,24862378,CHI,N
24861992,24863123,FEM,NA
24864238,24866012,NA,NA
24864470,24866011,FEM,NA
24882162,24882297,NA,NA
24886973,24887219,NA,NA
24886992,24887125,FEM,NA
24887483,24887819,NA,NA
24894493,24896037,CHI,N
24894493,24898011,NA,NA
24896948,24897366,OCH,NA
24897011,24897516,CHI,N
24901493,24904493,CHI,Y
24901493,24904809,NA,NA
24907492,24909011,NA,NA
24914512,24915239,NA,NA
24915511,24917590,NA,NA
24915553,24917514,FEM,NA
24918310,24919491,FEM,NA
24918319,24919492,NA,NA
24924011,24926127,NA,NA
24924053,24925992,CHI,N
24924127,24924491,OCH,NA
24927502,24929512,FEM,NA
24927510,24929535,NA,NA
24931139,24932357,NA,NA
24932489,24938993,NA,NA
24932510,24935492,FEM,NA
24935492,24936786,CHI,N
24936512,24937511,FEM,NA
24937235,24938511,CHI,N
24937941,24938466,OCH,NA
24942492,24951491,NA,NA
24942506,24944011,OCH,NA
24942840,24943012,CHI,N
24944713,24946698,FEM,NA
24944993,24946630,MAL,NA
24947445,24951249,CHI,N
24952217,24953265,NA,NA
24952339,24952812,CHI,N
24954011,24963174,NA,NA
24954104,24955516,CHI,N
24955982,24958842,FEM,NA
24957472,24957580,OCH,NA
24959062,24960002,CHI,N
24959656,24963039,FEM,NA
24977990,24980511,NA,NA
24977992,24979511,FEM,NA
24983492,24985011,FEM,NA
24983505,24987909,NA,NA
24985760,24987233,CHI,N
24985771,24987675,OCH,NA
24988146,24988711,NA,NA
24989011,24991817,NA,NA
24989079,24991754,CHI,Y
25008431,25012083,NA,NA
25008541,25012010,FEM,NA
25012290,25031290,NA,NA
25012415,25014511,FEM,NA
25014778,25017491,CHI,Y
25016035,25016163,OCH,NA
25016992,25019680,FEM,NA
25019493,25020993,OCH,NA
25020011,25022993,FEM,NA
25022512,25023011,OCH,NA
25023342,25027036,FEM,NA
25027296,25028675,FEM,NA
25028695,25029014,CHI,N
25029440,25031242,FEM,NA
25031815,25041086,NA,NA
25031874,25033492,OCH,NA
25032637,25036758,FEM,NA
25036992,25037581,CHI,N
25036992,25037620,OCH,NA
25038011,25039187,FEM,NA
25039010,25040804,CHI,N
25041189,25049201,NA,NA
25041692,25042011,CHI,N
25043825,25048992,FEM,NA
25050511,25052492,NA,NA
25050581,25052010,CHI,N
25052838,25062219,NA,NA
25052993,25053226,CHI,N
25053214,25053595,FEM,NA
25053911,25058336,FEM,NA
25058579,25060012,OCH,NA
25059993,25061993,CHI,N
25060651,25060992,OCH,NA
25062991,25064992,NA,NA
25063216,25064662,CHI,N
25064318,25064438,OCH,NA
25065305,25065852,NA,NA
25067991,25070114,FEM,NA
25067991,25070492,NA,NA
25069223,25070178,OCH,NA
25070744,25072853,NA,NA
25070882,25071862,FEM,NA
25072991,25078205,NA,NA
25073493,25078162,FEM,NA
25080011,25081992,NA,NA
25080096,25081966,FEM,NA
25088992,25090499,CHI,N
25089011,25090655,NA,NA
25091191,25092588,NA,NA
25092968,25093280,NA,NA
25093456,25096078,NA,NA
25093655,25094992,FEM,NA
25094492,25095979,OCH,NA
25098010,25099409,NA,NA
25098154,25099261,OCH,NA
25098199,25098489,CHI,N
25101407,25102246,NA,NA
25101458,25102165,FEM,NA
25103869,25105492,NA,NA
25103993,25105183,FEM,NA
25106893,25107681,NA,NA
25106993,25107499,OCH,NA
25108010,25108520,NA,NA
25108144,25108512,CHI,N
25112892,25118992,NA,NA
25112897,25114551,FEM,NA
25114592,25114707,CHI,N
25115493,25116492,CHI,N
25115721,25115878,OCH,NA
25116492,25118512,FEM,NA
25120905,25124739,NA,NA
25120992,25124510,FEM,NA
25125010,25126460,NA,NA
25125228,25125943,CHI,N
25126995,25128011,NA,NA
25127123,25127724,CHI,N
25132930,25134012,CHI,N
25132953,25138010,NA,NA
25133993,25135662,FEM,NA
25135532,25136199,CHI,N
25135670,25135975,OCH,NA
25136620,25137114,CHI,Y
25136646,25137480,OCH,NA
25139175,25139293,NA,NA
25139396,25143422,NA,NA
25139454,25142512,FEM,NA
25140512,25141300,CHI,N
25142302,25143085,CHI,N
25146210,25146531,NA,NA
25151172,25153241,NA,NA
25151511,25153011,FEM,NA
25163777,25164992,NA,NA
25163992,25164493,FEM,NA
25165183,25165299,NA,NA
25166050,25167511,NA,NA
25166492,25167010,FEM,NA
25169346,25171513,OCH,NA
25171511,25171784,NA,NA
25171992,25175981,NA,NA
25172898,25173693,OCH,NA
25174511,25175252,FEM,NA
25181766,25183992,NA,NA
25181793,25182358,OCH,NA
25182638,25182763,OCH,NA
25183229,25183364,OCH,NA
25183492,25183870,OCH,NA
25188992,25190195,NA,NA
25191501,25193992,FEM,NA
25191506,25194010,NA,NA
25210862,25213268,NA,NA
25210875,25213160,OCH,NA
25213680,25216176,NA,NA
25214956,25215935,CHI,N
25214993,25216011,OCH,NA
25217511,25220015,NA,NA
25217553,25218503,CHI,N
25218493,25219818,FEM,NA
25220727,25225746,NA,NA
25220835,25224500,CHI,N
25221593,25221907,OCH,NA
25222659,25222779,OCH,NA
25223073,25223735,FEM,NA
25223365,25223466,OCH,NA
25224900,25225583,FEM,NA
25226512,25229271,NA,NA
25226616,25229086,FEM,NA
25228493,25228606,OCH,NA
25230511,25232684,NA,NA
25230552,25232672,FEM,NA
25249409,25250432,CHI,N
25249470,25250315,NA,NA
25257638,25257962,NA,NA
25259990,25260257,NA,NA
25265873,25267329,NA,NA
25265901,25267319,OCH,NA
25276511,25276921,OCH,NA
25276583,25276742,NA,NA
25277847,25277994,OCH,NA
25279992,25282586,OCH,NA
25279992,25282619,NA,NA
25282999,25283903,NA,NA
25283220,25283510,OCH,NA
25285510,25287511,NA,NA
25285655,25286536,OCH,NA
25286183,25286352,CHI,N
25286750,25286991,CHI,N
25286767,25286998,OCH,NA
25287380,25287488,OCH,NA
25294511,25296468,OCH,NA
25294511,25296511,NA,NA
25311729,25314567,OCH,NA
25311774,25314798,NA,NA
25313492,25313991,CHI,N
25313811,25314010,FEM,NA
25316012,25317451,NA,NA
25316375,25317193,OCH,NA
25317998,25344510,NA,NA
25318104,25319808,OCH,NA
25318511,25319458,CHI,Y
25320556,25322011,CHI,N
25320585,25322441,OCH,NA
25322510,25324878,CHI,Y
25322551,25324512,OCH,NA
25324677,25325511,OCH,NA
25325624,25326010,OCH,NA
25326368,25326511,OCH,NA
25327055,25327173,FEM,NA
25327365,25327719,FEM,NA
25328153,25328625,CHI,N
25332991,25336992,CHI,N
25334314,25335011,OCH,NA
25336010,25336118,OCH,NA
25337492,25338852,CHI,N
25338511,25339010,FEM,NA
25339304,25340511,FEM,NA
25342511,25343367,CHI,N
25343493,25344492,CHI,N
25344012,25344228,OCH,NA
25344895,25349158,NA,NA
25345011,25348119,OCH,NA
25346512,25348012,NA,J
25347725,25348857,FEM,NA
25352772,25355992,NA,NA
25352801,25355992,OCH,NA
25358596,25361492,NA,NA
25358873,25360287,FEM,NA
25360300,25361189,MAL,NA
25366650,25369056,NA,NA
25368010,25369632,MAL,NA
25369873,25372052,NA,NA
25372211,25373512,NA,NA
25373064,25373180,CHI,N
25377649,25378491,NA,NA
25380380,25385383,NA,NA
25380493,25381492,FEM,NA
25380525,25383011,OCH,NA
25381902,25383841,FEM,NA
25384575,25385010,CHI,N
25388654,25394464,OCH,NA
25388687,25398603,NA,NA
25393500,25393628,CHI,N
25393772,25393983,CHI,N
25394916,25395993,OCH,NA
25395139,25395382,FEM,NA
25395490,25397233,FEM,NA
25397881,25398011,OCH,NA
25397992,25398282,CHI,N
25403477,25404511,NA,NA
25403510,25403655,CHI,N
25408401,25409992,NA,NA
25408492,25409589,CHI,N
25413217,25413906,NA,NA
25422992,25425010,NA,NA
25423512,25424995,OCH,NA
25428511,25429632,OCH,NA
25428985,25429827,NA,NA
25434511,25437219,NA,NA
25434793,25437154,FEM,NA
25438791,25441019,NA,NA
25438992,25439156,OCH,NA
25439106,25439216,FEM,NA
25439466,25440511,OCH,NA
25441229,25441992,NA,NA
25442562,25444992,NA,NA
25442713,25444861,CHI,N
25446511,25451050,NA,NA
25446810,25447767,CHI,N
25447637,25449704,FEM,NA
25456992,25460991,FEM,NA
25456992,25461005,NA,NA
25462510,25464915,NA,NA
25462898,25464153,FEM,NA
25465870,25469900,NA,NA
25466306,25466493,FEM,NA
25466599,25466992,CHI,N
25466979,25469790,OCH,NA
25468315,25468453,CHI,N
25470615,25471511,OCH,NA
25470615,25471511,NA,NA
25474593,25475469,NA,NA
25474703,25475125,OCH,NA
25479792,25480205,NA,NA
25481255,25481512,NA,NA
25483926,25485311,NA,NA
25483992,25484510,CHI,N
25484510,25485011,FEM,NA
25487281,25488258,NA,NA
25487934,25488263,OCH,NA
25488385,25488749,OCH,NA
25488412,25488787,NA,NA
25491706,25493846,NA,NA
25492713,25493245,OCH,NA
25495012,25498546,NA,NA
25495466,25498073,FEM,NA
25501083,25503992,NA,NA
25501319,25503992,FEM,NA
25505511,25506437,NA,NA
25505660,25505992,FEM,NA
25511898,25512511,NA,NA
25511993,25512276,OCH,NA
25519868,25522912,FEM,NA
25519882,25525638,NA,NA
25523492,25524992,CHI,N
25523633,25524404,OCH,NA
25525010,25525442,FEM,NA
25527253,25529347,NA,NA
25527368,25528993,FEM,NA
25528011,25528441,CHI,N
25539948,25542511,NA,NA
25539997,25540232,FEM,NA
25540414,25541011,FEM,NA
25541992,25542444,FEM,NA
25544896,25546676,NA,NA
25545242,25546609,FEM,NA
25549433,25551915,CHI,C
25549471,25553521,NA,NA
25552955,25553066,OCH,NA
25553991,25562491,NA,NA
25554121,25554992,OCH,NA
25554258,25554410,CHI,N
25555870,25557564,OCH,NA
25556189,25558011,CHI,Y
25558991,25561011,OCH,NA
25560509,25562011,FEM,NA
25565299,25567267,NA,NA
25565335,25566422,OCH,NA
25575191,25575296,NA,NA
25575467,25576201,NA,NA
25575807,25575991,FEM,NA
25577512,25580047,OCH,NA
25577988,25583239,NA,NA
25580011,25580382,FEM,NA
25580210,25580492,OCH,NA
25581569,25583353,OCH,NA
25583511,25583779,NA,NA
25587510,25590416,NA,NA
25587723,25588992,OCH,NA
25587966,25590070,CHI,N
25591778,25594625,NA,NA
25591992,25592569,OCH,NA
25591992,25592902,FEM,NA
25593003,25594512,OCH,NA
25595279,25596010,NA,NA
25595728,25595932,FEM,NA
25627003,25627330,NA,NA
25627011,25627180,CHI,N
25637992,25638902,NA,NA
25641993,25642511,NA,NA
25644158,25645009,NA,NA
25654764,25655992,NA,NA
25654992,25655429,CHI,N
25656357,25656527,NA,NA
25656438,25656878,OCH,NA
25656667,25656816,NA,NA
25668011,25671754,NA,NA
25668178,25669153,CHI,N
25669865,25670381,FEM,NA
25670834,25671511,CHI,N
25670998,25671384,OCH,NA
25673510,25674339,NA,NA
25677155,25678117,NA,NA
25677366,25677477,FEM,NA
25677591,25677974,FEM,NA
25679511,25681673,CHI,N
25679511,25682044,NA,NA
25682793,25683647,NA,NA
25682937,25683492,CHI,N
25683927,25692511,NA,NA
25684979,25692492,CHI,N
25688347,25688458,OCH,NA
25693511,25695993,NA,NA
25693772,25695897,CHI,N
25693980,25694360,OCH,NA
25696992,25699103,NA,NA
25697010,25698942,FEM,NA
25699658,25699992,NA,NA
25700264,25702672,NA,NA
25701010,25702183,OCH,NA
25723270,25726397,NA,NA
25723492,25726388,FEM,NA
25733492,25734901,NA,NA
25733992,25734694,FEM,NA
25737784,25737992,NA,NA
25750992,25754013,NA,NA
25751010,25751992,CHI,N
25752492,25753511,FEM,NA
25753086,25753933,MAL,NA
25757285,25760012,NA,NA
25757511,25759666,OCH,NA
25758670,25759740,CHI,N
25761829,25765111,NA,NA
25761886,25762991,CHI,N
25763581,25764769,OCH,NA
25763684,25764776,CHI,N
25765417,25767066,NA,NA
25766404,25767086,OCH,NA
25769662,25771576,NA,NA
25769823,25771511,FEM,NA
25773844,25794209,NA,NA
25773857,25774583,OCH,NA
25774013,25774330,CHI,N
25774814,25782511,CHI,N
25775054,25775493,OCH,NA
25777492,25777782,OCH,NA
25777992,25779011,OCH,NA
25779511,25779870,OCH,NA
25780012,25788512,OCH,NA
25783630,25786749,CHI,Y
25787992,25788578,CHI,N
25789134,25791991,CHI,N
25790840,25793992,OCH,NA
25793011,25793512,CHI,N
25795511,25797220,CHI,N
25795511,25797276,NA,NA
25797489,25802011,NA,NA
25799506,25802012,CHI,N
25815011,25815163,NA,NA
25815505,25817675,NA,NA
25815542,25816492,CHI,N
25816428,25817702,FEM,NA
25827512,25828874,NA,NA
25827992,25828583,CHI,N
25851428,25857010,NA,NA
25851493,25852408,CHI,N
25852510,25856614,FEM,NA
25867536,25868626,NA,NA
25867595,25868516,CHI,N
25877327,25877511,OCH,NA
25878012,25878182,NA,NA
25878493,25881937,NA,NA
25878511,25881992,CHI,N
25883336,25884993,NA,NA
25883493,25884882,OCH,NA
25885497,25886017,NA,NA
25886984,25887693,NA,NA
25887006,25887511,CHI,N
25889993,25890914,NA,NA
25890040,25890302,FEM,NA
25909492,25912492,NA,NA
25909511,25912493,FEM,NA
25922008,25923193,NA,NA
25922261,25923010,CHI,N
25932052,25935579,NA,NA
25932427,25933850,OCH,NA
25932683,25932909,CHI,N
25934011,25935267,FEM,NA
25935981,25939052,NA,NA
25936062,25937088,CHI,C
25936966,25938110,FEM,NA
25942013,25942992,NA,NA
25942307,25942602,OCH,NA
25944032,25945924,NA,NA
25944227,25945162,FEM,NA
25948011,25950301,NA,NA
25948013,25950099,CHI,N
25952626,25953073,NA,NA
25954319,25956305,NA,NA
25954493,25954809,FEM,NA
25955492,25955789,FEM,NA
25956511,25961493,NA,NA
25956815,25958511,CHI,N
25959300,25961468,OCH,NA
25959347,25959992,CHI,N
25964248,25966492,NA,NA
25965800,25966011,FEM,NA
25972697,25974217,NA,NA
25972810,25974087,FEM,NA
25983536,25983674,NA,NA
25984356,25988511,NA,NA
25984517,25985492,CHI,N
25985011,25988065,FEM,NA
25997011,26003511,NA,NA
25997218,26000991,CHI,N
25997993,25999017,OCH,NA
25998751,25998891,FEM,NA
25999361,25999570,OCH,NA
25999988,26000997,OCH,NA
26003023,26003244,FEM,NA
26004488,26004993,NA,NA
26008012,26008434,NA,NA
26014264,26015933,NA,NA
26014534,26015069,FEM,NA
26014993,26015666,OCH,NA
26015011,26015536,CHI,N
26016706,26020645,NA,NA
26016854,26017492,CHI,N
26017492,26018172,FEM,NA
26018499,26019150,OCH,NA
26019011,26019129,CHI,N
26019370,26020511,CHI,N
26020936,26021511,NA,NA
26032755,26033616,OCH,NA
26032772,26036392,NA,NA
26033734,26034510,OCH,NA
26034227,26035491,CHI,Y
26034866,26035011,OCH,NA
26035131,26035306,OCH,NA
26037011,26039991,NA,NA
26037329,26038011,CHI,N
26037499,26037902,OCH,NA
26038329,26039878,FEM,NA
26051051,26057511,FEM,NA
26051092,26057511,NA,NA
26061991,26062690,OCH,NA
26061991,26064099,NA,NA
26063284,26063492,OCH,NA
26064572,26066639,NA,NA
26066011,26066510,FEM,NA
26066929,26067663,NA,NA
26066991,26067511,CHI,N
26069460,26070010,NA,NA
26073492,26075596,CHI,C
26073492,26078988,NA,NA
26076011,26078993,FEM,NA
26080567,26081061,NA,NA
26080626,26081011,NA,J
26083492,26084493,FEM,NA
26083492,26084493,NA,NA
26085485,26086680,NA,NA
26085571,26086258,OCH,NA
26085576,26086138,CHI,N
26088649,26091884,NA,NA
26089676,26091001,CHI,N
26092010,26093581,NA,NA
26092221,26093045,FEM,NA
26092992,26094511,OCH,NA
26094752,26094992,OCH,NA
26095492,26097198,NA,NA
26095993,26096992,FEM,NA
26099648,26100255,NA,NA
26099763,26099984,CHI,N
26104012,26104511,NA,NA
26104042,26104434,CHI,N
26119010,26120296,NA,NA
26119506,26119811,CHI,N
26124992,26125652,NA,NA
26125941,26127816,NA,NA
26131957,26134492,NA,NA
26132039,26132491,CHI,N
26132807,26134290,FEM,NA
26141493,26143493,NA,NA
26141511,26143146,OCH,NA
26143278,26143492,OCH,NA
26148992,26150288,FEM,NA
26148992,26150492,NA,NA
26151491,26156584,NA,NA
26151512,26152297,CHI,N
26152173,26154510,FEM,NA
26154768,26155991,CHI,N
26155599,26156232,OCH,NA
26157992,26159161,NA,NA
26158493,26158859,CHI,N
26162720,26163576,NA,NA
26167663,26169246,NA,NA
26167992,26169303,OCH,NA
26170896,26172356,NA,NA
26171492,26172098,FEM,NA
26173184,26176993,NA,NA
26173292,26176967,FEM,NA
26192492,26194625,FEM,NA
26192492,26197455,NA,NA
26195010,26195120,FEM,NA
26195240,26196992,FEM,NA
26198011,26199285,NA,NA
26198233,26199011,FEM,NA
26200594,26202992,OCH,NA
26200614,26202511,NA,NA
26205383,26214659,NA,NA
26205434,26206495,CHI,C
26206511,26213993,FEM,NA
26215022,26216492,NA,NA
26215463,26216357,FEM,NA
26218996,26223375,FEM,NA
26219012,26223511,NA,NA
26223861,26223966,NA,NA
26225011,26228496,NA,NA
26226065,26227580,FEM,NA
26229962,26233433,NA,NA
26229992,26232328,FEM,NA
26234450,26236657,NA,NA
26234483,26236575,FEM,NA
26239047,26239903,NA,NA
26239094,26239701,CHI,N
26240510,26241904,NA,NA
26240667,26241612,CHI,N
26245477,26250258,NA,NA
26245492,26249493,CHI,N
26246492,26247434,FEM,NA
26249012,26249115,OCH,NA
26249493,26249822,OCH,NA
26250510,26251595,NA,NA
26250510,26251701,OCH,NA
26250895,26251011,CHI,N
26252215,26252831,NA,NA
26252272,26252512,OCH,NA
26253511,26254922,FEM,NA
26253511,26255013,NA,NA
26255394,26255585,NA,NA
26255492,26255668,OCH,NA
26258992,26259743,NA,NA
26259145,26259511,FEM,NA
26263811,26266239,NA,NA
26263909,26266155,FEM,NA
26267465,26269978,NA,NA
26267470,26269961,FEM,NA
26274994,26277073,NA,NA
26275037,26277064,FEM,NA
26278992,26281803,FEM,NA
26278992,26281864,NA,NA
26283493,26287634,NA,NA
26283498,26286011,FEM,NA
26286512,26287511,FEM,NA
26289993,26291647,FEM,NA
26289993,26291718,NA,NA
26301429,26304915,NA,NA
26302155,26303011,FEM,NA
26309887,26310511,NA,NA
26310012,26310361,CHI,N
26312992,26313405,NA,NA
26315511,26317550,NA,NA
26315569,26317511,FEM,NA
26319090,26319466,NA,NA
26333512,26334511,NA,NA
26338319,26340491,NA,NA
26338492,26338716,OCH,NA
26339089,26339513,OCH,NA
26339511,26340152,CHI,N
26339627,26340010,OCH,NA
26342553,26343049,OCH,NA
26342747,26343174,NA,NA
26344793,26346511,NA,NA
26344825,26345382,OCH,NA
26344992,26345419,CHI,N
26358492,26365968,NA,NA
26358581,26365888,FEM,NA
26366794,26367515,NA,NA
26366870,26366990,FEM,NA
26368727,26369456,NA,NA
26368777,26369255,OCH,NA
26369012,26369172,CHI,N
26371988,26373927,NA,NA
26371990,26373615,FEM,NA
26374110,26376014,NA,NA
26374204,26375478,FEM,NA
26376884,26382311,NA,NA
26377512,26377922,FEM,NA
26378492,26379542,CHI,N
26380099,26382056,FEM,NA
26383415,26387738,NA,NA
26383492,26383991,FEM,NA
26385011,26385600,OCH,NA
26386390,26386893,OCH,NA
26386493,26387512,FEM,NA
26388345,26390871,NA,NA
26388701,26388841,FEM,NA
26388774,26389511,OCH,NA
26389922,26390764,CHI,N
26391457,26392993,NA,NA
26391493,26392804,FEM,NA
26393708,26395984,NA,NA
26393749,26394151,OCH,NA
26394319,26394483,OCH,NA
26395011,26395541,FEM,NA
26396501,26398658,NA,NA
26396813,26398254,OCH,NA
26399010,26400991,NA,NA
26399069,26400387,FEM,NA
26400276,26400511,CHI,N
26402492,26404969,NA,NA
26402510,26404624,FEM,NA
26405992,26416011,NA,NA
26408511,26415030,FEM,NA
26420666,26421992,NA,NA
26420843,26421466,FEM,NA
26421716,26421821,FEM,NA
26424984,26427161,NA,NA
26425005,26426993,OCH,NA
26426306,26426824,FEM,NA
26433992,26434903,NA,NA
26434163,26434511,CHI,N
26439419,26441512,NA,NA
26439485,26441029,FEM,NA
26442153,26445415,NA,NA
26444340,26445028,FEM,NA
26444409,26445173,OCH,NA
26445790,26447511,NA,NA
26446117,26447011,FEM,NA
26451752,26455419,NA,NA
26452138,26452535,OCH,NA
26452580,26452863,CHI,N
26452700,26452859,FEM,NA
26452901,26453011,OCH,NA
26453377,26454511,OCH,NA
26457833,26457943,NA,NA
26461222,26461426,NA,NA
26465493,26466516,FEM,NA
26465493,26468483,NA,NA
26467493,26467633,FEM,NA
26468827,26470133,NA,NA
26468846,26470078,OCH,NA
26470616,26472241,NA,NA
26470849,26471639,FEM,NA
26479492,26480992,NA,NA
26479511,26480670,FEM,NA
26492444,26498992,NA,NA
26492459,26497010,CHI,N
26497088,26498970,FEM,NA
26501011,26501364,NA,NA
26501492,26503510,NA,NA
26502125,26502741,CHI,N
26502171,26502512,OCH,NA
26506594,26507514,NA,NA
26506659,26507491,FEM,NA
26509219,26511094,NA,NA
26509493,26511012,FEM,NA
26513011,26514010,FEM,NA
26513011,26514010,NA,NA
26516398,26517512,NA,NA
26516400,26517492,CHI,Y
26520011,26522107,CHI,N
26520011,26522136,NA,NA
26526261,26527716,CHI,N
26526275,26533076,NA,NA
26528513,26533005,CHI,N
26533664,26534531,NA,NA
26533745,26534309,CHI,N
26535452,26546993,NA,NA
26535467,26536630,CHI,C
26536577,26537127,FEM,NA
26537340,26546920,CHI,N
26550013,26550330,NA,NA
26561090,26562511,NA,NA
26561147,26562294,FEM,NA
26566010,26566881,NA,NA
26568616,26569991,NA,NA
26568884,26569056,OCH,NA
26569537,26569709,OCH,NA
26571907,26573338,NA,NA
26571993,26573456,OCH,NA
26574396,26574949,OCH,NA
26579357,26583223,CHI,C
26579389,26585874,NA,NA
26584991,26585700,OCH,NA
26589583,26592634,NA,NA
26589689,26592510,CHI,N
26597492,26599012,NA,NA
26597621,26597732,FEM,NA
26597769,26598967,OCH,NA
26599175,26599511,NA,NA
26599374,26599475,OCH,NA
26609021,26611011,NA,NA
26609356,26611011,FEM,NA
26612992,26613510,NA,NA
26612992,26613556,FEM,NA
26632328,26633492,CHI,N
26632334,26635341,NA,NA
26634326,26635011,FEM,NA
26637512,26642245,NA,NA
26637567,26640655,CHI,N
26641334,26642021,CHI,N
26649258,26651492,NA,NA
26649383,26650380,CHI,N
26652056,26652348,NA,NA
26652491,26652739,NA,NA
26652993,26655398,NA,NA
26653328,26654096,CHI,N
26653685,26654011,FEM,NA
26654493,26655011,FEM,NA
26659275,26660991,CHI,N
26659280,26661516,NA,NA
26665492,26666764,OCH,NA
26665492,26667011,NA,NA
26665708,26666800,CHI,N
26675992,26676220,OCH,NA
26676010,26676469,NA,NA
26684512,26686512,NA,NA
26684702,26685991,CHI,N
26684858,26686463,OCH,NA
26704269,26706159,NA,NA
26704335,26705891,FEM,NA
26707636,26707992,NA,NA
26716824,26725181,NA,NA
26716993,26723549,CHI,N
26723805,26725103,CHI,N
26786141,26786511,NA,NA
26791685,26791871,NA,NA
26903011,26905203,NA,NA
26903779,26905122,CHI,N
26903882,26903990,OCH,NA
26904197,26904983,OCH,NA
26908991,26911958,NA,NA
26909034,26910905,FEM,NA
26910993,26911628,CHI,N
26913202,26913334,NA,NA
26914297,26914493,NA,NA
26919238,26923789,NA,NA
26919493,26923511,CHI,N
26927011,26931512,NA,NA
26927512,26929569,FEM,NA
26930038,26931012,FEM,NA
26935973,26943511,NA,NA
26935991,26936637,CHI,N
26936712,26937011,FEM,NA
26936992,26938904,OCH,NA
26937993,26942539,CHI,N
26939689,26939993,FEM,NA
26950600,26951121,FEM,NA
26950610,26951361,NA,NA
26951623,26952492,NA,NA
26952467,26952604,OCH,NA
26954492,26954993,NA,NA
26954768,26954927,CHI,N
26959492,26959853,NA,NA
26961837,26964637,NA,NA
26961981,26964511,CHI,N
26972985,26974011,NA,NA
26972992,26973996,CHI,N
26996510,26998491,NA,NA
26996767,26998011,CHI,N
26996799,26997992,OCH,NA
27007109,27008343,NA,NA
27007244,27008010,FEM,NA
27032493,27034012,CHI,C
27032493,27034219,NA,NA
27033602,27033730,OCH,NA
27071493,27074002,CHI,N
27071506,27073992,NA,NA
27078811,27081199,NA,NA
27078904,27081008,CHI,N
27079156,27079627,OCH,NA
27085955,27088345,NA,NA
27085992,27088012,CHI,N
27086321,27086493,OCH,NA
27086883,27088012,OCH,NA
27096623,27097244,NA,NA
27106485,27108631,NA,NA
27106491,27108217,FEM,NA
27109011,27111492,NA,NA
27109028,27109693,CHI,N
27109757,27111011,FEM,NA
27123512,27123684,NA,NA
27124009,27127011,NA,NA
27124197,27126993,CHI,Y
27131011,27134511,NA,NA
27131203,27132599,FEM,NA
27133068,27134011,CHI,N
27138269,27138490,OCH,NA
27138272,27138554,NA,NA
27138961,27143512,NA,NA
27139011,27143491,CHI,N
27152992,27155010,FEM,NA
27153011,27155011,NA,NA
27159585,27161070,NA,NA
27159600,27161011,FEM,NA
27162992,27166615,FEM,NA
27162992,27168689,NA,NA
27167096,27168237,OCH,NA
27168988,27172493,NA,NA
27169189,27172313,CHI,Y
27174628,27176089,NA,NA
27174798,27175728,CHI,N
27174903,27175576,OCH,NA
27177621,27181220,NA,NA
27177751,27179423,FEM,NA
27179665,27180510,MAL,NA
27198961,27202643,NA,NA
27198992,27199218,FEM,NA
27199358,27200376,FEM,NA
27200991,27202510,FEM,NA
27206982,27208185,OCH,NA
27207011,27210916,NA,NA
27210143,27210801,CHI,N
27214491,27215232,NA,NA
27214711,27214814,CHI,N
27216589,27216992,NA,NA
27217492,27217850,NA,NA
27218398,27225011,NA,NA
27218403,27219512,OCH,NA
27219011,27222079,FEM,NA
27224237,27225012,FEM,NA
27227364,27228984,NA,NA
27227485,27228511,FEM,NA
27230426,27232449,NA,NA
27230492,27232353,FEM,NA
27233445,27235102,NA,NA
27233493,27235061,FEM,NA
27235281,27239510,FEM,NA
27235300,27236755,NA,NA
27236940,27239510,NA,NA
27246011,27247638,NA,NA
27246993,27247202,FEM,NA
27248010,27249519,NA,NA
27248511,27249510,FEM,NA
27251697,27254510,NA,NA
27251993,27254511,FEM,NA
27257027,27259511,NA,NA
27257131,27259510,FEM,NA
27274548,27281188,NA,NA
27274625,27275469,CHI,N
27276195,27277364,CHI,N
27276890,27277012,OCH,NA
27277992,27279031,FEM,NA
27283429,27285105,FEM,NA
27283466,27285413,NA,NA
27287012,27288993,OCH,NA
27287511,27288993,NA,NA
27289192,27289442,OCH,NA
27292511,27293091,OCH,NA
27296992,27298403,OCH,NA
27297493,27298262,NA,NA
27298681,27301011,NA,NA
27298777,27300363,OCH,NA
27299492,27300621,FEM,NA
27301158,27302506,NA,NA
27301511,27302493,FEM,NA
27303991,27307754,NA,NA
27305492,27305708,FEM,NA
27305858,27307043,FEM,NA
27308659,27309992,NA,NA
27308765,27309747,OCH,NA
27310674,27311514,NA,NA
27314575,27317810,NA,NA
27314825,27316492,CHI,N
27319012,27320985,NA,NA
27319287,27320510,FEM,NA
27319992,27320095,OCH,NA
27321928,27325478,NA,NA
27321973,27322992,CHI,N
27327491,27335616,NA,NA
27327512,27330492,OCH,NA
27329992,27331929,FEM,NA
27332011,27335992,OCH,NA
27336153,27336492,OCH,NA
27336511,27348511,NA,NA
27337492,27348304,FEM,NA
27347492,27348167,MAL,NA
27348320,27348438,MAL,NA
27350492,27351545,MAL,NA
27350607,27351464,NA,NA
27352077,27439316,NA,NA
27352492,27362492,FEM,NA
27363493,27365493,FEM,NA
27365823,27366377,CHI,N
27366490,27374511,FEM,NA
27367991,27369736,MAL,NA
27372764,27373451,MAL,NA
27374588,27375951,CHI,N
27375747,27377492,FEM,NA
27376613,27379456,CHI,Y
27379358,27383010,FEM,NA
27380511,27381429,CHI,N
27382291,27387428,CHI,Y
27387290,27388993,FEM,NA
27388247,27394109,CHI,Y
27393935,27400381,FEM,NA
27400511,27406029,FEM,NA
27405992,27408974,CHI,N
27408829,27409303,FEM,NA
27409712,27411011,OCH,NA
27411492,27411608,FEM,NA
27412012,27419992,FEM,NA
27414026,27414666,NA,J
27419043,27421038,MAL,NA
27420152,27423805,CHI,Y
27421080,27421326,OCH,NA
27423834,27426083,FEM,NA
27425900,27429012,CHI,C
27428674,27438823,FEM,NA
27429010,27429985,MAL,NA
27439479,27471671,NA,NA
27439511,27443492,FEM,NA
27443011,27446879,CHI,Y
27443510,27443707,OCH,NA
27443991,27445510,OCH,NA
27445664,27445765,OCH,NA
27446497,27447992,FEM,NA
27447452,27448753,CHI,N
27448511,27450511,FEM,NA
27450011,27455546,CHI,C
27454013,27454627,MAL,NA
27455492,27457492,FEM,NA
27457847,27458485,MAL,NA
27458992,27459512,OCH,NA
27459940,27461783,FEM,NA
27461648,27468663,CHI,Y
27463681,27465237,FEM,NA
27466493,27468039,FEM,NA
27469007,27471498,FEM,NA
27473992,27474832,NA,NA
27474010,27474511,FEM,NA
27476206,27478103,NA,NA
27476243,27478011,FEM,NA
27478607,27479010,NA,NA
27479582,27479702,NA,NA
27482617,27483493,NA,NA
27482667,27482979,FEM,NA
27484407,27549462,NA,NA
27485507,27485841,FEM,NA
27485570,27485992,OCH,NA
27485681,27485983,NA,J
27486010,27489635,FEM,NA
27489993,27491007,NA,J
27490011,27490311,FEM,NA
27490418,27496993,FEM,NA
27496132,27497988,MAL,NA
27497510,27504500,FEM,NA
27499642,27500619,MAL,NA
27503886,27507511,CHI,N
27507492,27516007,FEM,NA
27515398,27517011,CHI,N
27516743,27518991,MAL,NA
27518010,27518953,FEM,NA
27519438,27530012,CHI,Y
27529755,27531993,FEM,NA
27531016,27534477,CHI,Y
27534362,27535511,FEM,NA
27534644,27536468,CHI,Y
27535705,27535992,FEM,NA
27535996,27537528,MAL,NA
27536259,27536612,FEM,NA
27536728,27536850,FEM,NA
27537454,27538340,CHI,C
27537992,27540732,MAL,NA
27540466,27548011,CHI,Y
27541510,27543427,OCH,NA
27547651,27549261,FEM,NA
27549821,27671952,NA,NA
27549934,27550493,CHI,N
27551097,27551338,OCH,NA
27551492,27554280,FEM,NA
27555491,27556102,FEM,NA
27555992,27558532,MAL,NA
27557012,27557493,FEM,NA
27557992,27561510,FEM,NA
27561603,27565010,CHI,C
27564992,27567044,MAL,NA
27566825,27570063,FEM,NA
27567493,27569012,NA,J
27569857,27570670,MAL,NA
27569992,27570242,CHI,N
27570260,27570414,FEM,NA
27570434,27572376,CHI,Y
27571511,27571881,OCH,NA
27572111,27576510,MAL,NA
27573568,27574012,FEM,NA
27574248,27575011,FEM,NA
27576745,27580648,FEM,NA
27580829,27587358,FEM,NA
27586037,27589542,MAL,NA
27587831,27592114,FEM,NA
27589763,27590342,MAL,NA
27591033,27595900,MAL,NA
27595652,27596253,CHI,N
27595671,27595784,FEM,NA
27596236,27602011,FEM,NA
27600510,27605441,MAL,NA
27604451,27606493,FEM,NA
27606059,27607633,MAL,NA
27606992,27607129,FEM,NA
27607384,27613694,FEM,NA
27614007,27617993,FEM,NA
27617001,27620378,MAL,NA
27620511,27625320,MAL,NA
27625150,27626493,CHI,N
27625870,27627922,FEM,NA
27627141,27630907,MAL,NA
27630570,27632310,CHI,Y
27632645,27634510,CHI,Y
27632662,27633011,MAL,NA
27633575,27633712,OCH,NA
27633992,27634125,OCH,NA
27634365,27637807,MAL,NA
27635001,27635511,CHI,N
27637511,27639970,CHI,Y
27639254,27639436,OCH,NA
27639510,27641491,FEM,NA
27640637,27642897,MAL,NA
27642512,27650992,FEM,NA
27643091,27643315,MAL,NA
27644198,27645011,CHI,N
27649492,27649978,MAL,NA
27650141,27650310,MAL,NA
27650417,27651991,MAL,NA
27651132,27667391,FEM,NA
27654357,27654492,CHI,N
27666620,27667310,OCH,NA
27667946,27669011,FEM,NA
27669927,27671510,OCH,NA
27670253,27670493,FEM,NA
27672123,27673802,NA,NA
27672492,27673511,FEM,NA
27675511,27678837,NA,NA
27675847,27678512,FEM,NA
27681510,27682511,NA,NA
27681580,27682459,MAL,NA
27688011,27689364,NA,NA
27688134,27689076,FEM,NA
27692803,27701288,NA,NA
27692823,27697246,FEM,NA
27697098,27697339,OCH,NA
27698806,27701012,FEM,NA
27702010,27706249,NA,NA
27702321,27702512,CHI,N
27702511,27704843,FEM,NA
27704185,27704511,CHI,N
27704872,27706511,MAL,NA
27709012,27713035,NA,NA
27709169,27712993,FEM,NA
27714552,27715511,NA,NA
27714940,27715360,FEM,NA
27727976,27728359,NA,NA
27728026,27728127,CHI,N
27736779,27737010,NA,NA
27753087,27754607,NA,NA
27753163,27753492,CHI,N
27753545,27754532,FEM,NA
27756311,27761092,NA,NA
27756446,27757511,CHI,N
27757721,27758661,FEM,NA
27757904,27758603,MAL,NA
27759038,27759512,CHI,N
27759687,27760511,FEM,NA
27760011,27761010,CHI,N
27767409,27767833,NA,NA
27769517,27770065,NA,NA
27769623,27770011,CHI,N
27777732,27778012,NA,NA
27777752,27777992,FEM,NA
27784002,27784510,NA,NA
27788252,27788362,NA,NA
27789514,27790025,NA,NA
27789542,27790011,CHI,N
27793069,27793511,NA,NA
27797631,27798093,CHI,N
27797649,27798111,NA,NA
27799991,27800141,NA,NA
27802148,27802858,NA,NA
27802985,27803673,NA,NA
27803107,27803512,FEM,NA
27813993,27814425,CHI,N
27813993,27814439,NA,NA
27817663,27818011,CHI,N
27817693,27818010,NA,NA
27826011,27827012,CHI,N
27826063,27827011,NA,NA
27835010,27836168,NA,NA
27835088,27836011,CHI,N
27838492,27839511,NA,NA
27838554,27839150,FEM,NA
27838831,27839012,OCH,NA
27860510,27863580,NA,NA
27860828,27863511,FEM,NA
27864705,27864830,NA,NA
27865755,27878334,NA,NA
27865900,27866653,FEM,NA
27866012,27866483,CHI,N
27866864,27867961,CHI,N
27867898,27870011,FEM,NA
27869120,27870870,MAL,NA
27870127,27872287,FEM,NA
27872819,27872988,CHI,N
27873199,27875492,FEM,NA
27874511,27877285,MAL,NA
27876629,27878072,FEM,NA
27879378,27880522,NA,NA
27879761,27879952,CHI,N
27884113,27886562,NA,NA
27884231,27885775,CHI,N
27885369,27886434,FEM,NA
27901010,27906491,NA,NA
27901368,27906145,FEM,NA
27902639,27903177,OCH,NA
27904601,27904717,MAL,NA
27904895,27905838,MAL,NA
27914659,27916590,NA,NA
27914914,27915385,FEM,NA
27915783,27916583,FEM,NA
27917123,27920125,NA,NA
27917455,27919758,FEM,NA
27918376,27920126,MAL,NA
27921110,27922492,NA,NA
27921162,27922293,NA,J
27930143,27933491,OCH,NA
27930238,27933512,NA,NA
27936959,27937992,OCH,NA
27936993,27938492,NA,NA
27939511,27940923,NA,NA
27940400,27940511,MAL,NA
27941272,27944671,NA,NA
27942511,27942648,FEM,NA
27943164,27944511,CHI,N
27945537,27960358,NA,NA
27945608,27947511,OCH,NA
27945778,27946011,CHI,N
27946492,27949838,CHI,N
27947638,27947954,OCH,NA
27949519,27950511,FEM,NA
27950977,27952300,CHI,N
27952511,27960112,CHI,Y
27960512,27962083,NA,NA
27960525,27961564,MAL,NA
27962867,27965867,NA,NA
27962997,27964011,FEM,NA
27964011,27965624,CHI,N
27966830,27967542,NA,NA
27966949,27967511,OCH,NA
27987284,27989306,NA,NA
27987289,27989012,CHI,N
27995120,28004511,NA,NA
27995198,27997377,CHI,N
27997512,27998379,FEM,NA
27999223,28001012,CHI,N
27999493,27999679,OCH,NA
28001012,28001447,FEM,NA
28001292,28002227,CHI,N
28003393,28004085,MAL,NA
28005296,28005770,NA,NA
28005359,28005761,CHI,Y
28006992,28009010,CHI,N
28006994,28009011,NA,NA
28011860,28014069,FEM,NA
28011864,28014491,NA,NA
28016067,28017763,NA,NA
28016246,28017662,FEM,NA
28020492,28021432,FEM,NA
28020492,28021479,NA,NA
28024137,28026010,NA,NA
28025004,28025510,FEM,NA
28035440,28036461,FEM,NA
28035475,28036434,NA,NA
28039993,28042298,NA,NA
28041250,28042202,CHI,N
28044011,28044510,NA,NA
28044012,28044363,FEM,NA
28066993,28068768,NA,NA
28067075,28067620,FEM,NA
28069011,28071011,NA,NA
28069227,28070511,FEM,NA
28072938,28073917,NA,NA
28072963,28073798,CHI,N
28087074,28087236,NA,NA
28125473,28126432,CHI,N
28125492,28126493,NA,NA
28135158,28137062,NA,NA
28135159,28136992,CHI,N
28137387,28137492,NA,NA
28160509,28164947,CHI,N
28160511,28164993,NA,NA
28170484,28178493,NA,NA
28170492,28178492,CHI,N
28171317,28171511,OCH,NA
28179011,28181382,NA,NA
28179095,28181120,CHI,N
28179473,28179741,OCH,NA
28179991,28180511,OCH,NA
28180688,28181010,OCH,NA
28183012,28185493,NA,NA
28183445,28185011,CHI,N
28200671,28202492,NA,NA
28200813,28201996,CHI,N
28203513,28205374,NA,NA
28203830,28204991,CHI,N
28207001,28208498,NA,NA
28207492,28207619,OCH,NA
28222034,28222704,NA,NA
28222074,28222666,CHI,N
28229813,28230414,NA,NA
28230010,28230265,CHI,N
28246992,28247512,OCH,NA
28252692,28256511,NA,NA
28252803,28254492,CHI,Y
28255404,28255958,FEM,NA
28255870,28256477,CHI,N
28258924,28272900,NA,NA
28259013,28260010,CHI,N
28259992,28260279,MAL,NA
28260011,28270001,FEM,NA
28271040,28271990,MAL,NA
28271285,28271493,FEM,NA
28271606,28271758,FEM,NA
28271904,28272511,FEM,NA
28272188,28272294,MAL,NA
28274258,28275697,NA,NA
28274471,28275590,CHI,N
28281012,28283656,NA,NA
28281113,28283141,CHI,N
28282510,28282637,OCH,NA
28283838,28283992,NA,NA
28284361,28284471,NA,NA
28284746,28286493,NA,NA
28284915,28286316,CHI,N
28292109,28297300,NA,NA
28292441,28295494,CHI,N
28295782,28296010,FEM,NA
28297492,28301444,NA,NA
28297536,28300781,CHI,N
28304146,28312492,NA,NA
28304191,28308511,CHI,N
28312727,28325550,NA,NA
28313493,28317011,FEM,NA
28315992,28316707,MAL,NA
28317129,28317335,MAL,NA
28317237,28317510,FEM,NA
28318012,28323512,CHI,N
28324666,28325000,FEM,NA
28327160,28327449,MAL,NA
28339492,28341122,NA,NA
28340010,28341011,CHI,N
28341471,28342232,NA,NA
28348495,28351102,NA,NA
28348512,28348706,CHI,N
28349470,28350186,CHI,N
28357511,28359492,FEM,NA
28357511,28360135,NA,NA
28361197,28361680,NA,NA
28361347,28361511,OCH,NA
28373492,28388350,NA,NA
28374992,28376011,CHI,N
28374992,28376151,OCH,NA
28377241,28378081,CHI,N
28377997,28379018,FEM,NA
28380154,28388170,CHI,Y
28380309,28380511,OCH,NA
28383230,28384511,FEM,NA
28395993,28396710,NA,NA
28396016,28396510,CHI,N
28401381,28402348,NA,NA
28401464,28402343,CHI,N
28404992,28406463,NA,NA
28405009,28406396,CHI,N
28408919,28412743,NA,NA
28409084,28409433,CHI,N
28409992,28412491,CHI,N
28414056,28418651,NA,NA
28414079,28418510,CHI,N
28424491,28429010,CHI,N
28424491,28429074,NA,NA
28435202,28436512,CHI,C
28435214,28436512,NA,NA
28441555,28442011,NA,NA
28441643,28441992,CHI,N
28449002,28449196,NA,NA
28449527,28449853,NA,NA
28460511,28462070,NA,NA
28460773,28461512,CHI,N
28461036,28461512,FEM,NA
28463680,28464053,CHI,N
28463746,28464055,NA,NA
28466011,28467493,NA,NA
28466137,28467224,CHI,N
28481968,28484492,NA,NA
28481993,28484094,CHI,C
28483495,28483942,OCH,NA
28493512,28495729,NA,NA
28493704,28495609,CHI,N
28499243,28500574,NA,NA
28499396,28500511,CHI,N
28499492,28499862,OCH,NA
28502957,28505012,NA,NA
28502992,28505130,OCH,NA
28514184,28514815,NA,NA
28514184,28515512,OCH,NA
28514985,28520992,NA,NA
28517267,28518492,CHI,N
28518492,28520512,FEM,NA
28525687,28527957,MAL,NA
28526710,28527417,NA,NA
28544992,28549992,NA,NA
28546688,28547620,MAL,NA
28548511,28549071,FEM,NA
28552492,28556012,NA,NA
28552724,28554491,FEM,NA
28554775,28555511,CHI,N
28558511,28561152,NA,NA
28558774,28559511,MAL,NA
28559009,28560087,FEM,NA
28560227,28560910,FEM,NA
28560563,28560862,CHI,N
28562153,28562492,NA,NA
28562159,28562431,OCH,NA
28564491,28566010,NA,NA
28568992,28571422,FEM,NA
28568992,28571835,NA,NA
28570389,28570511,MAL,NA
28574492,28575255,NA,NA
28574492,28575356,FEM,NA
28580501,28582011,NA,NA
28580511,28581993,FEM,NA
28588992,28590256,NA,NA
28589007,28589895,FEM,NA
28591842,28593123,NA,NA
28591874,28592630,CHI,N
28597717,28599197,NA,NA
28597720,28598493,OCH,NA
28599642,28603579,NA,NA
28600493,28600684,OCH,NA
28600582,28600833,FEM,NA
28600992,28603636,FEM,NA
28618010,28618182,NA,NA
28618491,28626250,NA,NA
28618817,28619492,FEM,NA
28619511,28621263,CHI,N
28621483,28623511,CHI,N
28623011,28625417,FEM,NA
28626490,28627658,NA,NA
28626974,28627492,FEM,NA
28628512,28629816,NA,NA
28628751,28629740,CHI,N
28638993,28644002,NA,NA
28639010,28642493,CHI,Y
28642332,28643701,FEM,NA
28644511,28651030,NA,NA
28644553,28649511,CHI,N
28650319,28650511,FEM,NA
28653492,28654997,NA,NA
28662010,28663593,FEM,NA
28662010,28663991,NA,NA
28665011,28668502,NA,NA
28665574,28665756,FEM,NA
28665993,28666492,FEM,NA
28666492,28667157,MAL,NA
28667334,28668622,MAL,NA
28669871,28670333,NA,NA
28672993,28673256,NA,NA
28675011,28676511,NA,NA
28675245,28676492,FEM,NA
28679010,28685591,NA,NA
28679493,28680011,CHI,N
28680011,28682350,FEM,NA
28682994,28685510,FEM,NA
28685774,28685889,NA,NA
28687510,28688617,NA,NA
28687510,28688793,FEM,NA
28691999,28694513,FEM,NA
28692004,28694512,NA,NA
28695509,28704993,NA,NA
28695980,28696316,FEM,NA
28697829,28704918,FEM,NA
28701557,28701915,MAL,NA
28706992,28712676,NA,NA
28707492,28708402,CHI,N
28708378,28712185,FEM,NA
28711518,28711969,CHI,N
28713334,28714993,NA,NA
28713511,28714508,FEM,NA
28713786,28713936,OCH,NA
28720492,28722510,NA,NA
28720511,28722511,FEM,NA
28730511,28730874,NA,NA
28730992,28732492,FEM,NA
28730992,28736546,NA,NA
28732060,28732399,OCH,NA
28734615,28735511,FEM,NA
28735766,28735992,FEM,NA
28735941,28736489,MAL,NA
28738511,28738720,NA,NA
28739603,28740992,NA,NA
28739627,28740992,FEM,NA
28744011,28746510,NA,NA
28744296,28746510,FEM,NA
28749492,28750012,NA,NA
28749511,28750012,FEM,NA
28751510,28753176,NA,NA
28752032,28752493,FEM,NA
28759511,28759776,NA,NA
28759511,28760993,FEM,NA
28759985,28761011,NA,NA
28761971,28766812,NA,NA
28761991,28766794,FEM,NA
28767705,28767992,NA,NA
28768325,28775993,NA,NA
28770012,28771261,CHI,N
28771154,28775992,FEM,NA
28777511,28780491,FEM,NA
28777511,28780491,NA,NA
28784012,28784493,NA,NA
28785301,28786992,NA,NA
28785377,28786017,CHI,N
28785993,28786952,FEM,NA
28788011,28788455,NA,NA
28795993,28796978,FEM,NA
28795993,28797011,NA,NA
28797388,28798458,NA,NA
28799375,28802492,NA,NA
28799422,28800510,FEM,NA
28804012,28804132,NA,NA
28815674,28816449,NA,NA
28822993,28825011,NA,NA
28823011,28823133,FEM,NA
28823403,28825011,FEM,NA
28828022,28828334,MAL,NA
28832011,28833128,NA,NA
28832207,28832337,CHI,N
28833467,28850011,NA,NA
28834766,28835588,OCH,NA
28836010,28840364,FEM,NA
28839009,28839357,OCH,NA
28839628,28840480,OCH,NA
28840902,28843011,OCH,NA
28842718,28842855,CHI,N
28843163,28843492,OCH,NA
28843493,28843800,FEM,NA
28844512,28846944,OCH,NA
28846493,28847740,FEM,NA
28847753,28849510,CHI,N
28854156,28858103,NA,NA
28854188,28858014,FEM,NA
28857511,28857692,MAL,NA
28866675,28869335,NA,NA
28866702,28869144,FEM,NA
28869819,28870492,NA,NA
28869863,28869991,OCH,NA
28870285,28870435,FEM,NA
28897189,28898250,CHI,N
28897216,28898239,NA,NA
28899059,28900011,NA,NA
28899177,28899305,FEM,NA
28899511,28900009,CHI,N
28901980,28902716,FEM,NA
28901985,28902709,NA,NA
28904492,28906031,FEM,NA
28904492,28906227,NA,NA
28904577,28904860,MAL,NA
28904965,28906140,MAL,NA
28906991,28909080,NA,NA
28907012,28908328,MAL,NA
28909801,28911492,NA,NA
28909848,28911510,MAL,NA
28909992,28911359,FEM,NA
28923630,28925795,NA,NA
28923713,28925812,CHI,N
28926043,28928492,NA,NA
28926123,28928349,FEM,NA
28929422,28930078,CHI,N
28929472,28930061,NA,NA
28933848,28935178,NA,NA
28933858,28935103,FEM,NA
28947697,28949992,NA,NA
28947699,28949030,CHI,N
28949010,28949975,FEM,NA
28949520,28949707,NA,J
28950347,28953992,NA,NA
28950359,28950992,CHI,N
28951169,28951496,OCH,NA
28951752,28952076,FEM,NA
28952348,28953774,FEM,NA
28961511,28964950,NA,NA
28961801,28962921,CHI,N
28963180,28964938,FEM,NA
28969446,28970992,NA,NA
28969483,28970813,FEM,NA
28971496,28973011,NA,NA
28971791,28972510,CHI,N
28974719,28975011,NA,NA
28977355,28979151,NA,NA
28977407,28978511,CHI,N
28990454,28991318,NA,NA
28990614,28990857,FEM,NA
28992202,28992359,NA,NA
29006556,29006993,NA,NA
29027492,29028348,NA,NA
29031785,29032462,NA,NA
29033512,29038623,NA,NA
29033677,29038274,FEM,NA
29038492,29039987,MAL,NA
29041573,29045287,NA,NA
29041671,29043397,CHI,C
29043443,29045158,FEM,NA
29055491,29057663,NA,NA
29056296,29057467,CHI,N
29060335,29061854,NA,NA
29060476,29061644,FEM,NA
29064493,29066511,NA,NA
29064592,29066357,FEM,NA
29067216,29068357,NA,NA
29067491,29068011,OCH,NA
29081012,29081373,NA,NA
29084900,29085756,NA,NA
29091170,29093922,NA,NA
29092973,29093511,FEM,NA
29097448,29098925,MAL,NA
29097725,29098992,NA,NA
29100992,29103964,NA,NA
29101106,29101317,FEM,NA
29101437,29102178,FEM,NA
29120011,29121992,OCH,NA
29120116,29122509,NA,NA
29123616,29130670,NA,NA
29123747,29123956,OCH,NA
29124070,29127992,FEM,NA
29127862,29128493,OCH,NA
29128996,29130511,FEM,NA
29130011,29130141,OCH,NA
29132204,29132801,NA,NA
29132279,29132512,CHI,N
29135035,29135649,OCH,NA
29135045,29135337,NA,NA
29135930,29136848,OCH,NA
29136059,29137183,NA,NA
29137884,29144992,NA,NA
29137992,29142817,FEM,NA
29139558,29141492,OCH,NA
29143000,29144510,FEM,NA
29147378,29150117,NA,NA
29148010,29150011,OCH,NA
29152011,29152659,NA,NA
29152864,29158436,NA,NA
29153491,29156491,FEM,NA
29156011,29156215,OCH,NA
29156882,29157646,MAL,NA
29160191,29163949,NA,NA
29160926,29163715,FEM,NA
29172820,29177486,NA,NA
29173655,29173903,FEM,NA
29174011,29174188,FEM,NA
29174347,29176991,FEM,NA
29179992,29181992,NA,NA
29180240,29181531,OCH,NA
29183915,29186134,NA,NA
29183947,29185557,OCH,NA
29184150,29184278,FEM,NA
29187511,29189214,OCH,NA
29187560,29189271,NA,NA
29189509,29196149,NA,NA
29189992,29191011,CHI,N
29190491,29191001,OCH,NA
29191511,29192378,FEM,NA
29194511,29194670,FEM,NA
29195216,29195434,MAL,NA
29197511,29205992,NA,NA
29197663,29201890,FEM,NA
29201167,29201361,MAL,NA
29202687,29202972,FEM,NA
29202782,29202974,MAL,NA
29203170,29203492,FEM,NA
29204012,29205605,MAL,NA
29205149,29205451,FEM,NA
29211015,29214010,OCH,NA
29211607,29217054,NA,NA
29214859,29216774,MAL,NA
29218354,29224512,NA,NA
29218700,29224011,MAL,NA
29226196,29228931,NA,NA
29226405,29227510,OCH,NA
29226992,29228732,FEM,NA
29230991,29232621,NA,NA
29231493,29232011,FEM,NA
29233222,29233323,NA,NA
29233226,29233332,MAL,NA
29233511,29233685,NA,NA
29233511,29236675,MAL,NA
29233786,29242510,NA,NA
29237011,29239087,FEM,NA
29237990,29238511,MAL,NA
29239832,29242478,FEM,NA
29253076,29254217,OCH,NA
29253113,29253243,NA,NA
29253356,29254308,NA,NA
29254510,29256012,NA,NA
29254628,29256010,FEM,NA
29256252,29263912,NA,NA
29256687,29263493,FEM,NA
29262014,29263131,MAL,NA
29264249,29265818,NA,NA
29264492,29265012,OCH,NA
29265011,29265600,CHI,N
29267015,29280463,NA,NA
29267107,29275492,OCH,NA
29267109,29267992,CHI,N
29273010,29274048,FEM,NA
29274510,29274716,CHI,N
29276147,29280283,FEM,NA
29282511,29288491,NA,NA
29282696,29284011,FEM,NA
29284357,29285358,CHI,C
29284431,29285265,OCH,NA
29286416,29287611,OCH,NA
29286630,29287011,FEM,NA
29290493,29295444,NA,NA
29290562,29291011,OCH,NA
29290682,29292511,CHI,N
29292011,29292456,OCH,NA
29292671,29295160,OCH,NA
29292821,29293491,FEM,NA
29294492,29295105,CHI,N
29295874,29297126,NA,NA
29296168,29296608,FEM,NA
29296257,29296703,OCH,NA
29301951,29303099,NA,NA
29302660,29302937,MAL,NA
29303492,29307083,NA,NA
29304781,29307012,FEM,NA
29310628,29311597,OCH,NA
29312202,29314387,OCH,NA
29312744,29314011,NA,NA
29316099,29319639,OCH,NA
29316511,29323102,NA,NA
29320993,29323011,FEM,NA
29323801,29325257,NA,NA
29324023,29324134,FEM,NA
29324680,29324788,MAL,NA
29327010,29342341,NA,NA
29327692,29327793,FEM,NA
29327992,29328414,FEM,NA
29328991,29330010,FEM,NA
29329992,29330544,MAL,NA
29330378,29330491,FEM,NA
29331992,29334380,FEM,NA
29333870,29334511,OCH,NA
29335066,29336492,FEM,NA
29335132,29336484,OCH,NA
29337744,29340010,FEM,NA
29341511,29341663,FEM,NA
29341945,29342207,FEM,NA
29342491,29344278,FEM,NA
29342491,29344346,NA,NA
29375323,29375478,MAL,NA
29376822,29382708,NA,NA
29376872,29382449,FEM,NA
29382868,29391122,NA,NA
29383439,29384011,OCH,NA
29384004,29388370,FEM,NA
29388992,29391012,FEM,NA
29400702,29402492,FEM,NA
29400702,29402511,NA,NA
29411056,29411966,NA,NA
29411265,29411737,CHI,N
29422084,29426912,NA,NA
29422163,29424527,OCH,NA
29425452,29426746,MAL,NA
29428468,29430493,OCH,NA
29428475,29438296,NA,NA
29431026,29432894,OCH,NA
29432690,29432806,FEM,NA
29433011,29433227,OCH,NA
29434609,29437992,FEM,NA
29441492,29443510,OCH,NA
29441492,29447012,NA,NA
29444011,29446510,FEM,NA
29451099,29458981,NA,NA
29451144,29452511,OCH,NA
29452675,29457903,FEM,NA
29454391,29454710,MAL,NA
29458456,29458910,MAL,NA
29460829,29461514,NA,NA
29460869,29461431,FEM,NA
29462493,29483820,NA,NA
29462640,29463799,FEM,NA
29463914,29464511,OCH,NA
29463990,29467012,CHI,Y
29467010,29467731,FEM,NA
29467992,29469492,FEM,NA
29469874,29470900,FEM,NA
29471818,29472655,FEM,NA
29473126,29476413,OCH,NA
29476297,29476424,FEM,NA
29476535,29479574,OCH,NA
29476599,29476702,FEM,NA
29477080,29477193,FEM,NA
29478261,29478595,FEM,NA
29480276,29481511,FEM,NA
29482864,29483492,FEM,NA
29483070,29483656,OCH,NA
29484208,29484895,OCH,NA
29484597,29484705,NA,NA
29486492,29488158,OCH,NA
29486649,29487724,NA,NA
29488455,29491012,OCH,NA
29488511,29507266,NA,NA
29491293,29499491,FEM,NA
29496113,29497353,MAL,NA
29499054,29501627,MAL,NA
29501511,29501612,FEM,NA
29501992,29504356,FEM,NA
29502505,29505959,MAL,NA
29505681,29507119,FEM,NA
29509512,29523245,NA,NA
29509512,29513012,OCH,NA
29514011,29516576,MAL,NA
29516010,29519010,FEM,NA
29520318,29520976,OCH,NA
29520492,29523092,FEM,NA
29524623,29529993,NA,NA
29524993,29529900,FEM,NA
29532511,29534492,FEM,NA
29532774,29534510,NA,NA
29534834,29537711,NA,NA
29536287,29537413,MAL,NA
29537372,29537510,FEM,NA
29553805,29561174,NA,NA
29553844,29554991,OCH,NA
29554511,29561011,FEM,NA
29566198,29566343,NA,NA
29566456,29569011,NA,NA
29566492,29568868,FEM,NA
29581011,29582992,OCH,NA
29582157,29582945,NA,NA
29583721,29584511,NA,NA
29583849,29584516,OCH,NA
29591366,29591982,OCH,NA
29591511,29592080,NA,NA
29593257,29596298,NA,NA
29593445,29594628,OCH,NA
29595610,29595748,CHI,N
29595827,29595984,OCH,NA
29595851,29595993,CHI,N
29597140,29597493,OCH,NA
29597275,29597376,NA,NA
29598580,29598992,OCH,NA
29598703,29598904,NA,NA
29600122,29600578,OCH,NA
29601011,29602690,NA,NA
29601074,29602011,OCH,NA
29602014,29602129,FEM,NA
29604511,29606511,FEM,NA
29604511,29610491,NA,NA
29607512,29607613,FEM,NA
29607992,29609992,FEM,NA
29610682,29612196,NA,NA
29611243,29611986,FEM,NA
29614493,29619512,OCH,NA
29614511,29629018,NA,NA
29614992,29615510,CHI,N
29618916,29621498,FEM,NA
29621735,29621843,CHI,N
29622012,29623492,FEM,NA
29624078,29627993,OCH,NA
29627981,29628204,MAL,NA
29628686,29628819,MAL,NA
29629830,29635011,NA,NA
29629837,29630333,MAL,NA
29630470,29630624,FEM,NA
29630937,29634310,FEM,NA
29632019,29632424,OCH,NA
29638892,29639015,NA,NA
29638980,29639992,OCH,NA
29639258,29639493,NA,NA
29640988,29660921,NA,NA
29641353,29643282,FEM,NA
29643600,29647164,OCH,NA
29647095,29647286,FEM,NA
29647274,29647510,OCH,NA
29647492,29649232,FEM,NA
29649380,29652991,OCH,NA
29650511,29650852,CHI,N
29651493,29651969,CHI,N
29652650,29656194,FEM,NA
29656010,29659547,OCH,NA
29657510,29658511,CHI,N
29670992,29673511,FEM,NA
29671010,29673511,NA,NA
29675999,29677044,NA,NA
29676210,29676580,CHI,N
29682992,29684357,CHI,N
29682992,29684511,NA,NA
29684699,29685264,NA,NA
29687114,29688511,NA,NA
29687288,29687404,FEM,NA
29687590,29687992,FEM,NA
29690012,29692029,OCH,NA
29690287,29692292,NA,NA
29691279,29691856,CHI,N
29692772,29711032,NA,NA
29693100,29694890,CHI,N
29693242,29697360,OCH,NA
29696070,29696335,CHI,N
29696461,29696947,CHI,N
29699011,29700488,OCH,NA
29699252,29699502,CHI,N
29700034,29701511,FEM,NA
29701492,29701811,CHI,N
29701991,29704330,CHI,N
29703102,29706155,OCH,NA
29705992,29711011,FEM,NA
29706716,29706991,OCH,NA
29708053,29708340,OCH,NA
29713210,29718993,NA,NA
29713380,29715498,FEM,NA
29715010,29717327,MAL,NA
29717012,29718845,FEM,NA
29723066,29727703,OCH,NA
29723492,29729027,NA,NA
29725468,29726286,CHI,C
29728213,29728491,OCH,NA
29729494,29741548,NA,NA
29729992,29730993,FEM,NA
29731202,29739901,CHI,Y
29734012,29734225,OCH,NA
29734361,29735397,OCH,NA
29739493,29741157,OCH,NA
29743492,29753593,NA,NA
29743673,29744993,OCH,NA
29745031,29746011,CHI,N
29745296,29745736,OCH,NA
29746448,29752180,FEM,NA
29752928,29753414,CHI,N
29755011,29761138,NA,NA
29755331,29757830,FEM,NA
29756511,29756795,MAL,NA
29756982,29757284,MAL,NA
29757429,29759719,MAL,NA
29758511,29760011,FEM,NA
29760242,29760934,MAL,NA
29763855,29765293,NA,NA
29763992,29765312,OCH,NA
29774949,29779714,NA,NA
29775011,29775819,CHI,N
29775038,29775683,OCH,NA
29777492,29777993,FEM,NA
29778513,29779612,CHI,N
29782294,29785596,OCH,NA
29782311,29806150,NA,NA
29786393,29788992,FEM,NA
29789264,29791085,MAL,NA
29789596,29789993,FEM,NA
29791992,29792856,CHI,N
29791997,29793011,OCH,NA
29792991,29796012,FEM,NA
29796491,29799491,OCH,NA
29799195,29802737,FEM,NA
29799824,29799935,OCH,NA
29803405,29804186,CHI,N
29804063,29805987,FEM,NA
29810003,29814510,NA,NA
29811147,29811257,MAL,NA
29811858,29811963,CHI,N
29813056,29813203,CHI,N
29822992,29823805,NA,NA
29826107,29827513,FEM,NA
29826107,29828134,NA,NA
29832997,29836492,NA,NA
29833118,29836510,OCH,NA
29833189,29833511,FEM,NA
29838151,29846313,NA,NA
29838225,29841511,CHI,N
29841011,29845010,FEM,NA
29846639,29848515,MAL,NA
29846826,29848345,NA,NA
29850058,29851011,NA,NA
29850265,29850834,CHI,N
29854610,29858621,NA,NA
29855010,29855331,OCH,NA
29855512,29857493,OCH,NA
29856018,29857012,CHI,N
29857294,29858153,MAL,NA
29861511,29865492,NA,NA
29862010,29865491,FEM,NA
29873510,29876492,FEM,NA
29873510,29876836,NA,NA
29877010,29877135,NA,NA
29877265,29879838,NA,NA
29878072,29878371,MAL,NA
29878492,29879572,FEM,NA
29878728,29878915,MAL,NA
29880853,29881511,MAL,NA
29881047,29881194,NA,NA
29881310,29891978,NA,NA
29881992,29884511,OCH,NA
29882277,29883207,CHI,N
29884164,29884351,FEM,NA
29884596,29884993,FEM,NA
29885698,29885825,FEM,NA
29886609,29887736,MAL,NA
29887871,29887993,CHI,N
29888723,29890491,MAL,NA
29890121,29891511,FEM,NA
29896857,29899562,NA,NA
29897139,29898076,OCH,NA
29898511,29899525,MAL,NA
29901493,29903511,NA,NA
29908258,29909733,MAL,NA
29908511,29909692,NA,NA
29912993,29915084,NA,NA
29913011,29914032,CHI,N
29913271,29913381,OCH,NA
29914010,29915011,FEM,NA
29918914,29924402,NA,NA
29919032,29920011,FEM,NA
29919512,29921984,MAL,NA
29921962,29922647,CHI,N
29922126,29922256,OCH,NA
29922877,29922992,FEM,NA
29923574,29924473,MAL,NA
29925011,29925872,NA,NA
29928511,29928665,NA,NA
29928992,29929232,NA,NA
29929399,29929510,NA,NA
29932011,29933467,MAL,NA
29934772,29937659,NA,NA
29934890,29937011,FEM,NA
29935659,29935924,CHI,N
29938982,29940511,NA,NA
29941194,29941376,MAL,NA
29941248,29941373,NA,NA
29944510,29946511,MAL,NA
29944991,29946036,NA,NA
29947011,29947932,MAL,NA
29953454,29954958,MAL,NA
29954215,29954942,NA,NA
29955493,29956619,NA,NA
29960493,29963186,NA,NA
29960774,29961491,OCH,NA
29962492,29962992,FEM,NA
29966488,29969806,NA,NA
29966792,29967030,OCH,NA
29967492,29967750,FEM,NA
29967810,29969634,CHI,N
29971510,29972845,OCH,NA
29971510,29974129,NA,NA
29972012,29972658,CHI,N
29972872,29974192,FEM,NA
29977803,29981514,NA,NA
29977953,29981638,OCH,NA
29982466,29987611,NA,NA
29982511,29984821,FEM,NA
29984298,29984747,MAL,NA
29985483,29985704,CHI,N
29985491,29985685,OCH,NA
29985829,29987493,OCH,NA
29985989,29986672,CHI,N
29988483,29990491,NA,NA
29988576,29989622,OCH,NA
29988750,29990218,FEM,NA
29996511,29996670,NA,NA
29999280,30002771,NA,NA
29999437,30001373,FEM,NA
29999492,30000511,OCH,NA
30001882,30002586,FEM,NA
30005043,30011493,NA,NA
30005492,30007303,FEM,NA
30008394,30009518,OCH,NA
30008637,30008753,FEM,NA
30009012,30010511,FEM,NA
30013478,30014625,NA,NA
30015007,30019752,NA,NA
30015492,30019296,CHI,N
30015654,30017512,OCH,NA
30019012,30019511,OCH,NA
30020384,30021862,NA,NA
30020468,30021511,OCH,NA
30022491,30053392,NA,NA
30022691,30023660,FEM,NA
30024246,30024440,FEM,NA
30024395,30034010,OCH,NA
30030991,30036528,CHI,Y
30034832,30035510,FEM,NA
30036221,30037510,FEM,NA
30036997,30038617,OCH,NA
30037510,30041749,CHI,Y
30040991,30042044,OCH,NA
30041493,30044767,FEM,NA
30045619,30047504,MAL,NA
30045801,30046442,FEM,NA
30047691,30050707,CHI,C
30047699,30048087,FEM,NA
30050718,30053197,FEM,NA
30054954,30055492,OCH,NA
30056493,30057963,NA,NA
30056572,30057510,FEM,NA
30057060,30057511,CHI,N
30058655,30064011,NA,NA
30058946,30062780,FEM,NA
30063066,30063512,FEM,NA
30066992,30068865,NA,NA
30067316,30068511,MAL,NA
30067421,30068511,FEM,NA
30073511,30074500,NA,NA
30073525,30074377,FEM,NA
30074628,30076113,MAL,NA
30075261,30102345,NA,NA
30076010,30078253,OCH,NA
30078100,30083458,FEM,NA
30081603,30081735,MAL,NA
30082371,30082901,MAL,NA
30084492,30088512,OCH,NA
30089229,30089973,CHI,N
30089492,30102012,FEM,NA
30095304,30096013,MAL,NA
30101120,30101290,MAL,NA
30110454,30114177,NA,NA
30110478,30112849,CHI,N
30113654,30113993,FEM,NA
30115331,30119492,NA,NA
30115410,30119450,CHI,C
30122992,30127002,CHI,Y
30122992,30130491,NA,NA
30126911,30128129,FEM,NA
30127899,30130010,CHI,C
30133510,30136073,CHI,C
30133510,30137492,NA,NA
30136096,30137421,FEM,NA
30141992,30143011,FEM,NA
30141992,30144012,NA,NA
30143011,30143448,CHI,N
30167993,30168992,CHI,N
30167993,30180992,NA,NA
30169010,30170922,FEM,NA
30170301,30170990,MAL,NA
30171255,30171488,MAL,NA
30171575,30178269,CHI,C
30175511,30176196,FEM,NA
30179253,30180336,CHI,N
30179311,30180511,OCH,NA
30186511,30189326,NA,NA
30186640,30188412,OCH,NA
30188012,30189112,CHI,N
30190605,30193492,NA,NA
30190786,30193430,FEM,NA
30196206,30197060,NA,NA
30196658,30196813,MAL,NA
30198945,30203189,NA,NA
30198992,30202011,FEM,NA
30201491,30203491,MAL,NA
30205011,30206223,NA,NA
30205155,30206011,CHI,N
30205254,30206010,OCH,NA
30209662,30218010,NA,NA
30210011,30210234,OCH,NA
30210597,30213238,OCH,NA
30212973,30217173,FEM,NA
30215806,30218010,MAL,NA
30221716,30223468,OCH,NA
30221993,30230587,NA,NA
30223776,30224016,OCH,NA
30225493,30229266,FEM,NA
30228049,30230953,MAL,NA
30230835,30245476,NA,NA
30230997,30235012,OCH,NA
30231492,30232012,CHI,N
30232941,30233422,CHI,N
30234296,30235341,CHI,N
30235231,30237649,FEM,NA
30238010,30238658,MAL,NA
30239161,30240084,CHI,N
30239220,30240054,OCH,NA
30240548,30242511,OCH,NA
30240685,30240817,CHI,N
30241011,30242476,CHI,N
30242511,30244492,FEM,NA
30243679,30245049,CHI,N
30246510,30248491,NA,NA
30246514,30248274,CHI,N
30250827,30253875,CHI,Y
30250827,30254013,NA,NA
30260080,30260288,NA,NA
30262992,30267201,FEM,NA
30262992,30272353,NA,NA
30267511,30269492,FEM,NA
30268947,30270344,CHI,N
30270002,30272010,OCH,NA
30270993,30271493,FEM,NA
30273991,30286992,FEM,NA
30273991,30287044,NA,NA
30286133,30286670,CHI,N
30288492,30290728,FEM,NA
30288511,30290936,NA,NA
30293217,30293548,FEM,NA
30293229,30293531,NA,NA
30294010,30298252,NA,NA
30294311,30295573,FEM,NA
30296238,30296344,FEM,NA
30296492,30297319,OCH,NA
30298511,30303511,NA,NA
30298727,30300492,OCH,NA
30299935,30300919,FEM,NA
30301302,30303114,CHI,C
30304171,30304493,NA,NA
30305011,30305743,NA,NA
30306420,30319010,NA,NA
30306454,30315642,CHI,Y
30315490,30316697,OCH,NA
30315968,30318012,CHI,N
30317684,30318975,FEM,NA
30323833,30328511,NA,NA
30323854,30325012,CHI,N
30324959,30326176,FEM,NA
30326522,30328314,CHI,N
30332294,30353027,NA,NA
30332762,30335511,OCH,NA
30332991,30333202,CHI,N
30335492,30337134,FEM,NA
30337073,30343992,CHI,C
30343511,30344993,FEM,NA
30345055,30346992,CHI,N
30345187,30346010,FEM,NA
30347161,30347492,FEM,NA
30347627,30347732,FEM,NA
30348012,30348395,FEM,NA
30348511,30350085,FEM,NA
30350992,30351993,OCH,NA
30352045,30353010,FEM,NA
30356961,30358087,NA,NA
30356993,30358011,CHI,N
30390032,30390494,NA,NA
30392142,30394722,NA,NA
30392184,30392992,FEM,NA
30393559,30394511,CHI,N
30399300,30401511,FEM,NA
30399386,30401991,NA,NA
30403050,30405492,NA,NA
30403433,30405149,FEM,NA
30406315,30407010,NA,NA
30406377,30407010,CHI,N
30416673,30417512,OCH,NA
30416739,30416860,NA,NA
30419822,30423492,NA,NA
30419918,30420495,CHI,N
30421011,30423492,FEM,NA
30427010,30428905,NA,NA
30427171,30427512,FEM,NA
30427247,30428810,OCH,NA
30427812,30427945,FEM,NA
30430011,30432512,NA,NA
30430087,30432512,FEM,NA
30438944,30441050,NA,NA
30438973,30439808,CHI,N
30439974,30440776,FEM,NA
30445001,30445487,MAL,NA
30445121,30445425,NA,NA
30448224,30453177,NA,NA
30448288,30449312,CHI,N
30450018,30450131,FEM,NA
30451012,30451137,OCH,NA
30452210,30452510,OCH,NA
30452492,30452875,CHI,N
30456825,30459491,NA,NA
30456905,30457906,CHI,N
30458555,30458992,FEM,NA
30472354,30473493,NA,NA
30472416,30473386,CHI,N
30477237,30478492,CHI,N
30477286,30478493,NA,NA
30490992,30492511,NA,NA
30491011,30492493,CHI,N
30498437,30499011,NA,NA
30499239,30500012,NA,NA
30508999,30509299,OCH,NA
30509069,30509815,NA,NA
30516608,30520629,NA,NA
30516627,30520758,OCH,NA
30521991,30527815,OCH,NA
30522511,30536492,NA,NA
30528362,30530011,FEM,NA
30529992,30533765,OCH,NA
30531511,30531626,FEM,NA
30532064,30532239,FEM,NA
30534347,30535228,CHI,N
30534511,30536511,OCH,NA
30539511,30539695,NA,NA
30541897,30542511,NA,NA
30541926,30542512,OCH,NA
30564734,30566523,NA,NA
30565011,30566317,CHI,N
30565024,30565213,OCH,NA
30565591,30566011,OCH,NA
30567370,30568695,NA,NA
30568037,30568245,FEM,NA
30577510,30578511,NA,NA
30577701,30578481,CHI,N
30580311,30581155,NA,NA
30580484,30581056,OCH,NA
30580492,30580629,MAL,NA
30588119,30591511,OCH,NA
30588450,30601493,NA,NA
30590511,30594512,CHI,N
30594993,30600493,FEM,NA
30597510,30598263,MAL,NA
30599119,30601547,MAL,NA
30602733,30607802,NA,NA
30602964,30603553,CHI,N
30603511,30605992,FEM,NA
30604993,30606557,MAL,NA
30606721,30607788,CHI,N
30608373,30611733,NA,NA
30608393,30609510,CHI,N
30610011,30611555,FEM,NA
30612684,30613028,NA,NA
30614259,30614787,NA,NA
30614934,30616949,NA,NA
30615786,30616697,CHI,N
30615887,30616010,OCH,NA
30616225,30616427,OCH,NA
30620962,30621637,NA,NA
30620984,30621526,FEM,NA
30623123,30626010,NA,NA
30623214,30623511,OCH,NA
30623567,30623759,FEM,NA
30623975,30625992,FEM,NA
30627167,30629992,NA,NA
30627501,30628316,OCH,NA
30627992,30628218,CHI,N
30628236,30629929,FEM,NA
30631993,30632511,OCH,NA
30632011,30632637,NA,NA
30632789,30632991,NA,NA
30635488,30641511,NA,NA
30635992,30636093,OCH,NA
30635992,30641011,FEM,NA
30639875,30641147,OCH,NA
30644511,30645739,OCH,NA
30644641,30644992,NA,NA
30646434,30655273,NA,NA
30646510,30646648,FEM,NA
30646870,30650993,OCH,NA
30646991,30648000,FEM,NA
30649656,30650161,CHI,N
30651264,30654511,OCH,NA
30653011,30655011,CHI,N
30654644,30654949,OCH,NA
30656986,30658498,OCH,NA
30656991,30658123,NA,NA
30658805,30659004,OCH,NA
30663866,30669492,NA,NA
30663939,30666124,OCH,NA
30664302,30664516,CHI,N
30664673,30664992,CHI,N
30665554,30666011,FEM,NA
30666593,30668491,OCH,NA
30666900,30667011,CHI,N
30667391,30668510,FEM,NA
30670512,30673511,NA,NA
30672051,30672181,FEM,NA
30672284,30672502,FEM,NA
30675107,30677993,OCH,NA
30675491,30679862,NA,NA
30676992,30678011,CHI,N
30678391,30678492,OCH,NA
30678510,30679052,FEM,NA
30681492,30687795,OCH,NA
30681914,30693281,NA,NA
30682493,30683057,CHI,N
30683197,30687993,CHI,Y
30690276,30691731,OCH,NA
30691008,30692277,FEM,NA
30693939,30708936,NA,NA
30693956,30698492,OCH,NA
30695492,30696012,CHI,N
30696713,30697084,CHI,N
30698902,30700492,CHI,N
30699258,30699366,OCH,NA
30699992,30700510,OCH,NA
30700917,30701022,OCH,NA
30701511,30704003,FEM,NA
30704498,30707512,OCH,NA
30706914,30708011,FEM,NA
30708124,30708269,FEM,NA
30715492,30715872,MAL,NA
30715492,30718936,NA,NA
30715991,30718450,MAL,NA
30720507,30722675,NA,NA
30720546,30720662,MAL,NA
30722171,30722539,OCH,NA
30722239,30722374,CHI,N
30725992,30731011,NA,NA
30726037,30727991,OCH,NA
30726376,30730510,CHI,N
30728300,30729498,OCH,NA
30729729,30731170,OCH,NA
30734675,30735158,NA,NA
30735813,30739541,NA,NA
30736206,30737478,FEM,NA
30737991,30738610,CHI,N
30738501,30739291,FEM,NA
30740320,30743992,OCH,NA
30740511,30746459,NA,NA
30744239,30746090,FEM,NA
30744443,30745624,OCH,NA
30747617,30748511,NA,NA
30747676,30748493,OCH,NA
30748871,30748993,NA,NA
30749439,30758513,NA,NA
30749529,30752580,FEM,NA
30749623,30749959,MAL,NA
30752992,30754086,OCH,NA
30755012,30756315,FEM,NA
30756626,30757991,FEM,NA
30761011,30763797,OCH,NA
30761297,30771992,NA,NA
30763051,30764129,FEM,NA
30764345,30772015,OCH,NA
30773508,30781178,NA,NA
30774347,30776995,FEM,NA
30777155,30778993,OCH,NA
30778993,30779749,FEM,NA
30779215,30780688,OCH,NA
30779713,30780511,CHI,N
30781600,30781991,NA,NA
30782511,30784897,NA,NA
30783011,30783686,FEM,NA
30784070,30784340,FEM,NA
30785414,30785932,OCH,NA
30785511,30785992,NA,NA
30786492,30800088,NA,NA
30786559,30790010,FEM,NA
30791492,30791603,CHI,N
30791991,30799011,CHI,Y
30796976,30798383,OCH,NA
30798993,30799816,FEM,NA
30800304,30810370,NA,NA
30800650,30804011,CHI,N
30804511,30807122,CHI,Y
30806492,30807493,OCH,NA
30807010,30810211,FEM,NA
30812294,30813064,NA,NA
30812513,30812996,FEM,NA
30815546,30819257,NA,NA
30815729,30816492,CHI,N
30816992,30818877,MAL,NA
30817047,30818991,FEM,NA
30827512,30830222,CHI,N
30827512,30830492,NA,NA
30831175,30831992,NA,NA
30832655,30832993,NA,NA
30832756,30833657,OCH,NA
30833335,30833492,NA,NA
30836565,30837434,NA,NA
30841012,30841302,NA,NA
30842319,30850991,NA,NA
30843011,30848293,FEM,NA
30844766,30844903,MAL,NA
30848511,30850909,OCH,NA
30849992,30850491,FEM,NA
30851221,30851471,NA,NA
30852335,30857286,NA,NA
30852492,30855724,FEM,NA
30856508,30857011,OCH,NA
30862492,30864841,FEM,NA
30862492,30867001,NA,NA
30865091,30866724,MAL,NA
30865163,30865565,FEM,NA
30869746,30872017,NA,NA
30869864,30871347,FEM,NA
30872492,30878992,NA,NA
30872514,30876993,FEM,NA
30877411,30878616,FEM,NA
30882011,30883651,OCH,NA
30882011,30883830,NA,NA
30883982,30889806,NA,NA
30884644,30885343,FEM,NA
30885206,30886512,CHI,C
30885492,30887510,OCH,NA
30888511,30889606,FEM,NA
30891291,30893043,NA,NA
30891662,30893010,FEM,NA
30897047,30897933,MAL,NA
30897718,30897821,NA,NA
30898225,30910326,NA,NA
30898260,30903270,OCH,NA
30901993,30904961,FEM,NA
30905147,30909536,FEM,NA
30907015,30907206,MAL,NA
30907354,30910304,MAL,NA
30913306,30931307,NA,NA
30913491,30915511,CHI,N
30913550,30915924,OCH,NA
30916345,30918512,FEM,NA
30918110,30922511,MAL,NA
30918659,30919758,FEM,NA
30922638,30922991,MAL,NA
30923102,30924682,MAL,NA
30925493,30930993,FEM,NA
30932511,30936154,FEM,NA
30932511,30936379,NA,NA
30935204,30935813,MAL,NA
30937511,30937946,NA,NA
30938873,30943012,NA,NA
30938993,30939492,FEM,NA
30939992,30941511,OCH,NA
30941102,30941510,CHI,N
30941666,30942010,OCH,NA
30945257,30948511,NA,NA
30945468,30948357,OCH,NA
30945566,30948386,CHI,N
30950232,30952512,NA,NA
30950384,30952444,FEM,NA
30958991,30962491,NA,NA
30959106,30962000,FEM,NA
30969493,30970460,CHI,N
30969493,30970511,NA,NA
30976992,30978992,NA,NA
30977235,30978666,FEM,NA
30979928,30982010,NA,NA
30979992,30982010,FEM,NA
30988511,30993511,NA,NA
30988764,30991513,FEM,NA
30992492,30993493,CHI,N
31004664,31005324,CHI,N
31004675,31005372,NA,NA
31006181,31008122,NA,NA
31006290,31006955,CHI,N
31006871,31007880,FEM,NA
31008493,31009654,NA,NA
31008687,31009492,FEM,NA
31009011,31009510,CHI,N
31014993,31015516,NA,NA
31014993,31015599,CHI,N
31026277,31029492,NA,NA
31026453,31027423,CHI,N
31027948,31028493,CHI,N
31028493,31029418,OCH,NA
31028792,31029165,CHI,N
31029985,31030550,NA,NA
31030098,31030290,CHI,N
31030106,31030465,OCH,NA
31034510,31034733,NA,NA
31038923,31046689,NA,NA
31039052,31040915,OCH,NA
31039320,31041321,FEM,NA
31041603,31043609,FEM,NA
31042523,31042805,MAL,NA
31043991,31046499,FEM,NA
31047371,31050903,NA,NA
31047487,31049492,FEM,NA
31049992,31050692,CHI,N
31051509,31051992,NA,NA
31051551,31051706,OCH,NA
31052492,31064225,NA,NA
31052600,31062511,FEM,NA
31060407,31060783,OCH,NA
31062250,31062549,CHI,N
31064988,31071264,NA,NA
31065329,31066510,OCH,NA
31065343,31065797,FEM,NA
31065992,31066812,CHI,N
31066991,31068228,CHI,C
31068731,31069494,OCH,NA
31069400,31071039,FEM,NA
31072655,31078666,NA,NA
31072663,31078497,FEM,NA
31074226,31075233,MAL,NA
31076261,31077376,MAL,NA
31083991,31087523,OCH,NA
31085011,31086012,NA,NA
31086592,31091010,NA,NA
31088249,31090510,FEM,NA
31089493,31090696,MAL,NA
31091477,31092510,OCH,NA
31091511,31092137,NA,NA
31093011,31098647,NA,NA
31093171,31093426,OCH,NA
31094493,31097600,FEM,NA
31094552,31094992,OCH,NA
31096992,31098982,MAL,NA
31099992,31104948,NA,NA
31100036,31104010,FEM,NA
31100262,31100510,OCH,NA
31103011,31105041,MAL,NA
31104199,31104481,FEM,NA
31109992,31115151,NA,NA
31109997,31111570,FEM,NA
31111511,31113992,OCH,NA
31111533,31112265,CHI,N
31114193,31114907,FEM,NA
31114241,31114788,OCH,NA
31118968,31119874,FEM,NA
31118970,31127996,NA,NA
31119992,31121317,CHI,N
31121150,31122716,FEM,NA
31123241,31124392,CHI,N
31123408,31124010,OCH,NA
31125011,31127669,FEM,NA
31127266,31127693,CHI,C
31131780,31136647,NA,NA
31131992,31133511,OCH,NA
31133511,31136511,FEM,NA
31144510,31146491,FEM,NA
31144510,31152991,NA,NA
31146491,31148425,CHI,N
31148483,31148989,MAL,NA
31149380,31150663,FEM,NA
31149492,31149664,OCH,NA
31150011,31152991,OCH,NA
31153997,31156992,NA,NA
31154045,31156561,CHI,Y
31155567,31155717,OCH,NA
31155945,31156377,OCH,NA
31157423,31161993,NA,NA
31157492,31158478,OCH,NA
31158992,31159510,MAL,NA
31159011,31159308,OCH,NA
31159475,31161492,OCH,NA
31160111,31161144,CHI,N
31172109,31177511,NA,NA
31172126,31172271,FEM,NA
31172992,31173873,OCH,NA
31174511,31176160,FEM,NA
31176471,31177509,CHI,N
31179511,31179919,NA,NA
31180231,31180541,NA,NA
31180969,31181271,NA,NA
31181502,31182012,NA,NA
31181507,31182012,OCH,NA
31183917,31192498,NA,NA
31184511,31186492,FEM,NA
31186510,31188010,OCH,NA
31188491,31190010,CHI,N
31189109,31189575,OCH,NA
31189933,31192366,OCH,NA
31190736,31190992,FEM,NA
31191203,31192194,CHI,N
31194199,31196621,NA,NA
31194298,31196510,OCH,NA
31195491,31196271,FEM,NA
31198395,31200511,CHI,N
31198414,31200582,NA,NA
31203892,31204970,NA,NA
31203915,31204874,CHI,N
31220306,31227262,NA,NA
31220316,31221511,CHI,N
31222069,31222386,OCH,NA
31223094,31224012,CHI,N
31224493,31225011,FEM,NA
31225411,31225993,OCH,NA
31225449,31227123,CHI,N
31229331,31248493,NA,NA
31229413,31230992,CHI,N
31230011,31232630,OCH,NA
31233112,31234902,FEM,NA
31235012,31238510,CHI,N
31238492,31239312,FEM,NA
31239176,31239773,MAL,NA
31239793,31240991,OCH,NA
31239817,31242996,CHI,N
31241390,31241690,OCH,NA
31241854,31243970,OCH,NA
31244010,31246492,FEM,NA
31246800,31248391,OCH,NA
31247168,31247536,FEM,NA
31249268,31249492,NA,NA
31249363,31249512,OCH,NA
31251511,31252686,NA,NA
31251992,31252510,OCH,NA
31251992,31252510,CHI,N
31254275,31269287,NA,NA
31254387,31259026,OCH,NA
31254971,31255341,FEM,NA
31257806,31258992,CHI,N
31259707,31260991,OCH,NA
31260389,31268666,FEM,NA
31267991,31268151,MAL,NA
31270209,31276986,NA,NA
31270484,31273068,FEM,NA
31270492,31271282,OCH,NA
31271992,31272819,MAL,NA
31273233,31273511,MAL,NA
31274492,31276493,FEM,NA
31278012,31279127,MAL,NA
31278049,31279622,NA,NA
31279346,31279560,MAL,NA
31280232,31289010,NA,NA
31280349,31283926,OCH,NA
31283992,31284270,MAL,NA
31285872,31285992,FEM,NA
31286512,31288912,FEM,NA
31289696,31291205,NA,NA
31289720,31291240,OCH,NA
31295012,31297511,NA,NA
31295492,31297473,FEM,NA
31299033,31306218,NA,NA
31300204,31301512,OCH,NA
31302011,31304078,FEM,NA
31303493,31304767,OCH,NA
31306406,31308213,NA,NA
31306635,31307011,OCH,NA
31307349,31308011,OCH,NA
31309757,31311620,NA,NA
31310012,31311311,FEM,NA
31311930,31313511,NA,NA
31312047,31313491,FEM,NA
31317261,31321615,NA,NA
31317492,31319011,OCH,NA
31317784,31317922,FEM,NA
31320122,31321219,MAL,NA
31322511,31330511,NA,NA
31322567,31323178,OCH,NA
31324023,31324231,MAL,NA
31324408,31325010,MAL,NA
31326978,31327545,FEM,NA
31327658,31327995,FEM,NA
31329504,31329607,FEM,NA
31336241,31338511,NA,NA
31336492,31339011,OCH,NA
31336544,31337352,CHI,N
31340010,31342205,NA,NA
31340083,31342012,FEM,NA
31342712,31345689,NA,NA
31343492,31345512,FEM,NA
31344708,31345586,MAL,NA
31347992,31353492,NA,NA
31348099,31349604,OCH,NA
31348392,31348515,CHI,N
31350993,31352854,FEM,NA
31352137,31352284,OCH,NA
31352867,31352978,OCH,NA
31354749,31364493,NA,NA
31354973,31356492,FEM,NA
31357010,31358495,OCH,NA
31358011,31364012,FEM,NA
31360011,31361455,OCH,NA
31364673,31385934,NA,NA
31364992,31365880,FEM,NA
31365822,31367511,OCH,NA
31367856,31368511,OCH,NA
31367947,31370993,FEM,NA
31370591,31372030,MAL,NA
31372512,31380511,FEM,NA
31378340,31378510,OCH,NA
31380306,31382512,MAL,NA
31382465,31385511,FEM,NA
31388531,31388669,NA,NA
31388889,31403373,NA,NA
31388997,31390011,CHI,N
31389167,31390271,OCH,NA
31390511,31390788,FEM,NA
31390991,31393993,FEM,NA
31393492,31396489,MAL,NA
31394297,31394417,FEM,NA
31394982,31397102,FEM,NA
31397993,31399829,OCH,NA
31397996,31398511,CHI,N
31398511,31398621,FEM,NA
31398894,31399367,CHI,N
31398992,31399993,FEM,NA
31400605,31402897,FEM,NA
31401547,31403022,MAL,NA
31405823,31407990,OCH,NA
31405884,31412492,NA,NA
31409012,31412136,FEM,NA
31412834,31415011,NA,NA
31412867,31414993,OCH,NA
31414134,31414892,CHI,N
31417492,31451139,NA,NA
31417701,31418059,OCH,NA
31417794,31418305,FEM,NA
31418503,31419521,FEM,NA
31419520,31419660,MAL,NA
31419900,31421574,MAL,NA
31421512,31429511,FEM,NA
31429011,31429907,MAL,NA
31430239,31432661,OCH,NA
31431512,31433024,CHI,N
31432806,31433012,OCH,NA
31433243,31433359,CHI,N
31433822,31433992,FEM,NA
31434380,31434491,OCH,NA
31435202,31437576,FEM,NA
31437305,31438490,MAL,NA
31437998,31440992,FEM,NA
31440921,31441326,MAL,NA
31441446,31442491,MAL,NA
31442865,31445862,CHI,Y
31445164,31445512,OCH,NA
31446510,31448846,CHI,N
31449065,31449433,OCH,NA
31449298,31449511,CHI,N
31450341,31451016,MAL,NA
31452251,31457040,NA,NA
31452393,31452992,CHI,N
31453550,31454080,MAL,NA
31454204,31454511,MAL,NA
31455319,31456932,FEM,NA
31457511,31458701,NA,NA
31457771,31458110,OCH,NA
31457803,31457992,FEM,NA
31459011,31467005,NA,NA
31459430,31460493,CHI,N
31459492,31461385,OCH,NA
31460493,31461992,FEM,NA
31461531,31463585,MAL,NA
31462169,31464179,FEM,NA
31464442,31466511,FEM,NA
31465513,31466510,MAL,NA
31469425,31477493,NA,NA
31469513,31471307,CHI,N
31471991,31477011,FEM,NA
31478137,31480275,NA,NA
31478504,31478676,FEM,NA
31478860,31480011,FEM,NA
31480631,31483363,NA,NA
31480701,31482702,FEM,NA
31484378,31492011,NA,NA
31484762,31485491,OCH,NA
31485491,31490597,FEM,NA
31490196,31492201,MAL,NA
31501364,31503510,NA,NA
31501568,31503129,FEM,NA
31501815,31502991,MAL,NA
31505011,31508891,NA,NA
31505011,31508992,OCH,NA
31505492,31505993,NA,J
31509587,31510353,NA,NA
31509754,31510125,OCH,NA
31510510,31510682,NA,NA
31511012,31524122,NA,NA
31511248,31511511,OCH,NA
31511700,31515011,CHI,N
31511752,31512240,OCH,NA
31514493,31518074,OCH,NA
31519493,31520990,MAL,NA
31520011,31521511,FEM,NA
31522016,31523511,OCH,NA
31523541,31523880,FEM,NA
31525045,31525170,NA,NA
31525278,31534215,NA,NA
31525350,31529491,FEM,NA
31528683,31528852,MAL,NA
31528970,31530435,MAL,NA
31530492,31533492,OCH,NA
31531962,31532510,CHI,N
31534328,31534492,NA,NA
31539491,31540779,NA,NA
31539822,31540511,OCH,NA
31539993,31540562,CHI,N
31543493,31547384,NA,NA
31543493,31547403,OCH,NA
31545475,31545715,CHI,N
31548511,31556876,NA,NA
31548857,31549303,OCH,NA
31549993,31553511,OCH,NA
31553695,31553992,OCH,NA
31554679,31556483,MAL,NA
31558992,31559434,NA,NA
31559909,31560992,NA,NA
31560011,31560936,OCH,NA
31561640,31563527,NA,NA
31561660,31562647,OCH,NA
31564520,31564662,NA,NA
31571034,31574350,NA,NA
31571137,31574333,OCH,NA
31574510,31577919,OCH,NA
31574510,31578064,NA,NA
31577011,31577990,CHI,N
31582180,31594492,NA,NA
31582379,31582619,FEM,NA
31582427,31585493,OCH,NA
31586492,31588492,FEM,NA
31588512,31589471,OCH,NA
31588669,31588770,FEM,NA
31589897,31590238,OCH,NA
31589992,31593858,FEM,NA
31593081,31593935,OCH,NA
31598378,31602202,NA,NA
31599011,31601988,MAL,NA
31602671,31603081,OCH,NA
31602847,31603137,NA,NA
31608011,31610011,OCH,NA
31608490,31618802,NA,NA
31610471,31612255,FEM,NA
31614612,31615010,OCH,NA
31615010,31617511,FEM,NA
31617493,31618511,MAL,NA
31618229,31618415,FEM,NA
31621836,31622477,NA,NA
31626464,31634422,NA,NA
31626511,31628992,OCH,NA
31626534,31627091,CHI,N
31627257,31627368,CHI,N
31627506,31630010,CHI,N
31629992,31632491,FEM,NA
31637387,31638205,NA,NA
31637447,31638011,CHI,C
31639992,31650601,NA,NA
31639992,31641492,FEM,NA
31640993,31643097,OCH,NA
31643992,31644704,OCH,NA
31644047,31644337,FEM,NA
31644272,31644881,CHI,N
31644685,31645517,MAL,NA
31646492,31650208,FEM,NA
31650723,31652000,NA,NA
31651032,31651626,MAL,NA
31657370,31677633,NA,NA
31657510,31659989,MAL,NA
31660662,31662253,MAL,NA
31662375,31664744,CHI,Y
31665047,31665882,OCH,NA
31667087,31669492,FEM,NA
31669010,31671011,OCH,NA
31669091,31670011,CHI,N
31670188,31670335,CHI,N
31671586,31671854,MAL,NA
31671984,31672330,OCH,NA
31672569,31675991,FEM,NA
31674011,31674895,MAL,NA
31675037,31676254,MAL,NA
31676493,31677443,OCH,NA
31677742,31678493,NA,NA
31678260,31678493,OCH,NA
31680011,31680151,NA,NA
31680467,31692106,NA,NA
31680528,31680705,OCH,NA
31681135,31683011,OCH,NA
31682411,31686127,CHI,N
31686370,31687069,CHI,N
31688012,31688395,FEM,NA
31689492,31690802,FEM,NA
31692819,31694493,NA,NA
31692929,31694159,FEM,NA
31695153,31705506,NA,NA
31695244,31697492,FEM,NA
31696552,31699998,MAL,NA
31700489,31702492,FEM,NA
31702511,31705012,CHI,N
31703461,31703726,OCH,NA
31703916,31704991,OCH,NA
31713491,31721486,CHI,Y
31713491,31721633,NA,NA
31725000,31728993,NA,NA
31725169,31728519,FEM,NA
31725596,31726575,OCH,NA
31728011,31728581,MAL,NA
31730010,31775021,NA,NA
31730309,31735215,CHI,C
31734506,31735011,OCH,NA
31735010,31738574,MAL,NA
31738265,31741011,CHI,C
31741492,31743142,FEM,NA
31742795,31745598,CHI,Y
31745601,31748495,MAL,NA
31748352,31750993,FEM,NA
31748861,31750365,MAL,NA
31750491,31750680,MAL,NA
31750814,31752154,MAL,NA
31752493,31753543,FEM,NA
31753991,31754992,FEM,NA
31754098,31754493,CHI,C
31755512,31755990,MAL,NA
31755981,31766018,CHI,N
31765492,31768383,OCH,NA
31766511,31767606,CHI,N
31767866,31768259,CHI,N
31768492,31773992,FEM,NA
31768770,31769511,OCH,NA
31773458,31774422,CHI,N
31775389,31779512,NA,NA
31775726,31777159,FEM,NA
31776587,31776876,MAL,NA
31777002,31777545,MAL,NA
31777340,31777657,FEM,NA
31777993,31778123,FEM,NA
31778063,31779209,MAL,NA
31780990,31782993,FEM,NA
31780990,31805255,NA,NA
31782491,31786985,CHI,Y
31786786,31788237,MAL,NA
31788511,31788879,CHI,N
31788992,31792492,CHI,N
31792579,31793006,FEM,NA
31793011,31795947,CHI,N
31795011,31798555,FEM,NA
31796678,31797026,OCH,NA
31798011,31803492,CHI,N
31803482,31805011,FEM,NA
31804134,31804873,MAL,NA
31807137,31848661,NA,NA
31807213,31815991,FEM,NA
31812922,31814164,MAL,NA
31815992,31818859,CHI,C
31818493,31819490,FEM,NA
31819014,31822129,CHI,C
31822138,31823054,FEM,NA
31822188,31822568,MAL,NA
31822727,31822983,MAL,NA
31823191,31837413,CHI,Y
31834291,31834661,OCH,NA
31834991,31836149,OCH,NA
31837587,31838643,MAL,NA
31840012,31841512,FEM,NA
31841721,31842708,OCH,NA
31841993,31845274,CHI,Y
31844718,31848511,FEM,NA
31849259,31862992,NA,NA
31849423,31855172,OCH,NA
31851296,31852492,CHI,N
31852992,31854177,CHI,N
31855591,31856244,FEM,NA
31855604,31855781,MAL,NA
31857028,31862511,FEM,NA
31861821,31861934,MAL,NA
31866510,31866631,NA,NA
31868011,31868321,NA,NA
31869163,31876223,NA,NA
31869492,31871588,FEM,NA
31871786,31874992,FEM,NA
31875682,31875903,FEM,NA
31882766,31885145,NA,NA
31883012,31884511,CHI,N
31884136,31884237,OCH,NA
31886011,31886510,NA,NA
31888011,31895316,NA,NA
31889012,31890772,CHI,N
31891006,31892049,OCH,NA
31891722,31892988,MAL,NA
31895512,31895799,NA,NA
31895903,31896094,NA,NA
31896592,31899012,NA,NA
31897112,31897286,FEM,NA
31897493,31898878,FEM,NA
31899511,31900091,NA,NA
31901010,31908011,NA,NA
31901011,31903011,FEM,NA
31903492,31904936,OCH,NA
31904992,31907744,FEM,NA
31907075,31907299,MAL,NA
31908992,31909650,NA,NA
31910394,31926802,NA,NA
31910492,31915808,FEM,NA
31916440,31926641,FEM,NA
31918992,31919255,MAL,NA
31920283,31920511,MAL,NA
31923079,31924486,MAL,NA
31929979,31935492,NA,NA
31929994,31931511,FEM,NA
31932011,31935011,MAL,NA
31935133,31935260,MAL,NA
31935620,31944491,NA,NA
31935992,31937664,FEM,NA
31937088,31937398,OCH,NA
31938881,31944011,FEM,NA
31944719,31948011,NA,NA
31944993,31948522,MAL,NA
31951157,31954254,NA,NA
31951294,31953493,OCH,NA
31951368,31951511,FEM,NA
31955948,31957263,NA,NA
31956164,31957011,OCH,NA
31958128,31958418,NA,NA
31960992,31961692,NA,NA
31965511,31968820,NA,NA
31967511,31968010,CHI,N
31969011,31970992,NA,NA
31969156,31970906,FEM,NA
31971989,31974002,NA,NA
31971993,31973993,OCH,NA
31974463,31974657,OCH,NA
31974529,31974750,NA,NA
31984505,31985011,NA,NA
31984625,31985337,OCH,NA
31987460,31995061,NA,NA
31987482,31989011,OCH,NA
31987980,31989310,CHI,N
31990012,31993539,FEM,NA
31992992,31993210,MAL,NA
31993910,31994825,FEM,NA
31996757,32002511,NA,NA
31996958,31998993,CHI,N
31998019,31999011,OCH,NA
31999492,32002511,FEM,NA
32014973,32016510,FEM,NA
32014975,32016593,NA,NA
32017513,32025011,NA,NA
32017589,32019847,FEM,NA
32020058,32021977,OCH,NA
32020491,32021510,CHI,N
32022068,32023443,FEM,NA
32022805,32024300,OCH,NA
32023991,32024612,CHI,Y
32026121,32033993,NA,NA
32026308,32029594,OCH,NA
32028980,32033494,CHI,N
32034992,32038991,NA,NA
32035426,32035698,CHI,N
32035696,32036012,FEM,NA
32035817,32035923,MAL,NA
32036226,32036974,OCH,NA
32036241,32038858,CHI,N
32037343,32038511,OCH,NA
32039511,32042992,NA,NA
32040073,32042511,FEM,NA
32042625,32042726,FEM,NA
32043992,32058493,NA,NA
32044170,32047511,CHI,N
32044511,32049277,OCH,NA
32047711,32049236,CHI,N
32049012,32057993,FEM,NA
32061334,32063000,CHI,N
32061336,32062998,NA,NA
32063465,32064327,NA,NA
32063469,32064384,CHI,N
32066493,32068503,NA,NA
32066511,32068387,FEM,NA
32067514,32067965,MAL,NA
32072397,32075492,NA,NA
32072559,32072665,CHI,N
32073460,32073801,FEM,NA
32073955,32074362,FEM,NA
32074523,32074693,FEM,NA
32075220,32075406,FEM,NA
32084748,32092119,NA,NA
32084826,32087992,OCH,NA
32088511,32091427,FEM,NA
32092556,32094011,NA,NA
32092831,32093012,FEM,NA
32095511,32106151,NA,NA
32096010,32097947,OCH,NA
32099107,32100012,CHI,N
32099139,32099282,OCH,NA
32099510,32101192,OCH,NA
32100089,32102511,FEM,NA
32101382,32101492,OCH,NA
32102853,32105897,CHI,Y
32106512,32106802,NA,NA
32107276,32109120,NA,NA
32107492,32108778,FEM,NA
32110980,32112992,NA,NA
32110992,32112524,FEM,NA
32115162,32117732,NA,NA
32115918,32117089,OCH,NA
32116728,32116853,CHI,N
32118368,32123711,NA,NA
32118847,32120011,FEM,NA
32119819,32122453,MAL,NA
32122275,32123490,FEM,NA
32122992,32123275,OCH,NA
32133905,32137963,CHI,C
32133905,32140954,NA,NA
32138011,32141293,OCH,NA
32142012,32143224,NA,NA
32143876,32145992,NA,NA
32143878,32144990,MAL,NA
32145010,32145407,OCH,NA
32145560,32145734,OCH,NA
32148993,32149099,OCH,NA
32148993,32151411,NA,NA
32151936,32153571,NA,NA
32152012,32153639,OCH,NA
32155491,32156600,NA,NA
32157066,32158242,NA,NA
32157172,32158004,CHI,C
32159001,32161510,NA,NA
32159153,32161510,FEM,NA
32163558,32170629,NA,NA
32163672,32165491,OCH,NA
32165011,32170492,FEM,NA
32168804,32170488,MAL,NA
32172984,32177010,NA,NA
32172992,32174529,OCH,NA
32174305,32176992,FEM,NA
32178986,32179757,OCH,NA
32179967,32182640,NA,NA
32182832,32186011,NA,NA
32183134,32184040,FEM,NA
32184245,32184473,FEM,NA
32184326,32186611,MAL,NA
32187389,32189493,OCH,NA
32187512,32191511,NA,NA
32188992,32189680,FEM,NA
32189992,32191992,MAL,NA
32193992,32196886,NA,NA
32194167,32195532,OCH,NA
32195753,32195890,OCH,NA
32196989,32200511,NA,NA
32197127,32200510,FEM,NA
32202492,32206090,MAL,NA
32202544,32216511,NA,NA
32206511,32209511,OCH,NA
32209510,32211076,FEM,NA
32212414,32213992,OCH,NA
32212492,32214011,CHI,N
32214186,32214328,MAL,NA
32214437,32214656,MAL,NA
32214481,32216300,FEM,NA
32218719,32221831,NA,NA
32218845,32218999,OCH,NA
32220973,32221511,FEM,NA
32224082,32224372,NA,NA
32225573,32234086,NA,NA
32225703,32227011,OCH,NA
32225950,32226512,CHI,N
32227406,32227511,OCH,NA
32227406,32229492,FEM,NA
32229642,32232786,FEM,NA
32232205,32232613,MAL,NA
32232892,32233511,MAL,NA
32232992,32233556,FEM,NA
32240302,32243436,NA,NA
32241684,32242126,FEM,NA
32243766,32247011,NA,NA
32243992,32245767,FEM,NA
32245511,32247251,MAL,NA
32249546,32253264,NA,NA
32249833,32252153,FEM,NA
32252322,32252891,FEM,NA
32254413,32256217,NA,NA
32254991,32255398,FEM,NA
32258405,32258992,NA,NA
32259813,32262098,NA,NA
32260066,32261693,FEM,NA
32260100,32260993,OCH,NA
32262710,32264492,NA,NA
32262924,32264011,OCH,NA
32265511,32272617,NA,NA
32265547,32272493,FEM,NA
32268566,32268814,MAL,NA
32271991,32272138,OCH,NA
32275486,32276041,NA,NA
32275493,32276011,OCH,NA
32277164,32277544,NA,NA
32277219,32277492,OCH,NA
32280780,32282012,NA,NA
32280969,32282012,OCH,NA
32286338,32286453,NA,NA
32286992,32287363,NA,NA
32291992,32294550,NA,NA
32292076,32294705,OCH,NA
32298492,32300294,NA,NA
32298492,32300424,OCH,NA
32303337,32305234,NA,NA
32303359,32304915,OCH,NA
32312503,32313968,OCH,NA
32312537,32317491,NA,NA
32314164,32314321,OCH,NA
32315497,32317350,OCH,NA
32318372,32319012,NA,NA
32322491,32324287,OCH,NA
32322491,32326141,NA,NA
32324992,32326011,FEM,NA
32361512,32361669,NA,NA
32361991,32364694,NA,NA
32361992,32364510,CHI,N
32366993,32378023,NA,NA
32367490,32370011,CHI,N
32367678,32371504,OCH,NA
32371993,32373169,FEM,NA
32373327,32374010,FEM,NA
32373638,32373754,MAL,NA
32374747,32376213,MAL,NA
32376512,32378512,OCH,NA
32379011,32393183,NA,NA
32379492,32380837,MAL,NA
32379723,32379868,FEM,NA
32379991,32381704,FEM,NA
32382492,32384902,OCH,NA
32384991,32385256,MAL,NA
32385643,32385744,MAL,NA
32385771,32385972,FEM,NA
32386512,32386770,MAL,NA
32387324,32388007,OCH,NA
32388748,32389492,MAL,NA
32389991,32390582,OCH,NA
32390275,32391681,CHI,N
32390697,32393011,OCH,NA
32394652,32405174,NA,NA
32394992,32395362,CHI,N
32394992,32396229,OCH,NA
32396610,32398993,FEM,NA
32397992,32398880,MAL,NA
32399492,32401510,OCH,NA
32402386,32403491,FEM,NA
32402579,32402702,MAL,NA
32404425,32404793,OCH,NA
32406011,32408492,OCH,NA
32406011,32408595,NA,NA
32417088,32418941,NA,NA
32417268,32418491,OCH,NA
32422467,32424347,NA,NA
32424992,32427010,NA,NA
32425267,32425766,MAL,NA
32425741,32426512,FEM,NA
32426637,32426812,FEM,NA
32435954,32437361,NA,NA
32436020,32437011,FEM,NA
32441946,32442586,NA,NA
32446354,32452014,NA,NA
32446492,32448011,FEM,NA
32449940,32450180,FEM,NA
32450652,32451901,FEM,NA
32453362,32458011,NA,NA
32453568,32454488,FEM,NA
32453965,32456012,OCH,NA
32455585,32456511,FEM,NA
32457495,32457603,OCH,NA
32463232,32465544,NA,NA
32463364,32465615,OCH,NA
32466012,32466719,NA,NA
32466123,32466479,OCH,NA
32468992,32472011,OCH,NA
32469181,32469993,NA,NA
32470661,32486365,NA,NA
32472714,32475873,FEM,NA
32472814,32473793,MAL,NA
32476511,32477010,FEM,NA
32476640,32477145,MAL,NA
32477510,32481511,OCH,NA
32481494,32482032,FEM,NA
32482180,32482658,MAL,NA
32482362,32484107,OCH,NA
32483491,32484016,CHI,N
32484726,32485916,FEM,NA
32484993,32485147,MAL,NA
32486889,32490060,NA,NA
32487166,32488190,OCH,NA
32487510,32489397,FEM,NA
32490438,32497991,NA,NA
32490956,32491493,MAL,NA
32491402,32492755,CHI,N
32492510,32494341,FEM,NA
32494679,32496345,OCH,NA
32495511,32497730,FEM,NA
32496660,32497099,OCH,NA
32500011,32504611,NA,NA
32500511,32500823,CHI,N
32500961,32503492,CHI,N
32510420,32513636,NA,NA
32510492,32512596,CHI,N
32510992,32512491,OCH,NA
32513059,32513179,FEM,NA
32515788,32530012,NA,NA
32515979,32516993,FEM,NA
32515992,32516701,OCH,NA
32517993,32522882,FEM,NA
32521564,32522831,OCH,NA
32523250,32524492,OCH,NA
32524511,32528576,FEM,NA
32528513,32528796,OCH,NA
32528993,32529428,OCH,NA
32531914,32532992,CHI,N
32531993,32573860,NA,NA
32534062,32534582,FEM,NA
32534765,32536096,FEM,NA
32535101,32535439,MAL,NA
32536331,32538510,FEM,NA
32538512,32538848,CHI,N
32538993,32563863,CHI,Y
32563323,32564492,FEM,NA
32564013,32570512,CHI,Y
32565505,32566445,FEM,NA
32570481,32570613,MAL,NA
32570566,32572493,FEM,NA
32571511,32573992,MAL,NA
32575492,32584515,NA,NA
32575559,32578011,FEM,NA
32576513,32576769,MAL,NA
32577491,32577957,OCH,NA
32578511,32580993,OCH,NA
32580191,32580836,CHI,N
32581099,32582407,FEM,NA
32581992,32584331,OCH,NA
32582814,32582971,CHI,N
32584825,32586767,NA,NA
32584854,32586992,OCH,NA
32588011,32588127,NA,NA
32588511,32590511,MAL,NA
32588511,32595820,NA,NA
32590011,32590359,FEM,NA
32591126,32592154,FEM,NA
32592323,32593992,MAL,NA
32594547,32595335,OCH,NA
32594557,32594842,CHI,N
32596007,32597993,NA,NA
32596428,32596961,OCH,NA
32600068,32600318,NA,NA
32600991,32614191,NA,NA
32601071,32602264,FEM,NA
32602613,32607492,CHI,Y
32603992,32606012,OCH,NA
32607510,32609967,FEM,NA
32608992,32609421,MAL,NA
32609539,32609809,OCH,NA
32610511,32612993,OCH,NA
32612139,32614015,FEM,NA
32614679,32621066,NA,NA
32615011,32615291,OCH,NA
32615295,32615550,MAL,NA
32616010,32620992,OCH,NA
32619512,32620535,CHI,N
32623813,32628076,NA,NA
32624505,32628012,FEM,NA
32632492,32634539,MAL,NA
32632492,32637695,NA,NA
32632991,32633492,FEM,NA
32633727,32634021,FEM,NA
32634870,32635407,FEM,NA
32635992,32637511,FEM,NA
32641800,32643327,MAL,NA
32641988,32648493,NA,NA
32643756,32644618,MAL,NA
32644510,32648381,FEM,NA
32650992,32652511,NA,NA
32651147,32652077,CHI,N
32683352,32686511,NA,NA
32683662,32684010,FEM,NA
32684511,32684614,FEM,NA
32684973,32686510,FEM,NA
32690567,32692012,FEM,NA
32690569,32692118,NA,NA
32706992,32709238,FEM,NA
32706992,32709338,NA,NA
32717010,32721249,FEM,NA
32717010,32721254,NA,NA
32725774,32728160,NA,NA
32725880,32726624,CHI,N
32726555,32728074,FEM,NA
32733376,32736530,CHI,N
32733379,32738337,NA,NA
32736558,32737343,FEM,NA
32736992,32738217,CHI,N
32783010,32785990,MAL,NA
32783511,32788493,NA,NA
32785493,32788250,FEM,NA
32788954,32794492,NA,NA
32789510,32789657,FEM,NA
32789632,32789991,CHI,N
32789858,32794095,FEM,NA
32795172,32796244,NA,NA
32798039,32798601,MAL,NA
32798134,32800993,NA,NA
32799011,32800992,FEM,NA
32807987,32810346,NA,NA
32807992,32810228,CHI,Y
32813993,32815853,CHI,N
32813993,32815908,NA,NA
32819347,32821941,CHI,N
32819369,32822055,NA,NA
32822450,32825455,NA,NA
32822594,32825194,CHI,N
32823129,32823677,OCH,NA
32830993,32832512,NA,NA
32831028,32832353,CHI,N
32831048,32832287,OCH,NA
32836492,32837493,CHI,N
32836492,32837511,NA,NA
32838308,32838924,NA,NA
32838347,32838890,CHI,N
32839167,32840228,NA,NA
32839288,32840122,CHI,N
32842490,32843725,CHI,N
32842491,32843876,NA,NA
32845026,32845196,OCH,NA
32845031,32845267,NA,NA
32845510,32845620,NA,NA
32846511,32864053,NA,NA
32846970,32847512,CHI,N
32846992,32848531,OCH,NA
32847992,32851492,FEM,NA
32848667,32848849,OCH,NA
32851013,32853990,MAL,NA
32853544,32857125,FEM,NA
32855223,32855483,MAL,NA
32855939,32856239,MAL,NA
32856511,32857419,CHI,C
32857903,32859818,FEM,NA
32857915,32858742,MAL,NA
32859905,32864412,MAL,NA
32864716,32865784,NA,NA
32866795,32868339,NA,NA
32866889,32868239,FEM,NA
32900555,32901993,NA,NA
32900580,32901800,FEM,NA
32903565,32904491,NA,NA
32907890,32908035,OCH,NA
32908012,32908350,NA,NA
32908572,32910992,NA,NA
32908788,32910477,OCH,NA
32909269,32909490,FEM,NA
32911164,32921512,NA,NA
32911313,32914879,OCH,NA
32912492,32914860,CHI,N
32915141,32921511,FEM,NA
32922966,32925307,OCH,NA
32922966,32928133,NA,NA
32924045,32925198,CHI,N
32925493,32926490,MAL,NA
32925560,32926858,FEM,NA
32926902,32929492,OCH,NA
32928279,32933011,NA,NA
32930439,32931109,MAL,NA
32931603,32932013,FEM,NA
32935543,32936429,NA,NA
32935586,32936123,FEM,NA
32938238,32943012,NA,NA
32938488,32939296,FEM,NA
32940316,32941416,OCH,NA
32942012,32943011,FEM,NA
32945511,32948010,NA,NA
32945992,32947794,FEM,NA
32969472,32970731,NA,NA
32969552,32970026,OCH,NA
32976492,32976764,OCH,NA
32976511,32977362,NA,NA
32976992,32977235,OCH,NA
32977916,32979511,NA,NA
32978011,32979304,CHI,N
32978154,32978883,OCH,NA
32981845,32983951,NA,NA
32981904,32982992,FEM,NA
32982429,32983836,MAL,NA
32983148,32983799,FEM,NA
32984511,32985783,NA,NA
32985012,32985447,FEM,NA
32987645,32991874,NA,NA
32987701,32988813,CHI,N
32989241,32991631,FEM,NA
32994343,32996012,OCH,NA
32994489,32998993,NA,NA
32996636,32997011,FEM,NA
32997014,32997161,CHI,N
32997269,32998843,CHI,N
32999479,33002117,NA,NA
33000492,33000980,MAL,NA
33002854,33004236,NA,NA
33006714,33006940,OCH,NA
33006805,33007586,NA,NA
33012989,33016764,NA,NA
33012993,33016992,FEM,NA
33019642,33020050,NA,NA
33020992,33023012,NA,NA
33021511,33021636,OCH,NA
33021864,33023609,OCH,NA
33024650,33027055,NA,NA
33024993,33025331,OCH,NA
33026493,33026615,FEM,NA
33028003,33031525,NA,NA
33029324,33030461,FEM,NA
33030150,33030315,OCH,NA
33030627,33031493,OCH,NA
33031790,33031992,NA,NA
33032991,33036992,NA,NA
33033012,33034483,FEM,NA
33034996,33035322,OCH,NA
33035469,33036011,OCH,NA
33040845,33041512,OCH,NA
33040965,33041424,NA,NA
33051611,33051759,NA,NA
33061066,33061196,NA,NA
33061719,33061876,NA,NA
33062686,33062877,NA,NA
33064055,33064158,NA,NA
33064991,33065852,NA,NA
33065012,33065113,OCH,NA
33065493,33065847,OCH,NA
33065985,33066160,NA,NA
33066328,33068491,NA,NA
33076991,33084161,NA,NA
33077249,33079098,FEM,NA
33079879,33082992,FEM,NA
33083269,33084006,FEM,NA
33085002,33086426,NA,NA
33085511,33089487,OCH,NA
33086657,33087317,NA,NA
33088976,33089511,NA,NA
33091089,33091293,NA,NA
33091492,33092511,FEM,NA
33091492,33092518,NA,NA
33095299,33097992,NA,NA
33095677,33097850,FEM,NA
33104973,33105491,OCH,NA
33104973,33105491,NA,NA
33111026,33111141,NA,NA
33111413,33113978,NA,NA
33111492,33113510,FEM,NA
33114683,33116646,NA,NA
33115281,33116012,MAL,NA
33117010,33117266,NA,NA
33117010,33117315,OCH,NA
33117405,33120510,NA,NA
33117469,33119011,OCH,NA
33120669,33120993,NA,NA
33128333,33132992,NA,NA
33129010,33132491,CHI,Y
33134665,33134795,OCH,NA
33134921,33137272,OCH,NA
33134982,33136511,NA,NA
33136643,33136916,NA,NA
33140991,33142425,OCH,NA
33141012,33142492,NA,NA
33144518,33146511,OCH,NA
33145946,33146511,NA,NA
33152826,33153511,NA,NA
33152841,33153963,OCH,NA
33162991,33165394,OCH,NA
33164065,33164267,NA,NA
33168012,33173992,NA,NA
33168673,33172549,CHI,N
33169993,33170511,FEM,NA
33172492,33175011,OCH,NA
33174314,33175023,NA,NA
33175619,33175911,NA,NA
33179320,33179423,OCH,NA
33184642,33185057,OCH,NA
33188511,33191491,NA,NA
33188992,33191010,FEM,NA
33193451,33196262,NA,NA
33193493,33194492,FEM,NA
33197064,33197314,NA,NA
33201131,33201511,NA,NA
33202254,33202904,NA,NA
33203679,33205012,NA,NA
33203687,33205012,FEM,NA
33205385,33205488,FEM,NA
33211011,33212012,NA,NA
33211291,33211807,FEM,NA
33214511,33216492,NA,NA
33216704,33216991,NA,NA
33220711,33220912,NA,NA
33221151,33221252,NA,NA
33221541,33222012,NA,NA
33225491,33225731,NA,NA
33225491,33226753,OCH,NA
33225849,33227887,NA,NA
33231492,33231622,OCH,NA
33239260,33239523,NA,NA
33240038,33240492,NA,NA
33243340,33244012,NA,NA
33245027,33245135,NA,NA
33250510,33260993,NA,NA
33250993,33251096,FEM,NA
33251992,33254511,FEM,NA
33254683,33258011,FEM,NA
33258684,33258841,FEM,NA
33259012,33260990,FEM,NA
33262613,33262802,NA,NA
33263492,33270492,NA,NA
33266012,33270492,FEM,NA
33270937,33276011,NA,NA
33271120,33274011,FEM,NA
33274699,33274817,FEM,NA
33275303,33275430,FEM,NA
33278580,33279307,OCH,NA
33278732,33279027,NA,NA
33282507,33286159,NA,NA
33284291,33285271,CHI,N
33300992,33301952,FEM,NA
33300992,33302011,NA,NA
33305791,33306668,NA,NA
33306142,33306501,CHI,N
33313704,33316512,NA,NA
33313746,33316196,FEM,NA
33314522,33314875,MAL,NA
33321068,33326485,NA,NA
33322138,33322275,MAL,NA
33322840,33325511,FEM,NA
33324512,33326378,MAL,NA
33325655,33325993,FEM,NA
33330196,33332926,MAL,NA
33330493,33353011,NA,NA
33334011,33335960,CHI,N
33334411,33334533,MAL,NA
33334640,33334821,MAL,NA
33335992,33341157,FEM,NA
33337492,33338508,NA,J
33341510,33344011,MAL,NA
33344414,33345992,MAL,NA
33344457,33345196,FEM,NA
33346607,33348492,FEM,NA
33348049,33348191,CHI,N
33348491,33349547,NA,J
33349487,33350992,FEM,NA
33351644,33352881,FEM,NA
33354408,33355623,MAL,NA
33354492,33356254,NA,NA
33355579,33356011,CHI,N
33357992,33361313,NA,NA
33358011,33360492,CHI,N
33359291,33360511,OCH,NA
33361816,33361991,NA,NA
33362807,33365730,NA,NA
33363011,33365563,MAL,NA
33364992,33365250,FEM,NA
33380213,33395510,NA,NA
33380331,33380993,OCH,NA
33380492,33381012,CHI,N
33380492,33384037,MAL,NA
33383794,33385323,FEM,NA
33385492,33387358,FEM,NA
33388492,33391511,FEM,NA
33390186,33395211,MAL,NA
33391702,33391864,FEM,NA
33393511,33395011,FEM,NA
33398065,33398463,NA,NA
33403511,33403622,NA,NA
33403798,33405811,OCH,NA
33403835,33404512,NA,NA
33405364,33405769,NA,NA
33408011,33408205,OCH,NA
33408011,33408246,NA,NA
33409355,33410506,NA,NA
33409370,33410492,OCH,NA
33412976,33414491,NA,NA
33412993,33414492,FEM,NA
33433992,33434799,NA,NA
33434058,33434520,CHI,N
33440845,33444078,NA,NA
33440992,33442492,CHI,N
33442863,33443587,CHI,N
33444323,33445629,NA,NA
33444492,33445511,CHI,N
33446350,33451421,NA,NA
33446493,33448179,OCH,NA
33448407,33448993,MAL,NA
33448628,33449467,CHI,N
33449993,33450388,OCH,NA
33450739,33450847,FEM,NA
33461011,33461526,OCH,NA
33506511,33507137,NA,NA
33512312,33513039,CHI,N
33512319,33513068,NA,NA
33514562,33514797,OCH,NA
33547041,33547348,NA,NA
33550509,33551640,OCH,NA
33550541,33551019,NA,NA
33553011,33556329,NA,NA
33556955,33557277,NA,NA
33562644,33563493,NA,NA
33569748,33570200,NA,NA
33572138,33574011,NA,NA
33572281,33573012,FEM,NA
33576647,33578932,NA,NA
33576992,33578511,FEM,NA
33579849,33580516,NA,NA
33583894,33585036,NA,NA
33583991,33584939,CHI,N
33587511,33590493,NA,NA
33588459,33590280,MAL,NA
33588538,33588649,CHI,N
33593765,33595788,NA,NA
33593955,33595658,CHI,N
33601510,33608491,NA,NA
33601949,33606011,MAL,NA
33601993,33602992,FEM,NA
33603422,33603653,FEM,NA
33604011,33607958,FEM,NA
33606569,33608474,MAL,NA
33614992,33615694,NA,NA
33617211,33617493,NA,NA
33618993,33620127,NA,NA
33618993,33620988,MAL,NA
33626991,33627939,CHI,N
33626991,33627992,NA,NA
33640993,33644012,NA,NA
33641195,33643925,FEM,NA
33641450,33642603,MAL,NA
33645485,33646713,MAL,NA
33645788,33646007,NA,NA
33648352,33649511,MAL,NA
33648478,33650491,NA,NA
33648991,33650172,FEM,NA
33654071,33657998,NA,NA
33654369,33657997,OCH,NA
33654531,33654992,FEM,NA
33658225,33658949,NA,NA
33672491,33675218,NA,NA
33672804,33673492,FEM,NA
33672956,33674993,MAL,NA
33673922,33675010,FEM,NA
33677058,33677746,NA,NA
33677144,33677662,CHI,N
33683374,33685991,NA,NA
33683492,33684511,FEM,NA
33683671,33686491,MAL,NA
33691474,33692011,MAL,NA
33694512,33695562,FEM,NA
33694512,33695670,NA,NA
33697176,33699390,OCH,NA
33697284,33706493,NA,NA
33700011,33703757,OCH,NA
33700492,33700992,CHI,N
33704373,33705544,MAL,NA
33704382,33705953,FEM,NA
33705592,33705811,CHI,N
33709164,33712168,NA,NA
33709215,33711464,CHI,Y
33710511,33712011,OCH,NA
33713022,33715066,NA,NA
33713027,33713992,FEM,NA
33714147,33715011,CHI,N
33724497,33724991,NA,NA
33729510,33730727,NA,NA
33729605,33730511,FEM,NA
33735773,33738011,NA,NA
33735975,33736237,FEM,NA
33735992,33736888,MAL,NA
33737224,33737511,FEM,NA
33739511,33742206,MAL,NA
33740315,33742536,NA,NA
33741510,33742259,FEM,NA
33743928,33744650,NA,NA
33743993,33744548,CHI,N
33749511,33749636,NA,NA
33749992,33751178,NA,NA
33750098,33751117,FEM,NA
33755037,33757123,NA,NA
33757575,33761490,NA,NA
33757768,33759012,FEM,NA
33758993,33761492,MAL,NA
33762812,33777227,NA,NA
33762845,33773510,FEM,NA
33765002,33765569,CHI,N
33766386,33767405,CHI,N
33769204,33769437,CHI,N
33769710,33770264,MAL,NA
33770387,33770505,MAL,NA
33772430,33773905,MAL,NA
33774081,33775014,OCH,NA
33774160,33774395,CHI,N
33774698,33776492,FEM,NA
33784555,33786237,NA,NA
33785267,33785512,FEM,NA
33785993,33787902,MAL,NA
33786352,33787489,NA,NA
33787896,33789663,NA,NA
33788603,33789300,FEM,NA
33790341,33791839,MAL,NA
33790400,33791839,NA,NA
33793441,33794804,MAL,NA
33796300,33799012,NA,NA
33796563,33796725,FEM,NA
33796978,33798860,FEM,NA
33801010,33804129,NA,NA
33801140,33801977,CHI,N
33801766,33802551,FEM,NA
33802880,33803511,CHI,N
33804802,33805607,NA,NA
33804992,33805098,CHI,N
33808943,33811992,NA,NA
33809051,33810420,CHI,N
33809083,33809221,MAL,NA
33810553,33811552,CHI,N
33812675,33815078,MAL,NA
33812836,33819512,NA,NA
33814992,33815991,CHI,N
33815691,33818889,MAL,NA
33817492,33817772,CHI,N
33818582,33819169,CHI,N
33820013,33827445,MAL,NA
33820511,33825968,NA,NA
33822146,33823992,FEM,NA
33824345,33824492,FEM,NA
33826262,33827058,NA,NA
33832011,33838493,FEM,NA
33832011,33839512,NA,NA
33837510,33839992,MAL,NA
33840977,33841519,MAL,NA
33841400,33841984,NA,NA
33842298,33850563,NA,NA
33842424,33844010,FEM,NA
33843447,33843845,OCH,NA
33844112,33846064,MAL,NA
33846010,33847991,FEM,NA
33849544,33849696,OCH,NA
33849908,33852011,OCH,NA
33851046,33851492,NA,NA
33851736,33852318,NA,NA
33852492,33854806,NA,NA
33853493,33853992,FEM,NA
33853609,33853720,MAL,NA
33853849,33854774,MAL,NA
33865277,33865456,OCH,NA
33865685,33865872,OCH,NA
33874011,33875493,OCH,NA
33874198,33875239,NA,NA
33876998,33878993,NA,NA
33877317,33878100,MAL,NA
33889685,33890993,NA,NA
33892673,33893986,MAL,NA
33892881,33894930,NA,NA
33893993,33894125,CHI,N
33894008,33894145,FEM,NA
33894134,33894480,OCH,NA
33894281,33894411,CHI,N
33900083,33901794,OCH,NA
33900208,33901872,NA,NA
33908519,33910927,MAL,NA
33909052,33909258,NA,NA
33909492,33912992,NA,NA
33910871,33912506,CHI,N
33911938,33912220,OCH,NA
33914192,33914501,NA,NA
33914992,33915319,OCH,NA
33922663,33923492,MAL,NA
33924498,33925910,NA,NA
33924562,33924770,OCH,NA
33924871,33925011,OCH,NA
33925269,33925541,OCH,NA
33926423,33927061,NA,NA
33926551,33926656,CHI,N
33932760,33934772,NA,NA
33932947,33933231,FEM,NA
33933372,33934577,FEM,NA
33945991,33952012,NA,NA
33946001,33950080,CHI,N
33950652,33951992,FEM,NA
33950816,33951012,MAL,NA
33954316,33955355,NA,NA
33954437,33955259,CHI,N
33957011,33958493,NA,NA
33957036,33958101,CHI,N
33960853,33962191,NA,NA
33961140,33961847,CHI,N
33961437,33961766,OCH,NA
33963756,33965992,NA,NA
33964010,33965952,OCH,NA
33964056,33964466,CHI,N
33964999,33965451,CHI,N
33967947,33968615,NA,NA
33967991,33968511,CHI,N
33969772,33969880,OCH,NA
33971429,33971873,NA,NA
33972986,33976827,NA,NA
33972990,33974026,CHI,N
33974006,33975947,MAL,NA
33975570,33976780,FEM,NA
33976115,33976447,MAL,NA
33980875,33981442,NA,NA
33980950,33981385,CHI,N
33985902,33986577,NA,NA
33989993,33992511,NA,NA
33990484,33992490,MAL,NA
33990492,33991256,FEM,NA
33991382,33991492,FEM,NA
33996608,33996913,NA,NA
33999785,34000060,MAL,NA
34002344,34005493,NA,NA
34002393,34005493,CHI,N
34009991,34010534,NA,NA
34021013,34026001,NA,NA
34021119,34024011,CHI,N
34024492,34025970,CHI,N
34026299,34027063,CHI,N
34026311,34027067,NA,NA
34028888,34029713,NA,NA
34028930,34029644,CHI,N
34037324,34038510,NA,NA
34037493,34037888,CHI,N
34042511,34042744,NA,NA
34044096,34044493,NA,NA
34044125,34044498,MAL,NA
34049617,34049990,MAL,NA
34064012,34065011,OCH,NA
34064098,34065225,NA,NA
34067532,34067731,NA,NA
34067535,34067711,MAL,NA
34070011,34072011,MAL,NA
34070011,34074819,NA,NA
34072415,34073206,FEM,NA
34073880,34075124,MAL,NA
34075510,34077950,NA,NA
34075915,34077491,FEM,NA
34080342,34081511,MAL,NA
34080544,34081346,NA,NA
34093180,34093686,MAL,NA
34093195,34093517,NA,NA
34093941,34095657,MAL,NA
34094237,34095639,NA,NA
34115970,34117074,OCH,NA
34115992,34117571,NA,NA
34116410,34117125,CHI,N
34118511,34125214,NA,NA
34118744,34120772,OCH,NA
34119014,34121010,CHI,N
34120896,34122511,MAL,NA
34122992,34124178,FEM,NA
34124058,34124871,CHI,N
34124375,34124532,FEM,NA
34124812,34125148,FEM,NA
34132492,34135489,MAL,NA
34132511,34134997,NA,NA
34136311,34138128,NA,NA
34136331,34137511,CHI,N
34137511,34137838,FEM,NA
34144492,34145451,MAL,NA
34144492,34150160,NA,NA
34145324,34149330,CHI,Y
34150511,34152887,NA,NA
34150530,34151993,CHI,N
34151851,34152484,MAL,NA
34158043,34158512,NA,NA
34158183,34158512,FEM,NA
34161510,34163992,OCH,NA
34161544,34164011,NA,NA
34173993,34175387,OCH,NA
34186038,34186288,OCH,NA
34209771,34210011,OCH,NA
34214488,34215992,NA,NA
34214493,34215992,OCH,NA
34217230,34217886,OCH,NA
34217284,34217682,NA,NA
34227510,34228215,NA,NA
34228492,34230493,NA,NA
34228607,34230490,MAL,NA
34235943,34238012,NA,NA
34236493,34236869,OCH,NA
34236864,34238590,MAL,NA
34240960,34247870,NA,NA
34241137,34241447,FEM,NA
34241358,34241993,CHI,C
34243612,34245956,OCH,NA
34246344,34247252,FEM,NA
34257188,34258881,MAL,NA
34257932,34258349,NA,NA
34269205,34271993,NA,NA
34269283,34271492,OCH,NA
34269934,34271512,CHI,N
34272511,34274511,NA,NA
34273414,34274379,CHI,N
34273483,34274482,OCH,NA
34277119,34278537,MAL,NA
34277131,34279227,NA,NA
34278812,34278945,MAL,NA
34280012,34282989,MAL,NA
34280958,34293010,NA,NA
34282992,34285508,OCH,NA
34285192,34287990,MAL,NA
34287140,34289869,FEM,NA
34288252,34293011,MAL,NA
34294511,34294639,OCH,NA
34294992,34295512,OCH,NA
34297393,34300991,MAL,NA
34297449,34300993,NA,NA
34297950,34299340,FEM,NA
34299820,34300120,FEM,NA
34312046,34312149,OCH,NA
34312471,34314012,OCH,NA
34312493,34314012,NA,NA
34316538,34324012,NA,NA
34316715,34324189,MAL,NA
34328289,34330010,NA,NA
34328485,34330011,OCH,NA
34330650,34330969,MAL,NA
34334513,34340510,MAL,NA
34335492,34341155,NA,NA
34340559,34340939,FEM,NA
34341368,34341800,NA,NA
34342000,34345491,NA,NA
34343801,34344942,OCH,NA
34343992,34344365,FEM,NA
34347341,34347839,NA,NA
34348006,34358703,NA,NA
34348550,34350521,FEM,NA
34349014,34349184,MAL,NA
34350092,34350354,MAL,NA
34350492,34355414,MAL,NA
34353998,34354702,FEM,NA
34356346,34358327,MAL,NA
34357492,34358423,FEM,NA
34359010,34370929,NA,NA
34359091,34361011,FEM,NA
34361116,34361691,OCH,NA
34362011,34365990,MAL,NA
34365981,34366563,OCH,NA
34365992,34366726,CHI,Y
34366651,34368188,MAL,NA
34368146,34369491,FEM,NA
34368621,34368894,MAL,NA
34372961,34373511,NA,NA
34372991,34373141,OCH,NA
34378096,34379085,NA,NA
34378177,34378963,FEM,NA
34380199,34380349,NA,NA
34380588,34382178,NA,NA
34383793,34395501,NA,NA
34384284,34386554,MAL,NA
34386481,34392116,CHI,Y
34391576,34395494,MAL,NA
34393624,34393767,CHI,N
34394492,34394689,FEM,NA
34396631,34414100,NA,NA
34396631,34399566,CHI,C
34399991,34411459,CHI,Y
34405511,34405992,FEM,NA
34411039,34412671,FEM,NA
34412011,34414708,MAL,NA
34417575,34420029,NA,NA
34418010,34419946,CHI,N
34420741,34421122,NA,NA
34420991,34422979,MAL,NA
34421458,34422644,NA,NA
34423164,34424732,NA,NA
34425110,34425240,NA,NA
34428512,34431511,MAL,NA
34429492,34429624,NA,NA
34429992,34431011,NA,NA
34436936,34439511,CHI,N
34436953,34444307,NA,NA
34441492,34444644,MAL,NA
34444511,34444644,NA,NA
34445171,34450308,NA,NA
34445242,34448998,FEM,NA
34449011,34449473,MAL,NA
34449648,34449753,MAL,NA
34449914,34451510,MAL,NA
34450415,34451011,NA,NA
34453011,34466420,NA,NA
34453073,34454492,FEM,NA
34454511,34457656,MAL,NA
34458492,34459543,MAL,NA
34459493,34460781,FEM,NA
34460108,34460248,MAL,NA
34460461,34463939,MAL,NA
34463492,34463961,FEM,NA
34464302,34464511,FEM,NA
34464860,34466402,MAL,NA
34467162,34467982,MAL,NA
34467346,34468154,NA,NA
34471430,34475510,MAL,NA
34471992,34475411,NA,NA
34477981,34480011,MAL,NA
34477993,34479760,NA,NA
34483460,34486012,NA,NA
34483963,34489105,MAL,NA
34484084,34484317,FEM,NA
34487822,34488818,NA,NA
34493163,34505980,NA,NA
34493492,34494010,NA,J
34493492,34494511,OCH,NA
34494010,34494120,FEM,NA
34494361,34496011,FEM,NA
34494744,34494884,OCH,NA
34496012,34498297,MAL,NA
34496191,34496493,FEM,NA
34498013,34499046,FEM,NA
34500511,34505896,MAL,NA
34508727,34510011,FEM,NA
34508773,34510709,NA,NA
34513493,34521917,NA,NA
34513764,34515426,OCH,NA
34515518,34515769,CHI,N
34515641,34515992,OCH,NA
34516849,34517991,FEM,NA
34518012,34519485,MAL,NA
34520197,34520762,FEM,NA
34524011,34530511,NA,NA
34525664,34530510,FEM,NA
34525681,34525990,MAL,NA
34536993,34537511,MAL,NA
34536993,34545959,NA,NA
34537897,34545366,CHI,Y
34540585,34542492,FEM,NA
34543010,34544645,FEM,NA
34548992,34551058,OCH,NA
34548992,34551211,NA,NA
34551600,34554303,NA,NA
34552616,34553161,FEM,NA
34552681,34553840,MAL,NA
34553377,34553897,FEM,NA
34556492,34562511,NA,NA
34556763,34562247,FEM,NA
34564502,34564635,NA,NA
34564968,34565181,MAL,NA
34570415,34585570,NA,NA
34570567,34571463,CHI,N
34571011,34572582,OCH,NA
34572835,34575511,MAL,NA
34575927,34579103,CHI,C
34578988,34580108,FEM,NA
34579774,34580010,OCH,NA
34580296,34580468,OCH,NA
34580390,34581303,FEM,NA
34582012,34586585,MAL,NA
34587219,34588110,NA,NA
34587305,34588078,FEM,NA
34588510,34588804,NA,NA
34588541,34588674,FEM,NA
34588947,34591510,NA,NA
34588991,34591073,FEM,NA
34592537,34592846,MAL,NA
34596069,34598491,MAL,NA
34596396,34601492,NA,NA
34598325,34599452,FEM,NA
34599928,34601054,CHI,N
34603082,34603232,NA,NA
34603457,34605347,NA,NA
34603637,34604037,OCH,NA
34605986,34607010,NA,NA
34605989,34606988,MAL,NA
34610993,34611492,FEM,NA
34611000,34611493,NA,NA
34613281,34613791,MAL,NA
34613465,34614996,NA,NA
34613992,34614512,FEM,NA
34615510,34616975,MAL,NA
34615541,34616511,NA,NA
34620011,34623891,NA,NA
34620620,34623398,CHI,N
34622559,34623587,FEM,NA
34624700,34627992,NA,NA
34625485,34626781,FEM,NA
34626515,34626653,MAL,NA
34626876,34628511,MAL,NA
34632011,34660990,NA,NA
34632254,34649386,CHI,C
34649232,34651589,OCH,NA
34649490,34649993,FEM,NA
34650492,34652021,CHI,Y
34652942,34654510,FEM,NA
34654596,34655492,CHI,N
34654704,34656771,OCH,NA
34657011,34658992,FEM,NA
34658980,34661054,MAL,NA
34662254,34668771,NA,NA
34662342,34664011,CHI,N
34664979,34667309,CHI,Y
34664990,34665511,OCH,NA
34666782,34666944,FEM,NA
34667165,34668512,FEM,NA
34669358,34678827,NA,NA
34669510,34670011,CHI,N
34670511,34673992,CHI,N
34673567,34675906,MAL,NA
34676225,34676508,OCH,NA
34676276,34676813,CHI,N
34676505,34678837,MAL,NA
34681316,34682426,MAL,NA
34681481,34685474,NA,NA
34682511,34683993,OCH,NA
34684048,34685148,FEM,NA
34686753,34688417,MAL,NA
34686993,34688512,NA,NA
34691907,34693011,MAL,NA
34692616,34692991,NA,NA
34693157,34693366,NA,NA
34693512,34693650,NA,NA
34696635,34699492,NA,NA
34696720,34697992,CHI,N
34696814,34698491,OCH,NA
34698512,34699671,MAL,NA
34703090,34705512,NA,NA
34703184,34705258,FEM,NA
34706485,34707390,NA,NA
34706492,34706895,MAL,NA
34708510,34709580,MAL,NA
34708512,34708679,NA,NA
34708994,34709276,NA,NA
34712130,34713652,NA,NA
34712398,34713510,OCH,NA
34714121,34715741,NA,NA
34714177,34715714,FEM,NA
34716492,34718672,MAL,NA
34717992,34718324,NA,NA
34720113,34720221,NA,NA
34720491,34722221,NA,NA
34720512,34722056,MAL,NA
34723605,34732321,NA,NA
34724492,34727992,MAL,NA
34728011,34730011,FEM,NA
34728991,34729205,MAL,NA
34729493,34732164,MAL,NA
34732581,34732821,NA,NA
34733011,34734906,MAL,NA
34733011,34737387,NA,NA
34734957,34736012,FEM,NA
34736438,34741011,MAL,NA
34737992,34740510,NA,NA
34742010,34744253,FEM,NA
34742049,34744833,NA,NA
34743511,34744812,MAL,NA
34744960,34746492,NA,NA
34745217,34746086,FEM,NA
34746214,34749511,MAL,NA
34746806,34756536,NA,NA
34748661,34748794,FEM,NA
34749493,34749717,FEM,NA
34750175,34750720,FEM,NA
34750510,34756421,MAL,NA
34758511,34760794,NA,NA
34758631,34758830,MAL,NA
34761677,34762015,NA,NA
34761842,34762011,FEM,NA
34764992,34772414,NA,NA
34765254,34767009,FEM,NA
34766511,34770492,MAL,NA
34771066,34771209,FEM,NA
34772492,34775882,MAL,NA
34772632,34778673,NA,NA
34775992,34776206,MAL,NA
34777013,34777761,MAL,NA
34777924,34778682,MAL,NA
34779918,34781182,MAL,NA
34780254,34780495,NA,NA
34780833,34781010,NA,NA
34782521,34783228,MAL,NA
34783511,34783803,NA,NA
34784605,34784725,NA,NA
34784993,34786998,NA,NA
34785195,34786511,FEM,NA
34793489,34794658,NA,NA
34793493,34794674,CHI,N
34801491,34802406,OCH,NA
34801491,34802446,NA,NA
34806306,34810288,NA,NA
34807193,34810894,MAL,NA
34807269,34807443,FEM,NA
34811056,34811206,MAL,NA
34812102,34820190,MAL,NA
34812563,34816510,NA,NA
34817151,34818155,NA,NA
34819463,34819998,NA,NA
34826072,34826492,MAL,NA
34826370,34826488,NA,NA
34826993,34833011,NA,NA
34827011,34832990,MAL,NA
34827519,34828295,FEM,NA
34833662,34833800,MAL,NA
34834011,34836988,MAL,NA
34834992,34835623,NA,NA
34835817,34836094,NA,NA
34837317,34839534,MAL,NA
34837800,34838512,NA,NA
34838713,34838990,NA,NA
34840103,34840495,MAL,NA
34840464,34844956,NA,NA
34842511,34843007,OCH,NA
34842774,34842992,FEM,NA
34843011,34844820,MAL,NA
34845137,34854072,NA,NA
34845297,34849033,OCH,NA
34845493,34848402,FEM,NA
34848509,34849290,FEM,NA
34849177,34849347,OCH,NA
34850220,34850372,FEM,NA
34850476,34850992,FEM,NA
34850660,34850805,MAL,NA
34850927,34854012,MAL,NA
34855437,34857697,MAL,NA
34855842,34857086,NA,NA
34860785,34862010,FEM,NA
34860810,34866526,NA,NA
34862493,34863907,OCH,NA
34862673,34862779,CHI,N
34863991,34865176,MAL,NA
34865274,34866447,FEM,NA
34866784,34867493,MAL,NA
34866794,34871325,NA,NA
34867511,34867725,FEM,NA
34867938,34871159,FEM,NA
34870510,34870920,OCH,NA
34872704,34874165,NA,NA
34872992,34874011,FEM,NA
34878052,34878290,NA,NA
34878833,34880337,NA,NA
34878857,34880345,OCH,NA
34887188,34892730,NA,NA
34888521,34890401,FEM,NA
34890365,34890797,MAL,NA
34890514,34890630,FEM,NA
34890812,34891511,FEM,NA
34892012,34892770,MAL,NA
34893492,34900225,NA,NA
34893563,34897993,FEM,NA
34898492,34900495,MAL,NA
34917985,34923711,NA,NA
34918012,34918511,OCH,NA
34919011,34919213,FEM,NA
34919492,34921100,FEM,NA
34921976,34923012,FEM,NA
34922536,34923108,MAL,NA
34924736,34926511,MAL,NA
34924750,34926530,NA,NA
34930992,34938746,NA,NA
34931010,34932144,OCH,NA
34931993,34932339,FEM,NA
34933061,34934014,FEM,NA
34934492,34938539,MAL,NA
34940492,34943010,MAL,NA
34940646,34952663,NA,NA
34943513,34947484,MAL,NA
34945805,34946576,FEM,NA
34947622,34950538,CHI,N
34950734,34950992,FEM,NA
34951088,34951199,MAL,NA
34951512,34951711,FEM,NA
34951893,34952511,FEM,NA
34953814,34957147,NA,NA
34954511,34954654,FEM,NA
34954943,34955059,MAL,NA
34957897,34958702,NA,NA
34963353,34966183,CHI,N
34963360,34970906,NA,NA
34965511,34966189,MAL,NA
34966755,34970044,CHI,C
34971632,34972511,NA,NA
34971723,34972018,CHI,N
34974038,34991846,NA,NA
34974492,34976429,CHI,Y
34976011,34977975,FEM,NA
34978011,34979309,CHI,C
34979008,34979133,FEM,NA
34979291,34981011,FEM,NA
34980066,34980547,MAL,NA
34981511,34990239,CHI,C
34985616,34985732,FEM,NA
34989175,34989415,MAL,NA
34989767,34989902,MAL,NA
34990993,34991938,OCH,NA
34995694,34996310,NA,NA
34995993,34996147,OCH,NA
34996511,34999012,NA,NA
34996992,34997788,OCH,NA
34997511,34997626,FEM,NA
34997992,34998875,FEM,NA
35016511,35017670,NA,NA
35016577,35017549,CHI,N
35022260,35023497,NA,NA
35022755,35022991,MAL,NA
35024010,35026894,NA,NA
35024250,35025403,OCH,NA
35024322,35025410,CHI,N
35025502,35026634,FEM,NA
35029900,35046567,NA,NA
35029987,35030851,OCH,NA
35029992,35032992,CHI,N
35032009,35034312,OCH,NA
35034965,35036899,FEM,NA
35036142,35040992,OCH,NA
35041744,35044677,FEM,NA
35044795,35045273,OCH,NA
35045185,35046545,FEM,NA
35055688,35060511,NA,NA
35056068,35059055,CHI,N
35058992,35059491,FEM,NA
35069325,35071492,CHI,N
35069326,35071810,NA,NA
35070941,35071672,OCH,NA
35072580,35075616,NA,NA
35072808,35074011,FEM,NA
35074942,35075452,CHI,N
35075955,35082767,NA,NA
35076173,35076362,CHI,N
35076491,35076629,CHI,N
35077290,35081011,CHI,N
35080945,35082462,FEM,NA
35083010,35084905,NA,NA
35083304,35084878,CHI,N
35097992,35099749,NA,NA
35098032,35099763,OCH,NA
35100010,35106728,NA,NA
35100069,35102246,OCH,NA
35102992,35104011,CHI,N
35104011,35105491,FEM,NA
35106850,35111511,NA,NA
35106929,35109011,FEM,NA
35108583,35110512,MAL,NA
35110992,35111373,CHI,N
35113981,35115512,MAL,NA
35114492,35115118,NA,NA
35115491,35115992,NA,NA
35115657,35115978,MAL,NA
35116251,35117493,NA,NA
35116303,35117493,FEM,NA
35119492,35120010,FEM,NA
35119492,35120089,NA,NA
35123510,35127010,CHI,C
35123510,35127492,NA,NA
35125912,35127071,FEM,NA
35129153,35133991,NA,NA
35129293,35131492,FEM,NA
35130605,35130742,MAL,NA
35130981,35134493,MAL,NA
35135826,35136494,NA,NA
35136011,35136399,FEM,NA
35137366,35145010,NA,NA
35137403,35139556,FEM,NA
35139081,35140973,MAL,NA
35140940,35143176,CHI,Y
35143532,35144933,MAL,NA
35143637,35144803,FEM,NA
35146992,35149493,FEM,NA
35146992,35151511,NA,NA
35148435,35151825,MAL,NA
35153492,35155038,FEM,NA
35153492,35155146,NA,NA
35157076,35159992,NA,NA
35157139,35158492,FEM,NA
35158050,35158317,MAL,NA
35158691,35159658,OCH,NA
35162249,35171832,NA,NA
35162551,35163491,MAL,NA
35162714,35162824,CHI,N
35164511,35167510,OCH,NA
35168054,35169682,MAL,NA
35169491,35170991,FEM,NA
35170870,35170990,MAL,NA
35172993,35174492,FEM,NA
35172993,35177102,NA,NA
35174960,35176855,OCH,NA
35178887,35180745,NA,NA
35178992,35179578,OCH,NA
35179934,35180602,OCH,NA
35180992,35183992,OCH,NA
35181010,35184837,NA,NA
35183012,35184512,FEM,NA
35186736,35188032,NA,NA
35186975,35187510,FEM,NA
35187976,35188491,MAL,NA
35188661,35188848,MAL,NA
35191511,35195242,FEM,NA
35191511,35195492,NA,NA
35197011,35199993,NA,NA
35197072,35198523,CHI,N
35198709,35199727,FEM,NA
35200398,35205624,NA,NA
35200492,35200991,CHI,N
35200789,35202990,MAL,NA
35202980,35204511,FEM,NA
35203118,35203405,MAL,NA
35204993,35205516,CHI,N
35210992,35213511,NA,NA
35211011,35213215,CHI,N
35220175,35226559,NA,NA
35220255,35226492,OCH,NA
35227492,35228491,OCH,NA
35227492,35229757,NA,NA
35228137,35229281,FEM,NA
35230265,35231161,NA,NA
35230287,35231016,FEM,NA
35231900,35234143,NA,NA
35231939,35233512,FEM,NA
35234492,35234872,MAL,NA
35235172,35235287,MAL,NA
35236011,35236907,NA,NA
35236277,35236883,FEM,NA
35238491,35242175,NA,NA
35238512,35241492,MAL,NA
35241492,35242012,FEM,NA
35242776,35247309,NA,NA
35242817,35247149,CHI,N
35249114,35249992,NA,NA
35249391,35249511,OCH,NA
35250211,35257992,NA,NA
35250491,35253574,CHI,C
35253492,35254040,FEM,NA
35253954,35257992,CHI,N
35262275,35263772,OCH,NA
35262397,35264095,NA,NA
35265011,35266493,NA,NA
35265346,35266332,CHI,N
35265724,35266011,OCH,NA
35267992,35270010,OCH,NA
35268011,35270011,NA,NA
35271992,35274012,NA,NA
35272493,35273511,CHI,N
35279348,35280011,OCH,NA
35279349,35280286,NA,NA
35282186,35283754,NA,NA
35283367,35283510,OCH,NA
35284869,35286359,MAL,NA
35284991,35293881,NA,NA
35287002,35290019,CHI,Y
35289511,35292491,OCH,NA
35290169,35290483,CHI,N
35292120,35292512,FEM,NA
35292564,35294032,MAL,NA
35294208,35294330,MAL,NA
35295991,35296366,NA,NA
35300841,35305021,NA,NA
35300932,35301043,FEM,NA
35301241,35301492,OCH,NA
35301322,35302011,FEM,NA
35302492,35304504,MAL,NA
35305181,35306511,MAL,NA
35305688,35306660,NA,NA
35307011,35314011,NA,NA
35307114,35309066,MAL,NA
35308373,35308493,FEM,NA
35308609,35311496,FEM,NA
35309231,35309342,MAL,NA
35313477,35314000,OCH,NA
35315457,35316493,FEM,NA
35315480,35316501,NA,NA
35318062,35319932,CHI,N
35318086,35325742,NA,NA
35320619,35321758,OCH,NA
35321144,35321277,CHI,N
35321414,35322992,CHI,N
35322991,35323988,MAL,NA
35323558,35325627,FEM,NA
35332848,35334638,NA,NA
35332985,35333955,CHI,N
35333012,35334602,OCH,NA
35335988,35336450,NA,NA
35335992,35336395,OCH,NA
35339856,35340011,OCH,NA
35339988,35348250,NA,NA
35340388,35340788,OCH,NA
35340874,35341993,FEM,NA
35342065,35342732,OCH,NA
35342489,35342766,CHI,N
35342890,35344142,FEM,NA
35344492,35345012,CHI,N
35345513,35346660,MAL,NA
35346979,35347868,FEM,NA
35348756,35349991,NA,NA
35348773,35349510,OCH,NA
35352312,35361733,NA,NA
35352492,35352605,OCH,NA
35352511,35352636,CHI,N
35353378,35356439,CHI,N
35353395,35353898,OCH,NA
35355992,35356335,OCH,NA
35357030,35357800,CHI,N
35357511,35358309,MAL,NA
35359511,35360471,FEM,NA
35360888,35361492,FEM,NA
35363380,35365285,FEM,NA
35363431,35365412,NA,NA
35367514,35369890,NA,NA
35367902,35369866,CHI,N
35371885,35377631,NA,NA
35371991,35373432,OCH,NA
35372022,35377587,FEM,NA
35378011,35380559,FEM,NA
35378011,35381567,NA,NA
35380535,35381546,CHI,N
35383745,35389035,NA,NA
35383797,35385812,CHI,C
35385512,35388617,MAL,NA
35387221,35387388,FEM,NA
35387515,35388713,FEM,NA
35389805,35390608,NA,NA
35389864,35390492,CHI,N
35390007,35390400,OCH,NA
35390856,35392792,NA,NA
35390891,35392314,OCH,NA
35393492,35396533,NA,NA
35393689,35397992,OCH,NA
35393824,35393993,CHI,N
35397184,35397992,NA,NA
35399081,35402982,NA,NA
35399113,35402571,FEM,NA
35404511,35406511,NA,NA
35404877,35406458,FEM,NA
35405407,35405638,MAL,NA
35409428,35416492,NA,NA
35409493,35411511,OCH,NA
35409601,35410011,CHI,N
35410331,35412479,FEM,NA
35412365,35413248,OCH,NA
35412623,35412920,FEM,NA
35413922,35416030,FEM,NA
35417993,35419881,NA,NA
35418139,35419832,FEM,NA
35421847,35426609,NA,NA
35421992,35424010,FEM,NA
35423806,35424231,OCH,NA
35424397,35425600,MAL,NA
35425655,35426293,CHI,N
35426093,35426267,OCH,NA
35428045,35430013,NA,NA
35428227,35429393,CHI,N
35428290,35429935,OCH,NA
35430335,35436472,NA,NA
35430492,35434527,OCH,NA
35432878,35434085,CHI,N
35434511,35435218,FEM,NA
35434992,35436323,MAL,NA
35438113,35441512,OCH,NA
35438320,35441298,NA,NA
35449291,35450587,NA,NA
35449488,35449993,CHI,N
35451743,35457884,NA,NA
35451992,35457991,OCH,NA
35452011,35453012,FEM,NA
35459633,35478511,NA,NA
35459682,35463857,CHI,C
35463999,35466868,CHI,N
35465528,35466677,OCH,NA
35467492,35468012,FEM,NA
35467492,35471512,CHI,N
35469838,35470164,FEM,NA
35470983,35471732,OCH,NA
35472992,35474165,OCH,NA
35474628,35475991,CHI,N
35475992,35476687,FEM,NA
35476010,35476170,OCH,NA
35476491,35478184,OCH,NA
35481395,35484178,NA,NA
35481416,35484013,CHI,N
35485511,35486478,NA,NA
35490342,35492257,NA,NA
35490356,35492082,CHI,N
35496492,35497179,NA,NA
35496492,35497383,CHI,N
35503491,35504011,NA,NA
35505123,35508402,OCH,NA
35505484,35508577,NA,NA
35507663,35507877,CHI,N
35507992,35508146,CHI,N
35509055,35510343,NA,NA
35509158,35510035,CHI,N
35509511,35509877,OCH,NA
35511362,35513271,NA,NA
35511374,35513028,OCH,NA
35513947,35514916,NA,NA
35514101,35514511,CHI,N
35514124,35514532,OCH,NA
35516045,35518421,NA,NA
35516102,35518432,OCH,NA
35522265,35523232,NA,NA
35522493,35522655,FEM,NA
35522665,35523011,OCH,NA
35525142,35525665,NA,NA
35527214,35527889,MAL,NA
35531482,35531983,NA,NA
35531521,35531688,CHI,N
35533991,35540235,NA,NA
35534492,35536056,MAL,NA
35536511,35538894,FEM,NA
35538460,35540011,OCH,NA
35540365,35541055,NA,NA
35542565,35546203,NA,NA
35542670,35543510,CHI,N
35543492,35545963,FEM,NA
35546511,35551089,NA,NA
35546583,35548905,FEM,NA
35548011,35550098,MAL,NA
35550254,35550993,FEM,NA
35555011,35559010,NA,NA
35555360,35556062,CHI,N
35556992,35558931,FEM,NA
35560979,35567491,NA,NA
35560991,35562010,CHI,N
35562316,35567011,FEM,NA
35563826,35564172,MAL,NA
35564295,35564486,MAL,NA
35567866,35569331,MAL,NA
35568072,35569247,NA,NA
35569992,35572641,NA,NA
35570333,35571511,CHI,N
35571675,35572493,MAL,NA
35573236,35578783,NA,NA
35573492,35575125,CHI,N
35573600,35573991,OCH,NA
35575813,35578526,FEM,NA
35576187,35576342,OCH,NA
35576493,35577019,OCH,NA
35579723,35581505,OCH,NA
35579960,35582891,NA,NA
35581992,35582707,FEM,NA
35584940,35586648,NA,NA
35584993,35586517,FEM,NA
35588825,35590241,MAL,NA
35588992,35591243,NA,NA
35590188,35590291,FEM,NA
35591893,35596098,NA,NA
35591992,35594856,OCH,NA
35596687,35600511,NA,NA
35596923,35598136,OCH,NA
35598012,35598511,CHI,N
35598148,35600510,FEM,NA
35602440,35608885,NA,NA
35602583,35602767,CHI,N
35603493,35606011,OCH,NA
35603963,35604491,FEM,NA
35604993,35605518,CHI,N
35606993,35608333,FEM,NA
35610492,35616008,NA,NA
35611468,35613815,FEM,NA
35611836,35614992,OCH,NA
35614011,35615525,FEM,NA
35623063,35630284,NA,NA
35623171,35629992,OCH,NA
35628010,35628234,CHI,N
35628390,35629104,CHI,N
35630526,35644716,NA,NA
35630776,35632725,FEM,NA
35631183,35632295,CHI,N
35633797,35643627,CHI,C
35643318,35644012,FEM,NA
35643799,35644617,CHI,N
35649492,35651011,FEM,NA
35649492,35651195,NA,NA
35652481,35653767,NA,NA
35652670,35652977,MAL,NA
35653012,35653134,FEM,NA
35653178,35653492,CHI,N
35655795,35655969,MAL,NA
35656856,35658344,NA,NA
35656900,35658010,CHI,N
35659011,35659510,NA,NA
35661490,35662751,CHI,N
35661492,35662778,NA,NA
35663728,35675512,NA,NA
35664011,35667531,CHI,N
35665993,35666992,FEM,NA
35668033,35669248,CHI,N
35669012,35671992,OCH,NA
35671296,35675471,CHI,N
35676042,35676995,NA,NA
35677122,35680332,NA,NA
35682405,35683227,NA,NA
35682409,35683011,FEM,NA
35684012,35684262,FEM,NA
35684012,35685295,NA,NA
35684493,35684991,FEM,NA
35687491,35696651,NA,NA
35687522,35696493,CHI,C
35698492,35703382,NA,NA
35698521,35699512,FEM,NA
35699010,35702992,CHI,N
35704010,35705512,NA,NA
35704439,35705511,CHI,N
35709707,35715202,NA,NA
35709795,35715011,CHI,N
35713231,35713493,FEM,NA
35715747,35715992,NA,NA
35716692,35724075,NA,NA
35716793,35722011,CHI,C
35722011,35724512,MAL,NA
35726144,35728495,NA,NA
35726184,35727090,CHI,N
35727121,35728012,MAL,NA
35729993,35732011,MAL,NA
35730512,35731292,NA,NA
35735408,35736503,CHI,N
35735448,35736801,NA,NA
35736074,35736692,MAL,NA
35738817,35739961,NA,NA
35738992,35739726,CHI,N
35741095,35745012,NA,NA
35741491,35744664,OCH,NA
35744158,35744598,FEM,NA
35757993,35759492,NA,NA
35758073,35758863,CHI,N
35758078,35759492,OCH,NA
35761993,35763394,NA,NA
35762084,35762185,OCH,NA
35762084,35762994,CHI,N
35763989,35765572,MAL,NA
35764011,35765992,NA,NA
35766266,35769474,NA,NA
35768154,35768319,FEM,NA
35772492,35779492,NA,NA
35773863,35775863,OCH,NA
35773993,35776138,CHI,N
35776028,35776531,FEM,NA
35776416,35777361,CHI,N
35776558,35777319,OCH,NA
35778216,35779377,CHI,N
35780155,35780493,NA,NA
35781492,35789442,NA,NA
35783210,35785991,MAL,NA
35786659,35788050,MAL,NA
35788011,35789012,FEM,NA
35791283,35792992,NA,NA
35791330,35792749,FEM,NA
35795010,35808588,NA,NA
35795260,35796510,FEM,NA
35796494,35798188,OCH,NA
35796917,35798348,CHI,N
35798402,35803492,FEM,NA
35800424,35800991,MAL,NA
35802871,35805973,MAL,NA
35806166,35806490,MAL,NA
35806425,35806612,FEM,NA
35807027,35808220,CHI,N
35807665,35807866,OCH,NA
35809356,35826808,NA,NA
35809398,35814012,CHI,N
35814702,35815871,FEM,NA
35815532,35816511,MAL,NA
35817716,35819012,CHI,N
35817802,35817993,FEM,NA
35817950,35819400,OCH,NA
35820034,35820510,OCH,NA
35821467,35823492,FEM,NA
35821475,35821991,CHI,N
35823011,35823738,NA,J
35823492,35823705,OCH,NA
35824256,35824703,OCH,NA
35825011,35827368,MAL,NA
35827976,35853597,NA,NA
35828065,35828198,FEM,NA
35829079,35829511,MAL,NA
35829754,35834099,FEM,NA
35834177,35834363,MAL,NA
35834516,35834855,OCH,NA
35835011,35837714,OCH,NA
35835149,35835432,MAL,NA
35836493,35837683,CHI,N
35838816,35839992,FEM,NA
35839992,35843311,MAL,NA
35841511,35846012,FEM,NA
35846992,35852011,CHI,C
35848111,35848592,FEM,NA
35852775,35853555,FEM,NA
35854655,35855713,NA,NA
35856466,35857853,NA,NA
35856511,35857510,FEM,NA
35857011,35857112,CHI,N
35859382,35868317,NA,NA
35859395,35860676,CHI,N
35860922,35861992,FEM,NA
35861873,35862992,OCH,NA
35862013,35866237,CHI,Y
35865511,35868236,OCH,NA
35868511,35910992,NA,NA
35869011,35871603,FEM,NA
35871992,35874510,MAL,NA
35873493,35873967,CHI,N
35874811,35877040,FEM,NA
35874844,35875011,MAL,NA
35877387,35878275,CHI,N
35878834,35881512,CHI,N
35879993,35881343,OCH,NA
35881799,35884145,CHI,N
35883010,35884252,OCH,NA
35884466,35884658,OCH,NA
35884492,35884838,CHI,N
35884991,35887510,CHI,N
35885531,35885794,OCH,NA
35886216,35886336,OCH,NA
35886993,35888940,FEM,NA
35888108,35889414,MAL,NA
35889168,35893010,CHI,Y
35890869,35890974,FEM,NA
35892492,35893169,OCH,NA
35893150,35893493,FEM,NA
35895086,35901164,CHI,N
35901026,35902128,FEM,NA
35902103,35904120,CHI,N
35904668,35906629,FEM,NA
35906011,35907425,MAL,NA
35907492,35910511,FEM,NA
35909344,35910478,MAL,NA
35912131,35912598,NA,NA
35912197,35912511,CHI,N
35916591,35916915,NA,NA
35918011,35921195,NA,NA
35918254,35919511,CHI,N
35918492,35918752,OCH,NA
35918873,35919511,OCH,NA
35919511,35920682,FEM,NA
35921767,35927555,NA,NA
35921991,35923491,FEM,NA
35922493,35926992,MAL,NA
35927098,35927270,CHI,N
35927116,35927271,OCH,NA
35931492,35948536,NA,NA
35931521,35940325,CHI,C
35932292,35932403,OCH,NA
35940323,35941011,FEM,NA
35940416,35944274,MAL,NA
35944126,35945491,CHI,N
35945657,35946511,CHI,N
35945853,35946511,OCH,NA
35946826,35948478,MAL,NA
35947429,35948170,FEM,NA
35949427,35949572,MAL,NA
35949992,35950993,MAL,NA
35950303,35952654,NA,NA
35951214,35952589,CHI,C
35953715,35961125,NA,NA
35953740,35954774,FEM,NA
35954899,35957636,FEM,NA
35955001,35956493,MAL,NA
35958610,35959427,FEM,NA
35959226,35961011,MAL,NA
35960176,35960328,FEM,NA
35965988,35968042,MAL,NA
35966492,35968159,NA,NA
35967512,35967752,FEM,NA
35969037,35980564,NA,NA
35969122,35970162,CHI,C
35970279,35971470,FEM,NA
35970328,35971221,MAL,NA
35972092,35974338,CHI,C
35975492,35978443,CHI,N
35978435,35981447,MAL,NA
35981548,35981767,MAL,NA
35981869,35981987,MAL,NA
35984491,35987407,NA,NA
35984532,35986182,CHI,N
35986206,35986992,FEM,NA
35986427,35986957,MAL,NA
35991032,35992704,MAL,NA
35991162,35992510,NA,NA
35994512,35999993,NA,NA
35994694,35996095,CHI,C
35996658,35996992,FEM,NA
35997801,35999575,CHI,N
36000345,36000782,NA,NA
36002011,36009230,NA,NA
36002173,36004152,CHI,N
36004581,36005320,FEM,NA
36005997,36009011,OCH,NA
36007694,36009010,CHI,C
36010295,36013689,NA,NA
36010339,36012855,CHI,N
36012011,36013567,OCH,NA
36015411,36019162,NA,NA
36015492,36016739,FEM,NA
36015594,36016279,MAL,NA
36017512,36018972,FEM,NA
36019681,36019990,MAL,NA
36022190,36029674,NA,NA
36022296,36023992,FEM,NA
36023230,36025230,CHI,Y
36025423,36027991,MAL,NA
36027882,36028511,CHI,N
36028503,36029510,FEM,NA
36030970,36031907,NA,NA
36030992,36031154,OCH,NA
36032291,36033379,MAL,NA
36032492,36032948,NA,NA
36036036,36037251,FEM,NA
36036065,36037268,NA,NA
36043491,36045217,NA,NA
36043498,36045150,CHI,N
36047511,36052776,NA,NA
36047513,36049012,CHI,C
36049177,36052415,CHI,Y
36052901,36057015,NA,NA
36053686,36054012,FEM,NA
36053768,36053976,OCH,NA
36054033,36054261,CHI,N
36054236,36055060,OCH,NA
36054372,36055433,CHI,N
36055329,36057447,MAL,NA
36058662,36061386,NA,NA
36058829,36061245,FEM,NA
36063510,36066374,NA,NA
36063590,36064356,FEM,NA
36064516,36066011,CHI,N
36064523,36065022,OCH,NA
36070110,36073149,NA,NA
36070147,36073076,OCH,NA
36073331,36074889,NA,NA
36074282,36074493,OCH,NA
36076983,36079990,FEM,NA
36076990,36084069,NA,NA
36080412,36083986,CHI,C
36082598,36083011,FEM,NA
36083348,36083535,OCH,NA
36083652,36083760,OCH,NA
36084727,36085567,MAL,NA
36084747,36090868,NA,NA
36085510,36086330,CHI,N
36087226,36090760,FEM,NA
36087309,36088440,MAL,NA
36091988,36093603,NA,NA
36091992,36093511,CHI,Y
36096511,36100573,NA,NA
36096654,36097992,FEM,NA
36097491,36100510,MAL,NA
36099685,36100220,FEM,NA
36102974,36103588,MAL,NA
36102993,36103575,NA,NA
36103840,36104841,NA,NA
36105440,36108582,NA,NA
36105492,36105610,MAL,NA
36105991,36106543,FEM,NA
36106261,36106442,MAL,NA
36107011,36108393,CHI,N
36108809,36110230,NA,NA
36109247,36109352,CHI,N
36109329,36109493,FEM,NA
36110480,36111509,NA,NA
36110510,36111436,CHI,N
36112011,36113395,NA,NA
36112319,36113011,CHI,N
36114010,36119491,NA,NA
36114238,36115802,FEM,NA
36114992,36116065,MAL,NA
36116160,36116671,FEM,NA
36117627,36117791,MAL,NA
36118011,36119280,FEM,NA
36121262,36136493,NA,NA
36121493,36122943,CHI,N
36121729,36122907,OCH,NA
36123011,36123408,FEM,NA
36123707,36124692,FEM,NA
36124993,36125309,OCH,NA
36125754,36129011,FEM,NA
36128145,36128530,MAL,NA
36128685,36130612,CHI,Y
36130571,36133693,FEM,NA
36130685,36131061,MAL,NA
36133511,36135192,OCH,NA
36135707,36136176,FEM,NA
36138320,36150627,NA,NA
36138493,36139993,FEM,NA
36139011,36144511,OCH,NA
36144630,36145347,FEM,NA
36145511,36149492,OCH,NA
36147689,36149491,CHI,N
36149492,36150341,FEM,NA
36150935,36152992,NA,NA
36150992,36153493,OCH,NA
36153999,36164001,NA,NA
36154011,36157511,FEM,NA
36157492,36159269,OCH,NA
36160277,36161492,OCH,NA
36161512,36163230,CHI,N
36163267,36163495,FEM,NA
36165197,36172696,NA,NA
36165310,36169991,OCH,NA
36165467,36166405,CHI,N
36167037,36167177,CHI,N
36168992,36169606,CHI,N
36170447,36171993,FEM,NA
36173375,36178734,NA,NA
36173405,36174336,OCH,NA
36174511,36176814,OCH,NA
36175170,36175992,FEM,NA
36179197,36192012,NA,NA
36179922,36180028,FEM,NA
36180196,36180493,FEM,NA
36181011,36181625,CHI,N
36181792,36183768,MAL,NA
36183819,36184011,CHI,N
36183981,36185905,OCH,NA
36186011,36187511,OCH,NA
36186991,36191891,FEM,NA
36188512,36189059,MAL,NA
36189492,36190493,OCH,NA
36192329,36192992,NA,NA
36192530,36192893,FEM,NA
36193718,36199813,NA,NA
36193993,36197371,CHI,N
36196991,36197361,OCH,NA
36197184,36198937,FEM,NA
36200120,36209997,NA,NA
36200537,36201992,FEM,NA
36201533,36202493,OCH,NA
36202511,36203768,FEM,NA
36203595,36205011,MAL,NA
36204992,36209012,CHI,Y
36208466,36208991,FEM,NA
36208782,36210014,MAL,NA
36210264,36210418,MAL,NA
36210677,36210858,MAL,NA
36213492,36214731,NA,NA
36213510,36214511,MAL,NA
36214992,36229592,NA,NA
36215303,36218766,CHI,C
36219032,36221011,FEM,NA
36221344,36223464,MAL,NA
36222512,36223707,FEM,NA
36224258,36225368,CHI,N
36224493,36225158,OCH,NA
36225763,36226511,MAL,NA
36227110,36228009,FEM,NA
36228284,36229543,MAL,NA
36232491,36236224,NA,NA
36232512,36235701,CHI,Y
36234251,36234357,OCH,NA
36235991,36236185,MAL,NA
36239334,36247481,NA,NA
36239493,36240124,FEM,NA
36240492,36241602,FEM,NA
36241012,36244920,MAL,NA
36244992,36246506,FEM,NA
36245627,36247262,MAL,NA
36248820,36260013,NA,NA
36248948,36250492,FEM,NA
36249992,36250783,MAL,NA
36251079,36251702,FEM,NA
36251874,36252773,FEM,NA
36252993,36255696,FEM,NA
36255011,36258178,MAL,NA
36257699,36259425,FEM,NA
36258280,36258771,MAL,NA
36259009,36260479,MAL,NA
36262969,36269741,NA,NA
36263472,36264491,FEM,NA
36263737,36264010,MAL,NA
36264281,36266178,CHI,N
36264598,36264770,FEM,NA
36266417,36269515,MAL,NA
36268852,36269492,FEM,NA
36270511,36271010,MAL,NA
36271203,36271345,MAL,NA
36272011,36273677,NA,NA
36272168,36273511,FEM,NA
36274510,36275992,NA,NA
36274633,36275786,CHI,N
36277310,36280275,NA,NA
36277399,36279215,CHI,N
36278832,36279085,OCH,NA
36279650,36279993,CHI,N
36280791,36290428,NA,NA
36280988,36281256,MAL,NA
36280992,36282145,CHI,N
36282068,36285971,MAL,NA
36285982,36286512,CHI,N
36285992,36289016,FEM,NA
36289492,36290094,MAL,NA
36289627,36289991,FEM,NA
36292992,36294050,NA,NA
36293147,36293279,FEM,NA
36293176,36293902,MAL,NA
36294510,36318491,NA,NA
36294580,36301539,MAL,NA
36301608,36305464,CHI,Y
36305616,36306856,FEM,NA
36307492,36308543,CHI,C
36308512,36308861,FEM,NA
36308658,36312511,CHI,C
36310511,36310908,FEM,NA
36313993,36314179,MAL,NA
36314011,36315601,FEM,NA
36314492,36314759,MAL,NA
36316347,36317631,MAL,NA
36317597,36318491,CHI,N
36320002,36320726,NA,NA
36321325,36323102,NA,NA
36321492,36323011,FEM,NA
36327992,36328510,FEM,NA
36327992,36328532,NA,NA
36334140,36336992,NA,NA
36334170,36334349,OCH,NA
36334492,36336625,OCH,NA
36337904,36339664,OCH,NA
36337962,36340522,NA,NA
36342493,36359147,NA,NA
36343061,36344072,OCH,NA
36344290,36347010,OCH,NA
36347106,36349139,FEM,NA
36348699,36349030,MAL,NA
36349388,36355822,CHI,Y
36355022,36357290,OCH,NA
36356318,36356740,CHI,N
36357058,36357235,CHI,N
36359950,36366784,NA,NA
36360011,36361012,OCH,NA
36360109,36362553,CHI,C
36361227,36361330,OCH,NA
36361511,36361845,OCH,NA
36362512,36363995,FEM,NA
36362964,36363113,OCH,NA
36363607,36366871,MAL,NA
36366887,36375956,NA,NA
36367010,36369128,CHI,N
36369493,36370620,FEM,NA
36370492,36375511,CHI,N
36373136,36373840,OCH,NA
36376256,36377765,NA,NA
36376493,36377581,FEM,NA
36384992,36386511,NA,NA
36385011,36386467,FEM,NA
36388388,36389993,FEM,NA
36388388,36390011,NA,NA
36395630,36395991,NA,NA
36395666,36395992,FEM,NA
36400988,36401575,NA,NA
36401010,36401331,CHI,N
36401984,36403012,NA,NA
36401992,36402991,CHI,N
36407991,36408502,OCH,NA
36414510,36423493,NA,NA
36414595,36416492,OCH,NA
36417011,36418655,FEM,NA
36418511,36418902,OCH,NA
36419951,36420290,MAL,NA
36420011,36423366,FEM,NA
36428570,36430728,OCH,NA
36429041,36430511,NA,NA
36432389,36434060,OCH,NA
36433493,36433699,NA,NA
36434510,36438491,NA,NA
36435027,36438016,FEM,NA
36438557,36439910,MAL,NA
36438729,36443419,NA,NA
36440012,36443026,FEM,NA
36445734,36449857,NA,NA
36445842,36447492,OCH,NA
36445977,36446323,FEM,NA
36447256,36448425,FEM,NA
36448491,36449551,MAL,NA
36453336,36456286,OCH,NA
36453454,36455430,NA,NA
36456006,36457550,NA,NA
36456510,36457463,FEM,NA
36464661,36469437,NA,NA
36464831,36465172,OCH,NA
36464855,36465505,CHI,N
36466991,36467992,CHI,N
36467074,36467314,OCH,NA
36468318,36469035,FEM,NA
36516992,36517491,NA,NA
36519491,36520180,FEM,NA
36519491,36520272,NA,NA
36520511,36520850,NA,NA
36520635,36520826,CHI,N
36523786,36525992,NA,NA
36523820,36525492,CHI,Y
36529007,36530291,NA,NA
36529086,36530239,CHI,N
36533077,36534010,NA,NA
36533158,36534010,OCH,NA
36536493,36536606,OCH,NA
36536493,36538105,NA,NA
36536992,36537510,OCH,NA
36538817,36541338,MAL,NA
36539011,36541343,NA,NA
36544492,36546011,MAL,NA
36544993,36545990,NA,NA
36547991,36550191,MAL,NA
36548051,36550218,NA,NA
36550342,36554468,MAL,NA
36552138,36556203,NA,NA
36555217,36555441,FEM,NA
36557195,36557991,OCH,NA
36557492,36559498,NA,NA
36558493,36559047,FEM,NA
36561498,36568992,NA,NA
36561518,36561947,FEM,NA
36562492,36566512,OCH,NA
36565501,36566507,CHI,N
36566492,36568893,FEM,NA
36569782,36570773,NA,NA
36570143,36570492,FEM,NA
36571007,36571167,NA,NA
36571228,36572510,OCH,NA
36571397,36576250,NA,NA
36572956,36576100,FEM,NA
36596510,36598010,NA,NA
36596522,36597806,OCH,NA
36598650,36598932,NA,NA
36602461,36608578,NA,NA
36602493,36603163,CHI,C
36604013,36605554,CHI,N
36606011,36607091,OCH,NA
36606075,36606382,FEM,NA
36607515,36608511,CHI,N
36615491,36617153,NA,NA
36617511,36620803,NA,NA
36618492,36619491,MAL,NA
36621592,36629103,NA,NA
36621680,36622993,FEM,NA
36623654,36624520,OCH,NA
36624822,36625715,OCH,NA
36625870,36628894,OCH,NA
36629300,36629492,NA,NA
36631772,36632655,NA,NA
36631813,36632550,FEM,NA
36634511,36636511,NA,NA
36634710,36636492,OCH,NA
36634796,36635491,CHI,N
36638603,36638725,OCH,NA
36639275,36641486,MAL,NA
36640144,36640650,NA,NA
36642356,36655821,NA,NA
36642432,36646011,OCH,NA
36646310,36647397,FEM,NA
36646511,36653011,OCH,NA
36648416,36649493,CHI,N
36651992,36653111,CHI,N
36653011,36654511,FEM,NA
36655080,36655244,MAL,NA
36656162,36660511,NA,NA
36657441,36660922,OCH,NA
36657660,36658556,CHI,N
36661493,36662264,MAL,NA
36661511,36668409,NA,NA
36662492,36663989,FEM,NA
36664527,36668263,CHI,Y
36665025,36665417,OCH,NA
36665605,36665730,OCH,NA
36669993,36674907,MAL,NA
36670112,36674511,NA,NA
36676466,36689617,NA,NA
36676493,36686019,CHI,Y
36686382,36688512,CHI,N
36686491,36688477,OCH,NA
36690992,36697011,NA,NA
36691063,36692160,CHI,N
36692134,36696037,FEM,NA
36699492,36701515,MAL,NA
36699505,36699775,NA,NA
36699907,36701512,NA,NA
36701711,36701827,MAL,NA
36704181,36705631,OCH,NA
36704440,36704550,NA,NA
36704922,36705801,NA,NA
36706881,36709586,NA,NA
36707492,36708511,CHI,N
36708242,36709578,MAL,NA
36712511,36712634,NA,NA
36712992,36715513,NA,NA
36713518,36713999,CHI,N
36713991,36715014,MAL,NA
36715751,36718819,NA,NA
36715830,36717955,FEM,NA
36720076,36721976,MAL,NA
36720511,36722124,NA,NA
36721510,36721967,FEM,NA
36725771,36726544,NA,NA
36725795,36726365,FEM,NA
36726774,36728171,NA,NA
36727007,36728102,OCH,NA
36731558,36733780,MAL,NA
36731679,36732931,NA,NA
36735620,36737017,MAL,NA
36735851,36737236,NA,NA
36736693,36736970,FEM,NA
36741138,36742098,NA,NA
36742270,36742493,NA,NA
36743650,36743849,MAL,NA
36745491,36747629,NA,NA
36745743,36747010,FEM,NA
36747992,36749011,MAL,NA
36748060,36753482,NA,NA
36749248,36753990,MAL,NA
36756938,36758202,OCH,NA
36756992,36760840,NA,NA
36758404,36761185,MAL,NA
36764366,36764469,NA,NA
36765117,36765294,NA,NA
36765213,36765340,OCH,NA
36765993,36768492,MAL,NA
36766460,36768299,NA,NA
36771011,36776754,OCH,NA
36771189,36777733,NA,NA
36775991,36777491,FEM,NA
36778352,36779076,MAL,NA
36778512,36779239,NA,NA
36779511,36781060,NA,NA
36779992,36780878,MAL,NA
36782589,36793492,NA,NA
36782966,36786236,FEM,NA
36786710,36787010,MAL,NA
36787510,36793281,FEM,NA
36795236,36812261,NA,NA
36796999,36797610,FEM,NA
36797561,36798012,CHI,N
36798011,36798376,FEM,NA
36798511,36799512,FEM,NA
36800436,36800593,MAL,NA
36800609,36805977,OCH,NA
36802092,36802435,CHI,N
36806204,36806366,OCH,NA
36806869,36809913,FEM,NA
36808206,36809730,MAL,NA
36810330,36811511,CHI,N
36810339,36812011,OCH,NA
36813415,36815430,NA,NA
36814262,36814519,FEM,NA
36814299,36814898,OCH,NA
36815975,36822492,NA,NA
36816010,36819896,FEM,NA
36820492,36821606,CHI,N
36820492,36822681,OCH,NA
36822843,36822966,OCH,NA
36823422,36825067,OCH,NA
36823494,36824987,NA,NA
36825668,36829931,OCH,NA
36825762,36830136,NA,NA
36828493,36829794,CHI,N
36830425,36837116,NA,NA
36830671,36833531,OCH,NA
36831011,36832877,CHI,Y
36833653,36833827,OCH,NA
36834343,36836010,FEM,NA
36835604,36837011,MAL,NA
36836238,36836511,FEM,NA
36839510,36843195,NA,NA
36839806,36841011,FEM,NA
36840963,36842212,OCH,NA
36842725,36842992,OCH,NA
36845078,36847520,OCH,NA
36845081,36847511,NA,NA
36847929,36848511,OCH,NA
36848010,36848673,NA,NA
36848787,36851387,NA,NA
36848993,36850512,CHI,N
36849025,36849492,OCH,NA
36850012,36851051,OCH,NA
36853329,36854036,NA,NA
36856623,36861739,NA,NA
36857310,36859406,FEM,NA
36859850,36861274,FEM,NA
36860044,36860380,OCH,NA
36862231,36863363,OCH,NA
36862479,36865493,NA,NA
36863993,36864992,FEM,NA
36866991,36867860,NA,NA
36867066,36867780,FEM,NA
36868777,36869007,FEM,NA
36868807,36869011,NA,NA
36873981,36874248,NA,NA
36875625,36875942,NA,NA
36876851,36878992,OCH,NA
36876884,36882731,NA,NA
36878487,36879923,FEM,NA
36880512,36882493,FEM,NA
36883011,36890512,NA,NA
36883492,36885492,FEM,NA
36885993,36887011,CHI,N
36886011,36889492,OCH,NA
36888998,36889992,FEM,NA
36892923,36904511,NA,NA
36892992,36894492,FEM,NA
36893510,36894185,MAL,NA
36895011,36904012,OCH,NA
36897439,36897566,CHI,N
36897856,36897962,CHI,N
36908063,36909072,NA,NA
36908274,36909000,CHI,N
36911175,36917993,NA,NA
36911256,36915066,OCH,NA
36911621,36913531,CHI,N
36913676,36914010,CHI,N
36915004,36917780,FEM,NA
36918295,36922114,NA,NA
36918480,36920702,FEM,NA
36918541,36919707,OCH,NA
36921017,36922011,OCH,NA
36925492,36931012,OCH,NA
36925492,36934063,NA,NA
36928575,36930200,FEM,NA
36930473,36933511,FEM,NA
36930492,36930922,CHI,N
36932559,36932824,MAL,NA
36932941,36933795,MAL,NA
36935281,36937991,OCH,NA
36935333,36939491,NA,NA
36936992,36938195,FEM,NA
36938244,36938978,MAL,NA
36938329,36938607,FEM,NA
36940639,36943511,NA,NA
36940988,36943374,CHI,N
36940992,36943012,OCH,NA
36946493,36950563,FEM,NA
36946493,36954993,NA,NA
36951366,36951651,MAL,NA
36952507,36954763,FEM,NA
36953221,36953584,MAL,NA
36955580,36955837,MAL,NA
36956439,36957992,OCH,NA
36956491,36958835,NA,NA
36957511,36958512,FEM,NA
36959807,36960990,MAL,NA
36960992,36969991,NA,NA
36961491,36962075,FEM,NA
36962239,36962350,OCH,NA
36962492,36962991,FEM,NA
36964011,36966993,FEM,NA
36967057,36967992,OCH,NA
36967166,36967492,CHI,N
36968010,36969510,FEM,NA
36969279,36969718,MAL,NA
36973576,36975481,NA,NA
36973992,36974431,FEM,NA
36974018,36975736,MAL,NA
36977011,36978511,FEM,NA
36977011,36978511,NA,NA
36979991,36982809,NA,NA
36980012,36981993,FEM,NA
36981330,36981992,MAL,NA
36983037,36983184,NA,NA
36983139,36983247,FEM,NA
36988491,36994384,NA,NA
36988993,36992992,FEM,NA
36989992,36995134,MAL,NA
36995248,36997582,MAL,NA
36995493,37004040,NA,NA
36995992,36996370,FEM,NA
36997911,36998969,FEM,NA
36998512,37003640,CHI,Y
37002609,37002989,MAL,NA
37005356,37005707,MAL,NA
37006512,37006669,MAL,NA
37009011,37011492,NA,NA
37009011,37011755,MAL,NA
37009492,37010010,FEM,NA
37013993,37016011,FEM,NA
37013993,37016011,NA,NA
37018936,37020512,NA,NA
37018991,37020270,FEM,NA
37019813,37020142,MAL,NA
37022010,37030304,NA,NA
37022351,37023397,FEM,NA
37022493,37024511,CHI,C
37023510,37029811,FEM,NA
37028657,37029936,MAL,NA
37030422,37030554,NA,NA
37030676,37031241,NA,NA
37032731,37032890,NA,NA
37035640,37035741,MAL,NA
37035903,37036495,MAL,NA
37035961,37041494,NA,NA
37037015,37037361,OCH,NA
37037777,37038621,OCH,NA
37038014,37038233,FEM,NA
37038470,37038796,FEM,NA
37039606,37040851,FEM,NA
37040510,37040785,CHI,N
37042674,37047244,NA,NA
37042922,37047418,OCH,NA
37048317,37052993,NA,NA
37048511,37052011,FEM,NA
37051204,37053489,MAL,NA
37055590,37057510,MAL,NA
37056012,37060992,NA,NA
37057704,37058009,MAL,NA
37058011,37060328,FEM,NA
37059161,37060511,MAL,NA
37061126,37067010,NA,NA
37061493,37066900,FEM,NA
37065492,37066742,MAL,NA
37071010,37079010,NA,NA
37071258,37078712,FEM,NA
37078015,37078557,MAL,NA
37087014,37091818,NA,NA
37087468,37089544,CHI,N
37090148,37091010,FEM,NA
37090320,37091511,MAL,NA
37096942,37097793,OCH,NA
37096944,37097982,NA,NA
37098484,37107524,NA,NA
37098596,37099511,FEM,NA
37100290,37102788,MAL,NA
37102912,37104491,OCH,NA
37104991,37106511,FEM,NA
37106114,37108441,MAL,NA
37110010,37111093,NA,NA
37110211,37111011,OCH,NA
37115660,37117012,OCH,NA
37115685,37117492,NA,NA
37117167,37117273,OCH,NA
37117740,37120700,NA,NA
37118449,37120433,FEM,NA
37124990,37126990,MAL,NA
37125992,37129266,NA,NA
37127012,37127255,FEM,NA
37127474,37128539,FEM,NA
37128512,37128848,OCH,NA
37131991,37134816,NA,NA
37132815,37134749,FEM,NA
37139212,37141910,NA,NA
37139374,37140591,OCH,NA
37139442,37139992,CHI,N
37141045,37141740,OCH,NA
37142108,37152513,NA,NA
37142132,37144493,OCH,NA
37144492,37145655,MAL,NA
37145535,37149038,OCH,NA
37146992,37148536,CHI,N
37149011,37150461,CHI,N
37150957,37152450,OCH,NA
37150991,37151511,CHI,N
37152849,37152992,NA,NA
37154997,37156401,NA,NA
37155178,37156012,CHI,N
37157493,37160060,MAL,NA
37158011,37161713,NA,NA
37159550,37161278,FEM,NA
37162145,37167442,NA,NA
37162235,37166994,OCH,NA
37173492,37174991,MAL,NA
37173926,37176108,NA,NA
37174992,37175181,OCH,NA
37176595,37177511,NA,NA
37179776,37181185,OCH,NA
37179783,37189493,NA,NA
37180011,37182552,CHI,N
37182491,37184340,FEM,NA
37183511,37186511,MAL,NA
37185011,37189010,FEM,NA
37187357,37187522,MAL,NA
37187643,37188451,MAL,NA
37189768,37194491,NA,NA
37189893,37192601,MAL,NA
37191982,37194010,FEM,NA
37194959,37199991,MAL,NA
37194971,37200611,NA,NA
37201597,37208155,NA,NA
37201992,37204014,FEM,NA
37203011,37207010,MAL,NA
37206992,37208156,FEM,NA
37209483,37210578,MAL,NA
37209549,37210578,NA,NA
37211992,37212348,MAL,NA
37213511,37213720,MAL,NA
37213925,37215511,MAL,NA
37214432,37216811,NA,NA
37215511,37215636,FEM,NA
37215992,37216569,FEM,NA
37218476,37219510,NA,NA
37221161,37223248,NA,NA
37221461,37221993,FEM,NA
37221744,37223001,MAL,NA
37225011,37236076,NA,NA
37225489,37229704,MAL,NA
37229357,37232597,FEM,NA
37230280,37234988,MAL,NA
37238299,37246247,NA,NA
37238493,37239011,OCH,NA
37239166,37239428,FEM,NA
37240553,37242359,FEM,NA
37242501,37244582,MAL,NA
37244011,37245992,FEM,NA
37246492,37251327,MAL,NA
37247011,37253569,NA,NA
37252492,37253511,FEM,NA
37254011,37256991,MAL,NA
37254818,37256136,NA,NA
37257511,37266576,NA,NA
37257864,37260895,FEM,NA
37261029,37263739,CHI,N
37263581,37264798,MAL,NA
37263697,37265909,FEM,NA
37265140,37266986,MAL,NA
37268228,37270992,NA,NA
37268492,37270806,FEM,NA
37273935,37274279,OCH,NA
37273993,37274511,NA,NA
37285154,37285615,NA,NA
37285304,37285512,OCH,NA
37287613,37290482,MAL,NA
37288011,37289796,NA,NA
37291435,37295011,NA,NA
37291511,37294898,FEM,NA
37291710,37294511,MAL,NA
37297064,37309335,MAL,NA
37297461,37309312,NA,NA
37310390,37316124,NA,NA
37310451,37311112,FEM,NA
37311422,37313511,FEM,NA
37311492,37311986,MAL,NA
37311992,37312375,CHI,N
37312313,37312512,MAL,NA
37312993,37315512,MAL,NA
37315634,37315857,MAL,NA
37316261,37319452,NA,NA
37316543,37316843,OCH,NA
37317491,37319489,MAL,NA
37325510,37328909,NA,NA
37325512,37325698,FEM,NA
37326012,37326152,MAL,NA
37326255,37329321,MAL,NA
37332492,37338003,NA,NA
37332492,37338491,MAL,NA
37338992,37342492,MAL,NA
37339078,37342122,NA,NA
37346268,37350991,NA,NA
37346506,37346891,CHI,N
37347492,37349093,CHI,N
37349193,37350541,FEM,NA
37352613,37353006,NA,NA
37353808,37355492,NA,NA
37357949,37360521,MAL,NA
37358093,37358311,NA,NA
37358412,37360518,NA,NA
37364011,37367777,NA,NA
37364012,37364820,MAL,NA
37364492,37365511,FEM,NA
37364993,37369035,MAL,NA
37369991,37372011,OCH,NA
37370012,37372493,NA,NA
37374087,37375017,NA,NA
37374218,37374766,OCH,NA
37374534,37374747,CHI,N
37375493,37377990,MAL,NA
37376031,37380403,NA,NA
37377842,37378993,CHI,N
37378778,37379247,OCH,NA
37379158,37380299,MAL,NA
37385304,37385473,NA,NA
37388491,37403873,NA,NA
37388501,37390492,FEM,NA
37389511,37400011,MAL,NA
37391510,37393511,FEM,NA
37399992,37402992,FEM,NA
37400262,37400419,MAL,NA
37402266,37403992,MAL,NA
37403095,37403276,FEM,NA
37404259,37404369,MAL,NA
37404512,37409526,MAL,NA
37405456,37409012,NA,NA
37410512,37412512,MAL,NA
37411492,37412186,NA,NA
37412629,37412744,MAL,NA
37412631,37416992,NA,NA
37413392,37414357,CHI,N
37414303,37414831,MAL,NA
37415829,37416808,CHI,N
37418460,37419607,NA,NA
37418497,37418624,CHI,N
37426084,37427993,MAL,NA
37426467,37427640,NA,NA
37428728,37429194,NA,NA
37429493,37435511,NA,NA
37430492,37432821,CHI,N
37431926,37434511,OCH,NA
37434493,37435305,FEM,NA
37439012,37442058,NA,NA
37440011,37441704,FEM,NA
37440492,37441511,MAL,NA
37443139,37447938,NA,NA
37443203,37447140,FEM,NA
37446511,37447010,MAL,NA
37448492,37449216,NA,NA
37448511,37449021,FEM,NA
37453492,37454493,FEM,NA
37453492,37454515,NA,NA
37454928,37455991,MAL,NA
37456511,37458673,NA,NA
37456629,37458114,FEM,NA
37457760,37458511,OCH,NA
37461189,37475148,NA,NA
37462510,37465450,CHI,Y
37464010,37466340,MAL,NA
37466040,37471000,CHI,Y
37470698,37472316,MAL,NA
37471742,37473011,CHI,N
37472522,37474986,MAL,NA
37475946,37476511,NA,NA
37476046,37476188,FEM,NA
37479011,37479203,NA,NA
37479390,37485114,NA,NA
37479491,37480394,CHI,C
37479993,37483768,MAL,NA
37481807,37482276,FEM,NA
37482983,37484993,FEM,NA
37489439,37494993,NA,NA
37489492,37490823,OCH,NA
37491491,37492510,FEM,NA
37491898,37493019,OCH,NA
37494117,37494993,OCH,NA
37496694,37498221,OCH,NA
37496851,37500599,NA,NA
37497534,37497882,CHI,N
37498420,37498590,MAL,NA
37499001,37500213,MAL,NA
37500337,37500511,MAL,NA
37501993,37503878,MAL,NA
37502492,37504991,NA,NA
37505796,37510497,NA,NA
37505992,37508010,CHI,Y
37507973,37509402,MAL,NA
37509440,37510458,OCH,NA
37509510,37510364,CHI,N
37511184,37519400,NA,NA
37511216,37513992,OCH,NA
37511242,37512049,CHI,N
37514492,37515511,FEM,NA
37515123,37516510,OCH,NA
37516789,37517289,FEM,NA
37520511,37530661,NA,NA
37520979,37527061,FEM,NA
37523005,37523967,OCH,NA
37527533,37528512,FEM,NA
37529011,37530758,MAL,NA
37531510,37531988,MAL,NA
37536075,37537012,NA,NA
37538716,37540010,NA,NA
37538783,37539932,CHI,N
37542266,37545147,NA,NA
37542331,37545029,CHI,C
37547277,37549012,NA,NA
37547353,37548511,FEM,NA
37553829,37555935,CHI,N
37553829,37556831,NA,NA
37554663,37556619,OCH,NA
37557101,37557729,NA,NA
37558011,37561276,NA,NA
37558399,37559492,CHI,N
37558509,37560168,OCH,NA
37559945,37560768,FEM,NA
37562857,37570911,NA,NA
37562920,37563961,CHI,C
37564386,37565498,CHI,N
37565011,37565424,OCH,NA
37565782,37565963,OCH,NA
37566541,37567010,OCH,NA
37567108,37567361,FEM,NA
37567972,37569681,CHI,N
37577491,37579011,NA,NA
37577512,37578965,FEM,NA
37581616,37584778,NA,NA
37581710,37584511,CHI,N
37583676,37584408,OCH,NA
37588011,37589766,NA,NA
37593187,37593389,NA,NA
37593511,37593633,NA,NA
37594010,37594356,NA,NA
37594511,37595178,NA,NA
37595492,37598614,NA,NA
37595514,37598492,CHI,C
37599711,37605511,NA,NA
37599785,37601068,CHI,N
37601909,37605510,FEM,NA
37613012,37620898,NA,NA
37613165,37613361,OCH,NA
37614463,37615163,CHI,N
37615305,37615683,FEM,NA
37616169,37617524,OCH,NA
37617492,37619578,CHI,N
37620511,37620619,OCH,NA
37621493,37624510,NA,NA
37621992,37622097,CHI,N
37622327,37624065,CHI,N
37623283,37623492,OCH,NA
37627549,37627686,NA,NA
37628012,37630138,NA,NA
37629104,37629207,OCH,NA
37631046,37635741,NA,NA
37631177,37632223,OCH,NA
37631206,37632212,CHI,N
37631694,37632430,FEM,NA
37632352,37632457,OCH,NA
37632700,37634654,CHI,N
37632850,37634510,OCH,NA
37634672,37635582,FEM,NA
37637350,37638713,NA,NA
37637445,37637992,CHI,N
37637931,37638587,FEM,NA
37641993,37643689,CHI,N
37641993,37643841,NA,NA
37644642,37648714,NA,NA
37644887,37648493,CHI,Y
37648010,37648265,OCH,NA
37650093,37650213,OCH,NA
37650337,37650902,NA,NA
37651011,37651138,NA,NA
37651249,37659482,NA,NA
37651449,37652515,OCH,NA
37653167,37653488,MAL,NA
37653593,37655329,MAL,NA
37655086,37658512,CHI,Y
37658410,37660511,MAL,NA
37664507,37667069,MAL,NA
37665010,37676011,NA,NA
37667114,37676011,CHI,C
37667361,37667952,OCH,NA
37668301,37668406,OCH,NA
37683490,37684165,NA,NA
37683574,37684104,MAL,NA
37689118,37691092,NA,NA
37689256,37689948,OCH,NA
37690314,37690457,OCH,NA
37694012,37699992,NA,NA
37694108,37699872,CHI,Y
37698269,37698406,OCH,NA
37701511,37712492,NA,NA
37701755,37702037,MAL,NA
37702010,37704907,CHI,N
37705161,37712205,CHI,N
37718492,37719511,CHI,N
37718492,37724012,NA,NA
37719965,37724135,MAL,NA
37720612,37721015,FEM,NA
37721462,37721880,FEM,NA
37734512,37736959,NA,NA
37740689,37742491,NA,NA
37740867,37741535,CHI,N
37741493,37742404,FEM,NA
37752907,37754492,NA,NA
37752919,37754011,CHI,N
37762511,37765012,NA,NA
37763265,37764742,CHI,N
37768511,37770279,MAL,NA
37769262,37770011,NA,NA
37771738,37779278,NA,NA
37771760,37772254,OCH,NA
37772511,37774011,MAL,NA
37774272,37775266,CHI,N
37775513,37776411,CHI,N
37776908,37778010,CHI,N
37778199,37779011,CHI,N
37779868,37779991,NA,NA
37781166,37781753,NA,NA
37782005,37783124,NA,NA
37782178,37783010,CHI,N
37782492,37782956,OCH,NA
37785010,37786991,MAL,NA
37785741,37785871,NA,NA
37790997,37791738,NA,NA
37791078,37791257,CHI,N
37793005,37803511,NA,NA
37793491,37799019,FEM,NA
37793739,37794510,OCH,NA
37795766,37795898,CHI,N
37799534,37800023,CHI,N
37800883,37801990,MAL,NA
37801983,37803227,FEM,NA
37802091,37802604,CHI,N
37806991,37809522,NA,NA
37807118,37809310,OCH,NA
37807493,37808512,FEM,NA
37818011,37820422,NA,NA
37818230,37818510,FEM,NA
37818249,37818371,OCH,NA
37818488,37820348,OCH,NA
37818622,37818725,FEM,NA
37824271,37827994,NA,NA
37824283,37826011,OCH,NA
37825010,37826011,CHI,N
37826328,37827756,FEM,NA
37837992,37839492,NA,NA
37838561,37839082,OCH,NA
37842010,37847717,NA,NA
37842390,37843335,FEM,NA
37843492,37844569,CHI,N
37844857,37846072,FEM,NA
37846671,37847235,CHI,N
37849511,37853991,NA,NA
37849611,37853777,FEM,NA
37850993,37851511,CHI,N
37855527,37855991,NA,NA
37856511,37862804,NA,NA
37856852,37862050,FEM,NA
37865011,37878492,NA,NA
37865065,37866278,CHI,N
37866493,37868425,OCH,NA
37866496,37867002,FEM,NA
37868054,37870011,MAL,NA
37869382,37869640,FEM,NA
37869992,37872010,OCH,NA
37870511,37871309,FEM,NA
37872492,37873800,FEM,NA
37872644,37876031,OCH,NA
37876359,37876862,FEM,NA
37876493,37876815,OCH,NA
37877294,37879386,OCH,NA
37880003,37883511,NA,NA
37880568,37881493,FEM,NA
37880570,37880820,MAL,NA
37881035,37881165,MAL,NA
37881378,37883027,MAL,NA
37883131,37883490,MAL,NA
37887492,37888931,NA,NA
37887510,37888708,FEM,NA
37890011,37890126,NA,NA
37890440,37904492,NA,NA
37890491,37893493,FEM,NA
37892510,37895883,MAL,NA
37895511,37901900,FEM,NA
37896122,37896254,OCH,NA
37901424,37904468,MAL,NA
37904679,37916491,NA,NA
37904760,37906512,MAL,NA
37905992,37907011,FEM,NA
37906702,37907510,CHI,N
37908213,37909492,MAL,NA
37908511,37910690,FEM,NA
37911198,37911890,OCH,NA
37911491,37912001,CHI,N
37912173,37916177,FEM,NA
37919991,37927046,NA,NA
37920135,37921016,MAL,NA
37920979,37922140,FEM,NA
37922315,37922992,FEM,NA
37924357,37924558,MAL,NA
37925859,37926023,MAL,NA
37927511,37927862,NA,NA
37928375,37931465,NA,NA
37929016,37929996,FEM,NA
37929863,37931545,MAL,NA
37930386,37930492,FEM,NA
37930606,37931011,FEM,NA
37932011,37939046,NA,NA
37933010,37938893,FEM,NA
37941011,37971011,NA,NA
37941200,37941355,FEM,NA
37941207,37944614,OCH,NA
37945191,37947992,FEM,NA
37947488,37949420,MAL,NA
37950491,37951011,FEM,NA
37950611,37950783,MAL,NA
37951153,37952125,MAL,NA
37952992,37955010,FEM,NA
37953659,37954128,MAL,NA
37954384,37956510,MAL,NA
37957067,37958388,FEM,NA
37958473,37960544,OCH,NA
37960021,37960175,FEM,NA
37960512,37960750,FEM,NA
37960940,37968492,FEM,NA
37965044,37965268,MAL,NA
37968610,37969407,MAL,NA
37969012,37970143,FEM,NA
37969997,37970991,MAL,NA
37971988,37976504,NA,NA
37972010,37975491,FEM,NA
37975365,37975853,MAL,NA
37975993,37978818,MAL,NA
37976607,37978782,NA,NA
37982993,37983406,OCH,NA
37982993,37983492,NA,NA
37985966,38000109,NA,NA
37985988,37987492,FEM,NA
37989010,37994511,FEM,NA
37994022,37995159,CHI,N
37994071,37995200,OCH,NA
37995190,37995666,FEM,NA
37995799,37995990,MAL,NA
37996224,37996717,CHI,N
37997492,37999861,FEM,NA
38000915,38006156,NA,NA
38000924,38001685,OCH,NA
38001985,38003529,MAL,NA
38003653,38004505,MAL,NA
38005511,38005784,FEM,NA
38006992,38008153,NA,NA
38007205,38007510,FEM,NA
38007299,38008011,CHI,N
38010529,38022092,NA,NA
38010769,38011311,CHI,N
38011734,38015492,FEM,NA
38013992,38018012,MAL,NA
38015749,38016011,FEM,NA
38017991,38022002,FEM,NA
38023555,38025084,MAL,NA
38023624,38040094,NA,NA
38025276,38028011,MAL,NA
38028012,38038993,FEM,NA
38033175,38033951,MAL,NA
38039520,38039719,MAL,NA
38041390,38042516,OCH,NA
38041412,38042548,NA,NA
38042769,38044325,NA,NA
38043331,38044264,MAL,NA
38045525,38048900,NA,NA
38045584,38046993,OCH,NA
38045992,38046329,FEM,NA
38047440,38048633,FEM,NA
38049345,38055548,NA,NA
38049510,38053604,OCH,NA
38053992,38055492,MAL,NA
38056358,38059011,OCH,NA
38056586,38058010,NA,NA
38058491,38058793,NA,NA
38061215,38067493,NA,NA
38061475,38062300,FEM,NA
38065764,38067387,CHI,Y
38067011,38067313,OCH,NA
38069846,38074991,OCH,NA
38069987,38080088,NA,NA
38070493,38076389,CHI,Y
38074836,38075010,FEM,NA
38076406,38078568,FEM,NA
38078012,38079121,CHI,N
38078692,38079316,FEM,NA
38083510,38094229,NA,NA
38084111,38084616,OCH,NA
38084837,38085423,FEM,NA
38086492,38087169,MAL,NA
38088544,38088652,OCH,NA
38089992,38092113,FEM,NA
38092442,38094106,CHI,C
38095142,38102511,NA,NA
38095421,38098389,FEM,NA
38095815,38096473,OCH,NA
38097663,38098262,OCH,NA
38098492,38100993,OCH,NA
38101354,38102368,FEM,NA
38105080,38110510,NA,NA
38105107,38106511,OCH,NA
38106992,38110060,FEM,NA
38108586,38109732,MAL,NA
38109855,38113510,MAL,NA
38111172,38113771,NA,NA
38114599,38117186,NA,NA
38114668,38115993,OCH,NA
38114974,38115516,CHI,N
38116266,38116511,FEM,NA
38118011,38118338,NA,NA
38118612,38120510,OCH,NA
38118630,38120738,NA,NA
38121496,38131408,NA,NA
38122993,38126511,CHI,Y
38123379,38125500,OCH,NA
38125991,38128527,FEM,NA
38127508,38129990,MAL,NA
38128663,38128992,FEM,NA
38130011,38131012,NA,J
38132966,38136012,MAL,NA
38133011,38135589,NA,NA
38144117,38145526,NA,NA
38144171,38145308,FEM,NA
38146196,38148920,NA,NA
38146206,38147099,CHI,N
38146992,38149010,MAL,NA
38155307,38156613,NA,NA
38155511,38156464,CHI,C
38155760,38155991,FEM,NA
38158226,38162833,NA,NA
38158250,38159443,CHI,N
38159122,38159254,MAL,NA
38159453,38159758,FEM,NA
38160487,38161461,CHI,N
38161063,38162011,MAL,NA
38162011,38162327,FEM,NA
38162114,38162229,MAL,NA
38163202,38165834,MAL,NA
38163319,38166039,NA,NA
38165492,38166160,FEM,NA
38167593,38169510,NA,NA
38167634,38169413,FEM,NA
38170445,38183015,NA,NA
38170445,38172397,CHI,N
38172104,38177011,MAL,NA
38176491,38179010,FEM,NA
38178132,38180012,CHI,N
38179996,38183010,MAL,NA
38182085,38182347,FEM,NA
38184991,38186058,CHI,N
38184991,38188992,NA,NA
38185992,38189011,MAL,NA
38186368,38186992,FEM,NA
38190511,38191993,NA,NA
38190565,38191085,CHI,N
38191092,38191735,MAL,NA
38193917,38195021,NA,NA
38193962,38194991,CHI,N
38196169,38197630,NA,NA
38196203,38197492,CHI,N
38196932,38197369,MAL,NA
38199011,38202511,MAL,NA
38199075,38199266,NA,NA
38199492,38203382,NA,NA
38203993,38208492,NA,NA
38204045,38204968,CHI,N
38205493,38208492,MAL,NA
38208761,38209551,NA,NA
38210457,38211510,NA,NA
38210493,38211511,CHI,N
38214988,38216881,NA,NA
38214992,38215972,CHI,N
38215535,38216922,MAL,NA
38219563,38220587,NA,NA
38219580,38220511,CHI,N
38221512,38223530,NA,NA
38221607,38221917,MAL,NA
38222403,38223510,CHI,N
38227491,38228153,NA,NA
38227837,38228011,MAL,NA
38229472,38232017,NA,NA
38229803,38229940,FEM,NA
38230405,38231910,CHI,N
38232511,38232619,NA,NA
38232992,38234492,NA,NA
38233011,38234493,CHI,N
38236062,38236506,NA,NA
38236860,38237159,NA,NA
38237511,38237663,NA,NA
38238011,38243511,NA,NA
38238092,38239535,CHI,N
38240527,38240993,FEM,NA
38241344,38243155,CHI,N
38247010,38247515,NA,NA
38247773,38248607,NA,NA
38247932,38248511,CHI,N
38250492,38254331,NA,NA
38250706,38252194,CHI,N
38252586,38254144,CHI,N
38258857,38260492,NA,NA
38258987,38260167,CHI,N
38269493,38270289,NA,NA
38269557,38269680,OCH,NA
38270811,38273492,NA,NA
38270895,38272076,CHI,N
38272492,38273037,MAL,NA
38273955,38275015,NA,NA
38274012,38274814,CHI,N
38300011,38300239,NA,NA
38300848,38302384,NA,NA
38300933,38301461,FEM,NA
38301464,38301994,CHI,N
38302775,38304491,NA,NA
38303086,38304011,FEM,NA
38303415,38304061,MAL,NA
38305295,38307369,NA,NA
38305400,38306350,MAL,NA
38306512,38307140,OCH,NA
38310459,38313493,MAL,NA
38310492,38317321,NA,NA
38314001,38314511,MAL,NA
38315214,38317011,NA,J
38320481,38321512,NA,NA
38320493,38321492,CHI,N
38325692,38326681,CHI,N
38325744,38326657,NA,NA
38327992,38328250,NA,NA
38340741,38340992,NA,NA
38366992,38369012,NA,NA
38368028,38368175,OCH,NA
38377738,38378052,FEM,NA
38388777,38389992,NA,NA
38388779,38389992,CHI,N
38393992,38399682,NA,NA
38394010,38395006,CHI,N
38395770,38398492,FEM,NA
38398561,38399511,MAL,NA
38399827,38404511,NA,NA
38399992,38400432,OCH,NA
38400191,38400901,CHI,N
38401229,38402564,MAL,NA
38402512,38404512,CHI,N
38407011,38408511,NA,NA
38407144,38407343,MAL,NA
38407444,38408433,MAL,NA
38411493,38412993,NA,NA
38411621,38412904,CHI,N
38425492,38426010,NA,NA
38425511,38425801,CHI,N
38428844,38430204,NA,NA
38428933,38430035,CHI,N
38432107,38432429,NA,NA
38441589,38442790,NA,NA
38441702,38442731,CHI,N
38449986,38450723,CHI,N
38449990,38453524,NA,NA
38451309,38453511,FEM,NA
38455511,38457892,MAL,NA
38455909,38457510,NA,NA
38459492,38461993,NA,NA
38459880,38461193,OCH,NA
38460531,38460992,CHI,N
38461188,38461510,FEM,NA
38463609,38464416,MAL,NA
38464004,38464417,NA,NA
38465992,38466370,OCH,NA
38470540,38471294,OCH,NA
38475493,38481050,NA,NA
38475675,38477011,OCH,NA
38476239,38478993,CHI,C
38478993,38480512,MAL,NA
38480493,38480856,CHI,N
38482493,38485512,NA,NA
38482501,38486490,OCH,NA
38483218,38483510,CHI,N
38488740,38489675,NA,NA
38488755,38489643,CHI,N
38492493,38493492,MAL,NA
38492607,38496146,NA,NA
38493660,38493992,OCH,NA
38494664,38494782,OCH,NA
38494897,38495911,FEM,NA
38505287,38505846,NA,NA
38505497,38505737,OCH,NA
38522162,38526094,NA,NA
38524135,38525112,FEM,NA
38525073,38525488,MAL,NA
38526256,38540497,NA,NA
38526278,38530011,OCH,NA
38529516,38534158,FEM,NA
38534353,38535509,OCH,NA
38535915,38537992,FEM,NA
38537120,38538342,OCH,NA
38539511,38540011,OCH,NA
38541945,38546992,NA,NA
38542557,38543504,MAL,NA
38542691,38542848,FEM,NA
38543011,38546172,FEM,NA
38546305,38546862,FEM,NA
38547642,38548089,NA,NA
38548772,38550519,NA,NA
38549188,38549961,FEM,NA
38550764,38552160,NA,NA
38551012,38551896,OCH,NA
38552056,38552191,OCH,NA
38552311,38555961,OCH,NA
38552500,38557787,NA,NA
38554491,38555603,CHI,N
38556449,38557510,MAL,NA
38558268,38562492,NA,NA
38558511,38559512,CHI,N
38558837,38559369,OCH,NA
38559691,38559875,OCH,NA
38560492,38562399,FEM,NA
38564993,38567126,NA,NA
38565232,38565510,NA,J
38565511,38566579,MAL,NA
38568008,38570654,NA,NA
38568226,38569510,FEM,NA
38570857,38572782,NA,NA
38571221,38572784,OCH,NA
38574733,38576226,NA,NA
38574758,38575880,OCH,NA
38576491,38582264,NA,NA
38576621,38579510,CHI,Y
38578511,38580511,OCH,NA
38579812,38579950,FEM,NA
38580897,38581277,OCH,NA
38581491,38582034,CHI,N
38585060,38585222,MAL,NA
38585356,38585511,MAL,NA
38587317,38588993,OCH,NA
38587386,38594511,NA,NA
38588992,38591160,FEM,NA
38591611,38592178,CHI,N
38591831,38593365,MAL,NA
38593106,38593649,CHI,N
38593517,38594489,MAL,NA
38597492,38603511,NA,NA
38597511,38599416,FEM,NA
38597992,38598443,MAL,NA
38600540,38603373,MAL,NA
38600992,38602511,FEM,NA
38604386,38604880,NA,NA
38607491,38608176,NA,NA
38607616,38608011,NA,J
38609895,38612133,OCH,NA
38609992,38612223,NA,NA
38614782,38616991,NA,NA
38614983,38616492,FEM,NA
38616332,38616511,OCH,NA
38620383,38626338,NA,NA
38620402,38623326,FEM,NA
38622911,38623297,CHI,N
38623622,38623755,MAL,NA
38623689,38624087,FEM,NA
38624511,38625424,FEM,NA
38629492,38640651,NA,NA
38629492,38631512,FEM,NA
38631511,38632365,CHI,N
38632982,38633991,OCH,NA
38635277,38637172,FEM,NA
38637493,38640579,MAL,NA
38639975,38640213,OCH,NA
38641141,38641244,NA,NA
38641462,38692991,NA,NA
38641474,38645512,OCH,NA
38645594,38645764,MAL,NA
38645945,38647369,MAL,NA
38647010,38647778,FEM,NA
38649012,38650993,CHI,N
38649353,38652389,OCH,NA
38651060,38651492,FEM,NA
38652247,38653011,FEM,NA
38652717,38655407,OCH,NA
38654012,38655011,CHI,N
38656028,38657984,FEM,NA
38658374,38662637,FEM,NA
38658492,38659486,MAL,NA
38662034,38664542,MAL,NA
38662864,38663492,FEM,NA
38663904,38668511,FEM,NA
38665051,38665171,MAL,NA
38668011,38668239,OCH,NA
38668631,38671493,CHI,C
38668755,38668868,OCH,NA
38668985,38672492,OCH,NA
38671823,38672844,FEM,NA
38672152,38674140,CHI,N
38674493,38678511,FEM,NA
38677510,38679710,MAL,NA
38679211,38679636,OCH,NA
38679766,38680608,OCH,NA
38680828,38680992,OCH,NA
38680877,38683839,FEM,NA
38682495,38683283,CHI,N
38683992,38692094,FEM,NA
38689259,38689603,MAL,NA
38691174,38693012,MAL,NA
38695492,38696186,NA,NA
38696493,38716120,NA,NA
38696771,38698548,CHI,N
38696800,38698469,OCH,NA
38698828,38698936,CHI,N
38699492,38704470,FEM,NA
38701709,38705406,MAL,NA
38704944,38711993,FEM,NA
38705406,38705686,CHI,N
38711010,38711282,CHI,N
38711292,38712175,MAL,NA
38713012,38715493,FEM,NA
38716512,38722202,NA,NA
38716512,38723341,MAL,NA
38722362,38722492,NA,NA
38723010,38734593,NA,NA
38723415,38726992,FEM,NA
38726011,38729011,MAL,NA
38728511,38730992,FEM,NA
38730589,38731742,MAL,NA
38732612,38733491,OCH,NA
38733010,38733462,CHI,N
38735992,38736134,NA,NA
38737384,38741500,FEM,NA
38737386,38746357,NA,NA
38741011,38744492,MAL,NA
38741613,38742011,FEM,NA
38743979,38745992,FEM,NA
38746510,38752492,NA,NA
38747091,38752285,FEM,NA
38749276,38749409,MAL,NA
38749992,38750571,MAL,NA
38751006,38751695,MAL,NA
38756774,38764899,FEM,NA
38756774,38765367,NA,NA
38763510,38763972,MAL,NA
38765542,38766043,NA,NA
38769233,38770969,MAL,NA
38769479,38805733,NA,NA
38770993,38773511,FEM,NA
38772511,38775535,MAL,NA
38775512,38778492,FEM,NA
38778596,38778711,FEM,NA
38779493,38784493,CHI,N
38781747,38781992,OCH,NA
38783510,38785992,FEM,NA
38785171,38788992,CHI,Y
38785547,38787749,OCH,NA
38788470,38788592,OCH,NA
38788703,38788985,OCH,NA
38788998,38789492,FEM,NA
38789282,38791071,OCH,NA
38789511,38792677,CHI,N
38791762,38792008,OCH,NA
38792188,38800492,FEM,NA
38795993,38796224,MAL,NA
38800011,38801466,MAL,NA
38801739,38802208,MAL,NA
38802491,38803011,FEM,NA
38803759,38805511,OCH,NA
38807196,38808917,NA,NA
38807373,38808850,MAL,NA
38809991,38811219,NA,NA
38811693,38811906,NA,NA
38812453,38812627,MAL,NA
38816449,38824993,NA,NA
38816992,38817993,FEM,NA
38819797,38823012,FEM,NA
38823011,38825353,MAL,NA
38828975,38830497,MAL,NA
38828992,38830080,NA,NA
38834492,38840012,NA,NA
38835013,38837492,FEM,NA
38836010,38837399,MAL,NA
38837512,38840011,MAL,NA
38837991,38838992,FEM,NA
38839201,38839506,FEM,NA
38840140,38840268,MAL,NA
38841167,38855204,NA,NA
38841228,38843724,OCH,NA
38842958,38844011,FEM,NA
38844223,38846818,MAL,NA
38845879,38846011,FEM,NA
38847492,38847651,OCH,NA
38847673,38847992,CHI,C
38847725,38848614,FEM,NA
38847752,38848012,OCH,NA
38848098,38855037,MAL,NA
38849758,38852991,FEM,NA
38862062,38862561,NA,NA
38862374,38862511,MAL,NA
38864510,38865452,MAL,NA
38868992,38870146,NA,NA
38875012,38876983,CHI,N
38875012,38877018,NA,NA
38879764,38881686,NA,NA
38880069,38880280,FEM,NA
38880395,38880888,FEM,NA
38884492,38885771,FEM,NA
38884492,38885837,NA,NA
38886286,38888515,NA,NA
38886544,38887133,FEM,NA
38894501,38894864,MAL,NA
38894992,38897721,MAL,NA
38895010,38901139,NA,NA
38896511,38897012,FEM,NA
38897120,38897456,FEM,NA
38898090,38898211,MAL,NA
38898806,38901492,MAL,NA
38903466,38904144,MAL,NA
38910601,38914403,NA,NA
38913019,38914055,CHI,N
38914584,38917011,NA,NA
38914992,38915446,OCH,NA
38914992,38915461,CHI,N
38915966,38916511,CHI,N
38919462,38928995,NA,NA
38919464,38920765,CHI,N
38920011,38922993,OCH,NA
38921183,38921492,CHI,N
38921992,38922512,CHI,N
38922992,38923709,FEM,NA
38924295,38924783,MAL,NA
38924992,38926023,CHI,N
38926562,38928511,CHI,Y
38926975,38927804,OCH,NA
38929989,38931511,OCH,NA
38929992,38936669,NA,NA
38931491,38937512,MAL,NA
38942011,38945992,NA,NA
38942257,38946120,MAL,NA
38948885,38949511,MAL,NA
38951479,38953396,MAL,NA
38951650,38952522,NA,NA
38953992,38966512,NA,NA
38954275,38955284,CHI,N
38955710,38960364,MAL,NA
38959014,38960992,FEM,NA
38960495,38962989,MAL,NA
38963094,38966010,MAL,NA
38963381,38963492,CHI,N
38965992,38966493,FEM,NA
38968493,38974440,NA,NA
38969485,38969951,CHI,N
38970896,38972011,FEM,NA
38970992,38972200,MAL,NA
38972148,38972492,FEM,NA
38972318,38972792,MAL,NA
38972743,38972844,FEM,NA
38978493,38981492,NA,NA
38978569,38979539,OCH,NA
38978714,38979765,CHI,N
38979510,38981986,MAL,NA
38983418,39000809,NA,NA
38984012,38986445,CHI,N
38987060,38989492,FEM,NA
38987511,38988103,CHI,N
38989213,38992274,MAL,NA
38992011,38992489,FEM,NA
38992472,38994522,MAL,NA
38993658,38994991,FEM,NA
38994986,38995492,OCH,NA
38996063,38997195,MAL,NA
38998493,38999998,FEM,NA
39000511,39000643,MAL,NA
39000997,39002597,MAL,NA
39001144,39002143,NA,NA
39005996,39017164,NA,NA
39006281,39008353,MAL,NA
39006326,39006510,CHI,N
39008275,39008459,FEM,NA
39009106,39011944,CHI,C
39009236,39009653,OCH,NA
39009990,39010662,OCH,NA
39010705,39011397,MAL,NA
39011315,39011420,FEM,NA
39011601,39012492,FEM,NA
39011711,39014593,MAL,NA
39015530,39016073,MAL,NA
39015987,39016962,FEM,NA
39016067,39016511,CHI,N
39021141,39030637,NA,NA
39021492,39039739,MAL,NA
39031178,39034511,NA,NA
39036381,39057487,NA,NA
39039533,39040019,CHI,N
39039761,39041011,FEM,NA
39041011,39045512,MAL,NA
39043492,39044434,CHI,N
39045495,39047086,CHI,N
39046323,39046488,MAL,NA
39046988,39047391,FEM,NA
39047230,39048082,CHI,N
39047992,39049492,FEM,NA
39049385,39053052,CHI,N
39053028,39053624,FEM,NA
39053617,39054872,MAL,NA
39054511,39055630,FEM,NA
39055510,39057942,MAL,NA
39058544,39063492,NA,NA
39058963,39061644,CHI,N
39058991,39060010,OCH,NA
39062080,39063138,CHI,N
39062545,39062737,MAL,NA
39063492,39067483,MAL,NA
39063634,39065062,NA,NA
39066300,39066680,NA,NA
39067598,39067802,MAL,NA
39067944,39068049,MAL,NA
39068416,39070346,MAL,NA
39068992,39069633,NA,NA
39069997,39070226,NA,NA
39070740,39074054,NA,NA
39070790,39072010,CHI,Y
39071904,39073759,MAL,NA
39074540,39076589,OCH,NA
39075492,39081413,NA,NA
39076962,39079620,MAL,NA
39080141,39080330,MAL,NA
39084117,39086345,NA,NA
39085333,39086324,CHI,N
39095512,39096990,MAL,NA
39107011,39108106,NA,NA
39107058,39108011,OCH,NA
39107492,39107802,CHI,N
39110492,39112510,OCH,NA
39110511,39112492,NA,NA
39113508,39114011,OCH,NA
39113538,39113992,NA,NA
39114706,39120511,NA,NA
39115205,39115340,OCH,NA
39115921,39116468,FEM,NA
39116999,39118511,FEM,NA
39117187,39117295,OCH,NA
39122511,39124934,NA,NA
39123010,39124927,FEM,NA
39126564,39126738,NA,NA
39128051,39128169,NA,NA
39128314,39129600,NA,NA
39128461,39129239,CHI,N
39133881,39133992,NA,NA
39134288,39134609,NA,NA
39134473,39134762,MAL,NA
39137511,39139992,NA,NA
39137796,39139510,OCH,NA
39137880,39139775,CHI,C
39141011,39147842,NA,NA
39141372,39144011,CHI,Y
39142511,39144744,OCH,NA
39144884,39146013,OCH,NA
39145577,39146492,FEM,NA
39146205,39147012,OCH,NA
39146529,39147548,CHI,N
39149188,39151594,NA,NA
39149519,39151311,CHI,N
39152202,39165103,NA,NA
39152396,39153707,CHI,N
39153993,39155171,FEM,NA
39155258,39157546,CHI,N
39157354,39157992,FEM,NA
39157985,39158101,CHI,N
39158459,39159622,CHI,N
39159511,39161674,FEM,NA
39161011,39162656,MAL,NA
39163460,39164493,FEM,NA
39164992,39169487,MAL,NA
39165758,39166669,NA,NA
39167159,39172012,NA,NA
39169506,39171511,FEM,NA
39171295,39171661,CHI,N
39175993,39181012,NA,NA
39176011,39178001,OCH,NA
39177010,39178012,FEM,NA
39178546,39180154,FEM,NA
39183505,39184011,OCH,NA
39183510,39186588,NA,NA
39184872,39185093,FEM,NA
39184992,39185792,MAL,NA
39185296,39186511,FEM,NA
39188564,39190395,NA,NA
39188694,39189713,OCH,NA
39188991,39189992,FEM,NA
39194056,39196493,MAL,NA
39194992,39196858,NA,NA
39197204,39197511,NA,NA
39198851,39200510,MAL,NA
39199020,39200365,NA,NA
39201492,39205991,OCH,NA
39201557,39203214,NA,NA
39204493,39206013,NA,NA
39206967,39214222,NA,NA
39207070,39208012,OCH,NA
39208560,39209618,MAL,NA
39209537,39210511,OCH,NA
39210105,39213014,MAL,NA
39214992,39217852,NA,NA
39215011,39217853,OCH,NA
39220003,39222573,MAL,NA
39220492,39222414,NA,NA
39223482,39225919,NA,NA
39223492,39225741,FEM,NA
39226964,39228490,MAL,NA
39231511,39231928,NA,NA
39231511,39231935,FEM,NA
39232969,39234852,NA,NA
39233001,39234758,FEM,NA
39236010,39237991,NA,NA
39236010,39238455,OCH,NA
39240615,39240863,OCH,NA
39242281,39244365,OCH,NA
39242492,39244185,NA,NA
39247178,39249993,NA,NA
39248992,39249625,OCH,NA
39249745,39250000,OCH,NA
39250636,39252568,NA,NA
39250710,39250848,OCH,NA
39251333,39252307,OCH,NA
39253778,39259200,NA,NA
39253918,39254993,CHI,N
39255638,39257530,CHI,Y
39257992,39259136,FEM,NA
39261157,39262769,NA,NA
39261176,39262492,FEM,NA
39265113,39277282,NA,NA
39265487,39266491,FEM,NA
39267011,39267492,FEM,NA
39267992,39268476,FEM,NA
39268493,39271492,OCH,NA
39269510,39271214,CHI,Y
39271993,39273011,FEM,NA
39273513,39277489,MAL,NA
39274991,39275300,CHI,N
39278076,39278260,OCH,NA
39278999,39279239,NA,NA
39279492,39290646,NA,NA
39279511,39283011,MAL,NA
39283010,39283881,OCH,NA
39283993,39285429,MAL,NA
39285457,39290438,CHI,Y
39290819,39291492,NA,NA
39295992,39298012,NA,NA
39296011,39296117,FEM,NA
39296492,39297589,FEM,NA
39300220,39304609,NA,NA
39300491,39302492,CHI,Y
39300503,39300717,OCH,NA
39300992,39302048,OCH,NA
39302753,39304511,CHI,N
39307505,39309194,NA,NA
39307511,39309175,OCH,NA
39311187,39313371,NA,NA
39311214,39313480,OCH,NA
39315686,39319161,NA,NA
39316418,39318991,OCH,NA
39320662,39321992,OCH,NA
39320993,39323992,NA,NA
39329511,39331497,NA,NA
39329815,39331447,FEM,NA
39335104,39335485,MAL,NA
39363492,39370173,NA,NA
39363896,39365042,OCH,NA
39364982,39366511,CHI,N
39366645,39367084,OCH,NA
39366810,39366992,NA,J
39367576,39368884,MAL,NA
39369024,39370011,CHI,N
39371044,39371517,NA,NA
39371061,39371512,OCH,NA
39372838,39374023,OCH,NA
39372991,39373273,NA,NA
39373435,39374491,NA,NA
39376991,39389156,NA,NA
39378342,39379214,CHI,N
39378493,39379197,OCH,NA
39379492,39380321,FEM,NA
39379508,39381511,OCH,NA
39380448,39389010,CHI,Y
39381751,39381992,OCH,NA
39389343,39389491,NA,NA
39391010,39392328,NA,NA
39391304,39392011,CHI,N
39393491,39399171,NA,NA
39393493,39395015,FEM,NA
39395734,39396996,FEM,NA
39397511,39398861,FEM,NA
39400012,39404372,NA,NA
39400336,39400491,CHI,N
39400493,39402491,MAL,NA
39402492,39404348,OCH,NA
39406245,39421976,NA,NA
39406326,39407011,OCH,NA
39407966,39416187,CHI,N
39409492,39410653,OCH,NA
39414573,39415756,OCH,NA
39416012,39417124,FEM,NA
39417492,39420123,OCH,NA
39420299,39421209,FEM,NA
39420440,39421078,OCH,NA
39424492,39426291,NA,NA
39424693,39426492,OCH,NA
39427555,39435987,NA,NA
39427678,39429698,FEM,NA
39429992,39432619,OCH,NA
39430650,39430993,FEM,NA
39431553,39432512,FEM,NA
39432621,39432992,FEM,NA
39432992,39434860,MAL,NA
39435010,39435727,OCH,NA
39438460,39445993,NA,NA
39438492,39440031,FEM,NA
39440512,39445512,FEM,NA
39444260,39444375,MAL,NA
39444492,39446011,MAL,NA
39448829,39459977,NA,NA
39448942,39450025,CHI,N
39449243,39449543,OCH,NA
39450157,39452992,FEM,NA
39450574,39450930,MAL,NA
39452601,39457596,OCH,NA
39454493,39455635,NA,J
39456492,39457157,FEM,NA
39457387,39457512,FEM,NA
39458102,39459633,MAL,NA
39460726,39469012,NA,NA
39460932,39462932,CHI,Y
39462512,39464993,FEM,NA
39465104,39465247,CHI,N
39466619,39466951,OCH,NA
39466634,39467010,CHI,N
39468325,39468990,OCH,NA
39470536,39471992,CHI,N
39470561,39472085,NA,NA
39472382,39472498,NA,NA
39472604,39472992,NA,NA
39474005,39476745,NA,NA
39474493,39476012,CHI,Y
39475991,39476371,OCH,NA
39476865,39487734,NA,NA
39477205,39478806,MAL,NA
39477535,39479082,FEM,NA
39479803,39481492,FEM,NA
39480050,39480565,MAL,NA
39480873,39481038,MAL,NA
39481493,39482521,CHI,N
39481744,39487031,OCH,NA
39486992,39487390,CHI,N
39488955,39490513,NA,NA
39489027,39490510,OCH,NA
39490951,39492279,NA,NA
39493011,39505510,NA,NA
39493045,39494549,CHI,N
39495327,39495913,MAL,NA
39495335,39499871,FEM,NA
39497615,39497851,MAL,NA
39498604,39500087,MAL,NA
39500011,39500991,CHI,N
39501197,39501416,OCH,NA
39501344,39501511,MAL,NA
39501511,39501641,CHI,N
39502735,39505011,FEM,NA
39505492,39505668,OCH,NA
39508493,39512759,NA,NA
39508511,39510511,FEM,NA
39510612,39511685,CHI,N
39511874,39512689,FEM,NA
39515293,39519014,NA,NA
39515492,39516010,CHI,N
39516817,39516992,FEM,NA
39517492,39519011,MAL,NA
39520180,39531010,NA,NA
39520303,39521010,FEM,NA
39521010,39521251,OCH,NA
39521255,39521463,FEM,NA
39521491,39521629,OCH,NA
39521883,39524492,OCH,NA
39524315,39526492,CHI,N
39525557,39526095,OCH,NA
39526993,39527540,NA,J
39527776,39529882,OCH,NA
39528267,39530879,FEM,NA
39532480,39538923,NA,NA
39532494,39533670,FEM,NA
39533614,39534043,MAL,NA
39533943,39534792,CHI,N
39534129,39538770,OCH,NA
39536230,39538400,CHI,N
39539300,39541011,NA,NA
39540015,39540405,FEM,NA
39543992,39553569,NA,NA
39544212,39545304,FEM,NA
39546272,39547398,OCH,NA
39548010,39550491,MAL,NA
39548512,39550512,FEM,NA
39551605,39551993,FEM,NA
39552185,39552401,FEM,NA
39553368,39553847,MAL,NA
39554511,39557020,NA,NA
39555010,39556785,FEM,NA
39560177,39561988,OCH,NA
39560243,39562012,NA,NA
39563684,39566001,NA,NA
39563849,39564384,MAL,NA
39564011,39565126,FEM,NA
39565557,39567428,OCH,NA
39573579,39573991,OCH,NA
39573708,39573880,NA,NA
39576479,39578492,MAL,NA
39577213,39577837,NA,NA
39578765,39578989,MAL,NA
39579933,39580357,NA,NA
39586072,39588203,NA,NA
39586519,39586791,MAL,NA
39587009,39587755,FEM,NA
39588603,39597319,NA,NA
39588644,39590652,OCH,NA
39590750,39592011,FEM,NA
39591556,39591662,OCH,NA
39592010,39595258,OCH,NA
39594899,39595409,CHI,N
39595142,39597511,MAL,NA
39598499,39599456,NA,NA
39599992,39600311,NA,NA
39600492,39611483,NA,NA
39600993,39603916,FEM,NA
39602193,39606260,CHI,Y
39605428,39608012,FEM,NA
39606391,39609037,CHI,Y
39608511,39608617,FEM,NA
39608730,39610093,FEM,NA
39609905,39611209,CHI,N
39613880,39615303,NA,NA
39613902,39615051,CHI,N
39616054,39617861,NA,NA
39616493,39617765,FEM,NA
39619493,39628654,CHI,Y
39619493,39628859,NA,NA
39626997,39628023,FEM,NA
39627827,39627959,OCH,NA
39629512,39638408,NA,NA
39629805,39631493,FEM,NA
39630001,39630165,MAL,NA
39631138,39631805,MAL,NA
39632134,39633449,CHI,Y
39633992,39638511,MAL,NA
39639257,39640945,NA,NA
39639610,39640850,CHI,N
39643511,39645011,NA,NA
39643676,39645011,CHI,N
39657919,39662013,CHI,N
39657922,39662762,NA,NA
39663511,39679991,NA,NA
39663515,39670493,CHI,N
39670768,39671376,CHI,N
39671492,39671634,CHI,N
39671864,39679794,CHI,N
39676492,39678552,OCH,NA
39681065,39681511,NA,NA
39689978,39691011,NA,NA
39689992,39690993,NA,J
39699492,39707717,NA,NA
39699512,39701299,CHI,N
39701492,39702528,FEM,NA
39702435,39705825,CHI,Y
39702712,39702911,OCH,NA
39705844,39707358,MAL,NA
39707012,39707361,CHI,N
39708249,39709390,NA,NA
39708630,39709232,CHI,N
39713463,39714011,NA,NA
39713492,39713661,CHI,N
39713510,39713640,OCH,NA
39734812,39735993,NA,NA
39734891,39735510,CHI,N
39746984,39747512,NA,NA
39751305,39752512,NA,NA
39751493,39751992,OCH,NA
39751493,39752011,CHI,N
39760068,39764364,NA,NA
39760480,39761226,CHI,N
39760789,39761012,OCH,NA
39761498,39764110,CHI,N
39765391,39767664,NA,NA
39766275,39766378,CHI,N
39766484,39767664,CHI,N
39769328,39770011,NA,NA
39769365,39770011,OCH,NA
39787251,39788009,NA,NA
39787492,39787721,OCH,NA
39787511,39787693,CHI,N
39788513,39788861,MAL,NA
39788515,39788623,NA,NA
39788992,39791657,NA,NA
39789119,39789571,FEM,NA
39790010,39790962,CHI,N
39791159,39791512,FEM,NA
39794841,39795636,NA,NA
39794887,39795645,CHI,N
39798449,39799492,NA,NA
39798520,39799011,CHI,N
39800511,39802992,MAL,NA
39801011,39802564,NA,NA
39808174,39808992,NA,NA
39808247,39808794,FEM,NA
39809991,39812109,MAL,NA
39810943,39811630,NA,NA
39811748,39811898,NA,NA
39844123,39846094,NA,NA
39844204,39844866,CHI,N
39845078,39846011,FEM,NA
39846774,39848991,MAL,NA
39847012,39848740,NA,NA
39850171,39851268,NA,NA
39850215,39851011,CHI,N
39852479,39853208,NA,NA
39852587,39853054,CHI,N
39860463,39865549,NA,NA
39860481,39862614,CHI,N
39862883,39862993,CHI,N
39863166,39865513,CHI,N
39871415,39873678,NA,NA
39871427,39873592,CHI,N
39879344,39881011,NA,NA
39879412,39881012,CHI,N
39886756,39889090,NA,NA
39886801,39888760,CHI,N
39889916,39895510,NA,NA
39889992,39895510,OCH,NA
39890197,39890867,CHI,Y
39892055,39892236,CHI,N
39892395,39892506,CHI,N
39894491,39894992,CHI,N
39896992,39905035,NA,NA
39897512,39902595,CHI,Y
39900492,39902147,OCH,NA
39902510,39903919,MAL,NA
39904286,39904519,OCH,NA
39904512,39904983,CHI,N
39904672,39904836,OCH,NA
39908847,39920322,NA,NA
39908992,39912431,CHI,N
39910742,39910882,MAL,NA
39912541,39915033,CHI,N
39912558,39915142,OCH,NA
39915509,39918012,OCH,NA
39917131,39917256,FEM,NA
39917991,39918214,CHI,N
39918992,39920092,NA,J
39930891,39934047,NA,NA
39930987,39931512,OCH,NA
39932492,39934011,CHI,N
39935492,39936511,OCH,NA
39935511,39942782,NA,NA
39935992,39939224,CHI,N
39938984,39940375,FEM,NA
39940344,39941330,CHI,N
39941620,39942012,CHI,N
39941728,39941871,OCH,NA
39944510,39949048,NA,NA
39944595,39947013,FEM,NA
39945449,39946674,MAL,NA
39947472,39949011,FEM,NA
39947519,39947696,OCH,NA
39959008,39959384,NA,NA
39960656,39961144,NA,NA
39964340,39965349,CHI,N
39964349,39965493,NA,NA
39970490,39994650,NA,NA
39970511,39972992,FEM,NA
39970604,39970877,MAL,NA
39973191,39973321,FEM,NA
39974011,39976991,FEM,NA
39976769,39977898,CHI,N
39977707,39980051,FEM,NA
39981344,39984451,FEM,NA
39984992,39994246,FEM,NA
39995206,40008514,NA,NA
39995272,40002626,FEM,NA
39997564,39997890,OCH,NA
39999741,39999915,CHI,N
40002638,40003267,CHI,N
40003828,40008351,CHI,N
40005411,40005514,FEM,NA
40009994,40021493,NA,NA
40010016,40010546,CHI,N
40010993,40011511,FEM,NA
40011992,40018492,FEM,NA
40013025,40013403,CHI,N
40018504,40018644,CHI,N
40019118,40019351,FEM,NA
40019471,40021376,FEM,NA
40022492,40030084,NA,NA
40022512,40022627,FEM,NA
40024063,40025820,CHI,N
40025028,40026830,FEM,NA
40027082,40028027,CHI,N
40027289,40027549,FEM,NA
40028511,40028698,FEM,NA
40028992,40030003,FEM,NA
40030511,40037723,NA,NA
40030735,40037571,FEM,NA
40037922,40043423,NA,NA
40038011,40039010,FEM,NA
40039350,40041512,MAL,NA
40042492,40042986,CHI,N
40044404,40045929,NA,NA
40045285,40045511,FEM,NA
40046511,40047110,NA,NA
40046572,40047011,FEM,NA
40052011,40054957,NA,NA
40052402,40054208,FEM,NA
40052514,40052620,MAL,NA
40052828,40054715,MAL,NA
40057045,40058992,NA,NA
40057492,40058012,FEM,NA
40057804,40058984,MAL,NA
40058302,40058493,FEM,NA
40065992,40067197,CHI,N
40065992,40080130,NA,NA
40067371,40068493,FEM,NA
40068749,40069510,CHI,N
40069718,40070366,FEM,NA
40070474,40074510,FEM,NA
40073493,40075530,MAL,NA
40075511,40079838,FEM,NA
40078513,40078992,CHI,N
40079510,40079846,CHI,N
40084937,40086407,NA,NA
40084991,40086160,CHI,N
40088792,40089011,NA,NA
40093495,40093844,NA,NA
40099511,40101016,NA,NA
40099661,40100778,FEM,NA
40101342,40101492,NA,NA
40110906,40117445,NA,NA
40110982,40112305,CHI,N
40112305,40114492,FEM,NA
40114872,40117101,FEM,NA
40117769,40120385,NA,NA
40118087,40120169,FEM,NA
40118166,40118396,CHI,N
40122010,40124011,NA,NA
40122010,40124364,MAL,NA
40128515,40129420,NA,NA
40128524,40129386,CHI,N
40130723,40131511,NA,NA
40130726,40131506,CHI,N
40132997,40133491,NA,NA
40133003,40133454,FEM,NA
40149493,40149945,NA,NA
40149660,40149900,CHI,N
40151492,40152076,NA,NA
40151557,40151714,CHI,N
40153511,40154226,NA,NA
40153512,40154212,CHI,N
40162492,40163150,CHI,N
40162492,40163229,NA,NA
40164638,40165470,NA,NA
40164685,40165330,CHI,N
40166992,40167335,CHI,N
40166992,40167492,NA,NA
40173681,40174224,NA,NA
40173712,40173893,CHI,N
40175590,40176322,NA,NA
40178066,40178604,NA,NA
40180190,40180774,NA,NA
40180204,40180511,CHI,N
40184772,40185373,NA,NA
40184804,40185148,CHI,N
40191375,40191491,NA,NA
40193493,40193969,NA,NA
40195492,40196010,NA,NA
40195518,40195992,CHI,N
40197700,40197992,NA,NA
40197706,40197887,CHI,N
40199979,40200492,NA,NA
40207933,40208730,CHI,N
40207951,40208820,NA,NA
40210157,40210270,NA,NA
40215682,40215814,NA,NA
40222479,40223191,NA,NA
40224688,40225204,NA,NA
40224843,40224992,CHI,N
40228147,40228881,CHI,N
40228171,40228993,NA,NA
40248978,40249655,NA,NA
40248993,40249548,CHI,N
40251200,40251772,CHI,N
40251306,40251817,NA,NA
40257656,40258510,NA,NA
40257702,40258492,CHI,N
40262117,40262768,NA,NA
40262144,40262735,CHI,N
40270492,40282068,NA,NA
40271011,40274492,OCH,NA
40271492,40271991,CHI,N
40274493,40275845,MAL,NA
40275510,40275793,FEM,NA
40276011,40277131,CHI,N
40276116,40277010,OCH,NA
40277512,40279493,FEM,NA
40279883,40281841,OCH,NA
40281118,40281326,CHI,N
40281492,40281737,CHI,N
40282253,40293011,NA,NA
40282341,40282994,CHI,N
40283209,40285833,OCH,NA
40286012,40291022,FEM,NA
40286511,40286641,OCH,NA
40286984,40289174,OCH,NA
40289493,40291167,OCH,NA
40291378,40292978,OCH,NA
40295090,40295201,NA,NA
40295377,40295510,NA,NA
40300926,40303111,NA,NA
40301069,40303021,FEM,NA
40301103,40302281,MAL,NA
40305553,40311935,NA,NA
40305715,40305992,OCH,NA
40306208,40306493,OCH,NA
40306992,40308102,OCH,NA
40307510,40307901,CHI,N
40308671,40310510,OCH,NA
40309863,40309993,CHI,N
40315511,40319311,NA,NA
40315669,40316747,CHI,N
40317166,40318794,CHI,N
40318493,40319011,OCH,NA
40320511,40322511,OCH,NA
40320511,40326518,NA,NA
40322510,40326511,FEM,NA
40336512,40337163,NA,NA
40336761,40336915,OCH,NA
40337511,40338512,NA,NA
40337992,40338252,FEM,NA
40347975,40349673,NA,NA
40347985,40348911,CHI,N
40352492,40353277,NA,NA
40358010,40359890,NA,NA
40358810,40359100,OCH,NA
40359001,40359511,FEM,NA
40360613,40363011,NA,NA
40360677,40361703,FEM,NA
40362290,40362795,CHI,N
40363360,40363492,NA,NA
40371981,40372995,NA,NA
40373998,40375604,NA,NA
40375024,40375512,CHI,N
40380992,40382354,FEM,NA
40380992,40384510,NA,NA
40391087,40392511,NA,NA
40391124,40392437,FEM,NA
40398008,40400205,NA,NA
40398710,40399512,FEM,NA
40405962,40406693,NA,NA
40405989,40406608,FEM,NA
40407992,40408419,NA,NA
40414992,40415701,NA,NA
40415011,40415510,FEM,NA
40427512,40427887,MAL,NA
40428269,40428689,MAL,NA
40429992,40431494,NA,NA
40437510,40438511,NA,NA
40437951,40438133,OCH,NA
40441243,40442510,NA,NA
40450492,40451823,NA,NA
40452112,40452601,NA,NA
40453135,40453601,NA,NA
40461992,40462991,NA,NA
40462048,40462698,FEM,NA
40470033,40471552,NA,NA
40470096,40470575,OCH,NA
40472097,40475052,NA,NA
40472367,40475011,FEM,NA
40478732,40479042,MAL,NA
40479492,40482854,NA,NA
40480076,40480221,FEM,NA
40481902,40482511,FEM,NA
40483179,40483493,NA,NA
40484494,40487511,NA,NA
40484510,40486010,OCH,NA
40486588,40487606,MAL,NA
40489870,40491770,NA,NA
40489991,40490119,FEM,NA
40490493,40491011,FEM,NA
40492205,40492806,NA,NA
40499511,40499992,NA,NA
40501573,40502704,NA,NA
40502012,40502491,FEM,NA
40503999,40504492,NA,NA
40505775,40505993,NA,NA
40505792,40505993,FEM,NA
40506762,40507511,NA,NA
40507103,40507273,CHI,N
40507741,40508993,NA,NA
40508080,40508512,FEM,NA
40511732,40512993,NA,NA
40512145,40512979,FEM,NA
40513993,40514329,NA,NA
40514992,40515208,NA,NA
40519511,40519612,NA,NA
40519791,40520736,NA,NA
40520211,40520584,FEM,NA
40521192,40521455,NA,NA
40525657,40525895,NA,NA
40526129,40527010,NA,NA
40540800,40543289,NA,NA
40540993,40542492,FEM,NA
40544977,40546670,NA,NA
40545166,40546011,FEM,NA
40550323,40551332,NA,NA
40551443,40552992,NA,NA
40552004,40552969,FEM,NA
40556012,40558012,FEM,NA
40556012,40560747,NA,NA
40558161,40558316,FEM,NA
40558492,40559440,CHI,N
40561012,40561142,NA,NA
40561504,40564511,NA,NA
40561992,40563469,FEM,NA
40563764,40563887,CHI,N
40567011,40571797,NA,NA
40567318,40567492,FEM,NA
40567993,40569208,FEM,NA
40569476,40569721,FEM,NA
40570284,40570569,FEM,NA
40570743,40571511,FEM,NA
40573617,40573760,NA,NA
40574010,40574825,NA,NA
40574365,40574816,MAL,NA
40583276,40584634,MAL,NA
40583499,40583858,NA,NA
40584827,40584955,NA,NA
40584831,40584958,MAL,NA
40586797,40588107,MAL,NA
40600668,40602195,MAL,NA
40611993,40612492,FEM,NA
40612092,40612492,NA,NA
40617013,40617280,FEM,NA
40617064,40617283,NA,NA
40617492,40619475,FEM,NA
40617492,40619510,NA,NA
40621492,40624011,FEM,NA
40621492,40624011,NA,NA
40624863,40625383,NA,NA
40625089,40625337,FEM,NA
40625704,40627952,NA,NA
40629492,40630773,NA,NA
40629511,40630633,FEM,NA
40631510,40635010,NA,NA
40631512,40634011,MAL,NA
40634011,40634991,FEM,NA
40635511,40635994,NA,NA
40638782,40640412,FEM,NA
40638787,40640493,NA,NA
40644479,40647633,NA,NA
40644536,40644826,FEM,NA
40644992,40647493,FEM,NA
40655306,40655439,MAL,NA
40657160,40658510,NA,NA
40657241,40658471,FEM,NA
40658659,40658993,NA,NA
40662424,40663644,NA,NA
40667700,40669533,NA,NA
40667862,40668490,MAL,NA
40671011,40672081,OCH,NA
40671053,40672416,NA,NA
40673651,40673781,NA,NA
40673887,40674012,NA,NA
40678011,40678737,MAL,NA
40678838,40680011,MAL,NA
40686567,40687011,NA,NA
40686636,40686737,FEM,NA
40695080,40695492,NA,NA
40707065,40708511,NA,NA
40717257,40717363,MAL,NA
40719615,40722838,NA,NA
40720826,40721555,OCH,NA
40721712,40725958,OCH,NA
40722990,40726014,NA,NA
40726128,40727510,NA,NA
40726343,40726537,MAL,NA
40726793,40727036,MAL,NA
40728012,40728152,NA,NA
40728579,40732182,NA,NA
40729492,40729993,FEM,NA
40730929,40732011,OCH,NA
40732640,40733278,NA,NA
40734492,40736993,NA,NA
40735492,40737011,OCH,NA
40741664,40742155,NA,NA
40741670,40741908,OCH,NA
40743493,40748218,NA,NA
40743511,40744297,MAL,NA
40744991,40747440,MAL,NA
40745511,40745897,FEM,NA
40746183,40746340,FEM,NA
40747531,40748022,OCH,NA
40751492,40752015,FEM,NA
40751512,40752012,NA,NA
40754991,40758992,NA,NA
40755012,40759011,OCH,NA
40755218,40757493,CHI,N
40762492,40763511,OCH,NA
40762492,40764011,NA,NA
40767239,40767492,FEM,NA
40767239,40767492,NA,NA
