segment_onset,segment_offset,speaker_type
10,2791,OCH
10,4283,NA
1011,2207,CHI
2293,4013,FEM
6492,9992,NA
6575,7512,CHI
7398,9963,FEM
11011,25512,NA
11205,12152,CHI
11244,12116,OCH
12037,21992,FEM
20107,20492,CHI
22493,25512,FEM
27236,32020,NA
27326,32010,FEM
34273,35993,NA
34452,35734,FEM
37638,51757,NA
37679,44520,CHI
38991,41406,OCH
42010,43767,OCH
44368,45571,FEM
45282,47010,CHI
46884,51511,FEM
51892,63521,NA
52491,52908,CHI
52652,52833,OCH
53011,55049,FEM
54891,55391,CHI
55615,57512,FEM
55662,57275,MAL
57539,62011,CHI
61383,61592,OCH
62011,63493,FEM
64365,66012,NA
64493,66012,MAL
71216,72175,NA
71258,72039,CHI
73374,85991,NA
73442,74495,CHI
73511,73678,OCH
73992,74220,OCH
74626,75849,OCH
74694,75701,CHI
76044,76928,FEM
76135,76243,MAL
76867,78011,CHI
77822,79332,FEM
79010,80991,OCH
79036,82992,CHI
82907,83931,FEM
84993,85432,CHI
85523,85707,FEM
87011,88776,NA
87168,88673,FEM
90310,93697,NA
90492,93496,FEM
94011,96927,NA
94485,96847,FEM
99395,100571,FEM
99428,100705,NA
102377,103347,FEM
102396,109100,NA
103429,104146,CHI
104104,108905,FEM
107325,108005,CHI
109895,112511,NA
109947,111010,CHI
110992,112511,FEM
115682,117108,NA
115901,116201,MAL
115992,116988,FEM
117511,117713,NA
117917,139011,NA
118098,120317,FEM
118157,118650,CHI
120248,121492,CHI
121807,121912,FEM
122067,122188,FEM
122631,124492,OCH
122747,123992,CHI
124011,130992,FEM
124114,124296,CHI
126530,126989,OCH
128024,128524,OCH
130768,132010,CHI
131397,138933,FEM
136139,136461,MAL
141510,149519,NA
141519,144673,CHI
142511,145294,OCH
145518,145626,FEM
146011,148492,FEM
146107,146230,OCH
146333,146919,OCH
148510,148854,OCH
149011,149492,FEM
150512,174512,NA
150898,152451,CHI
152435,154227,FEM
154619,156511,CHI
156317,158011,FEM
158011,160397,CHI
158244,158511,OCH
160191,163212,FEM
163492,165254,CHI
165308,166493,FEM
165966,166538,CHI
167213,168308,CHI
169493,172353,FEM
171148,171705,MAL
172974,174493,FEM
178011,184243,NA
178254,179395,OCH
178276,179666,CHI
179133,184022,FEM
185529,187492,NA
185834,187120,CHI
185866,187010,OCH
186325,186431,FEM
187795,194356,NA
187993,190425,CHI
190627,191493,CHI
192019,192373,FEM
192491,193011,FEM
195198,197226,FEM
195198,203011,NA
197735,200157,CHI
199992,202992,FEM
205180,211007,NA
205313,205993,CHI
206152,206992,FEM
206872,208224,CHI
207993,210992,FEM
217492,219011,FEM
217492,222629,NA
218982,220011,CHI
219194,219915,OCH
220497,221010,FEM
220764,222406,CHI
223277,226512,NA
223287,224544,CHI
224588,225511,FEM
225011,225441,CHI
226010,226511,FEM
231491,239469,NA
231603,232697,FEM
231643,239308,CHI
242212,243726,NA
242310,243511,CHI
245329,262072,NA
245418,248734,CHI
245992,246149,FEM
249311,253493,CHI
253010,253295,OCH
253513,254507,OCH
253716,254631,CHI
254672,256417,FEM
256412,258096,CHI
258000,259002,FEM
258685,260300,CHI
260013,262008,FEM
262693,268294,NA
262843,264011,CHI
263906,267708,FEM
267724,268011,CHI
268966,272515,NA
268993,271064,CHI
271011,272268,FEM
271181,271299,CHI
271283,272012,MAL
273318,280213,NA
273453,279850,CHI
274180,274523,MAL
280361,297010,NA
280572,282658,OCH
281510,282740,CHI
283048,285011,FEM
284664,286510,CHI
285512,288993,OCH
288255,296816,CHI
297149,298011,NA
297336,298011,FEM
316688,316992,NA
324938,326826,FEM
324947,338099,NA
326992,329317,CHI
327741,327992,FEM
329923,331945,CHI
332021,332515,FEM
332714,333971,CHI
333955,335330,FEM
335796,337856,CHI
338777,345991,NA
338791,343217,CHI
343447,345847,FEM
343575,343848,CHI
346464,349993,FEM
346467,375492,NA
349981,351493,MAL
350992,353174,CHI
352510,352682,OCH
352981,353106,OCH
353513,355190,OCH
353609,355013,CHI
355011,357152,FEM
358305,358845,FEM
359135,362707,CHI
362769,363382,FEM
363007,363316,OCH
363962,366070,CHI
364188,364335,OCH
366010,368052,FEM
367657,367768,MAL
368511,371835,FEM
368575,368951,CHI
370229,370408,CHI
372013,372992,CHI
372511,375427,FEM
375956,377574,NA
376238,377510,FEM
382215,383511,FEM
382256,383511,NA
390000,393491,NA
390160,390683,CHI
390494,393390,FEM
392513,392672,MAL
395012,400493,NA
395334,397511,CHI
395493,396011,FEM
397509,400511,FEM
417012,417118,NA
422511,424281,CHI
422511,424421,NA
425397,427284,NA
425512,427127,CHI
426219,426661,MAL
437493,437993,FEM
437493,438033,NA
438622,439786,NA
438681,439764,CHI
444422,447652,OCH
444481,447512,NA
449862,451492,NA
449913,450993,FEM
451265,452512,OCH
451816,459582,NA
452564,459424,FEM
460087,460315,OCH
460104,466427,NA
460510,460643,CHI
460620,462010,FEM
462011,466218,OCH
465488,466183,CHI
466720,467992,NA
473492,475409,OCH
473558,474992,NA
475811,478678,OCH
476594,477551,NA
477745,477985,NA
480482,482288,NA
480986,481519,FEM
480992,481345,CHI
481366,482729,OCH
482428,482609,NA
483781,484297,NA
483857,483987,FEM
484036,484201,MAL
484358,484512,MAL
490511,493012,OCH
490992,492938,NA
497492,498346,OCH
497510,497834,NA
497990,498343,NA
498484,498621,NA
499451,499844,OCH
499662,499810,NA
502492,503381,MAL
502688,503125,NA
505354,505632,OCH
505378,505715,NA
506773,508493,OCH
507011,508493,NA
520626,520736,OCH
520992,521368,OCH
521336,521484,NA
521704,521856,NA
521789,521993,OCH
523302,527257,OCH
523511,527002,NA
529565,537012,OCH
529622,531316,NA
531483,531908,NA
532764,544511,NA
536487,539992,FEM
538512,540086,MAL
540280,540388,MAL
541306,543992,FEM
544222,544470,MAL
546011,548308,FEM
546011,550118,NA
548345,561604,OCH
550481,553275,NA
553584,555491,NA
556301,557381,NA
557493,561528,NA
561033,561246,CHI
562972,566011,OCH
562992,566397,NA
568016,569663,NA
568492,569012,FEM
568510,571661,OCH
569943,571744,NA
572280,572614,NA
572429,572724,OCH
573531,575082,OCH
573892,574511,NA
577181,579012,OCH
577186,579216,NA
578008,578313,CHI
580368,586215,OCH
580421,582993,NA
583381,586012,NA
587010,587483,OCH
588011,594240,NA
588232,588510,OCH
589310,589764,CHI
590220,592831,FEM
592993,595011,OCH
594381,594799,NA
596992,598492,OCH
597103,598480,NA
600419,605541,OCH
600492,609512,NA
605033,607492,FEM
606391,606492,OCH
607492,612011,OCH
613298,613445,OCH
615992,616149,OCH
616493,618818,OCH
617679,618805,NA
620124,623590,OCH
620133,622706,NA
621253,622090,FEM
623342,623458,NA
625960,630454,OCH
626010,626572,NA
627045,627517,NA
627831,627991,NA
629512,629944,NA
631130,632510,OCH
631166,631500,NA
632011,632941,NA
632664,632775,OCH
633930,636271,OCH
633992,642492,NA
636766,642726,OCH
636992,637167,FEM
644510,646209,OCH
644552,646315,NA
646961,653993,NA
647047,654646,OCH
654782,655967,OCH
654985,656865,NA
657992,668994,NA
658199,660744,OCH
658468,659511,FEM
660012,663993,FEM
663834,668993,OCH
669511,672881,NA
669720,669970,OCH
670405,671021,OCH
670493,672073,FEM
671846,672904,OCH
673253,673489,OCH
675113,677837,OCH
675677,677770,NA
678670,679316,NA
679492,688491,NA
679511,688392,OCH
679631,680638,CHI
684511,686396,CHI
686720,686992,CHI
689011,691871,OCH
689054,693264,NA
690701,693011,CHI
692051,692289,OCH
692479,693269,OCH
693701,694153,OCH
693726,700015,NA
696306,700010,OCH
696632,697204,CHI
700532,701875,NA
700572,701951,OCH
702228,702346,OCH
706992,708359,NA
707059,708011,FEM
716492,718114,NA
716784,718029,MAL
716815,717038,FEM
719543,720468,NA
719771,720117,FEM
722010,723667,OCH
722474,723492,NA
728011,730385,NA
728065,730370,FEM
735316,736011,OCH
737095,738011,NA
737296,737961,FEM
740033,740635,OCH
740159,740608,NA
742510,745171,NA
742547,745011,FEM
746010,747240,OCH
748244,751012,OCH
748644,754611,NA
750511,752511,FEM
752880,753467,OCH
753511,754409,CHI
753634,754412,OCH
755816,767991,NA
755860,757510,FEM
756984,757484,OCH
758158,758865,OCH
759132,761010,OCH
761786,761907,OCH
761992,763334,FEM
762819,763411,OCH
764041,764174,CHI
764476,765492,CHI
764569,765308,OCH
766088,766216,OCH
766682,767011,FEM
767161,767343,CHI
768236,769777,NA
769088,769355,OCH
769510,769780,OCH
770011,774010,OCH
770266,773730,NA
771512,772185,FEM
772991,773177,CHI
779622,781304,OCH
780011,780158,NA
784549,789498,OCH
784652,786380,NA
787037,789487,NA
790682,792479,OCH
790835,792291,NA
794374,796073,OCH
794991,795511,NA
798274,800755,NA
798392,799712,FEM
800911,805493,NA
800992,804510,FEM
807150,814143,NA
807754,808010,OCH
809096,809410,FEM
810143,813835,FEM
811095,811433,MAL
815005,816259,CHI
815007,818993,NA
816067,818767,FEM
820014,822493,NA
820493,822256,FEM
823527,824511,OCH
826136,826556,NA
828380,831232,NA
828407,831028,FEM
829352,829980,MAL
832012,833983,NA
832680,833510,FEM
842511,845491,OCH
843011,844936,NA
850824,850993,NA
863011,866116,NA
863511,863612,OCH
864010,866821,OCH
867603,871420,NA
867633,868941,FEM
869392,871493,OCH
873011,877479,OCH
873511,877382,NA
875411,876599,CHI
882011,885342,NA
882088,885131,FEM
886410,889993,NA
886476,889011,FEM
890141,890443,OCH
891992,898011,NA
892991,897991,FEM
894956,895444,MAL
895575,895744,MAL
899993,903319,FEM
900011,905290,NA
903810,904510,MAL
905767,910107,NA
905818,906231,MAL
906992,908229,FEM
908849,910039,FEM
910612,911992,NA
910681,911707,FEM
915011,917571,OCH
915492,919991,NA
917558,917850,FEM
919326,919814,OCH
921394,924492,NA
922511,924492,OCH
932621,934577,OCH
932742,934511,NA
938512,938762,NA
938512,942483,OCH
938874,942011,NA
943532,947052,OCH
944004,946021,NA
946225,946512,NA
946640,946991,NA
952493,957049,OCH
952511,957492,NA
960650,967999,NA
960697,967709,OCH
965258,966060,CHI
968556,969056,NA
970476,972349,OCH
970491,987992,NA
972867,973991,OCH
972992,973885,CHI
974614,975564,OCH
974992,976156,FEM
976366,977723,OCH
976492,980993,FEM
977911,987926,OCH
981663,981800,CHI
984511,985076,CHI
985240,985358,CHI
989493,990770,NA
989493,996992,OCH
991378,1009726,NA
993511,995941,CHI
996028,998510,FEM
998455,1002360,OCH
998561,999994,CHI
1000418,1005718,FEM
1005991,1007992,FEM
1008492,1009704,OCH
1011992,1017011,NA
1011992,1017993,OCH
1020992,1022011,OCH
1021012,1022310,NA
1025511,1025781,NA
1025992,1031962,NA
1026186,1031729,FEM
1026493,1026930,OCH
1027056,1027314,OCH
1030858,1031676,OCH
1032240,1034689,NA
1032284,1034511,FEM
1037328,1040386,NA
1038202,1039010,FEM
1038511,1039172,OCH
1039274,1039534,MAL
1040511,1046014,NA
1040864,1042751,FEM
1043511,1045011,OCH
1044093,1045082,FEM
1049011,1052011,NA
1049213,1049326,OCH
1049510,1051527,FEM
1050020,1051421,OCH
1053439,1064992,NA
1053503,1055140,FEM
1055462,1057011,FEM
1056512,1062012,OCH
1061011,1064492,FEM
1064872,1065012,OCH
1066967,1069227,NA
1066993,1069011,FEM
1070010,1070250,OCH
1070493,1071899,NA
1070528,1071562,OCH
1072438,1074023,NA
1072511,1073954,FEM
1073512,1073618,MAL
1075974,1081735,NA
1075992,1077570,FEM
1078132,1078512,OCH
1078503,1081038,FEM
1081895,1089992,NA
1082555,1089492,FEM
1091011,1091424,NA
1091774,1096813,NA
1091831,1096487,FEM
1097153,1102543,NA
1097493,1100512,OCH
1100198,1100387,CHI
1101511,1101663,OCH
1101949,1102511,OCH
1103801,1104511,MAL
1103993,1106033,NA
1104643,1104798,MAL
1104727,1106011,OCH
1105159,1105515,CHI
1106781,1110993,NA
1106798,1108156,OCH
1108991,1110947,FEM
1111877,1115492,NA
1111992,1115305,FEM
1119012,1120296,NA
1120853,1120993,NA
1123330,1123551,OCH
1127957,1128511,NA
1129486,1131357,NA
1130448,1131012,FEM
1133011,1136845,NA
1133210,1134010,OCH
1133511,1134797,FEM
1135121,1135992,FEM
1135510,1136944,OCH
1157450,1158505,OCH
1157492,1158493,NA
1160011,1160158,OCH
1174481,1174633,MAL
1174492,1174646,NA
1174760,1178515,NA
1174767,1178491,MAL
1178803,1178936,NA
1190869,1191171,NA
1191490,1193993,NA
1191630,1193993,FEM
1201043,1201240,NA
1201103,1201235,OCH
1202138,1202361,OCH
1202148,1202511,NA
1218213,1218491,NA
1220010,1220268,NA
1220398,1223491,NA
1222020,1222342,FEM
1222766,1222982,FEM
1236765,1238628,NA
1236992,1238082,OCH
1238747,1238993,NA
1245491,1246036,NA
1246207,1246794,NA
1263060,1263934,OCH
1264111,1264253,OCH
1264370,1264493,OCH
1268511,1270409,NA
1268992,1269854,FEM
1274510,1276992,NA
1275440,1276466,FEM
1278511,1279640,NA
1278992,1279491,FEM
1279766,1280993,NA
1279783,1281037,OCH
1280165,1280268,CHI
1288111,1290131,OCH
1288492,1289010,NA
1290349,1291012,OCH
1290776,1290928,NA
1303678,1303796,OCH
1303992,1305329,OCH
1306511,1310011,NA
1308089,1308912,MAL
1308488,1309971,FEM
1312011,1314011,NA
1312993,1313511,OCH
1314287,1314491,NA
1320992,1321492,OCH
1331257,1332676,NA
1331362,1332677,FEM
1337992,1338606,FEM
1337992,1347118,NA
1338893,1339512,FEM
1339279,1339510,OCH
1340493,1341647,CHI
1341011,1341259,OCH
1341883,1343820,FEM
1343993,1345512,CHI
1345660,1345992,CHI
1345675,1347118,FEM
1366330,1370162,NA
1366492,1368993,CHI
1366511,1368544,OCH
1369249,1369991,CHI
1381011,1384325,OCH
1381425,1383647,NA
1383902,1387461,NA
1385492,1387220,FEM
1385837,1385989,MAL
1392042,1392405,NA
1395389,1396012,NA
1408094,1408894,OCH
1408376,1408492,NA
1409177,1412054,NA
1409300,1409492,OCH
1409827,1411511,FEM
1413371,1415492,NA
1413492,1415166,FEM
1419992,1423117,NA
1420991,1422459,FEM
1421383,1422011,CHI
1423545,1425975,NA
1423931,1425781,CHI
1426420,1428011,OCH
1426511,1427993,NA
1430004,1430510,OCH
1437834,1437954,OCH
1444392,1445977,OCH
1444492,1445511,NA
1449044,1449214,OCH
1453992,1456010,NA
1455187,1455600,OCH
1464070,1464257,NA
1464463,1466010,NA
1467011,1476032,NA
1467302,1468493,OCH
1467511,1467776,FEM
1468992,1470011,FEM
1470476,1471347,CHI
1471919,1474518,OCH
1472102,1473010,CHI
1474619,1475878,OCH
1477388,1480493,NA
1479009,1479510,FEM
1486991,1487835,NA
1487992,1491143,NA
1488925,1491122,OCH
1488986,1490761,CHI
1492187,1492437,OCH
1492790,1493993,NA
1509065,1509273,NA
1509467,1510993,NA
1509607,1510512,OCH
1510029,1510490,CHI
1522722,1532010,NA
1522864,1531992,CHI
1535993,1539511,NA
1536221,1537330,CHI
1537078,1538011,FEM
1542491,1544265,CHI
1542491,1545373,NA
1545510,1547491,NA
1545661,1547492,CHI
1549523,1556992,NA
1549911,1556992,CHI
1550210,1550320,OCH
1555779,1555973,OCH
1568492,1568635,OCH
1569993,1571279,OCH
1570062,1570217,NA
1571535,1573423,OCH
1576982,1577630,NA
1577033,1578135,OCH
1577843,1578592,NA
1584623,1585156,OCH
1601841,1602027,OCH
1607297,1608934,NA
1607324,1607604,OCH
1607349,1607521,CHI
1607958,1608491,OCH
1608177,1608329,CHI
1609217,1610680,NA
1609512,1609978,MAL
1611569,1627588,NA
1611719,1620511,OCH
1614992,1616008,CHI
1616510,1619492,CHI
1619992,1621511,FEM
1621936,1625493,OCH
1624492,1625471,CHI
1625842,1627492,OCH
1626024,1626869,CHI
1628416,1635262,NA
1628512,1634784,OCH
1630511,1632011,FEM
1634172,1634493,CHI
1634749,1635065,FEM
1635621,1637530,NA
1635665,1636512,OCH
1636713,1636905,OCH
1638083,1646272,OCH
1638225,1639804,NA
1640010,1646492,NA
1640633,1641511,FEM
1643114,1643467,CHI
1647992,1648529,OCH
1649000,1649159,OCH
1652285,1652445,OCH
1652837,1656492,OCH
1656717,1656840,NA
1657019,1657335,NA
1657554,1657665,NA
1658200,1659199,OCH
1662491,1662936,OCH
1673247,1675010,NA
1673411,1674881,OCH
1677011,1682308,OCH
1678011,1681011,NA
1681936,1685206,NA
1683010,1685074,CHI
1686493,1688039,CHI
1686493,1688493,NA
1695011,1695814,FEM
1695011,1697993,NA
1696292,1697492,CHI
1698703,1700267,NA
1698816,1700360,OCH
1710477,1713511,NA
1710492,1711493,CHI
1712365,1713011,CHI
1716992,1718651,CHI
1716992,1725492,NA
1719387,1721181,FEM
1721868,1725260,CHI
1727992,1735248,NA
1728010,1729991,CHI
1730006,1731513,FEM
1732288,1734993,CHI
1734510,1734981,FEM
1736492,1743726,NA
1736625,1739318,FEM
1736665,1736822,OCH
1739664,1740540,CHI
1741353,1743491,FEM
1741379,1741492,CHI
1744759,1759012,NA
1744850,1745837,FEM
1745153,1745924,OCH
1746669,1747626,CHI
1747529,1749510,FEM
1749673,1750731,CHI
1750763,1754953,FEM
1754926,1755888,CHI
1756229,1759012,FEM
1762121,1765010,OCH
1762493,1763235,NA
1763373,1764954,NA
1771249,1771619,OCH
1771991,1772990,OCH
1772511,1772837,NA
1774254,1775012,OCH
1774440,1774973,NA
1788011,1790492,NA
1789013,1789194,MAL
1791992,1794790,OCH
1792510,1794493,NA
1798303,1803440,NA
1798642,1798973,FEM
1798998,1800002,OCH
1800993,1801428,FEM
1801759,1805676,OCH
1801791,1802010,FEM
1804024,1805514,NA
1806611,1810992,OCH
1806663,1807406,NA
1807770,1808788,NA
1809204,1809363,NA
1810434,1810940,NA
1812011,1813245,MAL
1812292,1812677,NA
1812903,1813053,NA
1813332,1814284,NA
1813401,1817512,OCH
1815988,1817011,NA
1821992,1826013,NA
1822169,1825110,OCH
1825991,1826242,OCH
1826440,1827203,OCH
1841491,1841950,NA
1841493,1841959,FEM
1853511,1854659,OCH
1853511,1855163,NA
1861491,1864211,NA
1861658,1865716,OCH
1862092,1862338,CHI
1865992,1869011,NA
1866233,1866925,OCH
1868103,1869011,OCH
1873454,1874492,OCH
1873486,1874492,NA
1886745,1887282,OCH
1889507,1895072,CHI
1889509,1907449,NA
1894804,1897992,FEM
1898130,1899492,CHI
1899285,1904310,FEM
1904349,1905799,CHI
1905512,1906992,FEM
1906011,1906443,MAL
1909617,1913993,NA
1909653,1911460,CHI
1911011,1913993,FEM
1911867,1911972,MAL
1914897,1917992,NA
1914992,1916011,OCH
1915512,1917942,FEM
1919975,1924492,NA
1921300,1924493,FEM
1925993,1932993,NA
1926011,1927589,CHI
1927992,1932992,FEM
1934493,1934647,NA
1935075,1940510,NA
1936011,1938011,FEM
1937993,1939016,CHI
1938830,1940492,FEM
1941862,1945094,NA
1941929,1944010,CHI
1942491,1943492,OCH
1944400,1945109,FEM
1949657,1951539,NA
1949785,1951456,FEM
1953391,1958011,NA
1953511,1955273,FEM
1955163,1956253,CHI
1956450,1957732,FEM
1971010,1979232,NA
1971130,1972735,CHI
1971511,1972515,OCH
1973106,1973216,OCH
1973666,1973916,OCH
1974491,1979044,FEM
1980992,1981618,NA
1981010,1981493,FEM
1987030,1989419,NA
1988084,1988948,OCH
1988744,1988992,CHI
1990675,1996286,NA
1990940,1992012,OCH
1990948,1992428,CHI
1992160,1992265,OCH
1992362,1996203,FEM
1997487,2001993,NA
1997492,1998869,FEM
1998992,2000511,FEM
2000710,2001439,FEM
2001011,2001403,OCH
2008010,2008790,NA
2011595,2017810,NA
2012138,2014011,CHI
2014036,2017511,FEM
2023491,2025778,NA
2023512,2025770,FEM
2024220,2024487,MAL
2031662,2033930,NA
2031929,2033751,CHI
2051090,2052013,NA
2051106,2051940,OCH
2051347,2051966,CHI
2058588,2060011,OCH
2058681,2061465,NA
2059876,2061234,FEM
2069493,2071054,NA
2069771,2069892,FEM
2070129,2071012,FEM
2084500,2085011,NA
2087993,2089493,FEM
2087993,2089512,NA
2089133,2089258,MAL
2092492,2094993,NA
2093491,2094257,CHI
2093492,2094840,OCH
2104611,2108992,NA
2104770,2105818,CHI
2105492,2108992,FEM
2110070,2110510,NA
2110234,2110453,FEM
2118493,2123495,NA
2118498,2120010,CHI
2120094,2121009,FEM
2120880,2122465,CHI
2122011,2122828,FEM
2123754,2127978,NA
2123957,2126574,CHI
2125511,2126562,OCH
2127176,2127650,FEM
2128501,2132492,NA
2128511,2130220,CHI
2130513,2131315,FEM
2131147,2132396,CHI
2135992,2139519,NA
2136007,2139517,FEM
2159588,2165641,CHI
2159700,2170993,NA
2165889,2167026,FEM
2167199,2169119,CHI
2169653,2170738,FEM
2174842,2176221,CHI
2174862,2176121,NA
2180287,2183993,NA
2180360,2182235,CHI
2182358,2183993,FEM
2187629,2189992,NA
2188225,2189492,FEM
2190274,2193992,NA
2190353,2193777,CHI
2194118,2201992,NA
2194165,2195788,CHI
2196146,2197813,FEM
2196278,2196467,MAL
2196848,2197879,MAL
2197960,2199256,CHI
2199243,2199992,FEM
2200409,2201884,CHI
2203310,2209155,NA
2203333,2205491,CHI
2206013,2209029,CHI
2216305,2223011,NA
2216309,2218157,CHI
2219051,2220457,CHI
2220316,2221511,FEM
2221334,2222512,CHI
2229992,2233271,FEM
2229992,2233510,NA
2231888,2233992,MAL
2240516,2244620,CHI
2240580,2247693,NA
2244626,2246481,FEM
2246522,2247604,CHI
2253506,2255492,NA
2253660,2255417,CHI
2253773,2255106,OCH
2257511,2259975,NA
2257566,2259596,CHI
2260388,2268010,NA
2260459,2262268,CHI
2262927,2265544,CHI
2265713,2266440,FEM
2266579,2268010,CHI
2276011,2280365,NA
2276056,2279234,CHI
2279217,2279939,FEM
2280511,2286492,NA
2281011,2283993,CHI
2281301,2282302,OCH
2284448,2286323,CHI
2286696,2288681,NA
2286885,2288122,CHI
2287219,2288010,OCH
2335510,2337491,FEM
2335510,2337491,NA
2342010,2344003,FEM
2342010,2348492,NA
2344231,2348492,FEM
2344354,2344967,CHI
2349493,2349746,OCH
2350011,2350274,NA
2350441,2352967,NA
2350991,2351529,CHI
2351511,2352618,FEM
2353769,2356511,NA
2353835,2355011,CHI
2354621,2356373,FEM
2356746,2356992,NA
2360011,2360468,NA
2361012,2361176,NA
2361493,2365038,NA
2361791,2362186,FEM
2362993,2364591,CHI
2364010,2364381,OCH
2366493,2367787,NA
2366508,2367698,CHI
2376511,2381356,NA
2376650,2379443,OCH
2376748,2379512,CHI
2379821,2381417,FEM
2385762,2390900,NA
2385776,2390744,CHI
2393202,2402789,NA
2393283,2395610,CHI
2396024,2398027,CHI
2398727,2402492,CHI
2400992,2402482,OCH
2409284,2412644,FEM
2409333,2412862,NA
2410646,2411491,CHI
2413108,2415992,NA
2413287,2414797,CHI
2414777,2415631,FEM
2435758,2438686,NA
2435824,2438512,CHI
2439129,2441483,NA
2439295,2441128,OCH
2439411,2440904,CHI
2450751,2455491,NA
2450819,2451992,CHI
2452876,2455313,CHI
2459417,2462100,NA
2459459,2461992,CHI
2461011,2461510,OCH
2463229,2466003,NA
2463991,2465216,CHI
2464525,2464857,OCH
2466167,2466513,NA
2482061,2484169,NA
2482107,2484130,CHI
2747993,2750514,NA
2747993,2750545,CHI
2764010,2770919,NA
2764493,2765991,OCH
2764493,2770929,CHI
2802710,2805511,NA
2802777,2804913,CHI
2817931,2825533,CHI
2817953,2826218,NA
2818741,2820726,OCH
2822862,2823275,OCH
2826510,2828010,NA
2826757,2827992,CHI
2893826,2895892,NA
2893992,2895511,OCH
2894138,2895292,CHI
2903302,2905011,NA
2903364,2905011,CHI
2925492,2936992,CHI
2925492,2937515,NA
2935992,2936993,OCH
2938707,2939993,CHI
2938724,2940012,NA
2959703,2961708,NA
2959877,2961251,OCH
2959991,2961351,CHI
2980918,2984733,NA
2980920,2983328,CHI
2982236,2984011,OCH
2984011,2984403,FEM
3013242,3013924,NA
3013511,3013783,CHI
3013559,3013745,OCH
3020909,3023992,NA
3020925,3023836,CHI
3031511,3035492,NA
3031626,3033492,OCH
3031817,3032011,CHI
3033011,3035492,CHI
3043980,3044626,NA
3044004,3044524,FEM
3054348,3056253,NA
3054416,3054993,OCH
3054986,3056260,FEM
3060523,3061512,CHI
3060577,3061512,NA
3088906,3089459,NA
3108491,3110459,CHI
3108491,3110511,NA
3112385,3114511,NA
3112493,3114273,FEM
3115010,3115840,NA
3115992,3122492,NA
3117027,3122493,FEM
3117837,3118426,MAL
3125010,3134337,NA
3125512,3126069,FEM
3127302,3129511,CHI
3127739,3127992,OCH
3129767,3132010,FEM
3132122,3133992,OCH
3132511,3133459,CHI
3135147,3143492,NA
3135409,3136609,FEM
3135540,3135759,OCH
3136107,3140491,OCH
3137667,3137993,CHI
3140411,3141170,FEM
3141226,3143011,CHI
3144596,3153511,NA
3144710,3146409,CHI
3144717,3148011,OCH
3147491,3148974,CHI
3150240,3150842,CHI
3150492,3152446,FEM
3152388,3153510,CHI
3155112,3159992,NA
3155269,3156028,FEM
3156011,3158573,CHI
3158511,3159991,FEM
3163173,3164022,NA
3163178,3164010,FEM
3180511,3182492,NA
3180894,3182101,CHI
3180970,3181976,OCH
3187991,3189513,CHI
3187991,3189916,NA
3207511,3213215,NA
3207521,3213144,CHI
3213933,3215048,NA
3214492,3214804,FEM
3225822,3227899,NA
3225872,3227694,CHI
3226090,3226244,OCH
3226492,3227511,OCH
3228000,3228174,NA
3228488,3230999,NA
3228711,3230420,CHI
3228932,3230938,OCH
3231998,3235493,NA
3232011,3234053,CHI
3233807,3234992,FEM
3238807,3241510,NA
3238988,3240876,OCH
3238993,3240913,CHI
3242678,3246077,NA
3242719,3244493,CHI
3244487,3245763,FEM
3247413,3249215,NA
3247493,3248512,OCH
3247692,3247827,CHI
3248053,3248232,CHI
3248714,3248992,OCH
3445970,3448012,NA
3445991,3446379,CHI
3446493,3447492,CHI
3447584,3447753,OCH
3450492,3451992,FEM
3450492,3451992,NA
3453379,3460492,NA
3453418,3456992,CHI
3454814,3455511,FEM
3457011,3458012,FEM
3457991,3459511,CHI
3467786,3471301,NA
3467826,3469956,CHI
3469188,3470079,OCH
3470307,3470989,OCH
3472271,3475037,NA
3472288,3473511,CHI
3474402,3474886,FEM
3479731,3481511,NA
3479993,3481011,FEM
3480062,3481269,MAL
3484666,3486011,FEM
3484681,3486011,NA
3501510,3503493,CHI
3501510,3505337,NA
3504001,3505116,FEM
3507226,3508714,NA
3507303,3508616,CHI
3508252,3508434,OCH
3511011,3513211,FEM
3511176,3513356,NA
3513869,3514809,NA
3513907,3514739,CHI
3515010,3516851,NA
3515169,3516568,FEM
3518070,3519992,FEM
3518115,3523918,NA
3520211,3520839,FEM
3521013,3522012,CHI
3522185,3523722,FEM
3543942,3545295,OCH
3543944,3545491,NA
3544359,3545240,CHI
3569623,3576012,NA
3569650,3571992,CHI
3571012,3574043,OCH
3572105,3576012,CHI
3605386,3606692,CHI
3605410,3606544,NA
3632492,3635241,NA
3632629,3635143,CHI
3633122,3633488,OCH
3728924,3729211,OCH
3765224,3766010,NA
3776478,3777062,NA
3786011,3786289,OCH
3806936,3807096,NA
3851889,3852010,OCH
3852363,3854511,OCH
3852492,3854453,NA
3859368,3859511,MAL
3864120,3864341,MAL
3879227,3879511,OCH
3879286,3879492,NA
3879853,3880920,NA
3879984,3880156,OCH
3880249,3880587,MAL
3881650,3881885,NA
3882284,3882473,NA
3882769,3885511,MAL
3911993,3913945,OCH
3912128,3935007,NA
3914366,3914479,OCH
3914992,3916700,FEM
3916510,3919991,CHI
3919776,3921511,FEM
3922493,3924511,OCH
3922844,3922992,CHI
3923112,3923885,FEM
3923851,3924860,CHI
3924511,3926992,FEM
3926991,3933095,CHI
3929941,3931158,OCH
3933492,3934930,FEM
3935512,3939631,NA
3935582,3936510,CHI
3936538,3938993,FEM
3936617,3936723,MAL
3936860,3936988,MAL
3937115,3937387,MAL
3938993,3939511,CHI
3943492,3944326,NA
3943607,3943728,MAL
3944452,3947010,NA
3944511,3947137,OCH
3949012,3950512,FEM
3949012,3950512,NA
3952768,3954992,NA
3953011,3954736,FEM
3955454,3960010,NA
3955510,3959806,FEM
3956992,3957642,CHI
3975380,3987356,NA
3975387,3976224,FEM
3977181,3981091,FEM
3977245,3977420,CHI
3979167,3979511,CHI
3979783,3979898,OCH
3980910,3982324,CHI
3982468,3987166,FEM
3982915,3983042,MAL
3988043,3989511,NA
3988162,3989512,FEM
4000492,4004993,NA
4000511,4001733,CHI
4000612,4001106,OCH
4001353,4001512,OCH
4002357,4003511,CHI
4003719,4004821,FEM
4005290,4005992,NA
4005757,4005904,OCH
4007991,4008172,OCH
4007991,4008511,NA
4024527,4024743,OCH
4025872,4026282,OCH
4026805,4027345,OCH
4028992,4029578,OCH
4034635,4035011,OCH
4035511,4038209,NA
4035700,4038010,CHI
4093511,4093683,NA
4093531,4093646,OCH
4108075,4108306,NA
4108080,4109342,OCH
4108492,4108720,NA
4148015,4148305,OCH
4176453,4177012,OCH
4176498,4177097,NA
4202511,4203200,NA
4251992,4252993,NA
4252191,4252400,OCH
4279009,4279834,OCH
4304509,4304654,OCH
4315083,4316914,NA
4315243,4316510,CHI
4315270,4316520,OCH
4356678,4362491,NA
4356683,4362491,CHI
4367993,4369007,CHI
4367993,4369085,NA
4391796,4391907,OCH
4392095,4392370,OCH
4469867,4470544,NA
4469992,4471219,OCH
4478993,4480235,OCH
4479648,4479886,NA
4507594,4507754,OCH
4557089,4557840,FEM
4557112,4557838,NA
4566088,4566513,NA
4566125,4566491,FEM
4600807,4608492,NA
4600825,4608010,CHI
4602592,4604011,OCH
4615010,4619991,NA
4615313,4619883,CHI
4620213,4622822,NA
4620351,4621492,CHI
4624197,4627830,NA
4624344,4625792,FEM
4626445,4627753,CHI
4628510,4631571,NA
4629444,4631012,CHI
4631011,4631394,FEM
4631867,4635011,NA
4631992,4634532,OCH
4633170,4633280,CHI
4633492,4634918,CHI
4637939,4638511,OCH
4637987,4638529,NA
4639510,4644878,NA
4639511,4640993,FEM
4640671,4642011,CHI
4642603,4644493,CHI
4642672,4644010,OCH
4665511,4667555,NA
4665637,4667510,CHI
4665857,4665992,OCH
4666398,4666521,OCH
4672991,4680072,NA
4672991,4680073,CHI
4685511,4688736,NA
4685993,4688492,CHI
4686010,4686511,OCH
4687016,4687772,OCH
4738492,4740465,CHI
4738492,4740492,NA
4739511,4739813,OCH
4754249,4759767,NA
4754464,4759655,CHI
4841740,4842017,FEM
4841773,4842045,NA
4847197,4851510,NA
4847224,4851492,CHI
4852992,4861816,CHI
4853010,4864011,NA
4862256,4863986,FEM
4884992,4891273,NA
4885010,4889676,CHI
4889108,4890767,FEM
4890014,4890336,MAL
4892010,4895512,NA
4892992,4894011,CHI
4893126,4893987,OCH
4894526,4895511,OCH
4894763,4895025,CHI
4903492,4906054,NA
4903607,4905993,CHI
4903711,4905901,OCH
4915276,4916992,NA
4915350,4916511,FEM
4917876,4919493,NA
4917927,4919186,CHI
4918030,4919179,OCH
4920303,4921467,NA
4920542,4920974,CHI
4929992,4931058,NA
4930117,4930935,CHI
4946992,4949992,NA
4947492,4948012,CHI
4947991,4949992,FEM
4951964,4954492,NA
4951992,4954491,FEM
4957797,4958062,NA
4958165,4960992,NA
4959492,4960570,CHI
4959993,4960131,OCH
4961635,4964846,NA
4962011,4964635,FEM
4965275,4966504,NA
4965332,4966508,FEM
4967306,4969125,NA
4967323,4968992,FEM
4970660,4974011,CHI
4970671,4975573,NA
4973741,4975511,FEM
4975869,4975992,NA
4977011,4983992,NA
4977460,4978326,CHI
4979259,4979524,CHI
4979492,4981993,OCH
4979809,4980820,CHI
4980992,4983916,FEM
4982322,4982511,OCH
4984683,4989398,NA
4984708,4989212,CHI
4990132,4991185,NA
4995543,5006154,NA
4995624,4997192,CHI
4995736,4997405,OCH
4997492,4999510,CHI
4997545,4999300,OCH
4999992,5002511,FEM
5002913,5005875,CHI
5005608,5005713,OCH
5011511,5013588,NA
5011904,5013426,CHI
5014487,5014992,NA
5015611,5021511,OCH
5015780,5027685,NA
5017012,5017414,CHI
5018075,5019523,CHI
5020221,5020589,CHI
5021020,5025011,CHI
5024280,5024477,OCH
5025011,5026012,FEM
5026511,5027355,CHI
5031816,5034155,NA
5031820,5033992,CHI
5034984,5037630,NA
5035011,5037512,CHI
5039115,5045225,NA
5039248,5043716,CHI
5043529,5045011,FEM
5045510,5045628,NA
5046022,5047208,NA
5049493,5054986,NA
5049511,5053460,CHI
5052675,5052778,OCH
5053492,5054660,FEM
5056511,5062451,NA
5056801,5060728,FEM
5060991,5062268,CHI
5062967,5064506,NA
5063011,5064511,FEM
5081608,5088993,NA
5081655,5088854,CHI
5089546,5093213,NA
5089566,5092647,CHI
5091674,5092827,OCH
5093511,5095548,NA
5093915,5095407,CHI
5094762,5095012,OCH
5098861,5101723,NA
5098967,5099625,CHI
5099497,5101539,FEM
5118729,5119991,OCH
5118979,5119992,NA
5124992,5125856,NA
5125012,5125763,CHI
5128824,5130147,NA
5128971,5129845,CHI
5129011,5129765,OCH
5131011,5136011,NA
5131259,5136011,CHI
5139185,5140646,NA
5139398,5140512,CHI
5139492,5139610,OCH
5139744,5140011,OCH
5144011,5146492,NA
5144089,5146445,CHI
5161192,5162512,OCH
5161210,5164290,NA
5161558,5164226,CHI
5165076,5166897,NA
5165090,5166818,CHI
5168011,5169493,NA
5168122,5169209,CHI
5168264,5168779,OCH
5171965,5173710,CHI
5171992,5173992,NA
5173819,5173947,CHI
5181546,5190056,NA
5181614,5185191,CHI
5185770,5187010,OCH
5186346,5189242,CHI
5187512,5188484,FEM
5189095,5190008,FEM
5190318,5191511,NA
5190326,5191511,CHI
5195109,5199993,NA
5195124,5199672,CHI
5196012,5196328,OCH
5196493,5196908,OCH
5205992,5215126,NA
5206142,5209748,CHI
5207593,5208513,OCH
5209267,5211511,FEM
5211992,5215116,CHI
5216989,5229186,NA
5216992,5217810,FEM
5217753,5223011,CHI
5223229,5223347,FEM
5223489,5225312,FEM
5225492,5227389,CHI
5227011,5229090,FEM
5229704,5236628,NA
5229804,5231492,FEM
5231599,5232866,CHI
5232492,5233493,FEM
5234011,5236546,FEM
5236787,5242789,NA
5236841,5238493,FEM
5238417,5241451,CHI
5239067,5239364,OCH
5240243,5242275,OCH
5248493,5252995,NA
5248510,5249595,FEM
5250131,5252011,CHI
5250150,5250258,OCH
5254468,5259991,NA
5254504,5255012,FEM
5255969,5257493,CHI
5257992,5258993,FEM
5258690,5259654,CHI
5263491,5264691,NA
5263746,5264011,FEM
5265992,5278491,NA
5266029,5267492,CHI
5267946,5269281,FEM
5268011,5270512,OCH
5269490,5270783,CHI
5271364,5276011,CHI
5274006,5275029,OCH
5275679,5276692,FEM
5276510,5278149,CHI
5277044,5277967,OCH
5278853,5368766,NA
5279032,5281781,CHI
5279119,5282011,OCH
5281652,5283103,FEM
5283242,5284125,CHI
5284011,5285010,FEM
5285439,5286907,CHI
5286806,5288993,FEM
5289492,5290602,CHI
5290853,5292512,FEM
5291921,5296908,CHI
5296772,5302022,FEM
5301992,5306520,CHI
5303791,5306511,OCH
5306494,5308099,FEM
5308011,5312080,OCH
5309493,5309979,CHI
5310031,5310178,FEM
5311886,5315182,CHI
5312231,5314043,OCH
5314925,5318511,FEM
5315259,5315963,MAL
5318711,5322491,CHI
5322491,5324010,FEM
5323693,5323804,MAL
5323877,5325230,CHI
5325831,5331493,CHI
5325899,5330482,OCH
5330991,5332535,FEM
5332422,5334035,CHI
5332532,5338992,OCH
5336309,5339522,CHI
5339512,5339880,OCH
5339829,5340664,FEM
5340011,5342973,OCH
5341012,5345546,CHI
5343092,5346010,OCH
5345737,5345842,CHI
5345992,5347156,FEM
5347382,5349189,CHI
5347510,5347768,OCH
5347991,5348399,OCH
5348887,5350630,FEM
5350391,5351010,CHI
5350752,5351926,FEM
5351743,5356407,OCH
5353071,5353992,CHI
5354961,5355511,CHI
5356493,5358012,FEM
5356751,5356992,OCH
5357657,5359709,CHI
5358012,5358160,OCH
5359046,5359156,OCH
5359541,5359700,OCH
5359618,5360293,FEM
5359858,5360511,OCH
5360167,5360786,CHI
5361491,5364010,CHI
5363575,5364481,OCH
5364011,5366735,FEM
5367160,5368606,CHI
5367750,5368498,OCH
5369011,5380554,NA
5369117,5372492,FEM
5372143,5377492,CHI
5374394,5375320,OCH
5375891,5378215,OCH
5377595,5379011,FEM
5378356,5380492,OCH
5379212,5379541,CHI
5379698,5380505,CHI
5385785,5400670,NA
5385992,5386956,FEM
5387492,5388223,CHI
5387605,5389439,FEM
5389008,5391011,CHI
5390493,5400635,FEM
5402012,5433497,FEM
5402012,5433604,NA
5410010,5410920,CHI
5431222,5432010,CHI
5433718,5436511,NA
5433785,5436510,FEM
5439550,5440784,FEM
5439563,5441121,NA
5441489,5444992,NA
5442010,5444842,FEM
5446011,5446156,NA
5446352,5494491,NA
5446415,5448396,CHI
5448074,5471400,FEM
5471835,5473511,CHI
5472929,5477887,FEM
5478062,5479169,CHI
5478177,5479492,OCH
5479696,5494322,FEM
5484993,5486166,MAL
5494716,5497811,NA
5494827,5497583,CHI
5500992,5503258,FEM
5500992,5503516,NA
5505011,5510992,NA
5505482,5506532,FEM
5506993,5508645,CHI
5508181,5510214,FEM
5509510,5510188,OCH
5510352,5510492,FEM
5511370,5523729,NA
5511723,5520545,FEM
5512043,5512274,MAL
5520493,5521511,CHI
5521510,5523737,FEM
5524664,5532116,FEM
5524688,5532211,NA
5534475,5535749,CHI
5534487,5545385,NA
5535493,5540512,FEM
5537346,5537948,CHI
5539730,5541740,CHI
5541625,5545182,FEM
5545942,5547322,NA
5546011,5547321,FEM
5550223,5553355,NA
5550491,5553297,FEM
5555156,5567421,NA
5555599,5558107,FEM
5556131,5556276,OCH
5558855,5560904,CHI
5559045,5559992,OCH
5560512,5562530,FEM
5563389,5564511,CHI
5564300,5567427,FEM
5568048,5623992,NA
5568110,5569987,FEM
5568640,5568945,CHI
5569970,5572511,OCH
5570785,5571679,CHI
5571511,5574479,FEM
5572493,5573806,CHI
5575007,5576948,CHI
5575492,5576856,OCH
5576744,5588511,FEM
5583492,5584012,CHI
5584179,5584702,MAL
5588492,5590080,CHI
5590002,5602532,FEM
5595866,5595981,CHI
5602049,5602692,CHI
5603420,5604379,CHI
5604010,5604255,FEM
5604393,5607510,FEM
5607012,5607270,MAL
5608335,5609472,CHI
5608992,5623493,FEM
5614491,5614861,CHI
5624512,5633209,NA
5624864,5627677,FEM
5628641,5630511,CHI
5631012,5632797,FEM
5633511,5645590,NA
5633511,5636010,FEM
5635575,5636334,CHI
5636010,5636272,OCH
5636728,5636993,CHI
5636741,5637181,MAL
5637134,5639864,FEM
5639993,5642011,CHI
5641110,5641812,OCH
5641788,5645587,FEM
5652011,5654277,FEM
5652011,5654395,NA
5655012,5669234,NA
5655012,5656580,CHI
5656532,5660992,FEM
5661510,5664510,CHI
5661757,5663073,OCH
5663503,5664951,OCH
5664992,5666592,FEM
5667028,5667784,OCH
5668051,5668491,FEM
5671964,5677011,NA
5671991,5673594,CHI
5672194,5672488,OCH
5674013,5674133,FEM
5674013,5676019,MAL
5679011,5681510,NA
5679391,5681011,FEM
5680132,5681517,MAL
5684901,5685853,NA
5684992,5685193,CHI
5686657,5686795,NA
5686985,5689012,NA
5687012,5688958,FEM
5691492,5700993,NA
5691511,5694493,CHI
5695512,5697642,FEM
5698085,5699055,CHI
5699373,5700856,FEM
5701506,5705666,NA
5701992,5703669,CHI
5703991,5705511,FEM
5706285,5714267,NA
5706293,5707511,CHI
5707613,5709984,FEM
5710345,5711001,CHI
5710940,5713994,FEM
5713036,5713345,MAL
5715395,5743492,NA
5715429,5719266,FEM
5719103,5719626,CHI
5720374,5721172,CHI
5721037,5722993,FEM
5723035,5724493,CHI
5724108,5725855,FEM
5725647,5726697,CHI
5726403,5727971,FEM
5728089,5729928,CHI
5729511,5731610,FEM
5731992,5734010,CHI
5733534,5736492,FEM
5736499,5737510,CHI
5737011,5738650,FEM
5738769,5740011,CHI
5739059,5740063,OCH
5739976,5743493,FEM
5744785,5760305,NA
5744787,5745815,CHI
5745796,5748197,FEM
5748246,5749638,CHI
5749566,5750511,FEM
5750011,5751992,OCH
5751105,5751512,CHI
5751575,5754341,FEM
5754491,5755355,CHI
5755411,5760215,FEM
5758368,5758511,CHI
5761511,5770011,NA
5761901,5762557,CHI
5761992,5765919,FEM
5764011,5764602,MAL
5766490,5767995,CHI
5767688,5769905,FEM
5768872,5768977,MAL
5773440,5774788,NA
5773511,5773918,FEM
5773709,5774276,CHI
5775045,5780011,NA
5775452,5777104,CHI
5776959,5779915,FEM
5777735,5777936,MAL
5780255,5781011,NA
5780314,5780866,CHI
5784973,5786011,FEM
5784978,5794119,NA
5786492,5787417,CHI
5787811,5790295,CHI
5790442,5793491,FEM
5794372,5814992,NA
5794883,5797759,FEM
5797843,5799527,CHI
5799492,5801787,FEM
5802038,5803140,CHI
5803010,5805992,FEM
5806510,5809056,CHI
5808986,5811806,FEM
5812493,5813666,CHI
5813492,5814521,FEM
5816384,5817646,NA
5816389,5817538,CHI
5820252,5823511,NA
5820356,5821428,CHI
5821077,5823008,FEM
5824511,5826992,NA
5824710,5826953,FEM
5828466,5837202,NA
5828492,5829493,CHI
5829165,5831492,FEM
5830316,5830888,OCH
5831168,5831273,OCH
5831511,5833511,CHI
5833352,5837139,FEM
5838011,5840562,NA
5838510,5840349,FEM
5838947,5839074,MAL
5839464,5840115,MAL
5843011,5844511,FEM
5843011,5861012,NA
5844945,5846354,CHI
5844992,5846244,OCH
5846509,5853448,FEM
5853689,5854990,CHI
5854937,5856609,FEM
5856906,5858722,CHI
5858627,5860991,FEM
5861990,5862522,NA
5863492,5866055,NA
5863571,5865991,CHI
5866412,5868493,NA
5866504,5867181,FEM
5867459,5868242,CHI
5872780,5887588,NA
5872993,5873660,FEM
5873852,5875011,CHI
5876483,5879492,CHI
5879404,5882936,FEM
5883204,5885291,CHI
5885011,5887510,FEM
5888805,5896011,NA
5888810,5890206,CHI
5889993,5896011,FEM
5898143,5898286,NA
5898393,5903992,NA
5898437,5899642,FEM
5899608,5902511,CHI
5904401,5910012,NA
5904611,5905804,OCH
5904708,5905653,CHI
5906198,5907715,CHI
5907558,5910012,FEM
5911564,5923511,NA
5911584,5911830,OCH
5911797,5911918,CHI
5912511,5916006,FEM
5916726,5923493,FEM
5923859,5924105,NA
5926011,5944492,NA
5926510,5928511,FEM
5926922,5927511,OCH
5929350,5931029,OCH
5929511,5931151,CHI
5931993,5933296,FEM
5933765,5934926,OCH
5934068,5934330,CHI
5935012,5941993,FEM
5939156,5939883,CHI
5941073,5941304,OCH
5941465,5943193,OCH
5943011,5944378,FEM
5945010,5966991,NA
5945360,5946492,CHI
5946369,5949992,FEM
5949825,5951992,CHI
5951806,5953077,FEM
5953878,5955741,CHI
5954148,5955339,OCH
5955512,5956739,FEM
5956505,5957511,CHI
5957511,5962012,FEM
5961511,5961668,CHI
5961992,5963511,CHI
5963978,5966781,FEM
5969226,5971356,NA
5969334,5970296,OCH
5975512,5983052,NA
5975562,5979011,OCH
5979012,5983011,FEM
5981138,5981459,MAL
5984609,6012291,NA
5984638,5985897,CHI
5985510,5988286,FEM
5988938,5992207,CHI
5992010,5994546,FEM
5993671,5995011,OCH
5995220,5996492,CHI
5996012,5997781,FEM
5998992,6000442,CHI
6000404,6001027,FEM
6001676,6003011,CHI
6002962,6005237,FEM
6005215,6006374,CHI
6006287,6011739,FEM
6012510,6019765,NA
6012895,6019844,FEM
6020511,6033493,NA
6020511,6022394,FEM
6022510,6024076,FEM
6024125,6026729,CHI
6025129,6026509,OCH
6026543,6033440,FEM
6033866,6035415,FEM
6033903,6035420,NA
6037237,6038496,NA
6037279,6038455,FEM
6041527,6041817,OCH
6041589,6041952,NA
6046307,6048258,FEM
6046321,6055050,NA
6048051,6048976,CHI
6048992,6050759,FEM
6050742,6052138,CHI
6052011,6055013,FEM
6052570,6053464,MAL
6057457,6057992,OCH
6060302,6062511,FEM
6060493,6062511,NA
6065511,6068689,NA
6065798,6068491,FEM
6069011,6072492,NA
6069295,6070993,CHI
6071485,6072074,FEM
6073515,6075010,CHI
6073593,6084992,NA
6075511,6078010,FEM
6078491,6081906,CHI
6081615,6084992,FEM
6091511,6092577,NA
6091511,6092604,FEM
6094509,6095280,CHI
6094626,6095492,NA
6097992,6099511,CHI
6097992,6099627,NA
6103721,6103848,NA
6103991,6110572,NA
6104393,6106011,CHI
6104555,6105616,OCH
6106492,6107223,OCH
6106511,6110605,CHI
6107351,6107493,OCH
6112493,6116195,CHI
6112508,6116492,NA
6117594,6125969,CHI
6117609,6126991,NA
6123511,6125511,OCH
6126216,6126511,CHI
6129992,6131993,NA
6130011,6131974,CHI
6130434,6131155,OCH
6142898,6144616,NA
6142940,6144491,CHI
6154976,6156007,NA
6155033,6155219,FEM
6157011,6162229,NA
6157696,6157954,FEM
6158219,6158992,FEM
6159802,6162011,CHI
6163511,6167510,FEM
6163511,6167510,NA
6192971,6196344,NA
6192992,6194484,CHI
6195391,6196267,FEM
6199418,6203409,NA
6199492,6200558,FEM
6200511,6202317,CHI
6200660,6201011,OCH
6202205,6203201,FEM
6211051,6213511,NA
6211240,6211591,OCH
6216991,6221061,NA
6216991,6221083,FEM
6227503,6230016,NA
6227511,6230491,FEM
6235491,6248697,NA
6235491,6239556,CHI
6239670,6240212,FEM
6240463,6242103,CHI
6242506,6244492,CHI
6243062,6243686,OCH
6244170,6245010,OCH
6245492,6246523,FEM
6246826,6248188,CHI
6246938,6247493,OCH
6249012,6251695,NA
6249098,6251655,FEM
6253511,6258280,NA
6253559,6258114,CHI
6259299,6260215,NA
6259302,6260115,FEM
6261548,6262616,CHI
6261548,6262652,NA
6265547,6285051,NA
6265603,6266805,CHI
6267311,6268813,CHI
6267321,6268852,OCH
6269066,6271511,CHI
6269511,6271511,OCH
6271511,6274862,FEM
6275193,6279263,CHI
6276012,6278790,OCH
6279493,6282161,FEM
6282863,6284512,CHI
6292509,6293884,NA
6292514,6293602,FEM
6293995,6295672,NA
6294161,6295585,CHI
6295064,6295553,OCH
6320720,6322124,NA
6320725,6322058,CHI
6322620,6323860,NA
6322639,6323825,CHI
6330633,6343475,NA
6330685,6331289,OCH
6331600,6334038,CHI
6331760,6331993,OCH
6333049,6333511,OCH
6334192,6336968,FEM
6337509,6340012,CHI
6339695,6340012,OCH
6340650,6340993,FEM
6341171,6343451,FEM
6343993,6346259,FEM
6344011,6349991,NA
6345859,6347347,CHI
6347666,6349861,FEM
6350982,6355511,NA
6350992,6353063,FEM
6353048,6353772,CHI
6353993,6355512,FEM
6357442,6381447,NA
6357543,6359011,OCH
6357562,6358510,CHI
6358284,6361011,FEM
6358824,6358993,CHI
6361364,6362802,CHI
6362300,6364011,OCH
6364325,6367011,OCH
6364362,6369708,CHI
6368492,6369616,OCH
6369492,6370992,FEM
6370993,6371352,OCH
6370993,6376493,CHI
6371492,6371907,OCH
6374970,6375512,FEM
6376961,6377707,FEM
6377992,6378908,CHI
6378375,6378714,OCH
6379012,6381241,CHI
6379079,6379555,OCH
6381762,6382803,NA
6381794,6382803,CHI
6425813,6433511,NA
6425825,6429175,CHI
6429095,6429652,FEM
6429279,6430725,CHI
6429993,6431367,OCH
6430588,6433512,FEM
6435069,6437909,NA
6435239,6437752,CHI
6436397,6437789,OCH
6438209,6444124,NA
6438324,6439492,OCH
6438376,6442266,CHI
6439598,6439927,OCH
6440759,6440889,OCH
6441311,6442992,OCH
6442991,6443139,FEM
6443294,6444011,FEM
6445992,6446589,NA
6446012,6446511,CHI
6450916,6453493,NA
6451010,6453340,CHI
6457011,6460992,FEM
6457011,6461002,NA
6475842,6477108,NA
6475992,6477072,CHI
6480879,6481886,NA
6481046,6481444,CHI
6481053,6481763,OCH
6519607,6519992,NA
6520492,6523168,OCH
6520510,6523492,NA
6521992,6523217,FEM
6525210,6539993,NA
6525313,6526511,FEM
6526941,6528529,CHI
6527512,6529993,OCH
6529012,6530190,FEM
6530662,6532785,CHI
6530765,6531450,OCH
6532709,6539621,FEM
6540553,6562511,NA
6540689,6542544,CHI
6542372,6544011,FEM
6544194,6546410,CHI
6546493,6548013,FEM
6548013,6552510,CHI
6552080,6553700,FEM
6553239,6553656,OCH
6554512,6555342,FEM
6554608,6554993,OCH
6555409,6557056,CHI
6556024,6556215,OCH
6556493,6556655,OCH
6557011,6558754,FEM
6558686,6559995,CHI
6559140,6559297,OCH
6559982,6562479,FEM
6561511,6562010,MAL
6565492,6566493,OCH
6565492,6570747,NA
6566063,6567455,FEM
6567512,6568621,CHI
6568852,6570690,FEM
6572370,6584785,NA
6572396,6573078,OCH
6573511,6576170,CHI
6575494,6577084,FEM
6578007,6580511,CHI
6580442,6581993,FEM
6582492,6583493,OCH
6582511,6584669,CHI
6585688,6591177,NA
6585734,6587092,CHI
6587330,6591010,CHI
6587492,6590843,OCH
6592992,6594447,NA
6593169,6594011,CHI
6602448,6609991,NA
6602507,6602769,OCH
6602556,6602661,CHI
6602992,6604317,CHI
6604011,6604510,FEM
6604511,6607083,CHI
6604701,6605072,OCH
6605493,6607128,OCH
6607096,6609317,FEM
6611340,6613011,FEM
6611369,6616992,NA
6613491,6615298,CHI
6613594,6614492,OCH
6615157,6617012,FEM
6618193,6621359,FEM
6618267,6623512,NA
6621554,6623511,CHI
6627493,6631381,CHI
6627493,6632996,NA
6630292,6631333,OCH
6631571,6632295,OCH
6631615,6632455,FEM
6636511,6638342,NA
6636992,6638011,CHI
6636992,6638141,OCH
6643510,6648821,NA
6643671,6648742,CHI
6652493,6654015,NA
6652511,6654011,CHI
6657878,6661727,NA
6657992,6661674,CHI
6658129,6658311,OCH
6663011,6669992,NA
6663013,6664493,CHI
6664633,6669942,FEM
6671386,6673355,NA
6671492,6672138,OCH
6671511,6672070,CHI
6672679,6672806,FEM
6683295,6684542,NA
6683492,6684024,CHI
6688992,6689645,NA
6689053,6689512,OCH
6693329,6695874,NA
6693460,6695510,OCH
6693470,6694992,CHI
6702824,6706366,NA
6702991,6703725,OCH
6702991,6704098,CHI
6704257,6706216,CHI
6704400,6704766,OCH
6707011,6711123,CHI
6707011,6711188,NA
6711301,6713129,NA
6711512,6712992,CHI
6715929,6719220,NA
6715940,6719207,CHI
6721596,6726512,OCH
6721620,6726767,NA
6722492,6723493,CHI
6726912,6728905,NA
6727011,6728666,CHI
6727158,6727276,OCH
6727399,6728071,OCH
6729009,6730820,NA
6729026,6730806,CHI
6734465,6742754,NA
6734478,6742510,CHI
6737234,6737548,OCH
6738162,6738483,OCH
6741611,6741743,OCH
6746963,6776992,NA
6747011,6752246,CHI
6749112,6749321,OCH
6749622,6750375,OCH
6751666,6751934,OCH
6752805,6756845,OCH
6752943,6753512,CHI
6754202,6754566,CHI
6754992,6757068,CHI
6757796,6759129,CHI
6759803,6763365,CHI
6759956,6760511,OCH
6762511,6763321,OCH
6763492,6764493,OCH
6763554,6776011,CHI
6767992,6769521,OCH
6777240,6794493,NA
6778870,6787993,CHI
6778990,6781013,OCH
6781145,6781493,OCH
6782511,6793011,OCH
6789511,6790993,CHI
6791497,6794459,CHI
6795380,6804552,NA
6795681,6800571,CHI
6796011,6799492,OCH
6800784,6804451,CHI
6805223,6806492,NA
6805277,6806430,CHI
6806798,6816992,NA
6806921,6810055,CHI
6807993,6812011,OCH
6810497,6816724,CHI
6814010,6816563,OCH
6818823,6821012,NA
6818988,6820510,OCH
6818992,6820988,CHI
6823011,6827724,NA
6823050,6827486,CHI
6829144,6829492,NA
6830409,6832991,NA
6830492,6832223,OCH
6831010,6832973,CHI
6834525,6835634,OCH
6835011,6835325,NA
6836385,6837070,NA
6836488,6836993,OCH
6836520,6837011,CHI
6843383,6849612,NA
6843410,6844510,CHI
6844622,6849511,CHI
6846837,6849228,OCH
6853493,6854038,NA
6853511,6854010,CHI
6859024,6869033,NA
6859193,6869011,CHI
6859379,6861011,OCH
6862011,6864120,OCH
6864251,6864492,OCH
6870255,6870493,NA
6878063,6878652,NA
6878166,6878492,CHI
6878964,6887052,NA
6879092,6881011,CHI
6879128,6884012,OCH
6883345,6887012,FEM
6887992,6889696,CHI
6888011,6910846,NA
6889509,6891092,FEM
6891667,6898380,FEM
6891770,6892221,OCH
6892607,6893400,OCH
6898242,6901018,CHI
6898993,6901109,OCH
6901511,6903978,FEM
6904465,6909506,FEM
6904580,6904702,CHI
6909479,6910895,OCH
6912397,6946024,NA
6912469,6917383,CHI
6914511,6914992,OCH
6917454,6918576,FEM
6918510,6920603,OCH
6918612,6921263,CHI
6922010,6922196,OCH
6922991,6924493,OCH
6924012,6924223,CHI
6924832,6925895,OCH
6924992,6925745,CHI
6926187,6930974,OCH
6926408,6927701,CHI
6927660,6928991,FEM
6930011,6933992,CHI
6934130,6935011,FEM
6935087,6936992,OCH
6935362,6935696,CHI
6935976,6937608,CHI
6937491,6945952,FEM
6940293,6940587,CHI
6946543,6947993,FEM
6946553,6947992,NA
6949317,6953011,CHI
6949339,6961288,NA
6951992,6952464,OCH
6953160,6958493,FEM
6958511,6961162,CHI
6959491,6960011,FEM
6961589,6961714,NA
6962011,6969331,NA
6962487,6964455,FEM
6964208,6965814,CHI
6965426,6969223,FEM
6973430,6974291,NA
6973479,6974274,FEM
6978300,6979073,FEM
6978315,6979051,NA
6981760,6982511,FEM
6981798,6982510,NA
6984659,6986600,FEM
6984671,6986532,NA
7008047,7008698,OCH
7008306,7008411,NA
7120158,7122654,NA
7120163,7122669,CHI
7169492,7173993,NA
7169830,7169992,CHI
7170498,7171038,CHI
7171011,7173993,FEM
7179511,7188510,NA
7179801,7181004,CHI
7180993,7181864,FEM
7181983,7183711,CHI
7183991,7188510,FEM
7190903,7192511,NA
7190993,7192154,FEM
7198011,7200065,FEM
7198011,7200389,NA
7204128,7204309,NA
7204488,7211511,NA
7204511,7206992,FEM
7207154,7211511,FEM
7216207,7220011,NA
7217492,7219993,FEM
7222468,7223442,OCH
7222493,7236992,NA
7223511,7230175,FEM
7229675,7231283,OCH
7231511,7233388,FEM
7231987,7234010,OCH
7233511,7234130,FEM
7234491,7234722,FEM
7234866,7236852,FEM
7237107,7241511,NA
7237848,7237966,FEM
7239011,7241512,FEM
7254379,7258993,NA
7254422,7256491,OCH
7254492,7255493,CHI
7257698,7258678,FEM
7390833,7400583,NA
7390978,7391818,FEM
7390992,7391480,OCH
7392011,7396483,FEM
7397035,7397290,OCH
7398559,7398788,MAL
7399706,7400511,OCH
7403493,7404492,OCH
7403493,7404991,NA
7405661,7410413,NA
7407529,7407821,CHI
7409308,7409419,FEM
7410273,7410389,OCH
7411875,7417493,NA
7411991,7417104,FEM
7418512,7418780,FEM
7418512,7420945,NA
7418993,7420336,FEM
7422992,7432012,NA
7423010,7424579,FEM
7424681,7432012,FEM
7436991,7440511,FEM
7436991,7440511,NA
7446873,7449435,NA
7446992,7449204,CHI
7447403,7448338,OCH
7448492,7448948,OCH
7453343,7455511,NA
7453362,7455492,CHI
7465352,7466235,NA
7465451,7466134,OCH
7465456,7466011,CHI
7468397,7469722,NA
7468490,7469629,CHI
7470714,7471742,CHI
7470725,7471992,NA
7487993,7490511,NA
7488097,7490147,CHI
7488852,7489989,OCH
7494064,7495534,NA
7494209,7495492,CHI
7494707,7495011,OCH
7505126,7506189,NA
7505247,7505510,FEM
7506332,7525801,NA
7506493,7507492,OCH
7506641,7507510,CHI
7507780,7508666,FEM
7508511,7509078,CHI
7508815,7516977,FEM
7518493,7523493,OCH
7518960,7520011,CHI
7523398,7525492,FEM
7526481,7529993,NA
7526491,7529993,FEM
7536389,7537143,OCH
7536394,7537120,NA
7539416,7540012,NA
7539492,7539873,OCH
7539510,7539836,CHI
7548987,7550556,NA
7548992,7550664,CHI
7558626,7558948,NA
7558631,7560170,OCH
7559435,7562420,NA
7560511,7562307,FEM
7565302,7573567,NA
7565468,7566492,CHI
7565736,7566511,OCH
7566839,7567992,OCH
7567258,7570493,CHI
7568279,7568406,OCH
7570010,7573555,FEM
7575402,7577029,NA
7575491,7577011,FEM
7583304,7585992,NA
7583431,7586011,FEM
7587795,7589832,NA
7587992,7588493,CHI
7588397,7589553,FEM
7590397,7594177,NA
7590444,7591991,CHI
7591436,7593971,FEM
7612491,7615491,NA
7612620,7615156,FEM
7612993,7615011,OCH
7616290,7619927,CHI
7616292,7622030,NA
7619511,7620510,OCH
7619538,7621990,FEM
7623035,7624780,CHI
7623048,7630704,NA
7624726,7626012,FEM
7627314,7629010,CHI
7629452,7630363,CHI
7631228,7642630,NA
7631326,7632492,CHI
7632858,7637888,CHI
7634824,7634993,OCH
7637993,7639733,FEM
7638427,7638621,OCH
7640114,7642463,FEM
7640852,7641529,MAL
7643222,7644459,NA
7643271,7644273,CHI
7645406,7650018,NA
7645448,7647515,CHI
7647991,7650011,FEM
7648558,7648686,OCH
7651493,7664610,NA
7651511,7664510,FEM
7665292,7670511,NA
7665889,7667011,CHI
7667011,7670504,FEM
7672490,7677213,NA
7672511,7673437,FEM
7673992,7676756,FEM
7677391,7687573,NA
7677511,7680511,CHI
7682168,7685965,CHI
7685992,7687568,FEM
7688947,7690012,NA
7689011,7689510,FEM
7691704,7698491,NA
7691782,7694091,CHI
7692595,7694093,OCH
7694359,7698492,FEM
7722955,7723738,NA
7722992,7723596,OCH
7723085,7723232,CHI
7726342,7734493,NA
7726418,7731710,CHI
7731629,7732675,FEM
7732724,7734089,CHI
7733510,7734156,FEM
7749493,7759493,NA
7749511,7752867,CHI
7752044,7752871,OCH
7753278,7755737,FEM
7754992,7755221,CHI
7755522,7758492,CHI
7757993,7758477,OCH
7758362,7759061,FEM
7768347,7768938,NA
7776233,7777192,NA
7776290,7777011,CHI
7778511,7780511,NA
7778899,7780016,CHI
7779532,7780070,MAL
7782510,7782822,NA
7783493,7784227,NA
7783513,7784011,CHI
7785082,7793012,NA
7786069,7788538,CHI
7786884,7788536,OCH
7788778,7789747,OCH
7788803,7789113,CHI
7789061,7793011,FEM
7800492,7806054,NA
7800972,7802995,OCH
7800995,7802345,CHI
7803010,7803184,FEM
7803452,7803992,OCH
7803494,7805011,CHI
7804252,7804517,OCH
7805631,7806011,FEM
7809510,7810897,CHI
7809510,7810992,NA
7812732,7822592,NA
7812791,7814431,CHI
7814016,7818311,FEM
7819011,7822567,CHI
7822816,7822991,NA
7824011,7831991,NA
7824492,7831510,CHI
7824593,7825011,OCH
7832511,7833010,FEM
7832511,7833010,NA
7839492,7841492,NA
7840010,7841438,FEM
7850243,7862444,NA
7850343,7852464,CHI
7850463,7853511,OCH
7852748,7853610,CHI
7853011,7853970,FEM
7854992,7856290,CHI
7856123,7857011,FEM
7857692,7859992,OCH
7858080,7858492,CHI
7858721,7862155,CHI
7863355,7864956,NA
7863443,7864569,CHI
7863494,7864517,OCH
7865692,7877896,NA
7865994,7873065,CHI
7867253,7867665,OCH
7872010,7872312,OCH
7872420,7873282,OCH
7873045,7876746,FEM
7877211,7877668,FEM
7878337,7880512,NA
7878511,7880492,FEM
7881776,7886052,CHI
7881813,7886062,NA
7890791,7901647,NA
7890850,7896493,CHI
7895629,7897011,OCH
7897492,7898584,FEM
7898693,7898806,FEM
7899491,7901492,CHI
7900011,7900148,OCH
7900568,7900762,OCH
7906511,7908357,FEM
7906511,7909155,NA
7908602,7908907,OCH
7911511,7913492,NA
7912203,7913011,FEM
7923012,7924510,NA
7923191,7924492,CHI
7928012,7928824,NA
7928992,7929632,NA
7932511,7933179,NA
7932563,7933071,MAL
7932759,7933004,FEM
7937300,7947012,NA
7937632,7940430,CHI
7940096,7942369,FEM
7941974,7943683,OCH
7943010,7944139,FEM
7944510,7947011,CHI
7949492,7951993,NA
7949931,7951602,CHI
7949991,7951520,OCH
7960555,7961549,NA
7961011,7961510,FEM
7961720,7961890,NA
7969502,7976991,NA
7969504,7970010,FEM
7970341,7971021,CHI
7971181,7973515,FEM
7974280,7975493,CHI
7975189,7976991,FEM
7979450,7982515,NA
7979492,7982454,FEM
7983308,7984012,NA
7995456,7996992,CHI
7995480,7999414,NA
7997130,7999307,FEM
8005583,8008150,NA
8005657,8008089,CHI
8020445,8021856,NA
8020492,8021511,CHI
8024921,8028792,NA
8024992,8028510,CHI
8025040,8025430,OCH
8025762,8026083,OCH
8031393,8037276,CHI
8031401,8038492,NA
8036985,8038193,FEM
8037993,8038128,CHI
8038852,8038992,NA
8039734,8045995,NA
8039790,8041400,CHI
8040992,8045957,FEM
8046736,8050374,FEM
8046764,8052920,NA
8049491,8050039,OCH
8050840,8052445,CHI
8050841,8051511,OCH
8052011,8052510,FEM
8054137,8055745,NA
8054157,8055720,CHI
8062011,8065492,NA
8062082,8065433,CHI
8066172,8095992,NA
8066193,8072066,CHI
8072489,8076544,CHI
8076279,8083512,FEM
8084516,8087005,CHI
8087050,8088494,FEM
8089276,8089992,CHI
8089328,8091510,OCH
8090216,8090526,CHI
8091492,8091794,FEM
8091993,8094350,CHI
8094011,8095977,FEM
8097383,8105169,NA
8097450,8099510,CHI
8097492,8097774,OCH
8099811,8102037,CHI
8099992,8102012,OCH
8101564,8105082,FEM
8116133,8123492,NA
8116181,8117840,FEM
8117990,8123344,FEM
8119838,8120511,OCH
8123968,8124699,NA
8123971,8124658,FEM
8125863,8126616,FEM
8125864,8133682,NA
8126374,8127928,CHI
8127167,8133235,FEM
8134511,8141011,NA
8134533,8135844,FEM
8135758,8139769,CHI
8135986,8138500,OCH
8139293,8140419,FEM
8142182,8160510,NA
8142296,8159006,CHI
8148156,8148283,FEM
8159511,8160491,CHI
8160728,8160991,NA
8162007,8257643,NA
8162463,8163011,CHI
8162512,8164491,OCH
8163511,8169316,CHI
8166992,8167510,OCH
8168189,8168309,OCH
8168484,8168965,OCH
8169890,8181512,CHI
8169905,8170194,OCH
8180988,8182201,FEM
8182112,8183086,OCH
8182510,8184511,CHI
8183440,8184992,FEM
8184925,8192191,CHI
8185492,8186096,OCH
8188992,8191511,OCH
8192097,8194488,FEM
8193992,8195016,OCH
8194780,8194969,CHI
8195356,8200012,OCH
8195767,8196429,FEM
8196258,8210500,CHI
8201648,8203511,OCH
8205823,8206512,OCH
8206655,8207210,OCH
8208010,8208359,OCH
8208493,8208704,OCH
8209175,8210047,OCH
8211171,8212511,CHI
8211313,8212730,OCH
8212511,8213480,FEM
8213486,8217312,CHI
8215054,8217276,OCH
8216993,8220137,FEM
8217607,8218167,CHI
8219991,8221010,CHI
8220945,8222492,FEM
8222443,8225097,CHI
8222992,8223667,FEM
8223463,8225012,OCH
8225061,8229319,FEM
8229207,8230044,CHI
8229249,8230798,OCH
8230413,8233992,FEM
8233974,8235694,CHI
8234992,8235427,OCH
8235592,8238758,FEM
8237324,8239990,OCH
8238135,8238299,CHI
8238512,8240537,CHI
8240051,8240893,FEM
8241107,8243540,CHI
8241510,8243569,OCH
8243517,8244319,FEM
8245474,8249853,OCH
8247992,8248510,FEM
8250321,8251118,FEM
8250366,8250531,OCH
8250643,8251465,OCH
8250832,8256841,CHI
8255410,8256428,OCH
8256511,8257368,FEM
8256642,8257408,OCH
8258011,8261102,OCH
8258072,8261477,NA
8258289,8261117,CHI
8262062,8318632,NA
8262138,8266011,FEM
8266374,8279672,CHI
8267010,8269492,OCH
8271033,8273007,OCH
8275492,8281493,OCH
8280510,8315657,CHI
8289992,8292559,OCH
8296012,8298938,OCH
8300492,8304993,OCH
8305777,8310515,OCH
8310738,8310984,OCH
8313011,8315991,OCH
8315985,8318314,CHI
8316375,8316512,OCH
8316992,8317616,FEM
8319038,8359298,NA
8319108,8332991,OCH
8319473,8319648,CHI
8320492,8333160,CHI
8331522,8333992,FEM
8333992,8336545,OCH
8336132,8337225,CHI
8337011,8338511,FEM
8337902,8351839,CHI
8339036,8339149,OCH
8339328,8345013,OCH
8348663,8352991,OCH
8352666,8357038,CHI
8354991,8357011,OCH
8355012,8355198,FEM
8357251,8358993,CHI
8357453,8358010,OCH
8359627,8364315,NA
8359784,8360511,CHI
8359833,8360835,OCH
8360817,8360992,CHI
8360992,8364038,OCH
8361576,8361721,FEM
8362511,8364003,CHI
8364511,8365360,NA
8365511,8440119,NA
8365694,8366993,CHI
8365803,8371988,OCH
8367992,8368993,CHI
8368491,8368602,FEM
8369377,8369510,FEM
8370010,8371951,CHI
8372573,8374066,OCH
8372587,8376170,CHI
8374349,8374511,OCH
8375358,8375964,OCH
8376011,8378038,FEM
8378333,8379492,CHI
8378367,8380623,OCH
8379538,8379757,FEM
8380518,8380746,CHI
8380889,8383036,CHI
8382958,8385805,FEM
8385871,8386867,CHI
8387315,8388739,CHI
8388640,8390491,FEM
8390591,8393325,CHI
8390721,8391307,OCH
8393235,8393878,FEM
8394011,8396274,CHI
8396212,8402733,FEM
8402493,8404027,CHI
8402992,8403760,OCH
8403976,8406279,FEM
8405267,8407270,OCH
8406269,8406492,CHI
8407937,8410299,CHI
8408011,8410190,OCH
8410993,8413511,FEM
8413011,8414511,OCH
8414891,8417130,FEM
8417199,8422010,CHI
8417491,8418747,OCH
8418943,8419512,OCH
8422458,8424304,FEM
8424219,8428053,CHI
8428013,8429493,FEM
8428901,8429132,CHI
8429309,8431334,CHI
8431906,8433450,CHI
8433430,8438747,FEM
8440401,8443089,NA
8440511,8442879,FEM
8442492,8442762,CHI
8447968,8449882,NA
8447993,8449655,FEM
8449112,8449257,MAL
8451353,8457992,NA
8451474,8457843,FEM
8459098,8460878,NA
8459264,8459519,FEM
8459444,8460492,CHI
8460987,8465957,NA
8461010,8463933,FEM
8463943,8465011,CHI
8464993,8465511,FEM
8467369,8474993,NA
8467424,8469206,CHI
8469490,8474927,FEM
8476491,8478712,FEM
8476491,8478992,NA
8479213,8481913,NA
8480066,8481512,FEM
8480810,8481601,OCH
8486011,8493414,NA
8486222,8493357,FEM
8496277,8498491,OCH
8496510,8496863,NA
8497243,8497559,NA
8501542,8503020,MAL
8509452,8509690,OCH
8511132,8512607,OCH
8512727,8513208,OCH
8513589,8516156,OCH
8513724,8516017,NA
8519548,8521694,OCH
8519747,8521495,NA
8538011,8538134,OCH
8538492,8539619,OCH
8538991,8539511,NA
8541583,8542725,OCH
8541992,8542402,NA
8550510,8552992,NA
8550898,8552926,FEM
8555139,8555318,NA
8555492,8557492,NA
8555993,8556482,FEM
8556194,8556385,OCH
8556680,8556788,FEM
8558298,8558992,NA
8560510,8562012,OCH
8560613,8560846,NA
8562216,8562758,OCH
8563042,8563152,OCH
8563492,8563757,OCH
8563958,8564263,OCH
8566331,8567313,OCH
8566493,8566814,NA
8579491,8580011,OCH
8599492,8600633,OCH
8599605,8601011,NA
8601209,8601336,NA
8603493,8606512,OCH
8603528,8604873,NA
8605096,8605229,NA
8609983,8613993,OCH
8610492,8613963,NA
8614131,8618512,NA
8614416,8615725,FEM
8615876,8618460,FEM
8616993,8618362,OCH
8628512,8630530,NA
8629011,8630493,FEM
8637511,8638748,NA
8637992,8638245,FEM
8644796,8645793,OCH
8644841,8645621,NA
8647248,8647361,NA
8647668,8648512,NA
8653510,8660010,NA
8653657,8655341,FEM
8655010,8656991,OCH
8658001,8659182,FEM
8658596,8659021,MAL
8659722,8659835,OCH
8660684,8664493,NA
8660692,8661662,OCH
8661992,8663764,MAL
8662511,8663510,FEM
8665009,8671315,NA
8665540,8666804,FEM
8667992,8669815,FEM
8670026,8672139,OCH
8672010,8676460,NA
8673013,8674668,MAL
8673529,8674511,FEM
8674827,8674992,FEM
8675247,8681467,OCH
8676639,8676793,NA
8676992,8679355,NA
8678116,8678415,FEM
8680762,8683011,NA
8682169,8682424,FEM
8682738,8682839,FEM
8684012,8685328,NA
8685510,8686077,NA
8686668,8687011,NA
8687326,8687434,NA
8688570,8688928,OCH
8688716,8692827,NA
8689511,8692824,OCH
8690617,8691012,FEM
8693214,8693992,OCH
8695510,8702415,NA
8696405,8696864,OCH
8698112,8699627,MAL
8699108,8700311,FEM
8700492,8702492,OCH
8706045,8706492,NA
8706067,8707007,OCH
8716511,8720223,OCH
8718756,8719374,NA
8723992,8724373,OCH
8724493,8724952,OCH
8748493,8749490,MAL
8748493,8751011,NA
8749510,8750983,FEM
8749951,8750511,MAL
8753422,8754807,NA
8758493,8762221,NA
8758738,8759011,FEM
8759190,8759990,MAL
8760228,8762326,MAL
8760243,8760516,FEM
8760992,8761493,FEM
8762840,8765044,NA
8762978,8763501,FEM
8763810,8764436,MAL
8764048,8764510,FEM
8768012,8768144,NA
8768250,8771593,NA
8768626,8769660,FEM
8770013,8771758,MAL
8771132,8771468,OCH
8772189,8774354,OCH
8772511,8772854,NA
8773010,8774362,NA
8774857,8782992,NA
8775007,8776693,CHI
8777369,8781510,CHI
8777511,8778993,OCH
8780209,8782032,OCH
8782012,8782363,FEM
8793787,8795993,OCH
8793789,8796011,NA
8793993,8795296,CHI
8797992,8800098,NA
8798004,8799992,CHI
8800814,8803205,NA
8800927,8802981,CHI
8800993,8802512,OCH
8803934,8805513,NA
8803991,8805511,CHI
8806663,8808676,NA
8806992,8808673,CHI
8815478,8832512,NA
8815492,8832492,CHI
8840985,8843256,NA
8841022,8842131,OCH
8842002,8843087,CHI
8852510,8852748,NA
8865536,8868123,NA
8865992,8867460,CHI
8867011,8867328,FEM
8867492,8868012,FEM
8874112,8874492,FEM
8874321,8874491,NA
8875992,8876103,OCH
8876464,8877509,OCH
8876515,8879505,NA
8878280,8879011,FEM
8880320,8881015,OCH
8880373,8881013,NA
8881496,8882826,NA
8881626,8882492,OCH
8886805,8896263,NA
8887011,8890496,CHI
8889991,8890511,OCH
8891729,8896209,CHI
8897453,8900818,NA
8897637,8900492,OCH
8897992,8898490,CHI
8901510,8904090,NA
8901657,8904131,OCH
8902157,8902493,CHI
8909492,8910381,NA
8909538,8910090,OCH
8916855,8917012,NA
8927444,8935492,NA
8927992,8928301,CHI
8928068,8930010,OCH
8928478,8932405,CHI
8933509,8935453,OCH
8942493,8943209,OCH
8942883,8943001,NA
8944255,8944493,OCH
8944952,8948541,OCH
8944992,8953377,NA
8947010,8948510,CHI
8949148,8953301,FEM
8959866,8961493,NA
8959992,8961467,FEM
8968011,8974440,NA
8968492,8969636,OCH
8969010,8969661,CHI
8969957,8972011,CHI
8972939,8973523,OCH
8978492,8980407,NA
8978511,8978891,FEM
8988136,8989808,CHI
8988190,8989878,NA
8991898,8994217,NA
8992011,8993297,OCH
8992026,8994137,FEM
8999492,9002602,OCH
8999512,9002782,NA
8999993,9002511,CHI
9013992,9025992,NA
9014993,9016746,CHI
9014993,9018520,OCH
9017352,9020290,CHI
9021203,9023992,CHI
9022492,9025011,OCH
9024585,9025525,FEM
9027011,9029794,NA
9027323,9029011,OCH
9028005,9029510,FEM
9033491,9045879,NA
9033638,9036090,OCH
9034011,9035994,CHI
9036399,9037012,OCH
9037511,9040992,CHI
9037727,9041011,OCH
9041196,9045511,FEM
9044992,9045827,MAL
9046303,9046430,MAL
9050511,9052308,CHI
9050511,9052492,NA
9058492,9060291,NA
9058709,9060202,OCH
9069207,9070511,CHI
9069207,9070540,NA
9070729,9070916,NA
9072402,9075993,NA
9072452,9074030,CHI
9074012,9075993,FEM
9083050,9084088,NA
9083266,9083649,FEM
9086725,9088991,NA
9087839,9087950,FEM
9092743,9102011,NA
9092804,9094627,CHI
9093492,9094511,OCH
9095591,9095837,FEM
9096011,9098210,OCH
9097576,9098151,FEM
9098323,9099511,FEM
9098938,9102011,OCH
9099672,9099993,FEM
9104655,9107098,CHI
9104712,9107098,NA
9116511,9118511,NA
9116992,9118237,CHI
9143012,9143250,NA
9146473,9147219,OCH
9189102,9190135,NA
9189133,9189492,FEM
9190888,9191349,NA
9191011,9191158,FEM
9237615,9238045,OCH
9246668,9247011,OCH
9248511,9252011,OCH
9248784,9250284,NA
9251731,9251993,NA
9261343,9262732,NA
9261493,9262306,CHI
9267011,9267392,NA
9277478,9277923,NA
9278911,9286992,NA
9279362,9279791,OCH
9279363,9280095,CHI
9280513,9280616,CHI
9280985,9284510,CHI
9284510,9286878,FEM
9294667,9295992,NA
9294991,9295595,CHI
9368109,9368409,OCH
9368853,9369447,OCH
9370846,9372129,OCH
9375011,9375510,OCH
9386450,9387491,OCH
9386609,9387011,NA
9395776,9396436,OCH
9400806,9401493,NA
9400845,9401321,OCH
9402141,9403967,OCH
9402372,9402760,NA
9402914,9403511,NA
9405992,9409035,OCH
9406073,9406993,NA
9409993,9410422,OCH
9411491,9412510,NA
9411491,9412991,OCH
9414863,9415038,OCH
9415492,9415632,OCH
9420980,9422668,OCH
9421007,9422500,NA
9422949,9423265,OCH
9424492,9424632,OCH
9438010,9439060,OCH
9438508,9438908,NA
9443753,9444992,NA
9443993,9444643,OCH
9445312,9446368,OCH
9455010,9456475,OCH
9455776,9456011,NA
9464725,9465010,OCH
9468787,9470071,OCH
9468993,9469150,NA
9471473,9473992,OCH
9471617,9473510,NA
9476963,9480029,OCH
9482010,9484003,OCH
9482103,9483823,NA
9484660,9486104,OCH
9484779,9485992,NA
9486308,9486484,OCH
9486511,9488723,NA
9486614,9491874,OCH
9488824,9491011,NA
9492500,9492934,OCH
9493058,9493530,OCH
9495735,9498609,OCH
9495773,9498745,NA
9498011,9498301,FEM
9498992,9501012,NA
9499083,9500509,FEM
9502338,9504010,OCH
9502785,9502944,NA
9508242,9508598,OCH
9509493,9510185,OCH
9509682,9510011,NA
9512993,9513359,OCH
9513492,9515492,OCH
9513511,9514993,NA
9516511,9519992,OCH
9517336,9518303,NA
9518492,9519702,NA
9521493,9525511,OCH
9521992,9525492,NA
9523236,9523879,CHI
9524301,9524512,CHI
9527011,9527762,OCH
9527984,9529982,OCH
9528057,9529189,NA
9528806,9528983,CHI
9529329,9529511,NA
9531626,9532433,OCH
9534416,9537492,OCH
9534480,9534826,NA
9535598,9537491,NA
9538493,9539394,NA
9538493,9539602,OCH
9539805,9539910,OCH
9551991,9552695,OCH
9553108,9553229,OCH
9559991,9560492,NA
9565756,9567418,OCH
9565992,9566363,NA
9566772,9567012,NA
9572997,9576191,OCH
9574492,9574664,NA
9574991,9575492,NA
9580432,9581817,OCH
9585937,9587511,NA
9586011,9587283,OCH
9586019,9587011,CHI
9588512,9592101,NA
9589492,9589732,FEM
9590479,9590884,OCH
9591583,9591866,MAL
9593576,9595272,NA
9594492,9595322,OCH
9595493,9596342,OCH
9595522,9596335,NA
9597260,9598510,OCH
9598011,9601249,NA
9598979,9600791,OCH
9599722,9601011,FEM
9601637,9602731,NA
9601696,9602840,OCH
9604243,9605382,NA
9604717,9605335,OCH
9604742,9605277,CHI
9606171,9607443,NA
9606492,9607079,CHI
9608191,9610008,NA
9608552,9610115,OCH
9610252,9614258,OCH
9610287,9614261,NA
9617564,9617903,NA
9623234,9624012,OCH
9624493,9626251,OCH
9628848,9629493,OCH
9630993,9631121,OCH
9635993,9638511,OCH
9636011,9638510,NA
9645083,9645324,OCH
9645492,9645706,OCH
9647790,9648438,NA
9647993,9648270,OCH
9650011,9651158,OCH
9650269,9650495,NA
9653475,9659992,OCH
9654066,9655902,NA
9656553,9657188,NA
9657510,9658674,NA
9658789,9658991,NA
9660511,9662463,NA
9660511,9662597,OCH
9664010,9664143,OCH
9707867,9708075,OCH
9719992,9722824,NA
9720992,9722541,FEM
9724011,9724617,NA
9725219,9728307,FEM
9725223,9728492,NA
9728738,9728993,NA
9728993,9730011,OCH
9729116,9729840,NA
9732012,9732255,NA
9732511,9732776,NA
9732990,9735074,NA
9733011,9734012,FEM
9734467,9734702,MAL
9734992,9735166,OCH
9737845,9742837,NA
9737864,9739492,FEM
9739855,9742511,FEM
9743340,9743993,NA
9744492,9745370,NA
9745010,9745319,FEM
9746897,9747528,NA
9746933,9747515,FEM
9748234,9749157,FEM
9748242,9749285,NA
9752010,9755559,OCH
9752083,9755801,NA
9753571,9753708,FEM
9755810,9755940,MAL
9756415,9756672,MAL
9760299,9760437,NA
9760789,9760905,NA
9761037,9761542,NA
9762746,9765002,NA
9762771,9764992,OCH
9763718,9763833,FEM
9764187,9764437,CHI
9792510,9797058,NA
9792829,9793496,OCH
9793011,9796899,CHI
9798099,9800291,OCH
9799063,9799681,NA
9799785,9799942,NA
9802991,9805058,OCH
9803226,9803349,NA
9804167,9804327,NA
9804488,9804631,NA
9808207,9809140,OCH
9815545,9817011,OCH
9815992,9816188,NA
9817622,9817747,OCH
9818013,9818221,OCH
9818493,9819615,OCH
9818609,9819517,NA
9819782,9820011,OCH
9819841,9820011,NA
9820349,9820492,NA
9820686,9821010,NA
9823640,9823780,OCH
9829944,9834829,OCH
9831000,9831339,NA
9831512,9833993,NA
9834164,9834491,NA
9835715,9841993,OCH
9835879,9837512,NA
9838893,9840511,NA
9840675,9841492,NA
9846011,9846556,OCH
9880993,9883011,NA
9881207,9881580,OCH
9881671,9882953,FEM
9894499,9897051,OCH
9895115,9895220,NA
9895362,9896844,NA
9898291,9899514,OCH
9898301,9901735,NA
9898818,9900239,FEM
9899754,9899864,OCH
9900390,9901510,FEM
9904798,9905492,NA
9915779,9916412,OCH
9915973,9916412,NA
9929491,9930991,NA
9929512,9930918,FEM
9931601,9932492,OCH
9931776,9932468,NA
9944493,9946010,OCH
9944785,9945511,NA
9947510,9948485,NA
9947549,9947682,FEM
9947991,9948455,FEM
9949473,9951250,NA
9949510,9951257,FEM
9951608,9952511,NA
9951613,9952396,FEM
9970727,9971993,NA
9970923,9971409,FEM
9974492,9975570,NA
9974818,9975512,FEM
9999511,10000782,OCH
10013492,10014142,NA
10013492,10014197,MAL
10014492,10016510,NA
10014511,10016593,MAL
10016706,10017010,MAL
10019089,10019712,NA
10021516,10021626,OCH
10029698,10031050,NA
10077531,10078986,OCH
10105655,10106097,OCH
10106492,10107511,NA
10115493,10116640,OCH
10115650,10116504,NA
10117583,10118233,OCH
10133333,10134899,OCH
10133993,10136691,NA
10135709,10136749,OCH
10165453,10165750,NA
10200818,10203040,CHI
10200824,10203134,NA
10220492,10221010,OCH
10220511,10222116,NA
10221128,10221778,OCH
10222991,10225134,NA
10223126,10224451,CHI
10224073,10224510,OCH
10224564,10224718,CHI
10224831,10224959,OCH
10225948,10227085,NA
10227522,10230511,NA
10227639,10227774,OCH
10228012,10229993,OCH
10229011,10230410,CHI
10240018,10245511,NA
10240071,10241846,CHI
10242011,10245492,CHI
10250871,10253147,NA
10251011,10252741,OCH
10251031,10251492,CHI
10252011,10252791,CHI
10254252,10261010,NA
10254296,10258753,CHI
10256492,10258492,OCH
10259011,10261001,CHI
10265196,10271700,NA
10265344,10271606,CHI
10266404,10266919,OCH
10274486,10276582,NA
10274492,10276228,CHI
10274511,10276511,OCH
10278492,10282135,NA
10278493,10281917,CHI
10278993,10281923,OCH
10283153,10292357,NA
10283274,10284992,CHI
10283510,10283613,OCH
10283993,10286011,OCH
10286673,10291857,CHI
10287010,10289511,OCH
10290491,10290992,OCH
10292511,10300581,NA
10292832,10295900,CHI
10293004,10293409,OCH
10294759,10298991,OCH
10296676,10300510,CHI
10303197,10306277,NA
10303244,10305500,CHI
10304012,10306012,OCH
10306511,10308511,NA
10306589,10308356,CHI
10309135,10311511,NA
10309270,10311422,CHI
10310833,10310953,OCH
10313492,10318286,CHI
10313492,10318492,NA
10314992,10315157,OCH
10315630,10317010,OCH
10317230,10317492,OCH
10334491,10338592,NA
10334523,10338492,CHI
10335489,10336512,OCH
10336773,10338445,OCH
10339488,10350853,NA
10339512,10341579,OCH
10339583,10345493,CHI
10344355,10347992,OCH
10346376,10348200,CHI
10348702,10350641,CHI
10353607,10354108,NA
10354991,10356078,NA
10354993,10356011,CHI
10356733,10380427,NA
10356814,10362391,CHI
10358012,10358324,OCH
10359492,10360012,FEM
10360256,10361164,OCH
10361729,10362986,FEM
10362708,10365992,CHI
10365528,10371993,FEM
10372587,10374057,FEM
10373999,10375123,CHI
10374009,10375354,OCH
10375493,10376040,FEM
10375511,10375634,OCH
10375852,10376672,OCH
10376993,10377995,CHI
10377011,10380015,OCH
10378822,10379330,FEM
10380920,10403323,NA
10381011,10383301,OCH
10381254,10381492,CHI
10381630,10383253,CHI
10383512,10384523,FEM
10385206,10386492,CHI
10385511,10386389,OCH
10386510,10387992,FEM
10387548,10388873,CHI
10388512,10390434,FEM
10390013,10391798,CHI
10391490,10393021,FEM
10393706,10394521,CHI
10394200,10394313,FEM
10394504,10395670,FEM
10395604,10397089,CHI
10397001,10398491,FEM
10398623,10401129,CHI
10401011,10402693,FEM
10404604,10433610,NA
10404686,10405305,CHI
10405493,10409361,CHI
10409648,10410011,OCH
10409842,10415367,FEM
10410127,10410321,OCH
10412493,10412992,OCH
10415662,10418492,OCH
10417493,10433172,CHI
10424992,10425140,OCH
10425491,10427992,OCH
10434012,10444849,NA
10434079,10444649,CHI
10440704,10440805,OCH
10440993,10441368,OCH
10445132,10459707,NA
10445218,10459344,CHI
10446011,10449548,OCH
10449888,10449991,OCH
10450286,10450488,OCH
10451388,10453992,OCH
10453035,10453219,FEM
10455011,10457487,OCH
10460141,10472283,NA
10460279,10460770,CHI
10460980,10469131,CHI
10461511,10465510,OCH
10465635,10465991,OCH
10468992,10469807,FEM
10469576,10470835,CHI
10471304,10471675,CHI
10473087,10485991,NA
10473152,10483102,CHI
10473239,10475790,OCH
10476511,10480011,OCH
10480215,10480895,OCH
10481010,10485011,OCH
10483722,10485767,CHI
10486852,10536696,NA
10486992,10490249,OCH
10488511,10488724,CHI
10488936,10495190,CHI
10492423,10493743,OCH
10493857,10494151,OCH
10494507,10500452,OCH
10495351,10497516,CHI
10499215,10503010,CHI
10502468,10503492,FEM
10503329,10513764,CHI
10503493,10506077,OCH
10507013,10507425,FEM
10507992,10510984,OCH
10512011,10514765,OCH
10514510,10514623,FEM
10514944,10517011,OCH
10515511,10529465,CHI
10518339,10518648,OCH
10519085,10522990,OCH
10524492,10524600,OCH
10524725,10525012,OCH
10526510,10531510,OCH
10530511,10536510,CHI
10533011,10534992,OCH
10536011,10536428,OCH
10536905,10537119,NA
10539342,10563991,NA
10539354,10542248,OCH
10539713,10539991,CHI
10540198,10542257,CHI
10542643,10543507,CHI
10542803,10543932,OCH
10544367,10547992,CHI
10544477,10544582,OCH
10544762,10545322,OCH
10547143,10555457,OCH
10549070,10555511,CHI
10556075,10559992,CHI
10556792,10557025,OCH
10557378,10561011,OCH
10561735,10561991,OCH
10563149,10563282,OCH
10564555,10648815,NA
10565988,10566990,OCH
10566511,10570492,CHI
10567287,10567511,OCH
10569123,10569273,OCH
10569462,10574492,OCH
10570703,10571732,CHI
10573991,10576492,CHI
10574741,10575011,OCH
10576961,10577489,FEM
10577473,10584993,OCH
10577491,10579492,CHI
10580066,10582358,CHI
10584010,10586992,CHI
10586055,10586214,OCH
10586992,10595511,OCH
10588512,10589013,CHI
10589187,10589290,CHI
10595055,10595171,CHI
10595551,10595991,FEM
10595878,10598510,OCH
10598482,10598919,FEM
10598837,10601834,OCH
10599491,10601622,CHI
10602065,10603432,OCH
10603011,10604364,FEM
10604491,10606992,FEM
10606754,10611629,OCH
10608992,10610011,CHI
10610325,10610445,CHI
10612154,10612940,FEM
10613469,10619011,OCH
10616078,10618876,CHI
10618992,10620625,FEM
10621076,10623493,OCH
10621108,10621992,CHI
10622381,10624762,CHI
10625015,10629257,FEM
10626888,10628290,CHI
10629510,10632141,OCH
10632323,10633265,OCH
10633675,10634321,OCH
10633825,10634269,CHI
10634122,10636564,FEM
10636002,10636610,OCH
10637011,10640011,OCH
10638511,10640462,CHI
10640374,10642092,FEM
10640992,10641635,MAL
10641746,10641847,MAL
10642622,10645170,FEM
10645511,10646368,CHI
10646616,10648688,FEM
10647121,10647268,OCH
10650913,10659511,NA
10650958,10652622,CHI
10651647,10652496,OCH
10652511,10654610,FEM
10655012,10659448,FEM
10655321,10655493,CHI
10659124,10659237,CHI
10662589,10675698,NA
10662708,10663840,CHI
10662887,10663015,OCH
10663130,10663262,OCH
10663692,10668397,FEM
10668486,10671491,CHI
10670333,10670542,OCH
10671029,10672602,FEM
10673404,10674287,OCH
10673497,10673993,CHI
10674511,10675611,FEM
10676011,10679992,NA
10676131,10677511,CHI
10676991,10677166,OCH
10677785,10679849,FEM
10680247,10681415,NA
10680375,10681328,FEM
10684992,10690643,NA
10685652,10687967,CHI
10687294,10689012,FEM
10689011,10690648,CHI
10689195,10689492,FEM
10696511,10698425,NA
10696512,10698250,FEM
10699511,10703954,NA
10699575,10701315,CHI
10699680,10700512,OCH
10700935,10702131,FEM
10702441,10703862,CHI
10705878,10707324,FEM
10705893,10707329,NA
10710536,10715111,NA
10710547,10712192,FEM
10712512,10714012,OCH
10712876,10713497,CHI
10713740,10715066,FEM
10714236,10714344,CHI
10716280,10727801,NA
10716423,10718693,CHI
10717893,10723011,FEM
10723511,10724955,CHI
10724992,10727314,FEM
10727011,10727359,CHI
10729704,10733914,NA
10729719,10730888,FEM
10730811,10731953,CHI
10730991,10731857,OCH
10732011,10733493,FEM
10732662,10733249,MAL
10734992,10747950,NA
10735068,10736237,CHI
10735148,10736012,OCH
10736172,10740733,FEM
10740992,10742011,CHI
10741513,10747635,FEM
10746160,10746487,CHI
10749740,10773247,NA
10749993,10760992,FEM
10750332,10750951,OCH
10757872,10758601,CHI
10760992,10762150,CHI
10762138,10773130,FEM
10762261,10762482,MAL
10764279,10764740,CHI
10764941,10765803,MAL
10766512,10766677,CHI
10766881,10767011,CHI
10778481,10779168,NA
10778493,10779011,CHI
10780012,10784050,NA
10780175,10784011,FEM
10786244,10795189,NA
10786245,10788118,CHI
10787185,10787288,OCH
10787486,10787673,OCH
10788346,10795072,FEM
10797492,10799274,FEM
10797492,10801569,NA
10799511,10801511,FEM
10802879,10809332,NA
10803011,10809267,FEM
10809960,10820362,NA
10810010,10812011,CHI
10812302,10813789,MAL
10813033,10813511,FEM
10814492,10820135,FEM
10814745,10814993,OCH
10820496,10822065,NA
10820512,10822049,FEM
10823299,10824463,FEM
10823352,10824456,NA
10825788,10827901,CHI
10825851,10846492,NA
10827057,10827850,OCH
10828811,10830271,CHI
10828861,10829136,OCH
10830419,10831128,FEM
10831992,10832863,CHI
10832167,10832305,OCH
10833116,10835993,FEM
10836011,10838492,CHI
10836143,10837647,OCH
10837992,10839492,FEM
10839197,10841759,CHI
10840510,10843718,OCH
10842616,10842729,CHI
10843013,10844159,FEM
10844159,10844512,CHI
10844511,10846372,FEM
10846668,10879451,NA
10846891,10851228,FEM
10851719,10852926,CHI
10851845,10852820,OCH
10852667,10854992,FEM
10854758,10857492,OCH
10856012,10859422,CHI
10859368,10859645,FEM
10859537,10862343,CHI
10862338,10863992,FEM
10863035,10863587,MAL
10863582,10868476,CHI
10865608,10866696,OCH
10868011,10868354,FEM
10868492,10870633,FEM
10871067,10871543,CHI
10871839,10872295,FEM
10872186,10873344,CHI
10872856,10873011,OCH
10874012,10878992,FEM
10879696,10886493,NA
10879863,10880006,FEM
10880317,10882602,CHI
10882510,10885539,FEM
10885517,10886432,CHI
10887659,10891846,NA
10887760,10891493,FEM
10892440,10892860,NA
10894487,10897280,NA
10894492,10895562,FEM
10895752,10896267,CHI
10896296,10897185,FEM
10897781,10899011,NA
10897900,10898874,OCH
10898214,10898685,CHI
10900818,10908788,NA
10900894,10905707,FEM
10901771,10901901,OCH
10906640,10908697,FEM
10911324,10912266,MAL
10911340,10936492,NA
10911993,10912460,OCH
10912053,10914407,FEM
10913700,10914451,CHI
10915012,10917376,OCH
10915337,10917511,CHI
10917354,10921514,FEM
10921886,10923511,FEM
10923861,10926153,CHI
10924011,10926038,OCH
10926011,10932413,FEM
10931779,10932159,MAL
10932268,10933512,CHI
10932982,10933515,OCH
10933512,10935387,FEM
10936753,10960010,NA
10936942,10940626,CHI
10937111,10938058,OCH
10938270,10938454,OCH
10940282,10944011,FEM
10943993,10945721,CHI
10945511,10951851,FEM
10951755,10952482,CHI
10952388,10953277,FEM
10953298,10954813,CHI
10953325,10954511,OCH
10954784,10955734,FEM
10955690,10957511,CHI
10957432,10960010,FEM
10961688,10967096,NA
10961767,10963492,CHI
10962449,10963372,OCH
10963487,10966658,FEM
10967554,10970418,NA
10967609,10968723,CHI
10968011,10968249,OCH
10968821,10970259,OCH
10969511,10969751,CHI
10973394,10977491,NA
10973492,10973998,CHI
10973991,10977491,FEM
10978382,10981873,FEM
10978411,10989100,NA
10982819,10985492,FEM
10985779,10987764,CHI
10986511,10986666,OCH
10986800,10987512,OCH
10988379,10989035,FEM
10993992,11000803,NA
10994012,10996459,CHI
10996656,11000779,FEM
11001469,11003070,FEM
11001469,11003268,NA
11004069,11005733,CHI
11004101,11009531,NA
11005642,11009100,FEM
11009952,11019410,NA
11011013,11011172,CHI
11011992,11012932,CHI
11013011,11015014,FEM
11015511,11015886,FEM
11015576,11015735,MAL
11015777,11017016,CHI
11017453,11019306,FEM
11017885,11019230,MAL
11020045,11034993,NA
11020134,11021391,CHI
11020173,11020922,OCH
11021311,11027693,FEM
11027802,11028949,CHI
11028493,11031053,FEM
11030926,11031901,CHI
11031491,11034841,FEM
11036508,11040199,NA
11036512,11038515,CHI
11038511,11040408,FEM
11043493,11045015,NA
11043803,11045011,CHI
11047310,11050992,NA
11047377,11050511,OCH
11048992,11049991,CHI
11052992,11053868,NA
11053100,11053512,OCH
11053280,11053494,CHI
11054009,11054942,NA
11054068,11054341,OCH
11055285,11057492,NA
11055481,11056993,CHI
11059715,11063492,NA
11059738,11063272,FEM
11063949,11067199,NA
11064008,11065777,CHI
11065553,11067011,FEM
11069511,11073418,FEM
11069511,11073656,NA
11073929,11075844,NA
11073993,11075783,CHI
11076995,11090745,NA
11077010,11078036,CHI
11077236,11077351,OCH
11077493,11077957,OCH
11078458,11079511,OCH
11078993,11079859,FEM
11080078,11080333,MAL
11080506,11083574,OCH
11081991,11082166,CHI
11082493,11083406,CHI
11082855,11084428,FEM
11084536,11086011,OCH
11084585,11086510,CHI
11086991,11088491,OCH
11087493,11090654,CHI
11093360,11094227,NA
11093375,11094195,CHI
11098196,11110046,NA
11098235,11099543,CHI
11100181,11104135,FEM
11104376,11105512,OCH
11105218,11106646,FEM
11106566,11108449,CHI
11108011,11109773,OCH
11108429,11110010,FEM
11112898,11115011,NA
11112992,11114759,CHI
11113100,11113491,OCH
11115422,11115969,NA
11116347,11119492,NA
11116366,11117208,FEM
11117228,11118991,CHI
11122193,11142392,NA
11122390,11123991,CHI
11122491,11122992,OCH
11123146,11123494,OCH
11124992,11126212,FEM
11126894,11130127,CHI
11130387,11130861,FEM
11130735,11131803,CHI
11131666,11136666,FEM
11137122,11137929,CHI
11138055,11139511,CHI
11139491,11141025,FEM
11141299,11142065,CHI
11141511,11141879,OCH
11142856,11145483,NA
11142932,11144010,OCH
11143011,11145304,CHI
11154491,11155492,OCH
11154491,11156767,NA
11154682,11155387,CHI
11155762,11156596,FEM
11158752,11163339,NA
11158865,11163084,CHI
11159049,11160242,OCH
11160367,11161730,OCH
11163700,11172011,NA
11163992,11164156,MAL
11164832,11166417,CHI
11166787,11172011,FEM
11178294,11183954,FEM
11178425,11189510,NA
11185288,11187492,CHI
11187511,11188010,FEM
11188511,11189309,FEM
11188788,11188965,OCH
11191492,11192454,OCH
11191492,11194445,NA
11193991,11194150,OCH
11195742,11200492,NA
11195879,11197771,CHI
11197992,11199992,FEM
11200697,11202283,NA
11200818,11201989,MAL
11201699,11201979,FEM
11204011,11209256,NA
11204492,11205702,FEM
11205975,11207349,CHI
11207111,11208491,FEM
11208436,11208588,MAL
11212001,11214011,FEM
11212012,11214012,NA
11221674,11225830,NA
11221723,11224143,FEM
11224295,11225572,FEM
11225999,11227992,NA
11226475,11227764,FEM
11226563,11226737,MAL
11232965,11274992,NA
11232992,11236021,CHI
11235993,11236511,FEM
11236139,11236487,MAL
11236492,11240176,CHI
11240011,11244729,FEM
11244675,11248511,CHI
11245578,11247544,OCH
11249012,11250993,FEM
11250993,11259623,CHI
11255259,11255360,OCH
11255492,11255695,OCH
11255993,11259123,OCH
11259729,11260492,FEM
11259866,11260079,MAL
11260780,11262635,CHI
11260848,11262512,OCH
11262993,11274854,FEM
11265531,11267512,OCH
11279539,11281385,NA
11279655,11281103,FEM
11280747,11280909,MAL
11282780,11288992,NA
11282784,11284878,CHI
11284731,11288992,FEM
11293012,11294068,NA
11293086,11294011,CHI
11294635,11295263,CHI
11294674,11295403,NA
11296739,11297492,NA
11296849,11297372,CHI
11303138,11304010,CHI
11303152,11304011,NA
11306831,11308512,NA
11308030,11308180,FEM
11310712,11312011,NA
11310725,11312011,FEM
11316993,11318765,NA
11317011,11318754,FEM
11320773,11323493,NA
11320793,11323290,FEM
11324011,11345577,NA
11324492,11324614,MAL
11324505,11326002,CHI
11326014,11326421,FEM
11326159,11326275,CHI
11326492,11329511,CHI
11329210,11333992,FEM
11332096,11332626,CHI
11333839,11335235,CHI
11335471,11338967,CHI
11336114,11336301,OCH
11336492,11336668,OCH
11336976,11337511,OCH
11337698,11338260,OCH
11338512,11341511,FEM
11341492,11344992,CHI
11344102,11345734,OCH
11347953,11357096,NA
11348011,11349012,CHI
11349492,11356500,FEM
11351011,11352137,OCH
11356178,11356944,CHI
11364278,11371247,NA
11364492,11367754,CHI
11364511,11364837,OCH
11365205,11366823,OCH
11367592,11371011,FEM
11373991,11375992,NA
11374012,11375877,FEM
11377010,11393941,NA
11377056,11378992,CHI
11378576,11385080,FEM
11385023,11385963,CHI
11385993,11390703,FEM
11390085,11391011,CHI
11390875,11390993,FEM
11391779,11393871,FEM
11398511,11402058,NA
11398754,11402011,FEM
11409299,11416493,NA
11409324,11410541,FEM
11410492,11411012,CHI
11410887,11416493,FEM
11419652,11420146,NA
11419669,11420012,CHI
11421992,11424511,FEM
11421992,11425504,NA
11424849,11425492,CHI
11427991,11429037,FEM
11427991,11429046,NA
11471198,11472143,NA
11471367,11472012,CHI
11477924,11490992,NA
11477941,11490992,CHI
11493993,11495976,CHI
11493993,11496011,NA
11499373,11506226,NA
11499492,11506195,CHI
11540991,11542491,NA
11541071,11542019,CHI
11567998,11569692,CHI
11567998,11569733,NA
11572465,11574158,NA
11572467,11574048,CHI
11574510,11575835,NA
11574581,11575676,FEM
11575143,11575524,OCH
11576324,11577510,NA
11576382,11577499,FEM
11580992,11582590,FEM
11580992,11582600,NA
11583825,11585534,NA
11583911,11585362,OCH
11584011,11585511,FEM
11586491,11587978,NA
11586512,11587978,CHI
11609668,11617544,NA
11609698,11617514,CHI
11620866,11623510,NA
11620876,11623387,CHI
11626619,11628639,NA
11626624,11628666,CHI
11633595,11634255,CHI
11633595,11634493,NA
11647270,11649440,CHI
11647282,11649467,NA
11735258,11740255,NA
11735290,11737092,CHI
11736399,11736993,FEM
11737953,11740221,FEM
11744011,11745683,FEM
11744011,11745980,NA
11747012,11748993,NA
11747258,11748866,FEM
11754511,11754820,NA
11754944,11762145,NA
11754946,11757816,FEM
11757869,11758757,CHI
11758826,11761992,FEM
11762579,11765512,NA
11762601,11763993,CHI
11764307,11765492,FEM
11766492,11769163,CHI
11766492,11770491,NA
11769011,11770398,FEM
11775011,11777304,FEM
11775011,11777662,NA
11778993,11782250,NA
11779007,11781511,FEM
11781693,11781992,FEM
11781992,11782216,MAL
11783991,11787425,NA
11784012,11786464,CHI
11785962,11787211,FEM
11791011,11793822,NA
11791059,11792797,CHI
11792442,11793529,FEM
11795600,11795909,NA
11797977,11798549,NA
11797993,11798511,CHI
11811493,11813795,CHI
11811493,11814011,NA
11817492,11818992,NA
11817645,11818862,FEM
11823492,11826992,NA
11823509,11826493,FEM
11827414,11849534,NA
11827492,11828454,CHI
11828864,11830877,FEM
11831260,11834643,FEM
11834481,11835215,CHI
11835026,11835998,FEM
11835811,11840992,CHI
11838513,11838920,MAL
11840823,11842511,FEM
11842821,11843511,CHI
11843967,11847436,FEM
11844515,11844847,CHI
11844596,11844716,MAL
11846993,11848493,CHI
11848310,11849510,FEM
11853636,11858734,NA
11853947,11854452,FEM
11854343,11856491,CHI
11856081,11858513,FEM
11859102,11861790,NA
11859492,11860235,CHI
11860201,11861755,FEM
11864428,11866993,NA
11864463,11865413,FEM
11865261,11866918,CHI
11870957,11876011,NA
11871004,11872060,CHI
11872119,11876010,FEM
11873000,11873491,CHI
11879992,11881490,MAL
11880209,11899826,NA
11881963,11884511,FEM
11883993,11886760,CHI
11886510,11890574,FEM
11890410,11891625,CHI
11890906,11891011,FEM
11891492,11893664,FEM
11892493,11893075,CHI
11893215,11893328,CHI
11893510,11895147,CHI
11895010,11896316,FEM
11896490,11899541,CHI
11896492,11896595,OCH
11896811,11896922,OCH
11897079,11897415,OCH
11899941,11906738,NA
11899967,11906670,CHI
11910351,11911083,NA
11910491,11911011,CHI
11916992,11926273,NA
11917506,11922719,CHI
11917930,11918084,OCH
11922469,11926237,FEM
11926992,11928992,NA
11927010,11928964,FEM
11931501,11934010,FEM
11931511,11934037,NA
11944328,11945698,CHI
11944344,11945702,NA
11952011,11957011,NA
11952267,11954169,CHI
11954993,11956993,CHI
11959738,11966512,NA
11959826,11962241,CHI
11962492,11963493,FEM
11963793,11965511,CHI
11965229,11965511,FEM
11972337,11978358,NA
11972492,11973758,CHI
11973661,11975583,FEM
11975486,11978112,CHI
11979159,11982693,CHI
11979239,11982695,NA
11987266,11993493,NA
11987366,11989852,CHI
11990492,11993180,FEM
11995012,11996993,NA
11995216,11996983,FEM
11997992,11999231,FEM
11998010,12001827,NA
11998996,12000267,CHI
12000012,12001710,FEM
12003701,12005002,NA
12003920,12004824,FEM
12007511,12009892,NA
12007560,12009617,FEM
12013491,12013793,NA
12024909,12028297,NA
12025250,12027243,CHI
12027214,12028075,FEM
12028773,12041181,NA
12029185,12031537,CHI
12031443,12032012,FEM
12032015,12033726,CHI
12033510,12034565,FEM
12035010,12036794,CHI
12036630,12037688,FEM
12037812,12039866,CHI
12039511,12041011,FEM
12043426,12045765,NA
12043461,12045511,FEM
12048510,12049722,NA
12048544,12049511,FEM
12050134,12051511,NA
12050308,12051511,CHI
12085799,12091992,NA
12085829,12091717,CHI
12086785,12086888,OCH
12087028,12087492,OCH
12097801,12101512,NA
12098992,12100492,FEM
12100619,12101301,CHI
12123493,12128512,NA
12123555,12126000,CHI
12123722,12127038,OCH
12126734,12128422,CHI
12127188,12127814,OCH
12130493,12130920,CHI
12130493,12131092,NA
12131404,12133220,NA
12132337,12133117,OCH
12134445,12137250,NA
12134492,12137087,CHI
12138010,12154016,NA
12138039,12139873,CHI
12139991,12146510,FEM
12147992,12148841,CHI
12149286,12154011,FEM
12155798,12163510,NA
12155822,12157380,CHI
12157396,12158010,FEM
12158657,12158773,CHI
12160004,12160112,FEM
12160479,12163510,FEM
12165512,12167512,FEM
12165512,12169657,NA
12167390,12169634,CHI
12172673,12178011,NA
12172874,12173510,CHI
12173161,12177992,FEM
12182493,12184012,FEM
12182493,12190610,NA
12184373,12185750,CHI
12186575,12189152,CHI
12187010,12189057,OCH
12189415,12190266,FEM
12191725,12193235,NA
12191752,12193186,FEM
12196872,12204133,NA
12196877,12204051,FEM
12212964,12215510,NA
12212993,12215511,FEM
12222961,12230018,NA
12223028,12223301,FEM
12223280,12223511,CHI
12223413,12230011,FEM
12232561,12232696,NA
12233368,12239993,NA
12233462,12234167,CHI
12234011,12237857,FEM
12238013,12239778,CHI
12243511,12253710,NA
12243601,12248012,CHI
12246630,12247183,OCH
12247511,12250493,FEM
12251010,12253673,FEM
12256491,12259029,NA
12256491,12259093,FEM
12265955,12270012,FEM
12265972,12270275,NA
12269003,12269562,MAL
12273010,12278491,NA
12273270,12278268,FEM
12277376,12277552,MAL
12279379,12291711,NA
12279492,12280837,CHI
12280741,12281673,FEM
12281495,12283248,CHI
12283979,12285992,FEM
12285764,12286981,CHI
12286510,12289348,FEM
12289298,12290235,CHI
12289992,12291391,FEM
12292560,12301111,NA
12292668,12296035,FEM
12293937,12294555,OCH
12295010,12295695,CHI
12296070,12297034,CHI
12296792,12297803,FEM
12298004,12299492,OCH
12298510,12300965,CHI
12302192,12307101,NA
12302319,12303993,FEM
12303568,12305701,CHI
12305491,12307011,FEM
12308510,12310992,FEM
12308510,12311011,NA
12315893,12318510,FEM
12315903,12321511,NA
12318011,12319511,OCH
12318510,12320189,CHI
12320026,12321511,FEM
12324076,12329628,NA
12324304,12325475,FEM
12325125,12327177,CHI
12327088,12328286,FEM
12328379,12329577,CHI
12331492,12338991,NA
12331663,12332343,CHI
12331712,12331835,OCH
12331712,12333511,FEM
12333511,12335011,CHI
12333512,12334616,OCH
12335137,12338696,FEM
12346643,12348493,NA
12346655,12348240,FEM
12353511,12355992,NA
12353663,12355666,FEM
12356984,12362791,NA
12356992,12358595,FEM
12358764,12360094,CHI
12359893,12362635,FEM
12364888,12368066,NA
12364964,12366655,CHI
12366555,12367972,FEM
12368923,12377492,NA
12368938,12371010,CHI
12370882,12374271,FEM
12374492,12377433,FEM
12379407,12382011,FEM
12379422,12399491,NA
12382134,12384011,CHI
12383832,12389026,FEM
12389708,12391610,CHI
12391512,12393093,FEM
12393373,12394261,CHI
12394370,12395806,FEM
12395562,12397511,CHI
12397411,12399431,FEM
12401348,12418760,NA
12401492,12402035,OCH
12401492,12402098,CHI
12402367,12405226,FEM
12405793,12407511,CHI
12407524,12409139,FEM
12409160,12410664,CHI
12410574,12412481,FEM
12412676,12414380,CHI
12414587,12418634,FEM
12414634,12415493,OCH
12418070,12418293,MAL
12420010,12421991,CHI
12420010,12425999,NA
12421991,12423491,FEM
12423544,12424676,CHI
12424627,12425952,FEM
12431467,12435682,NA
12431468,12433012,FEM
12433100,12433910,CHI
12433741,12435511,FEM
12439362,12440511,OCH
12439362,12445283,NA
12440010,12441991,CHI
12441808,12444250,FEM
12444297,12445011,CHI
12445512,12447765,NA
12445863,12447653,FEM
12450687,12469700,NA
12450687,12454690,CHI
12454751,12457016,FEM
12456992,12460993,CHI
12460492,12461283,FEM
12461992,12469512,FEM
12470537,12492792,NA
12471341,12473548,CHI
12474366,12474710,FEM
12474493,12474765,OCH
12474751,12474992,CHI
12474830,12475768,FEM
12474992,12475667,OCH
12476813,12478197,FEM
12479201,12483492,CHI
12479633,12479734,OCH
12484010,12484833,FEM
12484493,12484618,MAL
12484962,12486494,CHI
12487282,12488480,FEM
12488492,12491059,CHI
12491012,12492846,FEM
12494373,12495991,CHI
12494402,12503793,NA
12496012,12499314,FEM
12497583,12499031,MAL
12499836,12500877,FEM
12501444,12503545,FEM
12505791,12511493,NA
12506010,12508011,FEM
12506695,12506892,CHI
12507492,12509266,CHI
12509306,12511434,FEM
12512991,12516147,NA
12513234,12514765,FEM
12515008,12516088,CHI
12519858,12525511,NA
12519868,12521734,CHI
12522106,12522756,FEM
12522841,12524447,CHI
12524412,12525426,FEM
12526512,12530213,NA
12526537,12530209,FEM
12538511,12540848,FEM
12538511,12540963,NA
12549011,12553863,NA
12549109,12549332,OCH
12549544,12552171,CHI
12549884,12551048,OCH
12551308,12551446,OCH
12551404,12553743,FEM
12556627,12558166,FEM
12556807,12571876,NA
12558157,12559391,CHI
12559253,12565431,FEM
12561743,12563203,CHI
12565493,12567493,CHI
12567555,12569011,FEM
12569015,12570461,CHI
12569114,12569254,FEM
12569393,12569501,FEM
12570010,12571492,FEM
12571099,12571271,CHI
12572631,12585061,NA
12573510,12574011,CHI
12574492,12579183,FEM
12580982,12582511,FEM
12582473,12583723,CHI
12583235,12585010,FEM
12588011,12591511,NA
12588271,12589493,CHI
12588991,12591289,FEM
12593068,12594288,CHI
12593102,12596474,NA
12594250,12596258,FEM
12597228,12608691,NA
12597382,12600011,CHI
12600412,12601458,FEM
12601317,12603099,CHI
12602986,12605048,FEM
12605301,12606977,CHI
12606492,12608536,FEM
12611492,12613036,FEM
12611492,12616202,NA
12613433,12615421,CHI
12614923,12616160,FEM
12617589,12622835,NA
12617824,12622670,CHI
12621079,12621822,FEM
12625441,12627532,CHI
12625458,12631892,NA
12627537,12628757,FEM
12629491,12631511,CHI
12629579,12630991,OCH
12632011,12662997,NA
12632080,12633886,CHI
12633815,12636741,FEM
12636959,12639576,CHI
12638492,12640566,OCH
12640490,12643732,FEM
12644492,12646733,CHI
12647202,12649178,CHI
12649461,12652011,CHI
12652511,12653993,FEM
12653994,12655513,OCH
12654514,12662702,FEM
12664981,12671331,NA
12664991,12666765,FEM
12666976,12668010,CHI
12667901,12671188,FEM
12680111,12682992,CHI
12680170,12683010,NA
12691112,12694273,NA
12691161,12692568,CHI
12692924,12693695,CHI
12693491,12694051,FEM
12694901,12718595,NA
12695506,12703015,CHI
12703011,12712535,FEM
12707543,12708230,MAL
12712012,12713455,OCH
12712493,12714282,CHI
12714492,12715474,FEM
12715334,12716684,CHI
12716765,12718510,FEM
12720993,12735912,NA
12720993,12725003,FEM
12724992,12725491,CHI
12725215,12729511,FEM
12729270,12730011,CHI
12729800,12733548,FEM
12733671,12734861,CHI
12734847,12735605,FEM
12739152,12744790,FEM
12739187,12751992,NA
12744942,12745983,CHI
12745905,12748011,FEM
12748089,12749564,CHI
12749511,12751794,FEM
12752615,12752740,NA
12752841,12754493,NA
12752989,12754493,FEM
12755510,12769597,NA
12755991,12756924,CHI
12756115,12756493,OCH
12756493,12757511,FEM
12758496,12759011,CHI
12759159,12760357,FEM
12760384,12762011,CHI
12761992,12762910,FEM
12762476,12766673,CHI
12766611,12769492,FEM
12770285,12778299,NA
12770327,12774416,CHI
12774993,12778238,FEM
12780993,12785291,NA
12781010,12785251,FEM
12786512,12788264,FEM
12786512,12812332,NA
12788511,12790541,FEM
12790536,12791992,CHI
12791903,12793493,FEM
12793017,12794492,CHI
12793866,12798993,FEM
12798992,12800511,CHI
12800511,12800783,FEM
12800805,12801492,OCH
12800990,12802991,FEM
12802762,12804060,CHI
12802992,12803535,OCH
12803645,12804511,FEM
12803996,12804271,OCH
12804492,12806512,CHI
12804743,12805511,OCH
12805619,12805990,OCH
12806753,12812172,FEM
12813733,12816143,FEM
12813822,12827040,NA
12815729,12816510,CHI
12816510,12819510,FEM
12819018,12822245,CHI
12820651,12820756,OCH
12821136,12821244,OCH
12821382,12821485,OCH
12822011,12823491,FEM
12823446,12825493,OCH
12825999,12827012,FEM
12828360,12834864,NA
12828491,12830626,FEM
12830152,12831993,CHI
12832244,12834558,FEM
12836510,12839752,CHI
12836510,12841146,NA
12839011,12840928,FEM
12839992,12840950,MAL
12845010,12847843,CHI
12845010,12848611,NA
12847493,12848511,FEM
12852199,12853691,NA
12852208,12853669,FEM
12854492,12972624,NA
12854525,12856209,FEM
12856023,12856723,CHI
12856492,12860456,FEM
12858991,12859492,CHI
12861123,12864512,FEM
12864805,12865993,OCH
12864992,12877827,CHI
12866681,12866961,OCH
12867992,12868746,FEM
12870498,12870864,OCH
12870993,12871491,OCH
12872773,12875510,OCH
12877905,12881702,FEM
12878301,12879423,MAL
12882011,12884395,FEM
12885131,12887286,FEM
12886511,12887485,CHI
12887500,12888116,FEM
12887861,12890534,CHI
12890011,12890536,OCH
12890065,12891158,FEM
12891012,12895492,CHI
12891511,12892010,OCH
12895052,12897021,FEM
12896756,12897915,CHI
12897395,12898647,FEM
12898460,12899678,CHI
12898492,12899974,OCH
12900155,12900982,FEM
12900851,12902614,CHI
12902421,12904998,FEM
12904972,12906614,CHI
12906670,12907917,FEM
12907568,12909085,CHI
12908671,12912011,FEM
12911174,12913241,OCH
12911992,12913300,CHI
12913312,12915492,FEM
12915313,12915696,OCH
12915987,12916161,OCH
12916182,12916538,CHI
12916493,12917492,FEM
12916992,12919037,CHI
12919819,12921507,FEM
12921235,12921350,MAL
12921577,12922746,CHI
12921785,12922254,OCH
12922511,12924224,FEM
12923402,12925511,CHI
12925367,12929248,FEM
12929011,12929134,CHI
12929483,12931010,CHI
12931890,12939011,FEM
12936699,12937519,CHI
12938702,12940050,OCH
12938775,12940493,CHI
12939622,12945493,FEM
12942799,12944024,OCH
12944256,12944474,OCH
12944492,12944983,CHI
12945692,12947570,CHI
12947297,12949336,FEM
12948992,12951358,CHI
12951137,12954011,FEM
12953010,12954485,MAL
12954477,12956618,CHI
12956510,12958052,FEM
12957989,12958936,CHI
12958652,12961418,FEM
12961595,12965118,CHI
12961615,12965511,OCH
12965226,12965354,CHI
12965366,12966709,FEM
12966487,12968779,CHI
12966824,12966966,FEM
12968490,12969079,FEM
12968952,12971350,OCH
12969354,12969492,FEM
12970513,12970629,FEM
12970765,12972561,FEM
12974992,13003011,NA
12975078,12976511,FEM
12976867,12977893,OCH
12976941,12982511,CHI
12981511,12982677,OCH
12982802,12985993,FEM
12986197,12987493,FEM
12987959,12988519,OCH
12987992,12988886,CHI
12988775,12990726,FEM
12991421,12992736,CHI
12993475,12993986,FEM
12993841,12995225,CHI
12994047,12994511,OCH
12995443,12999015,FEM
12999194,13001599,CHI
12999253,12999950,FEM
13001511,13003011,FEM
13005492,13008045,CHI
13005492,13008492,NA
13005716,13008075,OCH
13009429,13034512,NA
13009493,13011008,CHI
13010993,13011270,FEM
13012054,13015679,OCH
13012274,13013006,CHI
13013809,13014793,CHI
13015011,13021418,CHI
13015834,13016229,OCH
13017073,13017311,OCH
13017483,13017991,OCH
13018219,13020948,OCH
13021757,13026180,OCH
13021946,13022148,CHI
13022308,13033393,CHI
13029107,13029436,FEM
13033211,13034512,FEM
13037821,13038185,OCH
13037903,13038242,NA
13040992,13041493,FEM
13041010,13041506,NA
13042011,13042546,NA
13054993,13055511,FEM
13055011,13055510,NA
13061010,13063182,FEM
13061010,13063430,NA
13070992,13071745,FEM
13070992,13072492,NA
13071993,13072221,FEM
13086645,13086787,NA
13088657,13088772,NA
13089011,13094992,NA
13089303,13092270,FEM
13092492,13094991,FEM
13104511,13105426,OCH
13110992,13112359,FEM
13110992,13112376,NA
13124837,13126511,OCH
13125382,13125512,NA
13138224,13139993,NA
13138487,13139992,FEM
13179993,13180190,OCH
13229558,13230493,NA
13229733,13229880,CHI
13240650,13241111,NA
13268968,13269493,NA
13268985,13269511,OCH
13313930,13314154,OCH
13338999,13339210,OCH
13347634,13352349,NA
13347955,13352324,FEM
13361068,13367590,FEM
13361119,13368158,NA
13368424,13372493,NA
13368551,13369774,FEM
13370511,13372492,FEM
13376829,13378510,NA
13376991,13377492,FEM
13377646,13378510,FEM
13383492,13385512,NA
13383557,13384011,FEM
13386759,13388308,NA
13386872,13388011,OCH
13386948,13387842,CHI
13390086,13392624,NA
13390512,13392507,FEM
13393330,13398615,NA
13393492,13398561,FEM
13399508,13407036,NA
13399992,13400978,OCH
13401511,13401713,FEM
13401992,13402601,FEM
13402505,13403013,CHI
13403018,13404012,FEM
13404623,13406116,CHI
13405122,13405748,OCH
13406237,13407003,FEM
13407702,13416749,NA
13407805,13409012,CHI
13410185,13410732,OCH
13410510,13410883,CHI
13410875,13410988,OCH
13411155,13412620,FEM
13413411,13414012,OCH
13413679,13413957,CHI
13415200,13415806,FEM
13416948,13427699,NA
13417000,13420510,FEM
13418745,13419361,OCH
13419041,13419250,CHI
13420218,13422010,CHI
13421012,13421658,OCH
13421992,13423249,FEM
13423492,13426511,CHI
13426482,13427462,FEM
13428011,13428114,NA
13428511,13431128,NA
13428656,13430651,FEM
13431326,13436221,NA
13431422,13432651,FEM
13432512,13434208,CHI
13434120,13436172,FEM
13438948,13449140,NA
13438992,13441078,CHI
13439491,13440991,OCH
13440992,13442993,FEM
13442993,13443199,CHI
13443492,13446113,CHI
13445492,13445686,OCH
13446049,13449071,FEM
13449512,13454993,NA
13449950,13453900,FEM
13453906,13454758,CHI
13455966,13459491,NA
13456010,13457991,OCH
13456044,13457841,CHI
13457807,13459491,FEM
13461491,13463192,CHI
13461491,13465492,NA
13462991,13464034,FEM
13463974,13465012,CHI
13466842,13471219,NA
13466993,13468176,CHI
13467182,13467330,OCH
13468024,13469794,FEM
13470686,13470946,CHI
13471758,13473493,NA
13471950,13473511,FEM
13476000,13477333,NA
13476512,13476920,FEM
13483824,13491934,NA
13483974,13485012,CHI
13483992,13485492,OCH
13485012,13485992,FEM
13485574,13486489,CHI
13486596,13488091,CHI
13488091,13491886,FEM
13492988,13496780,NA
13493010,13494684,FEM
13494516,13495154,CHI
13495012,13496669,FEM
13497511,13502476,NA
13497681,13499696,CHI
13497771,13498991,OCH
13499276,13499499,OCH
13500599,13502362,FEM
13503011,13504979,FEM
13503011,13507012,NA
13505042,13506049,CHI
13505511,13507011,FEM
13508141,13510471,NA
13508196,13508660,CHI
13509030,13509492,CHI
13509111,13510010,OCH
13511446,13515427,FEM
13511446,13516991,NA
13516070,13516256,CHI
13517758,13537107,NA
13518752,13519511,OCH
13519511,13520886,CHI
13520505,13522351,FEM
13522255,13524359,CHI
13522859,13523011,OCH
13523993,13526308,FEM
13526511,13530512,CHI
13528917,13530657,OCH
13530491,13532492,FEM
13532565,13533117,OCH
13533343,13533738,FEM
13535286,13535392,FEM
13535648,13537010,FEM
13535898,13536413,OCH
13539493,13540539,NA
13539493,13540556,FEM
13541511,13542913,FEM
13541511,13543119,NA
13543227,13555315,NA
13543511,13545492,CHI
13544881,13547962,FEM
13547964,13549218,CHI
13549012,13551214,FEM
13550817,13551809,CHI
13551511,13553992,FEM
13553781,13555279,CHI
13556752,13561492,NA
13556791,13559049,FEM
13559474,13561050,CHI
13564010,13567510,NA
13564063,13566012,CHI
13566177,13567505,FEM
13606885,13616836,CHI
13606890,13616993,NA
13610511,13610779,OCH
13611011,13612992,OCH
13618420,13620150,CHI
13618422,13620202,NA
13624011,13625840,CHI
13624011,13625992,NA
13628512,13630591,NA
13628827,13630504,CHI
13631492,13633669,CHI
13631510,13633716,NA
13640282,13644167,CHI
13640314,13644185,NA
13655989,13656510,NA
13656011,13656170,CHI
13762992,13764710,CHI
13762992,13766462,NA
13765439,13766367,FEM
13794011,13803510,CHI
13794011,13803510,NA
13853891,13877511,NA
13853992,13857634,CHI
13854625,13854952,OCH
13858388,13862992,CHI
13863901,13865784,CHI
13864328,13864493,OCH
13864713,13865732,OCH
13866139,13877511,CHI
13866633,13867011,OCH
13869993,13871110,OCH
13955703,13956878,CHI
13955731,13956900,NA
15461996,15464011,NA
15462011,15464011,CHI
17609010,17610579,NA
17609400,17610407,CHI
17609543,17610010,OCH
17611992,17613033,CHI
17611992,17613394,NA
20940986,20941842,NA
20940992,20941510,CHI
20941193,20941510,OCH
21168265,21168861,NA
21397492,21397993,NA
21397492,21398012,FEM
21661243,21661407,NA
23419731,23421496,NA
23419751,23421415,CHI
23439412,23442380,NA
23439491,23442343,CHI
23654174,23655482,NA
23654209,23655134,CHI
23655264,23655397,CHI
23675492,23676076,CHI
23675492,23676192,NA
23806781,23806899,NA
23852608,23853079,NA
23852608,23853113,CHI
23959270,23961477,NA
23959270,23961492,CHI
24186526,24186717,NA
24510992,24516535,CHI
24510992,24520655,NA
24516189,24516795,MAL
24517402,24520672,CHI
24529041,24529515,NA
24530511,24536701,CHI
24530511,24536885,NA
24533180,24534010,OCH
24537011,24539044,NA
24537016,24539011,CHI
24555575,24561532,NA
24555607,24557492,CHI
24558010,24561510,CHI
24644647,24648511,NA
24644738,24647441,CHI
24646493,24648511,OCH
24650492,24653992,NA
24650506,24653992,CHI
24661493,24670530,CHI
24661493,24670572,NA
24683010,24689738,NA
24683049,24689510,CHI
24690371,24701107,NA
24690380,24694260,CHI
24692221,24692764,OCH
24694433,24697037,CHI
24697207,24700992,CHI
24702395,24703512,NA
24702492,24703302,CHI
24702680,24703208,OCH
24717724,24728993,NA
24717749,24724939,CHI
24725247,24728011,CHI
24727680,24728578,FEM
24946942,24956492,NA
24946979,24956491,CHI
24977891,24983512,NA
24977914,24983511,CHI
25125174,25126912,NA
25125242,25126666,CHI
25134992,25137338,NA
25135010,25137259,CHI
25146511,25148848,CHI
25146511,25149493,NA
25156492,25160253,CHI
25156492,25160491,NA
25161381,25179206,NA
25161386,25168121,CHI
25165991,25166271,OCH
25168519,25179142,CHI
25168897,25169511,OCH
25180652,25182491,NA
25180693,25182151,CHI
25184665,25185622,OCH
25184669,25187993,NA
25185320,25187936,CHI
25190011,25192510,NA
25190119,25192510,CHI
25193973,25207223,NA
25194011,25197011,CHI
25194414,25194993,OCH
25197127,25197264,CHI
25197375,25197486,CHI
25197777,25207011,CHI
25205511,25206523,OCH
25221731,25221993,NA
25239917,25251669,NA
25239986,25251704,CHI
25282493,25285407,CHI
25282493,25285510,NA
25287321,25290070,CHI
25287375,25290067,NA
25300492,25303646,NA
25300510,25303492,CHI
25306622,25310227,NA
25306707,25309993,OCH
25308899,25309010,CHI
25323379,25328588,CHI
25323393,25328682,NA
25330224,25335492,NA
25330254,25335200,CHI
25336010,25339012,CHI
25336012,25339058,NA
25361993,25367199,NA
25362492,25367187,CHI
25362855,25363093,MAL
25369460,25370511,CHI
25369492,25370513,NA
25396917,25399050,NA
25397157,25398777,CHI
25397707,25398207,MAL
25410011,25415055,CHI
25410011,25415328,NA
25422559,25425510,NA
25422587,25425491,CHI
25424790,25425202,OCH
25428762,25429493,NA
25439511,25442938,NA
25439604,25442729,CHI
25443992,25448250,CHI
25443992,25448493,NA
25451174,25453992,NA
25451223,25453883,CHI
25455850,25458650,NA
25455868,25458511,CHI
25462352,25467492,NA
25462468,25467431,CHI
25464054,25464655,OCH
25476512,25481026,NA
25476513,25481010,CHI
25512511,25527732,NA
25513135,25515489,OCH
25513512,25527685,CHI
25530620,25536511,NA
25530697,25536510,CHI
25531011,25531198,FEM
25531485,25532492,FEM
25545491,25549414,NA
25545653,25549310,CHI
25553163,25555510,NA
25553203,25555510,CHI
25558894,25569493,CHI
25558991,25577420,NA
25569901,25570404,CHI
25569992,25570248,OCH
25570531,25570668,CHI
25571010,25577281,CHI
25611512,25613512,CHI
25611512,25613512,NA
25623493,25625493,OCH
25623508,25627921,NA
25624011,25627413,CHI
25626491,25626631,OCH
25626795,25627011,OCH
25627639,25627749,OCH
25636762,25642511,NA
25637013,25640977,CHI
25641649,25642012,CHI
25641753,25642116,OCH
25674943,25676722,CHI
25674963,25677061,NA
25677216,25677478,NA
25709712,25710868,NA
25709851,25710492,CHI
25711412,25711920,NA
25712249,25714694,NA
25712512,25712689,CHI
25712942,25714493,CHI
25716866,25719492,NA
25716982,25718879,CHI
25717011,25719247,OCH
25720511,25733537,NA
25720511,25727011,OCH
25721199,25722853,CHI
25723011,25733511,CHI
25736516,25736680,NA
25737218,25738629,NA
25737266,25738511,CHI
25756512,25759192,NA
25756549,25759111,CHI
25780511,25782246,NA
25780532,25782096,CHI
25782862,25783427,NA
25784511,25793617,NA
25784715,25785010,OCH
25785739,25788306,OCH
25789310,25791860,CHI
25789318,25789492,OCH
25789809,25791510,OCH
25791089,25791221,FEM
25791328,25793512,FEM
25791644,25791769,OCH
25795052,25805992,NA
25795179,25796205,CHI
25795582,25799011,OCH
25798284,25798795,CHI
25798993,25800628,FEM
25800992,25802683,CHI
25803011,25805731,FEM
25806828,25842564,NA
25806902,25807952,FEM
25807511,25807741,OCH
25808510,25814167,FEM
25814492,25815559,CHI
25815491,25817621,FEM
25818078,25821510,CHI
25821492,25823174,FEM
25821627,25821907,OCH
25823424,25824008,CHI
25824012,25828644,FEM
25828588,25831011,CHI
25830164,25832154,FEM
25832451,25837512,FEM
25836992,25837162,MAL
25838384,25839493,CHI
25839100,25839306,OCH
25840045,25841511,OCH
25840946,25841511,CHI
25841492,25842484,FEM
25843511,25845556,FEM
25843511,25845732,NA
25846454,25864115,NA
25846472,25848001,CHI
25847993,25849589,FEM
25849900,25851012,CHI
25851992,25853436,CHI
25852682,25852819,OCH
25853011,25863816,FEM
25864512,25884610,NA
25864633,25867350,FEM
25867114,25867730,CHI
25867460,25882045,FEM
25867492,25867634,OCH
25867740,25867897,OCH
25880568,25881491,OCH
25882487,25884181,FEM
25885960,25895211,NA
25886150,25892213,FEM
25891981,25893171,CHI
25893589,25894058,CHI
25894493,25894966,FEM
25895504,25916616,NA
25895788,25897692,CHI
25897511,25898655,FEM
25898992,25900803,CHI
25900511,25906547,FEM
25906873,25907995,CHI
25907931,25910941,FEM
25910699,25910878,MAL
25911011,25914492,CHI
25912953,25914511,OCH
25914492,25916721,FEM
25918680,25940282,NA
25918783,25919814,CHI
25918799,25920011,OCH
25919992,25925321,FEM
25923021,25923362,MAL
25924560,25924990,OCH
25925493,25926727,CHI
25926040,25927511,MAL
25927138,25927313,FEM
25927493,25928035,FEM
25928463,25931531,CHI
25931011,25932644,OCH
25932012,25937773,FEM
25937835,25938760,CHI
25938726,25940010,FEM
25940652,25950679,NA
25940928,25942757,CHI
25942513,25946026,FEM
25946465,25948510,CHI
25948492,25950360,FEM
25950856,25952569,NA
25950967,25952552,CHI
25956442,25961992,NA
25956511,25957917,CHI
25956585,25957382,OCH
25957829,25961930,FEM
25963060,25970510,NA
25963207,25966992,CHI
25963654,25963880,OCH
25964204,25964742,FEM
25967491,25968510,FEM
25968492,25970505,CHI
25971936,25973652,NA
25971982,25973533,FEM
25975011,25988935,NA
25975034,25984992,CHI
25985402,25988927,FEM
25990511,26017492,NA
25990708,26003066,FEM
25997286,25997510,CHI
26003450,26004356,CHI
26005077,26005992,CHI
26005941,26006601,FEM
26006322,26006492,OCH
26007563,26008700,CHI
26007917,26017404,FEM
26019510,26021511,NA
26019512,26021350,OCH
26019922,26021269,CHI
26023491,26031682,NA
26023499,26025014,CHI
26023616,26025060,OCH
26025067,26028351,FEM
26028488,26030012,CHI
26030012,26031524,FEM
26030050,26030460,OCH
26030563,26030826,OCH
26033908,26037627,FEM
26033992,26039144,NA
26037857,26039011,CHI
26040143,26042492,FEM
26040211,26048387,NA
26042882,26044991,CHI
26043491,26044011,OCH
26044511,26048193,FEM
26048876,26052511,NA
26048993,26050493,CHI
26050245,26052511,FEM
26055493,26064136,NA
26055511,26057793,FEM
26058355,26060010,CHI
26059992,26063993,FEM
26065316,26088440,NA
26065463,26066737,CHI
26065511,26066510,OCH
26067238,26069346,CHI
26069199,26071992,FEM
26071991,26074492,CHI
26074511,26084184,FEM
26082992,26084212,MAL
26085027,26086770,OCH
26086399,26087261,FEM
26086926,26087512,OCH
26089541,26090491,NA
26091453,26108991,NA
26092010,26093991,FEM
26092044,26092274,OCH
26094493,26097892,FEM
26097945,26100658,CHI
26100492,26106899,FEM
26106511,26108296,CHI
26108035,26108511,FEM
26108433,26108627,CHI
26109282,26109456,NA
26112434,26117512,NA
26112512,26113011,OCH
26113011,26114876,FEM
26114037,26114472,MAL
26114984,26117510,CHI
26119992,26120242,NA
26128982,26131937,NA
26128992,26131996,CHI
26132475,26144753,CHI
26132475,26146726,NA
26144016,26146493,OCH
26145011,26146010,CHI
26147256,26149011,NA
26147298,26148992,CHI
26153012,26155059,NA
26153024,26155012,CHI
26165492,26168010,NA
26165509,26168010,CHI
26172992,26174836,NA
26173009,26174798,CHI
26176993,26180511,CHI
26176993,26180511,NA
26193913,26194556,NA
26193959,26194440,CHI
26195260,26196492,NA
26195331,26196011,CHI
26197012,26198399,NA
26197098,26198409,FEM
26214695,26218063,CHI
26214703,26218110,NA
26224493,26228638,CHI
26224493,26228992,NA
26238706,26238868,NA
26239012,26242600,NA
26239170,26240510,OCH
26240011,26240453,CHI
26241212,26241376,CHI
26241492,26242511,CHI
26260418,26265663,NA
26260492,26265619,CHI
26267207,26267393,OCH
26297332,26298501,FEM
26297359,26308512,NA
26299011,26300707,CHI
26301038,26305512,FEM
26305977,26306866,CHI
26308010,26308511,FEM
26310989,26311510,FEM
26310992,26311510,NA
26312011,26315241,NA
26312492,26313491,OCH
26312600,26313432,CHI
26313491,26315177,FEM
26317460,26318835,NA
26317487,26318511,FEM
26323010,26325010,FEM
26323010,26327833,NA
26325182,26326112,CHI
26326340,26327849,FEM
26330010,26335992,NA
26330194,26331396,FEM
26330905,26331703,CHI
26331819,26335909,FEM
26331868,26332207,CHI
26332383,26332493,CHI
26335238,26335511,CHI
26336816,26344128,NA
26336841,26337929,CHI
26337936,26340511,FEM
26339995,26341011,CHI
26341511,26344059,FEM
26345512,26346548,CHI
26345512,26346634,NA
26349433,26353991,FEM
26349479,26355512,NA
26353932,26355405,CHI
26355763,26355992,NA
26359383,26360515,FEM
26359415,26360586,NA
26361511,26363139,NA
26361512,26363058,FEM
26368475,26380011,NA
26368509,26369847,CHI
26368593,26369025,OCH
26370210,26379992,FEM
26384010,26386968,FEM
26384010,26386992,NA
26422649,26424699,CHI
26422669,26424719,NA
26426103,26427937,NA
26426144,26427909,FEM
26430492,26431511,FEM
26430492,26443806,NA
26431491,26432446,CHI
26432642,26433793,FEM
26433714,26435197,CHI
26435012,26438976,FEM
26438817,26441512,CHI
26441481,26443400,FEM
26443920,26446993,NA
26444011,26446601,FEM
26447297,26448512,NA
26447486,26448365,CHI
26457011,26459087,NA
26457013,26459060,FEM
26459992,26461199,CHI
26459995,26461303,NA
26461510,26475064,NA
26461510,26464414,FEM
26464992,26467174,CHI
26466991,26471991,FEM
26472506,26473897,CHI
26473122,26473492,OCH
26473993,26474963,FEM
26476011,26481401,NA
26476148,26476651,CHI
26476829,26481046,FEM
26481776,26483354,NA
26481828,26483316,CHI
26485010,26488510,NA
26485478,26488510,FEM
26487002,26487409,MAL
26492010,26515581,NA
26492012,26495672,CHI
26496057,26497351,FEM
26496438,26496619,MAL
26497085,26498492,OCH
26497432,26498537,CHI
26498492,26506992,FEM
26508207,26515355,FEM
26514992,26515363,CHI
26516012,26517403,NA
26516050,26517359,FEM
26518598,26530669,FEM
26518598,26532790,NA
26530657,26532324,CHI
26532917,26538012,NA
26532993,26534336,CHI
26534228,26538011,FEM
26547288,26550185,NA
26547492,26548201,CHI
26548012,26550012,FEM
26551228,26555902,NA
26551311,26555712,FEM
26556512,26556698,NA
26556827,26561491,NA
26556940,26561491,FEM
26564510,26565295,FEM
26564512,26571416,NA
26565427,26566669,CHI
26566446,26571217,FEM
26571566,26576492,NA
26571689,26572523,CHI
26572533,26575157,FEM
26575493,26576153,CHI
26578623,26578817,NA
26585165,26587156,NA
26585179,26587086,FEM
26590137,26611337,NA
26590310,26591010,CHI
26590511,26590837,OCH
26591088,26595297,FEM
26596033,26597602,CHI
26597656,26598716,FEM
26598993,26600444,CHI
26600491,26602465,FEM
26602386,26604247,CHI
26603416,26605522,OCH
26605010,26606709,FEM
26606991,26608636,CHI
26607992,26608282,OCH
26608414,26611279,FEM
26612472,26614276,CHI
26612479,26614874,NA
26615010,26634523,NA
26615404,26624505,FEM
26624796,26625511,FEM
26625498,26626492,CHI
26626445,26632257,FEM
26628492,26629165,CHI
26632120,26633365,CHI
26633011,26634510,FEM
26637992,26641679,FEM
26638011,26641764,NA
26643237,26647592,CHI
26643239,26650203,NA
26646992,26648094,OCH
26648423,26650102,FEM
26652340,26653493,NA
26652503,26653256,CHI
26652527,26652714,FEM
26654101,26655991,NA
26654282,26655001,CHI
26654511,26654619,FEM
26654903,26655991,FEM
26658472,26661187,NA
26658491,26660766,FEM
26660257,26660502,OCH
26663502,26665510,FEM
26663511,26665992,NA
26669436,26681993,NA
26669491,26677510,CHI
26674535,26675225,OCH
26677487,26681810,FEM
26678992,26679491,CHI
26682990,26693582,NA
26683207,26683961,FEM
26683493,26687511,CHI
26687435,26693512,FEM
26690712,26691492,CHI
26695011,26699993,FEM
26695011,26699993,NA
26701048,26712012,NA
26701316,26702992,CHI
26701982,26707208,FEM
26708010,26710675,CHI
26710673,26712011,FEM
26716993,26723934,NA
26717231,26718348,FEM
26717286,26717492,CHI
26717857,26722035,CHI
26722050,26723511,FEM
26724438,26726164,NA
26724529,26726087,CHI
26731416,26734818,NA
26731431,26733157,CHI
26733011,26734597,FEM
26735839,26737992,NA
26735959,26737166,CHI
26740010,26741942,NA
26740015,26741657,CHI
26741200,26741359,MAL
26744453,26745992,CHI
26744455,26748723,NA
26746052,26746852,FEM
26747152,26748770,CHI
26752724,26754646,NA
26752754,26754511,CHI
26754911,26763775,NA
26755010,26756969,CHI
26756992,26758818,FEM
26758988,26760011,CHI
26759886,26760512,FEM
26760512,26760618,CHI
26760841,26761810,CHI
26761992,26763666,MAL
26764347,26767190,NA
26764491,26767137,CHI
26768804,26771099,NA
26768806,26771044,CHI
26775011,26777512,FEM
26775011,26777512,NA
26779992,26781511,FEM
26779992,26786600,NA
26781408,26786280,CHI
26786992,26787794,MAL
26787011,26821186,NA
26787205,26788855,CHI
26788796,26790716,FEM
26790760,26792010,CHI
26792196,26794429,FEM
26792743,26792993,OCH
26794231,26797036,CHI
26794992,26795510,FEM
26795445,26795693,OCH
26796992,26798555,FEM
26797510,26798172,CHI
26798992,26802186,CHI
26799144,26799993,FEM
26802981,26817013,CHI
26815058,26815217,OCH
26815354,26815476,OCH
26817421,26817991,CHI
26817510,26820819,OCH
26821020,26821363,OCH
26821787,26822040,OCH
26824011,26828864,NA
26824125,26827492,CHI
26825011,26828992,OCH
26831491,26832991,CHI
26831491,26833052,NA
26832222,26832804,OCH
26835011,26851928,NA
26835339,26836983,OCH
26835400,26837172,CHI
26837511,26838734,FEM
26838511,26840426,CHI
26841223,26842991,CHI
26843083,26844973,FEM
26844095,26844937,OCH
26845304,26846993,CHI
26846471,26851933,FEM
26853992,26855398,CHI
26853992,26858354,NA
26855493,26858011,FEM
26860992,26868992,NA
26861011,26862790,CHI
26862526,26868491,FEM
26868011,26868229,CHI
26868358,26868483,CHI
26871011,26874992,NA
26871485,26874798,FEM
26875511,26879590,NA
26875630,26877350,CHI
26876254,26876463,OCH
26876583,26877012,OCH
26877469,26879568,FEM
26879752,26879857,NA
26881144,26881401,NA
26883011,26899678,NA
26883169,26883319,OCH
26883887,26886236,CHI
26883934,26884039,OCH
26886122,26893491,FEM
26893266,26893803,OCH
26894492,26896618,FEM
26896548,26897879,OCH
26897616,26899511,FEM
26905483,26909493,FEM
26905492,26909508,NA
26910377,26911012,NA
26910395,26911011,CHI
26913308,26919493,NA
26913315,26915993,FEM
26915269,26916290,CHI
26916492,26919293,FEM
26921359,26932172,NA
26921430,26921892,FEM
26921978,26923600,CHI
26923511,26925011,FEM
26925492,26928535,CHI
26926827,26927278,FEM
26927652,26928263,OCH
26928953,26929731,FEM
26930863,26931992,CHI
26930890,26931891,OCH
26934491,26939147,NA
26934512,26939129,FEM
26940992,26942723,CHI
26940992,26947492,NA
26942492,26944185,FEM
26944068,26945136,CHI
26945592,26947490,FEM
26948202,26948366,NA
26950654,26951992,NA
26950720,26951628,OCH
26950816,26951645,CHI
26955359,26959510,NA
26955374,26958196,CHI
26958012,26959492,FEM
26962991,26965492,FEM
26962991,26965851,NA
26965011,26965212,CHI
26971248,26973685,NA
26971313,26972012,FEM
26972715,26973511,OCH
26978611,26979011,NA
26980992,26982420,FEM
26981002,26982492,NA
26983103,26984654,NA
26983145,26984537,CHI
26983992,26984426,OCH
26987992,26990014,NA
26988000,26989991,FEM
26991011,26996647,NA
26991201,26992227,CHI
26991492,26991600,OCH
26992492,26993899,FEM
26994165,26995525,CHI
26995511,26996557,FEM
26997524,26999544,NA
26997617,26999011,CHI
26999011,26999259,FEM
27001261,27002871,CHI
27001298,27003993,NA
27002702,27003993,FEM
27010675,27014445,NA
27010785,27014357,CHI
27015928,27017492,NA
27015992,27017124,CHI
27018314,27021492,NA
27018368,27021454,CHI
27023492,27027142,NA
27023510,27027116,CHI
27031492,27032629,NA
27031492,27032682,CHI
27034992,27036011,CHI
27034992,27036492,NA
27035070,27036511,OCH
27039690,27041435,CHI
27039697,27041445,NA
27045802,27046361,NA
27058614,27059233,NA
27058656,27058788,CHI
27061992,27063293,CHI
27061992,27063303,NA
27069481,27071951,CHI
27069491,27072048,NA
27070968,27072011,OCH
27074491,27076197,NA
27074491,27076241,CHI
27079010,27081049,CHI
27079010,27081295,NA
27081797,27085744,NA
27081957,27083877,CHI
27081975,27083776,OCH
27084319,27085600,FEM
27086638,27089011,NA
27086727,27088992,CHI
27091657,27094877,NA
27091770,27094789,CHI
27091992,27092561,OCH
27098012,27099511,CHI
27098012,27099511,NA
27104011,27105839,CHI
27104011,27105992,NA
27106854,27112492,NA
27106962,27111491,CHI
27110923,27111185,OCH
27112897,27118493,NA
27113214,27118504,CHI
27113427,27114380,OCH
27115143,27115901,OCH
27122737,27127022,NA
27122764,27126510,CHI
27131011,27135150,NA
27131282,27133992,CHI
27132994,27134528,OCH
27135430,27137158,NA
27135591,27137020,OCH
27135862,27137011,CHI
27149502,27153376,CHI
27149511,27153492,NA
27152548,27152842,OCH
27157793,27161129,NA
27157937,27158993,CHI
27158249,27159012,OCH
27159530,27161012,CHI
27159654,27160010,OCH
27164511,27177512,NA
27164511,27170993,CHI
27170492,27170738,OCH
27171215,27172022,OCH
27171404,27172010,CHI
27172511,27177491,CHI
27185838,27192512,NA
27185936,27192492,CHI
27189201,27189432,OCH
27201191,27201302,NA
27201493,27201739,NA
27202920,27213492,NA
27202993,27207509,CHI
27207444,27213013,FEM
27213894,27217443,NA
27213948,27215511,FEM
27215877,27217333,CHI
27218012,27221512,NA
27218435,27219512,CHI
27219333,27221512,FEM
27222991,27226825,NA
27223012,27226564,FEM
27227171,27244492,NA
27227492,27227843,CHI
27227975,27229511,CHI
27229429,27230777,FEM
27230992,27232992,CHI
27232991,27233632,FEM
27233386,27235011,CHI
27234492,27234900,OCH
27235000,27235662,FEM
27235805,27236993,CHI
27236993,27244428,FEM
27239011,27239510,OCH
27239652,27240037,OCH
27245997,27246304,NA
27247011,27272492,NA
27247177,27248527,CHI
27247737,27248682,OCH
27248807,27249818,FEM
27250012,27251949,CHI
27251993,27254820,FEM
27254914,27255819,CHI
27255511,27256351,FEM
27257011,27258564,CHI
27258505,27259725,FEM
27259541,27262214,CHI
27262155,27263993,FEM
27264419,27265992,CHI
27265493,27265964,OCH
27265884,27267492,FEM
27267011,27268418,CHI
27268318,27269511,FEM
27269519,27271031,CHI
27269614,27270956,OCH
27270992,27272288,FEM
27274492,27276532,FEM
27274492,27276743,NA
27277246,27291991,NA
27277452,27278491,CHI
27278387,27280697,FEM
27280658,27281497,CHI
27281092,27281365,OCH
27281492,27286880,FEM
27287493,27288890,CHI
27288684,27291992,FEM
27295318,27302330,NA
27295355,27296104,CHI
27296011,27296959,FEM
27297116,27298940,CHI
27298763,27300150,FEM
27300826,27302303,CHI
27303011,27305465,FEM
27303011,27305492,NA
27306992,27309511,FEM
27306992,27309584,NA
27310011,27311511,CHI
27310011,27313992,NA
27311383,27313992,FEM
27315492,27322861,NA
27315541,27316511,CHI
27316511,27318992,FEM
27318992,27320129,CHI
27320011,27322394,FEM
27322999,27326079,NA
27323148,27324017,CHI
27324327,27325608,FEM
27326366,27327848,NA
27327031,27327134,CHI
27327983,27344195,NA
27328011,27329992,FEM
27330262,27331064,CHI
27330510,27332527,OCH
27332512,27335492,FEM
27335991,27339233,CHI
27336012,27336992,OCH
27338632,27339010,OCH
27339540,27340458,CHI
27339770,27340426,OCH
27340161,27344181,FEM
27347637,27350239,NA
27347720,27349492,CHI
27348992,27349853,OCH
27350723,27352012,NA
27350992,27352011,FEM
27353457,27354969,NA
27353492,27354796,CHI
27356511,27364346,NA
27356992,27359147,CHI
27359502,27361011,FEM
27361923,27362625,OCH
27361992,27364014,CHI
27369993,27379478,NA
27370011,27371862,CHI
27370069,27371252,OCH
27373093,27374510,OCH
27374065,27378512,CHI
27381502,27384707,NA
27381581,27384404,CHI
27382511,27384492,OCH
27385012,27385226,NA
27390808,27393582,NA
27390909,27393511,CHI
27392511,27393296,OCH
27397011,27397127,NA
27397280,27400012,NA
27397475,27398513,OCH
27397492,27399991,CHI
27398871,27399394,OCH
27405358,27407417,NA
27405493,27406991,CHI
27405511,27406510,OCH
27407708,27409510,NA
27407904,27409011,CHI
27408147,27408302,OCH
27408491,27409041,OCH
27414982,27416992,NA
27414992,27417012,CHI
27434992,27441011,NA
27434999,27436582,CHI
27437302,27437405,FEM
27438463,27439011,FEM
27439648,27440993,CHI
27447736,27449262,NA
27447992,27449011,CHI
27450492,27452011,NA
27450686,27451992,CHI
27450993,27451492,OCH
27456719,27458405,NA
27456786,27458082,CHI
27458560,27460941,NA
27459010,27460991,CHI
27464110,27465011,NA
27464270,27464832,CHI
27467959,27468992,NA
27468015,27468761,CHI
27475225,27476528,NA
27475273,27476493,CHI
27478627,27479584,NA
27478636,27479512,FEM
27512943,27513993,OCH
27512992,27513512,NA
27560805,27563637,NA
27560930,27563524,CHI
27560993,27562012,OCH
27562314,27562992,OCH
27575785,27576340,OCH
27575957,27576337,NA
27576992,27577512,OCH
27576992,27577512,NA
27595406,27606012,NA
27595439,27602992,CHI
27603492,27606011,FEM
27608232,27609309,NA
27608340,27608956,OCH
27608410,27609053,CHI
27609992,27612466,NA
27610173,27612326,CHI
27610492,27611332,OCH
27614356,27616011,NA
27614373,27616012,CHI
27624572,27625173,NA
27626749,27633011,NA
27626992,27629034,FEM
27628923,27632992,CHI
27640008,27641992,NA
27640011,27641948,CHI
27644384,27646492,FEM
27644384,27648493,NA
27646375,27647833,CHI
27646400,27646549,OCH
27646692,27646989,OCH
27649222,27650444,MAL
27649649,27653672,NA
27650492,27652011,OCH
27650555,27651576,CHI
27652011,27653628,FEM
27654510,27658911,NA
27655428,27656683,CHI
27657990,27658241,CHI
27658171,27658301,OCH
27662286,27665833,NA
27662366,27665511,CHI
27663510,27665501,OCH
27666271,27670746,NA
27667256,27670493,CHI
27670876,27672364,NA
27671050,27672172,CHI
27671063,27672116,OCH
27673081,27674011,NA
27678002,27679340,NA
27678056,27679011,CHI
27678146,27679012,OCH
27684992,27691197,NA
27685095,27687511,CHI
27685194,27686510,OCH
27687845,27687992,CHI
27688201,27689011,FEM
27688542,27690714,OCH
27690010,27690725,CHI
27696124,27697511,NA
27696548,27697012,FEM
27701838,27703492,NA
27701889,27703295,CHI
27716011,27717992,NA
27716394,27717867,CHI
27720983,27726418,NA
27720993,27722049,CHI
27721145,27723553,OCH
27724115,27725492,CHI
27724322,27726026,OCH
27731749,27733112,NA
27731756,27733011,CHI
27736990,27738515,NA
27737011,27738201,OCH
27737034,27738421,CHI
27745315,27746900,NA
27745492,27746567,CHI
27745554,27746295,OCH
27765401,27766704,NA
27765411,27766680,CHI
27767924,27768511,NA
27767988,27768493,CHI
27773012,27774511,NA
27773098,27774492,CHI
27773493,27773625,OCH
27775865,27788992,NA
27775934,27777011,CHI
27775992,27776981,OCH
27777489,27778378,CHI
27777492,27778383,OCH
27778520,27779436,OCH
27778791,27778992,CHI
27779510,27781010,CHI
27780011,27783799,OCH
27781137,27781348,CHI
27782992,27788836,CHI
27793306,27794683,NA
27793422,27794510,CHI
27795653,27797381,NA
27795820,27797087,CHI
27803328,27804992,NA
27803491,27804893,CHI
27808993,27810046,OCH
27808993,27811492,NA
27809379,27810167,CHI
27810484,27811350,OCH
27810486,27811011,CHI
27811971,27812562,NA
27812008,27812467,OCH
27812973,27818697,NA
27813098,27816492,OCH
27813491,27814158,CHI
27815532,27816340,CHI
27816487,27818512,CHI
27821011,27822137,NA
27821011,27822158,CHI
27826882,27833011,NA
27826986,27830005,CHI
27828679,27828831,OCH
27829509,27829995,OCH
27830358,27832822,OCH
27830415,27830634,FEM
27830993,27831751,CHI
27838882,27844493,NA
27838991,27844492,CHI
27841955,27842267,OCH
27872492,27873992,CHI
27872492,27874011,NA
27880900,27887993,NA
27880976,27884984,CHI
27881012,27881937,OCH
27883011,27885510,OCH
27885992,27887889,CHI
27889993,27891743,CHI
27889993,27892511,NA
27894230,27898493,NA
27894512,27897492,CHI
27896135,27896241,OCH
27897492,27897620,OCH
27897504,27897776,FEM
27904961,27906512,NA
27905011,27906145,FEM
27909993,27913781,NA
27910430,27913992,OCH
27910492,27912114,CHI
27916191,27918010,CHI
27916194,27918531,NA
27917830,27918549,OCH
27918160,27918315,CHI
27919991,27923992,NA
27920012,27923979,CHI
27928125,27930182,NA
27928159,27930012,CHI
27931314,27932274,NA
27931367,27932265,CHI
27937378,27963522,NA
27937492,27946011,CHI
27937791,27939462,OCH
27939715,27939847,OCH
27945010,27949011,OCH
27949092,27949321,FEM
27949492,27950024,FEM
27949649,27950091,OCH
27950493,27961261,CHI
27950550,27950958,OCH
27951195,27951511,FEM
27952511,27952908,OCH
27956038,27956227,OCH
27956492,27957643,OCH
27959597,27959801,OCH
27960240,27960539,OCH
27961153,27961428,OCH
27962315,27962487,FEM
27964700,27968011,NA
27964724,27965777,OCH
27964992,27965535,CHI
27965883,27965993,OCH
27966011,27968011,CHI
27969757,27971510,NA
27969992,27971448,CHI
27970859,27970992,OCH
27973537,27980079,NA
27973681,27974967,CHI
27974943,27976492,FEM
27975993,27977512,OCH
27976992,27977697,CHI
27977820,27978885,FEM
27978512,27979992,CHI
27980562,27987523,NA
27980967,27982493,CHI
27981060,27983461,OCH
27983011,27983689,CHI
27983958,27986774,CHI
27993293,27994790,NA
27993386,27994598,CHI
27996511,27997672,CHI
27996511,27997760,NA
28001207,28003510,NA
28001219,28003197,CHI
28002486,28002795,OCH
28006493,28010011,NA
28006513,28008492,OCH
28006941,28008001,CHI
28008771,28009512,OCH
28014672,28016358,NA
28014992,28016134,CHI
28020676,28021256,NA
28020701,28021111,CHI
28023415,28026010,NA
28023437,28025054,CHI
28025205,28026010,CHI
28031511,28037011,NA
28032011,28034196,CHI
28034790,28037011,CHI
28039041,28041970,NA
28039125,28040011,CHI
28039196,28039640,OCH
28040477,28041511,OCH
28040511,28041512,CHI
28047961,28049115,NA
28048012,28048670,OCH
28049647,28051405,NA
28049971,28051130,CHI
28050378,28051067,OCH
28077327,28082511,NA
28077413,28082049,CHI
28080395,28081765,OCH
28092511,28096372,NA
28092520,28093698,CHI
28093991,28095496,CHI
28095834,28096587,OCH
28097012,28101992,NA
28097152,28099798,OCH
28097170,28098476,CHI
28099511,28099697,FEM
28099992,28101747,FEM
28104992,28106416,NA
28105652,28106011,CHI
28105807,28106011,OCH
28109445,28111511,NA
28109575,28111511,FEM
28113477,28119019,NA
28113492,28116791,FEM
28116978,28118492,CHI
28118492,28118965,FEM
28119590,28128009,NA
28119631,28120866,CHI
28120736,28122072,FEM
28122479,28124080,CHI
28124493,28124974,FEM
28124493,28126430,OCH
28126290,28127657,FEM
28129081,28143011,NA
28129440,28129761,OCH
28129830,28129992,FEM
28131496,28132512,FEM
28132513,28134111,CHI
28134211,28135991,FEM
28134498,28135964,OCH
28136992,28138511,CHI
28137993,28140011,OCH
28138492,28140051,FEM
28140872,28142492,FEM
28141992,28142512,OCH
28144484,28180102,NA
28144493,28145337,CHI
28145492,28150116,FEM
28150011,28150308,CHI
28150492,28153992,CHI
28154309,28156012,FEM
28156992,28160303,CHI
28160565,28164993,FEM
28160632,28160737,OCH
28160728,28161604,CHI
28161039,28161844,OCH
28164011,28165218,OCH
28164993,28165320,CHI
28166010,28168003,CHI
28168044,28169011,OCH
28168611,28168974,FEM
28169492,28171493,CHI
28171272,28171610,MAL
28171493,28172725,FEM
28172991,28174689,CHI
28175102,28177991,FEM
28177571,28178524,OCH
28178774,28179841,OCH
28178893,28179976,CHI
28180975,28201233,NA
28180992,28182492,CHI
28182679,28184017,CHI
28182818,28183512,OCH
28184185,28187992,CHI
28188511,28191017,FEM
28191643,28195492,CHI
28195472,28197011,FEM
28197082,28198731,CHI
28198792,28200896,FEM
28198987,28200683,OCH
28201510,28217150,NA
28201986,28210511,FEM
28210974,28213618,CHI
28213704,28214941,FEM
28214492,28214644,OCH
28214992,28216938,CHI
28217565,28230690,NA
28217833,28219991,OCH
28217850,28219001,CHI
28219011,28230650,FEM
28232250,28248693,NA
28232312,28233510,CHI
28233578,28245029,FEM
28244543,28244815,OCH
28245218,28246236,CHI
28246021,28248382,FEM
28248826,28254086,NA
28249165,28251296,CHI
28250223,28250486,OCH
28252010,28253991,CHI
28253492,28253938,OCH
28255298,28261493,NA
28255441,28257253,FEM
28257809,28259493,CHI
28259027,28260817,OCH
28259493,28261089,FEM
28261853,28264577,NA
28262463,28263511,OCH
28262491,28264511,CHI
28267770,28270090,NA
28267923,28269992,FEM
28273396,28274351,FEM
28273406,28274397,NA
28276363,28279173,NA
28276412,28279136,FEM
28280011,28281493,NA
28280252,28281084,FEM
28284992,28286511,FEM
28284992,28286577,NA
28287991,28289326,NA
28288143,28288514,OCH
28288511,28289080,FEM
28289959,28292905,CHI
28289962,28292998,NA
28291580,28292962,OCH
28293177,28295248,NA
28293263,28295011,FEM
28294392,28295234,OCH
28296569,28299198,OCH
28296575,28322991,NA
28299491,28304103,FEM
28305119,28307159,FEM
28306994,28308376,OCH
28307078,28308330,CHI
28308164,28313206,FEM
28313024,28317275,CHI
28316512,28316699,OCH
28317492,28319225,FEM
28318022,28318128,OCH
28318501,28321763,OCH
28319492,28320110,CHI
28320511,28322528,FEM
28324510,28325632,NA
28324559,28325511,CHI
28326441,28329335,NA
28326495,28327511,CHI
28326562,28327379,OCH
28327637,28329389,FEM
28330513,28332076,NA
28330737,28331871,CHI
28330798,28331908,OCH
28338512,28340336,NA
28338567,28340109,OCH
28338992,28340089,CHI
28342511,28345943,FEM
28342511,28346104,NA
28351318,28353014,NA
28351369,28352511,OCH
28351510,28352992,CHI
28355808,28372992,NA
28355992,28357465,OCH
28356011,28357268,FEM
28358405,28363386,CHI
28363492,28368345,FEM
28368390,28370029,CHI
28370512,28372993,FEM
28370549,28370993,CHI
28375265,28377493,NA
28375395,28377238,FEM
28376123,28376297,OCH
28376404,28376510,OCH
28378931,28380959,FEM
28378974,28382258,NA
28380512,28382048,OCH
28381271,28381374,FEM
28386438,28390593,NA
28386453,28387757,CHI
28388011,28390399,FEM
28391953,28419992,NA
28391992,28394981,CHI
28393946,28395342,OCH
28394992,28396038,FEM
28395448,28397993,OCH
28396101,28398975,CHI
28398141,28398325,OCH
28399678,28400010,OCH
28400011,28400232,FEM
28400701,28403251,OCH
28402512,28404512,FEM
28404991,28406012,CHI
28406231,28407011,FEM
28406511,28406771,MAL
28407875,28409460,CHI
28409383,28412010,FEM
28411707,28411808,OCH
28412578,28414547,OCH
28412600,28413326,CHI
28413992,28415698,FEM
28414992,28415767,OCH
28416118,28417171,OCH
28416332,28417287,CHI
28417831,28419902,FEM
28421005,28430511,NA
28421103,28422011,CHI
28421157,28423651,OCH
28422011,28423855,FEM
28423492,28426695,CHI
28426511,28428992,FEM
28429063,28430492,CHI
28433125,28438425,NA
28434264,28437047,FEM
28437347,28437492,FEM
28437492,28438012,OCH
28442975,28446492,NA
28442991,28444019,CHI
28443992,28444573,FEM
28445195,28446010,OCH
28445243,28446392,CHI
28448628,28451569,NA
28448714,28449993,OCH
28450511,28451615,FEM
28453699,28454912,NA
28453712,28454912,CHI
28457492,28459650,NA
28457620,28458010,OCH
28457992,28458130,CHI
28458493,28459595,CHI
28460776,28464316,NA
28460825,28462492,CHI
28462992,28464352,FEM
28467987,28474492,NA
28468484,28469922,OCH
28468493,28470103,CHI
28470385,28471993,CHI
28472511,28474112,FEM
28475511,28479102,NA
28475641,28478992,CHI
28480108,28490189,NA
28480278,28480384,FEM
28480493,28482464,FEM
28481930,28482492,OCH
28482980,28486951,CHI
28486112,28486510,OCH
28486991,28490010,FEM
28490991,28499560,NA
28491011,28496492,CHI
28491510,28491679,OCH
28491995,28494012,OCH
28496168,28497511,OCH
28496321,28499510,FEM
28502002,28505492,NA
28502511,28505491,FEM
28508492,28510299,FEM
28508492,28510362,NA
28513011,28513305,NA
28513416,28514906,NA
28513510,28514492,FEM
28516011,28520993,NA
28516236,28520993,FEM
28523011,28531011,NA
28523139,28524924,CHI
28525011,28530993,FEM
28532512,28534993,NA
28532579,28534958,FEM
28536511,28550274,NA
28536511,28538426,CHI
28538492,28541492,FEM
28541298,28542228,OCH
28541405,28542271,CHI
28542083,28543502,FEM
28544009,28545487,CHI
28545011,28550247,FEM
28553784,28556511,OCH
28553794,28566847,NA
28553960,28554512,FEM
28554618,28554804,FEM
28555521,28556996,CHI
28557255,28559449,FEM
28559579,28561992,CHI
28561906,28566511,FEM
28565512,28565932,MAL
28566152,28566272,MAL
28567947,28571094,NA
28567991,28570492,FEM
28571550,28576376,NA
28571773,28576047,FEM
28577492,28580511,NA
28577510,28580446,FEM
28581751,28582630,NA
28581955,28582346,CHI
28583012,28605047,NA
28583440,28586010,FEM
28584542,28584988,MAL
28585511,28587011,CHI
28587619,28590346,FEM
28589974,28592011,CHI
28591928,28593857,FEM
28592484,28593243,CHI
28594492,28595012,CHI
28594991,28598641,FEM
28599004,28601287,CHI
28601157,28605015,FEM
28605957,28609742,FEM
28605958,28631510,NA
28610511,28612133,FEM
28612011,28615091,CHI
28614992,28616077,FEM
28616099,28618139,CHI
28617882,28619193,FEM
28619011,28621044,CHI
28620874,28624499,FEM
28624514,28625651,CHI
28625515,28626992,FEM
28626991,28628466,CHI
28628303,28630011,FEM
28630122,28631511,CHI
28633986,28636510,NA
28633988,28636492,CHI
28638293,28640011,FEM
28638298,28640011,NA
28643365,28644857,CHI
28643365,28647128,NA
28644729,28647004,FEM
28647839,28649992,NA
28648056,28648225,MAL
28648492,28649027,FEM
28648767,28649666,CHI
28651166,28653010,NA
28651484,28652891,FEM
28651617,28651960,MAL
28656205,28656323,NA
28656492,28660010,NA
28656583,28657992,CHI
28657992,28659992,FEM
28661492,28664096,CHI
28661492,28664492,NA
28664612,28669492,NA
28664844,28666550,CHI
28666499,28669493,FEM
28682836,28683734,NA
28682993,28683682,FEM
28696138,28697977,NA
28696172,28697811,FEM
28698870,28702510,NA
28698983,28700370,MAL
28699134,28699421,FEM
28700011,28702470,FEM
28706511,28709010,NA
28706680,28708806,FEM
28716287,28718493,NA
28716512,28718291,FEM
28717752,28718354,CHI
28719495,28721145,NA
28719655,28719777,CHI
28719752,28720262,MAL
28721512,28723512,NA
28721869,28723388,FEM
28725011,28729491,NA
28725470,28729407,FEM
28734991,28737804,NA
28735126,28737637,CHI
28735157,28735675,OCH
28748491,28750165,FEM
28748491,28750234,NA
28753338,28757493,NA
28753358,28757470,FEM
28758500,28759578,NA
28758599,28759124,FEM
28760474,28762492,NA
28761004,28762017,FEM
28761046,28761245,OCH
28770545,28770974,NA
28772493,28774832,FEM
28772511,28797511,NA
28775100,28777376,CHI
28776992,28779928,FEM
28780061,28781011,CHI
28781089,28782512,FEM
28782493,28786727,CHI
28785594,28786510,OCH
28787010,28787140,MAL
28787292,28787520,MAL
28788522,28789514,OCH
28788991,28789492,FEM
28789774,28790393,OCH
28790036,28790254,CHI
28790492,28793511,FEM
28793246,28795011,OCH
28793510,28793790,CHI
28793991,28795738,CHI
28795387,28795697,OCH
28795795,28797491,FEM
28798772,28800429,OCH
28798779,28800338,NA
28802512,28810506,NA
28802518,28804511,CHI
28805011,28805693,FEM
28805936,28810492,FEM
28808992,28809758,OCH
28811779,28814992,NA
28811960,28812812,FEM
28813146,28813511,CHI
28813492,28814975,FEM
28816135,28827796,NA
28816233,28817809,FEM
28818180,28820598,FEM
28820840,28821572,FEM
28821786,28823011,CHI
28822605,28827011,FEM
28826511,28827616,OCH
28827996,28828992,NA
28828173,28828446,CHI
28828513,28828778,FEM
28829933,28833186,NA
28829976,28830705,CHI
28830583,28831653,FEM
28831511,28832510,CHI
28833511,28836292,NA
28833865,28836010,FEM
28837492,28847091,NA
28838028,28838251,CHI
28838379,28839577,FEM
28839497,28841488,CHI
28842487,28843742,FEM
28843622,28844663,CHI
28845688,28847011,FEM
28845776,28846011,MAL
28849011,28849510,FEM
28849011,28849510,NA
28851881,28852011,NA
28854492,28856866,NA
28854593,28856714,FEM
28862983,28866491,CHI
28862988,28869991,NA
28866328,28868127,FEM
28868225,28868529,MAL
28868522,28868721,FEM
28869099,28869815,FEM
28871314,28874466,NA
28871431,28872352,CHI
28872882,28874009,FEM
28872923,28874983,MAL
28876993,28884329,NA
28877013,28878547,CHI
28878527,28880233,FEM
28880650,28882511,CHI
28882285,28883373,FEM
28884600,28889011,NA
28884865,28886492,CHI
28885214,28885332,OCH
28885505,28886509,OCH
28886510,28889011,FEM
28890493,28893141,NA
28890511,28890707,FEM
28890992,28893010,FEM
28894354,28907012,NA
28894386,28901492,FEM
28900682,28902493,MAL
28901861,28903992,FEM
28903492,28904191,CHI
28904752,28906883,FEM
28906327,28906511,OCH
28909288,28911710,NA
28909492,28911510,FEM
28910512,28910679,OCH
28912012,28920159,NA
28912408,28920010,FEM
28913492,28913743,OCH
28921011,28927184,NA
28921445,28925343,CHI
28925492,28927087,FEM
28927474,28931026,NA
28927667,28930180,FEM
28930011,28930688,CHI
28931367,28932570,NA
28931545,28932036,CHI
28931658,28932358,OCH
28937631,28937992,NA
28937653,28937992,FEM
28946820,28952046,NA
28946872,28948158,CHI
28947993,28949878,FEM
28949010,28949430,MAL
28949888,28950340,MAL
28950706,28951992,CHI
28952296,28953992,NA
28952432,28954010,FEM
28955492,28971542,NA
28955510,28967088,FEM
28961911,28962510,CHI
28967338,28968210,CHI
28968408,28969441,FEM
28969491,28971251,CHI
28973195,28973320,NA
28979011,28981493,CHI
28979011,28984993,NA
28980992,28984954,FEM
28990734,28995550,NA
28990992,28992683,FEM
28991258,28991597,MAL
28991746,28992281,MAL
28993007,28994993,CHI
28996935,29009824,NA
28997033,28998577,OCH
28997992,29000950,CHI
29000894,29009367,FEM
29010098,29011510,NA
29010366,29011492,FEM
29014139,29016826,NA
29014143,29016622,FEM
29017511,29026757,NA
29017742,29019517,FEM
29020511,29024310,FEM
29021510,29021616,OCH
29022082,29024011,OCH
29024490,29026513,FEM
29024772,29025493,OCH
29027012,29029849,NA
29027167,29028120,CHI
29028250,29029615,FEM
29030464,29034031,NA
29030992,29033992,FEM
29035014,29046521,NA
29035621,29036681,CHI
29037012,29046319,FEM
29047211,29061992,NA
29048173,29048993,FEM
29049992,29050760,FEM
29050451,29052731,OCH
29050557,29051313,CHI
29051511,29052724,CHI
29053011,29055066,FEM
29057010,29057817,FEM
29058011,29061794,FEM
29060171,29060492,OCH
29062209,29063994,NA
29062422,29063605,FEM
29064511,29067010,NA
29064680,29064867,FEM
29064992,29067010,FEM
29068831,29070993,NA
29068917,29070701,CHI
29070011,29070345,MAL
29071772,29074329,NA
29072491,29074123,FEM
29075011,29077512,FEM
29075011,29084010,NA
29077491,29082010,CHI
29079741,29079857,OCH
29080920,29081600,OCH
29081732,29082010,OCH
29082036,29084010,FEM
29092169,29101822,NA
29092223,29094992,CHI
29095311,29097267,CHI
29097421,29101667,FEM
29103076,29109993,NA
29103492,29106992,FEM
29107790,29109580,FEM
29114925,29119491,NA
29114969,29119491,FEM
29126491,29127492,CHI
29126491,29127687,NA
29128697,29133118,NA
29128808,29131776,FEM
29132684,29133010,OCH
29134851,29135259,NA
29135445,29138840,NA
29135906,29138520,FEM
29154546,29154764,NA
29156993,29160010,NA
29157530,29158532,CHI
29157636,29157881,OCH
29158377,29159992,FEM
29160694,29166946,NA
29161011,29166696,FEM
29167511,29250524,NA
29167884,29179992,FEM
29169136,29169310,OCH
29179492,29180992,CHI
29180505,29180888,FEM
29180993,29185107,FEM
29181786,29182512,CHI
29183993,29187736,OCH
29185135,29187091,CHI
29186976,29189737,FEM
29189992,29191492,CHI
29190044,29190942,OCH
29191011,29191143,FEM
29191359,29198011,FEM
29198492,29199040,CHI
29198510,29200491,FEM
29200095,29204511,OCH
29200487,29203511,CHI
29203612,29203750,CHI
29203970,29207733,FEM
29204638,29204760,OCH
29205390,29205510,OCH
29207648,29210318,CHI
29210993,29212878,FEM
29212512,29214458,CHI
29214010,29215502,MAL
29214049,29223622,FEM
29218011,29218833,OCH
29223992,29225511,OCH
29224117,29225509,CHI
29225894,29235916,FEM
29226275,29226493,OCH
29230553,29231496,CHI
29235511,29236907,CHI
29236952,29241176,FEM
29239473,29240050,OCH
29241537,29242735,CHI
29241962,29242070,OCH
29242510,29245262,FEM
29245492,29247504,OCH
29246743,29246866,CHI
29247492,29249232,FEM
29248692,29250101,CHI
29248901,29249492,OCH
29251432,29269266,NA
29251459,29253052,FEM
29252991,29253998,CHI
29254492,29258512,FEM
29258012,29260012,OCH
29259011,29262992,CHI
29262992,29264492,FEM
29264510,29266511,OCH
29264510,29266511,CHI
29266591,29269083,FEM
29271491,29277578,NA
29272396,29275992,CHI
29275498,29277493,FEM
29278419,29286154,NA
29278493,29279718,CHI
29279931,29281993,FEM
29282114,29284492,CHI
29284075,29285476,FEM
29285332,29286010,CHI
29287011,29295511,NA
29287243,29288492,CHI
29287992,29289992,OCH
29289492,29295511,FEM
29296453,29299025,NA
29296492,29299011,CHI
29302957,29303291,NA
29305511,29307968,FEM
29305511,29308015,NA
29308568,29337959,NA
29309511,29313993,FEM
29313460,29315011,OCH
29314511,29320993,FEM
29321290,29322493,CHI
29322133,29326055,FEM
29326293,29327422,CHI
29326615,29326856,FEM
29326985,29328991,FEM
29329293,29331318,CHI
29331291,29334985,FEM
29335552,29336006,CHI
29336278,29337512,CHI
29336492,29337501,OCH
29339992,29347819,FEM
29339992,29347859,NA
29361628,29363493,CHI
29361628,29363511,NA
29376975,29382491,NA
29377011,29382323,CHI
29377196,29378603,OCH
29383012,29402795,NA
29383133,29389687,CHI
29389691,29393572,FEM
29394132,29394824,FEM
29394166,29394510,OCH
29395070,29395991,CHI
29396282,29398528,FEM
29399124,29400715,CHI
29400992,29402296,FEM
29401734,29402426,CHI
29403010,29409895,NA
29403341,29405012,FEM
29405012,29406512,CHI
29407011,29409510,FEM
29411993,29414249,NA
29412212,29414011,FEM
29412269,29412807,CHI
29415137,29417493,NA
29415464,29415575,CHI
29415511,29417492,FEM
29420852,29423000,FEM
29420896,29439298,NA
29422992,29426011,CHI
29426011,29426116,FEM
29426492,29437771,FEM
29438183,29438875,CHI
29440707,29443697,NA
29440819,29443558,FEM
29445512,29459680,NA
29445512,29447124,FEM
29447012,29448246,CHI
29448645,29450015,FEM
29449982,29453492,CHI
29453502,29455259,FEM
29455711,29457512,CHI
29457341,29459511,FEM
29469511,29471511,NA
29469643,29471511,CHI
29473246,29486243,NA
29473421,29474417,CHI
29473492,29474835,OCH
29474164,29476032,FEM
29475834,29479492,CHI
29476992,29477254,OCH
29477836,29479102,OCH
29479704,29486122,FEM
29488511,29494011,NA
29488696,29494010,FEM
29495544,29498662,NA
29495959,29497292,CHI
29496057,29496452,OCH
29497196,29498116,FEM
29498862,29505749,NA
29499078,29501449,OCH
29499107,29499492,CHI
29501506,29503423,FEM
29503862,29504621,CHI
29504512,29505654,FEM
29506953,29515492,NA
29506992,29509348,CHI
29509309,29510507,FEM
29511159,29512129,CHI
29511197,29513755,OCH
29515983,29523626,NA
29516064,29516589,FEM
29516935,29521241,CHI
29520511,29522992,FEM
29521992,29522677,MAL
29522510,29523307,CHI
29524011,29532305,NA
29524146,29525145,CHI
29525842,29525992,CHI
29525855,29526381,OCH
29526950,29529279,FEM
29529527,29529728,CHI
29529608,29529723,OCH
29529838,29531433,CHI
29529861,29530013,FEM
29530136,29530305,FEM
29531331,29532214,FEM
29533992,29539313,NA
29534002,29535519,CHI
29534787,29535011,OCH
29535212,29535511,OCH
29535362,29536511,FEM
29537301,29538391,OCH
29537492,29539092,CHI
29540827,29545493,NA
29540985,29544991,FEM
29548424,29549011,NA
29548493,29549011,MAL
29551011,29562719,NA
29551011,29560642,FEM
29560822,29561354,CHI
29561711,29562351,FEM
29565489,29569492,NA
29565559,29566518,OCH
29565589,29566669,CHI
29567006,29569350,FEM
29570712,29574752,NA
29570753,29571992,CHI
29570992,29572425,OCH
29573011,29574288,FEM
29575166,29601012,NA
29575329,29580501,CHI
29576630,29576907,OCH
29580161,29584012,FEM
29584386,29585520,CHI
29585993,29586992,FEM
29587361,29589492,OCH
29587461,29590330,CHI
29590491,29592513,FEM
29590765,29591033,CHI
29592061,29593863,CHI
29593939,29596992,FEM
29596637,29596775,MAL
29596924,29599217,CHI
29598011,29598234,OCH
29598492,29599511,OCH
29598991,29600955,FEM
29599822,29599992,OCH
29604687,29606412,NA
29604715,29605333,CHI
29605498,29606215,FEM
29608991,29613011,FEM
29608991,29613097,NA
29616821,29626592,NA
29617009,29618344,CHI
29618990,29626511,FEM
29627856,29630119,NA
29628011,29630012,FEM
29628205,29628510,CHI
29632937,29633651,FEM
29632940,29642738,NA
29633919,29636011,CHI
29636511,29639560,FEM
29639419,29641515,CHI
29641334,29642647,FEM
29644512,29652330,FEM
29644512,29652492,NA
29649478,29650011,OCH
29655207,29660551,NA
29655269,29657011,OCH
29656481,29657043,CHI
29656814,29659477,FEM
29659596,29660634,MAL
29662991,29678879,NA
29662991,29664992,CHI
29665109,29669010,CHI
29669082,29670154,FEM
29669860,29669985,MAL
29670244,29672492,CHI
29672985,29675744,CHI
29675973,29677031,FEM
29677492,29678493,OCH
29677492,29678511,CHI
29679684,29682344,NA
29679877,29682265,FEM
29682956,29696491,NA
29683010,29690511,FEM
29690992,29696492,CHI
29697315,29699229,NA
29697492,29699205,CHI
29700179,29708306,NA
29700282,29701995,FEM
29701094,29701227,OCH
29701932,29704301,CHI
29705154,29706249,FEM
29705702,29706510,MAL
29706699,29708057,CHI
29708829,29710992,NA
29708908,29710768,FEM
29715992,29717782,CHI
29715992,29720548,NA
29718510,29720511,FEM
29722722,29725022,NA
29722795,29724629,CHI
29725355,29728058,NA
29725687,29726119,FEM
29726099,29726440,CHI
29726323,29728053,FEM
29730097,29732188,NA
29730281,29730408,MAL
29731318,29731919,MAL
29732699,29734009,NA
29732748,29734012,CHI
29738402,29738991,FEM
29738409,29739011,NA
29744528,29748598,NA
29744785,29748533,FEM
29744930,29745666,OCH
29749678,29752250,NA
29749736,29751030,CHI
29750674,29750821,MAL
29750993,29752011,FEM
29751492,29751630,MAL
29752967,29753839,MAL
29752979,29758129,NA
29753698,29753895,FEM
29753840,29757747,CHI
29758809,29760947,NA
29758992,29760772,CHI
29762006,29766512,NA
29762011,29765654,CHI
29765510,29766425,FEM
29767993,29769758,NA
29768126,29769511,CHI
29768563,29768695,OCH
29768840,29769010,FEM
29771511,29794252,NA
29771683,29772557,CHI
29772237,29773992,FEM
29774056,29775824,CHI
29775492,29776823,FEM
29775843,29775986,OCH
29777242,29779036,CHI
29778492,29781511,FEM
29781651,29782991,CHI
29782488,29785639,FEM
29785781,29787441,CHI
29787353,29790991,FEM
29790992,29792992,CHI
29792500,29794147,FEM
29795222,29797414,NA
29795317,29797011,FEM
29802203,29803896,CHI
29802215,29810492,NA
29804011,29806492,FEM
29806797,29808010,OCH
29808010,29810492,FEM
29811348,29812072,NA
29811478,29812020,CHI
29813665,29817892,NA
29813692,29815493,CHI
29815012,29817872,FEM
29820376,29823014,NA
29820391,29823012,CHI
29828010,29837776,NA
29828150,29828989,CHI
29828689,29836322,FEM
29835488,29835626,MAL
29836888,29837787,CHI
29840930,29842609,FEM
29840940,29847002,NA
29842741,29844012,CHI
29843549,29846992,FEM
29847862,29852432,NA
29847992,29849492,OCH
29847992,29850967,CHI
29850115,29851492,OCH
29850512,29852257,FEM
29854796,29858154,NA
29855213,29855993,FEM
29855496,29857992,OCH
29856511,29858006,CHI
29863564,29865500,NA
29863628,29864991,CHI
29866237,29872911,NA
29866310,29868492,FEM
29868122,29868242,CHI
29868386,29869726,CHI
29869741,29872493,FEM
29871764,29871882,MAL
29871992,29872274,MAL
29873510,29877010,FEM
29873510,29881246,NA
29877275,29878929,CHI
29879012,29881224,FEM
29883511,29885577,FEM
29883511,29885710,NA
29886378,29890848,NA
29886492,29890664,FEM
29889781,29890297,MAL
29896835,29904837,NA
29896889,29897770,CHI
29897763,29897890,MAL
29897780,29898065,FEM
29898801,29900492,CHI
29900561,29904679,FEM
29905678,29909358,NA
29905831,29906703,CHI
29906612,29907557,FEM
29907730,29908667,MAL
29907993,29909222,FEM
29911057,29914992,NA
29911309,29911793,MAL
29911511,29911747,FEM
29912011,29914993,FEM
29915214,29916010,NA
29915251,29916010,FEM
29923231,29925512,CHI
29923238,29957709,NA
29925835,29925992,CHI
29926464,29928469,OCH
29926511,29929611,CHI
29929984,29931992,FEM
29931851,29934735,CHI
29935054,29940587,CHI
29936574,29937922,OCH
29940681,29942210,FEM
29942047,29944492,CHI
29944492,29946875,FEM
29944495,29945011,OCH
29947404,29949991,OCH
29948025,29948729,CHI
29950815,29951512,CHI
29950973,29951511,OCH
29953419,29957032,FEM
29958992,29964011,NA
29959011,29960454,FEM
29960493,29963922,CHI
29960513,29961959,OCH
29962511,29963512,OCH
29968491,29974993,CHI
29968491,29977624,NA
29971090,29972097,OCH
29973620,29974391,OCH
29974512,29974725,OCH
29975029,29975991,OCH
29976492,29977511,CHI
29976564,29977241,OCH
29979911,29984174,NA
29980235,29980736,FEM
29980992,29981951,CHI
29981011,29982012,OCH
29982035,29984026,FEM
29985473,29989997,NA
29985785,29989992,CHI
29991320,29999153,NA
29991482,29996992,OCH
29991492,29993011,CHI
29993156,29993681,CHI
29994357,29996510,CHI
29996511,29999012,FEM
29999859,30002670,NA
29999992,30002493,CHI
30000726,30001155,OCH
30001480,30001941,OCH
30003780,30009845,NA
30004493,30004928,OCH
30004493,30006417,CHI
30006484,30008013,FEM
30008271,30009511,FEM
30008573,30009521,CHI
30010360,30018011,NA
30010492,30011992,OCH
30010492,30014441,CHI
30012329,30012444,OCH
30014390,30016012,FEM
30016492,30017943,CHI
30016629,30016882,OCH
30016987,30017620,OCH
30020252,30024802,NA
30020358,30021492,CHI
30020492,30021376,OCH
30021820,30024493,OCH
30028460,30033511,NA
30028492,30031364,FEM
30030620,30030909,MAL
30031703,30033124,FEM
30031850,30032512,OCH
30034587,30038094,NA
30035024,30035669,OCH
30036013,30037976,CHI
30036137,30037899,OCH
30040492,30042662,NA
30040586,30042140,OCH
30041319,30042207,CHI
30043376,30058852,NA
30043492,30044213,OCH
30043499,30044964,CHI
30045511,30045708,FEM
30045941,30052846,CHI
30050519,30050738,FEM
30052946,30053928,FEM
30053752,30055492,CHI
30055361,30056400,FEM
30055492,30056385,OCH
30056660,30058715,CHI
30056667,30057399,OCH
30061047,30072205,NA
30061128,30062510,CHI
30061603,30064193,OCH
30064362,30065644,OCH
30065929,30067002,CHI
30065955,30068493,OCH
30069257,30072111,OCH
30070315,30071800,CHI
30073003,30076516,NA
30073086,30074190,OCH
30073160,30073992,CHI
30074490,30075511,FEM
30075806,30077158,OCH
30076829,30077128,NA
30078511,30089092,NA
30078548,30083049,CHI
30082997,30084111,FEM
30085012,30088998,CHI
30091292,30099709,NA
30091318,30093491,CHI
30092992,30094511,FEM
30094772,30095476,FEM
30095739,30097583,CHI
30097992,30099511,FEM
30101011,30110449,NA
30101077,30105002,CHI
30103098,30103331,OCH
30103512,30105011,OCH
30106016,30106510,FEM
30107148,30108938,CHI
30108191,30108871,OCH
30112990,30114011,MAL
30113512,30113747,NA
30113993,30117559,NA
30114511,30116992,CHI
30118011,30120011,NA
30118063,30119659,OCH
30122012,30123480,FEM
30122012,30124393,NA
30124764,30126889,OCH
30125010,30127992,NA
30128510,30128726,NA
30131718,30134011,NA
30131992,30133511,FEM
30137511,30143302,NA
30137770,30139493,CHI
30140351,30142460,CHI
30140512,30143411,OCH
30148362,30149012,OCH
30148511,30149093,NA
30150898,30151492,NA
30150944,30151492,FEM
30151631,30151812,NA
30152010,30155510,NA
30152923,30154011,CHI
30152993,30154993,OCH
30156038,30156492,NA
30156707,30160992,NA
30157702,30158325,CHI
30157745,30157878,OCH
30157993,30158737,OCH
30159572,30160510,CHI
30165991,30167817,NA
30166012,30166253,OCH
30166428,30167501,OCH
30173011,30188934,NA
30174238,30174511,FEM
30174501,30177802,CHI
30175571,30176087,OCH
30179512,30179672,FEM
30182139,30182991,MAL
30183011,30183441,OCH
30183487,30187221,CHI
30186511,30186722,OCH
30187669,30188172,FEM
30189748,30189859,NA
30190006,30198511,NA
30190561,30191511,OCH
30191511,30194511,FEM
30194557,30196120,OCH
30194637,30196085,CHI
30196402,30197879,OCH
30198771,30198947,NA
30199183,30199492,NA
30199993,30200705,MAL
30200372,30202777,NA
30201491,30201658,OCH
30202168,30202279,OCH
30203790,30219609,NA
30205300,30205580,MAL
30208511,30210010,OCH
30210018,30211199,FEM
30211075,30211488,OCH
30212511,30212773,OCH
30216672,30216876,OCH
30216988,30218613,OCH
30218766,30219453,MAL
30221011,30224219,NA
30221512,30223010,OCH
30222008,30223005,CHI
30222992,30223594,FEM
30224897,30225834,NA
30225142,30225493,FEM
30226692,30242492,NA
30226790,30227613,FEM
30227992,30229404,OCH
30228512,30230493,CHI
30229511,30230205,OCH
30230861,30235107,FEM
30235842,30236941,CHI
30236843,30239619,FEM
30239992,30242511,FEM
30244992,30246674,FEM
30244992,30246992,NA
30247479,30248993,NA
30247730,30248010,CHI
30249293,30249455,NA
30250493,30250641,NA
30253924,30258652,NA
30253993,30254396,OCH
30255130,30256396,OCH
30258866,30261510,NA
30259511,30259653,OCH
30260550,30260776,OCH
30261683,30261992,NA
30263510,30271991,NA
30264476,30264992,OCH
30264511,30265414,CHI
30265102,30265286,OCH
30265967,30267268,MAL
30268168,30269034,OCH
30270326,30270750,OCH
30274012,30279992,NA
30274511,30274756,OCH
30274980,30276992,OCH
30275810,30275997,CHI
30276492,30279197,CHI
30279103,30279224,OCH
30283414,30285513,NA
30283905,30284464,OCH
30286011,30288704,NA
30287512,30287870,FEM
30289241,30289351,NA
30291950,30298492,NA
30291992,30293011,FEM
30292512,30295556,CHI
30300991,30313149,NA
30302237,30303012,CHI
30302492,30303516,OCH
30307103,30307378,MAL
30308848,30309223,OCH
30309010,30309332,CHI
30309491,30310951,MAL
30312382,30313011,OCH
30313347,30313806,NA
30314002,30314107,NA
30321010,30325452,NA
30321493,30322389,OCH
30323492,30324864,CHI
30324166,30324492,OCH
30326511,30328357,NA
30330511,30335747,NA
30330555,30333493,OCH
30331511,30332043,CHI
30333992,30335455,CHI
30336152,30352048,NA
30336778,30338317,CHI
30336979,30338904,OCH
30341491,30343511,OCH
30341491,30347011,CHI
30343511,30344510,FEM
30344993,30345131,OCH
30345476,30347992,OCH
30348739,30348871,FEM
30349122,30349294,FEM
30349689,30350511,OCH
30350614,30350958,OCH
30355508,30360324,NA
30355992,30357492,OCH
30356492,30358993,CHI
30358992,30359853,OCH
30363992,30364102,NA
30366492,30370285,NA
30366861,30367845,CHI
30368993,30370105,FEM
30371885,30392093,NA
30371900,30374009,CHI
30372511,30373307,OCH
30374156,30374492,FEM
30376011,30378011,CHI
30378510,30384701,FEM
30380282,30380405,MAL
30385220,30387012,CHI
30386435,30387542,OCH
30388174,30388469,OCH
30389521,30392012,CHI
30392815,30398993,NA
30392834,30396229,CHI
30396492,30398930,FEM
30400147,30416519,NA
30400253,30401991,CHI
30402010,30403345,FEM
30404153,30404499,CHI
30404511,30407992,FEM
30407962,30408661,CHI
30408836,30410257,FEM
30410151,30412012,CHI
30412511,30415491,FEM
30421796,30429992,NA
30421815,30429512,FEM
30431010,30436358,NA
30431909,30435648,CHI
30439992,30449429,NA
30440144,30443492,CHI
30444010,30444223,FEM
30444822,30445435,FEM
30445139,30447468,CHI
30447363,30448980,FEM
30455568,30458562,NA
30459210,30461512,NA
30459804,30462492,OCH
30460011,30460617,CHI
30461857,30461992,NA
30464512,30466063,MAL
30464524,30467308,NA
30468368,30479595,NA
30468493,30469485,FEM
30469492,30471512,CHI
30471512,30473637,FEM
30473840,30474517,FEM
30473992,30474702,OCH
30475005,30477344,OCH
30475177,30477209,CHI
30477387,30478511,FEM
30477843,30478013,OCH
30478402,30479511,CHI
30481854,30517052,NA
30482492,30487011,CHI
30488452,30492021,OCH
30488498,30489438,CHI
30489794,30491993,CHI
30493208,30495493,CHI
30496011,30498993,OCH
30496473,30499384,CHI
30499038,30499286,MAL
30499585,30503709,CHI
30503991,30506993,FEM
30506689,30509492,OCH
30509011,30509470,CHI
30511991,30513643,OCH
30512006,30513545,CHI
30513512,30516663,FEM
30517219,30519089,NA
30517476,30518591,CHI
30517801,30518511,OCH
30519408,30568656,NA
30519492,30520992,FEM
30521026,30522525,CHI
30522511,30525511,FEM
30525491,30539492,CHI
30540011,30542093,CHI
30540257,30540834,OCH
30542267,30543416,FEM
30544575,30544946,MAL
30544663,30546511,FEM
30546992,30548347,FEM
30548510,30548714,CHI
30548838,30550677,CHI
30550770,30555011,FEM
30555790,30556565,OCH
30556011,30557747,CHI
30556666,30556992,OCH
30557974,30558975,FEM
30558895,30559992,OCH
30559012,30568047,CHI
30569010,30574626,NA
30569360,30571493,CHI
30569493,30569787,OCH
30571012,30572455,FEM
30572993,30574627,CHI
30578816,30588992,NA
30578880,30581084,FEM
30581673,30586498,CHI
30586025,30588939,FEM
30590011,30596874,NA
30590151,30592043,FEM
30592492,30594011,CHI
30593604,30595992,FEM
30595298,30596602,MAL
30596117,30596512,FEM
30598012,30605012,NA
30598251,30600011,FEM
30600509,30602951,CHI
30603295,30605011,FEM
30610511,30611993,OCH
30610511,30613992,NA
30610992,30613729,CHI
30614510,30614839,NA
30615013,30615123,NA
30615492,30625492,NA
30615511,30618025,CHI
30618493,30619748,FEM
30620033,30622492,OCH
30623511,30625288,CHI
30632011,30636491,NA
30632251,30633311,FEM
30633370,30634992,CHI
30634991,30636491,FEM
30646011,30646904,NA
30650663,30651505,NA
30650685,30651308,FEM
30652653,30654587,CHI
30652683,30654728,NA
30655766,30656991,NA
30655798,30656991,FEM
30666433,30667646,NA
30666446,30667511,CHI
30667894,30668993,NA
30670491,30671851,NA
30670520,30671742,CHI
30681992,30682178,OCH
30681992,30686493,NA
30682328,30682532,OCH
30683281,30684992,CHI
30684992,30686055,FEM
30687093,30687252,OCH
30687992,30689717,NA
30688011,30689493,FEM
30690443,30698992,NA
30690510,30692759,CHI
30692859,30693991,FEM
30694015,30698750,CHI
30700011,30705082,NA
30700014,30701634,CHI
30702004,30702740,FEM
30703325,30704992,CHI
30706493,30709272,NA
30706798,30707944,CHI
30707993,30709046,FEM
30709452,30713991,NA
30709493,30710612,CHI
30710995,30713511,CHI
30712595,30713081,OCH
30717367,30725492,NA
30717492,30720678,CHI
30720878,30725422,CHI
30731022,30737475,NA
30731125,30732011,CHI
30731439,30732043,OCH
30733211,30737350,CHI
30738012,30742644,NA
30738909,30741511,CHI
30741512,30741785,FEM
30743418,30745151,NA
30743476,30744912,CHI
30745416,30747171,NA
30745494,30747011,FEM
30748003,30750580,NA
30748202,30748771,CHI
30748493,30749993,OCH
30749070,30750574,FEM
30751760,30752999,FEM
30751792,30754364,NA
30753008,30754226,OCH
30756512,30758478,NA
30756697,30756894,MAL
30756993,30758417,CHI
30760493,30761993,NA
30760506,30761993,CHI
30765663,30765992,NA
30767148,30767831,NA
30768965,30771992,NA
30768992,30770438,CHI
30770113,30771936,FEM
30773491,30780010,NA
30773512,30777400,CHI
30776153,30776511,OCH
30778010,30779991,FEM
30782187,30792325,NA
30782378,30784011,CHI
30782508,30784001,OCH
30784185,30786492,FEM
30786494,30787015,CHI
30787169,30788571,FEM
30788539,30789975,CHI
30790010,30791991,FEM
30793871,30804011,NA
30793932,30796991,FEM
30797322,30799155,CHI
30798011,30798134,OCH
30799661,30803993,FEM
30804437,30805512,NA
30804492,30805496,CHI
30807511,30812776,NA
30807581,30810995,CHI
30812991,30822335,NA
30813492,30814889,CHI
30813796,30814895,OCH
30815279,30816445,CHI
30815397,30817992,OCH
30818510,30818630,OCH
30819992,30822010,FEM
30821499,30822010,OCH
30824182,30829732,NA
30824493,30827011,FEM
30827324,30829012,CHI
30828441,30829043,OCH
30830612,30858992,NA
30830713,30833074,CHI
30831793,30832255,OCH
30832394,30833012,OCH
30832993,30837062,FEM
30836973,30838011,CHI
30837679,30839562,FEM
30839493,30840084,OCH
30839493,30840578,CHI
30840777,30844992,FEM
30840839,30841276,MAL
30844886,30846103,CHI
30845991,30846511,FEM
30847289,30849010,CHI
30848511,30851446,FEM
30849581,30849746,MAL
30851823,30855011,CHI
30851889,30855510,OCH
30855011,30856511,FEM
30856012,30858209,MAL
30857993,30858823,FEM
30859139,30880172,NA
30859304,30859648,FEM
30859677,30860511,CHI
30859777,30860087,FEM
30859993,30861085,OCH
30861157,30861582,FEM
30861513,30862576,OCH
30861992,30865186,CHI
30862789,30865044,OCH
30865492,30873011,FEM
30870011,30871992,MAL
30873430,30875614,OCH
30875511,30878565,FEM
30876491,30876648,MAL
30878186,30880012,CHI
30880958,30885359,NA
30880992,30882919,CHI
30882862,30884963,FEM
30884390,30885011,CHI
30886203,30886402,NA
30886883,30895992,NA
30887070,30893444,CHI
30887200,30887310,OCH
30887492,30888511,FEM
30893248,30893734,FEM
30893611,30895702,CHI
30895131,30895492,FEM
30896670,30899399,NA
30896993,30898876,CHI
30897003,30898314,OCH
30899510,30904775,NA
30899715,30901699,CHI
30900833,30901635,OCH
30901993,30904914,FEM
30906451,30909991,NA
30906908,30909589,CHI
30906937,30908991,OCH
30911510,30930623,NA
30911510,30919040,FEM
30919627,30919949,FEM
30920182,30924510,FEM
30925041,30930625,CHI
30932336,30934157,NA
30932381,30934141,CHI
30935643,30945424,NA
30935674,30945097,CHI
30945605,30954493,NA
30945691,30954395,CHI
30946912,30949511,OCH
30966415,30975718,NA
30966454,30968027,CHI
30966511,30969010,OCH
30968394,30968858,CHI
30969992,30975706,CHI
30976999,30979758,NA
30977247,30978411,CHI
30977598,30978042,OCH
30992063,30996839,NA
30992180,30993765,OCH
30992333,30993992,CHI
30994056,30994512,OCH
30994196,30994780,CHI
30995492,30996498,CHI
30998109,31002491,NA
30998155,31001992,CHI
31001010,31002539,OCH
31002657,31002910,OCH
31005011,31029129,NA
31005511,31006512,CHI
31007350,31010646,FEM
31010626,31013512,CHI
31014215,31021491,FEM
31014978,31016512,OCH
31020992,31024492,OCH
31022011,31022259,CHI
31023466,31023751,CHI
31024996,31027492,FEM
31027992,31028993,CHI
31028057,31028511,OCH
31030464,31035358,NA
31030493,31031993,CHI
31032354,31035121,CHI
31032470,31034439,OCH
31035761,31049992,NA
31035813,31037568,CHI
31036564,31037838,OCH
31037511,31040493,FEM
31040229,31041997,OCH
31042835,31043328,MAL
31043491,31049944,FEM
31052990,31056638,NA
31052992,31054011,FEM
31053713,31056040,CHI
31057423,31059257,NA
31057511,31059011,FEM
31060010,31064992,NA
31060317,31061281,CHI
31061011,31062012,FEM
31062258,31064256,CHI
31062383,31064511,OCH
31065415,31070135,NA
31065491,31068491,CHI
31067012,31067137,OCH
31067493,31069992,OCH
31070669,31070892,NA
31070993,31088992,NA
31071992,31073469,OCH
31072493,31073598,CHI
31074157,31075208,CHI
31074290,31074600,OCH
31074757,31074863,OCH
31075353,31076011,MAL
31075512,31077669,FEM
31077493,31079493,OCH
31079941,31081463,FEM
31080027,31080432,MAL
31081084,31081200,OCH
31081992,31082230,OCH
31082680,31088492,FEM
31082712,31083011,MAL
31083232,31083490,MAL
31083681,31083835,MAL
31093760,31097511,NA
31093765,31097491,FEM
31098988,31111992,NA
31099079,31099511,OCH
31100171,31100345,FEM
31100510,31103011,FEM
31103885,31106992,CHI
31103953,31111682,OCH
31107260,31107992,CHI
31110224,31111636,CHI
31112583,31113992,NA
31112672,31113735,CHI
31114321,31117289,NA
31114376,31117010,CHI
31120588,31137122,NA
31121012,31122900,CHI
31123673,31125927,OCH
31127492,31127715,FEM
31128243,31129492,FEM
31129210,31129374,MAL
31130992,31131594,OCH
31130992,31131859,CHI
31131878,31133012,MAL
31132991,31136992,FEM
31139060,31141514,NA
31139281,31141227,MAL
31139512,31140011,FEM
31141118,31141493,FEM
31141370,31141512,MAL
31143702,31149094,NA
31143830,31144601,MAL
31144168,31144492,FEM
31144643,31145845,CHI
31145850,31147214,MAL
31148012,31149011,FEM
31151010,31158595,NA
31151125,31152706,CHI
31152801,31153176,MAL
31152939,31153390,FEM
31153380,31154993,CHI
31154993,31157404,FEM
31156584,31157524,OCH
31157237,31157342,CHI
31157492,31158270,CHI
31157730,31158010,OCH
31159011,31166809,NA
31159492,31160520,FEM
31159492,31160569,OCH
31161969,31162367,FEM
31164374,31166655,CHI
31167408,31169011,NA
31167485,31168992,CHI
31169652,31172519,NA
31169710,31172285,CHI
31171141,31172511,OCH
31173010,31173263,NA
31173992,31176992,NA
31174203,31175961,CHI
31174492,31175511,OCH
31180069,31183338,OCH
31181011,31182682,NA
31184011,31209907,NA
31184252,31184456,MAL
31184703,31185992,CHI
31184786,31186927,OCH
31186510,31186707,CHI
31186855,31189354,CHI
31188993,31189108,OCH
31189511,31190162,OCH
31190493,31194131,OCH
31192361,31194992,CHI
31194992,31199076,FEM
31197245,31197367,OCH
31197493,31198011,OCH
31198993,31200512,MAL
31199217,31200010,FEM
31200852,31202492,CHI
31201958,31202947,FEM
31202012,31202873,OCH
31202655,31202775,CHI
31203993,31205011,FEM
31204663,31204779,MAL
31204897,31205010,MAL
31205010,31206991,CHI
31206011,31209011,OCH
31207307,31209011,CHI
31209231,31209493,OCH
31212172,31213765,OCH
31212405,31213510,NA
31220961,31241992,NA
31220967,31223011,OCH
31223011,31224683,FEM
31224992,31226398,CHI
31225137,31227064,OCH
31227260,31227511,OCH
31227503,31228126,FEM
31228646,31232569,CHI
31229012,31229299,OCH
31229457,31230078,OCH
31231985,31241919,FEM
31235011,31236604,MAL
31243415,31269117,NA
31243492,31254393,FEM
31253992,31254402,CHI
31254608,31254993,FEM
31255430,31256993,CHI
31256236,31256950,MAL
31257966,31259492,CHI
31260175,31267011,FEM
31266910,31269512,MAL
31273493,31275054,FEM
31273511,31275139,NA
31276481,31286512,NA
31276493,31277161,CHI
31277492,31281753,FEM
31281797,31282744,MAL
31282669,31282880,FEM
31282991,31283111,FEM
31283013,31284454,CHI
31283629,31283992,OCH
31284460,31286045,FEM
31286679,31288613,NA
31286724,31293493,MAL
31289055,31289492,NA
31289618,31293010,NA
31299011,31301993,FEM
31299011,31302953,NA
31301993,31303007,MAL
31305369,31307510,NA
31305493,31307511,FEM
31312492,31328984,NA
31312492,31319492,FEM
31319396,31321210,MAL
31321492,31328924,FEM
31325722,31326011,OCH
31331286,31338492,NA
31331423,31349359,MAL
31332675,31332864,CHI
31334492,31335010,CHI
31336279,31336920,FEM
31338875,31349359,NA
31338993,31339234,CHI
31349508,31353546,NA
31350011,31352512,FEM
31352510,31354012,MAL
31356298,31357540,MAL
31356362,31361214,NA
31357493,31358511,CHI
31357932,31361018,MAL
31369997,31371573,MAL
31370492,31377470,NA
31371901,31376246,FEM
31376374,31377422,FEM
31380657,31388398,FEM
31380686,31388492,NA
31382279,31382448,OCH
31383028,31383458,OCH
31389992,31391511,FEM
31389992,31391511,NA
31393442,31426193,NA
31393492,31406676,FEM
31406913,31411243,FEM
31411105,31414367,MAL
31415011,31418573,CHI
31418493,31420491,MAL
31420511,31423452,CHI
31423478,31425780,FEM
31423511,31423752,OCH
31423992,31424996,CHI
31426329,31469991,NA
31426513,31428143,CHI
31428010,31428616,FEM
31428797,31429627,CHI
31429804,31430511,CHI
31430590,31432470,MAL
31432011,31433513,CHI
31433700,31436010,FEM
31435012,31436581,MAL
31437011,31438626,MAL
31438493,31440705,CHI
31439991,31440892,MAL
31440887,31442492,CHI
31441399,31442190,OCH
31442445,31444284,MAL
31443437,31444355,FEM
31445926,31446427,FEM
31446244,31446791,MAL
31446696,31447012,FEM
31447492,31447985,OCH
31448812,31449949,CHI
31450511,31452511,MAL
31452693,31453091,MAL
31453456,31455749,FEM
31455424,31458512,MAL
31458161,31459698,CHI
31459637,31459895,MAL
31460081,31462422,MAL
31462493,31463813,FEM
31464339,31465628,CHI
31465601,31467287,FEM
31468080,31469509,CHI
31468471,31469456,MAL
31470113,31478232,NA
31470733,31470871,CHI
31471124,31471244,MAL
31471232,31471492,FEM
31471637,31473011,OCH
31473610,31473725,MAL
31474077,31474404,MAL
31474570,31476131,OCH
31474786,31476102,CHI
31475993,31478075,FEM
31479172,31493080,NA
31479492,31481034,MAL
31480971,31481950,CHI
31481524,31483991,MAL
31483991,31485957,FEM
31485957,31487488,CHI
31486011,31487010,OCH
31487483,31488646,FEM
31488011,31488224,OCH
31488492,31489135,OCH
31488787,31489006,FEM
31490392,31490498,FEM
31490492,31492127,CHI
31492152,31492984,FEM
31493473,31502687,NA
31493600,31495077,CHI
31494999,31496476,MAL
31495260,31495459,CHI
31496482,31497992,OCH
31496651,31497124,CHI
31497901,31498114,MAL
31498511,31501690,MAL
31502010,31502162,FEM
31503232,31504778,NA
31503376,31504566,CHI
31505011,31542971,NA
31505362,31507011,CHI
31507998,31509078,OCH
31509483,31511042,MAL
31509992,31510991,FEM
31511018,31512491,CHI
31511511,31511690,OCH
31513492,31514511,CHI
31513492,31514785,OCH
31514992,31519511,MAL
31519010,31521737,FEM
31522341,31523492,CHI
31522785,31522922,OCH
31523251,31524657,FEM
31524785,31525492,CHI
31525048,31525480,OCH
31526152,31526326,OCH
31526511,31530510,MAL
31528477,31528744,CHI
31528511,31528725,OCH
31530414,31532026,CHI
31531992,31534403,MAL
31534491,31535510,FEM
31534542,31534680,MAL
31535992,31537200,CHI
31537553,31540491,MAL
31541493,31542511,OCH
31541493,31542511,CHI
31546117,31547428,NA
31546486,31547011,CHI
31546511,31547010,OCH
31548012,31548922,OCH
31550430,31552511,NA
31550492,31552011,CHI
31550568,31551447,OCH
31551756,31552456,OCH
31553992,31588511,NA
31554244,31556065,CHI
31556102,31565511,FEM
31566245,31567497,CHI
31566512,31566878,OCH
31566993,31567157,OCH
31567453,31569930,FEM
31569991,31573599,CHI
31573565,31576542,FEM
31577509,31577624,OCH
31577695,31577962,FEM
31577980,31578100,OCH
31578512,31580012,FEM
31579325,31579511,OCH
31580385,31582332,CHI
31582011,31584692,FEM
31584595,31586525,CHI
31586468,31588512,FEM
31592012,31623018,NA
31592665,31594012,FEM
31593512,31596492,CHI
31596478,31599720,FEM
31596791,31599012,OCH
31599992,31602454,FEM
31602548,31604902,CHI
31604528,31608492,FEM
31608114,31609992,CHI
31609919,31612599,FEM
31612849,31613993,CHI
31613502,31617599,FEM
31614798,31614985,CHI
31617992,31619011,CHI
31618981,31620042,FEM
31619992,31621492,CHI
31621416,31622977,FEM
31624874,31626450,NA
31624992,31626261,FEM
31627974,31629721,NA
31627992,31629511,FEM
31629032,31629273,MAL
31631283,31633532,NA
31631315,31632299,CHI
31632282,31633511,FEM
31635492,31640831,NA
31635579,31636214,CHI
31635692,31636011,OCH
31636011,31637695,FEM
31637812,31639179,CHI
31639194,31640615,FEM
31640012,31640238,MAL
31641685,31641796,MAL
31642468,31654652,NA
31642512,31643687,CHI
31643679,31644590,FEM
31645306,31650011,FEM
31645640,31646479,MAL
31650568,31651739,CHI
31651992,31653420,FEM
31652355,31652466,MAL
31653453,31654548,CHI
31657232,31660011,NA
31657460,31659492,FEM
31662510,31669125,NA
31662637,31665401,CHI
31665725,31667993,CHI
31667512,31667613,FEM
31667993,31668842,FEM
31669512,31675616,NA
31669773,31671455,CHI
31671493,31675492,FEM
31676415,31680622,NA
31676493,31680253,FEM
31681010,31702212,NA
31681191,31682894,FEM
31683239,31684363,CHI
31683493,31683601,OCH
31683822,31683976,OCH
31684119,31685405,FEM
31685644,31686599,CHI
31686569,31696628,FEM
31690553,31690730,MAL
31690859,31691067,MAL
31697492,31701977,FEM
31697639,31697990,MAL
31702987,31744012,NA
31703079,31704176,CHI
31703199,31704112,OCH
31704203,31705835,FEM
31706011,31719550,FEM
31719511,31723164,CHI
31723010,31729387,FEM
31726232,31726413,CHI
31726237,31726456,OCH
31729659,31729760,CHI
31730054,31730886,CHI
31730986,31732560,FEM
31732275,31732451,CHI
31732992,31735370,CHI
31733011,31734091,FEM
31734492,31735137,OCH
31735493,31738213,FEM
31738492,31739893,CHI
31739980,31741607,FEM
31741502,31742202,CHI
31741639,31741971,OCH
31742012,31744012,FEM
31748402,31753492,NA
31748404,31749550,FEM
31749995,31751510,CHI
31751011,31751112,OCH
31751492,31753011,FEM
31751497,31752078,MAL
31755512,31761511,NA
31755628,31756269,CHI
31755974,31756597,FEM
31757214,31758134,CHI
31758404,31760697,FEM
31760638,31761370,CHI
31763305,31764110,NA
31763313,31764074,FEM
31768511,31787465,NA
31768512,31772152,FEM
31771573,31773168,CHI
31772486,31773402,FEM
31773590,31775492,CHI
31774012,31776218,OCH
31776663,31777181,FEM
31777750,31784993,CHI
31778065,31779034,OCH
31779376,31779511,OCH
31781492,31782412,FEM
31781992,31783492,OCH
31784650,31786012,FEM
31785573,31786024,OCH
31786131,31787395,OCH
31789162,31800011,NA
31789260,31791511,FEM
31791693,31791820,OCH
31791719,31793847,CHI
31791955,31792929,OCH
31793801,31795272,FEM
31795357,31797492,CHI
31795794,31796267,OCH
31797492,31799711,FEM
31808492,31814513,NA
31808511,31813992,FEM
31808646,31808992,CHI
31813636,31814512,MAL
31833003,31833152,NA
31837992,31840012,FEM
31837992,31840214,NA
31840710,31840911,NA
31842992,31843512,FEM
31842992,31844011,NA
31844367,31844958,NA
31844551,31844720,FEM
31848992,31850516,NA
31849019,31850470,CHI
31849178,31849770,OCH
31851689,31856112,NA
31851701,31853306,CHI
31853046,31854860,FEM
31854835,31855908,CHI
31856510,31857698,NA
31856777,31857617,FEM
31859247,31860784,CHI
31859281,31861603,NA
31860672,31861492,FEM
31862877,31865010,NA
31862928,31865010,CHI
31872493,31873070,FEM
31872493,31875512,NA
31873568,31875257,CHI
31879852,31882012,NA
31879875,31881652,OCH
31880512,31881011,CHI
31887716,31891982,NA
31887795,31890011,FEM
31888510,31889011,OCH
31890512,31891445,FEM
31894992,31896288,FEM
31894992,31896492,NA
31896838,31900650,NA
31896943,31897707,CHI
31897662,31898992,FEM
31897992,31899654,MAL
31899788,31900131,MAL
31901129,31902710,NA
31901329,31902514,CHI
31901730,31902010,OCH
31904012,31904189,NA
31904511,31906492,NA
31904979,31906408,CHI
31909302,31909459,NA
31915782,31916693,NA
31915824,31916614,CHI
31918104,31919962,NA
31918425,31919829,CHI
31918487,31918992,OCH
31924324,31926810,NA
31924403,31926139,OCH
31924493,31925992,CHI
31926380,31926493,OCH
31927426,31927838,NA
31927944,31931493,NA
31927993,31930892,CHI
31929712,31931011,OCH
31935178,31937888,FEM
31935236,31942992,NA
31938226,31941746,FEM
31942019,31942756,MAL
31948962,31952011,NA
31948992,31950727,FEM
31950992,31952011,CHI
31960011,31961992,NA
31960303,31961881,FEM
31963992,31970008,FEM
31963992,31970011,NA
31979468,31981483,CHI
31979489,31992677,NA
31981429,31982460,MAL
31981470,31987889,FEM
31988147,31992607,FEM
31993797,32027209,NA
31994020,31994278,FEM
31994511,31997014,FEM
31997012,31999567,CHI
31997081,31997511,OCH
31999543,32001809,FEM
32002288,32005223,CHI
32005155,32005573,FEM
32005783,32012103,FEM
32012179,32013470,CHI
32014013,32021511,FEM
32022341,32022626,MAL
32022992,32027169,FEM
32028828,32041511,NA
32028974,32029511,MAL
32029560,32030275,CHI
32029639,32030132,OCH
32030640,32032432,FEM
32031511,32031693,CHI
32031874,32032725,MAL
32032631,32034492,CHI
32035692,32041482,FEM
32041693,32042491,NA
32046199,32048011,NA
32046341,32046511,MAL
32046492,32048510,FEM
32050529,32050731,MAL
32050996,32051160,MAL
32054793,32055017,NA
32054812,32057752,MAL
32055175,32056493,NA
32056646,32056752,NA
32057171,32063457,NA
32058492,32059992,FEM
32059511,32060245,MAL
32060510,32061973,CHI
32060991,32061199,OCH
32062240,32062421,MAL
32062856,32063011,FEM
32063879,32068569,NA
32063948,32065055,CHI
32065190,32065992,CHI
32066265,32066413,OCH
32066511,32067309,CHI
32066565,32066685,OCH
32066844,32068032,OCH
32072134,32074520,NA
32079824,32081383,NA
32079842,32081511,MAL
32083057,32083447,MAL
32084012,32084115,MAL
32084249,32084436,MAL
32087011,32088607,NA
32087082,32088435,FEM
32088714,32088992,NA
32089085,32090555,MAL
32089897,32093473,NA
32090663,32090990,MAL
32090992,32093225,OCH
32091432,32093027,CHI
32094016,32094492,NA
32096491,32097586,MAL
32096507,32097597,NA
32099166,32101993,NA
32099380,32101511,FEM
32099515,32100200,MAL
32100361,32100476,MAL
32102453,32103784,MAL
32102620,32103364,NA
32104421,32106991,MAL
32104706,32104829,NA
32105150,32106993,NA
32108565,32108764,MAL
32112462,32114789,MAL
32112492,32114696,NA
32115445,32119011,NA
32115511,32115989,FEM
32116497,32118993,FEM
32121011,32129033,NA
32121034,32122492,FEM
32122362,32122786,OCH
32123507,32124762,CHI
32125064,32125764,FEM
32126833,32128095,OCH
32128382,32128512,OCH
32129198,32129492,NA
32130511,32131395,MAL
32132459,32134455,NA
32132492,32133491,FEM
32136995,32138266,FEM
32136996,32139159,NA
32142045,32142372,NA
32142511,32153031,NA
32142992,32143114,FEM
32143119,32144187,MAL
32144543,32146997,MAL
32148011,32152012,FEM
32153168,32153507,MAL
32153168,32174992,NA
32153620,32153799,MAL
32154511,32155188,FEM
32155370,32159302,FEM
32159052,32160005,MAL
32159511,32161492,FEM
32163738,32165814,FEM
32166011,32168492,FEM
32168381,32170035,OCH
32170510,32174309,FEM
32175858,32181180,NA
32175993,32179992,FEM
32178084,32178280,MAL
32179847,32183011,MAL
32181511,32182880,NA
32183182,32184493,MAL
32183190,32184493,NA
32184876,32190706,NA
32185029,32185188,FEM
32185794,32185895,FEM
32187512,32189085,FEM
32189010,32190245,MAL
32189238,32189361,FEM
32190851,32193011,NA
32191185,32192147,FEM
32193146,32193281,NA
32193492,32193674,MAL
32194044,32198465,NA
32194073,32194485,MAL
32194992,32196492,FEM
32196440,32198001,MAL
32199378,32200487,NA
32200620,32201015,NA
32200696,32200934,MAL
32204010,32204285,MAL
32204785,32204893,MAL
32206334,32206437,MAL
32206511,32225185,NA
32206688,32206801,MAL
32207596,32208077,FEM
32209993,32210992,FEM
32212510,32216168,FEM
32216493,32218044,MAL
32217502,32222011,FEM
32222327,32222759,OCH
32222872,32223182,OCH
32224510,32224974,FEM
32225405,32228262,NA
32226002,32226809,FEM
32226992,32227667,OCH
32227829,32227945,OCH
32229318,32229804,NA
32229510,32230256,MAL
32235492,32240251,NA
32235511,32236758,FEM
32236982,32238094,FEM
32240492,32241343,NA
32242948,32246082,NA
32243992,32245011,FEM
32245511,32246010,FEM
32248511,32250492,NA
32251993,32252909,MAL
32253491,32254510,NA
32263746,32288535,NA
32263993,32266011,CHI
32265511,32266011,OCH
32266628,32267656,FEM
32266760,32267676,OCH
32267963,32270317,OCH
32268014,32268993,CHI
32269668,32269838,CHI
32270381,32274124,FEM
32274052,32274427,MAL
32276016,32277567,MAL
32277601,32279012,CHI
32277736,32277891,MAL
32279259,32280452,FEM
32280491,32283002,CHI
32281637,32281742,OCH
32281919,32283011,OCH
32283611,32283785,FEM
32283995,32286018,CHI
32285682,32285832,OCH
32286021,32286229,OCH
32286961,32287992,FEM
32290324,32304472,NA
32290331,32292207,CHI
32292992,32294457,MAL
32294283,32297010,FEM
32297010,32300512,MAL
32300427,32302617,FEM
32303011,32303492,OCH
32304012,32304177,OCH
32306671,32307511,NA
32308511,32313665,NA
32308514,32312512,FEM
32313068,32314305,MAL
32314511,32314616,NA
32314785,32322446,NA
32315993,32318018,MAL
32317491,32321511,FEM
32320991,32322653,MAL
32323980,32325492,NA
32326155,32326638,MAL
32327100,32340254,NA
32327274,32331839,MAL
32333021,32333595,MAL
32333919,32335161,MAL
32336302,32339010,FEM
32340710,32341318,NA
32340939,32347492,MAL
32341668,32367470,NA
32347796,32349865,FEM
32352355,32352735,FEM
32353493,32354512,OCH
32353493,32356011,CHI
32355563,32356086,FEM
32356331,32356464,FEM
32356992,32358740,OCH
32357991,32361511,FEM
32361871,32363957,CHI
32363869,32365533,FEM
32365062,32367252,CHI
32367882,32370044,CHI
32367882,32372992,NA
32369816,32371826,MAL
32372112,32372234,OCH
32374497,32374612,NA
32374509,32376379,MAL
32375022,32385100,NA
32376491,32377983,FEM
32377742,32382511,MAL
32378511,32378722,FEM
32379011,32379964,FEM
32382987,32383265,OCH
32386306,32404011,NA
32386768,32388017,FEM
32387702,32389806,CHI
32388925,32390103,MAL
32390012,32394249,FEM
32391596,32392529,CHI
32391627,32392580,OCH
32394504,32397012,FEM
32396875,32398502,CHI
32398466,32399438,FEM
32399492,32400788,CHI
32400505,32403512,FEM
32434012,32435512,FEM
32434012,32435512,NA
32438492,32455645,NA
32438870,32440014,FEM
32439992,32440993,CHI
32440541,32442873,OCH
32443492,32447363,CHI
32443615,32443723,OCH
32446155,32446325,OCH
32446992,32450593,FEM
32450652,32452922,CHI
32451492,32452830,OCH
32454511,32455011,FEM
32457032,32457413,NA
32457205,32457416,FEM
32457991,32458602,NA
32458156,32458510,FEM
32461109,32468014,NA
32461143,32468011,FEM
32468708,32506930,NA
32468907,32471877,OCH
32469613,32469748,CHI
32469992,32470404,CHI
32471511,32472296,CHI
32471749,32480040,FEM
32472404,32472510,CHI
32479993,32480219,MAL
32480192,32484871,CHI
32482011,32482510,OCH
32482723,32482845,OCH
32484502,32485285,FEM
32485492,32487439,CHI
32487011,32491420,FEM
32489525,32490030,OCH
32491517,32492492,CHI
32491592,32491810,FEM
32492011,32492112,FEM
32492261,32495054,FEM
32494946,32496019,CHI
32494991,32495992,OCH
32495945,32506792,FEM
32507992,32642992,NA
32508511,32508741,FEM
32509011,32518711,FEM
32509196,32509766,MAL
32517774,32518289,MAL
32518648,32518815,MAL
32519492,32521723,FEM
32520511,32521397,CHI
32522394,32534691,FEM
32522592,32523338,OCH
32525511,32525730,CHI
32534502,32536036,CHI
32535879,32538419,FEM
32538569,32538731,MAL
32539158,32539992,OCH
32539431,32540390,CHI
32540344,32542011,FEM
32541964,32542995,OCH
32542493,32543993,CHI
32543907,32559690,FEM
32552614,32552790,CHI
32559511,32562511,MAL
32562047,32565444,FEM
32565011,32566008,CHI
32567010,32568544,CHI
32567246,32567575,OCH
32568396,32569778,FEM
32569511,32569725,CHI
32570350,32570946,FEM
32570608,32572162,CHI
32572511,32582010,FEM
32576379,32576954,OCH
32583065,32583510,OCH
32584118,32585649,CHI
32584594,32584987,OCH
32585993,32588011,FEM
32587513,32588414,MAL
32588295,32588492,FEM
32589010,32594052,FEM
32592962,32593318,OCH
32594267,32603236,FEM
32595149,32595988,MAL
32602883,32603678,CHI
32603077,32603301,OCH
32604920,32606925,CHI
32605823,32606159,FEM
32606992,32607232,MAL
32607011,32609512,FEM
32609098,32610639,MAL
32610011,32628012,FEM
32612178,32612993,CHI
32621834,32622133,MAL
32624871,32625492,OCH
32627664,32629340,CHI
32627767,32628135,OCH
32628677,32628893,OCH
32629370,32631699,FEM
32632254,32642723,FEM
32632428,32633400,OCH
32636156,32636492,OCH
32643204,32670391,NA
32643381,32644491,CHI
32645837,32647064,CHI
32646993,32649654,FEM
32648992,32649518,MAL
32650558,32651570,CHI
32651173,32654010,FEM
32654421,32656353,CHI
32656169,32657823,FEM
32656645,32657490,MAL
32658010,32660992,FEM
32660412,32661625,MAL
32661849,32661981,MAL
32662511,32669992,FEM
32670705,32683992,NA
32670839,32672368,CHI
32672081,32673250,FEM
32673286,32675313,CHI
32674642,32675332,FEM
32675830,32678010,CHI
32675992,32679991,OCH
32678993,32683993,FEM
32684276,32688157,NA
32684992,32686011,CHI
32686511,32687993,FEM
32689011,32701775,NA
32689038,32690525,CHI
32690051,32692992,FEM
32690704,32690888,CHI
32692493,32693220,CHI
32693993,32700097,FEM
32699479,32700991,MAL
32700512,32701752,FEM
32702989,32722243,NA
32703492,32706828,FEM
32706847,32708256,CHI
32708178,32708288,MAL
32708180,32708511,FEM
32708510,32708952,OCH
32708510,32713341,CHI
32709077,32710273,OCH
32712512,32714687,FEM
32714724,32716511,CHI
32715993,32718516,FEM
32718011,32719948,CHI
32719904,32722074,FEM
32723511,32726464,NA
32723776,32725511,FEM
32723902,32724010,CHI
32725492,32726287,CHI
32726975,32745991,NA
32727054,32728021,CHI
32727748,32727900,OCH
32727753,32727993,FEM
32728516,32729103,CHI
32728571,32729010,OCH
32729010,32730492,FEM
32729495,32730637,MAL
32730980,32733540,FEM
32732912,32733071,MAL
32733889,32733992,CHI
32733992,32734512,OCH
32734042,32735189,FEM
32735490,32738011,FEM
32738830,32740330,CHI
32740492,32744063,FEM
32744091,32744835,CHI
32744760,32745918,FEM
32746992,32795865,NA
32747205,32750678,FEM
32749172,32749455,MAL
32750678,32751993,CHI
32751511,32755510,FEM
32752281,32752492,CHI
32753820,32753992,CHI
32755492,32757492,CHI
32757011,32757121,FEM
32757492,32762290,FEM
32762492,32763511,CHI
32763153,32765856,FEM
32764571,32764716,MAL
32764993,32770250,MAL
32766957,32767678,FEM
32770467,32772183,FEM
32771643,32771766,CHI
32771947,32773095,CHI
32772362,32776491,FEM
32776512,32777322,OCH
32776539,32777011,CHI
32777247,32782492,FEM
32777971,32780011,MAL
32780649,32780890,MAL
32781512,32781730,MAL
32781883,32782356,MAL
32782786,32783112,OCH
32782787,32783327,CHI
32783432,32795511,FEM
32784195,32784681,MAL
32784883,32784988,MAL
32787789,32787939,MAL
32794512,32795012,MAL
32794991,32795664,CHI
32797511,32927708,NA
32797521,32798836,FEM
32798010,32798130,MAL
32798706,32800360,CHI
32799511,32799705,OCH
32800012,32801511,FEM
32800763,32800895,OCH
32801821,32805822,CHI
32804492,32805994,OCH
32805710,32808182,FEM
32808335,32815585,FEM
32808942,32809992,CHI
32816176,32817170,FEM
32816202,32816992,CHI
32817272,32817417,FEM
32817493,32819957,CHI
32819550,32822510,FEM
32823512,32824011,MAL
32823844,32825658,FEM
32824681,32825412,MAL
32826511,32827012,CHI
32827204,32829011,FEM
32828532,32830358,CHI
32830323,32836567,FEM
32836512,32837837,CHI
32837798,32841011,FEM
32841435,32842512,CHI
32841860,32842010,FEM
32842992,32844676,CHI
32844413,32846173,FEM
32846227,32846673,CHI
32846492,32847137,MAL
32847088,32848139,CHI
32848441,32856511,FEM
32856992,32859493,MAL
32859496,32863492,FEM
32863172,32863464,MAL
32863492,32864010,CHI
32864493,32866012,FEM
32865851,32866863,CHI
32865991,32866745,OCH
32867203,32869493,FEM
32870510,32871492,CHI
32870510,32872010,OCH
32871550,32876555,FEM
32875374,32876110,CHI
32876358,32877492,CHI
32876472,32878511,OCH
32877584,32880510,FEM
32878565,32878717,CHI
32880149,32881269,CHI
32881111,32883492,FEM
32883501,32885094,CHI
32884896,32889678,FEM
32887858,32892998,CHI
32893493,32895493,CHI
32893511,32893643,FEM
32893779,32893992,FEM
32895366,32899267,FEM
32897602,32897828,CHI
32899265,32904304,OCH
32899311,32899993,CHI
32901010,32903619,FEM
32903675,32904277,CHI
32904137,32905597,FEM
32905513,32908372,CHI
32907133,32907290,OCH
32907492,32909492,OCH
32909011,32910773,CHI
32910511,32913258,FEM
32913317,32914490,OCH
32913366,32915325,CHI
32915749,32918220,CHI
32919014,32923493,CHI
32921088,32921193,OCH
32921579,32923493,OCH
32923992,32924093,FEM
32924294,32924510,FEM
32924829,32926233,OCH
32924856,32925992,CHI
32926011,32926286,FEM
32927983,32933879,NA
32927992,32930019,FEM
32930493,32931359,CHI
32930577,32930992,OCH
32931512,32933051,CHI
32932011,32932964,OCH
32934392,32935003,NA
32934492,32934774,OCH
32935511,32937612,NA
32935712,32936011,OCH
32936011,32937511,FEM
32936149,32936252,OCH
32939870,32941176,CHI
32939890,32942079,NA
32949221,32950512,NA
32949340,32950214,CHI
32949588,32950010,OCH
32952511,32962511,NA
32952830,32954403,CHI
32952894,32954413,OCH
32954658,32955750,FEM
32955812,32960486,MAL
32960476,32962439,FEM
32964327,32966754,NA
32964374,32966492,CHI
32973083,32974647,CHI
32973087,32974822,NA
32978153,32980011,NA
32978219,32979812,CHI
32980579,32980932,NA
32986224,32987906,NA
32986278,32987555,CHI
32993011,32994643,NA
32993107,32994511,CHI
33000904,33014156,NA
33000991,33005991,CHI
33002783,33003991,OCH
33005510,33007525,FEM
33007492,33008992,OCH
33007510,33009834,CHI
33009512,33011002,FEM
33010789,33012313,CHI
33013008,33013567,FEM
33014993,33015499,MAL
33015263,33015724,NA
33016012,33031255,NA
33016310,33022284,FEM
33017622,33018493,CHI
33022159,33023011,OCH
33022218,33022994,CHI
33022510,33026492,FEM
33026010,33027407,CHI
33027492,33031154,FEM
33031511,33041516,NA
33031623,33033982,FEM
33033263,33035992,CHI
33035511,33037492,FEM
33037431,33038530,CHI
33038589,33041281,FEM
33044510,33055514,NA
33044993,33054489,FEM
33054492,33055182,CHI
33055977,33061178,NA
33056353,33057300,OCH
33056459,33057183,FEM
33057992,33061011,FEM
33065128,33065992,NA
33065261,33065383,FEM
33066011,33069492,MAL
33066509,33108582,NA
33068993,33072493,FEM
33073010,33078645,FEM
33078551,33079511,CHI
33079376,33089965,FEM
33085122,33087012,MAL
33087440,33087624,OCH
33088492,33089046,MAL
33089924,33091011,CHI
33090913,33095024,FEM
33094084,33096875,CHI
33095449,33099011,OCH
33097012,33099145,FEM
33099011,33099537,CHI
33099347,33099693,FEM
33099992,33108219,FEM
33102871,33103978,MAL
33108780,33111492,NA
33109732,33110382,CHI
33110512,33110868,FEM
33113492,33124992,NA
33113581,33114695,FEM
33114493,33115273,CHI
33115011,33124993,FEM
33117010,33117412,MAL
33121492,33121794,CHI
33126450,33177674,NA
33126492,33128510,FEM
33128992,33130492,OCH
33129122,33133999,FEM
33133511,33134790,CHI
33134773,33137562,FEM
33137546,33139011,CHI
33138492,33152407,FEM
33142510,33143102,OCH
33143369,33144076,OCH
33144280,33145174,OCH
33147267,33147415,MAL
33152264,33153793,CHI
33153511,33177352,FEM
33158555,33158992,OCH
33164512,33165378,CHI
33177011,33177271,CHI
33178012,33199992,NA
33178317,33179557,FEM
33179649,33180557,CHI
33180511,33199632,FEM
33181248,33181496,CHI
33181419,33182244,OCH
33181642,33181993,CHI
33200305,33223623,NA
33200992,33201492,FEM
33201492,33202525,CHI
33202470,33203992,FEM
33202992,33204492,OCH
33203874,33204525,CHI
33204494,33217704,FEM
33215214,33215464,MAL
33215861,33216305,CHI
33215898,33216492,OCH
33216429,33216834,CHI
33218011,33220206,FEM
33220117,33222993,CHI
33220493,33222511,OCH
33223741,33278708,NA
33224492,33232599,FEM
33232788,33233011,CHI
33232984,33236011,FEM
33235993,33237179,CHI
33237473,33241886,FEM
33238163,33239442,OCH
33241010,33243492,OCH
33242010,33242511,CHI
33242511,33244084,FEM
33243779,33245115,MAL
33245660,33246590,OCH
33245723,33251493,FEM
33248991,33249448,CHI
33250492,33252512,OCH
33251732,33254066,CHI
33253988,33256614,FEM
33254992,33256453,CHI
33257010,33264909,FEM
33265492,33267048,CHI
33266012,33268012,OCH
33267011,33269011,FEM
33267512,33272855,CHI
33270816,33272477,OCH
33272512,33272770,FEM
33273492,33278659,FEM
33279945,33286493,NA
33279992,33286313,FEM
33288992,33310005,NA
33289010,33290944,FEM
33290487,33291010,OCH
33291366,33292011,OCH
33291407,33292222,CHI
33292070,33309644,FEM
33292350,33292477,OCH
33303918,33304127,OCH
33313511,33315195,NA
33313577,33315011,FEM
33313992,33315160,MAL
33316056,33316260,MAL
33319512,33324492,NA
33319617,33320830,CHI
33320968,33322706,MAL
33322511,33323512,CHI
33323528,33323823,FEM
33326330,33329729,NA
33326407,33329114,CHI
33330012,33332724,NA
33330454,33331413,OCH
33330707,33330812,CHI
33331510,33332563,CHI
33333177,33341491,NA
33333630,33335012,CHI
33335012,33338598,FEM
33338797,33339511,CHI
33340202,33340565,OCH
33340812,33341244,OCH
33342357,33348231,NA
33342492,33343491,OCH
33342511,33344355,CHI
33344852,33345478,FEM
33345704,33348318,MAL
33348993,33355363,NA
33349006,33350992,MAL
33351910,33353491,FEM
33353804,33355492,MAL
33355672,33355795,NA
33359928,33389125,NA
33359992,33362405,CHI
33362477,33363510,FEM
33363348,33366568,CHI
33367493,33370011,FEM
33370412,33372493,CHI
33372977,33376992,CHI
33373333,33373510,OCH
33375993,33376736,OCH
33376992,33377144,FEM
33377493,33381200,FEM
33381809,33383471,CHI
33383386,33388011,FEM
33389229,33389359,NA
33389992,33396992,NA
33390066,33391154,CHI
33390510,33391026,OCH
33391116,33393322,FEM
33392512,33393011,OCH
33393453,33395491,FEM
33395483,33396517,CHI
33395760,33396511,OCH
33397459,33403227,NA
33397827,33398570,FEM
33398786,33403089,FEM
33402232,33402455,MAL
33404456,33417492,NA
33404641,33405686,FEM
33405011,33405468,OCH
33405991,33406312,OCH
33406062,33406416,CHI
33406418,33407778,FEM
33408069,33409291,CHI
33409152,33412319,FEM
33412515,33413337,CHI
33412686,33413123,OCH
33413237,33417204,FEM
33417944,33419515,NA
33417993,33418687,CHI
33418418,33419517,MAL
33421805,33423422,NA
33421992,33423183,FEM
33424707,33426941,NA
33424883,33425075,OCH
33424993,33425423,FEM
33430511,33449171,NA
33430835,33437447,FEM
33433182,33433304,OCH
33437733,33438833,CHI
33437991,33438818,OCH
33438749,33446665,FEM
33439476,33440514,OCH
33440696,33441010,OCH
33449510,33456491,NA
33450384,33456159,FEM
33459492,33494992,NA
33460130,33460231,MAL
33460891,33461011,MAL
33460992,33468992,FEM
33469495,33475076,FEM
33473491,33473803,MAL
33475012,33475544,MAL
33477158,33481232,FEM
33480511,33481510,CHI
33481492,33482391,MAL
33482131,33482420,CHI
33483183,33485195,FEM
33484494,33487869,CHI
33485424,33486511,FEM
33486839,33486991,FEM
33488512,33494511,FEM
33495923,33514914,NA
33495992,33500687,FEM
33500993,33501108,FEM
33500993,33502993,OCH
33501271,33514835,FEM
33508534,33508703,MAL
33516818,33522993,FEM
33516907,33538139,NA
33522483,33523352,CHI
33523991,33526456,FEM
33526892,33530993,FEM
33530289,33531296,OCH
33530492,33531278,CHI
33531108,33537782,FEM
33540011,33544191,FEM
33540011,33549491,NA
33544414,33545683,CHI
33545740,33547527,FEM
33547011,33549512,MAL
33551057,33553988,MAL
33551709,33566292,NA
33553992,33561010,FEM
33560921,33561744,CHI
33561542,33564505,FEM
33564115,33565929,MAL
33565045,33565276,FEM
33571992,33579491,NA
33571997,33576489,FEM
33573356,33573471,MAL
33576992,33579214,CHI
33592462,33593512,MAL
33592492,33592992,NA
33605012,33606511,NA
33605493,33606511,FEM
33612011,33614991,NA
33612492,33614492,OCH
33612992,33614764,CHI
33632493,33636011,NA
33632506,33636018,FEM
33632992,33633419,OCH
33638492,33644992,NA
33638510,33638993,FEM
33639141,33644492,CHI
33646492,33648510,NA
33646511,33647795,FEM
33647434,33648392,OCH
33651354,33654493,NA
33651492,33652493,CHI
33651492,33654011,OCH
33652719,33652822,CHI
33652947,33654089,CHI
33658991,33659992,NA
33659609,33659926,OCH
33661610,33663814,NA
33661963,33662511,OCH
33662962,33663753,CHI
33665757,33667993,NA
33665829,33667491,CHI
33666800,33667170,OCH
33668170,33669993,NA
33668249,33669631,CHI
33668492,33668887,OCH
33670185,33670492,NA
33671827,33676071,NA
33671906,33675608,CHI
33676790,33683992,NA
33676992,33678388,CHI
33678234,33678605,OCH
33678963,33680774,OCH
33681150,33683011,FEM
33708396,33711992,NA
33708408,33710278,CHI
33710310,33711992,FEM
33713992,33718624,NA
33714012,33718550,CHI
33715637,33715767,FEM
33721010,33726724,NA
33721491,33724991,OCH
33724929,33726686,FEM
33728157,33729011,NA
33731993,33734011,OCH
33732011,33734492,NA
33733010,33733425,FEM
33733535,33734011,FEM
33735211,33737496,OCH
33735250,33739511,NA
33736993,33738993,CHI
33737889,33737992,OCH
33741039,33741992,FEM
33741043,33741993,NA
33744990,33748151,NA
33744992,33747493,FEM
33748820,33749510,OCH
33748820,33753231,NA
33749492,33752798,CHI
33749641,33750011,OCH
33753626,33769011,NA
33753655,33763733,CHI
33762518,33763510,OCH
33764178,33766648,MAL
33766570,33768104,CHI
33768095,33769491,MAL
33770512,33771779,MAL
33770993,33771125,NA
33771492,33779492,NA
33771916,33773536,CHI
33774011,33775148,FEM
33774982,33777083,CHI
33776880,33776991,OCH
33777216,33778191,FEM
33777493,33779881,MAL
33779913,33786511,NA
33779992,33783011,CHI
33782911,33786492,FEM
33788460,33814098,NA
33788482,33789643,FEM
33789012,33791491,MAL
33791511,33791897,OCH
33792491,33793357,OCH
33792748,33793011,CHI
33794511,33795041,FEM
33795510,33797967,MAL
33797910,33799012,CHI
33799953,33801050,FEM
33800510,33806187,MAL
33802670,33802817,FEM
33805802,33808510,CHI
33808013,33808916,MAL
33808663,33808854,FEM
33809123,33810991,OCH
33809213,33809459,FEM
33810045,33811511,FEM
33811992,33813923,CHI
33812254,33813324,OCH
33814992,33819577,MAL
33815011,33826081,NA
33816084,33817010,FEM
33820011,33822510,CHI
33822731,33824042,CHI
33823911,33825382,MAL
33824424,33825992,FEM
33829513,33832475,MAL
33829566,33832467,NA
33830340,33831992,FEM
33833511,33835511,FEM
33833511,33835511,NA
33844476,33845510,NA
33844777,33845020,OCH
33845658,33851230,NA
33847011,33850011,CHI
33849492,33849976,OCH
33850489,33851115,OCH
33854691,33856993,NA
33855067,33855170,OCH
33855492,33856665,FEM
33857610,33857843,NA
33858488,33861443,NA
33858493,33861068,FEM
33862934,33864991,FEM
33862946,33864991,NA
33866994,33870511,MAL
33867491,33870039,NA
33873512,33875512,NA
33873550,33875511,CHI
33877335,33878974,NA
33877445,33878754,CHI
33877691,33878459,OCH
33885763,33891737,NA
33885842,33888191,CHI
33887992,33890047,FEM
33890520,33891127,FEM
33891359,33891492,FEM
33892388,33892511,MAL
33892420,33892725,NA
33892869,33894992,NA
33892992,33894492,OCH
33893092,33894003,CHI
33894548,33895841,MAL
33897285,33908011,NA
33897305,33898922,CHI
33898886,33901363,FEM
33901991,33902884,CHI
33902756,33904653,MAL
33904511,33908011,OCH
33906011,33906510,CHI
33907191,33907302,CHI
33909011,33912332,NA
33909055,33911011,CHI
33911285,33911493,CHI
33920492,33922512,CHI
33920492,33922856,NA
33923011,33927539,NA
33923492,33926065,CHI
33925011,33925127,OCH
33925993,33926950,FEM
33926975,33927483,OCH
33927999,33928880,NA
33928985,33943923,NA
33929024,33932993,CHI
33929493,33930568,OCH
33930849,33931187,OCH
33932491,33935993,OCH
33934388,33937491,CHI
33937132,33938592,MAL
33938511,33940011,CHI
33939542,33943489,MAL
33942993,33943484,FEM
33945512,33947610,MAL
33945701,33947505,NA
33949481,33952043,NA
33949503,33951494,CHI
33952510,33953943,NA
33952767,33953607,CHI
33960993,33965510,NA
33961012,33965457,CHI
33964606,33964746,OCH
33967011,33969142,NA
33967492,33968667,OCH
33967563,33968577,CHI
33968840,33968992,OCH
33990401,33992188,NA
33990570,33991009,CHI
33991473,33991925,FEM
33997997,34001142,NA
33998513,34000511,MAL
33998570,33998992,FEM
34000678,34000796,MAL
34002104,34005987,MAL
34002858,34003850,NA
34004011,34005093,NA
34008992,34012254,MAL
34009492,34018829,NA
34012011,34013258,CHI
34012160,34013061,OCH
34013512,34015684,FEM
34013588,34013704,MAL
34015778,34017169,CHI
34019258,34024012,NA
34019455,34020758,CHI
34022042,34023512,CHI
34024401,34024612,NA
34025511,34030238,NA
34025824,34028036,OCH
34026011,34029902,CHI
34029253,34029511,OCH
34030923,34032570,NA
34030992,34032519,CHI
34034011,34037992,NA
34034467,34035562,CHI
34035685,34037013,FEM
34037126,34037992,FEM
34038417,34039708,NA
34038564,34039143,FEM
34040053,34046493,NA
34040491,34042661,OCH
34040520,34044050,CHI
34044138,34046490,FEM
34050993,34052493,CHI
34050993,34052993,NA
34051644,34052179,OCH
34058239,34060748,NA
34058389,34060492,CHI
34058492,34059985,OCH
34061394,34066902,NA
34061511,34065068,CHI
34065377,34066511,CHI
34070536,34070696,NA
34072512,34074186,NA
34072638,34074010,FEM
34075885,34083776,NA
34075991,34077491,CHI
34076013,34078492,OCH
34078511,34080236,CHI
34079511,34079919,MAL
34081013,34083728,CHI
34086992,34088551,CHI
34086992,34088622,NA
34092166,34092510,NA
34094010,34101379,NA
34094982,34096283,FEM
34095166,34095647,CHI
34096012,34097502,CHI
34096511,34097149,OCH
34097375,34100674,FEM
34100803,34100992,FEM
34102011,34103547,NA
34102154,34103192,CHI
34102492,34102728,OCH
34103987,34109193,NA
34105460,34108012,CHI
34105492,34106511,OCH
34107333,34109398,MAL
34110992,34113491,MAL
34110992,34113493,NA
34114956,34117648,MAL
34114993,34126353,NA
34118702,34120504,FEM
34118996,34119666,MAL
34120535,34121011,CHI
34123012,34133885,MAL
34126739,34134991,NA
34133604,34134142,OCH
34133876,34134011,CHI
34134323,34134826,OCH
34135703,34136523,NA
34136949,34141161,NA
34137511,34137690,CHI
34138220,34140993,CHI
34141993,34155559,NA
34142011,34143513,FEM
34143625,34145512,CHI
34143729,34147536,OCH
34145952,34146126,CHI
34146782,34147973,CHI
34147499,34149038,FEM
34149298,34150756,CHI
34150012,34150274,OCH
34150493,34152233,OCH
34151399,34152277,CHI
34152540,34152992,OCH
34152724,34154209,FEM
34154187,34155090,CHI
34154212,34155010,OCH
34155719,34155992,NA
34157492,34166011,NA
34157511,34159519,OCH
34157835,34160037,CHI
34160189,34160346,OCH
34160493,34163993,FEM
34163993,34165512,CHI
34167511,34170368,NA
34167989,34168632,CHI
34167992,34168782,OCH
34169011,34169747,FEM
34170992,34176119,NA
34171349,34172893,CHI
34171595,34172721,OCH
34172996,34175554,FEM
34176453,34185599,NA
34176580,34178030,CHI
34176850,34177738,OCH
34178817,34183491,FEM
34179627,34180199,MAL
34183828,34185492,FEM
34185777,34185986,NA
34187010,34193981,NA
34187390,34188273,CHI
34187867,34194062,MAL
34196492,34209020,NA
34196653,34198992,FEM
34197196,34197992,OCH
34198585,34201278,MAL
34201011,34202992,FEM
34204731,34207033,FEM
34207260,34209010,FEM
34209157,34209270,NA
34209658,34220878,NA
34209798,34210046,FEM
34210456,34213419,FEM
34213470,34215392,CHI
34215011,34215622,OCH
34215492,34215824,FEM
34216511,34217184,CHI
34216518,34216898,OCH
34217166,34217291,OCH
34217399,34217912,FEM
34217471,34217584,OCH
34217789,34217951,OCH
34218030,34220511,MAL
34218091,34218231,FEM
34221012,34240557,NA
34221226,34222492,FEM
34222421,34223719,OCH
34223977,34225011,CHI
34224992,34225510,FEM
34225894,34228012,CHI
34225981,34226730,OCH
34227372,34227993,OCH
34230489,34232730,OCH
34230492,34232768,CHI
34234459,34235434,OCH
34235011,34240011,FEM
34235536,34235733,MAL
34238018,34238615,MAL
34238719,34239333,MAL
34239640,34240011,CHI
34242085,34245836,NA
34242353,34242491,CHI
34243125,34245623,MAL
34246989,34247796,NA
34247013,34247492,CHI
34248412,34250228,NA
34248493,34250051,MAL
34251272,34253354,MAL
34251508,34254161,NA
34252991,34254012,FEM
34255011,34258487,MAL
34255992,34257813,NA
34258157,34258270,NA
34259011,34260442,NA
34259033,34260012,FEM
34261491,34262966,MAL
34262715,34262879,NA
34263511,34265877,NA
34264002,34264768,FEM
34264559,34264684,MAL
34264991,34265641,CHI
34266011,34276492,NA
34266362,34266688,CHI
34266799,34266944,CHI
34266912,34267865,MAL
34267479,34268910,FEM
34269291,34270891,MAL
34270455,34270793,FEM
34271971,34274433,MAL
34273992,34275909,FEM
34277420,34280145,NA
34277541,34278994,FEM
34278741,34280084,MAL
34280511,34280845,NA
34280990,34287619,NA
34281530,34283167,MAL
34281794,34282189,FEM
34283751,34284510,OCH
34284317,34284474,CHI
34285361,34285511,CHI
34285636,34285758,CHI
34285778,34287374,MAL
34286011,34286802,FEM
34288773,34291011,NA
34289752,34289980,OCH
34293011,34311027,NA
34293011,34295502,FEM
34295997,34300190,MAL
34299651,34300588,CHI
34300314,34300906,MAL
34300641,34300940,FEM
34301198,34302011,OCH
34301246,34301389,MAL
34301409,34302101,CHI
34302108,34303168,MAL
34303011,34303512,CHI
34304381,34305058,FEM
34305512,34307491,MAL
34305609,34305822,CHI
34307012,34310304,FEM
34311992,34318511,MAL
34312493,34322984,NA
34314511,34314646,OCH
34316511,34320542,FEM
34319511,34323161,MAL
34327226,34332164,NA
34327255,34328850,FEM
34329992,34331511,FEM
34330141,34331967,MAL
34333028,34333517,NA
34333097,34333359,OCH
34334025,34334470,NA
34337454,34342390,NA
34337512,34341012,OCH
34344513,34349105,NA
34344953,34346011,CHI
34345492,34346012,OCH
34347107,34349024,CHI
34351072,34352511,NA
34351084,34352287,CHI
34351511,34351924,OCH
34357335,34358660,NA
34357687,34357992,FEM
34361707,34361996,NA
34363492,34381493,NA
34364422,34365288,CHI
34364993,34366262,FEM
34366623,34368169,CHI
34368011,34369670,FEM
34369993,34373493,CHI
34373012,34381306,FEM
34383511,34389940,NA
34383513,34386011,CHI
34386992,34389474,FEM
34389487,34389627,OCH
34397366,34399541,NA
34397376,34399480,CHI
34400572,34401011,FEM
34400594,34400992,NA
34401993,34405493,NA
34402242,34402991,CHI
34402629,34405481,FEM
34407342,34409644,NA
34407389,34409655,CHI
34411492,34417923,NA
34411510,34414215,FEM
34413869,34415992,CHI
34416011,34417882,FEM
34420422,34421549,CHI
34420493,34421512,NA
34428491,34429286,OCH
34428512,34432879,NA
34429865,34432492,FEM
34433230,34434992,NA
34433394,34434493,CHI
34433524,34434447,OCH
34436492,34437348,NA
34439479,34459635,NA
34439513,34439623,OCH
34441720,34441901,OCH
34442396,34447789,CHI
34445395,34447407,OCH
34448011,34450512,CHI
34448387,34449261,OCH
34449511,34451492,OCH
34451973,34452245,FEM
34453002,34454124,OCH
34453029,34455010,CHI
34454317,34454511,OCH
34455491,34457492,CHI
34456094,34458011,OCH
34461418,34480510,NA
34461771,34470396,CHI
34461907,34462393,OCH
34463210,34463348,OCH
34463492,34464012,OCH
34464511,34468232,OCH
34469012,34469511,OCH
34469969,34471992,FEM
34472223,34473723,OCH
34474013,34475690,FEM
34475618,34480259,OCH
34475905,34476011,FEM
34476011,34478510,CHI
34479859,34480011,CHI
34482491,34484494,NA
34482512,34483886,FEM
34484840,34486992,NA
34485634,34486643,OCH
34485991,34486511,CHI
34489547,34493212,NA
34490138,34491669,MAL
34491741,34493054,CHI
34494311,34495507,NA
34494491,34495011,CHI
34494491,34495304,OCH
34496241,34496401,NA
34498975,34510492,NA
34502169,34502510,CHI
34503236,34505902,MAL
34505571,34507851,FEM
34506893,34509417,MAL
34508049,34508629,FEM
34508992,34509849,FEM
34511815,34525786,NA
34512053,34515011,OCH
34512492,34512593,CHI
34512851,34520902,CHI
34515435,34517902,OCH
34518182,34519011,OCH
34519492,34521011,OCH
34521280,34525511,OCH
34521513,34523511,CHI
34524503,34525507,CHI
34538052,34545992,NA
34538081,34539510,CHI
34539011,34540579,OCH
34541105,34545857,CHI
34555992,34557511,NA
34556115,34557148,CHI
34556463,34557136,OCH
34566492,34566981,OCH
34566492,34569992,NA
34567250,34567351,OCH
34567992,34569175,FEM
34571490,34588144,NA
34572110,34574953,FEM
34575275,34576991,OCH
34575338,34575492,CHI
34575604,34576011,CHI
34577450,34579510,OCH
34577486,34577852,CHI
34580194,34580429,CHI
34580491,34580614,FEM
34581232,34584011,CHI
34584457,34587918,CHI
34584570,34585993,OCH
34588623,34600014,NA
34588639,34590635,CHI
34589957,34590521,OCH
34591166,34591510,OCH
34591447,34595377,CHI
34595517,34596492,FEM
34597328,34599007,OCH
34597992,34599669,CHI
34601011,34612992,NA
34601212,34602287,FEM
34602491,34603991,CHI
34604012,34605446,FEM
34604746,34608492,CHI
34608443,34612861,FEM
34616452,34645031,NA
34616492,34617660,FEM
34617524,34625011,CHI
34619992,34621379,FEM
34624511,34629010,FEM
34628639,34630173,CHI
34629147,34629992,FEM
34629989,34631855,OCH
34630511,34634014,FEM
34633302,34634016,MAL
34634292,34635510,CHI
34635992,34637993,FEM
34637510,34641992,CHI
34641515,34641647,OCH
34641992,34643097,FEM
34642510,34643696,OCH
34642569,34643836,CHI
34643930,34644602,FEM
34645177,34645889,NA
34646511,34656513,NA
34646802,34648992,CHI
34648992,34650600,FEM
34651182,34656491,CHI
34651992,34652439,OCH
34652716,34653200,OCH
34653732,34653965,OCH
34654049,34654491,FEM
34655513,34656011,OCH
34658317,34659896,NA
34658464,34659510,CHI
34658511,34659495,OCH
34660511,34664011,NA
34661056,34663542,CHI
34661555,34662492,OCH
34667492,34670091,MAL
34667983,34669080,NA
34672511,34673512,FEM
34672511,34675253,NA
34674603,34675308,OCH
34678051,34678486,OCH
34678103,34678390,NA
34682011,34685450,NA
34682492,34684492,CHI
34691011,34692563,NA
34691018,34692559,CHI
34695493,34698021,CHI
34695493,34698227,NA
34699143,34700446,NA
34699286,34700133,CHI
34701492,34702012,MAL
34702493,34711238,NA
34702896,34706062,FEM
34705085,34705471,MAL
34706286,34710972,CHI
34707493,34708595,OCH
34708873,34711011,OCH
34713838,34715011,NA
34713903,34714991,CHI
34718190,34725244,NA
34718505,34721510,CHI
34721492,34725095,FEM
34723500,34724590,OCH
34727493,34731011,CHI
34727493,34731168,NA
34732262,34735375,NA
34732493,34733014,CHI
34732511,34734992,OCH
34734165,34734351,CHI
34734493,34734824,CHI
34736477,34738677,NA
34737250,34738570,CHI
34740897,34742677,NA
34740993,34742608,CHI
34741050,34741782,OCH
34741985,34742544,OCH
34743894,34746493,NA
34744493,34746493,CHI
34744661,34744961,OCH
34747009,34747719,NA
34747027,34747518,OCH
34748992,34752993,NA
34749493,34751012,CHI
34749532,34751226,OCH
34751072,34752491,FEM
34751417,34751861,OCH
34752095,34752542,OCH
34753511,34759493,NA
34753971,34754433,OCH
34753993,34754492,CHI
34754447,34756011,FEM
34756012,34759012,CHI
34756511,34759157,OCH
34759979,34763607,NA
34760018,34761039,FEM
34761493,34762011,OCH
34761493,34763418,CHI
34761617,34761895,MAL
34762287,34762491,OCH
34764242,34775540,NA
34764267,34768378,CHI
34769242,34771493,FEM
34771381,34773025,CHI
34773511,34775511,CHI
34776089,34801010,NA
34776233,34779225,CHI
34779397,34779890,FEM
34781314,34782510,CHI
34781321,34783088,OCH
34782510,34783706,FEM
34784510,34790511,CHI
34789011,34789180,OCH
34789357,34791011,OCH
34791738,34800388,CHI
34792111,34792258,OCH
34795992,34796556,OCH
34800011,34800716,FEM
34802899,34806591,NA
34802992,34803652,FEM
34803835,34804935,CHI
34804878,34805945,MAL
34805491,34806517,FEM
34808992,34812991,NA
34809124,34810486,FEM
34810381,34812511,CHI
34811011,34812992,OCH
34816011,34817982,NA
34816220,34817835,OCH
34816259,34817511,CHI
34833804,34838132,NA
34834226,34838127,CHI
34843822,34847202,NA
34843883,34847229,CHI
34848956,34849992,CHI
34848983,34849992,NA
34852427,34859894,NA
34852471,34855731,CHI
34856600,34859518,CHI
34862992,34864992,CHI
34863011,34864992,NA
34866982,34870833,NA
34866992,34870721,CHI
34874493,34876100,OCH
34874493,34883847,NA
34874899,34876011,CHI
34876492,34883357,CHI
34882950,34883640,MAL
34884199,34887491,NA
34885011,34886992,CHI
34885669,34885990,OCH
34889500,34890995,NA
34889511,34891003,FEM
34892168,34893494,NA
34892340,34893142,CHI
34892708,34892986,OCH
34895510,34896549,NA
34895580,34896511,CHI
34897510,34907812,NA
34899039,34899881,CHI
34899083,34900317,FEM
34899992,34901914,CHI
34901958,34903575,FEM
34903948,34905011,CHI
34905188,34905407,FEM
34906235,34907639,CHI
34906668,34907505,OCH
34909036,34910511,OCH
34909223,34910511,NA
34924510,34926798,MAL
34925050,34926010,NA
34928363,34931011,NA
34928493,34929924,CHI
34928493,34930969,OCH
34930511,34930698,CHI
34939131,34939492,NA
34949720,34960609,NA
34950013,34952315,MAL
34952114,34954183,CHI
34954251,34960512,FEM
34958392,34958519,MAL
34959067,34959182,MAL
34962337,34962492,NA
34963010,34963245,FEM
34963010,34966481,NA
34963505,34964502,CHI
34964531,34966453,FEM
34982931,34994992,NA
34983397,34985491,OCH
34983492,34987863,CHI
34986318,34988993,OCH
34987992,34991860,CHI
34989697,34990603,OCH
34993355,34994794,CHI
34996575,34997927,NA
34996855,34997511,CHI
35000542,35009727,NA
35000767,35001194,CHI
35001389,35006992,CHI
35003991,35005473,OCH
35007220,35007765,FEM
35007436,35009012,OCH
35007512,35008524,CHI
35008732,35008992,FEM
35011913,35015781,NA
35012144,35012492,FEM
35012491,35014668,CHI
35012709,35013511,OCH
35014218,35015511,FEM
35016820,35029493,NA
35016992,35020838,CHI
35017010,35017138,OCH
35017667,35018361,OCH
35020483,35029236,FEM
35026309,35026665,MAL
35032460,35033800,MAL
35032544,35037809,NA
35033992,35035146,OCH
35034039,35034488,CHI
35035011,35036476,FEM
35035590,35035752,OCH
35037104,35037585,CHI
35038622,35040510,CHI
35038646,35043950,NA
35040617,35042726,FEM
35040843,35041010,OCH
35041575,35042137,OCH
35042512,35043611,CHI
35044890,35074030,NA
35045112,35048011,CHI
35047762,35058493,FEM
35047991,35048254,OCH
35048118,35048248,CHI
35048437,35049011,CHI
35055469,35055928,OCH
35057485,35063580,OCH
35058493,35063053,CHI
35063493,35065672,FEM
35063773,35063888,OCH
35065511,35068012,CHI
35066623,35067465,FEM
35067814,35071025,FEM
35070600,35071764,CHI
35071847,35074010,FEM
35076011,35085206,NA
35076491,35078079,FEM
35077895,35079498,CHI
35078511,35079233,OCH
35079477,35085179,FEM
35086488,35117492,NA
35086635,35087042,OCH
35086714,35087721,FEM
35088906,35092070,CHI
35092992,35095861,FEM
35095675,35096418,CHI
35096237,35097492,FEM
35099492,35102492,FEM
35100068,35100900,CHI
35102860,35103992,OCH
35102882,35104465,CHI
35104445,35105090,FEM
35104745,35104851,CHI
35105012,35106391,CHI
35106941,35111620,FEM
35110992,35111110,MAL
35112062,35117396,FEM
35112229,35112452,CHI
35118186,35118394,NA
35118822,35123010,NA
35119508,35123011,FEM
35124474,35125208,NA
35124492,35125111,FEM
35126119,35130010,NA
35126870,35127336,OCH
35127818,35127926,OCH
35127992,35128135,FEM
35128868,35130010,FEM
35132540,35137856,NA
35132726,35137763,FEM
35135144,35135512,OCH
35135259,35135512,CHI
35139012,35139139,NA
35140603,35157075,NA
35140704,35155417,FEM
35140962,35142040,CHI
35144456,35144832,MAL
35150198,35150355,CHI
35150510,35151526,CHI
35154511,35155650,CHI
35155919,35156493,CHI
35156035,35156815,FEM
35158976,35161190,NA
35158992,35160511,CHI
35159992,35161011,FEM
35161439,35164807,NA
35161479,35164712,FEM
35163992,35164129,CHI
35166960,35175126,NA
35167085,35167466,CHI
35167870,35168901,CHI
35167993,35168265,OCH
35168472,35171371,FEM
35171228,35172532,CHI
35172422,35175190,FEM
35177416,35177605,MAL
35177851,35177993,NA
35177993,35178843,MAL
35178263,35178484,NA
35180992,35183265,FEM
35181010,35184567,NA
35183369,35184165,FEM
35190134,35191492,FEM
35190264,35191511,NA
35192558,35197659,NA
35193511,35193855,FEM
35193815,35197511,MAL
35193992,35194510,FEM
35194875,35195012,FEM
35200513,35200618,NA
35200848,35204491,NA
35201002,35204018,FEM
35205541,35207510,NA
35206512,35207241,CHI
35209011,35211512,FEM
35209011,35213775,NA
35212712,35213011,FEM
35213172,35213476,CHI
35215994,35218927,NA
35216512,35218896,FEM
35221011,35223492,FEM
35221011,35228492,NA
35223272,35225403,MAL
35224511,35228482,FEM
35230012,35231457,NA
35230140,35231097,FEM
35233952,35240805,NA
35233961,35236315,OCH
35237012,35240559,FEM
35243102,35243993,NA
35245010,35248058,NA
35245493,35248011,FEM
35249605,35260501,NA
35249651,35250542,OCH
35250512,35253502,FEM
35253839,35253940,MAL
35254003,35258011,FEM
35257499,35258992,CHI
35258993,35260108,FEM
35261128,35261239,NA
35261435,35262552,NA
35261492,35262861,FEM
35262756,35262857,NA
35266577,35268734,NA
35266992,35268136,CHI
35273492,35275492,FEM
35273492,35275492,NA
35279012,35281401,FEM
35279067,35281492,NA
35284992,35287992,FEM
35284992,35292525,NA
35287704,35288630,CHI
35288420,35292505,FEM
35293860,35299493,NA
35293992,35295511,FEM
35296197,35297508,OCH
35296297,35298511,CHI
35297512,35299193,FEM
35304491,35308371,NA
35304512,35306512,CHI
35305991,35307491,FEM
35308492,35317491,NA
35309139,35309240,FEM
35309363,35313786,FEM
35314638,35316422,FEM
35316537,35317063,OCH
35319012,35329010,OCH
35319043,35328888,NA
35331491,35334372,NA
35331512,35334011,FEM
35334993,35337011,OCH
35335305,35337511,NA
35336491,35336813,CHI
35336993,35337492,CHI
35339917,35340801,NA
35339993,35340417,MAL
35340972,35341085,NA
35342475,35342689,NA
35342792,35345992,NA
35343010,35344991,FEM
35347011,35347212,NA
35348857,35349331,NA
35350160,35358668,NA
35350493,35352548,FEM
35353992,35354518,CHI
35354860,35355147,MAL
35355638,35358105,OCH
35358846,35360066,NA
35360511,35364522,NA
35360992,35361115,OCH
35361255,35363513,OCH
35363270,35364990,MAL
35365992,35366110,MAL
35366318,35367491,MAL
35366328,35368154,NA
35368655,35369121,NA
35369143,35369511,MAL
35369241,35369464,NA
35369681,35370226,MAL
35370366,35370487,NA
35372020,35372320,NA
35372464,35374563,NA
35378011,35396992,NA
35378993,35380095,OCH
35380511,35383279,FEM
35382493,35384493,OCH
35383510,35385805,CHI
35386986,35392492,FEM
35392511,35394511,CHI
35395483,35396992,FEM
35402753,35411493,NA
35402861,35406992,FEM
35407265,35408110,CHI
35407987,35410992,FEM
35410007,35411333,MAL
35418600,35419820,MAL
35419911,35424072,NA
35421010,35422839,FEM
35423090,35424010,MAL
35431795,35434512,NA
35432011,35434493,FEM
35436498,35437011,NA
35436992,35439989,MAL
35438742,35439034,NA
35441693,35442616,MAL
35442043,35442367,NA
35442468,35442581,NA
35443730,35446219,MAL
35443806,35443958,NA
35444078,35444697,NA
35444839,35445568,NA
35446992,35453988,NA
35447036,35452991,FEM
35447801,35448625,MAL
35449041,35449328,MAL
35453059,35453758,MAL
35455511,35458513,NA
35455992,35457992,FEM
35458643,35458763,NA
35461493,35463101,MAL
35461670,35462564,NA
35464701,35465955,MAL
35466085,35466195,MAL
35468081,35469006,MAL
35475492,35482510,NA
35475813,35476993,CHI
35477234,35478461,FEM
35478226,35479858,CHI
35479492,35482492,FEM
35480012,35480493,CHI
35482850,35482992,NA
35486011,35486158,NA
35486267,35488493,NA
35486449,35488010,FEM
35489011,35490687,NA
35489089,35490012,FEM
35491993,35497474,FEM
35491993,35497498,NA
35498491,35501496,NA
35498512,35501011,FEM
35513895,35514011,MAL
35515333,35516492,NA
35518174,35519492,NA
35518240,35518510,FEM
35524055,35526914,NA
35524415,35526492,FEM
35527285,35527813,NA
35529003,35531492,NA
35529511,35531333,FEM
35532420,35541392,NA
35532493,35539216,FEM
35536315,35537010,CHI
35539493,35540011,CHI
35544690,35547010,NA
35545011,35546012,CHI
35545492,35546071,OCH
35555315,35562011,NA
35555829,35561548,FEM
35563492,35565492,NA
35563511,35565492,FEM
35587492,35595994,NA
35588881,35591454,FEM
35591621,35592655,CHI
35593231,35594655,MAL
35594647,35594993,FEM
35597011,35600492,NA
35597460,35597779,MAL
35597991,35600485,FEM
35599163,35599283,MAL
35603780,35606492,MAL
35603943,35607510,NA
35607020,35607246,FEM
35609561,35612040,NA
35609569,35612011,FEM
35614011,35616012,NA
35614342,35615511,FEM
35616993,35619155,NA
35617067,35618344,CHI
35618167,35619031,FEM
35620491,35624992,NA
35620496,35624922,FEM
35627511,35634261,NA
35627737,35629306,CHI
35629332,35633976,FEM
35633005,35633628,MAL
35635138,35635239,NA
35635493,35635886,NA
35643542,35643728,NA
35643836,35648088,NA
35644492,35648059,FEM
35649480,35654058,NA
35649492,35653510,FEM
35654207,35654335,NA
35654437,35660492,NA
35655198,35656992,FEM
35657992,35660292,FEM
35661160,35670993,NA
35661463,35663890,CHI
35662511,35663299,OCH
35664011,35670513,FEM
35671330,35686511,NA
35671376,35671877,FEM
35672992,35674492,OCH
35673001,35675230,CHI
35674619,35675540,FEM
35675724,35676907,CHI
35676708,35678011,FEM
35677895,35679589,CHI
35679493,35681052,FEM
35681324,35682053,CHI
35682010,35684511,FEM
35684196,35685249,CHI
35686084,35686341,MAL
35691175,35693780,NA
35691938,35696990,MAL
35694010,35698279,NA
35700510,35702010,NA
35700991,35701961,FEM
35704781,35713578,NA
35704992,35705510,FEM
35705510,35706511,OCH
35705627,35713511,FEM
35714723,35721493,NA
35714993,35716972,FEM
35716511,35716617,OCH
35716933,35717571,OCH
35718492,35721178,FEM
35719643,35719763,MAL
35721280,35721439,FEM
35728086,35728194,NA
35728344,35729665,NA
35729249,35729497,FEM
35733655,35736492,NA
35733751,35734782,CHI
35734723,35736011,FEM
35737365,35744010,NA
35737568,35738012,MAL
35738493,35738667,FEM
35740119,35743985,FEM
35749990,35759551,NA
35749991,35752080,FEM
35751407,35752099,OCH
35753628,35758010,FEM
35755609,35755990,MAL
35758128,35759011,OCH
35758488,35759249,CHI
35761492,35765493,NA
35761510,35765395,FEM
35767011,35769510,FEM
35767011,35769966,NA
35771492,35773512,NA
35771816,35771922,MAL
35772011,35773010,FEM
35773869,35773984,NA
35774845,35778674,NA
35775177,35775407,FEM
35775511,35775619,FEM
35776011,35776511,FEM
35776694,35778511,FEM
35783512,35789285,NA
35783763,35787492,FEM
35788549,35789011,OCH
35791991,35798992,NA
35792214,35798675,FEM
35799992,35803257,NA
35800512,35802086,FEM
35802010,35803488,MAL
35803492,35805492,NA
35803787,35805010,FEM
35805831,35810028,NA
35806512,35806833,FEM
35806934,35809892,FEM
35813991,35814914,MAL
35814358,35816229,NA
35814953,35816011,FEM
35815281,35815394,CHI
35817999,35818370,NA
35818752,35820348,NA
35818806,35820141,FEM
35821992,35824493,NA
35822010,35824013,FEM
35831992,35835510,FEM
35831992,35835917,NA
35841766,35844692,NA
35841960,35843614,CHI
35843570,35844684,FEM
35857033,35860011,NA
35857154,35858011,OCH
35858012,35859993,FEM
35867510,35871153,NA
35867939,35868779,OCH
35867996,35871152,FEM
35873759,35875511,MAL
35874711,35874993,NA
35876113,35876224,NA
35878493,35879590,NA
35878682,35879511,OCH
35878876,35879107,CHI
35879959,35880511,OCH
35880011,35880511,NA
35900850,35902198,MAL
35900992,35907600,NA
35902101,35904269,CHI
35902234,35903511,OCH
35905992,35906098,FEM
35906492,35907511,FEM
35907850,35908010,NA
35909582,35910515,NA
35909784,35909929,CHI
35912027,35913011,NA
35918993,35922670,NA
35919075,35920992,CHI
35921011,35922396,MAL
35923622,35924771,NA
35923630,35924730,FEM
35927992,35928277,NA
35928011,35928281,OCH
35929452,35930039,OCH
35929600,35929809,NA
35930466,35932310,MAL
35930537,35930645,NA
35931011,35953753,NA
35932511,35953510,FEM
35951992,35953428,MAL
35955890,35964668,NA
35956151,35958100,FEM
35957010,35958014,MAL
35958851,35961127,CHI
35961491,35964512,MAL
35965512,35968011,FEM
35965704,35968011,NA
35969852,35977491,NA
35969992,35971811,CHI
35971928,35973600,FEM
35973546,35978011,OCH
35973654,35974051,CHI
35974280,35975811,CHI
35979059,35980492,NA
35980613,35981511,NA
35982164,35982491,NA
35984746,35993204,NA
35985492,35986663,MAL
35987039,35987621,CHI
35987188,35987666,OCH
35987895,35988511,CHI
35987905,35988563,OCH
35988778,35988898,OCH
35988832,35990303,FEM
35989056,35989491,OCH
35990647,35993011,FEM
35994491,35994661,NA
35995835,35999777,NA
35995963,35999492,FEM
36000487,36002725,NA
36000769,36002511,CHI
36002026,36002418,OCH
36004706,36009993,NA
36006277,36009534,FEM
36014510,36024525,NA
36014804,36022011,FEM
36025489,36025751,NA
36025498,36025699,OCH
36027828,36028125,NA
36028992,36031137,FEM
36028996,36031401,NA
36043314,36043510,MAL
36045145,36045270,NA
36048993,36049116,NA
36050223,36052086,NA
36050516,36050990,FEM
36052295,36052492,NA
36053174,36054492,NA
36053792,36053893,FEM
36060225,36061992,FEM
36060265,36063492,NA
36063689,36067013,NA
36064805,36066197,FEM
36067987,36071511,NA
36068348,36070025,FEM
36070491,36071191,OCH
36073991,36077066,NA
36074700,36076511,FEM
36079919,36082167,NA
36079992,36082010,FEM
36084503,36088521,NA
36085373,36087511,FEM
36087120,36087368,OCH
36089012,36089172,NA
36090492,36090624,OCH
36090492,36093197,NA
36090775,36090929,OCH
36098511,36099993,NA
36098588,36099992,FEM
36101992,36105510,NA
36102491,36105510,FEM
36106108,36107011,NA
36106217,36106328,FEM
36110608,36111011,NA
36110678,36111016,OCH
36111466,36112478,OCH
36111732,36111857,NA
36117556,36119773,MAL
36118499,36123042,NA
36121520,36122703,FEM
36128509,36143492,NA
36129691,36129834,FEM
36129993,36136493,FEM
36136992,36137579,FEM
36138547,36142511,FEM
36142870,36143012,OCH
36144362,36144629,NA
36146328,36146593,NA
36148992,36149844,NA
36149046,36149213,OCH
36149471,36149798,OCH
36154490,36158130,NA
36154958,36157749,FEM
36168161,36168392,MAL
36177609,36183564,NA
36177639,36179921,FEM
36181991,36182472,CHI
36182379,36183511,FEM
36191144,36191617,NA
36192258,36198136,NA
36192887,36196011,FEM
36195690,36197642,MAL
36197815,36197955,MAL
36198620,36198777,NA
36198640,36198777,MAL
36200466,36204629,NA
36200927,36201070,MAL
36201011,36204511,FEM
36201759,36202512,MAL
36213991,36215511,CHI
36213991,36215596,NA
36218566,36221011,NA
36225436,36225991,MAL
36225858,36225964,NA
36227993,36230042,MAL
36228342,36229513,NA
36229746,36229884,NA
36238992,36244723,NA
36239493,36239822,CHI
36240200,36243511,FEM
36240303,36241618,CHI
36246304,36246512,NA
36249474,36249879,NA
36250382,36254010,NA
36250485,36253874,FEM
36258492,36260223,NA
36259022,36259196,FEM
36259419,36259991,FEM
36261992,36263008,NA
36262244,36262362,OCH
36264726,36264831,NA
36265285,36265540,NA
36265863,36265995,NA
36266341,36268469,NA
36267203,36267412,FEM
36273150,36277510,NA
36273616,36274011,OCH
36274993,36275115,FEM
36275605,36277011,FEM
36277256,36277357,FEM
36280511,36282094,NA
36285874,36292956,NA
36286264,36286389,FEM
36286491,36287068,FEM
36286993,36288512,CHI
36287030,36288010,OCH
36288832,36291512,FEM
36291750,36291861,FEM
36293101,36293913,NA
36306993,36308903,NA
36307511,36307702,FEM
36308132,36308415,FEM
36314737,36318011,NA
36315548,36318010,FEM
36324884,36327012,NA
36333011,36336011,NA
36333372,36335314,CHI
36333537,36334992,OCH
36339084,36339416,MAL
36341452,36341607,MAL
36345011,36346768,NA
36345245,36346511,OCH
36350492,36350970,NA
36352010,36352192,NA
36353288,36353511,NA
36356992,36363388,NA
36357513,36357967,FEM
36358566,36360993,OCH
36359542,36363217,FEM
36365510,36369992,NA
36365591,36369658,FEM
36370946,36372492,NA
36370971,36371992,FEM
36371653,36372223,CHI
36372011,36372438,OCH
36376526,36384511,NA
36376543,36378011,OCH
36379724,36383492,OCH
36379992,36381492,CHI
36381894,36382301,FEM
36382510,36384010,CHI
36386653,36386783,OCH
36388735,36389958,MAL
36388798,36390011,NA
36390337,36390450,NA
36390583,36390855,NA
36393492,36402799,NA
36394552,36394685,FEM
36395011,36395283,FEM
36395492,36399491,FEM
36401437,36402198,OCH
36402981,36404312,MAL
36403157,36423493,NA
36405492,36408281,FEM
36407132,36407329,OCH
36408035,36408914,MAL
36409176,36411010,OCH
36410248,36411024,CHI
36411009,36412475,FEM
36411827,36415511,CHI
36416010,36420664,OCH
36419029,36420011,CHI
36420859,36421019,OCH
36421459,36421996,OCH
36423628,36440390,NA
36424213,36426491,CHI
36427334,36428021,OCH
36427627,36428015,CHI
36428010,36430492,FEM
36431492,36432234,MAL
36433493,36434381,OCH
36433493,36434487,CHI
36434716,36434843,OCH
36436468,36436824,MAL
36436989,36438974,OCH
36438942,36440383,MAL
36440844,36441519,MAL
36440909,36443698,NA
36442055,36442782,MAL
36443218,36443334,OCH
36444045,36445510,NA
36445037,36448400,MAL
36446301,36489133,NA
36449492,36449991,OCH
36450010,36452204,FEM
36451013,36452452,OCH
36452503,36455719,MAL
36457493,36457846,OCH
36458011,36459030,MAL
36459376,36465011,OCH
36463051,36463853,CHI
36463799,36464493,FEM
36464710,36465407,FEM
36466492,36470010,CHI
36470447,36471011,OCH
36471011,36471517,FEM
36471332,36471492,OCH
36471745,36472420,FEM
36471823,36471931,OCH
36473164,36473284,OCH
36473492,36476492,FEM
36475603,36477596,OCH
36476109,36477992,CHI
36477884,36478491,OCH
36479729,36482031,OCH
36480505,36481232,CHI
36482194,36482386,MAL
36482579,36483264,OCH
36484319,36484854,MAL
36484825,36485912,CHI
36485672,36488391,OCH
36489295,36526376,NA
36489992,36495490,FEM
36495117,36495871,OCH
36495617,36495853,FEM
36496189,36496650,OCH
36497512,36499512,FEM
36499769,36499933,FEM
36499992,36501011,CHI
36501238,36503511,FEM
36502842,36506492,OCH
36505510,36506387,CHI
36507917,36508511,CHI
36510117,36510239,CHI
36510492,36512993,CHI
36514010,36515939,FEM
36515512,36516491,MAL
36516736,36521993,FEM
36522510,36525148,OCH
36525482,36525617,MAL
36526891,36531992,NA
36527809,36528119,MAL
36528595,36530124,CHI
36530389,36531724,FEM
36532834,36561014,NA
36533562,36534563,OCH
36533992,36534512,CHI
36534989,36536493,FEM
36536493,36538147,OCH
36537279,36540011,CHI
36538363,36541011,OCH
36540561,36541924,FEM
36542117,36543511,OCH
36543064,36543511,CHI
36543746,36544510,OCH
36543876,36544075,CHI
36546965,36548472,FEM
36548493,36551271,OCH
36549011,36549126,CHI
36549431,36552858,CHI
36553920,36556492,CHI
36557885,36558992,MAL
36559477,36560343,OCH
36561311,36575493,NA
36563010,36564806,CHI
36564510,36564930,MAL
36566512,36568044,OCH
36567654,36569063,MAL
36569991,36570477,OCH
36570511,36574775,CHI
36571267,36571751,OCH
36572239,36572366,OCH
36577011,36618324,NA
36577398,36580511,FEM
36580034,36580346,OCH
36580695,36581491,FEM
36582290,36585692,FEM
36587992,36588512,FEM
36588291,36592358,OCH
36588815,36588967,FEM
36591011,36592992,CHI
36593046,36593993,FEM
36593913,36595511,OCH
36595473,36601511,CHI
36602457,36604624,FEM
36603004,36603124,MAL
36604830,36604992,FEM
36605010,36606492,OCH
36605272,36605385,FEM
36605993,36607399,CHI
36607413,36608010,FEM
36608612,36609250,MAL
36609492,36611455,OCH
36612937,36615274,FEM
36615832,36618011,FEM
36622511,36655991,NA
36622511,36626510,FEM
36626673,36628794,CHI
36629012,36630511,CHI
36629032,36629493,FEM
36629920,36632600,OCH
36630701,36632491,FEM
36633224,36634992,FEM
36633359,36633622,OCH
36634511,36634872,CHI
36635252,36636011,CHI
36636511,36638376,FEM
36638387,36639992,CHI
36640230,36644302,FEM
36644511,36645917,MAL
36644522,36645052,FEM
36645556,36645799,FEM
36645991,36647010,CHI
36647240,36654597,FEM
36654491,36655706,CHI
36663904,36668966,NA
36663992,36665045,CHI
36665011,36668727,FEM
36670639,36671992,NA
36670679,36671897,FEM
36673344,36674957,NA
36673646,36674591,CHI
36676010,36681992,NA
36676334,36680230,CHI
36677011,36678398,OCH
36680352,36680511,CHI
36680661,36681992,FEM
36683925,36684094,OCH
36688991,36689391,NA
36690000,36690160,NA
36690285,36699992,NA
36690889,36692079,CHI
36692570,36693393,MAL
36693967,36695511,FEM
36695012,36696926,MAL
36697268,36697511,OCH
36698243,36699887,CHI
36699510,36699809,FEM
36700239,36708079,NA
36700278,36701179,CHI
36701276,36704778,MAL
36704816,36705714,CHI
36707155,36708011,FEM
36709013,36739511,NA
36709511,36719204,MAL
36715548,36716395,FEM
36718512,36719992,CHI
36719710,36722963,MAL
36722239,36722416,FEM
36722756,36723011,FEM
36723491,36724119,OCH
36723844,36724242,CHI
36724116,36726021,MAL
36725263,36726772,FEM
36726492,36727511,OCH
36726510,36729299,CHI
36727693,36727838,OCH
36728991,36729492,FEM
36729315,36730010,MAL
36729936,36730511,FEM
36731492,36732839,CHI
36731603,36731802,MAL
36732992,36733993,FEM
36733098,36735211,MAL
36735080,36736795,CHI
36736489,36736680,FEM
36736662,36738986,MAL
36738898,36739511,CHI
36741278,36742512,NA
36741364,36742512,OCH
36741492,36742273,CHI
36745010,36751984,MAL
36745491,36756011,NA
36747511,36747747,FEM
36751850,36753787,FEM
36753004,36753514,CHI
36754493,36755706,FEM
36757511,36823081,NA
36757992,36763510,FEM
36763492,36765011,OCH
36764511,36770302,CHI
36765811,36765993,OCH
36767512,36769299,OCH
36769493,36770133,OCH
36771254,36771988,MAL
36771980,36775276,OCH
36772512,36773666,CHI
36774243,36777993,CHI
36776712,36777011,OCH
36777512,36778033,OCH
36777836,36779512,FEM
36778352,36779704,OCH
36780011,36782051,OCH
36781113,36783243,CHI
36782512,36782904,OCH
36783060,36784687,FEM
36784486,36789992,CHI
36787011,36787203,OCH
36787471,36788558,OCH
36789998,36791554,FEM
36790993,36792303,CHI
36791997,36793642,FEM
36793754,36794996,OCH
36793808,36795511,CHI
36795074,36795492,FEM
36796143,36797208,MAL
36796511,36796666,FEM
36797492,36800771,CHI
36798212,36798367,OCH
36800011,36802412,FEM
36802490,36805492,CHI
36805492,36808511,FEM
36805929,36806992,OCH
36807664,36808027,OCH
36807899,36808992,CHI
36808552,36809347,OCH
36809188,36811014,FEM
36811196,36813493,OCH
36811245,36811512,CHI
36811803,36812367,CHI
36812510,36817544,CHI
36814065,36814247,OCH
36814438,36816978,OCH
36817511,36819492,FEM
36819055,36820493,CHI
36820011,36822023,FEM
36822286,36823062,OCH
36823562,36885993,NA
36823614,36824746,OCH
36824001,36824492,CHI
36825062,36825177,OCH
36825661,36826562,OCH
36825668,36825992,FEM
36826890,36835258,CHI
36826993,36830754,OCH
36834011,36835067,OCH
36835842,36849863,CHI
36837156,36837328,OCH
36839014,36842492,OCH
36844013,36844486,MAL
36845898,36846011,OCH
36846120,36846228,OCH
36850012,36854492,OCH
36850039,36863011,CHI
36857005,36858299,OCH
36862012,36862738,OCH
36862842,36864000,OCH
36865125,36865257,FEM
36865176,36870888,CHI
36868492,36868961,OCH
36870491,36873491,FEM
36873492,36874511,OCH
36873993,36882511,CHI
36876511,36877709,OCH
36882086,36884492,FEM
36883961,36885016,MAL
36885205,36885352,MAL
36886914,36902512,NA
36886992,36892512,FEM
36888991,36889511,CHI
36889685,36889791,CHI
36891491,36891695,CHI
36892825,36898510,OCH
36896145,36899237,CHI
36898764,36900511,FEM
36901011,36901892,MAL
36905483,36906911,NA
36905492,36906707,FEM
36908342,36920511,NA
36908511,36915750,FEM
36912407,36912513,CHI
36912443,36913012,OCH
36916012,36920511,FEM
36921879,36923993,NA
36921901,36922792,MAL
36922510,36922628,FEM
36923376,36923764,OCH
36926012,36938992,NA
36926012,36931483,FEM
36931245,36934613,CHI
36931869,36932546,FEM
36932492,36934512,OCH
36934491,36938922,FEM
36940280,36944492,NA
36940411,36943992,FEM
36947492,36949510,NA
36947917,36948926,FEM
36948000,36949490,MAL
36949100,36949225,FEM
36955880,36957643,NA
36955992,36956908,FEM
36957749,36957919,NA
36960044,36963512,FEM
36960067,36964854,NA
36963737,36964918,OCH
36965670,36970326,NA
36966993,36968493,FEM
36967992,36970012,OCH
36970698,36971992,NA
36973660,36974991,NA
36974072,36974318,FEM
36978010,36978491,FEM
36978010,36979991,NA
36980726,36981011,NA
36982951,36983511,NA
36989727,36991992,NA
36989737,36990992,FEM
36991011,36992891,OCH
36996227,36997697,NA
37002374,37003483,OCH
37002398,37005076,NA
37005625,37005993,NA
37011700,37012147,NA
37011799,37012012,OCH
37022493,37023409,NA
37030495,37034469,NA
37031492,37032992,FEM
37033620,37034413,MAL
37034663,37038158,NA
37037216,37037478,OCH
37038462,37039314,OCH
37038470,37039253,NA
37040353,37040993,NA
37041295,37043396,NA
37051579,37051706,NA
37051865,37055491,NA
37052513,37052623,FEM
37052773,37054243,FEM
37056979,37059541,NA
37056992,37057119,FEM
37057475,37058499,FEM
37060544,37061074,NA
37060754,37060980,MAL
37061570,37061870,NA
37062043,37063908,NA
37062208,37063712,FEM
37062350,37062458,MAL
37065492,37067073,NA
37065992,37066917,FEM
37070009,37072991,NA
37070492,37072492,FEM
37074233,37075492,NA
37076992,37077380,NA
37077603,37078556,NA
37077872,37077987,FEM
37078040,37078430,MAL
37082649,37083307,NA
37091010,37092293,CHI
37091010,37092414,NA
37102529,37102836,NA
37102980,37103780,NA
37102992,37103475,FEM
37103891,37105312,NA
37104078,37104829,FEM
37106402,37106993,NA
37108150,37109257,NA
37108511,37109073,FEM
37109510,37111992,NA
37109802,37111510,FEM
37109850,37110684,OCH
37115845,37122492,NA
37115888,37118011,FEM
37118351,37122543,OCH
37118491,37119492,CHI
37122617,37123491,NA
37122697,37122992,OCH
37122735,37125050,MAL
37124511,37145620,NA
37125840,37127492,OCH
37128011,37131492,FEM
37131510,37135771,OCH
37135090,37135392,CHI
37135908,37136326,FEM
37135974,37137511,OCH
37137191,37137604,FEM
37137995,37138113,OCH
37138876,37141510,FEM
37141359,37145512,OCH
37144977,37145323,CHI
37145966,37148492,NA
37146193,37148238,OCH
37154012,37154596,NA
37156998,37158147,OCH
37157010,37157184,NA
37160782,37161492,NA
37160947,37161852,OCH
37161992,37164073,OCH
37162633,37162832,NA
37165492,37166511,OCH
37166011,37166197,NA
37168492,37168914,OCH
37171286,37173492,NA
37171511,37173011,CHI
37172645,37172782,OCH
37174493,37176920,NA
37175613,37179811,OCH
37177070,37200472,NA
37178954,37179772,CHI
37180011,37183378,OCH
37180099,37180882,CHI
37183011,37183271,CHI
37184176,37184672,FEM
37185507,37189010,FEM
37188271,37188470,OCH
37189493,37191511,CHI
37192198,37192492,FEM
37192919,37193511,FEM
37193668,37193946,MAL
37195514,37195617,FEM
37195826,37196671,FEM
37196597,37200510,OCH
37202495,37203511,NA
37202510,37203138,OCH
37206511,37206681,OCH
37245911,37246510,OCH
37246031,37246255,NA
37256993,37258000,OCH
37272655,37273036,NA
37273568,37276135,NA
37276261,37278013,NA
37277255,37277503,MAL
37289511,37289823,NA
37289938,37291097,NA
37290679,37290784,FEM
37291730,37295292,NA
37291745,37295491,OCH
37301492,37302285,MAL
37311989,37312993,NA
37311992,37312716,OCH
37324781,37325476,NA
37324932,37325298,OCH
37325723,37326013,NA
37325782,37326012,OCH
37326126,37328436,NA
37327186,37327620,MAL
37328707,37328992,NA
37330511,37330676,NA
37330872,37330992,NA
37331285,37338013,NA
37333011,37336192,FEM
37336542,37337570,MAL
37338389,37340512,NA
37338492,37339162,OCH
37340646,37340980,NA
37343012,37343321,NA
37344537,37345717,NA
37344572,37344749,OCH
37344910,37346614,OCH
37345831,37346064,NA
37346252,37346404,NA
37350511,37350771,NA
37350990,37351390,NA
37351493,37363257,NA
37351695,37353011,OCH
37352991,37356992,FEM
37353187,37353398,OCH
37356078,37357025,MAL
37357646,37358012,CHI
37357789,37357897,OCH
37358197,37358492,OCH
37359993,37361993,FEM
37362155,37362822,CHI
37364205,37368010,NA
37364264,37367511,OCH
37368282,37369011,NA
37372511,37374057,OCH
37372992,37374028,NA
37376512,37377221,NA
37378555,37383376,NA
37378625,37380588,OCH
37380606,37380760,FEM
37381519,37381676,MAL
37381880,37383277,OCH
37387243,37388063,NA
37387501,37387678,OCH
37388319,37388942,NA
37388491,37388641,OCH
37389344,37390601,NA
37389657,37390467,MAL
37393029,37395177,NA
37393235,37393405,MAL
37396934,37406991,NA
37397012,37400848,OCH
37397035,37397317,FEM
37400624,37400967,CHI
37400933,37402511,FEM
37402972,37403492,FEM
37403492,37406899,OCH
37403993,37405193,CHI
37409963,37412015,NA
37409992,37411926,CHI
37411053,37411591,OCH
37412344,37414764,NA
37412427,37414573,CHI
37413993,37414558,OCH
37415490,37425492,NA
37415496,37425491,CHI
37431896,37433511,OCH
37431992,37433755,NA
37432317,37433492,CHI
37434823,37437010,NA
37434877,37435491,OCH
37434992,37436992,CHI
37437218,37437375,NA
37447378,37452849,NA
37447422,37449511,CHI
37450195,37452515,OCH
37450925,37452489,CHI
37453256,37466650,NA
37453499,37453848,OCH
37453511,37454515,CHI
37453956,37454410,OCH
37454565,37455011,OCH
37455882,37460992,CHI
37461533,37465770,CHI
37463096,37464210,OCH
37464441,37465742,OCH
37465735,37466511,FEM
37468292,37470057,NA
37468492,37469412,CHI
37468511,37470379,OCH
37475011,37477260,NA
37475992,37476819,CHI
37476051,37476469,OCH
37477510,37484511,NA
37477704,37479491,CHI
37478012,37479298,OCH
37479491,37483511,MAL
37480511,37480690,FEM
37483973,37484182,OCH
37487011,37488766,MAL
37490487,37493992,NA
37490622,37492394,CHI
37490642,37492392,OCH
37492148,37494011,MAL
37494146,37498328,NA
37494492,37495101,CHI
37494492,37496993,OCH
37495204,37495400,CHI
37496010,37496398,FEM
37496993,37498009,FEM
37498648,37501512,NA
37498699,37500454,MAL
37500011,37500956,FEM
37501707,37503761,MAL
37501842,37502303,NA
37502863,37503120,NA
37503353,37503576,NA
37505012,37510665,NA
37505224,37510541,FEM
37511539,37516492,NA
37511584,37514991,FEM
37511681,37511814,MAL
37514826,37515388,MAL
37515511,37515987,OCH
37530712,37531969,MAL
37531320,37531509,NA
37535493,37535603,NA
37535511,37535936,MAL
37536934,37537725,NA
37537361,37537665,MAL
37538011,37538701,MAL
37542511,37542761,OCH
37542511,37546731,NA
37543201,37543449,MAL
37543448,37543875,OCH
37544226,37546011,FEM
37544732,37545010,MAL
37545461,37547106,MAL
37550512,37555510,NA
37551011,37551510,OCH
37551035,37551405,FEM
37551622,37551737,FEM
37551992,37552751,OCH
37555895,37557512,NA
37556933,37557672,MAL
37562111,37562354,NA
37562489,37565334,NA
37562530,37565166,FEM
37564012,37566531,MAL
37566091,37566293,NA
37567149,37572336,NA
37567262,37569012,FEM
37568288,37570534,OCH
37570006,37570170,FEM
37570883,37570993,OCH
37571710,37571904,OCH
37573511,37575511,NA
37574511,37575348,FEM
37574795,37574984,MAL
37579829,37583594,FEM
37579888,37583720,NA
37581994,37583383,MAL
37587949,37591208,NA
37587993,37588287,FEM
37588666,37588963,OCH
37589120,37589557,OCH
37589992,37591113,MAL
37594513,37612510,NA
37595011,37596435,FEM
37596677,37598877,FEM
37598592,37600570,OCH
37598956,37599839,CHI
37601072,37602338,FEM
37602726,37603469,MAL
37603511,37605916,FEM
37606132,37606323,OCH
37606493,37608447,OCH
37607289,37609010,CHI
37608511,37611005,FEM
37610992,37611512,CHI
37611245,37612992,MAL
37617053,37622711,NA
37617151,37619135,FEM
37619051,37620393,CHI
37620121,37622597,FEM
37625511,37625720,NA
37625992,37627799,NA
37626010,37627510,FEM
37628415,37632315,NA
37628759,37630970,FEM
37630513,37630690,MAL
37632669,37633683,NA
37633278,37633459,MAL
37633881,37637686,NA
37634012,37634510,MAL
37634633,37637586,FEM
37638257,37638493,NA
37642992,37643105,NA
37643670,37643915,NA
37644046,37645011,NA
37645577,37645739,NA
37646043,37648493,NA
37646699,37647666,FEM
37649716,37657492,NA
37650093,37650290,FEM
37650493,37650712,FEM
37650992,37654892,FEM
37655341,37656804,FEM
37658852,37664875,NA
37659246,37660426,FEM
37661600,37663964,OCH
37664011,37666946,MAL
37665068,37666351,NA
37667992,37670511,OCH
37668011,37671011,NA
37673492,37678492,NA
37673512,37675493,CHI
37673993,37674150,OCH
37675010,37678274,FEM
37679011,37703510,NA
37679492,37681816,CHI
37681792,37682394,MAL
37682614,37682865,FEM
37683011,37684823,MAL
37685512,37687243,CHI
37685561,37685993,OCH
37687189,37689546,MAL
37687341,37687493,FEM
37689492,37692992,FEM
37692511,37695992,OCH
37696271,37697010,MAL
37696742,37703511,FEM
37703838,37704992,NA
37703882,37704493,FEM
37704844,37705565,OCH
37705993,37715028,NA
37707041,37712996,CHI
37707540,37707827,OCH
37709511,37711492,OCH
37713011,37715011,OCH
37716141,37717368,OCH
37716450,37752245,NA
37717341,37721617,MAL
37721492,37723011,CHI
37723011,37724641,FEM
37723013,37723656,MAL
37724954,37726085,CHI
37725991,37727336,FEM
37726533,37726665,MAL
37727839,37728992,CHI
37728642,37730395,MAL
37730011,37731997,CHI
37731705,37733050,MAL
37734312,37736156,OCH
37734687,37736380,CHI
37736113,37737088,FEM
37737512,37739334,FEM
37739010,37740991,CHI
37740244,37741400,MAL
37741356,37742620,CHI
37742537,37744491,FEM
37743609,37743985,MAL
37744415,37747135,CHI
37744512,37747325,OCH
37747507,37751559,CHI
37750011,37753524,OCH
37752497,37779511,NA
37753513,37755049,MAL
37755831,37756040,MAL
37755973,37757193,CHI
37756469,37759992,OCH
37758417,37759011,FEM
37759439,37762299,CHI
37761879,37762561,FEM
37763655,37764511,CHI
37763678,37764932,OCH
37765158,37770389,MAL
37767322,37768235,CHI
37770011,37771511,FEM
37771198,37772099,MAL
37772259,37773435,OCH
37772339,37773394,CHI
37774492,37777423,FEM
37778395,37779510,FEM
37782926,37784511,NA
37785987,37791492,NA
37786083,37789964,FEM
37790373,37791222,MAL
37791331,37791510,MAL
37792011,37792131,NA
37792481,37793377,NA
37792514,37793349,CHI
37793804,37795807,NA
37794055,37795511,MAL
37796011,37805414,NA
37796846,37797634,MAL
37797020,37797304,FEM
37797766,37797871,MAL
37799465,37800862,CHI
37800511,37801026,OCH
37800721,37802511,FEM
37803475,37803976,OCH
37804423,37805409,MAL
37808993,37809708,NA
37810010,37813802,NA
37810589,37811055,FEM
37812913,37813500,OCH
37814205,37816495,NA
37814607,37816281,OCH
37816649,37819511,NA
37817503,37819493,OCH
37821259,37821460,NA
37822354,37822492,NA
37822397,37825342,OCH
37823701,37825655,NA
37825010,37825256,CHI
37831101,37832335,NA
37832493,37836492,NA
37832942,37841715,OCH
37835512,37836017,CHI
37836909,37842965,NA
37843801,37847011,NA
37844174,37844974,MAL
37846013,37846305,MAL
37849137,37852492,NA
37849197,37851440,OCH
37850510,37851511,FEM
37853970,37861517,NA
37854992,37856492,OCH
37857011,37859993,FEM
37860564,37861990,MAL
37864493,37864618,NA
37866511,37866766,NA
37867598,37871992,NA
37867954,37868511,CHI
37867983,37870609,OCH
37869233,37869491,CHI
37869876,37870102,CHI
37870350,37870453,CHI
37872893,37874491,NA
37873060,37873296,OCH
37873641,37874488,OCH
37875492,37877313,NA
37875620,37875801,OCH
37875958,37877369,OCH
37878729,37881515,NA
37878773,37880012,FEM
37879557,37880011,MAL
37882061,37882491,NA
37883992,37884193,NA
37885553,37887355,OCH
37885592,37889230,NA
37888332,37888885,MAL
37890281,37894469,NA
37890337,37891628,CHI
37891807,37892011,FEM
37896512,37897140,NA
37896530,37897072,MAL
37899993,37905003,NA
37900492,37900713,FEM
37901640,37903007,CHI
37902492,37903213,OCH
37903550,37905489,OCH
37912754,37914057,MAL
37912992,37914060,NA
37915175,37915998,MAL
37915278,37916491,NA
37916721,37919676,NA
37916993,37923471,MAL
37920511,37941628,NA
37923719,37925012,FEM
37925299,37942162,MAL
37930105,37930993,CHI
37942938,37946492,MAL
37942992,37945913,NA
37946801,37951410,MAL
37947012,37951492,NA
37951931,37953256,MAL
37952126,37953309,NA
37955993,37960011,FEM
37955993,37963492,NA
37961511,37963038,OCH
37963230,37963554,OCH
37964617,37965398,MAL
37964621,37964751,NA
37964946,37965155,NA
37965281,37965384,NA
37968848,37972009,NA
37968991,37970992,FEM
37970814,37972512,MAL
37974012,37977989,MAL
37974435,37977921,NA
37978575,37978712,NA
37979493,37982790,MAL
37980389,37987659,NA
37982567,37983011,FEM
37982969,37985993,MAL
37985291,37986997,FEM
37987010,37987511,OCH
37992731,37995527,NA
37993632,37995524,MAL
37993992,37994416,FEM
37998011,38001992,MAL
37998521,38001515,NA
38002009,38012004,NA
38002215,38002510,OCH
38002333,38010153,MAL
38009491,38011492,FEM
38012326,38012491,NA
38012655,38016113,NA
38012674,38015484,MAL
38016493,38017620,MAL
38016513,38017188,NA
38018742,38024771,NA
38020072,38020271,FEM
38020474,38020766,MAL
38021493,38024694,CHI
38022920,38023511,MAL
38026591,38027236,NA
38026675,38027011,CHI
38028506,38030661,MAL
38028980,38039638,NA
38030376,38032764,CHI
38030936,38031636,MAL
38032011,38032256,OCH
38032511,38040491,MAL
38042322,38043493,NA
38042325,38043641,MAL
38045012,38046701,MAL
38045747,38045956,NA
38048493,38050079,MAL
38048888,38053203,NA
38050145,38051993,FEM
38051389,38054089,MAL
38054510,38054707,MAL
38055074,38060987,MAL
38056292,38060396,NA
38063491,38066488,MAL
38064011,38065886,NA
38067011,38069488,MAL
38067530,38068991,NA
38074011,38076515,MAL
38074939,38076011,NA
38077493,38079739,MAL
38078011,38081020,NA
38078993,38080993,CHI
38093011,38094511,MAL
38093546,38093647,NA
38105446,38106072,NA
38106192,38106307,NA
38116558,38116855,OCH
38116562,38116913,NA
38117491,38122162,NA
38117501,38117685,OCH
38117908,38118011,OCH
38118281,38118492,CHI
38118288,38118497,OCH
38118916,38119993,CHI
38119012,38119204,OCH
38119341,38119511,OCH
38120377,38121511,CHI
38121011,38121333,OCH
38122905,38124493,NA
38122910,38124449,CHI
38124992,38128301,MAL
38125760,38128526,NA
38129992,38132025,NA
38130011,38132011,CHI
38134376,38136511,MAL
38135154,38135846,NA
38136774,38136990,MAL
38139884,38141511,CHI
38139884,38142571,NA
38141992,38142510,OCH
38145055,38145467,NA
38146012,38146172,NA
38146341,38146463,NA
38146796,38157069,NA
38146864,38148992,CHI
38148011,38152426,OCH
38150492,38154075,CHI
38152583,38153887,OCH
38154804,38156493,FEM
38155342,38155492,OCH
38157313,38165553,NA
38157526,38158992,OCH
38157607,38161576,CHI
38160553,38161230,OCH
38161415,38163729,OCH
38163012,38163817,CHI
38163992,38165511,CHI
38166010,38166300,NA
38166577,38173020,NA
38166992,38169005,FEM
38168832,38169951,OCH
38168992,38169876,CHI
38169510,38171010,FEM
38171007,38171527,CHI
38171010,38171283,OCH
38171836,38173012,OCH
38171906,38172034,CHI
38172195,38172408,CHI
38173837,38182408,NA
38173920,38177417,CHI
38175011,38177164,OCH
38177285,38177854,FEM
38178319,38179011,CHI
38178354,38178828,OCH
38178896,38180629,FEM
38180511,38182011,CHI
38182511,38182707,NA
38182924,38191858,NA
38183864,38190992,CHI
38186632,38187363,FEM
38188832,38188940,OCH
38189203,38191491,OCH
38192082,38195617,NA
38192342,38194510,CHI
38192465,38192875,OCH
38194478,38195492,OCH
38195022,38195159,CHI
38196596,38215466,NA
38196941,38197289,OCH
38197632,38201903,CHI
38199114,38201011,OCH
38201684,38203042,FEM
38202794,38204311,OCH
38202992,38204480,CHI
38205091,38206492,OCH
38205157,38205493,CHI
38206011,38212246,FEM
38211969,38214011,CHI
38212113,38213875,OCH
38213993,38214511,FEM
38214507,38215086,CHI
38216409,38218498,NA
38216478,38218410,FEM
38222511,38224686,FEM
38222511,38225084,NA
38225248,38253492,NA
38225436,38229331,CHI
38228993,38231661,FEM
38231382,38231606,MAL
38231808,38234152,CHI
38232937,38238992,FEM
38235903,38237010,OCH
38239388,38242292,CHI
38240130,38240366,OCH
38240492,38241579,OCH
38241410,38250492,FEM
38241771,38242286,OCH
38251011,38253274,FEM
38257137,38323511,NA
38257301,38260067,CHI
38258092,38262242,OCH
38260495,38261285,FEM
38261241,38262512,CHI
38262701,38262993,CHI
38262993,38263464,MAL
38263497,38268511,CHI
38263906,38264351,OCH
38264469,38268241,OCH
38268359,38270551,MAL
38270841,38271816,OCH
38271015,38277939,CHI
38271933,38272490,MAL
38272670,38274491,OCH
38276493,38286493,OCH
38278295,38278492,FEM
38278484,38281138,CHI
38279257,38279481,MAL
38281076,38281992,FEM
38283005,38283511,FEM
38284070,38286993,CHI
38286569,38290433,MAL
38286724,38286962,FEM
38289297,38289589,FEM
38290271,38292564,CHI
38291638,38291741,OCH
38292296,38292991,FEM
38292848,38294011,CHI
38293300,38293523,MAL
38295492,38302510,MAL
38302011,38312507,FEM
38302654,38302841,MAL
38306491,38308108,MAL
38311491,38321511,MAL
38322011,38323010,FEM
38327492,38329514,MAL
38327992,38329011,NA
38331426,38332575,MAL
38331510,38432698,NA
38332298,38333010,FEM
38332818,38334538,CHI
38333491,38333634,OCH
38334381,38351043,MAL
38351220,38353034,FEM
38352992,38355991,MAL
38355733,38357049,CHI
38356627,38361013,MAL
38360834,38362319,OCH
38361011,38362558,CHI
38362511,38368017,MAL
38365839,38366492,CHI
38368510,38372010,FEM
38371460,38374590,MAL
38374705,38379492,CHI
38374730,38379511,OCH
38379493,38381272,MAL
38381246,38381511,CHI
38381565,38396724,MAL
38390011,38391191,CHI
38396597,38398656,CHI
38398546,38401043,FEM
38400991,38401766,CHI
38401511,38403992,FEM
38403992,38404954,CHI
38404511,38407479,MAL
38406992,38407735,FEM
38407659,38413611,CHI
38412245,38412724,OCH
38413109,38413953,MAL
38413772,38416514,CHI
38413992,38415626,OCH
38416397,38429676,MAL
38429492,38430045,FEM
38430011,38432510,MAL
38432760,38434638,MAL
38432801,38435417,NA
38434325,38435182,CHI
38436545,38456419,NA
38436579,38437831,FEM
38437423,38437990,MAL
38438255,38439426,MAL
38439395,38440492,OCH
38439439,38441511,CHI
38441304,38442708,MAL
38442527,38443605,CHI
38442823,38442943,OCH
38443278,38447529,MAL
38444998,38445511,CHI
38447502,38450016,CHI
38447900,38448448,MAL
38449797,38452789,FEM
38451011,38452990,MAL
38453189,38455249,CHI
38453246,38454729,MAL
38455015,38457011,MAL
38461260,38473817,NA
38461382,38462492,FEM
38461434,38468226,MAL
38464511,38465302,FEM
38468019,38469593,CHI
38469357,38470631,MAL
38470511,38471977,CHI
38471608,38473702,MAL
38474526,38475614,CHI
38474566,38476049,NA
38475835,38475953,MAL
38476645,38477941,MAL
38476954,38522511,NA
38477492,38478992,CHI
38478275,38485611,MAL
38484011,38486267,FEM
38486212,38490986,MAL
38486413,38486560,FEM
38491011,38492628,CHI
38491278,38491992,OCH
38492594,38494492,FEM
38493993,38494256,CHI
38494157,38503511,MAL
38500208,38500795,CHI
38503436,38504940,CHI
38504538,38513492,MAL
38504822,38504930,FEM
38505343,38505492,FEM
38513500,38513633,OCH
38513510,38513620,CHI
38513738,38516624,OCH
38513926,38515521,CHI
38515731,38516492,CHI
38516529,38523011,MAL
38524975,38530638,NA
38524992,38526713,FEM
38528011,38530510,FEM
38532004,38532660,NA
38532031,38532559,CHI
38533492,38534380,NA
38533492,38534395,OCH
38535802,38536742,NA
38535826,38536742,FEM
