segment_onset,segment_offset,speaker_type
1510,4510,MAL
2332,5493,NA
4492,5272,FEM
6011,7992,NA
6478,7057,FEM
6787,7491,CHI
8365,11217,NA
8512,8873,OCH
9511,11161,FEM
13993,16992,FEM
13993,18014,NA
16308,18493,MAL
19450,20633,NA
19454,20637,FEM
22417,25011,MAL
22734,29511,NA
24867,29492,FEM
30512,31653,MAL
31011,33529,NA
31511,33566,FEM
31874,32011,MAL
36011,38988,MAL
36359,39197,NA
36777,36991,FEM
37511,38913,FEM
39698,39818,NA
39938,51486,MAL
39941,51052,NA
53011,54697,MAL
53492,62512,NA
54665,58168,FEM
59014,62484,FEM
65492,71079,NA
65510,71082,MAL
65527,66492,FEM
73013,74987,MAL
73511,74181,NA
78511,87011,MAL
78992,82946,NA
83680,86512,NA
91891,94505,FEM
91972,94589,NA
97389,98992,NA
97475,98992,FEM
100011,100217,NA
105226,107146,NA
105317,107107,FEM
109441,112185,NA
109492,110493,CHI
110179,112012,FEM
110788,111152,MAL
114013,115599,MAL
114541,114806,NA
114991,115408,NA
119011,126011,MAL
119541,125511,NA
127973,131010,MAL
128795,130536,NA
149011,151731,MAL
149511,151492,NA
155064,161492,MAL
155863,160993,NA
161921,169493,MAL
161951,162493,NA
163011,166334,NA
167511,169166,NA
169511,171492,NA
170097,170922,CHI
170492,171493,MAL
172010,183883,MAL
172623,182304,NA
185399,185931,MAL
202510,206908,MAL
203492,206511,NA
221786,221914,NA
223295,224313,NA
235492,245992,MAL
236512,240025,NA
240362,245492,NA
243030,243265,CHI
268491,268994,NA
273512,278836,MAL
273993,278458,NA
280490,281528,NA
280496,281240,CHI
285010,287992,MAL
285923,287929,NA
288993,290125,CHI
288993,290184,NA
303008,303378,NA
309493,312993,MAL
309931,312445,NA
316492,317489,MAL
316582,317011,NA
328511,331663,MAL
329010,331511,NA
331865,331988,MAL
336206,337775,MAL
336493,337519,NA
341013,344488,MAL
342492,342669,NA
342787,342924,NA
343594,343953,NA
347004,349186,NA
347041,347211,MAL
347510,349987,MAL
351454,359011,MAL
351992,354491,NA
353302,353702,FEM
354665,354991,NA
356496,358075,NA
358302,358462,NA
367511,371188,NA
367546,371920,MAL
369254,369492,FEM
372288,374510,MAL
372992,374295,NA
376037,379491,MAL
376655,379301,NA
380744,384492,MAL
380992,384382,NA
400655,403800,MAL
401186,404023,NA
424492,424899,NA
424555,424916,CHI
433735,434511,NA
433785,434511,CHI
455384,468489,MAL
455664,468011,NA
459010,459272,CHI
474311,476301,MAL
474512,475845,NA
477492,490492,NA
477703,480511,FEM
480165,485118,MAL
484512,487492,FEM
487492,488493,CHI
488400,490492,FEM
498089,500511,NA
498219,499993,FEM
499643,499991,MAL
501491,509510,MAL
502011,503948,NA
505430,509026,NA
512992,515511,MAL
513329,515492,NA
523991,525511,MAL
524323,525994,NA
529139,530310,NA
529450,530012,FEM
541345,542511,NA
541571,541870,FEM
541824,542325,OCH
541995,542147,FEM
546011,553492,MAL
546991,549915,NA
550992,553221,NA
564325,572761,MAL
564719,569508,NA
570480,572205,NA
576512,579445,NA
576992,579555,MAL
577115,577615,FEM
593492,597491,MAL
593992,596746,NA
607689,609677,MAL
615119,616344,NA
616019,616213,FEM
632620,634193,NA
632634,634124,CHI
651883,657985,MAL
652011,657490,NA
663096,669492,MAL
663665,669011,NA
674511,677665,MAL
675243,677192,NA
689938,690343,NA
693485,694104,CHI
693492,694096,NA
715011,716444,MAL
756992,757254,NA
757492,758013,NA
757492,758051,FEM
758172,758639,FEM
773012,774011,NA
776426,777791,MAL
776500,777286,NA
778511,778686,NA
778992,783493,NA
779510,779716,FEM
780013,783992,MAL
780077,780511,FEM
822992,825491,NA
824730,824929,FEM
835338,835512,NA
842874,847639,CHI
842925,847763,NA
853991,854919,MAL
855029,855139,NA
869493,870781,NA
869493,870956,FEM
873541,874648,CHI
873585,874626,NA
886493,887330,NA
886548,887058,OCH
886778,887082,CHI
888011,888725,NA
888104,888642,CHI
902134,906010,NA
902198,903521,CHI
902991,903511,OCH
904146,905970,CHI
909623,910781,FEM
909676,910808,NA
911491,912259,NA
911513,912142,CHI
912737,913515,NA
912811,913496,CHI
920047,920425,NA
920050,920382,CHI
974492,975909,CHI
974492,975921,NA
979493,980423,NA
979526,979742,FEM
980012,980375,FEM
995576,997566,NA
997117,997512,FEM
998492,1000585,NA
998492,1000586,CHI
1001843,1002732,CHI
1001864,1002720,NA
1010014,1012540,NA
1010021,1011130,CHI
1011545,1012112,CHI
1013595,1015539,NA
1013595,1015556,CHI
1053493,1055132,CHI
1053493,1056669,NA
1055369,1056511,FEM
1061011,1066214,NA
1061011,1066345,CHI
1068513,1069925,CHI
1068554,1069928,NA
1072992,1074717,CHI
1073010,1074689,NA
1082309,1083635,CHI
1082393,1083640,NA
1087655,1090512,NA
1087670,1090493,CHI
1097398,1099518,NA
1097493,1099349,CHI
1102511,1102638,NA
1103510,1104818,NA
1103512,1104665,FEM
1109511,1112010,CHI
1109511,1112511,NA
1112641,1112747,NA
1113909,1115512,MAL
1114012,1115701,NA
1116011,1123492,NA
1116511,1119145,FEM
1119488,1121687,MAL
1121588,1122460,FEM
1122152,1122255,MAL
1141493,1141901,NA
1141503,1141846,FEM
1144493,1146469,NA
1144630,1145683,CHI
1146040,1146219,MAL
1149490,1151512,NA
1149491,1150863,CHI
1150492,1150646,OCH
1151918,1153992,NA
1151987,1153519,CHI
1153143,1153376,OCH
1155495,1157510,NA
1155504,1157492,CHI
1159210,1161493,NA
1159265,1161465,CHI
1174287,1174515,NA
1175217,1175885,NA
1178828,1179130,NA
1178908,1179011,CHI
1185491,1186207,NA
1185492,1186010,CHI
1187492,1187991,NA
1187614,1187768,CHI
1200827,1201551,CHI
1200840,1201599,NA
1219492,1220493,CHI
1219492,1220493,NA
1223183,1223566,NA
1223189,1223511,CHI
1227012,1227992,CHI
1227012,1228011,NA
1240694,1242570,CHI
1240694,1242581,NA
1247992,1248709,CHI
1247992,1248765,NA
1262616,1263470,NA
1262780,1262912,OCH
1262993,1263337,CHI
1263055,1263187,OCH
1270510,1274492,CHI
1270510,1274511,NA
1326043,1327442,NA
1326098,1327294,CHI
1341294,1341655,NA
1342676,1343255,NA
1342697,1343077,CHI
1371193,1371649,NA
1391492,1392778,NA
1391511,1392772,CHI
1397861,1399525,CHI
1397927,1399952,NA
1412319,1418991,NA
1412326,1418963,CHI
1423011,1424498,NA
1423011,1424511,CHI
1424950,1425929,CHI
1425011,1425907,NA
1437092,1438464,NA
1437095,1438418,CHI
1458511,1464930,NA
1458613,1464862,CHI
1484568,1488881,NA
1484700,1488760,CHI
1484811,1486510,OCH
1489352,1493188,NA
1489433,1493200,CHI
1493724,1494370,CHI
1493735,1494329,NA
1496215,1506570,NA
1496261,1499182,OCH
1496262,1497492,CHI
1497906,1499614,CHI
1500147,1503137,CHI
1500323,1501155,OCH
1503530,1504551,OCH
1504011,1505030,FEM
1505459,1506431,CHI
1506853,1507992,NA
1509644,1512493,NA
1509739,1510011,CHI
1510917,1511482,OCH
1511062,1511273,FEM
1517511,1530491,NA
1517513,1530503,CHI
1532437,1541825,NA
1532454,1538011,CHI
1538948,1539112,FEM
1539012,1540991,CHI
1540485,1543533,MAL
1542011,1542747,NA
1543863,1546992,NA
1544643,1546741,FEM
1547512,1552515,NA
1548011,1549633,CHI
1549636,1550492,FEM
1549889,1551011,CHI
1549992,1551150,OCH
1551577,1552517,MAL
1554010,1556857,FEM
1554010,1557188,NA
1556057,1556189,MAL
1557492,1563992,NA
1557655,1559702,CHI
1560467,1563580,FEM
1561992,1563504,MAL
1563011,1563359,CHI
1565609,1568879,FEM
1565637,1568998,NA
1570197,1571493,NA
1570261,1571191,FEM
1581992,1584434,NA
1582011,1584011,FEM
1629511,1631249,FEM
1629730,1631239,NA
1640491,1644689,FEM
1640491,1644808,NA
1646951,1647628,MAL
1646970,1647564,NA
1648510,1652798,NA
1649012,1651570,FEM
1652042,1652304,OCH
1653011,1654695,MAL
1653623,1653993,NA
1658991,1661627,NA
1659025,1659992,FEM
1660492,1661511,CHI
1665510,1682512,MAL
1666263,1678067,NA
1678636,1682040,NA
1683491,1683947,NA
1683496,1683626,CHI
1691012,1691258,NA
1691493,1692993,NA
1691761,1692593,CHI
1691992,1692788,OCH
1693825,1699492,NA
1693904,1696251,CHI
1696486,1699286,MAL
1698511,1699011,FEM
1700269,1704010,MAL
1700511,1704011,NA
1705916,1706701,CHI
1705953,1706701,NA
1707070,1707173,NA
1707510,1710450,MAL
1708012,1710012,NA
1711373,1711894,NA
1712320,1726512,NA
1713012,1727037,MAL
1731095,1731196,MAL
1731491,1739991,MAL
1731993,1734490,NA
1734602,1734988,NA
1735493,1739437,NA
1743770,1744195,NA
1743778,1744011,FEM
1744775,1746510,NA
1744846,1746037,CHI
1745261,1746010,FEM
1754961,1755221,OCH
1754992,1755147,NA
1757454,1762545,NA
1757492,1759991,MAL
1757653,1758048,FEM
1758178,1758320,FEM
1759379,1762631,FEM
1764511,1767511,NA
1764919,1767511,FEM
1768492,1769452,FEM
1768492,1769493,NA
1769992,1770169,FEM
1770002,1770110,NA
1772012,1781511,MAL
1772763,1776990,NA
1778510,1781488,NA
1784658,1786661,NA
1784840,1786143,CHI
1789412,1790156,NA
1789548,1790010,CHI
1799736,1800011,NA
1805011,1810124,NA
1805510,1810120,FEM
1810438,1830492,NA
1810505,1812992,FEM
1813101,1822082,CHI
1821852,1825784,MAL
1824188,1824365,CHI
1825511,1830492,CHI
1827470,1828101,MAL
1832088,1836735,NA
1832186,1835510,CHI
1834512,1836512,MAL
1836866,1836989,MAL
1836891,1836992,NA
1837267,1838907,MAL
1837706,1837887,NA
1838012,1838216,NA
1838410,1868149,NA
1839011,1839338,FEM
1839267,1839706,MAL
1839684,1842011,CHI
1842760,1844977,MAL
1842826,1843493,CHI
1844016,1844374,CHI
1844512,1848184,CHI
1846081,1846511,FEM
1846295,1847108,MAL
1848012,1849440,MAL
1848594,1860511,CHI
1851061,1851321,MAL
1851569,1851903,MAL
1853025,1853135,FEM
1857492,1858012,FEM
1860173,1867011,MAL
1866512,1868063,FEM
1869244,1888652,NA
1869337,1871107,CHI
1870511,1871794,OCH
1871269,1871512,CHI
1871971,1872352,CHI
1873282,1873511,CHI
1873490,1875493,FEM
1873625,1873763,CHI
1875012,1878689,MAL
1878491,1881510,CHI
1881011,1889011,MAL
1890511,1892512,NA
1890992,1892492,FEM
1893875,1906992,NA
1893898,1902511,CHI
1894511,1894621,OCH
1894776,1895129,OCH
1895287,1895395,OCH
1895621,1895743,OCH
1899631,1902459,OCH
1902256,1904991,MAL
1905103,1906510,CHI
1907008,1912366,MAL
1907511,1910511,NA
1911433,1912176,NA
1913011,1917493,NA
1913223,1914023,FEM
1913289,1915393,CHI
1915010,1917491,MAL
1916546,1917010,CHI
1918904,1921177,NA
1918910,1920641,CHI
1921750,1924492,NA
1921760,1924430,FEM
1936190,1937268,NA
1936194,1937223,FEM
1950492,1952301,NA
1950494,1952301,FEM
1967993,1969978,NA
1968011,1969673,FEM
1968555,1968683,OCH
2003010,2004768,NA
2003277,2004511,CHI
2003493,2004394,FEM
2005747,2012178,NA
2005906,2006512,CHI
2006512,2009224,MAL
2009011,2010214,CHI
2010840,2012084,FEM
2012992,2015034,MAL
2013226,2016010,NA
2015020,2015573,FEM
2015260,2015469,MAL
2021993,2028308,FEM
2021993,2028478,NA
2029197,2033404,FEM
2029214,2033993,NA
2032013,2032342,MAL
2032487,2037980,MAL
2034761,2038512,NA
2037231,2038510,FEM
2039511,2041492,MAL
2040010,2047194,NA
2041025,2047205,FEM
2047511,2063991,NA
2047511,2054371,FEM
2048147,2048257,CHI
2051652,2064492,MAL
2055780,2055934,FEM
2068762,2069236,NA
2073607,2074012,NA
2073821,2073991,CHI
2078327,2081964,CHI
2078333,2081992,NA
2082686,2084011,CHI
2082711,2140915,NA
2084010,2101533,MAL
2101459,2104512,CHI
2102012,2102483,MAL
2103254,2112736,MAL
2108714,2109332,CHI
2112510,2118772,CHI
2116333,2117470,MAL
2118261,2118364,MAL
2118511,2121204,MAL
2120992,2125504,CHI
2121415,2122039,OCH
2125511,2127011,FEM
2125793,2127297,MAL
2127328,2129793,CHI
2129856,2130221,MAL
2130011,2131992,CHI
2131512,2131706,FEM
2132229,2140886,CHI
2142730,2148621,CHI
2142745,2148651,NA
2149511,2149671,NA
2153513,2154762,CHI
2153535,2154764,NA
2163491,2164745,NA
2163491,2164750,CHI
2165373,2167047,CHI
2165420,2167126,NA
2169492,2170493,CHI
2169492,2170493,NA
2207177,2211492,NA
2207199,2211317,CHI
2224474,2230991,NA
2224493,2230992,CHI
2237937,2238511,NA
2238800,2239807,NA
2238951,2239511,CHI
2245089,2246218,NA
2245241,2245963,OCH
2246930,2247354,NA
2247807,2249351,NA
2247850,2249202,CHI
2260011,2261525,NA
2260064,2261503,CHI
2262148,2263513,NA
2262657,2263227,CHI
2263641,2271992,NA
2263709,2265373,CHI
2265734,2271411,CHI
2267134,2267434,OCH
2270558,2272836,OCH
2282411,2286949,NA
2282572,2286944,CHI
2290493,2295520,NA
2290511,2295511,CHI
2305513,2310614,NA
2305517,2310574,CHI
2315010,2316971,CHI
2315010,2316991,NA
2323190,2325757,NA
2323291,2325635,CHI
2326732,2328502,NA
2326760,2328267,CHI
2329692,2330434,CHI
2329693,2330586,NA
2330789,2332654,NA
2331011,2332091,CHI
2334960,2335800,NA
2334992,2335579,CHI
2338991,2339511,NA
2339013,2339173,CHI
2345326,2347189,NA
2345365,2347010,CHI
2349493,2350733,CHI
2349493,2350747,NA
2352993,2353992,NA
2353112,2353770,CHI
2354638,2359753,NA
2355011,2358442,CHI
2359010,2359923,MAL
2409089,2410218,NA
2409092,2409921,OCH
2409492,2410012,CHI
2424492,2425737,NA
2424514,2425511,FEM
2436299,2439492,NA
2436510,2439463,CHI
2451823,2453924,CHI
2451868,2456510,NA
2454401,2456404,CHI
2461502,2473654,NA
2461511,2473239,CHI
2472667,2473364,FEM
2473791,2474309,NA
2474024,2474149,CHI
2474638,2507441,NA
2474992,2497502,CHI
2497367,2498585,FEM
2498818,2507362,CHI
2512202,2543784,NA
2512259,2542011,CHI
2526749,2527510,FEM
2542801,2543560,FEM
2549419,2567865,NA
2549433,2577432,CHI
2562789,2563017,FEM
2568012,2592992,NA
2569011,2569261,MAL
2577493,2578492,FEM
2578149,2586683,CHI
2583353,2583955,FEM
2586571,2587511,MAL
2586796,2591992,CHI
2592867,2592980,FEM
2595913,2596922,NA
2598256,2613487,MAL
2598922,2601080,NA
2602010,2610491,NA
2604012,2604857,FEM
2604990,2606510,FEM
2606759,2606992,FEM
2611184,2613012,NA
2627981,2630490,NA
2628053,2630989,MAL
2631992,2635510,MAL
2632492,2635089,NA
2659993,2662011,MAL
2660492,2661623,NA
2690511,2696492,MAL
2691352,2696011,NA
2706011,2709437,MAL
2706510,2709011,NA
2833837,2834510,NA
2833950,2834510,FEM
2844224,2849492,NA
2844312,2845596,CHI
2845562,2846672,FEM
2846141,2849491,MAL
2906106,2906511,OCH
2906273,2906492,NA
2908492,2912621,NA
2908992,2909221,FEM
2910992,2912310,FEM
2916511,2917567,NA
2924314,2926493,NA
2924507,2925244,OCH
2925364,2926493,OCH
2940108,2940371,MAL
2943493,2943733,OCH
2944426,2944657,OCH
2944492,2944991,NA
2978729,2979448,NA
2987992,2989011,NA
2987997,2988950,CHI
2992650,2995871,NA
2993109,2993232,FEM
2993333,2993478,FEM
2993882,2993993,FEM
2994832,2995659,FEM
2996511,3001806,NA
2996776,2998992,FEM
2999548,3000643,OCH
3000090,3000456,CHI
3000842,3001466,CHI
3000922,3001234,OCH
3002010,3006511,NA
3002471,3006511,FEM
3012991,3014992,NA
3012992,3014003,CHI
3030958,3032914,FEM
3030968,3033032,NA
3042581,3043492,NA
3042660,3043492,CHI
3078726,3079168,NA
3078741,3079126,CHI
3163433,3164010,FEM
3163452,3164011,NA
3168511,3168676,NA
3168830,3170901,NA
3168923,3170811,FEM
3171292,3175296,NA
3171324,3175247,FEM
3178511,3180268,FEM
3178511,3180433,NA
3182417,3183510,FEM
3182453,3183607,NA
3242131,3242251,CHI
3260356,3262438,NA
3260422,3262493,FEM
3311012,3313189,NA
3311150,3313011,CHI
3314010,3315011,NA
3336734,3338109,NA
3336901,3337659,OCH
3337013,3338012,CHI
3431492,3435589,NA
3431511,3435406,CHI
3435946,3436493,NA
3436666,3438991,NA
3436717,3438511,CHI
3452011,3452121,NA
3452348,3457937,NA
3452360,3455813,CHI
3455997,3457922,CHI
3461921,3465245,NA
3461925,3465217,CHI
3465511,3468333,NA
3465514,3468263,CHI
3475153,3476665,CHI
3475205,3476621,NA
3478992,3480511,CHI
3478992,3480536,NA
3482404,3483091,CHI
3482428,3483201,NA
3485798,3485909,NA
3486161,3487896,CHI
3486162,3487991,NA
3488371,3488504,NA
3489461,3491582,NA
3489485,3491512,CHI
3493646,3494510,NA
3493673,3494400,CHI
3497904,3499991,CHI
3497909,3500012,NA
3602743,3604319,NA
3602991,3603884,FEM
3630992,3634316,CHI
3630992,3635992,NA
3634727,3635930,CHI
3665491,3668351,CHI
3665491,3668491,NA
3670908,3672376,NA
3670910,3672373,CHI
3730138,3730816,NA
3844476,3846012,CHI
3844483,3846012,NA
3848735,3850110,NA
3848961,3850011,CHI
3849378,3849511,OCH
4002011,4004811,NA
4002421,4004706,CHI
4006594,4008012,CHI
4006660,4008012,NA
4013234,4013467,MAL
4030992,4032011,CHI
4030992,4032293,NA
4034011,4037582,CHI
4034011,4037835,NA
4038294,4038711,NA
4042349,4043073,NA
4042475,4043010,CHI
4047364,4051492,NA
4047425,4051492,CHI
4052012,4055011,NA
4052428,4054991,CHI
4068686,4071153,NA
4068733,4070491,CHI
4070807,4070945,CHI
4072493,4073433,CHI
4072493,4073484,NA
4077493,4078511,CHI
4077493,4078875,NA
4080989,4082327,NA
4080993,4082286,CHI
4090011,4093531,NA
4090011,4093597,CHI
4099896,4100993,NA
4107078,4107993,NA
4107112,4107691,CHI
4119992,4121485,CHI
4119992,4121492,NA
4127510,4130510,CHI
4127510,4130613,NA
4153216,4153478,NA
4153678,4153815,NA
4193665,4198275,CHI
4193689,4198554,NA
4196548,4197992,FEM
4197700,4197877,MAL
4199992,4203360,CHI
4199992,4203993,NA
4204452,4207169,NA
4204511,4207154,CHI
4219135,4239668,NA
4219361,4220920,CHI
4220885,4226511,FEM
4223262,4223902,OCH
4226766,4239512,CHI
4240009,4242010,NA
4240438,4241501,CHI
4241492,4241745,FEM
4244120,4245510,NA
4244133,4245355,CHI
4247343,4250019,NA
4247360,4248992,FEM
4248492,4249668,CHI
4249029,4249804,OCH
4263913,4266220,CHI
4263963,4266142,NA
4275874,4276643,NA
4275961,4276511,CHI
4290492,4291511,NA
4290658,4290904,MAL
4294181,4297377,CHI
4294181,4304011,NA
4298098,4303511,CHI
4308491,4320796,NA
4308491,4320800,CHI
4322808,4325493,CHI
4322869,4325493,NA
4328891,4330795,CHI
4328930,4332011,NA
4331129,4332005,CHI
4333775,4336272,NA
4333777,4336040,CHI
4337511,4343098,NA
4337513,4343163,CHI
4344018,4351705,CHI
4344032,4353610,NA
4352010,4353591,CHI
4361285,4363280,CHI
4361364,4363220,NA
4364049,4364493,NA
4364056,4364399,CHI
4380880,4383511,CHI
4380991,4384099,NA
4385006,4386714,NA
4385057,4386071,CHI
4386008,4386367,MAL
4386920,4387492,NA
4388119,4390905,NA
4388511,4389402,CHI
4389797,4390511,CHI
4444232,4446264,CHI
4444291,4447337,NA
4446129,4446385,MAL
4446600,4446720,MAL
4448598,4449595,NA
4451993,4453011,NA
4463492,4467177,CHI
4463492,4467314,NA
4467795,4469493,NA
4468011,4469493,CHI
4470852,4474492,NA
4470881,4474492,CHI
4489992,4492493,CHI
4489992,4492650,NA
4495481,4495797,NA
4505588,4506081,NA
4505709,4506011,OCH
4523848,4525144,CHI
4523870,4525093,NA
4527493,4529405,NA
4527527,4529194,CHI
4654198,4657585,NA
4654333,4655769,CHI
4656212,4657510,CHI
4661496,4662011,NA
4661511,4661727,FEM
4672823,4680511,CHI
4672931,4680528,NA
4676010,4676591,MAL
4741991,4745437,NA
4742012,4745259,FEM
4746992,4749012,FEM
4746992,4752993,NA
4749901,4750672,CHI
4751492,4752893,FEM
4758315,4759751,NA
4758316,4759507,FEM
4759997,4761992,NA
4760282,4761531,FEM
4762667,4764145,NA
4762675,4764012,FEM
4764688,4765748,NA
4764727,4765718,FEM
4767159,4770510,NA
4767189,4770491,FEM
4797011,4801269,FEM
4797011,4801493,NA
4798011,4798510,MAL
4798673,4798832,MAL
4803492,4805998,FEM
4803492,4806231,NA
4809211,4811511,NA
4809292,4810991,FEM
4810011,4811342,CHI
4813511,4815011,FEM
4813511,4816010,NA
4815011,4815257,CHI
4815492,4815905,CHI
4823786,4825511,NA
4823992,4824419,CHI
4824500,4825084,FEM
4825276,4825450,FEM
4830145,4833992,NA
4830283,4833807,FEM
4832760,4832883,MAL
4838290,4840735,FEM
4838329,4840941,NA
4841228,4842593,NA
4841351,4842546,CHI
4844492,4846011,NA
4844527,4845901,FEM
4869492,4871090,NA
4869511,4871011,CHI
4883011,4884651,NA
4883136,4884511,FEM
4887511,4890304,NA
4887567,4890166,CHI
4890804,4893431,NA
4890959,4892123,FEM
4892246,4892349,FEM
4897302,4898144,NA
4897493,4898018,CHI
4947991,4949491,NA
4948012,4949492,CHI
4966674,4976011,NA
4966746,4967050,CHI
4968000,4976011,FEM
4977992,4979992,FEM
4977992,4979992,NA
4983513,4997563,NA
4983886,4990680,FEM
4992011,4992116,FEM
4992239,4994893,FEM
4994819,4995729,CHI
4995511,4997479,FEM
4998512,5003745,NA
4998993,4999525,CHI
5000505,5003492,FEM
5002012,5003107,MAL
5004511,5006511,NA
5004992,5006492,FEM
5007484,5008491,NA
5012273,5014720,OCH
5012329,5019074,NA
5013993,5018963,FEM
5020130,5022344,NA
5020189,5022283,FEM
5034493,5035148,FEM
5034493,5037293,NA
5035147,5036964,MAL
5035299,5035993,FEM
5036111,5037010,FEM
5038576,5038915,NA
5039126,5040027,NA
5039133,5040011,FEM
5040259,5040843,NA
5040510,5040709,FEM
5043966,5044705,NA
5043992,5044686,FEM
5047491,5048878,NA
5047512,5048724,FEM
5049493,5051511,NA
5049510,5051449,FEM
5056012,5060511,NA
5056039,5060511,FEM
5062453,5065128,FEM
5062468,5065138,NA
5066511,5069162,NA
5066521,5069180,FEM
5075011,5080254,NA
5075492,5077564,FEM
5078079,5078540,CHI
5078111,5079115,OCH
5078977,5080099,FEM
5079291,5079492,OCH
5081511,5087491,NA
5081576,5083695,FEM
5083531,5083855,OCH
5083837,5083947,FEM
5084512,5084715,FEM
5085011,5087358,FEM
5088904,5091992,FEM
5088972,5092011,NA
5096993,5101215,NA
5097274,5097789,FEM
5097703,5099110,CHI
5099142,5099424,FEM
5099993,5101178,FEM
5101993,5102992,NA
5102060,5102635,CHI
5106105,5106778,OCH
5106373,5106484,NA
5107511,5112992,NA
5108010,5112909,FEM
5114011,5117492,FEM
5114011,5119991,NA
5117680,5119266,FEM
5117992,5118795,OCH
5120989,5121139,NA
5120992,5121120,FEM
5123125,5124237,NA
5123512,5123723,CHI
5128010,5130263,NA
5128432,5129946,FEM
5130489,5136802,NA
5130511,5134013,FEM
5133491,5135529,CHI
5134745,5136492,FEM
5138492,5147493,NA
5138569,5139011,OCH
5139781,5147373,FEM
5149253,5155937,NA
5150010,5155817,FEM
5151129,5151284,MAL
5156917,5159492,NA
5157982,5158773,OCH
5159933,5161003,NA
5160701,5160807,OCH
5165983,5169493,NA
5166064,5167046,FEM
5167469,5169376,FEM
5172998,5175011,NA
5173451,5175010,FEM
5179491,5180017,OCH
5179618,5179993,NA
5180136,5180492,OCH
5181305,5186511,NA
5181518,5182107,MAL
5181794,5182601,FEM
5182903,5186448,FEM
5186634,5187491,NA
5188212,5190163,NA
5188440,5190288,OCH
5192011,5193992,NA
5192805,5193007,CHI
5192824,5193511,OCH
5193705,5194363,OCH
5194754,5194870,NA
5194781,5194889,OCH
5194997,5204374,NA
5195154,5196011,OCH
5196434,5199446,FEM
5200511,5203992,FEM
5205011,5209048,NA
5205492,5208791,FEM
5209260,5213271,NA
5210884,5212941,CHI
5223511,5225492,NA
5223683,5225127,FEM
5229510,5235912,NA
5229773,5231563,FEM
5231986,5233463,CHI
5234281,5235493,OCH
5234340,5234993,FEM
5237345,5244235,NA
5237546,5238511,CHI
5237956,5239260,OCH
5239492,5240344,OCH
5239492,5243982,CHI
5243511,5244286,OCH
5245768,5251492,NA
5245965,5248511,FEM
5248992,5249458,CHI
5249003,5249278,OCH
5250002,5250135,CHI
5255432,5268007,FEM
5255440,5268010,NA
5263606,5264376,CHI
5270366,5281900,NA
5270383,5281932,FEM
5282511,5285491,FEM
5282511,5287769,NA
5284992,5285578,CHI
5286284,5287688,FEM
5291808,5293705,NA
5292003,5293058,FEM
5293301,5293407,CHI
5295011,5297517,NA
5295029,5297493,FEM
5306492,5307474,NA
5311987,5313231,NA
5312048,5312880,FEM
5312523,5312663,CHI
5313581,5324713,NA
5313992,5322512,FEM
5322485,5323130,CHI
5322974,5324584,FEM
5325708,5334400,NA
5325710,5328992,FEM
5330011,5334228,FEM
5334512,5354492,NA
5334977,5354010,FEM
5335089,5335283,MAL
5352963,5353876,MAL
5355119,5369724,NA
5355195,5369439,FEM
5371010,5375511,NA
5371061,5375492,FEM
5373623,5374533,MAL
5377492,5379011,NA
5377654,5378992,OCH
5380992,5393380,NA
5381910,5382855,OCH
5382659,5386782,FEM
5387011,5391660,FEM
5392438,5393191,FEM
5394011,5397011,NA
5394057,5395993,FEM
5395430,5397492,MAL
5399511,5417414,FEM
5399511,5426136,NA
5403716,5403851,CHI
5413147,5414511,CHI
5416492,5419511,MAL
5419492,5426011,FEM
5419811,5419990,MAL
5426332,5426492,NA
5431416,5441492,NA
5431490,5435533,FEM
5436123,5441299,FEM
5438102,5439228,CHI
5442512,5442790,NA
5443011,5443323,NA
5445011,5448011,NA
5445714,5448011,FEM
5451011,5451413,NA
5451698,5454492,NA
5452302,5454249,FEM
5455154,5465264,NA
5455190,5456012,FEM
5455684,5456511,OCH
5456511,5458165,CHI
5458511,5464221,FEM
5464513,5464923,CHI
5464606,5464716,OCH
5466952,5470251,NA
5466992,5470132,FEM
5471992,5486449,NA
5472011,5474109,FEM
5474574,5475991,CHI
5475804,5486292,FEM
5477721,5478518,MAL
5483707,5484218,OCH
5487011,5496993,NA
5487492,5488785,FEM
5489223,5491678,CHI
5492492,5495929,FEM
5495810,5496512,CHI
5497990,5512015,NA
5497993,5511992,FEM
5512312,5519885,NA
5512492,5513741,CHI
5514370,5519510,CHI
5520484,5527992,NA
5520511,5522214,CHI
5522561,5527942,FEM
5529992,5548511,NA
5530511,5533511,FEM
5532492,5533690,MAL
5534492,5536534,CHI
5536492,5536786,FEM
5536991,5537281,FEM
5537629,5539192,FEM
5539011,5541532,CHI
5541804,5541914,OCH
5541991,5546492,FEM
5547044,5547191,OCH
5547309,5548502,OCH
5547368,5547927,CHI
5549511,5552164,NA
5549531,5550285,FEM
5550992,5551751,CHI
5553466,5565491,NA
5553510,5558107,FEM
5555802,5555910,OCH
5558394,5559466,OCH
5558547,5558992,CHI
5558883,5565491,FEM
5566992,5568512,FEM
5566992,5568529,NA
5574012,5575993,NA
5574013,5575510,FEM
5576214,5576379,NA
5576511,5583193,NA
5577010,5582967,FEM
5583487,5592858,NA
5583492,5592799,FEM
5594511,5598190,NA
5594874,5598016,FEM
5602993,5603511,FEM
5602993,5603511,NA
5610511,5613012,FEM
5610511,5613133,NA
5613815,5618012,NA
5613953,5615641,CHI
5615492,5615851,FEM
5615992,5617735,FEM
5617438,5617733,CHI
5635492,5635873,NA
5636010,5638869,NA
5636483,5637700,CHI
5637492,5638565,FEM
5652001,5656645,NA
5652288,5656510,FEM
5672511,5673623,NA
5672597,5673577,CHI
5705993,5709444,FEM
5705993,5709478,NA
5723926,5725227,NA
5723978,5725141,CHI
5746553,5747213,NA
5746653,5747011,CHI
5749491,5754176,NA
5749512,5753628,FEM
5753656,5753832,OCH
5754869,5754974,NA
5761992,5763430,FEM
5761992,5765234,NA
5762730,5762907,OCH
5763631,5764510,FEM
5764014,5765091,OCH
5766010,5768889,NA
5766491,5768781,FEM
5772084,5776868,NA
5772399,5773352,CHI
5773834,5776492,FEM
5776010,5776373,CHI
5785992,5791264,NA
5786103,5787367,FEM
5787492,5791093,FEM
5798490,5800215,NA
5798491,5800011,CHI
5802271,5806059,NA
5802292,5803208,CHI
5804138,5805993,FEM
5806262,5806704,NA
5807337,5808226,NA
5807342,5808198,FEM
5811308,5812992,NA
5811492,5812879,CHI
5817992,5819352,NA
5821497,5822908,NA
5821511,5822687,CHI
5824992,5826013,CHI
5824992,5826367,NA
5830993,5831992,NA
5831139,5831876,CHI
5831411,5831551,OCH
5835491,5837273,NA
5835513,5837273,CHI
5840492,5843011,NA
5840502,5843011,CHI
5846772,5849929,FEM
5846783,5849932,NA
5850510,5852992,FEM
5850510,5853578,NA
5856575,5857068,NA
5857360,5862267,NA
5857421,5860011,FEM
5860939,5861511,CHI
5861120,5862011,FEM
5897374,5904708,NA
5897492,5900661,FEM
5899011,5899708,MAL
5900801,5902087,FEM
5901716,5904546,CHI
5908773,5912472,NA
5908984,5912011,FEM
5918511,5926196,FEM
5918511,5927316,NA
5927511,5930007,NA
5927646,5929992,FEM
5935012,5935145,NA
5935300,5937506,NA
5935302,5937283,FEM
5939038,5940275,NA
5939094,5939906,FEM
5946956,5948583,FEM
5946963,5948629,NA
5979759,5980490,NA
6020342,6020499,OCH
6022492,6022843,NA
6041458,6042501,OCH
6041491,6042485,NA
6044402,6044900,OCH
6044510,6044853,NA
6070008,6072004,NA
6070025,6071010,CHI
6071558,6071993,FEM
6078491,6079011,OCH
6078530,6079011,NA
6079283,6079492,OCH
6082854,6085336,NA
6082987,6084492,FEM
6084512,6085288,MAL
6098552,6099024,OCH
6104243,6106015,NA
6105513,6106011,OCH
6106237,6106480,OCH
6116052,6116236,NA
6116492,6116652,NA
6120733,6121992,OCH
6120942,6121511,NA
6125471,6126991,OCH
6125662,6125942,NA
6127809,6128057,OCH
6143511,6145492,NA
6143739,6145158,CHI
6146515,6147644,OCH
6147036,6147304,NA
6156844,6159011,NA
6156874,6158891,FEM
6169969,6171646,NA
6169986,6171010,FEM
6178827,6179927,NA
6178869,6179709,FEM
6179350,6179510,OCH
6190143,6190511,NA
6190226,6190369,CHI
6347761,6351992,NA
6347769,6351701,CHI
6352511,6356227,NA
6352644,6354137,FEM
6354273,6356111,FEM
6357113,6358200,CHI
6357142,6358151,NA
6362678,6362869,NA
6363456,6364658,NA
6363480,6364511,FEM
6365993,6368106,FEM
6366011,6368215,NA
6370345,6371207,NA
6370350,6371054,CHI
6385132,6390684,NA
6385137,6390603,FEM
6391511,6396511,NA
6391529,6396011,FEM
6393492,6394491,MAL
6404707,6406445,NA
6404748,6406017,FEM
6407574,6407768,NA
6410991,6414925,FEM
6410991,6415492,NA
6416445,6418443,NA
6416467,6418271,FEM
6419815,6427010,NA
6419930,6427011,FEM
6428951,6432510,NA
6429011,6432511,FEM
6429350,6429848,MAL
6434512,6438309,FEM
6434512,6438435,NA
6438786,6440067,NA
6438854,6439993,FEM
6439510,6439687,CHI
6462399,6474616,FEM
6462416,6474618,NA
6471522,6471826,CHI
6476146,6478767,NA
6476217,6477511,CHI
6477511,6478775,FEM
6480010,6484200,FEM
6480010,6487803,NA
6484573,6487703,FEM
6484710,6484992,CHI
6488188,6493993,NA
6488299,6493993,FEM
6498755,6501492,NA
6498993,6499766,CHI
6499229,6501229,FEM
6501669,6503993,NA
6502012,6503993,FEM
6506843,6532689,NA
6506850,6509083,FEM
6509012,6509626,CHI
6509847,6516992,FEM
6509985,6510992,CHI
6516779,6522010,CHI
6519839,6520544,FEM
6520735,6520949,FEM
6522461,6523917,FEM
6524577,6532321,FEM
6530993,6531347,CHI
6532917,6534512,NA
6532989,6534150,FEM
6536248,6538567,FEM
6536251,6547510,NA
6538352,6544223,CHI
6540612,6541493,FEM
6543511,6543849,FEM
6545527,6545991,CHI
6545735,6547510,FEM
6549010,6559511,NA
6549076,6551012,FEM
6551012,6552492,CHI
6552492,6555563,FEM
6555870,6559491,FEM
6558209,6558492,OCH
6564659,6564907,NA
6565011,6573271,NA
6565511,6567771,FEM
6566511,6566784,CHI
6568511,6573300,FEM
6578275,6582399,NA
6578511,6582202,FEM
6582511,6617992,NA
6582992,6584080,FEM
6583511,6583660,OCH
6584230,6584363,OCH
6585319,6585435,CHI
6585492,6586511,FEM
6585801,6590491,CHI
6589011,6599492,FEM
6594613,6594861,OCH
6595010,6595125,OCH
6597843,6598010,CHI
6598220,6598493,CHI
6598992,6600421,CHI
6601304,6601491,FEM
6601490,6602523,CHI
6602511,6604187,FEM
6604492,6605100,CHI
6605223,6608655,FEM
6605403,6605511,CHI
6608009,6611511,CHI
6612337,6614667,FEM
6614649,6616146,OCH
6615548,6617511,CHI
6616284,6616492,OCH
6618409,6622810,NA
6618537,6619011,FEM
6619855,6620511,CHI
6620530,6622822,FEM
6624781,6629511,NA
6624784,6627379,FEM
6627725,6627838,FEM
6629990,6630491,NA
6630839,6642992,NA
6632511,6642992,FEM
6638765,6639992,OCH
6639361,6639707,CHI
6649702,6662492,NA
6649710,6654737,FEM
6655492,6662492,FEM
6655625,6656150,OCH
6664699,6673012,NA
6664768,6673011,FEM
6684701,6689492,FEM
6684760,6693846,NA
6689491,6690355,CHI
6690011,6693815,FEM
6694226,6698171,NA
6694275,6697510,FEM
6696511,6698048,MAL
6699613,6717011,NA
6699675,6715306,FEM
6713493,6713846,OCH
6714011,6714510,OCH
6715487,6716597,FEM
6717337,6717462,NA
6718493,6720834,FEM
6718493,6720835,NA
6728493,6732511,FEM
6728493,6732511,NA
6734510,6734856,NA
6734991,6741039,NA
6735012,6737992,FEM
6737793,6738993,OCH
6738793,6741024,FEM
6745233,6745569,NA
6750010,6756914,NA
6750493,6756882,CHI
6758492,6758797,NA
6758492,6758829,CHI
6759492,6772972,CHI
6759492,6796992,NA
6761534,6762147,OCH
6771178,6773993,FEM
6773497,6774299,CHI
6774454,6781574,CHI
6781013,6782493,FEM
6782204,6795466,CHI
6796195,6796511,FEM
6796634,6796862,FEM
6803026,6804010,NA
6803053,6803947,CHI
6804629,6805274,NA
6816872,6820725,CHI
6816886,6823371,NA
6821012,6823265,CHI
9718010,9718916,MAL
9775991,9776511,NA
9775998,9776425,FEM
9782453,9783263,NA
9782478,9783087,CHI
9794633,9795229,NA
9794655,9795127,CHI
10269511,10270483,FEM
10269511,10270512,NA
10278726,10280400,NA
10278730,10280367,CHI
10281902,10283193,NA
10281992,10282287,MAL
10282292,10282440,FEM
10282964,10283104,CHI
10286992,10287692,NA
10290858,10292011,NA
10290988,10292011,CHI
10298370,10298491,NA
10305944,10306511,NA
10305993,10306492,CHI
10315004,10315129,NA
10736511,10736692,NA
10783717,10787740,CHI
10783736,10787852,NA
10799764,10806386,NA
10800150,10800352,CHI
10800493,10806332,CHI
10809050,10812012,NA
10809160,10812009,CHI
10814182,10814293,NA
10815010,10817027,NA
10815262,10817012,CHI
10819511,10833364,NA
10819540,10833182,CHI
10833666,10847600,NA
10833836,10836595,CHI
10836992,10846948,CHI
10848011,10851740,CHI
10848011,10851842,NA
10852591,10853890,NA
10852655,10853853,CHI
10859493,10876511,NA
10859493,10866012,CHI
10865669,10866526,FEM
10866734,10876493,CHI
10878992,10880264,CHI
10878992,10880480,NA
10882492,10913729,NA
10882720,10883515,FEM
10883093,10898012,CHI
10898511,10913707,CHI
10914593,10929939,NA
10915339,10917011,CHI
10915472,10915631,FEM
10916107,10916382,FEM
10916492,10918514,FEM
10918523,10929850,CHI
10920250,10921006,FEM
10931313,10987888,NA
10931492,10932962,FEM
10932536,10975824,CHI
10934519,10935029,FEM
10935149,10935438,FEM
10976992,10987767,CHI
10988106,10990787,CHI
10988185,10991211,NA
10991511,11002993,NA
10992230,10993011,CHI
10992238,10993726,FEM
10993283,11001916,CHI
10995413,10996012,FEM
11001766,11002920,FEM
11004252,11015511,NA
11004471,11006192,CHI
11004491,11005915,OCH
11006170,11006735,FEM
11006943,11011115,FEM
11011623,11015509,CHI
11012083,11012350,OCH
11019512,11021010,CHI
11019512,11038615,NA
11021992,11022149,OCH
11021997,11030510,CHI
11028636,11032492,FEM
11032009,11038526,CHI
11033150,11034785,FEM
11035823,11035941,FEM
11039664,11046492,NA
11039743,11039922,FEM
11040514,11041646,CHI
11041010,11046491,FEM
11050511,11098755,NA
11051465,11052521,CHI
11052008,11052194,OCH
11052492,11054004,OCH
11052820,11053608,FEM
11053957,11055992,CHI
11054995,11055516,OCH
11055992,11057497,FEM
11057916,11062012,CHI
11062013,11062243,FEM
11062511,11072162,CHI
11066073,11066993,FEM
11070824,11070984,OCH
11071510,11071883,MAL
11073486,11074553,CHI
11074705,11074842,CHI
11076011,11079091,CHI
11080511,11080759,CHI
11080981,11083993,CHI
11083510,11084992,OCH
11084243,11098511,CHI
11086495,11088510,OCH
11089241,11089589,FEM
11099384,11114492,NA
11099619,11102712,CHI
11100348,11101084,OCH
11102010,11104492,FEM
11104828,11108480,CHI
11105492,11106241,OCH
11108492,11110963,FEM
11110760,11111820,CHI
11110809,11111511,OCH
11112010,11114256,CHI
11114886,11128511,NA
11114992,11117010,CHI
11117993,11122009,CHI
11120993,11121992,FEM
11122392,11122957,FEM
11122512,11125666,CHI
11124494,11127010,FEM
11127161,11127512,FEM
11127780,11128011,CHI
11128728,11129184,NA
11129447,11141972,NA
11129493,11130023,OCH
11129805,11130461,CHI
11130375,11132010,FEM
11131825,11134677,CHI
11134268,11135734,FEM
11135232,11138729,CHI
11138511,11141493,FEM
11139166,11139998,CHI
11141024,11141733,CHI
11143492,11145301,FEM
11143492,11164162,NA
11145990,11147365,FEM
11146742,11148492,CHI
11148422,11149239,FEM
11149024,11151943,CHI
11150511,11155032,FEM
11154876,11164103,CHI
11155992,11156218,OCH
11159635,11160011,OCH
11165425,11173861,CHI
11165452,11191070,NA
11174072,11179511,CHI
11176301,11176971,FEM
11179013,11179364,FEM
11179907,11181993,FEM
11180552,11182317,CHI
11182512,11185511,CHI
11183726,11183993,FEM
11183992,11186491,OCH
11185992,11190747,CHI
11190587,11190762,FEM
11191811,11193512,NA
11192028,11193511,CHI
11195202,11202900,CHI
11195209,11202992,NA
11198512,11199511,FEM
11203812,11214011,NA
11203993,11204992,FEM
11204232,11209349,CHI
11210285,11213992,CHI
11215486,11216510,NA
11215493,11216499,CHI
11220247,11220416,NA
11221121,11233180,NA
11221446,11233199,CHI
11221492,11222493,FEM
11240375,11249035,NA
11240513,11248492,CHI
11247491,11248974,FEM
11257248,11264492,NA
11257355,11264378,FEM
11264947,11267019,NA
11265153,11266992,FEM
11267726,11269527,NA
11267878,11268703,FEM
11268649,11269493,CHI
11299510,11301682,FEM
11299510,11301886,NA
11303326,11311011,FEM
11303336,11311993,NA
11337457,11342012,FEM
11337492,11342362,NA
11343169,11345682,NA
11343269,11345542,FEM
11350878,11353492,NA
11350992,11353498,FEM
11353799,11353993,FEM
11353799,11353993,NA
11357992,11359992,FEM
11357992,11361514,NA
11360210,11361012,FEM
11360842,11360992,OCH
11362638,11368510,NA
11362744,11368492,FEM
11372331,11375993,NA
11372452,11375992,FEM
11401493,11402101,FEM
11401511,11402146,NA
11409533,11411153,NA
11409581,11411042,CHI
11416393,11418553,NA
11416493,11417011,CHI
11417753,11418011,OCH
11421154,11425115,NA
11421302,11422492,CHI
11423012,11425062,FEM
11428282,11429492,NA
11430492,11431018,NA
11431511,11434363,NA
11432991,11433511,FEM
11435011,11438518,NA
11435173,11436258,OCH
11436009,11436843,FEM
11436392,11436733,OCH
11437262,11437510,OCH
11444772,11445511,OCH
11445011,11446791,NA
11446930,11448493,NA
11447200,11447672,FEM
11449175,11450743,NA
11449883,11449999,OCH
11451500,11456058,NA
11451512,11453010,FEM
11452548,11453834,OCH
11454141,11454919,FEM
11454991,11455502,OCH
11456971,11458753,NA
11457011,11458515,OCH
11457040,11457310,FEM
11459453,11460499,NA
11462054,11463993,NA
11462104,11463159,CHI
11465012,11470493,NA
11465115,11466511,FEM
11466736,11468511,CHI
11468392,11470493,FEM
11471011,11471132,FEM
11471011,11471138,NA
11471358,11475256,FEM
11471360,11475493,NA
11512348,11514294,NA
11512819,11514189,CHI
11517743,11520052,FEM
11517780,11523511,NA
11520721,11522491,OCH
11522010,11523510,FEM
11534010,11545011,CHI
11534010,11545051,NA
11543509,11543676,FEM
11551511,11568889,NA
11551751,11553121,FEM
11553472,11554706,CHI
11554569,11554932,FEM
11555511,11561875,CHI
11562897,11568764,FEM
11570133,11570702,NA
11570992,11571135,NA
11571356,11572011,NA
11572119,11573717,NA
11572492,11573726,FEM
11574298,11576492,NA
11574306,11576447,FEM
11591309,11592511,FEM
11591362,11596993,NA
11593031,11593853,CHI
11594814,11596918,FEM
11597992,11598993,FEM
11598004,11598993,NA
11599991,11602230,NA
11600511,11601891,FEM
11607788,11609310,FEM
11607825,11609312,NA
11614492,11622290,NA
11614536,11616947,FEM
11617130,11619909,OCH
11617493,11618011,FEM
11618993,11619746,CHI
11620510,11622012,FEM
11625566,11629992,NA
11625653,11629573,FEM
11630895,11633987,NA
11631011,11632511,FEM
11632768,11633492,FEM
11635768,11638566,NA
11635785,11638419,FEM
11639992,11641026,FEM
11639992,11641050,NA
11651492,11654209,NA
11651992,11652166,OCH
11652491,11654011,CHI
11652684,11654012,OCH
11664928,11667714,NA
11664977,11666995,FEM
11670492,11674554,NA
11670510,11674552,FEM
11686511,11687993,FEM
11686511,11688234,NA
11691500,11693513,NA
11691992,11693389,FEM
11703933,11704979,NA
11703992,11704993,OCH
11724011,11728493,NA
11724321,11728331,CHI
11730012,11731048,FEM
11730012,11732012,NA
11731660,11731890,FEM
11735012,11735869,NA
11735992,11741458,NA
11736232,11737442,FEM
11737842,11739011,OCH
11738491,11740992,CHI
11740294,11740512,OCH
11744011,11746667,NA
11744015,11746011,OCH
11748491,11749937,NA
11750290,11750454,NA
11750771,11751927,NA
11750955,11751574,CHI
11753038,11753225,NA
11753492,11758406,NA
11754410,11755708,CHI
11756365,11757555,FEM
11758849,11763304,NA
11760444,11761991,CHI
11760665,11763211,OCH
11764992,11775134,NA
11764995,11766900,FEM
11766200,11767012,CHI
11767020,11769492,OCH
11769492,11769597,FEM
11769737,11771011,FEM
11772201,11773085,FEM
11772258,11772493,CHI
11773510,11774386,FEM
11774062,11775024,OCH
11780016,11780993,OCH
11780016,11782249,NA
11781376,11781511,OCH
11781688,11781992,OCH
11786459,11787492,OCH
11786469,11787357,NA
11787512,11787782,NA
11787928,11789511,NA
11791985,11794852,NA
11791992,11793809,FEM
11793128,11793548,MAL
11793657,11793775,MAL
11796776,11797594,NA
11796813,11797512,OCH
11837192,11839219,NA
11837269,11839036,CHI
11839925,11844010,NA
11840492,11843511,OCH
11843012,11843478,CHI
11846010,11849510,NA
11848310,11849938,OCH
11850211,11850955,OCH
11850359,11850479,NA
11852511,11852877,NA
11852992,11853157,NA
11853992,11855492,NA
11854110,11854302,FEM
11854645,11855011,OCH
11861058,11861441,NA
11864505,11865860,NA
11867011,11869559,NA
11867416,11869510,OCH
11867511,11867860,FEM
11877492,11877705,NA
11886816,11888978,NA
11887084,11888527,FEM
11891492,11893492,OCH
11891492,11895262,NA
11895928,11898424,NA
11895992,11898042,FEM
11901511,11903492,NA
11901799,11902504,FEM
11901934,11902042,MAL
11902412,11903404,MAL
11905512,11906325,NA
11905802,11905964,OCH
11909383,11910650,NA
11909492,11910511,FEM
11911430,11913025,NA
11911507,11913011,FEM
11919722,11920669,CHI
11919724,11924260,NA
11920618,11921271,FEM
11921492,11923841,FEM
11925551,11928072,FEM
11925552,11928073,NA
11931457,11933492,FEM
11931492,11933517,NA
11945318,11946511,CHI
11945330,11946569,NA
11962046,11962596,NA
11962237,11962386,CHI
11963963,11965011,NA
11963992,11964913,OCH
11964011,11964543,CHI
11968012,11968284,NA
11968487,11975153,NA
11968687,11969993,FEM
11970086,11970992,OCH
11971493,11972268,FEM
11973601,11974399,OCH
11973906,11974044,FEM
11978353,11978582,NA
11978786,11979584,NA
11979623,11980900,OCH
11980492,11981010,NA
11989991,11993506,NA
11990607,11991010,FEM
11991132,11991245,FEM
11997479,11998729,NA
11997992,11998235,OCH
11998493,11998657,OCH
12007511,12008613,NA
12007577,12008011,OCH
12008338,12008456,CHI
12009657,12010614,NA
12009716,12010324,CHI
12012494,12014642,OCH
12012821,12016269,NA
12014290,12015993,FEM
12017511,12020000,NA
12017644,12019880,FEM
12021434,12023511,NA
12021463,12023512,FEM
12025895,12030527,NA
12025991,12027511,CHI
12027882,12028017,CHI
12028137,12028510,CHI
12028321,12030803,OCH
12033431,12035972,NA
12034202,12035901,OCH
12037613,12038722,NA
12037663,12038611,OCH
12040286,12043189,FEM
12040309,12043308,NA
12082441,12083420,CHI
12082465,12083714,NA
12084010,12086992,NA
12084274,12086993,FEM
12090917,12092016,NA
12090927,12091992,CHI
12114993,12115594,CHI
12114993,12115992,NA
12119510,12120170,NA
12139570,12141058,CHI
12139610,12141088,NA
12147730,12148724,MAL
12149357,12149511,NA
12151065,12151615,NA
12151102,12151735,OCH
12162596,12164992,NA
12162633,12164977,FEM
12165854,12167526,NA
12166478,12167524,FEM
12178510,12180992,NA
12179050,12180029,CHI
12179079,12180682,FEM
12180286,12180458,CHI
12198992,12200750,NA
12199002,12200612,FEM
12206992,12207355,NA
12235492,12236121,NA
12235492,12236143,CHI
12241204,12242515,NA
12241216,12242510,CHI
12254333,12255038,NA
12254492,12255012,CHI
12285992,12287317,CHI
12286011,12287299,NA
12290685,12292020,NA
12290992,12291804,FEM
12290992,12291920,CHI
12294492,12298623,NA
12294658,12295512,CHI
12294732,12298492,FEM
12305355,12306244,NA
12305397,12306011,FEM
12309997,12312081,NA
12310075,12311707,CHI
12313991,12315415,NA
12314012,12315035,FEM
12316011,12317423,NA
12316496,12317260,FEM
12316570,12317010,CHI
12321788,12322993,NA
12321836,12322784,CHI
12333909,12336137,NA
12333943,12336086,CHI
12338195,12339693,CHI
12338210,12339771,NA
12342011,12344551,NA
12342156,12344491,CHI
12342578,12344244,FEM
12346373,12349078,NA
12346425,12349081,CHI
12355504,12357293,NA
12355666,12357011,CHI
12358582,12360713,NA
12358612,12360531,CHI
12365776,12367511,NA
12365789,12367510,CHI
12369324,12370510,NA
12369416,12370553,CHI
12370863,12372169,CHI
12370889,12372168,NA
12372645,12373450,NA
12372704,12372947,CHI
12375261,12378216,CHI
12375281,12378361,NA
12379510,12381994,NA
12379510,12382011,CHI
12385158,12386039,NA
12385180,12386010,CHI
12393010,12394011,NA
12393115,12393974,CHI
12397001,12400082,NA
12397010,12399999,CHI
12398493,12398687,FEM
12401783,12403010,NA
12401836,12402766,CHI
12404991,12413039,NA
12405012,12408264,CHI
12408473,12413012,CHI
12410493,12411112,FEM
12418869,12421240,NA
12418895,12421065,CHI
12421510,12424102,NA
12421799,12424033,CHI
12427012,12436681,NA
12427071,12429702,CHI
12429011,12436532,FEM
12444251,12448937,NA
12444319,12445011,CHI
12446011,12448770,CHI
12450655,12453449,FEM
12450724,12456632,NA
12454310,12456455,FEM
12454992,12456477,MAL
12476420,12477637,NA
12476492,12477511,CHI
12478442,12478710,NA
12480261,12481385,NA
12480492,12481223,CHI
12486901,12487993,NA
12486992,12487885,CHI
12492993,12495793,CHI
12492993,12497568,NA
12496329,12497564,CHI
12503646,12503992,NA
12512991,12519025,NA
12513012,12516751,CHI
12514733,12515865,FEM
12515973,12517245,FEM
12517399,12518992,FEM
12586291,12588291,NA
12586394,12588195,FEM
12596578,12597010,FEM
12596582,12597011,NA
12624491,12625011,CHI
12624491,12625011,NA
12650430,12651491,NA
12650492,12650991,FEM
12652222,12653189,NA
12652362,12653012,CHI
12693454,12694313,FEM
12693454,12694472,NA
12695432,12696402,NA
12695493,12696215,CHI
12702135,12703073,NA
12702152,12703011,CHI
12715002,12716123,NA
12715004,12716011,CHI
12718131,12721493,NA
12718313,12721356,CHI
12724663,12725240,NA
12729471,12731223,NA
12729992,12731035,CHI
12731992,12732512,CHI
12732010,12732536,NA
12734012,12734194,NA
12737755,12739896,CHI
12737820,12739966,NA
12740760,12743860,NA
12740779,12743558,CHI
12763605,12764017,NA
12764404,12764512,NA
12788300,12788459,NA
12788319,12788454,FEM
12788580,12789491,NA
12788639,12789491,FEM
12794011,12796866,NA
12794039,12796633,FEM
12824511,12826003,NA
12824511,12826011,FEM
12850010,12850191,NA
12850512,12852010,NA
12850761,12851824,CHI
12854012,12858492,NA
12854185,12858308,CHI
12866511,12870024,NA
12866545,12867389,CHI
12867751,12870011,FEM
12886860,12887992,NA
12887173,12887362,CHI
12890041,12898095,NA
12890647,12890991,FEM
12890688,12891493,OCH
12891012,12896992,CHI
12896992,12898020,FEM
12901781,12906045,NA
12901783,12906010,FEM
12942377,12945511,NA
12942492,12944529,FEM
12944470,12945329,CHI
12952059,12952511,FEM
12952064,12952511,NA
12973883,12975255,NA
12973919,12975011,CHI
12986511,12988492,CHI
12986511,12988502,NA
13005709,13018492,NA
13005779,13005944,FEM
13006185,13006992,FEM
13007488,13008492,FEM
13008264,13008384,MAL
13008632,13009018,FEM
13009992,13010610,MAL
13010573,13018192,FEM
13010804,13011185,MAL
13018789,13018991,NA
13026992,13037655,NA
13026992,13028728,FEM
13028563,13029511,CHI
13030129,13032993,FEM
13033104,13037510,FEM
13051511,13054157,NA
13051513,13054010,FEM
13059510,13064265,NA
13059515,13064265,CHI
13066512,13070511,CHI
13066512,13070511,NA
13073916,13077337,NA
13073927,13077315,CHI
13082081,13085012,FEM
13082092,13085177,NA
13091492,13095989,NA
13091676,13093011,CHI
13091821,13092125,FEM
13092511,13095167,FEM
13093583,13095989,MAL
13096536,13100493,NA
13096701,13099261,FEM
13098012,13100179,MAL
13099490,13100096,FEM
13123488,13126011,NA
13123492,13126011,FEM
13133548,13140177,FEM
13133595,13140608,NA
13141339,13143011,NA
13141511,13142767,FEM
13141639,13142621,CHI
13145053,13146135,NA
13145315,13145484,CHI
13145333,13146077,FEM
13159383,13162473,FEM
13159403,13162491,NA
13177711,13177816,NA
13185011,13185156,NA
13185011,13185237,FEM
13185492,13185610,NA
13187386,13187492,NA
13187762,13187878,NA
13191446,13192011,NA
13191716,13191875,FEM
13192708,13192978,NA
13196046,13197011,FEM
13196049,13196577,NA
13196682,13196992,NA
13197959,13198492,FEM
13198270,13198493,NA
13210801,13211511,FEM
13210876,13211618,NA
13221903,13223511,FEM
13221946,13223512,NA
13224992,13226361,NA
13225012,13226316,FEM
13231011,13232287,FEM
13231011,13232322,NA
13266644,13267839,NA
13266779,13267690,FEM
13279206,13279829,FEM
13279209,13279994,NA
13289986,13298511,NA
13290077,13290374,OCH
13290897,13292461,FEM
13291194,13291390,OCH
13293455,13293647,FEM
13293798,13295011,FEM
13295991,13296956,CHI
13296312,13296442,OCH
13296570,13296761,OCH
13297009,13298280,FEM
13300997,13316493,NA
13301145,13301511,CHI
13301511,13308209,FEM
13308707,13310202,CHI
13310011,13310158,FEM
13310271,13311511,FEM
13311925,13313002,OCH
13313231,13316203,FEM
13315769,13316010,CHI
13317418,13387518,NA
13317510,13325011,FEM
13323692,13324116,MAL
13324510,13326358,MAL
13325511,13331993,FEM
13332492,13343177,FEM
13343697,13352011,FEM
13343761,13343999,CHI
13351502,13351613,MAL
13353512,13358171,FEM
13355147,13355677,MAL
13358010,13358761,CHI
13359448,13363512,FEM
13359858,13360012,OCH
13363795,13363992,FEM
13364011,13365353,CHI
13364332,13364992,OCH
13365353,13369511,FEM
13369492,13370314,CHI
13369735,13370047,OCH
13370493,13370992,FEM
13371308,13373011,FEM
13373512,13378993,FEM
13379511,13379616,FEM
13380010,13382992,FEM
13382493,13383954,OCH
13383510,13387260,FEM
13385898,13386990,CHI
13386759,13386870,OCH
13387763,13387992,NA
13391992,13415514,NA
13392810,13393039,MAL
13393731,13395346,FEM
13394661,13395657,CHI
13396006,13413045,FEM
13414013,13415510,CHI
13416511,13453796,NA
13416992,13420728,FEM
13420153,13422492,CHI
13421511,13422512,OCH
13422011,13424395,FEM
13424010,13424260,CHI
13425215,13430311,FEM
13431410,13432510,FEM
13433717,13436451,FEM
13436631,13437510,OCH
13437176,13443020,FEM
13440327,13441388,OCH
13443746,13443874,OCH
13444110,13444255,OCH
13444161,13445467,FEM
13445868,13447010,CHI
13446511,13446896,OCH
13447419,13447586,OCH
13447991,13451511,FEM
13451493,13453493,CHI
13451677,13451844,OCH
13456274,13456664,NA
13526129,13527039,NA
13526217,13527010,CHI
13533004,13535053,NA
13533986,13535010,CHI
13535991,13536651,NA
13536011,13536750,OCH
13540370,13541048,NA
13540476,13541008,CHI
13542355,13543179,OCH
13542469,13544492,NA
13543011,13544336,FEM
13546511,13548011,FEM
13546511,13548063,NA
13569992,13570991,NA
13570030,13570511,CHI
13570613,13570728,CHI
13574010,13575865,FEM
13574010,13575991,NA
13618756,13619510,NA
13618770,13619492,FEM
13620012,13621534,NA
13620493,13621532,FEM
13623589,13624131,NA
13623594,13624011,FEM
13625511,13628577,FEM
13625511,13629406,NA
13628837,13629011,FEM
13629811,13631304,NA
13629887,13631261,FEM
13631578,13633011,NA
13631735,13633011,FEM
13635520,13636511,FEM
13635557,13636492,NA
13636640,13636991,FEM
13643492,13645493,FEM
13643512,13645011,NA
13647992,13648923,FEM
13648510,13648851,NA
13651991,13653633,FEM
13652089,13653631,NA
13670492,13672011,CHI
13670492,13672080,NA
13677778,13677992,FEM
13686978,13688492,NA
13687250,13687633,FEM
13687309,13688075,CHI
13701012,13702912,NA
13701015,13702937,FEM
13705728,13707343,NA
13705750,13706518,CHI
13710298,13715433,NA
13710492,13713724,FEM
13714198,13715425,CHI
13732104,13732917,NA
13740492,13740862,NA
13750022,13750140,MAL
13783956,13785492,NA
13783957,13784991,FEM
13784745,13785450,OCH
13785766,13785962,NA
13786512,13786654,NA
13787299,13791492,NA
13787417,13791459,FEM
13805323,13807898,NA
13805465,13807829,FEM
13809999,13811010,FEM
13810021,13816833,NA
13811818,13812993,CHI
13811838,13812931,OCH
13815011,13816697,FEM
13818183,13819992,FEM
13818198,13820147,NA
13819547,13819765,OCH
13820576,13829629,NA
13820959,13828214,FEM
13826550,13826688,CHI
13828992,13829512,CHI
13831811,13832992,NA
13831882,13832511,CHI
13834905,13837735,NA
13834920,13835620,FEM
13835603,13837454,CHI
13843008,13847929,NA
13843011,13847532,FEM
13846508,13847510,CHI
13848310,13859723,NA
13848492,13850075,FEM
13849512,13852622,CHI
13853082,13859511,CHI
13853187,13854255,OCH
13860889,13860992,NA
13860894,13861059,CHI
13862597,13862987,NA
13864880,13889102,NA
13864925,13887612,CHI
13869887,13870012,FEM
13884029,13884318,OCH
13885364,13885511,OCH
13888636,13888773,OCH
13889510,13895625,NA
13889840,13895632,CHI
13890218,13890512,OCH
13911985,13915807,CHI
13911985,13915927,NA
13919011,13927511,NA
13919251,13919511,OCH
13919263,13927284,CHI
13930604,13937585,NA
13930726,13932992,CHI
13933492,13934511,OCH
13933559,13937511,CHI
13972011,13973180,NA
13972095,13973168,CHI
13973352,14031178,NA
13973354,14013211,CHI
14010668,14010832,FEM
14013329,14022156,CHI
14021492,14021892,OCH
14022381,14026878,CHI
14027631,14029970,FEM
14028652,14029386,CHI
14030140,14031021,CHI
14031741,14033008,NA
14031989,14032779,FEM
14032146,14032291,CHI
14033512,14055915,NA
14033699,14038584,CHI
14034985,14035511,FEM
14036011,14037992,OCH
14038562,14040010,FEM
14039165,14043512,CHI
14045493,14046991,FEM
14046510,14050297,CHI
14050437,14055790,FEM
14051163,14051617,CHI
14052737,14052945,CHI
14055213,14055333,CHI
14056394,14068601,NA
14056475,14058316,CHI
14057464,14058235,OCH
14058490,14065729,CHI
14066440,14067010,FEM
14067258,14068189,OCH
14069228,14073992,NA
14069511,14072197,FEM
14072511,14073952,FEM
14153169,14154011,NA
14153471,14153989,FEM
14257441,14261759,CHI
14257441,14261992,NA
14262961,14263759,NA
14263179,14263511,CHI
14269011,14276007,NA
14269031,14270432,FEM
14269964,14273493,OCH
14272138,14275795,CHI
14283174,14283506,NA
14283236,14283460,CHI
14284492,14285511,MAL
14284804,14285493,NA
14286767,14287002,NA
14301993,14303491,NA
14301995,14303078,CHI
14305012,14306011,NA
14418935,14419671,FEM
14418982,14419524,NA
14423560,14425992,NA
14424509,14424992,CHI
14424510,14425826,FEM
14428338,14429011,NA
14428371,14429011,CHI
14466492,14468492,NA
14466511,14468222,CHI
14468789,14475146,NA
14468814,14470291,CHI
14470010,14470131,FEM
14470981,14475011,CHI
14498511,14498992,NA
14498561,14498963,OCH
14500505,14501030,NA
14509992,14510805,CHI
14509992,14510991,NA
14515357,14516147,NA
14515492,14516101,CHI
14561324,14564974,NA
14561492,14563667,CHI
14561758,14562011,OCH
14563960,14564556,CHI
14576510,14577992,CHI
14576558,14577992,NA
14582673,14583216,NA
14582685,14583131,CHI
14601278,14602874,NA
14601295,14602859,CHI
14636992,14639010,NA
14637707,14638767,FEM
14641130,14642546,NA
14641493,14642512,FEM
14653109,14654511,FEM
14653207,14654496,NA
14654987,14658018,NA
14656079,14656977,CHI
14656289,14657320,OCH
14676491,14677011,NA
14692850,14696011,NA
14692992,14695992,FEM
14697177,14697928,NA
14700013,14702991,NA
14700015,14702788,CHI
14703454,14706492,NA
14703512,14705103,CHI
14706012,14706193,FEM
14718632,14720213,NA
14723210,14725512,NA
14723292,14725492,FEM
14733993,14734519,CHI
14733993,14734729,NA
14761006,14762844,NA
14761224,14761357,FEM
14761624,14762368,OCH
14761671,14761992,FEM
14762010,14762138,CHI
14772993,14773776,NA
14773011,14773386,FEM
14880512,14883015,CHI
14880512,14885239,NA
14885512,14886518,NA
14885903,14886046,OCH
14886011,14886235,FEM
14897277,14897491,NA
14897723,14899513,NA
14897864,14899494,CHI
14901305,14902395,NA
14926094,14926725,NA
14932780,14934429,NA
14932991,14934378,CHI
14936447,14937103,NA
14936493,14937028,CHI
14941414,14942511,NA
14941422,14942510,CHI
14945830,14947492,NA
14945953,14946993,CHI
14947678,14948734,MAL
14947889,14948132,NA
14949510,14949621,NA
14949812,14951010,NA
14949910,14950126,MAL
14953066,14954011,NA
14953467,14953659,OCH
14953493,14953809,CHI
14957011,14961888,NA
14957094,14961822,CHI
14973992,14977991,CHI
14973992,14977991,NA
14980653,14983016,CHI
14980655,14983132,NA
14984482,14985569,NA
14984529,14985413,CHI
14991492,14992012,CHI
14991492,14992371,NA
14999391,15000512,CHI
14999393,15000512,NA
15007012,15009511,NA
15007157,15008630,CHI
15032513,15035491,NA
15032581,15035435,CHI
15065916,15066517,NA
15066025,15066135,CHI
15083287,15085992,CHI
15083299,15088012,NA
15085087,15087404,OCH
15086517,15087511,CHI
15102992,15103687,CHI
15102992,15103778,NA
15111510,15113992,NA
15111981,15113010,CHI
15118463,15119705,NA
15118491,15119593,OCH
15118544,15119492,CHI
15122911,15124511,NA
15123011,15124511,CHI
15132430,15137012,NA
15132493,15133020,OCH
15133367,15134363,OCH
15133387,15136679,CHI
15137611,15137992,NA
15155993,15157993,NA
15156511,15157596,CHI
15156740,15157010,OCH
15157334,15157484,OCH
15158964,15159438,NA
15163003,15165733,NA
15163492,15165288,CHI
15165844,15166156,NA
15166371,15167861,NA
15166675,15167686,FEM
15170728,15180492,NA
15170993,15180492,CHI
15183298,15190126,NA
15185107,15188516,CHI
15188791,15190003,CHI
15201187,15201492,NA
15203919,15206992,NA
15203938,15206414,CHI
15212492,15217085,NA
15213245,15217011,CHI
15219051,15221203,NA
15219176,15220992,CHI
15223628,15228731,NA
15223896,15228805,CHI
15276485,15277881,NA
15276492,15277780,CHI
15281011,15282162,NA
15281200,15281418,MAL
15282700,15283510,NA
15282812,15284422,MAL
15285011,15290517,MAL
15285491,15289877,NA
15305789,15306317,MAL
15309812,15312512,MAL
15310472,15311819,NA
15312826,15312927,MAL
15340499,15341511,NA
15340511,15341493,CHI
15344011,15344168,NA
15360443,15365992,NA
15360492,15365511,CHI
15416246,15417493,FEM
15416345,15417493,NA
15513851,15514011,NA
15513856,15514011,FEM
15570510,15573011,MAL
15571025,15571126,NA
15571227,15572513,NA
15610249,15610721,NA
15610290,15610492,FEM
15611133,15611928,NA
15611194,15611511,FEM
15615551,15616091,MAL
15628251,15628454,FEM
15632544,15632664,MAL
15639284,15640590,NA
15639428,15640348,CHI
15686085,15686223,NA
15690252,15690908,NA
15690512,15690632,MAL
15691011,15693085,MAL
15691325,15693056,NA
15694140,15696997,MAL
15694992,15695512,NA
15698649,15702645,NA
15698671,15700689,CHI
15701013,15702025,MAL
15717763,15719668,CHI
15717891,15723676,NA
15720991,15723510,CHI
15735492,15736916,CHI
15735492,15737011,NA
15737895,15738484,NA
15758024,15759492,NA
15758179,15759011,CHI
15761345,15767493,NA
15761456,15763201,CHI
15761491,15761992,OCH
15762158,15762995,OCH
15763513,15764461,CHI
15764011,15764418,FEM
15764677,15764819,CHI
15764993,15766492,CHI
15768822,15768992,NA
15788010,15788771,NA
15788218,15788333,FEM
15790489,15793446,NA
15790493,15793011,CHI
15801492,15802376,MAL
15807138,15809573,MAL
15807992,15809261,NA
15810512,15812012,FEM
15810512,15812012,NA
15821004,15822558,NA
15821511,15823328,MAL
15841621,15843393,NA
15841847,15842512,CHI
15841992,15843347,OCH
15843966,15844725,OCH
15843990,15844822,NA
15845169,15850491,NA
15845352,15846756,OCH
15845451,15846492,CHI
15846879,15847515,OCH
15848438,15849606,OCH
15848686,15849687,CHI
15849594,15849948,FEM
15859511,15870495,NA
15859576,15865395,FEM
15865801,15867492,CHI
15867471,15868011,FEM
15867586,15867691,OCH
15867993,15870011,CHI
15869237,15869937,OCH
15872193,15873987,OCH
15872249,15872880,NA
15873302,15876512,NA
15874853,15876454,FEM
15878511,15878707,NA
15878897,15885492,NA
15879011,15879910,FEM
15879810,15879992,OCH
15879841,15880661,CHI
15881992,15884992,FEM
15884492,15884927,OCH
15886010,15887615,NA
15886382,15887511,CHI
15889853,15895511,NA
15890011,15891233,CHI
15891512,15893993,FEM
15894093,15894236,OCH
15894394,15895012,CHI
15894492,15894993,OCH
15899154,15899510,NA
15907192,15911146,NA
15907371,15911011,FEM
15910844,15911030,MAL
15916011,15916661,NA
15917011,15924510,NA
15917349,15924511,FEM
15927011,15931491,NA
15927349,15928653,FEM
15929011,15931230,FEM
15929204,15930478,OCH
15932236,15934011,NA
15932504,15933992,CHI
15937967,15938492,NA
16014102,16062690,NA
16014272,16017164,FEM
16017492,16018511,FEM
16018854,16030992,MAL
16019351,16019511,FEM
16030492,16032492,FEM
16032011,16035661,MAL
16035011,16038087,FEM
16035786,16035908,MAL
16037835,16044546,MAL
16039693,16041146,FEM
16044185,16046492,FEM
16044733,16044984,MAL
16045992,16049630,MAL
16049492,16053454,FEM
16053010,16056490,MAL
16055629,16059492,FEM
16058993,16060505,MAL
16060012,16062697,FEM
16063010,16071137,NA
16063037,16066491,FEM
16066466,16071986,MAL
16073191,16073512,NA
16073326,16073491,FEM
16075753,16077511,MAL
16076011,16079914,NA
16077768,16079491,MAL
16077938,16078095,FEM
16078200,16079715,FEM
16084492,16085511,NA
16084492,16085577,FEM
16087992,16090461,NA
16088077,16088993,MAL
16088510,16090267,FEM
16152011,16153585,NA
16152058,16153511,FEM
16256582,16257512,NA
16256778,16256884,MAL
16259213,16261289,MAL
16259589,16260969,NA
16276886,16277652,MAL
16276992,16278256,NA
16278992,16280455,MAL
16279010,16280011,NA
16314492,16315511,OCH
16314880,16315493,NA
16317511,16318280,NA
16320351,16322282,NA
16320493,16321379,CHI
16320781,16321394,OCH
16326492,16328011,NA
16326497,16326612,FEM
16355512,16355639,MAL
16355770,16357991,MAL
16376541,16377491,NA
16376631,16377075,CHI
16376896,16377011,OCH
16392665,16393369,NA
16392718,16393415,OCH
16412991,16415515,NA
16414275,16415699,MAL
16418553,16418884,NA
16437490,16439010,NA
16437492,16438992,CHI
16462956,16463511,NA
16462990,16463491,FEM
16468993,16471511,NA
16469187,16469992,CHI
16471956,16472148,NA
16477579,16479511,NA
16477705,16479011,FEM
16481392,16486510,NA
16481485,16482651,FEM
16483254,16484992,FEM
16484497,16486908,OCH
16493011,16493296,OCH
16507493,16507623,NA
16510490,16512993,NA
16510510,16512511,CHI
16515011,16517492,NA
16515492,16517492,CHI
16524511,16526921,NA
16524732,16526229,OCH
16525493,16526607,CHI
16526339,16526493,OCH
16527637,16531014,NA
16527993,16529242,CHI
16529557,16530993,OCH
16627012,16627707,NA
16629308,16630309,NA
16653070,16659715,NA
16653485,16659445,FEM
16659847,16670549,NA
16659992,16667425,FEM
16666229,16668880,MAL
16668302,16670545,FEM
16672012,16676297,NA
16672510,16675011,FEM
16674211,16676012,MAL
16708294,16709011,NA
16708310,16709010,CHI
16711863,16717012,NA
16711934,16716838,FEM
16715700,16716748,MAL
16720037,16721993,MAL
16720752,16726388,NA
16721220,16723493,FEM
16723039,16723316,MAL
16724428,16726011,MAL
16724453,16725033,FEM
16726181,16726377,MAL
16726601,16726744,MAL
16728010,16735150,NA
16728188,16731985,FEM
16731927,16733702,CHI
16734074,16734710,OCH
16734188,16734492,CHI
16734492,16735024,FEM
16735970,16739492,NA
16736011,16739141,FEM
16739939,16751011,NA
16740083,16740493,FEM
16740511,16743906,MAL
16741188,16742011,FEM
16743761,16750776,FEM
16750149,16750578,MAL
16753674,16754401,NA
16754992,16755311,NA
16754992,16755333,FEM
16769391,16774492,NA
16769465,16774428,FEM
16773510,16774337,MAL
16774989,16777453,MAL
16775193,16775333,NA
16776364,16778635,NA
16777137,16777873,FEM
16778011,16778510,FEM
16778077,16778561,OCH
16784746,16785978,NA
16784753,16785976,MAL
16787993,16788833,NA
16788097,16788829,FEM
16790357,16793011,MAL
16790492,16792502,NA
16796236,16796493,NA
16802937,16804493,NA
16802993,16803511,FEM
16802993,16804633,MAL
16814810,16814948,NA
16815578,16815774,NA
16816505,16817894,NA
16816678,16817847,FEM
16822445,16823493,NA
16829589,16831332,MAL
16830047,16830594,NA
16833216,16837511,NA
16833511,16834751,FEM
16834863,16835700,CHI
16835992,16837043,MAL
16861026,16861412,FEM
16861078,16861230,NA
16867492,16868992,NA
16867568,16867696,FEM
16875493,16876011,FEM
16875493,16876782,NA
16877012,16877699,NA
16877975,16879511,NA
16878491,16879011,FEM
16899256,16900010,NA
16899481,16899732,CHI
16912437,16915149,NA
16912449,16914854,FEM
16938992,16940011,FEM
16938992,16940011,NA
16970175,16970890,NA
16971343,16973149,NA
16971490,16972492,CHI
16973788,16975511,FEM
16973891,16976439,NA
16979789,16980067,FEM
16979817,16980011,NA
16997918,17001011,NA
16997992,17001011,CHI
16998206,16998895,OCH
17002526,17003815,NA
17002568,17003766,CHI
17004457,17005650,NA
17004511,17005512,FEM
17005989,17007560,NA
17006056,17006193,OCH
17006061,17007511,CHI
17006794,17007447,OCH
17015010,17015285,NA
17016114,17017493,NA
17016149,17017241,CHI
17034580,17035221,NA
17034599,17035215,MAL
17035372,17035512,MAL
17039177,17040411,NA
17039344,17040274,CHI
17051371,17051511,NA
17053991,17054917,NA
17061940,17063012,OCH
17061951,17062511,NA
17064606,17064827,NA
17065988,17070011,NA
17065991,17069381,FEM
17069523,17069631,FEM
17069775,17069993,FEM
17087436,17088460,NA
17087492,17087917,FEM
17091511,17096082,NA
17092875,17096039,FEM
17092958,17095403,MAL
17103992,17105293,FEM
17103992,17105408,NA
17110492,17111511,NA
17110992,17111402,FEM
17116905,17118017,FEM
17116905,17118046,NA
17124321,17125291,NA
17142992,17143518,NA
17143009,17143512,FEM
17180115,17180517,MAL
17184992,17186511,MAL
17185687,17185923,NA
17187478,17187912,MAL
17191227,17195491,MAL
17191631,17194604,NA
17232099,17233567,NA
17232296,17233479,CHI
17234318,17235432,NA
17234412,17235011,CHI
17259769,17260493,NA
17269144,17270011,NA
17269168,17269823,CHI
17297137,17299012,NA
17297528,17297683,OCH
17297538,17298027,CHI
17301014,17301991,NA
17301079,17301843,OCH
17304734,17305993,NA
17304747,17305992,CHI
17307010,17310491,CHI
17307010,17310510,NA
17335510,17337010,FEM
17335510,17337010,NA
17340510,17344492,NA
17340522,17344429,FEM
17343013,17343867,MAL
17361010,17365011,NA
17361073,17364993,FEM
17367433,17370511,NA
17367468,17370492,FEM
17371626,17378511,NA
17371734,17378492,FEM
17372168,17372281,OCH
17372392,17372510,OCH
17404492,17405901,FEM
17404492,17408137,NA
17406777,17408011,FEM
17413491,17417122,FEM
17413491,17417124,NA
17418356,17452526,FEM
17418365,17453025,NA
17452014,17452124,MAL
17490492,17491072,NA
17490527,17490991,CHI
17491972,17493011,NA
17622995,17634512,NA
17623131,17624491,CHI
17623231,17623364,OCH
17623859,17625008,OCH
17624491,17625068,FEM
17624858,17628012,CHI
17628179,17630511,FEM
17630452,17631478,OCH
17630749,17632696,FEM
17636354,17637150,NA
17639159,17642239,NA
17639409,17641724,OCH
17639492,17640324,FEM
17641881,17642188,OCH
17644492,17647791,NA
17644758,17645492,FEM
17645307,17647668,CHI
17650192,17658010,NA
17650217,17655199,FEM
17655445,17657510,FEM
17656993,17657864,MAL
17724847,17725772,CHI
17724847,17725794,NA
17736830,17740492,NA
17736884,17739567,CHI
17740060,17740392,OCH
17743713,17744898,NA
17743992,17744873,OCH
17753011,17754329,NA
17753756,17754109,OCH
17759375,17760718,NA
17759491,17760507,CHI
17768108,17769512,MAL
17769777,17769885,MAL
17773493,17773741,NA
17776417,17779510,NA
17776429,17778329,CHI
17778538,17779011,FEM
17783022,17786512,MAL
17783115,17785145,NA
17786858,17787422,MAL
17791031,17792011,NA
17791426,17791787,MAL
17792025,17792145,MAL
17792349,17792484,MAL
17806481,17813791,NA
17806826,17818784,MAL
17814646,17814923,NA
17815295,17815491,NA
17816944,17817140,NA
17817491,17818691,NA
17819555,17822621,NA
17819563,17825586,MAL
17824030,17824224,NA
17826976,17832847,MAL
17827025,17832325,NA
17834403,17845831,MAL
17834639,17840010,NA
17841587,17841908,NA
17842214,17845511,NA
17846435,17856479,MAL
17846519,17846792,NA
17847992,17855095,NA
17858983,17861415,MAL
17859445,17860510,NA
17863392,17863972,MAL
17864920,17865028,NA
17938992,17939225,OCH
17938992,17939510,NA
17941917,17946926,NA
17942011,17942293,FEM
17942448,17942991,FEM
17942511,17948518,MAL
17947192,17947381,NA
17949511,17953931,MAL
17949992,17950292,NA
17951897,17952940,NA
17953512,17955493,NA
17956880,17958011,NA
17957444,17957687,MAL
17961634,17961735,MAL
17961991,17964490,MAL
17962472,17963927,NA
17964627,17966647,MAL
17964992,17966011,NA
17969273,17969467,MAL
17970010,17970265,NA
17970392,17976842,NA
17971011,17972428,CHI
17973858,17973993,FEM
17973993,17981492,MAL
17976992,17977490,NA
17978033,17978163,NA
17978492,17981011,NA
17982999,17987285,NA
17983418,17985512,CHI
17985491,17987032,MAL
17987478,17990976,NA
17988352,17989992,CHI
17990492,17990789,MAL
17998548,17999493,NA
17998693,17998992,FEM
18001011,18002032,NA
18022951,18023511,NA
18023020,18023312,FEM
18035133,18035479,MAL
18035303,18035465,NA
18048953,18049510,NA
18050511,18051719,MAL
18050992,18051252,NA
18065788,18066352,NA
18066540,18066952,MAL
18066677,18066962,NA
18069090,18069429,NA
18072840,18072965,MAL
18073010,18073381,NA
18073193,18073335,MAL
18073493,18075493,NA
18074045,18075493,FEM
18079011,18079254,NA
18079806,18081747,NA
18079991,18081024,FEM
18081873,18083007,NA
18082010,18082992,FEM
18084004,18085840,MAL
18084696,18084828,NA
18085012,18085744,NA
18086450,18086924,NA
18086510,18117145,MAL
18087346,18088102,NA
18088417,18088743,NA
18089664,18111782,NA
18112673,18120589,NA
18116511,18118511,FEM
18117511,18122390,MAL
18120967,18125532,NA
18122511,18130903,MAL
18126001,18130662,NA
18131511,18132252,NA
18133210,18133492,FEM
18133354,18133492,NA
18139839,18142993,NA
18139992,18142010,FEM
18142199,18142511,FEM
18143133,18161493,MAL
18143511,18144090,NA
18145186,18147321,NA
18147505,18160991,NA
18156493,18157993,FEM
18162412,18164491,MAL
18162713,18163992,NA
18165340,18165971,MAL
18168492,18171010,NA
18168503,18168868,FEM
18168990,18169711,FEM
18169010,18171489,MAL
18173300,18173437,NA
18485754,18487833,OCH
18485808,18487744,NA
18488282,18488387,NA
18488512,18490903,OCH
18488696,18490898,NA
18495619,18495730,OCH
18495992,18496480,OCH
18497492,18498010,OCH
18540993,18543570,NA
18541011,18543564,FEM
18549010,18549272,NA
18549010,18549493,FEM
18550998,18552011,NA
18551017,18551903,FEM
18552358,18552491,FEM
18552368,18552491,NA
18593992,18596010,NA
18593992,18596015,FEM
18598992,18609019,NA
18598992,18601992,FEM
18602511,18609011,FEM
18613491,18615980,NA
18613493,18614529,FEM
18615012,18615159,FEM
18615511,18615852,FEM
18618512,18619447,NA
18618635,18618751,FEM
18618992,18619436,FEM
18650512,18653138,OCH
18651011,18653016,NA
18654091,18655250,OCH
18678074,18678474,OCH
18703501,18705344,OCH
18704120,18704992,NA
18706511,18707019,OCH
18714562,18715801,OCH
18715511,18715800,NA
18720349,18721993,OCH
18723013,18723158,FEM
18736010,18737951,OCH
18736490,18737616,NA
18765575,18766010,NA
18771764,18774251,NA
18771991,18774205,FEM
18776011,18778510,NA
18776058,18776176,FEM
18776478,18777563,FEM
18777511,18778858,OCH
18912948,18914274,NA
18912992,18913993,FEM
18921433,18923097,MAL
18921490,18923012,NA
19137279,19137946,NA
19137300,19137511,OCH
19185407,19186511,NA
19185491,19186510,FEM
19335993,19336493,FEM
19335993,19336506,NA
19406338,19407511,FEM
19406361,19407492,NA
19407799,19407961,FEM
19410011,19410568,FEM
19410011,19410672,NA
19412340,19412510,NA
19431291,19431831,OCH
19431492,19431877,NA
19431957,19432489,OCH
19431991,19432464,NA
19443512,19444339,FEM
19443512,19444492,NA
19521761,19522794,OCH
19521844,19522991,NA
19528012,19531493,NA
19528511,19531511,FEM
19536992,19537314,FEM
19536992,19537346,NA
19553847,19554193,NA
19569674,19572028,NA
19569781,19572012,FEM
19573240,19578512,NA
19574992,19578492,FEM
19834684,19838992,MAL
19834883,19835998,NA
19836838,19838050,NA
19846510,19846962,MAL
19851801,19852015,NA
19851868,19852207,MAL
19852493,19853178,MAL
19872474,19872818,MAL
19873340,19873868,MAL
19875426,19878194,MAL
19875652,19877493,NA
19879511,19882493,MAL
19879702,19881768,NA
19883500,19887403,MAL
19883991,19885169,NA
19887540,19887778,MAL
19888229,19893509,MAL
19888991,19889863,NA
19890488,19892947,NA
19893779,19907935,MAL
19895492,19897336,NA
19898740,19906128,NA
19906282,19906410,NA
19908462,19910242,MAL
19909933,19910510,NA
19910401,19910762,MAL
19912070,19912375,MAL
19912495,19914206,MAL
19948596,19949990,MAL
19954512,19957492,MAL
19954991,19955674,NA
19955820,19957011,NA
19966642,19969443,NA
19966804,19971772,MAL
19970017,19970176,NA
19972511,19973196,MAL
19973471,19974635,MAL
19976033,19976357,NA
19976502,19976902,NA
19976564,19976979,MAL
19977629,19978674,MAL
19980074,19981129,NA
19980992,19981132,MAL
19982207,19982766,NA
19982565,19982774,MAL
19982992,19985095,MAL
19983348,19984983,NA
19993021,19993369,MAL
19993492,19993767,MAL
19998456,20001541,MAL
20000225,20000829,NA
20001040,20001145,NA
20003993,20006016,MAL
20006492,20007054,MAL
20007155,20007378,MAL
20009012,20015465,MAL
20009511,20010083,NA
20011394,20015196,NA
20016475,20019070,MAL
20016877,20018919,NA
20019302,20019479,MAL
20019347,20019479,NA
20019869,20021459,MAL
20019974,20021439,NA
20024462,20027786,MAL
20024840,20025123,NA
20025514,20026883,NA
20027010,20027732,NA
20027957,20028316,NA
20035274,20040126,MAL
20037387,20038739,NA
20040588,20042814,MAL
20041933,20042092,NA
20042512,20042812,NA
20043904,20046992,NA
20043906,20047492,MAL
20047993,20051991,MAL
20048275,20050752,NA
20052510,20053231,MAL
20055011,20055306,NA
20055011,20056668,MAL
20055492,20056251,NA
20057058,20066305,MAL
20057330,20063633,NA
20060558,20061010,FEM
20063786,20065735,NA
20066992,20069491,MAL
20067374,20069104,NA
20119504,20120258,NA
20144886,20146071,MAL
20193492,20194802,NA
20193511,20194491,CHI
20206341,20217171,NA
20206493,20217011,FEM
20250176,20250348,NA
20250479,20254229,NA
20250493,20252666,FEM
20252710,20252848,OCH
20252992,20253880,OCH
20253159,20253262,CHI
20318492,20319010,NA
20345335,20345499,NA
20345345,20345487,MAL
20362415,20364556,NA
20362470,20363952,FEM
20362992,20363102,OCH
20387712,20387820,OCH
20424493,20425084,NA
20427152,20427511,NA
20427304,20427431,OCH
20430581,20430824,OCH
20462492,20464431,NA
20462510,20463119,FEM
20476010,20478999,NA
20476012,20478936,FEM
20478579,20478711,MAL
20484492,20487867,NA
20484507,20487494,FEM
20487214,20487708,OCH
20494556,20498859,NA
20494743,20498542,FEM
20525010,20527033,NA
20525076,20527012,FEM
20530969,20531511,NA
20538485,20540054,NA
20538655,20539710,MAL
20539884,20539992,MAL
20543011,20545573,NA
20543191,20545311,CHI
20546011,20548510,NA
20546286,20547886,FEM
20575011,20575836,OCH
20576206,20576419,OCH
20578744,20579493,NA
20581493,20582512,FEM
20581493,20583010,NA
20585510,20587491,NA
20585537,20587086,FEM
20595492,20596012,NA
20655010,20656493,NA
20662403,20662946,NA
20667995,20668373,OCH
20671188,20673736,NA
20671406,20672511,FEM
20672764,20672992,FEM
20678515,20681620,NA
20679481,20681570,FEM
20689089,20691533,NA
20689295,20690334,FEM
20691011,20691354,FEM
20691970,20692566,NA
20691992,20692530,FEM
20694012,20696992,NA
20694992,20695949,FEM
20696205,20696492,FEM
20697231,20697376,NA
20698011,20698642,NA
20699211,20700492,NA
20713492,20714312,FEM
20713492,20714369,NA
20714776,20716570,NA
20715500,20715616,CHI
20715991,20716474,CHI
20796429,20797973,NA
20796492,20797447,CHI
20797076,20797302,FEM
20831264,20831617,OCH
20837957,20839057,NA
20838128,20839012,OCH
20838210,20838510,CHI
21000360,21000991,NA
21000401,21000757,CHI
21008147,21008613,NA
21031491,21032257,MAL
21068235,21068686,MAL
21105002,21106992,NA
21105011,21106835,CHI
21111661,21113772,NA
21111707,21113629,CHI
21113976,21117511,NA
21114010,21115460,CHI
21115654,21117498,CHI
21134444,21138492,NA
21134512,21137188,CHI
21135492,21137142,OCH
21138162,21138440,CHI
21143012,21144359,NA
21143113,21144367,CHI
21146699,21147681,NA
21146770,21147511,CHI
21155992,21156513,NA
21156022,21156388,CHI
21162236,21164011,CHI
21162249,21164193,NA
21165449,21166492,NA
21165492,21166010,CHI
21184244,21191254,NA
21184473,21184605,CHI
21185007,21190230,CHI
21190511,21191010,CHI
21201868,21204514,NA
21202012,21203824,CHI
21207511,21210182,NA
21207980,21210032,CHI
21208006,21209532,OCH
21227800,21227910,NA
21228011,21228308,NA
21255991,21257511,NA
21256012,21257455,CHI
21305162,21306340,NA
21305492,21305883,OCH
21305492,21306010,CHI
21309161,21310511,NA
21309244,21310349,CHI
21313481,21324510,NA
21313493,21314511,CHI
21313992,21314270,OCH
21315010,21316500,MAL
21316485,21322012,CHI
21321719,21324907,MAL
21325349,21331868,MAL
21326267,21326414,NA
21326875,21331418,NA
21331576,21331937,NA
21332195,21332490,MAL
21334129,21342124,NA
21334355,21334480,MAL
21335390,21336990,MAL
21336877,21339673,CHI
21339180,21339369,MAL
21339485,21344247,MAL
21342263,21351011,NA
21343863,21345010,CHI
21345204,21347669,MAL
21347511,21349492,CHI
21349273,21351286,MAL
21351512,21361961,MAL
21352493,21353992,NA
21354253,21361558,NA
21362636,21365859,MAL
21362977,21364126,NA
21364511,21365512,NA
21366541,21367645,MAL
21366982,21374810,NA
21367700,21371121,CHI
21370530,21374619,MAL
21375343,21379683,NA
21375455,21384989,MAL
21380379,21385514,NA
21386410,21388960,MAL
21386489,21387613,NA
21389270,21409830,NA
21389295,21390002,MAL
21389511,21389673,CHI
21389943,21390510,CHI
21391012,21396064,MAL
21396015,21398528,CHI
21396272,21397416,OCH
21398153,21401435,MAL
21402510,21405352,CHI
21405499,21405892,CHI
21405644,21405919,MAL
21406057,21410990,MAL
21409993,21418117,NA
21411022,21411390,FEM
21411358,21414806,MAL
21414993,21417011,CHI
21417509,21426087,MAL
21419011,21419350,NA
21419996,21426010,NA
21424910,21425011,FEM
21427499,21427872,NA
21428032,21433461,MAL
21428491,21436628,NA
21433211,21435511,CHI
21435730,21444492,MAL
21437585,21440822,NA
21441389,21443841,NA
21443992,21444264,NA
21444760,21447524,MAL
21445231,21450300,NA
21447492,21450011,CHI
21451790,21452622,MAL
21451993,21471711,NA
21452511,21453491,CHI
21453623,21456809,MAL
21456492,21462712,CHI
21458491,21459728,MAL
21461652,21463988,MAL
21463513,21465906,CHI
21465427,21466198,MAL
21466316,21466910,MAL
21466704,21467011,FEM
21466905,21469441,CHI
21468993,21472100,MAL
21473011,21473769,NA
21474011,21500473,NA
21474325,21483491,MAL
21475252,21476052,FEM
21476402,21476586,FEM
21483422,21484549,CHI
21484145,21491982,MAL
21491590,21494025,CHI
21493492,21495490,MAL
21495491,21498512,CHI
21498510,21499995,MAL
21500785,21502992,MAL
21500935,21504786,NA
21502511,21504143,CHI
21506011,21509123,NA
21506243,21506991,MAL
21506511,21509100,CHI
21512512,21514660,NA
21512620,21514544,CHI
21515460,21516341,NA
21515536,21515868,CHI
21518413,21518872,FEM
21518423,21519223,NA
21520011,21520217,NA
21520347,21531763,NA
21521012,21524873,CHI
21524152,21524884,MAL
21525510,21529420,CHI
21529112,21549512,MAL
21532083,21533413,NA
21533992,21538737,NA
21538911,21540590,NA
21541611,21544269,NA
21544512,21559511,NA
21549434,21552699,CHI
21549694,21550847,OCH
21551992,21552466,MAL
21553493,21554956,CHI
21554179,21554594,OCH
21555052,21555989,MAL
21556009,21557057,FEM
21557667,21559516,MAL
21561258,21567233,MAL
21561515,21561658,NA
21561837,21565671,NA
21566010,21572316,NA
21567011,21568513,FEM
21568084,21572492,MAL
21573182,21578909,MAL
21573790,21577693,NA
21578056,21578525,NA
21583493,21585624,MAL
21583992,21585511,NA
21587761,21590012,NA
21587764,21589111,CHI
21589571,21589708,OCH
21597013,21599254,MAL
21597673,21598875,NA
21601011,21601514,NA
21603554,21603868,MAL
21605511,21605773,NA
21607574,21609879,MAL
21607719,21608993,NA
21609793,21611023,NA
21611991,21615827,MAL
21612044,21612177,NA
21612854,21624675,NA
21615010,21616510,CHI
21616187,21625011,MAL
21626283,21632858,MAL
21626501,21628540,NA
21628659,21628764,NA
21629012,21650492,NA
21632797,21634992,CHI
21635019,21639992,MAL
21639663,21641011,FEM
21641064,21641850,CHI
21642606,21646138,CHI
21646011,21649462,MAL
21649162,21650299,CHI
21650605,21650716,NA
21650836,21650973,NA
21653522,21655108,MAL
21656366,21656526,MAL
21660451,21663733,MAL
21660453,21661511,NA
21662372,21663027,NA
21663923,21665511,MAL
21669240,21670615,MAL
21669285,21685046,NA
21670796,21671587,MAL
21671714,21672428,FEM
21671992,21673332,CHI
21673511,21675511,CHI
21675641,21676912,MAL
21676511,21678296,FEM
21677510,21679010,CHI
21679145,21681943,MAL
21681937,21684011,CHI
21684674,21685195,MAL
21685305,21686993,MAL
21685836,21706216,NA
21686694,21688736,CHI
21688454,21706029,MAL
21707236,21711121,MAL
21707381,21707697,NA
21708562,21708785,NA
21709499,21720522,NA
21711368,21720492,CHI
21711554,21711765,OCH
21725493,21737511,NA
21725511,21737492,CHI
21732150,21732493,FEM
21739511,21745993,NA
21739992,21740993,CHI
21742007,21745336,CHI
21745906,21746368,MAL
21747992,21756492,NA
21748512,21753492,CHI
21753053,21753360,FEM
21753902,21755993,CHI
21757893,21759493,NA
21758492,21758948,FEM
21771511,21776992,NA
21771512,21775510,CHI
21777230,21777414,NA
21779462,21781511,NA
21779528,21781165,CHI
21787010,21788581,NA
21787073,21788418,CHI
21795104,21798511,NA
21795509,21798143,CHI
21803003,21813668,NA
21803050,21807512,CHI
21808103,21809512,CHI
21810052,21812575,CHI
21815258,21819492,NA
21815511,21818997,CHI
21820644,21822492,NA
21821037,21821957,CHI
21825492,21829510,NA
21825499,21829011,CHI
21826508,21826624,OCH
21832511,21836843,NA
21832991,21836028,CHI
21837764,21839737,NA
21837931,21839580,CHI
21852013,21854357,NA
21852506,21853411,CHI
21852835,21852989,OCH
21856011,21860512,NA
21856492,21859025,CHI
21858992,21860511,FEM
21882675,21882780,NA
21882992,21885550,NA
21883171,21885491,CHI
21901237,21903745,NA
21901332,21903511,CHI
21904617,21914492,NA
21904830,21907441,CHI
21908220,21909774,CHI
21908423,21909704,OCH
21911271,21913996,CHI
21911852,21912389,OCH
21912878,21913492,OCH
21915510,21921511,NA
21916011,21921436,CHI
21924488,21929966,NA
21924493,21929606,CHI
21926260,21927026,OCH
21931012,21940729,NA
21931255,21933012,CHI
21931487,21933223,OCH
21933325,21933480,OCH
21934007,21938011,OCH
21935396,21936493,CHI
21937488,21940669,CHI
21956174,21967492,NA
21956184,21967274,CHI
21967666,21979122,NA
21968105,21973945,CHI
21972992,21975749,OCH
21974293,21978912,CHI
21977011,21977232,OCH
21979829,21987090,NA
21979952,21986992,CHI
21987992,21992012,NA
21988115,21991993,CHI
21995403,21997182,NA
21995407,21996993,CHI
21997617,21997798,NA
21997958,22000992,NA
21998010,22000838,CHI
21998658,21998906,OCH
21999062,21999221,OCH
22012776,22023993,NA
22012992,22016917,OCH
22014511,22017989,CHI
22018475,22021170,CHI
22018616,22020491,OCH
22021511,22023993,CHI
22025993,22026577,NA
22026774,22029493,NA
22027152,22027258,OCH
22027607,22029011,CHI
22028058,22028556,OCH
22032493,22036992,NA
22032716,22036430,OCH
22032753,22033448,CHI
22034511,22036511,CHI
22038991,22043991,NA
22039012,22043011,CHI
22046340,22051683,NA
22046410,22051511,CHI
22046799,22047894,OCH
22048011,22049012,OCH
22053492,22054992,NA
22053722,22054497,CHI
22054034,22054221,OCH
22079307,22080610,CHI
22079318,22080633,NA
22095393,22100039,NA
22095462,22097841,CHI
22098390,22100012,CHI
22107740,22109492,NA
22107887,22109394,CHI
22108707,22108832,OCH
22109833,22112126,NA
22109946,22112030,CHI
22112258,22116789,MAL
22112360,22114793,NA
22115660,22119011,NA
22116593,22116704,CHI
22117011,22119490,MAL
22123010,22128491,CHI
22123010,22128707,NA
22171992,22172993,FEM
22171992,22173995,NA
22172493,22173858,MAL
22177493,22179467,MAL
22177569,22178992,NA
22189354,22190517,MAL
22189992,22190335,NA
22191492,22191949,FEM
22191492,22191991,NA
22194446,22196012,NA
22194493,22195941,CHI
22197011,22199512,NA
22198386,22198526,MAL
22205991,22207543,MAL
22223492,22224008,FEM
22223492,22224936,NA
22238012,22240992,NA
22238319,22240034,CHI
22238486,22239951,OCH
22240270,22240548,OCH
22244203,22244330,MAL
22258393,22259016,MAL
22264200,22268776,MAL
22264374,22268925,NA
22269566,22270114,NA
22269668,22269989,MAL
22270304,22272012,NA
22270992,22272165,MAL
22277722,22278802,NA
22277781,22277906,OCH
22278964,22280859,NA
22279548,22279734,CHI
22279941,22280511,CHI
22291436,22291914,MAL
22291436,22292452,NA
22295469,22297045,MAL
22295701,22295924,NA
22299492,22301510,NA
22299821,22300904,CHI
22302449,22305578,MAL
22303931,22305679,NA
22306693,22308637,MAL
22307862,22323333,NA
22308698,22312362,CHI
22312306,22316007,MAL
22316011,22317056,CHI
22316992,22319341,MAL
22319012,22322011,CHI
22322010,22322137,MAL
22322336,22325799,MAL
22326011,22327489,MAL
22326511,22333511,NA
22327307,22333011,CHI
22344869,22346096,MAL
22346661,22349668,MAL
22347011,22348528,NA
22349010,22349147,NA
22350512,22356027,MAL
22350796,22371038,NA
22357409,22359255,CHI
22358096,22358246,MAL
22358936,22359815,MAL
22359711,22362863,CHI
22360173,22360485,OCH
22363493,22366671,CHI
22365735,22367169,MAL
22367296,22369326,CHI
22368867,22368968,FEM
22369299,22371511,MAL
22372389,22374741,MAL
22372991,22385492,NA
22374510,22376198,CHI
22375705,22377011,MAL
22376819,22380211,CHI
22377021,22377991,OCH
22380253,22381222,MAL
22381049,22385161,CHI
22386802,22387101,NA
22390737,22393511,CHI
22390759,22393559,NA
22395202,22421510,NA
22395258,22397011,CHI
22397833,22398992,OCH
22397885,22398295,FEM
22398515,22409492,CHI
22402575,22404065,FEM
22404651,22405512,FEM
22411510,22412008,FEM
22412916,22415010,OCH
22414511,22414732,FEM
22414948,22421492,FEM
22417386,22417511,OCH
22422992,22432256,NA
22423252,22424492,CHI
22424052,22424157,OCH
22425662,22425993,CHI
22425992,22428653,FEM
22428011,22428961,CHI
22429173,22432104,FEM
22433883,22437636,FEM
22433920,22482992,NA
22437167,22438657,CHI
22438445,22439493,FEM
22439341,22441192,CHI
22440561,22440698,MAL
22441374,22442113,CHI
22442010,22444248,FEM
22443858,22444724,CHI
22445011,22457011,FEM
22446296,22447275,MAL
22452010,22452371,CHI
22452512,22452801,CHI
22457800,22461276,CHI
22458770,22459511,FEM
22461236,22463511,FEM
22462604,22476011,CHI
22463652,22463991,FEM
22466082,22466404,OCH
22467046,22467333,OCH
22470510,22471992,FEM
22474992,22475983,FEM
22476569,22481110,CHI
22480492,22481304,OCH
22481179,22482829,MAL
22481511,22482510,FEM
22484437,22487510,NA
22484491,22486965,CHI
22485624,22485725,OCH
22485992,22486512,OCH
22489432,22509992,NA
22489441,22495366,CHI
22492450,22492718,FEM
22492949,22493572,OCH
22495511,22509510,CHI
22497510,22498025,FEM
22510840,22515206,NA
22511314,22515197,CHI
22519492,22529885,CHI
22519492,22532626,NA
22530012,22532523,CHI
22532793,22534992,NA
22533041,22534324,CHI
22535147,22564138,NA
22536449,22537087,OCH
22536991,22542605,CHI
22540602,22540992,FEM
22542847,22543362,FEM
22543696,22564012,CHI
22558510,22558993,FEM
22565010,22566930,FEM
22565010,22566944,NA
22568564,22570127,NA
22568834,22569011,OCH
22568993,22569926,FEM
22576928,22605621,NA
22576992,22579511,CHI
22579867,22579968,CHI
22580276,22582151,CHI
22580486,22581038,FEM
22582511,22595491,CHI
22595855,22597011,FEM
22595892,22596012,CHI
22596882,22605510,CHI
22606287,22607318,NA
22608197,22608450,NA
22608992,22610595,NA
22609010,22610510,CHI
22614491,22619238,CHI
22614491,22619498,NA
22638275,22648884,NA
22638292,22639993,CHI
22640371,22648768,CHI
22652308,22666010,NA
22652328,22666010,CHI
22658361,22658990,MAL
22729685,22729823,NA
22729694,22729821,FEM
22914075,22914492,NA
22914107,22914277,OCH
22931492,22933493,FEM
22931492,22933500,NA
22934991,22935847,NA
22935204,22935514,OCH
22937264,22939878,NA
22937492,22938491,CHI
22937492,22938877,OCH
22938512,22939685,FEM
22940402,22941624,NA
22940523,22941870,OCH
22940552,22941445,CHI
22964325,22968299,FEM
22964347,22971492,NA
22969011,22971492,FEM
22972906,22974691,NA
22972933,22974708,FEM
22975512,22982090,NA
22975591,22980144,FEM
22980341,22981323,CHI
22981182,22982041,FEM
22985979,22987511,FEM
22985989,22987511,NA
22998256,23000052,NA
22998492,23000024,FEM
22998539,22999211,CHI
23007512,23011226,NA
23007643,23011011,FEM
23018371,23020904,NA
23018492,23018991,FEM
23018826,23020758,CHI
23027510,23028992,NA
23027659,23028839,CHI
23037966,23039490,FEM
23037991,23039574,NA
23040492,23042249,FEM
23040492,23042345,NA
23043893,23046993,FEM
23043923,23046993,NA
23050980,23052511,FEM
23050992,23052595,NA
23053071,23054217,NA
23053243,23054139,FEM
23055175,23057723,FEM
23055222,23058072,NA
23064777,23065896,FEM
23064785,23065992,NA
23067207,23067332,MAL
23068511,23075511,NA
23068604,23069991,FEM
23069510,23071510,OCH
23071525,23075432,FEM
23084323,23085511,FEM
23084323,23085511,NA
23091011,23093883,NA
23091492,23093492,FEM
23092668,23092788,CHI
23093011,23093647,CHI
23105993,23106761,NA
23123146,23125510,NA
23123492,23124012,CHI
23123492,23125510,FEM
23130833,23131284,OCH
23131011,23131276,NA
23136492,23139992,FEM
23136492,23139992,NA
23142554,23149493,NA
23142783,23143277,FEM
23143112,23143991,OCH
23144012,23144231,FEM
23145051,23145787,CHI
23145365,23146784,FEM
23147748,23148879,OCH
23148011,23149010,CHI
23150912,23151648,MAL
23150980,23152654,NA
23161511,23165014,NA
23161584,23163668,FEM
23163983,23164445,FEM
23164294,23164436,OCH
23165992,23166956,NA
23166366,23166628,OCH
23207992,23208790,CHI
23207992,23208993,NA
23213010,23215011,FEM
23213010,23215011,NA
23253492,23253958,FEM
23253510,23253783,NA
23336630,23338493,NA
23336844,23338410,FEM
23351828,23351993,NA
23353993,23355328,FEM
23353993,23355328,NA
23356699,23357514,FEM
23356704,23357511,NA
23360530,23362049,NA
23360695,23362072,FEM
23364492,23365596,FEM
23364502,23365739,NA
23377992,23378546,CHI
23377992,23378966,NA
23398418,23399901,NA
23398472,23399746,CHI
23445492,23447674,NA
23445512,23447520,CHI
23446371,23446479,FEM
23449699,23450529,NA
23459019,23459139,FEM
23459468,23464991,FEM
23459485,23466748,NA
23465201,23466617,FEM
23465827,23466011,CHI
23467909,23474446,NA
23467911,23474416,FEM
23480719,23482034,NA
23480726,23482012,FEM
23504762,23505592,FEM
23504818,23505613,NA
23530011,23532993,NA
23530259,23531511,CHI
23531492,23532935,FEM
23537287,23539067,NA
23537312,23538510,CHI
23538016,23539042,FEM
23540917,23544167,FEM
23540919,23544154,NA
23546319,23547944,NA
23546366,23547757,CHI
23605678,23606156,NA
23607060,23608992,OCH
23607072,23609492,NA
23608206,23609011,FEM
23613512,23618325,NA
23613922,23618276,FEM
23621492,23624511,FEM
23621492,23624833,NA
23625010,23627835,NA
23625991,23627398,CHI
23627018,23627119,FEM
23627965,23630511,NA
23628257,23630512,FEM
23632644,23636510,NA
23632751,23633326,CHI
23633513,23635521,CHI
23635493,23636320,FEM
23638770,23645010,NA
23638789,23644992,FEM
23645113,23645223,NA
23648993,23650092,FEM
23648993,23654511,NA
23650491,23654511,FEM
23657010,23659011,FEM
23657010,23659072,NA
23658622,23658760,MAL
23703747,23706881,FEM
23703774,23706992,NA
23707207,23707897,NA
23707316,23707864,CHI
23724451,23727649,CHI
23724468,23730011,NA
23727691,23729011,FEM
23728221,23729895,CHI
23731878,23736993,NA
23731927,23736969,FEM
23739492,23742011,NA
23739510,23741491,FEM
23745511,23751888,NA
23745607,23751744,FEM
23753491,23755226,FEM
23753491,23755241,NA
23763011,23764493,CHI
23763086,23764493,NA
23771991,23776530,FEM
23771991,23776733,NA
23783991,23784875,FEM
23783993,23784849,NA
23870459,23873493,NA
23870492,23873087,CHI
23872111,23873010,FEM
23878920,23880324,NA
23879019,23880092,CHI
23905275,23908353,NA
23905366,23908115,FEM
23911458,23912940,FEM
23911473,23913010,NA
23915432,23916011,NA
23915466,23915949,CHI
23938877,23941844,NA
23938900,23940010,FEM
23940510,23941651,CHI
23947010,23947120,NA
23947324,23949010,NA
23947439,23948991,CHI
23950991,23958107,NA
23951012,23956311,CHI
23951344,23951511,OCH
23956012,23958108,FEM
23965875,23966511,NA
23966034,23966446,CHI
23967993,23969520,NA
23968070,23968510,CHI
23984993,23987126,NA
23985356,23986993,CHI
23988471,23990044,NA
23988493,23990012,FEM
23992165,23993790,NA
23992261,23993537,FEM
23994401,24003154,NA
23994483,23995155,CHI
23995332,24003159,CHI
24001512,24002012,FEM
24017141,24021414,NA
24017313,24018131,FEM
24018439,24019468,CHI
24019512,24021178,FEM
24028442,24029296,NA
24028485,24029148,CHI
24038817,24039524,NA
24038837,24039085,OCH
24039337,24039511,OCH
24131694,24133019,NA
24131982,24132510,CHI
24134203,24136474,OCH
24134741,24136511,NA
24136010,24136138,CHI
24146733,24146848,NA
24160511,24162367,CHI
24160511,24162440,NA
24173497,24174661,NA
24173510,24174663,CHI
24190824,24191540,NA
24190993,24191336,CHI
24191845,24191992,NA
24195011,24195492,NA
24195151,24195490,OCH
24227333,24228425,NA
24227404,24228249,CHI
24234692,24235510,CHI
24234714,24235511,NA
24241199,24242007,CHI
24241240,24242011,NA
24243644,24244511,NA
24243882,24244463,OCH
24249491,24250288,NA
24249491,24250309,CHI
24262492,24263103,NA
24262759,24262879,OCH
24267512,24269105,CHI
24267573,24269109,NA
24284492,24285012,CHI
24284492,24285078,NA
24311011,24312742,NA
24311041,24312737,CHI
24350775,24352498,NA
24350968,24352331,CHI
24350993,24352011,OCH
24364839,24365511,OCH
24364938,24365510,NA
24371493,24373042,NA
24371675,24372606,CHI
24371992,24372929,OCH
24396987,24397991,NA
24396992,24397510,CHI
24401387,24402511,NA
24401478,24402366,CHI
24404817,24406464,CHI
24404824,24406473,NA
24407754,24412049,NA
24407992,24411921,CHI
24411054,24412011,OCH
24415211,24416011,NA
24415307,24415931,FEM
24448993,24450014,NA
24449030,24449852,OCH
24449511,24449862,CHI
24457233,24458014,NA
24457329,24458109,OCH
24466901,24468219,CHI
24466909,24468259,NA
24470993,24471687,CHI
24470999,24471718,NA
24472079,24482992,NA
24472135,24473657,FEM
24472992,24474401,CHI
24473834,24482992,FEM
24479557,24479992,CHI
24484478,24486675,CHI
24484479,24486931,NA
24488528,24490492,NA
24488590,24489992,FEM
24489545,24489680,OCH
24493011,24500012,NA
24493511,24494247,FEM
24494511,24498510,CHI
24498948,24500011,FEM
24499538,24499710,MAL
24505721,24510301,NA
24505789,24510286,CHI
24510750,24511008,NA
24510803,24510995,CHI
24520143,24521866,CHI
24520163,24521889,NA
24526964,24527492,NA
24527094,24527291,CHI
24530011,24532991,NA
24530141,24532988,CHI
24533449,24534510,CHI
24533461,24534511,NA
24544492,24544862,NA
24567492,24568484,NA
24567766,24567903,CHI
24568010,24568214,CHI
24579492,24583243,CHI
24579492,24583421,NA
24582741,24583011,OCH
24585083,24586295,NA
24585248,24586011,CHI
24585598,24585726,OCH
24593384,24594724,CHI
24593431,24594681,NA
24611511,24615146,NA
24611521,24612010,FEM
24611669,24615010,CHI
24616011,24618397,NA
24617010,24618331,FEM
24619219,24623991,FEM
24619236,24625807,NA
24624059,24625760,OCH
24624118,24625510,CHI
24657053,24661493,NA
24657146,24658992,FEM
24659444,24661391,FEM
24660855,24661172,CHI
24662742,24666525,NA
24662770,24666511,FEM
24667411,24668818,NA
24667448,24668720,FEM
24668076,24668231,OCH
24671512,24673291,NA
24671820,24673219,FEM
24675852,24677248,NA
24675904,24677219,FEM
24677992,24681617,NA
24678002,24681607,FEM
24682123,24682594,NA
24682220,24682436,CHI
24691993,24694492,NA
24692455,24694293,FEM
24695493,24699457,NA
24695511,24699251,FEM
24697632,24697792,MAL
24698010,24698660,MAL
24699151,24699318,MAL
24700169,24704766,NA
24700196,24704405,FEM
24705010,24711234,NA
24705149,24706931,FEM
24705677,24705989,MAL
24706839,24708521,CHI
24707373,24707493,FEM
24708512,24711065,FEM
24712130,24718993,NA
24712263,24718880,FEM
24720323,24721535,NA
24720400,24721510,FEM
24722992,24727464,NA
24723012,24724929,FEM
24725240,24727387,FEM
24734012,24736648,FEM
24734012,24739986,NA
24736992,24739981,FEM
24740981,24741874,FEM
24740993,24741871,NA
24746659,24753873,FEM
24746698,24753991,NA
24763398,24764726,FEM
24763415,24764721,NA
24766433,24776011,NA
24766447,24775845,FEM
24769992,24771354,MAL
24775441,24775674,OCH
24786511,24787952,NA
24787011,24787919,FEM
24789993,24791915,NA
24789993,24791957,FEM
24792937,24793917,FEM
24792946,24795712,NA
24794043,24794252,OCH
24794864,24795011,OCH
24798493,24799295,CHI
24798511,24799292,NA
24800894,24803493,FEM
24800896,24803512,NA
24808005,24809848,FEM
24808012,24809848,NA
24810644,24812011,NA
24810654,24812011,FEM
24818606,24822008,NA
24819013,24819158,FEM
24819353,24819473,OCH
24819529,24820665,CHI
24819642,24819797,FEM
24821243,24822024,OCH
24822514,24822992,OCH
24830493,24831011,OCH
24830504,24831010,NA
24833458,24833843,OCH
24894493,24895522,FEM
24894493,24900014,NA
24895205,24896012,OCH
24897011,24899524,OCH
24900391,24901827,NA
24902492,24904370,NA
24903011,24904012,FEM
24959011,24960012,NA
24959018,24959754,CHI
24959377,24959487,OCH
24976492,24977528,NA
24976618,24977511,CHI
25011334,25014512,NA
25011410,25014512,FEM
25021992,25023048,NA
25022014,25023107,FEM
25037112,25042510,NA
25037249,25037904,CHI
25037252,25042365,OCH
25040818,25042276,CHI
25042913,25043492,NA
25043067,25043492,OCH
25061014,25061805,NA
25061412,25061544,CHI
25077607,25079208,NA
25077681,25079011,CHI
25077992,25079128,OCH
25081117,25081512,NA
25093058,25093348,NA
25093103,25093402,CHI
25103993,25105493,CHI
25103993,25105493,NA
25121165,25124511,CHI
25121227,25124631,NA
25126490,25128184,CHI
25126492,25128188,NA
25129992,25130513,CHI
25129992,25130537,NA
25140993,25141908,NA
25141011,25141725,CHI
25144136,25153873,NA
25144749,25153841,FEM
25155011,25159891,NA
25155075,25157495,FEM
25157653,25157975,FEM
25158511,25159692,FEM
25172505,25177983,NA
25172524,25173992,CHI
25173572,25173980,OCH
25174010,25176994,FEM
25185581,25186195,FEM
25185581,25186335,NA
25186437,25187993,NA
25186493,25187733,CHI
25188924,25191511,NA
25189873,25190511,MAL
25190492,25191250,CHI
25197367,25198245,CHI
25197380,25198151,NA
25202370,25205105,NA
25202381,25202484,MAL
25202522,25205109,CHI
25206069,25206992,CHI
25206083,25207013,NA
25233623,25239561,NA
25233657,25239281,CHI
25239992,25240800,NA
25240020,25240756,CHI
25241993,25243250,CHI
25242011,25243511,NA
25245656,25246991,NA
25245797,25246636,CHI
25252997,25254992,FEM
25253011,25255055,NA
25259317,25259491,NA
25261910,25266932,NA
25261922,25266897,FEM
25268993,25271312,FEM
25268993,25271492,NA
25272493,25273305,FEM
25272493,25273453,NA
25274012,25277601,NA
25274337,25276492,FEM
25280097,25283992,NA
25280411,25281191,FEM
25281511,25283835,FEM
25282032,25282582,MAL
25287586,25289770,NA
25287593,25289765,CHI
25292512,25298012,NA
25292932,25297993,CHI
25304726,25307578,NA
25304743,25307465,CHI
25312492,25313459,NA
25312510,25313011,CHI
25321570,25323992,NA
25321601,25323992,FEM
25366512,25367011,NA
25366549,25367060,FEM
25392039,25392525,NA
25392143,25392511,CHI
25443793,25451282,NA
25444056,25444810,CHI
25445060,25446012,FEM
25445931,25447993,CHI
25447708,25447811,OCH
25448492,25449511,OCH
25449010,25451258,FEM
25462510,25474339,NA
25462514,25463947,CHI
25463643,25463827,FEM
25463992,25468707,FEM
25469208,25470492,FEM
25469993,25470346,OCH
25470982,25472055,OCH
25471511,25471992,FEM
25472492,25474274,FEM
25472651,25472767,OCH
25473209,25473874,OCH
25475615,25476595,NA
25475636,25476492,FEM
25483127,25485084,NA
25483228,25483992,CHI
25484092,25485012,FEM
25489011,25492504,FEM
25489011,25492540,NA
25492880,25496992,NA
25492897,25496945,FEM
25498511,25501020,FEM
25498511,25501203,NA
25505329,25506196,NA
25505493,25506092,FEM
25516699,25518992,NA
25517049,25517511,CHI
25517511,25518728,FEM
25520756,25521191,NA
25520879,25521011,CHI
25524921,25526058,NA
25524963,25526011,FEM
25526321,25527992,NA
25526401,25527829,OCH
25526510,25527801,CHI
25533502,25534879,NA
25533520,25534592,FEM
25536681,25537609,NA
25536919,25537511,CHI
25544992,25550878,NA
25545011,25546621,CHI
25547157,25548650,CHI
25548818,25550512,FEM
25551450,25554768,NA
25551582,25552394,MAL
25552992,25554644,CHI
25555993,25560492,NA
25556489,25560232,CHI
25560893,25561944,NA
25560981,25561756,FEM
25562874,25570010,NA
25562974,25563597,CHI
25564511,25566011,CHI
25566916,25568548,FEM
25569218,25569341,FEM
25575362,25577492,NA
25575370,25577010,CHI
25581471,25582612,FEM
25581482,25582677,NA
25582379,25582511,CHI
25585342,25589512,NA
25585384,25586579,CHI
25586469,25589512,FEM
25590256,25590511,NA
25590315,25590438,FEM
25593005,25593759,NA
25593008,25593754,CHI
25598616,25600754,NA
25598673,25600300,CHI
25602467,25602961,NA
25602706,25602839,FEM
25604189,25605762,NA
25604573,25604715,FEM
25604996,25605652,FEM
25609330,25610015,CHI
25609363,25610014,NA
25610831,25611621,NA
25610848,25611511,CHI
25617425,25619492,NA
25617492,25619316,FEM
25617673,25617992,CHI
25620391,25621645,NA
25620492,25621047,OCH
25622602,25624651,NA
25622684,25624561,CHI
25624978,25629511,NA
25624991,25629011,CHI
25629696,25630099,NA
25648993,25649931,NA
25648993,25649968,CHI
25650380,25651632,CHI
25650383,25651610,NA
25651946,25652935,CHI
25651973,25652937,NA
25653859,25655450,CHI
25653881,25655445,NA
25655991,25657884,NA
25655992,25657865,CHI
25660793,25662334,CHI
25660802,25662333,NA
25668532,25674541,NA
25669035,25674386,FEM
25671811,25672877,CHI
25681517,25693799,NA
25682003,25686687,FEM
25686506,25687211,CHI
25687010,25693765,FEM
25699925,25706012,NA
25700001,25700406,FEM
25701011,25704511,CHI
25704614,25705940,CHI
25713511,25715992,NA
25713754,25715511,CHI
25717492,25719105,NA
25717492,25719120,FEM
25719471,25720510,FEM
25719478,25720963,NA
25722993,25724925,FEM
25722993,25725011,NA
25727510,25729282,NA
25727993,25729142,FEM
25732784,25733079,NA
25733992,25734512,NA
25739993,25741378,FEM
25739993,25741512,NA
25744492,25745186,CHI
25744492,25745206,NA
25748655,25750084,FEM
25748683,25750173,NA
25792690,25795992,NA
25792737,25793361,OCH
25792992,25793292,CHI
25793689,25795881,FEM
25796865,25798812,NA
25796931,25798610,FEM
25799210,25800072,NA
25799268,25800070,CHI
25809511,25811511,NA
25809670,25811493,FEM
25812807,25812920,NA
25830892,25835921,NA
25830927,25834086,FEM
25831992,25832932,CHI
25834262,25834993,FEM
25834295,25834430,OCH
25834493,25834976,CHI
25834992,25835284,OCH
25846012,25846128,NA
25847011,25849088,NA
25847011,25849154,CHI
25892492,25893405,MAL
25892668,25898078,NA
25893415,25893813,CHI
25893511,25898001,FEM
25900401,25902011,FEM
25900427,25902012,NA
25905992,25908992,FEM
25905992,25909011,NA
25918912,25919641,NA
25918993,25919585,CHI
25946492,25948164,NA
25946777,25946885,OCH
25946992,25947102,OCH
25946992,25947512,FEM
25948424,25949872,NA
25948495,25949891,FEM
25982512,25983612,NA
25982562,25983549,FEM
26006643,26007089,NA
26007556,26008832,NA
26007742,26008572,FEM
26052492,26053685,NA
26052501,26053625,CHI
26071991,26076492,FEM
26071991,26076510,NA
26099172,26100011,NA
26099304,26099960,FEM
26120492,26122131,CHI
26120492,26122198,NA
26128501,26132862,FEM
26128511,26133012,NA
26139989,26142966,NA
26139993,26142798,CHI
26205834,26206116,MAL
26209826,26211542,NA
26209909,26211510,CHI
26414174,26415532,NA
26414492,26415511,CHI
26465851,26467493,NA
26465992,26467011,CHI
26471502,26472083,NA
26476306,26476689,NA
26477123,26477447,MAL
26477869,26477992,NA
26483860,26486012,NA
26484015,26485019,CHI
26494253,26494992,NA
26496492,26497177,NA
26497343,26497505,NA
26504012,26505011,NA
26504084,26504823,CHI
26509071,26510210,MAL
26509413,26510041,NA
26514010,26514285,NA
26515706,26516022,NA
26515787,26515941,MAL
26533784,26534111,NA
26548992,26549491,NA
26564016,26564181,MAL
26566166,26566603,NA
26567671,26569495,NA
26570525,26572493,MAL
26570822,26570927,NA
26571269,26572261,NA
26615660,26616890,NA
26615820,26616703,CHI
26653971,26655409,CHI
26653978,26655205,NA
26701486,26702041,NA
26725457,26726993,NA
26725491,26727011,CHI
26728491,26729510,CHI
26728491,26729510,NA
26756234,26756997,NA
26756239,26756992,CHI
26773492,26775995,NA
26773831,26775827,CHI
26776826,26777887,NA
26776864,26777715,CHI
26780011,26780998,NA
26780146,26780257,CHI
26780502,26780721,CHI
26781546,26784050,NA
26781774,26784045,CHI
26820492,26828012,NA
26820718,26828011,CHI
26820774,26821493,FEM
26829514,26830766,CHI
26829515,26834993,NA
26831726,26831993,FEM
26832011,26834993,CHI
26836812,26843925,CHI
26836876,26843972,NA
26840148,26840329,FEM
26849011,26849568,NA
26849040,26849273,CHI
26849875,26850516,NA
26849949,26850492,CHI
26853734,26858375,CHI
26853766,26858420,NA
26863513,26864871,CHI
26863515,26864588,NA
26864744,26864862,NA
26866991,26869014,NA
26866991,26869060,CHI
26875388,26876773,MAL
26875572,26875677,NA
26875807,26876511,NA
26881511,26887090,NA
26881514,26887012,CHI
26888510,26890196,CHI
26888514,26890198,NA
26892466,26895512,NA
26892493,26895512,CHI
26904914,26907028,NA
26904923,26906992,CHI
26915293,26917153,NA
26915429,26917159,CHI
26919832,26931267,NA
26920011,26927131,CHI
26927257,26930598,CHI
26930443,26931013,FEM
26932011,26932585,NA
26936992,26944491,CHI
26936992,26944511,NA
26948992,26951014,CHI
26948992,26951090,NA
26956068,26958512,NA
26956135,26958511,CHI
26961491,26965511,NA
26961503,26962894,CHI
26963366,26965499,CHI
26973469,26974991,CHI
26973493,26974845,NA
26975172,26976080,CHI
26975263,26976078,NA
26984774,26986472,NA
26984801,26986256,FEM
26991293,26992255,NA
26991547,26992011,CHI
26998512,26999924,NA
26998718,26999720,CHI
27017960,27022567,NA
27018011,27019616,CHI
27020873,27022545,CHI
27030254,27031511,NA
27030491,27031461,CHI
27058492,27059010,NA
27058509,27058992,CHI
27074458,27075160,NA
27074498,27075099,FEM
27077492,27077872,NA
27096603,27099011,NA
27096805,27098736,CHI
27101206,27102981,NA
27101491,27102981,CHI
27104315,27106905,NA
27104363,27106511,CHI
27139880,27140992,NA
27139899,27140910,CHI
27158488,27159934,NA
27158492,27159931,CHI
27161344,27162957,NA
27161443,27162511,CHI
27163677,27164916,MAL
27163912,27165011,NA
27164121,27164492,FEM
27171511,27172687,NA
27172010,27172228,FEM
27183306,27187511,NA
27183328,27185491,CHI
27185012,27185510,FEM
27185993,27187527,MAL
27186064,27187011,CHI
27220182,27221815,CHI
27220202,27221842,NA
27222011,27222519,NA
27222013,27222470,CHI
27222583,27225492,CHI
27222696,27225492,NA
27226668,27228685,CHI
27226820,27228700,NA
27246512,27247648,CHI
27246512,27247692,NA
27249119,27254689,CHI
27249342,27254729,NA
27274546,27275866,NA
27274580,27275511,CHI
27278492,27278983,NA
27307652,27312011,NA
27308510,27310704,CHI
27311170,27311992,CHI
27313863,27315972,NA
27314391,27315748,CHI
27316820,27322365,NA
27316821,27321011,CHI
27320529,27322011,OCH
27323011,27324992,NA
27323087,27324871,CHI
27326543,27328200,NA
27326573,27328186,CHI
27354775,27358562,CHI
27354797,27358574,NA
27360774,27362492,NA
27360782,27361941,CHI
27362887,27366993,NA
27363305,27363467,OCH
27363457,27366770,CHI
27363607,27364483,OCH
27370605,27373322,NA
27370690,27373265,CHI
27374556,27375131,NA
27375352,27377991,NA
27375508,27377933,CHI
27380012,27380647,NA
27380017,27380522,CHI
27385012,27386973,NA
27385304,27386777,FEM
27385570,27385717,MAL
27410493,27415380,NA
27410808,27410992,FEM
27411082,27413573,CHI
27413492,27414648,FEM
27413881,27413992,CHI
27413993,27414341,OCH
27440011,27443992,FEM
27440011,27444495,NA
27444786,27446492,NA
27444930,27446380,FEM
27454159,27462512,NA
27454177,27457137,CHI
27457205,27462512,FEM
27474010,27475849,CHI
27474010,27475991,NA
27479593,27481304,NA
27479679,27481201,CHI
27485678,27487492,CHI
27485678,27487492,NA
27490480,27492039,NA
27490492,27491010,CHI
27493013,27495510,CHI
27493059,27495511,NA
27497492,27498835,NA
27497492,27498842,CHI
27501437,27502622,NA
27501491,27502492,CHI
27503216,27504173,NA
27504422,27505715,NA
27504490,27505740,CHI
27507846,27509010,CHI
27507919,27509011,NA
27514510,27516130,CHI
27514510,27516370,NA
27520012,27520511,NA
27521972,27522898,NA
27521993,27522764,CHI
27524342,27527855,NA
27524372,27527811,CHI
27529021,27529757,NA
27529114,27529511,CHI
27540493,27541364,NA
27548492,27550019,NA
27548492,27550031,CHI
27550493,27553021,CHI
27550493,27553068,NA
27564511,27566399,FEM
27564511,27567035,NA
27565834,27566933,CHI
27583269,27583801,NA
27584488,27589493,NA
27584854,27589344,CHI
27607328,27608784,CHI
27607331,27610237,NA
27608178,27609511,FEM
27610485,27615492,NA
27610536,27613015,CHI
27613011,27613193,FEM
27614186,27614512,CHI
27614738,27614993,CHI
27614804,27614915,OCH
27622706,27624868,NA
27622801,27624851,FEM
27626010,27645686,NA
27626191,27631940,FEM
27631503,27634701,CHI
27633511,27633837,FEM
27634510,27645281,FEM
27646427,27667003,NA
27646650,27656492,FEM
27657492,27658010,CHI
27657737,27658108,OCH
27658014,27659011,FEM
27660511,27662379,CHI
27661510,27662011,OCH
27662852,27663993,CHI
27663360,27663478,OCH
27664011,27665776,FEM
27666488,27666901,OCH
27678491,27701878,NA
27678491,27681491,OCH
27681492,27683939,FEM
27683011,27684025,OCH
27684558,27684992,OCH
27685274,27685493,OCH
27686239,27688696,FEM
27687979,27689960,CHI
27688826,27689015,FEM
27690098,27692673,FEM
27690118,27690697,OCH
27692493,27692625,CHI
27693006,27701415,CHI
27696511,27697559,FEM
27702010,27704097,CHI
27702010,27710512,NA
27704592,27710491,CHI
27712895,27718325,CHI
27712903,27714223,NA
27714486,27719105,NA
27718652,27718829,CHI
27725120,27725653,CHI
27725134,27725709,NA
27736155,27736373,NA
27743011,27748531,NA
27743278,27744093,CHI
27743884,27748501,FEM
27749868,27749990,NA
27756442,27758121,NA
27756486,27757964,FEM
27762011,27765513,NA
27762203,27763511,FEM
27764512,27765354,CHI
27775511,27783584,NA
27775992,27778284,CHI
27778926,27779510,OCH
27779880,27780685,OCH
27780926,27782754,OCH
27782011,27782983,CHI
27784372,27785595,NA
27784423,27785538,CHI
27794011,27794772,CHI
27794011,27794840,NA
27795511,27796594,CHI
27795511,27797163,NA
27796574,27796992,FEM
27804870,27805493,CHI
27804873,27805492,NA
27832481,27839678,NA
27833112,27833492,CHI
27833595,27834013,CHI
27834719,27835839,CHI
27834740,27835023,OCH
27835800,27836510,FEM
27836269,27839690,CHI
27887286,27888992,CHI
27887374,27888992,NA
27891451,27892685,CHI
27891493,27892688,NA
27894210,27896011,NA
27894301,27894492,CHI
27895011,27895602,OCH
27895107,27895510,CHI
27904492,27906455,CHI
27904492,27906512,NA
27908606,27909581,NA
27908904,27909530,CHI
27911444,27912991,NA
27911468,27912783,CHI
27917992,27921512,CHI
27917992,27922025,NA
27920298,27920715,OCH
27922760,27923511,NA
27925860,27927510,CHI
27925884,27928727,NA
27927511,27927884,OCH
27927992,27928709,OCH
27953500,27954011,NA
28043683,28044388,CHI
28043724,28044406,NA
28074360,28075339,CHI
28074364,28075493,NA
28082887,28083543,NA
28082906,28083492,CHI
28084241,28085414,NA
28084317,28085230,CHI
28091809,28092693,NA
28091861,28092494,CHI
28108571,28109011,NA
28108694,28109011,CHI
28134776,28136840,NA
28134808,28136760,CHI
28138943,28142011,CHI
28138987,28142011,NA
28156591,28161510,NA
28156694,28161493,CHI
28169211,28170991,NA
28169402,28170934,CHI
28172492,28173493,NA
28172649,28173012,FEM
28173013,28173200,OCH
28174871,28176099,NA
28174912,28175849,FEM
28175194,28175754,CHI
28176490,28181512,NA
28176576,28178081,CHI
28178012,28181500,FEM
28190606,28194209,CHI
28190624,28208010,NA
28193928,28197492,FEM
28195214,28195386,CHI
28196512,28198993,CHI
28199006,28202513,FEM
28202777,28208000,CHI
28209511,28211011,NA
28209914,28210905,FEM
28213827,28218552,NA
28213966,28217430,FEM
28214053,28215130,CHI
28215309,28215493,CHI
28216011,28218492,CHI
28225511,28227561,FEM
28225511,28227631,NA
28250205,28250345,NA
28255326,28257073,NA
28255333,28257032,FEM
28263992,28265914,NA
28264059,28265363,CHI
28290492,28292058,NA
28290511,28292011,FEM
28295268,28296392,NA
28295740,28295877,FEM
28304512,28306039,NA
28304513,28306010,CHI
28310821,28311680,NA
28310992,28311512,CHI
28322258,28322369,NA
28322590,28322992,NA
28323511,28326511,NA
28323621,28324048,FEM
28323986,28326512,CHI
28332511,28335311,NA
28332966,28333511,CHI
28333424,28333993,OCH
28333982,28334723,FEM
28334193,28334493,OCH
28339323,28342495,FEM
28339337,28342614,NA
28347281,28348010,NA
28347467,28347992,FEM
28347516,28347897,MAL
28358493,28358836,NA
28363449,28364109,NA
28365660,28370258,NA
28366053,28367594,CHI
28367763,28370218,FEM
28372893,28375628,FEM
28372906,28377992,NA
28376011,28377992,FEM
28379492,28391315,NA
28379752,28381021,CHI
28381737,28386992,FEM
28387294,28391109,FEM
28394970,28399492,FEM
28394992,28399493,NA
28406960,28407993,FEM
28406992,28407844,NA
28409226,28422027,NA
28409233,28413651,FEM
28414172,28421992,FEM
28430892,28431493,NA
28433241,28437708,NA
28433447,28437492,FEM
28438012,28442018,NA
28438099,28441776,FEM
28442686,28446992,NA
28442759,28446745,OCH
28445492,28446602,FEM
28447617,28455376,FEM
28447624,28455427,NA
28450055,28450435,MAL
28462492,28472192,FEM
28462492,28472229,NA
28483620,28484678,FEM
28483849,28486252,NA
28490376,28492195,FEM
28490383,28492222,NA
28495228,28516011,NA
28495252,28516001,FEM
28517511,28522376,FEM
28517705,28522923,NA
28529133,28529314,NA
28529471,28534512,NA
28529493,28532622,FEM
28532993,28534230,FEM
28537036,28537750,NA
28539366,28543826,NA
28539422,28541363,FEM
28540040,28540217,CHI
28541489,28541612,FEM
28541811,28543627,FEM
28544219,28547317,NA
28544316,28546493,FEM
28547677,28548322,NA
28558994,28562193,FEM
28559010,28562491,NA
28563422,28573706,NA
28563492,28573307,FEM
28570123,28571144,OCH
28573852,28576701,NA
28574201,28576531,FEM
28575840,28576120,CHI
28578992,28580992,CHI
28578992,28586010,NA
28581491,28582807,OCH
28583493,28584993,FEM
28584978,28585623,CHI
28587502,28589233,NA
28589426,28589993,NA
28589598,28589993,OCH
28590511,28592492,NA
28590631,28591178,OCH
28591093,28591294,FEM
28593002,28604215,NA
28593346,28594991,CHI
28594011,28594529,FEM
28595012,28595231,OCH
28595330,28595511,FEM
28595511,28597136,OCH
28596508,28598492,CHI
28597254,28598417,OCH
28598981,28600972,OCH
28599512,28600492,CHI
28602293,28604011,OCH
28604328,28605214,NA
28604672,28604787,OCH
28605334,28610511,NA
28605565,28606491,OCH
28605567,28608491,FEM
28607626,28608011,OCH
28608491,28610011,CHI
28611711,28620899,NA
28611833,28611993,FEM
28611979,28612511,OCH
28612724,28613011,OCH
28613309,28613491,OCH
28613508,28614011,CHI
28613748,28613993,OCH
28614801,28615235,OCH
28615511,28616510,FEM
28616779,28618011,CHI
28617415,28618041,OCH
28618498,28618603,OCH
28619011,28620018,CHI
28623839,28633510,NA
28623896,28625963,FEM
28626011,28629011,CHI
28626623,28627644,OCH
28629430,28633510,FEM
28635815,28645959,NA
28635876,28636804,FEM
28636991,28637992,FEM
28639477,28640506,CHI
28639541,28640633,OCH
28641425,28642078,OCH
28642012,28643234,CHI
28643993,28645719,CHI
28667137,28669511,NA
28667253,28669492,CHI
28708484,28709242,NA
28709345,28709993,NA
28717011,28718130,NA
28717208,28718011,CHI
28722742,28723466,NA
28723013,28723121,CHI
28744855,28745653,NA
28745771,28749016,NA
28745992,28748916,CHI
28749492,28750942,CHI
28749511,28753993,NA
28751635,28751811,CHI
28752037,28753512,CHI
28755511,28757371,NA
28755511,28757394,CHI
28761991,28765570,NA
28761991,28765587,CHI
28772992,28773859,CHI
28772992,28774131,NA
28784511,28786011,NA
28784653,28786008,CHI
28790134,28792049,CHI
28790139,28792053,NA
28793335,28794186,NA
28793397,28794043,CHI
28797049,28797663,CHI
28797061,28797657,NA
28798500,28798898,NA
28798529,28798780,CHI
28799209,28799327,NA
28799481,28800195,NA
28799493,28800094,CHI
28802090,28804378,NA
28802107,28804307,CHI
28804950,28807512,NA
28805011,28805144,CHI
28805738,28807491,CHI
28810510,28814506,NA
28810617,28814098,CHI
28820306,28822231,NA
28820492,28822171,CHI
28820632,28821012,OCH
28831012,28833434,CHI
28831012,28833444,NA
28836047,28836992,NA
28836484,28836816,FEM
28938934,28939307,MAL
28938980,28939316,NA
29013803,29015232,NA
29013809,29015113,CHI
32047010,32047145,NA
32047321,32051391,NA
32047491,32051318,CHI
32047512,32048511,FEM
32056398,32058492,CHI
32056400,32058562,NA
32060360,32065227,NA
32060917,32062567,CHI
32062799,32065153,CHI
32288687,32288790,NA
32417992,32418621,CHI
32418011,32418679,NA
32423875,32424820,NA
32423920,32424426,FEM
32435017,32436011,NA
32435044,32435800,CHI
32493167,32493499,NA
32498862,32500658,NA
32498992,32499777,CHI
32502116,32502671,NA
32511480,32513709,CHI
32511491,32520992,NA
32514011,32520992,CHI
32523976,32524511,NA
32524252,32524409,CHI
32535020,32535660,NA
32535186,32535512,FEM
32537079,32537518,NA
32537094,32537511,CHI
32541991,32543397,CHI
32541991,32543461,NA
32544511,32547997,NA
32544781,32547915,CHI
32554234,32555975,NA
32554502,32555948,FEM
32954443,32955115,NA
32954492,32954991,CHI
33360884,33361078,NA
33368492,33370011,CHI
33368492,33370011,NA
33412569,33413011,NA
33589492,33590908,NA
33589623,33590391,CHI
33590087,33590770,FEM
33782162,33789992,NA
33782299,33789780,CHI
33792059,33793941,NA
33792184,33793510,CHI
33802993,33832993,NA
33803011,33807237,CHI
33807664,33808361,CHI
33808484,33810792,FEM
33809493,33813511,CHI
33812981,33813992,FEM
33813845,33815197,CHI
33814955,33816884,FEM
33817011,33818992,FEM
33818156,33818338,CHI
33818516,33824011,CHI
33820283,33821992,FEM
33824186,33824969,CHI
33824993,33826156,FEM
33825774,33825890,OCH
33826047,33826282,CHI
33826272,33826512,FEM
33826493,33828493,OCH
33827718,33832971,CHI
33834540,33854010,NA
33834913,33836158,CHI
33835781,33836011,OCH
33836366,33836493,OCH
33836716,33838493,FEM
33837029,33846992,CHI
33847646,33849016,CHI
33847855,33848012,FEM
33848302,33848493,FEM
33849429,33849859,FEM
33850013,33853891,CHI
33851512,33853012,FEM
33853511,33853710,FEM
33855099,33859654,NA
33855254,33859009,CHI
33855719,33856011,OCH
33857502,33858511,OCH
33860695,33874045,NA
33860832,33865493,CHI
33862565,33862992,FEM
33865012,33867012,FEM
33866821,33872511,CHI
33867334,33868512,OCH
33872011,33872531,OCH
33872992,33874018,OCH
33874431,33875042,NA
33875207,33897107,NA
33875400,33875881,CHI
33875493,33875849,OCH
33876640,33876993,CHI
33876667,33880511,OCH
33879011,33879526,CHI
33879612,33880873,FEM
33881335,33885393,OCH
33881993,33882531,CHI
33885905,33889511,OCH
33886492,33893821,CHI
33889749,33889855,OCH
33893569,33897087,FEM
33898827,33900457,NA
33898859,33900010,FEM
33899700,33899909,CHI
33901863,33908848,NA
33901991,33902511,OCH
33903011,33903796,FEM
33903969,33904516,CHI
33904151,33904968,OCH
33904511,33908492,FEM
33904690,33904992,CHI
33905159,33905324,OCH
33908102,33908406,MAL
33909492,33913991,MAL
33909511,33916212,NA
33913995,33915912,FEM
33916492,33926085,NA
33916511,33920701,FEM
33920556,33922794,MAL
33922992,33924992,FEM
33924012,33926169,MAL
33927010,33927142,NA
33927925,33928992,NA
33927992,33928812,FEM
33940011,33941646,MAL
33940296,33944439,NA
33941734,33941901,OCH
33941761,33944262,FEM
33942110,33942512,CHI
33944883,33955339,NA
33945109,33945284,FEM
33945414,33946297,OCH
33945524,33946518,CHI
33946309,33948535,MAL
33948492,33953230,FEM
33948821,33948988,MAL
33952811,33955347,MAL
33953389,33953492,FEM
33954172,33954815,FEM
33956170,33956786,FEM
33956179,33957774,NA
33961501,33966992,NA
33961992,33963011,FEM
33963450,33964771,OCH
33965011,33966493,FEM
33973595,33974491,NA
33973763,33973967,OCH
33984630,33985479,NA
33986010,33986663,NA
33987102,33988742,MAL
33987695,33994511,NA
33988607,33992510,FEM
33992011,33995011,MAL
33996291,33997027,MAL
33997492,33997792,MAL
33997951,34000816,MAL
33997992,34030512,NA
34001019,34001129,OCH
34001068,34001481,CHI
34001399,34001526,OCH
34001652,34002233,OCH
34003186,34003329,FEM
34003409,34005586,MAL
34004991,34009125,FEM
34008992,34030511,CHI
34013010,34013302,FEM
34018491,34019856,OCH
34024013,34024369,FEM
34034011,34036716,CHI
34034011,34037492,NA
34035576,34035880,OCH
34035992,34036129,OCH
34039511,34053492,NA
34039673,34053111,CHI
34053819,34053991,NA
34054165,34083593,NA
34054788,34055622,CHI
34057493,34062491,FEM
34058080,34058306,CHI
34062512,34062738,CHI
34062986,34067087,CHI
34066648,34075511,MAL
34067191,34067491,CHI
34074992,34077010,FEM
34077341,34077511,FEM
34077491,34079496,CHI
34079019,34080442,MAL
34079614,34079844,FEM
34080699,34082992,FEM
34082492,34083650,MAL
34085597,34085837,MAL
34085939,34092492,MAL
34086012,34092754,NA
34089127,34089512,CHI
34092087,34092521,FEM
34093992,34095413,MAL
34099999,34112991,NA
34100188,34101261,CHI
34100818,34100938,FEM
34101992,34104444,FEM
34102283,34102489,MAL
34104012,34106511,CHI
34105104,34105384,OCH
34106144,34109011,MAL
34109223,34112510,CHI
34111405,34111511,FEM
34111760,34111927,FEM
34112011,34112121,MAL
34113012,34115579,MAL
34113690,34121753,NA
34115359,34121512,CHI
34134208,34134505,NA
34136011,34141065,NA
34136130,34137991,CHI
34137820,34139091,OCH
34138511,34140992,CHI
34141370,34144011,NA
34141510,34144907,MAL
34151524,34156011,MAL
34152492,34155511,NA
34186092,34188301,NA
34186492,34188201,FEM
34186523,34187303,MAL
34267330,34268012,NA
34267355,34267991,CHI
34274011,34274117,NA
34274350,34275889,NA
34274492,34275493,CHI
34296141,34297562,NA
34296272,34297492,CHI
34296426,34297012,OCH
34298515,34299084,CHI
34298525,34299092,NA
34300992,34302992,MAL
34301011,34303294,NA
34301745,34302012,CHI
34305024,34306830,CHI
34305118,34306831,NA
34317511,34320491,NA
34317555,34320260,CHI
34321136,34322722,NA
34321143,34322493,CHI
34323953,34326439,NA
34324012,34326315,CHI
34324579,34324891,OCH
34332992,34333765,CHI
34332992,34333836,NA
34363145,34366991,MAL
34365048,34366491,NA
34397511,34401821,MAL
34398191,34400493,NA
34401178,34401433,NA
34417011,34420688,NA
34417492,34418879,FEM
34417590,34417727,MAL
34418010,34421426,MAL
34422492,34424488,MAL
34422992,34423515,NA
34428011,34430492,MAL
34428760,34429710,NA
34432012,34437493,MAL
34432992,34437012,NA
34443510,34448011,MAL
34444420,34447726,NA
34488825,34489993,NA
34488965,34489551,OCH
34489074,34489425,CHI
34492821,34494011,NA
34492973,34493511,CHI
34492993,34493511,OCH
34621439,34624493,NA
34621476,34624011,CHI
34626182,34627578,NA
34626268,34627513,CHI
34631803,34632816,NA
34631918,34632559,CHI
34633560,34635992,NA
34633992,34635831,CHI
34690953,34692511,CHI
34690992,34692511,NA
34701202,34703070,NA
34701212,34703011,CHI
34708325,34709511,CHI
34708328,34709769,NA
34715599,34715872,NA
34716696,34718372,NA
34716806,34718065,CHI
34719992,34720530,CHI
34719992,34720837,NA
34721215,34722511,NA
34721224,34722493,CHI
34736534,34736676,NA
34746214,34746347,CHI
34747129,34749409,CHI
34747157,34749417,NA
34880510,34882203,NA
34880765,34882128,CHI
34909211,34922019,NA
34909491,34914564,CHI
34914437,34915011,MAL
34914512,34915187,FEM
34915011,34916773,CHI
34917421,34918511,MAL
34917514,34918511,FEM
34918511,34922011,CHI
34986603,34987118,NA
34986607,34987041,CHI
34988360,34991219,NA
34988424,34991132,CHI
35032792,35033286,CHI
35032792,35033492,NA
35043492,35050846,MAL
35043992,35044888,NA
35045011,35050011,NA
35078596,35080638,CHI
35078633,35080715,NA
35086053,35088989,MAL
35086934,35088122,NA
35089774,35090991,MAL
35090012,35090461,NA
35099055,35101991,MAL
35099511,35101796,NA
35124395,35126012,NA
35124484,35125893,CHI
35124703,35124993,OCH
35127506,35128338,NA
35129012,35129992,NA
35129131,35129492,OCH
35136492,35137920,OCH
35136492,35138011,NA
35137010,35137675,CHI
35163290,35165492,NA
35163374,35164010,CHI
35164463,35164993,CHI
35167596,35169491,CHI
35167603,35169491,NA
35178492,35180534,NA
35178496,35180511,CHI
35181123,35185475,NA
35181257,35185447,CHI
35186493,35194510,CHI
35186493,35194510,NA
35206113,35209510,NA
35206164,35209510,CHI
35224787,35225840,NA
35224838,35225650,CHI
35225177,35225511,OCH
35227975,35232126,NA
35227992,35230235,CHI
35228915,35232108,OCH
35231159,35231510,CHI
35260110,35261711,CHI
35260118,35261726,NA
35263011,35267493,NA
35263013,35267493,CHI
35268011,35273504,NA
35268991,35269781,CHI
35269511,35274012,MAL
35284918,35286781,CHI
35284964,35286927,NA
35313513,35313623,NA
35313992,35315879,OCH
35313992,35316412,NA
35314471,35316010,CHI
35324227,35325012,NA
35324270,35325011,OCH
35331010,35333290,NA
35352492,35354723,NA
35352575,35354470,CHI
35352774,35353511,OCH
35354031,35354259,OCH
35355012,35356485,CHI
35355012,35358492,NA
35356510,35358992,MAL
35360012,35363512,MAL
35360828,35363120,NA
35386492,35387511,NA
35386580,35387511,OCH
35388838,35390904,NA
35388843,35390529,CHI
35396440,35397380,MAL
35396450,35400864,NA
35397149,35397888,FEM
35398510,35400761,FEM
35399087,35399303,MAL
35422010,35422491,NA
35443511,35452757,MAL
35444010,35446290,NA
35446992,35454992,NA
35447667,35448511,FEM
35452664,35454512,FEM
35455992,35456512,NA
35458364,35463011,NA
35458493,35459047,CHI
35461228,35462492,FEM
35461407,35463753,MAL
35465492,35466010,NA
35470140,35470263,NA
35473493,35486011,MAL
35473992,35482819,NA
35484011,35485709,NA
35488177,35489495,NA
35488493,35489323,FEM
35488511,35488720,CHI
35499992,35503487,MAL
35500493,35503514,NA
35503746,35507482,NA
35504494,35507493,MAL
35511991,35512992,FEM
35511991,35520010,NA
35512845,35518989,MAL
35518993,35519865,FEM
35522499,35523047,NA
35524143,35524492,NA
35524194,35524481,FEM
35530010,35532202,FEM
35530010,35536328,NA
35531867,35536492,MAL
35536511,35546126,NA
35536973,35539511,FEM
35540011,35543492,MAL
35543011,35544992,FEM
35544278,35544442,MAL
35545471,35545604,MAL
35545910,35550616,MAL
35547370,35547492,NA
35548423,35550765,NA
35551011,35551880,NA
35551531,35551632,FEM
35552010,35557511,MAL
35552962,35556997,NA
35562783,35569391,MAL
35563492,35566146,NA
35566914,35568988,NA
35575511,35582511,NA
35575531,35577492,FEM
35577792,35582492,FEM
35578475,35578632,CHI
35593012,35593599,FEM
35593012,35593704,NA
35593795,35594922,FEM
35593817,35594757,NA
35595713,35596619,NA
35596010,35596552,FEM
35597492,35598825,NA
35597694,35598511,FEM
35598012,35598523,MAL
35600588,35603489,MAL
35601010,35603011,NA
35607340,35610222,NA
35607492,35609141,CHI
35609217,35609561,MAL
35609693,35610096,MAL
35612011,35616518,NA
35612325,35615052,FEM
35614502,35616507,MAL
35617401,35618474,NA
35617492,35618138,CHI
35618994,35624186,MAL
35619610,35619990,NA
35620361,35625548,NA
35624011,35625012,FEM
35624630,35624991,MAL
35628010,35628172,NA
35628382,35630355,NA
35628512,35630227,FEM
35630396,35631986,MAL
35631058,35631348,NA
35632511,35633974,NA
35632992,35633902,FEM
35634371,35636172,NA
35635992,35638722,MAL
35636326,35642123,NA
35639492,35640871,FEM
35640709,35640993,MAL
35640972,35642011,FEM
35642511,35645260,MAL
35643152,35644509,NA
35651510,35652258,NA
35651517,35652130,CHI
35653895,35660900,NA
35653993,35655027,CHI
35654011,35655010,OCH
35655010,35661011,MAL
35661050,35662511,NA
35661257,35662013,CHI
35663011,35682011,MAL
35663185,35678150,NA
35678578,35678681,NA
35678794,35681511,NA
35685492,35699827,MAL
35686011,35688878,NA
35689012,35700492,NA
35699493,35700011,CHI
35702470,35703261,NA
35702591,35703052,OCH
35702790,35702913,CHI
35717633,35723050,NA
35717672,35719491,FEM
35719512,35723989,MAL
35726776,35738214,NA
35726871,35733577,FEM
35735011,35738182,FEM
35739384,35742165,FEM
35739419,35742170,NA
35745992,35747381,FEM
35745992,35747388,NA
35748361,35750011,FEM
35748361,35750109,NA
35751694,35752970,NA
35751773,35752517,FEM
35752011,35756993,MAL
35753365,35756485,NA
35760992,35761822,FEM
35760992,35762187,NA
35762513,35764491,MAL
35763061,35766095,NA
35764492,35766011,FEM
35766848,35768505,MAL
35767190,35767990,NA
35772140,35774902,NA
35772153,35774907,FEM
35777094,35777489,MAL
35777634,35777813,NA
35777992,35778530,NA
35778059,35778216,FEM
35785260,35786011,NA
35785493,35786011,FEM
35789421,35798152,NA
35789492,35792843,FEM
35793011,35795235,FEM
35793038,35793252,MAL
35793512,35794835,MAL
35795478,35797905,FEM
35798323,35803122,NA
35798325,35800669,FEM
35801171,35802010,FEM
35802496,35802655,CHI
35804472,35811877,NA
35806104,35806811,MAL
35807113,35807471,MAL
35807511,35811758,FEM
35814860,35815528,MAL
35818991,35820601,MAL
35819510,35820421,NA
35823308,35824511,FEM
35823320,35827512,NA
35825461,35827096,FEM
35827642,35834497,NA
35828433,35828605,MAL
35828718,35831695,MAL
35831020,35832169,FEM
35832491,35833291,CHI
35834511,35839010,MAL
35835011,35838018,NA
35838425,35838796,NA
35841511,35841886,NA
35841511,35871486,MAL
35841992,35870992,NA
35857499,35858992,FEM
35872511,35875547,MAL
35873309,35876492,NA
35875511,35876463,CHI
35880492,35882596,NA
35880511,35882492,CHI
35883641,35884731,CHI
35883724,35884841,NA
35885012,35887491,MAL
35885494,35918952,NA
35887511,35890511,FEM
35889991,35893491,MAL
35893309,35894511,FEM
35894510,35900344,MAL
35899592,35901011,FEM
35900511,35908793,MAL
35908561,35911982,FEM
35912584,35916492,FEM
35913005,35913160,MAL
35913564,35914080,MAL
35916386,35919491,MAL
35919889,35931992,NA
35920103,35920267,MAL
35920382,35924100,FEM
35922766,35922941,MAL
35924455,35931510,FEM
35932282,35932512,NA
35934764,35944992,MAL
35934960,35947493,NA
35945156,35946511,FEM
35945956,35947991,MAL
35948510,35951490,MAL
35949012,35951472,NA
35951744,35951867,NA
35953126,35953551,MAL
35953369,35953862,NA
35954002,35954345,NA
35954493,35955197,NA
35955444,35956846,MAL
35955510,35955768,NA
35955902,35956160,NA
35957113,35958210,NA
35957635,35958064,MAL
35959616,35963308,MAL
35960443,35963533,NA
35964265,35967726,NA
35964447,35967792,MAL
35969326,35986245,NA
35969901,35971992,FEM
35971511,35974992,MAL
35975991,35980991,FEM
35980991,35991001,MAL
35987093,35991003,NA
35997347,35998665,NA
35997374,35998599,CHI
36000097,36005117,MAL
36000236,36005025,NA
36009185,36010555,MAL
36009429,36010394,NA
36013510,36022493,NA
36013511,36017991,FEM
36018111,36018261,FEM
36018511,36022168,FEM
36023010,36029011,NA
36023442,36024438,FEM
36024045,36024161,OCH
36024310,36025012,OCH
36024492,36025012,CHI
36025290,36025511,OCH
36025493,36026011,CHI
36034821,36038454,NA
36035540,36038677,MAL
36039011,36042492,NA
36039492,36042136,FEM
36043512,36045493,NA
36043959,36045490,FEM
36045992,36048491,MAL
36046475,36048578,NA
36049379,36052503,NA
36049587,36050191,MAL
36050329,36055491,MAL
36053623,36058510,NA
36055992,36058343,FEM
36059573,36065511,MAL
36060010,36060648,NA
36060758,36086968,NA
36065491,36067079,FEM
36067407,36067512,FEM
36067815,36067994,FEM
36067992,36072282,MAL
36069992,36070956,FEM
36072511,36083215,FEM
36072668,36072989,MAL
36074098,36074596,MAL
36083372,36083510,FEM
36083718,36085011,FEM
36085481,36087832,MAL
36087512,36087661,NA
36088215,36091251,NA
36088511,36090018,FEM
36092063,36097536,NA
36092302,36092692,MAL
36093492,36095023,MAL
36094017,36097022,FEM
36095146,36097304,MAL
36097145,36097401,FEM
36098845,36102134,NA
36098949,36105510,MAL
36102247,36106049,NA
36106150,36109869,NA
36106393,36107375,FEM
36107011,36109993,MAL
36110104,36111432,NA
36114699,36114981,MAL
36117883,36126511,MAL
36117993,36119601,NA
36120106,36126601,NA
36126719,36130838,NA
36126992,36127763,FEM
36127492,36129652,MAL
36129856,36129988,MAL
36131643,36131785,NA
36131920,36135626,NA
36131935,36135842,MAL
36138113,36138246,NA
36147492,36150668,NA
36147511,36150186,FEM
36151134,36153010,NA
36151223,36152605,FEM
36159991,36168734,NA
36161512,36163483,MAL
36163511,36165074,FEM
36166006,36167992,FEM
36168911,36169492,NA
36170963,36172284,MAL
36171201,36171321,NA
36171492,36171635,NA
36171984,36172305,NA
36173491,36175798,NA
36173665,36175511,CHI
36177992,36178512,OCH
36177992,36179739,NA
36178012,36179421,CHI
36183908,36192990,NA
36184543,36189538,CHI
36189492,36193036,MAL
36195512,36211096,NA
36195746,36197030,CHI
36195844,36197008,OCH
36196991,36207778,MAL
36207986,36209731,CHI
36210066,36210483,MAL
36212010,36212179,NA
36212511,36215024,NA
36212646,36214992,CHI
36215243,36225510,MAL
36215358,36219239,NA
36220011,36233928,NA
36225944,36229756,CHI
36229665,36229992,FEM
36229992,36232007,CHI
36232010,36234010,MAL
36237542,36238490,MAL
36237554,36245068,NA
36238504,36239117,FEM
36238968,36242260,OCH
36239311,36239512,FEM
36239697,36240407,FEM
36240347,36241535,CHI
36242534,36245011,CHI
36245259,36245883,NA
36245387,36245745,CHI
36246545,36249993,MAL
36246628,36249453,NA
36254339,36254511,NA
36261491,36262755,NA
36261748,36262492,OCH
36261756,36262539,CHI
36270492,36274010,CHI
36270492,36274137,NA
36274736,36294507,NA
36274886,36276106,CHI
36275511,36275931,OCH
36276663,36279510,CHI
36277198,36277488,OCH
36279993,36281122,OCH
36281675,36289156,CHI
36287556,36290032,FEM
36289318,36289617,OCH
36290302,36291801,CHI
36292897,36293511,CHI
36293297,36294375,FEM
36295639,36296972,NA
36295688,36296734,FEM
36312492,36328992,NA
36312492,36315010,CHI
36313491,36328959,FEM
36315304,36315427,CHI
36331011,36332511,OCH
36331322,36338458,NA
36332464,36338492,FEM
36334492,36334755,OCH
36339273,36340589,FEM
36339305,36340584,NA
36364332,36367010,NA
36364493,36366992,FEM
36368217,36370026,NA
36370163,36370394,NA
36375244,36375350,NA
36376142,36377011,NA
36377169,36377275,NA
36378011,36378219,NA
36378377,36379511,NA
36384992,36385389,OCH
36384992,36386577,NA
36387061,36390122,NA
36388322,36389512,CHI
36388992,36389971,MAL
36391861,36393081,NA
36391930,36392993,CHI
36394739,36396511,NA
36394864,36396411,CHI
36397510,36397885,MAL
36399765,36401328,NA
36400492,36401039,FEM
36402899,36403991,MAL
36404993,36410410,NA
36405011,36409987,FEM
36409524,36410727,MAL
36411925,36412355,MAL
36411992,36422294,NA
36412492,36413079,CHI
36412716,36412837,MAL
36413351,36422080,FEM
36423511,36426662,FEM
36423511,36427492,NA
36426373,36427785,MAL
36428493,36436492,NA
36428550,36428655,MAL
36428969,36429511,CHI
36431222,36431514,OCH
36431512,36432823,CHI
36431702,36431837,OCH
36432794,36436193,FEM
36439511,36439930,NA
36439511,36439992,FEM
36441011,36445039,NA
36442268,36443513,CHI
36444257,36444547,CHI
36451169,36451272,NA
36451492,36452871,NA
36452013,36452801,FEM
36456148,36457712,NA
36456158,36457511,FEM
36458512,36469511,NA
36458512,36463129,FEM
36462992,36464511,MAL
36465000,36466158,FEM
36465252,36466175,OCH
36467140,36467511,CHI
36468232,36468492,CHI
36470512,36475811,NA
36470706,36472785,CHI
36472992,36475619,FEM
36477115,36477491,MAL
36477619,36478650,MAL
36477992,36486964,NA
36479238,36486511,FEM
36487493,36489466,MAL
36487976,36489012,NA
36490578,36507439,NA
36490838,36492512,CHI
36492491,36497466,FEM
36497105,36499690,MAL
36499012,36504717,FEM
36504010,36504511,MAL
36505510,36507071,FEM
36521511,36523511,MAL
36522188,36522517,NA
36522662,36522782,NA
36525654,36536754,MAL
36526012,36551993,NA
36526950,36527554,CHI
36536817,36537884,CHI
36537269,36551991,MAL
36552389,36553381,OCH
36552511,36555424,NA
36553012,36555403,CHI
36556287,36560192,NA
36556363,36560011,CHI
36560722,36562980,NA
36560859,36562793,CHI
36564510,36575992,NA
36564703,36575992,CHI
36578274,36587012,NA
36578447,36583369,CHI
36579639,36580478,OCH
36583741,36586991,CHI
36587309,36587425,NA
36589011,36626686,NA
36589394,36599511,CHI
36594755,36595474,OCH
36598760,36599001,OCH
36599840,36600081,FEM
36600512,36620970,CHI
36608061,36608510,OCH
36621199,36623253,CHI
36623046,36625510,MAL
36625561,36626493,CHI
36625750,36626012,OCH
36627086,36627396,NA
36634493,36642770,MAL
36634992,36642550,NA
36645991,36646998,MAL
36646202,36664613,NA
36646992,36649798,CHI
36649422,36650510,FEM
36650335,36650662,OCH
36650475,36656715,CHI
36652098,36652525,FEM
36656462,36657836,FEM
36657011,36664990,MAL
36669512,36674809,MAL
36670126,36674492,NA
36675992,36702493,MAL
36676511,36705416,NA
36679500,36679954,CHI
36702011,36705244,FEM
36704325,36704986,MAL
36706011,36716121,MAL
36706510,36715909,NA
36720238,36722491,MAL
36720456,36727493,NA
36720721,36720993,FEM
36721684,36724011,FEM
36723999,36734510,MAL
36728492,36738514,NA
36734189,36735080,CHI
36735014,36735132,MAL
36735491,36736492,OCH
36735513,36735743,CHI
36735878,36738511,CHI
36740491,36742992,CHI
36740491,36748643,NA
36741021,36741510,OCH
36741695,36741948,OCH
36742508,36748848,MAL
36744315,36745511,CHI
36749012,36753151,NA
36749492,36750992,FEM
36750345,36753318,MAL
36766531,36767280,NA
36766538,36767292,FEM
36772982,36776289,MAL
36773011,36784511,NA
36775510,36779757,FEM
36779192,36785194,MAL
36781292,36781422,FEM
36781739,36781884,FEM
36788987,36791167,NA
36788992,36791014,CHI
36791677,36791977,NA
36794010,36800085,MAL
36794513,36794629,NA
36794755,36804043,NA
36799512,36802998,FEM
36800215,36800342,MAL
36804974,36805512,NA
36804976,36805511,FEM
36806511,36809511,MAL
36806851,36810852,NA
36809011,36809264,FEM
36809490,36809780,FEM
36809993,36810145,FEM
36810248,36810511,FEM
36814492,36816993,FEM
36814492,36816993,NA
36817195,36823110,NA
36818396,36823067,CHI
36825157,36831512,MAL
36825992,36831492,NA
36832877,36840084,NA
36832970,36834379,CHI
36834873,36835364,MAL
36835511,36838376,CHI
36835513,36836011,OCH
36838268,36840511,MAL
36844011,36847346,NA
36844991,36847193,CHI
36851993,36853011,NA
36852285,36853011,OCH
36861492,36866246,CHI
36861492,36866281,NA
36873492,36874535,NA
36873492,36874567,FEM
36875993,36877758,MAL
36876511,36878651,NA
36877493,36878406,FEM
36877866,36878252,MAL
36878571,36880967,MAL
36879011,36884723,NA
36880010,36881206,FEM
36881231,36882895,CHI
36882511,36884933,MAL
36886355,36891166,NA
36886367,36887864,CHI
36888510,36890511,OCH
36888586,36890435,CHI
36891511,36898492,CHI
36891511,36898511,NA
36899012,36902485,MAL
36899511,36901985,NA
36908956,36909518,MAL
36909778,36909989,MAL
36913011,36915090,NA
36913128,36915037,FEM
36916069,36917272,MAL
36916442,36916582,NA
36917492,36924011,MAL
36917993,36925666,NA
36924231,36925510,CHI
36927492,36932993,NA
36927500,36929618,CHI
36929858,36932933,CHI
36936365,36937354,NA
36938688,36945954,NA
36938705,36945511,CHI
36946010,36951202,MAL
36946643,36946776,NA
36946992,36950914,NA
36952492,36952823,NA
36955492,36956992,NA
36955718,36956808,CHI
36956345,36956512,OCH
36958607,36960075,NA
36958992,36959154,OCH
36959154,36959491,CHI
36963952,36978763,NA
36964011,36964511,CHI
36964225,36964878,MAL
36965324,36971492,CHI
36967013,36967511,FEM
36971011,36972987,MAL
36972288,36973749,CHI
36973481,36976011,MAL
36975113,36976011,FEM
36977047,36977511,CHI
36978491,36981898,MAL
36978982,36983199,NA
36981902,36983011,CHI
36984011,36995056,NA
36984011,36999393,MAL
36996011,37000493,NA
36998716,37000437,CHI
37005010,37007869,MAL
37005393,37017489,NA
37008011,37017991,MAL
37020626,37023900,MAL
37021492,37023979,NA
37024091,37024213,NA
37026011,37030677,MAL
37026511,37036493,NA
37030649,37036493,FEM
37037979,37045510,MAL
37038492,37040146,NA
37041011,37041176,NA
37041492,37045442,NA
37053492,37061492,MAL
37053982,37061299,NA
37057011,37057510,FEM
37064014,37066631,MAL
37064189,37066486,NA
37071994,37072465,NA
37072568,37073493,NA
37073059,37073253,CHI
37077753,37080510,MAL
37078012,37080218,NA
37097492,37100492,MAL
37097511,37099992,NA
37106979,37109736,FEM
37106993,37109794,NA
37112011,37127011,MAL
37112011,37120492,NA
37112759,37112978,FEM
37121510,37127116,NA
37122511,37123939,FEM
37131109,37136511,FEM
37131109,37138510,NA
37135675,37135859,CHI
37136296,37136939,CHI
37137103,37138031,FEM
37137493,37138379,OCH
37143382,37145888,NA
37143505,37145511,FEM
37146144,37153498,NA
37146492,37147287,CHI
37147702,37148504,CHI
37147808,37157206,MAL
37154747,37157511,NA
37157365,37157492,MAL
37162699,37163992,NA
37162778,37163790,CHI
37168511,37171511,MAL
37168991,37170613,NA
37172918,37175010,MAL
37173003,37175394,NA
37176494,37178492,NA
37176789,37178011,FEM
37177294,37179068,MAL
37180011,37184993,NA
37180163,37181623,CHI
37181649,37183095,FEM
37182011,37185011,MAL
37183695,37183838,FEM
37185991,37187010,CHI
37185991,37187397,NA
37188128,37188386,NA
37188511,37215990,NA
37188674,37190491,FEM
37189592,37189734,MAL
37189957,37192156,MAL
37192196,37193992,OCH
37192510,37199095,CHI
37199512,37203329,CHI
37203145,37205096,MAL
37204982,37206492,FEM
37205328,37205488,MAL
37205710,37207492,CHI
37207559,37208200,FEM
37208246,37213511,CHI
37208268,37209939,OCH
37213297,37216512,MAL
37217462,37219895,MAL
37217991,37219491,NA
37221130,37223492,NA
37221132,37223493,FEM
37225511,37227992,NA
37225511,37228012,FEM
37228911,37231309,NA
37229011,37231011,FEM
37229591,37229815,MAL
37232231,37237562,NA
37232511,37238213,MAL
37241492,37242872,CHI
37241492,37244005,NA
37242511,37243738,MAL
37248326,37251902,NA
37248476,37251512,FEM
37257011,37257968,FEM
37257092,37257246,NA
37257381,37257605,NA
37261942,37263137,CHI
37261968,37263148,NA
37265992,37267084,CHI
37265992,37267134,NA
37267282,37276656,NA
37267307,37274383,CHI
37273993,37276437,FEM
37274511,37276156,MAL
37277170,37277511,NA
37281045,37288904,NA
37281635,37288491,CHI
37288011,37288428,MAL
37290491,37291151,MAL
37290518,37293979,NA
37291595,37292489,FEM
37291602,37292127,OCH
37292790,37293831,CHI
37301511,37304491,MAL
37302454,37303991,NA
37311980,37313511,NA
37311982,37313511,FEM
37320369,37324179,MAL
37320625,37326511,NA
37323337,37323511,FEM
37324010,37326511,FEM
37331371,37332011,NA
37337512,37343491,MAL
37337726,37343492,NA
37342510,37342697,FEM
37343762,37346486,MAL
37343892,37349305,NA
37346493,37347208,CHI
37347510,37349010,FEM
37351511,37352095,NA
37351511,37352198,FEM
37356371,37357340,NA
37356496,37357066,FEM
37364809,37365715,NA
37364866,37365511,CHI
37366991,37368145,NA
37366993,37368161,CHI
37385209,37391011,MAL
37385493,37390583,NA
37393664,37397407,NA
37394492,37398010,MAL
37401492,37401642,NA
37410004,37414491,MAL
37410172,37417256,NA
37410338,37410492,FEM
37414410,37415512,CHI
37415127,37417994,MAL
37421732,37422010,NA
37425745,37429493,NA
37425753,37429493,CHI
37430627,37431990,MAL
37430993,37433150,NA
37432112,37432254,CHI
37437491,37439492,NA
37437807,37441492,CHI
37439913,37445234,NA
37441322,37445419,MAL
37448629,37450011,NA
37448696,37449886,CHI
37451511,37458992,NA
37452353,37452515,MAL
37452491,37453991,CHI
37453512,37457692,MAL
37462012,37472010,MAL
37463011,37476612,NA
37471511,37475011,FEM
37476780,37476918,NA
37491491,37501800,NA
37491518,37499983,CHI
37499605,37502011,MAL
37503992,37504949,NA
37504001,37504722,CHI
37505536,37516206,NA
37505992,37506205,OCH
37507013,37511529,MAL
37511993,37512363,FEM
37512082,37516176,CHI
37517725,37518306,NA
37517771,37517901,CHI
37518594,37519011,NA
37525503,37525815,NA
37540795,37542115,NA
37540900,37542036,CHI
37545010,37549489,MAL
37546008,37548492,NA
37549886,37551292,NA
37550009,37550301,FEM
37550250,37550383,MAL
37566421,37567553,MAL
37566641,37567210,NA
37569511,37572959,MAL
37569992,37572746,NA
37582014,37582993,CHI
37582083,37583207,NA
37615404,37617343,NA
37615467,37617295,FEM
37631513,37632478,NA
37631854,37632355,FEM
37633012,37638491,MAL
37633511,37637716,NA
37642492,37647511,NA
37642649,37643511,CHI
37642774,37643304,OCH
37643992,37647510,MAL
37668011,37668512,NA
37678119,37679260,MAL
37683510,37683989,MAL
37683642,37683745,NA
37683858,37683990,NA
37689511,37692721,MAL
37690491,37696512,NA
37693011,37694493,FEM
37694012,37697011,MAL
37698991,37703513,MAL
37699496,37703160,NA
37703647,37703865,MAL
37705033,37705492,NA
37706011,37707266,NA
37706369,37707022,FEM
37707491,37710000,MAL
37707512,37707720,NA
37707866,37712491,NA
37709511,37711511,FEM
37712058,37713173,MAL
37712837,37712943,NA
37713350,37713510,MAL
37715774,37719453,NA
37715819,37719493,FEM
37721116,37723840,NA
37721295,37721842,FEM
37721992,37723511,FEM
37723992,37727220,MAL
37724052,37726992,NA
37739993,37743012,MAL
37740463,37759147,NA
37743992,37745366,FEM
37745538,37749512,MAL
37749140,37756229,FEM
37749689,37749983,MAL
37753221,37753489,MAL
37756118,37763811,MAL
37759492,37769011,NA
37763511,37765511,FEM
37765616,37768012,MAL
37767992,37768512,FEM
37768690,37769051,MAL
37770011,37773300,MAL
37770511,37772607,NA
37774011,37776922,MAL
37774492,37777199,NA
37781011,37788073,FEM
37781011,37788747,NA
37789512,37794595,MAL
37790386,37797492,NA
37794121,37797493,FEM
37794794,37794954,MAL
37799511,37802992,MAL
37800010,37802835,NA
37820993,37821243,OCH
37821161,37825024,NA
37821350,37821741,OCH
37821698,37825512,MAL
37827336,37828295,NA
37827493,37828050,FEM
37829012,37831511,MAL
37829511,37831511,NA
37836492,37837511,FEM
37836492,37842010,NA
37837010,37841992,MAL
37846511,37849012,FEM
37846511,37849012,NA
37849992,37855510,NA
37851011,37851656,FEM
37853011,37854795,FEM
37854010,37855657,MAL
37857011,37857298,NA
37857491,37860139,FEM
37857491,37864788,NA
37858561,37860681,MAL
37860510,37864101,FEM
37864257,37864512,FEM
37865458,37867993,NA
37865510,37867992,FEM
37870691,37871491,MAL
37877774,37878969,NA
37877993,37878471,CHI
37882461,37891493,MAL
37882603,37887991,NA
37885514,37885885,CHI
37888511,37891397,NA
37898658,37910383,MAL
37898992,37909510,NA
37899510,37900511,CHI
37911011,37914217,MAL
37911491,37922559,NA
37914360,37915043,FEM
37914991,37916511,CHI
37915223,37915333,FEM
37916228,37923361,MAL
37924511,37939493,NA
37925616,37927492,MAL
37927992,37928512,CHI
37927992,37929342,FEM
37929011,37934988,MAL
37934492,37939492,FEM
37940511,37940693,NA
37941767,37947137,NA
37942012,37947012,FEM
37942344,37942452,CHI
37947675,37948011,NA
37947788,37947979,OCH
37950012,37953257,MAL
37951011,37952535,NA
37956433,37958510,FEM
37956470,37959659,NA
37958507,37958812,MAL
37959769,37960243,NA
37964504,37985431,MAL
37964764,37973632,NA
37966011,37967493,FEM
37973738,37973873,NA
37973991,37986629,NA
37985492,37985931,CHI
38000799,38003241,NA
38000991,38003510,MAL
38001493,38001992,FEM
38006947,38007730,MAL
38007178,38007456,NA
38030718,38038010,MAL
38031010,38032991,NA
38033631,38037511,NA
38039271,38046193,MAL
38039492,38045992,NA
38046559,38049011,MAL
38047178,38048992,NA
38051019,38060493,NA
38051027,38052458,FEM
38052492,38055121,MAL
38054058,38060376,CHI
38055607,38056010,OCH
38057511,38058895,OCH
38060889,38111691,NA
38061127,38062011,CHI
38061208,38061576,OCH
38061709,38064011,MAL
38063996,38068611,CHI
38068491,38070540,MAL
38070466,38076794,CHI
38072492,38073852,OCH
38076492,38077992,FEM
38077012,38079989,MAL
38080700,38100491,CHI
38091511,38093011,OCH
38100210,38102993,MAL
38103610,38109688,CHI
38110011,38112168,MAL
38113185,38115090,MAL
38113511,38150992,NA
38115854,38119492,CHI
38119010,38120490,MAL
38120011,38123028,CHI
38122572,38123011,MAL
38122745,38124163,FEM
38124385,38124491,FEM
38124493,38128011,MAL
38127993,38128992,OCH
38128011,38128991,CHI
38129992,38132157,FEM
38130392,38136374,MAL
38134135,38134245,FEM
38134363,38135011,FEM
38136012,38136839,CHI
38136925,38137230,MAL
38137198,38137492,CHI
38137336,38137488,MAL
38137470,38140492,FEM
38138492,38139992,CHI
38139512,38139991,MAL
38140512,38143769,MAL
38140907,38147510,FEM
38147009,38149375,CHI
38148511,38150944,FEM
38152011,38155027,MAL
38152492,38160069,NA
38154993,38159512,FEM
38156687,38157040,MAL
38159993,38162485,MAL
38160573,38167009,NA
38162011,38162132,FEM
38162492,38166010,FEM
38168989,38172988,MAL
38169557,38172375,NA
38172659,38172774,NA
38173012,38175580,NA
38173493,38175493,FEM
38176777,38181500,MAL
38177011,38181164,NA
38184011,38187691,MAL
38184510,38191017,NA
38187011,38190101,FEM
38190013,38190168,MAL
38190310,38190492,FEM
38191294,38193682,MAL
38191878,38193896,NA
38196762,38197633,NA
38196779,38197511,FEM
38203380,38205010,MAL
38203746,38204534,NA
38241033,38241376,NA
38243492,38246732,MAL
38243769,38246773,NA
38251968,38254012,CHI
38251985,38254498,NA
38255436,38258992,NA
38255993,38256406,FEM
38257010,38258510,CHI
38259295,38259418,NA
38262491,38265118,NA
38262993,38263648,CHI
38263511,38263803,FEM
38263992,38265011,CHI
38264311,38264512,OCH
38268413,38281474,NA
38268492,38270409,FEM
38269348,38281490,MAL
38287991,38292510,MAL
38288492,38293767,NA
38292875,38293719,CHI
38294078,38297490,MAL
38294512,38296993,NA
38302391,38304492,NA
38302511,38304990,MAL
38302752,38303012,FEM
38305438,38305563,MAL
38309250,38310991,MAL
38309510,38309972,NA
38311890,38317492,NA
38311993,38312634,FEM
38312992,38315493,CHI
38315960,38328491,MAL
38318225,38328137,NA
38332992,38333395,NA
38333010,38333339,CHI
38334738,38334937,NA
38335051,38337992,NA
38335493,38337992,MAL
38335564,38335993,CHI
38340493,38342493,CHI
38340493,38342511,NA
38353510,38356855,NA
38353593,38357012,MAL
38358993,38375993,MAL
38359391,38376111,NA
38368220,38368772,FEM
38376511,38379999,MAL
38376992,38380848,NA
38379992,38380679,CHI
38381172,38382993,NA
38381492,38382511,CHI
38381992,38382562,OCH
38383605,38384715,MAL
38383968,38386992,NA
38384783,38386555,CHI
38387474,38388358,NA
38387773,38388068,CHI
38388511,38396992,NA
38388614,38390993,CHI
38390011,38391012,OCH
38391511,38391992,OCH
38391587,38391739,CHI
38392491,38393451,CHI
38393511,38396402,MAL
38394773,38396553,FEM
38398992,38401991,MAL
38399446,38401701,NA
38404562,38406167,MAL
38404820,38405995,NA
38408514,38408622,NA
38408992,38411012,CHI
38408992,38411992,NA
38410635,38411469,MAL
38411268,38411722,CHI
38412925,38417441,NA
38413295,38415011,CHI
38415492,38417365,CHI
38419086,38419511,NA
38421511,38426511,MAL
38421992,38426071,NA
38435845,38437565,MAL
38435914,38437492,NA
38436554,38437011,FEM
38438003,38441010,MAL
38438427,38440511,NA
38442011,38444515,MAL
38442769,38444197,NA
38446831,38448989,MAL
38447695,38448493,NA
38449963,38450513,NA
38449991,38450511,CHI
38456993,38459511,MAL
38457492,38459674,NA
38460437,38465992,NA
38460509,38464556,FEM
38461358,38461483,CHI
38463201,38463564,CHI
38464597,38465797,CHI
38468856,38476511,NA
38468959,38474511,CHI
38470493,38471153,FEM
38472926,38473198,FEM
38474195,38474397,OCH
38474492,38476463,FEM
38477703,38485150,NA
38477729,38485029,FEM
38481693,38482734,CHI
38495491,38496394,NA
38495512,38497107,OCH
38501011,38505520,MAL
38501511,38508781,NA
38505375,38507493,FEM
38507084,38509117,MAL
38517512,38525911,NA
38517653,38522511,FEM
38519118,38519236,MAL
38519339,38519786,MAL
38522915,38523750,CHI
38523627,38525492,FEM
38532490,38534056,FEM
38532491,38534099,NA
38534511,38538831,MAL
38535279,38537488,NA
38537967,38538318,NA
38541012,38541204,NA
38541471,38545595,NA
38541548,38542510,CHI
38542125,38545510,FEM
38543735,38543904,MAL
38552372,38553493,OCH
38554512,38555882,NA
38555011,38555764,OCH
38557790,38558274,MAL
38558872,38574186,NA
38558990,38565195,OCH
38565013,38588491,MAL
38574510,38581881,NA
38582907,38588493,NA
38589510,38595492,MAL
38590012,38598492,NA
38595012,38597138,FEM
38597492,38598003,FEM
38599011,38601510,MAL
38599511,38601011,NA
38603974,38605574,NA
38604099,38604511,CHI
38611934,38616990,MAL
38612012,38617491,NA
38615915,38616607,FEM
38645689,38647010,NA
38645821,38646992,CHI
38654871,38658492,NA
38654921,38658257,CHI
38655173,38658011,OCH
38659013,38661511,CHI
38659069,38661634,NA
38665337,38666299,NA
38665649,38666012,OCH
38669685,38683259,NA
38669775,38678511,CHI
38672139,38672782,FEM
38678804,38678991,CHI
38679263,38679641,OCH
38679891,38679992,OCH
38679908,38683156,CHI
38680397,38680510,OCH
38687119,38687372,NA
38687505,38689923,NA
38687659,38689492,CHI
38691078,38691512,NA
38695992,38699011,NA
38696010,38698462,CHI
38698514,38698870,OCH
38700109,38704360,NA
38700165,38702371,CHI
38702215,38702328,FEM
38702848,38704184,CHI
38705011,38706872,OCH
38705011,38706889,NA
38709394,38713512,NA
38709487,38712227,OCH
38712011,38712188,CHI
38712320,38713511,CHI
38715337,38717963,NA
38715450,38717956,CHI
38715766,38715926,OCH
38719897,38722992,NA
38719974,38722515,CHI
38724006,38724151,NA
38725987,38731993,NA
38725995,38731186,CHI
38731011,38731342,OCH
38735923,38737011,NA
38735962,38737012,CHI
38746077,38746992,NA
38746100,38746915,CHI
38748745,38749511,NA
38750820,38754919,NA
38750992,38751324,OCH
38751009,38754511,CHI
38751580,38751880,OCH
38752390,38752512,OCH
38764587,38765670,NA
38764621,38765635,CHI
38770729,38772492,NA
38770773,38772493,CHI
38777722,38782676,NA
38777886,38782802,CHI
38785859,38786510,NA
38790814,38792731,NA
38790893,38792665,CHI
38797512,38800361,NA
38797685,38800255,CHI
38802491,38803011,FEM
38802517,38803011,NA
38807827,38809238,NA
38807937,38808637,OCH
38807989,38808586,CHI
38813858,38816372,NA
38813864,38816291,CHI
38829871,38831042,NA
38830011,38830372,CHI
38837777,38843385,NA
38837917,38841228,CHI
38838477,38840011,OCH
38841010,38841346,OCH
38842279,38843197,CHI
38844554,38846496,NA
38844649,38846158,OCH
38847259,38847510,NA
38847288,38847511,CHI
38852219,38853620,CHI
38852276,38853734,NA
38853879,38856238,NA
38854654,38855948,OCH
38855182,38855688,FEM
38860562,38863493,NA
38860616,38863441,CHI
38864779,38864992,NA
38864809,38864917,OCH
38866223,38868142,NA
38866492,38866993,CHI
38866993,38867844,FEM
38874797,38876510,CHI
38874865,38876561,NA
38876934,38877366,NA
38877057,38877312,CHI
38878512,38880610,NA
38878626,38880511,CHI
38882163,38883243,NA
38882168,38883235,CHI
38897012,38897598,NA
38897013,38897538,CHI
38903664,38906492,NA
38903993,38906447,CHI
38907383,38908011,NA
38907390,38908014,CHI
38910162,38913027,NA
38910476,38910601,OCH
38911514,38911661,CHI
38911868,38912958,CHI
38921254,38922015,NA
38921312,38921984,CHI
38932753,38936012,NA
38932834,38934316,CHI
38934999,38936011,CHI
38950531,38951999,NA
38952782,38954372,NA
38952851,38954010,CHI
38965992,38966999,NA
38965992,38967011,CHI
38967512,38969993,NA
38967571,38969763,CHI
38985597,38987857,NA
38985992,38987511,FEM
38989399,38992025,NA
38989434,38992011,MAL
39006291,39007128,NA
39006380,39007011,CHI
39008059,39009492,NA
39008083,39009345,CHI
39010012,39013492,NA
39010012,39015512,CHI
39013750,39015512,NA
39020252,39022012,CHI
39020300,39022492,NA
39023232,39024103,NA
39023362,39023637,OCH
39024210,39027492,NA
39024492,39024991,OCH
39024492,39027398,CHI
39029983,39031492,NA
39029992,39031320,CHI
39032373,39032493,NA
39032930,39036170,NA
39033041,39035317,CHI
39035203,39035311,OCH
39035491,39036011,OCH
39036406,39036511,NA
39036826,39037935,NA
39037277,39037493,OCH
39048458,39049528,NA
39048490,39049511,CHI
39139365,39139976,OCH
39139492,39139941,NA
39202010,39207511,NA
39202188,39207512,CHI
39211325,39212491,NA
39211386,39212476,CHI
39216648,39221660,NA
39216732,39221511,CHI
39226891,39230538,NA
39226992,39230516,CHI
39235106,39237992,CHI
39235124,39238102,NA
39246733,39246912,MAL
39247122,39252007,MAL
39247809,39251489,NA
39259370,39263992,MAL
39259510,39263511,NA
39261491,39261992,CHI
39270380,39270797,MAL
39270602,39271208,NA
39271492,39275873,NA
39272011,39273761,FEM
39272452,39273034,MAL
39273874,39275545,FEM
39286991,39287939,MAL
39287012,39287842,NA
39289011,39299011,NA
39290343,39291011,FEM
39290599,39299492,MAL
39295216,39295511,FEM
39298159,39298510,FEM
39299727,39304012,MAL
39300010,39303510,NA
39317375,39319992,NA
39317511,39319492,CHI
39321784,39328510,MAL
39321872,39328492,NA
39323483,39323601,FEM
39331492,39339992,FEM
39331492,39340151,NA
39336543,39337772,MAL
39341106,39347021,NA
39341199,39347922,MAL
39341233,39341361,FEM
39358270,39360786,MAL
39358511,39360492,NA
39361992,39363990,MAL
39362352,39363714,NA
39366513,39366623,NA
39367375,39370713,NA
39367429,39369992,CHI
39369090,39369800,OCH
39371511,39375669,CHI
39371511,39379491,NA
39375411,39377296,MAL
39377166,39379491,CHI
39384873,39385791,CHI
39384902,39385795,NA
39391010,39391236,NA
39393812,39397322,CHI
39393820,39397465,NA
39398888,39399993,NA
39398942,39399992,CHI
39404922,39408101,NA
39406363,39407011,CHI
39407027,39407989,MAL
39408387,39409190,NA
39408491,39408823,OCH
39412992,39414511,MAL
39413123,39414102,NA
39416492,39419995,CHI
39416492,39420783,NA
39419676,39420992,MAL
39420314,39420457,CHI
39423993,39425346,NA
39424011,39425010,FEM
39427012,39428011,MAL
39427012,39428013,NA
39428542,39428792,MAL
39428898,39429011,MAL
39431991,39432939,CHI
39431991,39432958,NA
39433981,39435056,CHI
39433991,39435319,NA
39438510,39443011,CHI
39438584,39444139,NA
39443461,39444090,FEM
39452101,39453358,MAL
39464457,39464759,NA
39469985,39472116,MAL
39470353,39471819,NA
39472264,39472367,MAL
39484010,39489835,NA
39484241,39484982,CHI
39484511,39490011,MAL
39485705,39486012,FEM
39495992,39508383,CHI
39495992,39512356,NA
39508511,39512306,CHI
39513376,39530761,CHI
39513391,39534491,NA
39516776,39517142,OCH
39530012,39530986,FEM
39531011,39534492,CHI
39535651,39541964,NA
39535751,39541870,CHI
39542511,39558428,CHI
39542511,39558453,NA
39549011,39549715,FEM
39561323,39562012,NA
39561392,39561913,CHI
39566492,39581492,CHI
39566492,39581528,NA
39568058,39569492,FEM
39572992,39574511,FEM
39577012,39577240,FEM
39582982,39590874,NA
39582992,39590795,CHI
39594992,39599919,CHI
39594992,39599926,NA
39602010,39606011,NA
39602042,39606011,CHI
39609992,39618240,CHI
39609992,39618262,NA
39620932,39624992,NA
39621052,39621666,FEM
39621349,39624849,CHI
39629211,39635846,NA
39629453,39635812,CHI
39639233,39751016,NA
39639329,39656567,CHI
39655972,39657011,FEM
39657511,39664011,CHI
39664358,39711323,CHI
39664733,39664949,FEM
39678257,39678932,FEM
39693763,39694592,FEM
39697012,39697535,FEM
39697992,39699511,FEM
39701463,39702011,FEM
39702204,39702493,FEM
39702818,39703022,FEM
39706511,39706992,FEM
39710868,39711992,FEM
39712214,39712423,FEM
39712513,39726200,CHI
39727127,39732993,CHI
39732010,39735510,FEM
39733333,39733510,CHI
39733649,39734012,CHI
39734186,39734338,CHI
39735492,39741685,CHI
39741492,39743011,FEM
39742647,39744993,CHI
39744010,39744558,FEM
39745618,39745966,MAL
39746157,39748307,FEM
39747512,39750011,CHI
39748426,39749010,FEM
39749329,39750011,OCH
39751633,39764779,NA
39752048,39758729,CHI
39755909,39757003,OCH
39757085,39757453,FEM
39758324,39763759,FEM
39758916,39760684,CHI
39762060,39764011,CHI
39763492,39764324,OCH
39765330,39773769,NA
39765382,39766992,FEM
39766987,39770011,CHI
39767060,39770011,OCH
39770011,39770818,FEM
39770408,39773012,CHI
39770992,39771746,OCH
39772964,39773489,FEM
39773926,39789011,NA
39774011,39775577,CHI
39775511,39777509,FEM
39778511,39781493,FEM
39780691,39783992,CHI
39784817,39785011,FEM
39784986,39788493,CHI
39786491,39789203,OCH
39789294,39798626,NA
39789347,39789474,OCH
39790248,39794288,CHI
39794144,39795000,FEM
39795103,39796011,CHI
39796491,39798540,FEM
39799277,39800084,NA
39799321,39800075,FEM
39805815,39818027,NA
39805913,39807960,CHI
39807492,39807681,OCH
39807978,39809495,OCH
39809683,39810824,OCH
39811011,39811190,FEM
39811301,39812492,CHI
39811508,39816496,FEM
39815992,39818010,CHI
39818512,39823512,NA
39818613,39821855,CHI
39821623,39823449,FEM
39825248,39827253,NA
39825331,39826468,OCH
39825992,39826510,CHI
39827471,39840512,NA
39827992,39828351,OCH
39828220,39828623,CHI
39828503,39829807,FEM
39829732,39833861,CHI
39833512,39834433,FEM
39834327,39838554,CHI
39838098,39838473,FEM
39839470,39840508,FEM
39843044,39845992,NA
39843107,39844511,OCH
39844523,39844850,CHI
39844978,39845727,FEM
39863657,39865262,NA
39863678,39865025,FEM
39865898,39867947,NA
39865978,39867530,FEM
39867204,39867334,OCH
39913012,39914158,NA
39913071,39913279,FEM
39913285,39913899,CHI
39916906,39918082,NA
39916908,39918093,CHI
39918390,39919510,CHI
39918398,39919535,NA
39920511,39926011,CHI
39920511,39928012,NA
39926015,39926528,FEM
39927014,39928011,OCH
39929632,39934801,NA
39930492,39932547,FEM
39931993,39932673,OCH
39932217,39932826,CHI
39932668,39934511,FEM
39933174,39933650,CHI
39937258,39945562,NA
39937523,39945512,CHI
39938329,39939011,OCH
39948992,39949718,CHI
39948992,39949991,NA
39949340,39949669,OCH
39952629,39961510,NA
39953085,39954654,CHI
39954992,39955598,FEM
39955285,39955390,OCH
39955764,39955992,OCH
39955778,39956423,FEM
39956993,39960368,OCH
39959447,39960512,CHI
39962012,39963337,FEM
39962012,39964643,NA
39963313,39964511,CHI
39968002,39969426,OCH
39973114,39974511,NA
39973115,39974497,FEM
39976335,39977481,NA
39976637,39976942,OCH
39993261,39993666,NA
40001992,40003951,NA
40002117,40003843,FEM
40016774,40017495,NA
40016992,40017390,FEM
40019484,40020491,NA
40022203,40023104,NA
40022512,40023275,OCH
40034793,40036492,NA
40034820,40036349,OCH
40035016,40035510,CHI
40036724,40038811,NA
40036874,40038838,OCH
40037492,40038020,CHI
40047170,40050179,NA
40047510,40047902,FEM
40048054,40048179,FEM
40048597,40050180,CHI
40055492,40057024,NA
40055502,40057011,CHI
40060271,40062573,NA
40060494,40061010,OCH
40061491,40062574,FEM
40064475,40065042,NA
40064483,40065011,FEM
40070309,40072992,FEM
40070309,40072992,NA
40077647,40082180,NA
40077673,40080493,FEM
40081233,40081387,FEM
40081492,40082106,FEM
40097703,40108491,NA
40097781,40108510,FEM
40111843,40113492,NA
40111851,40113012,CHI
40113898,40118510,NA
40113993,40118993,FEM
40118770,40118876,NA
40121333,40122130,FEM
40121492,40122030,NA
40133455,40134601,NA
40133492,40134650,FEM
40140920,40141759,FEM
40140954,40141686,NA
40145510,40148801,FEM
40145515,40148703,NA
40151492,40152169,NA
40151492,40152170,FEM
40155082,40160966,FEM
40155122,40161011,NA
40159238,40160893,MAL
40162993,40167510,FEM
40162993,40168390,NA
40166992,40168389,MAL
40168729,40169011,MAL
40169260,40169375,MAL
40169655,40171130,NA
40169942,40171057,FEM
40171957,40172492,NA
40171992,40172468,FEM
40176511,40179054,FEM
40176511,40179061,NA
40180209,40188493,FEM
40180330,40188607,NA
40188798,40188979,NA
40189632,40189742,MAL
40193007,40196881,FEM
40193010,40196992,NA
40198375,40199651,NA
40198410,40199100,MAL
40198493,40199512,FEM
40203427,40203994,NA
40206437,40210011,NA
40206488,40207011,OCH
40206512,40210012,FEM
40215992,40223807,FEM
40215992,40225800,NA
40224092,40224970,MAL
40224992,40225755,FEM
40226473,40227992,FEM
40226487,40227992,NA
40234362,40235088,CHI
40234398,40235039,NA
40236980,40239528,NA
40236991,40237512,FEM
40237697,40238888,CHI
40239011,40239510,FEM
40243898,40245265,NA
40243993,40245011,CHI
40243993,40245124,OCH
40255404,40259130,NA
40255451,40259012,FEM
40257992,40258627,OCH
40261992,40268754,NA
40262010,40268503,FEM
40265189,40265677,CHI
40269407,40270993,NA
40269455,40270992,FEM
40318012,40320012,NA
40318030,40319866,FEM
40325992,40329440,NA
40326010,40329010,FEM
40327991,40329041,MAL
40332193,40334039,NA
40332271,40334136,FEM
40337654,40340362,FEM
40337742,40340493,NA
40341491,40343104,CHI
40341491,40345387,NA
40343223,40345137,FEM
40346689,40348010,FEM
40346770,40348010,NA
40351723,40353083,FEM
40351834,40353169,NA
40353512,40358510,NA
40353633,40358010,FEM
40357511,40357798,MAL
40357923,40358131,MAL
40358117,40358382,FEM
40358265,40358430,MAL
40360483,40361722,NA
40360493,40361642,OCH
40360694,40360842,CHI
40361129,40361510,FEM
40371261,40373993,FEM
40371279,40378635,NA
40373512,40373684,MAL
40373937,40374452,MAL
40375010,40378537,FEM
40379011,40382567,NA
40379070,40382550,FEM
40387915,40390014,NA
40387950,40389992,FEM
40392010,40394467,NA
40392511,40392643,FEM
40392785,40394493,FEM
40399417,40399922,NA
40399489,40399918,FEM
40402839,40406992,FEM
40402851,40436992,NA
40408011,40437009,FEM
40475563,40476010,NA
40475634,40476002,FEM
40492437,40494373,NA
40492676,40492787,FEM
40492975,40494337,FEM
40497280,40497511,NA
40497312,40497493,FEM
40508924,40510336,NA
40508959,40509551,FEM
40509438,40510211,CHI
40510771,40511498,NA
40510803,40511510,FEM
40514884,40515387,FEM
40517420,40519128,FEM
40517430,40519111,NA
40519523,40519992,NA
40522170,40522536,NA
40522174,40522555,FEM
40533990,40534511,NA
40541283,40541796,NA
40541521,40541740,FEM
40546403,40547601,FEM
40546492,40547511,NA
40549992,40554493,FEM
40549992,40554493,NA
40559992,40569618,FEM
40560131,40569689,NA
40567873,40568391,MAL
40568852,40569011,MAL
40572492,40583194,NA
40572492,40580492,FEM
40579491,40580807,MAL
40580757,40583185,FEM
40587011,40600251,FEM
40587011,40617840,NA
40600698,40600993,FEM
40600843,40601265,CHI
40601307,40603492,FEM
40603106,40604912,MAL
40604011,40613836,FEM
40613511,40617492,MAL
40614991,40616898,FEM
40618790,40619332,NA
40618996,40619153,FEM
40619782,40654011,NA
40619786,40635826,FEM
40636011,40653993,FEM
40655879,40657020,MAL
40655993,40681066,NA
40657012,40672004,FEM
40671602,40672512,MAL
40672123,40681011,FEM
40678011,40680407,MAL
40680515,40680630,MAL
40681720,40689376,NA
40681725,40683991,FEM
40683305,40684491,MAL
40684472,40689391,FEM
40691992,40694010,FEM
40691992,40694493,NA
40692883,40693975,MAL
40695951,40697887,MAL
40696113,40699993,NA
40697993,40699981,FEM
40706462,40707014,NA
40706493,40706998,FEM
40711493,40718012,FEM
40711493,40718123,NA
40717011,40717214,MAL
40730705,40731841,FEM
40730732,40731994,NA
40732279,40734361,NA
40732328,40734316,FEM
40732735,40733231,MAL
40735884,40737106,NA
40735924,40737046,FEM
40740511,40742274,NA
40740513,40742293,FEM
40746512,40748083,FEM
40746512,40748125,NA
40757173,40765771,NA
40757214,40765662,FEM
40769669,40777907,FEM
40769686,40871511,NA
40776460,40779012,MAL
40778011,40786492,FEM
40786991,40787879,CHI
40787869,40788492,FEM
40788971,40790034,CHI
40789913,40791425,MAL
40790532,40790711,FEM
40790952,40805999,FEM
40798716,40798821,MAL
40805014,40805144,MAL
40805411,40807559,MAL
40806988,40835186,FEM
40835416,40865492,FEM
40838713,40839557,MAL
40839658,40839835,MAL
40841574,40842993,OCH
40864993,40867011,MAL
40866073,40871492,FEM
40873778,40875114,NA
40874558,40874993,FEM
40876928,40887991,FEM
40876940,40905511,NA
40888511,40895011,FEM
40892972,40896511,MAL
40895511,40905374,FEM
40898039,40898152,MAL
40898491,40898680,MAL
40899065,40899457,MAL
40906340,40907201,NA
40906644,40906936,FEM
40907636,40910512,NA
40907739,40909992,FEM
40909369,40910911,MAL
40914398,40927493,FEM
40914401,40947511,NA
40927012,40929363,MAL
40929011,40940498,FEM
40933099,40933222,CHI
40939992,40940093,MAL
40940753,40941322,MAL
40940836,40941437,FEM
40941734,40947512,FEM
40949317,40950993,NA
40949329,40950564,FEM
40954010,40986354,NA
40955455,40990511,FEM
40986511,41022391,NA
40990489,40991491,MAL
40991010,41022384,FEM
41008766,41009834,MAL
41023417,41030418,NA
41023493,41030341,FEM
41023562,41024043,CHI
41031190,41032285,NA
41031266,41032263,FEM
41032454,41035588,NA
41032460,41035492,FEM
41035192,41035511,MAL
41036510,41037328,NA
41036527,41038120,MAL
41037629,41079695,NA
41037727,41075611,FEM
41060042,41060460,MAL
41071126,41072284,MAL
41073122,41073255,MAL
41075733,41079569,FEM
41076735,41078387,MAL
41078510,41078807,MAL
41078991,41079491,MAL
41082476,41099511,NA
41082483,41097993,FEM
41092993,41094630,MAL
41098288,41099508,FEM
41101992,41109395,NA
41102492,41109311,FEM
41106101,41108011,MAL
41114184,41121882,NA
41114218,41121564,FEM
41119370,41120786,MAL
41122510,41139010,FEM
41122510,41140175,NA
41128496,41129694,MAL
41130043,41130433,MAL
41137286,41140334,MAL
41142511,41144290,FEM
41142511,41144337,NA
41144510,41152011,NA
41144671,41151753,FEM
41150970,41151714,MAL
41151844,41152011,MAL
41152570,41153577,MAL
41152607,41300832,NA
41153012,41164006,FEM
41155013,41156991,MAL
41162405,41165508,MAL
41164445,41172877,FEM
41173010,41222147,FEM
41181980,41183512,MAL
41187013,41187705,MAL
41207992,41208490,MAL
41220937,41221599,MAL
41221712,41221877,MAL
41222370,41226710,FEM
41224992,41225367,MAL
41225492,41226103,MAL
41226329,41228511,MAL
41227898,41236111,FEM
41232203,41232304,OCH
41235100,41237010,OCH
41236511,41237091,FEM
41237345,41250889,FEM
41249071,41253011,MAL
41251847,41295671,FEM
41254014,41254139,MAL
41290865,41291847,MAL
41296056,41298491,FEM
41297489,41300012,MAL
41305822,41309001,NA
41305844,41307012,CHI
41307560,41308993,FEM
41309860,41311585,NA
41309877,41311517,FEM
41316348,41320616,NA
41316364,41318208,FEM
41317094,41317609,MAL
41318480,41320512,FEM
41322511,41324492,FEM
41322511,41324955,NA
41323628,41324403,MAL
41326072,41327012,NA
41326111,41326796,FEM
41328649,41330667,NA
41328667,41330233,CHI
41331011,41332992,NA
41331111,41332981,FEM
41335512,41338652,FEM
41335512,41338865,NA
41343634,41348511,NA
41343991,41344993,MAL
41344111,41344609,FEM
41345011,41348511,FEM
41350510,41353215,FEM
41350510,41353392,NA
41352444,41353384,MAL
41358209,41358992,NA
41361511,41365492,NA
41361648,41365308,FEM
41371012,41373072,NA
41371022,41373028,FEM
41374316,41375298,NA
41374324,41375294,FEM
41383238,41385381,NA
41383292,41385398,FEM
41388992,41401144,FEM
41388992,41401328,NA
41402011,41416962,NA
41402011,41408511,FEM
41408709,41409511,FEM
41409107,41409259,MAL
41410511,41415012,FEM
41412355,41412460,MAL
41413100,41413265,MAL
41415253,41415493,FEM
41415486,41416107,MAL
41416630,41416757,MAL
41418191,41418493,NA
41418255,41418493,FEM
41419510,41420298,NA
41419510,41420362,FEM
41424014,41425808,FEM
41424053,41425847,NA
41436515,41437045,FEM
41436530,41437021,NA
41443512,41449405,FEM
41443512,41449405,NA
41447511,41447978,MAL
41491244,41493532,FEM
41491253,41493513,NA
41508290,41515632,NA
41508327,41515597,FEM
41523457,41524265,NA
41523513,41523955,MAL
41523531,41524031,FEM
41528012,41531493,NA
41528307,41529993,FEM
41530460,41531525,MAL
41541491,41543492,FEM
41541491,41544832,NA
41542889,41544826,MAL
41546954,41574217,NA
41546993,41553875,FEM
41554321,41565492,FEM
41557492,41557779,MAL
41563493,41563672,MAL
41565180,41567095,MAL
41567261,41567868,CHI
41567595,41572511,FEM
41572011,41574434,MAL
41574992,41595178,NA
41575012,41586511,FEM
41582599,41584011,MAL
41587182,41591365,CHI
41591492,41593210,FEM
41593014,41594570,CHI
41595491,41597037,MAL
41595512,41597248,NA
41599011,41599467,NA
41600007,41601374,NA
41600071,41601404,FEM
41602186,41606992,NA
41602290,41605511,FEM
41603883,41604435,MAL
41606202,41606511,CHI
41606276,41606511,OCH
41609960,41611712,NA
41609992,41611519,FEM
41612010,41614492,NA
41612036,41613511,FEM
41613613,41614988,MAL
41618510,41618635,NA
41619493,41628492,NA
41619506,41628011,FEM
41628362,41628475,FEM
41630492,41632993,NA
41630564,41632992,FEM
41636511,41641511,FEM
41636511,41641511,NA
41643511,41645511,FEM
41643511,41645992,NA
41646511,41646622,MAL
41647510,41647623,NA
41647947,41649358,NA
41648003,41649034,FEM
41648477,41648774,MAL
41694259,41694826,NA
41694276,41694748,FEM
41698155,41698879,NA
41698194,41698844,FEM
41701492,41701965,NA
41701510,41701820,FEM
41704617,41758386,NA
41704659,41707011,CHI
41707207,41727622,FEM
41727493,41728465,MAL
41728483,41731036,OCH
41730010,41731510,CHI
41731151,41731510,OCH
41731212,41731438,FEM
41731666,41741265,FEM
41741239,41742378,CHI
41742621,41758370,FEM
41753991,41755943,MAL
41758975,41760511,NA
41759992,41760400,FEM
41762991,41763666,NA
41762999,41763504,FEM
41763463,41763574,MAL
41778242,41778767,NA
41778491,41778670,FEM
41781329,41783934,MAL
41781511,41781631,NA
41782011,41783486,NA
41784614,41786161,FEM
41784614,41786217,NA
41789010,41792743,NA
41789115,41792510,FEM
41790882,41791798,MAL
41792134,41792254,OCH
41794260,41796493,NA
41794321,41796462,FEM
41797011,41806993,NA
41797335,41799492,FEM
41797699,41798320,MAL
41798670,41800265,MAL
41799792,41806758,FEM
41807991,41824991,FEM
41807991,41836019,NA
41812608,41813857,OCH
41818012,41819365,MAL
41824733,41825025,MAL
41825513,41836036,FEM
41838945,41840992,FEM
41838960,41840553,NA
41842087,41848010,FEM
41842157,41844493,NA
41844605,41848010,NA
41852037,41852380,NA
41853495,41858174,NA
41853891,41854033,OCH
41854371,41858492,FEM
41863993,41865512,NA
41864011,41865491,FEM
41866959,41876510,NA
41866991,41873992,FEM
41874511,41876512,FEM
41876782,41876991,FEM
41877992,41895301,FEM
41877996,41895234,NA
41887748,41889314,OCH
41895591,41897071,NA
41895645,41897010,FEM
41902010,41904992,NA
41902051,41902515,FEM
41902728,41904626,MAL
41903268,41903992,FEM
41904721,41904858,FEM
41906994,41907520,NA
41908941,41913011,NA
41908992,41913012,FEM
41916493,41917511,MAL
41916732,41921511,NA
41917110,41921511,FEM
41923715,41925511,NA
41923730,41925510,MAL
41924552,41925011,FEM
41937527,41938011,NA
41940011,41942686,NA
41940492,41942633,FEM
41940647,41940819,OCH
41943968,41946391,NA
41944137,41944491,FEM
41944244,41945692,CHI
41948467,41954525,NA
41948493,41954504,FEM
41955425,41961100,NA
41955465,41961040,FEM
41962011,41966282,FEM
41962011,41966442,NA
41964492,41965888,MAL
41966029,41966203,MAL
41972558,41996445,NA
41972992,41986133,FEM
41973540,41974510,MAL
41982587,41984288,MAL
41986929,41995145,FEM
41994587,41995363,MAL
41995368,41995493,FEM
41997493,41997992,NA
42005491,42007796,NA
42005544,42007512,FEM
42006723,42007061,OCH
42008119,42009007,NA
42009492,42012742,NA
42009989,42012014,FEM
42011492,42011595,CHI
42019994,42021511,FEM
42019995,42021510,NA
42025492,42026493,FEM
42025492,42026712,NA
42027010,42032715,NA
42027066,42027297,FEM
42027491,42032010,FEM
42031972,42032713,MAL
42035480,42041012,NA
42035487,42040742,FEM
42045991,42046398,NA
42046638,42050680,NA
42047492,42047716,FEM
42047907,42050437,FEM
42049511,42049742,MAL
42051003,42066773,NA
42051118,42059120,FEM
42057336,42057473,MAL
42059940,42065492,FEM
42064491,42064626,MAL
42065104,42065771,MAL
42065762,42065885,FEM
42065929,42066172,MAL
42066493,42066682,FEM
42069311,42069601,NA
42090011,42091175,NA
42090011,42091201,FEM
42096216,42098010,FEM
42096218,42098010,NA
42098847,42099645,FEM
42098852,42099643,NA
42161182,42161530,OCH
42161194,42161992,NA
42166577,42168992,NA
42167299,42167422,CHI
42167372,42168850,OCH
42167756,42168011,CHI
42172491,42172668,NA
42175607,42176945,FEM
42175677,42176759,NA
42184503,42189701,NA
42184511,42189511,FEM
42188345,42188490,MAL
42188700,42189021,MAL
42190234,42192062,NA
42190360,42192010,FEM
42192291,42202934,NA
42192323,42193216,FEM
42193882,42202510,FEM
42201255,42203376,MAL
42205988,42207105,NA
42205992,42207040,FEM
42207887,42224718,NA
42207981,42217991,FEM
42217897,42219991,MAL
42219510,42224510,FEM
42223692,42224097,MAL
42224301,42224510,MAL
42234002,42234819,NA
42234004,42234790,FEM
42238010,42239293,NA
42238010,42239306,FEM
42242087,42242330,NA
42245643,42249492,NA
42245683,42249492,FEM
42252011,42253044,NA
42252492,42252993,CHI
42254475,42293554,NA
42254492,42268581,FEM
42270010,42272492,FEM
42271511,42273835,MAL
42273492,42286405,FEM
42275898,42276308,MAL
42277822,42278843,OCH
42287992,42290400,FEM
42290512,42293492,FEM
42294108,42294960,NA
42297010,42298510,NA
42297512,42298371,FEM
42297537,42297849,MAL
42298050,42298345,MAL
42303269,42305510,NA
42303492,42304960,OCH
42303492,42305380,FEM
42323492,42324660,NA
42323492,42324695,FEM
42333492,42333909,NA
42336442,42337233,FEM
42336444,42337257,NA
42338293,42355055,NA
42338322,42342456,FEM
42339993,42342011,MAL
42342885,42354993,FEM
42347780,42348448,MAL
42353660,42355012,MAL
42360973,42363992,FEM
42360992,42364463,NA
42363010,42364463,MAL
42365012,42367629,NA
42365435,42365751,MAL
42365481,42367511,FEM
42365854,42366011,MAL
42368010,42369822,NA
42368171,42369511,MAL
42369011,42369617,FEM
42370155,42371405,NA
42370427,42371392,FEM
42371512,42373898,FEM
42371512,42373907,NA
42374872,42377481,NA
42374890,42377440,FEM
42375992,42376679,MAL
42378139,42380571,FEM
42378174,42380861,NA
42383316,42390512,NA
42383351,42383569,FEM
42384011,42390493,FEM
42388169,42388306,MAL
42400461,42405112,NA
42402300,42404924,FEM
42404646,42404778,MAL
42408510,42413574,FEM
42408510,42413640,NA
42410491,42410673,MAL
42412012,42412255,MAL
42417511,42419629,FEM
42417537,42426511,NA
42418213,42418839,MAL
42419924,42421991,FEM
42421151,42423510,MAL
42423224,42426376,FEM
42425011,42426027,MAL
42430829,42434511,NA
42430865,42434512,FEM
42441992,42443416,CHI
42441992,42443492,NA
42444010,42445169,NA
42444037,42445011,FEM
42449511,42452332,FEM
42449511,42452726,NA
42450991,42451372,MAL
42451493,42452215,MAL
42453492,42460991,FEM
42453492,42460991,NA
42462166,42464512,NA
42462178,42464492,FEM
42467183,42470511,NA
42467198,42470372,FEM
42472882,42475229,NA
42472944,42475047,FEM
42476511,42477851,CHI
42476511,42477880,NA
42491773,42495416,NA
42491788,42492510,FEM
42492485,42493498,CHI
42494191,42495202,FEM
42499011,42500592,FEM
42499011,42500656,NA
42504991,42507510,FEM
42504991,42507510,NA
42509698,42515240,NA
42509797,42510391,CHI
42510192,42510889,FEM
42510992,42515162,FEM
42515493,42515631,FEM
42515493,42525011,NA
42515901,42518233,FEM
42519276,42520034,FEM
42519992,42520837,CHI
42520530,42520684,FEM
42520820,42525010,FEM
42531186,42534011,FEM
42531218,42545992,NA
42535660,42537511,OCH
42537805,42544992,FEM
42543730,42544165,MAL
42544610,42545304,MAL
42547493,42550014,NA
42547513,42550078,MAL
42547825,42549011,FEM
42550186,42551457,MAL
42550191,42551107,NA
42553011,42565878,NA
42553026,42556992,MAL
42556511,42562883,FEM
42561690,42562849,MAL
42563011,42565492,FEM
42566511,42568492,NA
42566833,42568382,FEM
42569599,42570546,NA
42569673,42570392,FEM
42571070,42574518,NA
42571168,42571637,FEM
42573020,42573963,CHI
42575510,42599992,NA
42575897,42578470,FEM
42578163,42578511,CHI
42578779,42586302,FEM
42579623,42579734,OCH
42580767,42580905,MAL
42581163,42581514,MAL
42585684,42585843,MAL
42586992,42588766,FEM
42588580,42589539,MAL
42588872,42588992,FEM
42590421,42599512,FEM
42595094,42596999,MAL
42598643,42599708,MAL
42601950,42604993,FEM
42601979,42604993,NA
42606992,42618813,FEM
42606992,42618992,NA
42622492,42625492,NA
42622507,42625312,FEM
42625864,42627011,NA
42625911,42626908,MAL
42627261,42651510,NA
42627365,42627853,FEM
42628452,42632281,FEM
42632992,42636089,FEM
42636491,42639196,CHI
42638891,42640727,FEM
42641169,42642816,FEM
42645493,42651492,FEM
42653382,42654745,MAL
42653480,42677005,NA
42654492,42661195,FEM
42660010,42662011,MAL
42662121,42662869,FEM
42663097,42667874,FEM
42666497,42669086,MAL
42668011,42669272,FEM
42669869,42676562,FEM
42672511,42673832,MAL
42680993,42694206,NA
42680993,42688356,FEM
42688485,42690665,FEM
42691011,42692513,FEM
42691912,42693650,MAL
42693826,42693983,MAL
42694911,42695748,NA
42695269,42695439,FEM
42701992,42724097,FEM
42702010,42724243,NA
42713544,42713664,MAL
42715586,42715728,MAL
42715893,42716020,MAL
42724992,42725748,MAL
42728511,42739436,NA
42729545,42730991,FEM
42730511,42732396,MAL
42733011,42737491,FEM
42735698,42735872,MAL
42737510,42743992,MAL
42740511,42743869,NA
42744993,42745491,MAL
42745992,42751168,MAL
42746952,42748415,NA
42748518,42748650,NA
42749502,42761487,NA
42751010,42752510,FEM
42752035,42761492,MAL
42762511,42766033,FEM
42762511,42766122,NA
42768992,42769510,MAL
42769607,42775041,NA
42770055,42775055,FEM
42771993,42772271,MAL
42777992,42781510,FEM
42777997,42781510,NA
42786993,42791789,NA
42787253,42791772,FEM
42798075,42802493,NA
42798314,42801161,FEM
42801507,42802844,MAL
42818492,42819012,NA
42818500,42818993,CHI
42829511,42831992,MAL
42830429,42831981,NA
42832113,42832520,NA
42836511,42840993,MAL
42837058,42840889,NA
42847010,42849492,MAL
42847512,42849011,NA
42854513,42856992,MAL
42854908,42858983,NA
42857210,42857315,FEM
42857492,42858915,FEM
42859493,42860011,NA
42875492,42876896,MAL
42876010,42881693,NA
42877438,42877791,FEM
42878152,42878824,MAL
42878339,42881017,FEM
42883493,42883906,MAL
42884063,42884836,MAL
42885229,42886353,NA
42885708,42886010,FEM
42886992,42889032,MAL
42893493,42895511,FEM
42893493,42895535,NA
42897418,42899775,NA
42897446,42898578,FEM
42899102,42899662,FEM
42901010,42905917,NA
42901228,42906012,MAL
42906380,42911831,NA
42906470,42907039,FEM
42907293,42910896,FEM
42910941,42911830,MAL
42912512,42913688,NA
42912850,42913511,FEM
42918225,42925014,NA
42918387,42918532,MAL
42918512,42925012,FEM
42926011,42928522,MAL
42926657,42929511,NA
42928010,42929492,FEM
42932511,42934011,FEM
42932511,42939011,NA
42933691,42939493,MAL
42940893,42941512,NA
42940945,42941510,CHI
42998639,43000220,NA
42998695,43000143,CHI
43020988,43022708,MAL
43021493,43022192,NA
43023012,43024011,NA
43023111,43023840,FEM
43031491,43034493,NA
43031507,43034502,FEM
43038493,43041993,NA
43038511,43041987,FEM
43039492,43040434,MAL
43043933,43046282,NA
43043992,43046051,FEM
43048608,43048794,NA
43049985,43052808,NA
43049991,43050899,FEM
43050580,43053010,MAL
43054379,43058773,MAL
43055992,43058511,NA
43061993,43065444,NA
43062011,43065010,FEM
43064610,43065010,MAL
43075010,43081510,FEM
43075010,43081991,NA
43076510,43077776,CHI
43077896,43078044,CHI
43081701,43081858,FEM
43083993,43084511,MAL
43086492,43087511,NA
43086495,43087492,FEM
43089575,43091688,MAL
43089773,43090840,NA
43090993,43092493,NA
43105598,43106698,NA
43105726,43106492,CHI
43129420,43132328,NA
43130492,43132266,CHI
43133985,43134511,MAL
43133992,43134512,NA
43147991,43153241,NA
43148044,43152362,FEM
43152492,43153192,FEM
43153511,43154621,FEM
43153528,43156835,NA
43154593,43157490,MAL
43163751,43166512,NA
43163992,43166491,FEM
43167934,43172885,NA
43167992,43170788,FEM
43169841,43171863,MAL
43170970,43172492,FEM
43174011,43179011,FEM
43174011,43179492,NA
43182511,43184684,MAL
43182755,43193710,NA
43184510,43189282,FEM
43189664,43192992,FEM
43192011,43193707,MAL
43195273,43198992,NA
43195464,43195631,FEM
43195609,43199011,MAL
43206011,43211511,NA
43206073,43211011,FEM
43208864,43211432,MAL
43212040,43213991,MAL
43213011,43213510,NA
43215004,43215949,MAL
43215034,43216141,NA
43220993,43222171,NA
43220993,43224088,MAL
43223498,43224382,NA
43225010,43226515,NA
43225010,43226556,MAL
43241010,43243481,MAL
43241808,43243011,NA
43244511,43248011,MAL
43245065,43247490,NA
43250011,43252011,FEM
43250011,43253089,NA
43251513,43253094,MAL
43252115,43252512,FEM
43253666,43254981,MAL
43254010,43263511,NA
43255510,43258821,FEM
43258511,43264485,MAL
43266280,43273238,FEM
43266332,43273492,NA
43275097,43307202,NA
43275101,43275984,MAL
43276012,43284011,FEM
43279809,43282725,MAL
43283001,43288492,MAL
43288260,43298992,FEM
43292288,43293014,MAL
43297991,43300151,MAL
43299147,43306992,FEM
43308707,43310511,NA
43308876,43310482,MAL
43319510,43324559,FEM
43319510,43324572,NA
43330012,43334636,FEM
43330012,43334686,NA
43336011,43336991,NA
43336031,43336922,FEM
43340493,43343644,FEM
43340510,43343762,NA
43345010,43347492,FEM
43345010,43347654,NA
43348011,43348161,NA
43348292,43392665,NA
43348341,43392393,FEM
43359767,43360982,MAL
43381005,43382600,MAL
43385730,43385894,MAL
43386121,43388202,MAL
43389872,43390620,MAL
43392837,43407510,NA
43392993,43394076,CHI
43394570,43403492,FEM
43395818,43395946,CHI
43396118,43396363,CHI
43399550,43401518,MAL
43401773,43401878,MAL
43402502,43407845,MAL
43405237,43405418,FEM
43413297,43415226,FEM
43413308,43415247,NA
43417510,43421060,FEM
43417510,43421511,NA
43419512,43420094,MAL
43425492,43425991,NA
43431992,43432991,NA
43432111,43432511,CHI
43440872,43442384,NA
43440881,43442282,CHI
43444011,43446731,NA
43444148,43446512,CHI
43447011,43449011,NA
43447511,43449011,CHI
43472327,43473010,NA
43480876,43481511,NA
43481011,43481261,CHI
43481774,43481992,NA
43483210,43485054,NA
43483466,43483992,FEM
43483492,43485011,CHI
43498991,43499992,FEM
43498991,43500505,NA
43501043,43502493,NA
43501094,43502493,FEM
43509972,43510657,NA
43509992,43510491,FEM
43552991,43556383,FEM
43552991,43556493,NA
43561010,43563516,FEM
43561010,43565511,NA
43563992,43565804,MAL
43566793,43567510,MAL
43568148,43569046,NA
43568261,43569078,FEM
43572511,43575511,NA
43572698,43575012,FEM
43577305,43578729,NA
43577494,43578512,CHI
43581991,43582938,NA
43583511,43588023,NA
43584124,43585545,FEM
43587312,43588530,MAL
43591836,43604863,NA
43591907,43594526,CHI
43593512,43597425,FEM
43594802,43595992,CHI
43596340,43603664,CHI
43597899,43600012,FEM
43600336,43600493,FEM
43607992,43632992,NA
43609165,43609315,MAL
43609634,43609762,MAL
43610493,43610679,FEM
43611198,43612492,FEM
43611907,43612012,MAL
43611991,43613402,OCH
43612185,43614757,MAL
43615010,43618992,FEM
43615398,43616370,OCH
43619423,43622992,FEM
43621991,43623206,OCH
43622992,43623249,CHI
43623409,43629012,FEM
43623993,43625011,CHI
43629011,43631372,CHI
43629511,43631495,OCH
43631673,43632011,OCH
43633296,43654461,NA
43633510,43641188,FEM
43636862,43637282,OCH
43642150,43643230,CHI
43643240,43654339,FEM
43646513,43648231,CHI
43648338,43648492,CHI
43655988,43658512,NA
43655993,43658511,FEM
43664493,43665884,FEM
43664493,43669515,NA
43665293,43669493,CHI
43666493,43667001,OCH
43670644,43673506,NA
43670662,43673492,FEM
43674856,43679088,NA
43675030,43675492,CHI
43675492,43677811,OCH
43677159,43679020,CHI
43679771,43688836,NA
43679804,43680312,FEM
43680301,43682481,OCH
43681493,43683769,CHI
43683011,43688637,FEM
43683864,43684045,OCH
43686618,43687511,CHI
43689512,43698511,NA
43689812,43693570,CHI
43694147,43694385,FEM
43694149,43698393,CHI
43694512,43694779,FEM
43695462,43696010,FEM
43700511,43700761,NA
43700992,43709514,NA
43701010,43703992,CHI
43704016,43704161,FEM
43704390,43705011,OCH
43704993,43707015,FEM
43705781,43706156,CHI
43706512,43708739,CHI
43707144,43707245,FEM
43710411,43719167,NA
43710415,43711719,FEM
43711302,43716511,CHI
43717011,43719114,FEM
43719914,43732861,NA
43720052,43720427,OCH
43720304,43722424,CHI
43720700,43721512,OCH
43723010,43724492,FEM
43723996,43732587,CHI
43733847,43738601,NA
43733866,43734992,FEM
43734512,43737992,CHI
43739144,43749217,NA
43739151,43739787,FEM
43739511,43743949,CHI
43744492,43745010,FEM
43745513,43745624,CHI
43745991,43747493,CHI
43746855,43748570,OCH
43749784,43750867,FEM
43749786,43752493,NA
43750626,43752011,OCH
43753249,43755515,NA
43753535,43755511,CHI
43759018,43768292,NA
43759148,43764222,FEM
43763507,43766011,CHI
43766585,43768045,OCH
43768708,43771632,NA
43768985,43770492,OCH
43769992,43770382,FEM
43770934,43771511,FEM
43773991,43792010,NA
43773991,43776392,FEM
43776253,43779993,CHI
43778038,43778706,OCH
43778968,43779977,OCH
43779962,43781862,FEM
43781688,43784233,CHI
43784012,43785364,FEM
43784511,43789050,CHI
43788484,43788992,FEM
43789108,43789977,FEM
43790011,43791992,CHI
43792959,43800175,NA
43793198,43793362,FEM
43793492,43793635,FEM
43793830,43794512,CHI
43793981,43798348,OCH
43795136,43795637,FEM
43796087,43796521,FEM
43798934,43800011,CHI
43800991,43804511,NA
43801271,43801408,FEM
43802011,43804230,OCH
43808511,43810325,NA
43809491,43809687,CHI
43811935,43813771,NA
43811980,43812491,CHI
43812610,43812851,FEM
43813011,43813662,OCH
43813064,43813511,CHI
43816493,43820443,NA
43816742,43817825,FEM
43817011,43817510,OCH
43818013,43820116,OCH
43823012,43824689,FEM
43823012,43824696,NA
43826761,43828710,FEM
43826954,43828920,NA
43829306,43830865,NA
43829513,43830763,CHI
43840599,43841041,MAL
43845238,43855724,NA
43845260,43845493,FEM
43846594,43852342,FEM
43852492,43853511,OCH
43853010,43854338,CHI
43853511,43855487,FEM
43856534,43857992,NA
43856691,43856993,FEM
43858456,43867493,NA
43859342,43861804,OCH
43862177,43865511,OCH
43864511,43866993,CHI
43866660,43866768,OCH
43867906,43869761,NA
43868032,43868224,CHI
43868493,43869511,CHI
43871699,43873491,NA
43871993,43873491,FEM
43874970,43903060,NA
43874997,43876492,CHI
43875486,43875992,OCH
43876492,43879163,FEM
43879114,43880295,CHI
43880869,43882511,FEM
43882098,43886401,OCH
43882543,43884593,CHI
43884718,43884907,CHI
43885862,43885987,FEM
43887304,43887993,CHI
43887320,43888510,FEM
43888697,43888992,FEM
43888993,43890492,OCH
43888993,43894012,CHI
43893510,43895992,OCH
43894352,43894492,CHI
43896178,43899492,CHI
43899992,43900200,OCH
43900851,43902971,CHI
43901058,43901178,OCH
43904143,43910010,NA
43904153,43905162,FEM
43905313,43908901,OCH
43905993,43907011,CHI
43909449,43909992,FEM
43911992,43913600,NA
43912675,43913024,OCH
43913951,43918511,NA
43915492,43915862,FEM
43917532,43918185,OCH
43919609,43924648,NA
43920492,43922092,FEM
43920860,43924012,OCH
43922485,43922991,FEM
43923139,43923347,CHI
43923511,43923665,CHI
43926776,43933492,FEM
43926815,43938992,NA
43929714,43929849,OCH
43933992,43937993,CHI
43940900,43941992,NA
43940991,43941492,FEM
43942510,43947492,NA
43943496,43943992,FEM
43944010,43945780,CHI
43944557,43946012,OCH
43945711,43945878,FEM
43948011,43952046,NA
43948511,43949156,CHI
43950408,43952011,CHI
43954706,43956525,NA
43954969,43956511,FEM
43954993,43955913,CHI
43956817,43979011,NA
43957004,43958992,OCH
43958128,43959291,FEM
43959891,43960495,OCH
43960340,43961887,FEM
43960511,43960951,CHI
43961813,43962010,OCH
43961992,43968577,FEM
43962230,43963492,OCH
43969460,43970967,CHI
43970568,43972768,FEM
43972949,43974993,CHI
43974654,43975483,FEM
43975013,43975511,OCH
43975751,43976202,FEM
43976567,43976705,OCH
43982205,43989056,NA
43982231,43985932,FEM
43986704,43987151,CHI
43986736,43986863,FEM
43987011,43989011,FEM
43992511,43994293,NA
43992524,43994247,FEM
43998959,44000992,NA
43998972,44000572,FEM
44001711,44009492,NA
44001829,44002464,CHI
44002511,44005992,FEM
44006011,44009313,CHI
44006072,44007154,OCH
44007352,44008511,OCH
44011812,44015894,NA
44012001,44012138,FEM
44012511,44015867,FEM
44018492,44021256,FEM
44018492,44021678,NA
44020795,44020955,OCH
44021014,44021208,CHI
44022511,44025209,NA
44022597,44024374,FEM
44023971,44024940,OCH
44024492,44024833,CHI
44025366,44028123,NA
44025491,44026011,OCH
44025491,44027511,CHI
44028252,44028419,NA
44028927,44036676,NA
44028993,44036560,FEM
44035512,44035963,CHI
44038510,44049992,NA
44038635,44042356,OCH
44039859,44040740,CHI
44041011,44043547,FEM
44042511,44048510,OCH
44044369,44044831,CHI
44044943,44045993,CHI
44047992,44048362,FEM
44048801,44049511,FEM
44050573,44053992,NA
44052491,44053392,FEM
44053553,44053669,FEM
44054295,44069818,NA
44054493,44062492,FEM
44061511,44063266,OCH
44063011,44066492,FEM
44066791,44067252,OCH
44067510,44068992,FEM
44067788,44067992,OCH
44068511,44070156,OCH
44070337,44070745,OCH
44073777,44079511,NA
44073833,44077011,FEM
44077724,44079511,OCH
44077753,44078760,CHI
44080691,44083511,NA
44080757,44083511,FEM
44088511,44091515,NA
44088514,44091010,FEM
44094684,44100612,NA
44094760,44100492,FEM
44098364,44099760,OCH
44104510,44106414,NA
44104510,44106422,FEM
44110511,44138448,NA
44110732,44111181,OCH
44111010,44111121,CHI
44112011,44115492,FEM
44113621,44115688,OCH
44115438,44116567,CHI
44116760,44121112,FEM
44116871,44117492,CHI
44120057,44120973,OCH
44121512,44137992,FEM
44136871,44138370,MAL
44139816,44148362,NA
44140493,44142013,FEM
44140734,44147403,OCH
44142076,44142319,CHI
44142511,44143961,CHI
44147555,44148321,OCH
44149511,44156592,NA
44149512,44153545,FEM
44153767,44156511,FEM
44154539,44154991,CHI
44158492,44162012,NA
44158510,44158621,FEM
44158767,44161845,FEM
44163011,44165819,NA
44163981,44165515,OCH
44164511,44165512,CHI
44166298,44170048,NA
44166678,44166848,OCH
44166838,44167721,FEM
44168510,44168712,FEM
44174012,44178376,FEM
44174012,44178492,NA
44179395,44179992,NA
44201202,44203028,NA
44201492,44202665,FEM
44203860,44208139,NA
44203992,44207512,FEM
44206992,44207652,OCH
44208350,44214268,NA
44208408,44214112,FEM
44214373,44218492,NA
44214512,44218493,FEM
44222266,44230493,FEM
44222328,44234842,NA
44230030,44230251,MAL
44230352,44230830,MAL
44231206,44232207,OCH
44231493,44234554,FEM
44235627,44244993,FEM
44235720,44245224,NA
44246456,44252931,NA
44246488,44252548,FEM
44253312,44273513,NA
44253591,44259745,FEM
44254640,44254864,MAL
44260012,44261993,FEM
44261726,44262713,OCH
44262494,44262869,FEM
44262992,44273444,FEM
44266012,44267510,MAL
44272492,44273030,OCH
44280143,44281010,MAL
44280403,44281010,NA
44282543,44284470,MAL
44282926,44284156,NA
44285122,44294022,NA
44285441,44294137,FEM
44297012,44307993,NA
44297337,44301492,FEM
44297547,44298990,MAL
44301011,44304011,MAL
44303510,44305992,FEM
44306399,44307511,CHI
44306492,44306784,MAL
44309012,44312492,NA
44309074,44310512,FEM
44309687,44312991,MAL
44313510,44314126,NA
44314482,44317511,NA
44314516,44315512,FEM
44315012,44317456,MAL
44318991,44320491,MAL
44319511,44326511,NA
44320728,44321492,CHI
44321776,44326511,MAL
44327512,44341726,NA
44327993,44330072,MAL
44328200,44331860,FEM
44332199,44333011,MAL
44332876,44338635,FEM
44336757,44340989,MAL
44340929,44341565,FEM
44343492,44353789,NA
44343492,44347993,FEM
44348934,44352992,FEM
44352779,44353851,MAL
44354717,44355515,MAL
44354758,44356893,NA
44355511,44356512,FEM
44358325,44359491,NA
44358519,44358883,MAL
44358992,44359711,MAL
44359842,44359955,MAL
44360151,44361489,MAL
44360492,44361250,NA
44364011,44365015,FEM
44364011,44365018,NA
44368300,44369112,MAL
44368992,44370263,NA
44369269,44370018,CHI
44373012,44375012,NA
44373251,44373403,MAL
44373493,44375025,FEM
44376343,44376491,FEM
44378493,44379229,NA
44378510,44379011,CHI
44382011,44385011,NA
44382072,44383422,CHI
44383201,44385025,FEM
44390465,44391417,NA
44390486,44391490,OCH
44393331,44394116,OCH
44393493,44394011,NA
44396301,44397779,NA
44397896,44399492,NA
44398002,44398760,FEM
44399600,44399991,NA
44402924,44407001,NA
44402992,44406836,CHI
44403027,44403181,OCH
44404421,44406951,OCH
44408993,44411494,CHI
44408993,44411512,NA
44413993,44415993,OCH
44413993,44420416,NA
44415010,44416510,FEM
44416510,44418353,CHI
44418991,44420243,CHI
44419982,44420267,FEM
44436090,44436201,NA
44464459,44467539,NA
44464992,44467491,CHI
44468298,44469992,NA
44468327,44469739,CHI
44471708,44473711,CHI
44471715,44473792,NA
44475424,44477736,NA
44475492,44476921,CHI
44477014,44477287,FEM
44490927,44491838,NA
44491012,44491368,CHI
44491964,44493918,NA
44492492,44493709,CHI
44492642,44493511,OCH
44494206,44498492,NA
44494230,44498310,CHI
44499362,44499492,NA
44513326,44513993,NA
44576992,44578492,CHI
44576992,44578492,NA
44774512,44774760,NA
44774918,44776670,NA
44774993,44776203,CHI
44777011,44779110,NA
44777753,44778511,CHI
44788646,44789841,NA
44788678,44789746,CHI
44913103,44914510,NA
44913493,44914492,CHI
44920511,44921056,NA
44929073,44929270,NA
44954418,44956321,NA
44954512,44956250,CHI
45003011,45004076,NA
45003112,45003625,CHI
45255221,45255511,NA
45311012,45313518,MAL
45311581,45312990,NA
45318012,45318965,NA
45318037,45318602,CHI
45318381,45318502,OCH
45321108,45324724,NA
45321992,45324510,CHI
45342977,45344659,NA
45343010,45344250,CHI
45345378,45347511,NA
45345511,45347492,CHI
45371424,45373010,NA
45371426,45372936,CHI
45375275,45376991,NA
45375371,45376991,CHI
45401141,45402511,NA
45401492,45402010,CHI
45401820,45402011,OCH
45418685,45420442,NA
45418769,45420011,CHI
45423845,45424022,NA
45425006,45426126,NA
45425011,45426106,CHI
45428492,45429840,NA
45428511,45429512,CHI
45441992,45442510,NA
45442013,45442344,CHI
46329489,46330010,NA
46329492,46329649,CHI
46644910,46645492,NA
46645043,46645281,CHI
46666598,46667254,NA
48464992,48465848,CHI
48464992,48465923,NA
48471247,48472492,NA
48471402,48472158,CHI
48854777,48854991,NA
49813488,49813993,NA
49863578,49864012,CHI
49863581,49864011,NA
52918837,52922399,NA
52918895,52922213,CHI
52931919,52932901,NA
52939489,52940696,NA
52939880,52939991,FEM
52940007,52940346,CHI
53070812,53073011,NA
53070992,53072992,OCH
54032771,54034011,NA
54032807,54033992,CHI
54544506,54545638,NA
54544614,54545093,FEM
54545078,54545424,OCH
54545316,54545470,FEM
54601992,54602179,NA
