set,recording_filename,time_seek,range_onset,range_offset,raw_filename,format,filter,annotation_filename,imported_at,error,package_version
alice,20210520_130852_043305.wav,0,0,36906250,20210520_130852_043305.txt,alice,,20210520_130852_043305.csv,2024-07-10,,custom
alice,20210318_113222_022874.wav,0,0,57600000,20210318_113222_022874.txt,alice,,20210318_113222_022874.csv,2024-07-10,,custom
alice,20221018_135301_043300_4.wav,0,0,40018062,20221018_135301_043300_4.txt,alice,,20221018_135301_043300_4.csv,2024-07-10,,custom
alice,20180703_141752_022875.wav,0,0,38536750,20180703_141752_022875.txt,alice,,20180703_141752_022875.csv,2024-07-10,,custom
alice,20220627_105047_024883_1.wav,0,0,43294125,20220627_105047_024883_1.txt,alice,,20220627_105047_024883_1.csv,2024-07-10,,custom
alice,20191204_101714_024883.wav,0,0,57600000,20191204_101714_024883.txt,alice,,20191204_101714_024883.csv,2024-07-10,,custom
alice,20200212_135855_024882_1.wav,0,0,57600000,20200212_135855_024882_1.txt,alice,,20200212_135855_024882_1.csv,2024-07-10,,custom
alice,20211007_104945_045732_2.wav,0,0,53711062,20211007_104945_045732_2.txt,alice,,20211007_104945_045732_2.csv,2024-07-10,,custom
alice,20230214_105958_043300_2.wav,0,0,44817875,20230214_105958_043300_2.txt,alice,,20230214_105958_043300_2.csv,2024-07-10,,custom
alice,20201023_092102_022873.wav,0,0,45134000,20201023_092102_022873.txt,alice,,20201023_092102_022873.csv,2024-07-10,,custom
alice,20210312_163016_025480.wav,0,0,57600000,20210312_163016_025480.txt,alice,,20210312_163016_025480.csv,2024-07-10,,custom
alice,20200414_130512_024879_2.wav,0,0,44384125,20200414_130512_024879_2.txt,alice,,20200414_130512_024879_2.csv,2024-07-10,,custom
alice,20221018_135301_043300_3.wav,0,0,766625,20221018_135301_043300_3.txt,alice,,20221018_135301_043300_3.csv,2024-07-10,,custom
alice,20190604_163402_025480.wav,0,0,57600000,20190604_163402_025480.txt,alice,,20190604_163402_025480.csv,2024-07-10,,custom
alice,20230110_120835_024882_2.wav,0,0,41753687,20230110_120835_024882_2.txt,alice,,20230110_120835_024882_2.csv,2024-07-10,,custom
alice,20181128_142512_025480.wav,0,0,57600000,20181128_142512_025480.txt,alice,,20181128_142512_025480.csv,2024-07-10,,custom
alice,20190207_135236_024882.wav,0,0,41698687,20190207_135236_024882.txt,alice,,20190207_135236_024882.csv,2024-07-10,,custom
alice,20220731_124718_025480_2.wav,0,0,47330875,20220731_124718_025480_2.txt,alice,,20220731_124718_025480_2.csv,2024-07-10,,custom
alice,20230314_121209_043300_1.wav,0,0,57600000,20230314_121209_043300_1.txt,alice,,20230314_121209_043300_1.csv,2024-07-10,,custom
alice,20180918_114633_022872.wav,0,0,57600000,20180918_114633_022872.txt,alice,,20180918_114633_022872.csv,2024-07-10,,custom
alice,20210127_105022_022873.wav,0,0,57600000,20210127_105022_022873.txt,alice,,20210127_105022_022873.csv,2024-07-10,,custom
alice,20221202_162209_043300_2.wav,0,0,44470625,20221202_162209_043300_2.txt,alice,,20221202_162209_043300_2.csv,2024-07-10,,custom
alice,20230425_114841_045738_2.wav,0,0,42934750,20230425_114841_045738_2.txt,alice,,20230425_114841_045738_2.csv,2024-07-10,,custom
alice,20210901_120042_025480_2.wav,0,0,38723937,20210901_120042_025480_2.txt,alice,,20210901_120042_025480_2.csv,2024-07-10,,custom
alice,20230208_151351_045738_2.wav,0,0,46737437,20230208_151351_045738_2.txt,alice,,20230208_151351_045738_2.csv,2024-07-10,,custom
alice,20220714_094232_025480_2.wav,0,0,56600562,20220714_094232_025480_2.txt,alice,,20220714_094232_025480_2.csv,2024-07-10,,custom
alice,20200604_144328_024883.wav,0,0,57600000,20200604_144328_024883.txt,alice,,20200604_144328_024883.csv,2024-07-10,,custom
alice,20200212_135321_024883_2.wav,0,0,57600000,20200212_135321_024883_2.txt,alice,,20200212_135321_024883_2.csv,2024-07-10,,custom
alice,20200414_131003_024882.wav,0,0,36335687,20200414_131003_024882.txt,alice,,20200414_131003_024882.csv,2024-07-10,,custom
alice,20181009_143916_022873.wav,0,0,57600000,20181009_143916_022873.txt,alice,,20181009_143916_022873.csv,2024-07-10,,custom
alice,20181115_130549_024884.wav,0,0,48100437,20181115_130549_024884.txt,alice,,20181115_130549_024884.csv,2024-07-10,,custom
alice,20230111_132607_024884.wav,0,0,57600000,20230111_132607_024884.txt,alice,,20230111_132607_024884.csv,2024-07-10,,custom
alice,20200701_171816_024879_2.wav,0,0,20389500,20200701_171816_024879_2.txt,alice,,20200701_171816_024879_2.csv,2024-07-10,,custom
alice,20210922_112252_043298_1.wav,0,0,57600000,20210922_112252_043298_1.txt,alice,,20210922_112252_043298_1.csv,2024-07-10,,custom
alice,20181220_134213_024882.wav,0,0,57600000,20181220_134213_024882.txt,alice,,20181220_134213_024882.csv,2024-07-10,,custom
alice,20220630_132604_024880_1.wav,0,0,57502000,20220630_132604_024880_1.txt,alice,,20220630_132604_024880_1.csv,2024-07-10,,custom
alice,20211116_102359_043299_1.wav,0,0,57600000,20211116_102359_043299_1.txt,alice,,20211116_102359_043299_1.csv,2024-07-10,,custom
alice,20190819_205941_024879.wav,0,0,57600000,20190819_205941_024879.txt,alice,,20190819_205941_024879.csv,2024-07-10,,custom
alice,20220208_083611_043302_1.wav,0,0,57600000,20220208_083611_043302_1.txt,alice,,20220208_083611_043302_1.csv,2024-07-10,,custom
alice,20200414_125938_024878_2.wav,0,0,34729375,20200414_125938_024878_2.txt,alice,,20200414_125938_024878_2.csv,2024-07-10,,custom
alice,20180607_101857_024880.wav,0,0,57600000,20180607_101857_024880.txt,alice,,20180607_101857_024880.csv,2024-07-10,,custom
alice,20190828_145547_024884_2.wav,0,0,44403625,20190828_145547_024884_2.txt,alice,,20190828_145547_024884_2.csv,2024-07-10,,custom
alice,20201002_120150_024879.wav,0,0,43340312,20201002_120150_024879.txt,alice,,20201002_120150_024879.csv,2024-07-10,,custom
alice,20210602_131937_022873.wav,0,0,57600000,20210602_131937_022873.txt,alice,,20210602_131937_022873.csv,2024-07-10,,custom
alice,20190110_135944_022870.wav,0,0,57600000,20190110_135944_022870.txt,alice,,20190110_135944_022870.csv,2024-07-10,,custom
alice,20220513_130051_043300_2.wav,0,0,37175250,20220513_130051_043300_2.txt,alice,,20220513_130051_043300_2.csv,2024-07-10,,custom
alice,20201112_145139_024884_2.wav,0,0,57600000,20201112_145139_024884_2.txt,alice,,20201112_145139_024884_2.csv,2024-07-10,,custom
alice,20200427_232107_022870_1.wav,0,0,38397250,20200427_232107_022870_1.txt,alice,,20200427_232107_022870_1.csv,2024-07-10,,custom
alice,20210113_155238_025480_2.wav,0,0,57600000,20210113_155238_025480_2.txt,alice,,20210113_155238_025480_2.csv,2024-07-10,,custom
alice,20180808_110630_024879.wav,0,0,42456000,20180808_110630_024879.txt,alice,,20180808_110630_024879.csv,2024-07-10,,custom
alice,20191004_131221_024883_2.wav,0,0,50845750,20191004_131221_024883_2.txt,alice,,20191004_131221_024883_2.csv,2024-07-10,,custom
alice,20191120_104516_024879_3.wav,0,0,49650375,20191120_104516_024879_3.txt,alice,,20191120_104516_024879_3.csv,2024-07-10,,custom
alice,20201119_134105_024882_1.wav,0,0,44403375,20201119_134105_024882_1.txt,alice,,20201119_134105_024882_1.csv,2024-07-10,,custom
alice,20220705_160928_024884_2.wav,0,0,40975437,20220705_160928_024884_2.txt,alice,,20220705_160928_024884_2.csv,2024-07-10,,custom
alice,20190226_173707_024879_2.wav,0,0,35291187,20190226_173707_024879_2.txt,alice,,20190226_173707_024879_2.csv,2024-07-10,,custom
alice,20210624_093317_024883_2.wav,0,0,46274562,20210624_093317_024883_2.txt,alice,,20210624_093317_024883_2.csv,2024-07-10,,custom
alice,20200828_120831_022875.wav,0,0,57600000,20200828_120831_022875.txt,alice,,20200828_120831_022875.csv,2024-07-10,,custom
alice,20220118_085259_045737_1.wav,0,0,57600000,20220118_085259_045737_1.txt,alice,,20220118_085259_045737_1.csv,2024-07-10,,custom
alice,20220727_105320_024884_2.wav,0,0,49082750,20220727_105320_024884_2.txt,alice,,20220727_105320_024884_2.csv,2024-07-10,,custom
alice,20210601_214950_043298.wav,0,0,50584625,20210601_214950_043298.txt,alice,,20210601_214950_043298.csv,2024-07-10,,custom
alice,20210111_142427_022874.wav,0,0,44813812,20210111_142427_022874.txt,alice,,20210111_142427_022874.csv,2024-07-10,,custom
alice,20190307_091344_022872.wav,0,0,53121250,20190307_091344_022872.txt,alice,,20190307_091344_022872.csv,2024-07-10,,custom
alice,20190618_135122_024883.wav,0,0,57600000,20190618_135122_024883.txt,alice,,20190618_135122_024883.csv,2024-07-10,,custom
alice,20170831_191112_009399.wav,0,0,49936062,20170831_191112_009399.txt,alice,,20170831_191112_009399.csv,2024-07-10,,custom
alice,20181128_142339_024884.wav,0,0,57600000,20181128_142339_024884.txt,alice,,20181128_142339_024884.csv,2024-07-10,,custom
alice,20221202_134100_043299_2.wav,0,0,57626375,20221202_134100_043299_2.txt,alice,,20221202_134100_043299_2.csv,2024-07-10,,custom
alice,20230622_101644_043300_2.wav,0,0,43350437,20230622_101644_043300_2.txt,alice,,20230622_101644_043300_2.csv,2024-07-10,,custom
alice,20200826_172429_022874.wav,0,0,57600000,20200826_172429_022874.txt,alice,,20200826_172429_022874.csv,2024-07-10,,custom
alice,20181101_124332_025480_2.wav,0,0,57600000,20181101_124332_025480_2.txt,alice,,20181101_124332_025480_2.csv,2024-07-10,,custom
alice,20220823_125230_043302_2.wav,0,0,52748937,20220823_125230_043302_2.txt,alice,,20220823_125230_043302_2.csv,2024-07-10,,custom
alice,20191030_105145_022870.wav,0,0,39394250,20191030_105145_022870.txt,alice,,20191030_105145_022870.csv,2024-07-10,,custom
alice,20190404_133218_024880_2.wav,0,0,3272437,20190404_133218_024880_2.txt,alice,,20190404_133218_024880_2.csv,2024-07-10,,custom
alice,20210520_130608_043299_1.wav,0,0,57600000,20210520_130608_043299_1.txt,alice,,20210520_130608_043299_1.csv,2024-07-10,,custom
alice,20211005_154551_043302_2.wav,0,0,44132500,20211005_154551_043302_2.txt,alice,,20211005_154551_043302_2.csv,2024-07-10,,custom
alice,20211004_114637_022870.wav,0,0,46779875,20211004_114637_022870.txt,alice,,20211004_114637_022870.csv,2024-07-10,,custom
alice,20210909_113112_043299_3.wav,0,0,9798375,20210909_113112_043299_3.txt,alice,,20210909_113112_043299_3.csv,2024-07-10,,custom
alice,20180419_111712_022875.wav,0,0,44076875,20180419_111712_022875.txt,alice,,20180419_111712_022875.csv,2024-07-10,,custom
alice,20180626_123557_022872.wav,0,0,52054687,20180626_123557_022872.txt,alice,,20180626_123557_022872.csv,2024-07-10,,custom
alice,20210414_211903_024880_2.wav,0,0,57600000,20210414_211903_024880_2.txt,alice,,20210414_211903_024880_2.csv,2024-07-10,,custom
alice,20201216_134012_024884.wav,0,0,46807687,20201216_134012_024884.txt,alice,,20201216_134012_024884.csv,2024-07-10,,custom
alice,20181115_130413_022872.wav,0,0,57600000,20181115_130413_022872.txt,alice,,20181115_130413_022872.csv,2024-07-10,,custom
alice,20200710_084035_024880_1.wav,0,0,45777750,20200710_084035_024880_1.txt,alice,,20200710_084035_024880_1.csv,2024-07-10,,custom
alice,20210210_104552_022870.wav,0,0,57600000,20210210_104552_022870.txt,alice,,20210210_104552_022870.csv,2024-07-10,,custom
alice,20220803_132413_043299_2.wav,0,0,40711437,20220803_132413_043299_2.txt,alice,,20220803_132413_043299_2.csv,2024-07-10,,custom
alice,20230830_150754_045738.wav,0,0,45260000,20230830_150754_045738.txt,alice,,20230830_150754_045738.csv,2024-07-10,,custom
alice,20190905_131625_024880_2.wav,0,0,52719750,20190905_131625_024880_2.txt,alice,,20190905_131625_024880_2.csv,2024-07-10,,custom
alice,20200807_203143_024883.wav,0,0,57600000,20200807_203143_024883.txt,alice,,20200807_203143_024883.csv,2024-07-10,,custom
alice,20200729_202653_024882.wav,0,0,49080812,20200729_202653_024882.txt,alice,,20200729_202653_024882.csv,2024-07-10,,custom
alice,20180215_124742_009463.wav,0,0,57600125,20180215_124742_009463.txt,alice,,20180215_124742_009463.csv,2024-07-10,,custom
alice,20210706_133031_025480.wav,0,0,57600000,20210706_133031_025480.txt,alice,,20210706_133031_025480.csv,2024-07-10,,custom
alice,20200312_145204_022874.wav,0,0,20150812,20200312_145204_022874.txt,alice,,20200312_145204_022874.csv,2024-07-10,,custom
alice,20210624_123256_024880.wav,0,0,57600000,20210624_123256_024880.txt,alice,,20210624_123256_024880.csv,2024-07-10,,custom
alice,20201123_093717_024880_3.wav,0,0,57600000,20201123_093717_024880_3.txt,alice,,20201123_093717_024880_3.csv,2024-07-10,,custom
alice,20191118_170512_022873.wav,0,0,57600000,20191118_170512_022873.txt,alice,,20191118_170512_022873.csv,2024-07-10,,custom
alice,20180821_182643_022873.wav,0,0,57600000,20180821_182643_022873.txt,alice,,20180821_182643_022873.csv,2024-07-10,,custom
alice,20220829_105740_024880_2.wav,0,0,45566500,20220829_105740_024880_2.txt,alice,,20220829_105740_024880_2.csv,2024-07-10,,custom
alice,20181206_151623_024878.wav,0,0,57600000,20181206_151623_024878.txt,alice,,20181206_151623_024878.csv,2024-07-10,,custom
alice,20181206_151905_022874.wav,0,0,44707562,20181206_151905_022874.txt,alice,,20181206_151905_022874.csv,2024-07-10,,custom
alice,20190115_125833_024884.wav,0,0,47733687,20190115_125833_024884.txt,alice,,20190115_125833_024884.csv,2024-07-10,,custom
alice,20220711_113631_043302_2.wav,0,0,47028562,20220711_113631_043302_2.txt,alice,,20220711_113631_043302_2.csv,2024-07-10,,custom
alice,20191030_104929_024882.wav,0,0,57600000,20191030_104929_024882.txt,alice,,20191030_104929_024882.csv,2024-07-10,,custom
alice,20200513_120319_022874.wav,0,0,57600000,20200513_120319_022874.txt,alice,,20200513_120319_022874.csv,2024-07-10,,custom
alice,20221214_161607_045737_1.wav,0,0,57600000,20221214_161607_045737_1.txt,alice,,20221214_161607_045737_1.csv,2024-07-10,,custom
alice,20210504_111545_022870.wav,0,0,57600000,20210504_111545_022870.txt,alice,,20210504_111545_022870.csv,2024-07-10,,custom
alice,20180424_113402_022874.wav,0,0,37983062,20180424_113402_022874.txt,alice,,20180424_113402_022874.csv,2024-07-10,,custom
alice,20181130_145050_024879.wav,0,0,52115312,20181130_145050_024879.txt,alice,,20181130_145050_024879.csv,2024-07-10,,custom
alice,20210624_123903_043298.wav,0,0,57600000,20210624_123903_043298.txt,alice,,20210624_123903_043298.csv,2024-07-10,,custom
alice,20181101_124332_025480_1.wav,0,0,57600000,20181101_124332_025480_1.txt,alice,,20181101_124332_025480_1.csv,2024-07-10,,custom
alice,20201023_083845_022875.wav,0,0,57600000,20201023_083845_022875.txt,alice,,20201023_083845_022875.csv,2024-07-10,,custom
alice,20220719_095447_043305_2.wav,0,0,57600000,20220719_095447_043305_2.txt,alice,,20220719_095447_043305_2.csv,2024-07-10,,custom
alice,20200503_130910_024883.wav,0,0,57600000,20200503_130910_024883.txt,alice,,20200503_130910_024883.csv,2024-07-10,,custom
alice,20201210_142957_025480_2.wav,0,0,37306562,20201210_142957_025480_2.txt,alice,,20201210_142957_025480_2.csv,2024-07-10,,custom
alice,20191004_125707_025480_1.wav,0,0,21796937,20191004_125707_025480_1.txt,alice,,20191004_125707_025480_1.csv,2024-07-10,,custom
alice,20210318_112332_022873.wav,0,0,57600000,20210318_112332_022873.txt,alice,,20210318_112332_022873.csv,2024-07-10,,custom
alice,20180530_180405_024879.wav,0,0,45418562,20180530_180405_024879.txt,alice,,20180530_180405_024879.csv,2024-07-10,,custom
alice,20220224_125206_043299_1.wav,0,0,54982437,20220224_125206_043299_1.txt,alice,,20220224_125206_043299_1.csv,2024-07-10,,custom
alice,20190828_150425_025480_2.wav,0,0,47737812,20190828_150425_025480_2.txt,alice,,20190828_150425_025480_2.csv,2024-07-10,,custom
alice,20221129_154915_045733_1.wav,0,0,48470375,20221129_154915_045733_1.txt,alice,,20221129_154915_045733_1.csv,2024-07-10,,custom
alice,20180906_131431_024882.wav,0,0,51766437,20180906_131431_024882.txt,alice,,20180906_131431_024882.csv,2024-07-10,,custom
alice,20220830_095853_022873_1.wav,0,0,4333937,20220830_095853_022873_1.txt,alice,,20220830_095853_022873_1.csv,2024-07-10,,custom
alice,20211118_113757_024883_2.wav,0,0,57198750,20211118_113757_024883_2.txt,alice,,20211118_113757_024883_2.csv,2024-07-10,,custom
alice,20190424_140125_024878_1.wav,0,0,57600000,20190424_140125_024878_1.txt,alice,,20190424_140125_024878_1.csv,2024-07-10,,custom
alice,20180301_161002_009463.wav,0,0,43224000,20180301_161002_009463.txt,alice,,20180301_161002_009463.csv,2024-07-10,,custom
alice,20180918_114920_022870.wav,0,0,41173750,20180918_114920_022870.txt,alice,,20180918_114920_022870.csv,2024-07-10,,custom
alice,20210920_104409_022875_1.wav,0,0,41471812,20210920_104409_022875_1.txt,alice,,20210920_104409_022875_1.csv,2024-07-10,,custom
alice,20180417_111117_022874.wav,0,0,11775687,20180417_111117_022874.txt,alice,,20180417_111117_022874.csv,2024-07-10,,custom
alice,20180906_133341_024881.wav,0,0,57600000,20180906_133341_024881.txt,alice,,20180906_133341_024881.csv,2024-07-10,,custom
alice,20221202_142744_043302_2.wav,0,0,44420312,20221202_142744_043302_2.txt,alice,,20221202_142744_043302_2.csv,2024-07-10,,custom
alice,20200503_130409_024882.wav,0,0,57600000,20200503_130409_024882.txt,alice,,20200503_130409_024882.csv,2024-07-10,,custom
alice,20220222_121343_022873_2.wav,0,0,57600000,20220222_121343_022873_2.txt,alice,,20220222_121343_022873_2.csv,2024-07-10,,custom
alice,20190124_085828_022874.wav,0,0,57600000,20190124_085828_022874.txt,alice,,20190124_085828_022874.csv,2024-07-10,,custom
alice,20191217_163433_024883.wav,0,0,41767000,20191217_163433_024883.txt,alice,,20191217_163433_024883.csv,2024-07-10,,custom
alice,20171205_123455_009399.wav,0,0,36709625,20171205_123455_009399.txt,alice,,20171205_123455_009399.csv,2024-07-10,,custom
alice,20191004_124906_024884.wav,0,0,57600000,20191004_124906_024884.txt,alice,,20191004_124906_024884.csv,2024-07-10,,custom
alice,20190819_210631_022870.wav,0,0,57600000,20190819_210631_022870.txt,alice,,20190819_210631_022870.csv,2024-07-10,,custom
alice,20181115_125826_024880.wav,0,0,43791937,20181115_125826_024880.txt,alice,,20181115_125826_024880.csv,2024-07-10,,custom
alice,20210602_132558_043302.wav,0,0,57600000,20210602_132558_043302.txt,alice,,20210602_132558_043302.csv,2024-07-10,,custom
alice,20210112_153555_024882_2.wav,0,0,19268625,20210112_153555_024882_2.txt,alice,,20210112_153555_024882_2.csv,2024-07-10,,custom
alice,20211210_124133_022870_1.wav,0,0,57600000,20211210_124133_022870_1.txt,alice,,20211210_124133_022870_1.csv,2024-07-10,,custom
alice,20210414_211244_024882_1.wav,0,0,57600000,20210414_211244_024882_1.txt,alice,,20210414_211244_024882_1.csv,2024-07-10,,custom
alice,20190912_091823_022874.wav,0,0,57600000,20190912_091823_022874.txt,alice,,20190912_091823_022874.csv,2024-07-10,,custom
alice,20200729_201119_024879.wav,0,0,57600000,20200729_201119_024879.txt,alice,,20200729_201119_024879.csv,2024-07-10,,custom
alice,20220720_132637_024882_2.wav,0,0,44651437,20220720_132637_024882_2.txt,alice,,20220720_132637_024882_2.csv,2024-07-10,,custom
alice,20200826_171055_024880.wav,0,0,57600000,20200826_171055_024880.txt,alice,,20200826_171055_024880.csv,2024-07-10,,custom
alice,20180808_111213_024881.wav,0,0,47622375,20180808_111213_024881.txt,alice,,20180808_111213_024881.csv,2024-07-10,,custom
alice,20230301_083834_024880_2.wav,0,0,35806000,20230301_083834_024880_2.txt,alice,,20230301_083834_024880_2.csv,2024-07-10,,custom
alice,20220624_140959_025480_2.wav,0,0,45490937,20220624_140959_025480_2.txt,alice,,20220624_140959_025480_2.csv,2024-07-10,,custom
alice,20190424_135348_024879.wav,0,0,57600000,20190424_135348_024879.txt,alice,,20190424_135348_024879.csv,2024-07-10,,custom
alice,20180906_133202_022870.wav,0,0,42459875,20180906_133202_022870.txt,alice,,20180906_133202_022870.csv,2024-07-10,,custom
alice,20210909_113112_043299_2.wav,0,0,28956187,20210909_113112_043299_2.txt,alice,,20210909_113112_043299_2.csv,2024-07-10,,custom
alice,20210930_113450_043300_2.wav,0,0,57605687,20210930_113450_043300_2.txt,alice,,20210930_113450_043300_2.csv,2024-07-10,,custom
alice,20230801_150819_045737_2.wav,0,0,44645875,20230801_150819_045737_2.txt,alice,,20230801_150819_045737_2.csv,2024-07-10,,custom
alice,20220429_145146_024882_1.wav,0,0,57600000,20220429_145146_024882_1.txt,alice,,20220429_145146_024882_1.csv,2024-07-10,,custom
alice,20200304_101121_024879_1.wav,0,0,44659812,20200304_101121_024879_1.txt,alice,,20200304_101121_024879_1.csv,2024-07-10,,custom
alice,20230328_132555_045737_1.wav,0,0,57600000,20230328_132555_045737_1.txt,alice,,20230328_132555_045737_1.csv,2024-07-10,,custom
alice,20220929_145355_045737_2.wav,0,0,33686625,20220929_145355_045737_2.txt,alice,,20220929_145355_045737_2.csv,2024-07-10,,custom
alice,20181203_135820_024883.wav,0,0,57600000,20181203_135820_024883.txt,alice,,20181203_135820_024883.csv,2024-07-10,,custom
alice,20200413_130038_024880.wav,0,0,57600000,20200413_130038_024880.txt,alice,,20200413_130038_024880.csv,2024-07-10,,custom
alice,20191015_104352_024883_1.wav,0,0,57600000,20191015_104352_024883_1.txt,alice,,20191015_104352_024883_1.csv,2024-07-10,,custom
alice,20181207_135636_022875_4.wav,0,0,14995187,20181207_135636_022875_4.txt,alice,,20181207_135636_022875_4.csv,2024-07-10,,custom
alice,20191015_103838_024879_1.wav,0,0,57600000,20191015_103838_024879_1.txt,alice,,20191015_103838_024879_1.csv,2024-07-10,,custom
alice,20210910_133413_022870.wav,0,0,46532500,20210910_133413_022870.txt,alice,,20210910_133413_022870.csv,2024-07-10,,custom
alice,20230509_154440_043299_2.wav,0,0,50953187,20230509_154440_043299_2.txt,alice,,20230509_154440_043299_2.csv,2024-07-10,,custom
alice,20190315_111550_024879.wav,0,0,57600000,20190315_111550_024879.txt,alice,,20190315_111550_024879.csv,2024-07-10,,custom
alice,20180530_181958_022870.wav,0,0,57600000,20180530_181958_022870.txt,alice,,20180530_181958_022870.csv,2024-07-10,,custom
alice,20220720_091357_024879_1.wav,0,0,44010750,20220720_091357_024879_1.txt,alice,,20220720_091357_024879_1.csv,2024-07-10,,custom
alice,20221202_164216_045738_2.wav,0,0,44533000,20221202_164216_045738_2.txt,alice,,20221202_164216_045738_2.csv,2024-07-10,,custom
alice,20200312_150451_024884.wav,0,0,57600000,20200312_150451_024884.txt,alice,,20200312_150451_024884.csv,2024-07-10,,custom
alice,20220112_114228_045738_2.wav,0,0,57600000,20220112_114228_045738_2.txt,alice,,20220112_114228_045738_2.csv,2024-07-10,,custom
alice,20210112_153555_024882_3.wav,0,0,14760125,20210112_153555_024882_3.txt,alice,,20210112_153555_024882_3.csv,2024-07-10,,custom
alice,20180227_154841_022875.wav,0,0,57600125,20180227_154841_022875.txt,alice,,20180227_154841_022875.csv,2024-07-10,,custom
alice,20190313_134218_024884_1.wav,0,0,57600000,20190313_134218_024884_1.txt,alice,,20190313_134218_024884_1.csv,2024-07-10,,custom
alice,20201002_114539_024880.wav,0,0,57600000,20201002_114539_024880.txt,alice,,20201002_114539_024880.csv,2024-07-10,,custom
alice,20180913_111944_024880.wav,0,0,57600000,20180913_111944_024880.txt,alice,,20180913_111944_024880.csv,2024-07-10,,custom
alice,20200729_200751_022874.wav,0,0,52238625,20200729_200751_022874.txt,alice,,20200729_200751_022874.csv,2024-07-10,,custom
alice,20200319_064351_024882_1.wav,0,0,47653500,20200319_064351_024882_1.txt,alice,,20200319_064351_024882_1.csv,2024-07-10,,custom
alice,20190501_140431_022870.wav,0,0,49752312,20190501_140431_022870.txt,alice,,20190501_140431_022870.csv,2024-07-10,,custom
alice,20181207_135236_025482.wav,0,0,57600000,20181207_135236_025482.txt,alice,,20181207_135236_025482.csv,2024-07-10,,custom
alice,20221114_141608_024884_1.wav,0,0,43355937,20221114_141608_024884_1.txt,alice,,20221114_141608_024884_1.csv,2024-07-10,,custom
alice,20180628_150733_022870.wav,0,0,57600000,20180628_150733_022870.txt,alice,,20180628_150733_022870.csv,2024-07-10,,custom
alice,20191217_162747_024878_2.wav,0,0,44989437,20191217_162747_024878_2.txt,alice,,20191217_162747_024878_2.csv,2024-07-10,,custom
alice,20221101_141349_043302_1.wav,0,0,46175937,20221101_141349_043302_1.txt,alice,,20221101_141349_043302_1.csv,2024-07-10,,custom
alice,20210318_114924_043305_2.wav,0,0,45557312,20210318_114924_043305_2.txt,alice,,20210318_114924_043305_2.csv,2024-07-10,,custom
alice,20211202_121029_043302.wav,0,0,57600000,20211202_121029_043302.txt,alice,,20211202_121029_043302.csv,2024-07-10,,custom
alice,20200921_145245_024878.wav,0,0,57600000,20200921_145245_024878.txt,alice,,20200921_145245_024878.csv,2024-07-10,,custom
alice,20191217_164433_024882.wav,0,0,57600000,20191217_164433_024882.txt,alice,,20191217_164433_024882.csv,2024-07-10,,custom
alice,20220216_162747_022870_1.wav,0,0,43998687,20220216_162747_022870_1.txt,alice,,20220216_162747_022870_1.csv,2024-07-10,,custom
alice,20210624_124109_024882.wav,0,0,57600000,20210624_124109_024882.txt,alice,,20210624_124109_024882.csv,2024-07-10,,custom
alice,20200414_130727_024883_3.wav,0,0,47048750,20200414_130727_024883_3.txt,alice,,20200414_130727_024883_3.csv,2024-07-10,,custom
alice,20180530_182225_022872.wav,0,0,47698625,20180530_182225_022872.txt,alice,,20180530_182225_022872.csv,2024-07-10,,custom
alice,20190222_102700_024878_2.wav,0,0,40941000,20190222_102700_024878_2.txt,alice,,20190222_102700_024878_2.csv,2024-07-10,,custom
alice,20230131_124242_043302_2.wav,0,0,41127125,20230131_124242_043302_2.txt,alice,,20230131_124242_043302_2.csv,2024-07-10,,custom
alice,20220705_122546_022870_2.wav,0,0,48974812,20220705_122546_022870_2.txt,alice,,20220705_122546_022870_2.csv,2024-07-10,,custom
alice,20210726_101603_043300_1.wav,0,0,57600000,20210726_101603_043300_1.txt,alice,,20210726_101603_043300_1.csv,2024-07-10,,custom
alice,20220516_101301_022870_2.wav,0,0,43427750,20220516_101301_022870_2.txt,alice,,20220516_101301_022870_2.csv,2024-07-10,,custom
alice,20220731_113759_045737_2.wav,0,0,43719500,20220731_113759_045737_2.txt,alice,,20220731_113759_045737_2.csv,2024-07-10,,custom
alice,20220408_134245_024882_1.wav,0,0,57600000,20220408_134245_024882_1.txt,alice,,20220408_134245_024882_1.csv,2024-07-10,,custom
alice,20220401_085720_024879.wav,0,0,57600000,20220401_085720_024879.txt,alice,,20220401_085720_024879.csv,2024-07-10,,custom
alice,20200513_114127_024884.wav,0,0,57600000,20200513_114127_024884.txt,alice,,20200513_114127_024884.csv,2024-07-10,,custom
alice,20190206_123623_024878.wav,0,0,57600000,20190206_123623_024878.txt,alice,,20190206_123623_024878.csv,2024-07-10,,custom
alice,20211109_105644_025480_1.wav,0,0,57600000,20211109_105644_025480_1.txt,alice,,20211109_105644_025480_1.csv,2024-07-10,,custom
alice,20180206_110905_009463.wav,0,0,57600125,20180206_110905_009463.txt,alice,,20180206_110905_009463.csv,2024-07-10,,custom
alice,20181205_132608_024882.wav,0,0,57600000,20181205_132608_024882.txt,alice,,20181205_132608_024882.csv,2024-07-10,,custom
alice,20190104_125237_024883.wav,0,0,57600000,20190104_125237_024883.txt,alice,,20190104_125237_024883.csv,2024-07-10,,custom
alice,20220914_160209_024880_2.wav,0,0,48381625,20220914_160209_024880_2.txt,alice,,20220914_160209_024880_2.csv,2024-07-10,,custom
alice,20220712_113417_045737_3.wav,0,0,42665187,20220712_113417_045737_3.txt,alice,,20220712_113417_045737_3.csv,2024-07-10,,custom
alice,20220728_144904_024880_2.wav,0,0,43956875,20220728_144904_024880_2.txt,alice,,20220728_144904_024880_2.csv,2024-07-10,,custom
alice,20191015_104144_024880_2.wav,0,0,11526750,20191015_104144_024880_2.txt,alice,,20191015_104144_024880_2.csv,2024-07-10,,custom
alice,20190315_142847_024878_2.wav,0,0,45602875,20190315_142847_024878_2.txt,alice,,20190315_142847_024878_2.csv,2024-07-10,,custom
alice,20201216_161229_024883_1.wav,0,0,51176562,20201216_161229_024883_1.txt,alice,,20201216_161229_024883_1.csv,2024-07-10,,custom
alice,20210428_110259_024883_2.wav,0,0,43500437,20210428_110259_024883_2.txt,alice,,20210428_110259_024883_2.csv,2024-07-10,,custom
alice,20210312_163542_024884.wav,0,0,57600000,20210312_163542_024884.txt,alice,,20210312_163542_024884.csv,2024-07-10,,custom
alice,20200710_084537_024878.wav,0,0,40335062,20200710_084537_024878.txt,alice,,20200710_084537_024878.csv,2024-07-10,,custom
alice,20230606_122122_025480_2.wav,0,0,45455062,20230606_122122_025480_2.txt,alice,,20230606_122122_025480_2.csv,2024-07-10,,custom
alice,20190404_132831_024879_1.wav,0,0,57600000,20190404_132831_024879_1.txt,alice,,20190404_132831_024879_1.csv,2024-07-10,,custom
alice,20210318_114509_043298.wav,0,0,57600000,20210318_114509_043298.txt,alice,,20210318_114509_043298.csv,2024-07-10,,custom
alice,20171005_132843_009399.wav,0,0,57600125,20171005_132843_009399.txt,alice,,20171005_132843_009399.csv,2024-07-10,,custom
alice,20190909_162209_025481_1.wav,0,0,57600000,20190909_162209_025481_1.txt,alice,,20190909_162209_025481_1.csv,2024-07-10,,custom
alice,20200813_155629_022870.wav,0,0,45189937,20200813_155629_022870.txt,alice,,20200813_155629_022870.csv,2024-07-10,,custom
alice,20180906_131545_025480.wav,0,0,57600000,20180906_131545_025480.txt,alice,,20180906_131545_025480.csv,2024-07-10,,custom
alice,20210303_112648_022874.wav,0,0,57600000,20210303_112648_022874.txt,alice,,20210303_112648_022874.csv,2024-07-10,,custom
alice,20190104_125403_024884.wav,0,0,57600000,20190104_125403_024884.txt,alice,,20190104_125403_024884.csv,2024-07-10,,custom
alice,20230228_123152_024884_2.wav,0,0,56033000,20230228_123152_024884_2.txt,alice,,20230228_123152_024884_2.csv,2024-07-10,,custom
alice,20180530_181655_022873.wav,0,0,41995562,20180530_181655_022873.txt,alice,,20180530_181655_022873.csv,2024-07-10,,custom
alice,20200729_201847_024880.wav,0,0,57600000,20200729_201847_024880.txt,alice,,20200729_201847_024880.csv,2024-07-10,,custom
alice,20210210_110009_022873.wav,0,0,57600000,20210210_110009_022873.txt,alice,,20210210_110009_022873.csv,2024-07-10,,custom
alice,20231206_100916_043302_2.wav,0,0,45459250,20231206_100916_043302_2.txt,alice,,20231206_100916_043302_2.csv,2024-07-10,,custom
alice,20201023_084929_022870.wav,0,0,57600000,20201023_084929_022870.txt,alice,,20201023_084929_022870.csv,2024-07-10,,custom
alice,20220722_144639_045738_2.wav,0,0,49301625,20220722_144639_045738_2.txt,alice,,20220722_144639_045738_2.csv,2024-07-10,,custom
alice,20181207_134922_025481.wav,0,0,57600000,20181207_134922_025481.txt,alice,,20181207_134922_025481.csv,2024-07-10,,custom
alice,20220516_094951_024880_1.wav,0,0,39444937,20220516_094951_024880_1.txt,alice,,20220516_094951_024880_1.csv,2024-07-10,,custom
alice,20180424_113552_022873.wav,0,0,57600125,20180424_113552_022873.txt,alice,,20180424_113552_022873.csv,2024-07-10,,custom
alice,20230314_110332_043302_1.wav,0,0,43751812,20230314_110332_043302_1.txt,alice,,20230314_110332_043302_1.csv,2024-07-10,,custom
alice,20200312_145310_024878_2.wav,0,0,42240687,20200312_145310_024878_2.txt,alice,,20200312_145310_024878_2.csv,2024-07-10,,custom
alice,20181207_135636_022875_1.wav,0,0,1887312,20181207_135636_022875_1.txt,alice,,20181207_135636_022875_1.csv,2024-07-10,,custom
alice,20191106_173720_024880_1.wav,0,0,45099062,20191106_173720_024880_1.txt,alice,,20191106_173720_024880_1.csv,2024-07-10,,custom
alice,20220429_131117_024883_1.wav,0,0,45085125,20220429_131117_024883_1.txt,alice,,20220429_131117_024883_1.csv,2024-07-10,,custom
alice,20220726_115556_024883_2.wav,0,0,48960687,20220726_115556_024883_2.txt,alice,,20220726_115556_024883_2.csv,2024-07-10,,custom
alice,20200701_171816_024879_1.wav,0,0,57600000,20200701_171816_024879_1.txt,alice,,20200701_171816_024879_1.csv,2024-07-10,,custom
alice,20210624_124711_043305.wav,0,0,57600000,20210624_124711_043305.txt,alice,,20210624_124711_043305.csv,2024-07-10,,custom
alice,20210303_114117_022875.wav,0,0,57600000,20210303_114117_022875.txt,alice,,20210303_114117_022875.csv,2024-07-10,,custom
alice,20210924_103333_045733_1.wav,0,0,50782125,20210924_103333_045733_1.txt,alice,,20210924_103333_045733_1.csv,2024-07-10,,custom
alice,20211102_135358_045732_1.wav,0,0,57600000,20211102_135358_045732_1.txt,alice,,20211102_135358_045732_1.csv,2024-07-10,,custom
alice,20210221_162501_024879_2.wav,0,0,57600000,20210221_162501_024879_2.txt,alice,,20210221_162501_024879_2.csv,2024-07-10,,custom
alice,20210810_155503_043298.wav,0,0,57600000,20210810_155503_043298.txt,alice,,20210810_155503_043298.csv,2024-07-10,,custom
alice,20220414_121101_022873_1.wav,0,0,53635000,20220414_121101_022873_1.txt,alice,,20220414_121101_022873_1.csv,2024-07-10,,custom
alice,20200303_113417_024878_1.wav,0,0,37095500,20200303_113417_024878_1.txt,alice,,20200303_113417_024878_1.csv,2024-07-10,,custom
alice,20190301_122508_024884_2.wav,0,0,57600000,20190301_122508_024884_2.txt,alice,,20190301_122508_024884_2.csv,2024-07-10,,custom
alice,20210401_141025_022870.wav,0,0,43404875,20210401_141025_022870.txt,alice,,20210401_141025_022870.csv,2024-07-10,,custom
alice,20190307_114201_025481.wav,0,0,40125937,20190307_114201_025481.txt,alice,,20190307_114201_025481.csv,2024-07-10,,custom
alice,20201104_094551_024882_1.wav,0,0,57600000,20201104_094551_024882_1.txt,alice,,20201104_094551_024882_1.csv,2024-07-10,,custom
alice,20180808_111325_024882.wav,0,0,57600000,20180808_111325_024882.txt,alice,,20180808_111325_024882.csv,2024-07-10,,custom
alice,20210810_154653_043305.wav,0,0,43619500,20210810_154653_043305.txt,alice,,20210810_154653_043305.csv,2024-07-10,,custom
alice,20210324_131611_043300.wav,0,0,57600000,20210324_131611_043300.txt,alice,,20210324_131611_043300.csv,2024-07-10,,custom
alice,20191015_104144_024880_3.wav,0,0,12207187,20191015_104144_024880_3.txt,alice,,20191015_104144_024880_3.csv,2024-07-10,,custom
alice,20180308_114648_022870.wav,0,0,46296437,20180308_114648_022870.txt,alice,,20180308_114648_022870.csv,2024-07-10,,custom
alice,20220805_082527_043300_2.wav,0,0,44294375,20220805_082527_043300_2.txt,alice,,20220805_082527_043300_2.csv,2024-07-10,,custom
alice,20210127_105355_024882_2.wav,0,0,14698562,20210127_105355_024882_2.txt,alice,,20210127_105355_024882_2.csv,2024-07-10,,custom
alice,20220711_142955_024883_2.wav,0,0,57600000,20220711_142955_024883_2.txt,alice,,20220711_142955_024883_2.csv,2024-07-10,,custom
alice,20190917_075812_025481_1.wav,0,0,39922750,20190917_075812_025481_1.txt,alice,,20190917_075812_025481_1.csv,2024-07-10,,custom
alice,20211022_110857_045737_2.wav,0,0,57600000,20211022_110857_045737_2.txt,alice,,20211022_110857_045737_2.csv,2024-07-10,,custom
alice,20220624_095947_043300_1.wav,0,0,44454687,20220624_095947_043300_1.txt,alice,,20220624_095947_043300_1.csv,2024-07-10,,custom
alice,20200921_143923_024883.wav,0,0,57600000,20200921_143923_024883.txt,alice,,20200921_143923_024883.csv,2024-07-10,,custom
alice,20200622_183505_024882.wav,0,0,57600000,20200622_183505_024882.txt,alice,,20200622_183505_024882.csv,2024-07-10,,custom
alice,20210504_102146_025480_2.wav,0,0,40028187,20210504_102146_025480_2.txt,alice,,20210504_102146_025480_2.csv,2024-07-10,,custom
alice,20221110_135610_045733_1.wav,0,0,45164812,20221110_135610_045733_1.txt,alice,,20221110_135610_045733_1.csv,2024-07-10,,custom
alice,20230221_112913_045733_1.wav,0,0,57600000,20230221_112913_045733_1.txt,alice,,20230221_112913_045733_1.csv,2024-07-10,,custom
alice,20200304_101532_024883_2.wav,0,0,57600000,20200304_101532_024883_2.txt,alice,,20200304_101532_024883_2.csv,2024-07-10,,custom
alice,20220809_093436_022873_1.wav,0,0,57600000,20220809_093436_022873_1.txt,alice,,20220809_093436_022873_1.csv,2024-07-10,,custom
alice,20230214_124426_043302_1.wav,0,0,38676500,20230214_124426_043302_1.txt,alice,,20230214_124426_043302_1.csv,2024-07-10,,custom
alice,20210303_115314_024880.wav,0,0,57600000,20210303_115314_024880.txt,alice,,20210303_115314_024880.csv,2024-07-10,,custom
alice,20190404_133651_024882_1.wav,0,0,52902000,20190404_133651_024882_1.txt,alice,,20190404_133651_024882_1.csv,2024-07-10,,custom
alice,20220303_120548_045737_2.wav,0,0,39869250,20220303_120548_045737_2.txt,alice,,20220303_120548_045737_2.csv,2024-07-10,,custom
alice,20230516_124617_024879_1.wav,0,0,49259125,20230516_124617_024879_1.txt,alice,,20230516_124617_024879_1.csv,2024-07-10,,custom
alice,20180906_133011_022875.wav,0,0,57600000,20180906_133011_022875.txt,alice,,20180906_133011_022875.csv,2024-07-10,,custom
alice,20211019_120823_045733_2.wav,0,0,52796562,20211019_120823_045733_2.txt,alice,,20211019_120823_045733_2.csv,2024-07-10,,custom
alice,20221117_094308_045737_2.wav,0,0,53327562,20221117_094308_045737_2.txt,alice,,20221117_094308_045737_2.csv,2024-07-10,,custom
alice,20190214_135936_024883.wav,0,0,46773000,20190214_135936_024883.txt,alice,,20190214_135936_024883.csv,2024-07-10,,custom
alice,20191120_103727_024882_1.wav,0,0,57600000,20191120_103727_024882_1.txt,alice,,20191120_103727_024882_1.csv,2024-07-10,,custom
alice,20210303_112011_022873.wav,0,0,57600000,20210303_112011_022873.txt,alice,,20210303_112011_022873.csv,2024-07-10,,custom
alice,20201030_085516_022874.wav,0,0,57600000,20201030_085516_022874.txt,alice,,20201030_085516_022874.csv,2024-07-10,,custom
alice,20191004_125707_025480_2.wav,0,0,16527812,20191004_125707_025480_2.txt,alice,,20191004_125707_025480_2.csv,2024-07-10,,custom
alice,20190416_112037_022875.wav,0,0,45835312,20190416_112037_022875.txt,alice,,20190416_112037_022875.csv,2024-07-10,,custom
alice,20190404_133218_024880_1.wav,0,0,39554000,20190404_133218_024880_1.txt,alice,,20190404_133218_024880_1.csv,2024-07-10,,custom
alice,20210303_113144_022870.wav,0,0,57600000,20210303_113144_022870.txt,alice,,20210303_113144_022870.csv,2024-07-10,,custom
alice,20170718_161919_009463.wav,0,0,44415937,20170718_161919_009463.txt,alice,,20170718_161919_009463.csv,2024-07-10,,custom
alice,20210624_093549_024884_1.wav,0,0,45908250,20210624_093549_024884_1.txt,alice,,20210624_093549_024884_1.csv,2024-07-10,,custom
alice,20191004_125301_022873.wav,0,0,57600000,20191004_125301_022873.txt,alice,,20191004_125301_022873.csv,2024-07-10,,custom
alice,20181115_125615_024883.wav,0,0,57600000,20181115_125615_024883.txt,alice,,20181115_125615_024883.csv,2024-07-10,,custom
alice,20181011_160409_024882.wav,0,0,57600000,20181011_160409_024882.txt,alice,,20181011_160409_024882.csv,2024-07-10,,custom
alice,20210817_164105_024884.wav,0,0,54143687,20210817_164105_024884.txt,alice,,20210817_164105_024884.csv,2024-07-10,,custom
alice,20230308_093128_024882_2.wav,0,0,46777500,20230308_093128_024882_2.txt,alice,,20230308_093128_024882_2.csv,2024-07-10,,custom
alice,20231025_115855_045737_2.wav,0,0,39369562,20231025_115855_045737_2.txt,alice,,20231025_115855_045737_2.csv,2024-07-10,,custom
alice,20220913_122544_045738.wav,0,0,47758812,20220913_122544_045738.txt,alice,,20220913_122544_045738.csv,2024-07-10,,custom
alice,20210401_140700_024879_1.wav,0,0,57600000,20210401_140700_024879_1.txt,alice,,20210401_140700_024879_1.csv,2024-07-10,,custom
alice,20181009_144505_024881.wav,0,0,57600000,20181009_144505_024881.txt,alice,,20181009_144505_024881.csv,2024-07-10,,custom
alice,20210602_131320_043300.wav,0,0,57600000,20210602_131320_043300.txt,alice,,20210602_131320_043300.csv,2024-07-10,,custom
alice,20190918_100335_024879_2.wav,0,0,54709000,20190918_100335_024879_2.txt,alice,,20190918_100335_024879_2.csv,2024-07-10,,custom
alice,20230509_144410_045737_2.wav,0,0,35121875,20230509_144410_045737_2.txt,alice,,20230509_144410_045737_2.csv,2024-07-10,,custom
alice,20200209_114853_022875.wav,0,0,43382937,20200209_114853_022875.txt,alice,,20200209_114853_022875.csv,2024-07-10,,custom
alice,20210210_103228_022874.wav,0,0,47007562,20210210_103228_022874.txt,alice,,20210210_103228_022874.csv,2024-07-10,,custom
alice,20190104_125104_022872.wav,0,0,57600000,20190104_125104_022872.txt,alice,,20190104_125104_022872.csv,2024-07-10,,custom
alice,20230404_115212_043300_2.wav,0,0,38302750,20230404_115212_043300_2.txt,alice,,20230404_115212_043300_2.csv,2024-07-10,,custom
alice,20210414_212304_024884_2.wav,0,0,48955437,20210414_212304_024884_2.txt,alice,,20210414_212304_024884_2.csv,2024-07-10,,custom
alice,20230405_090552_045738_2.wav,0,0,49690250,20230405_090552_045738_2.txt,alice,,20230405_090552_045738_2.csv,2024-07-10,,custom
alice,20211103_114626_022870_1.wav,0,0,45336375,20211103_114626_022870_1.txt,alice,,20211103_114626_022870_1.csv,2024-07-10,,custom
alice,20190315_143529_025480_1.wav,0,0,40707000,20190315_143529_025480_1.txt,alice,,20190315_143529_025480_1.csv,2024-07-10,,custom
alice,20220513_113018_024879_2.wav,0,0,25847750,20220513_113018_024879_2.txt,alice,,20220513_113018_024879_2.csv,2024-07-10,,custom
alice,20181101_124012_024883.wav,0,0,57600000,20181101_124012_024883.txt,alice,,20181101_124012_024883.csv,2024-07-10,,custom
alice,20230208_103250_043299_1.wav,0,0,57600000,20230208_103250_043299_1.txt,alice,,20230208_103250_043299_1.csv,2024-07-10,,custom
alice,20201217_084733_024879_2.wav,0,0,50870125,20201217_084733_024879_2.txt,alice,,20201217_084733_024879_2.csv,2024-07-10,,custom
alice,20190424_135540_024883_2.wav,0,0,41116437,20190424_135540_024883_2.txt,alice,,20190424_135540_024883_2.csv,2024-07-10,,custom
alice,20201216_150145_024880_1.wav,0,0,111801500,20201216_150145_024880_1.txt,alice,,20201216_150145_024880_1.csv,2024-07-10,,custom
alice,20220322_103011_022870_2.wav,0,0,45108562,20220322_103011_022870_2.txt,alice,,20220322_103011_022870_2.csv,2024-07-10,,custom
alice,20210127_150213_024880_2.wav,0,0,45079750,20210127_150213_024880_2.txt,alice,,20210127_150213_024880_2.csv,2024-07-10,,custom
alice,20200813_161017_022873.wav,0,0,52130312,20200813_161017_022873.txt,alice,,20200813_161017_022873.csv,2024-07-10,,custom
alice,20191030_105828_024878_2.wav,0,0,43107250,20191030_105828_024878_2.txt,alice,,20191030_105828_024878_2.csv,2024-07-10,,custom
alice,20181115_130044_024882.wav,0,0,57600000,20181115_130044_024882.txt,alice,,20181115_130044_024882.csv,2024-07-10,,custom
alice,20210602_130006_022875.wav,0,0,57600000,20210602_130006_022875.txt,alice,,20210602_130006_022875.csv,2024-07-10,,custom
alice,20210210_105331_024883.wav,0,0,35051875,20210210_105331_024883.txt,alice,,20210210_105331_024883.csv,2024-07-10,,custom
alice,20191030_105458_025481_2.wav,0,0,57600000,20191030_105458_025481_2.txt,alice,,20191030_105458_025481_2.csv,2024-07-10,,custom
alice,20210312_162250_024883.wav,0,0,57600000,20210312_162250_024883.txt,alice,,20210312_162250_024883.csv,2024-07-10,,custom
alice,20191217_163703_022875.wav,0,0,57600000,20191217_163703_022875.txt,alice,,20191217_163703_022875.csv,2024-07-10,,custom
alice,20210902_111305_045737_1.wav,0,0,57600000,20210902_111305_045737_1.txt,alice,,20210902_111305_045737_1.csv,2024-07-10,,custom
alice,20190503_162938_024884_2.wav,0,0,51641875,20190503_162938_024884_2.txt,alice,,20190503_162938_024884_2.csv,2024-07-10,,custom
alice,20220823_141305_024879_2.wav,0,0,49808125,20220823_141305_024879_2.txt,alice,,20220823_141305_024879_2.csv,2024-07-10,,custom
alice,20181023_153740_024881.wav,0,0,57600000,20181023_153740_024881.txt,alice,,20181023_153740_024881.csv,2024-07-10,,custom
alice,20181218_132511_022873.wav,0,0,46184625,20181218_132511_022873.txt,alice,,20181218_132511_022873.csv,2024-07-10,,custom
alice,20200212_135855_024882_2.wav,0,0,57600000,20200212_135855_024882_2.txt,alice,,20200212_135855_024882_2.csv,2024-07-10,,custom
alice,20230308_094400_045733_2.wav,0,0,43720750,20230308_094400_045733_2.txt,alice,,20230308_094400_045733_2.csv,2024-07-10,,custom
alice,20210127_103244_024879_1.wav,0,0,57600000,20210127_103244_024879_1.txt,alice,,20210127_103244_024879_1.csv,2024-07-10,,custom
alice,20191120_103301_024878_2.wav,0,0,48529312,20191120_103301_024878_2.txt,alice,,20191120_103301_024878_2.csv,2024-07-10,,custom
alice,20230228_112602_025480_1.wav,0,0,40467000,20230228_112602_025480_1.txt,alice,,20230228_112602_025480_1.csv,2024-07-10,,custom
alice,20200710_084035_024880_2.wav,0,0,20608250,20200710_084035_024880_2.txt,alice,,20200710_084035_024880_2.csv,2024-07-10,,custom
alice,20181221_141812_022874.wav,0,0,43221500,20181221_141812_022874.txt,alice,,20181221_141812_022874.csv,2024-07-10,,custom
alice,20230328_105824_025480_2.wav,0,0,57600000,20230328_105824_025480_2.txt,alice,,20230328_105824_025480_2.csv,2024-07-10,,custom
alice,20221214_150332_024883_1.wav,0,0,43637937,20221214_150332_024883_1.txt,alice,,20221214_150332_024883_1.csv,2024-07-10,,custom
alice,20190828_145417_024879_2.wav,0,0,35438812,20190828_145417_024879_2.txt,alice,,20190828_145417_024879_2.csv,2024-07-10,,custom
alice,20200304_100729_025480.wav,0,0,39660437,20200304_100729_025480.txt,alice,,20200304_100729_025480.csv,2024-07-10,,custom
alice,20230228_124411_043305_2.wav,0,0,57600000,20230228_124411_043305_2.txt,alice,,20230228_124411_043305_2.csv,2024-07-10,,custom
alice,20181218_132113_024879.wav,0,0,57600000,20181218_132113_024879.txt,alice,,20181218_132113_024879.csv,2024-07-10,,custom
alice,20210817_164449_043300.wav,0,0,47046250,20210817_164449_043300.txt,alice,,20210817_164449_043300.csv,2024-07-10,,custom
alice,20200427_232107_022870_3.wav,0,0,19199000,20200427_232107_022870_3.txt,alice,,20200427_232107_022870_3.csv,2024-07-10,,custom
alice,20211117_114244_024884_2.wav,0,0,40799812,20211117_114244_024884_2.txt,alice,,20211117_114244_024884_2.csv,2024-07-10,,custom
alice,20181207_135636_022875_2.wav,0,0,26493687,20181207_135636_022875_2.txt,alice,,20181207_135636_022875_2.csv,2024-07-10,,custom
alice,20180530_181101_022875.wav,0,0,57600000,20180530_181101_022875.txt,alice,,20180530_181101_022875.csv,2024-07-10,,custom
alice,20190226_105144_022875.wav,0,0,57600000,20190226_105144_022875.txt,alice,,20190226_105144_022875.csv,2024-07-10,,custom
alice,20211004_121420_045738_1.wav,0,0,46662312,20211004_121420_045738_1.txt,alice,,20211004_121420_045738_1.csv,2024-07-10,,custom
alice,20220823_121134_022875_1.wav,0,0,49300000,20220823_121134_022875_1.txt,alice,,20220823_121134_022875_1.csv,2024-07-10,,custom
alice,20180405_171716_022875.wav,0,0,57600125,20180405_171716_022875.txt,alice,,20180405_171716_022875.csv,2024-07-10,,custom
alice,20201105_131250_024883_1.wav,0,0,40999562,20201105_131250_024883_1.txt,alice,,20201105_131250_024883_1.csv,2024-07-10,,custom
alice,20191107_084351_024882.wav,0,0,44754125,20191107_084351_024882.txt,alice,,20191107_084351_024882.csv,2024-07-10,,custom
alice,20190819_210318_025481_2.wav,0,0,43398312,20190819_210318_025481_2.txt,alice,,20190819_210318_025481_2.csv,2024-07-10,,custom
alice,20180809_181624_025481.wav,0,0,45218312,20180809_181624_025481.txt,alice,,20180809_181624_025481.csv,2024-07-10,,custom
alice,20181207_135636_022875_3.wav,0,0,10363187,20181207_135636_022875_3.txt,alice,,20181207_135636_022875_3.csv,2024-07-10,,custom
alice,20170620_163407_009463.wav,0,0,45439187,20170620_163407_009463.txt,alice,,20170620_163407_009463.csv,2024-07-10,,custom
alice,20180327_121840_022874.wav,0,0,43671687,20180327_121840_022874.txt,alice,,20180327_121840_022874.csv,2024-07-10,,custom
alice,20191030_110047_024884_2.wav,0,0,57600000,20191030_110047_024884_2.txt,alice,,20191030_110047_024884_2.csv,2024-07-10,,custom
alice,20210910_134003_022873.wav,0,0,57600000,20210910_134003_022873.txt,alice,,20210910_134003_022873.csv,2024-07-10,,custom
alice,20211112_120550_043300_1.wav,0,0,48315000,20211112_120550_043300_1.txt,alice,,20211112_120550_043300_1.csv,2024-07-10,,custom
alice,20221205_151622_043305_2.wav,0,0,40516625,20221205_151622_043305_2.txt,alice,,20221205_151622_043305_2.csv,2024-07-10,,custom
alice,20201123_095637_025480.wav,0,0,57600000,20201123_095637_025480.txt,alice,,20201123_095637_025480.csv,2024-07-10,,custom
alice,20190927_114549_024878.wav,0,0,57600000,20190927_114549_024878.txt,alice,,20190927_114549_024878.csv,2024-07-10,,custom
alice,20210127_105355_024882_1.wav,0,0,14178000,20210127_105355_024882_1.txt,alice,,20210127_105355_024882_1.csv,2024-07-10,,custom
alice,20220412_100349_045737_1.wav,0,0,51438500,20220412_100349_045737_1.txt,alice,,20220412_100349_045737_1.csv,2024-07-10,,custom
alice,20230726_132638_043299_2.wav,0,0,46028375,20230726_132638_043299_2.txt,alice,,20230726_132638_043299_2.csv,2024-07-10,,custom
alice,20200921_145948_024882.wav,0,0,57600000,20200921_145948_024882.txt,alice,,20200921_145948_024882.csv,2024-07-10,,custom
alice,20191220_121955_022870.wav,0,0,57600000,20191220_121955_022870.txt,alice,,20191220_121955_022870.csv,2024-07-10,,custom
alice,20230321_124603_024879_1.wav,0,0,57600000,20230321_124603_024879_1.txt,alice,,20230321_124603_024879_1.csv,2024-07-10,,custom
alice,20190905_131929_024883_1.wav,0,0,45198125,20190905_131929_024883_1.txt,alice,,20190905_131929_024883_1.csv,2024-07-10,,custom
alice,20191204_101503_025480.wav,0,0,44154812,20191204_101503_025480.txt,alice,,20191204_101503_025480.csv,2024-07-10,,custom
alice,20200209_114658_024884_2.wav,0,0,48419687,20200209_114658_024884_2.txt,alice,,20200209_114658_024884_2.csv,2024-07-10,,custom
alice,20200212_113821_024879_1.wav,0,0,44815750,20200212_113821_024879_1.txt,alice,,20200212_113821_024879_1.csv,2024-07-10,,custom
alice,20210204_115547_025480_2.wav,0,0,43356625,20210204_115547_025480_2.txt,alice,,20210204_115547_025480_2.csv,2024-07-10,,custom
alice,20181211_160917_024880.wav,0,0,57600000,20181211_160917_024880.txt,alice,,20181211_160917_024880.csv,2024-07-10,,custom
alice,20190819_144621_024878_1.wav,0,0,46608125,20190819_144621_024878_1.txt,alice,,20190819_144621_024878_1.csv,2024-07-10,,custom
alice,20190110_135751_024878.wav,0,0,35955187,20190110_135751_024878.txt,alice,,20190110_135751_024878.csv,2024-07-10,,custom
alice,20210615_144537_043299.wav,0,0,45815062,20210615_144537_043299.txt,alice,,20210615_144537_043299.csv,2024-07-10,,custom
alice,20170901_162854_009463.wav,0,0,57600125,20170901_162854_009463.txt,alice,,20170901_162854_009463.csv,2024-07-10,,custom
alice,20210303_114715_024882.wav,0,0,53422937,20210303_114715_024882.txt,alice,,20210303_114715_024882.csv,2024-07-10,,custom
alice,20220412_101614_043299_2.wav,0,0,41771000,20220412_101614_043299_2.txt,alice,,20220412_101614_043299_2.csv,2024-07-10,,custom
its,20210127_150213_024880_2.wav,0,0,45079750,20210127_150213_024880_2.its,its,,20210127_150213_024880_2.csv,2024-07-10,,custom
its,20180530_181101_022875.wav,0,0,57600000,20180530_181101_022875.its,its,,20180530_181101_022875.csv,2024-07-10,,custom
its,20200503_130409_024882.wav,0,0,57600000,20200503_130409_024882.its,its,,20200503_130409_024882.csv,2024-07-10,,custom
its,20171205_123455_009399.wav,0,0,36709625,20171205_123455_009399.its,its,,20171205_123455_009399.csv,2024-07-10,,custom
its,20210127_103244_024879_1.wav,0,0,57600000,20210127_103244_024879_1.its,its,,20210127_103244_024879_1.csv,2024-07-10,,custom
its,20170831_191112_009399.wav,0,0,49936062,20170831_191112_009399.its,its,,20170831_191112_009399.csv,2024-07-10,,custom
its,20200503_130910_024883.wav,0,0,57600000,20200503_130910_024883.its,its,,20200503_130910_024883.csv,2024-07-10,,custom
its,20190124_085828_022874.wav,0,0,57600000,20190124_085828_022874.its,its,,20190124_085828_022874.csv,2024-07-10,,custom
its,20190819_210631_022870.wav,0,0,57600000,20190819_210631_022870.its,its,,20190819_210631_022870.csv,2024-07-10,,custom
its,20210428_110259_024883_2.wav,0,0,43500437,20210428_110259_024883_2.its,its,,20210428_110259_024883_2.csv,2024-07-10,,custom
its,20200212_135855_024882_2.wav,0,0,57600000,20200212_135855_024882_2.its,its,,20200212_135855_024882_2.csv,2024-07-10,,custom
its,20181205_132608_024882.wav,0,0,57600000,20181205_132608_024882.its,its,,20181205_132608_024882.csv,2024-07-10,,custom
its,20190307_091344_022872.wav,0,0,53121250,20190307_091344_022872.its,its,,20190307_091344_022872.csv,2024-07-10,,custom
its,20190315_142847_024878_2.wav,0,0,45602875,20190315_142847_024878_2.its,its,,20190315_142847_024878_2.csv,2024-07-10,,custom
its,20220823_125230_043302_2.wav,0,0,52748937,20220823_125230_043302_2.its,its,,20220823_125230_043302_2.csv,2024-07-10,,custom
its,20190313_134218_024884_1.wav,0,0,57600000,20190313_134218_024884_1.its,its,,20190313_134218_024884_1.csv,2024-07-10,,custom
its,20220823_121134_022875_1.wav,0,0,49300000,20220823_121134_022875_1.its,its,,20220823_121134_022875_1.csv,2024-07-10,,custom
its,20220914_160209_024880_2.wav,0,0,48381625,20220914_160209_024880_2.its,its,,20220914_160209_024880_2.csv,2024-07-10,,custom
its,20191217_163703_022875.wav,0,0,57600000,20191217_163703_022875.its,its,,20191217_163703_022875.csv,2024-07-10,,custom
its,20210112_153555_024882_3.wav,0,0,14760125,20210112_153555_024882_3.its,its,,20210112_153555_024882_3.csv,2024-07-10,,custom
its,20210601_214950_043298.wav,0,0,50584625,20210601_214950_043298.its,its,,20210601_214950_043298.csv,2024-07-10,,custom
its,20181023_153740_024881.wav,0,0,57600000,20181023_153740_024881.its,its,,20181023_153740_024881.csv,2024-07-10,,custom
its,20211210_124133_022870_1.wav,0,0,57600000,20211210_124133_022870_1.its,its,,20211210_124133_022870_1.csv,2024-07-10,,custom
its,20191220_121955_022870.wav,0,0,57600000,20191220_121955_022870.its,its,,20191220_121955_022870.csv,2024-07-10,,custom
its,20190503_162938_024884_2.wav,0,0,51641875,20190503_162938_024884_2.its,its,,20190503_162938_024884_2.csv,2024-07-10,,custom
its,20220728_144904_024880_2.wav,0,0,43956875,20220728_144904_024880_2.its,its,,20220728_144904_024880_2.csv,2024-07-10,,custom
its,20230830_150754_045738.wav,0,0,45260000,20230830_150754_045738.its,its,,20230830_150754_045738.csv,2024-07-10,,custom
its,20210602_132558_043302.wav,0,0,57600000,20210602_132558_043302.its,its,,20210602_132558_043302.csv,2024-07-10,,custom
its,20191030_105828_024878_2.wav,0,0,43107250,20191030_105828_024878_2.its,its,,20191030_105828_024878_2.csv,2024-07-10,,custom
its,20191030_105458_025481_2.wav,0,0,57600000,20191030_105458_025481_2.its,its,,20191030_105458_025481_2.csv,2024-07-10,,custom
its,20210602_130006_022875.wav,0,0,57600000,20210602_130006_022875.its,its,,20210602_130006_022875.csv,2024-07-10,,custom
its,20191030_110047_024884_2.wav,0,0,57600000,20191030_110047_024884_2.its,its,,20191030_110047_024884_2.csv,2024-07-10,,custom
its,20190404_133218_024880_1.wav,0,0,39554000,20190404_133218_024880_1.its,its,,20190404_133218_024880_1.csv,2024-07-10,,custom
its,20221202_142744_043302_2.wav,0,0,44420312,20221202_142744_043302_2.its,its,,20221202_142744_043302_2.csv,2024-07-10,,custom
its,20210909_113112_043299_3.wav,0,0,9798375,20210909_113112_043299_3.its,its,,20210909_113112_043299_3.csv,2024-07-10,,custom
its,20181207_135636_022875_4.wav,0,0,14995187,20181207_135636_022875_4.its,its,,20181207_135636_022875_4.csv,2024-07-10,,custom
its,20181009_144505_024881.wav,0,0,57600000,20181009_144505_024881.its,its,,20181009_144505_024881.csv,2024-07-10,,custom
its,20221214_150332_024883_1.wav,0,0,43637937,20221214_150332_024883_1.its,its,,20221214_150332_024883_1.csv,2024-07-10,,custom
its,20200413_130038_024880.wav,0,0,57600000,20200413_130038_024880.its,its,,20200413_130038_024880.csv,2024-07-10,,custom
its,20180626_123557_022872.wav,0,0,52054687,20180626_123557_022872.its,its,,20180626_123557_022872.csv,2024-07-10,,custom
its,20190918_100335_024879_2.wav,0,0,54709000,20190918_100335_024879_2.its,its,,20190918_100335_024879_2.csv,2024-07-10,,custom
its,20220929_145355_045737_2.wav,0,0,33686625,20220929_145355_045737_2.its,its,,20220929_145355_045737_2.csv,2024-07-10,,custom
its,20200304_101121_024879_1.wav,0,0,44659812,20200304_101121_024879_1.its,its,,20200304_101121_024879_1.csv,2024-07-10,,custom
its,20200209_114853_022875.wav,0,0,43382937,20200209_114853_022875.its,its,,20200209_114853_022875.csv,2024-07-10,,custom
its,20210910_133413_022870.wav,0,0,46532500,20210910_133413_022870.its,its,,20210910_133413_022870.csv,2024-07-10,,custom
its,20201216_134012_024884.wav,0,0,46807687,20201216_134012_024884.its,its,,20201216_134012_024884.csv,2024-07-10,,custom
its,20210204_115547_025480_2.wav,0,0,43356625,20210204_115547_025480_2.its,its,,20210204_115547_025480_2.csv,2024-07-10,,custom
its,20190104_125104_022872.wav,0,0,57600000,20190104_125104_022872.its,its,,20190104_125104_022872.csv,2024-07-10,,custom
its,20210909_113112_043299_2.wav,0,0,28956187,20210909_113112_043299_2.its,its,,20210909_113112_043299_2.csv,2024-07-10,,custom
its,20200710_084035_024880_1.wav,0,0,45777750,20200710_084035_024880_1.its,its,,20200710_084035_024880_1.csv,2024-07-10,,custom
its,20190424_135348_024879.wav,0,0,57600000,20190424_135348_024879.its,its,,20190424_135348_024879.csv,2024-07-10,,custom
its,20210414_212304_024884_2.wav,0,0,48955437,20210414_212304_024884_2.its,its,,20210414_212304_024884_2.csv,2024-07-10,,custom
its,20230301_083834_024880_2.wav,0,0,35806000,20230301_083834_024880_2.its,its,,20230301_083834_024880_2.csv,2024-07-10,,custom
its,20200209_114658_024884_2.wav,0,0,48419687,20200209_114658_024884_2.its,its,,20200209_114658_024884_2.csv,2024-07-10,,custom
its,20210520_130852_043305.wav,0,0,36906250,20210520_130852_043305.its,its,,20210520_130852_043305.csv,2024-07-10,,custom
its,20200826_171055_024880.wav,0,0,57600000,20200826_171055_024880.its,its,,20200826_171055_024880.csv,2024-07-10,,custom
its,20230801_150819_045737_2.wav,0,0,44645875,20230801_150819_045737_2.its,its,,20230801_150819_045737_2.csv,2024-07-10,,custom
its,20221202_134100_043299_2.wav,0,0,57626375,20221202_134100_043299_2.its,its,,20221202_134100_043299_2.csv,2024-07-10,,custom
its,20210401_140700_024879_1.wav,0,0,57600000,20210401_140700_024879_1.its,its,,20210401_140700_024879_1.csv,2024-07-10,,custom
its,20211117_114244_024884_2.wav,0,0,40799812,20211117_114244_024884_2.its,its,,20211117_114244_024884_2.csv,2024-07-10,,custom
its,20181101_124012_024883.wav,0,0,57600000,20181101_124012_024883.its,its,,20181101_124012_024883.csv,2024-07-10,,custom
its,20210920_104409_022875_1.wav,0,0,41471812,20210920_104409_022875_1.its,its,,20210920_104409_022875_1.csv,2024-07-10,,custom
its,20190315_143529_025480_1.wav,0,0,40707000,20190315_143529_025480_1.its,its,,20190315_143529_025480_1.csv,2024-07-10,,custom
its,20180301_161002_009463.wav,0,0,43224000,20180301_161002_009463.its,its,,20180301_161002_009463.csv,2024-07-10,,custom
its,20200826_172429_022874.wav,0,0,57600000,20200826_172429_022874.its,its,,20200826_172429_022874.csv,2024-07-10,,custom
its,20211112_120550_043300_1.wav,0,0,48315000,20211112_120550_043300_1.its,its,,20211112_120550_043300_1.csv,2024-07-10,,custom
its,20211118_113757_024883_2.wav,0,0,57198750,20211118_113757_024883_2.its,its,,20211118_113757_024883_2.csv,2024-07-10,,custom
its,20200710_084537_024878.wav,0,0,40335062,20200710_084537_024878.its,its,,20200710_084537_024878.csv,2024-07-10,,custom
its,20180906_131431_024882.wav,0,0,51766437,20180906_131431_024882.its,its,,20180906_131431_024882.csv,2024-07-10,,custom
its,20191030_105145_022870.wav,0,0,39394250,20191030_105145_022870.its,its,,20191030_105145_022870.csv,2024-07-10,,custom
its,20190315_111550_024879.wav,0,0,57600000,20190315_111550_024879.its,its,,20190315_111550_024879.csv,2024-07-10,,custom
its,20170718_161919_009463.wav,0,0,44415937,20170718_161919_009463.its,its,,20170718_161919_009463.csv,2024-07-10,,custom
its,20191107_084351_024882.wav,0,0,44754125,20191107_084351_024882.its,its,,20191107_084351_024882.csv,2024-07-10,,custom
its,20180906_133341_024881.wav,0,0,57600000,20180906_133341_024881.its,its,,20180906_133341_024881.csv,2024-07-10,,custom
its,20191004_125301_022873.wav,0,0,57600000,20191004_125301_022873.its,its,,20191004_125301_022873.csv,2024-07-10,,custom
its,20190404_133218_024880_2.wav,0,0,3272437,20190404_133218_024880_2.its,its,,20190404_133218_024880_2.csv,2024-07-10,,custom
its,20200729_201119_024879.wav,0,0,57600000,20200729_201119_024879.its,its,,20200729_201119_024879.csv,2024-07-10,,custom
its,20181011_160409_024882.wav,0,0,57600000,20181011_160409_024882.its,its,,20181011_160409_024882.csv,2024-07-10,,custom
its,20200312_150451_024884.wav,0,0,57600000,20200312_150451_024884.its,its,,20200312_150451_024884.csv,2024-07-10,,custom
its,20211005_154551_043302_2.wav,0,0,44132500,20211005_154551_043302_2.its,its,,20211005_154551_043302_2.csv,2024-07-10,,custom
its,20220720_091357_024879_1.wav,0,0,44010750,20220720_091357_024879_1.its,its,,20220720_091357_024879_1.csv,2024-07-10,,custom
its,20230308_093128_024882_2.wav,0,0,46777500,20230308_093128_024882_2.its,its,,20230308_093128_024882_2.csv,2024-07-10,,custom
its,20190828_150425_025480_2.wav,0,0,47737812,20190828_150425_025480_2.its,its,,20190828_150425_025480_2.csv,2024-07-10,,custom
its,20220412_101614_043299_2.wav,0,0,41771000,20220412_101614_043299_2.its,its,,20220412_101614_043299_2.csv,2024-07-10,,custom
its,20200710_084035_024880_2.wav,0,0,20608250,20200710_084035_024880_2.its,its,,20200710_084035_024880_2.csv,2024-07-10,,custom
its,20190404_132831_024879_1.wav,0,0,57600000,20190404_132831_024879_1.its,its,,20190404_132831_024879_1.csv,2024-07-10,,custom
its,20201112_145139_024884_2.wav,0,0,57600000,20201112_145139_024884_2.its,its,,20201112_145139_024884_2.csv,2024-07-10,,custom
its,20190226_173707_024879_2.wav,0,0,35291187,20190226_173707_024879_2.its,its,,20190226_173707_024879_2.csv,2024-07-10,,custom
its,20190110_135944_022870.wav,0,0,57600000,20190110_135944_022870.its,its,,20190110_135944_022870.csv,2024-07-10,,custom
its,20220303_120548_045737_2.wav,0,0,39869250,20220303_120548_045737_2.its,its,,20220303_120548_045737_2.csv,2024-07-10,,custom
its,20200304_100729_025480.wav,0,0,39660437,20200304_100729_025480.its,its,,20200304_100729_025480.csv,2024-07-10,,custom
its,20201002_120150_024879.wav,0,0,43340312,20201002_120150_024879.its,its,,20201002_120150_024879.csv,2024-07-10,,custom
its,20180906_133011_022875.wav,0,0,57600000,20180906_133011_022875.its,its,,20180906_133011_022875.csv,2024-07-10,,custom
its,20180607_101857_024880.wav,0,0,57600000,20180607_101857_024880.its,its,,20180607_101857_024880.csv,2024-07-10,,custom
its,20201210_142957_025480_2.wav,0,0,37306562,20201210_142957_025480_2.its,its,,20201210_142957_025480_2.csv,2024-07-10,,custom
its,20220208_083611_043302_1.wav,0,0,57600000,20220208_083611_043302_1.its,its,,20220208_083611_043302_1.csv,2024-07-10,,custom
its,20210303_115314_024880.wav,0,0,57600000,20210303_115314_024880.its,its,,20210303_115314_024880.csv,2024-07-10,,custom
its,20221117_094308_045737_2.wav,0,0,53327562,20221117_094308_045737_2.its,its,,20221117_094308_045737_2.csv,2024-07-10,,custom
its,20211116_102359_043299_1.wav,0,0,57600000,20211116_102359_043299_1.its,its,,20211116_102359_043299_1.csv,2024-07-10,,custom
its,20200807_203143_024883.wav,0,0,57600000,20200807_203143_024883.its,its,,20200807_203143_024883.csv,2024-07-10,,custom
its,20191120_103727_024882_1.wav,0,0,57600000,20191120_103727_024882_1.its,its,,20191120_103727_024882_1.csv,2024-07-10,,custom
its,20181220_134213_024882.wav,0,0,57600000,20181220_134213_024882.its,its,,20181220_134213_024882.csv,2024-07-10,,custom
its,20200701_171816_024879_2.wav,0,0,20389500,20200701_171816_024879_2.its,its,,20200701_171816_024879_2.csv,2024-07-10,,custom
its,20191015_104144_024880_3.wav,0,0,12207187,20191015_104144_024880_3.its,its,,20191015_104144_024880_3.csv,2024-07-10,,custom
its,20180215_124742_009463.wav,0,0,57600125,20180215_124742_009463.its,its,,20180215_124742_009463.csv,2024-07-10,,custom
its,20181115_130549_024884.wav,0,0,48100437,20181115_130549_024884.its,its,,20181115_130549_024884.csv,2024-07-10,,custom
its,20201105_131250_024883_1.wav,0,0,40999562,20201105_131250_024883_1.its,its,,20201105_131250_024883_1.csv,2024-07-10,,custom
its,20210303_114117_022875.wav,0,0,57600000,20210303_114117_022875.its,its,,20210303_114117_022875.csv,2024-07-10,,custom
its,20181207_135636_022875_2.wav,0,0,26493687,20181207_135636_022875_2.its,its,,20181207_135636_022875_2.csv,2024-07-10,,custom
its,20210113_155238_025480_2.wav,0,0,57600000,20210113_155238_025480_2.its,its,,20210113_155238_025480_2.csv,2024-07-10,,custom
its,20210901_120042_025480_2.wav,0,0,38723937,20210901_120042_025480_2.its,its,,20210901_120042_025480_2.csv,2024-07-10,,custom
its,20220809_093436_022873_1.wav,0,0,57600000,20220809_093436_022873_1.its,its,,20220809_093436_022873_1.csv,2024-07-10,,custom
its,20200414_130512_024879_2.wav,0,0,44384125,20200414_130512_024879_2.its,its,,20200414_130512_024879_2.csv,2024-07-10,,custom
its,20220805_082527_043300_2.wav,0,0,44294375,20220805_082527_043300_2.its,its,,20220805_082527_043300_2.csv,2024-07-10,,custom
its,20181128_142512_025480.wav,0,0,57600000,20181128_142512_025480.its,its,,20181128_142512_025480.csv,2024-07-10,,custom
its,20201023_092102_022873.wav,0,0,45134000,20201023_092102_022873.its,its,,20201023_092102_022873.csv,2024-07-10,,custom
its,20220711_142955_024883_2.wav,0,0,57600000,20220711_142955_024883_2.its,its,,20220711_142955_024883_2.csv,2024-07-10,,custom
its,20211007_104945_045732_2.wav,0,0,53711062,20211007_104945_045732_2.its,its,,20211007_104945_045732_2.csv,2024-07-10,,custom
its,20200212_113821_024879_1.wav,0,0,44815750,20200212_113821_024879_1.its,its,,20200212_113821_024879_1.csv,2024-07-10,,custom
its,20220731_124718_025480_2.wav,0,0,47330875,20220731_124718_025480_2.its,its,,20220731_124718_025480_2.csv,2024-07-10,,custom
its,20191204_101714_024883.wav,0,0,57600000,20191204_101714_024883.its,its,,20191204_101714_024883.csv,2024-07-10,,custom
its,20211022_110857_045737_2.wav,0,0,57600000,20211022_110857_045737_2.its,its,,20211022_110857_045737_2.csv,2024-07-10,,custom
its,20180703_141752_022875.wav,0,0,38536750,20180703_141752_022875.its,its,,20180703_141752_022875.csv,2024-07-10,,custom
its,20200921_143923_024883.wav,0,0,57600000,20200921_143923_024883.its,its,,20200921_143923_024883.csv,2024-07-10,,custom
its,20210318_113222_022874.wav,0,0,57600000,20210318_113222_022874.its,its,,20210318_113222_022874.csv,2024-07-10,,custom
its,20180918_114633_022872.wav,0,0,57600000,20180918_114633_022872.its,its,,20180918_114633_022872.csv,2024-07-10,,custom
its,20190905_131929_024883_1.wav,0,0,45198125,20190905_131929_024883_1.its,its,,20190905_131929_024883_1.csv,2024-07-10,,custom
its,20200604_144328_024883.wav,0,0,57600000,20200604_144328_024883.its,its,,20200604_144328_024883.csv,2024-07-10,,custom
its,20210504_102146_025480_2.wav,0,0,40028187,20210504_102146_025480_2.its,its,,20210504_102146_025480_2.csv,2024-07-10,,custom
its,20200414_131003_024882.wav,0,0,36335687,20200414_131003_024882.its,its,,20200414_131003_024882.csv,2024-07-10,,custom
its,20221202_162209_043300_2.wav,0,0,44470625,20221202_162209_043300_2.its,its,,20221202_162209_043300_2.csv,2024-07-10,,custom
its,20230221_112913_045733_1.wav,0,0,57600000,20230221_112913_045733_1.its,its,,20230221_112913_045733_1.csv,2024-07-10,,custom
its,20201119_134105_024882_1.wav,0,0,44403375,20201119_134105_024882_1.its,its,,20201119_134105_024882_1.csv,2024-07-10,,custom
its,20190110_135751_024878.wav,0,0,35955187,20190110_135751_024878.its,its,,20190110_135751_024878.csv,2024-07-10,,custom
its,20191004_131221_024883_2.wav,0,0,50845750,20191004_131221_024883_2.its,its,,20191004_131221_024883_2.csv,2024-07-10,,custom
its,20210624_093317_024883_2.wav,0,0,46274562,20210624_093317_024883_2.its,its,,20210624_093317_024883_2.csv,2024-07-10,,custom
its,20201216_150145_024880_1.wav,0,0,111801500,20201216_150145_024880_1.its,its,,20201216_150145_024880_1.csv,2024-07-10,,custom
its,20200312_145204_022874.wav,0,0,20150812,20200312_145204_022874.its,its,,20200312_145204_022874.csv,2024-07-10,,custom
its,20180424_113552_022873.wav,0,0,57600125,20180424_113552_022873.its,its,,20180424_113552_022873.csv,2024-07-10,,custom
its,20200729_200751_022874.wav,0,0,52238625,20200729_200751_022874.its,its,,20200729_200751_022874.csv,2024-07-10,,custom
its,20190301_122508_024884_2.wav,0,0,57600000,20190301_122508_024884_2.its,its,,20190301_122508_024884_2.csv,2024-07-10,,custom
its,20201002_114539_024880.wav,0,0,57600000,20201002_114539_024880.its,its,,20201002_114539_024880.csv,2024-07-10,,custom
its,20220722_144639_045738_2.wav,0,0,49301625,20220722_144639_045738_2.its,its,,20220722_144639_045738_2.csv,2024-07-10,,custom
its,20190307_114201_025481.wav,0,0,40125937,20190307_114201_025481.its,its,,20190307_114201_025481.csv,2024-07-10,,custom
its,20190206_123623_024878.wav,0,0,57600000,20190206_123623_024878.its,its,,20190206_123623_024878.csv,2024-07-10,,custom
its,20210127_105355_024882_1.wav,0,0,14178000,20210127_105355_024882_1.its,its,,20210127_105355_024882_1.csv,2024-07-10,,custom
its,20211109_105644_025480_1.wav,0,0,57600000,20211109_105644_025480_1.its,its,,20211109_105644_025480_1.csv,2024-07-10,,custom
its,20180808_111325_024882.wav,0,0,57600000,20180808_111325_024882.its,its,,20180808_111325_024882.csv,2024-07-10,,custom
its,20180424_113402_022874.wav,0,0,37983062,20180424_113402_022874.its,its,,20180424_113402_022874.csv,2024-07-10,,custom
its,20211004_121420_045738_1.wav,0,0,46662312,20211004_121420_045738_1.its,its,,20211004_121420_045738_1.csv,2024-07-10,,custom
its,20200729_201847_024880.wav,0,0,57600000,20200729_201847_024880.its,its,,20200729_201847_024880.csv,2024-07-10,,custom
its,20230228_123152_024884_2.wav,0,0,56033000,20230228_123152_024884_2.its,its,,20230228_123152_024884_2.csv,2024-07-10,,custom
its,20220714_094232_025480_2.wav,0,0,56600562,20220714_094232_025480_2.its,its,,20220714_094232_025480_2.csv,2024-07-10,,custom
its,20210624_123903_043298.wav,0,0,57600000,20210624_123903_043298.its,its,,20210624_123903_043298.csv,2024-07-10,,custom
its,20210303_112648_022874.wav,0,0,57600000,20210303_112648_022874.its,its,,20210303_112648_022874.csv,2024-07-10,,custom
its,20190416_112037_022875.wav,0,0,45835312,20190416_112037_022875.its,its,,20190416_112037_022875.csv,2024-07-10,,custom
its,20230328_105824_025480_2.wav,0,0,57600000,20230328_105824_025480_2.its,its,,20230328_105824_025480_2.csv,2024-07-10,,custom
its,20200813_155629_022870.wav,0,0,45189937,20200813_155629_022870.its,its,,20200813_155629_022870.csv,2024-07-10,,custom
its,20201217_084733_024879_2.wav,0,0,50870125,20201217_084733_024879_2.its,its,,20201217_084733_024879_2.csv,2024-07-10,,custom
its,20171005_132843_009399.wav,0,0,57600125,20171005_132843_009399.its,its,,20171005_132843_009399.csv,2024-07-10,,custom
its,20201023_083845_022875.wav,0,0,57600000,20201023_083845_022875.its,its,,20201023_083845_022875.csv,2024-07-10,,custom
its,20191004_125707_025480_2.wav,0,0,16527812,20191004_125707_025480_2.its,its,,20191004_125707_025480_2.csv,2024-07-10,,custom
its,20191030_104929_024882.wav,0,0,57600000,20191030_104929_024882.its,its,,20191030_104929_024882.csv,2024-07-10,,custom
its,20190501_140431_022870.wav,0,0,49752312,20190501_140431_022870.its,its,,20190501_140431_022870.csv,2024-07-10,,custom
its,20220414_121101_022873_1.wav,0,0,53635000,20220414_121101_022873_1.its,its,,20220414_121101_022873_1.csv,2024-07-10,,custom
its,20220408_134245_024882_1.wav,0,0,57600000,20220408_134245_024882_1.its,its,,20220408_134245_024882_1.csv,2024-07-10,,custom
its,20180327_121840_022874.wav,0,0,43671687,20180327_121840_022874.its,its,,20180327_121840_022874.csv,2024-07-10,,custom
its,20200312_145310_024878_2.wav,0,0,42240687,20200312_145310_024878_2.its,its,,20200312_145310_024878_2.csv,2024-07-10,,custom
its,20220516_101301_022870_2.wav,0,0,43427750,20220516_101301_022870_2.its,its,,20220516_101301_022870_2.csv,2024-07-10,,custom
its,20201123_093717_024880_3.wav,0,0,57600000,20201123_093717_024880_3.its,its,,20201123_093717_024880_3.csv,2024-07-10,,custom
its,20220705_122546_022870_2.wav,0,0,48974812,20220705_122546_022870_2.its,its,,20220705_122546_022870_2.csv,2024-07-10,,custom
its,20191106_173720_024880_1.wav,0,0,45099062,20191106_173720_024880_1.its,its,,20191106_173720_024880_1.csv,2024-07-10,,custom
its,20190222_102700_024878_2.wav,0,0,40941000,20190222_102700_024878_2.its,its,,20190222_102700_024878_2.csv,2024-07-10,,custom
its,20180821_182643_022873.wav,0,0,57600000,20180821_182643_022873.its,its,,20180821_182643_022873.csv,2024-07-10,,custom
its,20220726_115556_024883_2.wav,0,0,48960687,20220726_115556_024883_2.its,its,,20220726_115556_024883_2.csv,2024-07-10,,custom
its,20200414_130727_024883_3.wav,0,0,47048750,20200414_130727_024883_3.its,its,,20200414_130727_024883_3.csv,2024-07-10,,custom
its,20230228_124411_043305_2.wav,0,0,57600000,20230228_124411_043305_2.its,its,,20230228_124411_043305_2.csv,2024-07-10,,custom
its,20220216_162747_022870_1.wav,0,0,43998687,20220216_162747_022870_1.its,its,,20220216_162747_022870_1.csv,2024-07-10,,custom
its,20210624_124711_043305.wav,0,0,57600000,20210624_124711_043305.its,its,,20210624_124711_043305.csv,2024-07-10,,custom
its,20181206_151623_024878.wav,0,0,57600000,20181206_151623_024878.its,its,,20181206_151623_024878.csv,2024-07-10,,custom
its,20200921_145245_024878.wav,0,0,57600000,20200921_145245_024878.its,its,,20200921_145245_024878.csv,2024-07-10,,custom
its,20210810_154653_043305.wav,0,0,43619500,20210810_154653_043305.its,its,,20210810_154653_043305.csv,2024-07-10,,custom
its,20210318_114924_043305_2.wav,0,0,45557312,20210318_114924_043305_2.its,its,,20210318_114924_043305_2.csv,2024-07-10,,custom
its,20170620_163407_009463.wav,0,0,45439187,20170620_163407_009463.its,its,,20170620_163407_009463.csv,2024-07-10,,custom
its,20190115_125833_024884.wav,0,0,47733687,20190115_125833_024884.its,its,,20190115_125833_024884.csv,2024-07-10,,custom
its,20191217_162747_024878_2.wav,0,0,44989437,20191217_162747_024878_2.its,its,,20191217_162747_024878_2.csv,2024-07-10,,custom
its,20210221_162501_024879_2.wav,0,0,57600000,20210221_162501_024879_2.its,its,,20210221_162501_024879_2.csv,2024-07-10,,custom
its,20221114_141608_024884_1.wav,0,0,43355937,20221114_141608_024884_1.its,its,,20221114_141608_024884_1.csv,2024-07-10,,custom
its,20210318_112332_022873.wav,0,0,57600000,20210318_112332_022873.its,its,,20210318_112332_022873.csv,2024-07-10,,custom
its,20201023_084929_022870.wav,0,0,57600000,20201023_084929_022870.its,its,,20201023_084929_022870.csv,2024-07-10,,custom
its,20230405_090552_045738_2.wav,0,0,49690250,20230405_090552_045738_2.its,its,,20230405_090552_045738_2.csv,2024-07-10,,custom
its,20181221_141812_022874.wav,0,0,43221500,20181221_141812_022874.its,its,,20181221_141812_022874.csv,2024-07-10,,custom
its,20200828_120831_022875.wav,0,0,57600000,20200828_120831_022875.its,its,,20200828_120831_022875.csv,2024-07-10,,custom
its,20220118_085259_045737_1.wav,0,0,57600000,20220118_085259_045737_1.its,its,,20220118_085259_045737_1.csv,2024-07-10,,custom
its,20200729_202653_024882.wav,0,0,49080812,20200729_202653_024882.its,its,,20200729_202653_024882.csv,2024-07-10,,custom
its,20210706_133031_025480.wav,0,0,57600000,20210706_133031_025480.its,its,,20210706_133031_025480.csv,2024-07-10,,custom
its,20210624_123256_024880.wav,0,0,57600000,20210624_123256_024880.its,its,,20210624_123256_024880.csv,2024-07-10,,custom
its,20191118_170512_022873.wav,0,0,57600000,20191118_170512_022873.its,its,,20191118_170512_022873.csv,2024-07-10,,custom
its,20220829_105740_024880_2.wav,0,0,45566500,20220829_105740_024880_2.its,its,,20220829_105740_024880_2.csv,2024-07-10,,custom
its,20181206_151905_022874.wav,0,0,44707562,20181206_151905_022874.its,its,,20181206_151905_022874.csv,2024-07-10,,custom
its,20220711_113631_043302_2.wav,0,0,47028562,20220711_113631_043302_2.its,its,,20220711_113631_043302_2.csv,2024-07-10,,custom
its,20210504_111545_022870.wav,0,0,57600000,20210504_111545_022870.its,its,,20210504_111545_022870.csv,2024-07-10,,custom
its,20181130_145050_024879.wav,0,0,52115312,20181130_145050_024879.its,its,,20181130_145050_024879.csv,2024-07-10,,custom
its,20181101_124332_025480_1.wav,0,0,57600000,20181101_124332_025480_1.its,its,,20181101_124332_025480_1.csv,2024-07-10,,custom
its,20220719_095447_043305_2.wav,0,0,57600000,20220719_095447_043305_2.its,its,,20220719_095447_043305_2.csv,2024-07-10,,custom
its,20190905_131625_024880_2.wav,0,0,52719750,20190905_131625_024880_2.its,its,,20190905_131625_024880_2.csv,2024-07-10,,custom
its,20220803_132413_043299_2.wav,0,0,40711437,20220803_132413_043299_2.its,its,,20220803_132413_043299_2.csv,2024-07-10,,custom
its,20220727_105320_024884_2.wav,0,0,49082750,20220727_105320_024884_2.its,its,,20220727_105320_024884_2.csv,2024-07-10,,custom
its,20210111_142427_022874.wav,0,0,44813812,20210111_142427_022874.its,its,,20210111_142427_022874.csv,2024-07-10,,custom
its,20190819_144621_024878_1.wav,0,0,46608125,20190819_144621_024878_1.its,its,,20190819_144621_024878_1.csv,2024-07-10,,custom
its,20181211_160917_024880.wav,0,0,57600000,20181211_160917_024880.its,its,,20181211_160917_024880.csv,2024-07-10,,custom
its,20220516_094951_024880_1.wav,0,0,39444937,20220516_094951_024880_1.its,its,,20220516_094951_024880_1.csv,2024-07-10,,custom
its,20200513_114127_024884.wav,0,0,57600000,20200513_114127_024884.its,its,,20200513_114127_024884.csv,2024-07-10,,custom
its,20181115_130413_022872.wav,0,0,57600000,20181115_130413_022872.its,its,,20181115_130413_022872.csv,2024-07-10,,custom
its,20210414_211903_024880_2.wav,0,0,57600000,20210414_211903_024880_2.its,its,,20210414_211903_024880_2.csv,2024-07-10,,custom
its,20230208_151351_045738_2.wav,0,0,46737437,20230208_151351_045738_2.its,its,,20230208_151351_045738_2.csv,2024-07-10,,custom
its,20180419_111712_022875.wav,0,0,44076875,20180419_111712_022875.its,its,,20180419_111712_022875.csv,2024-07-10,,custom
its,20210520_130608_043299_1.wav,0,0,57600000,20210520_130608_043299_1.its,its,,20210520_130608_043299_1.csv,2024-07-10,,custom
its,20210210_104552_022870.wav,0,0,57600000,20210210_104552_022870.its,its,,20210210_104552_022870.csv,2024-07-10,,custom
its,20181101_124332_025480_2.wav,0,0,57600000,20181101_124332_025480_2.its,its,,20181101_124332_025480_2.csv,2024-07-10,,custom
its,20230622_101644_043300_2.wav,0,0,43350437,20230622_101644_043300_2.its,its,,20230622_101644_043300_2.csv,2024-07-10,,custom
its,20181128_142339_024884.wav,0,0,57600000,20181128_142339_024884.its,its,,20181128_142339_024884.csv,2024-07-10,,custom
its,20190618_135122_024883.wav,0,0,57600000,20190618_135122_024883.its,its,,20190618_135122_024883.csv,2024-07-10,,custom
its,20211004_114637_022870.wav,0,0,46779875,20211004_114637_022870.its,its,,20211004_114637_022870.csv,2024-07-10,,custom
its,20230425_114841_045738_2.wav,0,0,42934750,20230425_114841_045738_2.its,its,,20230425_114841_045738_2.csv,2024-07-10,,custom
its,20210127_105022_022873.wav,0,0,57600000,20210127_105022_022873.its,its,,20210127_105022_022873.csv,2024-07-10,,custom
its,20230314_121209_043300_1.wav,0,0,57600000,20230314_121209_043300_1.its,its,,20230314_121209_043300_1.csv,2024-07-10,,custom
its,20190819_205941_024879.wav,0,0,57600000,20190819_205941_024879.its,its,,20190819_205941_024879.csv,2024-07-10,,custom
its,20220630_132604_024880_1.wav,0,0,57502000,20220630_132604_024880_1.its,its,,20220630_132604_024880_1.csv,2024-07-10,,custom
its,20210922_112252_043298_1.wav,0,0,57600000,20210922_112252_043298_1.its,its,,20210922_112252_043298_1.csv,2024-07-10,,custom
its,20230111_132607_024884.wav,0,0,57600000,20230111_132607_024884.its,its,,20230111_132607_024884.csv,2024-07-10,,custom
its,20181009_143916_022873.wav,0,0,57600000,20181009_143916_022873.its,its,,20181009_143916_022873.csv,2024-07-10,,custom
its,20191004_125707_025480_1.wav,0,0,21796937,20191004_125707_025480_1.its,its,,20191004_125707_025480_1.csv,2024-07-10,,custom
its,20200414_125938_024878_2.wav,0,0,34729375,20200414_125938_024878_2.its,its,,20200414_125938_024878_2.csv,2024-07-10,,custom
its,20180530_180405_024879.wav,0,0,45418562,20180530_180405_024879.its,its,,20180530_180405_024879.csv,2024-07-10,,custom
its,20210726_101603_043300_1.wav,0,0,57600000,20210726_101603_043300_1.its,its,,20210726_101603_043300_1.csv,2024-07-10,,custom
its,20230131_124242_043302_2.wav,0,0,41127125,20230131_124242_043302_2.its,its,,20230131_124242_043302_2.csv,2024-07-10,,custom
its,20180530_182225_022872.wav,0,0,47698625,20180530_182225_022872.its,its,,20180530_182225_022872.csv,2024-07-10,,custom
its,20210624_124109_024882.wav,0,0,57600000,20210624_124109_024882.its,its,,20210624_124109_024882.csv,2024-07-10,,custom
its,20191217_164433_024882.wav,0,0,57600000,20191217_164433_024882.its,its,,20191217_164433_024882.csv,2024-07-10,,custom
its,20211202_121029_043302.wav,0,0,57600000,20211202_121029_043302.its,its,,20211202_121029_043302.csv,2024-07-10,,custom
its,20220731_113759_045737_2.wav,0,0,43719500,20220731_113759_045737_2.its,its,,20220731_113759_045737_2.csv,2024-07-10,,custom
its,20220412_100349_045737_1.wav,0,0,51438500,20220412_100349_045737_1.its,its,,20220412_100349_045737_1.csv,2024-07-10,,custom
its,20190828_145547_024884_2.wav,0,0,44403625,20190828_145547_024884_2.its,its,,20190828_145547_024884_2.csv,2024-07-10,,custom
its,20220513_130051_043300_2.wav,0,0,37175250,20220513_130051_043300_2.its,its,,20220513_130051_043300_2.csv,2024-07-10,,custom
its,20190207_135236_024882.wav,0,0,41698687,20190207_135236_024882.its,its,,20190207_135236_024882.csv,2024-07-10,,custom
its,20230110_120835_024882_2.wav,0,0,41753687,20230110_120835_024882_2.its,its,,20230110_120835_024882_2.csv,2024-07-10,,custom
its,20190604_163402_025480.wav,0,0,57600000,20190604_163402_025480.its,its,,20190604_163402_025480.csv,2024-07-10,,custom
its,20210312_163016_025480.wav,0,0,57600000,20210312_163016_025480.its,its,,20210312_163016_025480.csv,2024-07-10,,custom
its,20230214_105958_043300_2.wav,0,0,44817875,20230214_105958_043300_2.its,its,,20230214_105958_043300_2.csv,2024-07-10,,custom
its,20200212_135855_024882_1.wav,0,0,57600000,20200212_135855_024882_1.its,its,,20200212_135855_024882_1.csv,2024-07-10,,custom
its,20210602_131937_022873.wav,0,0,57600000,20210602_131937_022873.its,its,,20210602_131937_022873.csv,2024-07-10,,custom
its,20220627_105047_024883_1.wav,0,0,43294125,20220627_105047_024883_1.its,its,,20220627_105047_024883_1.csv,2024-07-10,,custom
its,20221018_135301_043300_3.wav,0,0,766625,20221018_135301_043300_3.its,its,,20221018_135301_043300_3.csv,2024-07-10,,custom
its,20200212_135321_024883_2.wav,0,0,57600000,20200212_135321_024883_2.its,its,,20200212_135321_024883_2.csv,2024-07-10,,custom
its,20220705_160928_024884_2.wav,0,0,40975437,20220705_160928_024884_2.its,its,,20220705_160928_024884_2.csv,2024-07-10,,custom
its,20191120_104516_024879_3.wav,0,0,49650375,20191120_104516_024879_3.its,its,,20191120_104516_024879_3.csv,2024-07-10,,custom
its,20180808_110630_024879.wav,0,0,42456000,20180808_110630_024879.its,its,,20180808_110630_024879.csv,2024-07-10,,custom
its,20200427_232107_022870_1.wav,0,0,38397250,20200427_232107_022870_1.its,its,,20200427_232107_022870_1.csv,2024-07-10,,custom
its,20221018_135301_043300_4.wav,0,0,40018062,20221018_135301_043300_4.its,its,,20221018_135301_043300_4.csv,2024-07-10,,custom
its,20190226_105144_022875.wav,0,0,57600000,20190226_105144_022875.its,its,,20190226_105144_022875.csv,2024-07-10,,custom
its,20180809_181624_025481.wav,0,0,45218312,20180809_181624_025481.its,its,,20180809_181624_025481.csv,2024-07-10,,custom
its,20201123_095637_025480.wav,0,0,57600000,20201123_095637_025480.its,its,,20201123_095637_025480.csv,2024-07-10,,custom
its,20210210_105331_024883.wav,0,0,35051875,20210210_105331_024883.its,its,,20210210_105331_024883.csv,2024-07-10,,custom
its,20181115_130044_024882.wav,0,0,57600000,20181115_130044_024882.its,its,,20181115_130044_024882.csv,2024-07-10,,custom
its,20200813_161017_022873.wav,0,0,52130312,20200813_161017_022873.its,its,,20200813_161017_022873.csv,2024-07-10,,custom
its,20220322_103011_022870_2.wav,0,0,45108562,20220322_103011_022870_2.its,its,,20220322_103011_022870_2.csv,2024-07-10,,custom
its,20190424_135540_024883_2.wav,0,0,41116437,20190424_135540_024883_2.its,its,,20190424_135540_024883_2.csv,2024-07-10,,custom
its,20230208_103250_043299_1.wav,0,0,57600000,20230208_103250_043299_1.its,its,,20230208_103250_043299_1.csv,2024-07-10,,custom
its,20210312_162250_024883.wav,0,0,57600000,20210312_162250_024883.its,its,,20210312_162250_024883.csv,2024-07-10,,custom
its,20230228_112602_025480_1.wav,0,0,40467000,20230228_112602_025480_1.its,its,,20230228_112602_025480_1.csv,2024-07-10,,custom
its,20201104_094551_024882_1.wav,0,0,57600000,20201104_094551_024882_1.its,its,,20201104_094551_024882_1.csv,2024-07-10,,custom
its,20210401_141025_022870.wav,0,0,43404875,20210401_141025_022870.its,its,,20210401_141025_022870.csv,2024-07-10,,custom
its,20200303_113417_024878_1.wav,0,0,37095500,20200303_113417_024878_1.its,its,,20200303_113417_024878_1.csv,2024-07-10,,custom
its,20210810_155503_043298.wav,0,0,57600000,20210810_155503_043298.its,its,,20210810_155503_043298.csv,2024-07-10,,custom
its,20211102_135358_045732_1.wav,0,0,57600000,20211102_135358_045732_1.its,its,,20211102_135358_045732_1.csv,2024-07-10,,custom
its,20210924_103333_045733_1.wav,0,0,50782125,20210924_103333_045733_1.its,its,,20210924_103333_045733_1.csv,2024-07-10,,custom
its,20210303_112011_022873.wav,0,0,57600000,20210303_112011_022873.its,its,,20210303_112011_022873.csv,2024-07-10,,custom
its,20200701_171816_024879_1.wav,0,0,57600000,20200701_171816_024879_1.its,its,,20200701_171816_024879_1.csv,2024-07-10,,custom
its,20210902_111305_045737_1.wav,0,0,57600000,20210902_111305_045737_1.its,its,,20210902_111305_045737_1.csv,2024-07-10,,custom
its,20181218_132511_022873.wav,0,0,46184625,20181218_132511_022873.its,its,,20181218_132511_022873.csv,2024-07-10,,custom
its,20230404_115212_043300_2.wav,0,0,38302750,20230404_115212_043300_2.its,its,,20230404_115212_043300_2.csv,2024-07-10,,custom
its,20210210_103228_022874.wav,0,0,47007562,20210210_103228_022874.its,its,,20210210_103228_022874.csv,2024-07-10,,custom
its,20230509_144410_045737_2.wav,0,0,35121875,20230509_144410_045737_2.its,its,,20230509_144410_045737_2.csv,2024-07-10,,custom
its,20210602_131320_043300.wav,0,0,57600000,20210602_131320_043300.its,its,,20210602_131320_043300.csv,2024-07-10,,custom
its,20211103_114626_022870_1.wav,0,0,45336375,20211103_114626_022870_1.its,its,,20211103_114626_022870_1.csv,2024-07-10,,custom
its,20231025_115855_045737_2.wav,0,0,39369562,20231025_115855_045737_2.its,its,,20231025_115855_045737_2.csv,2024-07-10,,custom
its,20220823_141305_024879_2.wav,0,0,49808125,20220823_141305_024879_2.its,its,,20220823_141305_024879_2.csv,2024-07-10,,custom
its,20210817_164105_024884.wav,0,0,54143687,20210817_164105_024884.its,its,,20210817_164105_024884.csv,2024-07-10,,custom
its,20210624_093549_024884_1.wav,0,0,45908250,20210624_093549_024884_1.its,its,,20210624_093549_024884_1.csv,2024-07-10,,custom
its,20210303_113144_022870.wav,0,0,57600000,20210303_113144_022870.its,its,,20210303_113144_022870.csv,2024-07-10,,custom
its,20220913_122544_045738.wav,0,0,47758812,20220913_122544_045738.its,its,,20220913_122544_045738.csv,2024-07-10,,custom
its,20220513_113018_024879_2.wav,0,0,25847750,20220513_113018_024879_2.its,its,,20220513_113018_024879_2.csv,2024-07-10,,custom
its,20191120_103301_024878_2.wav,0,0,48529312,20191120_103301_024878_2.its,its,,20191120_103301_024878_2.csv,2024-07-10,,custom
its,20230308_094400_045733_2.wav,0,0,43720750,20230308_094400_045733_2.its,its,,20230308_094400_045733_2.csv,2024-07-10,,custom
its,20181115_125615_024883.wav,0,0,57600000,20181115_125615_024883.its,its,,20181115_125615_024883.csv,2024-07-10,,custom
its,20221101_141349_043302_1.wav,0,0,46175937,20221101_141349_043302_1.its,its,,20221101_141349_043302_1.csv,2024-07-10,,custom
its,20220429_131117_024883_1.wav,0,0,45085125,20220429_131117_024883_1.its,its,,20220429_131117_024883_1.csv,2024-07-10,,custom
its,20230314_110332_043302_1.wav,0,0,43751812,20230314_110332_043302_1.its,its,,20230314_110332_043302_1.csv,2024-07-10,,custom
its,20190828_145417_024879_2.wav,0,0,35438812,20190828_145417_024879_2.its,its,,20190828_145417_024879_2.csv,2024-07-10,,custom
its,20210817_164449_043300.wav,0,0,47046250,20210817_164449_043300.its,its,,20210817_164449_043300.csv,2024-07-10,,custom
its,20190927_114549_024878.wav,0,0,57600000,20190927_114549_024878.its,its,,20190927_114549_024878.csv,2024-07-10,,custom
its,20181207_135636_022875_3.wav,0,0,10363187,20181207_135636_022875_3.its,its,,20181207_135636_022875_3.csv,2024-07-10,,custom
its,20221205_151622_043305_2.wav,0,0,40516625,20221205_151622_043305_2.its,its,,20221205_151622_043305_2.csv,2024-07-10,,custom
its,20210910_134003_022873.wav,0,0,57600000,20210910_134003_022873.its,its,,20210910_134003_022873.csv,2024-07-10,,custom
its,20210303_114715_024882.wav,0,0,53422937,20210303_114715_024882.its,its,,20210303_114715_024882.csv,2024-07-10,,custom
its,20180405_171716_022875.wav,0,0,57600125,20180405_171716_022875.its,its,,20180405_171716_022875.csv,2024-07-10,,custom
its,20230726_132638_043299_2.wav,0,0,46028375,20230726_132638_043299_2.its,its,,20230726_132638_043299_2.csv,2024-07-10,,custom
its,20191204_101503_025480.wav,0,0,44154812,20191204_101503_025480.its,its,,20191204_101503_025480.csv,2024-07-10,,custom
its,20230321_124603_024879_1.wav,0,0,57600000,20230321_124603_024879_1.its,its,,20230321_124603_024879_1.csv,2024-07-10,,custom
its,20210615_144537_043299.wav,0,0,45815062,20210615_144537_043299.its,its,,20210615_144537_043299.csv,2024-07-10,,custom
its,20200427_232107_022870_3.wav,0,0,19199000,20200427_232107_022870_3.its,its,,20200427_232107_022870_3.csv,2024-07-10,,custom
its,20190819_210318_025481_2.wav,0,0,43398312,20190819_210318_025481_2.its,its,,20190819_210318_025481_2.csv,2024-07-10,,custom
its,20181218_132113_024879.wav,0,0,57600000,20181218_132113_024879.its,its,,20181218_132113_024879.csv,2024-07-10,,custom
its,20181207_135636_022875_1.wav,0,0,1887312,20181207_135636_022875_1.its,its,,20181207_135636_022875_1.csv,2024-07-10,,custom
its,20200921_145948_024882.wav,0,0,57600000,20200921_145948_024882.its,its,,20200921_145948_024882.csv,2024-07-10,,custom
its,20201030_085516_022874.wav,0,0,57600000,20201030_085516_022874.its,its,,20201030_085516_022874.csv,2024-07-10,,custom
its,20181207_134922_025481.wav,0,0,57600000,20181207_134922_025481.its,its,,20181207_134922_025481.csv,2024-07-10,,custom
its,20210324_131611_043300.wav,0,0,57600000,20210324_131611_043300.its,its,,20210324_131611_043300.csv,2024-07-10,,custom
its,20180308_114648_022870.wav,0,0,46296437,20180308_114648_022870.its,its,,20180308_114648_022870.csv,2024-07-10,,custom
its,20190214_135936_024883.wav,0,0,46773000,20190214_135936_024883.its,its,,20190214_135936_024883.csv,2024-07-10,,custom
its,20211019_120823_045733_2.wav,0,0,52796562,20211019_120823_045733_2.its,its,,20211019_120823_045733_2.csv,2024-07-10,,custom
its,20230516_124617_024879_1.wav,0,0,49259125,20230516_124617_024879_1.its,its,,20230516_124617_024879_1.csv,2024-07-10,,custom
its,20170901_162854_009463.wav,0,0,57600125,20170901_162854_009463.its,its,,20170901_162854_009463.csv,2024-07-10,,custom
its,20190404_133651_024882_1.wav,0,0,52902000,20190404_133651_024882_1.its,its,,20190404_133651_024882_1.csv,2024-07-10,,custom
its,20200304_101532_024883_2.wav,0,0,57600000,20200304_101532_024883_2.its,its,,20200304_101532_024883_2.csv,2024-07-10,,custom
its,20221110_135610_045733_1.wav,0,0,45164812,20221110_135610_045733_1.its,its,,20221110_135610_045733_1.csv,2024-07-10,,custom
its,20200622_183505_024882.wav,0,0,57600000,20200622_183505_024882.its,its,,20200622_183505_024882.csv,2024-07-10,,custom
its,20220624_095947_043300_1.wav,0,0,44454687,20220624_095947_043300_1.its,its,,20220624_095947_043300_1.csv,2024-07-10,,custom
its,20190917_075812_025481_1.wav,0,0,39922750,20190917_075812_025481_1.its,its,,20190917_075812_025481_1.csv,2024-07-10,,custom
its,20210127_105355_024882_2.wav,0,0,14698562,20210127_105355_024882_2.its,its,,20210127_105355_024882_2.csv,2024-07-10,,custom
its,20230214_124426_043302_1.wav,0,0,38676500,20230214_124426_043302_1.its,its,,20230214_124426_043302_1.csv,2024-07-10,,custom
its,20180628_150733_022870.wav,0,0,57600000,20180628_150733_022870.its,its,,20180628_150733_022870.csv,2024-07-10,,custom
its,20200513_120319_022874.wav,0,0,57600000,20200513_120319_022874.its,its,,20200513_120319_022874.csv,2024-07-10,,custom
its,20220112_114228_045738_2.wav,0,0,57600000,20220112_114228_045738_2.its,its,,20220112_114228_045738_2.csv,2024-07-10,,custom
its,20220720_132637_024882_2.wav,0,0,44651437,20220720_132637_024882_2.its,its,,20220720_132637_024882_2.csv,2024-07-10,,custom
its,20191015_103838_024879_1.wav,0,0,57600000,20191015_103838_024879_1.its,its,,20191015_103838_024879_1.csv,2024-07-10,,custom
its,20230606_122122_025480_2.wav,0,0,45455062,20230606_122122_025480_2.its,its,,20230606_122122_025480_2.csv,2024-07-10,,custom
its,20180227_154841_022875.wav,0,0,57600125,20180227_154841_022875.its,its,,20180227_154841_022875.csv,2024-07-10,,custom
its,20181115_125826_024880.wav,0,0,43791937,20181115_125826_024880.its,its,,20181115_125826_024880.csv,2024-07-10,,custom
its,20180906_133202_022870.wav,0,0,42459875,20180906_133202_022870.its,its,,20180906_133202_022870.csv,2024-07-10,,custom
its,20190424_140125_024878_1.wav,0,0,57600000,20190424_140125_024878_1.its,its,,20190424_140125_024878_1.csv,2024-07-10,,custom
its,20190104_125237_024883.wav,0,0,57600000,20190104_125237_024883.its,its,,20190104_125237_024883.csv,2024-07-10,,custom
its,20210210_110009_022873.wav,0,0,57600000,20210210_110009_022873.its,its,,20210210_110009_022873.csv,2024-07-10,,custom
its,20190912_091823_022874.wav,0,0,57600000,20190912_091823_022874.its,its,,20190912_091823_022874.csv,2024-07-10,,custom
its,20210930_113450_043300_2.wav,0,0,57605687,20210930_113450_043300_2.its,its,,20210930_113450_043300_2.csv,2024-07-10,,custom
its,20210112_153555_024882_2.wav,0,0,19268625,20210112_153555_024882_2.its,its,,20210112_153555_024882_2.csv,2024-07-10,,custom
its,20220624_140959_025480_2.wav,0,0,45490937,20220624_140959_025480_2.its,its,,20220624_140959_025480_2.csv,2024-07-10,,custom
its,20210318_114509_043298.wav,0,0,57600000,20210318_114509_043298.its,its,,20210318_114509_043298.csv,2024-07-10,,custom
its,20220830_095853_022873_1.wav,0,0,4333937,20220830_095853_022873_1.its,its,,20220830_095853_022873_1.csv,2024-07-10,,custom
its,20180530_181655_022873.wav,0,0,41995562,20180530_181655_022873.its,its,,20180530_181655_022873.csv,2024-07-10,,custom
its,20220429_145146_024882_1.wav,0,0,57600000,20220429_145146_024882_1.its,its,,20220429_145146_024882_1.csv,2024-07-10,,custom
its,20180206_110905_009463.wav,0,0,57600125,20180206_110905_009463.its,its,,20180206_110905_009463.csv,2024-07-10,,custom
its,20191015_104144_024880_2.wav,0,0,11526750,20191015_104144_024880_2.its,its,,20191015_104144_024880_2.csv,2024-07-10,,custom
its,20190104_125403_024884.wav,0,0,57600000,20190104_125403_024884.its,its,,20190104_125403_024884.csv,2024-07-10,,custom
its,20190909_162209_025481_1.wav,0,0,57600000,20190909_162209_025481_1.its,its,,20190909_162209_025481_1.csv,2024-07-10,,custom
its,20221129_154915_045733_1.wav,0,0,48470375,20221129_154915_045733_1.its,its,,20221129_154915_045733_1.csv,2024-07-10,,custom
its,20181203_135820_024883.wav,0,0,57600000,20181203_135820_024883.its,its,,20181203_135820_024883.csv,2024-07-10,,custom
its,20230328_132555_045737_1.wav,0,0,57600000,20230328_132555_045737_1.its,its,,20230328_132555_045737_1.csv,2024-07-10,,custom
its,20220224_125206_043299_1.wav,0,0,54982437,20220224_125206_043299_1.its,its,,20220224_125206_043299_1.csv,2024-07-10,,custom
its,20180906_131545_025480.wav,0,0,57600000,20180906_131545_025480.its,its,,20180906_131545_025480.csv,2024-07-10,,custom
its,20191015_104352_024883_1.wav,0,0,57600000,20191015_104352_024883_1.its,its,,20191015_104352_024883_1.csv,2024-07-10,,custom
its,20180918_114920_022870.wav,0,0,41173750,20180918_114920_022870.its,its,,20180918_114920_022870.csv,2024-07-10,,custom
its,20231206_100916_043302_2.wav,0,0,45459250,20231206_100916_043302_2.its,its,,20231206_100916_043302_2.csv,2024-07-10,,custom
its,20191004_124906_024884.wav,0,0,57600000,20191004_124906_024884.its,its,,20191004_124906_024884.csv,2024-07-10,,custom
its,20220712_113417_045737_3.wav,0,0,42665187,20220712_113417_045737_3.its,its,,20220712_113417_045737_3.csv,2024-07-10,,custom
its,20200319_064351_024882_1.wav,0,0,47653500,20200319_064351_024882_1.its,its,,20200319_064351_024882_1.csv,2024-07-10,,custom
its,20180913_111944_024880.wav,0,0,57600000,20180913_111944_024880.its,its,,20180913_111944_024880.csv,2024-07-10,,custom
its,20221202_164216_045738_2.wav,0,0,44533000,20221202_164216_045738_2.its,its,,20221202_164216_045738_2.csv,2024-07-10,,custom
its,20180808_111213_024881.wav,0,0,47622375,20180808_111213_024881.its,its,,20180808_111213_024881.csv,2024-07-10,,custom
its,20191217_163433_024883.wav,0,0,41767000,20191217_163433_024883.its,its,,20191217_163433_024883.csv,2024-07-10,,custom
its,20230509_154440_043299_2.wav,0,0,50953187,20230509_154440_043299_2.its,its,,20230509_154440_043299_2.csv,2024-07-10,,custom
its,20201216_161229_024883_1.wav,0,0,51176562,20201216_161229_024883_1.its,its,,20201216_161229_024883_1.csv,2024-07-10,,custom
its,20180417_111117_022874.wav,0,0,11775687,20180417_111117_022874.its,its,,20180417_111117_022874.csv,2024-07-10,,custom
its,20210312_163542_024884.wav,0,0,57600000,20210312_163542_024884.its,its,,20210312_163542_024884.csv,2024-07-10,,custom
its,20220401_085720_024879.wav,0,0,57600000,20220401_085720_024879.its,its,,20220401_085720_024879.csv,2024-07-10,,custom
its,20180530_181958_022870.wav,0,0,57600000,20180530_181958_022870.its,its,,20180530_181958_022870.csv,2024-07-10,,custom
its,20210414_211244_024882_1.wav,0,0,57600000,20210414_211244_024882_1.its,its,,20210414_211244_024882_1.csv,2024-07-10,,custom
its,20181207_135236_025482.wav,0,0,57600000,20181207_135236_025482.its,its,,20181207_135236_025482.csv,2024-07-10,,custom
its,20220222_121343_022873_2.wav,0,0,57600000,20220222_121343_022873_2.its,its,,20220222_121343_022873_2.csv,2024-07-10,,custom
its,20221214_161607_045737_1.wav,0,0,57600000,20221214_161607_045737_1.its,its,,20221214_161607_045737_1.csv,2024-07-10,,custom
vtc,20221110_135610_045733_1.wav,0,0,45164812,20221110_135610_045733_1.rttm,vtc_rttm,,20221110_135610_045733_1.csv,2024-07-10,,custom
vtc,20230221_112913_045733_1.wav,0,0,57600000,20230221_112913_045733_1.rttm,vtc_rttm,,20230221_112913_045733_1.csv,2024-07-10,,custom
vtc,20210324_131611_043300.wav,0,0,57600000,20210324_131611_043300.rttm,vtc_rttm,,20210324_131611_043300.csv,2024-07-10,,custom
vtc,20210504_102146_025480_2.wav,0,0,40028187,20210504_102146_025480_2.rttm,vtc_rttm,,20210504_102146_025480_2.csv,2024-07-10,,custom
vtc,20210303_114117_022875.wav,0,0,57600000,20210303_114117_022875.rttm,vtc_rttm,,20210303_114117_022875.csv,2024-07-10,,custom
vtc,20200622_183505_024882.wav,0,0,57600000,20200622_183505_024882.rttm,vtc_rttm,,20200622_183505_024882.csv,2024-07-10,,custom
vtc,20200312_150451_024884.wav,0,0,57600000,20200312_150451_024884.rttm,vtc_rttm,,20200312_150451_024884.csv,2024-07-10,,custom
vtc,20200921_143923_024883.wav,0,0,57600000,20200921_143923_024883.rttm,vtc_rttm,,20200921_143923_024883.csv,2024-07-10,,custom
vtc,20190828_150425_025480_2.wav,0,0,47737812,20190828_150425_025480_2.rttm,vtc_rttm,,20190828_150425_025480_2.csv,2024-07-10,,custom
vtc,20220224_125206_043299_1.wav,0,0,54982437,20220224_125206_043299_1.rttm,vtc_rttm,,20220224_125206_043299_1.csv,2024-07-10,,custom
vtc,20220720_132637_024882_2.wav,0,0,44651437,20220720_132637_024882_2.rttm,vtc_rttm,,20220720_132637_024882_2.csv,2024-07-10,,custom
vtc,20191015_104144_024880_3.wav,0,0,12207187,20191015_104144_024880_3.rttm,vtc_rttm,,20191015_104144_024880_3.csv,2024-07-10,,custom
vtc,20211019_120823_045733_2.wav,0,0,52796562,20211019_120823_045733_2.rttm,vtc_rttm,,20211019_120823_045733_2.csv,2024-07-10,,custom
vtc,20180906_133011_022875.wav,0,0,57600000,20180906_133011_022875.rttm,vtc_rttm,,20180906_133011_022875.csv,2024-07-10,,custom
vtc,20230516_124617_024879_1.wav,0,0,49259125,20230516_124617_024879_1.rttm,vtc_rttm,,20230516_124617_024879_1.csv,2024-07-10,,custom
vtc,20190912_091823_022874.wav,0,0,57600000,20190912_091823_022874.rttm,vtc_rttm,,20190912_091823_022874.csv,2024-07-10,,custom
vtc,20221117_094308_045737_2.wav,0,0,53327562,20221117_094308_045737_2.rttm,vtc_rttm,,20221117_094308_045737_2.csv,2024-07-10,,custom
vtc,20200729_201119_024879.wav,0,0,57600000,20200729_201119_024879.rttm,vtc_rttm,,20200729_201119_024879.csv,2024-07-10,,custom
vtc,20220303_120548_045737_2.wav,0,0,39869250,20220303_120548_045737_2.rttm,vtc_rttm,,20220303_120548_045737_2.csv,2024-07-10,,custom
vtc,20190214_135936_024883.wav,0,0,46773000,20190214_135936_024883.rttm,vtc_rttm,,20190214_135936_024883.csv,2024-07-10,,custom
vtc,20190404_133651_024882_1.wav,0,0,52902000,20190404_133651_024882_1.rttm,vtc_rttm,,20190404_133651_024882_1.csv,2024-07-10,,custom
vtc,20180906_133341_024881.wav,0,0,57600000,20180906_133341_024881.rttm,vtc_rttm,,20180906_133341_024881.csv,2024-07-10,,custom
vtc,20210303_115314_024880.wav,0,0,57600000,20210303_115314_024880.rttm,vtc_rttm,,20210303_115314_024880.csv,2024-07-10,,custom
vtc,20230214_124426_043302_1.wav,0,0,38676500,20230214_124426_043302_1.rttm,vtc_rttm,,20230214_124426_043302_1.csv,2024-07-10,,custom
vtc,20191120_103727_024882_1.wav,0,0,57600000,20191120_103727_024882_1.rttm,vtc_rttm,,20191120_103727_024882_1.csv,2024-07-10,,custom
vtc,20220809_093436_022873_1.wav,0,0,57600000,20220809_093436_022873_1.rttm,vtc_rttm,,20220809_093436_022873_1.csv,2024-07-10,,custom
vtc,20180308_114648_022870.wav,0,0,46296437,20180308_114648_022870.rttm,vtc_rttm,,20180308_114648_022870.csv,2024-07-10,,custom
vtc,20200304_101532_024883_2.wav,0,0,57600000,20200304_101532_024883_2.rttm,vtc_rttm,,20200304_101532_024883_2.csv,2024-07-10,,custom
vtc,20220624_095947_043300_1.wav,0,0,44454687,20220624_095947_043300_1.rttm,vtc_rttm,,20220624_095947_043300_1.csv,2024-07-10,,custom
vtc,20191217_162747_024878_2.wav,0,0,44989437,20191217_162747_024878_2.rttm,vtc_rttm,,20191217_162747_024878_2.csv,2024-07-10,,custom
vtc,20211022_110857_045737_2.wav,0,0,57600000,20211022_110857_045737_2.rttm,vtc_rttm,,20211022_110857_045737_2.csv,2024-07-10,,custom
vtc,20210920_104409_022875_1.wav,0,0,41471812,20210920_104409_022875_1.rttm,vtc_rttm,,20210920_104409_022875_1.csv,2024-07-10,,custom
vtc,20180327_121840_022874.wav,0,0,43671687,20180327_121840_022874.rttm,vtc_rttm,,20180327_121840_022874.csv,2024-07-10,,custom
vtc,20221205_151622_043305_2.wav,0,0,40516625,20221205_151622_043305_2.rttm,vtc_rttm,,20221205_151622_043305_2.csv,2024-07-10,,custom
vtc,20230228_124411_043305_2.wav,0,0,57600000,20230228_124411_043305_2.rttm,vtc_rttm,,20230228_124411_043305_2.csv,2024-07-10,,custom
vtc,20210910_134003_022873.wav,0,0,57600000,20210910_134003_022873.rttm,vtc_rttm,,20210910_134003_022873.csv,2024-07-10,,custom
vtc,20180417_111117_022874.wav,0,0,11775687,20180417_111117_022874.rttm,vtc_rttm,,20180417_111117_022874.csv,2024-07-10,,custom
vtc,20170620_163407_009463.wav,0,0,45439187,20170620_163407_009463.rttm,vtc_rttm,,20170620_163407_009463.csv,2024-07-10,,custom
vtc,20180405_171716_022875.wav,0,0,57600125,20180405_171716_022875.rttm,vtc_rttm,,20180405_171716_022875.csv,2024-07-10,,custom
vtc,20221202_142744_043302_2.wav,0,0,44420312,20221202_142744_043302_2.rttm,vtc_rttm,,20221202_142744_043302_2.csv,2024-07-10,,custom
vtc,20181207_135636_022875_3.wav,0,0,10363187,20181207_135636_022875_3.rttm,vtc_rttm,,20181207_135636_022875_3.csv,2024-07-10,,custom
vtc,20211004_121420_045738_1.wav,0,0,46662312,20211004_121420_045738_1.rttm,vtc_rttm,,20211004_121420_045738_1.csv,2024-07-10,,custom
vtc,20210127_105355_024882_1.wav,0,0,14178000,20210127_105355_024882_1.rttm,vtc_rttm,,20210127_105355_024882_1.csv,2024-07-10,,custom
vtc,20230726_132638_043299_2.wav,0,0,46028375,20230726_132638_043299_2.rttm,vtc_rttm,,20230726_132638_043299_2.csv,2024-07-10,,custom
vtc,20210414_211244_024882_1.wav,0,0,57600000,20210414_211244_024882_1.rttm,vtc_rttm,,20210414_211244_024882_1.csv,2024-07-10,,custom
vtc,20230328_105824_025480_2.wav,0,0,57600000,20230328_105824_025480_2.rttm,vtc_rttm,,20230328_105824_025480_2.csv,2024-07-10,,custom
vtc,20191204_101503_025480.wav,0,0,44154812,20191204_101503_025480.rttm,vtc_rttm,,20191204_101503_025480.csv,2024-07-10,,custom
vtc,20200503_130409_024882.wav,0,0,57600000,20200503_130409_024882.rttm,vtc_rttm,,20200503_130409_024882.csv,2024-07-10,,custom
vtc,20220412_101614_043299_2.wav,0,0,41771000,20220412_101614_043299_2.rttm,vtc_rttm,,20220412_101614_043299_2.csv,2024-07-10,,custom
vtc,20230321_124603_024879_1.wav,0,0,57600000,20230321_124603_024879_1.rttm,vtc_rttm,,20230321_124603_024879_1.csv,2024-07-10,,custom
vtc,20191220_121955_022870.wav,0,0,57600000,20191220_121955_022870.rttm,vtc_rttm,,20191220_121955_022870.csv,2024-07-10,,custom
vtc,20181218_132113_024879.wav,0,0,57600000,20181218_132113_024879.rttm,vtc_rttm,,20181218_132113_024879.csv,2024-07-10,,custom
vtc,20201105_131250_024883_1.wav,0,0,40999562,20201105_131250_024883_1.rttm,vtc_rttm,,20201105_131250_024883_1.csv,2024-07-10,,custom
vtc,20180918_114920_022870.wav,0,0,41173750,20180918_114920_022870.rttm,vtc_rttm,,20180918_114920_022870.csv,2024-07-10,,custom
vtc,20190927_114549_024878.wav,0,0,57600000,20190927_114549_024878.rttm,vtc_rttm,,20190927_114549_024878.csv,2024-07-10,,custom
vtc,20190917_075812_025481_1.wav,0,0,39922750,20190917_075812_025481_1.rttm,vtc_rttm,,20190917_075812_025481_1.csv,2024-07-10,,custom
vtc,20180906_131431_024882.wav,0,0,51766437,20180906_131431_024882.rttm,vtc_rttm,,20180906_131431_024882.csv,2024-07-10,,custom
vtc,20220711_142955_024883_2.wav,0,0,57600000,20220711_142955_024883_2.rttm,vtc_rttm,,20220711_142955_024883_2.csv,2024-07-10,,custom
vtc,20210127_105355_024882_2.wav,0,0,14698562,20210127_105355_024882_2.rttm,vtc_rttm,,20210127_105355_024882_2.csv,2024-07-10,,custom
vtc,20220805_082527_043300_2.wav,0,0,44294375,20220805_082527_043300_2.rttm,vtc_rttm,,20220805_082527_043300_2.csv,2024-07-10,,custom
vtc,20201030_085516_022874.wav,0,0,57600000,20201030_085516_022874.rttm,vtc_rttm,,20201030_085516_022874.csv,2024-07-10,,custom
vtc,20220830_095853_022873_1.wav,0,0,4333937,20220830_095853_022873_1.rttm,vtc_rttm,,20220830_095853_022873_1.csv,2024-07-10,,custom
vtc,20200710_084035_024880_2.wav,0,0,20608250,20200710_084035_024880_2.rttm,vtc_rttm,,20200710_084035_024880_2.csv,2024-07-10,,custom
vtc,20170901_162854_009463.wav,0,0,57600125,20170901_162854_009463.rttm,vtc_rttm,,20170901_162854_009463.csv,2024-07-10,,custom
vtc,20211118_113757_024883_2.wav,0,0,57198750,20211118_113757_024883_2.rttm,vtc_rttm,,20211118_113757_024883_2.csv,2024-07-10,,custom
vtc,20200212_113821_024879_1.wav,0,0,44815750,20200212_113821_024879_1.rttm,vtc_rttm,,20200212_113821_024879_1.csv,2024-07-10,,custom
vtc,20200921_145948_024882.wav,0,0,57600000,20200921_145948_024882.rttm,vtc_rttm,,20200921_145948_024882.csv,2024-07-10,,custom
vtc,20190905_131929_024883_1.wav,0,0,45198125,20190905_131929_024883_1.rttm,vtc_rttm,,20190905_131929_024883_1.csv,2024-07-10,,custom
vtc,20210303_114715_024882.wav,0,0,53422937,20210303_114715_024882.rttm,vtc_rttm,,20210303_114715_024882.csv,2024-07-10,,custom
vtc,20190424_140125_024878_1.wav,0,0,57600000,20190424_140125_024878_1.rttm,vtc_rttm,,20190424_140125_024878_1.csv,2024-07-10,,custom
vtc,20190110_135751_024878.wav,0,0,35955187,20190110_135751_024878.rttm,vtc_rttm,,20190110_135751_024878.csv,2024-07-10,,custom
vtc,20190828_145417_024879_2.wav,0,0,35438812,20190828_145417_024879_2.rttm,vtc_rttm,,20190828_145417_024879_2.csv,2024-07-10,,custom
vtc,20180301_161002_009463.wav,0,0,43224000,20180301_161002_009463.rttm,vtc_rttm,,20180301_161002_009463.csv,2024-07-10,,custom
vtc,20200304_100729_025480.wav,0,0,39660437,20200304_100729_025480.rttm,vtc_rttm,,20200304_100729_025480.csv,2024-07-10,,custom
vtc,20210817_164449_043300.wav,0,0,47046250,20210817_164449_043300.rttm,vtc_rttm,,20210817_164449_043300.csv,2024-07-10,,custom
vtc,20181207_135636_022875_2.wav,0,0,26493687,20181207_135636_022875_2.rttm,vtc_rttm,,20181207_135636_022875_2.csv,2024-07-10,,custom
vtc,20221129_154915_045733_1.wav,0,0,48470375,20221129_154915_045733_1.rttm,vtc_rttm,,20221129_154915_045733_1.csv,2024-07-10,,custom
vtc,20181207_134922_025481.wav,0,0,57600000,20181207_134922_025481.rttm,vtc_rttm,,20181207_134922_025481.csv,2024-07-10,,custom
vtc,20210624_124711_043305.wav,0,0,57600000,20210624_124711_043305.rttm,vtc_rttm,,20210624_124711_043305.csv,2024-07-10,,custom
vtc,20221202_164216_045738_2.wav,0,0,44533000,20221202_164216_045738_2.rttm,vtc_rttm,,20221202_164216_045738_2.csv,2024-07-10,,custom
vtc,20180906_133202_022870.wav,0,0,42459875,20180906_133202_022870.rttm,vtc_rttm,,20180906_133202_022870.csv,2024-07-10,,custom
vtc,20170718_161919_009463.wav,0,0,44415937,20170718_161919_009463.rttm,vtc_rttm,,20170718_161919_009463.csv,2024-07-10,,custom
vtc,20210303_113144_022870.wav,0,0,57600000,20210303_113144_022870.rttm,vtc_rttm,,20210303_113144_022870.csv,2024-07-10,,custom
vtc,20210909_113112_043299_2.wav,0,0,28956187,20210909_113112_043299_2.rttm,vtc_rttm,,20210909_113112_043299_2.csv,2024-07-10,,custom
vtc,20190404_133218_024880_1.wav,0,0,39554000,20190404_133218_024880_1.rttm,vtc_rttm,,20190404_133218_024880_1.csv,2024-07-10,,custom
vtc,20220913_122544_045738.wav,0,0,47758812,20220913_122544_045738.rttm,vtc_rttm,,20220913_122544_045738.csv,2024-07-10,,custom
vtc,20190315_143529_025480_1.wav,0,0,40707000,20190315_143529_025480_1.rttm,vtc_rttm,,20190315_143529_025480_1.csv,2024-07-10,,custom
vtc,20220513_113018_024879_2.wav,0,0,25847750,20220513_113018_024879_2.rttm,vtc_rttm,,20220513_113018_024879_2.csv,2024-07-10,,custom
vtc,20210930_113450_043300_2.wav,0,0,57605687,20210930_113450_043300_2.rttm,vtc_rttm,,20210930_113450_043300_2.csv,2024-07-10,,custom
vtc,20181101_124012_024883.wav,0,0,57600000,20181101_124012_024883.rttm,vtc_rttm,,20181101_124012_024883.csv,2024-07-10,,custom
vtc,20191120_103301_024878_2.wav,0,0,48529312,20191120_103301_024878_2.rttm,vtc_rttm,,20191120_103301_024878_2.csv,2024-07-10,,custom
vtc,20230801_150819_045737_2.wav,0,0,44645875,20230801_150819_045737_2.rttm,vtc_rttm,,20230801_150819_045737_2.csv,2024-07-10,,custom
vtc,20210127_103244_024879_1.wav,0,0,57600000,20210127_103244_024879_1.rttm,vtc_rttm,,20210127_103244_024879_1.csv,2024-07-10,,custom
vtc,20230308_094400_045733_2.wav,0,0,43720750,20230308_094400_045733_2.rttm,vtc_rttm,,20230308_094400_045733_2.csv,2024-07-10,,custom
vtc,20200212_135855_024882_2.wav,0,0,57600000,20200212_135855_024882_2.rttm,vtc_rttm,,20200212_135855_024882_2.csv,2024-07-10,,custom
vtc,20181218_132511_022873.wav,0,0,46184625,20181218_132511_022873.rttm,vtc_rttm,,20181218_132511_022873.csv,2024-07-10,,custom
vtc,20220429_145146_024882_1.wav,0,0,57600000,20220429_145146_024882_1.rttm,vtc_rttm,,20220429_145146_024882_1.csv,2024-07-10,,custom
vtc,20181023_153740_024881.wav,0,0,57600000,20181023_153740_024881.rttm,vtc_rttm,,20181023_153740_024881.csv,2024-07-10,,custom
vtc,20220823_141305_024879_2.wav,0,0,49808125,20220823_141305_024879_2.rttm,vtc_rttm,,20220823_141305_024879_2.csv,2024-07-10,,custom
vtc,20200304_101121_024879_1.wav,0,0,44659812,20200304_101121_024879_1.rttm,vtc_rttm,,20200304_101121_024879_1.csv,2024-07-10,,custom
vtc,20190503_162938_024884_2.wav,0,0,51641875,20190503_162938_024884_2.rttm,vtc_rttm,,20190503_162938_024884_2.csv,2024-07-10,,custom
vtc,20210624_093549_024884_1.wav,0,0,45908250,20210624_093549_024884_1.rttm,vtc_rttm,,20210624_093549_024884_1.csv,2024-07-10,,custom
vtc,20210902_111305_045737_1.wav,0,0,57600000,20210902_111305_045737_1.rttm,vtc_rttm,,20210902_111305_045737_1.csv,2024-07-10,,custom
vtc,20191004_125301_022873.wav,0,0,57600000,20191004_125301_022873.rttm,vtc_rttm,,20191004_125301_022873.csv,2024-07-10,,custom
vtc,20181011_160409_024882.wav,0,0,57600000,20181011_160409_024882.rttm,vtc_rttm,,20181011_160409_024882.csv,2024-07-10,,custom
vtc,20230405_090552_045738_2.wav,0,0,49690250,20230405_090552_045738_2.rttm,vtc_rttm,,20230405_090552_045738_2.csv,2024-07-10,,custom
vtc,20221214_161607_045737_1.wav,0,0,57600000,20221214_161607_045737_1.rttm,vtc_rttm,,20221214_161607_045737_1.csv,2024-07-10,,custom
vtc,20210414_212304_024884_2.wav,0,0,48955437,20210414_212304_024884_2.rttm,vtc_rttm,,20210414_212304_024884_2.csv,2024-07-10,,custom
vtc,20230404_115212_043300_2.wav,0,0,38302750,20230404_115212_043300_2.rttm,vtc_rttm,,20230404_115212_043300_2.csv,2024-07-10,,custom
vtc,20200826_171055_024880.wav,0,0,57600000,20200826_171055_024880.rttm,vtc_rttm,,20200826_171055_024880.csv,2024-07-10,,custom
vtc,20190104_125104_022872.wav,0,0,57600000,20190104_125104_022872.rttm,vtc_rttm,,20190104_125104_022872.csv,2024-07-10,,custom
vtc,20210210_103228_022874.wav,0,0,47007562,20210210_103228_022874.rttm,vtc_rttm,,20210210_103228_022874.csv,2024-07-10,,custom
vtc,20200209_114853_022875.wav,0,0,43382937,20200209_114853_022875.rttm,vtc_rttm,,20200209_114853_022875.csv,2024-07-10,,custom
vtc,20230509_144410_045737_2.wav,0,0,35121875,20230509_144410_045737_2.rttm,vtc_rttm,,20230509_144410_045737_2.csv,2024-07-10,,custom
vtc,20180808_111213_024881.wav,0,0,47622375,20180808_111213_024881.rttm,vtc_rttm,,20180808_111213_024881.csv,2024-07-10,,custom
vtc,20190918_100335_024879_2.wav,0,0,54709000,20190918_100335_024879_2.rttm,vtc_rttm,,20190918_100335_024879_2.csv,2024-07-10,,custom
vtc,20210602_131320_043300.wav,0,0,57600000,20210602_131320_043300.rttm,vtc_rttm,,20210602_131320_043300.csv,2024-07-10,,custom
vtc,20230301_083834_024880_2.wav,0,0,35806000,20230301_083834_024880_2.rttm,vtc_rttm,,20230301_083834_024880_2.csv,2024-07-10,,custom
vtc,20181009_144505_024881.wav,0,0,57600000,20181009_144505_024881.rttm,vtc_rttm,,20181009_144505_024881.csv,2024-07-10,,custom
vtc,20211103_114626_022870_1.wav,0,0,45336375,20211103_114626_022870_1.rttm,vtc_rttm,,20211103_114626_022870_1.csv,2024-07-10,,custom
vtc,20210401_140700_024879_1.wav,0,0,57600000,20210401_140700_024879_1.rttm,vtc_rttm,,20210401_140700_024879_1.csv,2024-07-10,,custom
vtc,20231025_115855_045737_2.wav,0,0,39369562,20231025_115855_045737_2.rttm,vtc_rttm,,20231025_115855_045737_2.csv,2024-07-10,,custom
vtc,20220624_140959_025480_2.wav,0,0,45490937,20220624_140959_025480_2.rttm,vtc_rttm,,20220624_140959_025480_2.csv,2024-07-10,,custom
vtc,20230308_093128_024882_2.wav,0,0,46777500,20230308_093128_024882_2.rttm,vtc_rttm,,20230308_093128_024882_2.csv,2024-07-10,,custom
vtc,20210817_164105_024884.wav,0,0,54143687,20210817_164105_024884.rttm,vtc_rttm,,20210817_164105_024884.csv,2024-07-10,,custom
vtc,20190424_135348_024879.wav,0,0,57600000,20190424_135348_024879.rttm,vtc_rttm,,20190424_135348_024879.csv,2024-07-10,,custom
vtc,20181115_125615_024883.wav,0,0,57600000,20181115_125615_024883.rttm,vtc_rttm,,20181115_125615_024883.csv,2024-07-10,,custom
vtc,20191217_163703_022875.wav,0,0,57600000,20191217_163703_022875.rttm,vtc_rttm,,20191217_163703_022875.csv,2024-07-10,,custom
vtc,20210312_162250_024883.wav,0,0,57600000,20210312_162250_024883.rttm,vtc_rttm,,20210312_162250_024883.csv,2024-07-10,,custom
vtc,20230328_132555_045737_1.wav,0,0,57600000,20230328_132555_045737_1.rttm,vtc_rttm,,20230328_132555_045737_1.csv,2024-07-10,,custom
vtc,20210910_133413_022870.wav,0,0,46532500,20210910_133413_022870.rttm,vtc_rttm,,20210910_133413_022870.csv,2024-07-10,,custom
vtc,20190301_122508_024884_2.wav,0,0,57600000,20190301_122508_024884_2.rttm,vtc_rttm,,20190301_122508_024884_2.csv,2024-07-10,,custom
vtc,20200303_113417_024878_1.wav,0,0,37095500,20200303_113417_024878_1.rttm,vtc_rttm,,20200303_113417_024878_1.csv,2024-07-10,,custom
vtc,20220414_121101_022873_1.wav,0,0,53635000,20220414_121101_022873_1.rttm,vtc_rttm,,20220414_121101_022873_1.csv,2024-07-10,,custom
vtc,20210810_155503_043298.wav,0,0,57600000,20210810_155503_043298.rttm,vtc_rttm,,20210810_155503_043298.csv,2024-07-10,,custom
vtc,20230509_154440_043299_2.wav,0,0,50953187,20230509_154440_043299_2.rttm,vtc_rttm,,20230509_154440_043299_2.csv,2024-07-10,,custom
vtc,20210221_162501_024879_2.wav,0,0,57600000,20210221_162501_024879_2.rttm,vtc_rttm,,20210221_162501_024879_2.csv,2024-07-10,,custom
vtc,20211102_135358_045732_1.wav,0,0,57600000,20211102_135358_045732_1.rttm,vtc_rttm,,20211102_135358_045732_1.csv,2024-07-10,,custom
vtc,20190315_111550_024879.wav,0,0,57600000,20190315_111550_024879.rttm,vtc_rttm,,20190315_111550_024879.csv,2024-07-10,,custom
vtc,20210810_154653_043305.wav,0,0,43619500,20210810_154653_043305.rttm,vtc_rttm,,20210810_154653_043305.csv,2024-07-10,,custom
vtc,20210924_103333_045733_1.wav,0,0,50782125,20210924_103333_045733_1.rttm,vtc_rttm,,20210924_103333_045733_1.csv,2024-07-10,,custom
vtc,20210615_144537_043299.wav,0,0,45815062,20210615_144537_043299.rttm,vtc_rttm,,20210615_144537_043299.csv,2024-07-10,,custom
vtc,20200701_171816_024879_1.wav,0,0,57600000,20200701_171816_024879_1.rttm,vtc_rttm,,20200701_171816_024879_1.csv,2024-07-10,,custom
vtc,20180530_181958_022870.wav,0,0,57600000,20180530_181958_022870.rttm,vtc_rttm,,20180530_181958_022870.csv,2024-07-10,,custom
vtc,20220726_115556_024883_2.wav,0,0,48960687,20220726_115556_024883_2.rttm,vtc_rttm,,20220726_115556_024883_2.csv,2024-07-10,,custom
vtc,20220429_131117_024883_1.wav,0,0,45085125,20220429_131117_024883_1.rttm,vtc_rttm,,20220429_131117_024883_1.csv,2024-07-10,,custom
vtc,20220720_091357_024879_1.wav,0,0,44010750,20220720_091357_024879_1.rttm,vtc_rttm,,20220720_091357_024879_1.csv,2024-07-10,,custom
vtc,20191106_173720_024880_1.wav,0,0,45099062,20191106_173720_024880_1.rttm,vtc_rttm,,20191106_173720_024880_1.csv,2024-07-10,,custom
vtc,20181207_135636_022875_1.wav,0,0,1887312,20181207_135636_022875_1.rttm,vtc_rttm,,20181207_135636_022875_1.csv,2024-07-10,,custom
vtc,20200312_145310_024878_2.wav,0,0,42240687,20200312_145310_024878_2.rttm,vtc_rttm,,20200312_145310_024878_2.csv,2024-07-10,,custom
vtc,20230314_110332_043302_1.wav,0,0,43751812,20230314_110332_043302_1.rttm,vtc_rttm,,20230314_110332_043302_1.csv,2024-07-10,,custom
vtc,20210401_141025_022870.wav,0,0,43404875,20210401_141025_022870.rttm,vtc_rttm,,20210401_141025_022870.csv,2024-07-10,,custom
vtc,20190307_114201_025481.wav,0,0,40125937,20190307_114201_025481.rttm,vtc_rttm,,20190307_114201_025481.csv,2024-07-10,,custom
vtc,20191015_103838_024879_1.wav,0,0,57600000,20191015_103838_024879_1.rttm,vtc_rttm,,20191015_103838_024879_1.csv,2024-07-10,,custom
vtc,20201104_094551_024882_1.wav,0,0,57600000,20201104_094551_024882_1.rttm,vtc_rttm,,20201104_094551_024882_1.csv,2024-07-10,,custom
vtc,20191030_105458_025481_2.wav,0,0,57600000,20191030_105458_025481_2.rttm,vtc_rttm,,20191030_105458_025481_2.csv,2024-07-10,,custom
vtc,20210210_105331_024883.wav,0,0,35051875,20210210_105331_024883.rttm,vtc_rttm,,20210210_105331_024883.csv,2024-07-10,,custom
vtc,20220929_145355_045737_2.wav,0,0,33686625,20220929_145355_045737_2.rttm,vtc_rttm,,20220929_145355_045737_2.csv,2024-07-10,,custom
vtc,20210602_130006_022875.wav,0,0,57600000,20210602_130006_022875.rttm,vtc_rttm,,20210602_130006_022875.csv,2024-07-10,,custom
vtc,20181115_130044_024882.wav,0,0,57600000,20181115_130044_024882.rttm,vtc_rttm,,20181115_130044_024882.csv,2024-07-10,,custom
vtc,20191030_105828_024878_2.wav,0,0,43107250,20191030_105828_024878_2.rttm,vtc_rttm,,20191030_105828_024878_2.csv,2024-07-10,,custom
vtc,20200813_161017_022873.wav,0,0,52130312,20200813_161017_022873.rttm,vtc_rttm,,20200813_161017_022873.csv,2024-07-10,,custom
vtc,20181203_135820_024883.wav,0,0,57600000,20181203_135820_024883.rttm,vtc_rttm,,20181203_135820_024883.csv,2024-07-10,,custom
vtc,20210127_150213_024880_2.wav,0,0,45079750,20210127_150213_024880_2.rttm,vtc_rttm,,20210127_150213_024880_2.csv,2024-07-10,,custom
vtc,20220322_103011_022870_2.wav,0,0,45108562,20220322_103011_022870_2.rttm,vtc_rttm,,20220322_103011_022870_2.csv,2024-07-10,,custom
vtc,20180424_113552_022873.wav,0,0,57600125,20180424_113552_022873.rttm,vtc_rttm,,20180424_113552_022873.csv,2024-07-10,,custom
vtc,20200413_130038_024880.wav,0,0,57600000,20200413_130038_024880.rttm,vtc_rttm,,20200413_130038_024880.csv,2024-07-10,,custom
vtc,20190424_135540_024883_2.wav,0,0,41116437,20190424_135540_024883_2.rttm,vtc_rttm,,20190424_135540_024883_2.csv,2024-07-10,,custom
vtc,20201217_084733_024879_2.wav,0,0,50870125,20201217_084733_024879_2.rttm,vtc_rttm,,20201217_084733_024879_2.csv,2024-07-10,,custom
vtc,20230208_103250_043299_1.wav,0,0,57600000,20230208_103250_043299_1.rttm,vtc_rttm,,20230208_103250_043299_1.csv,2024-07-10,,custom
vtc,20191015_104352_024883_1.wav,0,0,57600000,20191015_104352_024883_1.rttm,vtc_rttm,,20191015_104352_024883_1.csv,2024-07-10,,custom
vtc,20190416_112037_022875.wav,0,0,45835312,20190416_112037_022875.rttm,vtc_rttm,,20190416_112037_022875.csv,2024-07-10,,custom
vtc,20230228_112602_025480_1.wav,0,0,40467000,20230228_112602_025480_1.rttm,vtc_rttm,,20230228_112602_025480_1.csv,2024-07-10,,custom
vtc,20181207_135636_022875_4.wav,0,0,14995187,20181207_135636_022875_4.rttm,vtc_rttm,,20181207_135636_022875_4.csv,2024-07-10,,custom
vtc,20191004_125707_025480_2.wav,0,0,16527812,20191004_125707_025480_2.rttm,vtc_rttm,,20191004_125707_025480_2.csv,2024-07-10,,custom
vtc,20210303_112011_022873.wav,0,0,57600000,20210303_112011_022873.rttm,vtc_rttm,,20210303_112011_022873.csv,2024-07-10,,custom
vtc,20180808_111325_024882.wav,0,0,57600000,20180808_111325_024882.rttm,vtc_rttm,,20180808_111325_024882.csv,2024-07-10,,custom
vtc,20201216_150145_024880_1.wav,0,0,111801500,20201216_150145_024880_1.rttm,vtc_rttm,,20201216_150145_024880_1.csv,2024-07-10,,custom
vtc,20220222_121343_022873_2.wav,0,0,57600000,20220222_121343_022873_2.rttm,vtc_rttm,,20220222_121343_022873_2.csv,2024-07-10,,custom
vtc,20191107_084351_024882.wav,0,0,44754125,20191107_084351_024882.rttm,vtc_rttm,,20191107_084351_024882.csv,2024-07-10,,custom
vtc,20200427_232107_022870_3.wav,0,0,19199000,20200427_232107_022870_3.rttm,vtc_rttm,,20200427_232107_022870_3.csv,2024-07-10,,custom
vtc,20191204_101714_024883.wav,0,0,57600000,20191204_101714_024883.rttm,vtc_rttm,,20191204_101714_024883.csv,2024-07-10,,custom
vtc,20220627_105047_024883_1.wav,0,0,43294125,20220627_105047_024883_1.rttm,vtc_rttm,,20220627_105047_024883_1.csv,2024-07-10,,custom
vtc,20180906_131545_025480.wav,0,0,57600000,20180906_131545_025480.rttm,vtc_rttm,,20180906_131545_025480.csv,2024-07-10,,custom
vtc,20180703_141752_022875.wav,0,0,38536750,20180703_141752_022875.rttm,vtc_rttm,,20180703_141752_022875.csv,2024-07-10,,custom
vtc,20221018_135301_043300_4.wav,0,0,40018062,20221018_135301_043300_4.rttm,vtc_rttm,,20221018_135301_043300_4.csv,2024-07-10,,custom
vtc,20210303_112648_022874.wav,0,0,57600000,20210303_112648_022874.rttm,vtc_rttm,,20210303_112648_022874.csv,2024-07-10,,custom
vtc,20210318_113222_022874.wav,0,0,57600000,20210318_113222_022874.rttm,vtc_rttm,,20210318_113222_022874.csv,2024-07-10,,custom
vtc,20221018_135301_043300_3.wav,0,0,766625,20221018_135301_043300_3.rttm,vtc_rttm,,20221018_135301_043300_3.csv,2024-07-10,,custom
vtc,20200604_144328_024883.wav,0,0,57600000,20200604_144328_024883.rttm,vtc_rttm,,20200604_144328_024883.csv,2024-07-10,,custom
vtc,20200212_135321_024883_2.wav,0,0,57600000,20200212_135321_024883_2.rttm,vtc_rttm,,20200212_135321_024883_2.csv,2024-07-10,,custom
vtc,20190104_125403_024884.wav,0,0,57600000,20190104_125403_024884.rttm,vtc_rttm,,20190104_125403_024884.csv,2024-07-10,,custom
vtc,20200414_131003_024882.wav,0,0,36335687,20200414_131003_024882.rttm,vtc_rttm,,20200414_131003_024882.csv,2024-07-10,,custom
vtc,20220705_160928_024884_2.wav,0,0,40975437,20220705_160928_024884_2.rttm,vtc_rttm,,20220705_160928_024884_2.csv,2024-07-10,,custom
vtc,20230228_123152_024884_2.wav,0,0,56033000,20230228_123152_024884_2.rttm,vtc_rttm,,20230228_123152_024884_2.csv,2024-07-10,,custom
vtc,20201119_134105_024882_1.wav,0,0,44403375,20201119_134105_024882_1.rttm,vtc_rttm,,20201119_134105_024882_1.csv,2024-07-10,,custom
vtc,20191120_104516_024879_3.wav,0,0,49650375,20191120_104516_024879_3.rttm,vtc_rttm,,20191120_104516_024879_3.csv,2024-07-10,,custom
vtc,20191004_131221_024883_2.wav,0,0,50845750,20191004_131221_024883_2.rttm,vtc_rttm,,20191004_131221_024883_2.csv,2024-07-10,,custom
vtc,20180808_110630_024879.wav,0,0,42456000,20180808_110630_024879.rttm,vtc_rttm,,20180808_110630_024879.csv,2024-07-10,,custom
vtc,20180530_181655_022873.wav,0,0,41995562,20180530_181655_022873.rttm,vtc_rttm,,20180530_181655_022873.csv,2024-07-10,,custom
vtc,20210113_155238_025480_2.wav,0,0,57600000,20210113_155238_025480_2.rttm,vtc_rttm,,20210113_155238_025480_2.csv,2024-07-10,,custom
vtc,20200427_232107_022870_1.wav,0,0,38397250,20200427_232107_022870_1.rttm,vtc_rttm,,20200427_232107_022870_1.csv,2024-07-10,,custom
vtc,20200212_135855_024882_1.wav,0,0,57600000,20200212_135855_024882_1.rttm,vtc_rttm,,20200212_135855_024882_1.csv,2024-07-10,,custom
vtc,20200729_201847_024880.wav,0,0,57600000,20200729_201847_024880.rttm,vtc_rttm,,20200729_201847_024880.csv,2024-07-10,,custom
vtc,20211007_104945_045732_2.wav,0,0,53711062,20211007_104945_045732_2.rttm,vtc_rttm,,20211007_104945_045732_2.csv,2024-07-10,,custom
vtc,20230214_105958_043300_2.wav,0,0,44817875,20230214_105958_043300_2.rttm,vtc_rttm,,20230214_105958_043300_2.csv,2024-07-10,,custom
vtc,20230208_151351_045738_2.wav,0,0,46737437,20230208_151351_045738_2.rttm,vtc_rttm,,20230208_151351_045738_2.csv,2024-07-10,,custom
vtc,20210901_120042_025480_2.wav,0,0,38723937,20210901_120042_025480_2.rttm,vtc_rttm,,20210901_120042_025480_2.csv,2024-07-10,,custom
vtc,20230425_114841_045738_2.wav,0,0,42934750,20230425_114841_045738_2.rttm,vtc_rttm,,20230425_114841_045738_2.csv,2024-07-10,,custom
vtc,20230606_122122_025480_2.wav,0,0,45455062,20230606_122122_025480_2.rttm,vtc_rttm,,20230606_122122_025480_2.csv,2024-07-10,,custom
vtc,20221202_162209_043300_2.wav,0,0,44470625,20221202_162209_043300_2.rttm,vtc_rttm,,20221202_162209_043300_2.csv,2024-07-10,,custom
vtc,20210127_105022_022873.wav,0,0,57600000,20210127_105022_022873.rttm,vtc_rttm,,20210127_105022_022873.csv,2024-07-10,,custom
vtc,20190404_132831_024879_1.wav,0,0,57600000,20190404_132831_024879_1.rttm,vtc_rttm,,20190404_132831_024879_1.csv,2024-07-10,,custom
vtc,20180918_114633_022872.wav,0,0,57600000,20180918_114633_022872.rttm,vtc_rttm,,20180918_114633_022872.csv,2024-07-10,,custom
vtc,20230314_121209_043300_1.wav,0,0,57600000,20230314_121209_043300_1.rttm,vtc_rttm,,20230314_121209_043300_1.csv,2024-07-10,,custom
vtc,20220731_124718_025480_2.wav,0,0,47330875,20220731_124718_025480_2.rttm,vtc_rttm,,20220731_124718_025480_2.csv,2024-07-10,,custom
vtc,20190207_135236_024882.wav,0,0,41698687,20190207_135236_024882.rttm,vtc_rttm,,20190207_135236_024882.csv,2024-07-10,,custom
vtc,20210318_114509_043298.wav,0,0,57600000,20210318_114509_043298.rttm,vtc_rttm,,20210318_114509_043298.csv,2024-07-10,,custom
vtc,20181128_142512_025480.wav,0,0,57600000,20181128_142512_025480.rttm,vtc_rttm,,20181128_142512_025480.csv,2024-07-10,,custom
vtc,20230110_120835_024882_2.wav,0,0,41753687,20230110_120835_024882_2.rttm,vtc_rttm,,20230110_120835_024882_2.csv,2024-07-10,,custom
vtc,20171005_132843_009399.wav,0,0,57600125,20171005_132843_009399.rttm,vtc_rttm,,20171005_132843_009399.csv,2024-07-10,,custom
vtc,20220714_094232_025480_2.wav,0,0,56600562,20220714_094232_025480_2.rttm,vtc_rttm,,20220714_094232_025480_2.csv,2024-07-10,,custom
vtc,20190604_163402_025480.wav,0,0,57600000,20190604_163402_025480.rttm,vtc_rttm,,20190604_163402_025480.csv,2024-07-10,,custom
vtc,20200414_130512_024879_2.wav,0,0,44384125,20200414_130512_024879_2.rttm,vtc_rttm,,20200414_130512_024879_2.csv,2024-07-10,,custom
vtc,20210312_163016_025480.wav,0,0,57600000,20210312_163016_025480.rttm,vtc_rttm,,20210312_163016_025480.csv,2024-07-10,,custom
vtc,20190909_162209_025481_1.wav,0,0,57600000,20190909_162209_025481_1.rttm,vtc_rttm,,20190909_162209_025481_1.csv,2024-07-10,,custom
vtc,20201023_092102_022873.wav,0,0,45134000,20201023_092102_022873.rttm,vtc_rttm,,20201023_092102_022873.csv,2024-07-10,,custom
vtc,20200813_155629_022870.wav,0,0,45189937,20200813_155629_022870.rttm,vtc_rttm,,20200813_155629_022870.csv,2024-07-10,,custom
vtc,20201112_145139_024884_2.wav,0,0,57600000,20201112_145139_024884_2.rttm,vtc_rttm,,20201112_145139_024884_2.csv,2024-07-10,,custom
vtc,20220513_130051_043300_2.wav,0,0,37175250,20220513_130051_043300_2.rttm,vtc_rttm,,20220513_130051_043300_2.csv,2024-07-10,,custom
vtc,20190110_135944_022870.wav,0,0,57600000,20190110_135944_022870.rttm,vtc_rttm,,20190110_135944_022870.csv,2024-07-10,,custom
vtc,20220408_134245_024882_1.wav,0,0,57600000,20220408_134245_024882_1.rttm,vtc_rttm,,20220408_134245_024882_1.csv,2024-07-10,,custom
vtc,20220731_113759_045737_2.wav,0,0,43719500,20220731_113759_045737_2.rttm,vtc_rttm,,20220731_113759_045737_2.csv,2024-07-10,,custom
vtc,20200729_200751_022874.wav,0,0,52238625,20200729_200751_022874.rttm,vtc_rttm,,20200729_200751_022874.csv,2024-07-10,,custom
vtc,20220516_101301_022870_2.wav,0,0,43427750,20220516_101301_022870_2.rttm,vtc_rttm,,20220516_101301_022870_2.csv,2024-07-10,,custom
vtc,20210726_101603_043300_1.wav,0,0,57600000,20210726_101603_043300_1.rttm,vtc_rttm,,20210726_101603_043300_1.csv,2024-07-10,,custom
vtc,20220705_122546_022870_2.wav,0,0,48974812,20220705_122546_022870_2.rttm,vtc_rttm,,20220705_122546_022870_2.csv,2024-07-10,,custom
vtc,20230131_124242_043302_2.wav,0,0,41127125,20230131_124242_043302_2.rttm,vtc_rttm,,20230131_124242_043302_2.csv,2024-07-10,,custom
vtc,20200319_064351_024882_1.wav,0,0,47653500,20200319_064351_024882_1.rttm,vtc_rttm,,20200319_064351_024882_1.csv,2024-07-10,,custom
vtc,20190222_102700_024878_2.wav,0,0,40941000,20190222_102700_024878_2.rttm,vtc_rttm,,20190222_102700_024878_2.csv,2024-07-10,,custom
vtc,20180530_182225_022872.wav,0,0,47698625,20180530_182225_022872.rttm,vtc_rttm,,20180530_182225_022872.csv,2024-07-10,,custom
vtc,20190501_140431_022870.wav,0,0,49752312,20190501_140431_022870.rttm,vtc_rttm,,20190501_140431_022870.csv,2024-07-10,,custom
vtc,20200414_130727_024883_3.wav,0,0,47048750,20200414_130727_024883_3.rttm,vtc_rttm,,20200414_130727_024883_3.csv,2024-07-10,,custom
vtc,20210624_124109_024882.wav,0,0,57600000,20210624_124109_024882.rttm,vtc_rttm,,20210624_124109_024882.csv,2024-07-10,,custom
vtc,20220216_162747_022870_1.wav,0,0,43998687,20220216_162747_022870_1.rttm,vtc_rttm,,20220216_162747_022870_1.csv,2024-07-10,,custom
vtc,20191217_164433_024882.wav,0,0,57600000,20191217_164433_024882.rttm,vtc_rttm,,20191217_164433_024882.csv,2024-07-10,,custom
vtc,20181207_135236_025482.wav,0,0,57600000,20181207_135236_025482.rttm,vtc_rttm,,20181207_135236_025482.csv,2024-07-10,,custom
vtc,20200921_145245_024878.wav,0,0,57600000,20200921_145245_024878.rttm,vtc_rttm,,20200921_145245_024878.csv,2024-07-10,,custom
vtc,20211202_121029_043302.wav,0,0,57600000,20211202_121029_043302.rttm,vtc_rttm,,20211202_121029_043302.csv,2024-07-10,,custom
vtc,20221114_141608_024884_1.wav,0,0,43355937,20221114_141608_024884_1.rttm,vtc_rttm,,20221114_141608_024884_1.csv,2024-07-10,,custom
vtc,20210318_114924_043305_2.wav,0,0,45557312,20210318_114924_043305_2.rttm,vtc_rttm,,20210318_114924_043305_2.csv,2024-07-10,,custom
vtc,20221101_141349_043302_1.wav,0,0,46175937,20221101_141349_043302_1.rttm,vtc_rttm,,20221101_141349_043302_1.csv,2024-07-10,,custom
vtc,20180913_111944_024880.wav,0,0,57600000,20180913_111944_024880.rttm,vtc_rttm,,20180913_111944_024880.csv,2024-07-10,,custom
vtc,20180530_180405_024879.wav,0,0,45418562,20180530_180405_024879.rttm,vtc_rttm,,20180530_180405_024879.csv,2024-07-10,,custom
vtc,20210318_112332_022873.wav,0,0,57600000,20210318_112332_022873.rttm,vtc_rttm,,20210318_112332_022873.csv,2024-07-10,,custom
vtc,20191004_125707_025480_1.wav,0,0,21796937,20191004_125707_025480_1.rttm,vtc_rttm,,20191004_125707_025480_1.csv,2024-07-10,,custom
vtc,20210602_131937_022873.wav,0,0,57600000,20210602_131937_022873.rttm,vtc_rttm,,20210602_131937_022873.csv,2024-07-10,,custom
vtc,20210210_110009_022873.wav,0,0,57600000,20210210_110009_022873.rttm,vtc_rttm,,20210210_110009_022873.csv,2024-07-10,,custom
vtc,20201002_120150_024879.wav,0,0,43340312,20201002_120150_024879.rttm,vtc_rttm,,20201002_120150_024879.csv,2024-07-10,,custom
vtc,20190828_145547_024884_2.wav,0,0,44403625,20190828_145547_024884_2.rttm,vtc_rttm,,20190828_145547_024884_2.csv,2024-07-10,,custom
vtc,20211109_105644_025480_1.wav,0,0,57600000,20211109_105644_025480_1.rttm,vtc_rttm,,20211109_105644_025480_1.csv,2024-07-10,,custom
vtc,20180607_101857_024880.wav,0,0,57600000,20180607_101857_024880.rttm,vtc_rttm,,20180607_101857_024880.csv,2024-07-10,,custom
vtc,20200414_125938_024878_2.wav,0,0,34729375,20200414_125938_024878_2.rttm,vtc_rttm,,20200414_125938_024878_2.csv,2024-07-10,,custom
vtc,20220208_083611_043302_1.wav,0,0,57600000,20220208_083611_043302_1.rttm,vtc_rttm,,20220208_083611_043302_1.csv,2024-07-10,,custom
vtc,20190819_205941_024879.wav,0,0,57600000,20190819_205941_024879.rttm,vtc_rttm,,20190819_205941_024879.csv,2024-07-10,,custom
vtc,20231206_100916_043302_2.wav,0,0,45459250,20231206_100916_043302_2.rttm,vtc_rttm,,20231206_100916_043302_2.csv,2024-07-10,,custom
vtc,20190226_173707_024879_2.wav,0,0,35291187,20190226_173707_024879_2.rttm,vtc_rttm,,20190226_173707_024879_2.csv,2024-07-10,,custom
vtc,20211116_102359_043299_1.wav,0,0,57600000,20211116_102359_043299_1.rttm,vtc_rttm,,20211116_102359_043299_1.csv,2024-07-10,,custom
vtc,20190206_123623_024878.wav,0,0,57600000,20190206_123623_024878.rttm,vtc_rttm,,20190206_123623_024878.csv,2024-07-10,,custom
vtc,20181220_134213_024882.wav,0,0,57600000,20181220_134213_024882.rttm,vtc_rttm,,20181220_134213_024882.csv,2024-07-10,,custom
vtc,20210922_112252_043298_1.wav,0,0,57600000,20210922_112252_043298_1.rttm,vtc_rttm,,20210922_112252_043298_1.csv,2024-07-10,,custom
vtc,20200701_171816_024879_2.wav,0,0,20389500,20200701_171816_024879_2.rttm,vtc_rttm,,20200701_171816_024879_2.csv,2024-07-10,,custom
vtc,20230111_132607_024884.wav,0,0,57600000,20230111_132607_024884.rttm,vtc_rttm,,20230111_132607_024884.csv,2024-07-10,,custom
vtc,20220401_085720_024879.wav,0,0,57600000,20220401_085720_024879.rttm,vtc_rttm,,20220401_085720_024879.csv,2024-07-10,,custom
vtc,20181115_130549_024884.wav,0,0,48100437,20181115_130549_024884.rttm,vtc_rttm,,20181115_130549_024884.csv,2024-07-10,,custom
vtc,20181009_143916_022873.wav,0,0,57600000,20181009_143916_022873.rttm,vtc_rttm,,20181009_143916_022873.csv,2024-07-10,,custom
vtc,20201002_114539_024880.wav,0,0,57600000,20201002_114539_024880.rttm,vtc_rttm,,20201002_114539_024880.csv,2024-07-10,,custom
vtc,20210624_093317_024883_2.wav,0,0,46274562,20210624_093317_024883_2.rttm,vtc_rttm,,20210624_093317_024883_2.csv,2024-07-10,,custom
vtc,20220630_132604_024880_1.wav,0,0,57502000,20220630_132604_024880_1.rttm,vtc_rttm,,20220630_132604_024880_1.csv,2024-07-10,,custom
vtc,20220823_121134_022875_1.wav,0,0,49300000,20220823_121134_022875_1.rttm,vtc_rttm,,20220823_121134_022875_1.csv,2024-07-10,,custom
vtc,20200710_084537_024878.wav,0,0,40335062,20200710_084537_024878.rttm,vtc_rttm,,20200710_084537_024878.csv,2024-07-10,,custom
vtc,20201210_142957_025480_2.wav,0,0,37306562,20201210_142957_025480_2.rttm,vtc_rttm,,20201210_142957_025480_2.csv,2024-07-10,,custom
vtc,20200710_084035_024880_1.wav,0,0,45777750,20200710_084035_024880_1.rttm,vtc_rttm,,20200710_084035_024880_1.csv,2024-07-10,,custom
vtc,20181115_130413_022872.wav,0,0,57600000,20181115_130413_022872.rttm,vtc_rttm,,20181115_130413_022872.csv,2024-07-10,,custom
vtc,20201216_134012_024884.wav,0,0,46807687,20201216_134012_024884.rttm,vtc_rttm,,20201216_134012_024884.csv,2024-07-10,,custom
vtc,20210414_211903_024880_2.wav,0,0,57600000,20210414_211903_024880_2.rttm,vtc_rttm,,20210414_211903_024880_2.csv,2024-07-10,,custom
vtc,20210112_153555_024882_2.wav,0,0,19268625,20210112_153555_024882_2.rttm,vtc_rttm,,20210112_153555_024882_2.csv,2024-07-10,,custom
vtc,20180626_123557_022872.wav,0,0,52054687,20180626_123557_022872.rttm,vtc_rttm,,20180626_123557_022872.csv,2024-07-10,,custom
vtc,20180419_111712_022875.wav,0,0,44076875,20180419_111712_022875.rttm,vtc_rttm,,20180419_111712_022875.csv,2024-07-10,,custom
vtc,20211210_124133_022870_1.wav,0,0,57600000,20211210_124133_022870_1.rttm,vtc_rttm,,20211210_124133_022870_1.csv,2024-07-10,,custom
vtc,20210909_113112_043299_3.wav,0,0,9798375,20210909_113112_043299_3.rttm,vtc_rttm,,20210909_113112_043299_3.csv,2024-07-10,,custom
vtc,20211004_114637_022870.wav,0,0,46779875,20211004_114637_022870.rttm,vtc_rttm,,20211004_114637_022870.csv,2024-07-10,,custom
vtc,20211005_154551_043302_2.wav,0,0,44132500,20211005_154551_043302_2.rttm,vtc_rttm,,20211005_154551_043302_2.csv,2024-07-10,,custom
vtc,20210520_130608_043299_1.wav,0,0,57600000,20210520_130608_043299_1.rttm,vtc_rttm,,20210520_130608_043299_1.csv,2024-07-10,,custom
vtc,20220112_114228_045738_2.wav,0,0,57600000,20220112_114228_045738_2.rttm,vtc_rttm,,20220112_114228_045738_2.csv,2024-07-10,,custom
vtc,20190404_133218_024880_2.wav,0,0,3272437,20190404_133218_024880_2.rttm,vtc_rttm,,20190404_133218_024880_2.csv,2024-07-10,,custom
vtc,20210210_104552_022870.wav,0,0,57600000,20210210_104552_022870.rttm,vtc_rttm,,20210210_104552_022870.csv,2024-07-10,,custom
vtc,20210112_153555_024882_3.wav,0,0,14760125,20210112_153555_024882_3.rttm,vtc_rttm,,20210112_153555_024882_3.csv,2024-07-10,,custom
vtc,20191030_105145_022870.wav,0,0,39394250,20191030_105145_022870.rttm,vtc_rttm,,20191030_105145_022870.csv,2024-07-10,,custom
vtc,20181101_124332_025480_2.wav,0,0,57600000,20181101_124332_025480_2.rttm,vtc_rttm,,20181101_124332_025480_2.csv,2024-07-10,,custom
vtc,20200826_172429_022874.wav,0,0,57600000,20200826_172429_022874.rttm,vtc_rttm,,20200826_172429_022874.csv,2024-07-10,,custom
vtc,20230622_101644_043300_2.wav,0,0,43350437,20230622_101644_043300_2.rttm,vtc_rttm,,20230622_101644_043300_2.csv,2024-07-10,,custom
vtc,20180227_154841_022875.wav,0,0,57600125,20180227_154841_022875.rttm,vtc_rttm,,20180227_154841_022875.csv,2024-07-10,,custom
vtc,20210602_132558_043302.wav,0,0,57600000,20210602_132558_043302.rttm,vtc_rttm,,20210602_132558_043302.csv,2024-07-10,,custom
vtc,20221202_134100_043299_2.wav,0,0,57626375,20221202_134100_043299_2.rttm,vtc_rttm,,20221202_134100_043299_2.csv,2024-07-10,,custom
vtc,20200513_114127_024884.wav,0,0,57600000,20200513_114127_024884.rttm,vtc_rttm,,20200513_114127_024884.csv,2024-07-10,,custom
vtc,20181115_125826_024880.wav,0,0,43791937,20181115_125826_024880.rttm,vtc_rttm,,20181115_125826_024880.csv,2024-07-10,,custom
vtc,20190124_085828_022874.wav,0,0,57600000,20190124_085828_022874.rttm,vtc_rttm,,20190124_085828_022874.csv,2024-07-10,,custom
vtc,20180530_181101_022875.wav,0,0,57600000,20180530_181101_022875.rttm,vtc_rttm,,20180530_181101_022875.csv,2024-07-10,,custom
vtc,20190819_210318_025481_2.wav,0,0,43398312,20190819_210318_025481_2.rttm,vtc_rttm,,20190819_210318_025481_2.csv,2024-07-10,,custom
vtc,20191030_110047_024884_2.wav,0,0,57600000,20191030_110047_024884_2.rttm,vtc_rttm,,20191030_110047_024884_2.csv,2024-07-10,,custom
vtc,20201123_095637_025480.wav,0,0,57600000,20201123_095637_025480.rttm,vtc_rttm,,20201123_095637_025480.csv,2024-07-10,,custom
vtc,20191217_163433_024883.wav,0,0,41767000,20191217_163433_024883.rttm,vtc_rttm,,20191217_163433_024883.csv,2024-07-10,,custom
vtc,20211112_120550_043300_1.wav,0,0,48315000,20211112_120550_043300_1.rttm,vtc_rttm,,20211112_120550_043300_1.csv,2024-07-10,,custom
vtc,20180809_181624_025481.wav,0,0,45218312,20180809_181624_025481.rttm,vtc_rttm,,20180809_181624_025481.csv,2024-07-10,,custom
vtc,20171205_123455_009399.wav,0,0,36709625,20171205_123455_009399.rttm,vtc_rttm,,20171205_123455_009399.csv,2024-07-10,,custom
vtc,20180628_150733_022870.wav,0,0,57600000,20180628_150733_022870.rttm,vtc_rttm,,20180628_150733_022870.csv,2024-07-10,,custom
vtc,20190226_105144_022875.wav,0,0,57600000,20190226_105144_022875.rttm,vtc_rttm,,20190226_105144_022875.csv,2024-07-10,,custom
vtc,20211117_114244_024884_2.wav,0,0,40799812,20211117_114244_024884_2.rttm,vtc_rttm,,20211117_114244_024884_2.csv,2024-07-10,,custom
vtc,20220412_100349_045737_1.wav,0,0,51438500,20220412_100349_045737_1.rttm,vtc_rttm,,20220412_100349_045737_1.csv,2024-07-10,,custom
vtc,20191004_124906_024884.wav,0,0,57600000,20191004_124906_024884.rttm,vtc_rttm,,20191004_124906_024884.csv,2024-07-10,,custom
vtc,20221214_150332_024883_1.wav,0,0,43637937,20221214_150332_024883_1.rttm,vtc_rttm,,20221214_150332_024883_1.csv,2024-07-10,,custom
vtc,20190819_144621_024878_1.wav,0,0,46608125,20190819_144621_024878_1.rttm,vtc_rttm,,20190819_144621_024878_1.csv,2024-07-10,,custom
vtc,20190819_210631_022870.wav,0,0,57600000,20190819_210631_022870.rttm,vtc_rttm,,20190819_210631_022870.csv,2024-07-10,,custom
vtc,20210204_115547_025480_2.wav,0,0,43356625,20210204_115547_025480_2.rttm,vtc_rttm,,20210204_115547_025480_2.csv,2024-07-10,,custom
vtc,20181211_160917_024880.wav,0,0,57600000,20181211_160917_024880.rttm,vtc_rttm,,20181211_160917_024880.csv,2024-07-10,,custom
vtc,20200209_114658_024884_2.wav,0,0,48419687,20200209_114658_024884_2.rttm,vtc_rttm,,20200209_114658_024884_2.csv,2024-07-10,,custom
vtc,20220516_094951_024880_1.wav,0,0,39444937,20220516_094951_024880_1.rttm,vtc_rttm,,20220516_094951_024880_1.csv,2024-07-10,,custom
vtc,20201023_084929_022870.wav,0,0,57600000,20201023_084929_022870.rttm,vtc_rttm,,20201023_084929_022870.csv,2024-07-10,,custom
vtc,20181128_142339_024884.wav,0,0,57600000,20181128_142339_024884.rttm,vtc_rttm,,20181128_142339_024884.csv,2024-07-10,,custom
vtc,20190313_134218_024884_1.wav,0,0,57600000,20190313_134218_024884_1.rttm,vtc_rttm,,20190313_134218_024884_1.csv,2024-07-10,,custom
vtc,20170831_191112_009399.wav,0,0,49936062,20170831_191112_009399.rttm,vtc_rttm,,20170831_191112_009399.csv,2024-07-10,,custom
vtc,20191030_104929_024882.wav,0,0,57600000,20191030_104929_024882.rttm,vtc_rttm,,20191030_104929_024882.csv,2024-07-10,,custom
vtc,20220711_113631_043302_2.wav,0,0,47028562,20220711_113631_043302_2.rttm,vtc_rttm,,20220711_113631_043302_2.csv,2024-07-10,,custom
vtc,20190115_125833_024884.wav,0,0,47733687,20190115_125833_024884.rttm,vtc_rttm,,20190115_125833_024884.csv,2024-07-10,,custom
vtc,20181206_151905_022874.wav,0,0,44707562,20181206_151905_022874.rttm,vtc_rttm,,20181206_151905_022874.csv,2024-07-10,,custom
vtc,20191015_104144_024880_2.wav,0,0,11526750,20191015_104144_024880_2.rttm,vtc_rttm,,20191015_104144_024880_2.csv,2024-07-10,,custom
vtc,20181206_151623_024878.wav,0,0,57600000,20181206_151623_024878.rttm,vtc_rttm,,20181206_151623_024878.csv,2024-07-10,,custom
vtc,20220829_105740_024880_2.wav,0,0,45566500,20220829_105740_024880_2.rttm,vtc_rttm,,20220829_105740_024880_2.csv,2024-07-10,,custom
vtc,20190315_142847_024878_2.wav,0,0,45602875,20190315_142847_024878_2.rttm,vtc_rttm,,20190315_142847_024878_2.csv,2024-07-10,,custom
vtc,20180821_182643_022873.wav,0,0,57600000,20180821_182643_022873.rttm,vtc_rttm,,20180821_182643_022873.csv,2024-07-10,,custom
vtc,20191118_170512_022873.wav,0,0,57600000,20191118_170512_022873.rttm,vtc_rttm,,20191118_170512_022873.csv,2024-07-10,,custom
vtc,20201123_093717_024880_3.wav,0,0,57600000,20201123_093717_024880_3.rttm,vtc_rttm,,20201123_093717_024880_3.csv,2024-07-10,,custom
vtc,20210624_123256_024880.wav,0,0,57600000,20210624_123256_024880.rttm,vtc_rttm,,20210624_123256_024880.csv,2024-07-10,,custom
vtc,20201216_161229_024883_1.wav,0,0,51176562,20201216_161229_024883_1.rttm,vtc_rttm,,20201216_161229_024883_1.csv,2024-07-10,,custom
vtc,20200312_145204_022874.wav,0,0,20150812,20200312_145204_022874.rttm,vtc_rttm,,20200312_145204_022874.csv,2024-07-10,,custom
vtc,20210706_133031_025480.wav,0,0,57600000,20210706_133031_025480.rttm,vtc_rttm,,20210706_133031_025480.csv,2024-07-10,,custom
vtc,20210428_110259_024883_2.wav,0,0,43500437,20210428_110259_024883_2.rttm,vtc_rttm,,20210428_110259_024883_2.csv,2024-07-10,,custom
vtc,20180215_124742_009463.wav,0,0,57600125,20180215_124742_009463.rttm,vtc_rttm,,20180215_124742_009463.csv,2024-07-10,,custom
vtc,20200729_202653_024882.wav,0,0,49080812,20200729_202653_024882.rttm,vtc_rttm,,20200729_202653_024882.csv,2024-07-10,,custom
vtc,20200807_203143_024883.wav,0,0,57600000,20200807_203143_024883.rttm,vtc_rttm,,20200807_203143_024883.csv,2024-07-10,,custom
vtc,20220118_085259_045737_1.wav,0,0,57600000,20220118_085259_045737_1.rttm,vtc_rttm,,20220118_085259_045737_1.csv,2024-07-10,,custom
vtc,20210312_163542_024884.wav,0,0,57600000,20210312_163542_024884.rttm,vtc_rttm,,20210312_163542_024884.csv,2024-07-10,,custom
vtc,20220728_144904_024880_2.wav,0,0,43956875,20220728_144904_024880_2.rttm,vtc_rttm,,20220728_144904_024880_2.csv,2024-07-10,,custom
vtc,20200513_120319_022874.wav,0,0,57600000,20200513_120319_022874.rttm,vtc_rttm,,20200513_120319_022874.csv,2024-07-10,,custom
vtc,20220722_144639_045738_2.wav,0,0,49301625,20220722_144639_045738_2.rttm,vtc_rttm,,20220722_144639_045738_2.csv,2024-07-10,,custom
vtc,20210520_130852_043305.wav,0,0,36906250,20210520_130852_043305.rttm,vtc_rttm,,20210520_130852_043305.csv,2024-07-10,,custom
vtc,20190618_135122_024883.wav,0,0,57600000,20190618_135122_024883.rttm,vtc_rttm,,20190618_135122_024883.csv,2024-07-10,,custom
vtc,20190307_091344_022872.wav,0,0,53121250,20190307_091344_022872.rttm,vtc_rttm,,20190307_091344_022872.csv,2024-07-10,,custom
vtc,20210111_142427_022874.wav,0,0,44813812,20210111_142427_022874.rttm,vtc_rttm,,20210111_142427_022874.csv,2024-07-10,,custom
vtc,20180206_110905_009463.wav,0,0,57600125,20180206_110905_009463.rttm,vtc_rttm,,20180206_110905_009463.csv,2024-07-10,,custom
vtc,20210601_214950_043298.wav,0,0,50584625,20210601_214950_043298.rttm,vtc_rttm,,20210601_214950_043298.csv,2024-07-10,,custom
vtc,20220727_105320_024884_2.wav,0,0,49082750,20220727_105320_024884_2.rttm,vtc_rttm,,20220727_105320_024884_2.csv,2024-07-10,,custom
vtc,20181205_132608_024882.wav,0,0,57600000,20181205_132608_024882.rttm,vtc_rttm,,20181205_132608_024882.csv,2024-07-10,,custom
vtc,20220823_125230_043302_2.wav,0,0,52748937,20220823_125230_043302_2.rttm,vtc_rttm,,20220823_125230_043302_2.csv,2024-07-10,,custom
vtc,20220803_132413_043299_2.wav,0,0,40711437,20220803_132413_043299_2.rttm,vtc_rttm,,20220803_132413_043299_2.csv,2024-07-10,,custom
vtc,20230830_150754_045738.wav,0,0,45260000,20230830_150754_045738.rttm,vtc_rttm,,20230830_150754_045738.csv,2024-07-10,,custom
vtc,20200828_120831_022875.wav,0,0,57600000,20200828_120831_022875.rttm,vtc_rttm,,20200828_120831_022875.csv,2024-07-10,,custom
vtc,20190905_131625_024880_2.wav,0,0,52719750,20190905_131625_024880_2.rttm,vtc_rttm,,20190905_131625_024880_2.csv,2024-07-10,,custom
vtc,20200503_130910_024883.wav,0,0,57600000,20200503_130910_024883.rttm,vtc_rttm,,20200503_130910_024883.csv,2024-07-10,,custom
vtc,20220719_095447_043305_2.wav,0,0,57600000,20220719_095447_043305_2.rttm,vtc_rttm,,20220719_095447_043305_2.csv,2024-07-10,,custom
vtc,20220914_160209_024880_2.wav,0,0,48381625,20220914_160209_024880_2.rttm,vtc_rttm,,20220914_160209_024880_2.csv,2024-07-10,,custom
vtc,20201023_083845_022875.wav,0,0,57600000,20201023_083845_022875.rttm,vtc_rttm,,20201023_083845_022875.csv,2024-07-10,,custom
vtc,20181101_124332_025480_1.wav,0,0,57600000,20181101_124332_025480_1.rttm,vtc_rttm,,20181101_124332_025480_1.csv,2024-07-10,,custom
vtc,20210624_123903_043298.wav,0,0,57600000,20210624_123903_043298.rttm,vtc_rttm,,20210624_123903_043298.csv,2024-07-10,,custom
vtc,20181130_145050_024879.wav,0,0,52115312,20181130_145050_024879.rttm,vtc_rttm,,20181130_145050_024879.csv,2024-07-10,,custom
vtc,20220712_113417_045737_3.wav,0,0,42665187,20220712_113417_045737_3.rttm,vtc_rttm,,20220712_113417_045737_3.csv,2024-07-10,,custom
vtc,20180424_113402_022874.wav,0,0,37983062,20180424_113402_022874.rttm,vtc_rttm,,20180424_113402_022874.csv,2024-07-10,,custom
vtc,20210504_111545_022870.wav,0,0,57600000,20210504_111545_022870.rttm,vtc_rttm,,20210504_111545_022870.csv,2024-07-10,,custom
vtc,20190104_125237_024883.wav,0,0,57600000,20190104_125237_024883.rttm,vtc_rttm,,20190104_125237_024883.csv,2024-07-10,,custom
vtc,20181221_141812_022874.wav,0,0,43221500,20181221_141812_022874.rttm,vtc_rttm,,20181221_141812_022874.csv,2024-07-10,,custom
vcm,20221110_135610_045733_1.wav,0,0,45164812,20221110_135610_045733_1.vcm,vcm_rttm,,20221110_135610_045733_1.csv,2025-03-17,,custom
vcm,20230221_112913_045733_1.wav,0,0,57600000,20230221_112913_045733_1.vcm,vcm_rttm,,20230221_112913_045733_1.csv,2025-03-17,,custom
vcm,20210324_131611_043300.wav,0,0,57600000,20210324_131611_043300.vcm,vcm_rttm,,20210324_131611_043300.csv,2025-03-17,,custom
vcm,20210504_102146_025480_2.wav,0,0,40028187,20210504_102146_025480_2.vcm,vcm_rttm,,20210504_102146_025480_2.csv,2025-03-17,,custom
vcm,20210303_114117_022875.wav,0,0,57600000,20210303_114117_022875.vcm,vcm_rttm,,20210303_114117_022875.csv,2025-03-17,,custom
vcm,20200622_183505_024882.wav,0,0,57600000,20200622_183505_024882.vcm,vcm_rttm,,20200622_183505_024882.csv,2025-03-17,,custom
vcm,20200312_150451_024884.wav,0,0,57600000,20200312_150451_024884.vcm,vcm_rttm,,20200312_150451_024884.csv,2025-03-17,,custom
vcm,20200921_143923_024883.wav,0,0,57600000,20200921_143923_024883.vcm,vcm_rttm,,20200921_143923_024883.csv,2025-03-17,,custom
vcm,20190828_150425_025480_2.wav,0,0,47737812,20190828_150425_025480_2.vcm,vcm_rttm,,20190828_150425_025480_2.csv,2025-03-17,,custom
vcm,20220224_125206_043299_1.wav,0,0,54982437,20220224_125206_043299_1.vcm,vcm_rttm,,20220224_125206_043299_1.csv,2025-03-17,,custom
vcm,20220720_132637_024882_2.wav,0,0,44651437,20220720_132637_024882_2.vcm,vcm_rttm,,20220720_132637_024882_2.csv,2025-03-17,,custom
vcm,20191015_104144_024880_3.wav,0,0,12207187,20191015_104144_024880_3.vcm,vcm_rttm,,20191015_104144_024880_3.csv,2025-03-17,,custom
vcm,20211019_120823_045733_2.wav,0,0,52796562,20211019_120823_045733_2.vcm,vcm_rttm,,20211019_120823_045733_2.csv,2025-03-17,,custom
vcm,20180906_133011_022875.wav,0,0,57600000,20180906_133011_022875.vcm,vcm_rttm,,20180906_133011_022875.csv,2025-03-17,,custom
vcm,20230516_124617_024879_1.wav,0,0,49259125,20230516_124617_024879_1.vcm,vcm_rttm,,20230516_124617_024879_1.csv,2025-03-17,,custom
vcm,20190912_091823_022874.wav,0,0,57600000,20190912_091823_022874.vcm,vcm_rttm,,20190912_091823_022874.csv,2025-03-17,,custom
vcm,20221117_094308_045737_2.wav,0,0,53327562,20221117_094308_045737_2.vcm,vcm_rttm,,20221117_094308_045737_2.csv,2025-03-17,,custom
vcm,20200729_201119_024879.wav,0,0,57600000,20200729_201119_024879.vcm,vcm_rttm,,20200729_201119_024879.csv,2025-03-17,,custom
vcm,20220303_120548_045737_2.wav,0,0,39869250,20220303_120548_045737_2.vcm,vcm_rttm,,20220303_120548_045737_2.csv,2025-03-17,,custom
vcm,20190214_135936_024883.wav,0,0,46773000,20190214_135936_024883.vcm,vcm_rttm,,20190214_135936_024883.csv,2025-03-17,,custom
vcm,20190404_133651_024882_1.wav,0,0,52902000,20190404_133651_024882_1.vcm,vcm_rttm,,20190404_133651_024882_1.csv,2025-03-17,,custom
vcm,20180906_133341_024881.wav,0,0,57600000,20180906_133341_024881.vcm,vcm_rttm,,20180906_133341_024881.csv,2025-03-17,,custom
vcm,20210303_115314_024880.wav,0,0,57600000,20210303_115314_024880.vcm,vcm_rttm,,20210303_115314_024880.csv,2025-03-17,,custom
vcm,20230214_124426_043302_1.wav,0,0,38676500,20230214_124426_043302_1.vcm,vcm_rttm,,20230214_124426_043302_1.csv,2025-03-17,,custom
vcm,20191120_103727_024882_1.wav,0,0,57600000,20191120_103727_024882_1.vcm,vcm_rttm,,20191120_103727_024882_1.csv,2025-03-17,,custom
vcm,20220809_093436_022873_1.wav,0,0,57600000,20220809_093436_022873_1.vcm,vcm_rttm,,20220809_093436_022873_1.csv,2025-03-17,,custom
vcm,20180308_114648_022870.wav,0,0,46296437,20180308_114648_022870.vcm,vcm_rttm,,20180308_114648_022870.csv,2025-03-17,,custom
vcm,20200304_101532_024883_2.wav,0,0,57600000,20200304_101532_024883_2.vcm,vcm_rttm,,20200304_101532_024883_2.csv,2025-03-17,,custom
vcm,20220624_095947_043300_1.wav,0,0,44454687,20220624_095947_043300_1.vcm,vcm_rttm,,20220624_095947_043300_1.csv,2025-03-17,,custom
vcm,20191217_162747_024878_2.wav,0,0,44989437,20191217_162747_024878_2.vcm,vcm_rttm,,20191217_162747_024878_2.csv,2025-03-17,,custom
vcm,20211022_110857_045737_2.wav,0,0,57600000,20211022_110857_045737_2.vcm,vcm_rttm,,20211022_110857_045737_2.csv,2025-03-17,,custom
vcm,20210920_104409_022875_1.wav,0,0,41471812,20210920_104409_022875_1.vcm,vcm_rttm,,20210920_104409_022875_1.csv,2025-03-17,,custom
vcm,20180327_121840_022874.wav,0,0,43671687,20180327_121840_022874.vcm,vcm_rttm,,20180327_121840_022874.csv,2025-03-17,,custom
vcm,20221205_151622_043305_2.wav,0,0,40516625,20221205_151622_043305_2.vcm,vcm_rttm,,20221205_151622_043305_2.csv,2025-03-17,,custom
vcm,20230228_124411_043305_2.wav,0,0,57600000,20230228_124411_043305_2.vcm,vcm_rttm,,20230228_124411_043305_2.csv,2025-03-17,,custom
vcm,20210910_134003_022873.wav,0,0,57600000,20210910_134003_022873.vcm,vcm_rttm,,20210910_134003_022873.csv,2025-03-17,,custom
vcm,20180417_111117_022874.wav,0,0,11775687,20180417_111117_022874.vcm,vcm_rttm,,20180417_111117_022874.csv,2025-03-17,,custom
vcm,20170620_163407_009463.wav,0,0,45439187,20170620_163407_009463.vcm,vcm_rttm,,20170620_163407_009463.csv,2025-03-17,,custom
vcm,20180405_171716_022875.wav,0,0,57600125,20180405_171716_022875.vcm,vcm_rttm,,20180405_171716_022875.csv,2025-03-17,,custom
vcm,20221202_142744_043302_2.wav,0,0,44420312,20221202_142744_043302_2.vcm,vcm_rttm,,20221202_142744_043302_2.csv,2025-03-17,,custom
vcm,20181207_135636_022875_3.wav,0,0,10363187,20181207_135636_022875_3.vcm,vcm_rttm,,20181207_135636_022875_3.csv,2025-03-17,,custom
vcm,20211004_121420_045738_1.wav,0,0,46662312,20211004_121420_045738_1.vcm,vcm_rttm,,20211004_121420_045738_1.csv,2025-03-17,,custom
vcm,20210127_105355_024882_1.wav,0,0,14178000,20210127_105355_024882_1.vcm,vcm_rttm,,20210127_105355_024882_1.csv,2025-03-17,,custom
vcm,20230726_132638_043299_2.wav,0,0,46028375,20230726_132638_043299_2.vcm,vcm_rttm,,20230726_132638_043299_2.csv,2025-03-17,,custom
vcm,20210414_211244_024882_1.wav,0,0,57600000,20210414_211244_024882_1.vcm,vcm_rttm,,20210414_211244_024882_1.csv,2025-03-17,,custom
vcm,20230328_105824_025480_2.wav,0,0,57600000,20230328_105824_025480_2.vcm,vcm_rttm,,20230328_105824_025480_2.csv,2025-03-17,,custom
vcm,20191204_101503_025480.wav,0,0,44154812,20191204_101503_025480.vcm,vcm_rttm,,20191204_101503_025480.csv,2025-03-17,,custom
vcm,20200503_130409_024882.wav,0,0,57600000,20200503_130409_024882.vcm,vcm_rttm,,20200503_130409_024882.csv,2025-03-17,,custom
vcm,20220412_101614_043299_2.wav,0,0,41771000,20220412_101614_043299_2.vcm,vcm_rttm,,20220412_101614_043299_2.csv,2025-03-17,,custom
vcm,20230321_124603_024879_1.wav,0,0,57600000,20230321_124603_024879_1.vcm,vcm_rttm,,20230321_124603_024879_1.csv,2025-03-17,,custom
vcm,20191220_121955_022870.wav,0,0,57600000,20191220_121955_022870.vcm,vcm_rttm,,20191220_121955_022870.csv,2025-03-17,,custom
vcm,20181218_132113_024879.wav,0,0,57600000,20181218_132113_024879.vcm,vcm_rttm,,20181218_132113_024879.csv,2025-03-17,,custom
vcm,20201105_131250_024883_1.wav,0,0,40999562,20201105_131250_024883_1.vcm,vcm_rttm,,20201105_131250_024883_1.csv,2025-03-17,,custom
vcm,20180918_114920_022870.wav,0,0,41173750,20180918_114920_022870.vcm,vcm_rttm,,20180918_114920_022870.csv,2025-03-17,,custom
vcm,20190927_114549_024878.wav,0,0,57600000,20190927_114549_024878.vcm,vcm_rttm,,20190927_114549_024878.csv,2025-03-17,,custom
vcm,20190917_075812_025481_1.wav,0,0,39922750,20190917_075812_025481_1.vcm,vcm_rttm,,20190917_075812_025481_1.csv,2025-03-17,,custom
vcm,20180906_131431_024882.wav,0,0,51766437,20180906_131431_024882.vcm,vcm_rttm,,20180906_131431_024882.csv,2025-03-17,,custom
vcm,20220711_142955_024883_2.wav,0,0,57600000,20220711_142955_024883_2.vcm,vcm_rttm,,20220711_142955_024883_2.csv,2025-03-17,,custom
vcm,20210127_105355_024882_2.wav,0,0,14698562,20210127_105355_024882_2.vcm,vcm_rttm,,20210127_105355_024882_2.csv,2025-03-17,,custom
vcm,20220805_082527_043300_2.wav,0,0,44294375,20220805_082527_043300_2.vcm,vcm_rttm,,20220805_082527_043300_2.csv,2025-03-17,,custom
vcm,20201030_085516_022874.wav,0,0,57600000,20201030_085516_022874.vcm,vcm_rttm,,20201030_085516_022874.csv,2025-03-17,,custom
vcm,20220830_095853_022873_1.wav,0,0,4333937,20220830_095853_022873_1.vcm,vcm_rttm,,20220830_095853_022873_1.csv,2025-03-17,,custom
vcm,20200710_084035_024880_2.wav,0,0,20608250,20200710_084035_024880_2.vcm,vcm_rttm,,20200710_084035_024880_2.csv,2025-03-17,,custom
vcm,20170901_162854_009463.wav,0,0,57600125,20170901_162854_009463.vcm,vcm_rttm,,20170901_162854_009463.csv,2025-03-17,,custom
vcm,20211118_113757_024883_2.wav,0,0,57198750,20211118_113757_024883_2.vcm,vcm_rttm,,20211118_113757_024883_2.csv,2025-03-17,,custom
vcm,20200212_113821_024879_1.wav,0,0,44815750,20200212_113821_024879_1.vcm,vcm_rttm,,20200212_113821_024879_1.csv,2025-03-17,,custom
vcm,20200921_145948_024882.wav,0,0,57600000,20200921_145948_024882.vcm,vcm_rttm,,20200921_145948_024882.csv,2025-03-17,,custom
vcm,20190905_131929_024883_1.wav,0,0,45198125,20190905_131929_024883_1.vcm,vcm_rttm,,20190905_131929_024883_1.csv,2025-03-17,,custom
vcm,20210303_114715_024882.wav,0,0,53422937,20210303_114715_024882.vcm,vcm_rttm,,20210303_114715_024882.csv,2025-03-17,,custom
vcm,20190424_140125_024878_1.wav,0,0,57600000,20190424_140125_024878_1.vcm,vcm_rttm,,20190424_140125_024878_1.csv,2025-03-17,,custom
vcm,20190110_135751_024878.wav,0,0,35955187,20190110_135751_024878.vcm,vcm_rttm,,20190110_135751_024878.csv,2025-03-17,,custom
vcm,20190828_145417_024879_2.wav,0,0,35438812,20190828_145417_024879_2.vcm,vcm_rttm,,20190828_145417_024879_2.csv,2025-03-17,,custom
vcm,20180301_161002_009463.wav,0,0,43224000,20180301_161002_009463.vcm,vcm_rttm,,20180301_161002_009463.csv,2025-03-17,,custom
vcm,20200304_100729_025480.wav,0,0,39660437,20200304_100729_025480.vcm,vcm_rttm,,20200304_100729_025480.csv,2025-03-17,,custom
vcm,20210817_164449_043300.wav,0,0,47046250,20210817_164449_043300.vcm,vcm_rttm,,20210817_164449_043300.csv,2025-03-17,,custom
vcm,20181207_135636_022875_2.wav,0,0,26493687,20181207_135636_022875_2.vcm,vcm_rttm,,20181207_135636_022875_2.csv,2025-03-17,,custom
vcm,20221129_154915_045733_1.wav,0,0,48470375,20221129_154915_045733_1.vcm,vcm_rttm,,20221129_154915_045733_1.csv,2025-03-17,,custom
vcm,20181207_134922_025481.wav,0,0,57600000,20181207_134922_025481.vcm,vcm_rttm,,20181207_134922_025481.csv,2025-03-17,,custom
vcm,20210624_124711_043305.wav,0,0,57600000,20210624_124711_043305.vcm,vcm_rttm,,20210624_124711_043305.csv,2025-03-17,,custom
vcm,20221202_164216_045738_2.wav,0,0,44533000,20221202_164216_045738_2.vcm,vcm_rttm,,20221202_164216_045738_2.csv,2025-03-17,,custom
vcm,20180906_133202_022870.wav,0,0,42459875,20180906_133202_022870.vcm,vcm_rttm,,20180906_133202_022870.csv,2025-03-17,,custom
vcm,20170718_161919_009463.wav,0,0,44415937,20170718_161919_009463.vcm,vcm_rttm,,20170718_161919_009463.csv,2025-03-17,,custom
vcm,20210303_113144_022870.wav,0,0,57600000,20210303_113144_022870.vcm,vcm_rttm,,20210303_113144_022870.csv,2025-03-17,,custom
vcm,20210909_113112_043299_2.wav,0,0,28956187,20210909_113112_043299_2.vcm,vcm_rttm,,20210909_113112_043299_2.csv,2025-03-17,,custom
vcm,20190404_133218_024880_1.wav,0,0,39554000,20190404_133218_024880_1.vcm,vcm_rttm,,20190404_133218_024880_1.csv,2025-03-17,,custom
vcm,20220913_122544_045738.wav,0,0,47758812,20220913_122544_045738.vcm,vcm_rttm,,20220913_122544_045738.csv,2025-03-17,,custom
vcm,20190315_143529_025480_1.wav,0,0,40707000,20190315_143529_025480_1.vcm,vcm_rttm,,20190315_143529_025480_1.csv,2025-03-17,,custom
vcm,20220513_113018_024879_2.wav,0,0,25847750,20220513_113018_024879_2.vcm,vcm_rttm,,20220513_113018_024879_2.csv,2025-03-17,,custom
vcm,20210930_113450_043300_2.wav,0,0,57605687,20210930_113450_043300_2.vcm,vcm_rttm,,20210930_113450_043300_2.csv,2025-03-17,,custom
vcm,20181101_124012_024883.wav,0,0,57600000,20181101_124012_024883.vcm,vcm_rttm,,20181101_124012_024883.csv,2025-03-17,,custom
vcm,20191120_103301_024878_2.wav,0,0,48529312,20191120_103301_024878_2.vcm,vcm_rttm,,20191120_103301_024878_2.csv,2025-03-17,,custom
vcm,20230801_150819_045737_2.wav,0,0,44645875,20230801_150819_045737_2.vcm,vcm_rttm,,20230801_150819_045737_2.csv,2025-03-17,,custom
vcm,20210127_103244_024879_1.wav,0,0,57600000,20210127_103244_024879_1.vcm,vcm_rttm,,20210127_103244_024879_1.csv,2025-03-17,,custom
vcm,20230308_094400_045733_2.wav,0,0,43720750,20230308_094400_045733_2.vcm,vcm_rttm,,20230308_094400_045733_2.csv,2025-03-17,,custom
vcm,20200212_135855_024882_2.wav,0,0,57600000,20200212_135855_024882_2.vcm,vcm_rttm,,20200212_135855_024882_2.csv,2025-03-17,,custom
vcm,20181218_132511_022873.wav,0,0,46184625,20181218_132511_022873.vcm,vcm_rttm,,20181218_132511_022873.csv,2025-03-17,,custom
vcm,20220429_145146_024882_1.wav,0,0,57600000,20220429_145146_024882_1.vcm,vcm_rttm,,20220429_145146_024882_1.csv,2025-03-17,,custom
vcm,20181023_153740_024881.wav,0,0,57600000,20181023_153740_024881.vcm,vcm_rttm,,20181023_153740_024881.csv,2025-03-17,,custom
vcm,20220823_141305_024879_2.wav,0,0,49808125,20220823_141305_024879_2.vcm,vcm_rttm,,20220823_141305_024879_2.csv,2025-03-17,,custom
vcm,20200304_101121_024879_1.wav,0,0,44659812,20200304_101121_024879_1.vcm,vcm_rttm,,20200304_101121_024879_1.csv,2025-03-17,,custom
vcm,20190503_162938_024884_2.wav,0,0,51641875,20190503_162938_024884_2.vcm,vcm_rttm,,20190503_162938_024884_2.csv,2025-03-17,,custom
vcm,20210624_093549_024884_1.wav,0,0,45908250,20210624_093549_024884_1.vcm,vcm_rttm,,20210624_093549_024884_1.csv,2025-03-17,,custom
vcm,20210902_111305_045737_1.wav,0,0,57600000,20210902_111305_045737_1.vcm,vcm_rttm,,20210902_111305_045737_1.csv,2025-03-17,,custom
vcm,20191004_125301_022873.wav,0,0,57600000,20191004_125301_022873.vcm,vcm_rttm,,20191004_125301_022873.csv,2025-03-17,,custom
vcm,20181011_160409_024882.wav,0,0,57600000,20181011_160409_024882.vcm,vcm_rttm,,20181011_160409_024882.csv,2025-03-17,,custom
vcm,20230405_090552_045738_2.wav,0,0,49690250,20230405_090552_045738_2.vcm,vcm_rttm,,20230405_090552_045738_2.csv,2025-03-17,,custom
vcm,20221214_161607_045737_1.wav,0,0,57600000,20221214_161607_045737_1.vcm,vcm_rttm,,20221214_161607_045737_1.csv,2025-03-17,,custom
vcm,20210414_212304_024884_2.wav,0,0,48955437,20210414_212304_024884_2.vcm,vcm_rttm,,20210414_212304_024884_2.csv,2025-03-17,,custom
vcm,20230404_115212_043300_2.wav,0,0,38302750,20230404_115212_043300_2.vcm,vcm_rttm,,20230404_115212_043300_2.csv,2025-03-17,,custom
vcm,20200826_171055_024880.wav,0,0,57600000,20200826_171055_024880.vcm,vcm_rttm,,20200826_171055_024880.csv,2025-03-17,,custom
vcm,20190104_125104_022872.wav,0,0,57600000,20190104_125104_022872.vcm,vcm_rttm,,20190104_125104_022872.csv,2025-03-17,,custom
vcm,20210210_103228_022874.wav,0,0,47007562,20210210_103228_022874.vcm,vcm_rttm,,20210210_103228_022874.csv,2025-03-17,,custom
vcm,20200209_114853_022875.wav,0,0,43382937,20200209_114853_022875.vcm,vcm_rttm,,20200209_114853_022875.csv,2025-03-17,,custom
vcm,20230509_144410_045737_2.wav,0,0,35121875,20230509_144410_045737_2.vcm,vcm_rttm,,20230509_144410_045737_2.csv,2025-03-17,,custom
vcm,20180808_111213_024881.wav,0,0,47622375,20180808_111213_024881.vcm,vcm_rttm,,20180808_111213_024881.csv,2025-03-17,,custom
vcm,20190918_100335_024879_2.wav,0,0,54709000,20190918_100335_024879_2.vcm,vcm_rttm,,20190918_100335_024879_2.csv,2025-03-17,,custom
vcm,20210602_131320_043300.wav,0,0,57600000,20210602_131320_043300.vcm,vcm_rttm,,20210602_131320_043300.csv,2025-03-17,,custom
vcm,20230301_083834_024880_2.wav,0,0,35806000,20230301_083834_024880_2.vcm,vcm_rttm,,20230301_083834_024880_2.csv,2025-03-17,,custom
vcm,20181009_144505_024881.wav,0,0,57600000,20181009_144505_024881.vcm,vcm_rttm,,20181009_144505_024881.csv,2025-03-17,,custom
vcm,20211103_114626_022870_1.wav,0,0,45336375,20211103_114626_022870_1.vcm,vcm_rttm,,20211103_114626_022870_1.csv,2025-03-17,,custom
vcm,20210401_140700_024879_1.wav,0,0,57600000,20210401_140700_024879_1.vcm,vcm_rttm,,20210401_140700_024879_1.csv,2025-03-17,,custom
vcm,20231025_115855_045737_2.wav,0,0,39369562,20231025_115855_045737_2.vcm,vcm_rttm,,20231025_115855_045737_2.csv,2025-03-17,,custom
vcm,20220624_140959_025480_2.wav,0,0,45490937,20220624_140959_025480_2.vcm,vcm_rttm,,20220624_140959_025480_2.csv,2025-03-17,,custom
vcm,20230308_093128_024882_2.wav,0,0,46777500,20230308_093128_024882_2.vcm,vcm_rttm,,20230308_093128_024882_2.csv,2025-03-17,,custom
vcm,20210817_164105_024884.wav,0,0,54143687,20210817_164105_024884.vcm,vcm_rttm,,20210817_164105_024884.csv,2025-03-17,,custom
vcm,20190424_135348_024879.wav,0,0,57600000,20190424_135348_024879.vcm,vcm_rttm,,20190424_135348_024879.csv,2025-03-17,,custom
vcm,20181115_125615_024883.wav,0,0,57600000,20181115_125615_024883.vcm,vcm_rttm,,20181115_125615_024883.csv,2025-03-17,,custom
vcm,20191217_163703_022875.wav,0,0,57600000,20191217_163703_022875.vcm,vcm_rttm,,20191217_163703_022875.csv,2025-03-17,,custom
vcm,20210312_162250_024883.wav,0,0,57600000,20210312_162250_024883.vcm,vcm_rttm,,20210312_162250_024883.csv,2025-03-17,,custom
vcm,20230328_132555_045737_1.wav,0,0,57600000,20230328_132555_045737_1.vcm,vcm_rttm,,20230328_132555_045737_1.csv,2025-03-17,,custom
vcm,20210910_133413_022870.wav,0,0,46532500,20210910_133413_022870.vcm,vcm_rttm,,20210910_133413_022870.csv,2025-03-17,,custom
vcm,20190301_122508_024884_2.wav,0,0,57600000,20190301_122508_024884_2.vcm,vcm_rttm,,20190301_122508_024884_2.csv,2025-03-17,,custom
vcm,20200303_113417_024878_1.wav,0,0,37095500,20200303_113417_024878_1.vcm,vcm_rttm,,20200303_113417_024878_1.csv,2025-03-17,,custom
vcm,20220414_121101_022873_1.wav,0,0,53635000,20220414_121101_022873_1.vcm,vcm_rttm,,20220414_121101_022873_1.csv,2025-03-17,,custom
vcm,20210810_155503_043298.wav,0,0,57600000,20210810_155503_043298.vcm,vcm_rttm,,20210810_155503_043298.csv,2025-03-17,,custom
vcm,20230509_154440_043299_2.wav,0,0,50953187,20230509_154440_043299_2.vcm,vcm_rttm,,20230509_154440_043299_2.csv,2025-03-17,,custom
vcm,20210221_162501_024879_2.wav,0,0,57600000,20210221_162501_024879_2.vcm,vcm_rttm,,20210221_162501_024879_2.csv,2025-03-17,,custom
vcm,20211102_135358_045732_1.wav,0,0,57600000,20211102_135358_045732_1.vcm,vcm_rttm,,20211102_135358_045732_1.csv,2025-03-17,,custom
vcm,20190315_111550_024879.wav,0,0,57600000,20190315_111550_024879.vcm,vcm_rttm,,20190315_111550_024879.csv,2025-03-17,,custom
vcm,20210810_154653_043305.wav,0,0,43619500,20210810_154653_043305.vcm,vcm_rttm,,20210810_154653_043305.csv,2025-03-17,,custom
vcm,20210924_103333_045733_1.wav,0,0,50782125,20210924_103333_045733_1.vcm,vcm_rttm,,20210924_103333_045733_1.csv,2025-03-17,,custom
vcm,20210615_144537_043299.wav,0,0,45815062,20210615_144537_043299.vcm,vcm_rttm,,20210615_144537_043299.csv,2025-03-17,,custom
vcm,20200701_171816_024879_1.wav,0,0,57600000,20200701_171816_024879_1.vcm,vcm_rttm,,20200701_171816_024879_1.csv,2025-03-17,,custom
vcm,20180530_181958_022870.wav,0,0,57600000,20180530_181958_022870.vcm,vcm_rttm,,20180530_181958_022870.csv,2025-03-17,,custom
vcm,20220726_115556_024883_2.wav,0,0,48960687,20220726_115556_024883_2.vcm,vcm_rttm,,20220726_115556_024883_2.csv,2025-03-17,,custom
vcm,20220429_131117_024883_1.wav,0,0,45085125,20220429_131117_024883_1.vcm,vcm_rttm,,20220429_131117_024883_1.csv,2025-03-17,,custom
vcm,20220720_091357_024879_1.wav,0,0,44010750,20220720_091357_024879_1.vcm,vcm_rttm,,20220720_091357_024879_1.csv,2025-03-17,,custom
vcm,20191106_173720_024880_1.wav,0,0,45099062,20191106_173720_024880_1.vcm,vcm_rttm,,20191106_173720_024880_1.csv,2025-03-17,,custom
vcm,20181207_135636_022875_1.wav,0,0,1887312,20181207_135636_022875_1.vcm,vcm_rttm,,20181207_135636_022875_1.csv,2025-03-17,,custom
vcm,20200312_145310_024878_2.wav,0,0,42240687,20200312_145310_024878_2.vcm,vcm_rttm,,20200312_145310_024878_2.csv,2025-03-17,,custom
vcm,20230314_110332_043302_1.wav,0,0,43751812,20230314_110332_043302_1.vcm,vcm_rttm,,20230314_110332_043302_1.csv,2025-03-17,,custom
vcm,20210401_141025_022870.wav,0,0,43404875,20210401_141025_022870.vcm,vcm_rttm,,20210401_141025_022870.csv,2025-03-17,,custom
vcm,20190307_114201_025481.wav,0,0,40125937,20190307_114201_025481.vcm,vcm_rttm,,20190307_114201_025481.csv,2025-03-17,,custom
vcm,20191015_103838_024879_1.wav,0,0,57600000,20191015_103838_024879_1.vcm,vcm_rttm,,20191015_103838_024879_1.csv,2025-03-17,,custom
vcm,20201104_094551_024882_1.wav,0,0,57600000,20201104_094551_024882_1.vcm,vcm_rttm,,20201104_094551_024882_1.csv,2025-03-17,,custom
vcm,20191030_105458_025481_2.wav,0,0,57600000,20191030_105458_025481_2.vcm,vcm_rttm,,20191030_105458_025481_2.csv,2025-03-17,,custom
vcm,20210210_105331_024883.wav,0,0,35051875,20210210_105331_024883.vcm,vcm_rttm,,20210210_105331_024883.csv,2025-03-17,,custom
vcm,20220929_145355_045737_2.wav,0,0,33686625,20220929_145355_045737_2.vcm,vcm_rttm,,20220929_145355_045737_2.csv,2025-03-17,,custom
vcm,20210602_130006_022875.wav,0,0,57600000,20210602_130006_022875.vcm,vcm_rttm,,20210602_130006_022875.csv,2025-03-17,,custom
vcm,20181115_130044_024882.wav,0,0,57600000,20181115_130044_024882.vcm,vcm_rttm,,20181115_130044_024882.csv,2025-03-17,,custom
vcm,20191030_105828_024878_2.wav,0,0,43107250,20191030_105828_024878_2.vcm,vcm_rttm,,20191030_105828_024878_2.csv,2025-03-17,,custom
vcm,20200813_161017_022873.wav,0,0,52130312,20200813_161017_022873.vcm,vcm_rttm,,20200813_161017_022873.csv,2025-03-17,,custom
vcm,20181203_135820_024883.wav,0,0,57600000,20181203_135820_024883.vcm,vcm_rttm,,20181203_135820_024883.csv,2025-03-17,,custom
vcm,20210127_150213_024880_2.wav,0,0,45079750,20210127_150213_024880_2.vcm,vcm_rttm,,20210127_150213_024880_2.csv,2025-03-17,,custom
vcm,20220322_103011_022870_2.wav,0,0,45108562,20220322_103011_022870_2.vcm,vcm_rttm,,20220322_103011_022870_2.csv,2025-03-17,,custom
vcm,20180424_113552_022873.wav,0,0,57600125,20180424_113552_022873.vcm,vcm_rttm,,20180424_113552_022873.csv,2025-03-17,,custom
vcm,20200413_130038_024880.wav,0,0,57600000,20200413_130038_024880.vcm,vcm_rttm,,20200413_130038_024880.csv,2025-03-17,,custom
vcm,20190424_135540_024883_2.wav,0,0,41116437,20190424_135540_024883_2.vcm,vcm_rttm,,20190424_135540_024883_2.csv,2025-03-17,,custom
vcm,20201217_084733_024879_2.wav,0,0,50870125,20201217_084733_024879_2.vcm,vcm_rttm,,20201217_084733_024879_2.csv,2025-03-17,,custom
vcm,20230208_103250_043299_1.wav,0,0,57600000,20230208_103250_043299_1.vcm,vcm_rttm,,20230208_103250_043299_1.csv,2025-03-17,,custom
vcm,20191015_104352_024883_1.wav,0,0,57600000,20191015_104352_024883_1.vcm,vcm_rttm,,20191015_104352_024883_1.csv,2025-03-17,,custom
vcm,20190416_112037_022875.wav,0,0,45835312,20190416_112037_022875.vcm,vcm_rttm,,20190416_112037_022875.csv,2025-03-17,,custom
vcm,20230228_112602_025480_1.wav,0,0,40467000,20230228_112602_025480_1.vcm,vcm_rttm,,20230228_112602_025480_1.csv,2025-03-17,,custom
vcm,20181207_135636_022875_4.wav,0,0,14995187,20181207_135636_022875_4.vcm,vcm_rttm,,20181207_135636_022875_4.csv,2025-03-17,,custom
vcm,20191004_125707_025480_2.wav,0,0,16527812,20191004_125707_025480_2.vcm,vcm_rttm,,20191004_125707_025480_2.csv,2025-03-17,,custom
vcm,20210303_112011_022873.wav,0,0,57600000,20210303_112011_022873.vcm,vcm_rttm,,20210303_112011_022873.csv,2025-03-17,,custom
vcm,20180808_111325_024882.wav,0,0,57600000,20180808_111325_024882.vcm,vcm_rttm,,20180808_111325_024882.csv,2025-03-17,,custom
vcm,20201216_150145_024880_1.wav,0,0,111801500,20201216_150145_024880_1.vcm,vcm_rttm,,20201216_150145_024880_1.csv,2025-03-17,,custom
vcm,20220222_121343_022873_2.wav,0,0,57600000,20220222_121343_022873_2.vcm,vcm_rttm,,20220222_121343_022873_2.csv,2025-03-17,,custom
vcm,20191107_084351_024882.wav,0,0,44754125,20191107_084351_024882.vcm,vcm_rttm,,20191107_084351_024882.csv,2025-03-17,,custom
vcm,20200427_232107_022870_3.wav,0,0,19199000,20200427_232107_022870_3.vcm,vcm_rttm,,20200427_232107_022870_3.csv,2025-03-17,,custom
vcm,20191204_101714_024883.wav,0,0,57600000,20191204_101714_024883.vcm,vcm_rttm,,20191204_101714_024883.csv,2025-03-17,,custom
vcm,20220627_105047_024883_1.wav,0,0,43294125,20220627_105047_024883_1.vcm,vcm_rttm,,20220627_105047_024883_1.csv,2025-03-17,,custom
vcm,20180906_131545_025480.wav,0,0,57600000,20180906_131545_025480.vcm,vcm_rttm,,20180906_131545_025480.csv,2025-03-17,,custom
vcm,20180703_141752_022875.wav,0,0,38536750,20180703_141752_022875.vcm,vcm_rttm,,20180703_141752_022875.csv,2025-03-17,,custom
vcm,20221018_135301_043300_4.wav,0,0,40018062,20221018_135301_043300_4.vcm,vcm_rttm,,20221018_135301_043300_4.csv,2025-03-17,,custom
vcm,20210303_112648_022874.wav,0,0,57600000,20210303_112648_022874.vcm,vcm_rttm,,20210303_112648_022874.csv,2025-03-17,,custom
vcm,20210318_113222_022874.wav,0,0,57600000,20210318_113222_022874.vcm,vcm_rttm,,20210318_113222_022874.csv,2025-03-17,,custom
vcm,20221018_135301_043300_3.wav,0,0,766625,20221018_135301_043300_3.vcm,vcm_rttm,,20221018_135301_043300_3.csv,2025-03-17,,custom
vcm,20200604_144328_024883.wav,0,0,57600000,20200604_144328_024883.vcm,vcm_rttm,,20200604_144328_024883.csv,2025-03-17,,custom
vcm,20200212_135321_024883_2.wav,0,0,57600000,20200212_135321_024883_2.vcm,vcm_rttm,,20200212_135321_024883_2.csv,2025-03-17,,custom
vcm,20190104_125403_024884.wav,0,0,57600000,20190104_125403_024884.vcm,vcm_rttm,,20190104_125403_024884.csv,2025-03-17,,custom
vcm,20200414_131003_024882.wav,0,0,36335687,20200414_131003_024882.vcm,vcm_rttm,,20200414_131003_024882.csv,2025-03-17,,custom
vcm,20220705_160928_024884_2.wav,0,0,40975437,20220705_160928_024884_2.vcm,vcm_rttm,,20220705_160928_024884_2.csv,2025-03-17,,custom
vcm,20230228_123152_024884_2.wav,0,0,56033000,20230228_123152_024884_2.vcm,vcm_rttm,,20230228_123152_024884_2.csv,2025-03-17,,custom
vcm,20201119_134105_024882_1.wav,0,0,44403375,20201119_134105_024882_1.vcm,vcm_rttm,,20201119_134105_024882_1.csv,2025-03-17,,custom
vcm,20191120_104516_024879_3.wav,0,0,49650375,20191120_104516_024879_3.vcm,vcm_rttm,,20191120_104516_024879_3.csv,2025-03-17,,custom
vcm,20191004_131221_024883_2.wav,0,0,50845750,20191004_131221_024883_2.vcm,vcm_rttm,,20191004_131221_024883_2.csv,2025-03-17,,custom
vcm,20180808_110630_024879.wav,0,0,42456000,20180808_110630_024879.vcm,vcm_rttm,,20180808_110630_024879.csv,2025-03-17,,custom
vcm,20180530_181655_022873.wav,0,0,41995562,20180530_181655_022873.vcm,vcm_rttm,,20180530_181655_022873.csv,2025-03-17,,custom
vcm,20210113_155238_025480_2.wav,0,0,57600000,20210113_155238_025480_2.vcm,vcm_rttm,,20210113_155238_025480_2.csv,2025-03-17,,custom
vcm,20200427_232107_022870_1.wav,0,0,38397250,20200427_232107_022870_1.vcm,vcm_rttm,,20200427_232107_022870_1.csv,2025-03-17,,custom
vcm,20200212_135855_024882_1.wav,0,0,57600000,20200212_135855_024882_1.vcm,vcm_rttm,,20200212_135855_024882_1.csv,2025-03-17,,custom
vcm,20200729_201847_024880.wav,0,0,57600000,20200729_201847_024880.vcm,vcm_rttm,,20200729_201847_024880.csv,2025-03-17,,custom
vcm,20211007_104945_045732_2.wav,0,0,53711062,20211007_104945_045732_2.vcm,vcm_rttm,,20211007_104945_045732_2.csv,2025-03-17,,custom
vcm,20230214_105958_043300_2.wav,0,0,44817875,20230214_105958_043300_2.vcm,vcm_rttm,,20230214_105958_043300_2.csv,2025-03-17,,custom
vcm,20230208_151351_045738_2.wav,0,0,46737437,20230208_151351_045738_2.vcm,vcm_rttm,,20230208_151351_045738_2.csv,2025-03-17,,custom
vcm,20210901_120042_025480_2.wav,0,0,38723937,20210901_120042_025480_2.vcm,vcm_rttm,,20210901_120042_025480_2.csv,2025-03-17,,custom
vcm,20230425_114841_045738_2.wav,0,0,42934750,20230425_114841_045738_2.vcm,vcm_rttm,,20230425_114841_045738_2.csv,2025-03-17,,custom
vcm,20230606_122122_025480_2.wav,0,0,45455062,20230606_122122_025480_2.vcm,vcm_rttm,,20230606_122122_025480_2.csv,2025-03-17,,custom
vcm,20221202_162209_043300_2.wav,0,0,44470625,20221202_162209_043300_2.vcm,vcm_rttm,,20221202_162209_043300_2.csv,2025-03-17,,custom
vcm,20210127_105022_022873.wav,0,0,57600000,20210127_105022_022873.vcm,vcm_rttm,,20210127_105022_022873.csv,2025-03-17,,custom
vcm,20190404_132831_024879_1.wav,0,0,57600000,20190404_132831_024879_1.vcm,vcm_rttm,,20190404_132831_024879_1.csv,2025-03-17,,custom
vcm,20180918_114633_022872.wav,0,0,57600000,20180918_114633_022872.vcm,vcm_rttm,,20180918_114633_022872.csv,2025-03-17,,custom
vcm,20230314_121209_043300_1.wav,0,0,57600000,20230314_121209_043300_1.vcm,vcm_rttm,,20230314_121209_043300_1.csv,2025-03-17,,custom
vcm,20220731_124718_025480_2.wav,0,0,47330875,20220731_124718_025480_2.vcm,vcm_rttm,,20220731_124718_025480_2.csv,2025-03-17,,custom
vcm,20190207_135236_024882.wav,0,0,41698687,20190207_135236_024882.vcm,vcm_rttm,,20190207_135236_024882.csv,2025-03-17,,custom
vcm,20210318_114509_043298.wav,0,0,57600000,20210318_114509_043298.vcm,vcm_rttm,,20210318_114509_043298.csv,2025-03-17,,custom
vcm,20181128_142512_025480.wav,0,0,57600000,20181128_142512_025480.vcm,vcm_rttm,,20181128_142512_025480.csv,2025-03-17,,custom
vcm,20230110_120835_024882_2.wav,0,0,41753687,20230110_120835_024882_2.vcm,vcm_rttm,,20230110_120835_024882_2.csv,2025-03-17,,custom
vcm,20171005_132843_009399.wav,0,0,57600125,20171005_132843_009399.vcm,vcm_rttm,,20171005_132843_009399.csv,2025-03-17,,custom
vcm,20220714_094232_025480_2.wav,0,0,56600562,20220714_094232_025480_2.vcm,vcm_rttm,,20220714_094232_025480_2.csv,2025-03-17,,custom
vcm,20190604_163402_025480.wav,0,0,57600000,20190604_163402_025480.vcm,vcm_rttm,,20190604_163402_025480.csv,2025-03-17,,custom
vcm,20200414_130512_024879_2.wav,0,0,44384125,20200414_130512_024879_2.vcm,vcm_rttm,,20200414_130512_024879_2.csv,2025-03-17,,custom
vcm,20210312_163016_025480.wav,0,0,57600000,20210312_163016_025480.vcm,vcm_rttm,,20210312_163016_025480.csv,2025-03-17,,custom
vcm,20190909_162209_025481_1.wav,0,0,57600000,20190909_162209_025481_1.vcm,vcm_rttm,,20190909_162209_025481_1.csv,2025-03-17,,custom
vcm,20201023_092102_022873.wav,0,0,45134000,20201023_092102_022873.vcm,vcm_rttm,,20201023_092102_022873.csv,2025-03-17,,custom
vcm,20200813_155629_022870.wav,0,0,45189937,20200813_155629_022870.vcm,vcm_rttm,,20200813_155629_022870.csv,2025-03-17,,custom
vcm,20201112_145139_024884_2.wav,0,0,57600000,20201112_145139_024884_2.vcm,vcm_rttm,,20201112_145139_024884_2.csv,2025-03-17,,custom
vcm,20220513_130051_043300_2.wav,0,0,37175250,20220513_130051_043300_2.vcm,vcm_rttm,,20220513_130051_043300_2.csv,2025-03-17,,custom
vcm,20190110_135944_022870.wav,0,0,57600000,20190110_135944_022870.vcm,vcm_rttm,,20190110_135944_022870.csv,2025-03-17,,custom
vcm,20220408_134245_024882_1.wav,0,0,57600000,20220408_134245_024882_1.vcm,vcm_rttm,,20220408_134245_024882_1.csv,2025-03-17,,custom
vcm,20220731_113759_045737_2.wav,0,0,43719500,20220731_113759_045737_2.vcm,vcm_rttm,,20220731_113759_045737_2.csv,2025-03-17,,custom
vcm,20200729_200751_022874.wav,0,0,52238625,20200729_200751_022874.vcm,vcm_rttm,,20200729_200751_022874.csv,2025-03-17,,custom
vcm,20220516_101301_022870_2.wav,0,0,43427750,20220516_101301_022870_2.vcm,vcm_rttm,,20220516_101301_022870_2.csv,2025-03-17,,custom
vcm,20210726_101603_043300_1.wav,0,0,57600000,20210726_101603_043300_1.vcm,vcm_rttm,,20210726_101603_043300_1.csv,2025-03-17,,custom
vcm,20220705_122546_022870_2.wav,0,0,48974812,20220705_122546_022870_2.vcm,vcm_rttm,,20220705_122546_022870_2.csv,2025-03-17,,custom
vcm,20230131_124242_043302_2.wav,0,0,41127125,20230131_124242_043302_2.vcm,vcm_rttm,,20230131_124242_043302_2.csv,2025-03-17,,custom
vcm,20200319_064351_024882_1.wav,0,0,47653500,20200319_064351_024882_1.vcm,vcm_rttm,,20200319_064351_024882_1.csv,2025-03-17,,custom
vcm,20190222_102700_024878_2.wav,0,0,40941000,20190222_102700_024878_2.vcm,vcm_rttm,,20190222_102700_024878_2.csv,2025-03-17,,custom
vcm,20180530_182225_022872.wav,0,0,47698625,20180530_182225_022872.vcm,vcm_rttm,,20180530_182225_022872.csv,2025-03-17,,custom
vcm,20190501_140431_022870.wav,0,0,49752312,20190501_140431_022870.vcm,vcm_rttm,,20190501_140431_022870.csv,2025-03-17,,custom
vcm,20200414_130727_024883_3.wav,0,0,47048750,20200414_130727_024883_3.vcm,vcm_rttm,,20200414_130727_024883_3.csv,2025-03-17,,custom
vcm,20210624_124109_024882.wav,0,0,57600000,20210624_124109_024882.vcm,vcm_rttm,,20210624_124109_024882.csv,2025-03-17,,custom
vcm,20220216_162747_022870_1.wav,0,0,43998687,20220216_162747_022870_1.vcm,vcm_rttm,,20220216_162747_022870_1.csv,2025-03-17,,custom
vcm,20191217_164433_024882.wav,0,0,57600000,20191217_164433_024882.vcm,vcm_rttm,,20191217_164433_024882.csv,2025-03-17,,custom
vcm,20181207_135236_025482.wav,0,0,57600000,20181207_135236_025482.vcm,vcm_rttm,,20181207_135236_025482.csv,2025-03-17,,custom
vcm,20200921_145245_024878.wav,0,0,57600000,20200921_145245_024878.vcm,vcm_rttm,,20200921_145245_024878.csv,2025-03-17,,custom
vcm,20211202_121029_043302.wav,0,0,57600000,20211202_121029_043302.vcm,vcm_rttm,,20211202_121029_043302.csv,2025-03-17,,custom
vcm,20221114_141608_024884_1.wav,0,0,43355937,20221114_141608_024884_1.vcm,vcm_rttm,,20221114_141608_024884_1.csv,2025-03-17,,custom
vcm,20210318_114924_043305_2.wav,0,0,45557312,20210318_114924_043305_2.vcm,vcm_rttm,,20210318_114924_043305_2.csv,2025-03-17,,custom
vcm,20221101_141349_043302_1.wav,0,0,46175937,20221101_141349_043302_1.vcm,vcm_rttm,,20221101_141349_043302_1.csv,2025-03-17,,custom
vcm,20180913_111944_024880.wav,0,0,57600000,20180913_111944_024880.vcm,vcm_rttm,,20180913_111944_024880.csv,2025-03-17,,custom
vcm,20180530_180405_024879.wav,0,0,45418562,20180530_180405_024879.vcm,vcm_rttm,,20180530_180405_024879.csv,2025-03-17,,custom
vcm,20210318_112332_022873.wav,0,0,57600000,20210318_112332_022873.vcm,vcm_rttm,,20210318_112332_022873.csv,2025-03-17,,custom
vcm,20191004_125707_025480_1.wav,0,0,21796937,20191004_125707_025480_1.vcm,vcm_rttm,,20191004_125707_025480_1.csv,2025-03-17,,custom
vcm,20210602_131937_022873.wav,0,0,57600000,20210602_131937_022873.vcm,vcm_rttm,,20210602_131937_022873.csv,2025-03-17,,custom
vcm,20210210_110009_022873.wav,0,0,57600000,20210210_110009_022873.vcm,vcm_rttm,,20210210_110009_022873.csv,2025-03-17,,custom
vcm,20201002_120150_024879.wav,0,0,43340312,20201002_120150_024879.vcm,vcm_rttm,,20201002_120150_024879.csv,2025-03-17,,custom
vcm,20190828_145547_024884_2.wav,0,0,44403625,20190828_145547_024884_2.vcm,vcm_rttm,,20190828_145547_024884_2.csv,2025-03-17,,custom
vcm,20211109_105644_025480_1.wav,0,0,57600000,20211109_105644_025480_1.vcm,vcm_rttm,,20211109_105644_025480_1.csv,2025-03-17,,custom
vcm,20180607_101857_024880.wav,0,0,57600000,20180607_101857_024880.vcm,vcm_rttm,,20180607_101857_024880.csv,2025-03-17,,custom
vcm,20200414_125938_024878_2.wav,0,0,34729375,20200414_125938_024878_2.vcm,vcm_rttm,,20200414_125938_024878_2.csv,2025-03-17,,custom
vcm,20220208_083611_043302_1.wav,0,0,57600000,20220208_083611_043302_1.vcm,vcm_rttm,,20220208_083611_043302_1.csv,2025-03-17,,custom
vcm,20190819_205941_024879.wav,0,0,57600000,20190819_205941_024879.vcm,vcm_rttm,,20190819_205941_024879.csv,2025-03-17,,custom
vcm,20231206_100916_043302_2.wav,0,0,45459250,20231206_100916_043302_2.vcm,vcm_rttm,,20231206_100916_043302_2.csv,2025-03-17,,custom
vcm,20190226_173707_024879_2.wav,0,0,35291187,20190226_173707_024879_2.vcm,vcm_rttm,,20190226_173707_024879_2.csv,2025-03-17,,custom
vcm,20211116_102359_043299_1.wav,0,0,57600000,20211116_102359_043299_1.vcm,vcm_rttm,,20211116_102359_043299_1.csv,2025-03-17,,custom
vcm,20190206_123623_024878.wav,0,0,57600000,20190206_123623_024878.vcm,vcm_rttm,,20190206_123623_024878.csv,2025-03-17,,custom
vcm,20181220_134213_024882.wav,0,0,57600000,20181220_134213_024882.vcm,vcm_rttm,,20181220_134213_024882.csv,2025-03-17,,custom
vcm,20210922_112252_043298_1.wav,0,0,57600000,20210922_112252_043298_1.vcm,vcm_rttm,,20210922_112252_043298_1.csv,2025-03-17,,custom
vcm,20200701_171816_024879_2.wav,0,0,20389500,20200701_171816_024879_2.vcm,vcm_rttm,,20200701_171816_024879_2.csv,2025-03-17,,custom
vcm,20230111_132607_024884.wav,0,0,57600000,20230111_132607_024884.vcm,vcm_rttm,,20230111_132607_024884.csv,2025-03-17,,custom
vcm,20220401_085720_024879.wav,0,0,57600000,20220401_085720_024879.vcm,vcm_rttm,,20220401_085720_024879.csv,2025-03-17,,custom
vcm,20181115_130549_024884.wav,0,0,48100437,20181115_130549_024884.vcm,vcm_rttm,,20181115_130549_024884.csv,2025-03-17,,custom
vcm,20181009_143916_022873.wav,0,0,57600000,20181009_143916_022873.vcm,vcm_rttm,,20181009_143916_022873.csv,2025-03-17,,custom
vcm,20201002_114539_024880.wav,0,0,57600000,20201002_114539_024880.vcm,vcm_rttm,,20201002_114539_024880.csv,2025-03-17,,custom
vcm,20210624_093317_024883_2.wav,0,0,46274562,20210624_093317_024883_2.vcm,vcm_rttm,,20210624_093317_024883_2.csv,2025-03-17,,custom
vcm,20220630_132604_024880_1.wav,0,0,57502000,20220630_132604_024880_1.vcm,vcm_rttm,,20220630_132604_024880_1.csv,2025-03-17,,custom
vcm,20220823_121134_022875_1.wav,0,0,49300000,20220823_121134_022875_1.vcm,vcm_rttm,,20220823_121134_022875_1.csv,2025-03-17,,custom
vcm,20200710_084537_024878.wav,0,0,40335062,20200710_084537_024878.vcm,vcm_rttm,,20200710_084537_024878.csv,2025-03-17,,custom
vcm,20201210_142957_025480_2.wav,0,0,37306562,20201210_142957_025480_2.vcm,vcm_rttm,,20201210_142957_025480_2.csv,2025-03-17,,custom
vcm,20200710_084035_024880_1.wav,0,0,45777750,20200710_084035_024880_1.vcm,vcm_rttm,,20200710_084035_024880_1.csv,2025-03-17,,custom
vcm,20181115_130413_022872.wav,0,0,57600000,20181115_130413_022872.vcm,vcm_rttm,,20181115_130413_022872.csv,2025-03-17,,custom
vcm,20201216_134012_024884.wav,0,0,46807687,20201216_134012_024884.vcm,vcm_rttm,,20201216_134012_024884.csv,2025-03-17,,custom
vcm,20210414_211903_024880_2.wav,0,0,57600000,20210414_211903_024880_2.vcm,vcm_rttm,,20210414_211903_024880_2.csv,2025-03-17,,custom
vcm,20210112_153555_024882_2.wav,0,0,19268625,20210112_153555_024882_2.vcm,vcm_rttm,,20210112_153555_024882_2.csv,2025-03-17,,custom
vcm,20180626_123557_022872.wav,0,0,52054687,20180626_123557_022872.vcm,vcm_rttm,,20180626_123557_022872.csv,2025-03-17,,custom
vcm,20180419_111712_022875.wav,0,0,44076875,20180419_111712_022875.vcm,vcm_rttm,,20180419_111712_022875.csv,2025-03-17,,custom
vcm,20211210_124133_022870_1.wav,0,0,57600000,20211210_124133_022870_1.vcm,vcm_rttm,,20211210_124133_022870_1.csv,2025-03-17,,custom
vcm,20210909_113112_043299_3.wav,0,0,9798375,20210909_113112_043299_3.vcm,vcm_rttm,,20210909_113112_043299_3.csv,2025-03-17,,custom
vcm,20211004_114637_022870.wav,0,0,46779875,20211004_114637_022870.vcm,vcm_rttm,,20211004_114637_022870.csv,2025-03-17,,custom
vcm,20211005_154551_043302_2.wav,0,0,44132500,20211005_154551_043302_2.vcm,vcm_rttm,,20211005_154551_043302_2.csv,2025-03-17,,custom
vcm,20210520_130608_043299_1.wav,0,0,57600000,20210520_130608_043299_1.vcm,vcm_rttm,,20210520_130608_043299_1.csv,2025-03-17,,custom
vcm,20220112_114228_045738_2.wav,0,0,57600000,20220112_114228_045738_2.vcm,vcm_rttm,,20220112_114228_045738_2.csv,2025-03-17,,custom
vcm,20190404_133218_024880_2.wav,0,0,3272437,20190404_133218_024880_2.vcm,vcm_rttm,,20190404_133218_024880_2.csv,2025-03-17,,custom
vcm,20210210_104552_022870.wav,0,0,57600000,20210210_104552_022870.vcm,vcm_rttm,,20210210_104552_022870.csv,2025-03-17,,custom
vcm,20210112_153555_024882_3.wav,0,0,14760125,20210112_153555_024882_3.vcm,vcm_rttm,,20210112_153555_024882_3.csv,2025-03-17,,custom
vcm,20191030_105145_022870.wav,0,0,39394250,20191030_105145_022870.vcm,vcm_rttm,,20191030_105145_022870.csv,2025-03-17,,custom
vcm,20181101_124332_025480_2.wav,0,0,57600000,20181101_124332_025480_2.vcm,vcm_rttm,,20181101_124332_025480_2.csv,2025-03-17,,custom
vcm,20200826_172429_022874.wav,0,0,57600000,20200826_172429_022874.vcm,vcm_rttm,,20200826_172429_022874.csv,2025-03-17,,custom
vcm,20230622_101644_043300_2.wav,0,0,43350437,20230622_101644_043300_2.vcm,vcm_rttm,,20230622_101644_043300_2.csv,2025-03-17,,custom
vcm,20180227_154841_022875.wav,0,0,57600125,20180227_154841_022875.vcm,vcm_rttm,,20180227_154841_022875.csv,2025-03-17,,custom
vcm,20210602_132558_043302.wav,0,0,57600000,20210602_132558_043302.vcm,vcm_rttm,,20210602_132558_043302.csv,2025-03-17,,custom
vcm,20221202_134100_043299_2.wav,0,0,57626375,20221202_134100_043299_2.vcm,vcm_rttm,,20221202_134100_043299_2.csv,2025-03-17,,custom
vcm,20200513_114127_024884.wav,0,0,57600000,20200513_114127_024884.vcm,vcm_rttm,,20200513_114127_024884.csv,2025-03-17,,custom
vcm,20181115_125826_024880.wav,0,0,43791937,20181115_125826_024880.vcm,vcm_rttm,,20181115_125826_024880.csv,2025-03-17,,custom
vcm,20190124_085828_022874.wav,0,0,57600000,20190124_085828_022874.vcm,vcm_rttm,,20190124_085828_022874.csv,2025-03-17,,custom
vcm,20180530_181101_022875.wav,0,0,57600000,20180530_181101_022875.vcm,vcm_rttm,,20180530_181101_022875.csv,2025-03-17,,custom
vcm,20190819_210318_025481_2.wav,0,0,43398312,20190819_210318_025481_2.vcm,vcm_rttm,,20190819_210318_025481_2.csv,2025-03-17,,custom
vcm,20191030_110047_024884_2.wav,0,0,57600000,20191030_110047_024884_2.vcm,vcm_rttm,,20191030_110047_024884_2.csv,2025-03-17,,custom
vcm,20201123_095637_025480.wav,0,0,57600000,20201123_095637_025480.vcm,vcm_rttm,,20201123_095637_025480.csv,2025-03-17,,custom
vcm,20191217_163433_024883.wav,0,0,41767000,20191217_163433_024883.vcm,vcm_rttm,,20191217_163433_024883.csv,2025-03-17,,custom
vcm,20211112_120550_043300_1.wav,0,0,48315000,20211112_120550_043300_1.vcm,vcm_rttm,,20211112_120550_043300_1.csv,2025-03-17,,custom
vcm,20180809_181624_025481.wav,0,0,45218312,20180809_181624_025481.vcm,vcm_rttm,,20180809_181624_025481.csv,2025-03-17,,custom
vcm,20171205_123455_009399.wav,0,0,36709625,20171205_123455_009399.vcm,vcm_rttm,,20171205_123455_009399.csv,2025-03-17,,custom
vcm,20180628_150733_022870.wav,0,0,57600000,20180628_150733_022870.vcm,vcm_rttm,,20180628_150733_022870.csv,2025-03-17,,custom
vcm,20190226_105144_022875.wav,0,0,57600000,20190226_105144_022875.vcm,vcm_rttm,,20190226_105144_022875.csv,2025-03-17,,custom
vcm,20211117_114244_024884_2.wav,0,0,40799812,20211117_114244_024884_2.vcm,vcm_rttm,,20211117_114244_024884_2.csv,2025-03-17,,custom
vcm,20220412_100349_045737_1.wav,0,0,51438500,20220412_100349_045737_1.vcm,vcm_rttm,,20220412_100349_045737_1.csv,2025-03-17,,custom
vcm,20191004_124906_024884.wav,0,0,57600000,20191004_124906_024884.vcm,vcm_rttm,,20191004_124906_024884.csv,2025-03-17,,custom
vcm,20221214_150332_024883_1.wav,0,0,43637937,20221214_150332_024883_1.vcm,vcm_rttm,,20221214_150332_024883_1.csv,2025-03-17,,custom
vcm,20190819_144621_024878_1.wav,0,0,46608125,20190819_144621_024878_1.vcm,vcm_rttm,,20190819_144621_024878_1.csv,2025-03-17,,custom
vcm,20190819_210631_022870.wav,0,0,57600000,20190819_210631_022870.vcm,vcm_rttm,,20190819_210631_022870.csv,2025-03-17,,custom
vcm,20210204_115547_025480_2.wav,0,0,43356625,20210204_115547_025480_2.vcm,vcm_rttm,,20210204_115547_025480_2.csv,2025-03-17,,custom
vcm,20181211_160917_024880.wav,0,0,57600000,20181211_160917_024880.vcm,vcm_rttm,,20181211_160917_024880.csv,2025-03-17,,custom
vcm,20200209_114658_024884_2.wav,0,0,48419687,20200209_114658_024884_2.vcm,vcm_rttm,,20200209_114658_024884_2.csv,2025-03-17,,custom
vcm,20220516_094951_024880_1.wav,0,0,39444937,20220516_094951_024880_1.vcm,vcm_rttm,,20220516_094951_024880_1.csv,2025-03-17,,custom
vcm,20201023_084929_022870.wav,0,0,57600000,20201023_084929_022870.vcm,vcm_rttm,,20201023_084929_022870.csv,2025-03-17,,custom
vcm,20181128_142339_024884.wav,0,0,57600000,20181128_142339_024884.vcm,vcm_rttm,,20181128_142339_024884.csv,2025-03-17,,custom
vcm,20190313_134218_024884_1.wav,0,0,57600000,20190313_134218_024884_1.vcm,vcm_rttm,,20190313_134218_024884_1.csv,2025-03-17,,custom
vcm,20170831_191112_009399.wav,0,0,49936062,20170831_191112_009399.vcm,vcm_rttm,,20170831_191112_009399.csv,2025-03-17,,custom
vcm,20191030_104929_024882.wav,0,0,57600000,20191030_104929_024882.vcm,vcm_rttm,,20191030_104929_024882.csv,2025-03-17,,custom
vcm,20220711_113631_043302_2.wav,0,0,47028562,20220711_113631_043302_2.vcm,vcm_rttm,,20220711_113631_043302_2.csv,2025-03-17,,custom
vcm,20190115_125833_024884.wav,0,0,47733687,20190115_125833_024884.vcm,vcm_rttm,,20190115_125833_024884.csv,2025-03-17,,custom
vcm,20181206_151905_022874.wav,0,0,44707562,20181206_151905_022874.vcm,vcm_rttm,,20181206_151905_022874.csv,2025-03-17,,custom
vcm,20191015_104144_024880_2.wav,0,0,11526750,20191015_104144_024880_2.vcm,vcm_rttm,,20191015_104144_024880_2.csv,2025-03-17,,custom
vcm,20181206_151623_024878.wav,0,0,57600000,20181206_151623_024878.vcm,vcm_rttm,,20181206_151623_024878.csv,2025-03-17,,custom
vcm,20220829_105740_024880_2.wav,0,0,45566500,20220829_105740_024880_2.vcm,vcm_rttm,,20220829_105740_024880_2.csv,2025-03-17,,custom
vcm,20190315_142847_024878_2.wav,0,0,45602875,20190315_142847_024878_2.vcm,vcm_rttm,,20190315_142847_024878_2.csv,2025-03-17,,custom
vcm,20180821_182643_022873.wav,0,0,57600000,20180821_182643_022873.vcm,vcm_rttm,,20180821_182643_022873.csv,2025-03-17,,custom
vcm,20191118_170512_022873.wav,0,0,57600000,20191118_170512_022873.vcm,vcm_rttm,,20191118_170512_022873.csv,2025-03-17,,custom
vcm,20201123_093717_024880_3.wav,0,0,57600000,20201123_093717_024880_3.vcm,vcm_rttm,,20201123_093717_024880_3.csv,2025-03-17,,custom
vcm,20210624_123256_024880.wav,0,0,57600000,20210624_123256_024880.vcm,vcm_rttm,,20210624_123256_024880.csv,2025-03-17,,custom
vcm,20201216_161229_024883_1.wav,0,0,51176562,20201216_161229_024883_1.vcm,vcm_rttm,,20201216_161229_024883_1.csv,2025-03-17,,custom
vcm,20200312_145204_022874.wav,0,0,20150812,20200312_145204_022874.vcm,vcm_rttm,,20200312_145204_022874.csv,2025-03-17,,custom
vcm,20210706_133031_025480.wav,0,0,57600000,20210706_133031_025480.vcm,vcm_rttm,,20210706_133031_025480.csv,2025-03-17,,custom
vcm,20210428_110259_024883_2.wav,0,0,43500437,20210428_110259_024883_2.vcm,vcm_rttm,,20210428_110259_024883_2.csv,2025-03-17,,custom
vcm,20180215_124742_009463.wav,0,0,57600125,20180215_124742_009463.vcm,vcm_rttm,,20180215_124742_009463.csv,2025-03-17,,custom
vcm,20200729_202653_024882.wav,0,0,49080812,20200729_202653_024882.vcm,vcm_rttm,,20200729_202653_024882.csv,2025-03-17,,custom
vcm,20200807_203143_024883.wav,0,0,57600000,20200807_203143_024883.vcm,vcm_rttm,,20200807_203143_024883.csv,2025-03-17,,custom
vcm,20220118_085259_045737_1.wav,0,0,57600000,20220118_085259_045737_1.vcm,vcm_rttm,,20220118_085259_045737_1.csv,2025-03-17,,custom
vcm,20210312_163542_024884.wav,0,0,57600000,20210312_163542_024884.vcm,vcm_rttm,,20210312_163542_024884.csv,2025-03-17,,custom
vcm,20220728_144904_024880_2.wav,0,0,43956875,20220728_144904_024880_2.vcm,vcm_rttm,,20220728_144904_024880_2.csv,2025-03-17,,custom
vcm,20200513_120319_022874.wav,0,0,57600000,20200513_120319_022874.vcm,vcm_rttm,,20200513_120319_022874.csv,2025-03-17,,custom
vcm,20220722_144639_045738_2.wav,0,0,49301625,20220722_144639_045738_2.vcm,vcm_rttm,,20220722_144639_045738_2.csv,2025-03-17,,custom
vcm,20210520_130852_043305.wav,0,0,36906250,20210520_130852_043305.vcm,vcm_rttm,,20210520_130852_043305.csv,2025-03-17,,custom
vcm,20190618_135122_024883.wav,0,0,57600000,20190618_135122_024883.vcm,vcm_rttm,,20190618_135122_024883.csv,2025-03-17,,custom
vcm,20190307_091344_022872.wav,0,0,53121250,20190307_091344_022872.vcm,vcm_rttm,,20190307_091344_022872.csv,2025-03-17,,custom
vcm,20210111_142427_022874.wav,0,0,44813812,20210111_142427_022874.vcm,vcm_rttm,,20210111_142427_022874.csv,2025-03-17,,custom
vcm,20180206_110905_009463.wav,0,0,57600125,20180206_110905_009463.vcm,vcm_rttm,,20180206_110905_009463.csv,2025-03-17,,custom
vcm,20210601_214950_043298.wav,0,0,50584625,20210601_214950_043298.vcm,vcm_rttm,,20210601_214950_043298.csv,2025-03-17,,custom
vcm,20220727_105320_024884_2.wav,0,0,49082750,20220727_105320_024884_2.vcm,vcm_rttm,,20220727_105320_024884_2.csv,2025-03-17,,custom
vcm,20181205_132608_024882.wav,0,0,57600000,20181205_132608_024882.vcm,vcm_rttm,,20181205_132608_024882.csv,2025-03-17,,custom
vcm,20220823_125230_043302_2.wav,0,0,52748937,20220823_125230_043302_2.vcm,vcm_rttm,,20220823_125230_043302_2.csv,2025-03-17,,custom
vcm,20220803_132413_043299_2.wav,0,0,40711437,20220803_132413_043299_2.vcm,vcm_rttm,,20220803_132413_043299_2.csv,2025-03-17,,custom
vcm,20230830_150754_045738.wav,0,0,45260000,20230830_150754_045738.vcm,vcm_rttm,,20230830_150754_045738.csv,2025-03-17,,custom
vcm,20200828_120831_022875.wav,0,0,57600000,20200828_120831_022875.vcm,vcm_rttm,,20200828_120831_022875.csv,2025-03-17,,custom
vcm,20190905_131625_024880_2.wav,0,0,52719750,20190905_131625_024880_2.vcm,vcm_rttm,,20190905_131625_024880_2.csv,2025-03-17,,custom
vcm,20200503_130910_024883.wav,0,0,57600000,20200503_130910_024883.vcm,vcm_rttm,,20200503_130910_024883.csv,2025-03-17,,custom
vcm,20220719_095447_043305_2.wav,0,0,57600000,20220719_095447_043305_2.vcm,vcm_rttm,,20220719_095447_043305_2.csv,2025-03-17,,custom
vcm,20220914_160209_024880_2.wav,0,0,48381625,20220914_160209_024880_2.vcm,vcm_rttm,,20220914_160209_024880_2.csv,2025-03-17,,custom
vcm,20201023_083845_022875.wav,0,0,57600000,20201023_083845_022875.vcm,vcm_rttm,,20201023_083845_022875.csv,2025-03-17,,custom
vcm,20181101_124332_025480_1.wav,0,0,57600000,20181101_124332_025480_1.vcm,vcm_rttm,,20181101_124332_025480_1.csv,2025-03-17,,custom
vcm,20210624_123903_043298.wav,0,0,57600000,20210624_123903_043298.vcm,vcm_rttm,,20210624_123903_043298.csv,2025-03-17,,custom
vcm,20181130_145050_024879.wav,0,0,52115312,20181130_145050_024879.vcm,vcm_rttm,,20181130_145050_024879.csv,2025-03-17,,custom
vcm,20220712_113417_045737_3.wav,0,0,42665187,20220712_113417_045737_3.vcm,vcm_rttm,,20220712_113417_045737_3.csv,2025-03-17,,custom
vcm,20180424_113402_022874.wav,0,0,37983062,20180424_113402_022874.vcm,vcm_rttm,,20180424_113402_022874.csv,2025-03-17,,custom
vcm,20210504_111545_022870.wav,0,0,57600000,20210504_111545_022870.vcm,vcm_rttm,,20210504_111545_022870.csv,2025-03-17,,custom
vcm,20190104_125237_024883.wav,0,0,57600000,20190104_125237_024883.vcm,vcm_rttm,,20190104_125237_024883.csv,2025-03-17,,custom
vcm,20181221_141812_022874.wav,0,0,43221500,20181221_141812_022874.vcm,vcm_rttm,,20181221_141812_022874.csv,2025-03-17,,custom
eaf/an1,20190828_145547_024884_2.wav,-3418598,28611000,28731000,20190828_145547_024884_2_28611000_28731000.eaf,eaf,,20190828_145547_024884_2_28611000_28731000.csv,2025-03-18,,42.42.42
eaf/an1,20211022_110857_045737_2.wav,-3418598,49860000,49980000,20211022_110857_045737_2_49860000_49980000.eaf,eaf,,20211022_110857_045737_2_49860000_49980000.csv,2025-03-18,,42.42.42
eaf/an1,20180808_110630_024879.wav,-3418598,2202000,2322000,20180808_110630_024879_2202000_2322000.eaf,eaf,,20180808_110630_024879_2202000_2322000.csv,2025-03-18,,42.42.42
eaf/an1,20221129_154915_045733_1.wav,-3418598,2072000,2192000,20221129_154915_045733_1_2072000_2192000.eaf,eaf,,20221129_154915_045733_1_2072000_2192000.csv,2025-03-18,,42.42.42
eaf/an1,20230110_120835_024882_2.wav,-3418598,36581000,36701000,20230110_120835_024882_2_36581000_36701000.eaf,eaf,,20230110_120835_024882_2_36581000_36701000.csv,2025-03-18,,42.42.42
eaf/an1,20210318_114509_043298.wav,-3418598,18264000,18384000,20210318_114509_043298_18264000_18384000.eaf,eaf,,20210318_114509_043298_18264000_18384000.csv,2025-03-18,,42.42.42
eaf/an1,20211103_114626_022870_1.wav,-3418598,7296000,7416000,20211103_114626_022870_1_7296000_7416000.eaf,eaf,,20211103_114626_022870_1_7296000_7416000.csv,2025-03-18,,42.42.42
eaf/an1,20220720_091357_024879_1.wav,-3418598,2202000,2322000,20220720_091357_024879_1_2202000_2322000.eaf,eaf,,20220720_091357_024879_1_2202000_2322000.csv,2025-03-18,,42.42.42
eaf/an1,20220728_144904_024880_2.wav,-3418598,39778000,39898000,20220728_144904_024880_2_39778000_39898000.eaf,eaf,,20220728_144904_024880_2_39778000_39898000.csv,2025-03-18,,42.42.42
eaf/an1,20230328_132555_045737_1.wav,-3418598,41905000,42025000,20230328_132555_045737_1_41905000_42025000.eaf,eaf,,20230328_132555_045737_1_41905000_42025000.csv,2025-03-18,,42.42.42
eaf/an1,20201210_142957_025480_2.wav,-3418598,15408000,15528000,20201210_142957_025480_2_15408000_15528000.eaf,eaf,,20201210_142957_025480_2_15408000_15528000.csv,2025-03-18,,42.42.42
eaf/an1,20220513_113018_024879_2.wav,-3418598,25590000,25710000,20220513_113018_024879_2_25590000_25710000.eaf,eaf,,20220513_113018_024879_2_25590000_25710000.csv,2025-03-18,,42.42.42
eaf/an1,20180906_131431_024882.wav,-3418598,16289000,16409000,20180906_131431_024882_16289000_16409000.eaf,eaf,,20180906_131431_024882_16289000_16409000.csv,2025-03-18,,42.42.42
eaf/an1,20211103_114626_022870_1.wav,-3418598,6837000,6957000,20211103_114626_022870_1_6837000_6957000.eaf,eaf,,20211103_114626_022870_1_6837000_6957000.csv,2025-03-18,,42.42.42
eaf/an1,20190307_114201_025481.wav,-3418598,18264000,18384000,20190307_114201_025481_18264000_18384000.eaf,eaf,,20190307_114201_025481_18264000_18384000.csv,2025-03-18,,42.42.42
eaf/an1,20230131_124242_043302_2.wav,-3418598,1639000,1759000,20230131_124242_043302_2_1639000_1759000.eaf,eaf,,20230131_124242_043302_2_1639000_1759000.csv,2025-03-18,,42.42.42
eaf/an1,20230405_090552_045738_2.wav,-3418598,41905000,42025000,20230405_090552_045738_2_41905000_42025000.eaf,eaf,,20230405_090552_045738_2_41905000_42025000.csv,2025-03-18,,42.42.42
eaf/an1,20180906_133202_022870.wav,-3418598,7296000,7416000,20180906_133202_022870_7296000_7416000.eaf,eaf,,20180906_133202_022870_7296000_7416000.csv,2025-03-18,,42.42.42
eaf/an1,20210127_103244_024879_1.wav,-3418598,36581000,36701000,20210127_103244_024879_1_36581000_36701000.eaf,eaf,,20210127_103244_024879_1_36581000_36701000.csv,2025-03-18,,42.42.42
eaf/an1,20201210_142957_025480_2.wav,-3418598,6837000,6957000,20201210_142957_025480_2_6837000_6957000.eaf,eaf,,20201210_142957_025480_2_6837000_6957000.csv,2025-03-18,,42.42.42
eaf/an1,20210127_103244_024879_1.wav,-3418598,18264000,18384000,20210127_103244_024879_1_18264000_18384000.eaf,eaf,,20210127_103244_024879_1_18264000_18384000.csv,2025-03-18,,42.42.42
eaf/an1,20230425_114841_045738_2.wav,-3418598,6620000,6740000,20230425_114841_045738_2_6620000_6740000.eaf,eaf,,20230425_114841_045738_2_6620000_6740000.csv,2025-03-18,,42.42.42
eaf/an1,20230425_114841_045738_2.wav,-3418598,2072000,2192000,20230425_114841_045738_2_2072000_2192000.eaf,eaf,,20230425_114841_045738_2_2072000_2192000.csv,2025-03-18,,42.42.42
eaf/an1,20181218_132113_024879.wav,-3418598,16289000,16409000,20181218_132113_024879_16289000_16409000.eaf,eaf,,20181218_132113_024879_16289000_16409000.csv,2025-03-18,,42.42.42
eaf/an1,20210414_211244_024882_1.wav,-3418598,5817000,5937000,20210414_211244_024882_1_5817000_5937000.eaf,eaf,,20210414_211244_024882_1_5817000_5937000.csv,2025-03-18,,42.42.42
eaf/an1,20230228_124411_043305_2.wav,-3418598,49860000,49980000,20230228_124411_043305_2_49860000_49980000.eaf,eaf,,20230228_124411_043305_2_49860000_49980000.csv,2025-03-18,,42.42.42
eaf/an1,20211022_110857_045737_2.wav,-3418598,49225000,49345000,20211022_110857_045737_2_49225000_49345000.eaf,eaf,,20211022_110857_045737_2_49225000_49345000.csv,2025-03-18,,42.42.42
eaf/an1,20220805_082527_043300_2.wav,-3418598,28611000,28731000,20220805_082527_043300_2_28611000_28731000.eaf,eaf,,20220805_082527_043300_2_28611000_28731000.csv,2025-03-18,,42.42.42
eaf/an1,20220728_144904_024880_2.wav,-3418598,9384000,9504000,20220728_144904_024880_2_9384000_9504000.eaf,eaf,,20220728_144904_024880_2_9384000_9504000.csv,2025-03-18,,42.42.42
eaf/an1,20230110_120835_024882_2.wav,-3418598,7296000,7416000,20230110_120835_024882_2_7296000_7416000.eaf,eaf,,20230110_120835_024882_2_7296000_7416000.csv,2025-03-18,,42.42.42
eaf/an1,20180808_110630_024879.wav,-3418598,36581000,36701000,20180808_110630_024879_36581000_36701000.eaf,eaf,,20180808_110630_024879_36581000_36701000.csv,2025-03-18,,42.42.42
eaf/an1,20230301_083834_024880_2.wav,-3418598,16567000,16687000,20230301_083834_024880_2_16567000_16687000.eaf,eaf,,20230301_083834_024880_2_16567000_16687000.csv,2025-03-18,,42.42.42
eaf/an1,20200312_145204_022874.wav,-3418598,8801000,8921000,20200312_145204_022874_8801000_8921000.eaf,eaf,,20200312_145204_022874_8801000_8921000.csv,2025-03-18,,42.42.42
eaf/an1,20190819_210318_025481_2.wav,-3418598,7296000,7416000,20190819_210318_025481_2_7296000_7416000.eaf,eaf,,20190819_210318_025481_2_7296000_7416000.csv,2025-03-18,,42.42.42
eaf/an1,20180906_133202_022870.wav,-3418598,2072000,2192000,20180906_133202_022870_2072000_2192000.eaf,eaf,,20180906_133202_022870_2072000_2192000.csv,2025-03-18,,42.42.42
eaf/an1,20180906_133202_022870.wav,-3418598,39778000,39898000,20180906_133202_022870_39778000_39898000.eaf,eaf,,20180906_133202_022870_39778000_39898000.csv,2025-03-18,,42.42.42
eaf/an1,20230425_114841_045738_2.wav,-3418598,41905000,42025000,20230425_114841_045738_2_41905000_42025000.eaf,eaf,,20230425_114841_045738_2_41905000_42025000.csv,2025-03-18,,42.42.42
eaf/an1,20220728_144904_024880_2.wav,-3418598,6620000,6740000,20220728_144904_024880_2_6620000_6740000.eaf,eaf,,20220728_144904_024880_2_6620000_6740000.csv,2025-03-18,,42.42.42
eaf/an1,20210414_211244_024882_1.wav,-3418598,9384000,9504000,20210414_211244_024882_1_9384000_9504000.eaf,eaf,,20210414_211244_024882_1_9384000_9504000.csv,2025-03-18,,42.42.42
eaf/an1,20211103_114626_022870_1.wav,-3418598,18264000,18384000,20211103_114626_022870_1_18264000_18384000.eaf,eaf,,20211103_114626_022870_1_18264000_18384000.csv,2025-03-18,,42.42.42
eaf/an1,20180808_111213_024881.wav,-3418598,2072000,2192000,20180808_111213_024881_2072000_2192000.eaf,eaf,,20180808_111213_024881_2072000_2192000.csv,2025-03-18,,42.42.42
eaf/an1,20220728_144904_024880_2.wav,-3418598,1639000,1759000,20220728_144904_024880_2_1639000_1759000.eaf,eaf,,20220728_144904_024880_2_1639000_1759000.csv,2025-03-18,,42.42.42
eaf/an1,20200414_125938_024878_2.wav,-3418598,16289000,16409000,20200414_125938_024878_2_16289000_16409000.eaf,eaf,,20200414_125938_024878_2_16289000_16409000.csv,2025-03-18,,42.42.42
eaf/an1,20230425_114841_045738_2.wav,-3418598,18264000,18384000,20230425_114841_045738_2_18264000_18384000.eaf,eaf,,20230425_114841_045738_2_18264000_18384000.csv,2025-03-18,,42.42.42
eaf/an1,20230308_093128_024882_2.wav,-3418598,41905000,42025000,20230308_093128_024882_2_41905000_42025000.eaf,eaf,,20230308_093128_024882_2_41905000_42025000.csv,2025-03-18,,42.42.42
eaf/an1,20230425_114841_045738_2.wav,-3418598,36581000,36701000,20230425_114841_045738_2_36581000_36701000.eaf,eaf,,20230425_114841_045738_2_36581000_36701000.csv,2025-03-18,,42.42.42
eaf/an1,20180906_131431_024882.wav,-3418598,49225000,49345000,20180906_131431_024882_49225000_49345000.eaf,eaf,,20180906_131431_024882_49225000_49345000.csv,2025-03-18,,42.42.42
eaf/an1,20180906_131431_024882.wav,-3418598,7296000,7416000,20180906_131431_024882_7296000_7416000.eaf,eaf,,20180906_131431_024882_7296000_7416000.csv,2025-03-18,,42.42.42
eaf/an1,20180808_111213_024881.wav,-3418598,18264000,18384000,20180808_111213_024881_18264000_18384000.eaf,eaf,,20180808_111213_024881_18264000_18384000.csv,2025-03-18,,42.42.42
eaf/an1,20220731_113759_045737_2.wav,-3418598,36581000,36701000,20220731_113759_045737_2_36581000_36701000.eaf,eaf,,20220731_113759_045737_2_36581000_36701000.csv,2025-03-18,,42.42.42
eaf/an1,20210318_114924_043305_2.wav,-3418598,16289000,16409000,20210318_114924_043305_2_16289000_16409000.eaf,eaf,,20210318_114924_043305_2_16289000_16409000.csv,2025-03-18,,42.42.42
eaf/an1,20230321_124603_024879_1.wav,-3418598,45308000,45428000,20230321_124603_024879_1_45308000_45428000.eaf,eaf,,20230321_124603_024879_1_45308000_45428000.csv,2025-03-18,,42.42.42
eaf/an1,20200312_145204_022874.wav,-3418598,8264000,8384000,20200312_145204_022874_8264000_8384000.eaf,eaf,,20200312_145204_022874_8264000_8384000.csv,2025-03-18,,42.42.42
eaf/an1,20231025_115855_045737_2.wav,-3418598,5817000,5937000,20231025_115855_045737_2_5817000_5937000.eaf,eaf,,20231025_115855_045737_2_5817000_5937000.csv,2025-03-18,,42.42.42
eaf/an1,20201104_094551_024882_1.wav,-3418598,41905000,42025000,20201104_094551_024882_1_41905000_42025000.eaf,eaf,,20201104_094551_024882_1_41905000_42025000.csv,2025-03-18,,42.42.42
eaf/an1,20221018_135301_043300_4.wav,-3418598,6837000,6957000,20221018_135301_043300_4_6837000_6957000.eaf,eaf,,20221018_135301_043300_4_6837000_6957000.csv,2025-03-18,,42.42.42
eaf/an1,20230308_093128_024882_2.wav,-3418598,14868000,14988000,20230308_093128_024882_2_14868000_14988000.eaf,eaf,,20230308_093128_024882_2_14868000_14988000.csv,2025-03-18,,42.42.42
eaf/an1,20230131_124242_043302_2.wav,-3418598,2072000,2192000,20230131_124242_043302_2_2072000_2192000.eaf,eaf,,20230131_124242_043302_2_2072000_2192000.csv,2025-03-18,,42.42.42
eaf/an1,20210318_114924_043305_2.wav,-3418598,5817000,5937000,20210318_114924_043305_2_5817000_5937000.eaf,eaf,,20210318_114924_043305_2_5817000_5937000.csv,2025-03-18,,42.42.42
eaf/an1,20180530_181655_022873.wav,-3418598,39778000,39898000,20180530_181655_022873_39778000_39898000.eaf,eaf,,20180530_181655_022873_39778000_39898000.csv,2025-03-18,,42.42.42
eaf/an1,20210414_211244_024882_1.wav,-3418598,18264000,18384000,20210414_211244_024882_1_18264000_18384000.eaf,eaf,,20210414_211244_024882_1_18264000_18384000.csv,2025-03-18,,42.42.42
eaf/an1,20210127_103244_024879_1.wav,-3418598,45308000,45428000,20210127_103244_024879_1_45308000_45428000.eaf,eaf,,20210127_103244_024879_1_45308000_45428000.csv,2025-03-18,,42.42.42
eaf/an1,20231025_115855_045737_2.wav,-3418598,7296000,7416000,20231025_115855_045737_2_7296000_7416000.eaf,eaf,,20231025_115855_045737_2_7296000_7416000.csv,2025-03-18,,42.42.42
eaf/an1,20220728_144904_024880_2.wav,-3418598,16289000,16409000,20220728_144904_024880_2_16289000_16409000.eaf,eaf,,20220728_144904_024880_2_16289000_16409000.csv,2025-03-18,,42.42.42
eaf/an1,20190828_145547_024884_2.wav,-3418598,6837000,6957000,20190828_145547_024884_2_6837000_6957000.eaf,eaf,,20190828_145547_024884_2_6837000_6957000.csv,2025-03-18,,42.42.42
eaf/an1,20230328_132555_045737_1.wav,-3418598,7296000,7416000,20230328_132555_045737_1_7296000_7416000.eaf,eaf,,20230328_132555_045737_1_7296000_7416000.csv,2025-03-18,,42.42.42
eaf/an1,20190307_114201_025481.wav,-3418598,39778000,39898000,20190307_114201_025481_39778000_39898000.eaf,eaf,,20190307_114201_025481_39778000_39898000.csv,2025-03-18,,42.42.42
eaf/an1,20210504_102146_025480_2.wav,-3418598,7296000,7416000,20210504_102146_025480_2_7296000_7416000.eaf,eaf,,20210504_102146_025480_2_7296000_7416000.csv,2025-03-18,,42.42.42
eaf/an1,20190618_135122_024883.wav,-3418598,45308000,45428000,20190618_135122_024883_45308000_45428000.eaf,eaf,,20190618_135122_024883_45308000_45428000.csv,2025-03-18,,42.42.42
eaf/an1,20221129_154915_045733_1.wav,-3418598,7296000,7416000,20221129_154915_045733_1_7296000_7416000.eaf,eaf,,20221129_154915_045733_1_7296000_7416000.csv,2025-03-18,,42.42.42
eaf/an1,20220731_113759_045737_2.wav,-3418598,6620000,6740000,20220731_113759_045737_2_6620000_6740000.eaf,eaf,,20220731_113759_045737_2_6620000_6740000.csv,2025-03-18,,42.42.42
eaf/an1,20220513_113018_024879_2.wav,-3418598,18710000,18830000,20220513_113018_024879_2_18710000_18830000.eaf,eaf,,20220513_113018_024879_2_18710000_18830000.csv,2025-03-18,,42.42.42
eaf/an1,20231025_115855_045737_2.wav,-3418598,1639000,1759000,20231025_115855_045737_2_1639000_1759000.eaf,eaf,,20231025_115855_045737_2_1639000_1759000.csv,2025-03-18,,42.42.42
eaf/an1,20200312_145204_022874.wav,-3418598,18710000,18830000,20200312_145204_022874_18710000_18830000.eaf,eaf,,20200312_145204_022874_18710000_18830000.csv,2025-03-18,,42.42.42
eaf/an1,20220731_113759_045737_2.wav,-3418598,28611000,28731000,20220731_113759_045737_2_28611000_28731000.eaf,eaf,,20220731_113759_045737_2_28611000_28731000.csv,2025-03-18,,42.42.42
eaf/an1,20221018_135301_043300_4.wav,-3418598,1639000,1759000,20221018_135301_043300_4_1639000_1759000.eaf,eaf,,20221018_135301_043300_4_1639000_1759000.csv,2025-03-18,,42.42.42
eaf/an1,20180906_131431_024882.wav,-3418598,45308000,45428000,20180906_131431_024882_45308000_45428000.eaf,eaf,,20180906_131431_024882_45308000_45428000.csv,2025-03-18,,42.42.42
eaf/an1,20200414_125938_024878_2.wav,-3418598,7296000,7416000,20200414_125938_024878_2_7296000_7416000.eaf,eaf,,20200414_125938_024878_2_7296000_7416000.csv,2025-03-18,,42.42.42
eaf/an1,20220711_142955_024883_2.wav,-3418598,16289000,16409000,20220711_142955_024883_2_16289000_16409000.eaf,eaf,,20220711_142955_024883_2_16289000_16409000.csv,2025-03-18,,42.42.42
eaf/an1,20230131_124242_043302_2.wav,-3418598,15408000,15528000,20230131_124242_043302_2_15408000_15528000.eaf,eaf,,20230131_124242_043302_2_15408000_15528000.csv,2025-03-18,,42.42.42
eaf/an1,20230308_094400_045733_2.wav,-3418598,14868000,14988000,20230308_094400_045733_2_14868000_14988000.eaf,eaf,,20230308_094400_045733_2_14868000_14988000.csv,2025-03-18,,42.42.42
eaf/an1,20230321_124603_024879_1.wav,-3418598,41905000,42025000,20230321_124603_024879_1_41905000_42025000.eaf,eaf,,20230321_124603_024879_1_41905000_42025000.csv,2025-03-18,,42.42.42
eaf/an1,20231025_115855_045737_2.wav,-3418598,16289000,16409000,20231025_115855_045737_2_16289000_16409000.eaf,eaf,,20231025_115855_045737_2_16289000_16409000.csv,2025-03-18,,42.42.42
eaf/an1,20220829_105740_024880_2.wav,-3418598,9384000,9504000,20220829_105740_024880_2_9384000_9504000.eaf,eaf,,20220829_105740_024880_2_9384000_9504000.csv,2025-03-18,,42.42.42
eaf/an1,20231025_115855_045737_2.wav,-3418598,2072000,2192000,20231025_115855_045737_2_2072000_2192000.eaf,eaf,,20231025_115855_045737_2_2072000_2192000.csv,2025-03-18,,42.42.42
eaf/an1,20230321_124603_024879_1.wav,-3418598,14868000,14988000,20230321_124603_024879_1_14868000_14988000.eaf,eaf,,20230321_124603_024879_1_14868000_14988000.csv,2025-03-18,,42.42.42
eaf/an1,20211103_114626_022870_1.wav,-3418598,9384000,9504000,20211103_114626_022870_1_9384000_9504000.eaf,eaf,,20211103_114626_022870_1_9384000_9504000.csv,2025-03-18,,42.42.42
eaf/an1,20190618_135122_024883.wav,-3418598,49860000,49980000,20190618_135122_024883_49860000_49980000.eaf,eaf,,20190618_135122_024883_49860000_49980000.csv,2025-03-18,,42.42.42
eaf/an1,20230131_124242_043302_2.wav,-3418598,9384000,9504000,20230131_124242_043302_2_9384000_9504000.eaf,eaf,,20230131_124242_043302_2_9384000_9504000.csv,2025-03-18,,42.42.42
eaf/an1,20190307_114201_025481.wav,-3418598,2072000,2192000,20190307_114201_025481_2072000_2192000.eaf,eaf,,20190307_114201_025481_2072000_2192000.csv,2025-03-18,,42.42.42
eaf/an1,20191004_125707_025480_2.wav,-3418598,13335000,13455000,20191004_125707_025480_2_13335000_13455000.eaf,eaf,,20191004_125707_025480_2_13335000_13455000.csv,2025-03-18,,42.42.42
eaf/an1,20220805_082527_043300_2.wav,-3418598,2072000,2192000,20220805_082527_043300_2_2072000_2192000.eaf,eaf,,20220805_082527_043300_2_2072000_2192000.csv,2025-03-18,,42.42.42
eaf/an1,20210318_114509_043298.wav,-3418598,36581000,36701000,20210318_114509_043298_36581000_36701000.eaf,eaf,,20210318_114509_043298_36581000_36701000.csv,2025-03-18,,42.42.42
eaf/an1,20221018_135301_043300_4.wav,-3418598,16289000,16409000,20221018_135301_043300_4_16289000_16409000.eaf,eaf,,20221018_135301_043300_4_16289000_16409000.csv,2025-03-18,,42.42.42
eaf/an1,20180809_181624_025481.wav,-3418598,36581000,36701000,20180809_181624_025481_36581000_36701000.eaf,eaf,,20180809_181624_025481_36581000_36701000.csv,2025-03-18,,42.42.42
eaf/an1,20210318_114509_043298.wav,-3418598,7296000,7416000,20210318_114509_043298_7296000_7416000.eaf,eaf,,20210318_114509_043298_7296000_7416000.csv,2025-03-18,,42.42.42
eaf/an1,20220711_142955_024883_2.wav,-3418598,9384000,9504000,20220711_142955_024883_2_9384000_9504000.eaf,eaf,,20220711_142955_024883_2_9384000_9504000.csv,2025-03-18,,42.42.42
eaf/an1,20210318_114509_043298.wav,-3418598,14868000,14988000,20210318_114509_043298_14868000_14988000.eaf,eaf,,20210318_114509_043298_14868000_14988000.csv,2025-03-18,,42.42.42
eaf/an1,20230228_124411_043305_2.wav,-3418598,9384000,9504000,20230228_124411_043305_2_9384000_9504000.eaf,eaf,,20230228_124411_043305_2_9384000_9504000.csv,2025-03-18,,42.42.42
eaf/an1,20210318_114924_043305_2.wav,-3418598,1639000,1759000,20210318_114924_043305_2_1639000_1759000.eaf,eaf,,20210318_114924_043305_2_1639000_1759000.csv,2025-03-18,,42.42.42
eaf/an1,20230308_093128_024882_2.wav,-3418598,2202000,2322000,20230308_093128_024882_2_2202000_2322000.eaf,eaf,,20230308_093128_024882_2_2202000_2322000.csv,2025-03-18,,42.42.42
eaf/an1,20231025_115855_045737_2.wav,-3418598,6837000,6957000,20231025_115855_045737_2_6837000_6957000.eaf,eaf,,20231025_115855_045737_2_6837000_6957000.csv,2025-03-18,,42.42.42
eaf/an1,20230208_103250_043299_1.wav,-3418598,14868000,14988000,20230208_103250_043299_1_14868000_14988000.eaf,eaf,,20230208_103250_043299_1_14868000_14988000.csv,2025-03-18,,42.42.42
eaf/an1,20200414_130512_024879_2.wav,-3418598,36581000,36701000,20200414_130512_024879_2_36581000_36701000.eaf,eaf,,20200414_130512_024879_2_36581000_36701000.csv,2025-03-18,,42.42.42
eaf/an1,20181218_132113_024879.wav,-3418598,18264000,18384000,20181218_132113_024879_18264000_18384000.eaf,eaf,,20181218_132113_024879_18264000_18384000.csv,2025-03-18,,42.42.42
eaf/an1,20220712_113417_045737_3.wav,-3418598,16289000,16409000,20220712_113417_045737_3_16289000_16409000.eaf,eaf,,20220712_113417_045737_3_16289000_16409000.csv,2025-03-18,,42.42.42
eaf/an1,20190307_091344_022872.wav,-3418598,14868000,14988000,20190307_091344_022872_14868000_14988000.eaf,eaf,,20190307_091344_022872_14868000_14988000.csv,2025-03-18,,42.42.42
eaf/an1,20210127_103244_024879_1.wav,-3418598,16289000,16409000,20210127_103244_024879_1_16289000_16409000.eaf,eaf,,20210127_103244_024879_1_16289000_16409000.csv,2025-03-18,,42.42.42
eaf/an1,20210624_093317_024883_2.wav,-3418598,18264000,18384000,20210624_093317_024883_2_18264000_18384000.eaf,eaf,,20210624_093317_024883_2_18264000_18384000.csv,2025-03-18,,42.42.42
eaf/an1,20230308_094400_045733_2.wav,-3418598,36581000,36701000,20230308_094400_045733_2_36581000_36701000.eaf,eaf,,20230308_094400_045733_2_36581000_36701000.csv,2025-03-18,,42.42.42
eaf/an1,20220720_091357_024879_1.wav,-3418598,5817000,5937000,20220720_091357_024879_1_5817000_5937000.eaf,eaf,,20220720_091357_024879_1_5817000_5937000.csv,2025-03-18,,42.42.42
eaf/an1,20211019_120823_045733_2.wav,-3418598,9384000,9504000,20211019_120823_045733_2_9384000_9504000.eaf,eaf,,20211019_120823_045733_2_9384000_9504000.csv,2025-03-18,,42.42.42
eaf/an1,20230405_090552_045738_2.wav,-3418598,49225000,49345000,20230405_090552_045738_2_49225000_49345000.eaf,eaf,,20230405_090552_045738_2_49225000_49345000.csv,2025-03-18,,42.42.42
eaf/an1,20230425_114841_045738_2.wav,-3418598,6837000,6957000,20230425_114841_045738_2_6837000_6957000.eaf,eaf,,20230425_114841_045738_2_6837000_6957000.csv,2025-03-18,,42.42.42
eaf/an1,20211022_110857_045737_2.wav,-3418598,48958000,49078000,20211022_110857_045737_2_48958000_49078000.eaf,eaf,,20211022_110857_045737_2_48958000_49078000.csv,2025-03-18,,42.42.42
eaf/an1,20220728_144904_024880_2.wav,-3418598,18264000,18384000,20220728_144904_024880_2_18264000_18384000.eaf,eaf,,20220728_144904_024880_2_18264000_18384000.csv,2025-03-18,,42.42.42
eaf/an1,20181218_132113_024879.wav,-3418598,1639000,1759000,20181218_132113_024879_1639000_1759000.eaf,eaf,,20181218_132113_024879_1639000_1759000.csv,2025-03-18,,42.42.42
eaf/an1,20191004_125707_025480_2.wav,-3418598,3648000,3768000,20191004_125707_025480_2_3648000_3768000.eaf,eaf,,20191004_125707_025480_2_3648000_3768000.csv,2025-03-18,,42.42.42
eaf/an1,20200414_125938_024878_2.wav,-3418598,14868000,14988000,20200414_125938_024878_2_14868000_14988000.eaf,eaf,,20200414_125938_024878_2_14868000_14988000.csv,2025-03-18,,42.42.42
eaf/an1,20230301_083834_024880_2.wav,-3418598,18264000,18384000,20230301_083834_024880_2_18264000_18384000.eaf,eaf,,20230301_083834_024880_2_18264000_18384000.csv,2025-03-18,,42.42.42
eaf/an1,20220731_113759_045737_2.wav,-3418598,2072000,2192000,20220731_113759_045737_2_2072000_2192000.eaf,eaf,,20220731_113759_045737_2_2072000_2192000.csv,2025-03-18,,42.42.42
eaf/an1,20190307_114201_025481.wav,-3418598,9384000,9504000,20190307_114201_025481_9384000_9504000.eaf,eaf,,20190307_114201_025481_9384000_9504000.csv,2025-03-18,,42.42.42
eaf/an1,20220829_105740_024880_2.wav,-3418598,1639000,1759000,20220829_105740_024880_2_1639000_1759000.eaf,eaf,,20220829_105740_024880_2_1639000_1759000.csv,2025-03-18,,42.42.42
eaf/an1,20181218_132113_024879.wav,-3418598,14868000,14988000,20181218_132113_024879_14868000_14988000.eaf,eaf,,20181218_132113_024879_14868000_14988000.csv,2025-03-18,,42.42.42
eaf/an1,20230308_093128_024882_2.wav,-3418598,7296000,7416000,20230308_093128_024882_2_7296000_7416000.eaf,eaf,,20230308_093128_024882_2_7296000_7416000.csv,2025-03-18,,42.42.42
eaf/an1,20180809_181624_025481.wav,-3418598,28611000,28731000,20180809_181624_025481_28611000_28731000.eaf,eaf,,20180809_181624_025481_28611000_28731000.csv,2025-03-18,,42.42.42
eaf/an1,20201210_142957_025480_2.wav,-3418598,5817000,5937000,20201210_142957_025480_2_5817000_5937000.eaf,eaf,,20201210_142957_025480_2_5817000_5937000.csv,2025-03-18,,42.42.42
eaf/an1,20210318_114924_043305_2.wav,-3418598,14868000,14988000,20210318_114924_043305_2_14868000_14988000.eaf,eaf,,20210318_114924_043305_2_14868000_14988000.csv,2025-03-18,,42.42.42
eaf/an1,20201104_094551_024882_1.wav,-3418598,18264000,18384000,20201104_094551_024882_1_18264000_18384000.eaf,eaf,,20201104_094551_024882_1_18264000_18384000.csv,2025-03-18,,42.42.42
eaf/an1,20220712_113417_045737_3.wav,-3418598,18264000,18384000,20220712_113417_045737_3_18264000_18384000.eaf,eaf,,20220712_113417_045737_3_18264000_18384000.csv,2025-03-18,,42.42.42
eaf/an1,20200312_145204_022874.wav,-3418598,4812000,4932000,20200312_145204_022874_4812000_4932000.eaf,eaf,,20200312_145204_022874_4812000_4932000.csv,2025-03-18,,42.42.42
eaf/an1,20210624_093317_024883_2.wav,-3418598,9384000,9504000,20210624_093317_024883_2_9384000_9504000.eaf,eaf,,20210624_093317_024883_2_9384000_9504000.csv,2025-03-18,,42.42.42
eaf/an1,20230425_114841_045738_2.wav,-3418598,2202000,2322000,20230425_114841_045738_2_2202000_2322000.eaf,eaf,,20230425_114841_045738_2_2202000_2322000.csv,2025-03-18,,42.42.42
eaf/an1,20190819_210318_025481_2.wav,-3418598,1639000,1759000,20190819_210318_025481_2_1639000_1759000.eaf,eaf,,20190819_210318_025481_2_1639000_1759000.csv,2025-03-18,,42.42.42
eaf/an1,20220829_105740_024880_2.wav,-3418598,28611000,28731000,20220829_105740_024880_2_28611000_28731000.eaf,eaf,,20220829_105740_024880_2_28611000_28731000.csv,2025-03-18,,42.42.42
eaf/an1,20220805_082527_043300_2.wav,-3418598,39778000,39898000,20220805_082527_043300_2_39778000_39898000.eaf,eaf,,20220805_082527_043300_2_39778000_39898000.csv,2025-03-18,,42.42.42
eaf/an1,20220711_142955_024883_2.wav,-3418598,7296000,7416000,20220711_142955_024883_2_7296000_7416000.eaf,eaf,,20220711_142955_024883_2_7296000_7416000.csv,2025-03-18,,42.42.42
eaf/an1,20220712_113417_045737_3.wav,-3418598,41905000,42025000,20220712_113417_045737_3_41905000_42025000.eaf,eaf,,20220712_113417_045737_3_41905000_42025000.csv,2025-03-18,,42.42.42
eaf/an1,20230308_094400_045733_2.wav,-3418598,18264000,18384000,20230308_094400_045733_2_18264000_18384000.eaf,eaf,,20230308_094400_045733_2_18264000_18384000.csv,2025-03-18,,42.42.42
eaf/an1,20180808_110630_024879.wav,-3418598,16289000,16409000,20180808_110630_024879_16289000_16409000.eaf,eaf,,20180808_110630_024879_16289000_16409000.csv,2025-03-18,,42.42.42
eaf/an1,20220720_091357_024879_1.wav,-3418598,39778000,39898000,20220720_091357_024879_1_39778000_39898000.eaf,eaf,,20220720_091357_024879_1_39778000_39898000.csv,2025-03-18,,42.42.42
eaf/an1,20230328_132555_045737_1.wav,-3418598,9384000,9504000,20230328_132555_045737_1_9384000_9504000.eaf,eaf,,20230328_132555_045737_1_9384000_9504000.csv,2025-03-18,,42.42.42
eaf/an1,20180530_181655_022873.wav,-3418598,14868000,14988000,20180530_181655_022873_14868000_14988000.eaf,eaf,,20180530_181655_022873_14868000_14988000.csv,2025-03-18,,42.42.42
eaf/an1,20180530_181655_022873.wav,-3418598,7296000,7416000,20180530_181655_022873_7296000_7416000.eaf,eaf,,20180530_181655_022873_7296000_7416000.csv,2025-03-18,,42.42.42
eaf/an1,20220720_091357_024879_1.wav,-3418598,18264000,18384000,20220720_091357_024879_1_18264000_18384000.eaf,eaf,,20220720_091357_024879_1_18264000_18384000.csv,2025-03-18,,42.42.42
eaf/an1,20190618_135122_024883.wav,-3418598,16289000,16409000,20190618_135122_024883_16289000_16409000.eaf,eaf,,20190618_135122_024883_16289000_16409000.csv,2025-03-18,,42.42.42
eaf/an1,20220731_113759_045737_2.wav,-3418598,5817000,5937000,20220731_113759_045737_2_5817000_5937000.eaf,eaf,,20220731_113759_045737_2_5817000_5937000.csv,2025-03-18,,42.42.42
eaf/an1,20201104_094551_024882_1.wav,-3418598,16289000,16409000,20201104_094551_024882_1_16289000_16409000.eaf,eaf,,20201104_094551_024882_1_16289000_16409000.csv,2025-03-18,,42.42.42
eaf/an1,20210318_114924_043305_2.wav,-3418598,6837000,6957000,20210318_114924_043305_2_6837000_6957000.eaf,eaf,,20210318_114924_043305_2_6837000_6957000.csv,2025-03-18,,42.42.42
eaf/an1,20210414_211244_024882_1.wav,-3418598,49860000,49980000,20210414_211244_024882_1_49860000_49980000.eaf,eaf,,20210414_211244_024882_1_49860000_49980000.csv,2025-03-18,,42.42.42
eaf/an1,20210318_114924_043305_2.wav,-3418598,2072000,2192000,20210318_114924_043305_2_2072000_2192000.eaf,eaf,,20210318_114924_043305_2_2072000_2192000.csv,2025-03-18,,42.42.42
eaf/an1,20231025_115855_045737_2.wav,-3418598,15408000,15528000,20231025_115855_045737_2_15408000_15528000.eaf,eaf,,20231025_115855_045737_2_15408000_15528000.csv,2025-03-18,,42.42.42
eaf/an1,20201104_094551_024882_1.wav,-3418598,48958000,49078000,20201104_094551_024882_1_48958000_49078000.eaf,eaf,,20201104_094551_024882_1_48958000_49078000.csv,2025-03-18,,42.42.42
eaf/an1,20230328_132555_045737_1.wav,-3418598,18264000,18384000,20230328_132555_045737_1_18264000_18384000.eaf,eaf,,20230328_132555_045737_1_18264000_18384000.csv,2025-03-18,,42.42.42
eaf/an1,20220513_113018_024879_2.wav,-3418598,8264000,8384000,20220513_113018_024879_2_8264000_8384000.eaf,eaf,,20220513_113018_024879_2_8264000_8384000.csv,2025-03-18,,42.42.42
eaf/an1,20220731_113759_045737_2.wav,-3418598,41905000,42025000,20220731_113759_045737_2_41905000_42025000.eaf,eaf,,20220731_113759_045737_2_41905000_42025000.csv,2025-03-18,,42.42.42
eaf/an1,20181218_132113_024879.wav,-3418598,36581000,36701000,20181218_132113_024879_36581000_36701000.eaf,eaf,,20181218_132113_024879_36581000_36701000.csv,2025-03-18,,42.42.42
eaf/an1,20230131_124242_043302_2.wav,-3418598,5817000,5937000,20230131_124242_043302_2_5817000_5937000.eaf,eaf,,20230131_124242_043302_2_5817000_5937000.csv,2025-03-18,,42.42.42
eaf/an1,20210504_102146_025480_2.wav,-3418598,39778000,39898000,20210504_102146_025480_2_39778000_39898000.eaf,eaf,,20210504_102146_025480_2_39778000_39898000.csv,2025-03-18,,42.42.42
eaf/an1,20230321_124603_024879_1.wav,-3418598,18264000,18384000,20230321_124603_024879_1_18264000_18384000.eaf,eaf,,20230321_124603_024879_1_18264000_18384000.csv,2025-03-18,,42.42.42
eaf/an1,20230301_083834_024880_2.wav,-3418598,34798000,34918000,20230301_083834_024880_2_34798000_34918000.eaf,eaf,,20230301_083834_024880_2_34798000_34918000.csv,2025-03-18,,42.42.42
eaf/an1,20211022_110857_045737_2.wav,-3418598,36581000,36701000,20211022_110857_045737_2_36581000_36701000.eaf,eaf,,20211022_110857_045737_2_36581000_36701000.csv,2025-03-18,,42.42.42
eaf/an1,20210624_093317_024883_2.wav,-3418598,41905000,42025000,20210624_093317_024883_2_41905000_42025000.eaf,eaf,,20210624_093317_024883_2_41905000_42025000.csv,2025-03-18,,42.42.42
eaf/an1,20180808_110630_024879.wav,-3418598,2072000,2192000,20180808_110630_024879_2072000_2192000.eaf,eaf,,20180808_110630_024879_2072000_2192000.csv,2025-03-18,,42.42.42
eaf/an1,20231025_115855_045737_2.wav,-3418598,16567000,16687000,20231025_115855_045737_2_16567000_16687000.eaf,eaf,,20231025_115855_045737_2_16567000_16687000.csv,2025-03-18,,42.42.42
eaf/an1,20190828_145547_024884_2.wav,-3418598,14868000,14988000,20190828_145547_024884_2_14868000_14988000.eaf,eaf,,20190828_145547_024884_2_14868000_14988000.csv,2025-03-18,,42.42.42
eaf/an1,20230425_114841_045738_2.wav,-3418598,28611000,28731000,20230425_114841_045738_2_28611000_28731000.eaf,eaf,,20230425_114841_045738_2_28611000_28731000.csv,2025-03-18,,42.42.42
eaf/an1,20211019_120823_045733_2.wav,-3418598,39778000,39898000,20211019_120823_045733_2_39778000_39898000.eaf,eaf,,20211019_120823_045733_2_39778000_39898000.csv,2025-03-18,,42.42.42
eaf/an1,20220829_105740_024880_2.wav,-3418598,14868000,14988000,20220829_105740_024880_2_14868000_14988000.eaf,eaf,,20220829_105740_024880_2_14868000_14988000.csv,2025-03-18,,42.42.42
eaf/an1,20220720_091357_024879_1.wav,-3418598,7296000,7416000,20220720_091357_024879_1_7296000_7416000.eaf,eaf,,20220720_091357_024879_1_7296000_7416000.csv,2025-03-18,,42.42.42
eaf/an1,20191004_125707_025480_2.wav,-3418598,1799000,1919000,20191004_125707_025480_2_1799000_1919000.eaf,eaf,,20191004_125707_025480_2_1799000_1919000.csv,2025-03-18,,42.42.42
eaf/an1,20210414_211244_024882_1.wav,-3418598,6837000,6957000,20210414_211244_024882_1_6837000_6957000.eaf,eaf,,20210414_211244_024882_1_6837000_6957000.csv,2025-03-18,,42.42.42
eaf/an1,20220728_144904_024880_2.wav,-3418598,5817000,5937000,20220728_144904_024880_2_5817000_5937000.eaf,eaf,,20220728_144904_024880_2_5817000_5937000.csv,2025-03-18,,42.42.42
eaf/an1,20211103_114626_022870_1.wav,-3418598,36581000,36701000,20211103_114626_022870_1_36581000_36701000.eaf,eaf,,20211103_114626_022870_1_36581000_36701000.csv,2025-03-18,,42.42.42
eaf/an1,20230301_083834_024880_2.wav,-3418598,14868000,14988000,20230301_083834_024880_2_14868000_14988000.eaf,eaf,,20230301_083834_024880_2_14868000_14988000.csv,2025-03-18,,42.42.42
eaf/an1,20210414_211244_024882_1.wav,-3418598,14868000,14988000,20210414_211244_024882_1_14868000_14988000.eaf,eaf,,20210414_211244_024882_1_14868000_14988000.csv,2025-03-18,,42.42.42
eaf/an1,20230308_094400_045733_2.wav,-3418598,16289000,16409000,20230308_094400_045733_2_16289000_16409000.eaf,eaf,,20230308_094400_045733_2_16289000_16409000.csv,2025-03-18,,42.42.42
eaf/an1,20220513_113018_024879_2.wav,-3418598,3478000,3598000,20220513_113018_024879_2_3478000_3598000.eaf,eaf,,20220513_113018_024879_2_3478000_3598000.csv,2025-03-18,,42.42.42
eaf/an1,20230321_124603_024879_1.wav,-3418598,49860000,49980000,20230321_124603_024879_1_49860000_49980000.eaf,eaf,,20230321_124603_024879_1_49860000_49980000.csv,2025-03-18,,42.42.42
eaf/an1,20180906_133202_022870.wav,-3418598,36581000,36701000,20180906_133202_022870_36581000_36701000.eaf,eaf,,20180906_133202_022870_36581000_36701000.csv,2025-03-18,,42.42.42
eaf/an1,20220711_142955_024883_2.wav,-3418598,1639000,1759000,20220711_142955_024883_2_1639000_1759000.eaf,eaf,,20220711_142955_024883_2_1639000_1759000.csv,2025-03-18,,42.42.42
eaf/an1,20220720_091357_024879_1.wav,-3418598,6837000,6957000,20220720_091357_024879_1_6837000_6957000.eaf,eaf,,20220720_091357_024879_1_6837000_6957000.csv,2025-03-18,,42.42.42
eaf/an1,20230208_103250_043299_1.wav,-3418598,39778000,39898000,20230208_103250_043299_1_39778000_39898000.eaf,eaf,,20230208_103250_043299_1_39778000_39898000.csv,2025-03-18,,42.42.42
eaf/an1,20201210_142957_025480_2.wav,-3418598,6620000,6740000,20201210_142957_025480_2_6620000_6740000.eaf,eaf,,20201210_142957_025480_2_6620000_6740000.csv,2025-03-18,,42.42.42
eaf/an1,20221129_154915_045733_1.wav,-3418598,5817000,5937000,20221129_154915_045733_1_5817000_5937000.eaf,eaf,,20221129_154915_045733_1_5817000_5937000.csv,2025-03-18,,42.42.42
eaf/an1,20211019_120823_045733_2.wav,-3418598,18264000,18384000,20211019_120823_045733_2_18264000_18384000.eaf,eaf,,20211019_120823_045733_2_18264000_18384000.csv,2025-03-18,,42.42.42
eaf/an1,20210127_103244_024879_1.wav,-3418598,49860000,49980000,20210127_103244_024879_1_49860000_49980000.eaf,eaf,,20210127_103244_024879_1_49860000_49980000.csv,2025-03-18,,42.42.42
eaf/an1,20190307_091344_022872.wav,-3418598,49225000,49345000,20190307_091344_022872_49225000_49345000.eaf,eaf,,20190307_091344_022872_49225000_49345000.csv,2025-03-18,,42.42.42
eaf/an1,20210318_114509_043298.wav,-3418598,49225000,49345000,20210318_114509_043298_49225000_49345000.eaf,eaf,,20210318_114509_043298_49225000_49345000.csv,2025-03-18,,42.42.42
eaf/an1,20230131_124242_043302_2.wav,-3418598,7296000,7416000,20230131_124242_043302_2_7296000_7416000.eaf,eaf,,20230131_124242_043302_2_7296000_7416000.csv,2025-03-18,,42.42.42
eaf/an1,20181218_132113_024879.wav,-3418598,6837000,6957000,20181218_132113_024879_6837000_6957000.eaf,eaf,,20181218_132113_024879_6837000_6957000.csv,2025-03-18,,42.42.42
eaf/an1,20190307_091344_022872.wav,-3418598,48958000,49078000,20190307_091344_022872_48958000_49078000.eaf,eaf,,20190307_091344_022872_48958000_49078000.csv,2025-03-18,,42.42.42
eaf/an1,20230321_124603_024879_1.wav,-3418598,5817000,5937000,20230321_124603_024879_1_5817000_5937000.eaf,eaf,,20230321_124603_024879_1_5817000_5937000.csv,2025-03-18,,42.42.42
eaf/an1,20230321_124603_024879_1.wav,-3418598,9384000,9504000,20230321_124603_024879_1_9384000_9504000.eaf,eaf,,20230321_124603_024879_1_9384000_9504000.csv,2025-03-18,,42.42.42
eaf/an1,20230321_124603_024879_1.wav,-3418598,1639000,1759000,20230321_124603_024879_1_1639000_1759000.eaf,eaf,,20230321_124603_024879_1_1639000_1759000.csv,2025-03-18,,42.42.42
eaf/an1,20190828_145547_024884_2.wav,-3418598,1639000,1759000,20190828_145547_024884_2_1639000_1759000.eaf,eaf,,20190828_145547_024884_2_1639000_1759000.csv,2025-03-18,,42.42.42
eaf/an1,20230308_094400_045733_2.wav,-3418598,1639000,1759000,20230308_094400_045733_2_1639000_1759000.eaf,eaf,,20230308_094400_045733_2_1639000_1759000.csv,2025-03-18,,42.42.42
eaf/an1,20180530_181655_022873.wav,-3418598,18264000,18384000,20180530_181655_022873_18264000_18384000.eaf,eaf,,20180530_181655_022873_18264000_18384000.csv,2025-03-18,,42.42.42
eaf/an1,20230301_083834_024880_2.wav,-3418598,6837000,6957000,20230301_083834_024880_2_6837000_6957000.eaf,eaf,,20230301_083834_024880_2_6837000_6957000.csv,2025-03-18,,42.42.42
eaf/an1,20221018_135301_043300_4.wav,-3418598,18264000,18384000,20221018_135301_043300_4_18264000_18384000.eaf,eaf,,20221018_135301_043300_4_18264000_18384000.csv,2025-03-18,,42.42.42
eaf/an1,20200414_130512_024879_2.wav,-3418598,2072000,2192000,20200414_130512_024879_2_2072000_2192000.eaf,eaf,,20200414_130512_024879_2_2072000_2192000.csv,2025-03-18,,42.42.42
eaf/an1,20210624_093317_024883_2.wav,-3418598,36581000,36701000,20210624_093317_024883_2_36581000_36701000.eaf,eaf,,20210624_093317_024883_2_36581000_36701000.csv,2025-03-18,,42.42.42
eaf/an1,20230228_124411_043305_2.wav,-3418598,49225000,49345000,20230228_124411_043305_2_49225000_49345000.eaf,eaf,,20230228_124411_043305_2_49225000_49345000.csv,2025-03-18,,42.42.42
eaf/an1,20190819_210318_025481_2.wav,-3418598,2202000,2322000,20190819_210318_025481_2_2202000_2322000.eaf,eaf,,20190819_210318_025481_2_2202000_2322000.csv,2025-03-18,,42.42.42
eaf/an1,20190819_210318_025481_2.wav,-3418598,28611000,28731000,20190819_210318_025481_2_28611000_28731000.eaf,eaf,,20190819_210318_025481_2_28611000_28731000.csv,2025-03-18,,42.42.42
eaf/an1,20180530_181655_022873.wav,-3418598,2202000,2322000,20180530_181655_022873_2202000_2322000.eaf,eaf,,20180530_181655_022873_2202000_2322000.csv,2025-03-18,,42.42.42
eaf/an1,20230131_124242_043302_2.wav,-3418598,6837000,6957000,20230131_124242_043302_2_6837000_6957000.eaf,eaf,,20230131_124242_043302_2_6837000_6957000.csv,2025-03-18,,42.42.42
eaf/an1,20191004_125707_025480_2.wav,-3418598,12906000,13026000,20191004_125707_025480_2_12906000_13026000.eaf,eaf,,20191004_125707_025480_2_12906000_13026000.csv,2025-03-18,,42.42.42
eaf/an1,20180530_181655_022873.wav,-3418598,15408000,15528000,20180530_181655_022873_15408000_15528000.eaf,eaf,,20180530_181655_022873_15408000_15528000.csv,2025-03-18,,42.42.42
eaf/an1,20230110_120835_024882_2.wav,-3418598,6837000,6957000,20230110_120835_024882_2_6837000_6957000.eaf,eaf,,20230110_120835_024882_2_6837000_6957000.csv,2025-03-18,,42.42.42
eaf/an1,20220726_115556_024883_2.wav,-3418598,36581000,36701000,20220726_115556_024883_2_36581000_36701000.eaf,eaf,,20220726_115556_024883_2_36581000_36701000.csv,2025-03-18,,42.42.42
eaf/an1,20230131_124242_043302_2.wav,-3418598,36581000,36701000,20230131_124242_043302_2_36581000_36701000.eaf,eaf,,20230131_124242_043302_2_36581000_36701000.csv,2025-03-18,,42.42.42
eaf/an1,20191004_125707_025480_2.wav,-3418598,3897000,4017000,20191004_125707_025480_2_3897000_4017000.eaf,eaf,,20191004_125707_025480_2_3897000_4017000.csv,2025-03-18,,42.42.42
eaf/an1,20210624_093317_024883_2.wav,-3418598,6837000,6957000,20210624_093317_024883_2_6837000_6957000.eaf,eaf,,20210624_093317_024883_2_6837000_6957000.csv,2025-03-18,,42.42.42
eaf/an1,20201210_142957_025480_2.wav,-3418598,14868000,14988000,20201210_142957_025480_2_14868000_14988000.eaf,eaf,,20201210_142957_025480_2_14868000_14988000.csv,2025-03-18,,42.42.42
eaf/an1,20230308_093128_024882_2.wav,-3418598,28611000,28731000,20230308_093128_024882_2_28611000_28731000.eaf,eaf,,20230308_093128_024882_2_28611000_28731000.csv,2025-03-18,,42.42.42
eaf/an1,20190618_135122_024883.wav,-3418598,7296000,7416000,20190618_135122_024883_7296000_7416000.eaf,eaf,,20190618_135122_024883_7296000_7416000.csv,2025-03-18,,42.42.42
eaf/an1,20220731_113759_045737_2.wav,-3418598,14868000,14988000,20220731_113759_045737_2_14868000_14988000.eaf,eaf,,20220731_113759_045737_2_14868000_14988000.csv,2025-03-18,,42.42.42
eaf/an1,20210624_093317_024883_2.wav,-3418598,16289000,16409000,20210624_093317_024883_2_16289000_16409000.eaf,eaf,,20210624_093317_024883_2_16289000_16409000.csv,2025-03-18,,42.42.42
eaf/an1,20180530_181655_022873.wav,-3418598,5817000,5937000,20180530_181655_022873_5817000_5937000.eaf,eaf,,20180530_181655_022873_5817000_5937000.csv,2025-03-18,,42.42.42
eaf/an1,20230228_124411_043305_2.wav,-3418598,5817000,5937000,20230228_124411_043305_2_5817000_5937000.eaf,eaf,,20230228_124411_043305_2_5817000_5937000.csv,2025-03-18,,42.42.42
eaf/an1,20230405_090552_045738_2.wav,-3418598,6837000,6957000,20230405_090552_045738_2_6837000_6957000.eaf,eaf,,20230405_090552_045738_2_6837000_6957000.csv,2025-03-18,,42.42.42
eaf/an1,20210318_114509_043298.wav,-3418598,39778000,39898000,20210318_114509_043298_39778000_39898000.eaf,eaf,,20210318_114509_043298_39778000_39898000.csv,2025-03-18,,42.42.42
eaf/an1,20230328_132555_045737_1.wav,-3418598,16289000,16409000,20230328_132555_045737_1_16289000_16409000.eaf,eaf,,20230328_132555_045737_1_16289000_16409000.csv,2025-03-18,,42.42.42
eaf/an1,20210504_102146_025480_2.wav,-3418598,15408000,15528000,20210504_102146_025480_2_15408000_15528000.eaf,eaf,,20210504_102146_025480_2_15408000_15528000.csv,2025-03-18,,42.42.42
eaf/an1,20230328_132555_045737_1.wav,-3418598,6837000,6957000,20230328_132555_045737_1_6837000_6957000.eaf,eaf,,20230328_132555_045737_1_6837000_6957000.csv,2025-03-18,,42.42.42
eaf/an1,20221129_154915_045733_1.wav,-3418598,2202000,2322000,20221129_154915_045733_1_2202000_2322000.eaf,eaf,,20221129_154915_045733_1_2202000_2322000.csv,2025-03-18,,42.42.42
eaf/an1,20211103_114626_022870_1.wav,-3418598,41905000,42025000,20211103_114626_022870_1_41905000_42025000.eaf,eaf,,20211103_114626_022870_1_41905000_42025000.csv,2025-03-18,,42.42.42
eaf/an1,20230301_083834_024880_2.wav,-3418598,2072000,2192000,20230301_083834_024880_2_2072000_2192000.eaf,eaf,,20230301_083834_024880_2_2072000_2192000.csv,2025-03-18,,42.42.42
eaf/an1,20201210_142957_025480_2.wav,-3418598,2072000,2192000,20201210_142957_025480_2_2072000_2192000.eaf,eaf,,20201210_142957_025480_2_2072000_2192000.csv,2025-03-18,,42.42.42
eaf/an1,20230110_120835_024882_2.wav,-3418598,9384000,9504000,20230110_120835_024882_2_9384000_9504000.eaf,eaf,,20230110_120835_024882_2_9384000_9504000.csv,2025-03-18,,42.42.42
eaf/an1,20231025_115855_045737_2.wav,-3418598,2202000,2322000,20231025_115855_045737_2_2202000_2322000.eaf,eaf,,20231025_115855_045737_2_2202000_2322000.csv,2025-03-18,,42.42.42
eaf/an1,20200312_145204_022874.wav,-3418598,7554000,7674000,20200312_145204_022874_7554000_7674000.eaf,eaf,,20200312_145204_022874_7554000_7674000.csv,2025-03-18,,42.42.42
eaf/an1,20180808_110630_024879.wav,-3418598,14868000,14988000,20180808_110630_024879_14868000_14988000.eaf,eaf,,20180808_110630_024879_14868000_14988000.csv,2025-03-18,,42.42.42
eaf/an1,20180906_133202_022870.wav,-3418598,9384000,9504000,20180906_133202_022870_9384000_9504000.eaf,eaf,,20180906_133202_022870_9384000_9504000.csv,2025-03-18,,42.42.42
eaf/an1,20190307_091344_022872.wav,-3418598,41905000,42025000,20190307_091344_022872_41905000_42025000.eaf,eaf,,20190307_091344_022872_41905000_42025000.csv,2025-03-18,,42.42.42
eaf/an1,20180530_181655_022873.wav,-3418598,6620000,6740000,20180530_181655_022873_6620000_6740000.eaf,eaf,,20180530_181655_022873_6620000_6740000.csv,2025-03-18,,42.42.42
eaf/an1,20230228_124411_043305_2.wav,-3418598,16289000,16409000,20230228_124411_043305_2_16289000_16409000.eaf,eaf,,20230228_124411_043305_2_16289000_16409000.csv,2025-03-18,,42.42.42
eaf/an1,20230308_093128_024882_2.wav,-3418598,6837000,6957000,20230308_093128_024882_2_6837000_6957000.eaf,eaf,,20230308_093128_024882_2_6837000_6957000.csv,2025-03-18,,42.42.42
eaf/an1,20230405_090552_045738_2.wav,-3418598,28611000,28731000,20230405_090552_045738_2_28611000_28731000.eaf,eaf,,20230405_090552_045738_2_28611000_28731000.csv,2025-03-18,,42.42.42
eaf/an1,20230228_124411_043305_2.wav,-3418598,48958000,49078000,20230228_124411_043305_2_48958000_49078000.eaf,eaf,,20230228_124411_043305_2_48958000_49078000.csv,2025-03-18,,42.42.42
eaf/an1,20211019_120823_045733_2.wav,-3418598,16289000,16409000,20211019_120823_045733_2_16289000_16409000.eaf,eaf,,20211019_120823_045733_2_16289000_16409000.csv,2025-03-18,,42.42.42
eaf/an1,20180530_181655_022873.wav,-3418598,9384000,9504000,20180530_181655_022873_9384000_9504000.eaf,eaf,,20180530_181655_022873_9384000_9504000.csv,2025-03-18,,42.42.42
eaf/an1,20230308_094400_045733_2.wav,-3418598,2202000,2322000,20230308_094400_045733_2_2202000_2322000.eaf,eaf,,20230308_094400_045733_2_2202000_2322000.csv,2025-03-18,,42.42.42
eaf/an1,20210504_102146_025480_2.wav,-3418598,1639000,1759000,20210504_102146_025480_2_1639000_1759000.eaf,eaf,,20210504_102146_025480_2_1639000_1759000.csv,2025-03-18,,42.42.42
eaf/an1,20220805_082527_043300_2.wav,-3418598,6620000,6740000,20220805_082527_043300_2_6620000_6740000.eaf,eaf,,20220805_082527_043300_2_6620000_6740000.csv,2025-03-18,,42.42.42
eaf/an1,20230301_083834_024880_2.wav,-3418598,5817000,5937000,20230301_083834_024880_2_5817000_5937000.eaf,eaf,,20230301_083834_024880_2_5817000_5937000.csv,2025-03-18,,42.42.42
eaf/an1,20201210_142957_025480_2.wav,-3418598,2202000,2322000,20201210_142957_025480_2_2202000_2322000.eaf,eaf,,20201210_142957_025480_2_2202000_2322000.csv,2025-03-18,,42.42.42
eaf/an1,20200414_125938_024878_2.wav,-3418598,1639000,1759000,20200414_125938_024878_2_1639000_1759000.eaf,eaf,,20200414_125938_024878_2_1639000_1759000.csv,2025-03-18,,42.42.42
eaf/an1,20200312_145204_022874.wav,-3418598,11687000,11807000,20200312_145204_022874_11687000_11807000.eaf,eaf,,20200312_145204_022874_11687000_11807000.csv,2025-03-18,,42.42.42
eaf/an1,20220728_144904_024880_2.wav,-3418598,36581000,36701000,20220728_144904_024880_2_36581000_36701000.eaf,eaf,,20220728_144904_024880_2_36581000_36701000.csv,2025-03-18,,42.42.42
eaf/an1,20201210_142957_025480_2.wav,-3418598,7296000,7416000,20201210_142957_025480_2_7296000_7416000.eaf,eaf,,20201210_142957_025480_2_7296000_7416000.csv,2025-03-18,,42.42.42
eaf/an1,20220513_113018_024879_2.wav,-3418598,2968000,3088000,20220513_113018_024879_2_2968000_3088000.eaf,eaf,,20220513_113018_024879_2_2968000_3088000.csv,2025-03-18,,42.42.42
eaf/an1,20180906_133202_022870.wav,-3418598,2202000,2322000,20180906_133202_022870_2202000_2322000.eaf,eaf,,20180906_133202_022870_2202000_2322000.csv,2025-03-18,,42.42.42
eaf/an1,20181218_132113_024879.wav,-3418598,45308000,45428000,20181218_132113_024879_45308000_45428000.eaf,eaf,,20181218_132113_024879_45308000_45428000.csv,2025-03-18,,42.42.42
eaf/an1,20220720_091357_024879_1.wav,-3418598,14868000,14988000,20220720_091357_024879_1_14868000_14988000.eaf,eaf,,20220720_091357_024879_1_14868000_14988000.csv,2025-03-18,,42.42.42
eaf/an1,20230308_093128_024882_2.wav,-3418598,2072000,2192000,20230308_093128_024882_2_2072000_2192000.eaf,eaf,,20230308_093128_024882_2_2072000_2192000.csv,2025-03-18,,42.42.42
eaf/an1,20220711_142955_024883_2.wav,-3418598,39778000,39898000,20220711_142955_024883_2_39778000_39898000.eaf,eaf,,20220711_142955_024883_2_39778000_39898000.csv,2025-03-18,,42.42.42
eaf/an1,20190828_145547_024884_2.wav,-3418598,5817000,5937000,20190828_145547_024884_2_5817000_5937000.eaf,eaf,,20190828_145547_024884_2_5817000_5937000.csv,2025-03-18,,42.42.42
eaf/an1,20210504_102146_025480_2.wav,-3418598,14868000,14988000,20210504_102146_025480_2_14868000_14988000.eaf,eaf,,20210504_102146_025480_2_14868000_14988000.csv,2025-03-18,,42.42.42
eaf/an1,20180808_110630_024879.wav,-3418598,39778000,39898000,20180808_110630_024879_39778000_39898000.eaf,eaf,,20180808_110630_024879_39778000_39898000.csv,2025-03-18,,42.42.42
eaf/an1,20230308_094400_045733_2.wav,-3418598,9384000,9504000,20230308_094400_045733_2_9384000_9504000.eaf,eaf,,20230308_094400_045733_2_9384000_9504000.csv,2025-03-18,,42.42.42
eaf/an1,20210318_114509_043298.wav,-3418598,49860000,49980000,20210318_114509_043298_49860000_49980000.eaf,eaf,,20210318_114509_043298_49860000_49980000.csv,2025-03-18,,42.42.42
eaf/an1,20210127_103244_024879_1.wav,-3418598,9384000,9504000,20210127_103244_024879_1_9384000_9504000.eaf,eaf,,20210127_103244_024879_1_9384000_9504000.csv,2025-03-18,,42.42.42
eaf/an1,20230308_094400_045733_2.wav,-3418598,41905000,42025000,20230308_094400_045733_2_41905000_42025000.eaf,eaf,,20230308_094400_045733_2_41905000_42025000.csv,2025-03-18,,42.42.42
eaf/an1,20210624_093317_024883_2.wav,-3418598,2072000,2192000,20210624_093317_024883_2_2072000_2192000.eaf,eaf,,20210624_093317_024883_2_2072000_2192000.csv,2025-03-18,,42.42.42
eaf/an1,20220513_113018_024879_2.wav,-3418598,23134000,23254000,20220513_113018_024879_2_23134000_23254000.eaf,eaf,,20220513_113018_024879_2_23134000_23254000.csv,2025-03-18,,42.42.42
eaf/an1,20190618_135122_024883.wav,-3418598,9384000,9504000,20190618_135122_024883_9384000_9504000.eaf,eaf,,20190618_135122_024883_9384000_9504000.csv,2025-03-18,,42.42.42
eaf/an1,20220726_115556_024883_2.wav,-3418598,41905000,42025000,20220726_115556_024883_2_41905000_42025000.eaf,eaf,,20220726_115556_024883_2_41905000_42025000.csv,2025-03-18,,42.42.42
eaf/an1,20220728_144904_024880_2.wav,-3418598,6837000,6957000,20220728_144904_024880_2_6837000_6957000.eaf,eaf,,20220728_144904_024880_2_6837000_6957000.csv,2025-03-18,,42.42.42
eaf/an1,20220726_115556_024883_2.wav,-3418598,2202000,2322000,20220726_115556_024883_2_2202000_2322000.eaf,eaf,,20220726_115556_024883_2_2202000_2322000.csv,2025-03-18,,42.42.42
eaf/an1,20191004_125707_025480_2.wav,-3418598,9775000,9895000,20191004_125707_025480_2_9775000_9895000.eaf,eaf,,20191004_125707_025480_2_9775000_9895000.csv,2025-03-18,,42.42.42
eaf/an1,20210504_102146_025480_2.wav,-3418598,2202000,2322000,20210504_102146_025480_2_2202000_2322000.eaf,eaf,,20210504_102146_025480_2_2202000_2322000.csv,2025-03-18,,42.42.42
eaf/an1,20230321_124603_024879_1.wav,-3418598,6837000,6957000,20230321_124603_024879_1_6837000_6957000.eaf,eaf,,20230321_124603_024879_1_6837000_6957000.csv,2025-03-18,,42.42.42
eaf/an1,20210318_114924_043305_2.wav,-3418598,2202000,2322000,20210318_114924_043305_2_2202000_2322000.eaf,eaf,,20210318_114924_043305_2_2202000_2322000.csv,2025-03-18,,42.42.42
eaf/an1,20230328_132555_045737_1.wav,-3418598,5817000,5937000,20230328_132555_045737_1_5817000_5937000.eaf,eaf,,20230328_132555_045737_1_5817000_5937000.csv,2025-03-18,,42.42.42
eaf/an1,20230208_103250_043299_1.wav,-3418598,7296000,7416000,20230208_103250_043299_1_7296000_7416000.eaf,eaf,,20230208_103250_043299_1_7296000_7416000.csv,2025-03-18,,42.42.42
eaf/an1,20180530_181655_022873.wav,-3418598,2072000,2192000,20180530_181655_022873_2072000_2192000.eaf,eaf,,20180530_181655_022873_2072000_2192000.csv,2025-03-18,,42.42.42
eaf/an1,20190828_145547_024884_2.wav,-3418598,6620000,6740000,20190828_145547_024884_2_6620000_6740000.eaf,eaf,,20190828_145547_024884_2_6620000_6740000.csv,2025-03-18,,42.42.42
eaf/an1,20180906_133202_022870.wav,-3418598,14868000,14988000,20180906_133202_022870_14868000_14988000.eaf,eaf,,20180906_133202_022870_14868000_14988000.csv,2025-03-18,,42.42.42
eaf/an1,20230110_120835_024882_2.wav,-3418598,5817000,5937000,20230110_120835_024882_2_5817000_5937000.eaf,eaf,,20230110_120835_024882_2_5817000_5937000.csv,2025-03-18,,42.42.42
eaf/an1,20180808_111213_024881.wav,-3418598,7296000,7416000,20180808_111213_024881_7296000_7416000.eaf,eaf,,20180808_111213_024881_7296000_7416000.csv,2025-03-18,,42.42.42
eaf/an1,20180809_181624_025481.wav,-3418598,6620000,6740000,20180809_181624_025481_6620000_6740000.eaf,eaf,,20180809_181624_025481_6620000_6740000.csv,2025-03-18,,42.42.42
eaf/an1,20220711_142955_024883_2.wav,-3418598,5817000,5937000,20220711_142955_024883_2_5817000_5937000.eaf,eaf,,20220711_142955_024883_2_5817000_5937000.csv,2025-03-18,,42.42.42
eaf/an1,20210127_103244_024879_1.wav,-3418598,14868000,14988000,20210127_103244_024879_1_14868000_14988000.eaf,eaf,,20210127_103244_024879_1_14868000_14988000.csv,2025-03-18,,42.42.42
eaf/an1,20190307_091344_022872.wav,-3418598,39778000,39898000,20190307_091344_022872_39778000_39898000.eaf,eaf,,20190307_091344_022872_39778000_39898000.csv,2025-03-18,,42.42.42
eaf/an1,20210318_114924_043305_2.wav,-3418598,39778000,39898000,20210318_114924_043305_2_39778000_39898000.eaf,eaf,,20210318_114924_043305_2_39778000_39898000.csv,2025-03-18,,42.42.42
eaf/an1,20220726_115556_024883_2.wav,-3418598,16289000,16409000,20220726_115556_024883_2_16289000_16409000.eaf,eaf,,20220726_115556_024883_2_16289000_16409000.csv,2025-03-18,,42.42.42
eaf/an1,20210624_093317_024883_2.wav,-3418598,2202000,2322000,20210624_093317_024883_2_2202000_2322000.eaf,eaf,,20210624_093317_024883_2_2202000_2322000.csv,2025-03-18,,42.42.42
eaf/an1,20230425_114841_045738_2.wav,-3418598,7296000,7416000,20230425_114841_045738_2_7296000_7416000.eaf,eaf,,20230425_114841_045738_2_7296000_7416000.csv,2025-03-18,,42.42.42
eaf/an1,20220712_113417_045737_3.wav,-3418598,6837000,6957000,20220712_113417_045737_3_6837000_6957000.eaf,eaf,,20220712_113417_045737_3_6837000_6957000.csv,2025-03-18,,42.42.42
eaf/an1,20230208_103250_043299_1.wav,-3418598,16289000,16409000,20230208_103250_043299_1_16289000_16409000.eaf,eaf,,20230208_103250_043299_1_16289000_16409000.csv,2025-03-18,,42.42.42
eaf/an1,20220726_115556_024883_2.wav,-3418598,45308000,45428000,20220726_115556_024883_2_45308000_45428000.eaf,eaf,,20220726_115556_024883_2_45308000_45428000.csv,2025-03-18,,42.42.42
eaf/an1,20211022_110857_045737_2.wav,-3418598,41905000,42025000,20211022_110857_045737_2_41905000_42025000.eaf,eaf,,20211022_110857_045737_2_41905000_42025000.csv,2025-03-18,,42.42.42
eaf/an1,20220829_105740_024880_2.wav,-3418598,41905000,42025000,20220829_105740_024880_2_41905000_42025000.eaf,eaf,,20220829_105740_024880_2_41905000_42025000.csv,2025-03-18,,42.42.42
eaf/an1,20190618_135122_024883.wav,-3418598,18264000,18384000,20190618_135122_024883_18264000_18384000.eaf,eaf,,20190618_135122_024883_18264000_18384000.csv,2025-03-18,,42.42.42
eaf/an1,20180809_181624_025481.wav,-3418598,2072000,2192000,20180809_181624_025481_2072000_2192000.eaf,eaf,,20180809_181624_025481_2072000_2192000.csv,2025-03-18,,42.42.42
eaf/an1,20220731_113759_045737_2.wav,-3418598,9384000,9504000,20220731_113759_045737_2_9384000_9504000.eaf,eaf,,20220731_113759_045737_2_9384000_9504000.csv,2025-03-18,,42.42.42
eaf/an1,20180808_110630_024879.wav,-3418598,28611000,28731000,20180808_110630_024879_28611000_28731000.eaf,eaf,,20180808_110630_024879_28611000_28731000.csv,2025-03-18,,42.42.42
eaf/an1,20211019_120823_045733_2.wav,-3418598,7296000,7416000,20211019_120823_045733_2_7296000_7416000.eaf,eaf,,20211019_120823_045733_2_7296000_7416000.csv,2025-03-18,,42.42.42
eaf/an1,20220805_082527_043300_2.wav,-3418598,14868000,14988000,20220805_082527_043300_2_14868000_14988000.eaf,eaf,,20220805_082527_043300_2_14868000_14988000.csv,2025-03-18,,42.42.42
eaf/an1,20220829_105740_024880_2.wav,-3418598,5817000,5937000,20220829_105740_024880_2_5817000_5937000.eaf,eaf,,20220829_105740_024880_2_5817000_5937000.csv,2025-03-18,,42.42.42
eaf/an1,20230425_114841_045738_2.wav,-3418598,39778000,39898000,20230425_114841_045738_2_39778000_39898000.eaf,eaf,,20230425_114841_045738_2_39778000_39898000.csv,2025-03-18,,42.42.42
eaf/an1,20220711_142955_024883_2.wav,-3418598,6837000,6957000,20220711_142955_024883_2_6837000_6957000.eaf,eaf,,20220711_142955_024883_2_6837000_6957000.csv,2025-03-18,,42.42.42
eaf/an1,20200414_125938_024878_2.wav,-3418598,6837000,6957000,20200414_125938_024878_2_6837000_6957000.eaf,eaf,,20200414_125938_024878_2_6837000_6957000.csv,2025-03-18,,42.42.42
eaf/an1,20211103_114626_022870_1.wav,-3418598,28611000,28731000,20211103_114626_022870_1_28611000_28731000.eaf,eaf,,20211103_114626_022870_1_28611000_28731000.csv,2025-03-18,,42.42.42
eaf/an1,20201104_094551_024882_1.wav,-3418598,49860000,49980000,20201104_094551_024882_1_49860000_49980000.eaf,eaf,,20201104_094551_024882_1_49860000_49980000.csv,2025-03-18,,42.42.42
eaf/an1,20230425_114841_045738_2.wav,-3418598,1639000,1759000,20230425_114841_045738_2_1639000_1759000.eaf,eaf,,20230425_114841_045738_2_1639000_1759000.csv,2025-03-18,,42.42.42
eaf/an1,20210318_114924_043305_2.wav,-3418598,7296000,7416000,20210318_114924_043305_2_7296000_7416000.eaf,eaf,,20210318_114924_043305_2_7296000_7416000.csv,2025-03-18,,42.42.42
eaf/an1,20220805_082527_043300_2.wav,-3418598,36581000,36701000,20220805_082527_043300_2_36581000_36701000.eaf,eaf,,20220805_082527_043300_2_36581000_36701000.csv,2025-03-18,,42.42.42
eaf/an1,20181218_132113_024879.wav,-3418598,48958000,49078000,20181218_132113_024879_48958000_49078000.eaf,eaf,,20181218_132113_024879_48958000_49078000.csv,2025-03-18,,42.42.42
eaf/an1,20180808_110630_024879.wav,-3418598,1639000,1759000,20180808_110630_024879_1639000_1759000.eaf,eaf,,20180808_110630_024879_1639000_1759000.csv,2025-03-18,,42.42.42
eaf/an1,20190307_114201_025481.wav,-3418598,1639000,1759000,20190307_114201_025481_1639000_1759000.eaf,eaf,,20190307_114201_025481_1639000_1759000.csv,2025-03-18,,42.42.42
eaf/an1,20190307_091344_022872.wav,-3418598,5817000,5937000,20190307_091344_022872_5817000_5937000.eaf,eaf,,20190307_091344_022872_5817000_5937000.csv,2025-03-18,,42.42.42
eaf/an1,20210414_211244_024882_1.wav,-3418598,1639000,1759000,20210414_211244_024882_1_1639000_1759000.eaf,eaf,,20210414_211244_024882_1_1639000_1759000.csv,2025-03-18,,42.42.42
eaf/an1,20180808_111213_024881.wav,-3418598,5817000,5937000,20180808_111213_024881_5817000_5937000.eaf,eaf,,20180808_111213_024881_5817000_5937000.csv,2025-03-18,,42.42.42
eaf/an1,20211103_114626_022870_1.wav,-3418598,6620000,6740000,20211103_114626_022870_1_6620000_6740000.eaf,eaf,,20211103_114626_022870_1_6620000_6740000.csv,2025-03-18,,42.42.42
eaf/an1,20200414_130512_024879_2.wav,-3418598,14868000,14988000,20200414_130512_024879_2_14868000_14988000.eaf,eaf,,20200414_130512_024879_2_14868000_14988000.csv,2025-03-18,,42.42.42
eaf/an1,20230228_124411_043305_2.wav,-3418598,39778000,39898000,20230228_124411_043305_2_39778000_39898000.eaf,eaf,,20230228_124411_043305_2_39778000_39898000.csv,2025-03-18,,42.42.42
eaf/an1,20230308_094400_045733_2.wav,-3418598,5817000,5937000,20230308_094400_045733_2_5817000_5937000.eaf,eaf,,20230308_094400_045733_2_5817000_5937000.csv,2025-03-18,,42.42.42
eaf/an1,20230110_120835_024882_2.wav,-3418598,1639000,1759000,20230110_120835_024882_2_1639000_1759000.eaf,eaf,,20230110_120835_024882_2_1639000_1759000.csv,2025-03-18,,42.42.42
eaf/an1,20230425_114841_045738_2.wav,-3418598,5817000,5937000,20230425_114841_045738_2_5817000_5937000.eaf,eaf,,20230425_114841_045738_2_5817000_5937000.csv,2025-03-18,,42.42.42
eaf/an1,20220726_115556_024883_2.wav,-3418598,39778000,39898000,20220726_115556_024883_2_39778000_39898000.eaf,eaf,,20220726_115556_024883_2_39778000_39898000.csv,2025-03-18,,42.42.42
eaf/an1,20230301_083834_024880_2.wav,-3418598,9384000,9504000,20230301_083834_024880_2_9384000_9504000.eaf,eaf,,20230301_083834_024880_2_9384000_9504000.csv,2025-03-18,,42.42.42
eaf/an1,20210624_093317_024883_2.wav,-3418598,45308000,45428000,20210624_093317_024883_2_45308000_45428000.eaf,eaf,,20210624_093317_024883_2_45308000_45428000.csv,2025-03-18,,42.42.42
eaf/an1,20221129_154915_045733_1.wav,-3418598,28611000,28731000,20221129_154915_045733_1_28611000_28731000.eaf,eaf,,20221129_154915_045733_1_28611000_28731000.csv,2025-03-18,,42.42.42
eaf/an1,20220805_082527_043300_2.wav,-3418598,1639000,1759000,20220805_082527_043300_2_1639000_1759000.eaf,eaf,,20220805_082527_043300_2_1639000_1759000.csv,2025-03-18,,42.42.42
eaf/an1,20231025_115855_045737_2.wav,-3418598,9384000,9504000,20231025_115855_045737_2_9384000_9504000.eaf,eaf,,20231025_115855_045737_2_9384000_9504000.csv,2025-03-18,,42.42.42
eaf/an1,20190819_210318_025481_2.wav,-3418598,18264000,18384000,20190819_210318_025481_2_18264000_18384000.eaf,eaf,,20190819_210318_025481_2_18264000_18384000.csv,2025-03-18,,42.42.42
eaf/an1,20230425_114841_045738_2.wav,-3418598,14868000,14988000,20230425_114841_045738_2_14868000_14988000.eaf,eaf,,20230425_114841_045738_2_14868000_14988000.csv,2025-03-18,,42.42.42
eaf/an1,20230228_124411_043305_2.wav,-3418598,1639000,1759000,20230228_124411_043305_2_1639000_1759000.eaf,eaf,,20230228_124411_043305_2_1639000_1759000.csv,2025-03-18,,42.42.42
eaf/an1,20190307_091344_022872.wav,-3418598,49860000,49980000,20190307_091344_022872_49860000_49980000.eaf,eaf,,20190307_091344_022872_49860000_49980000.csv,2025-03-18,,42.42.42
eaf/an1,20230308_093128_024882_2.wav,-3418598,18264000,18384000,20230308_093128_024882_2_18264000_18384000.eaf,eaf,,20230308_093128_024882_2_18264000_18384000.csv,2025-03-18,,42.42.42
eaf/an1,20220712_113417_045737_3.wav,-3418598,6620000,6740000,20220712_113417_045737_3_6620000_6740000.eaf,eaf,,20220712_113417_045737_3_6620000_6740000.csv,2025-03-18,,42.42.42
eaf/an1,20190307_114201_025481.wav,-3418598,6620000,6740000,20190307_114201_025481_6620000_6740000.eaf,eaf,,20190307_114201_025481_6620000_6740000.csv,2025-03-18,,42.42.42
eaf/an1,20220726_115556_024883_2.wav,-3418598,7296000,7416000,20220726_115556_024883_2_7296000_7416000.eaf,eaf,,20220726_115556_024883_2_7296000_7416000.csv,2025-03-18,,42.42.42
eaf/an1,20230228_124411_043305_2.wav,-3418598,41905000,42025000,20230228_124411_043305_2_41905000_42025000.eaf,eaf,,20230228_124411_043305_2_41905000_42025000.csv,2025-03-18,,42.42.42
eaf/an1,20200312_145204_022874.wav,-3418598,1502000,1622000,20200312_145204_022874_1502000_1622000.eaf,eaf,,20200312_145204_022874_1502000_1622000.csv,2025-03-18,,42.42.42
eaf/an1,20210318_114924_043305_2.wav,-3418598,28611000,28731000,20210318_114924_043305_2_28611000_28731000.eaf,eaf,,20210318_114924_043305_2_28611000_28731000.csv,2025-03-18,,42.42.42
eaf/an1,20191004_125707_025480_2.wav,-3418598,10754000,10874000,20191004_125707_025480_2_10754000_10874000.eaf,eaf,,20191004_125707_025480_2_10754000_10874000.csv,2025-03-18,,42.42.42
eaf/an1,20180906_133202_022870.wav,-3418598,18264000,18384000,20180906_133202_022870_18264000_18384000.eaf,eaf,,20180906_133202_022870_18264000_18384000.csv,2025-03-18,,42.42.42
eaf/an1,20230131_124242_043302_2.wav,-3418598,28611000,28731000,20230131_124242_043302_2_28611000_28731000.eaf,eaf,,20230131_124242_043302_2_28611000_28731000.csv,2025-03-18,,42.42.42
eaf/an1,20210414_211244_024882_1.wav,-3418598,45308000,45428000,20210414_211244_024882_1_45308000_45428000.eaf,eaf,,20210414_211244_024882_1_45308000_45428000.csv,2025-03-18,,42.42.42
eaf/an1,20230301_083834_024880_2.wav,-3418598,2202000,2322000,20230301_083834_024880_2_2202000_2322000.eaf,eaf,,20230301_083834_024880_2_2202000_2322000.csv,2025-03-18,,42.42.42
eaf/an1,20200414_130512_024879_2.wav,-3418598,5817000,5937000,20200414_130512_024879_2_5817000_5937000.eaf,eaf,,20200414_130512_024879_2_5817000_5937000.csv,2025-03-18,,42.42.42
eaf/an1,20220829_105740_024880_2.wav,-3418598,6837000,6957000,20220829_105740_024880_2_6837000_6957000.eaf,eaf,,20220829_105740_024880_2_6837000_6957000.csv,2025-03-18,,42.42.42
eaf/an1,20191004_125707_025480_2.wav,-3418598,4252000,4372000,20191004_125707_025480_2_4252000_4372000.eaf,eaf,,20191004_125707_025480_2_4252000_4372000.csv,2025-03-18,,42.42.42
eaf/an1,20230301_083834_024880_2.wav,-3418598,7296000,7416000,20230301_083834_024880_2_7296000_7416000.eaf,eaf,,20230301_083834_024880_2_7296000_7416000.csv,2025-03-18,,42.42.42
eaf/an1,20190307_091344_022872.wav,-3418598,18264000,18384000,20190307_091344_022872_18264000_18384000.eaf,eaf,,20190307_091344_022872_18264000_18384000.csv,2025-03-18,,42.42.42
eaf/an1,20230308_093128_024882_2.wav,-3418598,5817000,5937000,20230308_093128_024882_2_5817000_5937000.eaf,eaf,,20230308_093128_024882_2_5817000_5937000.csv,2025-03-18,,42.42.42
eaf/an1,20201104_094551_024882_1.wav,-3418598,1639000,1759000,20201104_094551_024882_1_1639000_1759000.eaf,eaf,,20201104_094551_024882_1_1639000_1759000.csv,2025-03-18,,42.42.42
eaf/an1,20211103_114626_022870_1.wav,-3418598,2072000,2192000,20211103_114626_022870_1_2072000_2192000.eaf,eaf,,20211103_114626_022870_1_2072000_2192000.csv,2025-03-18,,42.42.42
eaf/an1,20210624_093317_024883_2.wav,-3418598,7296000,7416000,20210624_093317_024883_2_7296000_7416000.eaf,eaf,,20210624_093317_024883_2_7296000_7416000.csv,2025-03-18,,42.42.42
eaf/an1,20220728_144904_024880_2.wav,-3418598,41905000,42025000,20220728_144904_024880_2_41905000_42025000.eaf,eaf,,20220728_144904_024880_2_41905000_42025000.csv,2025-03-18,,42.42.42
eaf/an1,20230110_120835_024882_2.wav,-3418598,2072000,2192000,20230110_120835_024882_2_2072000_2192000.eaf,eaf,,20230110_120835_024882_2_2072000_2192000.csv,2025-03-18,,42.42.42
eaf/an1,20180906_131431_024882.wav,-3418598,36581000,36701000,20180906_131431_024882_36581000_36701000.eaf,eaf,,20180906_131431_024882_36581000_36701000.csv,2025-03-18,,42.42.42
eaf/an1,20220513_113018_024879_2.wav,-3418598,20952000,21072000,20220513_113018_024879_2_20952000_21072000.eaf,eaf,,20220513_113018_024879_2_20952000_21072000.csv,2025-03-18,,42.42.42
eaf/an1,20230405_090552_045738_2.wav,-3418598,39778000,39898000,20230405_090552_045738_2_39778000_39898000.eaf,eaf,,20230405_090552_045738_2_39778000_39898000.csv,2025-03-18,,42.42.42
eaf/an1,20180809_181624_025481.wav,-3418598,18264000,18384000,20180809_181624_025481_18264000_18384000.eaf,eaf,,20180809_181624_025481_18264000_18384000.csv,2025-03-18,,42.42.42
eaf/an1,20191004_125707_025480_2.wav,-3418598,11927000,12047000,20191004_125707_025480_2_11927000_12047000.eaf,eaf,,20191004_125707_025480_2_11927000_12047000.csv,2025-03-18,,42.42.42
eaf/an1,20220829_105740_024880_2.wav,-3418598,16289000,16409000,20220829_105740_024880_2_16289000_16409000.eaf,eaf,,20220829_105740_024880_2_16289000_16409000.csv,2025-03-18,,42.42.42
eaf/an1,20180808_111213_024881.wav,-3418598,1639000,1759000,20180808_111213_024881_1639000_1759000.eaf,eaf,,20180808_111213_024881_1639000_1759000.csv,2025-03-18,,42.42.42
eaf/an1,20230405_090552_045738_2.wav,-3418598,9384000,9504000,20230405_090552_045738_2_9384000_9504000.eaf,eaf,,20230405_090552_045738_2_9384000_9504000.csv,2025-03-18,,42.42.42
eaf/an1,20220711_142955_024883_2.wav,-3418598,48958000,49078000,20220711_142955_024883_2_48958000_49078000.eaf,eaf,,20220711_142955_024883_2_48958000_49078000.csv,2025-03-18,,42.42.42
eaf/an1,20230110_120835_024882_2.wav,-3418598,16289000,16409000,20230110_120835_024882_2_16289000_16409000.eaf,eaf,,20230110_120835_024882_2_16289000_16409000.csv,2025-03-18,,42.42.42
eaf/an1,20230328_132555_045737_1.wav,-3418598,49860000,49980000,20230328_132555_045737_1_49860000_49980000.eaf,eaf,,20230328_132555_045737_1_49860000_49980000.csv,2025-03-18,,42.42.42
eaf/an1,20180906_131431_024882.wav,-3418598,49860000,49980000,20180906_131431_024882_49860000_49980000.eaf,eaf,,20180906_131431_024882_49860000_49980000.csv,2025-03-18,,42.42.42
eaf/an1,20220513_113018_024879_2.wav,-3418598,20429000,20549000,20220513_113018_024879_2_20429000_20549000.eaf,eaf,,20220513_113018_024879_2_20429000_20549000.csv,2025-03-18,,42.42.42
eaf/an1,20180906_131431_024882.wav,-3418598,1639000,1759000,20180906_131431_024882_1639000_1759000.eaf,eaf,,20180906_131431_024882_1639000_1759000.csv,2025-03-18,,42.42.42
eaf/an1,20200414_130512_024879_2.wav,-3418598,1639000,1759000,20200414_130512_024879_2_1639000_1759000.eaf,eaf,,20200414_130512_024879_2_1639000_1759000.csv,2025-03-18,,42.42.42
eaf/an1,20220513_113018_024879_2.wav,-3418598,4812000,4932000,20220513_113018_024879_2_4812000_4932000.eaf,eaf,,20220513_113018_024879_2_4812000_4932000.csv,2025-03-18,,42.42.42
eaf/an1,20211022_110857_045737_2.wav,-3418598,1639000,1759000,20211022_110857_045737_2_1639000_1759000.eaf,eaf,,20211022_110857_045737_2_1639000_1759000.csv,2025-03-18,,42.42.42
eaf/an1,20230131_124242_043302_2.wav,-3418598,39778000,39898000,20230131_124242_043302_2_39778000_39898000.eaf,eaf,,20230131_124242_043302_2_39778000_39898000.csv,2025-03-18,,42.42.42
eaf/an1,20220829_105740_024880_2.wav,-3418598,2072000,2192000,20220829_105740_024880_2_2072000_2192000.eaf,eaf,,20220829_105740_024880_2_2072000_2192000.csv,2025-03-18,,42.42.42
eaf/an1,20220829_105740_024880_2.wav,-3418598,7296000,7416000,20220829_105740_024880_2_7296000_7416000.eaf,eaf,,20220829_105740_024880_2_7296000_7416000.csv,2025-03-18,,42.42.42
eaf/an1,20200414_125938_024878_2.wav,-3418598,2202000,2322000,20200414_125938_024878_2_2202000_2322000.eaf,eaf,,20200414_125938_024878_2_2202000_2322000.csv,2025-03-18,,42.42.42
eaf/an1,20221129_154915_045733_1.wav,-3418598,45308000,45428000,20221129_154915_045733_1_45308000_45428000.eaf,eaf,,20221129_154915_045733_1_45308000_45428000.csv,2025-03-18,,42.42.42
eaf/an1,20230328_132555_045737_1.wav,-3418598,49225000,49345000,20230328_132555_045737_1_49225000_49345000.eaf,eaf,,20230328_132555_045737_1_49225000_49345000.csv,2025-03-18,,42.42.42
eaf/an1,20210127_103244_024879_1.wav,-3418598,6837000,6957000,20210127_103244_024879_1_6837000_6957000.eaf,eaf,,20210127_103244_024879_1_6837000_6957000.csv,2025-03-18,,42.42.42
eaf/an1,20220720_091357_024879_1.wav,-3418598,6620000,6740000,20220720_091357_024879_1_6620000_6740000.eaf,eaf,,20220720_091357_024879_1_6620000_6740000.csv,2025-03-18,,42.42.42
eaf/an1,20210414_211244_024882_1.wav,-3418598,48958000,49078000,20210414_211244_024882_1_48958000_49078000.eaf,eaf,,20210414_211244_024882_1_48958000_49078000.csv,2025-03-18,,42.42.42
eaf/an1,20220712_113417_045737_3.wav,-3418598,7296000,7416000,20220712_113417_045737_3_7296000_7416000.eaf,eaf,,20220712_113417_045737_3_7296000_7416000.csv,2025-03-18,,42.42.42
eaf/an1,20180906_133202_022870.wav,-3418598,6620000,6740000,20180906_133202_022870_6620000_6740000.eaf,eaf,,20180906_133202_022870_6620000_6740000.csv,2025-03-18,,42.42.42
eaf/an1,20210127_103244_024879_1.wav,-3418598,41905000,42025000,20210127_103244_024879_1_41905000_42025000.eaf,eaf,,20210127_103244_024879_1_41905000_42025000.csv,2025-03-18,,42.42.42
eaf/an1,20180808_111213_024881.wav,-3418598,28611000,28731000,20180808_111213_024881_28611000_28731000.eaf,eaf,,20180808_111213_024881_28611000_28731000.csv,2025-03-18,,42.42.42
eaf/an1,20211019_120823_045733_2.wav,-3418598,36581000,36701000,20211019_120823_045733_2_36581000_36701000.eaf,eaf,,20211019_120823_045733_2_36581000_36701000.csv,2025-03-18,,42.42.42
eaf/an1,20230405_090552_045738_2.wav,-3418598,36581000,36701000,20230405_090552_045738_2_36581000_36701000.eaf,eaf,,20230405_090552_045738_2_36581000_36701000.csv,2025-03-18,,42.42.42
eaf/an1,20230301_083834_024880_2.wav,-3418598,28611000,28731000,20230301_083834_024880_2_28611000_28731000.eaf,eaf,,20230301_083834_024880_2_28611000_28731000.csv,2025-03-18,,42.42.42
eaf/an1,20220726_115556_024883_2.wav,-3418598,2072000,2192000,20220726_115556_024883_2_2072000_2192000.eaf,eaf,,20220726_115556_024883_2_2072000_2192000.csv,2025-03-18,,42.42.42
eaf/an1,20221018_135301_043300_4.wav,-3418598,2202000,2322000,20221018_135301_043300_4_2202000_2322000.eaf,eaf,,20221018_135301_043300_4_2202000_2322000.csv,2025-03-18,,42.42.42
eaf/an1,20230110_120835_024882_2.wav,-3418598,28611000,28731000,20230110_120835_024882_2_28611000_28731000.eaf,eaf,,20230110_120835_024882_2_28611000_28731000.csv,2025-03-18,,42.42.42
eaf/an1,20190618_135122_024883.wav,-3418598,5817000,5937000,20190618_135122_024883_5817000_5937000.eaf,eaf,,20190618_135122_024883_5817000_5937000.csv,2025-03-18,,42.42.42
eaf/an1,20210504_102146_025480_2.wav,-3418598,9384000,9504000,20210504_102146_025480_2_9384000_9504000.eaf,eaf,,20210504_102146_025480_2_9384000_9504000.csv,2025-03-18,,42.42.42
eaf/an1,20201210_142957_025480_2.wav,-3418598,9384000,9504000,20201210_142957_025480_2_9384000_9504000.eaf,eaf,,20201210_142957_025480_2_9384000_9504000.csv,2025-03-18,,42.42.42
eaf/an1,20211103_114626_022870_1.wav,-3418598,2202000,2322000,20211103_114626_022870_1_2202000_2322000.eaf,eaf,,20211103_114626_022870_1_2202000_2322000.csv,2025-03-18,,42.42.42
eaf/an1,20190307_091344_022872.wav,-3418598,45308000,45428000,20190307_091344_022872_45308000_45428000.eaf,eaf,,20190307_091344_022872_45308000_45428000.csv,2025-03-18,,42.42.42
eaf/an1,20230131_124242_043302_2.wav,-3418598,14868000,14988000,20230131_124242_043302_2_14868000_14988000.eaf,eaf,,20230131_124242_043302_2_14868000_14988000.csv,2025-03-18,,42.42.42
eaf/an1,20230425_114841_045738_2.wav,-3418598,9384000,9504000,20230425_114841_045738_2_9384000_9504000.eaf,eaf,,20230425_114841_045738_2_9384000_9504000.csv,2025-03-18,,42.42.42
eaf/an1,20180809_181624_025481.wav,-3418598,14868000,14988000,20180809_181624_025481_14868000_14988000.eaf,eaf,,20180809_181624_025481_14868000_14988000.csv,2025-03-18,,42.42.42
eaf/an1,20220513_113018_024879_2.wav,-3418598,9252000,9372000,20220513_113018_024879_2_9252000_9372000.eaf,eaf,,20220513_113018_024879_2_9252000_9372000.csv,2025-03-18,,42.42.42
eaf/an1,20221129_154915_045733_1.wav,-3418598,6837000,6957000,20221129_154915_045733_1_6837000_6957000.eaf,eaf,,20221129_154915_045733_1_6837000_6957000.csv,2025-03-18,,42.42.42
eaf/an1,20230301_083834_024880_2.wav,-3418598,16289000,16409000,20230301_083834_024880_2_16289000_16409000.eaf,eaf,,20230301_083834_024880_2_16289000_16409000.csv,2025-03-18,,42.42.42
eaf/an1,20210504_102146_025480_2.wav,-3418598,5817000,5937000,20210504_102146_025480_2_5817000_5937000.eaf,eaf,,20210504_102146_025480_2_5817000_5937000.csv,2025-03-18,,42.42.42
eaf/an1,20180906_131431_024882.wav,-3418598,14868000,14988000,20180906_131431_024882_14868000_14988000.eaf,eaf,,20180906_131431_024882_14868000_14988000.csv,2025-03-18,,42.42.42
eaf/an1,20190307_114201_025481.wav,-3418598,14868000,14988000,20190307_114201_025481_14868000_14988000.eaf,eaf,,20190307_114201_025481_14868000_14988000.csv,2025-03-18,,42.42.42
eaf/an1,20210504_102146_025480_2.wav,-3418598,18264000,18384000,20210504_102146_025480_2_18264000_18384000.eaf,eaf,,20210504_102146_025480_2_18264000_18384000.csv,2025-03-18,,42.42.42
eaf/an1,20210414_211244_024882_1.wav,-3418598,7296000,7416000,20210414_211244_024882_1_7296000_7416000.eaf,eaf,,20210414_211244_024882_1_7296000_7416000.csv,2025-03-18,,42.42.42
eaf/an1,20190307_114201_025481.wav,-3418598,16289000,16409000,20190307_114201_025481_16289000_16409000.eaf,eaf,,20190307_114201_025481_16289000_16409000.csv,2025-03-18,,42.42.42
eaf/an1,20230228_124411_043305_2.wav,-3418598,18264000,18384000,20230228_124411_043305_2_18264000_18384000.eaf,eaf,,20230228_124411_043305_2_18264000_18384000.csv,2025-03-18,,42.42.42
eaf/an1,20180906_133202_022870.wav,-3418598,5817000,5937000,20180906_133202_022870_5817000_5937000.eaf,eaf,,20180906_133202_022870_5817000_5937000.csv,2025-03-18,,42.42.42
eaf/an1,20211103_114626_022870_1.wav,-3418598,5817000,5937000,20211103_114626_022870_1_5817000_5937000.eaf,eaf,,20211103_114626_022870_1_5817000_5937000.csv,2025-03-18,,42.42.42
eaf/an1,20220720_091357_024879_1.wav,-3418598,2072000,2192000,20220720_091357_024879_1_2072000_2192000.eaf,eaf,,20220720_091357_024879_1_2072000_2192000.csv,2025-03-18,,42.42.42
eaf/an1,20180809_181624_025481.wav,-3418598,2202000,2322000,20180809_181624_025481_2202000_2322000.eaf,eaf,,20180809_181624_025481_2202000_2322000.csv,2025-03-18,,42.42.42
eaf/an1,20230308_094400_045733_2.wav,-3418598,28611000,28731000,20230308_094400_045733_2_28611000_28731000.eaf,eaf,,20230308_094400_045733_2_28611000_28731000.csv,2025-03-18,,42.42.42
eaf/an1,20211019_120823_045733_2.wav,-3418598,48958000,49078000,20211019_120823_045733_2_48958000_49078000.eaf,eaf,,20211019_120823_045733_2_48958000_49078000.csv,2025-03-18,,42.42.42
eaf/an1,20230131_124242_043302_2.wav,-3418598,6620000,6740000,20230131_124242_043302_2_6620000_6740000.eaf,eaf,,20230131_124242_043302_2_6620000_6740000.csv,2025-03-18,,42.42.42
eaf/an1,20181218_132113_024879.wav,-3418598,7296000,7416000,20181218_132113_024879_7296000_7416000.eaf,eaf,,20181218_132113_024879_7296000_7416000.csv,2025-03-18,,42.42.42
eaf/an1,20180530_181655_022873.wav,-3418598,1639000,1759000,20180530_181655_022873_1639000_1759000.eaf,eaf,,20180530_181655_022873_1639000_1759000.csv,2025-03-18,,42.42.42
eaf/an1,20180808_110630_024879.wav,-3418598,7296000,7416000,20180808_110630_024879_7296000_7416000.eaf,eaf,,20180808_110630_024879_7296000_7416000.csv,2025-03-18,,42.42.42
eaf/an1,20201210_142957_025480_2.wav,-3418598,1639000,1759000,20201210_142957_025480_2_1639000_1759000.eaf,eaf,,20201210_142957_025480_2_1639000_1759000.csv,2025-03-18,,42.42.42
eaf/an1,20190618_135122_024883.wav,-3418598,36581000,36701000,20190618_135122_024883_36581000_36701000.eaf,eaf,,20190618_135122_024883_36581000_36701000.csv,2025-03-18,,42.42.42
eaf/an1,20230425_114841_045738_2.wav,-3418598,16289000,16409000,20230425_114841_045738_2_16289000_16409000.eaf,eaf,,20230425_114841_045738_2_16289000_16409000.csv,2025-03-18,,42.42.42
eaf/an1,20220513_113018_024879_2.wav,-3418598,819000,939000,20220513_113018_024879_2_819000_939000.eaf,eaf,,20220513_113018_024879_2_819000_939000.csv,2025-03-18,,42.42.42
eaf/an1,20201210_142957_025480_2.wav,-3418598,18264000,18384000,20201210_142957_025480_2_18264000_18384000.eaf,eaf,,20201210_142957_025480_2_18264000_18384000.csv,2025-03-18,,42.42.42
eaf/an1,20180809_181624_025481.wav,-3418598,1639000,1759000,20180809_181624_025481_1639000_1759000.eaf,eaf,,20180809_181624_025481_1639000_1759000.csv,2025-03-18,,42.42.42
eaf/an1,20221129_154915_045733_1.wav,-3418598,18264000,18384000,20221129_154915_045733_1_18264000_18384000.eaf,eaf,,20221129_154915_045733_1_18264000_18384000.csv,2025-03-18,,42.42.42
eaf/an1,20220805_082527_043300_2.wav,-3418598,7296000,7416000,20220805_082527_043300_2_7296000_7416000.eaf,eaf,,20220805_082527_043300_2_7296000_7416000.csv,2025-03-18,,42.42.42
eaf/an1,20210504_102146_025480_2.wav,-3418598,6837000,6957000,20210504_102146_025480_2_6837000_6957000.eaf,eaf,,20210504_102146_025480_2_6837000_6957000.csv,2025-03-18,,42.42.42
eaf/an1,20210127_103244_024879_1.wav,-3418598,7296000,7416000,20210127_103244_024879_1_7296000_7416000.eaf,eaf,,20210127_103244_024879_1_7296000_7416000.csv,2025-03-18,,42.42.42
eaf/an1,20180808_111213_024881.wav,-3418598,39778000,39898000,20180808_111213_024881_39778000_39898000.eaf,eaf,,20180808_111213_024881_39778000_39898000.csv,2025-03-18,,42.42.42
eaf/an1,20190307_114201_025481.wav,-3418598,6837000,6957000,20190307_114201_025481_6837000_6957000.eaf,eaf,,20190307_114201_025481_6837000_6957000.csv,2025-03-18,,42.42.42
eaf/an1,20230405_090552_045738_2.wav,-3418598,7296000,7416000,20230405_090552_045738_2_7296000_7416000.eaf,eaf,,20230405_090552_045738_2_7296000_7416000.csv,2025-03-18,,42.42.42
eaf/an1,20200312_145204_022874.wav,-3418598,819000,939000,20200312_145204_022874_819000_939000.eaf,eaf,,20200312_145204_022874_819000_939000.csv,2025-03-18,,42.42.42
eaf/an1,20180809_181624_025481.wav,-3418598,41905000,42025000,20180809_181624_025481_41905000_42025000.eaf,eaf,,20180809_181624_025481_41905000_42025000.csv,2025-03-18,,42.42.42
eaf/an1,20200414_130512_024879_2.wav,-3418598,2202000,2322000,20200414_130512_024879_2_2202000_2322000.eaf,eaf,,20200414_130512_024879_2_2202000_2322000.csv,2025-03-18,,42.42.42
eaf/an1,20211022_110857_045737_2.wav,-3418598,39778000,39898000,20211022_110857_045737_2_39778000_39898000.eaf,eaf,,20211022_110857_045737_2_39778000_39898000.csv,2025-03-18,,42.42.42
eaf/an1,20180808_110630_024879.wav,-3418598,18264000,18384000,20180808_110630_024879_18264000_18384000.eaf,eaf,,20180808_110630_024879_18264000_18384000.csv,2025-03-18,,42.42.42
eaf/an1,20230110_120835_024882_2.wav,-3418598,39778000,39898000,20230110_120835_024882_2_39778000_39898000.eaf,eaf,,20230110_120835_024882_2_39778000_39898000.csv,2025-03-18,,42.42.42
eaf/an1,20230308_094400_045733_2.wav,-3418598,6837000,6957000,20230308_094400_045733_2_6837000_6957000.eaf,eaf,,20230308_094400_045733_2_6837000_6957000.csv,2025-03-18,,42.42.42
eaf/an1,20180808_111213_024881.wav,-3418598,9384000,9504000,20180808_111213_024881_9384000_9504000.eaf,eaf,,20180808_111213_024881_9384000_9504000.csv,2025-03-18,,42.42.42
eaf/an1,20210504_102146_025480_2.wav,-3418598,28611000,28731000,20210504_102146_025480_2_28611000_28731000.eaf,eaf,,20210504_102146_025480_2_28611000_28731000.csv,2025-03-18,,42.42.42
eaf/an1,20220805_082527_043300_2.wav,-3418598,9384000,9504000,20220805_082527_043300_2_9384000_9504000.eaf,eaf,,20220805_082527_043300_2_9384000_9504000.csv,2025-03-18,,42.42.42
eaf/an1,20220720_091357_024879_1.wav,-3418598,16289000,16409000,20220720_091357_024879_1_16289000_16409000.eaf,eaf,,20220720_091357_024879_1_16289000_16409000.csv,2025-03-18,,42.42.42
eaf/an1,20230405_090552_045738_2.wav,-3418598,18264000,18384000,20230405_090552_045738_2_18264000_18384000.eaf,eaf,,20230405_090552_045738_2_18264000_18384000.csv,2025-03-18,,42.42.42
eaf/an1,20230405_090552_045738_2.wav,-3418598,48958000,49078000,20230405_090552_045738_2_48958000_49078000.eaf,eaf,,20230405_090552_045738_2_48958000_49078000.csv,2025-03-18,,42.42.42
eaf/an1,20230228_124411_043305_2.wav,-3418598,14868000,14988000,20230228_124411_043305_2_14868000_14988000.eaf,eaf,,20230228_124411_043305_2_14868000_14988000.csv,2025-03-18,,42.42.42
eaf/an1,20191004_125707_025480_2.wav,-3418598,409000,529000,20191004_125707_025480_2_409000_529000.eaf,eaf,,20191004_125707_025480_2_409000_529000.csv,2025-03-18,,42.42.42
eaf/an1,20230208_103250_043299_1.wav,-3418598,36581000,36701000,20230208_103250_043299_1_36581000_36701000.eaf,eaf,,20230208_103250_043299_1_36581000_36701000.csv,2025-03-18,,42.42.42
eaf/an1,20221129_154915_045733_1.wav,-3418598,9384000,9504000,20221129_154915_045733_1_9384000_9504000.eaf,eaf,,20221129_154915_045733_1_9384000_9504000.csv,2025-03-18,,42.42.42
eaf/an1,20201104_094551_024882_1.wav,-3418598,14868000,14988000,20201104_094551_024882_1_14868000_14988000.eaf,eaf,,20201104_094551_024882_1_14868000_14988000.csv,2025-03-18,,42.42.42
eaf/an1,20190828_145547_024884_2.wav,-3418598,39778000,39898000,20190828_145547_024884_2_39778000_39898000.eaf,eaf,,20190828_145547_024884_2_39778000_39898000.csv,2025-03-18,,42.42.42
eaf/an1,20230208_103250_043299_1.wav,-3418598,48958000,49078000,20230208_103250_043299_1_48958000_49078000.eaf,eaf,,20230208_103250_043299_1_48958000_49078000.csv,2025-03-18,,42.42.42
eaf/an1,20231025_115855_045737_2.wav,-3418598,6620000,6740000,20231025_115855_045737_2_6620000_6740000.eaf,eaf,,20231025_115855_045737_2_6620000_6740000.csv,2025-03-18,,42.42.42
eaf/an1,20190307_114201_025481.wav,-3418598,7296000,7416000,20190307_114201_025481_7296000_7416000.eaf,eaf,,20190307_114201_025481_7296000_7416000.csv,2025-03-18,,42.42.42
eaf/an1,20220720_091357_024879_1.wav,-3418598,36581000,36701000,20220720_091357_024879_1_36581000_36701000.eaf,eaf,,20220720_091357_024879_1_36581000_36701000.csv,2025-03-18,,42.42.42
eaf/an1,20180906_131431_024882.wav,-3418598,41905000,42025000,20180906_131431_024882_41905000_42025000.eaf,eaf,,20180906_131431_024882_41905000_42025000.csv,2025-03-18,,42.42.42
eaf/an1,20230131_124242_043302_2.wav,-3418598,16289000,16409000,20230131_124242_043302_2_16289000_16409000.eaf,eaf,,20230131_124242_043302_2_16289000_16409000.csv,2025-03-18,,42.42.42
eaf/an1,20200414_125938_024878_2.wav,-3418598,9384000,9504000,20200414_125938_024878_2_9384000_9504000.eaf,eaf,,20200414_125938_024878_2_9384000_9504000.csv,2025-03-18,,42.42.42
eaf/an1,20211022_110857_045737_2.wav,-3418598,6837000,6957000,20211022_110857_045737_2_6837000_6957000.eaf,eaf,,20211022_110857_045737_2_6837000_6957000.csv,2025-03-18,,42.42.42
eaf/an1,20211019_120823_045733_2.wav,-3418598,49860000,49980000,20211019_120823_045733_2_49860000_49980000.eaf,eaf,,20211019_120823_045733_2_49860000_49980000.csv,2025-03-18,,42.42.42
eaf/an1,20180808_111213_024881.wav,-3418598,2202000,2322000,20180808_111213_024881_2202000_2322000.eaf,eaf,,20180808_111213_024881_2202000_2322000.csv,2025-03-18,,42.42.42
eaf/an1,20180906_131431_024882.wav,-3418598,9384000,9504000,20180906_131431_024882_9384000_9504000.eaf,eaf,,20180906_131431_024882_9384000_9504000.csv,2025-03-18,,42.42.42
eaf/an1,20221018_135301_043300_4.wav,-3418598,14868000,14988000,20221018_135301_043300_4_14868000_14988000.eaf,eaf,,20221018_135301_043300_4_14868000_14988000.csv,2025-03-18,,42.42.42
eaf/an1,20200312_145204_022874.wav,-3418598,8102000,8222000,20200312_145204_022874_8102000_8222000.eaf,eaf,,20200312_145204_022874_8102000_8222000.csv,2025-03-18,,42.42.42
eaf/an1,20231025_115855_045737_2.wav,-3418598,36581000,36701000,20231025_115855_045737_2_36581000_36701000.eaf,eaf,,20231025_115855_045737_2_36581000_36701000.csv,2025-03-18,,42.42.42
eaf/an1,20210624_093317_024883_2.wav,-3418598,5817000,5937000,20210624_093317_024883_2_5817000_5937000.eaf,eaf,,20210624_093317_024883_2_5817000_5937000.csv,2025-03-18,,42.42.42
eaf/an1,20230308_094400_045733_2.wav,-3418598,7296000,7416000,20230308_094400_045733_2_7296000_7416000.eaf,eaf,,20230308_094400_045733_2_7296000_7416000.csv,2025-03-18,,42.42.42
eaf/an1,20220712_113417_045737_3.wav,-3418598,14868000,14988000,20220712_113417_045737_3_14868000_14988000.eaf,eaf,,20220712_113417_045737_3_14868000_14988000.csv,2025-03-18,,42.42.42
eaf/an1,20190307_091344_022872.wav,-3418598,16289000,16409000,20190307_091344_022872_16289000_16409000.eaf,eaf,,20190307_091344_022872_16289000_16409000.csv,2025-03-18,,42.42.42
eaf/an1,20190618_135122_024883.wav,-3418598,14868000,14988000,20190618_135122_024883_14868000_14988000.eaf,eaf,,20190618_135122_024883_14868000_14988000.csv,2025-03-18,,42.42.42
eaf/an1,20231025_115855_045737_2.wav,-3418598,28611000,28731000,20231025_115855_045737_2_28611000_28731000.eaf,eaf,,20231025_115855_045737_2_28611000_28731000.csv,2025-03-18,,42.42.42
eaf/an1,20200414_130512_024879_2.wav,-3418598,9384000,9504000,20200414_130512_024879_2_9384000_9504000.eaf,eaf,,20200414_130512_024879_2_9384000_9504000.csv,2025-03-18,,42.42.42
eaf/an1,20180530_181655_022873.wav,-3418598,28611000,28731000,20180530_181655_022873_28611000_28731000.eaf,eaf,,20180530_181655_022873_28611000_28731000.csv,2025-03-18,,42.42.42
eaf/an1,20180530_181655_022873.wav,-3418598,16289000,16409000,20180530_181655_022873_16289000_16409000.eaf,eaf,,20180530_181655_022873_16289000_16409000.csv,2025-03-18,,42.42.42
eaf/an1,20230308_093128_024882_2.wav,-3418598,9384000,9504000,20230308_093128_024882_2_9384000_9504000.eaf,eaf,,20230308_093128_024882_2_9384000_9504000.csv,2025-03-18,,42.42.42
eaf/an1,20230208_103250_043299_1.wav,-3418598,18264000,18384000,20230208_103250_043299_1_18264000_18384000.eaf,eaf,,20230208_103250_043299_1_18264000_18384000.csv,2025-03-18,,42.42.42
eaf/an1,20201210_142957_025480_2.wav,-3418598,28611000,28731000,20201210_142957_025480_2_28611000_28731000.eaf,eaf,,20201210_142957_025480_2_28611000_28731000.csv,2025-03-18,,42.42.42
eaf/an1,20220711_142955_024883_2.wav,-3418598,41905000,42025000,20220711_142955_024883_2_41905000_42025000.eaf,eaf,,20220711_142955_024883_2_41905000_42025000.csv,2025-03-18,,42.42.42
eaf/an1,20230405_090552_045738_2.wav,-3418598,16289000,16409000,20230405_090552_045738_2_16289000_16409000.eaf,eaf,,20230405_090552_045738_2_16289000_16409000.csv,2025-03-18,,42.42.42
eaf/an1,20230110_120835_024882_2.wav,-3418598,2202000,2322000,20230110_120835_024882_2_2202000_2322000.eaf,eaf,,20230110_120835_024882_2_2202000_2322000.csv,2025-03-18,,42.42.42
eaf/an1,20181218_132113_024879.wav,-3418598,9384000,9504000,20181218_132113_024879_9384000_9504000.eaf,eaf,,20181218_132113_024879_9384000_9504000.csv,2025-03-18,,42.42.42
eaf/an1,20230308_093128_024882_2.wav,-3418598,36581000,36701000,20230308_093128_024882_2_36581000_36701000.eaf,eaf,,20230308_093128_024882_2_36581000_36701000.csv,2025-03-18,,42.42.42
eaf/an1,20221018_135301_043300_4.wav,-3418598,15408000,15528000,20221018_135301_043300_4_15408000_15528000.eaf,eaf,,20221018_135301_043300_4_15408000_15528000.csv,2025-03-18,,42.42.42
eaf/an1,20220720_091357_024879_1.wav,-3418598,9384000,9504000,20220720_091357_024879_1_9384000_9504000.eaf,eaf,,20220720_091357_024879_1_9384000_9504000.csv,2025-03-18,,42.42.42
eaf/an1,20210414_211244_024882_1.wav,-3418598,49225000,49345000,20210414_211244_024882_1_49225000_49345000.eaf,eaf,,20210414_211244_024882_1_49225000_49345000.csv,2025-03-18,,42.42.42
eaf/an1,20220720_091357_024879_1.wav,-3418598,1639000,1759000,20220720_091357_024879_1_1639000_1759000.eaf,eaf,,20220720_091357_024879_1_1639000_1759000.csv,2025-03-18,,42.42.42
eaf/an1,20180906_131431_024882.wav,-3418598,48958000,49078000,20180906_131431_024882_48958000_49078000.eaf,eaf,,20180906_131431_024882_48958000_49078000.csv,2025-03-18,,42.42.42
eaf/an1,20190618_135122_024883.wav,-3418598,49225000,49345000,20190618_135122_024883_49225000_49345000.eaf,eaf,,20190618_135122_024883_49225000_49345000.csv,2025-03-18,,42.42.42
eaf/an1,20211019_120823_045733_2.wav,-3418598,1639000,1759000,20211019_120823_045733_2_1639000_1759000.eaf,eaf,,20211019_120823_045733_2_1639000_1759000.csv,2025-03-18,,42.42.42
eaf/an1,20230131_124242_043302_2.wav,-3418598,2202000,2322000,20230131_124242_043302_2_2202000_2322000.eaf,eaf,,20230131_124242_043302_2_2202000_2322000.csv,2025-03-18,,42.42.42
eaf/an1,20220711_142955_024883_2.wav,-3418598,45308000,45428000,20220711_142955_024883_2_45308000_45428000.eaf,eaf,,20220711_142955_024883_2_45308000_45428000.csv,2025-03-18,,42.42.42
eaf/an1,20201104_094551_024882_1.wav,-3418598,5817000,5937000,20201104_094551_024882_1_5817000_5937000.eaf,eaf,,20201104_094551_024882_1_5817000_5937000.csv,2025-03-18,,42.42.42
eaf/an1,20180906_133202_022870.wav,-3418598,16289000,16409000,20180906_133202_022870_16289000_16409000.eaf,eaf,,20180906_133202_022870_16289000_16409000.csv,2025-03-18,,42.42.42
eaf/an1,20221018_135301_043300_4.wav,-3418598,5817000,5937000,20221018_135301_043300_4_5817000_5937000.eaf,eaf,,20221018_135301_043300_4_5817000_5937000.csv,2025-03-18,,42.42.42
eaf/an1,20220728_144904_024880_2.wav,-3418598,2072000,2192000,20220728_144904_024880_2_2072000_2192000.eaf,eaf,,20220728_144904_024880_2_2072000_2192000.csv,2025-03-18,,42.42.42
eaf/an1,20190819_210318_025481_2.wav,-3418598,9384000,9504000,20190819_210318_025481_2_9384000_9504000.eaf,eaf,,20190819_210318_025481_2_9384000_9504000.csv,2025-03-18,,42.42.42
eaf/an1,20210127_103244_024879_1.wav,-3418598,39778000,39898000,20210127_103244_024879_1_39778000_39898000.eaf,eaf,,20210127_103244_024879_1_39778000_39898000.csv,2025-03-18,,42.42.42
eaf/an1,20180808_110630_024879.wav,-3418598,5817000,5937000,20180808_110630_024879_5817000_5937000.eaf,eaf,,20180808_110630_024879_5817000_5937000.csv,2025-03-18,,42.42.42
eaf/an1,20211019_120823_045733_2.wav,-3418598,6837000,6957000,20211019_120823_045733_2_6837000_6957000.eaf,eaf,,20211019_120823_045733_2_6837000_6957000.csv,2025-03-18,,42.42.42
eaf/an1,20190307_114201_025481.wav,-3418598,15408000,15528000,20190307_114201_025481_15408000_15528000.eaf,eaf,,20190307_114201_025481_15408000_15528000.csv,2025-03-18,,42.42.42
eaf/an1,20210414_211244_024882_1.wav,-3418598,36581000,36701000,20210414_211244_024882_1_36581000_36701000.eaf,eaf,,20210414_211244_024882_1_36581000_36701000.csv,2025-03-18,,42.42.42
eaf/an1,20220728_144904_024880_2.wav,-3418598,2202000,2322000,20220728_144904_024880_2_2202000_2322000.eaf,eaf,,20220728_144904_024880_2_2202000_2322000.csv,2025-03-18,,42.42.42
eaf/an1,20220731_113759_045737_2.wav,-3418598,16289000,16409000,20220731_113759_045737_2_16289000_16409000.eaf,eaf,,20220731_113759_045737_2_16289000_16409000.csv,2025-03-18,,42.42.42
eaf/an1,20230110_120835_024882_2.wav,-3418598,6620000,6740000,20230110_120835_024882_2_6620000_6740000.eaf,eaf,,20230110_120835_024882_2_6620000_6740000.csv,2025-03-18,,42.42.42
eaf/an1,20230208_103250_043299_1.wav,-3418598,9384000,9504000,20230208_103250_043299_1_9384000_9504000.eaf,eaf,,20230208_103250_043299_1_9384000_9504000.csv,2025-03-18,,42.42.42
eaf/an1,20220720_091357_024879_1.wav,-3418598,41905000,42025000,20220720_091357_024879_1_41905000_42025000.eaf,eaf,,20220720_091357_024879_1_41905000_42025000.csv,2025-03-18,,42.42.42
eaf/an1,20180906_131431_024882.wav,-3418598,6837000,6957000,20180906_131431_024882_6837000_6957000.eaf,eaf,,20180906_131431_024882_6837000_6957000.csv,2025-03-18,,42.42.42
eaf/an1,20190828_145547_024884_2.wav,-3418598,7296000,7416000,20190828_145547_024884_2_7296000_7416000.eaf,eaf,,20190828_145547_024884_2_7296000_7416000.csv,2025-03-18,,42.42.42
eaf/an1,20180906_133202_022870.wav,-3418598,6837000,6957000,20180906_133202_022870_6837000_6957000.eaf,eaf,,20180906_133202_022870_6837000_6957000.csv,2025-03-18,,42.42.42
eaf/an1,20230405_090552_045738_2.wav,-3418598,14868000,14988000,20230405_090552_045738_2_14868000_14988000.eaf,eaf,,20230405_090552_045738_2_14868000_14988000.csv,2025-03-18,,42.42.42
eaf/an1,20190819_210318_025481_2.wav,-3418598,39778000,39898000,20190819_210318_025481_2_39778000_39898000.eaf,eaf,,20190819_210318_025481_2_39778000_39898000.csv,2025-03-18,,42.42.42
eaf/an1,20210127_103244_024879_1.wav,-3418598,5817000,5937000,20210127_103244_024879_1_5817000_5937000.eaf,eaf,,20210127_103244_024879_1_5817000_5937000.csv,2025-03-18,,42.42.42
eaf/an1,20211022_110857_045737_2.wav,-3418598,5817000,5937000,20211022_110857_045737_2_5817000_5937000.eaf,eaf,,20211022_110857_045737_2_5817000_5937000.csv,2025-03-18,,42.42.42
eaf/an1,20220726_115556_024883_2.wav,-3418598,6837000,6957000,20220726_115556_024883_2_6837000_6957000.eaf,eaf,,20220726_115556_024883_2_6837000_6957000.csv,2025-03-18,,42.42.42
eaf/an1,20220731_113759_045737_2.wav,-3418598,1639000,1759000,20220731_113759_045737_2_1639000_1759000.eaf,eaf,,20220731_113759_045737_2_1639000_1759000.csv,2025-03-18,,42.42.42
eaf/an1,20230308_093128_024882_2.wav,-3418598,1639000,1759000,20230308_093128_024882_2_1639000_1759000.eaf,eaf,,20230308_093128_024882_2_1639000_1759000.csv,2025-03-18,,42.42.42
eaf/an1,20180808_111213_024881.wav,-3418598,14868000,14988000,20180808_111213_024881_14868000_14988000.eaf,eaf,,20180808_111213_024881_14868000_14988000.csv,2025-03-18,,42.42.42
eaf/an1,20221018_135301_043300_4.wav,-3418598,39778000,39898000,20221018_135301_043300_4_39778000_39898000.eaf,eaf,,20221018_135301_043300_4_39778000_39898000.csv,2025-03-18,,42.42.42
eaf/an1,20221018_135301_043300_4.wav,-3418598,28611000,28731000,20221018_135301_043300_4_28611000_28731000.eaf,eaf,,20221018_135301_043300_4_28611000_28731000.csv,2025-03-18,,42.42.42
eaf/an1,20210318_114924_043305_2.wav,-3418598,41905000,42025000,20210318_114924_043305_2_41905000_42025000.eaf,eaf,,20210318_114924_043305_2_41905000_42025000.csv,2025-03-18,,42.42.42
eaf/an1,20201104_094551_024882_1.wav,-3418598,9384000,9504000,20201104_094551_024882_1_9384000_9504000.eaf,eaf,,20201104_094551_024882_1_9384000_9504000.csv,2025-03-18,,42.42.42
eaf/an1,20221018_135301_043300_4.wav,-3418598,36581000,36701000,20221018_135301_043300_4_36581000_36701000.eaf,eaf,,20221018_135301_043300_4_36581000_36701000.csv,2025-03-18,,42.42.42
eaf/an1,20230308_093128_024882_2.wav,-3418598,16289000,16409000,20230308_093128_024882_2_16289000_16409000.eaf,eaf,,20230308_093128_024882_2_16289000_16409000.csv,2025-03-18,,42.42.42
eaf/an1,20190819_210318_025481_2.wav,-3418598,41905000,42025000,20190819_210318_025481_2_41905000_42025000.eaf,eaf,,20190819_210318_025481_2_41905000_42025000.csv,2025-03-18,,42.42.42
eaf/an1,20220731_113759_045737_2.wav,-3418598,6837000,6957000,20220731_113759_045737_2_6837000_6957000.eaf,eaf,,20220731_113759_045737_2_6837000_6957000.csv,2025-03-18,,42.42.42
eaf/an1,20221129_154915_045733_1.wav,-3418598,16289000,16409000,20221129_154915_045733_1_16289000_16409000.eaf,eaf,,20221129_154915_045733_1_16289000_16409000.csv,2025-03-18,,42.42.42
eaf/an1,20220513_113018_024879_2.wav,-3418598,7554000,7674000,20220513_113018_024879_2_7554000_7674000.eaf,eaf,,20220513_113018_024879_2_7554000_7674000.csv,2025-03-18,,42.42.42
eaf/an1,20180530_181655_022873.wav,-3418598,6837000,6957000,20180530_181655_022873_6837000_6957000.eaf,eaf,,20180530_181655_022873_6837000_6957000.csv,2025-03-18,,42.42.42
eaf/an1,20201104_094551_024882_1.wav,-3418598,36581000,36701000,20201104_094551_024882_1_36581000_36701000.eaf,eaf,,20201104_094551_024882_1_36581000_36701000.csv,2025-03-18,,42.42.42
eaf/an1,20230208_103250_043299_1.wav,-3418598,45308000,45428000,20230208_103250_043299_1_45308000_45428000.eaf,eaf,,20230208_103250_043299_1_45308000_45428000.csv,2025-03-18,,42.42.42
eaf/an1,20220712_113417_045737_3.wav,-3418598,9384000,9504000,20220712_113417_045737_3_9384000_9504000.eaf,eaf,,20220712_113417_045737_3_9384000_9504000.csv,2025-03-18,,42.42.42
eaf/an1,20230208_103250_043299_1.wav,-3418598,1639000,1759000,20230208_103250_043299_1_1639000_1759000.eaf,eaf,,20230208_103250_043299_1_1639000_1759000.csv,2025-03-18,,42.42.42
eaf/an1,20220726_115556_024883_2.wav,-3418598,18264000,18384000,20220726_115556_024883_2_18264000_18384000.eaf,eaf,,20220726_115556_024883_2_18264000_18384000.csv,2025-03-18,,42.42.42
eaf/an1,20230301_083834_024880_2.wav,-3418598,1639000,1759000,20230301_083834_024880_2_1639000_1759000.eaf,eaf,,20230301_083834_024880_2_1639000_1759000.csv,2025-03-18,,42.42.42
eaf/an1,20190828_145547_024884_2.wav,-3418598,16289000,16409000,20190828_145547_024884_2_16289000_16409000.eaf,eaf,,20190828_145547_024884_2_16289000_16409000.csv,2025-03-18,,42.42.42
eaf/an1,20210127_103244_024879_1.wav,-3418598,48958000,49078000,20210127_103244_024879_1_48958000_49078000.eaf,eaf,,20210127_103244_024879_1_48958000_49078000.csv,2025-03-18,,42.42.42
eaf/an1,20210624_093317_024883_2.wav,-3418598,28611000,28731000,20210624_093317_024883_2_28611000_28731000.eaf,eaf,,20210624_093317_024883_2_28611000_28731000.csv,2025-03-18,,42.42.42
eaf/an1,20200414_125938_024878_2.wav,-3418598,1859000,1979000,20200414_125938_024878_2_1859000_1979000.eaf,eaf,,20200414_125938_024878_2_1859000_1979000.csv,2025-03-18,,42.42.42
eaf/an1,20211022_110857_045737_2.wav,-3418598,18264000,18384000,20211022_110857_045737_2_18264000_18384000.eaf,eaf,,20211022_110857_045737_2_18264000_18384000.csv,2025-03-18,,42.42.42
eaf/an1,20221018_135301_043300_4.wav,-3418598,7296000,7416000,20221018_135301_043300_4_7296000_7416000.eaf,eaf,,20221018_135301_043300_4_7296000_7416000.csv,2025-03-18,,42.42.42
eaf/an1,20200312_145204_022874.wav,-3418598,5911000,6031000,20200312_145204_022874_5911000_6031000.eaf,eaf,,20200312_145204_022874_5911000_6031000.csv,2025-03-18,,42.42.42
eaf/an1,20200414_130512_024879_2.wav,-3418598,41905000,42025000,20200414_130512_024879_2_41905000_42025000.eaf,eaf,,20200414_130512_024879_2_41905000_42025000.csv,2025-03-18,,42.42.42
eaf/an1,20200414_125938_024878_2.wav,-3418598,18264000,18384000,20200414_125938_024878_2_18264000_18384000.eaf,eaf,,20200414_125938_024878_2_18264000_18384000.csv,2025-03-18,,42.42.42
eaf/an1,20220731_113759_045737_2.wav,-3418598,7296000,7416000,20220731_113759_045737_2_7296000_7416000.eaf,eaf,,20220731_113759_045737_2_7296000_7416000.csv,2025-03-18,,42.42.42
eaf/an1,20200414_130512_024879_2.wav,-3418598,39778000,39898000,20200414_130512_024879_2_39778000_39898000.eaf,eaf,,20200414_130512_024879_2_39778000_39898000.csv,2025-03-18,,42.42.42
eaf/an1,20211019_120823_045733_2.wav,-3418598,49225000,49345000,20211019_120823_045733_2_49225000_49345000.eaf,eaf,,20211019_120823_045733_2_49225000_49345000.csv,2025-03-18,,42.42.42
eaf/an1,20220805_082527_043300_2.wav,-3418598,2202000,2322000,20220805_082527_043300_2_2202000_2322000.eaf,eaf,,20220805_082527_043300_2_2202000_2322000.csv,2025-03-18,,42.42.42
eaf/an1,20211019_120823_045733_2.wav,-3418598,41905000,42025000,20211019_120823_045733_2_41905000_42025000.eaf,eaf,,20211019_120823_045733_2_41905000_42025000.csv,2025-03-18,,42.42.42
eaf/an1,20210318_114509_043298.wav,-3418598,5817000,5937000,20210318_114509_043298_5817000_5937000.eaf,eaf,,20210318_114509_043298_5817000_5937000.csv,2025-03-18,,42.42.42
eaf/an1,20190819_210318_025481_2.wav,-3418598,6837000,6957000,20190819_210318_025481_2_6837000_6957000.eaf,eaf,,20190819_210318_025481_2_6837000_6957000.csv,2025-03-18,,42.42.42
eaf/an1,20180906_131431_024882.wav,-3418598,39778000,39898000,20180906_131431_024882_39778000_39898000.eaf,eaf,,20180906_131431_024882_39778000_39898000.csv,2025-03-18,,42.42.42
eaf/an1,20230110_120835_024882_2.wav,-3418598,15408000,15528000,20230110_120835_024882_2_15408000_15528000.eaf,eaf,,20230110_120835_024882_2_15408000_15528000.csv,2025-03-18,,42.42.42
eaf/an1,20190618_135122_024883.wav,-3418598,41905000,42025000,20190618_135122_024883_41905000_42025000.eaf,eaf,,20190618_135122_024883_41905000_42025000.csv,2025-03-18,,42.42.42
eaf/an1,20230110_120835_024882_2.wav,-3418598,14868000,14988000,20230110_120835_024882_2_14868000_14988000.eaf,eaf,,20230110_120835_024882_2_14868000_14988000.csv,2025-03-18,,42.42.42
eaf/an1,20211103_114626_022870_1.wav,-3418598,39778000,39898000,20211103_114626_022870_1_39778000_39898000.eaf,eaf,,20211103_114626_022870_1_39778000_39898000.csv,2025-03-18,,42.42.42
eaf/an1,20210318_114509_043298.wav,-3418598,45308000,45428000,20210318_114509_043298_45308000_45428000.eaf,eaf,,20210318_114509_043298_45308000_45428000.csv,2025-03-18,,42.42.42
eaf/an1,20190618_135122_024883.wav,-3418598,6837000,6957000,20190618_135122_024883_6837000_6957000.eaf,eaf,,20190618_135122_024883_6837000_6957000.csv,2025-03-18,,42.42.42
eaf/an1,20200312_145204_022874.wav,-3418598,2968000,3088000,20200312_145204_022874_2968000_3088000.eaf,eaf,,20200312_145204_022874_2968000_3088000.csv,2025-03-18,,42.42.42
eaf/an1,20220726_115556_024883_2.wav,-3418598,28611000,28731000,20220726_115556_024883_2_28611000_28731000.eaf,eaf,,20220726_115556_024883_2_28611000_28731000.csv,2025-03-18,,42.42.42
eaf/an1,20220728_144904_024880_2.wav,-3418598,14868000,14988000,20220728_144904_024880_2_14868000_14988000.eaf,eaf,,20220728_144904_024880_2_14868000_14988000.csv,2025-03-18,,42.42.42
eaf/an1,20201210_142957_025480_2.wav,-3418598,16289000,16409000,20201210_142957_025480_2_16289000_16409000.eaf,eaf,,20201210_142957_025480_2_16289000_16409000.csv,2025-03-18,,42.42.42
eaf/an1,20210414_211244_024882_1.wav,-3418598,16289000,16409000,20210414_211244_024882_1_16289000_16409000.eaf,eaf,,20210414_211244_024882_1_16289000_16409000.csv,2025-03-18,,42.42.42
eaf/an1,20200414_130512_024879_2.wav,-3418598,16289000,16409000,20200414_130512_024879_2_16289000_16409000.eaf,eaf,,20200414_130512_024879_2_16289000_16409000.csv,2025-03-18,,42.42.42
eaf/an1,20230110_120835_024882_2.wav,-3418598,18264000,18384000,20230110_120835_024882_2_18264000_18384000.eaf,eaf,,20230110_120835_024882_2_18264000_18384000.csv,2025-03-18,,42.42.42
eaf/an1,20180906_131431_024882.wav,-3418598,5817000,5937000,20180906_131431_024882_5817000_5937000.eaf,eaf,,20180906_131431_024882_5817000_5937000.csv,2025-03-18,,42.42.42
eaf/an1,20190828_145547_024884_2.wav,-3418598,2072000,2192000,20190828_145547_024884_2_2072000_2192000.eaf,eaf,,20190828_145547_024884_2_2072000_2192000.csv,2025-03-18,,42.42.42
eaf/an1,20190307_114201_025481.wav,-3418598,5817000,5937000,20190307_114201_025481_5817000_5937000.eaf,eaf,,20190307_114201_025481_5817000_5937000.csv,2025-03-18,,42.42.42
eaf/an1,20230301_083834_024880_2.wav,-3418598,15408000,15528000,20230301_083834_024880_2_15408000_15528000.eaf,eaf,,20230301_083834_024880_2_15408000_15528000.csv,2025-03-18,,42.42.42
eaf/an1,20180808_111213_024881.wav,-3418598,6837000,6957000,20180808_111213_024881_6837000_6957000.eaf,eaf,,20180808_111213_024881_6837000_6957000.csv,2025-03-18,,42.42.42
eaf/an1,20190819_210318_025481_2.wav,-3418598,5817000,5937000,20190819_210318_025481_2_5817000_5937000.eaf,eaf,,20190819_210318_025481_2_5817000_5937000.csv,2025-03-18,,42.42.42
eaf/an1,20200312_145204_022874.wav,-3418598,3478000,3598000,20200312_145204_022874_3478000_3598000.eaf,eaf,,20200312_145204_022874_3478000_3598000.csv,2025-03-18,,42.42.42
eaf/an1,20230308_094400_045733_2.wav,-3418598,2072000,2192000,20230308_094400_045733_2_2072000_2192000.eaf,eaf,,20230308_094400_045733_2_2072000_2192000.csv,2025-03-18,,42.42.42
eaf/an1,20220711_142955_024883_2.wav,-3418598,14868000,14988000,20220711_142955_024883_2_14868000_14988000.eaf,eaf,,20220711_142955_024883_2_14868000_14988000.csv,2025-03-18,,42.42.42
eaf/an1,20220726_115556_024883_2.wav,-3418598,5817000,5937000,20220726_115556_024883_2_5817000_5937000.eaf,eaf,,20220726_115556_024883_2_5817000_5937000.csv,2025-03-18,,42.42.42
eaf/an1,20190307_114201_025481.wav,-3418598,36581000,36701000,20190307_114201_025481_36581000_36701000.eaf,eaf,,20190307_114201_025481_36581000_36701000.csv,2025-03-18,,42.42.42
eaf/an1,20210414_211244_024882_1.wav,-3418598,39778000,39898000,20210414_211244_024882_1_39778000_39898000.eaf,eaf,,20210414_211244_024882_1_39778000_39898000.csv,2025-03-18,,42.42.42
eaf/an1,20230308_094400_045733_2.wav,-3418598,39778000,39898000,20230308_094400_045733_2_39778000_39898000.eaf,eaf,,20230308_094400_045733_2_39778000_39898000.csv,2025-03-18,,42.42.42
eaf/an1,20190828_145547_024884_2.wav,-3418598,9384000,9504000,20190828_145547_024884_2_9384000_9504000.eaf,eaf,,20190828_145547_024884_2_9384000_9504000.csv,2025-03-18,,42.42.42
eaf/an1,20180906_133202_022870.wav,-3418598,28611000,28731000,20180906_133202_022870_28611000_28731000.eaf,eaf,,20180906_133202_022870_28611000_28731000.csv,2025-03-18,,42.42.42
eaf/an1,20200414_125938_024878_2.wav,-3418598,5817000,5937000,20200414_125938_024878_2_5817000_5937000.eaf,eaf,,20200414_125938_024878_2_5817000_5937000.csv,2025-03-18,,42.42.42
eaf/an1,20230208_103250_043299_1.wav,-3418598,49860000,49980000,20230208_103250_043299_1_49860000_49980000.eaf,eaf,,20230208_103250_043299_1_49860000_49980000.csv,2025-03-18,,42.42.42
eaf/an1,20210318_114509_043298.wav,-3418598,1639000,1759000,20210318_114509_043298_1639000_1759000.eaf,eaf,,20210318_114509_043298_1639000_1759000.csv,2025-03-18,,42.42.42
eaf/an1,20211019_120823_045733_2.wav,-3418598,5817000,5937000,20211019_120823_045733_2_5817000_5937000.eaf,eaf,,20211019_120823_045733_2_5817000_5937000.csv,2025-03-18,,42.42.42
eaf/an1,20211103_114626_022870_1.wav,-3418598,14868000,14988000,20211103_114626_022870_1_14868000_14988000.eaf,eaf,,20211103_114626_022870_1_14868000_14988000.csv,2025-03-18,,42.42.42
eaf/an1,20191004_125707_025480_2.wav,-3418598,15937000,16057000,20191004_125707_025480_2_15937000_16057000.eaf,eaf,,20191004_125707_025480_2_15937000_16057000.csv,2025-03-18,,42.42.42
eaf/an1,20220829_105740_024880_2.wav,-3418598,45308000,45428000,20220829_105740_024880_2_45308000_45428000.eaf,eaf,,20220829_105740_024880_2_45308000_45428000.csv,2025-03-18,,42.42.42
eaf/an1,20180809_181624_025481.wav,-3418598,5817000,5937000,20180809_181624_025481_5817000_5937000.eaf,eaf,,20180809_181624_025481_5817000_5937000.csv,2025-03-18,,42.42.42
eaf/an1,20191004_125707_025480_2.wav,-3418598,2406000,2526000,20191004_125707_025480_2_2406000_2526000.eaf,eaf,,20191004_125707_025480_2_2406000_2526000.csv,2025-03-18,,42.42.42
eaf/an1,20201104_094551_024882_1.wav,-3418598,7296000,7416000,20201104_094551_024882_1_7296000_7416000.eaf,eaf,,20201104_094551_024882_1_7296000_7416000.csv,2025-03-18,,42.42.42
eaf/an1,20220731_113759_045737_2.wav,-3418598,18264000,18384000,20220731_113759_045737_2_18264000_18384000.eaf,eaf,,20220731_113759_045737_2_18264000_18384000.csv,2025-03-18,,42.42.42
eaf/an1,20220726_115556_024883_2.wav,-3418598,14868000,14988000,20220726_115556_024883_2_14868000_14988000.eaf,eaf,,20220726_115556_024883_2_14868000_14988000.csv,2025-03-18,,42.42.42
eaf/an1,20210318_114509_043298.wav,-3418598,6837000,6957000,20210318_114509_043298_6837000_6957000.eaf,eaf,,20210318_114509_043298_6837000_6957000.csv,2025-03-18,,42.42.42
eaf/an1,20201104_094551_024882_1.wav,-3418598,39778000,39898000,20201104_094551_024882_1_39778000_39898000.eaf,eaf,,20201104_094551_024882_1_39778000_39898000.csv,2025-03-18,,42.42.42
eaf/an1,20211022_110857_045737_2.wav,-3418598,45308000,45428000,20211022_110857_045737_2_45308000_45428000.eaf,eaf,,20211022_110857_045737_2_45308000_45428000.csv,2025-03-18,,42.42.42
eaf/an1,20191004_125707_025480_2.wav,-3418598,12389000,12509000,20191004_125707_025480_2_12389000_12509000.eaf,eaf,,20191004_125707_025480_2_12389000_12509000.csv,2025-03-18,,42.42.42
eaf/an1,20180530_181655_022873.wav,-3418598,36581000,36701000,20180530_181655_022873_36581000_36701000.eaf,eaf,,20180530_181655_022873_36581000_36701000.csv,2025-03-18,,42.42.42
eaf/an1,20190618_135122_024883.wav,-3418598,1639000,1759000,20190618_135122_024883_1639000_1759000.eaf,eaf,,20190618_135122_024883_1639000_1759000.csv,2025-03-18,,42.42.42
eaf/an1,20190819_210318_025481_2.wav,-3418598,2072000,2192000,20190819_210318_025481_2_2072000_2192000.eaf,eaf,,20190819_210318_025481_2_2072000_2192000.csv,2025-03-18,,42.42.42
eaf/an1,20180808_111213_024881.wav,-3418598,36581000,36701000,20180808_111213_024881_36581000_36701000.eaf,eaf,,20180808_111213_024881_36581000_36701000.csv,2025-03-18,,42.42.42
eaf/an1,20190828_145547_024884_2.wav,-3418598,36581000,36701000,20190828_145547_024884_2_36581000_36701000.eaf,eaf,,20190828_145547_024884_2_36581000_36701000.csv,2025-03-18,,42.42.42
eaf/an1,20190307_114201_025481.wav,-3418598,28611000,28731000,20190307_114201_025481_28611000_28731000.eaf,eaf,,20190307_114201_025481_28611000_28731000.csv,2025-03-18,,42.42.42
eaf/an1,20220513_113018_024879_2.wav,-3418598,25092000,25212000,20220513_113018_024879_2_25092000_25212000.eaf,eaf,,20220513_113018_024879_2_25092000_25212000.csv,2025-03-18,,42.42.42
eaf/an1,20220712_113417_045737_3.wav,-3418598,2202000,2322000,20220712_113417_045737_3_2202000_2322000.eaf,eaf,,20220712_113417_045737_3_2202000_2322000.csv,2025-03-18,,42.42.42
eaf/an1,20220731_113759_045737_2.wav,-3418598,2202000,2322000,20220731_113759_045737_2_2202000_2322000.eaf,eaf,,20220731_113759_045737_2_2202000_2322000.csv,2025-03-18,,42.42.42
eaf/an1,20231025_115855_045737_2.wav,-3418598,18264000,18384000,20231025_115855_045737_2_18264000_18384000.eaf,eaf,,20231025_115855_045737_2_18264000_18384000.csv,2025-03-18,,42.42.42
eaf/an1,20201104_094551_024882_1.wav,-3418598,6837000,6957000,20201104_094551_024882_1_6837000_6957000.eaf,eaf,,20201104_094551_024882_1_6837000_6957000.csv,2025-03-18,,42.42.42
eaf/an1,20200312_145204_022874.wav,-3418598,18186000,18306000,20200312_145204_022874_18186000_18306000.eaf,eaf,,20200312_145204_022874_18186000_18306000.csv,2025-03-18,,42.42.42
eaf/an1,20180808_110630_024879.wav,-3418598,9384000,9504000,20180808_110630_024879_9384000_9504000.eaf,eaf,,20180808_110630_024879_9384000_9504000.csv,2025-03-18,,42.42.42
eaf/an1,20210318_114509_043298.wav,-3418598,16289000,16409000,20210318_114509_043298_16289000_16409000.eaf,eaf,,20210318_114509_043298_16289000_16409000.csv,2025-03-18,,42.42.42
eaf/an1,20230405_090552_045738_2.wav,-3418598,1639000,1759000,20230405_090552_045738_2_1639000_1759000.eaf,eaf,,20230405_090552_045738_2_1639000_1759000.csv,2025-03-18,,42.42.42
eaf/an1,20220711_142955_024883_2.wav,-3418598,49860000,49980000,20220711_142955_024883_2_49860000_49980000.eaf,eaf,,20220711_142955_024883_2_49860000_49980000.csv,2025-03-18,,42.42.42
eaf/an1,20200414_125938_024878_2.wav,-3418598,15408000,15528000,20200414_125938_024878_2_15408000_15528000.eaf,eaf,,20200414_125938_024878_2_15408000_15528000.csv,2025-03-18,,42.42.42
eaf/an1,20230308_094400_045733_2.wav,-3418598,6620000,6740000,20230308_094400_045733_2_6620000_6740000.eaf,eaf,,20230308_094400_045733_2_6620000_6740000.csv,2025-03-18,,42.42.42
eaf/an1,20220805_082527_043300_2.wav,-3418598,16289000,16409000,20220805_082527_043300_2_16289000_16409000.eaf,eaf,,20220805_082527_043300_2_16289000_16409000.csv,2025-03-18,,42.42.42
eaf/an1,20180906_133202_022870.wav,-3418598,1639000,1759000,20180906_133202_022870_1639000_1759000.eaf,eaf,,20180906_133202_022870_1639000_1759000.csv,2025-03-18,,42.42.42
eaf/an1,20180906_131431_024882.wav,-3418598,18264000,18384000,20180906_131431_024882_18264000_18384000.eaf,eaf,,20180906_131431_024882_18264000_18384000.csv,2025-03-18,,42.42.42
eaf/an1,20190307_091344_022872.wav,-3418598,1639000,1759000,20190307_091344_022872_1639000_1759000.eaf,eaf,,20190307_091344_022872_1639000_1759000.csv,2025-03-18,,42.42.42
eaf/an1,20220513_113018_024879_2.wav,-3418598,24659000,24779000,20220513_113018_024879_2_24659000_24779000.eaf,eaf,,20220513_113018_024879_2_24659000_24779000.csv,2025-03-18,,42.42.42
eaf/an1,20230328_132555_045737_1.wav,-3418598,48958000,49078000,20230328_132555_045737_1_48958000_49078000.eaf,eaf,,20230328_132555_045737_1_48958000_49078000.csv,2025-03-18,,42.42.42
eaf/an1,20181218_132113_024879.wav,-3418598,5817000,5937000,20181218_132113_024879_5817000_5937000.eaf,eaf,,20181218_132113_024879_5817000_5937000.csv,2025-03-18,,42.42.42
eaf/an1,20220720_091357_024879_1.wav,-3418598,28611000,28731000,20220720_091357_024879_1_28611000_28731000.eaf,eaf,,20220720_091357_024879_1_28611000_28731000.csv,2025-03-18,,42.42.42
eaf/an1,20220728_144904_024880_2.wav,-3418598,28611000,28731000,20220728_144904_024880_2_28611000_28731000.eaf,eaf,,20220728_144904_024880_2_28611000_28731000.csv,2025-03-18,,42.42.42
eaf/an1,20230405_090552_045738_2.wav,-3418598,5817000,5937000,20230405_090552_045738_2_5817000_5937000.eaf,eaf,,20230405_090552_045738_2_5817000_5937000.csv,2025-03-18,,42.42.42
eaf/an1,20190618_135122_024883.wav,-3418598,48958000,49078000,20190618_135122_024883_48958000_49078000.eaf,eaf,,20190618_135122_024883_48958000_49078000.csv,2025-03-18,,42.42.42
eaf/an1,20230208_103250_043299_1.wav,-3418598,41905000,42025000,20230208_103250_043299_1_41905000_42025000.eaf,eaf,,20230208_103250_043299_1_41905000_42025000.csv,2025-03-18,,42.42.42
eaf/an1,20230308_093128_024882_2.wav,-3418598,45308000,45428000,20230308_093128_024882_2_45308000_45428000.eaf,eaf,,20230308_093128_024882_2_45308000_45428000.csv,2025-03-18,,42.42.42
eaf/an1,20180808_110630_024879.wav,-3418598,6620000,6740000,20180808_110630_024879_6620000_6740000.eaf,eaf,,20180808_110630_024879_6620000_6740000.csv,2025-03-18,,42.42.42
eaf/an1,20180808_110630_024879.wav,-3418598,6837000,6957000,20180808_110630_024879_6837000_6957000.eaf,eaf,,20180808_110630_024879_6837000_6957000.csv,2025-03-18,,42.42.42
eaf/an1,20180808_111213_024881.wav,-3418598,45308000,45428000,20180808_111213_024881_45308000_45428000.eaf,eaf,,20180808_111213_024881_45308000_45428000.csv,2025-03-18,,42.42.42
eaf/an1,20181218_132113_024879.wav,-3418598,49225000,49345000,20181218_132113_024879_49225000_49345000.eaf,eaf,,20181218_132113_024879_49225000_49345000.csv,2025-03-18,,42.42.42
eaf/an1,20230228_124411_043305_2.wav,-3418598,45308000,45428000,20230228_124411_043305_2_45308000_45428000.eaf,eaf,,20230228_124411_043305_2_45308000_45428000.csv,2025-03-18,,42.42.42
eaf/an1,20180906_133202_022870.wav,-3418598,41905000,42025000,20180906_133202_022870_41905000_42025000.eaf,eaf,,20180906_133202_022870_41905000_42025000.csv,2025-03-18,,42.42.42
eaf/an1,20230208_103250_043299_1.wav,-3418598,6837000,6957000,20230208_103250_043299_1_6837000_6957000.eaf,eaf,,20230208_103250_043299_1_6837000_6957000.csv,2025-03-18,,42.42.42
eaf/an1,20230405_090552_045738_2.wav,-3418598,45308000,45428000,20230405_090552_045738_2_45308000_45428000.eaf,eaf,,20230405_090552_045738_2_45308000_45428000.csv,2025-03-18,,42.42.42
eaf/an1,20230208_103250_043299_1.wav,-3418598,5817000,5937000,20230208_103250_043299_1_5817000_5937000.eaf,eaf,,20230208_103250_043299_1_5817000_5937000.csv,2025-03-18,,42.42.42
eaf/an1,20220805_082527_043300_2.wav,-3418598,41905000,42025000,20220805_082527_043300_2_41905000_42025000.eaf,eaf,,20220805_082527_043300_2_41905000_42025000.csv,2025-03-18,,42.42.42
eaf/an1,20200414_130512_024879_2.wav,-3418598,6837000,6957000,20200414_130512_024879_2_6837000_6957000.eaf,eaf,,20200414_130512_024879_2_6837000_6957000.csv,2025-03-18,,42.42.42
eaf/an1,20200312_145204_022874.wav,-3418598,9252000,9372000,20200312_145204_022874_9252000_9372000.eaf,eaf,,20200312_145204_022874_9252000_9372000.csv,2025-03-18,,42.42.42
eaf/an1,20210504_102146_025480_2.wav,-3418598,16289000,16409000,20210504_102146_025480_2_16289000_16409000.eaf,eaf,,20210504_102146_025480_2_16289000_16409000.csv,2025-03-18,,42.42.42
eaf/an1,20211103_114626_022870_1.wav,-3418598,1639000,1759000,20211103_114626_022870_1_1639000_1759000.eaf,eaf,,20211103_114626_022870_1_1639000_1759000.csv,2025-03-18,,42.42.42
eaf/an1,20220711_142955_024883_2.wav,-3418598,18264000,18384000,20220711_142955_024883_2_18264000_18384000.eaf,eaf,,20220711_142955_024883_2_18264000_18384000.csv,2025-03-18,,42.42.42
eaf/an1,20190307_114201_025481.wav,-3418598,2202000,2322000,20190307_114201_025481_2202000_2322000.eaf,eaf,,20190307_114201_025481_2202000_2322000.csv,2025-03-18,,42.42.42
eaf/an1,20230321_124603_024879_1.wav,-3418598,7296000,7416000,20230321_124603_024879_1_7296000_7416000.eaf,eaf,,20230321_124603_024879_1_7296000_7416000.csv,2025-03-18,,42.42.42
eaf/an1,20220712_113417_045737_3.wav,-3418598,5817000,5937000,20220712_113417_045737_3_5817000_5937000.eaf,eaf,,20220712_113417_045737_3_5817000_5937000.csv,2025-03-18,,42.42.42
eaf/an1,20200414_130512_024879_2.wav,-3418598,7296000,7416000,20200414_130512_024879_2_7296000_7416000.eaf,eaf,,20200414_130512_024879_2_7296000_7416000.csv,2025-03-18,,42.42.42
eaf/an1,20221129_154915_045733_1.wav,-3418598,14868000,14988000,20221129_154915_045733_1_14868000_14988000.eaf,eaf,,20221129_154915_045733_1_14868000_14988000.csv,2025-03-18,,42.42.42
eaf/an1,20200414_130512_024879_2.wav,-3418598,6620000,6740000,20200414_130512_024879_2_6620000_6740000.eaf,eaf,,20200414_130512_024879_2_6620000_6740000.csv,2025-03-18,,42.42.42
eaf/an1,20181218_132113_024879.wav,-3418598,41905000,42025000,20181218_132113_024879_41905000_42025000.eaf,eaf,,20181218_132113_024879_41905000_42025000.csv,2025-03-18,,42.42.42
eaf/an1,20190819_210318_025481_2.wav,-3418598,16289000,16409000,20190819_210318_025481_2_16289000_16409000.eaf,eaf,,20190819_210318_025481_2_16289000_16409000.csv,2025-03-18,,42.42.42
eaf/an1,20230228_124411_043305_2.wav,-3418598,6837000,6957000,20230228_124411_043305_2_6837000_6957000.eaf,eaf,,20230228_124411_043305_2_6837000_6957000.csv,2025-03-18,,42.42.42
eaf/an1,20220829_105740_024880_2.wav,-3418598,39778000,39898000,20220829_105740_024880_2_39778000_39898000.eaf,eaf,,20220829_105740_024880_2_39778000_39898000.csv,2025-03-18,,42.42.42
eaf/an1,20190828_145547_024884_2.wav,-3418598,41905000,42025000,20190828_145547_024884_2_41905000_42025000.eaf,eaf,,20190828_145547_024884_2_41905000_42025000.csv,2025-03-18,,42.42.42
eaf/an1,20220805_082527_043300_2.wav,-3418598,18264000,18384000,20220805_082527_043300_2_18264000_18384000.eaf,eaf,,20220805_082527_043300_2_18264000_18384000.csv,2025-03-18,,42.42.42
eaf/an1,20220711_142955_024883_2.wav,-3418598,49225000,49345000,20220711_142955_024883_2_49225000_49345000.eaf,eaf,,20220711_142955_024883_2_49225000_49345000.csv,2025-03-18,,42.42.42
eaf/an1,20210318_114509_043298.wav,-3418598,41905000,42025000,20210318_114509_043298_41905000_42025000.eaf,eaf,,20210318_114509_043298_41905000_42025000.csv,2025-03-18,,42.42.42
eaf/an1,20220726_115556_024883_2.wav,-3418598,9384000,9504000,20220726_115556_024883_2_9384000_9504000.eaf,eaf,,20220726_115556_024883_2_9384000_9504000.csv,2025-03-18,,42.42.42
eaf/an1,20210318_114924_043305_2.wav,-3418598,36581000,36701000,20210318_114924_043305_2_36581000_36701000.eaf,eaf,,20210318_114924_043305_2_36581000_36701000.csv,2025-03-18,,42.42.42
eaf/an1,20221018_135301_043300_4.wav,-3418598,2072000,2192000,20221018_135301_043300_4_2072000_2192000.eaf,eaf,,20221018_135301_043300_4_2072000_2192000.csv,2025-03-18,,42.42.42
eaf/an1,20211022_110857_045737_2.wav,-3418598,7296000,7416000,20211022_110857_045737_2_7296000_7416000.eaf,eaf,,20211022_110857_045737_2_7296000_7416000.csv,2025-03-18,,42.42.42
eaf/an1,20180808_111213_024881.wav,-3418598,41905000,42025000,20180808_111213_024881_41905000_42025000.eaf,eaf,,20180808_111213_024881_41905000_42025000.csv,2025-03-18,,42.42.42
eaf/an1,20201104_094551_024882_1.wav,-3418598,49225000,49345000,20201104_094551_024882_1_49225000_49345000.eaf,eaf,,20201104_094551_024882_1_49225000_49345000.csv,2025-03-18,,42.42.42
eaf/an1,20231025_115855_045737_2.wav,-3418598,14868000,14988000,20231025_115855_045737_2_14868000_14988000.eaf,eaf,,20231025_115855_045737_2_14868000_14988000.csv,2025-03-18,,42.42.42
eaf/an1,20211019_120823_045733_2.wav,-3418598,14868000,14988000,20211019_120823_045733_2_14868000_14988000.eaf,eaf,,20211019_120823_045733_2_14868000_14988000.csv,2025-03-18,,42.42.42
eaf/an1,20190828_145547_024884_2.wav,-3418598,2202000,2322000,20190828_145547_024884_2_2202000_2322000.eaf,eaf,,20190828_145547_024884_2_2202000_2322000.csv,2025-03-18,,42.42.42
eaf/an1,20180809_181624_025481.wav,-3418598,16289000,16409000,20180809_181624_025481_16289000_16409000.eaf,eaf,,20180809_181624_025481_16289000_16409000.csv,2025-03-18,,42.42.42
eaf/an1,20210318_114509_043298.wav,-3418598,9384000,9504000,20210318_114509_043298_9384000_9504000.eaf,eaf,,20210318_114509_043298_9384000_9504000.csv,2025-03-18,,42.42.42
eaf/an1,20230328_132555_045737_1.wav,-3418598,39778000,39898000,20230328_132555_045737_1_39778000_39898000.eaf,eaf,,20230328_132555_045737_1_39778000_39898000.csv,2025-03-18,,42.42.42
eaf/an1,20220712_113417_045737_3.wav,-3418598,1639000,1759000,20220712_113417_045737_3_1639000_1759000.eaf,eaf,,20220712_113417_045737_3_1639000_1759000.csv,2025-03-18,,42.42.42
eaf/an1,20230321_124603_024879_1.wav,-3418598,48958000,49078000,20230321_124603_024879_1_48958000_49078000.eaf,eaf,,20230321_124603_024879_1_48958000_49078000.csv,2025-03-18,,42.42.42
eaf/an1,20221018_135301_043300_4.wav,-3418598,6620000,6740000,20221018_135301_043300_4_6620000_6740000.eaf,eaf,,20221018_135301_043300_4_6620000_6740000.csv,2025-03-18,,42.42.42
eaf/an1,20210414_211244_024882_1.wav,-3418598,41905000,42025000,20210414_211244_024882_1_41905000_42025000.eaf,eaf,,20210414_211244_024882_1_41905000_42025000.csv,2025-03-18,,42.42.42
eaf/an1,20190819_210318_025481_2.wav,-3418598,36581000,36701000,20190819_210318_025481_2_36581000_36701000.eaf,eaf,,20190819_210318_025481_2_36581000_36701000.csv,2025-03-18,,42.42.42
eaf/an1,20191004_125707_025480_2.wav,-3418598,1544000,1664000,20191004_125707_025480_2_1544000_1664000.eaf,eaf,,20191004_125707_025480_2_1544000_1664000.csv,2025-03-18,,42.42.42
eaf/an1,20220829_105740_024880_2.wav,-3418598,18264000,18384000,20220829_105740_024880_2_18264000_18384000.eaf,eaf,,20220829_105740_024880_2_18264000_18384000.csv,2025-03-18,,42.42.42
eaf/an1,20190618_135122_024883.wav,-3418598,39778000,39898000,20190618_135122_024883_39778000_39898000.eaf,eaf,,20190618_135122_024883_39778000_39898000.csv,2025-03-18,,42.42.42
eaf/an1,20190307_091344_022872.wav,-3418598,7296000,7416000,20190307_091344_022872_7296000_7416000.eaf,eaf,,20190307_091344_022872_7296000_7416000.csv,2025-03-18,,42.42.42
eaf/an1,20210624_093317_024883_2.wav,-3418598,39778000,39898000,20210624_093317_024883_2_39778000_39898000.eaf,eaf,,20210624_093317_024883_2_39778000_39898000.csv,2025-03-18,,42.42.42
eaf/an1,20180809_181624_025481.wav,-3418598,9384000,9504000,20180809_181624_025481_9384000_9504000.eaf,eaf,,20180809_181624_025481_9384000_9504000.csv,2025-03-18,,42.42.42
eaf/an1,20211022_110857_045737_2.wav,-3418598,9384000,9504000,20211022_110857_045737_2_9384000_9504000.eaf,eaf,,20211022_110857_045737_2_9384000_9504000.csv,2025-03-18,,42.42.42
eaf/an1,20200414_125938_024878_2.wav,-3418598,28611000,28731000,20200414_125938_024878_2_28611000_28731000.eaf,eaf,,20200414_125938_024878_2_28611000_28731000.csv,2025-03-18,,42.42.42
eaf/an1,20220726_115556_024883_2.wav,-3418598,1639000,1759000,20220726_115556_024883_2_1639000_1759000.eaf,eaf,,20220726_115556_024883_2_1639000_1759000.csv,2025-03-18,,42.42.42
eaf/an1,20211019_120823_045733_2.wav,-3418598,45308000,45428000,20211019_120823_045733_2_45308000_45428000.eaf,eaf,,20211019_120823_045733_2_45308000_45428000.csv,2025-03-18,,42.42.42
eaf/an1,20220805_082527_043300_2.wav,-3418598,5817000,5937000,20220805_082527_043300_2_5817000_5937000.eaf,eaf,,20220805_082527_043300_2_5817000_5937000.csv,2025-03-18,,42.42.42
eaf/an1,20220712_113417_045737_3.wav,-3418598,36581000,36701000,20220712_113417_045737_3_36581000_36701000.eaf,eaf,,20220712_113417_045737_3_36581000_36701000.csv,2025-03-18,,42.42.42
eaf/an1,20200414_130512_024879_2.wav,-3418598,18264000,18384000,20200414_130512_024879_2_18264000_18384000.eaf,eaf,,20200414_130512_024879_2_18264000_18384000.csv,2025-03-18,,42.42.42
eaf/an1,20230228_124411_043305_2.wav,-3418598,36581000,36701000,20230228_124411_043305_2_36581000_36701000.eaf,eaf,,20230228_124411_043305_2_36581000_36701000.csv,2025-03-18,,42.42.42
eaf/an1,20210318_114924_043305_2.wav,-3418598,45308000,45428000,20210318_114924_043305_2_45308000_45428000.eaf,eaf,,20210318_114924_043305_2_45308000_45428000.csv,2025-03-18,,42.42.42
eaf/an1,20220829_105740_024880_2.wav,-3418598,2202000,2322000,20220829_105740_024880_2_2202000_2322000.eaf,eaf,,20220829_105740_024880_2_2202000_2322000.csv,2025-03-18,,42.42.42
eaf/an1,20221129_154915_045733_1.wav,-3418598,41905000,42025000,20221129_154915_045733_1_41905000_42025000.eaf,eaf,,20221129_154915_045733_1_41905000_42025000.csv,2025-03-18,,42.42.42
eaf/an1,20230328_132555_045737_1.wav,-3418598,45308000,45428000,20230328_132555_045737_1_45308000_45428000.eaf,eaf,,20230328_132555_045737_1_45308000_45428000.csv,2025-03-18,,42.42.42
eaf/an1,20200312_145204_022874.wav,-3418598,14785000,14905000,20200312_145204_022874_14785000_14905000.eaf,eaf,,20200312_145204_022874_14785000_14905000.csv,2025-03-18,,42.42.42
eaf/an1,20200414_125938_024878_2.wav,-3418598,16567000,16687000,20200414_125938_024878_2_16567000_16687000.eaf,eaf,,20200414_125938_024878_2_16567000_16687000.csv,2025-03-18,,42.42.42
eaf/an1,20221129_154915_045733_1.wav,-3418598,36581000,36701000,20221129_154915_045733_1_36581000_36701000.eaf,eaf,,20221129_154915_045733_1_36581000_36701000.csv,2025-03-18,,42.42.42
eaf/an1,20221018_135301_043300_4.wav,-3418598,9384000,9504000,20221018_135301_043300_4_9384000_9504000.eaf,eaf,,20221018_135301_043300_4_9384000_9504000.csv,2025-03-18,,42.42.42
eaf/an1,20220711_142955_024883_2.wav,-3418598,36581000,36701000,20220711_142955_024883_2_36581000_36701000.eaf,eaf,,20220711_142955_024883_2_36581000_36701000.csv,2025-03-18,,42.42.42
eaf/an1,20230228_124411_043305_2.wav,-3418598,7296000,7416000,20230228_124411_043305_2_7296000_7416000.eaf,eaf,,20230228_124411_043305_2_7296000_7416000.csv,2025-03-18,,42.42.42
eaf/an1,20230321_124603_024879_1.wav,-3418598,49225000,49345000,20230321_124603_024879_1_49225000_49345000.eaf,eaf,,20230321_124603_024879_1_49225000_49345000.csv,2025-03-18,,42.42.42
eaf/an1,20230301_083834_024880_2.wav,-3418598,6620000,6740000,20230301_083834_024880_2_6620000_6740000.eaf,eaf,,20230301_083834_024880_2_6620000_6740000.csv,2025-03-18,,42.42.42
eaf/an1,20190307_091344_022872.wav,-3418598,9384000,9504000,20190307_091344_022872_9384000_9504000.eaf,eaf,,20190307_091344_022872_9384000_9504000.csv,2025-03-18,,42.42.42
eaf/an1,20210318_114924_043305_2.wav,-3418598,18264000,18384000,20210318_114924_043305_2_18264000_18384000.eaf,eaf,,20210318_114924_043305_2_18264000_18384000.csv,2025-03-18,,42.42.42
eaf/an1,20180808_110630_024879.wav,-3418598,41905000,42025000,20180808_110630_024879_41905000_42025000.eaf,eaf,,20180808_110630_024879_41905000_42025000.csv,2025-03-18,,42.42.42
eaf/an1,20200414_125938_024878_2.wav,-3418598,6620000,6740000,20200414_125938_024878_2_6620000_6740000.eaf,eaf,,20200414_125938_024878_2_6620000_6740000.csv,2025-03-18,,42.42.42
eaf/an1,20190307_091344_022872.wav,-3418598,36581000,36701000,20190307_091344_022872_36581000_36701000.eaf,eaf,,20190307_091344_022872_36581000_36701000.csv,2025-03-18,,42.42.42
eaf/an1,20211022_110857_045737_2.wav,-3418598,14868000,14988000,20211022_110857_045737_2_14868000_14988000.eaf,eaf,,20211022_110857_045737_2_14868000_14988000.csv,2025-03-18,,42.42.42
eaf/an1,20230321_124603_024879_1.wav,-3418598,39778000,39898000,20230321_124603_024879_1_39778000_39898000.eaf,eaf,,20230321_124603_024879_1_39778000_39898000.csv,2025-03-18,,42.42.42
eaf/an1,20190828_145547_024884_2.wav,-3418598,18264000,18384000,20190828_145547_024884_2_18264000_18384000.eaf,eaf,,20190828_145547_024884_2_18264000_18384000.csv,2025-03-18,,42.42.42
eaf/an1,20210127_103244_024879_1.wav,-3418598,49225000,49345000,20210127_103244_024879_1_49225000_49345000.eaf,eaf,,20210127_103244_024879_1_49225000_49345000.csv,2025-03-18,,42.42.42
eaf/an1,20220728_144904_024880_2.wav,-3418598,7296000,7416000,20220728_144904_024880_2_7296000_7416000.eaf,eaf,,20220728_144904_024880_2_7296000_7416000.csv,2025-03-18,,42.42.42
eaf/an1,20180808_111213_024881.wav,-3418598,16289000,16409000,20180808_111213_024881_16289000_16409000.eaf,eaf,,20180808_111213_024881_16289000_16409000.csv,2025-03-18,,42.42.42
eaf/an1,20221129_154915_045733_1.wav,-3418598,1639000,1759000,20221129_154915_045733_1_1639000_1759000.eaf,eaf,,20221129_154915_045733_1_1639000_1759000.csv,2025-03-18,,42.42.42
eaf/an1,20210504_102146_025480_2.wav,-3418598,36581000,36701000,20210504_102146_025480_2_36581000_36701000.eaf,eaf,,20210504_102146_025480_2_36581000_36701000.csv,2025-03-18,,42.42.42
eaf/an1,20180809_181624_025481.wav,-3418598,7296000,7416000,20180809_181624_025481_7296000_7416000.eaf,eaf,,20180809_181624_025481_7296000_7416000.csv,2025-03-18,,42.42.42
eaf/an1,20181218_132113_024879.wav,-3418598,39778000,39898000,20181218_132113_024879_39778000_39898000.eaf,eaf,,20181218_132113_024879_39778000_39898000.csv,2025-03-18,,42.42.42
eaf/an1,20201210_142957_025480_2.wav,-3418598,36581000,36701000,20201210_142957_025480_2_36581000_36701000.eaf,eaf,,20201210_142957_025480_2_36581000_36701000.csv,2025-03-18,,42.42.42
eaf/an1,20220513_113018_024879_2.wav,-3418598,3648000,3768000,20220513_113018_024879_2_3648000_3768000.eaf,eaf,,20220513_113018_024879_2_3648000_3768000.csv,2025-03-18,,42.42.42
eaf/an1,20220712_113417_045737_3.wav,-3418598,28611000,28731000,20220712_113417_045737_3_28611000_28731000.eaf,eaf,,20220712_113417_045737_3_28611000_28731000.csv,2025-03-18,,42.42.42
eaf/an1,20190307_091344_022872.wav,-3418598,6837000,6957000,20190307_091344_022872_6837000_6957000.eaf,eaf,,20190307_091344_022872_6837000_6957000.csv,2025-03-18,,42.42.42
eaf/an1,20230321_124603_024879_1.wav,-3418598,16289000,16409000,20230321_124603_024879_1_16289000_16409000.eaf,eaf,,20230321_124603_024879_1_16289000_16409000.csv,2025-03-18,,42.42.42
eaf/an1,20210504_102146_025480_2.wav,-3418598,6620000,6740000,20210504_102146_025480_2_6620000_6740000.eaf,eaf,,20210504_102146_025480_2_6620000_6740000.csv,2025-03-18,,42.42.42
eaf/an1,20210318_114509_043298.wav,-3418598,48958000,49078000,20210318_114509_043298_48958000_49078000.eaf,eaf,,20210318_114509_043298_48958000_49078000.csv,2025-03-18,,42.42.42
eaf/an1,20210127_103244_024879_1.wav,-3418598,1639000,1759000,20210127_103244_024879_1_1639000_1759000.eaf,eaf,,20210127_103244_024879_1_1639000_1759000.csv,2025-03-18,,42.42.42
eaf/an1,20190819_210318_025481_2.wav,-3418598,6620000,6740000,20190819_210318_025481_2_6620000_6740000.eaf,eaf,,20190819_210318_025481_2_6620000_6740000.csv,2025-03-18,,42.42.42
eaf/an1,20220712_113417_045737_3.wav,-3418598,39778000,39898000,20220712_113417_045737_3_39778000_39898000.eaf,eaf,,20220712_113417_045737_3_39778000_39898000.csv,2025-03-18,,42.42.42
eaf/an1,20190819_210318_025481_2.wav,-3418598,14868000,14988000,20190819_210318_025481_2_14868000_14988000.eaf,eaf,,20190819_210318_025481_2_14868000_14988000.csv,2025-03-18,,42.42.42
eaf/an1,20201210_142957_025480_2.wav,-3418598,16567000,16687000,20201210_142957_025480_2_16567000_16687000.eaf,eaf,,20201210_142957_025480_2_16567000_16687000.csv,2025-03-18,,42.42.42
eaf/an1,20200414_130512_024879_2.wav,-3418598,28611000,28731000,20200414_130512_024879_2_28611000_28731000.eaf,eaf,,20200414_130512_024879_2_28611000_28731000.csv,2025-03-18,,42.42.42
eaf/an1,20230131_124242_043302_2.wav,-3418598,18264000,18384000,20230131_124242_043302_2_18264000_18384000.eaf,eaf,,20230131_124242_043302_2_18264000_18384000.csv,2025-03-18,,42.42.42
eaf/an1,20180809_181624_025481.wav,-3418598,39778000,39898000,20180809_181624_025481_39778000_39898000.eaf,eaf,,20180809_181624_025481_39778000_39898000.csv,2025-03-18,,42.42.42
eaf/an1,20211022_110857_045737_2.wav,-3418598,16289000,16409000,20211022_110857_045737_2_16289000_16409000.eaf,eaf,,20211022_110857_045737_2_16289000_16409000.csv,2025-03-18,,42.42.42
eaf/an1,20211103_114626_022870_1.wav,-3418598,16289000,16409000,20211103_114626_022870_1_16289000_16409000.eaf,eaf,,20211103_114626_022870_1_16289000_16409000.csv,2025-03-18,,42.42.42
eaf/an1,20191004_125707_025480_2.wav,-3418598,4746000,4866000,20191004_125707_025480_2_4746000_4866000.eaf,eaf,,20191004_125707_025480_2_4746000_4866000.csv,2025-03-18,,42.42.42
eaf/an1,20201104_094551_024882_1.wav,-3418598,45308000,45428000,20201104_094551_024882_1_45308000_45428000.eaf,eaf,,20201104_094551_024882_1_45308000_45428000.csv,2025-03-18,,42.42.42
eaf/an1,20230328_132555_045737_1.wav,-3418598,14868000,14988000,20230328_132555_045737_1_14868000_14988000.eaf,eaf,,20230328_132555_045737_1_14868000_14988000.csv,2025-03-18,,42.42.42
eaf/an1,20230308_093128_024882_2.wav,-3418598,39778000,39898000,20230308_093128_024882_2_39778000_39898000.eaf,eaf,,20230308_093128_024882_2_39778000_39898000.csv,2025-03-18,,42.42.42
eaf/an1,20220805_082527_043300_2.wav,-3418598,6837000,6957000,20220805_082527_043300_2_6837000_6957000.eaf,eaf,,20220805_082527_043300_2_6837000_6957000.csv,2025-03-18,,42.42.42
eaf/an1,20230328_132555_045737_1.wav,-3418598,1639000,1759000,20230328_132555_045737_1_1639000_1759000.eaf,eaf,,20230328_132555_045737_1_1639000_1759000.csv,2025-03-18,,42.42.42
eaf/an1,20180809_181624_025481.wav,-3418598,6837000,6957000,20180809_181624_025481_6837000_6957000.eaf,eaf,,20180809_181624_025481_6837000_6957000.csv,2025-03-18,,42.42.42
eaf/an1,20181218_132113_024879.wav,-3418598,49860000,49980000,20181218_132113_024879_49860000_49980000.eaf,eaf,,20181218_132113_024879_49860000_49980000.csv,2025-03-18,,42.42.42
eaf/an1,20210504_102146_025480_2.wav,-3418598,2072000,2192000,20210504_102146_025480_2_2072000_2192000.eaf,eaf,,20210504_102146_025480_2_2072000_2192000.csv,2025-03-18,,42.42.42
eaf/an1,20220829_105740_024880_2.wav,-3418598,36581000,36701000,20220829_105740_024880_2_36581000_36701000.eaf,eaf,,20220829_105740_024880_2_36581000_36701000.csv,2025-03-18,,42.42.42
eaf/an1,20200414_125938_024878_2.wav,-3418598,2072000,2192000,20200414_125938_024878_2_2072000_2192000.eaf,eaf,,20200414_125938_024878_2_2072000_2192000.csv,2025-03-18,,42.42.42
eaf/an1,20210318_114924_043305_2.wav,-3418598,9384000,9504000,20210318_114924_043305_2_9384000_9504000.eaf,eaf,,20210318_114924_043305_2_9384000_9504000.csv,2025-03-18,,42.42.42
eaf/an1,20230328_132555_045737_1.wav,-3418598,36581000,36701000,20230328_132555_045737_1_36581000_36701000.eaf,eaf,,20230328_132555_045737_1_36581000_36701000.csv,2025-03-18,,42.42.42
eaf/an1,20220731_113759_045737_2.wav,-3418598,39778000,39898000,20220731_113759_045737_2_39778000_39898000.eaf,eaf,,20220731_113759_045737_2_39778000_39898000.csv,2025-03-18,,42.42.42
eaf/an1,20221129_154915_045733_1.wav,-3418598,39778000,39898000,20221129_154915_045733_1_39778000_39898000.eaf,eaf,,20221129_154915_045733_1_39778000_39898000.csv,2025-03-18,,42.42.42
eaf/an1,20230208_103250_043299_1.wav,-3418598,49225000,49345000,20230208_103250_043299_1_49225000_49345000.eaf,eaf,,20230208_103250_043299_1_49225000_49345000.csv,2025-03-18,,42.42.42
eaf/an1,20230321_124603_024879_1.wav,-3418598,36581000,36701000,20230321_124603_024879_1_36581000_36701000.eaf,eaf,,20230321_124603_024879_1_36581000_36701000.csv,2025-03-18,,42.42.42
eaf/an1,20210624_093317_024883_2.wav,-3418598,1639000,1759000,20210624_093317_024883_2_1639000_1759000.eaf,eaf,,20210624_093317_024883_2_1639000_1759000.csv,2025-03-18,,42.42.42
eaf/an1,20220712_113417_045737_3.wav,-3418598,2072000,2192000,20220712_113417_045737_3_2072000_2192000.eaf,eaf,,20220712_113417_045737_3_2072000_2192000.csv,2025-03-18,,42.42.42
eaf/an1,20210624_093317_024883_2.wav,-3418598,14868000,14988000,20210624_093317_024883_2_14868000_14988000.eaf,eaf,,20210624_093317_024883_2_14868000_14988000.csv,2025-03-18,,42.42.42
