segment_onset,segment_offset,speaker_type,phonemes,syllables,words,raw_filename
16991,18010,FEM,12.54,6.0,3.96,20201216_161229_024883_1.txt
19928,21492,FEM,13.51,6.03,4.27,20201216_161229_024883_1.txt
69485,70803,FEM,11.98,5.43,3.77,20201216_161229_024883_1.txt
75905,76654,FEM,13.05,6.34,3.97,20201216_161229_024883_1.txt
86511,86670,FEM,9.68,4.69,2.86,20201216_161229_024883_1.txt
86992,87330,FEM,9.85,4.73,2.95,20201216_161229_024883_1.txt
88153,89010,FEM,11.58,5.43,3.56,20201216_161229_024883_1.txt
91530,91657,FEM,10.78,5.28,3.22,20201216_161229_024883_1.txt
92659,93990,MAL,11.75,5.56,3.69,20201216_161229_024883_1.txt
92684,94512,FEM,15.84,7.73,5.14,20201216_161229_024883_1.txt
98803,99993,FEM,14.51,7.08,4.59,20201216_161229_024883_1.txt
107492,108010,FEM,10.08,4.81,3.05,20201216_161229_024883_1.txt
112492,114510,FEM,14.15,6.26,4.61,20201216_161229_024883_1.txt
126492,127410,FEM,10.6,4.92,3.29,20201216_161229_024883_1.txt
152837,153011,FEM,6.17,2.68,1.69,20201216_161229_024883_1.txt
191899,193011,MAL,15.79,7.89,5.05,20201216_161229_024883_1.txt
273054,274612,MAL,10.9,4.78,3.45,20201216_161229_024883_1.txt
293011,294557,FEM,19.79,9.96,6.41,20201216_161229_024883_1.txt
316511,318011,MAL,15.87,7.27,5.04,20201216_161229_024883_1.txt
322010,322511,FEM,12.45,6.07,3.79,20201216_161229_024883_1.txt
327274,328511,FEM,14.42,6.8,4.57,20201216_161229_024883_1.txt
429492,430511,FEM,13.82,6.56,4.28,20201216_161229_024883_1.txt
432311,434090,FEM,18.4,8.9,5.93,20201216_161229_024883_1.txt
436013,436345,FEM,9.5,4.52,2.83,20201216_161229_024883_1.txt
437132,438376,FEM,14.54,6.74,4.5,20201216_161229_024883_1.txt
438632,440885,FEM,15.62,6.98,5.08,20201216_161229_024883_1.txt
443510,444511,FEM,10.74,5.03,3.25,20201216_161229_024883_1.txt
446027,448018,FEM,17.66,8.88,5.83,20201216_161229_024883_1.txt
448581,450510,FEM,17.45,8.73,5.7,20201216_161229_024883_1.txt
450026,450171,MAL,5.22,2.22,1.37,20201216_161229_024883_1.txt
455996,457781,FEM,16.08,7.71,5.11,20201216_161229_024883_1.txt
460428,461842,FEM,11.88,5.12,3.64,20201216_161229_024883_1.txt
462473,468659,FEM,50.56,25.52,17.18,20201216_161229_024883_1.txt
463823,464236,MAL,4.44,1.75,1.16,20201216_161229_024883_1.txt
467687,469989,MAL,19.25,8.91,6.15,20201216_161229_024883_1.txt
468882,468992,FEM,5.76,2.52,1.54,20201216_161229_024883_1.txt
469511,471798,FEM,17.43,7.85,5.64,20201216_161229_024883_1.txt
471930,472610,FEM,8.25,3.66,2.42,20201216_161229_024883_1.txt
479930,481542,FEM,12.96,6.22,4.14,20201216_161229_024883_1.txt
485097,486455,FEM,14.36,6.85,4.52,20201216_161229_024883_1.txt
486901,489635,FEM,24.45,11.57,7.84,20201216_161229_024883_1.txt
491493,491993,FEM,9.15,4.25,2.69,20201216_161229_024883_1.txt
494264,495511,MAL,12.99,6.14,4.09,20201216_161229_024883_1.txt
496992,498011,FEM,5.36,1.93,1.57,20201216_161229_024883_1.txt
516491,517991,FEM,14.15,6.5,4.47,20201216_161229_024883_1.txt
523025,523798,FEM,9.34,4.15,2.8,20201216_161229_024883_1.txt
526063,526363,MAL,10.32,4.94,3.09,20201216_161229_024883_1.txt
527702,527884,FEM,9.51,4.55,2.81,20201216_161229_024883_1.txt
531802,532416,FEM,9.61,4.48,2.91,20201216_161229_024883_1.txt
535798,536540,FEM,8.72,3.8,2.64,20201216_161229_024883_1.txt
536686,536890,FEM,9.78,4.72,2.9,20201216_161229_024883_1.txt
546100,547366,FEM,13.53,6.35,4.28,20201216_161229_024883_1.txt
551011,554492,FEM,33.49,16.1,10.72,20201216_161229_024883_1.txt
554686,558213,FEM,24.09,11.08,8.07,20201216_161229_024883_1.txt
565208,566253,FEM,9.68,4.43,2.9,20201216_161229_024883_1.txt
582485,583295,FEM,11.38,5.29,3.48,20201216_161229_024883_1.txt
583926,585511,FEM,14.2,6.59,4.5,20201216_161229_024883_1.txt
584707,584933,MAL,6.41,2.82,1.78,20201216_161229_024883_1.txt
591307,591481,FEM,10.13,4.94,3.01,20201216_161229_024883_1.txt
595198,597010,FEM,15.03,7.15,4.82,20201216_161229_024883_1.txt
599284,599492,MAL,8.85,4.21,2.59,20201216_161229_024883_1.txt
620511,622192,FEM,18.78,9.0,6.04,20201216_161229_024883_1.txt
623231,625276,FEM,18.92,9.06,6.1,20201216_161229_024883_1.txt
624014,624608,MAL,8.33,3.74,2.43,20201216_161229_024883_1.txt
624890,625011,MAL,10.66,5.2,3.18,20201216_161229_024883_1.txt
625388,625493,FEM,11.6,5.77,3.49,20201216_161229_024883_1.txt
627011,627392,FEM,7.3,3.3,2.1,20201216_161229_024883_1.txt
795845,796550,MAL,8.53,3.79,2.57,20201216_161229_024883_1.txt
798603,799452,FEM,15.5,7.73,4.86,20201216_161229_024883_1.txt
871558,874511,MAL,31.28,15.85,10.37,20201216_161229_024883_1.txt
875629,876140,MAL,7.44,3.33,2.17,20201216_161229_024883_1.txt
881407,882511,FEM,14.06,6.76,4.42,20201216_161229_024883_1.txt
884728,884841,MAL,9.75,4.74,2.87,20201216_161229_024883_1.txt
884994,885208,MAL,10.2,4.97,3.04,20201216_161229_024883_1.txt
885511,889991,MAL,46.86,23.71,15.45,20201216_161229_024883_1.txt
892011,894272,MAL,29.14,14.53,9.28,20201216_161229_024883_1.txt
895256,896479,MAL,17.28,8.61,5.52,20201216_161229_024883_1.txt
897350,901744,MAL,46.75,23.68,15.4,20201216_161229_024883_1.txt
906888,916461,MAL,92.25,46.84,30.9,20201216_161229_024883_1.txt
917509,919024,MAL,19.17,9.48,6.14,20201216_161229_024883_1.txt
920654,923492,MAL,29.45,14.33,9.53,20201216_161229_024883_1.txt
924178,924939,MAL,13.61,6.58,4.22,20201216_161229_024883_1.txt
946306,947992,MAL,19.84,9.8,6.39,20201216_161229_024883_1.txt
951065,952535,MAL,20.44,10.21,6.5,20201216_161229_024883_1.txt
953682,953847,MAL,12.77,6.39,3.89,20201216_161229_024883_1.txt
975512,977920,MAL,24.82,12.37,8.18,20201216_161229_024883_1.txt
1065071,1065177,FEM,11.8,5.87,3.56,20201216_161229_024883_1.txt
1065493,1069999,FEM,37.81,18.98,12.86,20201216_161229_024883_1.txt
1072011,1074492,FEM,24.15,11.87,7.91,20201216_161229_024883_1.txt
1088011,1089665,FEM,14.03,6.82,4.56,20201216_161229_024883_1.txt
1092739,1095491,FEM,23.01,11.41,7.68,20201216_161229_024883_1.txt
1099499,1100333,FEM,15.35,7.51,4.76,20201216_161229_024883_1.txt
1107493,1109012,FEM,17.92,8.76,5.73,20201216_161229_024883_1.txt
1111013,1111511,FEM,9.1,4.23,2.72,20201216_161229_024883_1.txt
1119737,1121192,FEM,15.94,7.78,5.11,20201216_161229_024883_1.txt
1125262,1128293,FEM,27.87,14.08,9.3,20201216_161229_024883_1.txt
1131194,1131511,FEM,7.02,3.09,2.0,20201216_161229_024883_1.txt
1132026,1132242,FEM,6.71,3.03,1.88,20201216_161229_024883_1.txt
1135527,1137491,FEM,19.11,9.13,6.2,20201216_161229_024883_1.txt
1141103,1143006,MAL,21.17,10.44,6.93,20201216_161229_024883_1.txt
1243745,1246332,FEM,21.43,10.25,7.13,20201216_161229_024883_1.txt
1247113,1247511,FEM,8.84,4.1,2.62,20201216_161229_024883_1.txt
1280467,1280921,FEM,9.86,4.63,2.97,20201216_161229_024883_1.txt
1283155,1284783,FEM,15.41,7.39,5.02,20201216_161229_024883_1.txt
1288697,1289512,FEM,12.99,6.36,4.07,20201216_161229_024883_1.txt
1293825,1294142,FEM,9.42,4.5,2.8,20201216_161229_024883_1.txt
1309672,1310762,FEM,13.61,6.41,4.22,20201216_161229_024883_1.txt
1311574,1312948,FEM,12.3,5.7,3.94,20201216_161229_024883_1.txt
1313297,1320992,FEM,64.35,31.55,21.5,20201216_161229_024883_1.txt
1336011,1338492,FEM,16.32,7.12,5.36,20201216_161229_024883_1.txt
1337897,1338304,MAL,3.99,1.4,1.0,20201216_161229_024883_1.txt
1339895,1340799,FEM,6.87,2.88,2.05,20201216_161229_024883_1.txt
1346510,1349492,FEM,20.41,9.32,6.8,20201216_161229_024883_1.txt
1350992,1352553,FEM,14.54,6.94,4.66,20201216_161229_024883_1.txt
1353156,1355345,FEM,13.4,6.03,4.39,20201216_161229_024883_1.txt
1357493,1358512,FEM,14.42,6.91,4.37,20201216_161229_024883_1.txt
1367822,1369889,FEM,20.45,10.06,6.72,20201216_161229_024883_1.txt
1378986,1379600,FEM,8.07,3.51,2.35,20201216_161229_024883_1.txt
1382493,1384471,FEM,19.26,9.37,6.3,20201216_161229_024883_1.txt
1385913,1387957,FEM,19.23,9.35,6.25,20201216_161229_024883_1.txt
1389012,1392512,FEM,26.19,12.14,8.71,20201216_161229_024883_1.txt
1402448,1404804,FEM,24.28,11.89,7.83,20201216_161229_024883_1.txt
1413362,1414974,FEM,12.57,5.66,4.07,20201216_161229_024883_1.txt
1429491,1431081,FEM,14.11,6.62,4.52,20201216_161229_024883_1.txt
1472879,1473512,FEM,9.97,4.66,3.04,20201216_161229_024883_1.txt
1479011,1479126,FEM,14.18,7.15,4.35,20201216_161229_024883_1.txt
1480084,1480747,FEM,13.56,6.59,4.23,20201216_161229_024883_1.txt
1499492,1501979,FEM,24.92,12.28,8.28,20201216_161229_024883_1.txt
1536011,1537515,FEM,17.64,8.67,5.63,20201216_161229_024883_1.txt
1539493,1542512,FEM,32.22,15.76,10.32,20201216_161229_024883_1.txt
1545011,1546840,FEM,16.71,7.9,5.38,20201216_161229_024883_1.txt
1578314,1582511,FEM,37.13,18.71,12.58,20201216_161229_024883_1.txt
1584492,1587992,FEM,32.66,16.76,11.03,20201216_161229_024883_1.txt
1596011,1599492,FEM,29.84,15.02,10.08,20201216_161229_024883_1.txt
1640491,1640920,FEM,13.15,6.56,4.06,20201216_161229_024883_1.txt
1668473,1669585,FEM,16.28,8.07,5.17,20201216_161229_024883_1.txt
1687751,1688991,FEM,15.12,7.36,4.8,20201216_161229_024883_1.txt
1716824,1718905,FEM,20.24,9.92,6.65,20201216_161229_024883_1.txt
1721291,1721993,FEM,12.55,6.09,3.85,20201216_161229_024883_1.txt
1734946,1735601,FEM,13.12,6.44,4.04,20201216_161229_024883_1.txt
1750991,1751690,FEM,13.61,6.69,4.21,20201216_161229_024883_1.txt
1752256,1754991,FEM,26.15,13.18,8.68,20201216_161229_024883_1.txt
1755213,1757130,FEM,19.44,9.6,6.35,20201216_161229_024883_1.txt
1776992,1779783,FEM,27.58,13.86,9.16,20201216_161229_024883_1.txt
1780824,1781008,FEM,8.14,3.8,2.35,20201216_161229_024883_1.txt
1781511,1781641,FEM,11.19,5.54,3.36,20201216_161229_024883_1.txt
1782122,1787242,FEM,44.69,22.66,15.2,20201216_161229_024883_1.txt
1791011,1793492,FEM,22.03,10.84,7.31,20201216_161229_024883_1.txt
1818992,1819095,FEM,9.76,4.74,2.87,20201216_161229_024883_1.txt
1833671,1834511,FEM,13.81,6.77,4.3,20201216_161229_024883_1.txt
1845992,1847200,FEM,10.43,4.68,3.29,20201216_161229_024883_1.txt
1853493,1854225,FEM,10.74,5.12,3.31,20201216_161229_024883_1.txt
1862620,1863217,MAL,9.82,4.6,2.98,20201216_161229_024883_1.txt
1863442,1864011,FEM,10.01,4.75,3.04,20201216_161229_024883_1.txt
1866556,1870012,FEM,31.36,15.74,10.53,20201216_161229_024883_1.txt
1871993,1873004,MAL,14.52,7.09,4.56,20201216_161229_024883_1.txt
1872850,1876196,FEM,29.9,14.96,10.08,20201216_161229_024883_1.txt
1878496,1879991,FEM,15.39,7.4,4.99,20201216_161229_024883_1.txt
1932464,1933011,FEM,8.77,4.13,2.62,20201216_161229_024883_1.txt
1937255,1939493,FEM,20.41,9.99,6.73,20201216_161229_024883_1.txt
1958376,1960492,FEM,16.32,7.56,5.35,20201216_161229_024883_1.txt
1973012,1974777,FEM,12.47,5.45,4.01,20201216_161229_024883_1.txt
1976554,1977013,FEM,8.6,3.91,2.55,20201216_161229_024883_1.txt
1981992,1983651,FEM,16.91,8.11,5.47,20201216_161229_024883_1.txt
2007062,2007195,FEM,12.37,6.18,3.75,20201216_161229_024883_1.txt
2016011,2017175,FEM,14.22,6.8,4.49,20201216_161229_024883_1.txt
2026905,2027423,FEM,9.0,4.2,2.69,20201216_161229_024883_1.txt
2033495,2034511,FEM,14.27,6.85,4.48,20201216_161229_024883_1.txt
2037422,2038510,FEM,13.36,6.44,4.19,20201216_161229_024883_1.txt
2070066,2070491,FEM,7.62,3.43,2.22,20201216_161229_024883_1.txt
2072174,2074511,FEM,21.48,10.49,7.1,20201216_161229_024883_1.txt
2108492,2108880,FEM,11.43,5.57,3.48,20201216_161229_024883_1.txt
2131188,2132506,FEM,16.56,8.13,5.29,20201216_161229_024883_1.txt
2133120,2134510,FEM,8.93,3.87,2.82,20201216_161229_024883_1.txt
2143010,2145011,FEM,19.07,9.32,6.24,20201216_161229_024883_1.txt
2154992,2155512,FEM,8.43,3.76,2.5,20201216_161229_024883_1.txt
2223511,2224010,FEM,9.86,4.69,2.97,20201216_161229_024883_1.txt
2225706,2226992,FEM,16.29,7.95,5.15,20201216_161229_024883_1.txt
2229512,2231026,FEM,16.31,7.96,5.24,20201216_161229_024883_1.txt
2234434,2235492,FEM,12.8,6.14,4.05,20201216_161229_024883_1.txt
2242492,2246010,FEM,30.68,14.93,10.0,20201216_161229_024883_1.txt
2247163,2247868,FEM,7.77,3.39,2.26,20201216_161229_024883_1.txt
2248012,2248306,FEM,8.13,3.78,2.36,20201216_161229_024883_1.txt
2248511,2253012,FEM,36.01,18.2,12.31,20201216_161229_024883_1.txt
2255011,2255946,FEM,11.6,5.46,3.58,20201216_161229_024883_1.txt
2256125,2268717,FEM,100.4,50.69,34.65,20201216_161229_024883_1.txt
2264573,2264681,MAL,3.87,1.46,0.91,20201216_161229_024883_1.txt
2265146,2265386,MAL,8.29,3.87,2.41,20201216_161229_024883_1.txt
2278511,2280472,FEM,17.07,8.04,5.52,20201216_161229_024883_1.txt
2288501,2289257,FEM,10.48,4.95,3.17,20201216_161229_024883_1.txt
2291014,2291325,FEM,10.46,5.1,3.15,20201216_161229_024883_1.txt
2298011,2298217,FEM,7.29,3.35,2.07,20201216_161229_024883_1.txt
2300992,2302992,FEM,17.61,8.46,5.76,20201216_161229_024883_1.txt
2307493,2317549,FEM,82.07,42.18,28.49,20201216_161229_024883_1.txt
2319005,2320011,FEM,12.64,5.97,3.93,20201216_161229_024883_1.txt
2326011,2328991,FEM,22.92,11.13,7.69,20201216_161229_024883_1.txt
2330483,2332493,FEM,18.8,9.2,6.16,20201216_161229_024883_1.txt
2336011,2340510,FEM,37.6,18.84,12.79,20201216_161229_024883_1.txt
2344469,2352260,FEM,61.36,31.18,21.31,20201216_161229_024883_1.txt
2370011,2370159,FEM,8.02,3.77,2.3,20201216_161229_024883_1.txt
2370492,2370701,FEM,9.13,4.37,2.68,20201216_161229_024883_1.txt
2372024,2373011,FEM,12.92,6.2,4.02,20201216_161229_024883_1.txt
2375013,2375123,FEM,10.63,5.21,3.17,20201216_161229_024883_1.txt
2381992,2384916,FEM,23.15,11.12,7.76,20201216_161229_024883_1.txt
2390011,2390510,FEM,10.59,5.06,3.22,20201216_161229_024883_1.txt
2392271,2392511,FEM,7.45,3.41,2.13,20201216_161229_024883_1.txt
2392667,2394014,FEM,15.28,7.3,4.77,20201216_161229_024883_1.txt
2405779,2407492,FEM,19.58,9.52,6.21,20201216_161229_024883_1.txt
2406642,2407012,MAL,9.53,4.49,2.79,20201216_161229_024883_1.txt
2410408,2410511,FEM,7.04,3.23,1.97,20201216_161229_024883_1.txt
2416001,2421227,FEM,38.51,18.85,13.26,20201216_161229_024883_1.txt
2428017,2428142,FEM,4.73,1.95,1.21,20201216_161229_024883_1.txt
2428252,2432869,FEM,39.46,20.16,13.43,20201216_161229_024883_1.txt
2433979,2437992,FEM,34.59,17.17,11.65,20201216_161229_024883_1.txt
2438512,2440493,FEM,19.55,9.46,6.35,20201216_161229_024883_1.txt
2442493,2443838,FEM,16.92,8.35,5.42,20201216_161229_024883_1.txt
2444737,2445992,FEM,14.28,6.86,4.52,20201216_161229_024883_1.txt
2451011,2454999,FEM,34.25,17.39,11.64,20201216_161229_024883_1.txt
2455692,2456011,FEM,9.26,4.42,2.75,20201216_161229_024883_1.txt
2457790,2458011,FEM,5.85,2.52,1.59,20201216_161229_024883_1.txt
2481011,2484617,FEM,28.96,14.18,9.76,20201216_161229_024883_1.txt
2489511,2491349,FEM,15.54,7.36,5.04,20201216_161229_024883_1.txt
2515492,2517185,FEM,18.18,8.87,5.84,20201216_161229_024883_1.txt
2522991,2524491,FEM,14.04,6.64,4.48,20201216_161229_024883_1.txt
2542992,2544524,FEM,12.78,5.97,4.07,20201216_161229_024883_1.txt
2546260,2548169,FEM,14.96,6.92,4.86,20201216_161229_024883_1.txt
2551210,2552012,FEM,7.95,3.48,2.39,20201216_161229_024883_1.txt
2552327,2554492,FEM,21.47,10.59,7.02,20201216_161229_024883_1.txt
2556692,2556820,FEM,8.13,3.83,2.34,20201216_161229_024883_1.txt
2571240,2572121,FEM,8.38,3.67,2.49,20201216_161229_024883_1.txt
2572511,2573010,FEM,10.06,4.74,2.99,20201216_161229_024883_1.txt
2573702,2575511,FEM,17.48,8.51,5.68,20201216_161229_024883_1.txt
2575889,2575992,FEM,9.58,4.64,2.81,20201216_161229_024883_1.txt
2583407,2585491,FEM,20.07,9.86,6.54,20201216_161229_024883_1.txt
2588706,2588882,FEM,6.85,3.09,1.92,20201216_161229_024883_1.txt
2589011,2591382,FEM,21.68,10.58,7.18,20201216_161229_024883_1.txt
2595902,2598000,FEM,17.69,8.5,5.75,20201216_161229_024883_1.txt
2600360,2601992,FEM,17.95,8.88,5.81,20201216_161229_024883_1.txt
2602511,2604624,FEM,19.72,9.49,6.43,20201216_161229_024883_1.txt
2606011,2606905,FEM,13.17,6.4,4.15,20201216_161229_024883_1.txt
2608370,2609518,FEM,15.59,7.68,4.99,20201216_161229_024883_1.txt
2623011,2624511,FEM,13.91,6.45,4.44,20201216_161229_024883_1.txt
2642510,2643970,FEM,13.39,6.13,4.26,20201216_161229_024883_1.txt
2650992,2652124,FEM,15.53,7.57,4.87,20201216_161229_024883_1.txt
2665585,2665862,MAL,2.76,0.75,0.57,20201216_161229_024883_1.txt
2668511,2670315,FEM,15.61,7.26,5.06,20201216_161229_024883_1.txt
2670847,2672092,FEM,10.33,4.66,3.21,20201216_161229_024883_1.txt
2681993,2682511,FEM,9.3,4.31,2.79,20201216_161229_024883_1.txt
2691085,2692011,FEM,10.45,4.96,3.25,20201216_161229_024883_1.txt
2699728,2700422,MAL,11.31,5.43,3.49,20201216_161229_024883_1.txt
2707062,2708010,FEM,10.58,4.96,3.29,20201216_161229_024883_1.txt
2721560,2721764,FEM,9.99,4.84,2.97,20201216_161229_024883_1.txt
2721992,2722419,FEM,9.4,4.35,2.81,20201216_161229_024883_1.txt
2723012,2723510,FEM,9.53,4.49,2.86,20201216_161229_024883_1.txt
2723829,2723952,FEM,10.55,5.17,3.14,20201216_161229_024883_1.txt
2725161,2725377,FEM,6.47,2.87,1.8,20201216_161229_024883_1.txt
2729492,2732310,FEM,27.26,13.87,9.11,20201216_161229_024883_1.txt
2751511,2751612,FEM,12.58,6.3,3.82,20201216_161229_024883_1.txt
2751734,2754628,FEM,25.87,12.77,8.66,20201216_161229_024883_1.txt
2762492,2762902,FEM,11.8,5.8,3.61,20201216_161229_024883_1.txt
2772976,2777492,FEM,34.56,16.98,11.77,20201216_161229_024883_1.txt
2778246,2780511,FEM,20.86,10.23,6.89,20201216_161229_024883_1.txt
2781761,2784993,FEM,28.23,14.11,9.5,20201216_161229_024883_1.txt
2793493,2795032,MAL,14.4,6.89,4.61,20201216_161229_024883_1.txt
2800184,2803493,FEM,30.18,15.25,10.11,20201216_161229_024883_1.txt
2808992,2810296,FEM,13.26,6.39,4.19,20201216_161229_024883_1.txt
2810849,2811354,MAL,8.53,3.94,2.53,20201216_161229_024883_1.txt
2811680,2811827,MAL,8.28,3.92,2.39,20201216_161229_024883_1.txt
2816407,2818127,FEM,19.27,9.54,6.21,20201216_161229_024883_1.txt
2823355,2826492,FEM,32.74,16.14,10.52,20201216_161229_024883_1.txt
2879992,2890242,FEM,84.88,42.63,29.03,20201216_161229_024883_1.txt
2903803,2904993,FEM,11.84,5.35,3.7,20201216_161229_024883_1.txt
2915492,2916984,FEM,15.42,7.55,4.94,20201216_161229_024883_1.txt
2919512,2923493,FEM,31.46,15.23,10.65,20201216_161229_024883_1.txt
2925492,2926633,FEM,16.02,7.8,5.03,20201216_161229_024883_1.txt
2927298,2928496,FEM,12.93,6.05,4.06,20201216_161229_024883_1.txt
2928530,2928810,MAL,11.44,5.61,3.46,20201216_161229_024883_1.txt
2928921,2929284,MAL,11.4,5.58,3.47,20201216_161229_024883_1.txt
2931010,2931121,MAL,9.79,4.73,2.89,20201216_161229_024883_1.txt
2931231,2931871,MAL,8.67,3.99,2.6,20201216_161229_024883_1.txt
2939706,2941225,FEM,12.65,5.95,4.08,20201216_161229_024883_1.txt
2942511,2944492,FEM,16.88,7.92,5.46,20201216_161229_024883_1.txt
2945862,2950093,FEM,29.88,14.17,10.22,20201216_161229_024883_1.txt
2949996,2951388,MAL,13.94,6.35,4.49,20201216_161229_024883_1.txt
2951794,2957012,FEM,42.67,21.34,14.54,20201216_161229_024883_1.txt
2954573,2956063,MAL,16.33,7.96,5.24,20201216_161229_024883_1.txt
2961993,2963512,FEM,14.74,6.98,4.72,20201216_161229_024883_1.txt
2962084,2962491,MAL,8.61,3.98,2.54,20201216_161229_024883_1.txt
2964511,2967511,FEM,27.82,13.95,9.27,20201216_161229_024883_1.txt
2969393,2973512,FEM,30.89,15.11,10.49,20201216_161229_024883_1.txt
2972992,2974391,MAL,14.21,6.58,4.47,20201216_161229_024883_1.txt
2973659,2973993,FEM,6.8,2.95,1.93,20201216_161229_024883_1.txt
2975511,2978110,FEM,21.76,10.58,7.19,20201216_161229_024883_1.txt
2980834,2980972,FEM,7.66,3.55,2.18,20201216_161229_024883_1.txt
2981239,2981492,FEM,6.88,3.04,1.94,20201216_161229_024883_1.txt
2984983,2992071,FEM,65.34,32.95,21.83,20201216_161229_024883_1.txt
2992901,2994006,FEM,9.94,4.41,3.05,20201216_161229_024883_1.txt
2997385,2999012,FEM,13.87,6.34,4.4,20201216_161229_024883_1.txt
3004729,3004904,MAL,5.41,2.3,1.44,20201216_161229_024883_1.txt
3007511,3012496,FEM,40.18,19.33,13.41,20201216_161229_024883_1.txt
3023992,3028621,FEM,40.87,20.77,13.79,20201216_161229_024883_1.txt
3042210,3045408,FEM,26.93,13.35,9.01,20201216_161229_024883_1.txt
3066010,3068511,FEM,24.92,12.29,8.17,20201216_161229_024883_1.txt
3070899,3073624,FEM,27.73,13.38,8.83,20201216_161229_024883_1.txt
3074060,3075493,FEM,14.6,6.92,4.66,20201216_161229_024883_1.txt
3076993,3077489,MAL,7.35,3.33,2.14,20201216_161229_024883_1.txt
3077279,3080183,FEM,22.4,10.57,7.51,20201216_161229_024883_1.txt
3095992,3096491,FEM,9.73,4.59,2.93,20201216_161229_024883_1.txt
3104538,3105785,FEM,10.38,4.58,3.22,20201216_161229_024883_1.txt
3113554,3114379,MAL,11.18,5.46,3.47,20201216_161229_024883_1.txt
3140492,3144021,FEM,28.84,14.0,9.55,20201216_161229_024883_1.txt
3147188,3147750,FEM,10.38,4.92,3.16,20201216_161229_024883_1.txt
3150863,3151349,FEM,9.31,4.21,2.79,20201216_161229_024883_1.txt
3153048,3154052,FEM,5.44,1.9,1.54,20201216_161229_024883_1.txt
3155291,3157090,FEM,16.99,8.01,5.47,20201216_161229_024883_1.txt
3159899,3161384,FEM,11.26,5.07,3.61,20201216_161229_024883_1.txt
3171671,3172127,FEM,8.56,3.99,2.54,20201216_161229_024883_1.txt
3194512,3196331,FEM,16.5,8.01,5.36,20201216_161229_024883_1.txt
3197310,3199011,FEM,16.67,7.97,5.34,20201216_161229_024883_1.txt
3202511,3204011,FEM,16.44,7.86,5.23,20201216_161229_024883_1.txt
3214682,3214991,FEM,9.24,4.38,2.74,20201216_161229_024883_1.txt
3217514,3218938,FEM,12.61,5.81,4.0,20201216_161229_024883_1.txt
3223841,3225512,FEM,13.26,6.06,4.26,20201216_161229_024883_1.txt
3227459,3228414,FEM,12.95,6.12,4.03,20201216_161229_024883_1.txt
3238010,3241010,FEM,24.2,11.56,8.12,20201216_161229_024883_1.txt
3250567,3252336,FEM,16.9,8.04,5.38,20201216_161229_024883_1.txt
3254904,3256063,FEM,14.89,7.13,4.66,20201216_161229_024883_1.txt
3255655,3256016,MAL,10.44,5.06,3.15,20201216_161229_024883_1.txt
3294493,3297011,FEM,19.83,9.47,6.58,20201216_161229_024883_1.txt
3306628,3306800,FEM,9.08,4.33,2.66,20201216_161229_024883_1.txt
3307117,3307340,FEM,7.05,3.19,2.0,20201216_161229_024883_1.txt
3316511,3318462,FEM,18.6,8.96,6.03,20201216_161229_024883_1.txt
3414511,3415279,FEM,9.5,4.44,2.9,20201216_161229_024883_1.txt
3416602,3417010,FEM,9.03,4.22,2.68,20201216_161229_024883_1.txt
3421992,3422491,FEM,6.26,2.7,1.78,20201216_161229_024883_1.txt
3441499,3442491,FEM,10.59,4.87,3.25,20201216_161229_024883_1.txt
3453011,3453494,FEM,8.21,3.74,2.42,20201216_161229_024883_1.txt
3493878,3493993,FEM,5.22,2.22,1.37,20201216_161229_024883_1.txt
3505488,3505800,FEM,8.39,3.93,2.45,20201216_161229_024883_1.txt
3506375,3506490,FEM,6.54,2.93,1.8,20201216_161229_024883_1.txt
3567736,3568011,FEM,6.5,2.81,1.82,20201216_161229_024883_1.txt
3576893,3578992,FEM,7.98,2.19,2.57,20201216_161229_024883_1.txt
3586758,3588992,FEM,13.96,6.34,4.63,20201216_161229_024883_1.txt
3600992,3601871,FEM,5.65,2.11,1.64,20201216_161229_024883_1.txt
3606262,3607511,FEM,12.27,5.63,3.85,20201216_161229_024883_1.txt
3609784,3609936,FEM,7.4,3.38,2.1,20201216_161229_024883_1.txt
3620778,3622094,FEM,11.32,5.17,3.55,20201216_161229_024883_1.txt
3637992,3638453,FEM,3.99,1.48,1.02,20201216_161229_024883_1.txt
3686254,3687010,FEM,6.16,2.52,1.79,20201216_161229_024883_1.txt
3689354,3690775,FEM,10.19,4.3,3.19,20201216_161229_024883_1.txt
3759122,3762043,FEM,20.45,9.34,6.81,20201216_161229_024883_1.txt
3766765,3766888,MAL,8.12,3.81,2.33,20201216_161229_024883_1.txt
3767136,3771466,FEM,35.94,17.45,11.84,20201216_161229_024883_1.txt
3767308,3767581,MAL,3.44,1.21,0.8,20201216_161229_024883_1.txt
3773010,3774588,FEM,13.22,6.12,4.23,20201216_161229_024883_1.txt
3796575,3798578,FEM,14.94,7.2,4.92,20201216_161229_024883_1.txt
3816880,3818056,FEM,9.91,4.47,3.11,20201216_161229_024883_1.txt
3818200,3818328,FEM,9.42,4.56,2.77,20201216_161229_024883_1.txt
3821538,3823787,FEM,17.12,8.14,5.64,20201216_161229_024883_1.txt
3826513,3826942,FEM,2.9,0.78,0.65,20201216_161229_024883_1.txt
3835051,3836011,FEM,7.16,3.17,2.16,20201216_161229_024883_1.txt
3846992,3849068,FEM,16.24,7.85,5.32,20201216_161229_024883_1.txt
3859137,3859402,FEM,8.55,3.97,2.5,20201216_161229_024883_1.txt
3861010,3866992,FEM,42.02,19.97,14.4,20201216_161229_024883_1.txt
3867294,3867491,FEM,8.2,3.82,2.37,20201216_161229_024883_1.txt
3870821,3871493,FEM,9.06,4.1,2.74,20201216_161229_024883_1.txt
3872666,3873587,FEM,9.5,4.28,2.87,20201216_161229_024883_1.txt
3874039,3877628,FEM,27.73,13.63,9.4,20201216_161229_024883_1.txt
3884033,3886227,FEM,19.01,9.13,6.21,20201216_161229_024883_1.txt
3888493,3889991,FEM,13.57,6.2,4.33,20201216_161229_024883_1.txt
3889774,3889875,MAL,11.69,5.8,3.52,20201216_161229_024883_1.txt
3893118,3897740,FEM,41.89,20.84,13.87,20201216_161229_024883_1.txt
3895223,3895888,MAL,10.02,4.7,3.0,20201216_161229_024883_1.txt
3899991,3901744,FEM,15.86,7.63,5.13,20201216_161229_024883_1.txt
3900079,3901297,MAL,11.72,5.47,3.67,20201216_161229_024883_1.txt
3902280,3904492,FEM,14.42,6.41,4.73,20201216_161229_024883_1.txt
3926070,3928492,FEM,8.65,2.37,2.9,20201216_161229_024883_1.txt
4028511,4029510,MAL,7.1,2.8,2.09,20201216_161229_024883_1.txt
4035408,4035702,MAL,4.89,1.97,1.29,20201216_161229_024883_1.txt
4046011,4047251,MAL,12.31,5.69,3.87,20201216_161229_024883_1.txt
4108992,4109947,MAL,14.35,7.04,4.5,20201216_161229_024883_1.txt
4134753,4135119,FEM,8.38,3.9,2.46,20201216_161229_024883_1.txt
4135884,4137511,FEM,11.97,5.11,3.77,20201216_161229_024883_1.txt
4141540,4143511,FEM,18.49,8.87,5.94,20201216_161229_024883_1.txt
4141603,4141849,MAL,9.32,4.47,2.75,20201216_161229_024883_1.txt
4147991,4153011,FEM,40.03,20.17,13.74,20201216_161229_024883_1.txt
4156588,4158493,FEM,18.3,8.65,5.87,20201216_161229_024883_1.txt
4174671,4176510,FEM,15.12,7.12,4.9,20201216_161229_024883_1.txt
4179296,4179492,FEM,9.99,4.84,2.97,20201216_161229_024883_1.txt
4205444,4207697,FEM,18.85,8.87,6.11,20201216_161229_024883_1.txt
4211009,4212480,FEM,13.78,6.45,4.39,20201216_161229_024883_1.txt
4233575,4233791,FEM,8.63,4.1,2.52,20201216_161229_024883_1.txt
4233916,4234579,FEM,9.76,4.63,2.97,20201216_161229_024883_1.txt
4235355,4236511,FEM,12.21,5.86,3.87,20201216_161229_024883_1.txt
4269102,4269445,FEM,10.87,5.32,3.29,20201216_161229_024883_1.txt
4272531,4273511,FEM,13.4,6.55,4.18,20201216_161229_024883_1.txt
4310493,4311492,FEM,13.59,6.49,4.2,20201216_161229_024883_1.txt
4316586,4318992,FEM,20.93,9.97,6.88,20201216_161229_024883_1.txt
4330493,4330679,FEM,10.34,5.05,3.08,20201216_161229_024883_1.txt
4338468,4338959,MAL,12.47,6.1,3.84,20201216_161229_024883_1.txt
4341011,4344244,FEM,25.52,12.34,8.6,20201216_161229_024883_1.txt
4356264,4358491,FEM,18.51,8.6,6.09,20201216_161229_024883_1.txt
4360492,4361533,FEM,12.37,5.63,3.8,20201216_161229_024883_1.txt
4363369,4364066,FEM,10.54,5.04,3.24,20201216_161229_024883_1.txt
4370011,4371383,FEM,15.97,7.65,5.05,20201216_161229_024883_1.txt
4378732,4381501,FEM,25.19,12.34,8.41,20201216_161229_024883_1.txt
4395139,4396492,FEM,16.91,8.35,5.42,20201216_161229_024883_1.txt
4402568,4403017,FEM,6.04,2.54,1.7,20201216_161229_024883_1.txt
4415992,4419011,FEM,22.19,10.22,7.35,20201216_161229_024883_1.txt
4422084,4422206,FEM,10.07,4.91,2.98,20201216_161229_024883_1.txt
4423013,4424506,FEM,14.6,6.98,4.67,20201216_161229_024883_1.txt
4425492,4426992,FEM,12.57,5.72,3.99,20201216_161229_024883_1.txt
4432381,4434630,FEM,19.62,9.37,6.42,20201216_161229_024883_1.txt
4451588,4452992,FEM,13.11,6.18,4.21,20201216_161229_024883_1.txt
4472083,4476508,FEM,36.62,18.27,12.45,20201216_161229_024883_1.txt
4480010,4482121,FEM,18.14,8.4,5.9,20201216_161229_024883_1.txt
4483510,4483704,FEM,10.66,5.22,3.19,20201216_161229_024883_1.txt
4484896,4485951,FEM,14.38,6.88,4.47,20201216_161229_024883_1.txt
4485012,4486175,MAL,14.59,7.04,4.61,20201216_161229_024883_1.txt
4503013,4508992,FEM,49.04,23.98,16.48,20201216_161229_024883_1.txt
4513492,4513887,FEM,2.93,0.85,0.65,20201216_161229_024883_1.txt
4514014,4514125,FEM,7.77,3.62,2.21,20201216_161229_024883_1.txt
4514991,4517132,FEM,13.51,5.84,4.41,20201216_161229_024883_1.txt
4518980,4522669,FEM,28.76,13.85,9.7,20201216_161229_024883_1.txt
4521511,4522282,MAL,11.5,5.44,3.57,20201216_161229_024883_1.txt
4536965,4539459,MAL,20.89,10.02,6.99,20201216_161229_024883_1.txt
4539637,4539792,MAL,12.58,6.26,3.82,20201216_161229_024883_1.txt
4579991,4580987,FEM,13.62,6.5,4.26,20201216_161229_024883_1.txt
4583947,4585493,FEM,14.86,6.98,4.71,20201216_161229_024883_1.txt
4592511,4593630,FEM,14.56,6.98,4.59,20201216_161229_024883_1.txt
4595825,4599991,FEM,34.61,16.84,11.63,20201216_161229_024883_1.txt
4628531,4630566,FEM,21.26,10.46,6.93,20201216_161229_024883_1.txt
4639493,4640131,FEM,11.51,5.54,3.55,20201216_161229_024883_1.txt
4662569,4662957,FEM,10.77,5.17,3.26,20201216_161229_024883_1.txt
4664312,4665287,FEM,11.08,5.0,3.46,20201216_161229_024883_1.txt
4676268,4678617,FEM,19.13,8.95,6.32,20201216_161229_024883_1.txt
4678811,4679726,FEM,10.71,4.97,3.33,20201216_161229_024883_1.txt
4680610,4690779,FEM,76.68,38.5,26.81,20201216_161229_024883_1.txt
4691768,4692511,FEM,11.39,5.47,3.53,20201216_161229_024883_1.txt
4697725,4698010,FEM,9.45,4.48,2.8,20201216_161229_024883_1.txt
4700118,4700513,FEM,11.44,5.6,3.49,20201216_161229_024883_1.txt
4704394,4704510,MAL,12.86,6.45,3.91,20201216_161229_024883_1.txt
4711136,4713011,FEM,11.83,4.81,3.81,20201216_161229_024883_1.txt
4723969,4724214,FEM,8.89,4.14,2.61,20201216_161229_024883_1.txt
4799993,4802511,FEM,22.33,10.91,7.42,20201216_161229_024883_1.txt
4828805,4831011,FEM,19.67,9.64,6.48,20201216_161229_024883_1.txt
4837492,4838246,FEM,8.17,3.64,2.45,20201216_161229_024883_1.txt
4853993,4858512,FEM,35.03,17.26,11.99,20201216_161229_024883_1.txt
4860992,4863142,FEM,20.46,10.14,6.73,20201216_161229_024883_1.txt
4872012,4873752,FEM,16.5,7.89,5.4,20201216_161229_024883_1.txt
4911492,4912189,FEM,10.16,4.68,3.06,20201216_161229_024883_1.txt
4921628,4923535,FEM,15.86,7.56,5.16,20201216_161229_024883_1.txt
4962583,4963062,MAL,9.22,4.36,2.76,20201216_161229_024883_1.txt
4979991,4982492,FEM,25.27,12.36,8.29,20201216_161229_024883_1.txt
4984789,4986011,FEM,10.44,4.82,3.29,20201216_161229_024883_1.txt
4986689,4987011,FEM,8.74,4.11,2.57,20201216_161229_024883_1.txt
4990332,4990671,FEM,10.59,5.13,3.19,20201216_161229_024883_1.txt
5006510,5008591,FEM,21.94,10.91,7.06,20201216_161229_024883_1.txt
5057991,5058992,MAL,9.79,4.51,3.04,20201216_161229_024883_1.txt
5110265,5111249,MAL,12.27,5.94,3.86,20201216_161229_024883_1.txt
5161107,5161561,MAL,5.54,2.33,1.53,20201216_161229_024883_1.txt
5389450,5389588,MAL,11.38,5.65,3.42,20201216_161229_024883_1.txt
5432392,5433492,MAL,13.46,6.37,4.28,20201216_161229_024883_1.txt
5453114,5453983,MAL,7.12,2.96,2.13,20201216_161229_024883_1.txt
5484225,5489993,FEM,44.57,22.45,15.37,20201216_161229_024883_1.txt
5533966,5535011,FEM,9.96,4.35,3.1,20201216_161229_024883_1.txt
5548640,5549202,FEM,9.95,4.69,3.02,20201216_161229_024883_1.txt
5549887,5552207,FEM,21.18,10.2,6.95,20201216_161229_024883_1.txt
5554263,5554874,FEM,6.83,2.92,1.98,20201216_161229_024883_1.txt
5568492,5569945,FEM,10.11,4.26,3.17,20201216_161229_024883_1.txt
5582572,5582683,FEM,7.1,3.24,1.99,20201216_161229_024883_1.txt
5607563,5609394,FEM,15.37,7.21,4.98,20201216_161229_024883_1.txt
5615492,5617492,FEM,19.8,9.52,6.44,20201216_161229_024883_1.txt
5621010,5621769,FEM,13.2,6.42,4.13,20201216_161229_024883_1.txt
5622170,5623512,FEM,14.22,6.65,4.57,20201216_161229_024883_1.txt
5624981,5628440,FEM,25.98,12.53,8.74,20201216_161229_024883_1.txt
5632492,5633493,FEM,11.52,5.28,3.51,20201216_161229_024883_1.txt
5643010,5644868,FEM,13.97,6.24,4.52,20201216_161229_024883_1.txt
5690564,5693011,FEM,20.47,9.78,6.78,20201216_161229_024883_1.txt
5729493,5735011,FEM,40.31,19.67,13.86,20201216_161229_024883_1.txt
5736558,5739977,FEM,31.83,15.57,10.42,20201216_161229_024883_1.txt
5764797,5766491,FEM,17.76,8.55,5.76,20201216_161229_024883_1.txt
5767831,5768012,FEM,10.01,4.87,2.97,20201216_161229_024883_1.txt
5769993,5770579,FEM,11.71,5.64,3.61,20201216_161229_024883_1.txt
5793353,5797992,FEM,41.2,20.69,13.8,20201216_161229_024883_1.txt
5798792,5802493,FEM,29.62,13.9,9.83,20201216_161229_024883_1.txt
5802104,5802268,MAL,11.08,5.42,3.33,20201216_161229_024883_1.txt
5803993,5805513,FEM,13.67,6.42,4.31,20201216_161229_024883_1.txt
5818679,5818968,FEM,6.2,2.67,1.72,20201216_161229_024883_1.txt
5827906,5829511,FEM,15.13,7.15,4.87,20201216_161229_024883_1.txt
5830625,5832841,FEM,19.49,9.55,6.37,20201216_161229_024883_1.txt
5838389,5839484,FEM,13.35,6.41,4.19,20201216_161229_024883_1.txt
5841350,5842945,FEM,15.14,7.14,4.87,20201216_161229_024883_1.txt
5843858,5844476,FEM,7.59,3.29,2.24,20201216_161229_024883_1.txt
5848430,5848992,FEM,8.36,3.81,2.49,20201216_161229_024883_1.txt
5851492,5851838,FEM,10.59,5.07,3.19,20201216_161229_024883_1.txt
5854413,5855679,FEM,16.59,8.06,5.24,20201216_161229_024883_1.txt
5877360,5879058,FEM,15.98,7.64,5.11,20201216_161229_024883_1.txt
5880992,5882993,FEM,16.62,7.75,5.43,20201216_161229_024883_1.txt
5885495,5887399,FEM,18.01,8.79,5.82,20201216_161229_024883_1.txt
5889713,5892492,FEM,23.18,11.33,7.75,20201216_161229_024883_1.txt
5900492,5901224,FEM,9.23,4.14,2.7,20201216_161229_024883_1.txt
5901630,5902769,FEM,10.74,4.86,3.32,20201216_161229_024883_1.txt
5904510,5906491,FEM,17.53,8.35,5.68,20201216_161229_024883_1.txt
5909380,5910263,FEM,12.04,5.75,3.77,20201216_161229_024883_1.txt
5911436,5916439,FEM,40.79,20.38,13.99,20201216_161229_024883_1.txt
5931193,5932511,FEM,16.59,8.18,5.3,20201216_161229_024883_1.txt
5933191,5933392,FEM,8.11,3.81,2.34,20201216_161229_024883_1.txt
5933819,5933925,FEM,9.35,4.51,2.74,20201216_161229_024883_1.txt
5934495,5934790,FEM,10.59,5.17,3.18,20201216_161229_024883_1.txt
5937627,5938010,FEM,5.97,2.59,1.66,20201216_161229_024883_1.txt
5939899,5940493,FEM,9.76,4.6,2.96,20201216_161229_024883_1.txt
5947012,5949030,FEM,19.12,9.34,6.21,20201216_161229_024883_1.txt
5948230,5948422,MAL,8.19,3.85,2.37,20201216_161229_024883_1.txt
5951492,5952996,FEM,16.52,8.09,5.31,20201216_161229_024883_1.txt
5953993,5955497,FEM,16.98,8.4,5.47,20201216_161229_024883_1.txt
5956347,5956450,FEM,12.0,5.99,3.62,20201216_161229_024883_1.txt
5958617,5959601,FEM,12.53,6.08,3.95,20201216_161229_024883_1.txt
5961992,5963548,FEM,15.58,7.41,5.01,20201216_161229_024883_1.txt
5967010,5967511,FEM,11.89,5.81,3.65,20201216_161229_024883_1.txt
5979466,5980480,FEM,13.78,6.68,4.32,20201216_161229_024883_1.txt
5981992,5982512,FEM,11.93,5.78,3.67,20201216_161229_024883_1.txt
6000510,6003991,FEM,30.61,15.36,10.23,20201216_161229_024883_1.txt
6006879,6007898,FEM,13.15,6.28,4.05,20201216_161229_024883_1.txt
6009537,6011012,FEM,16.51,7.96,5.25,20201216_161229_024883_1.txt
6023121,6024511,FEM,12.87,6.06,4.13,20201216_161229_024883_1.txt
6058326,6060493,FEM,22.1,10.85,7.23,20201216_161229_024883_1.txt
6058530,6058986,MAL,12.52,6.14,3.8,20201216_161229_024883_1.txt
6061250,6065373,FEM,35.52,17.78,12.03,20201216_161229_024883_1.txt
6069512,6069691,MAL,12.87,6.4,3.92,20201216_161229_024883_1.txt
6070024,6070436,MAL,11.68,5.68,3.57,20201216_161229_024883_1.txt
6070579,6072493,FEM,20.61,10.02,6.69,20201216_161229_024883_1.txt
6078993,6083492,FEM,35.11,17.3,12.01,20201216_161229_024883_1.txt
6090491,6096519,FEM,43.37,20.98,14.96,20201216_161229_024883_1.txt
6116889,6116992,FEM,8.32,3.94,2.4,20201216_161229_024883_1.txt
6118910,6123510,FEM,37.08,18.47,12.68,20201216_161229_024883_1.txt
6127721,6129120,FEM,15.7,7.68,5.02,20201216_161229_024883_1.txt
6130004,6130321,FEM,10.63,5.18,3.2,20201216_161229_024883_1.txt
6131430,6132996,FEM,17.69,8.59,5.71,20201216_161229_024883_1.txt
6136120,6139758,FEM,29.09,14.38,9.86,20201216_161229_024883_1.txt
6140561,6141492,FEM,6.86,2.86,2.05,20201216_161229_024883_1.txt
6142007,6142510,FEM,10.93,5.27,3.33,20201216_161229_024883_1.txt
6148011,6149072,FEM,15.96,7.86,5.05,20201216_161229_024883_1.txt
6150641,6150822,FEM,7.47,3.42,2.13,20201216_161229_024883_1.txt
6151408,6153011,FEM,13.3,5.96,4.26,20201216_161229_024883_1.txt
6156010,6163315,FEM,54.7,27.31,19.01,20201216_161229_024883_1.txt
6164085,6165011,FEM,9.07,4.12,2.79,20201216_161229_024883_1.txt
6197992,6201461,FEM,31.66,15.74,10.63,20201216_161229_024883_1.txt
6203665,6203815,FEM,10.9,5.35,3.26,20201216_161229_024883_1.txt
6203993,6205512,FEM,18.1,8.86,5.84,20201216_161229_024883_1.txt
6207528,6208262,FEM,12.09,5.78,3.7,20201216_161229_024883_1.txt
6208491,6210492,FEM,17.23,7.89,5.63,20201216_161229_024883_1.txt
6211519,6211882,FEM,8.2,3.78,2.4,20201216_161229_024883_1.txt
6314993,6316108,FEM,16.38,7.98,5.2,20201216_161229_024883_1.txt
6338010,6338869,FEM,12.17,5.82,3.81,20201216_161229_024883_1.txt
6348745,6348993,MAL,10.8,5.29,3.25,20201216_161229_024883_1.txt
6391492,6395066,FEM,30.14,14.72,10.09,20201216_161229_024883_1.txt
6407394,6408580,FEM,13.14,6.19,4.13,20201216_161229_024883_1.txt
6409382,6409848,FEM,8.67,3.95,2.57,20201216_161229_024883_1.txt
6410355,6411933,FEM,18.62,8.97,5.87,20201216_161229_024883_1.txt
6412048,6412164,FEM,7.73,3.59,2.2,20201216_161229_024883_1.txt
6412304,6412491,FEM,8.27,3.84,2.39,20201216_161229_024883_1.txt
6417492,6418992,FEM,11.89,5.21,3.77,20201216_161229_024883_1.txt
6420992,6422511,FEM,17.16,8.39,5.48,20201216_161229_024883_1.txt
6425011,6433189,FEM,61.22,30.53,21.27,20201216_161229_024883_1.txt
6433317,6433575,MAL,11.92,5.87,3.62,20201216_161229_024883_1.txt
6437991,6441511,FEM,32.67,16.15,10.82,20201216_161229_024883_1.txt
6453368,6456512,FEM,19.14,8.46,6.46,20201216_161229_024883_1.txt
6459011,6464733,FEM,51.87,26.16,17.38,20201216_161229_024883_1.txt
6470120,6472054,FEM,15.3,7.11,4.98,20201216_161229_024883_1.txt
6473095,6474275,FEM,13.77,6.66,4.34,20201216_161229_024883_1.txt
6475857,6481021,FEM,38.87,18.95,13.27,20201216_161229_024883_1.txt
6482612,6483511,FEM,13.99,6.82,4.31,20201216_161229_024883_1.txt
6486510,6488039,FEM,12.19,5.8,3.93,20201216_161229_024883_1.txt
6489511,6491393,FEM,13.84,6.34,4.54,20201216_161229_024883_1.txt
6494683,6496511,FEM,17.18,8.44,5.59,20201216_161229_024883_1.txt
6498245,6500170,FEM,18.28,8.9,5.92,20201216_161229_024883_1.txt
6503492,6508492,FEM,40.75,20.42,13.87,20201216_161229_024883_1.txt
6509253,6509493,FEM,10.74,5.25,3.23,20201216_161229_024883_1.txt
6512999,6514025,FEM,13.3,6.35,4.11,20201216_161229_024883_1.txt
6516011,6516727,FEM,12.96,6.17,3.94,20201216_161229_024883_1.txt
6517844,6519035,FEM,16.22,7.76,5.0,20201216_161229_024883_1.txt
6522512,6524166,FEM,15.22,7.42,4.91,20201216_161229_024883_1.txt
6525561,6525993,FEM,9.9,4.68,2.98,20201216_161229_024883_1.txt
6526302,6526435,MAL,9.43,4.54,2.77,20201216_161229_024883_1.txt
6529110,6530237,FEM,10.79,4.8,3.34,20201216_161229_024883_1.txt
6532993,6533771,FEM,10.28,4.85,3.16,20201216_161229_024883_1.txt
6533258,6533398,MAL,10.09,4.92,2.99,20201216_161229_024883_1.txt
6534446,6534638,MAL,10.78,5.3,3.23,20201216_161229_024883_1.txt
6537993,6539743,FEM,14.66,7.16,4.79,20201216_161229_024883_1.txt
6541754,6544927,FEM,23.85,11.56,7.98,20201216_161229_024883_1.txt
6548673,6550099,FEM,12.96,6.28,4.17,20201216_161229_024883_1.txt
6554777,6555795,FEM,11.04,5.34,3.46,20201216_161229_024883_1.txt
6558992,6560308,FEM,13.13,6.19,4.15,20201216_161229_024883_1.txt
6561511,6565011,FEM,23.83,11.28,8.08,20201216_161229_024883_1.txt
6567782,6569409,FEM,14.2,6.62,4.51,20201216_161229_024883_1.txt
6571862,6572129,FEM,8.44,3.97,2.46,20201216_161229_024883_1.txt
6574510,6576511,FEM,19.39,9.68,6.35,20201216_161229_024883_1.txt
6584230,6586672,FEM,20.83,10.07,6.85,20201216_161229_024883_1.txt
6588120,6588493,FEM,4.65,1.78,1.22,20201216_161229_024883_1.txt
6592744,6594027,FEM,10.44,4.52,3.25,20201216_161229_024883_1.txt
6596492,6596730,FEM,11.47,5.69,3.47,20201216_161229_024883_1.txt
6598493,6598854,FEM,8.08,3.77,2.36,20201216_161229_024883_1.txt
6605504,6608010,FEM,16.54,7.44,5.49,20201216_161229_024883_1.txt
6610854,6612152,FEM,11.45,5.24,3.59,20201216_161229_024883_1.txt
6616510,6616670,FEM,8.93,4.24,2.61,20201216_161229_024883_1.txt
6637766,6638993,FEM,12.68,6.08,4.04,20201216_161229_024883_1.txt
6639575,6640748,FEM,13.44,6.4,4.23,20201216_161229_024883_1.txt
6651455,6653011,FEM,17.27,8.45,5.57,20201216_161229_024883_1.txt
6653117,6653267,FEM,10.01,4.86,2.97,20201216_161229_024883_1.txt
6739163,6740194,FEM,12.6,5.99,3.98,20201216_161229_024883_1.txt
6774578,6775990,FEM,16.28,7.83,5.21,20201216_161229_024883_1.txt
6783117,6785010,FEM,19.91,9.69,6.5,20201216_161229_024883_1.txt
6788492,6788642,FEM,9.44,4.49,2.78,20201216_161229_024883_1.txt
6804182,6805492,FEM,14.38,6.88,4.51,20201216_161229_024883_1.txt
6838511,6839326,FEM,10.62,5.13,3.28,20201216_161229_024883_1.txt
6839691,6839821,FEM,8.51,4.06,2.47,20201216_161229_024883_1.txt
6872992,6874992,FEM,19.71,9.33,6.4,20201216_161229_024883_1.txt
6899992,6900512,FEM,12.14,5.94,3.69,20201216_161229_024883_1.txt
6923446,6926011,FEM,24.01,11.86,7.99,20201216_161229_024883_1.txt
6935954,6936992,FEM,11.77,5.55,3.7,20201216_161229_024883_1.txt
6951493,6952511,FEM,12.88,6.18,4.07,20201216_161229_024883_1.txt
6960058,6960510,FEM,10.44,5.02,3.16,20201216_161229_024883_1.txt
6965992,6968012,FEM,20.64,10.07,6.77,20201216_161229_024883_1.txt
6996228,6997011,FEM,11.02,5.25,3.41,20201216_161229_024883_1.txt
7006286,7007511,FEM,15.13,7.44,4.8,20201216_161229_024883_1.txt
7025057,7027816,FEM,23.04,11.15,7.7,20201216_161229_024883_1.txt
7059992,7061492,FEM,18.41,9.13,5.94,20201216_161229_024883_1.txt
7083511,7085953,FEM,21.55,10.25,7.09,20201216_161229_024883_1.txt
7099010,7099876,FEM,14.01,6.85,4.37,20201216_161229_024883_1.txt
7109866,7112058,FEM,18.24,8.77,6.05,20201216_161229_024883_1.txt
7113493,7115521,FEM,20.61,10.14,6.71,20201216_161229_024883_1.txt
7121010,7122667,FEM,17.09,8.31,5.53,20201216_161229_024883_1.txt
7124011,7124872,FEM,10.52,4.79,3.2,20201216_161229_024883_1.txt
7137997,7139811,FEM,11.73,5.05,3.82,20201216_161229_024883_1.txt
7146687,7147934,FEM,12.97,6.09,4.09,20201216_161229_024883_1.txt
7151456,7153525,FEM,16.13,7.5,5.28,20201216_161229_024883_1.txt
7157992,7160010,FEM,16.09,7.53,5.26,20201216_161229_024883_1.txt
7170992,7173510,FEM,19.54,9.28,6.49,20201216_161229_024883_1.txt
7190704,7191192,MAL,10.62,5.05,3.23,20201216_161229_024883_1.txt
7245011,7247991,FEM,22.28,10.32,7.37,20201216_161229_024883_1.txt
7248925,7249534,FEM,7.78,3.41,2.2,20201216_161229_024883_1.txt
7249011,7250135,MAL,10.53,4.61,3.15,20201216_161229_024883_1.txt
7249670,7249899,FEM,6.1,2.67,1.68,20201216_161229_024883_1.txt
7250793,7252837,FEM,17.32,8.14,5.62,20201216_161229_024883_1.txt
7253553,7256607,FEM,30.67,14.88,9.81,20201216_161229_024883_1.txt
7258493,7261092,FEM,14.73,6.26,4.9,20201216_161229_024883_1.txt
7264124,7267001,FEM,21.78,10.27,7.24,20201216_161229_024883_1.txt
7267992,7268993,FEM,8.87,3.94,2.68,20201216_161229_024883_1.txt
7273668,7280278,FEM,50.44,25.48,17.47,20201216_161229_024883_1.txt
7280915,7281993,FEM,8.5,3.72,2.62,20201216_161229_024883_1.txt
7285783,7286963,FEM,13.27,6.3,4.18,20201216_161229_024883_1.txt
7289182,7294052,FEM,40.45,19.9,13.59,20201216_161229_024883_1.txt
7294492,7296129,FEM,13.0,6.12,4.16,20201216_161229_024883_1.txt
7304901,7307874,FEM,27.7,13.46,8.97,20201216_161229_024883_1.txt
7310014,7311666,FEM,15.47,7.39,4.99,20201216_161229_024883_1.txt
7313880,7316492,FEM,23.87,11.86,7.95,20201216_161229_024883_1.txt
7317950,7318655,MAL,10.32,4.67,3.11,20201216_161229_024883_1.txt
7322010,7323635,FEM,15.03,7.05,4.84,20201216_161229_024883_1.txt
7324425,7325733,FEM,15.33,7.5,4.93,20201216_161229_024883_1.txt
7331015,7331125,FEM,8.66,4.13,2.51,20201216_161229_024883_1.txt
7350011,7351798,FEM,18.38,9.06,5.98,20201216_161229_024883_1.txt
7358248,7358825,FEM,5.83,2.41,1.65,20201216_161229_024883_1.txt
7368005,7369993,FEM,18.69,8.99,6.06,20201216_161229_024883_1.txt
7372949,7374788,FEM,21.63,10.76,6.91,20201216_161229_024883_1.txt
7395003,7396581,FEM,18.11,8.9,5.8,20201216_161229_024883_1.txt
7407799,7409991,FEM,16.13,7.42,5.3,20201216_161229_024883_1.txt
7415012,7415511,FEM,11.82,5.75,3.63,20201216_161229_024883_1.txt
7416728,7418243,FEM,18.68,8.92,5.82,20201216_161229_024883_1.txt
7424511,7426492,MAL,21.53,10.7,7.01,20201216_161229_024883_1.txt
7425101,7425320,FEM,9.79,4.75,2.9,20201216_161229_024883_1.txt
7426011,7426983,FEM,15.05,7.32,4.68,20201216_161229_024883_1.txt
7443581,7444011,MAL,12.94,6.43,3.99,20201216_161229_024883_1.txt
7455029,7455333,MAL,11.11,5.4,3.36,20201216_161229_024883_1.txt
7462255,7462511,FEM,10.87,5.3,3.27,20201216_161229_024883_1.txt
7475011,7478960,FEM,34.99,17.7,11.88,20201216_161229_024883_1.txt
7487486,7488011,FEM,9.85,4.6,2.98,20201216_161229_024883_1.txt
7492314,7495039,FEM,21.64,10.29,7.22,20201216_161229_024883_1.txt
7498992,7500526,FEM,16.53,7.87,5.27,20201216_161229_024883_1.txt
7500747,7501700,FEM,14.3,6.89,4.48,20201216_161229_024883_1.txt
7506493,7506923,FEM,7.56,3.45,2.2,20201216_161229_024883_1.txt
7509920,7510816,FEM,10.73,5.14,3.33,20201216_161229_024883_1.txt
7512298,7512399,FEM,8.43,4.0,2.43,20201216_161229_024883_1.txt
7512521,7512992,FEM,5.63,2.34,1.56,20201216_161229_024883_1.txt
7517715,7518108,MAL,12.89,6.4,3.97,20201216_161229_024883_1.txt
7518012,7522011,FEM,35.92,18.11,12.14,20201216_161229_024883_1.txt
7524593,7525530,FEM,10.17,4.53,3.15,20201216_161229_024883_1.txt
7555992,7556491,FEM,8.42,3.87,2.5,20201216_161229_024883_1.txt
7561482,7563170,FEM,16.53,7.98,5.35,20201216_161229_024883_1.txt
7590157,7591011,FEM,12.41,5.92,3.89,20201216_161229_024883_1.txt
7591232,7591463,FEM,9.98,4.81,2.97,20201216_161229_024883_1.txt
7595512,7597198,FEM,17.46,8.46,5.71,20201216_161229_024883_1.txt
7598510,7605992,FEM,61.66,31.39,21.3,20201216_161229_024883_1.txt
7609498,7609918,FEM,9.89,4.72,2.97,20201216_161229_024883_1.txt
7621012,7621218,FEM,9.76,4.71,2.89,20201216_161229_024883_1.txt
7624776,7625586,FEM,10.46,4.76,3.18,20201216_161229_024883_1.txt
7634010,7638205,FEM,36.02,17.98,12.05,20201216_161229_024883_1.txt
7640020,7640187,FEM,8.62,4.07,2.51,20201216_161229_024883_1.txt
7640344,7642026,FEM,15.27,7.21,4.92,20201216_161229_024883_1.txt
7642725,7642992,FEM,7.69,3.55,2.22,20201216_161229_024883_1.txt
7646657,7649011,FEM,19.66,9.41,6.5,20201216_161229_024883_1.txt
7650011,7653474,FEM,25.83,12.54,8.69,20201216_161229_024883_1.txt
7654230,7654363,FEM,7.36,3.35,2.08,20201216_161229_024883_1.txt
7654471,7654920,FEM,6.71,2.88,1.92,20201216_161229_024883_1.txt
7659001,7659364,FEM,6.82,2.99,1.94,20201216_161229_024883_1.txt
7660074,7662919,FEM,17.73,7.96,5.94,20201216_161229_024883_1.txt
7670012,7670992,FEM,12.06,5.86,3.79,20201216_161229_024883_1.txt
7690548,7690717,FEM,8.37,3.96,2.42,20201216_161229_024883_1.txt
7690992,7691378,FEM,8.93,4.21,2.65,20201216_161229_024883_1.txt
7691492,7692491,FEM,13.05,6.22,4.07,20201216_161229_024883_1.txt
7711404,7715797,FEM,34.8,17.18,11.84,20201216_161229_024883_1.txt
7745654,7747011,MAL,7.58,2.76,2.36,20201216_161229_024883_1.txt
7748492,7749938,FEM,14.73,6.97,4.71,20201216_161229_024883_1.txt
7757512,7759071,FEM,11.03,4.94,3.49,20201216_161229_024883_1.txt
7761511,7767221,FEM,43.09,21.15,14.61,20201216_161229_024883_1.txt
7769080,7769284,FEM,6.15,2.73,1.69,20201216_161229_024883_1.txt
7769751,7772871,FEM,23.43,11.49,7.84,20201216_161229_024883_1.txt
7773896,7776993,FEM,28.64,13.98,9.2,20201216_161229_024883_1.txt
7780381,7781993,FEM,14.99,6.95,4.56,20201216_161229_024883_1.txt
7783811,7784491,FEM,6.82,2.82,1.89,20201216_161229_024883_1.txt
7784647,7785540,FEM,7.49,3.26,2.2,20201216_161229_024883_1.txt
7786511,7789010,FEM,19.76,9.46,6.45,20201216_161229_024883_1.txt
7800217,7804021,FEM,31.06,15.57,10.44,20201216_161229_024883_1.txt
7804917,7805992,FEM,9.04,3.83,2.69,20201216_161229_024883_1.txt
7809681,7810479,FEM,6.63,2.78,1.9,20201216_161229_024883_1.txt
7812946,7815496,FEM,18.49,8.6,6.04,20201216_161229_024883_1.txt
7816907,7818198,MAL,8.91,3.63,2.74,20201216_161229_024883_1.txt
7827511,7827835,FEM,5.9,2.52,1.63,20201216_161229_024883_1.txt
7829183,7831044,FEM,15.28,7.17,4.96,20201216_161229_024883_1.txt
7845091,7846011,FEM,7.16,2.97,2.15,20201216_161229_024883_1.txt
7858191,7860120,FEM,13.35,5.83,4.33,20201216_161229_024883_1.txt
7860252,7860492,FEM,6.1,2.64,1.68,20201216_161229_024883_1.txt
7865665,7868492,FEM,22.16,10.76,7.41,20201216_161229_024883_1.txt
7866511,7867512,MAL,8.81,3.94,2.71,20201216_161229_024883_1.txt
7876511,7878379,FEM,16.28,7.75,5.29,20201216_161229_024883_1.txt
7884068,7885492,FEM,15.03,7.02,4.75,20201216_161229_024883_1.txt
7886492,7886770,FEM,9.04,4.3,2.67,20201216_161229_024883_1.txt
7888386,7890511,FEM,17.71,8.44,5.76,20201216_161229_024883_1.txt
7892492,7894222,FEM,13.63,6.36,4.39,20201216_161229_024883_1.txt
7897525,7899010,FEM,16.1,7.81,5.11,20201216_161229_024883_1.txt
7900961,7905991,FEM,36.67,17.73,12.51,20201216_161229_024883_1.txt
7906965,7908207,FEM,11.55,5.36,3.61,20201216_161229_024883_1.txt
7910973,7913140,FEM,17.98,8.29,5.7,20201216_161229_024883_1.txt
7914178,7915992,FEM,15.66,7.36,5.08,20201216_161229_024883_1.txt
7925011,7928011,FEM,30.18,14.94,9.69,20201216_161229_024883_1.txt
7935869,7939975,FEM,30.32,14.57,10.24,20201216_161229_024883_1.txt
7942069,7942773,FEM,3.2,0.8,0.79,20201216_161229_024883_1.txt
7943196,7946375,FEM,21.56,9.99,7.22,20201216_161229_024883_1.txt
7947177,7947493,FEM,6.99,3.11,1.99,20201216_161229_024883_1.txt
7948061,7951993,FEM,35.08,17.1,11.54,20201216_161229_024883_1.txt
7960012,7960542,FEM,6.0,2.49,1.7,20201216_161229_024883_1.txt
7960688,7963023,FEM,16.12,7.37,5.32,20201216_161229_024883_1.txt
7964512,7966010,MAL,15.08,7.09,4.78,20201216_161229_024883_1.txt
7965111,7965351,FEM,7.37,3.39,2.1,20201216_161229_024883_1.txt
7968653,7969991,FEM,11.6,5.3,3.65,20201216_161229_024883_1.txt
7972493,7974027,FEM,14.73,7.01,4.72,20201216_161229_024883_1.txt
7980150,7982702,FEM,20.63,9.7,6.75,20201216_161229_024883_1.txt
7983993,7987493,FEM,25.7,12.15,8.6,20201216_161229_024883_1.txt
7992965,7993621,FEM,9.3,4.19,2.71,20201216_161229_024883_1.txt
7995934,7996744,FEM,8.32,3.65,2.46,20201216_161229_024883_1.txt
7998001,7999012,FEM,9.45,4.17,2.87,20201216_161229_024883_1.txt
8001302,8002512,FEM,11.29,5.23,3.47,20201216_161229_024883_1.txt
8005009,8008391,FEM,26.85,13.36,9.02,20201216_161229_024883_1.txt
8009879,8011226,FEM,8.77,3.7,2.71,20201216_161229_024883_1.txt
8013011,8014294,FEM,10.2,4.52,3.22,20201216_161229_024883_1.txt
8015291,8016000,FEM,9.67,4.42,2.9,20201216_161229_024883_1.txt
8023109,8026376,FEM,27.85,13.63,9.17,20201216_161229_024883_1.txt
8029992,8031514,FEM,13.86,6.47,4.43,20201216_161229_024883_1.txt
8035511,8037927,FEM,19.9,9.27,6.49,20201216_161229_024883_1.txt
8066993,8068993,FEM,21.25,10.33,6.87,20201216_161229_024883_1.txt
8068012,8069300,MAL,17.35,8.39,5.5,20201216_161229_024883_1.txt
8072992,8074167,FEM,11.63,5.3,3.63,20201216_161229_024883_1.txt
8076011,8078493,FEM,26.64,13.04,8.59,20201216_161229_024883_1.txt
8085493,8088071,FEM,20.21,9.43,6.67,20201216_161229_024883_1.txt
8088844,8090511,FEM,14.89,7.04,4.8,20201216_161229_024883_1.txt
8092683,8092992,FEM,6.24,2.7,1.74,20201216_161229_024883_1.txt
8095427,8096438,FEM,9.35,4.12,2.89,20201216_161229_024883_1.txt
8117216,8118217,FEM,10.11,4.38,3.04,20201216_161229_024883_1.txt
8123009,8127992,FEM,37.84,18.17,12.74,20201216_161229_024883_1.txt
8127270,8128304,MAL,8.51,3.82,2.62,20201216_161229_024883_1.txt
8135362,8139500,FEM,37.82,18.57,12.48,20201216_161229_024883_1.txt
8140144,8141990,MAL,19.62,9.46,6.3,20201216_161229_024883_1.txt
8154059,8154511,FEM,8.7,3.96,2.58,20201216_161229_024883_1.txt
8157011,8158780,FEM,17.23,8.32,5.54,20201216_161229_024883_1.txt
8165492,8167011,FEM,15.83,7.58,5.09,20201216_161229_024883_1.txt
8175907,8177011,FEM,14.46,6.82,4.5,20201216_161229_024883_1.txt
8213493,8216512,FEM,18.84,8.32,6.29,20201216_161229_024883_1.txt
8216735,8216912,FEM,9.61,4.63,2.84,20201216_161229_024883_1.txt
8227513,8229511,FEM,15.77,7.27,5.14,20201216_161229_024883_1.txt
8248937,8252511,FEM,27.53,13.2,9.28,20201216_161229_024883_1.txt
8268968,8269181,FEM,9.41,4.5,2.78,20201216_161229_024883_1.txt
8269732,8270046,FEM,9.97,4.79,2.98,20201216_161229_024883_1.txt
8270345,8270492,FEM,10.25,5.01,3.05,20201216_161229_024883_1.txt
8271511,8275264,FEM,29.34,14.06,9.85,20201216_161229_024883_1.txt
8275512,8275632,FEM,7.28,3.35,2.05,20201216_161229_024883_1.txt
8284992,8286531,FEM,14.88,7.28,4.82,20201216_161229_024883_1.txt
8286705,8286870,FEM,7.38,3.41,2.09,20201216_161229_024883_1.txt
8298993,8301323,FEM,20.86,10.23,6.9,20201216_161229_024883_1.txt
8302009,8302510,FEM,9.89,4.63,2.99,20201216_161229_024883_1.txt
8303492,8304380,FEM,11.82,5.5,3.69,20201216_161229_024883_1.txt
8307389,8308712,FEM,14.91,7.29,4.75,20201216_161229_024883_1.txt
8310560,8311993,FEM,15.64,7.53,4.95,20201216_161229_024883_1.txt
8316270,8316989,MAL,8.17,3.57,2.45,20201216_161229_024883_1.txt
8316992,8317117,FEM,7.95,3.69,2.28,20201216_161229_024883_1.txt
8317483,8318649,FEM,8.55,3.53,2.65,20201216_161229_024883_1.txt
8320511,8322511,MAL,22.88,11.29,7.36,20201216_161229_024883_1.txt
8320787,8323011,FEM,26.21,13.14,8.45,20201216_161229_024883_1.txt
8330470,8337320,FEM,60.12,30.02,20.21,20201216_161229_024883_1.txt
8344041,8349492,FEM,46.49,23.48,15.75,20201216_161229_024883_1.txt
8344254,8344502,MAL,7.12,3.24,2.02,20201216_161229_024883_1.txt
8346745,8346890,MAL,10.8,5.26,3.23,20201216_161229_024883_1.txt
8348979,8350486,MAL,18.29,8.93,5.85,20201216_161229_024883_1.txt
8358512,8368993,FEM,90.11,46.58,31.03,20201216_161229_024883_1.txt
8373512,8374472,MAL,15.09,7.55,4.79,20201216_161229_024883_1.txt
8385074,8386748,FEM,17.85,8.66,5.73,20201216_161229_024883_1.txt
8388011,8389493,FEM,18.7,9.26,5.93,20201216_161229_024883_1.txt
8393011,8395014,FEM,19.68,9.7,6.45,20201216_161229_024883_1.txt
8401295,8403173,FEM,18.99,9.34,6.2,20201216_161229_024883_1.txt
8409251,8411011,FEM,17.37,8.48,5.59,20201216_161229_024883_1.txt
8412903,8413511,MAL,12.49,6.16,3.87,20201216_161229_024883_1.txt
8413011,8415692,FEM,27.62,14.12,9.21,20201216_161229_024883_1.txt
8417987,8419661,FEM,18.31,9.02,5.88,20201216_161229_024883_1.txt
8419481,8421012,MAL,19.11,9.52,6.18,20201216_161229_024883_1.txt
8430671,8430921,MAL,13.68,6.9,4.21,20201216_161229_024883_1.txt
8434992,8437007,FEM,20.25,10.1,6.64,20201216_161229_024883_1.txt
8438207,8440991,FEM,27.26,13.85,9.05,20201216_161229_024883_1.txt
8442492,8442597,FEM,14.05,7.12,4.3,20201216_161229_024883_1.txt
8443492,8443821,FEM,8.9,4.23,2.63,20201216_161229_024883_1.txt
8448511,8455367,FEM,60.55,30.69,20.57,20201216_161229_024883_1.txt
8456992,8459010,FEM,16.24,7.61,5.25,20201216_161229_024883_1.txt
8470992,8472661,FEM,15.95,7.25,5.1,20201216_161229_024883_1.txt
8484433,8485424,FEM,13.55,6.46,4.24,20201216_161229_024883_1.txt
8488591,8492661,FEM,26.41,12.08,8.99,20201216_161229_024883_1.txt
8492988,8495376,FEM,18.52,8.44,6.07,20201216_161229_024883_1.txt
8510493,8511511,FEM,7.18,2.79,2.17,20201216_161229_024883_1.txt
8514511,8516492,FEM,12.56,5.3,4.07,20201216_161229_024883_1.txt
8519794,8520299,FEM,6.11,2.58,1.73,20201216_161229_024883_1.txt
8533011,8536011,FEM,25.82,12.56,8.66,20201216_161229_024883_1.txt
8551416,8551919,FEM,11.31,5.41,3.46,20201216_161229_024883_1.txt
8561359,8563340,FEM,18.19,8.69,5.9,20201216_161229_024883_1.txt
8587558,8587813,FEM,7.08,3.19,2.01,20201216_161229_024883_1.txt
8587914,8591323,FEM,25.17,11.66,8.46,20201216_161229_024883_1.txt
8592596,8593868,FEM,12.32,5.6,3.87,20201216_161229_024883_1.txt
8609510,8609863,FEM,6.75,2.93,1.91,20201216_161229_024883_1.txt
8612492,8613677,FEM,12.15,5.72,3.86,20201216_161229_024883_1.txt
8629512,8630455,MAL,10.17,4.56,3.05,20201216_161229_024883_1.txt
8629573,8632850,FEM,26.63,13.04,8.93,20201216_161229_024883_1.txt
8631161,8631527,MAL,8.7,4.12,2.57,20201216_161229_024883_1.txt
8634492,8635992,FEM,9.72,4.11,3.05,20201216_161229_024883_1.txt
8636654,8636998,FEM,6.63,2.94,1.88,20201216_161229_024883_1.txt
8638491,8639510,FEM,9.69,4.28,2.96,20201216_161229_024883_1.txt
8649028,8650661,FEM,11.16,4.75,3.55,20201216_161229_024883_1.txt
8671021,8671171,MAL,8.24,3.86,2.38,20201216_161229_024883_1.txt
8717510,8719520,FEM,16.07,7.47,5.25,20201216_161229_024883_1.txt
8721511,8721789,FEM,10.37,5.02,3.11,20201216_161229_024883_1.txt
8731511,8735011,FEM,26.73,12.95,9.0,20201216_161229_024883_1.txt
8736992,8739510,FEM,18.64,8.78,6.19,20201216_161229_024883_1.txt
8752992,8757720,FEM,34.88,17.03,11.97,20201216_161229_024883_1.txt
8793492,8793846,FEM,8.09,3.71,2.36,20201216_161229_024883_1.txt
8798011,8801511,FEM,25.61,11.68,8.57,20201216_161229_024883_1.txt
8803397,8805010,FEM,15.34,7.41,4.94,20201216_161229_024883_1.txt
8812265,8812574,FEM,7.64,3.45,2.21,20201216_161229_024883_1.txt
8832491,8833935,FEM,11.43,5.04,3.61,20201216_161229_024883_1.txt
8837011,8837436,FEM,9.33,4.36,2.79,20201216_161229_024883_1.txt
8842552,8843359,FEM,12.82,6.26,3.96,20201216_161229_024883_1.txt
8850765,8851448,FEM,8.12,3.64,2.43,20201216_161229_024883_1.txt
8858992,8859652,FEM,12.19,5.92,3.78,20201216_161229_024883_1.txt
8860445,8861407,MAL,13.42,6.35,4.19,20201216_161229_024883_1.txt
8911011,8912521,FEM,9.5,3.8,2.97,20201216_161229_024883_1.txt
8918228,8922511,FEM,34.33,16.7,11.5,20201216_161229_024883_1.txt
8920734,8921191,MAL,5.62,2.32,1.56,20201216_161229_024883_1.txt
8921435,8922393,MAL,12.03,5.68,3.72,20201216_161229_024883_1.txt
8926573,8927729,FEM,13.12,6.29,4.17,20201216_161229_024883_1.txt
8930993,8933921,FEM,24.35,11.95,8.16,20201216_161229_024883_1.txt
8945011,8954177,FEM,71.04,35.41,24.55,20201216_161229_024883_1.txt
8949013,8949379,MAL,11.51,5.64,3.5,20201216_161229_024883_1.txt
8955993,8958992,FEM,33.02,16.34,10.69,20201216_161229_024883_1.txt
8958077,8958912,MAL,13.93,6.66,4.28,20201216_161229_024883_1.txt
8963511,8964512,MAL,9.16,4.01,2.83,20201216_161229_024883_1.txt
8966584,8967492,FEM,11.48,5.44,3.53,20201216_161229_024883_1.txt
8967957,8970757,FEM,20.93,9.76,6.95,20201216_161229_024883_1.txt
8973377,8976727,FEM,21.63,9.97,7.32,20201216_161229_024883_1.txt
8990492,8992200,FEM,13.19,5.89,4.24,20201216_161229_024883_1.txt
8992472,8993012,FEM,8.3,3.79,2.46,20201216_161229_024883_1.txt
9005997,9006491,FEM,9.7,4.56,2.92,20201216_161229_024883_1.txt
9015921,9023024,FEM,55.08,27.9,19.1,20201216_161229_024883_1.txt
9026708,9027992,FEM,13.63,6.59,4.31,20201216_161229_024883_1.txt
9028511,9034510,FEM,49.85,24.65,16.91,20201216_161229_024883_1.txt
9045194,9049349,FEM,31.93,15.68,10.89,20201216_161229_024883_1.txt
9084886,9090510,FEM,43.35,21.17,14.84,20201216_161229_024883_1.txt
9091973,9095328,FEM,36.69,18.48,11.92,20201216_161229_024883_1.txt
9105188,9105363,FEM,10.77,5.27,3.22,20201216_161229_024883_1.txt
9122510,9122836,FEM,10.88,5.28,3.29,20201216_161229_024883_1.txt
9123011,9123315,FEM,11.07,5.39,3.34,20201216_161229_024883_1.txt
9151662,9152244,FEM,8.15,3.6,2.37,20201216_161229_024883_1.txt
9154492,9155224,FEM,7.05,2.95,2.08,20201216_161229_024883_1.txt
9159011,9160643,FEM,14.84,6.83,4.77,20201216_161229_024883_1.txt
9161573,9164676,FEM,27.46,13.33,9.12,20201216_161229_024883_1.txt
9165607,9167011,FEM,14.38,7.0,4.58,20201216_161229_024883_1.txt
9167992,9170076,FEM,17.13,8.31,5.61,20201216_161229_024883_1.txt
9171262,9171491,FEM,8.52,4.03,2.48,20201216_161229_024883_1.txt
9172511,9175797,FEM,30.0,15.14,10.0,20201216_161229_024883_1.txt
9176973,9183299,FEM,58.25,29.91,19.76,20201216_161229_024883_1.txt
9182492,9182613,MAL,13.07,6.56,3.98,20201216_161229_024883_1.txt
9182735,9184065,MAL,17.11,8.4,5.43,20201216_161229_024883_1.txt
9183721,9184011,FEM,11.63,5.73,3.53,20201216_161229_024883_1.txt
9190493,9191057,FEM,10.16,4.79,3.09,20201216_161229_024883_1.txt
9196809,9197307,FEM,8.52,3.89,2.53,20201216_161229_024883_1.txt
9197493,9201492,FEM,27.07,12.3,9.19,20201216_161229_024883_1.txt
9212974,9215004,FEM,20.21,9.8,6.58,20201216_161229_024883_1.txt
9215345,9215512,FEM,10.76,5.24,3.22,20201216_161229_024883_1.txt
9226052,9226511,FEM,9.18,4.25,2.74,20201216_161229_024883_1.txt
9228492,9229997,FEM,18.46,9.07,5.9,20201216_161229_024883_1.txt
9232491,9232852,FEM,8.22,3.77,2.41,20201216_161229_024883_1.txt
9236492,9239077,FEM,24.82,12.08,8.21,20201216_161229_024883_1.txt
9249866,9252991,FEM,26.09,12.97,8.77,20201216_161229_024883_1.txt
9261992,9262573,FEM,10.79,5.19,3.3,20201216_161229_024883_1.txt
9267278,9268188,FEM,14.66,7.12,4.59,20201216_161229_024883_1.txt
9270629,9272063,FEM,13.79,6.45,4.39,20201216_161229_024883_1.txt
9280492,9281010,FEM,8.13,3.68,2.4,20201216_161229_024883_1.txt
9286993,9288512,FEM,13.13,6.16,4.24,20201216_161229_024883_1.txt
9291333,9293668,FEM,18.64,8.75,6.11,20201216_161229_024883_1.txt
9294011,9294185,FEM,12.82,6.41,3.9,20201216_161229_024883_1.txt
9294446,9297011,FEM,23.3,11.54,7.75,20201216_161229_024883_1.txt
9299743,9303992,FEM,36.67,18.58,12.43,20201216_161229_024883_1.txt
9312513,9314511,FEM,16.67,7.89,5.45,20201216_161229_024883_1.txt
9334511,9337012,FEM,23.43,11.46,7.73,20201216_161229_024883_1.txt
9341011,9341991,FEM,12.16,5.76,3.82,20201216_161229_024883_1.txt
9348701,9352928,FEM,34.81,17.47,11.86,20201216_161229_024883_1.txt
9366511,9366803,FEM,7.74,3.59,2.23,20201216_161229_024883_1.txt
9368448,9370367,FEM,19.34,9.32,6.32,20201216_161229_024883_1.txt
9371992,9373590,FEM,13.5,6.12,4.32,20201216_161229_024883_1.txt
9373992,9374493,FEM,11.02,5.26,3.31,20201216_161229_024883_1.txt
9379493,9382282,FEM,23.02,11.08,7.64,20201216_161229_024883_1.txt
9393558,9394491,FEM,8.62,3.84,2.64,20201216_161229_024883_1.txt
9395511,9397323,FEM,15.75,7.46,5.11,20201216_161229_024883_1.txt
9399893,9401785,MAL,15.59,7.05,5.01,20201216_161229_024883_1.txt
9400992,9402573,FEM,14.24,6.38,4.51,20201216_161229_024883_1.txt
9405511,9405980,FEM,9.98,4.78,3.01,20201216_161229_024883_1.txt
9419622,9421011,FEM,14.68,6.77,4.68,20201216_161229_024883_1.txt
9422992,9425523,FEM,21.26,10.09,7.01,20201216_161229_024883_1.txt
9438888,9440567,FEM,15.36,7.21,4.95,20201216_161229_024883_1.txt
9441993,9443065,FEM,12.07,5.56,3.76,20201216_161229_024883_1.txt
9445012,9447366,FEM,23.84,11.78,7.84,20201216_161229_024883_1.txt
9448363,9449686,MAL,15.69,7.47,5.0,20201216_161229_024883_1.txt
9456495,9460634,FEM,33.19,16.53,11.31,20201216_161229_024883_1.txt
9461003,9462993,FEM,16.01,7.47,5.22,20201216_161229_024883_1.txt
9465010,9465584,MAL,9.92,4.78,3.01,20201216_161229_024883_1.txt
9465768,9465942,MAL,11.76,5.84,3.55,20201216_161229_024883_1.txt
9470134,9470512,MAL,12.5,6.19,3.83,20201216_161229_024883_1.txt
9518646,9520011,FEM,15.85,7.78,5.06,20201216_161229_024883_1.txt
9589013,9591991,FEM,24.68,11.75,8.23,20201216_161229_024883_1.txt
9617520,9617660,FEM,6.47,2.89,1.79,20201216_161229_024883_1.txt
9618502,9622010,FEM,27.27,13.36,9.23,20201216_161229_024883_1.txt
9629493,9630961,FEM,13.28,6.29,4.23,20201216_161229_024883_1.txt
9668511,9668992,FEM,10.27,4.81,3.11,20201216_161229_024883_1.txt
9670992,9675992,FEM,39.2,19.26,13.4,20201216_161229_024883_1.txt
9680234,9681010,FEM,12.17,5.77,3.74,20201216_161229_024883_1.txt
9695992,9696993,FEM,10.79,4.76,3.37,20201216_161229_024883_1.txt
9699514,9700869,FEM,13.17,5.98,4.17,20201216_161229_024883_1.txt
9704492,9717131,FEM,117.31,59.08,39.08,20201216_161229_024883_1.txt
9717302,9719511,FEM,17.44,8.06,5.53,20201216_161229_024883_1.txt
9721011,9730012,FEM,78.8,39.2,26.27,20201216_161229_024883_1.txt
9730257,9731020,FEM,6.94,2.96,2.05,20201216_161229_024883_1.txt
9748954,9752835,FEM,27.12,12.65,9.19,20201216_161229_024883_1.txt
9753455,9754187,FEM,8.52,3.73,2.57,20201216_161229_024883_1.txt
9754553,9757018,FEM,16.29,7.31,5.45,20201216_161229_024883_1.txt
9759467,9761357,FEM,14.82,6.61,4.76,20201216_161229_024883_1.txt
9762992,9764663,FEM,13.84,6.32,4.45,20201216_161229_024883_1.txt
9767547,9768168,MAL,7.45,3.17,2.19,20201216_161229_024883_1.txt
9797328,9797939,MAL,10.11,4.74,3.08,20201216_161229_024883_1.txt
9838515,9838623,FEM,11.15,5.48,3.34,20201216_161229_024883_1.txt
10054992,10055365,FEM,6.55,2.86,1.85,20201216_161229_024883_1.txt
10073256,10074442,MAL,9.13,3.85,2.85,20201216_161229_024883_1.txt
10199802,10200011,FEM,9.64,4.64,2.85,20201216_161229_024883_1.txt
10215553,10216512,FEM,11.82,5.54,3.71,20201216_161229_024883_1.txt
10241512,10243512,FEM,18.95,9.05,6.15,20201216_161229_024883_1.txt
10244264,10244492,FEM,7.57,3.48,2.17,20201216_161229_024883_1.txt
10245511,10246010,FEM,8.76,4.08,2.61,20201216_161229_024883_1.txt
10246701,10247492,FEM,10.08,4.68,3.1,20201216_161229_024883_1.txt
10249858,10252492,FEM,24.85,12.41,8.28,20201216_161229_024883_1.txt
10254013,10255992,FEM,16.28,7.52,5.31,20201216_161229_024883_1.txt
10260606,10261379,FEM,10.82,5.13,3.34,20201216_161229_024883_1.txt
10264406,10265479,FEM,12.71,5.96,3.97,20201216_161229_024883_1.txt
10269492,10271991,FEM,19.13,8.76,6.3,20201216_161229_024883_1.txt
10273993,10275490,FEM,13.55,6.18,4.32,20201216_161229_024883_1.txt
10277511,10279011,FEM,16.64,8.1,5.35,20201216_161229_024883_1.txt
10296492,10297334,FEM,12.52,5.97,3.87,20201216_161229_024883_1.txt
10300223,10300373,FEM,10.9,5.36,3.26,20201216_161229_024883_1.txt
10305973,10306343,MAL,6.92,3.09,1.97,20201216_161229_024883_1.txt
10305993,10307070,FEM,12.13,5.71,3.78,20201216_161229_024883_1.txt
10306546,10306735,MAL,10.2,4.95,3.04,20201216_161229_024883_1.txt
10314790,10314964,FEM,12.55,6.26,3.82,20201216_161229_024883_1.txt
10364019,10364146,FEM,10.17,4.95,3.02,20201216_161229_024883_1.txt
10364473,10365992,FEM,16.57,7.96,5.33,20201216_161229_024883_1.txt
10371011,10376747,FEM,38.46,18.19,13.33,20201216_161229_024883_1.txt
10379048,10380992,FEM,17.12,8.47,5.59,20201216_161229_024883_1.txt
10386993,10388993,FEM,18.98,8.97,6.16,20201216_161229_024883_1.txt
10389992,10392511,FEM,17.95,8.11,5.91,20201216_161229_024883_1.txt
10400667,10401992,FEM,12.41,5.56,3.96,20201216_161229_024883_1.txt
10416426,10418215,FEM,11.06,4.64,3.54,20201216_161229_024883_1.txt
10421980,10423259,FEM,12.47,5.63,3.87,20201216_161229_024883_1.txt
10425898,10428011,FEM,16.68,7.72,5.42,20201216_161229_024883_1.txt
10429452,10430233,FEM,11.81,5.53,3.62,20201216_161229_024883_1.txt
10431514,10432493,FEM,11.6,5.43,3.64,20201216_161229_024883_1.txt
10448992,10449409,MAL,10.18,4.82,3.07,20201216_161229_024883_1.txt
10449980,10451457,FEM,11.75,5.24,3.77,20201216_161229_024883_1.txt
10455824,10456740,FEM,5.6,2.18,1.63,20201216_161229_024883_1.txt
10458011,10459258,FEM,11.59,5.1,3.57,20201216_161229_024883_1.txt
10460779,10462492,FEM,14.54,6.69,4.64,20201216_161229_024883_1.txt
10462883,10463492,FEM,8.94,3.97,2.69,20201216_161229_024883_1.txt
10463097,10463348,MAL,10.73,5.18,3.22,20201216_161229_024883_1.txt
10464118,10464864,FEM,7.94,3.33,2.33,20201216_161229_024883_1.txt
10472492,10475747,FEM,22.66,10.87,7.65,20201216_161229_024883_1.txt
10477011,10478469,FEM,15.23,7.35,4.87,20201216_161229_024883_1.txt
10479083,10480011,FEM,3.5,0.76,0.93,20201216_161229_024883_1.txt
10483177,10492006,FEM,78.34,38.77,26.14,20201216_161229_024883_1.txt
10483835,10485011,MAL,13.06,6.21,4.1,20201216_161229_024883_1.txt
10495992,10497511,FEM,11.59,4.86,3.67,20201216_161229_024883_1.txt
10505587,10508365,FEM,23.07,11.14,7.65,20201216_161229_024883_1.txt
10514652,10517119,FEM,19.12,9.03,6.24,20201216_161229_024883_1.txt
10521492,10521784,FEM,4.52,1.74,1.16,20201216_161229_024883_1.txt
10522511,10525022,FEM,17.72,8.18,5.78,20201216_161229_024883_1.txt
10532012,10535856,FEM,25.57,11.82,8.67,20201216_161229_024883_1.txt
10540938,10542492,FEM,12.09,5.2,3.84,20201216_161229_024883_1.txt
10548993,10549287,FEM,8.78,4.08,2.58,20201216_161229_024883_1.txt
10551225,10553147,FEM,15.22,7.21,4.9,20201216_161229_024883_1.txt
10554369,10555623,FEM,9.89,4.27,3.06,20201216_161229_024883_1.txt
10560011,10561039,FEM,7.4,2.93,2.19,20201216_161229_024883_1.txt
10562800,10567316,FEM,29.5,13.97,10.09,20201216_161229_024883_1.txt
10567511,10569259,FEM,14.76,6.68,4.71,20201216_161229_024883_1.txt
10573011,10575014,FEM,15.49,7.13,5.05,20201216_161229_024883_1.txt
10575638,10578399,FEM,19.18,8.81,6.41,20201216_161229_024883_1.txt
10628660,10631697,FEM,22.2,9.88,7.3,20201216_161229_024883_1.txt
10636512,10639043,FEM,19.92,9.19,6.51,20201216_161229_024883_1.txt
10640015,10644780,FEM,35.86,16.88,11.93,20201216_161229_024883_1.txt
10649510,10650344,FEM,7.82,3.28,2.3,20201216_161229_024883_1.txt
10651046,10657381,FEM,38.03,17.19,13.24,20201216_161229_024883_1.txt
10657511,10659011,FEM,11.84,5.06,3.75,20201216_161229_024883_1.txt
10660491,10660830,FEM,5.85,2.34,1.61,20201216_161229_024883_1.txt
10662011,10662794,FEM,5.33,2.07,1.52,20201216_161229_024883_1.txt
10666990,10667743,FEM,9.39,4.19,2.86,20201216_161229_024883_1.txt
10667018,10667455,MAL,8.23,3.75,2.42,20201216_161229_024883_1.txt
10669011,10673650,FEM,32.01,15.01,10.84,20201216_161229_024883_1.txt
10676780,10677492,FEM,8.87,4.14,2.68,20201216_161229_024883_1.txt
10679474,10680512,FEM,9.66,4.24,2.9,20201216_161229_024883_1.txt
10681511,10683511,FEM,11.36,4.7,3.68,20201216_161229_024883_1.txt
10684349,10684806,FEM,8.02,3.6,2.36,20201216_161229_024883_1.txt
10684953,10693510,FEM,63.13,29.95,21.34,20201216_161229_024883_1.txt
10697992,10703510,FEM,38.36,17.56,12.89,20201216_161229_024883_1.txt
10712417,10713492,FEM,11.59,5.35,3.6,20201216_161229_024883_1.txt
10719204,10720991,FEM,17.64,8.34,5.68,20201216_161229_024883_1.txt
10731400,10732993,FEM,16.93,8.28,5.41,20201216_161229_024883_1.txt
10733317,10736241,FEM,28.89,14.59,9.57,20201216_161229_024883_1.txt
10737699,10738992,FEM,16.05,7.91,5.12,20201216_161229_024883_1.txt
10740492,10742564,FEM,19.77,9.72,6.49,20201216_161229_024883_1.txt
10741665,10741913,MAL,9.63,4.62,2.86,20201216_161229_024883_1.txt
10744247,10751010,FEM,56.94,29.28,19.61,20201216_161229_024883_1.txt
10751992,10754771,FEM,21.07,10.36,7.04,20201216_161229_024883_1.txt
10755998,10756992,FEM,9.46,4.27,2.93,20201216_161229_024883_1.txt
10757872,10758464,MAL,5.83,2.36,1.65,20201216_161229_024883_1.txt
10766154,10767696,FEM,13.14,6.07,4.19,20201216_161229_024883_1.txt
10770926,10773992,FEM,28.28,13.86,9.18,20201216_161229_024883_1.txt
10776331,10778655,FEM,17.58,8.04,5.75,20201216_161229_024883_1.txt
10779051,10780021,FEM,10.19,4.71,3.17,20201216_161229_024883_1.txt
10781481,10784011,FEM,15.39,6.9,5.16,20201216_161229_024883_1.txt
10787011,10787510,FEM,5.0,1.95,1.36,20201216_161229_024883_1.txt
10792011,10793871,FEM,10.38,4.32,3.33,20201216_161229_024883_1.txt
10796348,10813491,FEM,127.06,62.34,43.93,20201216_161229_024883_1.txt
10816492,10816991,FEM,6.99,3.08,2.02,20201216_161229_024883_1.txt
10818986,10820992,FEM,15.99,7.2,5.17,20201216_161229_024883_1.txt
10821252,10823567,FEM,15.69,6.8,5.12,20201216_161229_024883_1.txt
10832245,10832993,FEM,10.27,4.74,3.15,20201216_161229_024883_1.txt
10841079,10844651,FEM,21.72,9.41,7.29,20201216_161229_024883_1.txt
10846204,10852201,FEM,34.49,15.21,11.95,20201216_161229_024883_1.txt
10859493,10860492,FEM,9.66,4.28,2.94,20201216_161229_024883_1.txt
10864638,10867174,FEM,19.8,9.51,6.58,20201216_161229_024883_1.txt
10872011,10872472,FEM,7.74,3.51,2.27,20201216_161229_024883_1.txt
10880011,10882991,FEM,21.98,10.21,7.33,20201216_161229_024883_1.txt
10885021,10888011,FEM,24.04,11.81,8.07,20201216_161229_024883_1.txt
10895011,10896668,FEM,15.81,7.66,5.1,20201216_161229_024883_1.txt
10897001,10898407,FEM,13.01,6.08,4.13,20201216_161229_024883_1.txt
10901512,10902982,FEM,12.31,5.59,3.9,20201216_161229_024883_1.txt
10929992,10930706,FEM,13.04,6.35,4.02,20201216_161229_024883_1.txt
10931301,10932985,FEM,15.16,7.29,4.89,20201216_161229_024883_1.txt
10941492,10943011,MAL,16.29,7.92,5.24,20201216_161229_024883_1.txt
10956013,10956445,FEM,8.68,4.03,2.57,20201216_161229_024883_1.txt
10970706,10972512,MAL,17.99,8.79,5.85,20201216_161229_024883_1.txt
10982783,10982984,MAL,7.45,3.43,2.12,20201216_161229_024883_1.txt
10983700,10983832,FEM,7.85,3.66,2.24,20201216_161229_024883_1.txt
10989705,10990366,MAL,10.3,4.83,3.1,20201216_161229_024883_1.txt
10990666,10990985,MAL,9.0,4.27,2.66,20201216_161229_024883_1.txt
11037003,11037514,FEM,11.49,5.58,3.52,20201216_161229_024883_1.txt
11037711,11037827,FEM,12.36,6.17,3.74,20201216_161229_024883_1.txt
11064087,11066684,FEM,23.66,11.65,7.88,20201216_161229_024883_1.txt
11066991,11071114,FEM,35.27,17.82,12.0,20201216_161229_024883_1.txt
11075992,11078375,FEM,23.71,11.81,7.8,20201216_161229_024883_1.txt
11095361,11095992,FEM,10.49,4.95,3.16,20201216_161229_024883_1.txt
11099012,11100507,FEM,16.31,7.98,5.24,20201216_161229_024883_1.txt
11101492,11105183,FEM,32.05,15.9,10.75,20201216_161229_024883_1.txt
11106902,11111013,FEM,38.99,19.75,13.03,20201216_161229_024883_1.txt
11113818,11116759,FEM,26.36,12.98,8.78,20201216_161229_024883_1.txt
11118992,11120575,FEM,17.1,8.39,5.52,20201216_161229_024883_1.txt
11122117,11122480,FEM,10.48,5.06,3.16,20201216_161229_024883_1.txt
11132512,11137492,FEM,38.41,18.98,13.14,20201216_161229_024883_1.txt
11138089,11139993,FEM,16.04,7.65,5.22,20201216_161229_024883_1.txt
11141992,11144010,FEM,16.73,8.03,5.47,20201216_161229_024883_1.txt
11145068,11149763,FEM,38.87,19.7,13.3,20201216_161229_024883_1.txt
11151187,11153018,FEM,16.54,7.94,5.37,20201216_161229_024883_1.txt
11154491,11156992,FEM,21.29,10.58,7.07,20201216_161229_024883_1.txt
11159382,11165135,FEM,48.94,25.18,16.78,20201216_161229_024883_1.txt
11170474,11171492,FEM,13.69,6.61,4.29,20201216_161229_024883_1.txt
11178010,11186323,FEM,66.01,33.71,22.95,20201216_161229_024883_1.txt
11189610,11191421,FEM,15.08,7.04,4.88,20201216_161229_024883_1.txt
11191772,11192518,FEM,8.81,4.0,2.67,20201216_161229_024883_1.txt
11199176,11199843,FEM,7.85,3.45,2.34,20201216_161229_024883_1.txt
11203790,11205511,FEM,16.48,7.95,5.28,20201216_161229_024883_1.txt
11209268,11214012,FEM,39.51,20.15,13.52,20201216_161229_024883_1.txt
11216068,11216184,FEM,6.29,2.79,1.72,20201216_161229_024883_1.txt
11218303,11221896,FEM,29.38,14.79,9.95,20201216_161229_024883_1.txt
11222287,11224493,FEM,19.8,9.6,6.37,20201216_161229_024883_1.txt
11224678,11230512,FEM,50.37,25.9,17.16,20201216_161229_024883_1.txt
11231484,11232200,FEM,8.85,4.02,2.62,20201216_161229_024883_1.txt
11233688,11233799,FEM,8.23,3.88,2.37,20201216_161229_024883_1.txt
11233991,11234308,FEM,6.34,2.79,1.77,20201216_161229_024883_1.txt
11238991,11240010,FEM,12.49,6.01,3.89,20201216_161229_024883_1.txt
11262011,11263493,FEM,15.56,7.39,4.94,20201216_161229_024883_1.txt
11266401,11267992,FEM,15.71,7.43,5.06,20201216_161229_024883_1.txt
11270625,11276805,FEM,52.05,26.0,17.51,20201216_161229_024883_1.txt
11278074,11279557,FEM,16.88,8.26,5.38,20201216_161229_024883_1.txt
11283813,11284311,FEM,9.67,4.53,2.86,20201216_161229_024883_1.txt
11293992,11294512,FEM,11.27,5.47,3.45,20201216_161229_024883_1.txt
11308511,11308739,FEM,11.93,5.93,3.62,20201216_161229_024883_1.txt
11315511,11318903,FEM,36.37,18.27,11.82,20201216_161229_024883_1.txt
11319200,11324511,FEM,51.18,25.89,17.08,20201216_161229_024883_1.txt
11346831,11347012,FEM,11.8,5.87,3.57,20201216_161229_024883_1.txt
11350064,11350169,MAL,12.8,6.41,3.89,20201216_161229_024883_1.txt
11395176,11396106,FEM,11.47,5.28,3.53,20201216_161229_024883_1.txt
11395747,11396069,MAL,10.35,4.99,3.11,20201216_161229_024883_1.txt
11397993,11398793,FEM,8.39,3.8,2.54,20201216_161229_024883_1.txt
11450492,11452011,FEM,13.66,6.42,4.26,20201216_161229_024883_1.txt
11452229,11452492,FEM,6.44,2.85,1.8,20201216_161229_024883_1.txt
11457011,11457208,FEM,6.64,2.96,1.85,20201216_161229_024883_1.txt
11478137,11478491,FEM,8.23,3.81,2.41,20201216_161229_024883_1.txt
11490331,11490491,FEM,6.87,3.1,1.92,20201216_161229_024883_1.txt
11516492,11518011,FEM,12.71,6.0,4.1,20201216_161229_024883_1.txt
11519827,11522492,FEM,24.17,12.24,8.06,20201216_161229_024883_1.txt
11526440,11532932,FEM,51.93,25.92,17.74,20201216_161229_024883_1.txt
11572011,11573776,MAL,19.18,9.4,6.14,20201216_161229_024883_1.txt
11575037,11577342,FEM,16.44,7.44,5.42,20201216_161229_024883_1.txt
11578996,11580473,FEM,12.5,5.64,3.97,20201216_161229_024883_1.txt
11587988,11589267,FEM,14.17,6.85,4.54,20201216_161229_024883_1.txt
11604376,11605534,FEM,11.01,5.03,3.47,20201216_161229_024883_1.txt
11654012,11655568,FEM,12.76,5.89,4.07,20201216_161229_024883_1.txt
11675460,11676886,FEM,16.43,7.78,5.16,20201216_161229_024883_1.txt
11688096,11688214,MAL,7.82,3.68,2.23,20201216_161229_024883_1.txt
11690106,11695251,FEM,42.37,21.01,14.43,20201216_161229_024883_1.txt
11696073,11697411,FEM,14.18,6.67,4.5,20201216_161229_024883_1.txt
11704009,11705330,FEM,13.46,6.15,4.21,20201216_161229_024883_1.txt
11710011,11711481,FEM,17.05,8.34,5.48,20201216_161229_024883_1.txt
11713094,11716648,FEM,30.48,15.2,10.31,20201216_161229_024883_1.txt
11718552,11720511,FEM,17.14,7.96,5.59,20201216_161229_024883_1.txt
11728641,11729584,FEM,13.1,6.24,4.03,20201216_161229_024883_1.txt
11732546,11733184,FEM,6.79,2.9,1.98,20201216_161229_024883_1.txt
11736492,11736975,FEM,10.1,4.82,3.05,20201216_161229_024883_1.txt
11764605,11766800,FEM,21.52,10.81,7.1,20201216_161229_024883_1.txt
11832492,11833012,FEM,11.18,5.37,3.42,20201216_161229_024883_1.txt
11838992,11840492,FEM,18.62,9.25,6.01,20201216_161229_024883_1.txt
11841012,11842011,FEM,15.9,7.82,4.97,20201216_161229_024883_1.txt
11843992,11845511,FEM,14.69,6.94,4.76,20201216_161229_024883_1.txt
11849993,11850511,FEM,13.63,6.8,4.23,20201216_161229_024883_1.txt
11855290,11857317,FEM,21.81,10.89,7.16,20201216_161229_024883_1.txt
11862011,11863511,FEM,17.49,8.4,5.63,20201216_161229_024883_1.txt
11866530,11866991,MAL,12.58,6.21,3.87,20201216_161229_024883_1.txt
11876510,11878628,FEM,20.93,10.39,6.89,20201216_161229_024883_1.txt
11890476,11891888,FEM,18.1,9.1,5.82,20201216_161229_024883_1.txt
11899492,11901510,FEM,22.62,11.43,7.43,20201216_161229_024883_1.txt
11918585,11920499,FEM,18.35,8.68,5.94,20201216_161229_024883_1.txt
11931182,11932512,FEM,15.14,7.13,4.77,20201216_161229_024883_1.txt
11934177,11934493,FEM,8.88,4.13,2.62,20201216_161229_024883_1.txt
11945011,11949466,FEM,34.3,16.6,11.63,20201216_161229_024883_1.txt
11964513,11964618,MAL,9.16,4.41,2.68,20201216_161229_024883_1.txt
11968012,11969259,FEM,13.46,6.13,4.3,20201216_161229_024883_1.txt
11983012,11985012,FEM,18.61,8.92,6.09,20201216_161229_024883_1.txt
11985391,11985501,FEM,12.57,6.28,3.81,20201216_161229_024883_1.txt
11992585,11993010,FEM,9.6,4.52,2.88,20201216_161229_024883_1.txt
11995617,11998379,FEM,27.17,13.6,9.02,20201216_161229_024883_1.txt
12000511,12003316,FEM,25.92,13.04,8.72,20201216_161229_024883_1.txt
12005012,12006539,FEM,19.53,9.7,6.26,20201216_161229_024883_1.txt
12007339,12009892,FEM,25.08,12.7,8.34,20201216_161229_024883_1.txt
12013080,12013186,FEM,11.41,5.66,3.43,20201216_161229_024883_1.txt
12013491,12017011,FEM,28.92,14.07,9.78,20201216_161229_024883_1.txt
12018100,12019492,FEM,17.95,8.83,5.72,20201216_161229_024883_1.txt
12019992,12021143,FEM,15.41,7.49,4.88,20201216_161229_024883_1.txt
12021510,12022992,FEM,18.85,9.37,6.09,20201216_161229_024883_1.txt
12032697,12035559,FEM,27.33,13.81,9.14,20201216_161229_024883_1.txt
12036202,12039288,FEM,29.82,15.02,9.95,20201216_161229_024883_1.txt
12066992,12068011,FEM,12.43,5.85,3.87,20201216_161229_024883_1.txt
12073361,12076891,FEM,32.36,16.39,10.93,20201216_161229_024883_1.txt
12079511,12081011,FEM,15.48,7.39,5.02,20201216_161229_024883_1.txt
12084490,12092492,FEM,61.42,30.85,21.36,20201216_161229_024883_1.txt
12097394,12098233,FEM,11.17,5.23,3.47,20201216_161229_024883_1.txt
12217669,12218511,FEM,6.12,2.43,1.79,20201216_161229_024883_1.txt
12227510,12227674,FEM,3.83,1.42,0.91,20201216_161229_024883_1.txt
12229144,12229250,FEM,5.66,2.46,1.51,20201216_161229_024883_1.txt
12229515,12232510,FEM,25.23,12.19,8.15,20201216_161229_024883_1.txt
12234343,12234704,FEM,3.65,1.3,0.88,20201216_161229_024883_1.txt
12234954,12235416,FEM,4.01,1.49,1.02,20201216_161229_024883_1.txt
12236010,12239287,FEM,29.51,14.76,9.62,20201216_161229_024883_1.txt
12240011,12245521,FEM,52.35,26.45,17.24,20201216_161229_024883_1.txt
12246491,12246992,FEM,7.1,3.12,2.06,20201216_161229_024883_1.txt
12247511,12248012,FEM,4.62,1.79,1.23,20201216_161229_024883_1.txt
12250067,12251071,FEM,8.01,3.41,2.45,20201216_161229_024883_1.txt
12253511,12254657,FEM,10.14,4.65,3.18,20201216_161229_024883_1.txt
12259193,12261238,FEM,15.54,7.28,5.08,20201216_161229_024883_1.txt
12264011,12267492,FEM,27.16,13.23,9.14,20201216_161229_024883_1.txt
12267784,12270443,FEM,18.36,8.52,6.17,20201216_161229_024883_1.txt
12286068,12286483,FEM,8.2,3.78,2.41,20201216_161229_024883_1.txt
12288513,12289011,FEM,4.65,1.74,1.24,20201216_161229_024883_1.txt
12319992,12321042,FEM,9.63,4.33,2.94,20201216_161229_024883_1.txt
12321307,12326034,FEM,39.25,18.86,12.95,20201216_161229_024883_1.txt
12335492,12336381,FEM,8.72,3.91,2.66,20201216_161229_024883_1.txt
12336992,12340478,FEM,24.83,11.81,8.41,20201216_161229_024883_1.txt
12342405,12344045,FEM,11.31,4.92,3.6,20201216_161229_024883_1.txt
12348511,12350636,FEM,17.81,8.43,5.85,20201216_161229_024883_1.txt
12357615,12364512,FEM,54.88,26.82,18.47,20201216_161229_024883_1.txt
12366010,12368492,FEM,19.82,9.14,6.31,20201216_161229_024883_1.txt
12371537,12373493,FEM,19.46,9.44,6.21,20201216_161229_024883_1.txt
12375521,12375992,FEM,6.49,2.79,1.85,20201216_161229_024883_1.txt
12377688,12377995,FEM,8.71,4.11,2.56,20201216_161229_024883_1.txt
12379993,12381184,FEM,14.9,7.19,4.67,20201216_161229_024883_1.txt
12382011,12383663,FEM,15.67,7.35,5.05,20201216_161229_024883_1.txt
12386512,12388699,FEM,18.24,8.65,6.0,20201216_161229_024883_1.txt
12393511,12395992,FEM,20.09,9.63,6.67,20201216_161229_024883_1.txt
12396993,12398724,FEM,16.7,8.08,5.41,20201216_161229_024883_1.txt
12403139,12404011,FEM,10.39,4.83,3.16,20201216_161229_024883_1.txt
12419155,12426366,FEM,54.35,27.15,18.88,20201216_161229_024883_1.txt
12427887,12432882,FEM,38.14,18.76,13.1,20201216_161229_024883_1.txt
12433993,12434972,FEM,13.39,6.38,4.18,20201216_161229_024883_1.txt
12437007,12438011,FEM,10.67,5.06,3.33,20201216_161229_024883_1.txt
12442226,12442958,FEM,11.05,5.26,3.36,20201216_161229_024883_1.txt
12442606,12442862,MAL,9.55,4.58,2.83,20201216_161229_024883_1.txt
12448742,12448943,FEM,8.62,4.09,2.51,20201216_161229_024883_1.txt
12457501,12458991,FEM,16.91,8.08,5.44,20201216_161229_024883_1.txt
12471065,12472515,FEM,13.41,6.3,4.22,20201216_161229_024883_1.txt
12473573,12474572,FEM,8.89,3.9,2.69,20201216_161229_024883_1.txt
12477073,12478733,FEM,12.62,5.59,4.04,20201216_161229_024883_1.txt
12508513,12510511,FEM,16.78,8.1,5.48,20201216_161229_024883_1.txt
12523189,12523724,MAL,10.77,5.13,3.29,20201216_161229_024883_1.txt
12559992,12561745,FEM,14.94,6.9,4.77,20201216_161229_024883_1.txt
12562992,12564025,FEM,8.16,3.45,2.5,20201216_161229_024883_1.txt
12568876,12570719,FEM,16.61,7.84,5.35,20201216_161229_024883_1.txt
12608492,12610728,FEM,18.78,8.82,6.24,20201216_161229_024883_1.txt
12611390,12612956,FEM,16.56,8.01,5.39,20201216_161229_024883_1.txt
12632552,12633271,FEM,5.89,2.44,1.69,20201216_161229_024883_1.txt
12642136,12642409,FEM,10.48,5.12,3.14,20201216_161229_024883_1.txt
12651064,12651347,FEM,10.86,5.25,3.27,20201216_161229_024883_1.txt
12651461,12653332,FEM,20.34,9.94,6.59,20201216_161229_024883_1.txt
12693993,12696970,FEM,26.58,13.38,8.91,20201216_161229_024883_1.txt
12703078,12703841,FEM,10.09,4.79,3.1,20201216_161229_024883_1.txt
12728151,12729823,FEM,17.91,8.77,5.8,20201216_161229_024883_1.txt
12728438,12728789,MAL,9.81,4.72,2.93,20201216_161229_024883_1.txt
12763570,12763691,FEM,10.26,5.01,3.05,20201216_161229_024883_1.txt
12764939,12765428,MAL,9.52,4.47,2.86,20201216_161229_024883_1.txt
12807310,12808074,MAL,10.2,4.88,3.13,20201216_161229_024883_1.txt
12822992,12825977,FEM,27.93,14.16,9.36,20201216_161229_024883_1.txt
12840992,12844772,FEM,32.68,16.59,11.13,20201216_161229_024883_1.txt
12844713,12846699,MAL,20.3,9.87,6.6,20201216_161229_024883_1.txt
12848011,12848953,FEM,14.13,6.87,4.47,20201216_161229_024883_1.txt
12858144,12860105,FEM,22.37,11.13,7.28,20201216_161229_024883_1.txt
12870492,12871459,FEM,15.54,7.58,4.89,20201216_161229_024883_1.txt
12891493,12891647,FEM,10.88,5.29,3.26,20201216_161229_024883_1.txt
12891808,12892419,FEM,13.26,6.54,4.13,20201216_161229_024883_1.txt
12929708,12931011,FEM,15.89,7.64,5.07,20201216_161229_024883_1.txt
12942124,12943992,FEM,20.28,10.03,6.57,20201216_161229_024883_1.txt
12956016,12956365,FEM,11.18,5.48,3.39,20201216_161229_024883_1.txt
12959011,12961530,FEM,23.92,11.73,7.9,20201216_161229_024883_1.txt
12963011,12964791,FEM,19.86,9.81,6.47,20201216_161229_024883_1.txt
12966254,12968492,FEM,25.08,12.5,8.18,20201216_161229_024883_1.txt
12969511,12970969,FEM,16.46,8.1,5.28,20201216_161229_024883_1.txt
12974119,12975771,FEM,19.67,9.89,6.39,20201216_161229_024883_1.txt
12978512,12978635,FEM,10.6,5.18,3.16,20201216_161229_024883_1.txt
12978932,12981011,FEM,19.89,9.57,6.53,20201216_161229_024883_1.txt
12981688,12981992,FEM,11.16,5.47,3.38,20201216_161229_024883_1.txt
12993011,12996011,FEM,24.94,12.19,8.37,20201216_161229_024883_1.txt
13007112,13007255,MAL,9.93,4.83,2.94,20201216_161229_024883_1.txt
13011492,13012586,FEM,12.28,5.84,3.88,20201216_161229_024883_1.txt
13012864,13012992,FEM,8.71,4.15,2.53,20201216_161229_024883_1.txt
13015492,13018482,FEM,25.8,12.81,8.66,20201216_161229_024883_1.txt
13015612,13015816,MAL,5.77,2.48,1.56,20201216_161229_024883_1.txt
13019132,13019572,MAL,11.61,5.68,3.55,20201216_161229_024883_1.txt
13021277,13022813,FEM,17.48,8.6,5.64,20201216_161229_024883_1.txt
13021347,13021516,MAL,11.04,5.44,3.31,20201216_161229_024883_1.txt
13026329,13027949,FEM,14.76,7.03,4.8,20201216_161229_024883_1.txt
13028418,13029918,FEM,16.61,8.07,5.34,20201216_161229_024883_1.txt
13043519,13045367,FEM,16.34,7.98,5.31,20201216_161229_024883_1.txt
13050992,13053012,FEM,20.44,9.99,6.71,20201216_161229_024883_1.txt
13056803,13059510,FEM,24.72,12.24,8.25,20201216_161229_024883_1.txt
13063013,13063150,FEM,11.38,5.63,3.42,20201216_161229_024883_1.txt
13075611,13076354,FEM,13.29,6.48,4.16,20201216_161229_024883_1.txt
13078493,13078949,FEM,9.06,4.27,2.7,20201216_161229_024883_1.txt
13084652,13085913,MAL,12.19,5.69,3.88,20201216_161229_024883_1.txt
13087214,13087808,MAL,8.35,3.69,2.49,20201216_161229_024883_1.txt
13115500,13117680,FEM,22.21,10.93,7.27,20201216_161229_024883_1.txt
13118801,13118978,FEM,12.97,6.53,3.96,20201216_161229_024883_1.txt
13145151,13145750,FEM,11.73,5.72,3.62,20201216_161229_024883_1.txt
13176807,13177310,FEM,11.67,5.69,3.58,20201216_161229_024883_1.txt
13188369,13188992,FEM,10.89,5.14,3.34,20201216_161229_024883_1.txt
13196733,13197381,FEM,11.82,5.69,3.65,20201216_161229_024883_1.txt
13219936,13221004,FEM,13.43,6.47,4.26,20201216_161229_024883_1.txt
13224924,13225066,MAL,10.5,5.13,3.13,20201216_161229_024883_1.txt
13225606,13227771,FEM,19.45,9.28,6.4,20201216_161229_024883_1.txt
13246166,13246316,FEM,11.61,5.77,3.5,20201216_161229_024883_1.txt
13258434,13260614,FEM,23.99,11.97,7.86,20201216_161229_024883_1.txt
13260731,13261257,FEM,13.39,6.66,4.16,20201216_161229_024883_1.txt
13261511,13263511,FEM,23.19,11.7,7.62,20201216_161229_024883_1.txt
13268941,13270323,FEM,17.32,8.53,5.61,20201216_161229_024883_1.txt
13271492,13274599,FEM,30.36,15.31,10.19,20201216_161229_024883_1.txt
13275416,13276273,FEM,15.14,7.46,4.74,20201216_161229_024883_1.txt
13277512,13280511,FEM,29.55,14.91,9.85,20201216_161229_024883_1.txt
13295011,13295116,FEM,10.52,5.16,3.13,20201216_161229_024883_1.txt
13303357,13304000,FEM,10.41,4.92,3.18,20201216_161229_024883_1.txt
13310011,13311969,FEM,18.81,9.04,6.15,20201216_161229_024883_1.txt
13315992,13316493,FEM,12.5,6.2,3.86,20201216_161229_024883_1.txt
13317036,13317800,FEM,14.2,6.93,4.41,20201216_161229_024883_1.txt
13320032,13321822,FEM,17.48,8.34,5.68,20201216_161229_024883_1.txt
13335145,13335432,FEM,11.69,5.73,3.55,20201216_161229_024883_1.txt
13338992,13339345,FEM,11.67,5.69,3.55,20201216_161229_024883_1.txt
13341993,13343127,FEM,10.84,4.67,3.41,20201216_161229_024883_1.txt
13343257,13344992,FEM,18.11,8.79,5.88,20201216_161229_024883_1.txt
13346512,13347621,FEM,13.43,6.27,4.22,20201216_161229_024883_1.txt
13351492,13352693,FEM,14.08,6.76,4.5,20201216_161229_024883_1.txt
13354991,13356491,FEM,14.53,6.74,4.7,20201216_161229_024883_1.txt
13357011,13357892,FEM,13.84,6.73,4.31,20201216_161229_024883_1.txt
13361262,13362511,FEM,14.89,7.17,4.78,20201216_161229_024883_1.txt
13373483,13374492,FEM,12.66,6.01,3.94,20201216_161229_024883_1.txt
13381970,13382993,FEM,12.89,6.04,4.02,20201216_161229_024883_1.txt
13391004,13392141,FEM,14.13,6.74,4.5,20201216_161229_024883_1.txt
13401973,13402105,FEM,11.87,5.87,3.58,20201216_161229_024883_1.txt
13404150,13405011,FEM,12.98,6.09,4.08,20201216_161229_024883_1.txt
13412027,13415429,FEM,24.93,11.48,8.43,20201216_161229_024883_1.txt
13418317,13418435,FEM,14.47,7.35,4.44,20201216_161229_024883_1.txt
13419982,13420341,FEM,3.61,1.18,0.87,20201216_161229_024883_1.txt
13422993,13424309,FEM,18.36,9.03,5.89,20201216_161229_024883_1.txt
13430895,13432044,FEM,14.46,6.86,4.62,20201216_161229_024883_1.txt
13433094,13433492,FEM,12.37,6.01,3.79,20201216_161229_024883_1.txt
13442011,13443199,FEM,17.07,8.33,5.44,20201216_161229_024883_1.txt
13444010,13445510,FEM,18.68,8.85,5.97,20201216_161229_024883_1.txt
13444809,13444917,MAL,14.02,7.11,4.3,20201216_161229_024883_1.txt
13449993,13451034,FEM,15.02,7.27,4.79,20201216_161229_024883_1.txt
13460011,13462169,FEM,22.67,10.9,7.42,20201216_161229_024883_1.txt
13466397,13469873,FEM,26.78,12.72,9.01,20201216_161229_024883_1.txt
13473493,13474139,FEM,14.06,6.89,4.4,20201216_161229_024883_1.txt
13482261,13483493,FEM,14.89,7.11,4.72,20201216_161229_024883_1.txt
13488935,13489510,FEM,12.76,6.25,3.95,20201216_161229_024883_1.txt
13504521,13506511,FEM,20.34,9.86,6.66,20201216_161229_024883_1.txt
13516492,13517680,FEM,16.18,7.88,5.14,20201216_161229_024883_1.txt
13518993,13520512,FEM,17.53,8.36,5.65,20201216_161229_024883_1.txt
13520662,13520929,MAL,11.74,5.78,3.56,20201216_161229_024883_1.txt
13520967,13521433,FEM,11.92,5.77,3.65,20201216_161229_024883_1.txt
13531347,13532896,FEM,19.34,9.47,6.2,20201216_161229_024883_1.txt
13534155,13535100,FEM,13.52,6.38,4.27,20201216_161229_024883_1.txt
13538492,13539012,FEM,11.16,5.41,3.41,20201216_161229_024883_1.txt
13571537,13573143,MAL,15.42,7.03,4.96,20201216_161229_024883_1.txt
13587046,13587162,FEM,14.09,7.14,4.32,20201216_161229_024883_1.txt
13589993,13590589,MAL,3.52,0.84,0.88,20201216_161229_024883_1.txt
13591641,13592019,FEM,5.72,2.42,1.58,20201216_161229_024883_1.txt
13598781,13600556,FEM,16.95,7.67,5.5,20201216_161229_024883_1.txt
13600992,13601395,FEM,13.45,6.7,4.16,20201216_161229_024883_1.txt
13605081,13605451,FEM,12.54,6.04,3.84,20201216_161229_024883_1.txt
13605751,13605996,FEM,14.0,7.05,4.31,20201216_161229_024883_1.txt
13624011,13624735,FEM,12.73,6.09,3.92,20201216_161229_024883_1.txt
13624848,13625454,FEM,11.0,5.31,3.37,20201216_161229_024883_1.txt
13628512,13628895,FEM,11.0,5.24,3.33,20201216_161229_024883_1.txt
13635525,13636389,FEM,13.1,6.34,4.06,20201216_161229_024883_1.txt
13638512,13640493,FEM,19.13,9.44,6.26,20201216_161229_024883_1.txt
13641818,13642746,FEM,11.63,5.53,3.59,20201216_161229_024883_1.txt
13643699,13646934,FEM,24.93,11.97,8.41,20201216_161229_024883_1.txt
13653345,13654037,FEM,10.95,5.22,3.37,20201216_161229_024883_1.txt
13654658,13654992,FEM,9.68,4.57,2.89,20201216_161229_024883_1.txt
13664560,13665492,FEM,12.73,6.16,4.01,20201216_161229_024883_1.txt
13674661,13674938,MAL,10.47,5.05,3.14,20201216_161229_024883_1.txt
13674992,13676291,FEM,16.59,8.19,5.3,20201216_161229_024883_1.txt
13676408,13677809,FEM,16.9,8.35,5.42,20201216_161229_024883_1.txt
13678345,13678490,MAL,10.85,5.35,3.25,20201216_161229_024883_1.txt
13678511,13678864,FEM,12.26,6.08,3.75,20201216_161229_024883_1.txt
13681011,13681727,FEM,9.31,4.38,2.83,20201216_161229_024883_1.txt
13684511,13691104,FEM,61.05,31.39,20.64,20201216_161229_024883_1.txt
13692071,13694140,FEM,20.55,9.92,6.7,20201216_161229_024883_1.txt
13697316,13698492,FEM,10.02,4.34,3.14,20201216_161229_024883_1.txt
13713233,13713493,FEM,10.13,4.86,3.03,20201216_161229_024883_1.txt
13720992,13724111,FEM,22.4,10.51,7.54,20201216_161229_024883_1.txt
13724627,13725877,FEM,15.88,7.73,5.06,20201216_161229_024883_1.txt
13728511,13728779,FEM,7.39,3.36,2.12,20201216_161229_024883_1.txt
13754696,13756510,FEM,12.17,5.28,3.92,20201216_161229_024883_1.txt
13756993,13757511,FEM,6.76,2.95,1.95,20201216_161229_024883_1.txt
13758491,13760332,FEM,15.34,7.14,4.98,20201216_161229_024883_1.txt
13763491,13764576,FEM,9.51,4.09,2.91,20201216_161229_024883_1.txt
13772992,13775022,FEM,18.37,8.93,6.02,20201216_161229_024883_1.txt
13781100,13782447,FEM,13.83,6.67,4.39,20201216_161229_024883_1.txt
13783993,13786069,FEM,22.34,10.75,7.08,20201216_161229_024883_1.txt
13788448,13790022,FEM,14.72,6.95,4.67,20201216_161229_024883_1.txt
13790844,13792339,FEM,12.65,5.59,3.97,20201216_161229_024883_1.txt
13792867,13794246,FEM,13.36,6.29,4.24,20201216_161229_024883_1.txt
13794820,13796011,FEM,10.34,4.35,3.25,20201216_161229_024883_1.txt
13808011,13809511,FEM,14.95,6.78,4.74,20201216_161229_024883_1.txt
13810993,13812061,FEM,14.78,7.11,4.61,20201216_161229_024883_1.txt
13817216,13821992,FEM,33.74,16.13,11.49,20201216_161229_024883_1.txt
13824351,13826659,FEM,21.9,10.53,6.98,20201216_161229_024883_1.txt
13834992,13837302,FEM,21.85,10.39,7.01,20201216_161229_024883_1.txt
13840381,13842993,FEM,21.16,9.95,6.99,20201216_161229_024883_1.txt
13845992,13846785,FEM,10.89,5.08,3.32,20201216_161229_024883_1.txt
13855841,13857010,FEM,12.06,5.77,3.77,20201216_161229_024883_1.txt
13861493,13863511,FEM,21.3,10.24,6.78,20201216_161229_024883_1.txt
13866512,13867357,FEM,11.8,5.55,3.63,20201216_161229_024883_1.txt
13881851,13886512,FEM,42.21,21.15,14.19,20201216_161229_024883_1.txt
13891532,13894325,FEM,23.52,11.37,7.86,20201216_161229_024883_1.txt
13900120,13900415,FEM,3.01,0.91,0.66,20201216_161229_024883_1.txt
13900758,13900993,FEM,7.41,3.4,2.12,20201216_161229_024883_1.txt
13907292,13908492,FEM,13.95,6.73,4.4,20201216_161229_024883_1.txt
13912511,13914536,FEM,17.93,8.49,5.87,20201216_161229_024883_1.txt
13915010,13915184,FEM,10.03,4.85,2.98,20201216_161229_024883_1.txt
13915420,13916119,FEM,10.56,4.97,3.24,20201216_161229_024883_1.txt
13922557,13924407,FEM,16.62,7.93,5.35,20201216_161229_024883_1.txt
13925169,13926561,FEM,14.06,6.68,4.42,20201216_161229_024883_1.txt
13929869,13930620,MAL,8.06,3.52,2.37,20201216_161229_024883_1.txt
13930063,13930492,FEM,6.04,2.57,1.69,20201216_161229_024883_1.txt
13938492,13940492,FEM,21.54,10.42,6.8,20201216_161229_024883_1.txt
13939511,13940134,MAL,10.82,5.08,3.21,20201216_161229_024883_1.txt
13952512,13954512,FEM,16.02,7.27,5.18,20201216_161229_024883_1.txt
13961631,13962412,FEM,9.6,4.48,2.94,20201216_161229_024883_1.txt
13963011,13967755,FEM,36.13,17.76,12.34,20201216_161229_024883_1.txt
13969938,13976511,FEM,55.84,28.76,19.26,20201216_161229_024883_1.txt
13971569,13972011,MAL,11.56,5.67,3.53,20201216_161229_024883_1.txt
13992154,13992554,FEM,10.4,4.98,3.14,20201216_161229_024883_1.txt
13995040,13995244,MAL,10.46,5.1,3.12,20201216_161229_024883_1.txt
13995359,13995477,MAL,12.65,6.34,3.84,20201216_161229_024883_1.txt
13995710,13995938,MAL,10.58,5.16,3.17,20201216_161229_024883_1.txt
13999011,13999510,FEM,12.51,6.16,3.86,20201216_161229_024883_1.txt
14008992,14010013,FEM,14.5,7.17,4.61,20201216_161229_024883_1.txt
14106241,14106813,FEM,5.36,2.12,1.49,20201216_161229_024883_1.txt
14122991,14126589,FEM,27.12,12.96,9.2,20201216_161229_024883_1.txt
14128493,14129492,FEM,10.83,4.74,3.33,20201216_161229_024883_1.txt
14154510,14155511,FEM,8.86,3.8,2.73,20201216_161229_024883_1.txt
14163992,14166010,FEM,19.14,9.33,6.27,20201216_161229_024883_1.txt
14167833,14167985,MAL,10.66,5.23,3.18,20201216_161229_024883_1.txt
14177511,14179706,FEM,17.66,8.38,5.75,20201216_161229_024883_1.txt
14182511,14184280,FEM,20.8,10.02,6.52,20201216_161229_024883_1.txt
14183134,14184730,MAL,17.27,8.33,5.52,20201216_161229_024883_1.txt
14188178,14189493,FEM,15.17,7.17,4.78,20201216_161229_024883_1.txt
14199243,14199493,FEM,12.09,6.02,3.68,20201216_161229_024883_1.txt
14199643,14199872,FEM,11.77,5.82,3.57,20201216_161229_024883_1.txt
14200858,14201587,FEM,11.98,5.67,3.67,20201216_161229_024883_1.txt
14243302,14243493,FEM,10.63,5.19,3.18,20201216_161229_024883_1.txt
14246511,14246921,FEM,11.25,5.38,3.42,20201216_161229_024883_1.txt
14247449,14249158,FEM,13.55,6.19,4.36,20201216_161229_024883_1.txt
14249702,14251492,FEM,17.27,8.12,5.56,20201216_161229_024883_1.txt
14258314,14259512,FEM,15.0,6.98,4.7,20201216_161229_024883_1.txt
14267011,14269493,FEM,23.75,11.66,7.78,20201216_161229_024883_1.txt
14274527,14277696,FEM,28.35,13.62,9.27,20201216_161229_024883_1.txt
14278110,14278459,FEM,6.31,2.74,1.77,20201216_161229_024883_1.txt
14280511,14281512,FEM,9.79,4.43,2.98,20201216_161229_024883_1.txt
14282992,14284457,FEM,12.91,6.2,4.1,20201216_161229_024883_1.txt
14286993,14289511,FEM,20.34,9.85,6.7,20201216_161229_024883_1.txt
14287730,14287931,MAL,4.51,1.81,1.14,20201216_161229_024883_1.txt
14292511,14294715,FEM,20.03,9.7,6.6,20201216_161229_024883_1.txt
14296966,14298311,FEM,15.49,7.52,4.94,20201216_161229_024883_1.txt
14305511,14307001,FEM,14.55,6.9,4.65,20201216_161229_024883_1.txt
14307140,14307245,FEM,7.88,3.7,2.25,20201216_161229_024883_1.txt
14313011,14313468,FEM,9.15,4.26,2.73,20201216_161229_024883_1.txt
14313962,14314274,FEM,9.41,4.51,2.79,20201216_161229_024883_1.txt
14314042,14315287,MAL,15.12,7.25,4.7,20201216_161229_024883_1.txt
14315262,14315417,FEM,9.89,4.8,2.93,20201216_161229_024883_1.txt
14317503,14318355,FEM,14.05,6.81,4.38,20201216_161229_024883_1.txt
14317793,14317938,MAL,13.44,6.73,4.11,20201216_161229_024883_1.txt
14320179,14320311,FEM,7.99,3.75,2.29,20201216_161229_024883_1.txt
14324371,14335024,FEM,99.2,48.73,32.5,20201216_161229_024883_1.txt
14336492,14339546,FEM,29.19,14.06,9.27,20201216_161229_024883_1.txt
14340351,14344511,FEM,30.89,14.74,10.44,20201216_161229_024883_1.txt
14347010,14349992,FEM,21.0,9.71,7.05,20201216_161229_024883_1.txt
14351992,14353011,FEM,12.53,5.81,3.8,20201216_161229_024883_1.txt
14365510,14368991,FEM,28.07,13.54,9.39,20201216_161229_024883_1.txt
14371511,14373671,FEM,17.58,8.09,5.72,20201216_161229_024883_1.txt
14375991,14378033,FEM,15.33,6.82,4.95,20201216_161229_024883_1.txt
14379336,14382566,FEM,22.97,10.57,7.7,20201216_161229_024883_1.txt
14391997,14393511,FEM,15.36,7.15,4.87,20201216_161229_024883_1.txt
14393658,14393808,FEM,9.73,4.69,2.87,20201216_161229_024883_1.txt
14394829,14397497,FEM,21.6,10.2,7.1,20201216_161229_024883_1.txt
14397760,14398011,FEM,7.2,3.27,2.05,20201216_161229_024883_1.txt
14400992,14401969,FEM,13.96,6.62,4.32,20201216_161229_024883_1.txt
14410049,14411382,FEM,11.79,5.33,3.71,20201216_161229_024883_1.txt
14435261,14436491,FEM,11.26,4.86,3.46,20201216_161229_024883_1.txt
14457007,14458889,FEM,18.52,8.76,5.83,20201216_161229_024883_1.txt
14460010,14461363,FEM,12.66,5.66,3.95,20201216_161229_024883_1.txt
14464497,14466068,FEM,10.68,4.49,3.38,20201216_161229_024883_1.txt
14467025,14467511,FEM,7.87,3.55,2.31,20201216_161229_024883_1.txt
14476011,14476733,FEM,5.45,2.14,1.54,20201216_161229_024883_1.txt
14478299,14480511,FEM,14.18,6.33,4.6,20201216_161229_024883_1.txt
14488389,14489022,FEM,6.29,2.58,1.76,20201216_161229_024883_1.txt
14490471,14491011,MAL,5.37,2.12,1.49,20201216_161229_024883_1.txt
14495066,14496001,FEM,6.77,2.71,2.02,20201216_161229_024883_1.txt
14495492,14495991,MAL,6.14,2.65,1.74,20201216_161229_024883_1.txt
14504820,14507076,FEM,14.8,6.6,4.87,20201216_161229_024883_1.txt
14507186,14508492,FEM,11.3,4.95,3.54,20201216_161229_024883_1.txt
14552193,14553285,FEM,11.1,5.2,3.44,20201216_161229_024883_1.txt
14553695,14554856,FEM,13.11,6.23,4.07,20201216_161229_024883_1.txt
14555484,14557138,FEM,19.04,9.22,5.92,20201216_161229_024883_1.txt
14557713,14560794,FEM,31.92,15.71,10.24,20201216_161229_024883_1.txt
14567011,14574596,FEM,70.7,35.62,23.59,20201216_161229_024883_1.txt
14577492,14579011,FEM,14.44,6.94,4.57,20201216_161229_024883_1.txt
14581011,14582493,FEM,16.08,7.64,5.06,20201216_161229_024883_1.txt
14584442,14585011,FEM,11.04,5.31,3.38,20201216_161229_024883_1.txt
14587162,14588581,MAL,14.46,7.04,4.66,20201216_161229_024883_1.txt
14587579,14587992,FEM,8.63,4.03,2.55,20201216_161229_024883_1.txt
14598978,14600110,FEM,9.78,4.18,3.05,20201216_161229_024883_1.txt
14602321,14603423,FEM,12.32,5.58,3.84,20201216_161229_024883_1.txt
14618780,14620992,FEM,19.07,9.02,6.23,20201216_161229_024883_1.txt
14636309,14637991,FEM,16.02,7.5,5.12,20201216_161229_024883_1.txt
14636538,14636654,MAL,9.49,4.57,2.79,20201216_161229_024883_1.txt
14636818,14636931,MAL,9.63,4.65,2.83,20201216_161229_024883_1.txt
14639127,14646955,FEM,72.89,36.35,24.16,20201216_161229_024883_1.txt
14647279,14647993,FEM,9.22,4.2,2.8,20201216_161229_024883_1.txt
14648200,14648364,FEM,6.82,3.07,1.91,20201216_161229_024883_1.txt
14649171,14650511,FEM,13.37,6.25,4.24,20201216_161229_024883_1.txt
14650748,14654491,FEM,36.53,17.94,11.83,20201216_161229_024883_1.txt
14655566,14662510,FEM,73.85,37.56,24.17,20201216_161229_024883_1.txt
14664161,14667565,FEM,35.65,18.04,11.69,20201216_161229_024883_1.txt
14667944,14670841,FEM,26.6,13.27,8.8,20201216_161229_024883_1.txt
14671010,14675011,FEM,40.75,20.63,13.38,20201216_161229_024883_1.txt
14675885,14676590,FEM,12.1,5.85,3.7,20201216_161229_024883_1.txt
14678228,14679335,FEM,17.27,8.5,5.34,20201216_161229_024883_1.txt
14681939,14682531,FEM,11.51,5.56,3.49,20201216_161229_024883_1.txt
14683773,14685795,FEM,18.07,8.98,5.97,20201216_161229_024883_1.txt
14683886,14684225,MAL,5.73,2.46,1.57,20201216_161229_024883_1.txt
14686334,14689836,FEM,36.04,18.05,11.68,20201216_161229_024883_1.txt
14701510,14702021,FEM,8.57,3.92,2.49,20201216_161229_024883_1.txt
14704497,14705315,FEM,11.6,5.52,3.5,20201216_161229_024883_1.txt
14706510,14708731,FEM,26.49,13.21,8.39,20201216_161229_024883_1.txt
14710447,14713895,FEM,37.33,18.68,11.99,20201216_161229_024883_1.txt
14717317,14719502,FEM,22.72,10.98,7.18,20201216_161229_024883_1.txt
14725493,14727013,FEM,16.03,7.69,4.99,20201216_161229_024883_1.txt
14731511,14732657,FEM,12.14,5.8,3.79,20201216_161229_024883_1.txt
14732815,14733011,FEM,7.9,3.68,2.27,20201216_161229_024883_1.txt
14737629,14742010,FEM,44.28,22.2,14.41,20201216_161229_024883_1.txt
14742859,14743509,FEM,9.33,4.35,2.77,20201216_161229_024883_1.txt
14746816,14748993,FEM,24.2,12.12,7.72,20201216_161229_024883_1.txt
14754813,14764452,FEM,113.55,58.02,36.64,20201216_161229_024883_1.txt
14776732,14777491,FEM,9.09,4.08,2.71,20201216_161229_024883_1.txt
14778111,14782289,FEM,39.97,19.91,13.1,20201216_161229_024883_1.txt
14783398,14784303,FEM,9.68,4.43,2.93,20201216_161229_024883_1.txt
14784491,14785633,FEM,10.87,5.07,3.37,20201216_161229_024883_1.txt
14789064,14794731,FEM,54.09,27.25,17.85,20201216_161229_024883_1.txt
14797100,14798992,FEM,19.94,9.53,6.25,20201216_161229_024883_1.txt
14800236,14804031,FEM,38.84,19.62,12.71,20201216_161229_024883_1.txt
14807011,14807654,FEM,8.93,4.09,2.69,20201216_161229_024883_1.txt
14809510,14813511,FEM,35.86,17.47,11.75,20201216_161229_024883_1.txt
14815921,14819505,FEM,26.1,12.23,8.75,20201216_161229_024883_1.txt
14819856,14820511,FEM,6.71,2.73,1.95,20201216_161229_024883_1.txt
14827511,14830508,FEM,28.61,14.08,9.28,20201216_161229_024883_1.txt
14841993,14845557,FEM,37.84,18.8,12.13,20201216_161229_024883_1.txt
14846011,14847992,FEM,23.41,11.56,7.37,20201216_161229_024883_1.txt
14848161,14848304,FEM,7.15,3.3,2.01,20201216_161229_024883_1.txt
14849406,14852992,FEM,35.17,17.48,11.4,20201216_161229_024883_1.txt
14856402,14859588,FEM,30.74,15.01,9.91,20201216_161229_024883_1.txt
14862761,14864388,FEM,13.86,6.51,4.45,20201216_161229_024883_1.txt
14874236,14876511,FEM,22.19,10.85,7.12,20201216_161229_024883_1.txt
14878492,14880492,FEM,21.28,10.43,6.77,20201216_161229_024883_1.txt
14879852,14880568,MAL,10.12,4.77,3.05,20201216_161229_024883_1.txt
14880635,14881243,FEM,9.89,4.66,2.95,20201216_161229_024883_1.txt
14880677,14880807,MAL,8.2,3.87,2.36,20201216_161229_024883_1.txt
14882267,14884025,FEM,19.82,9.78,6.24,20201216_161229_024883_1.txt
14886185,14888890,FEM,29.8,14.84,9.57,20201216_161229_024883_1.txt
14892884,14896642,FEM,40.2,20.26,12.95,20201216_161229_024883_1.txt
14908278,14909010,FEM,5.75,2.28,1.65,20201216_161229_024883_1.txt
14918681,14920855,FEM,23.05,11.4,7.34,20201216_161229_024883_1.txt
14921739,14923492,FEM,16.88,8.22,5.37,20201216_161229_024883_1.txt
14924402,14926159,FEM,17.05,8.34,5.43,20201216_161229_024883_1.txt
14936140,14937412,FEM,15.29,7.28,4.76,20201216_161229_024883_1.txt
14957025,14958122,FEM,10.37,4.88,3.25,20201216_161229_024883_1.txt
14961491,14961837,FEM,7.78,3.6,2.26,20201216_161229_024883_1.txt
14962885,14965460,FEM,24.83,12.56,8.21,20201216_161229_024883_1.txt
14971510,14973511,FEM,21.37,10.68,6.96,20201216_161229_024883_1.txt
14989917,14995887,FEM,55.81,28.35,18.68,20201216_161229_024883_1.txt
15002012,15002145,FEM,9.67,4.68,2.85,20201216_161229_024883_1.txt
15002493,15005606,FEM,29.4,14.74,9.72,20201216_161229_024883_1.txt
15012626,15014011,FEM,15.08,7.24,4.71,20201216_161229_024883_1.txt
15016011,15019588,FEM,35.06,17.46,11.42,20201216_161229_024883_1.txt
15019999,15020146,FEM,6.92,3.17,1.94,20201216_161229_024883_1.txt
15052011,15052207,FEM,8.08,3.78,2.33,20201216_161229_024883_1.txt
15080990,15082510,FEM,19.05,9.29,5.89,20201216_161229_024883_1.txt
15083896,15085884,FEM,20.1,10.01,6.53,20201216_161229_024883_1.txt
15087600,15090692,FEM,28.25,14.28,9.44,20201216_161229_024883_1.txt
15103010,15105011,FEM,22.2,10.97,7.08,20201216_161229_024883_1.txt
15122276,15124991,FEM,27.62,13.59,8.85,20201216_161229_024883_1.txt
15134497,15135943,FEM,16.38,8.03,5.2,20201216_161229_024883_1.txt
15136332,15140178,FEM,37.1,19.04,12.4,20201216_161229_024883_1.txt
15149057,15150453,FEM,16.49,8.23,5.28,20201216_161229_024883_1.txt
15159412,15160511,FEM,12.06,5.7,3.7,20201216_161229_024883_1.txt
15162010,15163861,FEM,18.91,9.43,6.12,20201216_161229_024883_1.txt
15166816,15168193,FEM,14.4,6.99,4.58,20201216_161229_024883_1.txt
15172208,15172409,FEM,6.97,3.17,1.96,20201216_161229_024883_1.txt
15173830,15175511,FEM,17.53,8.6,5.57,20201216_161229_024883_1.txt
15189512,15191362,FEM,17.1,8.32,5.56,20201216_161229_024883_1.txt
15203351,15204011,FEM,10.25,4.91,3.13,20201216_161229_024883_1.txt
15204183,15204375,MAL,11.43,5.66,3.45,20201216_161229_024883_1.txt
15205492,15207011,FEM,20.36,10.12,6.44,20201216_161229_024883_1.txt
15220590,15226868,FEM,59.16,30.45,19.85,20201216_161229_024883_1.txt
15237917,15240011,FEM,19.56,9.67,6.37,20201216_161229_024883_1.txt
15279926,15281301,FEM,15.6,7.54,4.88,20201216_161229_024883_1.txt
15284138,15285849,FEM,17.84,8.7,5.58,20201216_161229_024883_1.txt
15289012,15290544,FEM,15.01,7.29,4.71,20201216_161229_024883_1.txt
15301138,15302993,FEM,20.41,10.03,6.46,20201216_161229_024883_1.txt
15303921,15304954,FEM,11.97,5.74,3.72,20201216_161229_024883_1.txt
15305757,15307186,FEM,15.71,7.65,4.98,20201216_161229_024883_1.txt
15313340,15314555,FEM,13.04,6.3,4.11,20201216_161229_024883_1.txt
15326132,15328089,FEM,20.34,9.77,6.4,20201216_161229_024883_1.txt
15329253,15330910,FEM,16.4,7.83,5.19,20201216_161229_024883_1.txt
15339011,15340992,FEM,20.32,10.12,6.55,20201216_161229_024883_1.txt
15353398,15354628,FEM,13.2,6.37,4.16,20201216_161229_024883_1.txt
15359576,15359897,FEM,6.35,2.82,1.78,20201216_161229_024883_1.txt
15362011,15366464,FEM,41.92,21.54,14.06,20201216_161229_024883_1.txt
15371210,15374625,FEM,35.7,18.13,11.6,20201216_161229_024883_1.txt
15375543,15375739,FEM,5.43,2.32,1.45,20201216_161229_024883_1.txt
15376392,15376878,FEM,6.42,2.85,1.83,20201216_161229_024883_1.txt
15378255,15379404,FEM,13.19,6.41,4.14,20201216_161229_024883_1.txt
15446492,15449010,FEM,23.86,11.85,7.77,20201216_161229_024883_1.txt
15466992,15468011,FEM,13.27,6.43,4.15,20201216_161229_024883_1.txt
15506993,15511571,FEM,41.24,21.25,14.06,20201216_161229_024883_1.txt
15511885,15516244,FEM,41.7,21.3,13.97,20201216_161229_024883_1.txt
15519079,15520012,FEM,10.7,4.94,3.33,20201216_161229_024883_1.txt
15520511,15520837,FEM,10.61,5.17,3.2,20201216_161229_024883_1.txt
15534362,15536556,FEM,26.55,13.35,8.45,20201216_161229_024883_1.txt
15538168,15540218,FEM,22.92,11.37,7.33,20201216_161229_024883_1.txt
15542930,15543511,FEM,13.05,6.45,4.0,20201216_161229_024883_1.txt
15580370,15583011,FEM,30.54,15.28,9.75,20201216_161229_024883_1.txt
15584662,15584797,FEM,7.77,3.63,2.22,20201216_161229_024883_1.txt
15630180,15633224,FEM,33.95,17.04,10.9,20201216_161229_024883_1.txt
15639742,15641310,FEM,19.49,9.62,6.1,20201216_161229_024883_1.txt
15666554,15669105,FEM,30.46,15.2,9.66,20201216_161229_024883_1.txt
15721459,15722512,FEM,14.01,6.73,4.29,20201216_161229_024883_1.txt
15749507,15751772,FEM,22.69,11.35,7.39,20201216_161229_024883_1.txt
15800493,15804224,FEM,38.54,19.32,12.5,20201216_161229_024883_1.txt
15807511,15808326,FEM,11.64,5.55,3.57,20201216_161229_024883_1.txt
15809102,15812408,FEM,30.21,15.37,10.18,20201216_161229_024883_1.txt
15818993,15822778,FEM,37.34,18.35,12.16,20201216_161229_024883_1.txt
15848413,15849161,FEM,7.7,3.47,2.3,20201216_161229_024883_1.txt
15850655,15851991,FEM,13.96,6.67,4.38,20201216_161229_024883_1.txt
15857012,15857650,FEM,10.69,5.05,3.28,20201216_161229_024883_1.txt
15863877,15865775,FEM,19.02,8.91,6.0,20201216_161229_024883_1.txt
15868592,15869513,MAL,12.14,5.79,3.76,20201216_161229_024883_1.txt
15868622,15869491,FEM,11.79,5.61,3.63,20201216_161229_024883_1.txt
15870492,15872176,FEM,20.42,9.96,6.38,20201216_161229_024883_1.txt
15873727,15876756,FEM,33.6,16.87,10.84,20201216_161229_024883_1.txt
15875333,15877301,MAL,23.75,11.8,7.53,20201216_161229_024883_1.txt
15886479,15890051,FEM,37.86,19.05,12.3,20201216_161229_024883_1.txt
15891253,15895492,FEM,37.79,19.4,12.81,20201216_161229_024883_1.txt
15896790,15897858,FEM,11.15,5.27,3.45,20201216_161229_024883_1.txt
15900187,15902190,FEM,20.7,10.23,6.53,20201216_161229_024883_1.txt
15916841,15918151,FEM,14.23,6.87,4.41,20201216_161229_024883_1.txt
15936492,15938556,FEM,22.75,11.43,7.32,20201216_161229_024883_1.txt
15938939,15940763,FEM,19.1,9.62,6.22,20201216_161229_024883_1.txt
15944207,15944492,FEM,9.82,4.75,2.93,20201216_161229_024883_1.txt
15961823,15965745,FEM,41.51,21.07,13.57,20201216_161229_024883_1.txt
15965888,15967493,FEM,20.81,10.26,6.49,20201216_161229_024883_1.txt
15968019,15968237,FEM,4.78,1.97,1.24,20201216_161229_024883_1.txt
15971278,15972542,FEM,14.9,7.26,4.63,20201216_161229_024883_1.txt
15985991,15988011,FEM,20.95,10.41,6.61,20201216_161229_024883_1.txt
15991013,15991178,FEM,6.35,2.85,1.75,20201216_161229_024883_1.txt
15999947,16001645,FEM,19.67,9.58,6.13,20201216_161229_024883_1.txt
16007012,16010588,FEM,37.69,19.11,12.24,20201216_161229_024883_1.txt
16012126,16013511,FEM,14.72,7.21,4.69,20201216_161229_024883_1.txt
16013263,16015214,MAL,21.91,10.88,7.03,20201216_161229_024883_1.txt
16014728,16015011,FEM,8.87,4.22,2.61,20201216_161229_024883_1.txt
16018012,16018442,FEM,9.25,4.38,2.76,20201216_161229_024883_1.txt
16026512,16028012,MAL,16.62,8.24,5.35,20201216_161229_024883_1.txt
16029436,16029993,FEM,7.42,3.36,2.17,20201216_161229_024883_1.txt
16036513,16037215,FEM,8.04,3.58,2.41,20201216_161229_024883_1.txt
16039011,16040172,FEM,14.44,6.92,4.46,20201216_161229_024883_1.txt
16043511,16045418,FEM,17.1,8.45,5.57,20201216_161229_024883_1.txt
16047980,16049072,FEM,12.34,5.87,3.74,20201216_161229_024883_1.txt
16080485,16081120,FEM,9.24,4.29,2.79,20201216_161229_024883_1.txt
16081511,16081931,FEM,8.02,3.7,2.35,20201216_161229_024883_1.txt
16097123,16099767,FEM,27.12,13.22,8.72,20201216_161229_024883_1.txt
16160707,16161011,FEM,8.57,4.02,2.51,20201216_161229_024883_1.txt
16163751,16165550,FEM,18.72,9.13,5.99,20201216_161229_024883_1.txt
16168305,16171511,FEM,30.81,15.07,9.99,20201216_161229_024883_1.txt
16172492,16176262,FEM,40.49,20.31,13.05,20201216_161229_024883_1.txt
16182840,16183029,FEM,8.05,3.77,2.32,20201216_161229_024883_1.txt
16209462,16210913,FEM,15.3,7.34,4.85,20201216_161229_024883_1.txt
16253992,16255933,FEM,18.15,8.55,5.72,20201216_161229_024883_1.txt
16257081,16257491,FEM,7.05,3.13,2.03,20201216_161229_024883_1.txt
16280360,16281369,FEM,9.46,4.2,2.88,20201216_161229_024883_1.txt
16284255,16285991,FEM,14.8,6.98,4.72,20201216_161229_024883_1.txt
16305054,16306088,FEM,11.45,5.19,3.49,20201216_161229_024883_1.txt
16310459,16313993,FEM,28.68,13.55,9.49,20201216_161229_024883_1.txt
16311491,16311852,MAL,9.37,4.4,2.79,20201216_161229_024883_1.txt
16320563,16325992,FEM,38.23,18.2,13.1,20201216_161229_024883_1.txt
16326174,16326299,MAL,9.46,4.55,2.78,20201216_161229_024883_1.txt
16327492,16328648,FEM,10.59,4.63,3.28,20201216_161229_024883_1.txt
16329443,16330012,MAL,8.34,3.81,2.48,20201216_161229_024883_1.txt
16330462,16330914,FEM,6.36,2.7,1.8,20201216_161229_024883_1.txt
16338598,16339248,FEM,6.49,2.73,1.83,20201216_161229_024883_1.txt
16340842,16341353,FEM,6.08,2.56,1.72,20201216_161229_024883_1.txt
16341495,16342511,FEM,13.02,6.21,4.06,20201216_161229_024883_1.txt
16349217,16354511,FEM,51.6,26.04,16.95,20201216_161229_024883_1.txt
16356992,16360833,FEM,34.07,17.05,11.34,20201216_161229_024883_1.txt
16398492,16400510,FEM,20.45,9.64,6.5,20201216_161229_024883_1.txt
16402060,16406365,FEM,34.15,16.62,11.66,20201216_161229_024883_1.txt
16410099,16410222,MAL,11.95,5.94,3.61,20201216_161229_024883_1.txt
16419748,16420595,FEM,11.52,5.38,3.59,20201216_161229_024883_1.txt
16427283,16427496,FEM,3.58,1.28,0.84,20201216_161229_024883_1.txt
16453010,16456505,FEM,26.86,12.85,9.04,20201216_161229_024883_1.txt
16456838,16458097,FEM,12.56,5.88,3.95,20201216_161229_024883_1.txt
16458660,16459210,FEM,8.81,4.06,2.64,20201216_161229_024883_1.txt
16468599,16469011,FEM,7.66,3.47,2.23,20201216_161229_024883_1.txt
16477498,16478993,FEM,15.82,7.5,5.03,20201216_161229_024883_1.txt
16483028,16483511,FEM,8.74,3.97,2.6,20201216_161229_024883_1.txt
16533011,16534992,FEM,18.83,9.07,5.9,20201216_161229_024883_1.txt
16543857,16544788,FEM,10.53,4.86,3.22,20201216_161229_024883_1.txt
16546454,16548493,FEM,16.31,7.81,5.28,20201216_161229_024883_1.txt
16549508,16550298,FEM,8.63,3.9,2.62,20201216_161229_024883_1.txt
16556515,16557011,FEM,8.41,3.88,2.49,20201216_161229_024883_1.txt
16558992,16562011,FEM,25.8,12.48,8.55,20201216_161229_024883_1.txt
16567511,16569639,FEM,22.02,10.79,7.04,20201216_161229_024883_1.txt
16586627,16587525,MAL,9.27,4.24,2.85,20201216_161229_024883_1.txt
16600493,16601703,FEM,12.46,5.82,3.91,20201216_161229_024883_1.txt
16647161,16648148,FEM,9.32,3.96,2.88,20201216_161229_024883_1.txt
16651011,16652405,FEM,12.4,5.41,3.92,20201216_161229_024883_1.txt
16655119,16655510,FEM,7.43,3.33,2.15,20201216_161229_024883_1.txt
16664489,16666251,FEM,15.11,6.87,4.89,20201216_161229_024883_1.txt
16670510,16670858,FEM,9.72,4.6,2.9,20201216_161229_024883_1.txt
16683280,16683408,FEM,12.03,6.0,3.64,20201216_161229_024883_1.txt
16816432,16816748,FEM,7.78,3.61,2.25,20201216_161229_024883_1.txt
16821010,16821179,FEM,8.43,3.98,2.44,20201216_161229_024883_1.txt
16821493,16821825,FEM,9.38,4.35,2.79,20201216_161229_024883_1.txt
16823174,16824993,FEM,17.82,8.63,5.8,20201216_161229_024883_1.txt
16825106,16826326,FEM,13.23,6.21,4.17,20201216_161229_024883_1.txt
16834951,16838493,FEM,31.11,15.29,10.41,20201216_161229_024883_1.txt
16838520,16838642,MAL,8.45,4.0,2.44,20201216_161229_024883_1.txt
16841198,16843493,FEM,21.81,10.59,7.15,20201216_161229_024883_1.txt
16845511,16846993,FEM,13.98,6.44,4.46,20201216_161229_024883_1.txt
16851048,16852012,FEM,12.52,5.9,3.89,20201216_161229_024883_1.txt
16857622,16858010,FEM,7.3,3.26,2.11,20201216_161229_024883_1.txt
16866137,16866363,FEM,5.44,2.29,1.46,20201216_161229_024883_1.txt
16870395,16870930,FEM,9.64,4.55,2.91,20201216_161229_024883_1.txt
16872492,16872991,FEM,8.82,4.09,2.63,20201216_161229_024883_1.txt
16876050,16876992,FEM,9.78,4.41,3.02,20201216_161229_024883_1.txt
16879450,16879821,FEM,8.64,3.98,2.55,20201216_161229_024883_1.txt
16895915,16896992,FEM,9.75,4.35,2.98,20201216_161229_024883_1.txt
16902236,16903439,FEM,10.64,4.66,3.3,20201216_161229_024883_1.txt
16907101,16909354,FEM,19.39,9.28,6.34,20201216_161229_024883_1.txt
16914812,16916012,FEM,9.33,4.27,2.92,20201216_161229_024883_1.txt
16916511,16917026,FEM,11.44,5.53,3.51,20201216_161229_024883_1.txt
16919893,16920927,MAL,8.96,4.06,2.72,20201216_161229_024883_1.txt
16922328,16923779,FEM,13.92,6.28,4.38,20201216_161229_024883_1.txt
16928580,16931844,FEM,21.71,9.92,7.23,20201216_161229_024883_1.txt
16934587,16936242,FEM,15.19,7.01,4.79,20201216_161229_024883_1.txt
16938011,16940939,FEM,29.47,14.41,9.55,20201216_161229_024883_1.txt
16944518,16945161,MAL,9.22,4.17,2.79,20201216_161229_024883_1.txt
16948011,16950934,FEM,24.1,11.44,7.92,20201216_161229_024883_1.txt
16953487,16954196,FEM,11.42,5.36,3.43,20201216_161229_024883_1.txt
16964492,16965012,FEM,8.06,3.68,2.38,20201216_161229_024883_1.txt
16972055,16972966,MAL,11.18,5.22,3.43,20201216_161229_024883_1.txt
16973012,16975941,FEM,22.84,11.01,7.66,20201216_161229_024883_1.txt
16978012,16979678,FEM,13.46,6.11,4.32,20201216_161229_024883_1.txt
16979957,16980991,FEM,11.55,5.24,3.58,20201216_161229_024883_1.txt
16983486,16985987,FEM,17.26,7.77,5.67,20201216_161229_024883_1.txt
16990028,16991491,FEM,12.78,5.72,4.06,20201216_161229_024883_1.txt
16997607,16999619,FEM,16.5,7.8,5.39,20201216_161229_024883_1.txt
17000979,17001558,FEM,9.2,4.21,2.77,20201216_161229_024883_1.txt
17051884,17053011,FEM,9.22,4.04,2.87,20201216_161229_024883_1.txt
17088236,17088945,FEM,10.79,5.02,3.32,20201216_161229_024883_1.txt
17100275,17100631,MAL,10.9,5.23,3.3,20201216_161229_024883_1.txt
17131589,17132023,FEM,3.8,1.28,0.95,20201216_161229_024883_1.txt
17139992,17140512,MAL,7.56,3.32,2.21,20201216_161229_024883_1.txt
17152992,17153402,FEM,9.92,4.72,2.98,20201216_161229_024883_1.txt
17184180,17186117,FEM,15.27,7.48,4.97,20201216_161229_024883_1.txt
17202355,17202475,MAL,9.42,4.55,2.77,20201216_161229_024883_1.txt
17209493,17212510,FEM,26.19,12.8,8.74,20201216_161229_024883_1.txt
17222028,17222939,FEM,11.24,5.22,3.45,20201216_161229_024883_1.txt
17225695,17227011,FEM,13.93,6.53,4.42,20201216_161229_024883_1.txt
17230013,17232325,FEM,20.23,9.73,6.68,20201216_161229_024883_1.txt
17238007,17240613,FEM,22.7,11.12,7.56,20201216_161229_024883_1.txt
17243329,17243886,FEM,8.18,3.68,2.43,20201216_161229_024883_1.txt
17253189,17253837,FEM,7.57,3.26,2.24,20201216_161229_024883_1.txt
17256740,17256868,FEM,11.25,5.57,3.38,20201216_161229_024883_1.txt
17256993,17257406,FEM,11.26,5.47,3.43,20201216_161229_024883_1.txt
17262511,17262707,FEM,12.28,6.11,3.73,20201216_161229_024883_1.txt
17263964,17265889,FEM,19.78,9.58,6.42,20201216_161229_024883_1.txt
17266311,17267199,FEM,13.21,6.34,4.1,20201216_161229_024883_1.txt
17267383,17267665,MAL,11.13,5.45,3.36,20201216_161229_024883_1.txt
17268491,17268746,FEM,11.66,5.72,3.53,20201216_161229_024883_1.txt
17269345,17270204,FEM,13.37,6.41,4.15,20201216_161229_024883_1.txt
17272830,17274118,FEM,11.47,5.02,3.59,20201216_161229_024883_1.txt
17274328,17274492,FEM,8.16,3.8,2.35,20201216_161229_024883_1.txt
17276993,17278512,FEM,16.8,8.09,5.41,20201216_161229_024883_1.txt
17283993,17284511,FEM,9.43,4.41,2.84,20201216_161229_024883_1.txt
17310787,17311747,FEM,12.4,5.89,3.9,20201216_161229_024883_1.txt
17315492,17317083,FEM,13.82,6.31,4.48,20201216_161229_024883_1.txt
17317338,17318453,FEM,11.93,5.44,3.72,20201216_161229_024883_1.txt
17321507,17324001,FEM,22.61,10.96,7.46,20201216_161229_024883_1.txt
17324992,17326992,FEM,19.06,9.39,6.24,20201216_161229_024883_1.txt
17328863,17330010,FEM,14.33,6.92,4.47,20201216_161229_024883_1.txt
17337512,17338447,FEM,5.27,1.9,1.52,20201216_161229_024883_1.txt
17346992,17347821,FEM,6.83,2.97,2.02,20201216_161229_024883_1.txt
17350241,17352580,FEM,21.8,10.52,7.05,20201216_161229_024883_1.txt
17353690,17358724,FEM,40.54,19.95,13.64,20201216_161229_024883_1.txt
17362510,17373246,FEM,88.8,44.54,30.26,20201216_161229_024883_1.txt
17373717,17374485,FEM,8.03,3.48,2.36,20201216_161229_024883_1.txt
17375094,17381744,FEM,53.35,26.95,18.34,20201216_161229_024883_1.txt
17381930,17395168,FEM,111.79,56.84,38.34,20201216_161229_024883_1.txt
17393493,17393966,MAL,9.86,4.65,2.92,20201216_161229_024883_1.txt
17397457,17399202,FEM,20.41,9.99,6.44,20201216_161229_024883_1.txt
17402011,17404011,FEM,17.05,8.08,5.57,20201216_161229_024883_1.txt
17407011,17410847,FEM,29.49,14.33,9.97,20201216_161229_024883_1.txt
17412011,17414863,FEM,24.47,12.08,8.19,20201216_161229_024883_1.txt
17418491,17420992,FEM,23.86,12.01,7.93,20201216_161229_024883_1.txt
17421482,17425011,FEM,37.24,18.74,12.13,20201216_161229_024883_1.txt
17426991,17428503,FEM,15.04,7.08,4.77,20201216_161229_024883_1.txt
17430066,17430834,FEM,6.65,2.93,1.95,20201216_161229_024883_1.txt
17430954,17437996,FEM,60.08,30.37,20.39,20201216_161229_024883_1.txt
17437655,17438011,MAL,7.7,3.43,2.23,20201216_161229_024883_1.txt
17439011,17439624,FEM,11.07,5.21,3.34,20201216_161229_024883_1.txt
17439757,17443010,FEM,29.93,14.57,9.81,20201216_161229_024883_1.txt
17443342,17452441,FEM,72.06,36.65,24.94,20201216_161229_024883_1.txt
17454012,17455119,FEM,10.78,4.81,3.33,20201216_161229_024883_1.txt
17466487,17472155,FEM,44.66,21.93,15.18,20201216_161229_024883_1.txt
17473263,17473406,MAL,8.24,3.9,2.38,20201216_161229_024883_1.txt
17474493,17474797,FEM,10.69,5.2,3.22,20201216_161229_024883_1.txt
17474513,17476511,MAL,19.47,9.34,6.33,20201216_161229_024883_1.txt
17475551,17475656,FEM,11.24,5.56,3.37,20201216_161229_024883_1.txt
17476012,17476169,FEM,10.05,4.85,2.98,20201216_161229_024883_1.txt
17476493,17479011,FEM,18.95,8.71,6.24,20201216_161229_024883_1.txt
17482510,17483836,FEM,11.69,5.12,3.62,20201216_161229_024883_1.txt
17486992,17502854,FEM,126.58,64.46,43.97,20201216_161229_024883_1.txt
17505593,17505829,FEM,6.38,2.84,1.77,20201216_161229_024883_1.txt
17506010,17506511,FEM,9.26,4.36,2.78,20201216_161229_024883_1.txt
17522992,17523493,FEM,9.24,4.28,2.77,20201216_161229_024883_1.txt
17535170,17536240,FEM,13.27,6.37,4.21,20201216_161229_024883_1.txt
17547511,17548605,FEM,7.24,2.77,2.15,20201216_161229_024883_1.txt
17552197,17555010,FEM,21.63,10.08,7.18,20201216_161229_024883_1.txt
17561011,17565491,FEM,30.49,14.3,10.47,20201216_161229_024883_1.txt
17569992,17572911,FEM,19.57,8.96,6.57,20201216_161229_024883_1.txt
17586582,17587009,FEM,8.46,3.96,2.5,20201216_161229_024883_1.txt
17588514,17588990,MAL,6.84,2.99,1.96,20201216_161229_024883_1.txt
17593298,17593759,FEM,9.23,4.33,2.76,20201216_161229_024883_1.txt
17602907,17604993,FEM,18.12,8.54,5.89,20201216_161229_024883_1.txt
17614493,17615992,FEM,15.46,7.43,4.96,20201216_161229_024883_1.txt
17616137,17621012,FEM,33.07,15.66,11.39,20201216_161229_024883_1.txt
17623916,17626807,FEM,24.52,12.17,8.21,20201216_161229_024883_1.txt
17653592,17656491,FEM,23.29,11.15,7.75,20201216_161229_024883_1.txt
17663511,17670264,FEM,54.68,26.84,18.43,20201216_161229_024883_1.txt
17670582,17673998,FEM,25.82,12.17,8.57,20201216_161229_024883_1.txt
17675425,17675550,MAL,8.61,4.1,2.5,20201216_161229_024883_1.txt
17676929,17678706,FEM,15.3,6.94,4.85,20201216_161229_024883_1.txt
17681433,17685493,FEM,34.12,16.96,11.45,20201216_161229_024883_1.txt
17686547,17689205,FEM,20.67,9.88,6.89,20201216_161229_024883_1.txt
17689992,17694356,FEM,36.18,17.43,11.87,20201216_161229_024883_1.txt
17695378,17698993,FEM,27.14,12.72,9.0,20201216_161229_024883_1.txt
17699519,17708534,FEM,64.45,31.06,22.17,20201216_161229_024883_1.txt
17709381,17711905,FEM,19.43,8.73,6.24,20201216_161229_024883_1.txt
17715512,17720993,FEM,40.06,18.67,13.4,20201216_161229_024883_1.txt
17717835,17718520,MAL,9.6,4.32,2.87,20201216_161229_024883_1.txt
17721998,17725635,FEM,25.52,12.06,8.57,20201216_161229_024883_1.txt
17726011,17727510,FEM,11.09,4.98,3.56,20201216_161229_024883_1.txt
17727992,17734718,FEM,53.77,26.75,18.29,20201216_161229_024883_1.txt
17728284,17728486,MAL,6.5,2.9,1.81,20201216_161229_024883_1.txt
17737991,17739992,FEM,17.56,8.23,5.64,20201216_161229_024883_1.txt
17740013,17740649,MAL,8.22,3.78,2.45,20201216_161229_024883_1.txt
17741698,17746511,FEM,34.39,16.65,11.77,20201216_161229_024883_1.txt
17748993,17749354,FEM,5.16,2.12,1.39,20201216_161229_024883_1.txt
17752004,17757492,FEM,45.66,22.98,15.48,20201216_161229_024883_1.txt
17757595,17758449,MAL,6.3,2.65,1.85,20201216_161229_024883_1.txt
17757841,17758025,FEM,5.34,2.27,1.42,20201216_161229_024883_1.txt
17758214,17760301,FEM,14.69,6.76,4.8,20201216_161229_024883_1.txt
17762959,17770013,FEM,52.88,25.86,18.1,20201216_161229_024883_1.txt
17771439,17777011,FEM,43.07,21.16,14.63,20201216_161229_024883_1.txt
17777374,17777492,FEM,9.88,4.81,2.92,20201216_161229_024883_1.txt
17779993,17782992,FEM,20.5,9.52,6.84,20201216_161229_024883_1.txt
17783253,17783493,FEM,9.38,4.5,2.77,20201216_161229_024883_1.txt
17792011,17802011,FEM,86.89,43.28,29.08,20201216_161229_024883_1.txt
17810135,17812059,FEM,16.5,7.84,5.32,20201216_161229_024883_1.txt
17811451,17813989,MAL,21.72,10.45,7.17,20201216_161229_024883_1.txt
17850961,17851423,FEM,9.91,4.68,2.99,20201216_161229_024883_1.txt
17875186,17875800,FEM,9.93,4.54,3.02,20201216_161229_024883_1.txt
17878610,17878826,FEM,9.76,4.68,2.89,20201216_161229_024883_1.txt
17881965,17883011,FEM,12.45,6.01,3.88,20201216_161229_024883_1.txt
17883153,17883261,FEM,5.14,2.17,1.34,20201216_161229_024883_1.txt
17883637,17883821,FEM,8.75,4.15,2.55,20201216_161229_024883_1.txt
17899810,17902010,FEM,21.65,10.47,6.93,20201216_161229_024883_1.txt
17903955,17907696,FEM,34.73,16.88,11.33,20201216_161229_024883_1.txt
17907937,17910492,FEM,23.6,11.29,7.64,20201216_161229_024883_1.txt
17911368,17912391,FEM,11.51,5.11,3.51,20201216_161229_024883_1.txt
17913511,17916619,FEM,27.48,13.38,9.02,20201216_161229_024883_1.txt
17921571,17923012,FEM,12.43,5.88,3.94,20201216_161229_024883_1.txt
17925990,17930492,FEM,39.22,20.03,13.33,20201216_161229_024883_1.txt
17926056,17926363,MAL,9.57,4.61,2.85,20201216_161229_024883_1.txt
17932388,17937992,FEM,38.31,18.65,13.26,20201216_161229_024883_1.txt
17942486,17943296,FEM,7.82,3.38,2.35,20201216_161229_024883_1.txt
17943965,17948140,FEM,27.99,12.92,9.48,20201216_161229_024883_1.txt
17951880,17970908,FEM,170.75,86.35,57.7,20201216_161229_024883_1.txt
17971880,17978993,FEM,50.82,25.05,17.68,20201216_161229_024883_1.txt
17981011,17987010,FEM,45.65,22.81,15.77,20201216_161229_024883_1.txt
17992992,17996040,FEM,24.41,11.98,8.15,20201216_161229_024883_1.txt
17997706,17997883,FEM,9.35,4.47,2.75,20201216_161229_024883_1.txt
17997992,18000491,FEM,19.04,8.98,6.32,20201216_161229_024883_1.txt
18001511,18004292,FEM,22.6,10.77,7.5,20201216_161229_024883_1.txt
18006025,18006305,FEM,8.11,3.74,2.36,20201216_161229_024883_1.txt
18006464,18006640,FEM,8.78,4.14,2.56,20201216_161229_024883_1.txt
18012491,18013512,FEM,12.96,6.23,4.1,20201216_161229_024883_1.txt
18028511,18034085,FEM,39.59,19.08,13.63,20201216_161229_024883_1.txt
18038104,18038492,FEM,8.06,3.67,2.36,20201216_161229_024883_1.txt
18043071,18043714,FEM,6.58,2.78,1.91,20201216_161229_024883_1.txt
18045499,18046512,FEM,10.01,4.32,3.06,20201216_161229_024883_1.txt
18048493,18048763,FEM,9.76,4.65,2.91,20201216_161229_024883_1.txt
18060050,18065011,FEM,38.94,19.11,13.26,20201216_161229_024883_1.txt
18066819,18070511,FEM,27.12,12.92,9.21,20201216_161229_024883_1.txt
18072511,18074992,FEM,20.82,9.81,6.91,20201216_161229_024883_1.txt
18082492,18082708,FEM,9.74,4.67,2.89,20201216_161229_024883_1.txt
18111011,18113066,FEM,16.05,7.82,5.25,20201216_161229_024883_1.txt
18150892,18151756,FEM,9.59,4.47,2.95,20201216_161229_024883_1.txt
18167011,18168511,FEM,14.43,6.7,4.61,20201216_161229_024883_1.txt
18171493,18171918,FEM,8.25,3.78,2.38,20201216_161229_024883_1.txt
18172526,18172629,FEM,9.88,4.8,2.92,20201216_161229_024883_1.txt
18172777,18185992,FEM,116.79,57.99,39.05,20201216_161229_024883_1.txt
18193013,18193197,FEM,8.53,4.03,2.48,20201216_161229_024883_1.txt
18193317,18200507,FEM,63.37,31.96,21.4,20201216_161229_024883_1.txt
18202511,18203152,FEM,10.48,4.87,3.1,20201216_161229_024883_1.txt
18204311,18206010,FEM,14.5,6.82,4.67,20201216_161229_024883_1.txt
18206805,18207011,MAL,7.26,3.32,2.06,20201216_161229_024883_1.txt
18213513,18213705,MAL,4.1,1.52,1.0,20201216_161229_024883_1.txt
18221011,18223887,FEM,24.47,12.18,8.14,20201216_161229_024883_1.txt
18228319,18228840,FEM,9.05,4.22,2.66,20201216_161229_024883_1.txt
18239867,18240815,FEM,11.0,5.02,3.38,20201216_161229_024883_1.txt
18242992,18245969,FEM,26.49,13.23,8.78,20201216_161229_024883_1.txt
18246148,18246268,FEM,7.24,3.33,2.04,20201216_161229_024883_1.txt
18267010,18267511,FEM,8.66,4.05,2.58,20201216_161229_024883_1.txt
18284513,18284700,MAL,5.67,2.47,1.53,20201216_161229_024883_1.txt
18284986,18286528,MAL,16.24,7.89,5.22,20201216_161229_024883_1.txt
18286874,18287011,MAL,9.92,4.8,2.93,20201216_161229_024883_1.txt
18321874,18326638,FEM,45.17,22.96,14.98,20201216_161229_024883_1.txt
18326770,18326920,FEM,5.98,2.63,1.62,20201216_161229_024883_1.txt
18351281,18354838,FEM,28.18,13.67,9.44,20201216_161229_024883_1.txt
18398762,18400011,FEM,13.57,6.53,4.29,20201216_161229_024883_1.txt
18405767,18405882,MAL,8.24,3.89,2.37,20201216_161229_024883_1.txt
18409493,18414054,FEM,37.83,18.73,12.77,20201216_161229_024883_1.txt
18418511,18420992,FEM,25.23,12.47,8.17,20201216_161229_024883_1.txt
18426493,18427993,FEM,18.54,9.07,5.83,20201216_161229_024883_1.txt
18430511,18433012,FEM,23.09,11.68,7.67,20201216_161229_024883_1.txt
18434010,18434266,FEM,9.7,4.65,2.88,20201216_161229_024883_1.txt
18437510,18439491,FEM,19.81,9.72,6.49,20201216_161229_024883_1.txt
18451992,18453511,FEM,15.15,7.22,4.86,20201216_161229_024883_1.txt
18455511,18456095,FEM,9.4,4.37,2.84,20201216_161229_024883_1.txt
18456512,18456735,FEM,9.59,4.62,2.84,20201216_161229_024883_1.txt
18456856,18457479,FEM,9.84,4.58,2.99,20201216_161229_024883_1.txt
18457986,18458202,FEM,9.25,4.43,2.72,20201216_161229_024883_1.txt
18462011,18464974,FEM,29.37,14.37,9.47,20201216_161229_024883_1.txt
18469011,18471011,FEM,19.78,9.51,6.27,20201216_161229_024883_1.txt
18473992,18475409,FEM,13.33,6.32,4.29,20201216_161229_024883_1.txt
18480012,18485606,FEM,43.05,21.49,14.79,20201216_161229_024883_1.txt
18486993,18488500,FEM,10.59,4.79,3.39,20201216_161229_024883_1.txt
18492492,18492781,MAL,5.15,2.17,1.37,20201216_161229_024883_1.txt
18495349,18496768,FEM,13.82,6.48,4.4,20201216_161229_024883_1.txt
18497779,18501492,FEM,29.48,14.39,9.9,20201216_161229_024883_1.txt
18502710,18502842,FEM,8.67,4.13,2.52,20201216_161229_024883_1.txt
18503492,18504425,FEM,10.05,4.74,3.11,20201216_161229_024883_1.txt
18505491,18507992,FEM,17.9,8.21,5.94,20201216_161229_024883_1.txt
18512329,18512921,FEM,10.15,4.78,3.09,20201216_161229_024883_1.txt
18514006,18515408,FEM,15.64,7.52,4.95,20201216_161229_024883_1.txt
18518993,18522010,FEM,23.38,11.54,7.85,20201216_161229_024883_1.txt
18520998,18521511,MAL,6.39,2.73,1.82,20201216_161229_024883_1.txt
18522334,18523323,FEM,10.72,4.88,3.29,20201216_161229_024883_1.txt
18525625,18526670,MAL,7.94,3.19,2.32,20201216_161229_024883_1.txt
18526858,18526988,MAL,5.32,2.26,1.4,20201216_161229_024883_1.txt
18535780,18535937,FEM,11.03,5.4,3.31,20201216_161229_024883_1.txt
18540893,18542491,FEM,16.54,7.97,5.34,20201216_161229_024883_1.txt
18555492,18557492,FEM,20.99,10.42,6.88,20201216_161229_024883_1.txt
18558047,18561689,FEM,32.57,16.38,11.02,20201216_161229_024883_1.txt
18568011,18571992,FEM,39.68,19.78,13.02,20201216_161229_024883_1.txt
18579491,18580012,FEM,9.43,4.45,2.84,20201216_161229_024883_1.txt
18581010,18581503,FEM,8.9,4.17,2.65,20201216_161229_024883_1.txt
18586857,18587510,FEM,11.15,5.35,3.38,20201216_161229_024883_1.txt
18595492,18597979,FEM,21.62,10.26,7.07,20201216_161229_024883_1.txt
18600472,18607646,FEM,55.65,27.94,19.25,20201216_161229_024883_1.txt
18609259,18611011,FEM,17.93,8.63,5.77,20201216_161229_024883_1.txt
18612492,18616010,FEM,29.88,14.7,10.05,20201216_161229_024883_1.txt
18617011,18620511,FEM,30.1,14.3,9.86,20201216_161229_024883_1.txt
18621993,18628265,FEM,49.45,24.99,17.09,20201216_161229_024883_1.txt
18629492,18629993,FEM,2.88,0.71,0.65,20201216_161229_024883_1.txt
18631990,18632832,FEM,10.01,4.64,3.03,20201216_161229_024883_1.txt
18634011,18634403,FEM,5.37,2.17,1.46,20201216_161229_024883_1.txt
18634762,18635511,FEM,7.06,3.13,2.09,20201216_161229_024883_1.txt
18635820,18635940,FEM,9.44,4.57,2.77,20201216_161229_024883_1.txt
18637952,18638531,FEM,8.87,4.02,2.66,20201216_161229_024883_1.txt
18639511,18641136,FEM,13.26,6.19,4.3,20201216_161229_024883_1.txt
18641593,18642168,FEM,9.84,4.67,2.98,20201216_161229_024883_1.txt
18642482,18643992,FEM,14.3,6.87,4.57,20201216_161229_024883_1.txt
18645512,18647574,FEM,20.84,9.99,6.64,20201216_161229_024883_1.txt
18653478,18657535,FEM,32.47,16.07,10.95,20201216_161229_024883_1.txt
18697110,18697373,FEM,9.69,4.67,2.88,20201216_161229_024883_1.txt
18706511,18709491,FEM,25.13,12.01,8.17,20201216_161229_024883_1.txt
18710207,18711284,MAL,9.89,4.48,2.98,20201216_161229_024883_1.txt
18711716,18712011,FEM,8.14,3.79,2.37,20201216_161229_024883_1.txt
18715863,18718011,FEM,20.02,9.78,6.48,20201216_161229_024883_1.txt
18717132,18717947,MAL,10.17,4.71,3.08,20201216_161229_024883_1.txt
18721493,18725553,FEM,27.6,12.94,9.43,20201216_161229_024883_1.txt
18726658,18727703,MAL,5.03,1.65,1.46,20201216_161229_024883_1.txt
18729630,18730992,FEM,12.11,5.48,3.82,20201216_161229_024883_1.txt
18732462,18735019,FEM,22.67,11.03,7.48,20201216_161229_024883_1.txt
18741340,18763993,FEM,205.07,105.95,69.95,20201216_161229_024883_1.txt
18765236,18767654,FEM,20.77,10.31,6.88,20201216_161229_024883_1.txt
18769182,18771803,FEM,22.38,11.05,7.4,20201216_161229_024883_1.txt
18769401,18769831,MAL,5.62,2.39,1.55,20201216_161229_024883_1.txt
18772052,18772373,FEM,7.72,3.57,2.23,20201216_161229_024883_1.txt
18772511,18776011,FEM,29.98,14.88,10.13,20201216_161229_024883_1.txt
18781850,18785387,FEM,36.21,18.11,11.64,20201216_161229_024883_1.txt
18784081,18784211,MAL,7.99,3.75,2.29,20201216_161229_024883_1.txt
18787510,18787993,FEM,7.21,3.17,2.04,20201216_161229_024883_1.txt
18791492,18793510,FEM,19.51,9.42,6.19,20201216_161229_024883_1.txt
18797473,18798801,FEM,10.35,4.22,3.07,20201216_161229_024883_1.txt
18801686,18803011,FEM,12.67,5.66,3.79,20201216_161229_024883_1.txt
18807010,18809675,FEM,19.52,8.74,6.3,20201216_161229_024883_1.txt
18812010,18814126,FEM,12.81,5.12,4.02,20201216_161229_024883_1.txt
18829992,18830156,FEM,7.12,3.27,2.01,20201216_161229_024883_1.txt
18831317,18834010,FEM,20.01,9.52,6.62,20201216_161229_024883_1.txt
18835991,18841064,FEM,40.99,20.68,14.01,20201216_161229_024883_1.txt
18843011,18845821,FEM,19.98,9.36,6.63,20201216_161229_024883_1.txt
18863987,18870875,FEM,55.72,28.62,19.28,20201216_161229_024883_1.txt
18871876,18875359,FEM,25.53,12.57,8.65,20201216_161229_024883_1.txt
18875739,18882511,FEM,43.35,20.24,15.03,20201216_161229_024883_1.txt
18886011,18888929,FEM,24.32,11.82,8.1,20201216_161229_024883_1.txt
18889991,18903491,FEM,109.21,55.73,37.79,20201216_161229_024883_1.txt
18904011,18910493,FEM,47.99,23.69,16.58,20201216_161229_024883_1.txt
18914796,18917992,FEM,24.48,12.14,8.25,20201216_161229_024883_1.txt
18919011,18921011,FEM,14.62,6.42,4.76,20201216_161229_024883_1.txt
18925491,18926787,FEM,13.67,6.46,4.33,20201216_161229_024883_1.txt
18931180,18933991,FEM,22.75,11.0,7.56,20201216_161229_024883_1.txt
18934466,18936697,FEM,16.99,7.77,5.54,20201216_161229_024883_1.txt
18939648,18940993,FEM,10.36,4.43,3.23,20201216_161229_024883_1.txt
18944673,18944973,FEM,2.85,0.78,0.61,20201216_161229_024883_1.txt
18959010,18963521,FEM,25.76,11.48,8.9,20201216_161229_024883_1.txt
18964949,18965511,FEM,5.17,2.07,1.42,20201216_161229_024883_1.txt
18973011,18973991,FEM,8.93,3.95,2.75,20201216_161229_024883_1.txt
18975011,18977011,FEM,16.41,7.68,5.36,20201216_161229_024883_1.txt
18981127,18981296,FEM,5.97,2.58,1.62,20201216_161229_024883_1.txt
18985992,18989087,FEM,26.93,13.26,8.99,20201216_161229_024883_1.txt
18994492,18995493,FEM,11.16,5.1,3.39,20201216_161229_024883_1.txt
18995609,18995977,FEM,8.43,3.91,2.48,20201216_161229_024883_1.txt
18996812,19005992,FEM,70.73,35.66,24.51,20201216_161229_024883_1.txt
19021016,19022992,FEM,16.55,7.62,5.35,20201216_161229_024883_1.txt
19023512,19025512,FEM,19.33,9.38,6.33,20201216_161229_024883_1.txt
19036149,19036743,FEM,6.43,2.74,1.85,20201216_161229_024883_1.txt
19038618,19039492,FEM,7.06,3.04,2.11,20201216_161229_024883_1.txt
19054788,19055374,MAL,6.44,2.8,1.85,20201216_161229_024883_1.txt
19056338,19057000,FEM,6.03,2.51,1.73,20201216_161229_024883_1.txt
19079302,19079991,MAL,6.73,2.83,1.92,20201216_161229_024883_1.txt
19082383,19082488,FEM,4.8,1.97,1.22,20201216_161229_024883_1.txt
19091312,19091992,FEM,9.35,4.28,2.84,20201216_161229_024883_1.txt
19092566,19093393,FEM,9.16,4.11,2.8,20201216_161229_024883_1.txt
19094081,19095492,FEM,12.82,5.77,4.01,20201216_161229_024883_1.txt
19097270,19097375,FEM,10.02,4.87,2.96,20201216_161229_024883_1.txt
19098539,19098659,FEM,6.71,3.04,1.86,20201216_161229_024883_1.txt
19104647,19105492,FEM,7.96,3.52,2.35,20201216_161229_024883_1.txt
19108492,19116975,FEM,52.98,24.27,18.26,20201216_161229_024883_1.txt
19161993,19165012,FEM,20.91,9.58,6.92,20201216_161229_024883_1.txt
19168356,19171932,FEM,29.63,14.58,9.92,20201216_161229_024883_1.txt
19185491,19188996,FEM,26.67,12.85,8.98,20201216_161229_024883_1.txt
19189840,19192732,FEM,21.55,9.83,7.01,20201216_161229_024883_1.txt
19193490,19197542,FEM,28.75,13.64,9.71,20201216_161229_024883_1.txt
19223094,19223330,MAL,5.82,2.5,1.59,20201216_161229_024883_1.txt
19233786,19234260,FEM,6.23,2.61,1.76,20201216_161229_024883_1.txt
19243518,19243992,FEM,5.33,2.16,1.46,20201216_161229_024883_1.txt
19247142,19250011,FEM,17.53,7.77,5.83,20201216_161229_024883_1.txt
19252532,19254491,FEM,16.72,8.01,5.4,20201216_161229_024883_1.txt
19254898,19256398,FEM,12.62,5.86,4.01,20201216_161229_024883_1.txt
19266864,19267510,FEM,8.39,3.75,2.51,20201216_161229_024883_1.txt
19270551,19270753,FEM,8.55,4.01,2.49,20201216_161229_024883_1.txt
19273511,19274993,FEM,11.51,5.23,3.64,20201216_161229_024883_1.txt
19281491,19283010,FEM,12.93,5.89,4.12,20201216_161229_024883_1.txt
19284537,19286348,FEM,15.67,7.26,5.08,20201216_161229_024883_1.txt
19311004,19311974,MAL,12.35,5.86,3.83,20201216_161229_024883_1.txt
19320290,19320491,MAL,8.82,4.18,2.58,20201216_161229_024883_1.txt
19320486,19321011,FEM,7.2,3.19,2.1,20201216_161229_024883_1.txt
19321332,19321470,FEM,7.4,3.4,2.1,20201216_161229_024883_1.txt
19322832,19322992,FEM,8.35,3.94,2.42,20201216_161229_024883_1.txt
19323365,19323756,FEM,5.62,2.34,1.55,20201216_161229_024883_1.txt
19324243,19325993,FEM,14.56,6.77,4.7,20201216_161229_024883_1.txt
19326522,19330491,FEM,31.01,15.04,10.45,20201216_161229_024883_1.txt
19339373,19341558,FEM,19.57,9.31,6.34,20201216_161229_024883_1.txt
19347324,19350510,FEM,28.06,13.81,9.34,20201216_161229_024883_1.txt
19360929,19362183,FEM,14.35,6.7,4.44,20201216_161229_024883_1.txt
19363011,19366011,FEM,25.91,12.64,8.59,20201216_161229_024883_1.txt
19367372,19370992,FEM,28.66,13.91,9.61,20201216_161229_024883_1.txt
19398511,19399510,FEM,9.88,4.56,3.07,20201216_161229_024883_1.txt
19400453,19401992,FEM,16.26,7.94,5.18,20201216_161229_024883_1.txt
19402561,19402748,FEM,7.31,3.35,2.07,20201216_161229_024883_1.txt
19412492,19421903,FEM,66.16,32.61,23.13,20201216_161229_024883_1.txt
19423493,19424992,FEM,14.6,6.85,4.67,20201216_161229_024883_1.txt
19439011,19439394,FEM,7.99,3.66,2.33,20201216_161229_024883_1.txt
19478492,19478992,FEM,10.14,4.86,3.07,20201216_161229_024883_1.txt
19499010,19499278,FEM,7.64,3.52,2.2,20201216_161229_024883_1.txt
19506400,19508992,FEM,21.15,10.12,7.04,20201216_161229_024883_1.txt
19515305,19517492,FEM,20.93,10.3,6.9,20201216_161229_024883_1.txt
19530882,19530992,FEM,9.02,4.32,2.63,20201216_161229_024883_1.txt
19536491,19537510,FEM,13.73,6.59,4.25,20201216_161229_024883_1.txt
19549531,19549917,MAL,9.45,4.52,2.82,20201216_161229_024883_1.txt
19555985,19556668,FEM,10.44,4.98,3.2,20201216_161229_024883_1.txt
19557992,19560493,FEM,25.63,12.7,8.41,20201216_161229_024883_1.txt
19569065,19569453,MAL,8.25,3.83,2.42,20201216_161229_024883_1.txt
19569209,19569498,FEM,8.12,3.79,2.36,20201216_161229_024883_1.txt
19588492,19589018,MAL,10.89,5.29,3.32,20201216_161229_024883_1.txt
19588510,19589617,FEM,14.27,6.93,4.5,20201216_161229_024883_1.txt
19624052,19626139,FEM,19.61,9.54,6.44,20201216_161229_024883_1.txt
19626249,19627292,FEM,11.95,5.64,3.71,20201216_161229_024883_1.txt
19633193,19634420,FEM,15.19,7.36,4.82,20201216_161229_024883_1.txt
19642510,19643433,FEM,12.63,6.1,3.92,20201216_161229_024883_1.txt
19645492,19646236,FEM,11.94,5.7,3.71,20201216_161229_024883_1.txt
19652043,19653511,FEM,16.3,8.0,5.18,20201216_161229_024883_1.txt
19670011,19671744,FEM,16.31,7.83,5.28,20201216_161229_024883_1.txt
19676226,19677895,FEM,18.28,8.95,5.87,20201216_161229_024883_1.txt
19682894,19685770,FEM,22.83,11.06,7.59,20201216_161229_024883_1.txt
19688049,19688508,FEM,6.32,2.69,1.79,20201216_161229_024883_1.txt
19695511,19699011,FEM,27.51,13.33,9.26,20201216_161229_024883_1.txt
19700913,19701446,FEM,8.4,3.85,2.5,20201216_161229_024883_1.txt
19704058,19705511,FEM,14.78,7.23,4.72,20201216_161229_024883_1.txt
19724534,19724850,MAL,9.42,4.5,2.8,20201216_161229_024883_1.txt
19727562,19727869,FEM,8.24,3.85,2.41,20201216_161229_024883_1.txt
19729268,19732270,FEM,27.14,13.57,9.05,20201216_161229_024883_1.txt
19733806,19734116,MAL,10.25,4.99,3.08,20201216_161229_024883_1.txt
19737493,19738382,FEM,11.79,5.65,3.68,20201216_161229_024883_1.txt
19741013,19741438,MAL,7.42,3.28,2.15,20201216_161229_024883_1.txt
19758045,19760391,FEM,21.25,10.4,6.98,20201216_161229_024883_1.txt
19762137,19764992,FEM,27.18,13.67,8.99,20201216_161229_024883_1.txt
19765799,19766877,FEM,15.62,7.66,4.89,20201216_161229_024883_1.txt
19771752,19776492,FEM,37.87,18.62,12.86,20201216_161229_024883_1.txt
19779155,19780810,FEM,17.48,8.49,5.66,20201216_161229_024883_1.txt
19781385,19783074,FEM,20.46,10.17,6.6,20201216_161229_024883_1.txt
19781405,19781591,MAL,10.5,5.13,3.14,20201216_161229_024883_1.txt
19783411,19784010,FEM,11.02,5.32,3.38,20201216_161229_024883_1.txt
19786493,19787553,FEM,14.1,6.85,4.43,20201216_161229_024883_1.txt
19789655,19789993,FEM,8.35,3.92,2.45,20201216_161229_024883_1.txt
19797991,19798143,FEM,10.65,5.24,3.18,20201216_161229_024883_1.txt
19798771,19798930,FEM,10.96,5.4,3.29,20201216_161229_024883_1.txt
19808992,19810099,FEM,9.97,4.6,3.11,20201216_161229_024883_1.txt
19811615,19812432,FEM,11.12,5.3,3.4,20201216_161229_024883_1.txt
19815011,19817195,FEM,21.35,10.35,6.98,20201216_161229_024883_1.txt
19817747,19819048,FEM,16.57,8.09,5.29,20201216_161229_024883_1.txt
19821615,19822012,FEM,12.13,5.94,3.72,20201216_161229_024883_1.txt
19827011,19827902,FEM,11.56,5.46,3.56,20201216_161229_024883_1.txt
19832766,19832992,FEM,8.75,4.12,2.56,20201216_161229_024883_1.txt
19834511,19840512,FEM,51.18,25.96,17.51,20201216_161229_024883_1.txt
19845005,19847465,FEM,24.13,12.05,8.01,20201216_161229_024883_1.txt
19850010,19850304,FEM,11.57,5.7,3.51,20201216_161229_024883_1.txt
19854161,19856011,FEM,21.43,10.58,6.9,20201216_161229_024883_1.txt
19859680,19860011,FEM,10.5,5.1,3.16,20201216_161229_024883_1.txt
19862901,19863600,FEM,13.2,6.43,4.07,20201216_161229_024883_1.txt
19863824,19863946,FEM,12.02,5.99,3.63,20201216_161229_024883_1.txt
19865010,19866991,FEM,18.92,9.21,6.19,20201216_161229_024883_1.txt
19877123,19878331,MAL,13.85,6.68,4.37,20201216_161229_024883_1.txt
19878510,19878800,FEM,10.83,5.26,3.26,20201216_161229_024883_1.txt
19878991,19879944,FEM,11.58,5.47,3.63,20201216_161229_024883_1.txt
19884493,19886570,FEM,19.29,9.41,6.28,20201216_161229_024883_1.txt
19890259,19895293,FEM,50.91,25.63,16.73,20201216_161229_024883_1.txt
19900991,19902491,FEM,16.86,8.18,5.37,20201216_161229_024883_1.txt
19903242,19903534,FEM,7.14,3.25,2.04,20201216_161229_024883_1.txt
19905362,19910770,FEM,52.25,26.55,17.4,20201216_161229_024883_1.txt
19912203,19914491,FEM,25.13,12.56,8.15,20201216_161229_024883_1.txt
19924313,19925511,FEM,11.43,5.43,3.62,20201216_161229_024883_1.txt
19930018,19930188,MAL,7.13,3.28,2.01,20201216_161229_024883_1.txt
19933992,19934662,FEM,12.46,5.99,3.82,20201216_161229_024883_1.txt
19934181,19934441,MAL,11.4,5.61,3.45,20201216_161229_024883_1.txt
19941992,19946491,FEM,38.64,19.56,13.19,20201216_161229_024883_1.txt
19949124,19949802,FEM,14.23,7.02,4.41,20201216_161229_024883_1.txt
19977249,19978840,FEM,16.19,7.79,5.22,20201216_161229_024883_1.txt
19978841,19978978,MAL,8.46,4.0,2.45,20201216_161229_024883_1.txt
19980010,19982011,FEM,20.84,10.35,6.83,20201216_161229_024883_1.txt
19985160,19987136,FEM,18.72,9.11,6.12,20201216_161229_024883_1.txt
19987277,19987469,FEM,10.12,4.9,3.01,20201216_161229_024883_1.txt
19989511,19991511,FEM,21.2,10.46,6.85,20201216_161229_024883_1.txt
19992511,19995992,FEM,29.57,14.65,9.99,20201216_161229_024883_1.txt
20002493,20003268,FEM,12.11,5.83,3.72,20201216_161229_024883_1.txt
20005287,20006141,FEM,12.66,6.11,3.97,20201216_161229_024883_1.txt
20009511,20010289,FEM,14.5,7.13,4.52,20201216_161229_024883_1.txt
20010512,20017011,FEM,53.41,27.17,18.49,20201216_161229_024883_1.txt
20026207,20028510,FEM,24.37,12.24,8.06,20201216_161229_024883_1.txt
20053492,20054010,FEM,9.27,4.39,2.78,20201216_161229_024883_1.txt
20060511,20063385,FEM,30.54,15.19,9.84,20201216_161229_024883_1.txt
20064257,20073012,FEM,71.49,36.91,24.85,20201216_161229_024883_1.txt
20074011,20084608,FEM,89.53,46.58,31.11,20201216_161229_024883_1.txt
20088010,20088511,FEM,9.86,4.68,2.98,20201216_161229_024883_1.txt
20091375,20106051,FEM,119.17,61.9,41.73,20201216_161229_024883_1.txt
20108049,20108356,FEM,8.75,4.14,2.57,20201216_161229_024883_1.txt
20118405,20137845,FEM,190.84,98.24,64.09,20201216_161229_024883_1.txt
20141013,20141209,FEM,8.89,4.25,2.6,20201216_161229_024883_1.txt
20142010,20143897,FEM,19.09,9.4,6.18,20201216_161229_024883_1.txt
20145491,20146991,FEM,16.24,7.85,5.22,20201216_161229_024883_1.txt
20151511,20152010,FEM,8.5,3.95,2.52,20201216_161229_024883_1.txt
20153510,20160510,FEM,56.02,28.4,19.4,20201216_161229_024883_1.txt
20172993,20176493,FEM,28.25,13.85,9.55,20201216_161229_024883_1.txt
20178988,20179992,FEM,12.54,5.88,3.85,20201216_161229_024883_1.txt
20182098,20184418,FEM,22.33,11.14,7.38,20201216_161229_024883_1.txt
20192993,20199773,FEM,58.42,30.01,20.0,20201216_161229_024883_1.txt
20200759,20202052,FEM,14.29,6.86,4.48,20201216_161229_024883_1.txt
20208493,20210493,FEM,18.53,9.07,6.07,20201216_161229_024883_1.txt
20214483,20215762,FEM,14.66,7.13,4.66,20201216_161229_024883_1.txt
20216010,20216602,FEM,10.42,4.89,3.12,20201216_161229_024883_1.txt
20218661,20228992,FEM,88.27,45.91,30.6,20201216_161229_024883_1.txt
20231173,20236733,FEM,48.07,24.8,16.51,20201216_161229_024883_1.txt
20238491,20241491,FEM,27.46,13.65,9.1,20201216_161229_024883_1.txt
20243555,20243731,FEM,8.96,4.27,2.62,20201216_161229_024883_1.txt
20243837,20253491,FEM,80.23,41.81,27.91,20201216_161229_024883_1.txt
20254058,20254173,FEM,7.7,3.61,2.19,20201216_161229_024883_1.txt
20255010,20255332,FEM,9.3,4.47,2.76,20201216_161229_024883_1.txt
20257493,20258494,FEM,12.34,5.84,3.83,20201216_161229_024883_1.txt
20258620,20267493,FEM,73.38,37.58,25.34,20201216_161229_024883_1.txt
20268993,20271570,FEM,23.93,11.85,7.91,20201216_161229_024883_1.txt
20275213,20279361,FEM,38.04,19.36,12.82,20201216_161229_024883_1.txt
20286437,20290954,FEM,45.14,23.18,15.09,20201216_161229_024883_1.txt
20291830,20292993,FEM,9.25,4.06,2.89,20201216_161229_024883_1.txt
20294992,20308511,FEM,114.04,59.38,39.67,20201216_161229_024883_1.txt
20311106,20323430,FEM,110.12,57.57,37.9,20201216_161229_024883_1.txt
20314079,20314899,MAL,12.42,6.01,3.83,20201216_161229_024883_1.txt
20323599,20324360,FEM,9.91,4.62,2.98,20201216_161229_024883_1.txt
20330173,20338259,FEM,76.3,39.29,25.76,20201216_161229_024883_1.txt
20338511,20344491,FEM,50.36,25.57,17.23,20201216_161229_024883_1.txt
20346647,20351492,FEM,42.25,21.54,14.34,20201216_161229_024883_1.txt
20352892,20372062,FEM,181.01,93.59,61.4,20201216_161229_024883_1.txt
20373314,20379011,FEM,54.72,27.81,18.27,20201216_161229_024883_1.txt
20381593,20381993,FEM,10.35,4.91,3.12,20201216_161229_024883_1.txt
20382536,20382679,FEM,10.51,5.14,3.13,20201216_161229_024883_1.txt
20383977,20386426,FEM,25.06,12.53,8.21,20201216_161229_024883_1.txt
20387472,20389991,MAL,31.09,15.61,9.97,20201216_161229_024883_1.txt
20390371,20391139,FEM,13.06,6.44,4.09,20201216_161229_024883_1.txt
20392869,20393011,FEM,13.0,6.53,3.96,20201216_161229_024883_1.txt
20394992,20399992,FEM,42.87,21.59,14.57,20201216_161229_024883_1.txt
20400010,20403083,MAL,28.47,14.28,9.56,20201216_161229_024883_1.txt
20403179,20403491,FEM,11.67,5.74,3.55,20201216_161229_024883_1.txt
20405491,20423748,FEM,175.14,90.36,59.19,20201216_161229_024883_1.txt
20407265,20407405,MAL,11.95,5.95,3.61,20201216_161229_024883_1.txt
20407511,20407980,MAL,12.01,5.89,3.69,20201216_161229_024883_1.txt
20425780,20435817,FEM,103.28,52.88,34.23,20201216_161229_024883_1.txt
20437010,20441737,FEM,45.77,22.92,15.13,20201216_161229_024883_1.txt
20441992,20447993,FEM,53.25,26.99,18.04,20201216_161229_024883_1.txt
20447669,20447922,MAL,12.28,6.07,3.74,20201216_161229_024883_1.txt
20448173,20448424,MAL,11.7,5.8,3.55,20201216_161229_024883_1.txt
20448585,20456012,FEM,72.88,37.86,24.61,20201216_161229_024883_1.txt
20456224,20460011,FEM,34.66,17.75,11.74,20201216_161229_024883_1.txt
20463776,20472991,FEM,94.12,47.97,31.15,20201216_161229_024883_1.txt
20473393,20480992,FEM,62.18,31.82,21.5,20201216_161229_024883_1.txt
20482991,20492731,FEM,78.28,40.03,27.17,20201216_161229_024883_1.txt
20494011,20507656,FEM,133.92,68.98,44.94,20201216_161229_024883_1.txt
20508427,20509949,FEM,17.48,8.73,5.63,20201216_161229_024883_1.txt
20510850,20519433,FEM,70.72,36.06,24.45,20201216_161229_024883_1.txt
20519609,20529165,FEM,83.3,42.77,28.55,20201216_161229_024883_1.txt
20530508,20550993,FEM,173.77,89.58,60.11,20201216_161229_024883_1.txt
20552184,20561573,FEM,84.31,42.08,28.22,20201216_161229_024883_1.txt
20560902,20561079,MAL,10.68,5.24,3.19,20201216_161229_024883_1.txt
20566492,20570523,FEM,35.81,17.84,12.01,20201216_161229_024883_1.txt
20571992,20573492,FEM,17.36,8.35,5.54,20201216_161229_024883_1.txt
20574663,20576592,FEM,19.21,9.29,6.28,20201216_161229_024883_1.txt
20578011,20583011,FEM,45.37,23.01,15.35,20201216_161229_024883_1.txt
20584059,20586621,FEM,24.07,11.81,7.95,20201216_161229_024883_1.txt
20587011,20593012,FEM,51.99,26.52,17.68,20201216_161229_024883_1.txt
20598845,20600828,FEM,20.48,10.15,6.71,20201216_161229_024883_1.txt
20601511,20613492,FEM,100.51,52.09,34.9,20201216_161229_024883_1.txt
20613511,20615352,MAL,18.59,9.22,6.06,20201216_161229_024883_1.txt
20617492,20619041,FEM,15.93,7.71,5.07,20201216_161229_024883_1.txt
20621301,20622103,FEM,13.35,6.51,4.14,20201216_161229_024883_1.txt
20622887,20627512,FEM,45.59,22.99,15.1,20201216_161229_024883_1.txt
20629011,20634274,FEM,50.64,25.65,16.84,20201216_161229_024883_1.txt
20634973,20639106,FEM,37.17,18.95,12.58,20201216_161229_024883_1.txt
20639510,20639815,FEM,10.68,5.2,3.22,20201216_161229_024883_1.txt
20639978,20646993,FEM,61.37,31.67,21.02,20201216_161229_024883_1.txt
20647754,20651993,FEM,39.47,20.14,13.21,20201216_161229_024883_1.txt
20655078,20663512,FEM,69.34,35.77,24.08,20201216_161229_024883_1.txt
20666877,20671730,FEM,45.42,23.34,15.29,20201216_161229_024883_1.txt
20677992,20681313,FEM,27.98,13.96,9.44,20201216_161229_024883_1.txt
20684764,20690512,FEM,46.17,23.39,15.91,20201216_161229_024883_1.txt
20691541,20696492,FEM,42.98,21.65,14.5,20201216_161229_024883_1.txt
20696675,20696992,FEM,9.74,4.69,2.9,20201216_161229_024883_1.txt
20697896,20703510,FEM,47.86,24.47,16.39,20201216_161229_024883_1.txt
20704081,20704511,FEM,9.73,4.67,2.92,20201216_161229_024883_1.txt
20706503,20709405,FEM,25.18,12.59,8.38,20201216_161229_024883_1.txt
20711012,20714421,FEM,34.35,17.18,11.2,20201216_161229_024883_1.txt
20714712,20714840,MAL,9.8,4.76,2.89,20201216_161229_024883_1.txt
20714984,20715991,MAL,12.88,6.17,4.01,20201216_161229_024883_1.txt
20719010,20724132,FEM,47.96,24.2,15.97,20201216_161229_024883_1.txt
20722993,20723990,MAL,14.2,6.88,4.4,20201216_161229_024883_1.txt
20724996,20728611,FEM,31.7,16.11,10.73,20201216_161229_024883_1.txt
20729491,20738992,FEM,78.14,40.44,27.19,20201216_161229_024883_1.txt
20740011,20746208,FEM,52.25,27.0,18.01,20201216_161229_024883_1.txt
20747483,20756010,FEM,68.44,35.01,23.74,20201216_161229_024883_1.txt
20757011,20760342,FEM,29.0,14.51,9.72,20201216_161229_024883_1.txt
20762225,20764329,FEM,19.74,9.48,6.38,20201216_161229_024883_1.txt
20764991,20766010,FEM,12.79,6.08,3.99,20201216_161229_024883_1.txt
20767595,20769510,FEM,19.22,9.36,6.18,20201216_161229_024883_1.txt
20770784,20771027,MAL,8.69,4.1,2.54,20201216_161229_024883_1.txt
20771011,20771284,FEM,9.07,4.32,2.67,20201216_161229_024883_1.txt
20771743,20775162,FEM,25.32,12.21,8.57,20201216_161229_024883_1.txt
20776623,20780511,FEM,30.99,14.69,10.32,20201216_161229_024883_1.txt
20782514,20782652,FEM,9.92,4.8,2.93,20201216_161229_024883_1.txt
20804286,20804492,FEM,8.36,3.93,2.43,20201216_161229_024883_1.txt
20804614,20804992,FEM,7.25,3.26,2.09,20201216_161229_024883_1.txt
20805876,20805992,FEM,8.93,4.28,2.6,20201216_161229_024883_1.txt
20806011,20807574,MAL,14.47,6.87,4.64,20201216_161229_024883_1.txt
20819432,20823347,FEM,35.68,17.73,11.84,20201216_161229_024883_1.txt
20830993,20831474,FEM,10.24,4.91,3.1,20201216_161229_024883_1.txt
20843561,20845203,FEM,12.02,5.6,3.89,20201216_161229_024883_1.txt
20848673,20850008,FEM,12.92,6.1,4.09,20201216_161229_024883_1.txt
20852100,20854960,FEM,22.5,10.95,7.53,20201216_161229_024883_1.txt
20857142,20857734,FEM,3.97,1.28,1.03,20201216_161229_024883_1.txt
20858052,20858492,FEM,6.46,2.76,1.83,20201216_161229_024883_1.txt
20861493,20861971,FEM,2.33,0.4,0.47,20201216_161229_024883_1.txt
20864512,20867305,FEM,23.36,11.47,7.81,20201216_161229_024883_1.txt
20868592,20870492,FEM,18.93,9.25,6.13,20201216_161229_024883_1.txt
20872613,20872991,FEM,9.95,4.8,2.99,20201216_161229_024883_1.txt
20883992,20884522,FEM,9.83,4.65,2.97,20201216_161229_024883_1.txt
20890492,20891258,FEM,10.35,4.78,3.13,20201216_161229_024883_1.txt
20907315,20908992,FEM,15.58,7.32,5.03,20201216_161229_024883_1.txt
20918491,20919537,FEM,13.2,6.38,4.13,20201216_161229_024883_1.txt
20931370,20932020,FEM,8.48,3.82,2.54,20201216_161229_024883_1.txt
20936904,20937512,FEM,4.88,1.91,1.34,20201216_161229_024883_1.txt
20937739,20937845,FEM,5.75,2.51,1.54,20201216_161229_024883_1.txt
20943287,20943977,MAL,8.24,3.69,2.42,20201216_161229_024883_1.txt
20965897,20967512,FEM,16.45,7.89,5.25,20201216_161229_024883_1.txt
20968219,20969768,FEM,16.6,7.94,5.24,20201216_161229_024883_1.txt
20970011,20972390,FEM,18.93,8.83,6.1,20201216_161229_024883_1.txt
20970031,20970492,MAL,6.54,2.85,1.86,20201216_161229_024883_1.txt
20973033,20974061,FEM,10.66,4.75,3.28,20201216_161229_024883_1.txt
20979135,20979699,FEM,8.65,3.96,2.58,20201216_161229_024883_1.txt
20986493,20991012,FEM,28.85,13.67,9.93,20201216_161229_024883_1.txt
20992068,20992492,FEM,6.33,2.66,1.79,20201216_161229_024883_1.txt
20995011,20997854,FEM,22.9,11.15,7.66,20201216_161229_024883_1.txt
21005992,21007011,FEM,10.24,4.69,3.19,20201216_161229_024883_1.txt
21009005,21010902,FEM,18.83,9.16,6.15,20201216_161229_024883_1.txt
21017235,21017491,FEM,7.54,3.39,2.16,20201216_161229_024883_1.txt
21021903,21024993,FEM,20.87,9.51,7.03,20201216_161229_024883_1.txt
21026491,21026633,FEM,6.36,2.84,1.75,20201216_161229_024883_1.txt
21027811,21030751,FEM,18.88,8.54,6.34,20201216_161229_024883_1.txt
21034510,21036511,FEM,20.43,9.99,6.59,20201216_161229_024883_1.txt
21038513,21039029,FEM,6.81,3.0,1.96,20201216_161229_024883_1.txt
21039159,21039274,FEM,6.19,2.76,1.69,20201216_161229_024883_1.txt
21040484,21044602,FEM,37.96,19.12,12.63,20201216_161229_024883_1.txt
21046011,21048007,FEM,18.68,9.04,6.06,20201216_161229_024883_1.txt
21049414,21050853,FEM,14.42,7.11,4.66,20201216_161229_024883_1.txt
21054107,21054492,FEM,7.76,3.58,2.26,20201216_161229_024883_1.txt
21057511,21059492,FEM,19.71,9.58,6.45,20201216_161229_024883_1.txt
21061991,21065010,FEM,25.93,12.74,8.75,20201216_161229_024883_1.txt
21067493,21069511,FEM,19.85,9.97,6.56,20201216_161229_024883_1.txt
21070149,21070269,FEM,8.52,4.05,2.47,20201216_161229_024883_1.txt
21072511,21073453,FEM,12.04,5.83,3.73,20201216_161229_024883_1.txt
21075262,21077992,FEM,23.62,11.72,7.94,20201216_161229_024883_1.txt
21091411,21094511,FEM,27.2,13.52,9.14,20201216_161229_024883_1.txt
21094759,21095058,MAL,9.19,4.39,2.72,20201216_161229_024883_1.txt
21095802,21096097,FEM,9.71,4.67,2.89,20201216_161229_024883_1.txt
21101511,21103511,FEM,16.61,7.8,5.43,20201216_161229_024883_1.txt
21106400,21109512,FEM,30.17,15.34,10.13,20201216_161229_024883_1.txt
21111492,21114511,FEM,29.63,14.97,9.78,20201216_161229_024883_1.txt
21116492,21116748,FEM,4.9,1.94,1.28,20201216_161229_024883_1.txt
21121012,21124993,FEM,31.29,15.62,10.65,20201216_161229_024883_1.txt
21126933,21130077,FEM,24.74,11.86,8.27,20201216_161229_024883_1.txt
21133280,21134665,FEM,13.28,6.2,4.16,20201216_161229_024883_1.txt
21134993,21140012,FEM,47.83,23.79,15.76,20201216_161229_024883_1.txt
21135290,21135405,MAL,7.84,3.67,2.24,20201216_161229_024883_1.txt
21135511,21136881,MAL,14.91,7.29,4.75,20201216_161229_024883_1.txt
21139559,21141285,MAL,21.99,10.7,6.91,20201216_161229_024883_1.txt
21153012,21160424,FEM,64.69,33.24,22.15,20201216_161229_024883_1.txt
21167722,21168885,FEM,12.19,5.65,3.86,20201216_161229_024883_1.txt
21176787,21178049,FEM,11.83,5.58,3.71,20201216_161229_024883_1.txt
21178363,21178493,FEM,9.15,4.39,2.68,20201216_161229_024883_1.txt
21178618,21180790,FEM,21.66,10.8,7.14,20201216_161229_024883_1.txt
21180920,21182027,FEM,14.8,7.26,4.67,20201216_161229_024883_1.txt
21186785,21188010,FEM,13.57,6.56,4.28,20201216_161229_024883_1.txt
21199661,21203643,FEM,36.16,18.05,12.06,20201216_161229_024883_1.txt
21214492,21217087,FEM,26.58,13.17,8.58,20201216_161229_024883_1.txt
21217911,21219571,FEM,15.79,7.73,5.15,20201216_161229_024883_1.txt
21219935,21222179,FEM,23.5,11.51,7.55,20201216_161229_024883_1.txt
21227280,21237344,FEM,93.02,48.46,31.77,20201216_161229_024883_1.txt
21227618,21227989,MAL,9.84,4.75,2.95,20201216_161229_024883_1.txt
21230215,21230959,MAL,13.0,6.35,4.01,20201216_161229_024883_1.txt
21238011,21240412,FEM,23.61,11.9,7.83,20201216_161229_024883_1.txt
21241094,21243510,FEM,27.05,13.58,8.76,20201216_161229_024883_1.txt
21243811,21244101,FEM,9.72,4.69,2.89,20201216_161229_024883_1.txt
21244258,21246931,MAL,27.46,14.12,9.16,20201216_161229_024883_1.txt
21244331,21245011,FEM,10.65,5.17,3.27,20201216_161229_024883_1.txt
21246231,21246901,FEM,11.69,5.72,3.61,20201216_161229_024883_1.txt
21261614,21264672,FEM,30.65,15.02,9.91,20201216_161229_024883_1.txt
21264854,21266013,FEM,13.16,6.26,4.14,20201216_161229_024883_1.txt
21267011,21268756,FEM,18.32,8.87,5.8,20201216_161229_024883_1.txt
21269669,21271220,FEM,15.4,7.48,4.89,20201216_161229_024883_1.txt
21277495,21281511,FEM,34.1,17.14,11.54,20201216_161229_024883_1.txt
21283594,21285012,FEM,13.53,6.35,4.3,20201216_161229_024883_1.txt
21290359,21295119,FEM,41.81,20.61,13.87,20201216_161229_024883_1.txt
21295820,21302599,FEM,69.05,34.93,22.6,20201216_161229_024883_1.txt
21295992,21297040,MAL,10.11,4.55,3.0,20201216_161229_024883_1.txt
21302755,21304712,FEM,16.9,8.03,5.52,20201216_161229_024883_1.txt
21306417,21308511,FEM,20.61,10.17,6.72,20201216_161229_024883_1.txt
21315420,21315842,MAL,7.58,3.45,2.2,20201216_161229_024883_1.txt
21318500,21323095,FEM,40.86,20.28,13.57,20201216_161229_024883_1.txt
21324992,21331779,FEM,61.27,31.33,20.69,20201216_161229_024883_1.txt
21336325,21340836,FEM,38.75,19.59,13.12,20201216_161229_024883_1.txt
21342594,21343993,FEM,6.44,2.13,1.99,20201216_161229_024883_1.txt
21346509,21347327,FEM,9.07,3.98,2.71,20201216_161229_024883_1.txt
21353109,21355097,FEM,20.08,9.73,6.42,20201216_161229_024883_1.txt
21356973,21358492,FEM,10.43,4.17,3.18,20201216_161229_024883_1.txt
21358013,21358264,MAL,6.32,2.71,1.75,20201216_161229_024883_1.txt
21363492,21363755,FEM,11.32,5.58,3.42,20201216_161229_024883_1.txt
21367133,21367263,FEM,10.07,4.89,2.98,20201216_161229_024883_1.txt
21367486,21368104,FEM,12.24,5.87,3.74,20201216_161229_024883_1.txt
21371658,21372509,MAL,13.42,6.43,4.17,20201216_161229_024883_1.txt
21387512,21388511,FEM,10.25,4.65,3.14,20201216_161229_024883_1.txt
21398992,21399743,FEM,11.33,5.38,3.51,20201216_161229_024883_1.txt
21402210,21422511,FEM,156.93,80.64,55.25,20201216_161229_024883_1.txt
21414599,21414898,MAL,7.03,3.18,2.0,20201216_161229_024883_1.txt
21427511,21427666,FEM,6.9,3.12,1.93,20201216_161229_024883_1.txt
21432959,21435011,FEM,18.77,9.05,6.1,20201216_161229_024883_1.txt
21437511,21440493,FEM,27.7,13.98,9.29,20201216_161229_024883_1.txt
21444492,21446183,FEM,17.04,8.17,5.51,20201216_161229_024883_1.txt
21451682,21453307,FEM,13.68,6.11,4.33,20201216_161229_024883_1.txt
21454738,21455727,FEM,11.24,5.26,3.47,20201216_161229_024883_1.txt
21457558,21457831,FEM,8.77,4.16,2.57,20201216_161229_024883_1.txt
21509511,21510436,FEM,6.56,2.69,1.95,20201216_161229_024883_1.txt
21514856,21515177,FEM,10.49,5.11,3.16,20201216_161229_024883_1.txt
21522056,21522709,FEM,9.25,4.2,2.75,20201216_161229_024883_1.txt
21524511,21526011,MAL,8.75,3.62,2.78,20201216_161229_024883_1.txt
21528011,21530117,FEM,13.3,5.65,4.29,20201216_161229_024883_1.txt
21531725,21533136,FEM,10.98,4.78,3.4,20201216_161229_024883_1.txt
21534491,21535962,FEM,10.09,4.23,3.16,20201216_161229_024883_1.txt
21536511,21536935,FEM,7.72,3.51,2.25,20201216_161229_024883_1.txt
21543119,21544491,FEM,14.02,6.68,4.46,20201216_161229_024883_1.txt
21544615,21545833,FEM,10.99,5.18,3.47,20201216_161229_024883_1.txt
21552510,21553318,FEM,5.02,1.72,1.41,20201216_161229_024883_1.txt
21556059,21556197,FEM,3.65,1.31,0.85,20201216_161229_024883_1.txt
21556648,21557510,FEM,5.01,1.73,1.42,20201216_161229_024883_1.txt
21561010,21562370,FEM,8.21,3.34,2.52,20201216_161229_024883_1.txt
21566002,21566400,FEM,5.09,2.02,1.37,20201216_161229_024883_1.txt
21577166,21581491,FEM,29.72,14.27,10.13,20201216_161229_024883_1.txt
21583010,21584618,FEM,11.33,4.86,3.55,20201216_161229_024883_1.txt
21627268,21627848,FEM,4.26,1.46,1.12,20201216_161229_024883_1.txt
21629163,21629484,MAL,3.51,1.18,0.83,20201216_161229_024883_1.txt
21630000,21632629,FEM,18.8,9.04,6.26,20201216_161229_024883_1.txt
21633634,21635369,FEM,8.79,3.17,2.77,20201216_161229_024883_1.txt
21726637,21726996,FEM,5.69,2.41,1.56,20201216_161229_024883_1.txt
21728915,21729605,MAL,7.45,3.26,2.15,20201216_161229_024883_1.txt
21739453,21743007,FEM,28.81,14.18,9.75,20201216_161229_024883_1.txt
21744011,21746274,FEM,21.08,10.04,6.8,20201216_161229_024883_1.txt
21755334,21759198,FEM,25.0,11.35,8.53,20201216_161229_024883_1.txt
21775492,21775887,FEM,8.77,4.11,2.6,20201216_161229_024883_1.txt
21793821,21796492,FEM,20.69,9.86,6.9,20201216_161229_024883_1.txt
21794805,21795612,MAL,10.37,4.81,3.2,20201216_161229_024883_1.txt
21802011,21802733,FEM,9.47,4.36,2.83,20201216_161229_024883_1.txt
21806947,21807993,FEM,9.15,4.09,2.83,20201216_161229_024883_1.txt
21814063,21815511,FEM,13.14,6.14,4.18,20201216_161229_024883_1.txt
21816629,21816907,FEM,7.51,3.41,2.16,20201216_161229_024883_1.txt
21823992,21825511,FEM,14.53,6.79,4.65,20201216_161229_024883_1.txt
21826511,21827891,FEM,14.72,7.13,4.69,20201216_161229_024883_1.txt
21833066,21835218,FEM,18.1,8.49,5.89,20201216_161229_024883_1.txt
21929375,21930011,FEM,7.44,3.18,2.14,20201216_161229_024883_1.txt
21941970,21947492,FEM,43.83,21.88,15.03,20201216_161229_024883_1.txt
21951611,21952099,FEM,9.93,4.63,2.95,20201216_161229_024883_1.txt
21952625,21952915,FEM,8.55,4.0,2.5,20201216_161229_024883_1.txt
21958010,21958552,FEM,10.85,5.19,3.31,20201216_161229_024883_1.txt
21962409,21964461,FEM,17.85,8.55,5.85,20201216_161229_024883_1.txt
21965631,21966539,FEM,11.42,5.35,3.46,20201216_161229_024883_1.txt
21971512,21972430,FEM,10.47,4.79,3.25,20201216_161229_024883_1.txt
21975992,21976512,FEM,11.56,5.6,3.55,20201216_161229_024883_1.txt
22000108,22000656,MAL,9.04,4.29,2.71,20201216_161229_024883_1.txt
22003218,22005051,FEM,17.64,8.45,5.74,20201216_161229_024883_1.txt
22005197,22005491,FEM,9.0,4.22,2.66,20201216_161229_024883_1.txt
22007057,22007511,FEM,10.93,5.28,3.33,20201216_161229_024883_1.txt
22042154,22042655,FEM,8.05,3.63,2.37,20201216_161229_024883_1.txt
22049975,22050539,FEM,11.53,5.63,3.54,20201216_161229_024883_1.txt
22066160,22066992,FEM,13.47,6.47,4.23,20201216_161229_024883_1.txt
22072061,22074491,FEM,24.86,12.49,8.24,20201216_161229_024883_1.txt
22096677,22098992,FEM,19.1,8.91,6.31,20201216_161229_024883_1.txt
22105492,22107763,FEM,20.81,9.86,6.82,20201216_161229_024883_1.txt
22108511,22114856,FEM,46.6,22.81,16.1,20201216_161229_024883_1.txt
22116019,22116522,FEM,9.62,4.54,2.9,20201216_161229_024883_1.txt
22121512,22122492,FEM,10.83,5.06,3.38,20201216_161229_024883_1.txt
22138097,22139651,FEM,14.93,6.92,4.79,20201216_161229_024883_1.txt
22139772,22142185,FEM,18.08,8.28,5.93,20201216_161229_024883_1.txt
22142492,22143722,FEM,13.23,6.08,4.17,20201216_161229_024883_1.txt
22167353,22168180,FEM,11.31,5.31,3.46,20201216_161229_024883_1.txt
22168974,22169492,FEM,7.28,3.19,2.12,20201216_161229_024883_1.txt
22173011,22174233,FEM,8.86,3.82,2.71,20201216_161229_024883_1.txt
22176492,22179011,FEM,23.37,11.1,7.5,20201216_161229_024883_1.txt
22179469,22181361,FEM,15.03,7.05,4.88,20201216_161229_024883_1.txt
22182491,22185216,FEM,20.71,9.81,6.91,20201216_161229_024883_1.txt
22189516,22190360,FEM,10.44,4.79,3.18,20201216_161229_024883_1.txt
22193492,22194805,MAL,11.19,5.09,3.5,20201216_161229_024883_1.txt
22218708,22218917,FEM,11.16,5.48,3.36,20201216_161229_024883_1.txt
22219080,22219186,FEM,8.33,3.95,2.4,20201216_161229_024883_1.txt
22222995,22227050,FEM,30.72,14.7,10.37,20201216_161229_024883_1.txt
22241491,22245511,FEM,31.27,14.95,10.54,20201216_161229_024883_1.txt
22248010,22248307,FEM,9.55,4.55,2.84,20201216_161229_024883_1.txt
22248493,22250511,FEM,15.19,6.91,4.95,20201216_161229_024883_1.txt
22251189,22251302,FEM,10.65,5.23,3.17,20201216_161229_024883_1.txt
22253493,22256011,FEM,22.41,10.96,7.44,20201216_161229_024883_1.txt
22260012,22261347,FEM,12.91,5.94,4.08,20201216_161229_024883_1.txt
22261645,22265492,FEM,33.83,16.97,11.37,20201216_161229_024883_1.txt
22273491,22274029,FEM,9.78,4.63,2.96,20201216_161229_024883_1.txt
22276991,22279958,FEM,23.45,11.4,7.87,20201216_161229_024883_1.txt
22282493,22285203,FEM,20.51,9.8,6.84,20201216_161229_024883_1.txt
22299315,22299992,FEM,4.86,1.84,1.34,20201216_161229_024883_1.txt
22306153,22310171,FEM,33.35,16.39,11.23,20201216_161229_024883_1.txt
22312511,22312825,FEM,9.69,4.63,2.89,20201216_161229_024883_1.txt
22312932,22318561,FEM,43.42,21.23,14.91,20201216_161229_024883_1.txt
22319246,22321492,FEM,20.68,9.78,6.72,20201216_161229_024883_1.txt
22326492,22326929,FEM,8.47,3.85,2.5,20201216_161229_024883_1.txt
22336511,22336651,FEM,9.48,4.58,2.79,20201216_161229_024883_1.txt
22336803,22336941,MAL,8.9,4.25,2.59,20201216_161229_024883_1.txt
22337011,22342011,FEM,40.13,19.98,13.71,20201216_161229_024883_1.txt
22343661,22343911,FEM,10.47,5.1,3.14,20201216_161229_024883_1.txt
22362991,22364036,FEM,13.39,6.5,4.19,20201216_161229_024883_1.txt
22378012,22379556,FEM,12.2,5.33,3.93,20201216_161229_024883_1.txt
22379799,22379993,FEM,6.14,2.67,1.69,20201216_161229_024883_1.txt
22381729,22383199,FEM,12.8,5.93,4.12,20201216_161229_024883_1.txt
22392992,22394286,FEM,12.2,5.67,3.84,20201216_161229_024883_1.txt
22406733,22407270,FEM,7.03,3.07,2.04,20201216_161229_024883_1.txt
22418870,22419309,FEM,5.89,2.45,1.64,20201216_161229_024883_1.txt
22424676,22427511,FEM,23.31,11.25,7.75,20201216_161229_024883_1.txt
22444493,22445322,FEM,10.11,4.65,3.12,20201216_161229_024883_1.txt
22445689,22448011,FEM,21.52,10.14,7.01,20201216_161229_024883_1.txt
22450643,22458959,FEM,47.52,21.37,16.78,20201216_161229_024883_1.txt
22461492,22462511,FEM,6.01,1.93,1.78,20201216_161229_024883_1.txt
22465269,22466930,FEM,13.67,6.25,4.39,20201216_161229_024883_1.txt
22473506,22475511,FEM,15.67,7.27,5.11,20201216_161229_024883_1.txt
22478011,22480185,FEM,18.8,9.06,6.19,20201216_161229_024883_1.txt
22484039,22486167,FEM,18.79,8.95,6.17,20201216_161229_024883_1.txt
22492461,22493511,FEM,12.61,5.87,3.93,20201216_161229_024883_1.txt
22496464,22497709,FEM,13.43,6.23,4.24,20201216_161229_024883_1.txt
22499512,22501979,FEM,18.84,8.76,6.25,20201216_161229_024883_1.txt
22509191,22510327,FEM,12.28,5.64,3.84,20201216_161229_024883_1.txt
22510492,22512509,FEM,20.31,9.97,6.61,20201216_161229_024883_1.txt
22520012,22520922,FEM,12.77,6.15,4.02,20201216_161229_024883_1.txt
22525862,22531004,FEM,34.57,16.18,11.88,20201216_161229_024883_1.txt
22531492,22535949,FEM,33.64,16.45,11.51,20201216_161229_024883_1.txt
22537008,22537113,FEM,9.76,4.74,2.88,20201216_161229_024883_1.txt
22537492,22539990,FEM,19.55,8.98,6.44,20201216_161229_024883_1.txt
22544992,22547493,FEM,23.05,11.28,7.65,20201216_161229_024883_1.txt
22552628,22552993,FEM,6.92,3.02,1.97,20201216_161229_024883_1.txt
22554992,22555826,FEM,8.01,3.39,2.36,20201216_161229_024883_1.txt
22558071,22558257,FEM,9.5,4.57,2.8,20201216_161229_024883_1.txt
22558927,22560577,MAL,17.36,8.46,5.67,20201216_161229_024883_1.txt
22574437,22575011,FEM,7.2,3.0,2.1,20201216_161229_024883_1.txt
22577493,22581992,FEM,31.99,15.2,10.97,20201216_161229_024883_1.txt
22583011,22585269,FEM,18.58,8.68,6.13,20201216_161229_024883_1.txt
22592626,22594092,FEM,13.67,6.2,4.35,20201216_161229_024883_1.txt
22599756,22603733,FEM,29.6,14.47,10.14,20201216_161229_024883_1.txt
22604511,22605478,FEM,13.82,6.71,4.32,20201216_161229_024883_1.txt
22612993,22620011,FEM,54.78,27.43,18.93,20201216_161229_024883_1.txt
22622132,22623511,FEM,16.89,8.1,5.36,20201216_161229_024883_1.txt
22628165,22630759,FEM,21.46,10.43,7.14,20201216_161229_024883_1.txt
22629545,22629766,MAL,8.57,4.07,2.5,20201216_161229_024883_1.txt
22632991,22633264,FEM,7.29,3.27,2.08,20201216_161229_024883_1.txt
22634373,22634567,MAL,9.46,4.54,2.79,20201216_161229_024883_1.txt
22640349,22641512,FEM,15.68,7.6,4.92,20201216_161229_024883_1.txt
22644082,22644492,FEM,11.41,5.54,3.48,20201216_161229_024883_1.txt
22647148,22648992,FEM,18.19,8.75,5.87,20201216_161229_024883_1.txt
22661993,22663613,FEM,16.88,8.1,5.45,20201216_161229_024883_1.txt
22664011,22666055,FEM,18.43,8.83,6.04,20201216_161229_024883_1.txt
22667492,22668010,FEM,1.95,0.09,0.34,20201216_161229_024883_1.txt
22668186,22668478,FEM,2.43,0.54,0.47,20201216_161229_024883_1.txt
22674543,22674676,FEM,4.0,1.53,0.96,20201216_161229_024883_1.txt
22677992,22678512,FEM,5.21,2.12,1.43,20201216_161229_024883_1.txt
22682492,22683074,FEM,9.63,4.6,2.91,20201216_161229_024883_1.txt
22685719,22685992,FEM,8.68,4.09,2.54,20201216_161229_024883_1.txt
22686710,22687512,FEM,7.97,3.37,2.4,20201216_161229_024883_1.txt
22688849,22689205,FEM,7.04,3.18,2.01,20201216_161229_024883_1.txt
22701992,22702515,MAL,2.57,0.33,0.55,20201216_161229_024883_1.txt
22754513,22755011,MAL,7.42,3.25,2.16,20201216_161229_024883_1.txt
22772492,22772684,FEM,8.43,3.94,2.45,20201216_161229_024883_1.txt
22830928,22832013,FEM,9.27,4.19,2.88,20201216_161229_024883_1.txt
22845306,22845512,FEM,5.78,2.48,1.57,20201216_161229_024883_1.txt
22858991,22860088,FEM,9.51,4.37,2.96,20201216_161229_024883_1.txt
22867993,22868135,MAL,10.65,5.18,3.18,20201216_161229_024883_1.txt
22886992,22888280,FEM,12.69,5.78,4.0,20201216_161229_024883_1.txt
22894512,22895511,FEM,11.59,5.33,3.64,20201216_161229_024883_1.txt
22921515,22922011,MAL,7.57,3.37,2.21,20201216_161229_024883_1.txt
22933621,22933953,FEM,10.03,4.8,3.01,20201216_161229_024883_1.txt
22934588,22935012,MAL,5.8,2.45,1.61,20201216_161229_024883_1.txt
22945613,22945785,FEM,9.0,4.28,2.63,20201216_161229_024883_1.txt
22947931,22948992,FEM,14.39,6.9,4.53,20201216_161229_024883_1.txt
22975010,22977352,FEM,17.78,8.49,5.87,20201216_161229_024883_1.txt
22978011,22978723,FEM,8.13,3.68,2.44,20201216_161229_024883_1.txt
22980947,22982992,FEM,16.56,7.55,5.15,20201216_161229_024883_1.txt
22985191,22986743,FEM,13.07,6.09,4.07,20201216_161229_024883_1.txt
22992174,22993511,FEM,11.29,5.0,3.54,20201216_161229_024883_1.txt
22995011,22998015,FEM,24.76,12.1,8.2,20201216_161229_024883_1.txt
22999290,23007771,FEM,52.48,24.86,18.47,20201216_161229_024883_1.txt
23003116,23003312,MAL,8.92,4.26,2.61,20201216_161229_024883_1.txt
23013291,23013838,FEM,6.08,2.51,1.72,20201216_161229_024883_1.txt
23016511,23018511,FEM,16.78,7.83,5.43,20201216_161229_024883_1.txt
23020332,23020492,FEM,6.48,2.92,1.79,20201216_161229_024883_1.txt
23021405,23021812,MAL,4.07,1.48,1.03,20201216_161229_024883_1.txt
23022011,23023737,FEM,14.22,6.31,4.53,20201216_161229_024883_1.txt
23025490,23025772,FEM,5.45,2.3,1.47,20201216_161229_024883_1.txt
23026675,23027664,MAL,8.26,3.41,2.47,20201216_161229_024883_1.txt
23029841,23029990,MAL,5.42,2.31,1.44,20201216_161229_024883_1.txt
23029979,23030306,FEM,4.33,1.69,1.1,20201216_161229_024883_1.txt
23037350,23037492,FEM,7.65,3.55,2.18,20201216_161229_024883_1.txt
23039230,23040734,FEM,14.53,6.76,4.6,20201216_161229_024883_1.txt
23044993,23046512,FEM,13.21,5.8,4.26,20201216_161229_024883_1.txt
23046940,23050180,FEM,23.4,10.84,7.84,20201216_161229_024883_1.txt
23060987,23062511,FEM,12.43,5.63,3.9,20201216_161229_024883_1.txt
23062728,23066010,FEM,23.38,10.85,7.74,20201216_161229_024883_1.txt
23065012,23066362,MAL,10.14,4.24,3.16,20201216_161229_024883_1.txt
23067992,23071136,FEM,24.1,11.56,8.11,20201216_161229_024883_1.txt
23074011,23076011,FEM,16.03,7.55,5.23,20201216_161229_024883_1.txt
23077497,23079279,FEM,18.2,8.41,5.6,20201216_161229_024883_1.txt
23086617,23087012,MAL,5.74,2.38,1.59,20201216_161229_024883_1.txt
23091885,23094992,FEM,22.88,10.98,7.65,20201216_161229_024883_1.txt
23095704,23095836,FEM,8.68,4.13,2.52,20201216_161229_024883_1.txt
23095984,23101492,FEM,40.3,19.78,13.86,20201216_161229_024883_1.txt
23103746,23107406,FEM,29.91,14.85,10.13,20201216_161229_024883_1.txt
23115993,23116309,FEM,8.3,3.85,2.43,20201216_161229_024883_1.txt
23116570,23117010,FEM,9.43,4.43,2.82,20201216_161229_024883_1.txt
23122511,23122919,FEM,6.19,2.71,1.74,20201216_161229_024883_1.txt
23123458,23124870,FEM,14.5,6.83,4.57,20201216_161229_024883_1.txt
23125230,23129012,FEM,33.09,16.21,10.85,20201216_161229_024883_1.txt
23132491,23134011,FEM,11.75,5.41,3.78,20201216_161229_024883_1.txt
23136511,23141992,FEM,40.04,19.43,13.71,20201216_161229_024883_1.txt
23145782,23150164,FEM,37.4,18.77,12.65,20201216_161229_024883_1.txt
23151012,23151159,FEM,12.78,6.39,3.89,20201216_161229_024883_1.txt
23151467,23158013,FEM,55.46,28.43,19.08,20201216_161229_024883_1.txt
23161651,23165309,FEM,27.28,13.07,9.26,20201216_161229_024883_1.txt
23175842,23176757,FEM,12.21,5.94,3.83,20201216_161229_024883_1.txt
23177109,23178533,FEM,15.87,7.73,5.08,20201216_161229_024883_1.txt
23184510,23185026,FEM,8.39,3.79,2.49,20201216_161229_024883_1.txt
23683511,23684719,FEM,12.55,5.91,3.99,20201216_161229_024883_1.txt
23686511,23687010,FEM,8.88,4.1,2.65,20201216_161229_024883_1.txt
23768993,23769460,FEM,7.86,3.53,2.3,20201216_161229_024883_1.txt
23811499,23812240,FEM,9.94,4.62,3.04,20201216_161229_024883_1.txt
23820951,23821992,FEM,9.95,4.46,3.1,20201216_161229_024883_1.txt
23869623,23869746,FEM,8.97,4.27,2.62,20201216_161229_024883_1.txt
24286492,24292167,FEM,46.04,23.2,15.85,20201216_161229_024883_1.txt
24293844,24294511,FEM,9.76,4.6,2.97,20201216_161229_024883_1.txt
24295265,24296011,FEM,13.01,6.36,4.01,20201216_161229_024883_1.txt
24298005,24298192,FEM,10.9,5.36,3.27,20201216_161229_024883_1.txt
24303512,24304800,FEM,16.38,8.11,5.23,20201216_161229_024883_1.txt
24352512,24353012,FEM,10.44,5.01,3.17,20201216_161229_024883_1.txt
24365991,24366511,FEM,11.45,5.6,3.51,20201216_161229_024883_1.txt
24435010,24435307,FEM,8.55,4.0,2.51,20201216_161229_024883_1.txt
24445997,24446318,FEM,11.16,5.48,3.38,20201216_161229_024883_1.txt
24500732,24501442,FEM,12.11,5.92,3.76,20201216_161229_024883_1.txt
24503492,24505011,FEM,18.34,9.15,5.92,20201216_161229_024883_1.txt
24554492,24555012,FEM,8.25,3.77,2.44,20201216_161229_024883_1.txt
24564367,24564693,FEM,10.95,5.37,3.31,20201216_161229_024883_1.txt
24569992,24571605,FEM,16.59,8.08,5.35,20201216_161229_024883_1.txt
24576510,24577055,FEM,11.52,5.64,3.54,20201216_161229_024883_1.txt
24687624,24688010,FEM,11.2,5.49,3.4,20201216_161229_024883_1.txt
32857993,32858282,FEM,9.79,4.72,2.92,20201216_161229_024883_1.txt
33150723,33150983,MAL,7.7,3.57,2.22,20201216_161229_024883_1.txt
33161014,33161127,FEM,9.46,4.58,2.78,20201216_161229_024883_1.txt
33162635,33163011,FEM,6.61,2.94,1.87,20201216_161229_024883_1.txt
33174492,33175115,FEM,10.87,5.24,3.33,20201216_161229_024883_1.txt
33175423,33177595,FEM,19.85,9.78,6.54,20201216_161229_024883_1.txt
33179510,33184682,FEM,43.57,22.29,14.94,20201216_161229_024883_1.txt
33186989,33187991,FEM,11.39,5.39,3.52,20201216_161229_024883_1.txt
33195484,33198511,FEM,26.09,12.84,8.65,20201216_161229_024883_1.txt
33204511,33206011,FEM,16.78,8.05,5.35,20201216_161229_024883_1.txt
33220992,33221507,FEM,8.75,4.04,2.61,20201216_161229_024883_1.txt
33229663,33230993,FEM,10.41,4.64,3.25,20201216_161229_024883_1.txt
33231511,33233843,FEM,17.91,8.54,5.92,20201216_161229_024883_1.txt
33234604,33234732,MAL,8.33,3.95,2.4,20201216_161229_024883_1.txt
33234624,33234913,FEM,7.77,3.62,2.25,20201216_161229_024883_1.txt
33235839,33237096,FEM,11.26,5.21,3.52,20201216_161229_024883_1.txt
33238510,33242325,FEM,31.44,15.32,10.46,20201216_161229_024883_1.txt
33242511,33243010,FEM,10.5,5.02,3.19,20201216_161229_024883_1.txt
33244012,33244749,FEM,11.88,5.78,3.69,20201216_161229_024883_1.txt
33260212,33263314,FEM,25.22,11.59,8.11,20201216_161229_024883_1.txt
33263911,33269993,FEM,44.31,21.8,15.29,20201216_161229_024883_1.txt
33272498,33274091,FEM,13.15,6.04,4.15,20201216_161229_024883_1.txt
33276941,33279992,FEM,27.58,13.05,8.89,20201216_161229_024883_1.txt
33285511,33288429,FEM,23.55,11.35,7.84,20201216_161229_024883_1.txt
33290393,33291974,FEM,16.96,8.18,5.47,20201216_161229_024883_1.txt
33297706,33298460,FEM,4.92,1.67,1.37,20201216_161229_024883_1.txt
33323255,33324090,MAL,11.07,5.04,3.43,20201216_161229_024883_1.txt
33326346,33327529,MAL,14.49,6.88,4.58,20201216_161229_024883_1.txt
33331993,33332818,MAL,12.03,5.77,3.7,20201216_161229_024883_1.txt
33335010,33338010,MAL,33.02,16.45,10.69,20201216_161229_024883_1.txt
33338834,33339089,MAL,10.93,5.36,3.29,20201216_161229_024883_1.txt
33342270,33343924,MAL,17.76,8.67,5.75,20201216_161229_024883_1.txt
33347325,33350003,MAL,25.86,12.9,8.57,20201216_161229_024883_1.txt
33350792,33351992,FEM,12.36,5.85,3.88,20201216_161229_024883_1.txt
33363903,33364011,MAL,9.16,4.41,2.68,20201216_161229_024883_1.txt
33364734,33364901,MAL,6.46,2.86,1.79,20201216_161229_024883_1.txt
33380512,33380836,FEM,5.49,2.33,1.49,20201216_161229_024883_1.txt
33403303,33403998,FEM,5.45,2.24,1.54,20201216_161229_024883_1.txt
33430285,33430692,MAL,6.36,2.75,1.79,20201216_161229_024883_1.txt
33432991,33434992,FEM,16.49,8.06,5.33,20201216_161229_024883_1.txt
33436511,33439231,FEM,20.71,9.92,6.81,20201216_161229_024883_1.txt
33452492,33453486,MAL,14.28,6.9,4.43,20201216_161229_024883_1.txt
33455359,33456945,MAL,18.84,9.46,6.1,20201216_161229_024883_1.txt
33475677,33476823,FEM,11.52,5.45,3.53,20201216_161229_024883_1.txt
33479492,33479757,FEM,7.29,3.32,2.08,20201216_161229_024883_1.txt
33496011,33498011,FEM,15.13,6.85,4.83,20201216_161229_024883_1.txt
33504098,33505539,FEM,12.06,5.28,3.81,20201216_161229_024883_1.txt
33506489,33510045,FEM,28.49,13.92,9.54,20201216_161229_024883_1.txt
33513333,33516472,FEM,31.26,15.25,10.13,20201216_161229_024883_1.txt
33518386,33520043,FEM,18.22,8.62,5.69,20201216_161229_024883_1.txt
33520831,33524012,FEM,25.01,11.79,8.26,20201216_161229_024883_1.txt
33540711,33540861,FEM,5.14,2.17,1.34,20201216_161229_024883_1.txt
33550011,33550269,FEM,6.36,2.84,1.77,20201216_161229_024883_1.txt
33557492,33557745,FEM,8.06,3.78,2.33,20201216_161229_024883_1.txt
33559512,33562511,FEM,33.49,16.99,10.74,20201216_161229_024883_1.txt
33565156,33566511,FEM,13.6,6.56,4.32,20201216_161229_024883_1.txt
33567279,33568011,FEM,9.08,4.18,2.7,20201216_161229_024883_1.txt
33575565,33575697,MAL,10.89,5.36,3.26,20201216_161229_024883_1.txt
33593594,33594991,FEM,13.29,6.16,4.01,20201216_161229_024883_1.txt
33596011,33601656,FEM,44.64,22.91,15.33,20201216_161229_024883_1.txt
33608615,33608755,FEM,4.1,1.59,1.0,20201216_161229_024883_1.txt
33619011,33620493,FEM,12.99,6.27,4.13,20201216_161229_024883_1.txt
33640130,33640371,MAL,11.25,5.53,3.39,20201216_161229_024883_1.txt
33640512,33643929,MAL,30.81,15.42,10.39,20201216_161229_024883_1.txt
33645613,33651992,FEM,61.01,30.93,20.22,20201216_161229_024883_1.txt
33654391,33654960,MAL,10.96,5.23,3.3,20201216_161229_024883_1.txt
33655271,33655409,MAL,10.12,4.95,3.0,20201216_161229_024883_1.txt
33667993,33669513,FEM,15.88,7.57,4.84,20201216_161229_024883_1.txt
33670051,33672010,FEM,20.44,10.04,6.38,20201216_161229_024883_1.txt
33677492,33677718,MAL,5.39,2.31,1.44,20201216_161229_024883_1.txt
33678980,33681530,MAL,24.72,12.66,8.17,20201216_161229_024883_1.txt
33697750,33697863,MAL,6.79,3.1,1.89,20201216_161229_024883_1.txt
33698386,33698887,MAL,5.64,2.41,1.57,20201216_161229_024883_1.txt
33725081,33727511,FEM,20.11,9.93,6.67,20201216_161229_024883_1.txt
33727884,33728512,FEM,7.8,3.46,2.26,20201216_161229_024883_1.txt
33730472,33732011,FEM,16.07,7.85,5.01,20201216_161229_024883_1.txt
33769492,33770260,FEM,9.93,4.69,2.99,20201216_161229_024883_1.txt
33770888,33772511,FEM,16.69,8.17,5.23,20201216_161229_024883_1.txt
33773610,33774012,FEM,5.7,2.45,1.57,20201216_161229_024883_1.txt
33805510,33806011,FEM,5.29,2.22,1.46,20201216_161229_024883_1.txt
33806035,33807010,MAL,10.28,4.82,3.09,20201216_161229_024883_1.txt
33806590,33807253,FEM,7.66,3.52,2.27,20201216_161229_024883_1.txt
33807993,33809011,FEM,9.11,4.23,2.76,20201216_161229_024883_1.txt
33810983,33812399,FEM,14.51,7.01,4.47,20201216_161229_024883_1.txt
33811012,33811591,MAL,5.89,2.49,1.62,20201216_161229_024883_1.txt
33811941,33812086,MAL,6.06,2.69,1.65,20201216_161229_024883_1.txt
33816390,33818491,MAL,20.83,10.54,6.8,20201216_161229_024883_1.txt
33818545,33818663,FEM,3.61,1.33,0.83,20201216_161229_024883_1.txt
33818975,33819993,FEM,8.71,4.07,2.68,20201216_161229_024883_1.txt
33830909,33831489,MAL,7.73,3.56,2.28,20201216_161229_024883_1.txt
33833022,33834139,MAL,13.62,6.7,4.28,20201216_161229_024883_1.txt
33843513,33845076,MAL,18.77,9.42,6.02,20201216_161229_024883_1.txt
33877702,33879012,FEM,17.39,8.56,5.46,20201216_161229_024883_1.txt
33897660,33898446,FEM,12.7,6.23,3.92,20201216_161229_024883_1.txt
33906511,33907461,FEM,11.71,5.68,3.62,20201216_161229_024883_1.txt
33928511,33929993,FEM,16.54,8.23,5.31,20201216_161229_024883_1.txt
33935131,33935386,FEM,4.4,1.75,1.12,20201216_161229_024883_1.txt
33942491,33944025,FEM,15.31,7.41,4.76,20201216_161229_024883_1.txt
33959993,33961512,FEM,19.5,9.74,6.15,20201216_161229_024883_1.txt
33998128,33998486,MAL,10.02,4.86,3.0,20201216_161229_024883_1.txt
34004121,34004602,MAL,11.52,5.67,3.53,20201216_161229_024883_1.txt
34069769,34072273,FEM,24.99,12.35,7.93,20201216_161229_024883_1.txt
34077011,34078930,FEM,21.17,10.67,6.88,20201216_161229_024883_1.txt
34081590,34081713,FEM,10.24,5.0,3.04,20201216_161229_024883_1.txt
34082108,34082243,FEM,11.0,5.43,3.29,20201216_161229_024883_1.txt
34104296,34104429,FEM,10.2,4.99,3.03,20201216_161229_024883_1.txt
34104942,34105872,MAL,15.09,7.41,4.64,20201216_161229_024883_1.txt
34109311,34109797,MAL,5.9,2.51,1.6,20201216_161229_024883_1.txt
34121697,34122011,MAL,9.62,4.64,2.86,20201216_161229_024883_1.txt
34125992,34127992,FEM,22.68,11.23,7.13,20201216_161229_024883_1.txt
34135138,34137622,MAL,24.91,12.63,8.12,20201216_161229_024883_1.txt
34163257,34163932,MAL,11.53,5.59,3.51,20201216_161229_024883_1.txt
34165056,34166637,MAL,19.23,9.65,6.17,20201216_161229_024883_1.txt
34166887,34167029,MAL,10.02,4.89,2.97,20201216_161229_024883_1.txt
34178510,34181205,FEM,27.77,14.29,9.21,20201216_161229_024883_1.txt
34184012,34185586,MAL,18.87,9.54,6.11,20201216_161229_024883_1.txt
34185797,34187512,FEM,19.32,9.72,6.23,20201216_161229_024883_1.txt
34192226,34192511,FEM,9.42,4.54,2.79,20201216_161229_024883_1.txt
34196001,34196877,FEM,7.99,3.66,2.42,20201216_161229_024883_1.txt
34200514,34201511,FEM,13.55,6.66,4.24,20201216_161229_024883_1.txt
34214766,34214979,FEM,8.56,4.07,2.5,20201216_161229_024883_1.txt
34249009,34249122,FEM,5.37,2.32,1.42,20201216_161229_024883_1.txt
34250717,34250845,FEM,9.58,4.65,2.82,20201216_161229_024883_1.txt
34265030,34268837,FEM,36.43,19.06,12.34,20201216_161229_024883_1.txt
34278491,34279510,FEM,14.05,6.92,4.41,20201216_161229_024883_1.txt
34283758,34284036,FEM,9.53,4.6,2.83,20201216_161229_024883_1.txt
34284384,34284492,FEM,12.11,6.05,3.66,20201216_161229_024883_1.txt
34286652,34286768,FEM,10.75,5.3,3.21,20201216_161229_024883_1.txt
34287157,34287522,MAL,10.75,5.26,3.25,20201216_161229_024883_1.txt
34298630,34299011,FEM,8.52,4.02,2.51,20201216_161229_024883_1.txt
34322198,34323651,MAL,19.56,9.82,6.21,20201216_161229_024883_1.txt
34328011,34328203,MAL,9.12,4.38,2.68,20201216_161229_024883_1.txt
34338102,34338348,MAL,11.29,5.58,3.41,20201216_161229_024883_1.txt
34353499,34355991,FEM,30.06,15.29,9.73,20201216_161229_024883_1.txt
34375654,34375797,FEM,8.52,4.06,2.47,20201216_161229_024883_1.txt
34380489,34381010,MAL,10.51,5.09,3.2,20201216_161229_024883_1.txt
34389492,34390361,MAL,14.14,7.01,4.41,20201216_161229_024883_1.txt
34390553,34390739,MAL,10.32,5.05,3.08,20201216_161229_024883_1.txt
34394019,34396511,MAL,25.81,13.29,8.57,20201216_161229_024883_1.txt
34398442,34398916,MAL,9.56,4.59,2.87,20201216_161229_024883_1.txt
34399568,34399878,MAL,10.05,4.88,3.01,20201216_161229_024883_1.txt
34402183,34402407,MAL,10.3,5.03,3.08,20201216_161229_024883_1.txt
34404051,34405511,MAL,17.91,9.04,5.77,20201216_161229_024883_1.txt
34408851,34408961,MAL,10.59,5.21,3.15,20201216_161229_024883_1.txt
34410844,34411011,MAL,10.03,4.89,2.98,20201216_161229_024883_1.txt
34412975,34413307,MAL,9.59,4.61,2.86,20201216_161229_024883_1.txt
34423009,34424273,MAL,16.03,8.03,5.11,20201216_161229_024883_1.txt
34433773,34434799,MAL,13.8,6.79,4.33,20201216_161229_024883_1.txt
34437673,34438011,MAL,9.47,4.56,2.82,20201216_161229_024883_1.txt
34447493,34447795,MAL,9.96,4.84,2.98,20201216_161229_024883_1.txt
34450876,34453004,MAL,23.73,12.2,7.82,20201216_161229_024883_1.txt
34454012,34454707,MAL,10.04,4.85,3.07,20201216_161229_024883_1.txt
34455011,34455197,MAL,10.21,4.99,3.04,20201216_161229_024883_1.txt
34455491,34457119,MAL,18.61,9.41,6.03,20201216_161229_024883_1.txt
34480078,34480228,FEM,9.38,4.53,2.76,20201216_161229_024883_1.txt
34493492,34494010,FEM,10.29,4.96,3.12,20201216_161229_024883_1.txt
34496574,34501002,FEM,46.87,23.97,15.44,20201216_161229_024883_1.txt
34528992,34529343,MAL,8.4,3.97,2.46,20201216_161229_024883_1.txt
34543962,34544168,MAL,9.61,4.66,2.84,20201216_161229_024883_1.txt
34548746,34549450,MAL,12.69,6.22,3.9,20201216_161229_024883_1.txt
34554624,34556500,FEM,23.51,11.87,7.54,20201216_161229_024883_1.txt
34556821,34556993,FEM,11.99,5.98,3.63,20201216_161229_024883_1.txt
34557189,34557493,FEM,9.72,4.7,2.9,20201216_161229_024883_1.txt
34557801,34558010,FEM,10.99,5.41,3.3,20201216_161229_024883_1.txt
34558513,34561871,FEM,36.8,18.87,12.06,20201216_161229_024883_1.txt
34566259,34568262,FEM,21.71,11.07,7.12,20201216_161229_024883_1.txt
34569745,34570337,FEM,9.96,4.79,3.03,20201216_161229_024883_1.txt
34570493,34572992,FEM,25.17,12.91,8.36,20201216_161229_024883_1.txt
34576511,34576827,FEM,10.54,5.14,3.17,20201216_161229_024883_1.txt
34577493,34578934,FEM,17.35,8.7,5.58,20201216_161229_024883_1.txt
34581165,34582512,MAL,17.65,8.87,5.66,20201216_161229_024883_1.txt
34592208,34596584,FEM,44.66,23.22,14.96,20201216_161229_024883_1.txt
34596730,34596863,FEM,10.16,4.97,3.02,20201216_161229_024883_1.txt
34597366,34597658,MAL,5.48,2.34,1.48,20201216_161229_024883_1.txt
34604850,34604990,FEM,12.33,6.17,3.74,20201216_161229_024883_1.txt
34605314,34605510,FEM,10.57,5.18,3.16,20201216_161229_024883_1.txt
34609511,34612493,MAL,28.99,14.99,9.72,20201216_161229_024883_1.txt
34632077,34632271,FEM,6.4,2.87,1.77,20201216_161229_024883_1.txt
34632421,34643348,FEM,120.89,62.95,39.93,20201216_161229_024883_1.txt
34654993,34656011,MAL,15.42,7.63,4.81,20201216_161229_024883_1.txt
34657728,34658413,MAL,12.84,6.31,3.95,20201216_161229_024883_1.txt
34658832,34659011,MAL,9.73,4.72,2.88,20201216_161229_024883_1.txt
34663680,34665492,MAL,22.92,11.58,7.34,20201216_161229_024883_1.txt
34666512,34667923,FEM,14.13,6.8,4.4,20201216_161229_024883_1.txt
34668717,34670978,FEM,25.12,12.56,7.99,20201216_161229_024883_1.txt
34675194,34677060,MAL,21.36,10.86,6.98,20201216_161229_024883_1.txt
34684855,34684983,FEM,9.51,4.61,2.8,20201216_161229_024883_1.txt
34696905,34698000,MAL,16.55,8.27,5.2,20201216_161229_024883_1.txt
34699074,34699492,MAL,10.39,5.05,3.14,20201216_161229_024883_1.txt
34717511,34719031,MAL,17.63,8.78,5.69,20201216_161229_024883_1.txt
34734796,34734977,MAL,10.65,5.23,3.18,20201216_161229_024883_1.txt
34736502,34737822,MAL,18.74,9.39,5.92,20201216_161229_024883_1.txt
34751992,34752512,MAL,10.23,4.95,3.1,20201216_161229_024883_1.txt
34752652,34752772,MAL,10.31,5.05,3.06,20201216_161229_024883_1.txt
34765203,34766054,MAL,13.01,6.37,4.03,20201216_161229_024883_1.txt
34774161,34774578,MAL,9.75,4.71,2.93,20201216_161229_024883_1.txt
34815639,34815835,FEM,10.49,5.14,3.14,20201216_161229_024883_1.txt
34824011,34828512,FEM,43.29,22.75,14.74,20201216_161229_024883_1.txt
34828832,34828992,FEM,11.39,5.65,3.43,20201216_161229_024883_1.txt
34840014,34840512,FEM,10.13,4.9,3.07,20201216_161229_024883_1.txt
34845596,34845987,MAL,10.61,5.18,3.21,20201216_161229_024883_1.txt
34851273,34852012,FEM,13.32,6.59,4.12,20201216_161229_024883_1.txt
34852022,34852522,MAL,11.55,5.7,3.54,20201216_161229_024883_1.txt
34858586,34858783,MAL,11.27,5.57,3.39,20201216_161229_024883_1.txt
34858974,34860015,MAL,15.15,7.46,4.72,20201216_161229_024883_1.txt
34863510,34865511,FEM,23.31,11.82,7.55,20201216_161229_024883_1.txt
34869013,34870992,MAL,23.55,11.84,7.58,20201216_161229_024883_1.txt
34873720,34873847,FEM,11.29,5.6,3.39,20201216_161229_024883_1.txt
34874216,34874511,FEM,10.5,5.11,3.15,20201216_161229_024883_1.txt
34874645,34874751,FEM,11.37,5.64,3.41,20201216_161229_024883_1.txt
34875492,34876582,MAL,15.62,7.8,4.94,20201216_161229_024883_1.txt
34876821,34877143,MAL,9.4,4.51,2.79,20201216_161229_024883_1.txt
34877947,34878123,MAL,10.18,4.97,3.03,20201216_161229_024883_1.txt
34888600,34890011,MAL,17.93,9.06,5.77,20201216_161229_024883_1.txt
34894128,34894511,MAL,10.05,4.88,3.02,20201216_161229_024883_1.txt
34894773,34894905,MAL,10.87,5.36,3.25,20201216_161229_024883_1.txt
34898386,34898487,MAL,10.64,5.24,3.17,20201216_161229_024883_1.txt
34904879,34905453,MAL,12.29,6.02,3.75,20201216_161229_024883_1.txt
34906881,34909438,MAL,27.42,14.08,9.07,20201216_161229_024883_1.txt
34909731,34910511,MAL,13.65,6.75,4.23,20201216_161229_024883_1.txt
34914491,34915991,FEM,18.94,9.5,6.06,20201216_161229_024883_1.txt
34918493,34919011,FEM,11.2,5.42,3.37,20201216_161229_024883_1.txt
34919124,34921493,FEM,28.33,14.33,9.13,20201216_161229_024883_1.txt
34922492,34923059,MAL,11.87,5.79,3.6,20201216_161229_024883_1.txt
34923255,34923425,MAL,10.49,5.15,3.13,20201216_161229_024883_1.txt
34924011,34925992,FEM,21.95,11.17,7.2,20201216_161229_024883_1.txt
34932511,34932830,FEM,10.88,5.34,3.28,20201216_161229_024883_1.txt
34932939,34936760,FEM,40.83,21.03,13.54,20201216_161229_024883_1.txt
34936554,34937332,MAL,14.53,7.22,4.53,20201216_161229_024883_1.txt
34939040,34940992,FEM,22.11,11.13,7.2,20201216_161229_024883_1.txt
34949991,34951876,FEM,21.6,10.86,7.01,20201216_161229_024883_1.txt
34955493,34956993,FEM,18.85,9.44,6.03,20201216_161229_024883_1.txt
34961995,34962395,FEM,10.2,4.94,3.07,20201216_161229_024883_1.txt
34968142,34968285,FEM,9.9,4.83,2.93,20201216_161229_024883_1.txt
34968709,34968992,FEM,10.29,5.02,3.08,20201216_161229_024883_1.txt
34969334,34969493,FEM,10.88,5.36,3.26,20201216_161229_024883_1.txt
34974723,34976510,FEM,21.58,10.85,6.94,20201216_161229_024883_1.txt
34977611,34979511,FEM,22.37,11.36,7.27,20201216_161229_024883_1.txt
34979740,34979986,FEM,11.11,5.48,3.35,20201216_161229_024883_1.txt
34983011,34985492,FEM,26.75,13.7,8.83,20201216_161229_024883_1.txt
34989184,34989459,MAL,10.04,4.87,3.0,20201216_161229_024883_1.txt
34992992,34994968,MAL,22.51,11.47,7.39,20201216_161229_024883_1.txt
34997252,34998992,FEM,20.0,10.13,6.51,20201216_161229_024883_1.txt
34999992,35000282,MAL,10.93,5.37,3.3,20201216_161229_024883_1.txt
35000618,35000728,MAL,13.52,6.83,4.13,20201216_161229_024883_1.txt
35003885,35005011,MAL,16.11,8.05,5.11,20201216_161229_024883_1.txt
35022993,35026012,FEM,34.65,17.68,11.29,20201216_161229_024883_1.txt
35033965,35034183,MAL,10.64,5.21,3.19,20201216_161229_024883_1.txt
35034598,35034797,MAL,11.24,5.55,3.38,20201216_161229_024883_1.txt
35035060,35035487,MAL,11.6,5.73,3.54,20201216_161229_024883_1.txt
35045009,35046126,FEM,16.23,8.14,5.15,20201216_161229_024883_1.txt
35046511,35048956,FEM,27.4,13.99,8.99,20201216_161229_024883_1.txt
35061282,35062011,FEM,13.42,6.62,4.15,20201216_161229_024883_1.txt
35064114,35065992,FEM,22.7,11.49,7.33,20201216_161229_024883_1.txt
35071993,35072197,MAL,10.86,5.34,3.26,20201216_161229_024883_1.txt
35072462,35073282,MAL,14.08,6.98,4.38,20201216_161229_024883_1.txt
35073820,35074868,MAL,15.88,7.89,4.97,20201216_161229_024883_1.txt
35080992,35081289,MAL,10.58,5.17,3.18,20201216_161229_024883_1.txt
35082992,35087012,MAL,45.37,23.34,14.87,20201216_161229_024883_1.txt
35090992,35091412,MAL,10.76,5.26,3.26,20201216_161229_024883_1.txt
35091551,35100522,MAL,95.81,49.92,31.93,20201216_161229_024883_1.txt
35107477,35107585,MAL,11.46,5.7,3.44,20201216_161229_024883_1.txt
35107768,35108521,MAL,13.53,6.64,4.14,20201216_161229_024883_1.txt
35109980,35111482,MAL,21.36,10.67,6.71,20201216_161229_024883_1.txt
35115954,35116136,MAL,10.18,4.97,3.03,20201216_161229_024883_1.txt
35117108,35117256,MAL,10.5,5.16,3.13,20201216_161229_024883_1.txt
35119011,35121181,MAL,26.68,13.55,8.6,20201216_161229_024883_1.txt
35123971,35125240,FEM,16.94,8.42,5.36,20201216_161229_024883_1.txt
35125361,35125992,FEM,11.89,5.85,3.68,20201216_161229_024883_1.txt
35126492,35131511,FEM,54.17,27.94,17.92,20201216_161229_024883_1.txt
35131760,35132010,FEM,11.1,5.47,3.35,20201216_161229_024883_1.txt
35134263,35137049,FEM,32.79,16.68,10.63,20201216_161229_024883_1.txt
35137422,35142523,FEM,54.12,28.11,18.02,20201216_161229_024883_1.txt
35142722,35142992,FEM,10.33,5.04,3.09,20201216_161229_024883_1.txt
35145132,35147511,FEM,25.89,13.25,8.53,20201216_161229_024883_1.txt
35155522,35157113,FEM,20.29,10.18,6.48,20201216_161229_024883_1.txt
35158933,35160511,FEM,20.14,10.15,6.48,20201216_161229_024883_1.txt
35160710,35160992,FEM,10.23,4.98,3.06,20201216_161229_024883_1.txt
35165964,35166722,MAL,13.22,6.57,4.14,20201216_161229_024883_1.txt
35169437,35170117,FEM,12.58,6.17,3.86,20201216_161229_024883_1.txt
35176012,35180054,FEM,47.76,24.38,15.46,20201216_161229_024883_1.txt
35181332,35182510,FEM,17.04,8.43,5.32,20201216_161229_024883_1.txt
35184512,35187511,FEM,30.12,15.54,10.09,20201216_161229_024883_1.txt
35197011,35199492,FEM,27.11,13.89,8.95,20201216_161229_024883_1.txt
35202438,35202992,MAL,11.06,5.41,3.38,20201216_161229_024883_1.txt
35204024,35205603,MAL,18.71,9.41,6.05,20201216_161229_024883_1.txt
35205762,35208010,MAL,24.79,12.64,8.14,20201216_161229_024883_1.txt
35209011,35210989,MAL,22.0,11.15,7.22,20201216_161229_024883_1.txt
35211279,35211419,MAL,11.16,5.52,3.35,20201216_161229_024883_1.txt
35212521,35217511,FEM,53.49,27.7,17.74,20201216_161229_024883_1.txt
35219332,35224492,FEM,56.64,29.17,18.66,20201216_161229_024883_1.txt
35228491,35228613,FEM,10.42,5.12,3.1,20201216_161229_024883_1.txt
35229121,35229992,FEM,14.45,7.16,4.52,20201216_161229_024883_1.txt
35230228,35230410,MAL,10.55,5.17,3.15,20201216_161229_024883_1.txt
35230759,35231118,FEM,10.24,4.98,3.08,20201216_161229_024883_1.txt
35231343,35231510,FEM,9.81,4.76,2.9,20201216_161229_024883_1.txt
35237573,35238545,MAL,14.24,7.1,4.51,20201216_161229_024883_1.txt
35239492,35241083,FEM,19.69,9.93,6.33,20201216_161229_024883_1.txt
35245474,35245987,MAL,10.3,4.98,3.13,20201216_161229_024883_1.txt
35248011,35255993,FEM,73.73,38.9,25.41,20201216_161229_024883_1.txt
35259459,35262351,FEM,33.26,16.9,10.81,20201216_161229_024883_1.txt
35264611,35267011,FEM,26.12,13.36,8.61,20201216_161229_024883_1.txt
35267150,35269011,FEM,21.03,10.67,6.87,20201216_161229_024883_1.txt
35273367,35273516,MAL,10.21,4.99,3.03,20201216_161229_024883_1.txt
35274012,35274743,MAL,12.88,6.32,3.97,20201216_161229_024883_1.txt
35275124,35278600,MAL,36.75,18.86,12.17,20201216_161229_024883_1.txt
35286992,35287841,MAL,14.18,7.04,4.42,20201216_161229_024883_1.txt
35294518,35295510,FEM,15.52,7.66,4.84,20201216_161229_024883_1.txt
35331491,35331877,FEM,11.73,5.79,3.58,20201216_161229_024883_1.txt
35337534,35338003,FEM,10.84,5.3,3.3,20201216_161229_024883_1.txt
35346551,35347012,FEM,10.85,5.31,3.3,20201216_161229_024883_1.txt
35347992,35348493,FEM,12.56,6.18,3.82,20201216_161229_024883_1.txt
35348646,35348897,MAL,10.88,5.34,3.27,20201216_161229_024883_1.txt
35349240,35349510,MAL,11.33,5.6,3.43,20201216_161229_024883_1.txt
35352541,35352931,MAL,12.08,5.99,3.7,20201216_161229_024883_1.txt
35353792,35354011,MAL,10.27,5.02,3.07,20201216_161229_024883_1.txt
35355243,35356510,MAL,16.42,8.23,5.24,20201216_161229_024883_1.txt
35357052,35357312,MAL,11.01,5.42,3.32,20201216_161229_024883_1.txt
35357553,35357992,MAL,10.92,5.33,3.32,20201216_161229_024883_1.txt
35359025,35359822,MAL,13.9,6.88,4.32,20201216_161229_024883_1.txt
35364573,35364727,MAL,11.22,5.55,3.37,20201216_161229_024883_1.txt
35365587,35367492,FEM,21.38,10.84,7.0,20201216_161229_024883_1.txt
35382511,35384011,FEM,18.7,9.42,6.04,20201216_161229_024883_1.txt
35384214,35384492,FEM,11.34,5.6,3.43,20201216_161229_024883_1.txt
35386053,35386483,FEM,11.22,5.52,3.42,20201216_161229_024883_1.txt
35390046,35390512,FEM,12.46,6.12,3.79,20201216_161229_024883_1.txt
35398615,35398991,FEM,10.8,5.29,3.27,20201216_161229_024883_1.txt
35401155,35406012,FEM,48.89,25.43,16.45,20201216_161229_024883_1.txt
35408132,35408881,FEM,13.6,6.71,4.21,20201216_161229_024883_1.txt
35410713,35410993,FEM,10.02,4.86,2.99,20201216_161229_024883_1.txt
35412984,35413510,FEM,12.02,5.88,3.65,20201216_161229_024883_1.txt
35417493,35417895,MAL,11.77,5.82,3.6,20201216_161229_024883_1.txt
35419837,35419992,FEM,10.85,5.34,3.25,20201216_161229_024883_1.txt
35421987,35425011,FEM,31.31,16.11,10.44,20201216_161229_024883_1.txt
35427174,35429491,MAL,25.37,13.02,8.4,20201216_161229_024883_1.txt
35434511,35435242,MAL,13.26,6.53,4.1,20201216_161229_024883_1.txt
35435359,35435529,MAL,12.11,6.05,3.67,20201216_161229_024883_1.txt
35435991,35436690,FEM,12.5,6.1,3.84,20201216_161229_024883_1.txt
35439992,35441511,FEM,19.19,9.64,6.15,20201216_161229_024883_1.txt
35453992,35455511,FEM,20.31,10.18,6.47,20201216_161229_024883_1.txt
35459492,35459742,FEM,11.34,5.58,3.43,20201216_161229_024883_1.txt
35459993,35460511,FEM,11.88,5.86,3.65,20201216_161229_024883_1.txt
35464475,35467011,FEM,28.15,14.34,9.26,20201216_161229_024883_1.txt
35472232,35472387,FEM,12.39,6.2,3.76,20201216_161229_024883_1.txt
35476149,35480666,MAL,43.4,22.7,14.78,20201216_161229_024883_1.txt
35483992,35484210,FEM,10.71,5.25,3.21,20201216_161229_024883_1.txt
35484492,35485511,FEM,15.64,7.8,4.94,20201216_161229_024883_1.txt
35488493,35488751,FEM,11.46,5.66,3.47,20201216_161229_024883_1.txt
35489510,35490011,FEM,11.89,5.86,3.65,20201216_161229_024883_1.txt
35490395,35491355,FEM,14.93,7.43,4.69,20201216_161229_024883_1.txt
35496510,35500675,FEM,45.64,23.43,15.04,20201216_161229_024883_1.txt
35510380,35511511,FEM,17.42,8.7,5.5,20201216_161229_024883_1.txt
35511726,35511885,FEM,11.6,5.77,3.5,20201216_161229_024883_1.txt
35516413,35517992,FEM,19.87,9.99,6.39,20201216_161229_024883_1.txt
35519011,35519382,FEM,10.49,5.12,3.16,20201216_161229_024883_1.txt
35519484,35519617,FEM,10.89,5.36,3.26,20201216_161229_024883_1.txt
35519826,35519991,FEM,12.06,6.02,3.65,20201216_161229_024883_1.txt
35520533,35522507,FEM,25.23,12.74,8.08,20201216_161229_024883_1.txt
35528060,35529511,MAL,19.31,9.8,6.23,20201216_161229_024883_1.txt
35541325,35541710,FEM,11.26,5.53,3.42,20201216_161229_024883_1.txt
35596592,35597029,MAL,10.5,5.11,3.18,20201216_161229_024883_1.txt
35603069,35603179,MAL,12.28,6.15,3.72,20201216_161229_024883_1.txt
35606010,35607541,MAL,19.41,9.85,6.28,20201216_161229_024883_1.txt
35623083,35624992,MAL,18.57,9.41,6.12,20201216_161229_024883_1.txt
35626471,35626922,MAL,6.51,2.89,1.85,20201216_161229_024883_1.txt
35634129,35634326,MAL,11.05,5.45,3.32,20201216_161229_024883_1.txt
35634541,35634696,MAL,11.07,5.47,3.32,20201216_161229_024883_1.txt
35640501,35643133,MAL,28.15,14.49,9.38,20201216_161229_024883_1.txt
35643746,35648511,MAL,47.53,24.84,16.09,20201216_161229_024883_1.txt
35654992,35656011,FEM,14.22,7.11,4.52,20201216_161229_024883_1.txt
35670191,35670675,MAL,10.98,5.31,3.29,20201216_161229_024883_1.txt
35677049,35677157,MAL,11.42,5.67,3.43,20201216_161229_024883_1.txt
35683254,35683490,MAL,10.79,5.31,3.24,20201216_161229_024883_1.txt
35689010,35689515,MAL,11.79,5.82,3.62,20201216_161229_024883_1.txt
35690910,35691347,MAL,10.79,5.28,3.27,20201216_161229_024883_1.txt
35691511,35691732,MAL,10.34,5.06,3.09,20201216_161229_024883_1.txt
35692010,35693989,MAL,22.99,11.78,7.55,20201216_161229_024883_1.txt
35711385,35712038,FEM,12.72,6.25,3.9,20201216_161229_024883_1.txt
35723877,35724572,MAL,13.24,6.58,4.13,20201216_161229_024883_1.txt
35728493,35730376,MAL,21.83,11.1,7.14,20201216_161229_024883_1.txt
35734360,35735896,MAL,18.71,9.42,6.05,20201216_161229_024883_1.txt
35736512,35738512,MAL,22.64,11.53,7.44,20201216_161229_024883_1.txt
35741491,35742289,MAL,13.88,6.93,4.37,20201216_161229_024883_1.txt
35742458,35743955,MAL,18.45,9.32,5.95,20201216_161229_024883_1.txt
35746383,35746511,MAL,12.06,6.03,3.65,20201216_161229_024883_1.txt
35763992,35764611,MAL,12.53,6.15,3.83,20201216_161229_024883_1.txt
35764991,35766807,MAL,21.02,10.71,6.86,20201216_161229_024883_1.txt
35769806,35769988,MAL,11.49,5.7,3.47,20201216_161229_024883_1.txt
35790510,35791411,MAL,11.33,5.5,3.53,20201216_161229_024883_1.txt
35805530,35806338,MAL,15.07,7.54,4.71,20201216_161229_024883_1.txt
35821308,35821446,MAL,12.3,6.15,3.73,20201216_161229_024883_1.txt
35859871,35859986,MAL,12.57,6.31,3.81,20201216_161229_024883_1.txt
35863638,35864379,MAL,14.45,7.21,4.49,20201216_161229_024883_1.txt
35874991,35875182,MAL,11.36,5.63,3.42,20201216_161229_024883_1.txt
35910493,35912834,FEM,21.96,11.1,7.21,20201216_161229_024883_1.txt
35999004,36000951,FEM,15.79,7.27,5.09,20201216_161229_024883_1.txt
36009056,36012777,FEM,29.35,13.87,9.59,20201216_161229_024883_1.txt
36013707,36015351,FEM,15.27,7.08,4.81,20201216_161229_024883_1.txt
36015688,36016311,MAL,6.83,2.96,1.99,20201216_161229_024883_1.txt
36019011,36020950,FEM,14.47,6.31,4.6,20201216_161229_024883_1.txt
36021993,36023011,FEM,11.23,5.0,3.52,20201216_161229_024883_1.txt
36024991,36026511,FEM,14.39,6.4,4.61,20201216_161229_024883_1.txt
36028574,36030118,FEM,11.2,4.76,3.49,20201216_161229_024883_1.txt
36035970,36036567,FEM,8.88,4.07,2.67,20201216_161229_024883_1.txt
36039011,36040511,FEM,14.4,6.78,4.61,20201216_161229_024883_1.txt
36048957,36049510,FEM,8.7,3.95,2.6,20201216_161229_024883_1.txt
36051011,36051475,FEM,7.47,3.27,2.17,20201216_161229_024883_1.txt
36055425,36057659,FEM,19.19,9.11,6.32,20201216_161229_024883_1.txt
36057835,36057992,FEM,12.22,6.09,3.71,20201216_161229_024883_1.txt
36060512,36061762,FEM,13.17,6.22,4.2,20201216_161229_024883_1.txt
36062344,36065010,FEM,23.86,11.33,7.9,20201216_161229_024883_1.txt
36078011,36078510,FEM,11.58,5.51,3.55,20201216_161229_024883_1.txt
36080966,36082135,FEM,14.82,7.06,4.69,20201216_161229_024883_1.txt
36083699,36084317,FEM,12.67,6.14,3.93,20201216_161229_024883_1.txt
36110492,36110841,FEM,8.86,4.11,2.62,20201216_161229_024883_1.txt
36113899,36115144,FEM,9.01,3.44,2.82,20201216_161229_024883_1.txt
36117682,36117912,FEM,7.11,3.19,2.01,20201216_161229_024883_1.txt
36120622,36125867,FEM,31.74,14.43,11.01,20201216_161229_024883_1.txt
36130172,36132006,FEM,12.93,5.79,4.17,20201216_161229_024883_1.txt
36132136,36132492,FEM,4.0,1.43,1.0,20201216_161229_024883_1.txt
36132991,36135510,FEM,15.43,6.52,5.07,20201216_161229_024883_1.txt
36136010,36137510,MAL,12.89,5.66,4.1,20201216_161229_024883_1.txt
36141010,36141538,FEM,6.5,2.75,1.86,20201216_161229_024883_1.txt
36151164,36151512,FEM,2.94,0.8,0.64,20201216_161229_024883_1.txt
36151839,36152612,FEM,8.62,3.89,2.61,20201216_161229_024883_1.txt
36152895,36154289,FEM,12.13,5.48,3.67,20201216_161229_024883_1.txt
36154510,36156992,FEM,20.43,9.7,6.73,20201216_161229_024883_1.txt
36166498,36167792,FEM,9.37,3.98,2.89,20201216_161229_024883_1.txt
36181176,36182492,FEM,12.95,6.02,4.09,20201216_161229_024883_1.txt
36184492,36186095,FEM,14.25,6.52,4.57,20201216_161229_024883_1.txt
36217010,36218492,FEM,12.94,6.06,4.12,20201216_161229_024883_1.txt
36238188,36238510,MAL,11.73,5.73,3.57,20201216_161229_024883_1.txt
36239511,36239638,FEM,8.83,4.23,2.57,20201216_161229_024883_1.txt
36239992,36240103,FEM,8.16,3.86,2.34,20201216_161229_024883_1.txt
36241754,36243352,FEM,15.6,7.51,5.02,20201216_161229_024883_1.txt
36259324,36259451,MAL,12.62,6.33,3.83,20201216_161229_024883_1.txt
36273066,36274011,FEM,11.28,5.36,3.47,20201216_161229_024883_1.txt
36282344,36283836,FEM,12.66,5.69,4.02,20201216_161229_024883_1.txt
36287052,36287511,FEM,8.01,3.58,2.3,20201216_161229_024883_1.txt
36292490,36293951,FEM,14.89,7.03,4.76,20201216_161229_024883_1.txt
36305012,36306511,FEM,16.09,7.82,5.17,20201216_161229_024883_1.txt
36311510,36312992,FEM,15.44,7.47,4.95,20201216_161229_024883_1.txt
36318329,36319991,FEM,16.0,7.62,5.16,20201216_161229_024883_1.txt
36321598,36322492,FEM,11.6,5.43,3.57,20201216_161229_024883_1.txt
36336011,36337239,FEM,16.9,8.31,5.39,20201216_161229_024883_1.txt
36355510,36356129,FEM,10.21,4.9,3.11,20201216_161229_024883_1.txt
36357992,36359511,FEM,16.65,8.1,5.36,20201216_161229_024883_1.txt
36372512,36376012,FEM,28.98,14.2,9.75,20201216_161229_024883_1.txt
36385492,36385916,MAL,6.99,3.17,2.01,20201216_161229_024883_1.txt
36387492,36389274,FEM,16.63,7.83,5.29,20201216_161229_024883_1.txt
36390608,36391318,MAL,13.26,6.47,4.09,20201216_161229_024883_1.txt
36390750,36391012,FEM,11.43,5.62,3.46,20201216_161229_024883_1.txt
36393992,36395487,MAL,18.8,9.26,6.07,20201216_161229_024883_1.txt
36399235,36400011,FEM,13.99,6.8,4.35,20201216_161229_024883_1.txt
36444020,36445012,FEM,12.15,5.75,3.77,20201216_161229_024883_1.txt
36448014,36449437,FEM,14.0,6.55,4.46,20201216_161229_024883_1.txt
36454512,36455177,FEM,8.67,3.94,2.61,20201216_161229_024883_1.txt
36460589,36463319,FEM,27.23,13.7,9.03,20201216_161229_024883_1.txt
36462511,36463417,MAL,14.97,7.34,4.64,20201216_161229_024883_1.txt
36464327,36465874,FEM,16.77,8.13,5.35,20201216_161229_024883_1.txt
36472451,36473492,FEM,19.09,9.55,5.98,20201216_161229_024883_1.txt
36475010,36475111,FEM,13.27,6.68,4.04,20201216_161229_024883_1.txt
36475216,36477511,FEM,24.13,11.98,7.98,20201216_161229_024883_1.txt
36509933,36511011,MAL,15.14,7.3,4.78,20201216_161229_024883_1.txt
36511244,36511470,MAL,12.25,6.12,3.73,20201216_161229_024883_1.txt
36524299,36525489,MAL,17.63,8.7,5.58,20201216_161229_024883_1.txt
36525511,36527371,FEM,17.82,8.57,5.75,20201216_161229_024883_1.txt
36526128,36527606,MAL,15.0,7.24,4.8,20201216_161229_024883_1.txt
36527709,36527822,MAL,12.58,6.31,3.82,20201216_161229_024883_1.txt
36528037,36528511,MAL,12.7,6.28,3.92,20201216_161229_024883_1.txt
36530992,36531488,MAL,10.78,5.09,3.28,20201216_161229_024883_1.txt
36534491,36535417,MAL,16.28,8.03,5.08,20201216_161229_024883_1.txt
36541822,36542735,MAL,15.83,7.83,4.98,20201216_161229_024883_1.txt
36542841,36542984,MAL,13.42,6.76,4.1,20201216_161229_024883_1.txt
36563511,36565013,MAL,21.04,10.55,6.76,20201216_161229_024883_1.txt
36566078,36566491,FEM,12.56,6.23,3.86,20201216_161229_024883_1.txt
36566993,36567933,MAL,17.23,8.58,5.4,20201216_161229_024883_1.txt
36569510,36570992,FEM,21.02,10.57,6.75,20201216_161229_024883_1.txt
36582533,36583011,FEM,12.75,6.28,3.93,20201216_161229_024883_1.txt
36594524,36594716,FEM,9.37,4.51,2.76,20201216_161229_024883_1.txt
36601934,36602449,MAL,10.92,5.27,3.33,20201216_161229_024883_1.txt
36608934,36609992,FEM,15.84,7.74,5.01,20201216_161229_024883_1.txt
36644992,36646067,FEM,13.04,6.2,3.97,20201216_161229_024883_1.txt
36648492,36651492,FEM,28.51,14.37,9.56,20201216_161229_024883_1.txt
36655843,36664011,FEM,69.86,35.97,24.1,20201216_161229_024883_1.txt
36656736,36657281,MAL,10.5,5.09,3.2,20201216_161229_024883_1.txt
36661876,36662328,MAL,12.34,6.05,3.74,20201216_161229_024883_1.txt
36668992,36669896,FEM,14.35,7.15,4.54,20201216_161229_024883_1.txt
36714511,36714708,FEM,8.47,4.0,2.46,20201216_161229_024883_1.txt
36722079,36722229,FEM,7.99,3.74,2.3,20201216_161229_024883_1.txt
36726043,36726463,FEM,13.7,6.86,4.24,20201216_161229_024883_1.txt
36726672,36726788,FEM,12.76,6.41,3.88,20201216_161229_024883_1.txt
36728492,36730512,FEM,23.22,11.68,7.63,20201216_161229_024883_1.txt
36742992,36743993,FEM,11.12,5.33,3.48,20201216_161229_024883_1.txt
36745291,36746111,FEM,10.53,5.04,3.25,20201216_161229_024883_1.txt
36748492,36748732,FEM,9.38,4.51,2.77,20201216_161229_024883_1.txt
36751523,36752665,FEM,14.8,7.26,4.68,20201216_161229_024883_1.txt
36767512,36769512,FEM,23.3,11.73,7.65,20201216_161229_024883_1.txt
36769729,36770011,FEM,11.67,5.76,3.54,20201216_161229_024883_1.txt
36779771,36781388,MAL,21.01,10.57,6.83,20201216_161229_024883_1.txt
36799638,36800510,MAL,12.55,6.09,3.93,20201216_161229_024883_1.txt
36811140,36811354,MAL,10.33,5.05,3.08,20201216_161229_024883_1.txt
36841625,36841989,FEM,12.64,6.29,3.88,20201216_161229_024883_1.txt
36845992,36847008,MAL,16.55,8.2,5.24,20201216_161229_024883_1.txt
36892010,36892358,FEM,12.89,6.42,3.96,20201216_161229_024883_1.txt
36899012,36900993,FEM,19.76,9.65,6.42,20201216_161229_024883_1.txt
36904921,36905510,FEM,8.39,3.76,2.5,20201216_161229_024883_1.txt
36919493,36920511,FEM,11.87,5.71,3.73,20201216_161229_024883_1.txt
36926643,36927591,MAL,16.85,8.4,5.28,20201216_161229_024883_1.txt
36943520,36943633,FEM,11.54,5.74,3.47,20201216_161229_024883_1.txt
36954554,36954718,FEM,13.94,7.06,4.28,20201216_161229_024883_1.txt
36955059,36955294,FEM,13.46,6.78,4.13,20201216_161229_024883_1.txt
36966500,36967011,FEM,8.05,3.71,2.38,20201216_161229_024883_1.txt
36977177,36977874,MAL,15.51,7.71,4.79,20201216_161229_024883_1.txt
37028492,37030993,FEM,28.52,14.62,9.43,20201216_161229_024883_1.txt
37032992,37035025,FEM,16.69,7.91,5.46,20201216_161229_024883_1.txt
37049954,37050489,MAL,6.37,2.71,1.82,20201216_161229_024883_1.txt
37050666,37051012,FEM,6.12,2.61,1.7,20201216_161229_024883_1.txt
37058492,37059108,FEM,10.35,4.91,3.16,20201216_161229_024883_1.txt
37059630,37059731,FEM,9.78,4.75,2.88,20201216_161229_024883_1.txt
37059996,37060399,FEM,8.53,3.92,2.52,20201216_161229_024883_1.txt
37066229,37066511,FEM,10.9,5.29,3.29,20201216_161229_024883_1.txt
37077090,37077510,FEM,11.78,5.81,3.6,20201216_161229_024883_1.txt
37092966,37093486,MAL,4.41,1.55,1.16,20201216_161229_024883_1.txt
37097511,37100319,FEM,23.93,11.69,7.9,20201216_161229_024883_1.txt
37102593,37103168,FEM,9.9,4.63,2.95,20201216_161229_024883_1.txt
37104492,37106164,FEM,15.46,7.46,4.99,20201216_161229_024883_1.txt
37110992,37111137,FEM,5.58,2.38,1.49,20201216_161229_024883_1.txt
37111492,37115012,FEM,29.33,14.37,9.76,20201216_161229_024883_1.txt
37119992,37121993,FEM,13.99,6.33,4.61,20201216_161229_024883_1.txt
37123225,37123956,FEM,9.8,4.58,3.0,20201216_161229_024883_1.txt
37126539,37126991,FEM,12.42,6.1,3.82,20201216_161229_024883_1.txt
37130451,37131501,FEM,10.91,5.07,3.42,20201216_161229_024883_1.txt
37137493,37139051,FEM,13.98,6.72,4.48,20201216_161229_024883_1.txt
37141237,37144992,FEM,31.74,15.82,10.66,20201216_161229_024883_1.txt
37155011,37156493,FEM,13.64,6.5,4.35,20201216_161229_024883_1.txt
37159832,37159965,MAL,7.35,3.39,2.08,20201216_161229_024883_1.txt
37160149,37160265,MAL,7.22,3.32,2.03,20201216_161229_024883_1.txt
37174467,37174869,FEM,8.63,4.04,2.55,20201216_161229_024883_1.txt
37189493,37190894,FEM,12.94,5.95,4.1,20201216_161229_024883_1.txt
37191374,37192184,FEM,10.54,4.85,3.15,20201216_161229_024883_1.txt
37196798,37197789,FEM,12.97,6.06,3.94,20201216_161229_024883_1.txt
37202986,37203430,MAL,10.13,4.85,3.06,20201216_161229_024883_1.txt
37223992,37228133,FEM,33.32,16.45,11.3,20201216_161229_024883_1.txt
37232992,37233891,FEM,8.97,3.93,2.69,20201216_161229_024883_1.txt
37245992,37247335,FEM,9.91,4.21,3.08,20201216_161229_024883_1.txt
37250538,37251826,FEM,12.01,5.48,3.77,20201216_161229_024883_1.txt
37253361,37253601,FEM,8.77,4.13,2.57,20201216_161229_024883_1.txt
37256011,37256571,FEM,10.34,4.91,3.15,20201216_161229_024883_1.txt
37300247,37301472,FEM,9.25,3.75,2.89,20201216_161229_024883_1.txt
37356437,37357374,FEM,10.04,4.51,3.11,20201216_161229_024883_1.txt
37381510,37383140,FEM,15.79,7.62,5.04,20201216_161229_024883_1.txt
37386833,37386958,MAL,9.42,4.55,2.77,20201216_161229_024883_1.txt
37453755,37453920,MAL,8.21,3.83,2.37,20201216_161229_024883_1.txt
37475062,37475470,FEM,7.46,3.22,2.16,20201216_161229_024883_1.txt
37475992,37476431,FEM,7.87,3.46,2.3,20201216_161229_024883_1.txt
37479103,37480235,FEM,6.91,2.3,2.1,20201216_161229_024883_1.txt
37491623,37492062,MAL,5.98,2.58,1.67,20201216_161229_024883_1.txt
37573511,37574267,FEM,13.64,6.75,4.28,20201216_161229_024883_1.txt
37612932,37613511,FEM,12.19,5.97,3.76,20201216_161229_024883_1.txt
37634109,37634565,MAL,7.57,3.37,2.21,20201216_161229_024883_1.txt
37796485,37796819,FEM,5.51,2.31,1.5,20201216_161229_024883_1.txt
37817783,37817969,MAL,10.45,5.1,3.12,20201216_161229_024883_1.txt
37889011,37890992,FEM,13.86,6.17,4.51,20201216_161229_024883_1.txt
37930002,37930512,MAL,8.96,4.14,2.68,20201216_161229_024883_1.txt
37931129,37932415,FEM,13.23,6.12,4.18,20201216_161229_024883_1.txt
37944511,37946570,FEM,18.78,8.94,6.16,20201216_161229_024883_1.txt
37982993,37984012,FEM,5.11,1.27,1.48,20201216_161229_024883_1.txt
37985517,37985633,FEM,6.67,2.99,1.85,20201216_161229_024883_1.txt
37998511,38001511,FEM,7.55,0.97,2.57,20201216_161229_024883_1.txt
38015492,38021515,FEM,25.9,9.55,9.14,20201216_161229_024883_1.txt
38022102,38023703,FEM,7.23,2.38,2.28,20201216_161229_024883_1.txt
38024512,38027992,FEM,19.07,8.14,6.44,20201216_161229_024883_1.txt
38034691,38041061,FEM,25.32,8.92,9.01,20201216_161229_024883_1.txt
38042492,38042764,FEM,4.64,1.76,1.2,20201216_161229_024883_1.txt
38043511,38044010,FEM,4.38,1.37,1.15,20201216_161229_024883_1.txt
38045071,38045493,FEM,5.26,1.9,1.43,20201216_161229_024883_1.txt
38047992,38048473,FEM,6.87,2.8,1.98,20201216_161229_024883_1.txt
38050393,38053511,FEM,17.26,7.38,5.78,20201216_161229_024883_1.txt
38063512,38065012,FEM,6.79,2.26,2.12,20201216_161229_024883_1.txt
38077039,38079125,FEM,12.01,4.88,3.86,20201216_161229_024883_1.txt
38080304,38081426,FEM,7.86,3.16,2.36,20201216_161229_024883_1.txt
38083510,38086492,FEM,18.52,7.67,6.12,20201216_161229_024883_1.txt
38091011,38095010,FEM,22.53,9.6,7.68,20201216_161229_024883_1.txt
38097162,38101511,FEM,30.11,13.7,10.11,20201216_161229_024883_1.txt
38104332,38105512,FEM,8.14,3.31,2.47,20201216_161229_024883_1.txt
38104757,38105056,MAL,4.44,1.66,1.14,20201216_161229_024883_1.txt
38112371,38119011,FEM,39.22,17.47,13.53,20201216_161229_024883_1.txt
38120011,38120308,FEM,7.07,3.13,2.01,20201216_161229_024883_1.txt
38122230,38125991,FEM,25.97,11.92,8.73,20201216_161229_024883_1.txt
38129675,38132011,FEM,17.28,7.93,5.7,20201216_161229_024883_1.txt
38133182,38134011,FEM,6.45,2.44,1.9,20201216_161229_024883_1.txt
38135019,38135240,MAL,7.01,3.16,1.98,20201216_161229_024883_1.txt
38162510,38164491,FEM,17.48,8.36,5.71,20201216_161229_024883_1.txt
38174804,38174991,FEM,9.3,4.42,2.74,20201216_161229_024883_1.txt
38177511,38178103,FEM,8.65,3.93,2.59,20201216_161229_024883_1.txt
38186009,38188211,FEM,19.6,9.46,6.46,20201216_161229_024883_1.txt
38227511,38229889,FEM,19.13,8.97,6.28,20201216_161229_024883_1.txt
38244909,38246991,FEM,18.36,8.84,5.97,20201216_161229_024883_1.txt
38256992,38258310,FEM,15.05,7.35,4.79,20201216_161229_024883_1.txt
38257723,38257951,MAL,9.13,4.38,2.69,20201216_161229_024883_1.txt
38263921,38264512,FEM,10.13,4.67,3.08,20201216_161229_024883_1.txt
38271936,38274992,FEM,21.88,9.95,7.31,20201216_161229_024883_1.txt
38278992,38280072,FEM,11.93,5.44,3.76,20201216_161229_024883_1.txt
38333501,38340992,FEM,51.76,25.1,18.06,20201216_161229_024883_1.txt
38341358,38341491,FEM,10.95,5.39,3.28,20201216_161229_024883_1.txt
38344943,38351205,FEM,52.87,25.76,17.49,20201216_161229_024883_1.txt
38353966,38359511,FEM,53.47,26.2,17.3,20201216_161229_024883_1.txt
38360512,38360959,FEM,7.71,3.51,2.25,20201216_161229_024883_1.txt
38362923,38367709,FEM,44.4,21.76,14.41,20201216_161229_024883_1.txt
38368460,38368995,FEM,4.84,1.74,1.31,20201216_161229_024883_1.txt
38370011,38370325,FEM,8.42,3.86,2.47,20201216_161229_024883_1.txt
38370491,38372811,FEM,17.49,8.33,5.72,20201216_161229_024883_1.txt
38373627,38376162,FEM,17.37,7.93,5.66,20201216_161229_024883_1.txt
38377488,38378598,FEM,11.64,5.36,3.46,20201216_161229_024883_1.txt
38384172,38389609,FEM,44.22,21.29,14.62,20201216_161229_024883_1.txt
38392908,38395011,FEM,15.51,7.07,4.97,20201216_161229_024883_1.txt
38437399,38437581,MAL,9.31,4.43,2.74,20201216_161229_024883_1.txt
38472005,38473023,FEM,13.45,6.39,4.21,20201216_161229_024883_1.txt
38476345,38476510,FEM,9.8,4.74,2.9,20201216_161229_024883_1.txt
38476704,38476834,FEM,11.63,5.75,3.5,20201216_161229_024883_1.txt
38495812,38496440,MAL,9.69,4.47,2.89,20201216_161229_024883_1.txt
38510620,38511418,FEM,12.17,5.75,3.74,20201216_161229_024883_1.txt
38520210,38521126,FEM,9.03,3.92,2.77,20201216_161229_024883_1.txt
38525011,38525129,MAL,7.45,3.46,2.11,20201216_161229_024883_1.txt
38530492,38531420,FEM,12.12,5.7,3.8,20201216_161229_024883_1.txt
38534263,38536492,FEM,19.04,8.89,6.17,20201216_161229_024883_1.txt
38538511,38540916,FEM,17.03,8.05,5.63,20201216_161229_024883_1.txt
38546795,38550327,FEM,26.31,12.41,8.71,20201216_161229_024883_1.txt
38550538,38550712,FEM,9.3,4.45,2.73,20201216_161229_024883_1.txt
38550813,38556174,FEM,38.59,17.78,12.78,20201216_161229_024883_1.txt
38556511,38558175,FEM,13.46,5.97,4.21,20201216_161229_024883_1.txt
38562510,38567510,FEM,46.25,22.21,14.86,20201216_161229_024883_1.txt
38567841,38571823,FEM,33.52,16.43,11.08,20201216_161229_024883_1.txt
38576442,38585426,FEM,86.63,43.28,28.51,20201216_161229_024883_1.txt
38589065,38591033,FEM,16.35,7.6,5.23,20201216_161229_024883_1.txt
38594991,38604443,FEM,79.41,39.11,26.6,20201216_161229_024883_1.txt
38607992,38613620,FEM,39.2,19.09,13.56,20201216_161229_024883_1.txt
38616011,38616305,FEM,9.88,4.72,2.95,20201216_161229_024883_1.txt
38616488,38619011,FEM,24.25,11.7,8.01,20201216_161229_024883_1.txt
38619183,38619991,FEM,13.74,6.64,4.27,20201216_161229_024883_1.txt
38620979,38622270,FEM,11.02,4.93,3.44,20201216_161229_024883_1.txt
38622889,38625511,FEM,19.74,9.42,6.57,20201216_161229_024883_1.txt
38628993,38631992,FEM,33.96,16.95,10.9,20201216_161229_024883_1.txt
38634730,38637010,FEM,22.85,10.93,7.24,20201216_161229_024883_1.txt
38638991,38640010,FEM,11.16,5.29,3.44,20201216_161229_024883_1.txt
38641246,38641757,FEM,7.26,3.29,2.11,20201216_161229_024883_1.txt
38641992,38643180,FEM,13.41,6.51,4.28,20201216_161229_024883_1.txt
38643787,38645512,FEM,14.39,6.7,4.64,20201216_161229_024883_1.txt
38650011,38652524,FEM,18.93,8.83,6.23,20201216_161229_024883_1.txt
38653505,38657511,FEM,33.02,16.25,11.12,20201216_161229_024883_1.txt
38659049,38659398,MAL,10.05,4.85,3.01,20201216_161229_024883_1.txt
38671288,38672992,FEM,18.14,8.85,5.89,20201216_161229_024883_1.txt
38744511,38745574,FEM,10.95,4.93,3.38,20201216_161229_024883_1.txt
38775512,38781511,FEM,39.86,18.92,13.79,20201216_161229_024883_1.txt
38791011,38791343,FEM,8.79,4.14,2.59,20201216_161229_024883_1.txt
38798745,38799304,FEM,10.89,5.26,3.33,20201216_161229_024883_1.txt
38806968,38810071,FEM,24.21,11.78,8.09,20201216_161229_024883_1.txt
38810629,38811012,FEM,6.72,2.99,1.91,20201216_161229_024883_1.txt
38811493,38814664,FEM,23.82,11.6,8.03,20201216_161229_024883_1.txt
38828302,38830076,FEM,17.99,8.68,5.79,20201216_161229_024883_1.txt
38856316,38858856,FEM,18.19,8.15,5.99,20201216_161229_024883_1.txt
38859812,38864782,FEM,35.35,16.82,12.01,20201216_161229_024883_1.txt
38867492,38868540,FEM,9.5,4.09,2.9,20201216_161229_024883_1.txt
38883491,38884664,MAL,14.98,7.18,4.74,20201216_161229_024883_1.txt
38898039,38898491,FEM,11.84,5.78,3.63,20201216_161229_024883_1.txt
38922719,38922841,MAL,10.83,5.34,3.24,20201216_161229_024883_1.txt
38922992,38923100,MAL,11.37,5.6,3.41,20201216_161229_024883_1.txt
38927581,38928992,FEM,14.94,7.4,4.82,20201216_161229_024883_1.txt
38932491,38932854,FEM,11.35,5.48,3.45,20201216_161229_024883_1.txt
38934343,38934466,FEM,12.15,6.02,3.67,20201216_161229_024883_1.txt
38934699,38935744,MAL,13.23,6.13,4.14,20201216_161229_024883_1.txt
38935794,38936972,FEM,13.4,6.1,4.22,20201216_161229_024883_1.txt
38939046,38939384,FEM,11.06,5.29,3.35,20201216_161229_024883_1.txt
38939493,38941383,FEM,14.19,6.19,4.6,20201216_161229_024883_1.txt
38943386,38943492,FEM,11.51,5.7,3.46,20201216_161229_024883_1.txt
38957637,38966512,FEM,60.32,29.46,21.09,20201216_161229_024883_1.txt
38991144,38991282,FEM,8.03,3.77,2.31,20201216_161229_024883_1.txt
38995012,38995911,FEM,11.54,5.32,3.55,20201216_161229_024883_1.txt
39001721,39002025,MAL,8.46,3.97,2.48,20201216_161229_024883_1.txt
39002327,39002484,MAL,9.69,4.67,2.86,20201216_161229_024883_1.txt
39002492,39005011,FEM,18.23,8.67,6.05,20201216_161229_024883_1.txt
39005511,39006010,FEM,8.65,3.89,2.57,20201216_161229_024883_1.txt
39007492,39011010,FEM,26.65,12.88,8.97,20201216_161229_024883_1.txt
39016492,39016615,FEM,10.45,5.1,3.11,20201216_161229_024883_1.txt
39022511,39025478,FEM,22.42,10.73,7.42,20201216_161229_024883_1.txt
39026011,39027371,FEM,12.62,5.96,3.99,20201216_161229_024883_1.txt
39065563,39065715,FEM,5.46,2.31,1.45,20201216_161229_024883_1.txt
39083297,39084313,FEM,9.38,4.19,2.85,20201216_161229_024883_1.txt
39085691,39086018,FEM,6.53,2.86,1.84,20201216_161229_024883_1.txt
39098992,39099540,FEM,6.88,3.06,1.99,20201216_161229_024883_1.txt
39110718,39111538,FEM,6.67,2.89,1.97,20201216_161229_024883_1.txt
39205779,39206311,FEM,8.17,3.72,2.42,20201216_161229_024883_1.txt
39212839,39212964,FEM,7.68,3.58,2.19,20201216_161229_024883_1.txt
39217616,39217864,FEM,7.61,3.53,2.18,20201216_161229_024883_1.txt
39217993,39218906,FEM,12.08,5.77,3.73,20201216_161229_024883_1.txt
39230038,39230511,FEM,9.55,4.52,2.87,20201216_161229_024883_1.txt
39244159,39244572,FEM,8.43,3.93,2.49,20201216_161229_024883_1.txt
39272560,39272722,FEM,7.86,3.66,2.25,20201216_161229_024883_1.txt
39276645,39276829,FEM,4.54,1.8,1.15,20201216_161229_024883_1.txt
39276974,39278790,FEM,12.77,5.79,4.12,20201216_161229_024883_1.txt
39281728,39282511,FEM,6.48,2.8,1.9,20201216_161229_024883_1.txt
39284085,39284684,FEM,7.13,3.12,2.03,20201216_161229_024883_1.txt
39286991,39290909,FEM,32.65,16.48,10.94,20201216_161229_024883_1.txt
39291301,39292138,FEM,9.27,4.2,2.73,20201216_161229_024883_1.txt
39295511,39296841,FEM,10.99,5.09,3.44,20201216_161229_024883_1.txt
39298993,39304828,FEM,53.11,26.56,17.55,20201216_161229_024883_1.txt
39307493,39308492,FEM,8.83,4.02,2.72,20201216_161229_024883_1.txt
39318045,39319388,FEM,14.92,7.18,4.75,20201216_161229_024883_1.txt
39325492,39330011,FEM,35.95,17.66,12.19,20201216_161229_024883_1.txt
39330188,39330390,MAL,8.93,4.26,2.62,20201216_161229_024883_1.txt
39331511,39334493,FEM,25.8,12.78,8.6,20201216_161229_024883_1.txt
39340991,39341124,FEM,10.03,4.86,2.97,20201216_161229_024883_1.txt
39350239,39355511,FEM,35.5,16.96,12.22,20201216_161229_024883_1.txt
39359993,39360511,FEM,9.02,4.12,2.7,20201216_161229_024883_1.txt
39360750,39360991,FEM,9.49,4.53,2.81,20201216_161229_024883_1.txt
39367510,39369511,FEM,16.57,7.88,5.41,20201216_161229_024883_1.txt
39377510,39378671,FEM,7.9,3.3,2.44,20201216_161229_024883_1.txt
39379314,39379464,FEM,8.91,4.25,2.6,20201216_161229_024883_1.txt
39380550,39381515,FEM,7.71,3.19,2.34,20201216_161229_024883_1.txt
39384993,39387938,FEM,19.99,9.17,6.66,20201216_161229_024883_1.txt
39389939,39390511,FEM,8.04,3.6,2.38,20201216_161229_024883_1.txt
39392387,39396010,FEM,28.39,13.83,9.57,20201216_161229_024883_1.txt
39400217,39403511,FEM,26.85,13.08,9.0,20201216_161229_024883_1.txt
39412702,39414643,FEM,14.34,6.34,4.66,20201216_161229_024883_1.txt
39417389,39419139,FEM,18.48,9.12,5.95,20201216_161229_024883_1.txt
39421991,39425010,FEM,20.49,9.27,6.89,20201216_161229_024883_1.txt
39425498,39427012,FEM,15.0,7.06,4.81,20201216_161229_024883_1.txt
39432180,39438711,FEM,43.06,20.64,15.0,20201216_161229_024883_1.txt
39454121,39454939,FEM,10.37,4.73,3.2,20201216_161229_024883_1.txt
39455470,39455789,FEM,9.71,4.63,2.89,20201216_161229_024883_1.txt
39459970,39462366,FEM,20.75,9.99,6.87,20201216_161229_024883_1.txt
39469493,39474010,FEM,34.53,17.02,11.82,20201216_161229_024883_1.txt
39474376,39474492,FEM,10.13,4.94,3.0,20201216_161229_024883_1.txt
39475512,39480495,FEM,43.2,22.27,14.79,20201216_161229_024883_1.txt
39484829,39487492,FEM,24.32,12.21,8.11,20201216_161229_024883_1.txt
39495511,39497361,FEM,15.57,7.18,5.05,20201216_161229_024883_1.txt
39497510,39498011,FEM,10.27,4.9,3.11,20201216_161229_024883_1.txt
39503162,39506068,FEM,27.12,13.47,9.03,20201216_161229_024883_1.txt
39506511,39507032,FEM,10.52,4.98,3.2,20201216_161229_024883_1.txt
39507139,39507546,FEM,11.26,5.43,3.43,20201216_161229_024883_1.txt
39507747,39507992,FEM,9.26,4.4,2.73,20201216_161229_024883_1.txt
39511376,39512491,FEM,15.19,7.42,4.8,20201216_161229_024883_1.txt
39524492,39524961,FEM,11.37,5.55,3.47,20201216_161229_024883_1.txt
39531993,39534231,FEM,22.97,11.59,7.58,20201216_161229_024883_1.txt
39535282,39536934,FEM,16.72,8.04,5.4,20201216_161229_024883_1.txt
39541492,39543011,FEM,14.59,6.97,4.72,20201216_161229_024883_1.txt
39547548,39549401,FEM,20.91,10.41,6.78,20201216_161229_024883_1.txt
39550710,39551631,FEM,11.57,5.41,3.56,20201216_161229_024883_1.txt
39560128,39560366,MAL,11.48,5.67,3.47,20201216_161229_024883_1.txt
39560876,39560991,MAL,11.31,5.61,3.4,20201216_161229_024883_1.txt
39561117,39561475,MAL,11.32,5.55,3.44,20201216_161229_024883_1.txt
39561510,39561687,FEM,10.94,5.35,3.28,20201216_161229_024883_1.txt
39561796,39566156,FEM,37.91,19.38,12.92,20201216_161229_024883_1.txt
39569401,39572358,FEM,26.59,13.18,8.86,20201216_161229_024883_1.txt
39576234,39578993,FEM,22.97,11.08,7.67,20201216_161229_024883_1.txt
39580851,39581511,FEM,11.51,5.59,3.55,20201216_161229_024883_1.txt
39584633,39587681,FEM,23.07,10.76,7.7,20201216_161229_024883_1.txt
39592010,39592444,FEM,10.74,5.2,3.26,20201216_161229_024883_1.txt
39593087,39593492,FEM,6.54,2.84,1.86,20201216_161229_024883_1.txt
39633374,39633511,FEM,10.71,5.27,3.2,20201216_161229_024883_1.txt
39637991,39639412,FEM,17.54,8.72,5.64,20201216_161229_024883_1.txt
39640992,39641999,FEM,13.13,6.33,4.1,20201216_161229_024883_1.txt
39653121,39653330,FEM,8.41,3.97,2.44,20201216_161229_024883_1.txt
39661934,39662373,FEM,9.58,4.55,2.87,20201216_161229_024883_1.txt
39665511,39667511,FEM,22.28,11.28,7.31,20201216_161229_024883_1.txt
39670143,39670492,FEM,10.8,5.26,3.26,20201216_161229_024883_1.txt
39670984,39671149,FEM,10.28,5.01,3.06,20201216_161229_024883_1.txt
39671665,39672178,FEM,10.57,5.08,3.22,20201216_161229_024883_1.txt
39672492,39672595,FEM,12.97,6.51,3.94,20201216_161229_024883_1.txt
39677077,39677273,FEM,11.49,5.69,3.47,20201216_161229_024883_1.txt
39677443,39678197,FEM,13.6,6.73,4.26,20201216_161229_024883_1.txt
39678388,39678947,FEM,12.6,6.22,3.9,20201216_161229_024883_1.txt
39680071,39680493,FEM,11.68,5.71,3.57,20201216_161229_024883_1.txt
39698804,39698905,FEM,2.32,0.6,0.4,20201216_161229_024883_1.txt
39729493,39729933,FEM,7.97,3.65,2.34,20201216_161229_024883_1.txt
39753175,39756528,FEM,29.83,14.93,10.01,20201216_161229_024883_1.txt
39760593,39760882,FEM,10.48,5.1,3.15,20201216_161229_024883_1.txt
39761013,39761192,FEM,10.82,5.32,3.24,20201216_161229_024883_1.txt
39762833,39762941,FEM,11.06,5.45,3.31,20201216_161229_024883_1.txt
39764010,39765564,FEM,17.32,8.48,5.58,20201216_161229_024883_1.txt
39766481,39766840,FEM,8.82,4.12,2.6,20201216_161229_024883_1.txt
39768386,39770511,FEM,22.14,11.17,7.29,20201216_161229_024883_1.txt
39771128,39771290,MAL,10.4,5.09,3.1,20201216_161229_024883_1.txt
39782730,39783506,FEM,9.34,4.31,2.85,20201216_161229_024883_1.txt
39785011,39786390,FEM,15.83,7.7,5.06,20201216_161229_024883_1.txt
39808992,39810641,FEM,17.72,8.76,5.74,20201216_161229_024883_1.txt
39816993,39818492,FEM,16.47,8.07,5.29,20201216_161229_024883_1.txt
39822040,39822329,FEM,10.64,5.19,3.2,20201216_161229_024883_1.txt
39822724,39824992,FEM,23.27,11.58,7.64,20201216_161229_024883_1.txt
39827081,39836511,FEM,79.74,41.43,27.71,20201216_161229_024883_1.txt
39827992,39828210,MAL,8.78,4.18,2.57,20201216_161229_024883_1.txt
39841168,39842167,FEM,11.53,5.47,3.57,20201216_161229_024883_1.txt
39861011,39864011,FEM,23.47,11.22,7.83,20201216_161229_024883_1.txt
39865993,39866992,FEM,13.89,6.73,4.35,20201216_161229_024883_1.txt
39872512,39872747,FEM,9.35,4.48,2.76,20201216_161229_024883_1.txt
39886715,39887540,FEM,13.31,6.48,4.13,20201216_161229_024883_1.txt
39893783,39895492,FEM,13.43,6.01,4.32,20201216_161229_024883_1.txt
39897510,39899273,FEM,12.67,5.53,4.07,20201216_161229_024883_1.txt
39901493,39903511,FEM,18.15,8.64,5.94,20201216_161229_024883_1.txt
39907207,39907943,FEM,12.23,5.92,3.81,20201216_161229_024883_1.txt
39916992,39917373,FEM,8.37,3.9,2.46,20201216_161229_024883_1.txt
39925992,39926551,FEM,10.73,5.13,3.28,20201216_161229_024883_1.txt
39928493,39929119,FEM,10.14,4.81,3.09,20201216_161229_024883_1.txt
39933589,39933979,FEM,9.5,4.52,2.84,20201216_161229_024883_1.txt
39961237,39961510,FEM,8.2,3.85,2.39,20201216_161229_024883_1.txt
39973292,39973434,FEM,8.77,4.15,2.55,20201216_161229_024883_1.txt
39974982,39975512,FEM,9.1,4.27,2.73,20201216_161229_024883_1.txt
39977319,39977586,FEM,9.2,4.35,2.72,20201216_161229_024883_1.txt
39979531,39980871,FEM,14.87,7.21,4.73,20201216_161229_024883_1.txt
39989125,39989992,FEM,9.71,4.42,2.94,20201216_161229_024883_1.txt
39992511,39994415,FEM,14.09,6.26,4.57,20201216_161229_024883_1.txt
40016595,40018249,FEM,16.27,7.82,5.25,20201216_161229_024883_1.txt
40019513,40019937,FEM,10.48,5.06,3.17,20201216_161229_024883_1.txt
40025011,40025235,FEM,11.08,5.43,3.34,20201216_161229_024883_1.txt
40025634,40026424,FEM,11.64,5.54,3.62,20201216_161229_024883_1.txt
40026854,40026992,FEM,9.71,4.71,2.86,20201216_161229_024883_1.txt
40032510,40032647,FEM,11.2,5.53,3.36,20201216_161229_024883_1.txt
40047991,40048492,FEM,10.46,5.02,3.18,20201216_161229_024883_1.txt
40060907,40064510,FEM,26.25,12.6,8.91,20201216_161229_024883_1.txt
40065244,40066511,FEM,15.1,7.33,4.8,20201216_161229_024883_1.txt
40077487,40078992,FEM,17.72,8.72,5.66,20201216_161229_024883_1.txt
40078992,40080491,MAL,15.91,7.77,5.11,20201216_161229_024883_1.txt
40085427,40088984,FEM,30.74,15.47,10.4,20201216_161229_024883_1.txt
40086993,40087779,MAL,11.78,5.69,3.66,20201216_161229_024883_1.txt
40096043,40096369,FEM,9.63,4.61,2.87,20201216_161229_024883_1.txt
40110010,40111510,FEM,12.26,5.55,3.94,20201216_161229_024883_1.txt
40121408,40127493,FEM,47.89,24.26,16.53,20201216_161229_024883_1.txt
40128492,40128760,MAL,7.11,3.25,2.02,20201216_161229_024883_1.txt
40129493,40129859,FEM,9.9,4.78,2.97,20201216_161229_024883_1.txt
40132859,40133406,FEM,11.05,5.34,3.38,20201216_161229_024883_1.txt
40135785,40136492,FEM,7.25,3.18,2.14,20201216_161229_024883_1.txt
40138856,40139155,MAL,7.96,3.71,2.31,20201216_161229_024883_1.txt
40144012,40147492,FEM,30.1,15.21,10.17,20201216_161229_024883_1.txt
40147783,40147950,FEM,5.01,2.09,1.3,20201216_161229_024883_1.txt
40198383,40199338,FEM,8.77,3.95,2.69,20201216_161229_024883_1.txt
40207278,40207614,FEM,4.03,1.4,1.01,20201216_161229_024883_1.txt
40207740,40208045,FEM,9.0,4.22,2.66,20201216_161229_024883_1.txt
40210008,40212511,FEM,20.05,9.6,6.66,20201216_161229_024883_1.txt
40216824,40218992,FEM,19.76,9.72,6.5,20201216_161229_024883_1.txt
40243011,40244995,FEM,16.39,7.7,5.35,20201216_161229_024883_1.txt
40247781,40252901,FEM,39.55,18.74,13.07,20201216_161229_024883_1.txt
40260875,40263011,FEM,18.55,9.03,6.1,20201216_161229_024883_1.txt
40267010,40269992,FEM,23.74,11.46,7.86,20201216_161229_024883_1.txt
40272066,40273770,FEM,14.0,6.49,4.5,20201216_161229_024883_1.txt
40278500,40279431,MAL,9.0,4.12,2.76,20201216_161229_024883_1.txt
40279493,40280492,FEM,11.16,5.35,3.49,20201216_161229_024883_1.txt
40284992,40287154,FEM,19.72,9.52,6.38,20201216_161229_024883_1.txt
40289123,40290298,FEM,12.33,5.8,3.86,20201216_161229_024883_1.txt
40292993,40294464,FEM,12.82,5.93,4.07,20201216_161229_024883_1.txt
40300116,40303930,FEM,31.48,15.58,10.63,20201216_161229_024883_1.txt
40307510,40310564,FEM,24.01,11.74,8.07,20201216_161229_024883_1.txt
40314011,40316493,FEM,20.97,10.27,6.96,20201216_161229_024883_1.txt
40317011,40319139,FEM,18.0,8.62,5.91,20201216_161229_024883_1.txt
40319559,40320511,FEM,6.28,2.35,1.86,20201216_161229_024883_1.txt
40322246,40322511,FEM,7.29,3.32,2.08,20201216_161229_024883_1.txt
40326886,40327144,FEM,8.78,4.18,2.57,20201216_161229_024883_1.txt
40332350,40333511,FEM,11.17,5.19,3.47,20201216_161229_024883_1.txt
40335108,40337511,FEM,19.14,9.32,6.39,20201216_161229_024883_1.txt
40371011,40372012,FEM,10.1,4.47,3.09,20201216_161229_024883_1.txt
40375805,40376495,FEM,6.89,3.03,2.02,20201216_161229_024883_1.txt
40390540,40391011,FEM,7.3,3.21,2.12,20201216_161229_024883_1.txt
40398097,40398473,FEM,8.2,3.82,2.4,20201216_161229_024883_1.txt
40413511,40413671,FEM,7.95,3.72,2.28,20201216_161229_024883_1.txt
40413938,40414512,FEM,8.82,4.07,2.64,20201216_161229_024883_1.txt
40420775,40420991,FEM,7.68,3.57,2.2,20201216_161229_024883_1.txt
40425286,40427011,FEM,15.41,7.4,4.98,20201216_161229_024883_1.txt
40429999,40431665,FEM,14.4,6.75,4.63,20201216_161229_024883_1.txt
40437485,40444221,FEM,45.97,22.23,15.95,20201216_161229_024883_1.txt
40447991,40451493,FEM,27.05,13.11,9.16,20201216_161229_024883_1.txt
40459816,40459986,FEM,5.59,2.4,1.5,20201216_161229_024883_1.txt
40465820,40468517,FEM,23.87,11.81,7.91,20201216_161229_024883_1.txt
40475012,40476975,FEM,17.04,8.13,5.51,20201216_161229_024883_1.txt
40479090,40483493,FEM,34.11,16.8,11.66,20201216_161229_024883_1.txt
40487011,40489001,FEM,17.34,8.21,5.67,20201216_161229_024883_1.txt
40514882,40515047,MAL,6.47,2.91,1.79,20201216_161229_024883_1.txt
40529562,40531548,FEM,12.49,5.58,4.1,20201216_161229_024883_1.txt
40532511,40533356,FEM,10.92,5.09,3.34,20201216_161229_024883_1.txt
40534511,40537764,FEM,25.6,12.38,8.53,20201216_161229_024883_1.txt
40542550,40545269,FEM,20.98,10.1,7.0,20201216_161229_024883_1.txt
40545897,40546992,FEM,11.87,5.56,3.75,20201216_161229_024883_1.txt
40557011,40559493,FEM,21.66,10.63,7.14,20201216_161229_024883_1.txt
40561871,40563511,FEM,18.55,9.08,5.91,20201216_161229_024883_1.txt
40577460,40578493,FEM,13.73,6.66,4.3,20201216_161229_024883_1.txt
40579010,40580922,FEM,19.91,9.8,6.46,20201216_161229_024883_1.txt
40586010,40587907,FEM,16.5,7.86,5.37,20201216_161229_024883_1.txt
40588717,40589512,FEM,8.99,4.02,2.68,20201216_161229_024883_1.txt
40589515,40589817,MAL,6.3,2.8,1.76,20201216_161229_024883_1.txt
40593012,40593289,FEM,9.99,4.85,2.98,20201216_161229_024883_1.txt
40593920,40597011,FEM,24.37,11.84,8.2,20201216_161229_024883_1.txt
40604007,40605760,FEM,14.05,6.55,4.53,20201216_161229_024883_1.txt
40606036,40610530,FEM,34.93,17.35,11.95,20201216_161229_024883_1.txt
40613670,40614254,MAL,6.99,3.05,2.03,20201216_161229_024883_1.txt
40624511,40628492,FEM,29.97,14.64,10.21,20201216_161229_024883_1.txt
40630505,40632154,FEM,13.5,6.13,4.33,20201216_161229_024883_1.txt
40633993,40637511,FEM,26.88,13.12,9.1,20201216_161229_024883_1.txt
40637843,40637992,FEM,9.09,4.35,2.66,20201216_161229_024883_1.txt
40639011,40640553,FEM,13.22,6.13,4.22,20201216_161229_024883_1.txt
40646991,40648992,FEM,17.56,8.48,5.74,20201216_161229_024883_1.txt
40652972,40653954,FEM,10.79,4.97,3.31,20201216_161229_024883_1.txt
40654992,40656992,FEM,21.4,10.67,6.97,20201216_161229_024883_1.txt
40663728,40664011,FEM,10.75,5.26,3.23,20201216_161229_024883_1.txt
40664562,40668028,FEM,28.24,13.97,9.49,20201216_161229_024883_1.txt
40672851,40673033,FEM,8.28,3.91,2.4,20201216_161229_024883_1.txt
40676939,40677491,FEM,7.83,3.59,2.31,20201216_161229_024883_1.txt
40682598,40683511,FEM,12.11,5.83,3.74,20201216_161229_024883_1.txt
40688092,40688880,FEM,10.4,4.84,3.21,20201216_161229_024883_1.txt
40698892,40700013,FEM,13.8,6.59,4.34,20201216_161229_024883_1.txt
40700119,40700278,FEM,9.21,4.42,2.7,20201216_161229_024883_1.txt
40702510,40703656,FEM,12.16,5.71,3.8,20201216_161229_024883_1.txt
40706295,40711978,FEM,43.76,21.95,15.09,20201216_161229_024883_1.txt
40712301,40714279,FEM,18.24,8.77,5.96,20201216_161229_024883_1.txt
40717558,40719650,FEM,21.75,10.73,7.05,20201216_161229_024883_1.txt
40725170,40726056,FEM,8.99,3.98,2.7,20201216_161229_024883_1.txt
40742879,40743993,FEM,12.06,5.74,3.76,20201216_161229_024883_1.txt
40752823,40754430,FEM,13.39,6.28,4.29,20201216_161229_024883_1.txt
40754546,40754991,FEM,6.51,2.84,1.85,20201216_161229_024883_1.txt
40757189,40758402,FEM,12.22,5.71,3.83,20201216_161229_024883_1.txt
40759011,40762600,FEM,29.5,14.44,9.93,20201216_161229_024883_1.txt
40763010,40764218,FEM,13.58,6.43,4.28,20201216_161229_024883_1.txt
40771129,40771991,FEM,9.51,4.42,2.92,20201216_161229_024883_1.txt
40775354,40776010,FEM,8.3,3.74,2.48,20201216_161229_024883_1.txt
40777010,40779519,FEM,21.03,10.29,6.98,20201216_161229_024883_1.txt
40780351,40780493,FEM,9.4,4.54,2.76,20201216_161229_024883_1.txt
40782493,40783531,FEM,10.51,4.95,3.28,20201216_161229_024883_1.txt
40783858,40786511,FEM,23.57,11.5,7.75,20201216_161229_024883_1.txt
40793510,40795393,FEM,18.13,8.93,5.91,20201216_161229_024883_1.txt
40816384,40816492,FEM,10.32,5.03,3.06,20201216_161229_024883_1.txt
40821558,40821686,FEM,9.97,4.84,2.95,20201216_161229_024883_1.txt
40822237,40822357,FEM,8.57,4.07,2.48,20201216_161229_024883_1.txt
40822500,40828089,FEM,43.49,21.9,14.99,20201216_161229_024883_1.txt
40846268,40846454,FEM,8.3,3.91,2.4,20201216_161229_024883_1.txt
40849483,40850332,FEM,12.08,5.8,3.72,20201216_161229_024883_1.txt
40852608,40855397,FEM,26.08,12.95,8.61,20201216_161229_024883_1.txt
40858012,40860347,FEM,18.33,8.72,6.06,20201216_161229_024883_1.txt
40860511,40863515,FEM,25.86,12.71,8.62,20201216_161229_024883_1.txt
40869993,40873511,FEM,32.21,16.28,10.83,20201216_161229_024883_1.txt
40895992,40896103,FEM,9.81,4.76,2.89,20201216_161229_024883_1.txt
40896603,40896922,FEM,5.79,2.46,1.59,20201216_161229_024883_1.txt
40898923,40900572,FEM,13.8,6.39,4.43,20201216_161229_024883_1.txt
40905511,40905670,FEM,8.79,4.17,2.56,20201216_161229_024883_1.txt
40906011,40907818,FEM,17.43,8.42,5.66,20201216_161229_024883_1.txt
40918993,40919644,FEM,6.83,2.93,1.99,20201216_161229_024883_1.txt
40928247,40929492,FEM,9.46,4.09,2.97,20201216_161229_024883_1.txt
40929892,40930371,FEM,7.18,3.18,2.08,20201216_161229_024883_1.txt
40932493,40935824,FEM,25.62,12.66,8.6,20201216_161229_024883_1.txt
40936555,40940492,FEM,31.0,15.42,10.55,20201216_161229_024883_1.txt
40941823,40943511,FEM,15.77,7.61,5.09,20201216_161229_024883_1.txt
40945105,40949018,FEM,31.59,15.72,10.68,20201216_161229_024883_1.txt
40948511,40948616,MAL,9.93,4.84,2.93,20201216_161229_024883_1.txt
40950296,40952873,FEM,22.24,10.93,7.35,20201216_161229_024883_1.txt
40961292,40962993,FEM,13.75,6.21,4.37,20201216_161229_024883_1.txt
40963880,40970510,FEM,55.37,28.27,19.01,20201216_161229_024883_1.txt
40973492,40977010,FEM,26.33,12.46,8.81,20201216_161229_024883_1.txt
40978489,40980992,FEM,18.11,8.38,5.96,20201216_161229_024883_1.txt
40983511,40985087,FEM,13.06,6.01,4.17,20201216_161229_024883_1.txt
40988315,40989987,FEM,14.78,7.12,4.76,20201216_161229_024883_1.txt
40992492,40994198,FEM,15.47,7.38,4.94,20201216_161229_024883_1.txt
40998506,41003604,FEM,45.84,22.97,15.26,20201216_161229_024883_1.txt
41003724,41004993,FEM,12.98,6.22,4.09,20201216_161229_024883_1.txt
41010492,41012964,FEM,20.29,9.81,6.73,20201216_161229_024883_1.txt
41013992,41016491,FEM,24.99,12.53,8.25,20201216_161229_024883_1.txt
41018066,41023775,FEM,47.62,24.42,16.38,20201216_161229_024883_1.txt
41024111,41025024,MAL,10.42,4.9,3.23,20201216_161229_024883_1.txt
41031011,41033299,FEM,19.97,9.79,6.59,20201216_161229_024883_1.txt
41036492,41037667,FEM,12.76,6.11,4.0,20201216_161229_024883_1.txt
41040003,41041510,FEM,16.62,8.15,5.35,20201216_161229_024883_1.txt
41046617,41049616,FEM,26.54,13.27,8.85,20201216_161229_024883_1.txt
41054992,41055875,FEM,10.05,4.72,3.1,20201216_161229_024883_1.txt
41057498,41060053,FEM,23.41,11.65,7.78,20201216_161229_024883_1.txt
41060512,41067993,FEM,61.61,31.65,21.34,20201216_161229_024883_1.txt
41067167,41067422,MAL,9.47,4.54,2.81,20201216_161229_024883_1.txt
41068320,41080510,FEM,99.96,51.67,34.8,20201216_161229_024883_1.txt
41083472,41084992,FEM,16.93,8.16,5.34,20201216_161229_024883_1.txt
41086492,41096901,FEM,75.74,38.17,26.54,20201216_161229_024883_1.txt
41097011,41097492,FEM,9.44,4.44,2.83,20201216_161229_024883_1.txt
41098226,41099682,FEM,16.38,8.03,5.21,20201216_161229_024883_1.txt
41100510,41106511,FEM,43.93,21.56,15.15,20201216_161229_024883_1.txt
41110511,41114391,FEM,31.41,15.47,10.57,20201216_161229_024883_1.txt
41117492,41117907,FEM,8.95,4.22,2.66,20201216_161229_024883_1.txt
41120148,41120993,FEM,8.18,3.68,2.47,20201216_161229_024883_1.txt
41121098,41121247,FEM,9.47,4.57,2.79,20201216_161229_024883_1.txt
41124628,41133011,FEM,66.96,34.23,23.22,20201216_161229_024883_1.txt
41139512,41142021,FEM,20.3,9.8,6.74,20201216_161229_024883_1.txt
41142190,41142467,MAL,8.11,3.78,2.35,20201216_161229_024883_1.txt
41142511,41146512,FEM,30.1,14.82,10.26,20201216_161229_024883_1.txt
41154009,41154541,FEM,7.77,3.54,2.29,20201216_161229_024883_1.txt
41155012,41157511,FEM,22.02,10.86,7.26,20201216_161229_024883_1.txt
41158505,41163475,FEM,41.41,20.85,14.08,20201216_161229_024883_1.txt
41166713,41166888,FEM,8.18,3.81,2.36,20201216_161229_024883_1.txt
41170135,41175511,FEM,44.34,22.57,15.18,20201216_161229_024883_1.txt
41182467,41182953,FEM,5.21,2.03,1.42,20201216_161229_024883_1.txt
41184089,41186713,FEM,21.34,10.21,7.05,20201216_161229_024883_1.txt
41188984,41191011,FEM,20.49,9.97,6.51,20201216_161229_024883_1.txt
41194001,41195020,FEM,13.87,6.64,4.29,20201216_161229_024883_1.txt
41197241,41197342,FEM,8.16,3.86,2.34,20201216_161229_024883_1.txt
41214012,41216012,FEM,19.32,9.53,6.33,20201216_161229_024883_1.txt
41218036,41218137,FEM,9.36,4.52,2.74,20201216_161229_024883_1.txt
41218492,41221016,FEM,21.19,10.4,7.04,20201216_161229_024883_1.txt
41221281,41221495,FEM,7.49,3.46,2.14,20201216_161229_024883_1.txt
41223511,41226712,FEM,29.65,14.93,9.87,20201216_161229_024883_1.txt
41231511,41233791,FEM,23.07,11.63,7.62,20201216_161229_024883_1.txt
41236418,41238011,FEM,16.22,7.9,5.23,20201216_161229_024883_1.txt
41239063,41239973,FEM,13.22,6.35,4.06,20201216_161229_024883_1.txt
41240966,41244513,FEM,30.07,15.15,10.17,20201216_161229_024883_1.txt
41243815,41243920,MAL,10.76,5.29,3.21,20201216_161229_024883_1.txt
41254950,41257010,FEM,17.98,8.63,5.89,20201216_161229_024883_1.txt
41260544,41260650,FEM,9.01,4.32,2.63,20201216_161229_024883_1.txt
41263511,41265141,FEM,15.7,7.69,5.06,20201216_161229_024883_1.txt
41267559,41270991,FEM,24.87,11.95,8.42,20201216_161229_024883_1.txt
41271236,41271521,FEM,9.14,4.34,2.7,20201216_161229_024883_1.txt
41271825,41271992,FEM,7.59,3.5,2.16,20201216_161229_024883_1.txt
41272225,41272517,FEM,8.62,4.05,2.53,20201216_161229_024883_1.txt
41273491,41275259,FEM,12.03,5.24,3.86,20201216_161229_024883_1.txt
41278466,41282825,FEM,37.12,18.72,12.55,20201216_161229_024883_1.txt
41287423,41293653,FEM,52.48,27.05,18.09,20201216_161229_024883_1.txt
41293992,41297583,FEM,29.86,14.71,10.11,20201216_161229_024883_1.txt
41311492,41320010,FEM,65.31,33.15,22.75,20201216_161229_024883_1.txt
41321991,41324510,FEM,21.06,10.14,7.0,20201216_161229_024883_1.txt
41324828,41339406,FEM,114.61,58.56,40.03,20201216_161229_024883_1.txt
41340139,41343992,FEM,31.06,15.31,10.5,20201216_161229_024883_1.txt
41345011,41346390,FEM,14.47,6.94,4.56,20201216_161229_024883_1.txt
41348067,41348264,FEM,10.61,5.18,3.17,20201216_161229_024883_1.txt
41353161,41354492,FEM,12.94,6.06,4.09,20201216_161229_024883_1.txt
41357939,41358720,FEM,10.04,4.67,3.08,20201216_161229_024883_1.txt
41402217,41403047,FEM,12.31,5.97,3.8,20201216_161229_024883_1.txt
41405992,41407992,FEM,14.24,6.42,4.63,20201216_161229_024883_1.txt
41412992,41414214,FEM,12.57,5.9,3.95,20201216_161229_024883_1.txt
41415764,41415880,FEM,9.7,4.71,2.86,20201216_161229_024883_1.txt
41416027,41417510,FEM,15.42,7.5,4.94,20201216_161229_024883_1.txt
41419382,41421537,FEM,18.09,8.7,5.89,20201216_161229_024883_1.txt
41431436,41431714,FEM,8.26,3.87,2.41,20201216_161229_024883_1.txt
41431846,41432977,FEM,13.75,6.68,4.33,20201216_161229_024883_1.txt
41433819,41434492,FEM,10.62,4.99,3.2,20201216_161229_024883_1.txt
41446492,41446769,MAL,8.36,3.93,2.44,20201216_161229_024883_1.txt
41456210,41456758,FEM,8.04,3.7,2.38,20201216_161229_024883_1.txt
41484992,41486588,FEM,15.03,7.06,4.78,20201216_161229_024883_1.txt
41489493,41494525,FEM,38.74,19.25,13.21,20201216_161229_024883_1.txt
41501492,41509511,FEM,60.97,30.72,21.16,20201216_161229_024883_1.txt
41511012,41513788,FEM,19.75,9.33,6.6,20201216_161229_024883_1.txt
41514360,41516039,FEM,15.37,7.33,4.91,20201216_161229_024883_1.txt
41517510,41517714,FEM,8.78,4.16,2.57,20201216_161229_024883_1.txt
41520673,41520778,FEM,10.08,4.92,2.98,20201216_161229_024883_1.txt
41528511,41529684,FEM,9.01,3.78,2.75,20201216_161229_024883_1.txt
41530511,41532865,FEM,18.78,8.95,6.21,20201216_161229_024883_1.txt
41539011,41540067,FEM,10.86,4.97,3.35,20201216_161229_024883_1.txt
41541992,41543492,FEM,14.88,7.1,4.76,20201216_161229_024883_1.txt
41553992,41554174,MAL,7.79,3.64,2.23,20201216_161229_024883_1.txt
41558493,41560557,FEM,24.13,11.95,7.68,20201216_161229_024883_1.txt
41566805,41574004,FEM,59.06,30.42,20.44,20201216_161229_024883_1.txt
41584344,41585993,FEM,15.84,7.7,5.11,20201216_161229_024883_1.txt
41591188,41593510,FEM,25.09,12.55,8.15,20201216_161229_024883_1.txt
41596011,41596274,FEM,10.16,4.91,3.04,20201216_161229_024883_1.txt
41596492,41599114,FEM,23.49,11.56,7.77,20201216_161229_024883_1.txt
41601492,41603782,FEM,20.05,9.85,6.62,20201216_161229_024883_1.txt
41606443,41613838,FEM,57.03,28.34,19.54,20201216_161229_024883_1.txt
41619621,41633011,FEM,106.49,54.6,37.18,20201216_161229_024883_1.txt
41620547,41620724,MAL,9.47,4.56,2.79,20201216_161229_024883_1.txt
41636492,41642289,FEM,46.63,23.48,16.01,20201216_161229_024883_1.txt
41649066,41650370,FEM,14.14,6.76,4.48,20201216_161229_024883_1.txt
41651194,41653492,FEM,19.67,9.41,6.5,20201216_161229_024883_1.txt
41655585,41656511,FEM,11.14,5.35,3.47,20201216_161229_024883_1.txt
41663572,41664492,FEM,9.3,4.23,2.86,20201216_161229_024883_1.txt
41673444,41673765,FEM,10.41,5.03,3.13,20201216_161229_024883_1.txt
41692949,41694026,FEM,12.58,6.0,3.93,20201216_161229_024883_1.txt
41706254,41710012,FEM,32.23,16.32,10.93,20201216_161229_024883_1.txt
41714988,41718010,FEM,29.9,14.86,9.76,20201216_161229_024883_1.txt
41728397,41729475,FEM,12.97,6.1,4.0,20201216_161229_024883_1.txt
41731058,41733010,FEM,20.05,9.87,6.51,20201216_161229_024883_1.txt
41741733,41742661,FEM,10.8,5.09,3.36,20201216_161229_024883_1.txt
41742992,41743139,FEM,8.45,4.0,2.45,20201216_161229_024883_1.txt
41773992,41775511,FEM,12.52,5.58,3.98,20201216_161229_024883_1.txt
41777552,41778350,FEM,12.27,5.75,3.72,20201216_161229_024883_1.txt
41788276,41788885,FEM,7.03,3.04,2.05,20201216_161229_024883_1.txt
41789250,41790511,FEM,10.03,4.45,3.16,20201216_161229_024883_1.txt
41792348,41792608,FEM,10.65,5.21,3.2,20201216_161229_024883_1.txt
41792492,41793523,MAL,12.77,6.09,3.98,20201216_161229_024883_1.txt
41792726,41792832,FEM,8.97,4.3,2.61,20201216_161229_024883_1.txt
41793641,41793769,MAL,11.74,5.83,3.54,20201216_161229_024883_1.txt
41796493,41797689,FEM,10.98,4.95,3.42,20201216_161229_024883_1.txt
41800202,41802492,FEM,20.31,9.96,6.65,20201216_161229_024883_1.txt
41802644,41803154,FEM,10.06,4.75,2.99,20201216_161229_024883_1.txt
41807428,41808992,FEM,16.56,8.0,5.28,20201216_161229_024883_1.txt
41810789,41811040,FEM,10.44,5.07,3.13,20201216_161229_024883_1.txt
41816410,41818011,FEM,15.14,7.17,4.87,20201216_161229_024883_1.txt
41852511,41854312,FEM,15.96,7.58,5.18,20201216_161229_024883_1.txt
41855010,41855197,FEM,9.96,4.83,2.96,20201216_161229_024883_1.txt
41883991,41888492,FEM,32.38,15.59,11.05,20201216_161229_024883_1.txt
41898492,41899012,FEM,10.28,4.92,3.12,20201216_161229_024883_1.txt
41904635,41907286,FEM,22.35,10.7,7.34,20201216_161229_024883_1.txt
41911631,41912461,MAL,9.61,4.57,2.95,20201216_161229_024883_1.txt
41914157,41917952,FEM,27.0,12.75,9.14,20201216_161229_024883_1.txt
41918389,41920492,FEM,19.65,9.44,6.46,20201216_161229_024883_1.txt
41921974,41926529,FEM,37.49,18.63,12.71,20201216_161229_024883_1.txt
41930511,41932178,FEM,14.8,6.89,4.77,20201216_161229_024883_1.txt
41937205,41939512,FEM,21.66,10.73,7.16,20201216_161229_024883_1.txt
41948805,41949510,FEM,7.88,3.4,2.35,20201216_161229_024883_1.txt
41957492,41957735,FEM,10.16,4.89,3.03,20201216_161229_024883_1.txt
41964801,41966553,FEM,14.5,6.66,4.68,20201216_161229_024883_1.txt
41983491,41985543,FEM,15.67,7.25,5.07,20201216_161229_024883_1.txt
41991510,41993511,FEM,14.71,6.76,4.79,20201216_161229_024883_1.txt
41994398,41996168,FEM,15.36,7.18,4.97,20201216_161229_024883_1.txt
42007410,42008741,FEM,12.47,5.56,3.93,20201216_161229_024883_1.txt
42009449,42010038,FEM,7.4,3.17,2.17,20201216_161229_024883_1.txt
42015011,42015512,FEM,8.91,4.06,2.61,20201216_161229_024883_1.txt
42019012,42024012,FEM,44.43,21.81,14.62,20201216_161229_024883_1.txt
42032491,42032992,FEM,9.61,4.55,2.89,20201216_161229_024883_1.txt
42046511,42046821,FEM,6.23,2.62,1.73,20201216_161229_024883_1.txt
42047017,42047427,FEM,8.5,3.85,2.51,20201216_161229_024883_1.txt
42054498,42055701,FEM,8.86,3.7,2.71,20201216_161229_024883_1.txt
42085713,42086511,FEM,9.97,4.53,3.06,20201216_161229_024883_1.txt
42095492,42097492,FEM,14.7,6.87,4.79,20201216_161229_024883_1.txt
42145878,42146789,FEM,8.05,3.28,2.39,20201216_161229_024883_1.txt
42154163,42157533,FEM,25.23,12.12,8.53,20201216_161229_024883_1.txt
42159511,42161428,FEM,17.22,8.12,5.56,20201216_161229_024883_1.txt
42171511,42171673,FEM,8.28,3.9,2.39,20201216_161229_024883_1.txt
42172010,42175510,FEM,30.35,14.99,10.15,20201216_161229_024883_1.txt
42175767,42175883,MAL,11.33,5.62,3.4,20201216_161229_024883_1.txt
42183492,42187993,FEM,38.56,19.11,12.95,20201216_161229_024883_1.txt
42192492,42193012,FEM,8.51,3.89,2.53,20201216_161229_024883_1.txt
42205605,42205743,FEM,10.53,5.16,3.14,20201216_161229_024883_1.txt
42212991,42215991,FEM,23.37,11.11,7.85,20201216_161229_024883_1.txt
42235496,42237027,FEM,14.71,6.94,4.71,20201216_161229_024883_1.txt
42239602,42242901,FEM,23.29,10.7,7.82,20201216_161229_024883_1.txt
42250854,42251934,FEM,11.26,5.24,3.54,20201216_161229_024883_1.txt
42272304,42274088,FEM,14.73,6.81,4.76,20201216_161229_024883_1.txt
42276627,42276821,FEM,9.32,4.47,2.74,20201216_161229_024883_1.txt
42293013,42295566,FEM,22.03,10.54,7.27,20201216_161229_024883_1.txt
42297992,42300196,FEM,18.98,8.96,6.2,20201216_161229_024883_1.txt
42309992,42310510,FEM,10.75,5.1,3.22,20201216_161229_024883_1.txt
42314505,42316012,FEM,11.88,5.17,3.82,20201216_161229_024883_1.txt
42318011,42321472,FEM,27.27,13.06,9.12,20201216_161229_024883_1.txt
42386448,42387639,MAL,10.38,4.82,3.27,20201216_161229_024883_1.txt
42397513,42397992,FEM,7.8,3.53,2.29,20201216_161229_024883_1.txt
42412035,42412992,FEM,11.26,5.35,3.47,20201216_161229_024883_1.txt
42418726,42418988,MAL,6.63,2.98,1.86,20201216_161229_024883_1.txt
42420858,42421491,MAL,6.43,2.79,1.86,20201216_161229_024883_1.txt
42445492,42447512,FEM,21.49,10.71,7.05,20201216_161229_024883_1.txt
42454031,42454449,FEM,9.43,4.45,2.82,20201216_161229_024883_1.txt
42459665,42463354,FEM,30.79,15.15,10.43,20201216_161229_024883_1.txt
42484011,42485165,FEM,11.96,5.54,3.73,20201216_161229_024883_1.txt
42485268,42487712,FEM,20.68,10.04,6.86,20201216_161229_024883_1.txt
42490511,42492933,FEM,22.11,10.8,7.33,20201216_161229_024883_1.txt
42496993,42499976,FEM,24.3,11.72,8.15,20201216_161229_024883_1.txt
42502327,42502491,MAL,9.5,4.58,2.8,20201216_161229_024883_1.txt
42521915,42523510,MAL,12.33,5.61,3.93,20201216_161229_024883_1.txt
42544492,42545511,FEM,12.18,5.8,3.79,20201216_161229_024883_1.txt
42555512,42556435,FEM,8.01,3.53,2.43,20201216_161229_024883_1.txt
42561011,42562378,FEM,14.48,6.96,4.61,20201216_161229_024883_1.txt
42564557,42564822,FEM,7.6,3.47,2.19,20201216_161229_024883_1.txt
42570011,42571678,FEM,15.94,7.66,5.15,20201216_161229_024883_1.txt
42574253,42574493,FEM,7.54,3.47,2.16,20201216_161229_024883_1.txt
42575993,42578496,FEM,21.78,10.63,7.23,20201216_161229_024883_1.txt
42579010,42580011,FEM,9.53,4.19,2.95,20201216_161229_024883_1.txt
42580492,42580991,FEM,7.96,3.57,2.34,20201216_161229_024883_1.txt
42584992,42586340,FEM,12.63,5.83,3.99,20201216_161229_024883_1.txt
42599247,42599392,FEM,9.88,4.8,2.92,20201216_161229_024883_1.txt
42600500,42600713,FEM,8.58,4.06,2.5,20201216_161229_024883_1.txt
42627583,42630389,FEM,22.71,10.88,7.54,20201216_161229_024883_1.txt
42630244,42631010,MAL,8.88,4.06,2.7,20201216_161229_024883_1.txt
42631512,42632511,FEM,9.89,4.49,3.02,20201216_161229_024883_1.txt
42647511,42649774,FEM,16.54,7.37,5.39,20201216_161229_024883_1.txt
42651492,42653056,FEM,12.94,6.1,4.13,20201216_161229_024883_1.txt
42657992,42661716,FEM,28.25,13.74,9.59,20201216_161229_024883_1.txt
42661154,42661437,MAL,8.81,4.17,2.59,20201216_161229_024883_1.txt
42670481,42671085,MAL,8.26,3.64,2.46,20201216_161229_024883_1.txt
42671583,42672511,FEM,12.05,5.61,3.67,20201216_161229_024883_1.txt
42672882,42672992,FEM,9.64,4.66,2.84,20201216_161229_024883_1.txt
42675137,42675491,FEM,9.79,4.68,2.93,20201216_161229_024883_1.txt
42677992,42682992,FEM,45.5,22.54,15.13,20201216_161229_024883_1.txt
42685537,42685993,FEM,9.84,4.66,2.96,20201216_161229_024883_1.txt
42686009,42686439,MAL,10.42,5.02,3.15,20201216_161229_024883_1.txt
42686992,42687512,FEM,10.36,4.95,3.14,20201216_161229_024883_1.txt
42692528,42693189,FEM,10.31,4.85,3.1,20201216_161229_024883_1.txt
42693492,42700993,FEM,56.84,28.46,19.75,20201216_161229_024883_1.txt
42706511,42707375,FEM,10.59,4.82,3.23,20201216_161229_024883_1.txt
42707491,42709406,FEM,18.06,8.6,5.89,20201216_161229_024883_1.txt
42723472,42724010,MAL,5.02,2.03,1.37,20201216_161229_024883_1.txt
42727728,42729989,FEM,17.15,7.93,5.65,20201216_161229_024883_1.txt
42732709,42735439,FEM,21.23,9.96,7.03,20201216_161229_024883_1.txt
42737060,42740492,FEM,26.28,12.4,8.78,20201216_161229_024883_1.txt
42738486,42738904,MAL,8.59,3.93,2.54,20201216_161229_024883_1.txt
42740597,42740769,FEM,8.38,3.95,2.43,20201216_161229_024883_1.txt
42740949,42742576,FEM,14.65,6.82,4.71,20201216_161229_024883_1.txt
42749814,42752511,FEM,21.12,9.93,6.99,20201216_161229_024883_1.txt
42754993,42756993,FEM,14.99,6.67,4.89,20201216_161229_024883_1.txt
42763511,42764993,FEM,11.74,5.15,3.77,20201216_161229_024883_1.txt
42772669,42774011,FEM,11.47,5.14,3.6,20201216_161229_024883_1.txt
42775703,42775811,FEM,8.19,3.85,2.35,20201216_161229_024883_1.txt
42776512,42777012,FEM,7.43,3.32,2.17,20201216_161229_024883_1.txt
42779510,42779842,FEM,9.09,4.24,2.69,20201216_161229_024883_1.txt
42781299,42782511,FEM,10.83,4.78,3.37,20201216_161229_024883_1.txt
42797012,42798993,FEM,13.92,6.24,4.58,20201216_161229_024883_1.txt
42802012,42804324,FEM,14.67,6.22,4.83,20201216_161229_024883_1.txt
42809202,42809324,FEM,9.0,4.28,2.63,20201216_161229_024883_1.txt
42816713,42816991,FEM,9.1,4.29,2.68,20201216_161229_024883_1.txt
42821848,42826011,FEM,24.28,10.63,8.34,20201216_161229_024883_1.txt
42829322,42830512,FEM,10.32,4.57,3.25,20201216_161229_024883_1.txt
42871992,42872448,FEM,5.56,2.13,1.54,20201216_161229_024883_1.txt
42894250,42894736,FEM,7.39,3.27,2.15,20201216_161229_024883_1.txt
42901010,42901511,FEM,7.13,3.13,2.07,20201216_161229_024883_1.txt
42909991,42910511,FEM,6.27,2.64,1.78,20201216_161229_024883_1.txt
42955638,42955781,FEM,8.72,4.14,2.54,20201216_161229_024883_1.txt
42955927,42956074,FEM,10.17,4.92,3.02,20201216_161229_024883_1.txt
42964354,42965513,FEM,13.48,6.42,4.24,20201216_161229_024883_1.txt
42976351,42976511,FEM,9.23,4.43,2.71,20201216_161229_024883_1.txt
42979012,42980490,FEM,14.96,7.21,4.79,20201216_161229_024883_1.txt
43003248,43004672,FEM,14.06,6.77,4.53,20201216_161229_024883_1.txt
43013167,43013427,FEM,9.62,4.61,2.86,20201216_161229_024883_1.txt
43017510,43017967,FEM,8.45,3.94,2.5,20201216_161229_024883_1.txt
43031010,43033992,FEM,20.03,9.14,6.78,20201216_161229_024883_1.txt
43038791,43042492,FEM,27.74,13.45,9.42,20201216_161229_024883_1.txt
43058620,43064580,FEM,39.58,18.89,13.69,20201216_161229_024883_1.txt
43069511,43071492,FEM,16.36,7.81,5.34,20201216_161229_024883_1.txt
43071713,43071991,FEM,5.17,2.09,1.38,20201216_161229_024883_1.txt
43073993,43076992,FEM,21.73,10.22,7.25,20201216_161229_024883_1.txt
43089511,43090157,FEM,6.96,2.95,2.03,20201216_161229_024883_1.txt
43098259,43100431,FEM,17.25,7.99,5.56,20201216_161229_024883_1.txt
43103105,43110992,FEM,62.92,31.9,21.69,20201216_161229_024883_1.txt
43120991,43124867,FEM,26.24,12.37,8.95,20201216_161229_024883_1.txt
43127492,43128029,FEM,8.02,3.59,2.37,20201216_161229_024883_1.txt
43130765,43131492,FEM,6.97,2.84,2.05,20201216_161229_024883_1.txt
43138492,43140510,FEM,13.06,5.64,4.19,20201216_161229_024883_1.txt
43145121,43146493,FEM,14.45,6.9,4.6,20201216_161229_024883_1.txt
43146709,43146984,MAL,4.08,1.52,1.01,20201216_161229_024883_1.txt
43147473,43148011,FEM,6.61,2.87,1.9,20201216_161229_024883_1.txt
43154993,43156279,FEM,8.59,3.55,2.63,20201216_161229_024883_1.txt
43161890,43162012,MAL,5.99,2.62,1.62,20201216_161229_024883_1.txt
43192258,43194033,FEM,11.07,4.64,3.54,20201216_161229_024883_1.txt
43204215,43204588,FEM,5.35,2.13,1.45,20201216_161229_024883_1.txt
43226723,43228991,FEM,10.39,3.6,3.4,20201216_161229_024883_1.txt
43259511,43259739,MAL,4.16,1.61,1.03,20201216_161229_024883_1.txt
43302897,43305011,FEM,16.07,7.42,5.26,20201216_161229_024883_1.txt
43307123,43312228,FEM,37.36,17.95,12.7,20201216_161229_024883_1.txt
43318010,43318385,FEM,10.21,4.9,3.07,20201216_161229_024883_1.txt
43319492,43319991,FEM,8.37,3.84,2.48,20201216_161229_024883_1.txt
43323795,43323932,FEM,11.26,5.56,3.38,20201216_161229_024883_1.txt
43324769,43325836,FEM,10.63,4.93,3.33,20201216_161229_024883_1.txt
43357614,43357864,MAL,7.29,3.35,2.08,20201216_161229_024883_1.txt
43359877,43360328,MAL,6.98,3.16,2.01,20201216_161229_024883_1.txt
43363011,43363703,FEM,10.82,5.12,3.33,20201216_161229_024883_1.txt
43386541,43386661,FEM,10.28,5.03,3.05,20201216_161229_024883_1.txt
43386992,43387119,FEM,11.16,5.51,3.34,20201216_161229_024883_1.txt
43389095,43390556,FEM,10.44,4.62,3.33,20201216_161229_024883_1.txt
43390833,43391835,FEM,10.35,4.62,3.22,20201216_161229_024883_1.txt
43391992,43393992,FEM,15.45,7.03,5.04,20201216_161229_024883_1.txt
43397993,43399726,FEM,13.44,6.2,4.33,20201216_161229_024883_1.txt
43422961,43424076,FEM,12.99,6.12,4.07,20201216_161229_024883_1.txt
43427070,43428511,FEM,11.62,5.1,3.67,20201216_161229_024883_1.txt
43445238,43446492,FEM,10.49,4.67,3.31,20201216_161229_024883_1.txt
43448560,43448671,FEM,11.23,5.55,3.37,20201216_161229_024883_1.txt
43448992,43449282,FEM,11.38,5.58,3.45,20201216_161229_024883_1.txt
43452462,43454490,FEM,19.42,9.51,6.36,20201216_161229_024883_1.txt
43458395,43459011,FEM,6.76,2.82,1.96,20201216_161229_024883_1.txt
43463491,43464986,FEM,13.61,6.27,4.34,20201216_161229_024883_1.txt
43465992,43466546,FEM,9.61,4.44,2.9,20201216_161229_024883_1.txt
43483492,43485885,FEM,21.24,10.31,7.03,20201216_161229_024883_1.txt
43493693,43493843,FEM,7.56,3.48,2.15,20201216_161229_024883_1.txt
43501511,43506582,FEM,39.55,19.72,13.64,20201216_161229_024883_1.txt
43506708,43506991,FEM,6.7,2.98,1.89,20201216_161229_024883_1.txt
43523180,43525507,FEM,10.23,3.45,3.35,20201216_161229_024883_1.txt
43534864,43537680,FEM,26.34,12.97,8.7,20201216_161229_024883_1.txt
43588511,43588732,FEM,5.91,2.54,1.61,20201216_161229_024883_1.txt
43588928,43589346,FEM,6.0,2.52,1.68,20201216_161229_024883_1.txt
43591011,43595493,FEM,37.5,18.78,12.75,20201216_161229_024883_1.txt
43628993,43635080,FEM,40.65,19.36,14.12,20201216_161229_024883_1.txt
43635360,43638992,FEM,29.86,14.7,10.06,20201216_161229_024883_1.txt
43640984,43661492,FEM,156.28,79.84,55.07,20201216_161229_024883_1.txt
43680992,43684514,FEM,29.39,14.41,9.83,20201216_161229_024883_1.txt
43685511,43691993,FEM,48.19,23.63,16.54,20201216_161229_024883_1.txt
43701228,43701410,FEM,6.24,2.74,1.72,20201216_161229_024883_1.txt
43708783,43711581,FEM,22.48,10.82,7.51,20201216_161229_024883_1.txt
43712214,43713011,FEM,8.63,3.82,2.62,20201216_161229_024883_1.txt
43713365,43713623,FEM,6.32,2.7,1.76,20201216_161229_024883_1.txt
43715018,43715199,FEM,6.17,2.71,1.69,20201216_161229_024883_1.txt
43719492,43719693,FEM,7.16,3.25,2.03,20201216_161229_024883_1.txt
43719873,43720293,FEM,8.71,4.08,2.58,20201216_161229_024883_1.txt
43721333,43721718,FEM,10.28,4.94,3.1,20201216_161229_024883_1.txt
43722600,43722752,FEM,10.19,4.97,3.03,20201216_161229_024883_1.txt
43723459,43724158,FEM,10.65,5.08,3.22,20201216_161229_024883_1.txt
43732491,43733547,FEM,11.0,5.02,3.4,20201216_161229_024883_1.txt
43740116,43740492,FEM,7.68,3.44,2.23,20201216_161229_024883_1.txt
43743491,43744991,FEM,12.31,5.51,3.91,20201216_161229_024883_1.txt
43750641,43750786,FEM,6.24,2.78,1.71,20201216_161229_024883_1.txt
43756571,43757030,FEM,9.95,4.73,3.0,20201216_161229_024883_1.txt
43757992,43761051,FEM,25.55,12.16,8.48,20201216_161229_024883_1.txt
43761170,43761492,FEM,9.98,4.76,2.99,20201216_161229_024883_1.txt
43761512,43761647,MAL,11.64,5.78,3.51,20201216_161229_024883_1.txt
43761853,43762207,MAL,8.46,3.89,2.49,20201216_161229_024883_1.txt
43770544,43770937,FEM,8.01,3.68,2.34,20201216_161229_024883_1.txt
43777511,43778674,FEM,10.24,4.52,3.16,20201216_161229_024883_1.txt
43780205,43782011,FEM,16.1,7.56,5.22,20201216_161229_024883_1.txt
43784022,43785099,FEM,14.06,6.77,4.42,20201216_161229_024883_1.txt
43787213,43787350,FEM,12.41,6.2,3.76,20201216_161229_024883_1.txt
43787491,43787626,FEM,10.43,5.12,3.1,20201216_161229_024883_1.txt
43790011,43790561,FEM,11.85,5.82,3.65,20201216_161229_024883_1.txt
43790789,43790995,FEM,11.62,5.76,3.51,20201216_161229_024883_1.txt
43792512,43798511,FEM,50.05,25.55,17.24,20201216_161229_024883_1.txt
43801511,43804992,FEM,27.28,13.22,9.23,20201216_161229_024883_1.txt
43808170,43808324,FEM,6.74,3.05,1.88,20201216_161229_024883_1.txt
43808492,43808991,FEM,8.1,3.72,2.39,20201216_161229_024883_1.txt
43810964,43812491,FEM,14.31,6.74,4.58,20201216_161229_024883_1.txt
43814090,43814512,FEM,7.53,3.37,2.19,20201216_161229_024883_1.txt
43819491,43820191,FEM,11.15,5.24,3.44,20201216_161229_024883_1.txt
43827492,43828511,FEM,10.66,4.66,3.23,20201216_161229_024883_1.txt
43829011,43829492,FEM,9.32,4.27,2.79,20201216_161229_024883_1.txt
43829986,43831511,FEM,13.53,6.37,4.32,20201216_161229_024883_1.txt
43836466,43836954,MAL,9.08,4.23,2.72,20201216_161229_024883_1.txt
43837978,43839492,FEM,15.24,7.35,4.89,20201216_161229_024883_1.txt
43839875,43843134,FEM,28.44,14.13,9.53,20201216_161229_024883_1.txt
43844510,43849179,FEM,34.97,17.3,11.99,20201216_161229_024883_1.txt
43851011,43854376,FEM,28.26,13.82,9.43,20201216_161229_024883_1.txt
43855337,43856522,FEM,12.05,5.55,3.77,20201216_161229_024883_1.txt
43858587,43859991,FEM,11.96,5.43,3.78,20201216_161229_024883_1.txt
43860511,43861782,FEM,9.23,3.9,2.9,20201216_161229_024883_1.txt
43868204,43868395,FEM,7.39,3.39,2.1,20201216_161229_024883_1.txt
43868512,43871993,FEM,24.32,11.4,8.24,20201216_161229_024883_1.txt
43877919,43880508,FEM,19.95,9.56,6.64,20201216_161229_024883_1.txt
43882197,43884011,FEM,14.99,6.9,4.85,20201216_161229_024883_1.txt
43896264,43896990,FEM,11.89,5.69,3.69,20201216_161229_024883_1.txt
43902010,43902754,FEM,5.52,2.07,1.57,20201216_161229_024883_1.txt
43903053,43903208,FEM,8.96,4.27,2.62,20201216_161229_024883_1.txt
43906492,43907511,FEM,13.73,6.55,4.3,20201216_161229_024883_1.txt
43909493,43910512,FEM,11.8,5.37,3.6,20201216_161229_024883_1.txt
43923232,43924928,FEM,15.61,7.49,5.04,20201216_161229_024883_1.txt
43944010,43944209,FEM,10.25,4.91,3.06,20201216_161229_024883_1.txt
43969174,43970325,FEM,11.53,5.23,3.64,20201216_161229_024883_1.txt
43972801,43976993,FEM,33.95,16.74,11.57,20201216_161229_024883_1.txt
43980192,43981636,FEM,15.82,7.65,5.07,20201216_161229_024883_1.txt
43982818,43983755,FEM,11.93,5.55,3.69,20201216_161229_024883_1.txt
43991249,43991519,FEM,9.8,4.69,2.92,20201216_161229_024883_1.txt
44017739,44018492,FEM,10.7,4.96,3.25,20201216_161229_024883_1.txt
44023011,44027012,FEM,33.81,16.81,11.44,20201216_161229_024883_1.txt
44028993,44029472,FEM,7.07,3.04,2.04,20201216_161229_024883_1.txt
44030993,44032493,FEM,13.48,5.98,4.3,20201216_161229_024883_1.txt
44035073,44037486,FEM,19.82,9.34,6.56,20201216_161229_024883_1.txt
44038510,44038630,FEM,10.1,4.93,2.99,20201216_161229_024883_1.txt
44038991,44039161,FEM,10.87,5.33,3.26,20201216_161229_024883_1.txt
44039685,44039815,FEM,10.74,5.28,3.21,20201216_161229_024883_1.txt
44039992,44041087,FEM,13.01,6.18,4.07,20201216_161229_024883_1.txt
44041511,44043038,FEM,15.56,7.36,5.0,20201216_161229_024883_1.txt
44043240,44044011,FEM,9.12,4.03,2.78,20201216_161229_024883_1.txt
44058992,44059437,FEM,8.36,3.87,2.47,20201216_161229_024883_1.txt
44067512,44068511,FEM,10.44,4.8,3.25,20201216_161229_024883_1.txt
44096083,44096702,MAL,13.98,6.88,4.32,20201216_161229_024883_1.txt
44106000,44106511,FEM,10.73,5.15,3.27,20201216_161229_024883_1.txt
44135687,44135874,MAL,11.66,5.78,3.52,20201216_161229_024883_1.txt
44168510,44168885,MAL,9.62,4.5,2.88,20201216_161229_024883_1.txt
44173473,44174011,MAL,10.68,5.13,3.25,20201216_161229_024883_1.txt
44176278,44177382,MAL,15.66,7.76,5.01,20201216_161229_024883_1.txt
44181394,44181988,MAL,12.89,6.32,4.0,20201216_161229_024883_1.txt
44182989,44184012,FEM,14.61,7.22,4.65,20201216_161229_024883_1.txt
44188492,44191266,FEM,26.08,13.08,8.71,20201216_161229_024883_1.txt
44188991,44189332,MAL,8.94,4.24,2.64,20201216_161229_024883_1.txt
44192044,44192196,FEM,8.63,4.05,2.51,20201216_161229_024883_1.txt
44192491,44194200,FEM,16.24,7.81,5.31,20201216_161229_024883_1.txt
44206751,44207198,FEM,9.0,4.2,2.68,20201216_161229_024883_1.txt
44212524,44212840,FEM,10.94,5.33,3.3,20201216_161229_024883_1.txt
44212993,44214011,FEM,14.03,6.79,4.4,20201216_161229_024883_1.txt
44218011,44220431,FEM,21.77,10.64,7.22,20201216_161229_024883_1.txt
44221309,44221511,FEM,10.54,5.16,3.15,20201216_161229_024883_1.txt
44226194,44228011,FEM,17.48,8.52,5.74,20201216_161229_024883_1.txt
44233077,44233511,FEM,11.46,5.59,3.5,20201216_161229_024883_1.txt
44236511,44237097,FEM,11.75,5.73,3.62,20201216_161229_024883_1.txt
44261492,44262668,FEM,14.62,6.98,4.62,20201216_161229_024883_1.txt
44274843,44275521,FEM,12.42,6.05,3.86,20201216_161229_024883_1.txt
44277928,44278780,FEM,11.51,5.53,3.58,20201216_161229_024883_1.txt
44278885,44281492,FEM,20.1,9.52,6.74,20201216_161229_024883_1.txt
44292913,44295049,FEM,17.72,8.32,5.82,20201216_161229_024883_1.txt
44308510,44309011,FEM,11.5,5.61,3.52,20201216_161229_024883_1.txt
44313947,44316262,FEM,20.23,9.8,6.68,20201216_161229_024883_1.txt
44316134,44316299,MAL,9.67,4.67,2.86,20201216_161229_024883_1.txt
44317505,44320011,FEM,21.76,10.61,7.23,20201216_161229_024883_1.txt
44326511,44333011,FEM,51.04,25.47,17.65,20201216_161229_024883_1.txt
44342492,44343261,FEM,12.37,5.98,3.8,20201216_161229_024883_1.txt
44356499,44357304,FEM,14.16,6.98,4.46,20201216_161229_024883_1.txt
44363492,44364491,FEM,13.1,6.1,4.14,20201216_161229_024883_1.txt
44367980,44368545,FEM,9.39,4.38,2.83,20201216_161229_024883_1.txt
44369024,44372620,FEM,29.85,14.76,10.0,20201216_161229_024883_1.txt
44373599,44377264,FEM,31.74,15.88,10.69,20201216_161229_024883_1.txt
44378226,44379510,FEM,15.26,7.35,4.85,20201216_161229_024883_1.txt
44382448,44385011,FEM,27.93,13.99,9.18,20201216_161229_024883_1.txt
44386184,44388017,MAL,18.74,9.07,6.11,20201216_161229_024883_1.txt
44388493,44388695,FEM,11.79,5.8,3.57,20201216_161229_024883_1.txt
44388856,44390511,FEM,17.74,8.56,5.74,20201216_161229_024883_1.txt
44392609,44392990,MAL,8.32,3.87,2.44,20201216_161229_024883_1.txt
44393172,44393860,FEM,7.27,3.24,2.14,20201216_161229_024883_1.txt
44394011,44394269,FEM,11.26,5.53,3.4,20201216_161229_024883_1.txt
44394492,44395326,FEM,11.97,5.74,3.74,20201216_161229_024883_1.txt
44397575,44397832,MAL,11.38,5.57,3.44,20201216_161229_024883_1.txt
44398835,44399345,MAL,11.14,5.33,3.41,20201216_161229_024883_1.txt
44399678,44400512,MAL,12.61,6.12,3.9,20201216_161229_024883_1.txt
44400012,44402992,FEM,27.67,13.59,9.12,20201216_161229_024883_1.txt
44403765,44405275,FEM,14.84,6.8,4.7,20201216_161229_024883_1.txt
44405688,44406648,MAL,10.67,4.93,3.27,20201216_161229_024883_1.txt
44406492,44407012,FEM,7.74,3.44,2.22,20201216_161229_024883_1.txt
44406865,44407012,MAL,8.01,3.74,2.3,20201216_161229_024883_1.txt
44419809,44419942,MAL,12.0,5.98,3.63,20201216_161229_024883_1.txt
44422277,44423512,MAL,15.31,7.37,4.86,20201216_161229_024883_1.txt
44423848,44427176,FEM,25.82,12.07,8.61,20201216_161229_024883_1.txt
44428434,44429492,FEM,10.74,4.82,3.26,20201216_161229_024883_1.txt
44431011,44433011,FEM,15.7,7.33,5.12,20201216_161229_024883_1.txt
44440010,44440989,MAL,13.11,6.28,4.14,20201216_161229_024883_1.txt
44441141,44441308,MAL,12.65,6.31,3.85,20201216_161229_024883_1.txt
44444012,44447589,FEM,25.93,12.61,8.74,20201216_161229_024883_1.txt
44447741,44448492,FEM,8.51,3.74,2.57,20201216_161229_024883_1.txt
44449992,44453161,FEM,26.83,13.13,8.92,20201216_161229_024883_1.txt
44458973,44462959,FEM,29.62,14.59,10.09,20201216_161229_024883_1.txt
44465558,44466493,FEM,6.58,2.69,1.96,20201216_161229_024883_1.txt
44465787,44465900,MAL,4.73,1.94,1.2,20201216_161229_024883_1.txt
44472972,44475011,FEM,16.85,7.93,5.46,20201216_161229_024883_1.txt
44479992,44482992,FEM,25.0,11.93,8.12,20201216_161229_024883_1.txt
44487510,44489494,FEM,14.95,6.88,4.82,20201216_161229_024883_1.txt
44492492,44494512,MAL,18.2,8.66,5.96,20201216_161229_024883_1.txt
44494993,44497357,FEM,18.31,8.66,6.05,20201216_161229_024883_1.txt
44498567,44500239,FEM,14.48,6.91,4.66,20201216_161229_024883_1.txt
44502679,44503854,FEM,11.83,5.61,3.69,20201216_161229_024883_1.txt
44505030,44505622,FEM,7.91,3.63,2.34,20201216_161229_024883_1.txt
44513069,44514488,FEM,13.04,6.21,4.14,20201216_161229_024883_1.txt
44514048,44514210,MAL,7.22,3.32,2.04,20201216_161229_024883_1.txt
44518012,44520992,FEM,20.37,9.51,6.79,20201216_161229_024883_1.txt
44546242,44546873,FEM,6.26,2.63,1.8,20201216_161229_024883_1.txt
44582972,44583510,MAL,10.6,4.95,3.23,20201216_161229_024883_1.txt
44585654,44587011,FEM,13.69,6.46,4.29,20201216_161229_024883_1.txt
44586015,44588042,MAL,17.77,8.57,5.82,20201216_161229_024883_1.txt
44588011,44590011,FEM,19.87,9.7,6.46,20201216_161229_024883_1.txt
44595492,44596253,FEM,8.18,3.58,2.46,20201216_161229_024883_1.txt
44596570,44597142,FEM,9.69,4.5,2.93,20201216_161229_024883_1.txt
44605492,44606753,FEM,14.17,6.75,4.49,20201216_161229_024883_1.txt
44610016,44611493,FEM,17.77,8.66,5.67,20201216_161229_024883_1.txt
44622166,44624113,FEM,11.87,5.2,3.84,20201216_161229_024883_1.txt
44625980,44629011,FEM,21.94,10.4,7.37,20201216_161229_024883_1.txt
44632429,44633492,FEM,7.55,3.13,2.25,20201216_161229_024883_1.txt
44645906,44653110,FEM,49.26,23.43,17.02,20201216_161229_024883_1.txt
44654492,44657140,FEM,15.61,6.5,5.15,20201216_161229_024883_1.txt
44657744,44659577,FEM,12.49,5.29,4.02,20201216_161229_024883_1.txt
44664011,44665511,FEM,12.63,5.75,3.96,20201216_161229_024883_1.txt
44687201,44691950,FEM,40.98,20.82,13.96,20201216_161229_024883_1.txt
44693083,44700596,FEM,60.03,30.68,20.72,20201216_161229_024883_1.txt
44701527,44703641,FEM,16.46,7.74,5.34,20201216_161229_024883_1.txt
44704872,44706511,FEM,13.11,5.88,4.15,20201216_161229_024883_1.txt
44708941,44709992,FEM,9.27,4.09,2.77,20201216_161229_024883_1.txt
44710309,44716011,FEM,47.65,24.04,16.07,20201216_161229_024883_1.txt
44717824,44722193,FEM,38.62,19.18,12.79,20201216_161229_024883_1.txt
44721011,44722261,MAL,14.14,6.68,4.42,20201216_161229_024883_1.txt
44723001,44723511,FEM,6.53,2.83,1.87,20201216_161229_024883_1.txt
44728492,44730510,FEM,16.94,7.96,5.38,20201216_161229_024883_1.txt
44731492,44731966,MAL,9.82,4.67,2.96,20201216_161229_024883_1.txt
44732820,44732925,MAL,9.9,4.8,2.92,20201216_161229_024883_1.txt
44734648,44739493,FEM,37.64,18.81,12.8,20201216_161229_024883_1.txt
44741881,44745563,FEM,31.43,15.35,10.33,20201216_161229_024883_1.txt
44746406,44746580,FEM,4.86,1.99,1.26,20201216_161229_024883_1.txt
44748492,44753738,FEM,40.15,19.96,13.66,20201216_161229_024883_1.txt
44754992,44755377,FEM,8.38,3.86,2.46,20201216_161229_024883_1.txt
44755507,44756992,FEM,12.41,5.54,3.83,20201216_161229_024883_1.txt
44755703,44755992,MAL,4.66,1.83,1.21,20201216_161229_024883_1.txt
44758310,44759306,FEM,10.05,4.56,3.07,20201216_161229_024883_1.txt
44770512,44770647,FEM,9.48,4.56,2.79,20201216_161229_024883_1.txt
44770875,44772492,FEM,13.84,6.32,4.44,20201216_161229_024883_1.txt
44773219,44775003,FEM,15.76,7.4,5.11,20201216_161229_024883_1.txt
44776010,44777743,FEM,14.46,6.58,4.66,20201216_161229_024883_1.txt
44802771,44804092,FEM,14.49,6.94,4.55,20201216_161229_024883_1.txt
44804462,44805623,MAL,13.33,6.26,4.24,20201216_161229_024883_1.txt
44828011,44828490,FEM,9.53,4.49,2.86,20201216_161229_024883_1.txt
44899512,44899858,FEM,4.88,1.98,1.29,20201216_161229_024883_1.txt
44899993,44900514,FEM,9.1,4.2,2.73,20201216_161229_024883_1.txt
44962992,44963306,FEM,11.61,5.73,3.53,20201216_161229_024883_1.txt
44965012,44967511,FEM,24.15,12.13,7.97,20201216_161229_024883_1.txt
44969011,44972504,FEM,29.27,14.28,9.84,20201216_161229_024883_1.txt
44974833,44975435,FEM,12.63,6.08,3.86,20201216_161229_024883_1.txt
44989059,44989415,MAL,11.37,5.58,3.46,20201216_161229_024883_1.txt
44990191,44990385,FEM,8.37,3.92,2.43,20201216_161229_024883_1.txt
44990993,44991383,MAL,10.82,5.25,3.28,20201216_161229_024883_1.txt
44992606,44995011,MAL,24.06,11.81,7.92,20201216_161229_024883_1.txt
44995794,44996493,FEM,12.3,6.03,3.82,20201216_161229_024883_1.txt
44997520,44997628,MAL,11.38,5.6,3.41,20201216_161229_024883_1.txt
44997896,45000333,MAL,24.3,12.09,8.06,20201216_161229_024883_1.txt
45005012,45006764,MAL,19.65,9.73,6.34,20201216_161229_024883_1.txt
45011141,45011392,MAL,10.53,5.15,3.16,20201216_161229_024883_1.txt
45012513,45014531,MAL,20.9,10.32,6.86,20201216_161229_024883_1.txt
45014640,45014875,MAL,11.73,5.78,3.55,20201216_161229_024883_1.txt
45015909,45016225,MAL,10.93,5.31,3.3,20201216_161229_024883_1.txt
45017070,45017877,MAL,12.65,6.17,3.96,20201216_161229_024883_1.txt
45017993,45020992,MAL,30.9,15.41,10.14,20201216_161229_024883_1.txt
45026493,45027931,FEM,17.48,8.56,5.57,20201216_161229_024883_1.txt
45054492,45055324,MAL,13.81,6.76,4.3,20201216_161229_024883_1.txt
45056247,45057990,MAL,18.83,9.21,6.12,20201216_161229_024883_1.txt
45061512,45061885,FEM,10.78,5.23,3.26,20201216_161229_024883_1.txt
45061993,45066011,FEM,36.21,18.44,12.29,20201216_161229_024883_1.txt
45067492,45068911,FEM,15.11,7.31,4.83,20201216_161229_024883_1.txt
45074509,45074782,FEM,10.04,4.87,3.0,20201216_161229_024883_1.txt
45074948,45076511,FEM,17.93,8.76,5.74,20201216_161229_024883_1.txt
45079511,45081386,FEM,18.07,8.8,5.89,20201216_161229_024883_1.txt
45081576,45081726,MAL,12.16,6.05,3.68,20201216_161229_024883_1.txt
45082104,45082438,MAL,11.2,5.43,3.4,20201216_161229_024883_1.txt
45086011,45087992,FEM,20.28,9.93,6.59,20201216_161229_024883_1.txt
45092012,45094493,FEM,21.15,10.32,7.07,20201216_161229_024883_1.txt
45095493,45100493,FEM,42.71,21.67,14.57,20201216_161229_024883_1.txt
45101510,45103466,FEM,20.79,10.18,6.7,20201216_161229_024883_1.txt
45104810,45107993,FEM,29.03,14.39,9.71,20201216_161229_024883_1.txt
45122479,45123959,MAL,18.13,9.08,5.84,20201216_161229_024883_1.txt
45124568,45125010,MAL,11.39,5.6,3.48,20201216_161229_024883_1.txt
45133804,45133941,MAL,12.28,6.15,3.72,20201216_161229_024883_1.txt
45146050,45147304,MAL,16.58,8.11,5.24,20201216_161229_024883_1.txt
45151012,45151992,FEM,14.82,7.26,4.66,20201216_161229_024883_1.txt
45160605,45163479,FEM,29.51,14.99,9.82,20201216_161229_024883_1.txt
45163992,45164642,FEM,10.98,5.27,3.37,20201216_161229_024883_1.txt
45166012,45167482,MAL,16.07,7.8,5.16,20201216_161229_024883_1.txt
45169746,45170510,FEM,11.78,5.66,3.66,20201216_161229_024883_1.txt
45174993,45175580,FEM,11.46,5.57,3.52,20201216_161229_024883_1.txt
45176381,45181514,FEM,45.46,23.31,15.57,20201216_161229_024883_1.txt
45183012,45185511,FEM,25.05,12.74,8.37,20201216_161229_024883_1.txt
45190992,45192992,FEM,17.76,8.37,5.76,20201216_161229_024883_1.txt
45195511,45198586,FEM,34.74,17.52,11.28,20201216_161229_024883_1.txt
45200511,45202992,FEM,25.2,12.37,8.26,20201216_161229_024883_1.txt
45210493,45212780,FEM,25.49,12.8,8.27,20201216_161229_024883_1.txt
45212992,45213627,FEM,11.0,5.35,3.38,20201216_161229_024883_1.txt
45216590,45218551,FEM,20.75,10.21,6.74,20201216_161229_024883_1.txt
45224823,45225053,MAL,11.46,5.64,3.46,20201216_161229_024883_1.txt
45251992,45253511,FEM,15.0,7.16,4.81,20201216_161229_024883_1.txt
45255729,45257823,FEM,21.07,10.42,6.93,20201216_161229_024883_1.txt
45263705,45265011,FEM,13.44,6.23,4.25,20201216_161229_024883_1.txt
45300492,45301731,FEM,13.76,6.43,4.4,20201216_161229_024883_1.txt
45305688,45307107,MAL,16.58,7.97,5.26,20201216_161229_024883_1.txt
45311864,45313492,FEM,13.21,6.16,4.23,20201216_161229_024883_1.txt
45394811,45396011,FEM,12.49,5.92,3.97,20201216_161229_024883_1.txt
45401511,45403992,FEM,19.3,9.12,6.4,20201216_161229_024883_1.txt
45407512,45409993,FEM,19.21,9.08,6.37,20201216_161229_024883_1.txt
45415510,45417992,FEM,19.31,9.17,6.41,20201216_161229_024883_1.txt
45440744,45440990,MAL,11.71,5.8,3.55,20201216_161229_024883_1.txt
45447011,45448266,FEM,16.66,8.1,5.26,20201216_161229_024883_1.txt
45449512,45454492,FEM,40.73,20.49,13.91,20201216_161229_024883_1.txt
45459993,45465012,FEM,39.1,19.47,13.43,20201216_161229_024883_1.txt
45467602,45467840,FEM,7.69,3.54,2.21,20201216_161229_024883_1.txt
45471491,45475511,FEM,31.66,15.67,10.78,20201216_161229_024883_1.txt
45476670,45478493,FEM,17.5,8.45,5.69,20201216_161229_024883_1.txt
45489011,45489345,MAL,9.62,4.61,2.87,20201216_161229_024883_1.txt
45490010,45492452,FEM,20.1,9.65,6.61,20201216_161229_024883_1.txt
45492656,45493709,FEM,14.77,7.24,4.65,20201216_161229_024883_1.txt
45495992,45497511,FEM,16.28,7.88,5.24,20201216_161229_024883_1.txt
45511156,45512550,FEM,17.39,8.48,5.58,20201216_161229_024883_1.txt
45512680,45512886,FEM,13.01,6.51,3.98,20201216_161229_024883_1.txt
45533553,45534149,MAL,9.52,4.48,2.88,20201216_161229_024883_1.txt
45534395,45535180,MAL,11.4,5.54,3.54,20201216_161229_024883_1.txt
45544012,45546012,FEM,20.93,10.26,6.86,20201216_161229_024883_1.txt
45551012,45552121,FEM,13.97,6.74,4.39,20201216_161229_024883_1.txt
45555492,45557993,FEM,18.25,8.33,6.06,20201216_161229_024883_1.txt
45560011,45562993,FEM,20.41,9.26,6.86,20201216_161229_024883_1.txt
45574301,45574424,FEM,13.26,6.68,4.04,20201216_161229_024883_1.txt
45576543,45576924,FEM,10.75,5.13,3.25,20201216_161229_024883_1.txt
45617315,45617617,MAL,10.85,5.29,3.27,20201216_161229_024883_1.txt
45617754,45618375,MAL,12.99,6.42,4.04,20201216_161229_024883_1.txt
45622205,45623010,MAL,12.6,6.06,3.94,20201216_161229_024883_1.txt
45640992,45642011,FEM,16.29,8.03,5.1,20201216_161229_024883_1.txt
45652390,45652682,MAL,12.03,5.99,3.66,20201216_161229_024883_1.txt
45699010,45699255,FEM,10.24,4.94,3.06,20201216_161229_024883_1.txt
45699513,45699754,FEM,12.48,6.19,3.8,20201216_161229_024883_1.txt
45756510,45757754,FEM,16.43,8.02,5.24,20201216_161229_024883_1.txt
45785512,45788074,FEM,26.52,13.44,8.82,20201216_161229_024883_1.txt
45791011,45794744,FEM,29.65,14.12,10.01,20201216_161229_024883_1.txt
45795296,45795524,MAL,12.12,6.04,3.68,20201216_161229_024883_1.txt
45808802,45809511,FEM,13.24,6.47,4.08,20201216_161229_024883_1.txt
45829550,45829891,MAL,10.64,5.2,3.21,20201216_161229_024883_1.txt
45918858,45919415,MAL,13.13,6.37,4.02,20201216_161229_024883_1.txt
45946011,45947491,FEM,18.64,9.29,6.02,20201216_161229_024883_1.txt
45955512,45956011,FEM,12.76,6.27,3.94,20201216_161229_024883_1.txt
45956548,45956997,FEM,12.38,6.08,3.81,20201216_161229_024883_1.txt
45970656,45971351,FEM,13.66,6.74,4.28,20201216_161229_024883_1.txt
45995492,45997492,FEM,16.45,7.81,5.42,20201216_161229_024883_1.txt
46009269,46009924,MAL,10.35,4.92,3.17,20201216_161229_024883_1.txt
46031574,46032149,MAL,12.38,6.08,3.83,20201216_161229_024883_1.txt
46069067,46070987,MAL,20.05,9.76,6.56,20201216_161229_024883_1.txt
46086992,46087517,MAL,13.21,6.5,4.04,20201216_161229_024883_1.txt
46087512,46087878,FEM,11.39,5.53,3.46,20201216_161229_024883_1.txt
46091990,46093242,MAL,16.54,8.01,5.28,20201216_161229_024883_1.txt
46107536,46107639,MAL,11.72,5.84,3.53,20201216_161229_024883_1.txt
46113287,46115493,MAL,19.96,9.19,6.52,20201216_161229_024883_1.txt
46117304,46117984,MAL,9.09,3.9,2.75,20201216_161229_024883_1.txt
46121511,46123492,FEM,20.09,9.77,6.58,20201216_161229_024883_1.txt
46127510,46129798,FEM,21.25,10.24,7.02,20201216_161229_024883_1.txt
46129993,46132492,FEM,23.65,11.34,7.75,20201216_161229_024883_1.txt
46149510,46151424,FEM,19.33,9.11,6.26,20201216_161229_024883_1.txt
46155012,46155329,FEM,13.29,6.62,4.09,20201216_161229_024883_1.txt
46161510,46164414,MAL,25.92,12.54,8.63,20201216_161229_024883_1.txt
46166947,46169011,FEM,21.84,10.7,7.18,20201216_161229_024883_1.txt
46194492,46198491,FEM,37.75,19.18,12.75,20201216_161229_024883_1.txt
46201511,46203138,FEM,18.25,8.79,5.91,20201216_161229_024883_1.txt
46220993,46223992,MAL,31.9,15.91,10.47,20201216_161229_024883_1.txt
46225011,46226876,MAL,21.06,10.41,6.89,20201216_161229_024883_1.txt
46256117,46256991,MAL,15.12,7.51,4.74,20201216_161229_024883_1.txt
46271491,46271741,FEM,10.92,5.34,3.29,20201216_161229_024883_1.txt
46272011,46272455,FEM,10.29,4.96,3.11,20201216_161229_024883_1.txt
46308011,46310480,MAL,19.21,8.67,6.32,20201216_161229_024883_1.txt
46311337,46311615,MAL,11.78,5.83,3.58,20201216_161229_024883_1.txt
46336001,46336111,FEM,12.24,6.11,3.7,20201216_161229_024883_1.txt
46336335,46336991,FEM,11.68,5.62,3.61,20201216_161229_024883_1.txt
46339309,46339662,FEM,8.83,4.06,2.61,20201216_161229_024883_1.txt
46339911,46340397,FEM,12.37,6.03,3.81,20201216_161229_024883_1.txt
46341511,46349231,FEM,53.66,25.59,18.62,20201216_161229_024883_1.txt
46350188,46350304,MAL,13.84,6.99,4.23,20201216_161229_024883_1.txt
46351175,46351430,MAL,13.0,6.45,3.98,20201216_161229_024883_1.txt
46352544,46354032,MAL,14.02,6.41,4.53,20201216_161229_024883_1.txt
46355011,46357993,MAL,29.28,14.34,9.71,20201216_161229_024883_1.txt
46362321,46366565,MAL,36.66,18.07,12.38,20201216_161229_024883_1.txt
46377134,46377254,MAL,13.54,6.75,4.14,20201216_161229_024883_1.txt
46377367,46377510,MAL,14.52,7.38,4.47,20201216_161229_024883_1.txt
46379480,46380491,MAL,15.38,7.64,4.9,20201216_161229_024883_1.txt
46380678,46380784,MAL,13.34,6.74,4.07,20201216_161229_024883_1.txt
46382247,46382564,FEM,12.3,6.12,3.76,20201216_161229_024883_1.txt
46397991,46398409,FEM,12.04,5.84,3.69,20201216_161229_024883_1.txt
46430577,46431103,MAL,10.62,4.97,3.23,20201216_161229_024883_1.txt
46431770,46434030,FEM,24.12,11.98,7.92,20201216_161229_024883_1.txt
46434624,46434859,FEM,10.78,5.28,3.24,20201216_161229_024883_1.txt
46435692,46435898,FEM,11.47,5.65,3.46,20201216_161229_024883_1.txt
46440555,46440757,MAL,10.15,4.95,3.02,20201216_161229_024883_1.txt
46473510,46474956,FEM,13.29,5.94,4.22,20201216_161229_024883_1.txt
46475049,46475516,MAL,11.36,5.54,3.47,20201216_161229_024883_1.txt
46477461,46479143,MAL,20.92,10.51,6.75,20201216_161229_024883_1.txt
46481531,46483703,MAL,21.63,10.58,7.13,20201216_161229_024883_1.txt
46491099,46491244,MAL,11.49,5.67,3.46,20201216_161229_024883_1.txt
46492282,46494024,MAL,17.96,8.77,5.88,20201216_161229_024883_1.txt
46495134,46495235,MAL,11.75,5.85,3.54,20201216_161229_024883_1.txt
46495374,46496813,MAL,17.61,8.56,5.61,20201216_161229_024883_1.txt
46498992,46501992,MAL,29.79,15.02,9.93,20201216_161229_024883_1.txt
46507276,46507985,MAL,12.45,6.04,3.82,20201216_161229_024883_1.txt
46514321,46514422,MAL,9.59,4.66,2.82,20201216_161229_024883_1.txt
46521992,46523472,MAL,17.3,8.25,5.51,20201216_161229_024883_1.txt
46523992,46528493,FEM,37.69,18.81,12.82,20201216_161229_024883_1.txt
46553299,46554489,FEM,16.45,8.0,5.23,20201216_161229_024883_1.txt
46571434,46572568,FEM,15.46,7.75,4.95,20201216_161229_024883_1.txt
46606928,46607107,MAL,10.51,5.13,3.14,20201216_161229_024883_1.txt
46609992,46611511,FEM,15.19,7.21,4.87,20201216_161229_024883_1.txt
46611394,46612511,MAL,13.11,6.19,4.11,20201216_161229_024883_1.txt
46613013,46616511,FEM,30.59,15.28,10.33,20201216_161229_024883_1.txt
46618021,46619492,FEM,18.89,9.45,6.04,20201216_161229_024883_1.txt
46624918,46625087,MAL,10.57,5.17,3.16,20201216_161229_024883_1.txt
46629992,46631234,FEM,15.49,7.45,4.87,20201216_161229_024883_1.txt
46637993,46639829,FEM,15.03,7.04,4.87,20201216_161229_024883_1.txt
46640492,46642713,FEM,23.41,11.23,7.41,20201216_161229_024883_1.txt
46653357,46657402,FEM,36.55,17.95,12.04,20201216_161229_024883_1.txt
46660118,46660511,MAL,6.96,3.13,1.99,20201216_161229_024883_1.txt
46677492,46679306,FEM,11.59,4.94,3.72,20201216_161229_024883_1.txt
46685793,46687280,FEM,14.34,6.73,4.53,20201216_161229_024883_1.txt
46689539,46689991,FEM,7.47,3.34,2.12,20201216_161229_024883_1.txt
46691611,46691960,FEM,8.96,4.25,2.65,20201216_161229_024883_1.txt
46727351,46728993,FEM,13.31,6.22,4.27,20201216_161229_024883_1.txt
46729511,46731276,MAL,12.97,5.73,4.17,20201216_161229_024883_1.txt
46739492,46741991,FEM,21.43,10.45,7.06,20201216_161229_024883_1.txt
46763492,46765137,FEM,14.96,6.93,4.76,20201216_161229_024883_1.txt
46765888,46767655,FEM,15.66,7.48,5.07,20201216_161229_024883_1.txt
46768055,46772093,FEM,31.06,15.15,10.48,20201216_161229_024883_1.txt
46774697,46776067,FEM,13.78,6.48,4.37,20201216_161229_024883_1.txt
46781493,46785227,FEM,30.63,14.99,10.34,20201216_161229_024883_1.txt
46785511,46787993,FEM,21.98,10.72,7.3,20201216_161229_024883_1.txt
46850189,46850314,MAL,6.83,3.12,1.9,20201216_161229_024883_1.txt
46897502,46897742,MAL,7.83,3.64,2.26,20201216_161229_024883_1.txt
46901120,46901321,MAL,6.47,2.9,1.8,20201216_161229_024883_1.txt
46904010,46904263,MAL,8.2,3.81,2.38,20201216_161229_024883_1.txt
46956491,46958010,FEM,17.75,8.56,5.72,20201216_161229_024883_1.txt
46960310,46961511,FEM,11.76,5.47,3.73,20201216_161229_024883_1.txt
46978954,46980086,MAL,14.58,6.93,4.6,20201216_161229_024883_1.txt
46986136,46989921,FEM,29.66,14.05,9.97,20201216_161229_024883_1.txt
47026011,47030922,MAL,40.92,20.48,13.91,20201216_161229_024883_1.txt
47046346,47047664,MAL,17.51,8.64,5.51,20201216_161229_024883_1.txt
47047772,47047875,MAL,9.37,4.54,2.75,20201216_161229_024883_1.txt
47055511,47056355,MAL,12.32,6.0,3.8,20201216_161229_024883_1.txt
47060317,47062060,FEM,19.59,9.68,6.38,20201216_161229_024883_1.txt
47063492,47067469,FEM,38.88,20.14,13.18,20201216_161229_024883_1.txt
47079492,47081969,FEM,25.38,12.57,8.32,20201216_161229_024883_1.txt
47082070,47084978,MAL,26.68,12.98,8.83,20201216_161229_024883_1.txt
47105402,47112513,MAL,73.86,37.76,24.46,20201216_161229_024883_1.txt
47115992,47116188,MAL,10.84,5.31,3.25,20201216_161229_024883_1.txt
47116370,47117030,MAL,11.53,5.58,3.51,20201216_161229_024883_1.txt
47118502,47120490,MAL,19.3,9.37,6.27,20201216_161229_024883_1.txt
47127511,47128061,MAL,6.97,2.99,2.02,20201216_161229_024883_1.txt
47128993,47129604,MAL,9.78,4.63,2.97,20201216_161229_024883_1.txt
47131011,47133490,MAL,24.83,12.53,8.24,20201216_161229_024883_1.txt
47135280,47137204,MAL,21.7,10.74,7.05,20201216_161229_024883_1.txt
47153510,47155554,MAL,21.73,10.68,7.03,20201216_161229_024883_1.txt
47200646,47202011,FEM,15.73,7.55,5.02,20201216_161229_024883_1.txt
47272992,47273935,MAL,13.16,6.38,4.1,20201216_161229_024883_1.txt
47273510,47276099,FEM,24.41,12.08,8.07,20201216_161229_024883_1.txt
47280491,47281794,FEM,16.79,8.33,5.37,20201216_161229_024883_1.txt
47282481,47283990,MAL,17.75,8.72,5.72,20201216_161229_024883_1.txt
47283991,47285010,FEM,14.63,7.1,4.6,20201216_161229_024883_1.txt
47288991,47290625,FEM,18.43,9.04,5.92,20201216_161229_024883_1.txt
47298511,47300711,MAL,22.69,11.33,7.43,20201216_161229_024883_1.txt
47303614,47303811,FEM,10.94,5.4,3.29,20201216_161229_024883_1.txt
47304690,47307036,FEM,21.52,10.69,7.17,20201216_161229_024883_1.txt
47307284,47308025,MAL,11.86,5.81,3.68,20201216_161229_024883_1.txt
47310443,47318492,FEM,70.57,36.12,24.1,20201216_161229_024883_1.txt
47319004,47320653,MAL,16.74,8.13,5.41,20201216_161229_024883_1.txt
47321012,47324163,MAL,32.58,16.53,10.73,20201216_161229_024883_1.txt
47327416,47337720,FEM,85.49,43.3,29.4,20201216_161229_024883_1.txt
47338533,47339189,MAL,11.76,5.67,3.58,20201216_161229_024883_1.txt
47340006,47340323,FEM,11.58,5.65,3.52,20201216_161229_024883_1.txt
47340489,47342011,FEM,16.91,8.11,5.45,20201216_161229_024883_1.txt
47342180,47342490,MAL,11.01,5.4,3.33,20201216_161229_024883_1.txt
47347511,47349332,MAL,20.59,10.34,6.67,20201216_161229_024883_1.txt
47349492,47351335,FEM,19.85,9.99,6.48,20201216_161229_024883_1.txt
47351555,47351771,MAL,11.56,5.69,3.49,20201216_161229_024883_1.txt
47351895,47352445,MAL,11.13,5.32,3.41,20201216_161229_024883_1.txt
47353903,47355511,MAL,20.53,10.2,6.51,20201216_161229_024883_1.txt
47358111,47358362,MAL,8.72,4.15,2.55,20201216_161229_024883_1.txt
47358992,47362492,MAL,34.66,17.26,11.43,20201216_161229_024883_1.txt
47362511,47363493,FEM,11.9,5.68,3.69,20201216_161229_024883_1.txt
47366313,47367012,FEM,11.05,5.2,3.41,20201216_161229_024883_1.txt
47370508,47370992,FEM,10.72,5.16,3.26,20201216_161229_024883_1.txt
47378010,47378142,FEM,11.23,5.55,3.37,20201216_161229_024883_1.txt
47378294,47379367,FEM,13.9,6.78,4.37,20201216_161229_024883_1.txt
47380574,47382216,FEM,17.3,8.41,5.6,20201216_161229_024883_1.txt
47384011,47384166,FEM,12.57,6.26,3.82,20201216_161229_024883_1.txt
47386380,47388491,MAL,20.62,9.99,6.73,20201216_161229_024883_1.txt
47389723,47390251,MAL,11.35,5.53,3.48,20201216_161229_024883_1.txt
47396478,47397664,FEM,13.04,6.22,4.1,20201216_161229_024883_1.txt
47402229,47404726,FEM,21.37,10.32,7.04,20201216_161229_024883_1.txt
47406938,47407655,MAL,9.84,4.66,3.01,20201216_161229_024883_1.txt
47413505,47414485,FEM,10.43,4.79,3.25,20201216_161229_024883_1.txt
47430144,47430492,FEM,7.48,3.43,2.16,20201216_161229_024883_1.txt
47430993,47431847,FEM,10.15,4.76,3.13,20201216_161229_024883_1.txt
47455951,47456493,FEM,13.93,6.92,4.29,20201216_161229_024883_1.txt
47465494,47465995,FEM,8.72,3.98,2.6,20201216_161229_024883_1.txt
47466108,47467011,FEM,9.95,4.5,3.08,20201216_161229_024883_1.txt
47551631,47552120,MAL,11.43,5.57,3.5,20201216_161229_024883_1.txt
47584220,47584326,FEM,11.8,5.86,3.56,20201216_161229_024883_1.txt
47584616,47586916,FEM,20.79,10.04,6.87,20201216_161229_024883_1.txt
47587908,47590417,FEM,25.78,12.84,8.51,20201216_161229_024883_1.txt
47594859,47594989,FEM,10.25,5.0,3.04,20201216_161229_024883_1.txt
47598011,47605347,FEM,53.51,26.36,18.61,20201216_161229_024883_1.txt
47613511,47614993,FEM,17.14,8.53,5.51,20201216_161229_024883_1.txt
47616120,47617465,FEM,17.5,8.64,5.56,20201216_161229_024883_1.txt
47621410,47624508,FEM,27.27,13.53,9.16,20201216_161229_024883_1.txt
47625177,47627170,FEM,19.03,9.32,6.23,20201216_161229_024883_1.txt
47630023,47631344,FEM,16.13,7.69,5.1,20201216_161229_024883_1.txt
47642918,47646202,FEM,28.55,14.12,9.52,20201216_161229_024883_1.txt
47650830,47652482,FEM,15.17,7.0,4.83,20201216_161229_024883_1.txt
47655577,47656903,MAL,12.22,5.37,3.8,20201216_161229_024883_1.txt
47660559,47661852,FEM,12.57,5.54,3.91,20201216_161229_024883_1.txt
47664654,47665749,FEM,8.56,3.46,2.59,20201216_161229_024883_1.txt
47668881,47669375,MAL,10.26,4.85,3.11,20201216_161229_024883_1.txt
47692992,47694934,FEM,22.0,10.99,7.21,20201216_161229_024883_1.txt
47701558,47702511,FEM,14.4,7.04,4.57,20201216_161229_024883_1.txt
47726511,47728511,FEM,15.98,7.45,5.16,20201216_161229_024883_1.txt
47730011,47730129,FEM,9.02,4.31,2.63,20201216_161229_024883_1.txt
47730158,47730274,MAL,6.26,2.79,1.71,20201216_161229_024883_1.txt
47730389,47733074,FEM,19.43,9.01,6.48,20201216_161229_024883_1.txt
47740492,47746508,FEM,40.58,19.04,13.93,20201216_161229_024883_1.txt
47756363,47756525,MAL,8.23,3.86,2.38,20201216_161229_024883_1.txt
47767384,47769220,FEM,19.74,9.76,6.44,20201216_161229_024883_1.txt
47788010,47789223,FEM,11.3,5.15,3.52,20201216_161229_024883_1.txt
47790511,47792745,FEM,18.87,8.99,6.22,20201216_161229_024883_1.txt
47795373,47797493,FEM,15.56,7.2,5.09,20201216_161229_024883_1.txt
47798993,47800468,FEM,13.69,6.47,4.31,20201216_161229_024883_1.txt
47800010,47800511,MAL,9.11,4.32,2.73,20201216_161229_024883_1.txt
47802992,47804595,FEM,14.04,6.54,4.45,20201216_161229_024883_1.txt
47804872,47804992,FEM,5.55,2.4,1.48,20201216_161229_024883_1.txt
47805073,47806011,MAL,8.16,3.65,2.43,20201216_161229_024883_1.txt
47807012,47811511,FEM,33.25,15.88,11.18,20201216_161229_024883_1.txt
47814492,47816991,FEM,21.89,10.65,7.27,20201216_161229_024883_1.txt
47817992,47819492,FEM,12.05,5.41,3.82,20201216_161229_024883_1.txt
47819992,47821788,FEM,12.54,5.56,4.04,20201216_161229_024883_1.txt
47824511,47824627,FEM,7.78,3.61,2.22,20201216_161229_024883_1.txt
47839992,47840247,FEM,10.02,4.8,2.99,20201216_161229_024883_1.txt
47850904,47852219,FEM,13.23,6.18,4.18,20201216_161229_024883_1.txt
47853617,47854511,FEM,12.04,5.67,3.72,20201216_161229_024883_1.txt
47859512,47860147,MAL,9.52,4.24,2.88,20201216_161229_024883_1.txt
47862185,47864021,FEM,13.65,6.01,4.31,20201216_161229_024883_1.txt
47871037,47873124,FEM,15.11,6.72,4.89,20201216_161229_024883_1.txt
47874741,47875843,FEM,12.65,5.93,3.95,20201216_161229_024883_1.txt
47876984,47878322,FEM,12.64,5.62,3.99,20201216_161229_024883_1.txt
47878493,47881262,FEM,19.26,8.5,6.39,20201216_161229_024883_1.txt
47886338,47888949,FEM,18.04,8.16,5.95,20201216_161229_024883_1.txt
47912153,47912992,FEM,13.12,6.25,4.07,20201216_161229_024883_1.txt
47916087,47916332,FEM,8.33,3.9,2.42,20201216_161229_024883_1.txt
47927548,47928490,MAL,14.73,7.22,4.62,20201216_161229_024883_1.txt
47952010,47952683,FEM,10.57,4.89,3.19,20201216_161229_024883_1.txt
47958011,47960887,FEM,24.99,12.18,8.36,20201216_161229_024883_1.txt
48007345,48007455,MAL,11.28,5.56,3.38,20201216_161229_024883_1.txt
48009702,48009992,FEM,8.17,3.76,2.38,20201216_161229_024883_1.txt
48025492,48030754,FEM,53.7,27.02,17.38,20201216_161229_024883_1.txt
48029858,48030590,MAL,8.24,3.63,2.32,20201216_161229_024883_1.txt
48032011,48034492,FEM,18.52,8.52,6.09,20201216_161229_024883_1.txt
48042767,48045374,FEM,18.36,8.46,6.11,20201216_161229_024883_1.txt
48046529,48046929,FEM,8.98,4.18,2.67,20201216_161229_024883_1.txt
48051176,48051630,FEM,8.96,4.07,2.67,20201216_161229_024883_1.txt
48054992,48055493,FEM,9.27,4.27,2.78,20201216_161229_024883_1.txt
48056858,48057452,FEM,8.04,3.55,2.38,20201216_161229_024883_1.txt
48059175,48059762,FEM,7.83,3.44,2.31,20201216_161229_024883_1.txt
48064011,48065810,MAL,13.51,5.7,4.36,20201216_161229_024883_1.txt
48068537,48070333,FEM,13.01,5.59,4.19,20201216_161229_024883_1.txt
48078667,48078770,MAL,6.93,3.14,1.93,20201216_161229_024883_1.txt
48080221,48081011,FEM,7.0,2.9,2.07,20201216_161229_024883_1.txt
48086992,48087905,FEM,8.39,3.53,2.5,20201216_161229_024883_1.txt
48088748,48090076,FEM,14.01,6.46,4.39,20201216_161229_024883_1.txt
48091708,48092010,FEM,8.39,3.9,2.45,20201216_161229_024883_1.txt
48108511,48110467,FEM,23.21,11.63,7.62,20201216_161229_024883_1.txt
48131206,48131834,FEM,10.45,4.87,3.14,20201216_161229_024883_1.txt
48145018,48145833,FEM,8.82,4.05,2.68,20201216_161229_024883_1.txt
48246011,48246413,FEM,13.61,6.77,4.21,20201216_161229_024883_1.txt
48257333,48257512,FEM,9.03,4.31,2.65,20201216_161229_024883_1.txt
48286673,48287316,MAL,7.89,3.49,2.35,20201216_161229_024883_1.txt
48302401,48302992,FEM,13.37,6.57,4.16,20201216_161229_024883_1.txt
48332012,48337019,FEM,38.68,19.08,13.28,20201216_161229_024883_1.txt
48338627,48341214,FEM,24.23,11.97,8.01,20201216_161229_024883_1.txt
48347511,48347984,FEM,10.93,5.22,3.33,20201216_161229_024883_1.txt
48348993,48354280,FEM,44.93,22.7,15.31,20201216_161229_024883_1.txt
48371442,48377868,FEM,52.33,26.34,18.02,20201216_161229_024883_1.txt
48378011,48378146,FEM,11.69,5.75,3.52,20201216_161229_024883_1.txt
48378511,48379993,FEM,14.3,6.55,4.57,20201216_161229_024883_1.txt
48388652,48388789,FEM,9.57,4.58,2.82,20201216_161229_024883_1.txt
48401992,48402510,FEM,10.25,4.95,3.11,20201216_161229_024883_1.txt
48404512,48404620,FEM,12.11,6.05,3.66,20201216_161229_024883_1.txt
48405511,48406178,FEM,12.09,5.84,3.75,20201216_161229_024883_1.txt
48409682,48409832,FEM,10.58,5.18,3.16,20201216_161229_024883_1.txt
48412991,48415011,FEM,21.66,10.83,7.06,20201216_161229_024883_1.txt
48416424,48427055,FEM,90.12,46.33,31.16,20201216_161229_024883_1.txt
48421184,48421356,MAL,13.18,6.63,4.03,20201216_161229_024883_1.txt
48427797,48429223,FEM,17.07,8.32,5.48,20201216_161229_024883_1.txt
48431118,48437514,FEM,51.09,25.85,17.65,20201216_161229_024883_1.txt
48443010,48443157,FEM,12.41,6.22,3.77,20201216_161229_024883_1.txt
48456011,48458011,FEM,19.42,9.4,6.36,20201216_161229_024883_1.txt
48464543,48466011,FEM,9.0,3.44,2.8,20201216_161229_024883_1.txt
48475010,48477492,FEM,21.3,10.12,7.01,20201216_161229_024883_1.txt
48489911,48492992,FEM,27.14,13.25,9.01,20201216_161229_024883_1.txt
48493510,48493655,FEM,10.1,4.93,2.99,20201216_161229_024883_1.txt
48493907,48496367,FEM,22.81,11.41,7.57,20201216_161229_024883_1.txt
48520134,48523511,FEM,30.3,15.25,10.22,20201216_161229_024883_1.txt
48527011,48530555,FEM,32.4,16.2,10.89,20201216_161229_024883_1.txt
48531493,48531868,FEM,11.98,5.87,3.66,20201216_161229_024883_1.txt
48535991,48538009,FEM,18.08,8.53,5.92,20201216_161229_024883_1.txt
48540036,48540147,FEM,10.86,5.35,3.24,20201216_161229_024883_1.txt
48546511,48548992,FEM,22.59,10.93,7.44,20201216_161229_024883_1.txt
48570992,48571233,FEM,9.46,4.52,2.8,20201216_161229_024883_1.txt
48577330,48579991,FEM,23.21,11.14,7.68,20201216_161229_024883_1.txt
48580093,48580334,FEM,8.78,4.06,2.57,20201216_161229_024883_1.txt
48580511,48585511,FEM,41.12,20.45,14.04,20201216_161229_024883_1.txt
48590501,48591591,FEM,13.65,6.65,4.34,20201216_161229_024883_1.txt
48593510,48595746,FEM,18.7,8.89,6.21,20201216_161229_024883_1.txt
48598392,48605999,FEM,59.55,30.14,20.62,20201216_161229_024883_1.txt
48654992,48656708,FEM,18.42,9.08,5.98,20201216_161229_024883_1.txt
48662939,48666511,FEM,28.66,14.07,9.7,20201216_161229_024883_1.txt
48672510,48673740,FEM,15.41,7.56,4.9,20201216_161229_024883_1.txt
48675011,48675728,FEM,9.45,4.42,2.88,20201216_161229_024883_1.txt
48678492,48679992,FEM,13.01,6.14,4.19,20201216_161229_024883_1.txt
48683361,48685992,FEM,20.62,9.78,6.87,20201216_161229_024883_1.txt
48690992,48692512,FEM,14.77,7.09,4.78,20201216_161229_024883_1.txt
48693511,48693619,FEM,11.52,5.67,3.46,20201216_161229_024883_1.txt
48694510,48700553,FEM,42.97,20.86,14.89,20201216_161229_024883_1.txt
48700992,48702511,FEM,14.98,7.02,4.8,20201216_161229_024883_1.txt
48707511,48708610,FEM,10.18,4.64,3.13,20201216_161229_024883_1.txt
48709991,48710958,FEM,10.2,4.72,3.12,20201216_161229_024883_1.txt
48712992,48717175,FEM,35.05,17.57,11.83,20201216_161229_024883_1.txt
48717472,48717582,FEM,8.58,4.09,2.48,20201216_161229_024883_1.txt
48717732,48717854,FEM,9.44,4.54,2.77,20201216_161229_024883_1.txt
48718010,48718327,FEM,9.42,4.5,2.8,20201216_161229_024883_1.txt
48723122,48724509,FEM,15.05,7.22,4.8,20201216_161229_024883_1.txt
48726492,48731492,FEM,36.46,17.77,12.54,20201216_161229_024883_1.txt
48731672,48732892,FEM,12.59,5.87,3.95,20201216_161229_024883_1.txt
48742467,48742821,FEM,9.26,4.33,2.75,20201216_161229_024883_1.txt
48745493,48747511,FEM,20.12,9.72,6.49,20201216_161229_024883_1.txt
48752493,48752706,FEM,9.85,4.78,2.92,20201216_161229_024883_1.txt
48767560,48769129,FEM,10.01,4.24,3.21,20201216_161229_024883_1.txt
48772010,48775491,FEM,34.74,17.53,11.51,20201216_161229_024883_1.txt
48786813,48787010,FEM,10.37,5.06,3.1,20201216_161229_024883_1.txt
48795082,48795492,FEM,7.19,3.21,2.07,20201216_161229_024883_1.txt
48796992,48798307,FEM,14.55,7.04,4.68,20201216_161229_024883_1.txt
48801812,48804011,FEM,19.33,9.09,6.31,20201216_161229_024883_1.txt
48806631,48807841,FEM,13.66,6.49,4.31,20201216_161229_024883_1.txt
48811829,48813687,FEM,17.88,8.63,5.82,20201216_161229_024883_1.txt
48813992,48815992,FEM,15.49,7.31,5.1,20201216_161229_024883_1.txt
48818492,48818910,FEM,11.3,5.5,3.44,20201216_161229_024883_1.txt
48829546,48831389,FEM,17.11,8.23,5.57,20201216_161229_024883_1.txt
48831512,48831878,FEM,11.22,5.48,3.41,20201216_161229_024883_1.txt
48831986,48837992,FEM,45.98,22.7,15.88,20201216_161229_024883_1.txt
48840511,48843430,FEM,26.33,12.86,8.71,20201216_161229_024883_1.txt
48859011,48862664,FEM,27.21,12.81,9.18,20201216_161229_024883_1.txt
48862793,48862925,FEM,13.06,6.57,3.98,20201216_161229_024883_1.txt
48863491,48868791,FEM,38.13,18.31,13.15,20201216_161229_024883_1.txt
48869615,48870921,FEM,12.89,6.06,4.12,20201216_161229_024883_1.txt
48874553,48876951,FEM,23.45,11.72,7.72,20201216_161229_024883_1.txt
48880511,48884384,FEM,33.5,16.65,11.26,20201216_161229_024883_1.txt
48892493,48895512,FEM,25.22,12.4,8.47,20201216_161229_024883_1.txt
48899992,48903490,FEM,26.9,12.89,9.05,20201216_161229_024883_1.txt
48904493,48907493,FEM,23.84,11.39,8.0,20201216_161229_024883_1.txt
48914736,48919549,FEM,41.79,21.11,14.18,20201216_161229_024883_1.txt
48922635,48923293,FEM,12.14,5.92,3.76,20201216_161229_024883_1.txt
48925927,48926511,FEM,12.85,6.35,3.99,20201216_161229_024883_1.txt
48928200,48933926,FEM,46.21,23.29,15.91,20201216_161229_024883_1.txt
48941012,48941621,FEM,6.36,2.68,1.83,20201216_161229_024883_1.txt
48942993,48944492,FEM,15.2,7.14,4.87,20201216_161229_024883_1.txt
48951832,48952011,FEM,9.58,4.62,2.83,20201216_161229_024883_1.txt
48955963,48957013,FEM,13.3,6.45,4.22,20201216_161229_024883_1.txt
48961074,48961428,FEM,9.54,4.51,2.84,20201216_161229_024883_1.txt
48963462,48964993,FEM,16.23,7.62,5.16,20201216_161229_024883_1.txt
48965837,48967492,FEM,14.08,6.38,4.58,20201216_161229_024883_1.txt
48973511,48977266,FEM,28.37,13.66,9.64,20201216_161229_024883_1.txt
48979492,48980515,FEM,11.33,5.17,3.5,20201216_161229_024883_1.txt
48982992,48983726,FEM,6.16,2.49,1.78,20201216_161229_024883_1.txt
48988317,48990511,FEM,20.49,9.77,6.7,20201216_161229_024883_1.txt
48991809,48992492,MAL,10.14,4.82,3.1,20201216_161229_024883_1.txt
48992011,48993889,FEM,18.84,9.2,6.09,20201216_161229_024883_1.txt
48995218,48998011,FEM,22.86,10.64,7.53,20201216_161229_024883_1.txt
49004938,49007012,FEM,21.24,10.39,6.93,20201216_161229_024883_1.txt
49008512,49010512,FEM,19.12,9.45,6.26,20201216_161229_024883_1.txt
49015646,49016626,FEM,14.02,6.8,4.39,20201216_161229_024883_1.txt
49018011,49020011,FEM,18.48,8.94,6.05,20201216_161229_024883_1.txt
49022049,49022231,FEM,7.5,3.46,2.14,20201216_161229_024883_1.txt
49029992,49034320,FEM,40.71,20.08,13.42,20201216_161229_024883_1.txt
49033203,49034799,MAL,16.31,7.7,5.26,20201216_161229_024883_1.txt
49062011,49062215,FEM,2.11,0.46,0.35,20201216_161229_024883_1.txt
49065991,49067491,FEM,18.3,9.08,5.91,20201216_161229_024883_1.txt
49069466,49075220,FEM,46.81,23.25,16.01,20201216_161229_024883_1.txt
49079993,49082786,FEM,29.41,15.09,9.82,20201216_161229_024883_1.txt
49096010,49097357,FEM,13.77,6.46,4.42,20201216_161229_024883_1.txt
49098272,49099011,FEM,9.96,4.59,3.05,20201216_161229_024883_1.txt
49108511,49110992,FEM,22.33,10.78,7.36,20201216_161229_024883_1.txt
49116260,49117510,FEM,12.42,5.98,3.96,20201216_161229_024883_1.txt
49117841,49117968,FEM,8.53,4.06,2.47,20201216_161229_024883_1.txt
49118856,49119654,FEM,10.05,4.79,3.09,20201216_161229_024883_1.txt
49124014,49124510,FEM,7.53,3.35,2.2,20201216_161229_024883_1.txt
49130128,49133010,FEM,22.44,10.73,7.51,20201216_161229_024883_1.txt
49140763,49142572,FEM,16.24,7.7,5.32,20201216_161229_024883_1.txt
49143157,49143491,FEM,10.67,5.17,3.22,20201216_161229_024883_1.txt
49145768,49146511,FEM,10.95,5.16,3.38,20201216_161229_024883_1.txt
49151991,49153245,FEM,14.21,6.62,4.5,20201216_161229_024883_1.txt
49155132,49156382,FEM,13.23,6.2,4.17,20201216_161229_024883_1.txt
49156696,49156887,FEM,10.47,5.13,3.13,20201216_161229_024883_1.txt
49157012,49157231,FEM,10.62,5.15,3.18,20201216_161229_024883_1.txt
49160798,49162264,FEM,16.12,7.93,5.17,20201216_161229_024883_1.txt
49166992,49169292,FEM,17.83,8.29,5.88,20201216_161229_024883_1.txt
49171011,49173492,FEM,22.01,10.73,7.3,20201216_161229_024883_1.txt
49184253,49185492,FEM,13.99,6.76,4.48,20201216_161229_024883_1.txt
49190510,49190675,FEM,12.26,6.11,3.72,20201216_161229_024883_1.txt
49190993,49192011,FEM,12.87,6.12,4.07,20201216_161229_024883_1.txt
49195011,49199385,FEM,35.11,17.37,11.99,20201216_161229_024883_1.txt
49204086,49204385,MAL,11.6,5.72,3.52,20201216_161229_024883_1.txt
49210511,49210737,FEM,6.35,2.82,1.76,20201216_161229_024883_1.txt
49220595,49220725,MAL,9.67,4.69,2.85,20201216_161229_024883_1.txt
49221133,49221491,MAL,11.5,5.63,3.5,20201216_161229_024883_1.txt
49244487,49244993,FEM,7.82,3.58,2.3,20201216_161229_024883_1.txt
49251993,49252459,FEM,10.02,4.69,3.02,20201216_161229_024883_1.txt
49256011,49258456,FEM,19.24,9.17,6.38,20201216_161229_024883_1.txt
49261510,49263491,FEM,20.54,9.95,6.68,20201216_161229_024883_1.txt
49265992,49267573,FEM,14.8,6.97,4.75,20201216_161229_024883_1.txt
49280493,49281992,FEM,18.69,9.24,5.98,20201216_161229_024883_1.txt
49287992,49290230,FEM,21.33,10.53,7.04,20201216_161229_024883_1.txt
49292619,49293513,MAL,12.02,5.66,3.76,20201216_161229_024883_1.txt
49303701,49304413,FEM,12.46,6.02,3.83,20201216_161229_024883_1.txt
49309012,49310993,FEM,19.47,9.43,6.38,20201216_161229_024883_1.txt
49316492,49317408,FEM,14.74,7.2,4.67,20201216_161229_024883_1.txt
49321926,49324012,FEM,23.3,11.63,7.67,20201216_161229_024883_1.txt
49328011,49329992,FEM,18.19,8.47,5.95,20201216_161229_024883_1.txt
49331764,49332992,FEM,16.99,8.26,5.37,20201216_161229_024883_1.txt
49338749,49342414,FEM,28.03,13.39,9.51,20201216_161229_024883_1.txt
49343216,49343920,FEM,10.51,4.85,3.23,20201216_161229_024883_1.txt
49344992,49347491,FEM,18.35,8.31,6.14,20201216_161229_024883_1.txt
49366255,49369471,FEM,24.36,11.5,8.21,20201216_161229_024883_1.txt
49372497,49375015,FEM,20.42,9.46,6.78,20201216_161229_024883_1.txt
49375475,49375932,MAL,10.79,5.17,3.28,20201216_161229_024883_1.txt
49375707,49376515,FEM,10.16,4.57,3.13,20201216_161229_024883_1.txt
49387011,49388879,FEM,17.88,8.63,5.83,20201216_161229_024883_1.txt
49394414,49400492,FEM,42.79,20.77,14.83,20201216_161229_024883_1.txt
49404492,49405494,FEM,12.98,6.21,4.05,20201216_161229_024883_1.txt
49409492,49410992,FEM,16.33,7.95,5.25,20201216_161229_024883_1.txt
49414511,49416209,FEM,17.19,8.3,5.57,20201216_161229_024883_1.txt
49416991,49419492,FEM,20.43,9.71,6.83,20201216_161229_024883_1.txt
49420174,49422012,FEM,18.44,8.95,6.01,20201216_161229_024883_1.txt
49441492,49442992,FEM,15.15,7.22,4.86,20201216_161229_024883_1.txt
49446867,49447147,FEM,8.58,4.04,2.51,20201216_161229_024883_1.txt
49464511,49466133,FEM,16.8,8.02,5.42,20201216_161229_024883_1.txt
49467809,49473992,FEM,52.48,26.46,17.97,20201216_161229_024883_1.txt
49478511,49479561,FEM,14.01,6.75,4.45,20201216_161229_024883_1.txt
49479010,49479602,MAL,12.23,5.91,3.78,20201216_161229_024883_1.txt
49484993,49487993,FEM,25.62,12.47,8.59,20201216_161229_024883_1.txt
49488362,49489010,FEM,10.2,4.78,3.06,20201216_161229_024883_1.txt
49493656,49494215,FEM,10.22,4.86,3.11,20201216_161229_024883_1.txt
49494491,49494734,FEM,11.03,5.4,3.32,20201216_161229_024883_1.txt
49495617,49495794,MAL,11.75,5.82,3.55,20201216_161229_024883_1.txt
49499524,49501655,FEM,18.51,8.98,6.13,20201216_161229_024883_1.txt
49513034,49514053,FEM,13.2,6.39,4.12,20201216_161229_024883_1.txt
49513992,49515011,MAL,14.94,7.4,4.7,20201216_161229_024883_1.txt
49514296,49514510,FEM,10.45,5.12,3.13,20201216_161229_024883_1.txt
49516010,49517991,FEM,16.99,7.93,5.55,20201216_161229_024883_1.txt
49518651,49523263,FEM,43.59,22.4,14.75,20201216_161229_024883_1.txt
49525511,49545528,FEM,145.91,73.18,51.43,20201216_161229_024883_1.txt
49538993,49540343,MAL,13.18,6.17,4.17,20201216_161229_024883_1.txt
49547492,49553057,FEM,46.51,23.37,15.88,20201216_161229_024883_1.txt
49557025,49557845,MAL,9.47,4.31,2.9,20201216_161229_024883_1.txt
49558492,49559493,FEM,7.1,2.76,2.09,20201216_161229_024883_1.txt
49582221,49584118,FEM,16.49,7.81,5.37,20201216_161229_024883_1.txt
49587010,49587861,FEM,8.28,3.75,2.51,20201216_161229_024883_1.txt
49587964,49591648,FEM,27.64,13.17,9.33,20201216_161229_024883_1.txt
49593511,49594090,FEM,11.01,5.26,3.32,20201216_161229_024883_1.txt
49596600,49598671,FEM,19.24,9.18,6.26,20201216_161229_024883_1.txt
49603845,49605522,FEM,13.13,6.23,4.27,20201216_161229_024883_1.txt
49610888,49612911,FEM,18.7,8.9,6.07,20201216_161229_024883_1.txt
49615991,49616457,FEM,9.8,4.7,2.95,20201216_161229_024883_1.txt
49618894,49619574,FEM,10.36,4.89,3.17,20201216_161229_024883_1.txt
49625011,49626511,FEM,16.74,8.15,5.39,20201216_161229_024883_1.txt
49632824,49632934,FEM,10.51,5.14,3.13,20201216_161229_024883_1.txt
49635511,49637787,FEM,17.04,7.58,5.56,20201216_161229_024883_1.txt
49638867,49639044,FEM,9.75,4.72,2.88,20201216_161229_024883_1.txt
49639446,49639848,FEM,6.64,2.82,1.89,20201216_161229_024883_1.txt
49661407,49664510,FEM,25.43,12.64,8.6,20201216_161229_024883_1.txt
49667011,49668992,MAL,18.37,9.07,6.01,20201216_161229_024883_1.txt
49677764,49678491,FEM,13.13,6.4,4.05,20201216_161229_024883_1.txt
49694428,49695896,FEM,14.93,7.14,4.78,20201216_161229_024883_1.txt
49697206,49698780,FEM,13.44,6.25,4.3,20201216_161229_024883_1.txt
49700098,49702012,FEM,15.39,7.12,5.01,20201216_161229_024883_1.txt
49704869,49705512,FEM,10.01,4.66,3.05,20201216_161229_024883_1.txt
49708492,49711710,FEM,23.95,11.42,8.02,20201216_161229_024883_1.txt
49711853,49712052,FEM,5.52,2.35,1.48,20201216_161229_024883_1.txt
49718273,49720993,FEM,24.55,11.85,7.93,20201216_161229_024883_1.txt
49722712,49722930,MAL,10.67,5.2,3.2,20201216_161229_024883_1.txt
49722992,49725255,FEM,18.72,8.61,6.07,20201216_161229_024883_1.txt
49725363,49725530,FEM,7.35,3.38,2.08,20201216_161229_024883_1.txt
49725730,49727541,FEM,17.14,8.07,5.52,20201216_161229_024883_1.txt
49728011,49731693,FEM,29.5,14.23,9.84,20201216_161229_024883_1.txt
49730510,49730891,MAL,9.12,4.33,2.71,20201216_161229_024883_1.txt
49732512,49737971,FEM,36.99,17.51,12.74,20201216_161229_024883_1.txt
49733217,49733330,MAL,9.64,4.64,2.84,20201216_161229_024883_1.txt
49733455,49735097,MAL,15.66,7.31,5.0,20201216_161229_024883_1.txt
49738173,49741825,FEM,25.22,11.76,8.57,20201216_161229_024883_1.txt
49747993,49748143,FEM,11.22,5.56,3.37,20201216_161229_024883_1.txt
49749328,49750492,FEM,11.57,5.5,3.61,20201216_161229_024883_1.txt
49752905,49754387,FEM,18.87,9.4,5.93,20201216_161229_024883_1.txt
49756012,49756545,FEM,8.57,4.03,2.55,20201216_161229_024883_1.txt
49758636,49759907,FEM,15.74,7.88,5.01,20201216_161229_024883_1.txt
49762615,49763590,FEM,10.01,4.56,3.05,20201216_161229_024883_1.txt
49770907,49772517,FEM,15.35,7.08,4.89,20201216_161229_024883_1.txt
49776010,49779587,FEM,29.37,14.67,9.94,20201216_161229_024883_1.txt
49782440,49789679,FEM,61.92,31.88,21.3,20201216_161229_024883_1.txt
49790012,49792533,FEM,24.01,11.88,7.87,20201216_161229_024883_1.txt
49795260,49797126,FEM,17.85,8.96,5.87,20201216_161229_024883_1.txt
49805992,49806687,MAL,9.0,4.24,2.72,20201216_161229_024883_1.txt
49817253,49818527,FEM,15.67,7.89,5.04,20201216_161229_024883_1.txt
49819492,49820714,FEM,16.1,8.04,5.12,20201216_161229_024883_1.txt
49828724,49833510,FEM,43.36,21.99,14.6,20201216_161229_024883_1.txt
49852641,49854038,FEM,16.49,8.21,5.28,20201216_161229_024883_1.txt
49857711,49857993,FEM,5.75,2.46,1.57,20201216_161229_024883_1.txt
49872507,49880020,FEM,61.67,31.43,21.31,20201216_161229_024883_1.txt
49885511,49888106,FEM,23.64,11.48,7.81,20201216_161229_024883_1.txt
49888011,49888360,MAL,12.76,6.27,3.92,20201216_161229_024883_1.txt
49890381,49892565,FEM,20.66,10.1,6.81,20201216_161229_024883_1.txt
49892711,49892866,FEM,11.31,5.58,3.4,20201216_161229_024883_1.txt
49896084,49896914,MAL,14.7,7.16,4.59,20201216_161229_024883_1.txt
49897512,49900494,FEM,31.16,15.72,10.28,20201216_161229_024883_1.txt
49902023,49902992,FEM,9.41,4.24,2.91,20201216_161229_024883_1.txt
49903513,49903817,FEM,8.11,3.74,2.36,20201216_161229_024883_1.txt
49903992,49908493,FEM,41.27,21.13,13.96,20201216_161229_024883_1.txt
49909323,49910766,FEM,17.38,8.61,5.53,20201216_161229_024883_1.txt
49912011,49917295,FEM,50.51,26.3,17.17,20201216_161229_024883_1.txt
49918191,49930258,FEM,109.47,57.9,37.9,20201216_161229_024883_1.txt
49929671,49930869,MAL,17.03,8.6,5.48,20201216_161229_024883_1.txt
49934011,49935535,MAL,19.71,9.82,6.33,20201216_161229_024883_1.txt
49936510,49938910,FEM,24.27,12.32,8.04,20201216_161229_024883_1.txt
49942688,49948903,FEM,55.33,28.67,18.93,20201216_161229_024883_1.txt
49949198,49949971,FEM,11.17,5.33,3.41,20201216_161229_024883_1.txt
49950727,49953236,FEM,22.2,11.04,7.37,20201216_161229_024883_1.txt
49953711,49954371,FEM,9.24,4.32,2.8,20201216_161229_024883_1.txt
49956245,49962349,FEM,52.83,27.39,18.18,20201216_161229_024883_1.txt
49962847,49963515,MAL,10.71,5.12,3.23,20201216_161229_024883_1.txt
49965000,49965687,FEM,10.35,4.93,3.17,20201216_161229_024883_1.txt
49967481,49968993,FEM,16.75,8.29,5.39,20201216_161229_024883_1.txt
49970066,49971011,FEM,11.51,5.43,3.55,20201216_161229_024883_1.txt
49974266,49977849,FEM,34.39,17.63,11.51,20201216_161229_024883_1.txt
49978595,49979493,FEM,10.98,5.22,3.37,20201216_161229_024883_1.txt
49980512,49984383,FEM,34.33,17.62,11.64,20201216_161229_024883_1.txt
49984916,49991047,FEM,56.12,29.28,19.23,20201216_161229_024883_1.txt
49991011,49991121,MAL,10.59,5.21,3.15,20201216_161229_024883_1.txt
49993511,49993725,MAL,10.38,5.07,3.1,20201216_161229_024883_1.txt
49995632,49996317,FEM,13.67,6.81,4.28,20201216_161229_024883_1.txt
49997993,49998803,FEM,12.6,6.09,3.89,20201216_161229_024883_1.txt
49998691,49999491,MAL,13.84,6.89,4.35,20201216_161229_024883_1.txt
49999957,50002492,FEM,26.24,13.4,8.67,20201216_161229_024883_1.txt
50002891,50003021,MAL,14.47,7.36,4.45,20201216_161229_024883_1.txt
50003684,50003880,FEM,9.07,4.34,2.66,20201216_161229_024883_1.txt
50003992,50006231,FEM,22.64,11.51,7.47,20201216_161229_024883_1.txt
50007491,50009511,FEM,22.18,11.33,7.29,20201216_161229_024883_1.txt
50011012,50011382,FEM,10.26,4.99,3.09,20201216_161229_024883_1.txt
50011493,50016993,FEM,53.79,28.18,18.24,20201216_161229_024883_1.txt
50020013,50020578,MAL,12.48,6.16,3.86,20201216_161229_024883_1.txt
50022986,50024010,MAL,15.07,7.51,4.75,20201216_161229_024883_1.txt
50023511,50034432,FEM,104.45,54.67,35.56,20201216_161229_024883_1.txt
50027320,50027455,MAL,10.59,5.21,3.16,20201216_161229_024883_1.txt
50027566,50027708,MAL,10.82,5.33,3.24,20201216_161229_024883_1.txt
50035511,50035676,FEM,12.4,6.18,3.76,20201216_161229_024883_1.txt
50035789,50037492,FEM,20.15,10.15,6.5,20201216_161229_024883_1.txt
50038059,50042765,FEM,51.54,26.54,16.99,20201216_161229_024883_1.txt
50045992,50047992,FEM,23.22,11.67,7.47,20201216_161229_024883_1.txt
50048130,50048425,FEM,8.92,4.24,2.63,20201216_161229_024883_1.txt
50049011,50050712,FEM,19.95,10.13,6.49,20201216_161229_024883_1.txt
50051280,50056010,FEM,49.83,25.67,16.48,20201216_161229_024883_1.txt
50058975,50060664,FEM,19.72,9.89,6.36,20201216_161229_024883_1.txt
50059485,50060523,MAL,13.47,6.65,4.27,20201216_161229_024883_1.txt
50061000,50062858,FEM,21.39,10.88,6.99,20201216_161229_024883_1.txt
50067005,50068512,FEM,20.23,10.13,6.39,20201216_161229_024883_1.txt
50071011,50072493,FEM,19.71,9.95,6.32,20201216_161229_024883_1.txt
50078010,50080761,FEM,28.12,14.46,9.33,20201216_161229_024883_1.txt
50082503,50083833,FEM,15.78,7.86,5.04,20201216_161229_024883_1.txt
50084492,50088102,FEM,34.87,18.16,11.78,20201216_161229_024883_1.txt
50089511,50095011,FEM,60.15,31.11,19.84,20201216_161229_024883_1.txt
50096011,50097511,FEM,16.93,8.46,5.45,20201216_161229_024883_1.txt
50101266,50106170,FEM,53.13,27.43,17.5,20201216_161229_024883_1.txt
50110044,50112906,FEM,29.26,15.05,9.73,20201216_161229_024883_1.txt
50113011,50116011,FEM,33.34,17.07,10.9,20201216_161229_024883_1.txt
50117889,50121264,FEM,37.07,19.04,12.16,20201216_161229_024883_1.txt
50122511,50124413,FEM,22.54,11.5,7.33,20201216_161229_024883_1.txt
50125152,50125277,MAL,10.81,5.33,3.23,20201216_161229_024883_1.txt
50129390,50132767,FEM,31.73,16.26,10.69,20201216_161229_024883_1.txt
50135564,50137651,FEM,20.59,10.39,6.82,20201216_161229_024883_1.txt
50139056,50141012,FEM,23.17,11.65,7.44,20201216_161229_024883_1.txt
50143598,50147719,FEM,38.44,20.03,13.06,20201216_161229_024883_1.txt
50151493,50156714,FEM,54.66,28.35,18.17,20201216_161229_024883_1.txt
50156916,50157591,MAL,12.21,6.01,3.79,20201216_161229_024883_1.txt
50159010,50159562,FEM,12.14,6.0,3.75,20201216_161229_024883_1.txt
50160625,50166511,FEM,59.02,30.71,19.79,20201216_161229_024883_1.txt
50168059,50169026,MAL,14.79,7.37,4.7,20201216_161229_024883_1.txt
50171672,50174011,FEM,25.1,12.82,8.26,20201216_161229_024883_1.txt
50180825,50181519,FEM,10.34,4.99,3.17,20201216_161229_024883_1.txt
50183997,50187492,FEM,35.67,18.33,11.82,20201216_161229_024883_1.txt
50192769,50202789,FEM,89.91,47.49,31.15,20201216_161229_024883_1.txt
50206151,50208947,FEM,25.09,12.77,8.38,20201216_161229_024883_1.txt
50214092,50214197,MAL,14.43,7.35,4.43,20201216_161229_024883_1.txt
50216492,50218090,FEM,20.77,10.37,6.59,20201216_161229_024883_1.txt
50218993,50223429,FEM,46.43,23.91,15.35,20201216_161229_024883_1.txt
50222587,50223907,MAL,17.0,8.46,5.39,20201216_161229_024883_1.txt
50227493,50231227,FEM,40.16,20.47,13.14,20201216_161229_024883_1.txt
50237992,50239151,MAL,17.79,8.89,5.68,20201216_161229_024883_1.txt
50240323,50240991,MAL,13.32,6.63,4.16,20201216_161229_024883_1.txt
50242645,50243170,MAL,13.75,6.88,4.28,20201216_161229_024883_1.txt
50246733,50247772,FEM,13.86,6.8,4.35,20201216_161229_024883_1.txt
50249703,50252322,FEM,27.84,14.02,9.06,20201216_161229_024883_1.txt
50253141,50256452,MAL,34.53,17.75,11.56,20201216_161229_024883_1.txt
50260434,50261511,MAL,18.88,9.53,5.97,20201216_161229_024883_1.txt
50276958,50279315,FEM,25.76,13.03,8.38,20201216_161229_024883_1.txt
50290063,50290460,MAL,12.45,6.19,3.82,20201216_161229_024883_1.txt
50290757,50291143,MAL,11.69,5.76,3.57,20201216_161229_024883_1.txt
50292392,50292510,MAL,14.25,7.25,4.37,20201216_161229_024883_1.txt
50298773,50299686,MAL,17.84,8.97,5.6,20201216_161229_024883_1.txt
50304026,50305491,MAL,20.08,10.18,6.49,20201216_161229_024883_1.txt
50311290,50312461,FEM,14.58,7.27,4.66,20201216_161229_024883_1.txt
50316512,50319028,FEM,26.69,13.72,8.82,20201216_161229_024883_1.txt
50324993,50327492,FEM,25.86,13.25,8.54,20201216_161229_024883_1.txt
50327929,50328093,FEM,5.99,2.65,1.63,20201216_161229_024883_1.txt
50330071,50331073,FEM,14.52,7.29,4.61,20201216_161229_024883_1.txt
50332639,50335511,FEM,31.98,16.34,10.43,20201216_161229_024883_1.txt
50339510,50339626,FEM,8.59,4.1,2.49,20201216_161229_024883_1.txt
50340123,50343491,FEM,32.92,17.14,11.09,20201216_161229_024883_1.txt
50350253,50352123,FEM,20.48,10.42,6.69,20201216_161229_024883_1.txt
50352231,50352493,FEM,11.43,5.66,3.46,20201216_161229_024883_1.txt
50352627,50352764,FEM,10.09,4.92,2.99,20201216_161229_024883_1.txt
50353993,50358492,FEM,40.93,20.95,13.79,20201216_161229_024883_1.txt
50358203,50359511,MAL,14.57,7.21,4.68,20201216_161229_024883_1.txt
50360493,50362007,FEM,16.63,8.18,5.3,20201216_161229_024883_1.txt
50407523,50413611,FEM,43.01,20.9,14.85,20201216_161229_024883_1.txt
50414842,50421416,FEM,53.12,27.2,18.36,20201216_161229_024883_1.txt
50434424,50439011,FEM,39.9,20.36,13.62,20201216_161229_024883_1.txt
50440155,50441896,FEM,17.6,8.62,5.71,20201216_161229_024883_1.txt
50442492,50443511,FEM,11.98,5.76,3.77,20201216_161229_024883_1.txt
50446189,50447703,FEM,16.5,8.08,5.31,20201216_161229_024883_1.txt
