segment_onset,segment_offset,speaker_type,phonemes,syllables,words,raw_filename
78322,80021,FEM,18.6,9.11,5.93,20211112_120550_043300_1.txt
78773,79303,MAL,10.05,4.74,2.99,20211112_120550_043300_1.txt
79427,79662,MAL,9.32,4.41,2.75,20211112_120550_043300_1.txt
79805,81511,MAL,18.13,8.84,5.83,20211112_120550_043300_1.txt
82492,83511,FEM,12.21,5.86,3.8,20211112_120550_043300_1.txt
85205,86579,MAL,15.47,7.58,4.94,20211112_120550_043300_1.txt
86511,86668,FEM,11.71,5.82,3.53,20211112_120550_043300_1.txt
86927,89851,FEM,25.37,12.78,8.5,20211112_120550_043300_1.txt
90556,91665,FEM,12.67,6.08,4.02,20211112_120550_043300_1.txt
101491,110474,FEM,72.99,37.32,25.28,20211112_120550_043300_1.txt
110889,112511,FEM,16.58,8.14,5.35,20211112_120550_043300_1.txt
113511,114991,FEM,13.91,6.64,4.49,20211112_120550_043300_1.txt
117011,118756,FEM,18.8,9.3,6.06,20211112_120550_043300_1.txt
120376,123488,MAL,24.83,12.03,8.35,20211112_120550_043300_1.txt
124499,126492,FEM,17.69,8.44,5.73,20211112_120550_043300_1.txt
126244,128490,MAL,19.27,9.22,6.35,20211112_120550_043300_1.txt
128824,130989,MAL,19.75,9.55,6.5,20211112_120550_043300_1.txt
131963,133011,MAL,11.64,5.51,3.61,20211112_120550_043300_1.txt
134053,134991,FEM,11.01,5.28,3.43,20211112_120550_043300_1.txt
135496,139647,FEM,33.7,16.87,11.48,20211112_120550_043300_1.txt
138567,139600,MAL,13.19,6.32,4.12,20211112_120550_043300_1.txt
139818,140993,MAL,13.21,6.13,4.15,20211112_120550_043300_1.txt
140992,147393,FEM,56.79,29.41,19.4,20211112_120550_043300_1.txt
146246,148511,MAL,22.76,11.21,7.41,20211112_120550_043300_1.txt
147528,152493,FEM,41.35,21.1,14.17,20211112_120550_043300_1.txt
148691,148855,MAL,10.53,5.16,3.14,20211112_120550_043300_1.txt
152493,155512,MAL,27.15,13.73,9.11,20211112_120550_043300_1.txt
156372,159192,FEM,27.3,13.74,9.02,20211112_120550_043300_1.txt
159901,163494,FEM,31.08,15.52,10.46,20211112_120550_043300_1.txt
162152,164217,MAL,19.84,9.73,6.51,20211112_120550_043300_1.txt
165297,166492,FEM,14.83,7.28,4.7,20211112_120550_043300_1.txt
167358,171921,FEM,39.72,20.19,13.45,20211112_120550_043300_1.txt
171011,173011,MAL,20.43,10.2,6.65,20211112_120550_043300_1.txt
173011,175993,FEM,25.77,12.75,8.59,20211112_120550_043300_1.txt
182993,186717,FEM,34.55,17.51,11.59,20211112_120550_043300_1.txt
187311,189577,FEM,22.19,11.12,7.33,20211112_120550_043300_1.txt
187572,187682,MAL,9.42,4.56,2.76,20211112_120550_043300_1.txt
190011,192230,MAL,22.34,11.16,7.37,20211112_120550_043300_1.txt
192360,192588,MAL,9.99,4.85,2.97,20211112_120550_043300_1.txt
192464,195937,FEM,32.07,16.39,10.83,20211112_120550_043300_1.txt
196628,198062,FEM,15.61,7.72,5.0,20211112_120550_043300_1.txt
201049,201170,FEM,11.61,5.77,3.5,20211112_120550_043300_1.txt
201471,208511,FEM,60.87,31.6,21.02,20211112_120550_043300_1.txt
208798,208990,FEM,10.01,4.86,2.98,20211112_120550_043300_1.txt
210276,213511,FEM,30.04,15.32,10.11,20211112_120550_043300_1.txt
215511,217492,FEM,19.82,9.9,6.49,20211112_120550_043300_1.txt
219584,224763,FEM,44.27,22.21,14.97,20211112_120550_043300_1.txt
226947,230909,FEM,30.38,14.83,10.34,20211112_120550_043300_1.txt
227089,227197,MAL,9.87,4.81,2.91,20211112_120550_043300_1.txt
231312,231511,FEM,6.84,3.06,1.92,20211112_120550_043300_1.txt
231424,232577,MAL,9.67,4.16,2.97,20211112_120550_043300_1.txt
232499,233020,FEM,9.06,4.28,2.71,20211112_120550_043300_1.txt
234360,235357,FEM,12.1,5.88,3.81,20211112_120550_043300_1.txt
236522,237872,FEM,16.11,8.0,5.15,20211112_120550_043300_1.txt
239011,239527,FEM,9.97,4.79,3.01,20211112_120550_043300_1.txt
242411,244674,FEM,22.51,11.01,7.33,20211112_120550_043300_1.txt
242492,242990,MAL,9.92,4.75,2.99,20211112_120550_043300_1.txt
245104,245992,FEM,11.79,5.72,3.69,20211112_120550_043300_1.txt
246368,250391,FEM,35.45,18.22,12.04,20211112_120550_043300_1.txt
251011,256669,FEM,49.2,25.48,16.9,20211112_120550_043300_1.txt
257641,260061,FEM,23.91,11.73,7.77,20211112_120550_043300_1.txt
257651,258021,MAL,10.68,5.2,3.23,20211112_120550_043300_1.txt
261011,262511,FEM,15.02,7.16,4.76,20211112_120550_043300_1.txt
264490,265106,MAL,8.34,3.67,2.49,20211112_120550_043300_1.txt
266993,271060,FEM,35.99,18.41,12.23,20211112_120550_043300_1.txt
273849,274381,FEM,8.72,4.08,2.6,20211112_120550_043300_1.txt
277493,279769,FEM,19.31,9.35,6.37,20211112_120550_043300_1.txt
280760,282186,FEM,15.28,7.28,4.88,20211112_120550_043300_1.txt
281657,281838,MAL,8.02,3.62,2.31,20211112_120550_043300_1.txt
290375,291992,FEM,16.39,8.01,5.29,20211112_120550_043300_1.txt
295010,316023,FEM,171.2,88.97,60.02,20211112_120550_043300_1.txt
315492,318940,MAL,32.63,16.72,11.01,20211112_120550_043300_1.txt
316126,316492,FEM,10.82,5.26,3.27,20211112_120550_043300_1.txt
319012,321169,FEM,21.17,10.5,6.97,20211112_120550_043300_1.txt
321511,324464,FEM,28.57,14.54,9.57,20211112_120550_043300_1.txt
324032,324818,MAL,12.3,6.03,3.84,20211112_120550_043300_1.txt
324992,325276,FEM,10.61,5.18,3.19,20211112_120550_043300_1.txt
326435,327993,MAL,18.81,9.36,6.08,20211112_120550_043300_1.txt
327491,329562,FEM,20.84,10.36,6.84,20211112_120550_043300_1.txt
330500,332512,FEM,19.9,9.8,6.52,20211112_120550_043300_1.txt
332576,334518,MAL,20.12,9.99,6.59,20211112_120550_043300_1.txt
333992,342271,FEM,68.03,34.69,23.51,20211112_120550_043300_1.txt
342492,345062,FEM,24.49,12.22,8.09,20211112_120550_043300_1.txt
345992,348012,FEM,18.09,8.61,5.92,20211112_120550_043300_1.txt
351493,356945,FEM,43.12,21.44,14.84,20211112_120550_043300_1.txt
357055,358100,MAL,13.77,6.68,4.32,20211112_120550_043300_1.txt
358012,359131,FEM,13.71,6.48,4.31,20211112_120550_043300_1.txt
361118,361459,FEM,8.84,4.18,2.61,20211112_120550_043300_1.txt
361277,361512,MAL,9.67,4.67,2.87,20211112_120550_043300_1.txt
362801,362998,FEM,10.81,5.3,3.24,20211112_120550_043300_1.txt
364124,370994,FEM,52.29,25.94,18.08,20211112_120550_043300_1.txt
371399,371500,FEM,12.51,6.25,3.79,20211112_120550_043300_1.txt
371621,377963,FEM,49.64,24.71,17.05,20211112_120550_043300_1.txt
378567,381125,FEM,22.37,11.09,7.44,20211112_120550_043300_1.txt
385584,386011,MAL,9.57,4.57,2.87,20211112_120550_043300_1.txt
389630,396491,FEM,54.46,26.96,18.59,20211112_120550_043300_1.txt
395992,398942,MAL,25.11,12.16,8.36,20211112_120550_043300_1.txt
398204,398511,FEM,9.18,4.35,2.72,20211112_120550_043300_1.txt
401012,403010,MAL,20.42,10.06,6.69,20211112_120550_043300_1.txt
404524,405010,FEM,9.94,4.77,3.0,20211112_120550_043300_1.txt
406492,408492,FEM,19.23,9.45,6.3,20211112_120550_043300_1.txt
407511,410959,MAL,28.22,13.62,9.43,20211112_120550_043300_1.txt
410007,414511,FEM,35.89,17.81,12.27,20211112_120550_043300_1.txt
416154,416702,MAL,10.22,4.91,3.1,20211112_120550_043300_1.txt
416327,417301,FEM,12.39,6.01,3.9,20211112_120550_043300_1.txt
416804,416919,MAL,10.84,5.35,3.24,20211112_120550_043300_1.txt
420512,422012,FEM,17.12,8.39,5.51,20211112_120550_043300_1.txt
426306,427411,MAL,13.06,6.19,4.09,20211112_120550_043300_1.txt
428061,429774,FEM,17.08,8.36,5.53,20211112_120550_043300_1.txt
430839,433274,FEM,21.38,10.37,7.09,20211112_120550_043300_1.txt
435993,436897,MAL,12.21,5.87,3.83,20211112_120550_043300_1.txt
438649,439089,FEM,9.87,4.62,2.97,20211112_120550_043300_1.txt
439511,439670,FEM,10.81,5.3,3.23,20211112_120550_043300_1.txt
439919,442754,FEM,22.86,10.9,7.6,20211112_120550_043300_1.txt
443009,444909,FEM,18.03,8.79,5.88,20211112_120550_043300_1.txt
446492,447511,FEM,12.98,6.14,4.0,20211112_120550_043300_1.txt
447279,447632,MAL,8.54,4.0,2.51,20211112_120550_043300_1.txt
448511,450993,FEM,22.19,10.98,7.37,20211112_120550_043300_1.txt
450318,450856,MAL,9.56,4.56,2.88,20211112_120550_043300_1.txt
454418,455680,FEM,13.69,6.61,4.33,20211112_120550_043300_1.txt
454992,456659,MAL,17.4,8.5,5.58,20211112_120550_043300_1.txt
455991,456224,FEM,10.39,5.06,3.11,20211112_120550_043300_1.txt
456511,460200,FEM,32.1,16.04,10.76,20211112_120550_043300_1.txt
456992,457097,MAL,11.19,5.53,3.35,20211112_120550_043300_1.txt
457466,457861,MAL,8.77,4.12,2.6,20211112_120550_043300_1.txt
459049,460095,MAL,12.33,5.83,3.84,20211112_120550_043300_1.txt
462498,463811,FEM,14.39,6.94,4.57,20211112_120550_043300_1.txt
475934,478325,FEM,21.75,10.25,7.15,20211112_120550_043300_1.txt
479264,479416,FEM,13.1,6.55,4.0,20211112_120550_043300_1.txt
483221,483511,MAL,13.27,6.57,4.08,20211112_120550_043300_1.txt
483634,483739,MAL,14.16,7.16,4.34,20211112_120550_043300_1.txt
484309,484434,MAL,12.19,6.08,3.69,20211112_120550_043300_1.txt
485492,490992,FEM,42.81,20.63,14.53,20211112_120550_043300_1.txt
489998,493494,MAL,33.89,16.75,11.22,20211112_120550_043300_1.txt
493012,496493,FEM,39.18,19.75,12.77,20211112_120550_043300_1.txt
494353,498536,MAL,44.57,22.59,14.69,20211112_120550_043300_1.txt
497777,498406,FEM,13.55,6.72,4.17,20211112_120550_043300_1.txt
498511,505733,FEM,62.64,31.8,21.32,20211112_120550_043300_1.txt
504993,507219,MAL,22.23,10.88,7.28,20211112_120550_043300_1.txt
506905,507880,FEM,14.04,6.82,4.4,20211112_120550_043300_1.txt
508449,520515,FEM,91.05,46.02,31.87,20211112_120550_043300_1.txt
522145,526492,FEM,41.41,21.03,13.87,20211112_120550_043300_1.txt
523454,524067,MAL,12.02,5.8,3.66,20211112_120550_043300_1.txt
528439,531370,FEM,20.47,8.97,6.76,20211112_120550_043300_1.txt
531034,533489,MAL,18.12,7.89,5.95,20211112_120550_043300_1.txt
534511,537052,MAL,19.67,8.97,6.48,20211112_120550_043300_1.txt
536510,536795,FEM,8.78,4.16,2.58,20211112_120550_043300_1.txt
538518,539566,MAL,12.89,6.05,3.97,20211112_120550_043300_1.txt
540278,542467,FEM,19.86,9.39,6.44,20211112_120550_043300_1.txt
541510,541802,MAL,8.65,4.07,2.54,20211112_120550_043300_1.txt
543491,543673,MAL,8.51,4.01,2.47,20211112_120550_043300_1.txt
543812,544011,MAL,10.41,5.08,3.11,20211112_120550_043300_1.txt
545218,548547,FEM,22.01,9.45,7.39,20211112_120550_043300_1.txt
550054,550498,FEM,8.08,3.72,2.38,20211112_120550_043300_1.txt
554492,554669,MAL,13.97,7.03,4.29,20211112_120550_043300_1.txt
554777,555018,MAL,13.22,6.55,4.05,20211112_120550_043300_1.txt
556708,560512,FEM,25.46,11.61,8.68,20211112_120550_043300_1.txt
563183,563365,FEM,7.23,3.3,2.05,20211112_120550_043300_1.txt
564216,566443,FEM,16.37,7.41,5.33,20211112_120550_043300_1.txt
565172,565309,MAL,5.78,2.5,1.55,20211112_120550_043300_1.txt
567866,571346,FEM,29.11,14.21,9.68,20211112_120550_043300_1.txt
572160,574011,FEM,17.83,8.52,5.7,20211112_120550_043300_1.txt
577474,582010,MAL,48.66,24.73,15.95,20211112_120550_043300_1.txt
581189,581511,FEM,9.29,4.45,2.76,20211112_120550_043300_1.txt
592993,593511,FEM,10.76,5.23,3.28,20211112_120550_043300_1.txt
594074,595468,MAL,18.85,9.37,6.07,20211112_120550_043300_1.txt
596992,598511,FEM,18.14,8.74,5.85,20211112_120550_043300_1.txt
601400,602277,MAL,13.92,6.75,4.39,20211112_120550_043300_1.txt
602011,602384,FEM,13.3,6.62,4.1,20211112_120550_043300_1.txt
603512,605010,MAL,17.93,8.71,5.73,20211112_120550_043300_1.txt
604662,604794,FEM,13.05,6.52,3.98,20211112_120550_043300_1.txt
605656,607533,FEM,22.67,11.32,7.26,20211112_120550_043300_1.txt
609110,609328,MAL,13.4,6.75,4.11,20211112_120550_043300_1.txt
609491,609992,FEM,12.06,5.85,3.71,20211112_120550_043300_1.txt
613948,621010,FEM,56.43,28.26,19.44,20211112_120550_043300_1.txt
619446,619743,MAL,7.8,3.62,2.26,20211112_120550_043300_1.txt
620312,620455,MAL,8.15,3.84,2.34,20211112_120550_043300_1.txt
621511,623511,FEM,19.2,9.4,6.24,20211112_120550_043300_1.txt
624491,625623,FEM,10.7,5.04,3.36,20211112_120550_043300_1.txt
625992,628616,MAL,22.91,10.94,7.58,20211112_120550_043300_1.txt
635011,636518,FEM,18.83,9.24,6.08,20211112_120550_043300_1.txt
636663,639695,FEM,30.6,15.22,10.0,20211112_120550_043300_1.txt
640511,645946,FEM,46.84,22.8,15.55,20211112_120550_043300_1.txt
644509,646652,MAL,22.12,10.64,7.07,20211112_120550_043300_1.txt
646923,648216,MAL,15.15,7.22,4.66,20211112_120550_043300_1.txt
647104,650379,FEM,26.05,11.9,8.42,20211112_120550_043300_1.txt
654991,661992,FEM,52.9,25.91,18.2,20211112_120550_043300_1.txt
656512,657930,MAL,13.07,5.98,4.2,20211112_120550_043300_1.txt
663204,666873,FEM,33.2,16.84,11.23,20211112_120550_043300_1.txt
671601,674696,MAL,27.24,13.44,9.15,20211112_120550_043300_1.txt
673512,673625,FEM,12.91,6.49,3.93,20211112_120550_043300_1.txt
673993,676492,FEM,24.15,11.79,7.97,20211112_120550_043300_1.txt
674843,674988,MAL,11.67,5.76,3.52,20211112_120550_043300_1.txt
675785,675901,MAL,11.85,5.89,3.57,20211112_120550_043300_1.txt
679055,680314,MAL,16.44,8.09,5.24,20211112_120550_043300_1.txt
681011,682445,MAL,17.75,8.69,5.71,20211112_120550_043300_1.txt
682012,685382,FEM,31.35,15.63,10.51,20211112_120550_043300_1.txt
686492,687992,FEM,18.7,9.2,6.04,20211112_120550_043300_1.txt
695491,697238,FEM,15.81,7.65,5.12,20211112_120550_043300_1.txt
697759,700100,FEM,19.95,9.67,6.6,20211112_120550_043300_1.txt
703991,704124,MAL,9.89,4.78,2.93,20211112_120550_043300_1.txt
704408,704877,MAL,9.22,4.17,2.76,20211112_120550_043300_1.txt
705009,706140,MAL,13.06,6.06,4.15,20211112_120550_043300_1.txt
705993,707021,FEM,12.27,5.56,3.81,20211112_120550_043300_1.txt
709390,709800,FEM,9.39,4.41,2.8,20211112_120550_043300_1.txt
712511,712668,FEM,6.4,2.87,1.77,20211112_120550_043300_1.txt
712997,719992,FEM,52.84,26.24,18.28,20211112_120550_043300_1.txt
719140,719258,MAL,11.58,5.76,3.49,20211112_120550_043300_1.txt
721570,723858,FEM,19.95,9.63,6.53,20211112_120550_043300_1.txt
732993,736570,FEM,29.3,14.49,9.92,20211112_120550_043300_1.txt
738099,739493,FEM,13.86,6.56,4.41,20211112_120550_043300_1.txt
743511,751012,FEM,57.8,28.88,19.97,20211112_120550_043300_1.txt
746670,748013,MAL,14.64,6.89,4.6,20211112_120550_043300_1.txt
749513,750988,MAL,16.95,8.38,5.45,20211112_120550_043300_1.txt
753516,754579,FEM,9.9,4.6,3.08,20211112_120550_043300_1.txt
754699,754805,FEM,9.12,4.39,2.66,20211112_120550_043300_1.txt
755583,755716,FEM,10.13,4.92,3.0,20211112_120550_043300_1.txt
755895,756010,FEM,11.83,5.89,3.57,20211112_120550_043300_1.txt
757991,758789,FEM,10.91,5.25,3.38,20211112_120550_043300_1.txt
760285,760408,FEM,9.73,4.73,2.87,20211112_120550_043300_1.txt
762011,764011,FEM,20.06,10.0,6.58,20211112_120550_043300_1.txt
765492,767363,FEM,20.54,10.09,6.61,20211112_120550_043300_1.txt
768547,769894,MAL,15.05,7.14,4.74,20211112_120550_043300_1.txt
768879,768994,FEM,10.69,5.27,3.19,20211112_120550_043300_1.txt
769346,769510,FEM,8.35,3.95,2.42,20211112_120550_043300_1.txt
775933,777377,FEM,14.59,6.8,4.61,20211112_120550_043300_1.txt
778407,779121,FEM,7.85,3.61,2.34,20211112_120550_043300_1.txt
779990,783512,MAL,30.83,15.07,10.26,20211112_120550_043300_1.txt
779993,781362,FEM,15.07,7.15,4.75,20211112_120550_043300_1.txt
783020,783169,FEM,7.68,3.58,2.19,20211112_120550_043300_1.txt
784418,788883,FEM,34.88,17.2,11.93,20211112_120550_043300_1.txt
787345,787480,MAL,7.99,3.76,2.29,20211112_120550_043300_1.txt
789991,792892,FEM,26.16,12.94,8.76,20211112_120550_043300_1.txt
793619,793735,FEM,11.29,5.58,3.39,20211112_120550_043300_1.txt
795639,797492,FEM,19.4,9.39,6.28,20211112_120550_043300_1.txt
797636,801740,FEM,36.09,18.41,12.17,20211112_120550_043300_1.txt
802513,804990,MAL,21.32,9.78,6.92,20211112_120550_043300_1.txt
803793,805344,FEM,14.69,6.6,4.66,20211112_120550_043300_1.txt
805992,807511,FEM,17.14,8.11,5.41,20211112_120550_043300_1.txt
806088,806555,MAL,11.06,5.25,3.32,20211112_120550_043300_1.txt
806799,806932,MAL,11.91,5.93,3.6,20211112_120550_043300_1.txt
807067,807207,MAL,9.07,4.33,2.65,20211112_120550_043300_1.txt
809047,813993,FEM,44.14,21.68,14.67,20211112_120550_043300_1.txt
818993,821517,MAL,22.26,10.67,7.34,20211112_120550_043300_1.txt
823682,826279,FEM,16.63,6.93,5.48,20211112_120550_043300_1.txt
826414,832280,FEM,53.02,26.62,17.79,20211112_120550_043300_1.txt
830993,833511,MAL,19.68,9.15,6.48,20211112_120550_043300_1.txt
832398,835945,FEM,27.95,13.16,9.3,20211112_120550_043300_1.txt
836690,840126,FEM,30.25,14.66,9.95,20211112_120550_043300_1.txt
839511,840316,MAL,7.48,2.99,2.24,20211112_120550_043300_1.txt
841261,841491,MAL,10.15,4.86,3.03,20211112_120550_043300_1.txt
841649,841843,MAL,7.85,3.58,2.25,20211112_120550_043300_1.txt
844493,845171,MAL,8.65,3.78,2.6,20211112_120550_043300_1.txt
849012,852365,FEM,27.57,13.01,9.09,20211112_120550_043300_1.txt
852431,853293,MAL,12.35,5.85,3.81,20211112_120550_043300_1.txt
853011,854013,FEM,13.57,6.53,4.24,20211112_120550_043300_1.txt
853443,853563,MAL,10.99,5.43,3.29,20211112_120550_043300_1.txt
856992,857348,MAL,12.14,5.98,3.71,20211112_120550_043300_1.txt
856992,859012,FEM,21.0,10.28,6.84,20211112_120550_043300_1.txt
868025,870011,MAL,12.7,5.14,4.12,20211112_120550_043300_1.txt
871307,872554,MAL,16.71,8.15,5.33,20211112_120550_043300_1.txt
872173,874740,FEM,19.88,9.28,6.61,20211112_120550_043300_1.txt
876012,886037,FEM,72.93,35.59,25.22,20211112_120550_043300_1.txt
887029,887260,FEM,6.14,2.59,1.69,20211112_120550_043300_1.txt
887510,887856,FEM,7.09,3.1,2.03,20211112_120550_043300_1.txt
888308,890011,FEM,5.6,0.98,1.71,20211112_120550_043300_1.txt
890492,892912,MAL,24.32,12.12,8.06,20211112_120550_043300_1.txt
892099,892209,FEM,12.15,6.07,3.67,20211112_120550_043300_1.txt
892492,895160,FEM,25.84,12.88,8.56,20211112_120550_043300_1.txt
895492,898011,FEM,23.51,11.39,7.76,20211112_120550_043300_1.txt
900511,902992,FEM,22.29,10.87,7.35,20211112_120550_043300_1.txt
901493,902011,MAL,7.94,3.6,2.34,20211112_120550_043300_1.txt
905048,905510,FEM,11.43,5.61,3.49,20211112_120550_043300_1.txt
907011,909628,FEM,22.64,10.86,7.54,20211112_120550_043300_1.txt
911883,916011,FEM,32.32,15.79,10.97,20211112_120550_043300_1.txt
925992,929510,MAL,29.97,14.41,10.03,20211112_120550_043300_1.txt
931011,931492,FEM,10.62,5.08,3.22,20211112_120550_043300_1.txt
931838,937034,FEM,44.03,21.34,14.73,20211112_120550_043300_1.txt
932882,932992,MAL,13.03,6.56,3.97,20211112_120550_043300_1.txt
934796,940108,MAL,44.95,21.87,15.06,20211112_120550_043300_1.txt
939492,941431,FEM,20.59,10.12,6.69,20211112_120550_043300_1.txt
940289,940491,MAL,10.19,4.97,3.04,20211112_120550_043300_1.txt
940886,943969,MAL,27.26,13.26,9.05,20211112_120550_043300_1.txt
944769,945493,FEM,11.02,5.2,3.4,20211112_120550_043300_1.txt
946310,952495,FEM,51.16,25.71,17.54,20211112_120550_043300_1.txt
958011,960082,FEM,16.98,7.75,5.51,20211112_120550_043300_1.txt
961511,963620,FEM,17.76,8.11,5.82,20211112_120550_043300_1.txt
965805,967692,MAL,16.88,7.83,5.49,20211112_120550_043300_1.txt
968510,970010,FEM,17.3,8.33,5.52,20211112_120550_043300_1.txt
971657,974025,FEM,20.83,9.96,6.84,20211112_120550_043300_1.txt
974214,974548,FEM,7.58,3.46,2.19,20211112_120550_043300_1.txt
975011,976992,FEM,17.85,8.37,5.83,20211112_120550_043300_1.txt
977221,977550,MAL,8.5,3.99,2.49,20211112_120550_043300_1.txt
977704,977861,FEM,9.45,4.55,2.78,20211112_120550_043300_1.txt
977876,978011,MAL,8.76,4.17,2.55,20211112_120550_043300_1.txt
977989,981511,FEM,26.54,12.42,8.94,20211112_120550_043300_1.txt
988234,989609,MAL,19.22,9.46,6.03,20211112_120550_043300_1.txt
990728,991946,FEM,15.73,7.65,5.0,20211112_120550_043300_1.txt
992464,993492,FEM,13.1,6.28,4.09,20211112_120550_043300_1.txt
995011,999733,FEM,37.38,18.18,12.7,20211112_120550_043300_1.txt
1000510,1003063,FEM,25.3,12.38,8.31,20211112_120550_043300_1.txt
1009010,1010424,FEM,15.67,7.71,5.01,20211112_120550_043300_1.txt
1010642,1012169,MAL,16.36,7.76,5.21,20211112_120550_043300_1.txt
1011513,1011849,FEM,8.79,4.09,2.59,20211112_120550_043300_1.txt
1014130,1015659,MAL,15.27,7.15,4.85,20211112_120550_043300_1.txt
1016012,1019303,FEM,32.93,16.37,10.81,20211112_120550_043300_1.txt
1019512,1021012,MAL,16.33,7.81,5.25,20211112_120550_043300_1.txt
1020806,1021012,FEM,12.87,6.42,3.93,20211112_120550_043300_1.txt
1023062,1023514,FEM,11.48,5.64,3.51,20211112_120550_043300_1.txt
1023072,1023485,MAL,11.25,5.52,3.42,20211112_120550_043300_1.txt
1025106,1025371,MAL,10.95,5.37,3.3,20211112_120550_043300_1.txt
1025490,1025976,FEM,11.27,5.48,3.44,20211112_120550_043300_1.txt
1026938,1029841,FEM,27.93,13.42,9.09,20211112_120550_043300_1.txt
1032544,1033011,MAL,8.77,4.12,2.61,20211112_120550_043300_1.txt
1032750,1033511,FEM,10.41,4.97,3.2,20211112_120550_043300_1.txt
1033361,1033477,MAL,12.12,6.05,3.67,20211112_120550_043300_1.txt
1039993,1043012,FEM,27.63,13.7,9.22,20211112_120550_043300_1.txt
1045992,1047695,FEM,18.96,9.0,5.95,20211112_120550_043300_1.txt
1046728,1048439,MAL,15.69,7.02,4.96,20211112_120550_043300_1.txt
1050531,1055891,FEM,41.33,20.52,14.23,20211112_120550_043300_1.txt
1054664,1054942,MAL,10.39,5.06,3.12,20211112_120550_043300_1.txt
1057023,1058603,MAL,18.89,9.44,6.11,20211112_120550_043300_1.txt
1058010,1059336,FEM,15.89,7.71,5.07,20211112_120550_043300_1.txt
1061353,1063290,FEM,23.23,11.64,7.52,20211112_120550_043300_1.txt
1064105,1066201,FEM,22.32,11.19,7.29,20211112_120550_043300_1.txt
1065601,1066300,MAL,11.35,5.51,3.51,20211112_120550_043300_1.txt
1067172,1068512,MAL,16.83,8.38,5.39,20211112_120550_043300_1.txt
1072511,1073367,FEM,10.13,4.63,3.07,20211112_120550_043300_1.txt
1075012,1076961,FEM,16.67,7.85,5.38,20211112_120550_043300_1.txt
1075704,1076121,MAL,8.47,3.91,2.5,20211112_120550_043300_1.txt
1077126,1077241,MAL,10.15,4.92,3.01,20211112_120550_043300_1.txt
1077467,1078512,FEM,12.96,6.24,4.05,20211112_120550_043300_1.txt
1077492,1078732,MAL,14.45,7.03,4.58,20211112_120550_043300_1.txt
1082219,1085521,FEM,31.46,15.92,10.38,20211112_120550_043300_1.txt
1086102,1086917,FEM,10.78,5.23,3.34,20211112_120550_043300_1.txt
1086468,1089269,MAL,25.41,12.68,8.49,20211112_120550_043300_1.txt
1087791,1087951,FEM,11.63,5.78,3.51,20211112_120550_043300_1.txt
1088365,1088478,FEM,9.56,4.63,2.81,20211112_120550_043300_1.txt
1089686,1089873,FEM,7.02,3.22,1.98,20211112_120550_043300_1.txt
1090010,1091510,MAL,17.91,8.98,5.78,20211112_120550_043300_1.txt
1092304,1092491,MAL,10.78,5.29,3.23,20211112_120550_043300_1.txt
1093670,1099085,FEM,45.64,22.75,15.46,20211112_120550_043300_1.txt
1102167,1105010,FEM,25.82,13.03,8.63,20211112_120550_043300_1.txt
1109344,1110615,FEM,15.61,7.55,4.97,20211112_120550_043300_1.txt
1112493,1115890,FEM,29.26,14.81,9.88,20211112_120550_043300_1.txt
1119850,1120650,MAL,10.54,5.08,3.25,20211112_120550_043300_1.txt
1121766,1124012,FEM,21.95,10.94,7.19,20211112_120550_043300_1.txt
1123011,1124256,MAL,16.83,8.3,5.32,20211112_120550_043300_1.txt
1125993,1127512,MAL,12.16,5.2,3.86,20211112_120550_043300_1.txt
1126511,1129307,FEM,24.13,11.38,7.85,20211112_120550_043300_1.txt
1129665,1134992,FEM,43.57,21.89,14.86,20211112_120550_043300_1.txt
1129894,1130859,MAL,11.51,5.4,3.55,20211112_120550_043300_1.txt
1135909,1140011,FEM,34.39,17.3,11.6,20211112_120550_043300_1.txt
1140188,1140416,MAL,6.2,2.74,1.71,20211112_120550_043300_1.txt
1140261,1140492,FEM,6.9,3.13,1.95,20211112_120550_043300_1.txt
1141992,1144633,FEM,24.58,12.17,8.14,20211112_120550_043300_1.txt
1145755,1148698,FEM,28.73,14.14,9.41,20211112_120550_043300_1.txt
1145953,1146182,MAL,9.1,4.35,2.68,20211112_120550_043300_1.txt
1151511,1156820,FEM,41.04,20.27,14.07,20211112_120550_043300_1.txt
1155036,1155154,MAL,8.53,4.06,2.47,20211112_120550_043300_1.txt
1156002,1157607,MAL,17.05,8.28,5.45,20211112_120550_043300_1.txt
1157011,1163494,FEM,58.93,29.5,19.75,20211112_120550_043300_1.txt
1158361,1158504,MAL,9.3,4.48,2.73,20211112_120550_043300_1.txt
1159277,1161493,MAL,25.85,12.66,8.22,20211112_120550_043300_1.txt
1163992,1168651,FEM,43.02,21.46,14.3,20211112_120550_043300_1.txt
1164491,1166287,MAL,18.96,9.26,6.07,20211112_120550_043300_1.txt
1167338,1168145,MAL,11.36,5.28,3.42,20211112_120550_043300_1.txt
1169993,1171061,FEM,11.16,5.08,3.45,20211112_120550_043300_1.txt
1171684,1174431,FEM,23.05,11.25,7.65,20211112_120550_043300_1.txt
1175011,1180215,FEM,40.73,20.6,13.95,20211112_120550_043300_1.txt
1182011,1184011,FEM,17.07,8.26,5.58,20211112_120550_043300_1.txt
1184795,1186491,FEM,15.12,7.26,4.88,20211112_120550_043300_1.txt
1188984,1189946,FEM,11.46,5.37,3.48,20211112_120550_043300_1.txt
1192492,1193886,FEM,14.29,6.78,4.55,20211112_120550_043300_1.txt
1195884,1196512,FEM,7.46,3.32,2.2,20211112_120550_043300_1.txt
1198312,1202153,FEM,29.14,14.47,9.91,20211112_120550_043300_1.txt
1198778,1198933,MAL,3.95,1.51,0.95,20211112_120550_043300_1.txt
1206510,1206739,FEM,8.36,3.94,2.43,20211112_120550_043300_1.txt
1206915,1207804,FEM,10.81,5.06,3.31,20211112_120550_043300_1.txt
1210159,1213011,FEM,26.15,12.79,8.43,20211112_120550_043300_1.txt
1216011,1219772,FEM,32.32,15.95,10.69,20211112_120550_043300_1.txt
1219011,1219187,MAL,7.82,3.63,2.24,20211112_120550_043300_1.txt
1220511,1221991,FEM,15.28,7.39,4.89,20211112_120550_043300_1.txt
1223993,1225419,MAL,14.86,7.06,4.75,20211112_120550_043300_1.txt
1224180,1224492,FEM,7.68,3.53,2.22,20211112_120550_043300_1.txt
1228011,1229798,FEM,16.91,8.1,5.49,20211112_120550_043300_1.txt
1230952,1231755,MAL,13.0,6.34,4.02,20211112_120550_043300_1.txt
1235476,1236888,MAL,15.84,7.55,4.96,20211112_120550_043300_1.txt
1235491,1236510,FEM,13.58,6.43,4.15,20211112_120550_043300_1.txt
1250993,1255131,FEM,33.65,17.13,11.46,20211112_120550_043300_1.txt
1310992,1311539,FEM,8.38,3.89,2.49,20211112_120550_043300_1.txt
1314510,1317355,FEM,24.76,12.15,8.28,20211112_120550_043300_1.txt
1318511,1320011,FEM,16.22,7.75,5.21,20211112_120550_043300_1.txt
1321544,1322011,FEM,8.74,4.08,2.6,20211112_120550_043300_1.txt
1323010,1325011,FEM,17.27,8.11,5.65,20211112_120550_043300_1.txt
1341510,1343511,FEM,17.2,8.55,5.62,20211112_120550_043300_1.txt
1346993,1350090,FEM,26.56,13.45,8.93,20211112_120550_043300_1.txt
1350493,1352196,FEM,16.18,7.75,5.23,20211112_120550_043300_1.txt
1350992,1351510,MAL,9.5,4.5,2.86,20211112_120550_043300_1.txt
1353993,1355512,FEM,15.11,7.23,4.79,20211112_120550_043300_1.txt
1354759,1354865,MAL,9.54,4.63,2.8,20211112_120550_043300_1.txt
1356645,1358255,FEM,14.68,7.06,4.72,20211112_120550_043300_1.txt
1359600,1361011,FEM,12.95,6.2,4.11,20211112_120550_043300_1.txt
1361138,1361283,FEM,8.47,4.02,2.45,20211112_120550_043300_1.txt
1361510,1361864,FEM,8.02,3.73,2.34,20211112_120550_043300_1.txt
1361991,1362830,FEM,10.47,5.01,3.24,20211112_120550_043300_1.txt
1364146,1370321,FEM,55.11,28.38,18.64,20211112_120550_043300_1.txt
1377251,1377992,MAL,10.62,5.02,3.27,20211112_120550_043300_1.txt
1377257,1378577,FEM,14.58,7.01,4.64,20211112_120550_043300_1.txt
1381695,1384792,FEM,26.83,13.54,8.96,20211112_120550_043300_1.txt
1388514,1388710,MAL,4.75,1.95,1.22,20211112_120550_043300_1.txt
1394013,1394303,FEM,10.34,5.01,3.1,20211112_120550_043300_1.txt
1394952,1396599,FEM,16.94,8.21,5.42,20211112_120550_043300_1.txt
1397832,1399342,FEM,16.49,7.84,5.25,20211112_120550_043300_1.txt
1402083,1404010,FEM,19.52,9.4,6.28,20211112_120550_043300_1.txt
1406042,1411270,FEM,42.37,21.42,14.5,20211112_120550_043300_1.txt
1414130,1415568,FEM,15.04,7.3,4.81,20211112_120550_043300_1.txt
1417993,1420656,FEM,27.56,13.74,8.92,20211112_120550_043300_1.txt
1421012,1428378,FEM,61.72,31.82,21.25,20211112_120550_043300_1.txt
1425924,1427212,MAL,12.08,5.7,3.8,20211112_120550_043300_1.txt
1429572,1430485,MAL,11.64,5.48,3.53,20211112_120550_043300_1.txt
1429714,1431184,FEM,15.45,7.51,4.9,20211112_120550_043300_1.txt
1432499,1435395,FEM,24.16,12.16,8.09,20211112_120550_043300_1.txt
1438788,1439925,MAL,14.1,6.75,4.39,20211112_120550_043300_1.txt
1438985,1440511,FEM,16.58,8.04,5.28,20211112_120550_043300_1.txt
1448115,1449492,FEM,13.39,6.49,4.25,20211112_120550_043300_1.txt
1458992,1461992,FEM,24.35,11.75,8.12,20211112_120550_043300_1.txt
1464011,1470511,FEM,53.93,27.71,18.57,20211112_120550_043300_1.txt
1469924,1474295,MAL,35.96,17.73,12.17,20211112_120550_043300_1.txt
1477551,1478491,FEM,12.08,5.76,3.74,20211112_120550_043300_1.txt
1477599,1477709,MAL,10.68,5.25,3.18,20211112_120550_043300_1.txt
1477992,1479985,MAL,19.98,9.81,6.49,20211112_120550_043300_1.txt
1482670,1482819,MAL,8.36,3.96,2.42,20211112_120550_043300_1.txt
1488780,1489372,FEM,10.13,4.79,3.03,20211112_120550_043300_1.txt
1489128,1490228,MAL,12.86,6.05,3.87,20211112_120550_043300_1.txt
1490010,1494401,FEM,35.6,17.52,11.94,20211112_120550_043300_1.txt
1492547,1492717,MAL,9.28,4.43,2.73,20211112_120550_043300_1.txt
1492847,1493011,MAL,7.78,3.6,2.23,20211112_120550_043300_1.txt
1494656,1495493,FEM,8.66,3.89,2.63,20211112_120550_043300_1.txt
1496195,1499989,MAL,32.21,16.13,10.92,20211112_120550_043300_1.txt
1501507,1502919,FEM,12.22,5.57,3.86,20211112_120550_043300_1.txt
1504938,1507206,MAL,19.7,9.2,6.5,20211112_120550_043300_1.txt
1507575,1508922,MAL,15.12,7.38,4.87,20211112_120550_043300_1.txt
1509509,1510368,FEM,11.69,5.57,3.6,20211112_120550_043300_1.txt
1509651,1510032,MAL,8.47,3.97,2.49,20211112_120550_043300_1.txt
1516511,1519645,FEM,27.29,13.79,9.18,20211112_120550_043300_1.txt
1520586,1520856,MAL,9.23,4.35,2.73,20211112_120550_043300_1.txt
1520993,1523327,MAL,19.13,9.11,6.32,20211112_120550_043300_1.txt
1532129,1532590,FEM,9.03,4.26,2.69,20211112_120550_043300_1.txt
1540333,1542667,FEM,19.07,8.82,6.3,20211112_120550_043300_1.txt
1542804,1542993,FEM,11.27,5.54,3.39,20211112_120550_043300_1.txt
1561010,1564010,FEM,26.44,13.36,8.87,20211112_120550_043300_1.txt
1564284,1565011,FEM,10.16,4.83,3.12,20211112_120550_043300_1.txt
1576059,1577492,FEM,14.5,7.02,4.63,20211112_120550_043300_1.txt
1581992,1583511,MAL,14.67,7.22,4.75,20211112_120550_043300_1.txt
1590317,1591512,MAL,14.11,6.83,4.46,20211112_120550_043300_1.txt
1595692,1597245,FEM,16.94,8.37,5.46,20211112_120550_043300_1.txt
1599772,1601490,MAL,17.61,8.62,5.66,20211112_120550_043300_1.txt
1602011,1604510,FEM,21.94,10.93,7.23,20211112_120550_043300_1.txt
1612514,1616991,MAL,37.54,19.15,12.82,20211112_120550_043300_1.txt
1618512,1619214,FEM,8.32,3.82,2.5,20211112_120550_043300_1.txt
1619453,1621093,FEM,18.03,8.8,5.68,20211112_120550_043300_1.txt
1620030,1622306,MAL,23.83,11.72,7.61,20211112_120550_043300_1.txt
1622700,1623011,FEM,5.34,2.26,1.44,20211112_120550_043300_1.txt
1626146,1627115,FEM,8.78,3.9,2.59,20211112_120550_043300_1.txt
1626203,1626709,MAL,5.53,2.25,1.48,20211112_120550_043300_1.txt
1628426,1630993,FEM,25.23,12.35,8.08,20211112_120550_043300_1.txt
1650783,1652492,FEM,15.35,7.38,4.96,20211112_120550_043300_1.txt
1657171,1658511,FEM,14.98,7.07,4.72,20211112_120550_043300_1.txt
1665085,1666492,FEM,14.99,7.24,4.79,20211112_120550_043300_1.txt
1669332,1671001,FEM,10.44,4.31,3.31,20211112_120550_043300_1.txt
1674655,1675011,FEM,7.64,3.52,2.21,20211112_120550_043300_1.txt
1675011,1675603,MAL,8.54,3.94,2.55,20211112_120550_043300_1.txt
1678860,1678992,FEM,5.33,2.27,1.41,20211112_120550_043300_1.txt
1679493,1680247,FEM,10.06,4.53,3.03,20211112_120550_043300_1.txt
1681806,1682289,FEM,9.5,4.5,2.85,20211112_120550_043300_1.txt
1682404,1682556,FEM,9.89,4.8,2.93,20211112_120550_043300_1.txt
1682512,1682628,MAL,9.95,4.83,2.94,20211112_120550_043300_1.txt
1682925,1685029,MAL,18.19,8.46,5.86,20211112_120550_043300_1.txt
1684027,1685421,FEM,13.21,5.96,4.14,20211112_120550_043300_1.txt
1687492,1688000,FEM,7.41,3.16,2.16,20211112_120550_043300_1.txt
1691992,1697492,FEM,45.21,23.14,15.49,20211112_120550_043300_1.txt
1696992,1698575,MAL,15.03,6.99,4.78,20211112_120550_043300_1.txt
1703012,1703171,FEM,9.57,4.64,2.82,20211112_120550_043300_1.txt
1708012,1709622,FEM,14.09,6.56,4.52,20211112_120550_043300_1.txt
1710011,1712510,FEM,20.71,10.38,6.88,20211112_120550_043300_1.txt
1712769,1715184,FEM,18.43,8.73,6.05,20211112_120550_043300_1.txt
1724510,1726960,FEM,17.91,8.39,5.93,20211112_120550_043300_1.txt
1732625,1741516,FEM,63.71,31.26,22.12,20211112_120550_043300_1.txt
1743976,1750993,FEM,56.47,28.74,19.39,20211112_120550_043300_1.txt
1751396,1753517,FEM,17.97,8.8,5.9,20211112_120550_043300_1.txt
1752017,1752511,MAL,6.57,2.84,1.83,20211112_120550_043300_1.txt
1757474,1758051,FEM,6.49,2.7,1.87,20211112_120550_043300_1.txt
1758611,1760511,MAL,15.62,7.5,5.08,20211112_120550_043300_1.txt
1761863,1767611,MAL,49.43,24.74,16.52,20211112_120550_043300_1.txt
1765511,1766454,FEM,8.68,3.82,2.55,20211112_120550_043300_1.txt
1768011,1768127,FEM,5.73,2.51,1.54,20211112_120550_043300_1.txt
1768345,1771718,FEM,27.91,13.94,9.37,20211112_120550_043300_1.txt
1769767,1771240,MAL,14.74,7.03,4.61,20211112_120550_043300_1.txt
1772142,1772512,MAL,10.29,4.92,3.1,20211112_120550_043300_1.txt
1774394,1775992,FEM,15.43,7.04,4.75,20211112_120550_043300_1.txt
1774752,1776931,MAL,20.97,9.9,6.59,20211112_120550_043300_1.txt
1778745,1780240,FEM,15.55,7.32,4.83,20211112_120550_043300_1.txt
1778861,1783483,MAL,41.73,20.59,13.81,20211112_120550_043300_1.txt
1783991,1784490,FEM,6.21,2.72,1.76,20211112_120550_043300_1.txt
1784163,1786261,MAL,19.19,9.44,6.2,20211112_120550_043300_1.txt
1785512,1786773,FEM,11.0,5.21,3.48,20211112_120550_043300_1.txt
1792911,1794273,FEM,15.99,7.53,4.95,20211112_120550_043300_1.txt
1797010,1799317,FEM,19.41,9.49,6.41,20211112_120550_043300_1.txt
1801992,1803028,FEM,13.56,6.52,4.25,20211112_120550_043300_1.txt
1807491,1808743,FEM,11.45,5.29,3.58,20211112_120550_043300_1.txt
1816493,1818493,FEM,19.71,9.54,6.41,20211112_120550_043300_1.txt
1821511,1831903,FEM,96.48,49.34,32.45,20211112_120550_043300_1.txt
1826513,1827254,MAL,12.33,5.92,3.73,20211112_120550_043300_1.txt
1832335,1834512,FEM,16.98,8.11,5.58,20211112_120550_043300_1.txt
1835180,1836511,MAL,12.72,5.93,4.02,20211112_120550_043300_1.txt
1835992,1836654,FEM,9.33,4.28,2.77,20211112_120550_043300_1.txt
1838511,1840492,FEM,17.41,8.4,5.69,20211112_120550_043300_1.txt
1840895,1841246,FEM,4.71,1.88,1.24,20211112_120550_043300_1.txt
1841430,1849010,FEM,61.12,31.18,21.09,20211112_120550_043300_1.txt
1854480,1860511,FEM,43.75,21.19,14.99,20211112_120550_043300_1.txt
1861014,1862099,FEM,10.43,4.8,3.21,20211112_120550_043300_1.txt
1862514,1864510,MAL,17.67,8.38,5.72,20211112_120550_043300_1.txt
1866930,1870011,FEM,27.8,13.71,9.23,20211112_120550_043300_1.txt
1871011,1873260,MAL,16.12,7.23,5.3,20211112_120550_043300_1.txt
1872710,1874980,FEM,19.5,9.64,6.44,20211112_120550_043300_1.txt
1876372,1879701,FEM,20.6,8.98,6.93,20211112_120550_043300_1.txt
1883220,1886011,FEM,23.58,11.51,7.83,20211112_120550_043300_1.txt
1886510,1886638,FEM,10.77,5.31,3.22,20211112_120550_043300_1.txt
1891544,1893010,MAL,13.45,6.07,4.28,20211112_120550_043300_1.txt
1893807,1894048,MAL,8.65,4.06,2.53,20211112_120550_043300_1.txt
1893983,1895512,FEM,13.93,6.49,4.45,20211112_120550_043300_1.txt
1900191,1903968,FEM,34.37,17.11,11.43,20211112_120550_043300_1.txt
1901246,1904307,MAL,29.89,14.72,9.77,20211112_120550_043300_1.txt
1905550,1907934,FEM,20.85,9.98,6.85,20211112_120550_043300_1.txt
1909492,1911991,FEM,21.09,10.02,6.95,20211112_120550_043300_1.txt
1911441,1913485,MAL,14.85,6.56,4.85,20211112_120550_043300_1.txt
1912405,1912511,FEM,7.46,3.43,2.11,20211112_120550_043300_1.txt
1913986,1916510,FEM,18.37,8.21,6.05,20211112_120550_043300_1.txt
1919442,1920011,FEM,8.85,3.95,2.65,20211112_120550_043300_1.txt
1921561,1921826,FEM,7.48,3.44,2.14,20211112_120550_043300_1.txt
1921992,1928492,FEM,47.41,23.18,16.34,20211112_120550_043300_1.txt
1929920,1930398,FEM,8.07,3.67,2.38,20211112_120550_043300_1.txt
1931749,1934511,FEM,29.07,14.52,9.39,20211112_120550_043300_1.txt
1934589,1935991,MAL,14.01,6.79,4.46,20211112_120550_043300_1.txt
1936577,1936712,FEM,7.27,3.36,2.05,20211112_120550_043300_1.txt
1936906,1938055,FEM,13.73,6.58,4.32,20211112_120550_043300_1.txt
1939032,1939764,MAL,12.05,5.79,3.69,20211112_120550_043300_1.txt
1941462,1943155,FEM,17.28,8.39,5.65,20211112_120550_043300_1.txt
1943843,1945991,FEM,18.78,9.4,6.17,20211112_120550_043300_1.txt
1951084,1953614,FEM,25.14,12.51,8.3,20211112_120550_043300_1.txt
1954576,1956645,FEM,19.77,9.64,6.49,20211112_120550_043300_1.txt
1955510,1956426,MAL,12.64,5.98,3.87,20211112_120550_043300_1.txt
1960492,1960703,FEM,8.74,4.16,2.55,20211112_120550_043300_1.txt
1962212,1965189,FEM,26.49,13.25,8.88,20211112_120550_043300_1.txt
1966992,1968371,FEM,16.73,8.23,5.41,20211112_120550_043300_1.txt
1969993,1971011,FEM,12.5,6.12,3.94,20211112_120550_043300_1.txt
1970182,1970303,MAL,9.05,4.35,2.64,20211112_120550_043300_1.txt
1973012,1976493,FEM,30.11,15.3,10.17,20211112_120550_043300_1.txt
1976689,1977992,FEM,12.75,5.99,3.97,20211112_120550_043300_1.txt
1980011,1981526,FEM,17.38,8.53,5.55,20211112_120550_043300_1.txt
1982485,1983491,FEM,10.47,4.92,3.21,20211112_120550_043300_1.txt
1983587,1984746,MAL,14.95,7.29,4.73,20211112_120550_043300_1.txt
1984002,1984637,FEM,10.81,5.22,3.32,20211112_120550_043300_1.txt
1986150,1986368,MAL,11.9,5.91,3.61,20211112_120550_043300_1.txt
1986258,1986491,FEM,11.08,5.45,3.34,20211112_120550_043300_1.txt
1988074,1990150,FEM,20.48,10.3,6.73,20211112_120550_043300_1.txt
1991932,1993611,FEM,15.41,7.65,5.02,20211112_120550_043300_1.txt
1995069,1996993,FEM,19.02,9.36,6.21,20211112_120550_043300_1.txt
1999087,2000094,FEM,12.15,5.9,3.82,20211112_120550_043300_1.txt
2001473,2004011,FEM,22.47,11.24,7.47,20211112_120550_043300_1.txt
2010126,2010931,FEM,11.82,5.69,3.68,20211112_120550_043300_1.txt
2010893,2011511,MAL,12.07,5.82,3.68,20211112_120550_043300_1.txt
2011492,2011993,FEM,11.11,5.37,3.39,20211112_120550_043300_1.txt
2016826,2018512,FEM,16.24,8.02,5.25,20211112_120550_043300_1.txt
2022069,2022332,FEM,8.75,4.16,2.57,20211112_120550_043300_1.txt
2022182,2022307,MAL,10.63,5.23,3.17,20211112_120550_043300_1.txt
2023183,2025699,MAL,22.93,11.41,7.62,20211112_120550_043300_1.txt
2032599,2034077,FEM,16.94,8.39,5.5,20211112_120550_043300_1.txt
2034290,2035981,FEM,14.66,7.11,4.72,20211112_120550_043300_1.txt
2036492,2037852,FEM,15.49,7.65,5.0,20211112_120550_043300_1.txt
2038481,2039308,FEM,7.91,3.61,2.38,20211112_120550_043300_1.txt
2039511,2040853,FEM,15.45,7.55,4.93,20211112_120550_043300_1.txt
2041981,2046956,FEM,40.99,21.04,14.05,20211112_120550_043300_1.txt
2042078,2042458,MAL,9.69,4.65,2.9,20211112_120550_043300_1.txt
2047511,2049489,MAL,20.63,10.2,6.76,20211112_120550_043300_1.txt
2048941,2049046,FEM,9.72,4.72,2.86,20211112_120550_043300_1.txt
2052770,2052930,FEM,9.92,4.84,2.94,20211112_120550_043300_1.txt
2053072,2053364,FEM,6.81,3.08,1.93,20211112_120550_043300_1.txt
2053492,2057010,MAL,32.92,16.73,11.12,20211112_120550_043300_1.txt
2055512,2055937,FEM,11.1,5.37,3.33,20211112_120550_043300_1.txt
2056587,2058011,FEM,16.82,8.28,5.4,20211112_120550_043300_1.txt
2057393,2057494,MAL,10.48,5.15,3.12,20211112_120550_043300_1.txt
2059135,2060058,FEM,8.84,4.12,2.71,20211112_120550_043300_1.txt
2061443,2062840,FEM,15.94,7.9,5.15,20211112_120550_043300_1.txt
2061514,2062010,MAL,10.33,4.98,3.13,20211112_120550_043300_1.txt
2065011,2067514,FEM,23.27,11.73,7.73,20211112_120550_043300_1.txt
2074358,2078678,FEM,36.91,19.07,12.63,20211112_120550_043300_1.txt
2074461,2074714,MAL,9.56,4.61,2.83,20211112_120550_043300_1.txt
2079599,2080088,MAL,10.5,5.06,3.19,20211112_120550_043300_1.txt
2080527,2081561,FEM,13.75,6.7,4.31,20211112_120550_043300_1.txt
2082605,2082922,MAL,5.8,2.5,1.59,20211112_120550_043300_1.txt
2084361,2086216,FEM,16.78,8.11,5.46,20211112_120550_043300_1.txt
2087011,2088596,FEM,17.0,8.41,5.49,20211112_120550_043300_1.txt
2088784,2088992,FEM,9.79,4.74,2.9,20211112_120550_043300_1.txt
2089493,2091290,FEM,16.78,8.3,5.45,20211112_120550_043300_1.txt
2089734,2089963,MAL,3.89,1.47,0.94,20211112_120550_043300_1.txt
2091960,2093194,FEM,14.62,7.11,4.63,20211112_120550_043300_1.txt
2092174,2092355,MAL,8.32,3.94,2.41,20211112_120550_043300_1.txt
2097492,2099012,FEM,14.36,6.88,4.6,20211112_120550_043300_1.txt
2099866,2101986,FEM,21.28,10.73,7.0,20211112_120550_043300_1.txt
2103310,2104322,FEM,11.93,5.81,3.75,20211112_120550_043300_1.txt
2105308,2107279,FEM,17.83,8.8,5.83,20211112_120550_043300_1.txt
2106224,2106501,MAL,9.33,4.46,2.76,20211112_120550_043300_1.txt
2107492,2107867,FEM,11.74,5.79,3.58,20211112_120550_043300_1.txt
2107991,2110588,FEM,24.57,12.4,8.23,20211112_120550_043300_1.txt
2112991,2116511,FEM,30.77,15.35,10.35,20211112_120550_043300_1.txt
2118977,2122708,FEM,30.19,14.84,10.24,20211112_120550_043300_1.txt
2122063,2122822,MAL,10.87,5.07,3.3,20211112_120550_043300_1.txt
2123304,2124011,FEM,7.32,3.04,2.16,20211112_120550_043300_1.txt
2123321,2123601,MAL,6.17,2.68,1.71,20211112_120550_043300_1.txt
2123744,2123862,MAL,9.58,4.54,2.82,20211112_120550_043300_1.txt
2124630,2126491,MAL,18.59,9.13,6.06,20211112_120550_043300_1.txt
2124638,2126754,FEM,20.57,10.16,6.76,20211112_120550_043300_1.txt
2132992,2133512,FEM,9.42,4.38,2.78,20211112_120550_043300_1.txt
2142992,2146492,FEM,30.78,15.35,10.29,20211112_120550_043300_1.txt
2147067,2158491,FEM,93.51,48.39,32.58,20211112_120550_043300_1.txt
2160619,2162961,FEM,22.04,10.97,7.24,20211112_120550_043300_1.txt
2165992,2167492,FEM,18.31,9.09,5.91,20211112_120550_043300_1.txt
2167994,2169216,FEM,16.1,7.85,5.12,20211112_120550_043300_1.txt
2170922,2172856,FEM,21.02,10.4,6.83,20211112_120550_043300_1.txt
2174992,2176587,FEM,17.4,8.59,5.62,20211112_120550_043300_1.txt
2177472,2178510,FEM,12.19,5.8,3.79,20211112_120550_043300_1.txt
2183011,2184511,FEM,15.31,7.38,4.96,20211112_120550_043300_1.txt
2187560,2187779,FEM,7.79,3.64,2.24,20211112_120550_043300_1.txt
2189963,2191286,FEM,15.07,7.37,4.8,20211112_120550_043300_1.txt
2191877,2192719,MAL,12.53,6.01,3.87,20211112_120550_043300_1.txt
2192511,2193296,FEM,12.1,5.81,3.72,20211112_120550_043300_1.txt
2193580,2194574,FEM,12.79,6.16,3.98,20211112_120550_043300_1.txt
2196011,2197685,FEM,17.91,8.72,5.75,20211112_120550_043300_1.txt
2199012,2201317,MAL,20.03,9.76,6.62,20211112_120550_043300_1.txt
2199511,2199899,FEM,8.62,4.05,2.55,20211112_120550_043300_1.txt
2200841,2201290,FEM,8.09,3.6,2.38,20211112_120550_043300_1.txt
2204432,2206160,FEM,17.01,8.42,5.51,20211112_120550_043300_1.txt
2206847,2208096,FEM,15.05,7.32,4.78,20211112_120550_043300_1.txt
2209461,2214799,FEM,46.52,23.8,15.85,20211112_120550_043300_1.txt
2216239,2217390,MAL,12.73,6.12,4.04,20211112_120550_043300_1.txt
2218344,2222083,FEM,33.38,16.68,11.15,20211112_120550_043300_1.txt
2225991,2227660,FEM,18.55,9.15,5.96,20211112_120550_043300_1.txt
2227751,2228991,MAL,14.57,7.01,4.62,20211112_120550_043300_1.txt
2227993,2233012,FEM,38.81,19.22,13.28,20211112_120550_043300_1.txt
2229795,2230511,MAL,8.59,3.81,2.54,20211112_120550_043300_1.txt
2238020,2238747,FEM,10.83,5.11,3.34,20211112_120550_043300_1.txt
2241231,2252833,FEM,97.18,50.57,33.78,20211112_120550_043300_1.txt
2248817,2248932,MAL,10.21,4.99,3.03,20211112_120550_043300_1.txt
2250146,2250268,MAL,8.0,3.76,2.29,20211112_120550_043300_1.txt
2250410,2250511,MAL,9.85,4.79,2.9,20211112_120550_043300_1.txt
2254011,2254980,FEM,11.2,5.44,3.5,20211112_120550_043300_1.txt
2256977,2259741,FEM,23.39,11.76,7.81,20211112_120550_043300_1.txt
2262774,2264502,MAL,16.51,7.96,5.34,20211112_120550_043300_1.txt
2268155,2273045,FEM,36.31,17.95,12.48,20211112_120550_043300_1.txt
2272992,2274479,MAL,14.58,6.98,4.66,20211112_120550_043300_1.txt
2273282,2273992,FEM,9.87,4.59,2.96,20211112_120550_043300_1.txt
2274610,2274742,FEM,9.23,4.42,2.7,20211112_120550_043300_1.txt
2276400,2277809,MAL,14.01,6.48,4.46,20211112_120550_043300_1.txt
2277992,2279165,FEM,15.61,7.61,4.9,20211112_120550_043300_1.txt
2281011,2282992,FEM,19.21,9.52,6.29,20211112_120550_043300_1.txt
2286794,2288340,FEM,16.36,7.95,5.21,20211112_120550_043300_1.txt
2289271,2295493,FEM,49.8,25.31,17.19,20211112_120550_043300_1.txt
2292445,2293490,MAL,12.74,6.08,3.98,20211112_120550_043300_1.txt
2296382,2297747,FEM,16.25,7.96,5.15,20211112_120550_043300_1.txt
2299619,2299752,FEM,10.27,5.03,3.05,20211112_120550_043300_1.txt
2301465,2301622,FEM,9.19,4.41,2.7,20211112_120550_043300_1.txt
2301767,2302493,FEM,12.06,5.8,3.7,20211112_120550_043300_1.txt
2302727,2302958,FEM,8.52,4.02,2.49,20211112_120550_043300_1.txt
2303492,2306329,FEM,26.2,13.07,8.71,20211112_120550_043300_1.txt
2307012,2310169,FEM,28.09,14.13,9.39,20211112_120550_043300_1.txt
2320010,2326195,FEM,50.88,25.78,17.49,20211112_120550_043300_1.txt
2332493,2335159,FEM,24.49,12.14,8.16,20211112_120550_043300_1.txt
2337512,2341992,FEM,35.92,17.77,12.22,20211112_120550_043300_1.txt
2337886,2337992,MAL,12.33,6.18,3.73,20211112_120550_043300_1.txt
2342142,2342317,FEM,7.99,3.71,2.3,20211112_120550_043300_1.txt
2344508,2348609,FEM,35.09,17.66,11.94,20211112_120550_043300_1.txt
2347125,2347969,MAL,11.99,5.72,3.69,20211112_120550_043300_1.txt
2348285,2348499,MAL,10.02,4.84,2.98,20211112_120550_043300_1.txt
2348825,2348992,FEM,8.0,3.75,2.3,20211112_120550_043300_1.txt
2349992,2353492,FEM,31.17,15.7,10.48,20211112_120550_043300_1.txt
2352745,2354395,MAL,14.8,6.94,4.71,20211112_120550_043300_1.txt
2353663,2360511,FEM,53.34,26.89,18.48,20211112_120550_043300_1.txt
2356319,2357512,MAL,15.04,7.28,4.71,20211112_120550_043300_1.txt
2359739,2361481,MAL,17.76,8.68,5.77,20211112_120550_043300_1.txt
2362377,2364112,FEM,15.51,7.53,5.01,20211112_120550_043300_1.txt
2365840,2365995,MAL,6.2,2.73,1.7,20211112_120550_043300_1.txt
2390518,2393937,MAL,28.26,13.68,9.54,20211112_120550_043300_1.txt
2393511,2396010,FEM,21.22,9.94,6.99,20211112_120550_043300_1.txt
2396267,2399671,FEM,28.21,14.35,9.53,20211112_120550_043300_1.txt
2402890,2403010,FEM,6.48,2.93,1.79,20211112_120550_043300_1.txt
2403277,2403380,FEM,8.57,4.09,2.48,20211112_120550_043300_1.txt
2405013,2412345,FEM,61.57,32.17,21.3,20211112_120550_043300_1.txt
2412943,2417493,FEM,40.33,20.45,13.65,20211112_120550_043300_1.txt
2414173,2414463,MAL,8.21,3.86,2.39,20211112_120550_043300_1.txt
2414792,2414989,MAL,8.11,3.79,2.34,20211112_120550_043300_1.txt
2419011,2422011,FEM,24.37,11.93,8.18,20211112_120550_043300_1.txt
2428805,2433692,FEM,39.2,19.56,13.38,20211112_120550_043300_1.txt
2434511,2442916,FEM,68.58,35.0,23.66,20211112_120550_043300_1.txt
2449511,2456992,FEM,58.8,29.71,20.3,20211112_120550_043300_1.txt
2454246,2454995,MAL,9.66,4.52,2.95,20211112_120550_043300_1.txt
2461030,2462922,MAL,18.88,9.07,6.06,20211112_120550_043300_1.txt
2461550,2463011,FEM,14.59,6.92,4.66,20211112_120550_043300_1.txt
2465105,2467511,FEM,23.0,11.63,7.62,20211112_120550_043300_1.txt
2468991,2470491,FEM,18.39,9.12,5.93,20211112_120550_043300_1.txt
2472304,2473907,FEM,17.77,8.75,5.74,20211112_120550_043300_1.txt
2480011,2482009,FEM,19.32,9.34,6.28,20211112_120550_043300_1.txt
2483511,2485428,MAL,18.7,8.85,6.06,20211112_120550_043300_1.txt
2484493,2486673,FEM,19.51,9.28,6.42,20211112_120550_043300_1.txt
2487142,2488095,FEM,11.61,5.41,3.58,20211112_120550_043300_1.txt
2488804,2490991,FEM,18.95,9.29,6.18,20211112_120550_043300_1.txt
2489692,2489992,MAL,7.45,3.43,2.14,20211112_120550_043300_1.txt
2491493,2494434,FEM,26.27,12.71,8.59,20211112_120550_043300_1.txt
2493512,2493691,MAL,7.28,3.34,2.06,20211112_120550_043300_1.txt
2496327,2498492,FEM,18.89,9.01,6.16,20211112_120550_043300_1.txt
2499566,2500135,FEM,7.06,3.17,2.06,20211112_120550_043300_1.txt
2500298,2500406,FEM,8.85,4.24,2.57,20211112_120550_043300_1.txt
2503511,2506493,FEM,26.46,13.33,8.87,20211112_120550_043300_1.txt
2506992,2509027,FEM,20.06,10.01,6.58,20211112_120550_043300_1.txt
2511793,2514439,FEM,23.28,11.78,7.76,20211112_120550_043300_1.txt
2514491,2515934,MAL,17.37,8.45,5.53,20211112_120550_043300_1.txt
2519512,2521513,MAL,17.19,7.99,5.57,20211112_120550_043300_1.txt
2521010,2534313,FEM,112.16,56.4,38.26,20211112_120550_043300_1.txt
2527374,2528012,MAL,11.73,5.66,3.57,20211112_120550_043300_1.txt
2538980,2539918,FEM,13.0,6.3,4.04,20211112_120550_043300_1.txt
2550425,2551004,FEM,10.96,5.31,3.36,20211112_120550_043300_1.txt
2551760,2552192,MAL,10.97,5.29,3.34,20211112_120550_043300_1.txt
2552043,2556258,FEM,34.92,17.27,11.9,20211112_120550_043300_1.txt
2557992,2558512,FEM,9.1,4.3,2.73,20211112_120550_043300_1.txt
2564939,2576011,FEM,86.68,44.07,30.09,20211112_120550_043300_1.txt
2576202,2578073,MAL,19.42,9.27,6.13,20211112_120550_043300_1.txt
2577781,2579175,FEM,13.84,6.63,4.3,20211112_120550_043300_1.txt
2579545,2580524,MAL,14.47,7.11,4.49,20211112_120550_043300_1.txt
2580523,2582973,FEM,20.78,10.46,6.89,20211112_120550_043300_1.txt
2584757,2585491,FEM,9.63,4.47,2.89,20211112_120550_043300_1.txt
2586212,2589337,FEM,29.89,15.3,9.93,20211112_120550_043300_1.txt
2590010,2591959,FEM,18.64,9.26,6.04,20211112_120550_043300_1.txt
2592351,2597702,FEM,53.42,27.6,17.83,20211112_120550_043300_1.txt
2598099,2604511,FEM,61.29,32.11,20.84,20211112_120550_043300_1.txt
2605880,2607986,MAL,22.52,11.39,7.36,20211112_120550_043300_1.txt
2607010,2615702,FEM,94.14,48.78,31.07,20211112_120550_043300_1.txt
2618087,2620011,FEM,17.72,8.7,5.78,20211112_120550_043300_1.txt
2621423,2622579,FEM,10.29,4.45,3.18,20211112_120550_043300_1.txt
2622905,2633126,FEM,77.82,38.12,26.67,20211112_120550_043300_1.txt
2627465,2628364,MAL,10.82,4.91,3.31,20211112_120550_043300_1.txt
2635492,2636992,FEM,12.72,5.49,4.05,20211112_120550_043300_1.txt
2640973,2642112,FEM,14.27,6.9,4.5,20211112_120550_043300_1.txt
2643492,2644074,FEM,10.95,5.25,3.3,20211112_120550_043300_1.txt
2645808,2646793,FEM,14.15,6.96,4.44,20211112_120550_043300_1.txt
2652011,2654492,FEM,23.21,11.51,7.71,20211112_120550_043300_1.txt
2657510,2657907,FEM,11.1,5.43,3.37,20211112_120550_043300_1.txt
2658184,2659082,FEM,9.53,4.34,2.93,20211112_120550_043300_1.txt
2660374,2662450,MAL,15.19,6.65,4.97,20211112_120550_043300_1.txt
2661571,2664814,FEM,26.18,12.35,8.72,20211112_120550_043300_1.txt
2663493,2663609,MAL,11.33,5.62,3.4,20211112_120550_043300_1.txt
2666312,2666992,FEM,9.13,4.21,2.71,20211112_120550_043300_1.txt
2666491,2669250,MAL,25.96,12.76,8.51,20211112_120550_043300_1.txt
2669161,2670734,FEM,16.04,7.41,5.01,20211112_120550_043300_1.txt
2669993,2673491,MAL,27.13,12.84,9.13,20211112_120550_043300_1.txt
2673179,2675169,FEM,17.63,8.39,5.76,20211112_120550_043300_1.txt
2675150,2677453,MAL,22.02,10.74,7.23,20211112_120550_043300_1.txt
2675992,2677450,FEM,16.62,8.05,5.29,20211112_120550_043300_1.txt
2678670,2680489,MAL,19.51,9.49,6.31,20211112_120550_043300_1.txt
2684510,2684864,FEM,6.12,2.69,1.71,20211112_120550_043300_1.txt
2688992,2690492,FEM,15.16,7.25,4.8,20211112_120550_043300_1.txt
2691011,2696387,FEM,40.24,19.2,13.55,20211112_120550_043300_1.txt
2694463,2695271,MAL,7.9,3.31,2.32,20211112_120550_043300_1.txt
2697011,2700104,FEM,26.2,12.47,8.59,20211112_120550_043300_1.txt
2699143,2699351,MAL,8.47,3.98,2.46,20211112_120550_043300_1.txt
2699963,2702029,MAL,17.37,8.14,5.69,20211112_120550_043300_1.txt
2701406,2716548,FEM,133.2,66.53,44.85,20211112_120550_043300_1.txt
2703932,2707466,MAL,32.39,15.53,10.52,20211112_120550_043300_1.txt
2718011,2719326,FEM,16.55,8.15,5.29,20211112_120550_043300_1.txt
2722926,2724170,FEM,15.21,7.47,4.83,20211112_120550_043300_1.txt
2727560,2730557,FEM,26.0,12.66,8.67,20211112_120550_043300_1.txt
2730981,2734511,FEM,30.46,15.26,10.3,20211112_120550_043300_1.txt
2735492,2736262,FEM,12.22,5.78,3.76,20211112_120550_043300_1.txt
2735812,2735923,MAL,10.19,4.98,3.02,20211112_120550_043300_1.txt
2745821,2746624,FEM,14.53,7.09,4.53,20211112_120550_043300_1.txt
2750011,2752235,FEM,22.32,10.92,7.36,20211112_120550_043300_1.txt
2753683,2755991,FEM,23.42,11.51,7.64,20211112_120550_043300_1.txt
2757513,2759531,FEM,16.95,8.08,5.59,20211112_120550_043300_1.txt
2763511,2766719,FEM,29.29,14.44,9.75,20211112_120550_043300_1.txt
2769992,2771511,FEM,15.3,7.28,4.91,20211112_120550_043300_1.txt
2770197,2770513,MAL,8.7,4.12,2.56,20211112_120550_043300_1.txt
2774658,2782491,FEM,57.26,28.29,19.95,20211112_120550_043300_1.txt
2783089,2785511,FEM,20.64,9.86,6.78,20211112_120550_043300_1.txt
2784790,2785484,MAL,9.07,4.15,2.75,20211112_120550_043300_1.txt
2788584,2789185,FEM,7.16,2.97,2.1,20211112_120550_043300_1.txt
2790889,2793275,FEM,20.79,10.24,6.83,20211112_120550_043300_1.txt
2797165,2797438,FEM,7.22,3.25,2.06,20211112_120550_043300_1.txt
2797789,2799718,FEM,17.9,8.61,5.74,20211112_120550_043300_1.txt
2800079,2801172,MAL,10.1,4.67,3.1,20211112_120550_043300_1.txt
2801993,2802241,FEM,8.69,4.11,2.55,20211112_120550_043300_1.txt
2802492,2803493,FEM,10.05,4.68,3.07,20211112_120550_043300_1.txt
2804011,2808814,MAL,32.18,14.4,10.71,20211112_120550_043300_1.txt
2809176,2815489,MAL,50.24,24.73,17.04,20211112_120550_043300_1.txt
2819013,2821467,MAL,19.24,8.88,6.38,20211112_120550_043300_1.txt
2823992,2825268,FEM,11.47,5.45,3.59,20211112_120550_043300_1.txt
2835145,2836991,MAL,14.42,6.58,4.67,20211112_120550_043300_1.txt
2854011,2856974,MAL,28.13,14.0,9.37,20211112_120550_043300_1.txt
2858512,2860010,MAL,12.93,5.69,4.11,20211112_120550_043300_1.txt
2867991,2872011,MAL,31.01,14.83,10.51,20211112_120550_043300_1.txt
2876561,2876919,MAL,10.0,4.8,3.0,20211112_120550_043300_1.txt
2877512,2879512,MAL,18.84,9.02,6.17,20211112_120550_043300_1.txt
2885034,2886990,MAL,19.62,9.7,6.42,20211112_120550_043300_1.txt
2888492,2890266,MAL,19.37,9.09,6.04,20211112_120550_043300_1.txt
2898511,2900492,MAL,16.14,7.36,5.27,20211112_120550_043300_1.txt
2915492,2917060,MAL,15.53,7.63,4.99,20211112_120550_043300_1.txt
2918992,2927489,MAL,68.4,34.81,23.67,20211112_120550_043300_1.txt
2928992,2930511,MAL,15.42,7.32,4.84,20211112_120550_043300_1.txt
2936010,2938992,MAL,23.34,11.1,7.78,20211112_120550_043300_1.txt
2938634,2939135,FEM,10.2,4.86,3.09,20211112_120550_043300_1.txt
2939527,2940992,FEM,13.64,6.49,4.29,20211112_120550_043300_1.txt
2940317,2943849,MAL,35.85,17.54,11.46,20211112_120550_043300_1.txt
2943012,2944991,FEM,16.4,7.71,5.3,20211112_120550_043300_1.txt
2944780,2947991,MAL,23.52,11.11,7.93,20211112_120550_043300_1.txt
2948992,2958491,FEM,90.0,44.81,29.72,20211112_120550_043300_1.txt
2950511,2952205,MAL,18.15,8.63,5.68,20211112_120550_043300_1.txt
2960229,2961010,MAL,9.12,4.28,2.78,20211112_120550_043300_1.txt
2966510,2966729,FEM,9.99,4.85,2.97,20211112_120550_043300_1.txt
2966829,2967011,MAL,10.12,4.94,3.01,20211112_120550_043300_1.txt
2968787,2970950,FEM,23.18,11.43,7.43,20211112_120550_043300_1.txt
2969511,2970567,MAL,14.5,6.99,4.46,20211112_120550_043300_1.txt
2972022,2974992,MAL,28.62,14.52,9.54,20211112_120550_043300_1.txt
2974593,2977011,FEM,19.65,9.41,6.51,20211112_120550_043300_1.txt
2978993,2979492,FEM,6.15,2.66,1.74,20211112_120550_043300_1.txt
2983012,2983400,MAL,4.62,1.75,1.21,20211112_120550_043300_1.txt
2983530,2983916,MAL,7.75,3.58,2.25,20211112_120550_043300_1.txt
2985442,2992811,MAL,74.99,39.36,25.25,20211112_120550_043300_1.txt
2993752,2994278,MAL,9.14,4.36,2.74,20211112_120550_043300_1.txt
2995765,2995957,MAL,3.99,1.51,0.97,20211112_120550_043300_1.txt
2996511,3001511,MAL,39.21,18.8,13.14,20211112_120550_043300_1.txt
3009511,3010620,FEM,11.15,5.07,3.46,20211112_120550_043300_1.txt
3011511,3012107,FEM,8.0,3.65,2.37,20211112_120550_043300_1.txt
3012491,3014511,FEM,17.24,8.3,5.64,20211112_120550_043300_1.txt
3014651,3014781,FEM,6.95,3.18,1.95,20211112_120550_043300_1.txt
3015979,3017236,FEM,12.41,5.91,3.9,20211112_120550_043300_1.txt
3016489,3016815,MAL,6.13,2.67,1.71,20211112_120550_043300_1.txt
3018075,3018237,FEM,6.54,2.93,1.81,20211112_120550_043300_1.txt
3020500,3022010,FEM,14.37,6.9,4.54,20211112_120550_043300_1.txt
3023166,3025809,FEM,20.39,9.99,6.79,20211112_120550_043300_1.txt
3026992,3029493,MAL,21.2,10.43,7.04,20211112_120550_043300_1.txt
3028992,3032993,FEM,33.2,17.0,11.29,20211112_120550_043300_1.txt
3033992,3034242,MAL,4.58,1.78,1.18,20211112_120550_043300_1.txt
3034392,3035050,MAL,8.26,3.74,2.42,20211112_120550_043300_1.txt
3036012,3037315,FEM,12.26,5.71,3.81,20211112_120550_043300_1.txt
3039284,3039886,FEM,7.28,3.31,2.14,20211112_120550_043300_1.txt
3041574,3045087,FEM,33.59,17.12,11.23,20211112_120550_043300_1.txt
3053391,3053771,FEM,7.78,3.61,2.26,20211112_120550_043300_1.txt
3055511,3057841,FEM,20.86,10.44,6.9,20211112_120550_043300_1.txt
3060492,3064491,FEM,33.94,17.28,11.49,20211112_120550_043300_1.txt
3073012,3073618,FEM,5.99,2.61,1.71,20211112_120550_043300_1.txt
3082062,3083493,FEM,14.61,7.14,4.61,20211112_120550_043300_1.txt
3098491,3101999,FEM,32.21,16.56,10.83,20211112_120550_043300_1.txt
3102845,3104011,FEM,10.9,5.18,3.33,20211112_120550_043300_1.txt
3118993,3119511,FEM,9.28,4.43,2.79,20211112_120550_043300_1.txt
3120798,3120941,MAL,9.97,4.87,2.95,20211112_120550_043300_1.txt
3121786,3123511,FEM,18.75,9.4,6.04,20211112_120550_043300_1.txt
3137493,3140131,FEM,25.62,13.01,8.32,20211112_120550_043300_1.txt
3141107,3142747,FEM,16.46,8.04,5.31,20211112_120550_043300_1.txt
3145510,3147473,FEM,21.38,10.62,6.69,20211112_120550_043300_1.txt
3149464,3149754,FEM,4.18,1.64,1.05,20211112_120550_043300_1.txt
3195011,3196405,FEM,13.96,6.76,4.44,20211112_120550_043300_1.txt
3200555,3202212,FEM,15.01,7.44,4.78,20211112_120550_043300_1.txt
3203992,3206010,FEM,18.95,9.52,6.11,20211112_120550_043300_1.txt
3210258,3212931,FEM,24.53,12.42,8.18,20211112_120550_043300_1.txt
3214011,3216264,FEM,21.74,10.92,7.18,20211112_120550_043300_1.txt
3219580,3219992,FEM,9.45,4.46,2.77,20211112_120550_043300_1.txt
3224173,3224494,FEM,5.89,2.57,1.62,20211112_120550_043300_1.txt
3237690,3241946,FEM,38.99,20.3,13.26,20211112_120550_043300_1.txt
3243512,3244501,FEM,13.81,6.75,4.32,20211112_120550_043300_1.txt
3247012,3252208,FEM,55.79,28.77,18.44,20211112_120550_043300_1.txt
3249690,3249862,MAL,8.22,3.88,2.37,20211112_120550_043300_1.txt
3249966,3250192,MAL,10.37,5.07,3.1,20211112_120550_043300_1.txt
3254492,3256991,FEM,24.25,11.64,7.84,20211112_120550_043300_1.txt
3259492,3260010,FEM,9.68,4.57,2.87,20211112_120550_043300_1.txt
3261512,3261669,FEM,4.72,1.95,1.21,20211112_120550_043300_1.txt
3268213,3270491,FEM,22.52,11.32,7.39,20211112_120550_043300_1.txt
3271992,3274012,FEM,20.49,10.33,6.72,20211112_120550_043300_1.txt
3276769,3279992,FEM,32.0,16.27,10.5,20211112_120550_043300_1.txt
3301680,3303568,FEM,18.56,9.32,6.11,20211112_120550_043300_1.txt
3327848,3331010,FEM,32.43,16.74,10.63,20211112_120550_043300_1.txt
3342556,3342991,FEM,7.75,3.59,2.26,20211112_120550_043300_1.txt
3345511,3346010,FEM,5.37,2.28,1.48,20211112_120550_043300_1.txt
3346655,3346993,FEM,4.29,1.69,1.09,20211112_120550_043300_1.txt
3348446,3348751,MAL,6.45,2.89,1.81,20211112_120550_043300_1.txt
3348493,3349784,FEM,14.09,6.83,4.36,20211112_120550_043300_1.txt
3353010,3353980,FEM,9.0,4.2,2.72,20211112_120550_043300_1.txt
3355729,3356294,MAL,10.58,5.09,3.17,20211112_120550_043300_1.txt
3356400,3356511,MAL,10.93,5.4,3.27,20211112_120550_043300_1.txt
3364991,3366510,FEM,14.62,7.02,4.68,20211112_120550_043300_1.txt
3365479,3367992,MAL,28.3,14.0,8.98,20211112_120550_043300_1.txt
3366838,3367358,FEM,9.12,4.33,2.73,20211112_120550_043300_1.txt
3367511,3370201,FEM,26.61,13.42,8.72,20211112_120550_043300_1.txt
3383331,3384492,FEM,10.29,4.9,3.18,20211112_120550_043300_1.txt
3388505,3390012,FEM,14.4,7.05,4.5,20211112_120550_043300_1.txt
3412731,3413185,FEM,5.9,2.58,1.65,20211112_120550_043300_1.txt
3425414,3426079,FEM,6.15,2.7,1.77,20211112_120550_043300_1.txt
3437081,3437459,FEM,4.6,1.86,1.2,20211112_120550_043300_1.txt
3441830,3442885,FEM,10.83,5.09,3.24,20211112_120550_043300_1.txt
3453445,3454491,FEM,10.02,4.82,3.12,20211112_120550_043300_1.txt
3465511,3466493,FEM,8.85,4.12,2.67,20211112_120550_043300_1.txt
3472794,3473511,FEM,6.5,2.9,1.89,20211112_120550_043300_1.txt
3524661,3529511,FEM,43.37,22.75,14.82,20211112_120550_043300_1.txt
3528647,3529511,MAL,14.07,6.9,4.34,20211112_120550_043300_1.txt
3538507,3540998,FEM,24.55,12.42,8.1,20211112_120550_043300_1.txt
3541614,3541729,FEM,6.37,2.86,1.75,20211112_120550_043300_1.txt
3541880,3545400,FEM,35.89,18.57,11.79,20211112_120550_043300_1.txt
3755854,3756011,FEM,5.49,2.38,1.46,20211112_120550_043300_1.txt
3787012,3789705,FEM,30.23,15.34,9.76,20211112_120550_043300_1.txt
3790010,3792011,FEM,23.12,11.55,7.33,20211112_120550_043300_1.txt
3797992,3802300,FEM,40.32,21.0,13.66,20211112_120550_043300_1.txt
3803833,3806511,MAL,28.11,14.54,9.37,20211112_120550_043300_1.txt
3804987,3805702,FEM,12.3,6.01,3.77,20211112_120550_043300_1.txt
3806929,3813492,FEM,68.91,35.77,22.88,20211112_120550_043300_1.txt
3812511,3815233,MAL,31.74,16.12,10.22,20211112_120550_043300_1.txt
3817947,3821570,FEM,41.12,20.91,13.29,20211112_120550_043300_1.txt
3822144,3822252,FEM,12.48,6.26,3.78,20211112_120550_043300_1.txt
3824094,3825925,FEM,20.96,10.62,6.79,20211112_120550_043300_1.txt
3828722,3830492,FEM,19.73,9.91,6.37,20211112_120550_043300_1.txt
3830606,3830938,MAL,11.85,5.89,3.61,20211112_120550_043300_1.txt
3831324,3838153,FEM,75.56,39.0,24.77,20211112_120550_043300_1.txt
3836992,3838210,MAL,15.23,7.43,4.73,20211112_120550_043300_1.txt
3840207,3840973,FEM,10.56,5.08,3.25,20211112_120550_043300_1.txt
3841791,3847839,FEM,67.46,34.89,22.0,20211112_120550_043300_1.txt
3855202,3855428,FEM,3.72,1.39,0.89,20211112_120550_043300_1.txt
3930285,3931011,FEM,6.35,2.82,1.85,20211112_120550_043300_1.txt
3935993,3938448,FEM,23.61,12.11,7.84,20211112_120550_043300_1.txt
3943013,3943511,FEM,6.92,3.14,2.0,20211112_120550_043300_1.txt
3948492,3949012,FEM,5.11,2.14,1.4,20211112_120550_043300_1.txt
3949511,3952493,FEM,30.21,15.5,9.81,20211112_120550_043300_1.txt
3962491,3965010,FEM,23.89,12.19,7.78,20211112_120550_043300_1.txt
3976992,3978388,FEM,12.41,6.07,3.92,20211112_120550_043300_1.txt
3979317,3981374,FEM,23.14,11.56,7.24,20211112_120550_043300_1.txt
3982357,3983511,FEM,13.24,6.47,4.11,20211112_120550_043300_1.txt
3986996,3987492,FEM,5.67,2.45,1.58,20211112_120550_043300_1.txt
3994557,3994704,FEM,4.36,1.75,1.08,20211112_120550_043300_1.txt
4022492,4023221,FEM,6.4,2.84,1.86,20211112_120550_043300_1.txt
4066694,4066989,FEM,9.41,4.52,2.79,20211112_120550_043300_1.txt
4070409,4071126,FEM,8.97,4.13,2.67,20211112_120550_043300_1.txt
4078505,4082790,FEM,35.62,17.8,11.94,20211112_120550_043300_1.txt
4084940,4085981,FEM,12.07,5.88,3.8,20211112_120550_043300_1.txt
4091492,4092592,FEM,11.82,5.68,3.73,20211112_120550_043300_1.txt
4094511,4097143,FEM,24.22,12.23,8.01,20211112_120550_043300_1.txt
4099785,4102512,FEM,26.97,13.59,8.89,20211112_120550_043300_1.txt
4106012,4106230,FEM,6.12,2.72,1.68,20211112_120550_043300_1.txt
4117492,4119478,FEM,21.82,11.0,7.11,20211112_120550_043300_1.txt
4126456,4128493,FEM,18.83,9.02,6.07,20211112_120550_043300_1.txt
4129021,4130433,FEM,15.81,7.55,5.01,20211112_120550_043300_1.txt
4132011,4137335,FEM,45.91,23.65,15.64,20211112_120550_043300_1.txt
4137492,4139119,MAL,14.96,7.08,4.76,20211112_120550_043300_1.txt
4138493,4141478,FEM,28.4,14.07,9.31,20211112_120550_043300_1.txt
4143283,4144491,MAL,13.6,6.53,4.34,20211112_120550_043300_1.txt
4144682,4146491,FEM,15.03,7.09,4.82,20211112_120550_043300_1.txt
4145075,4145264,MAL,5.74,2.5,1.55,20211112_120550_043300_1.txt
4145992,4146108,MAL,4.9,2.03,1.26,20211112_120550_043300_1.txt
4148623,4150992,FEM,19.81,9.6,6.55,20211112_120550_043300_1.txt
4152511,4162137,FEM,78.15,40.18,27.21,20211112_120550_043300_1.txt
4164053,4169011,FEM,40.44,20.3,13.81,20211112_120550_043300_1.txt
4171981,4174011,FEM,19.69,9.53,6.4,20211112_120550_043300_1.txt
4175778,4180086,FEM,35.77,18.05,12.2,20211112_120550_043300_1.txt
4180511,4182514,FEM,16.27,7.43,5.26,20211112_120550_043300_1.txt
4184006,4186011,FEM,19.82,9.66,6.44,20211112_120550_043300_1.txt
4190493,4191011,FEM,9.34,4.36,2.81,20211112_120550_043300_1.txt
4194960,4196492,FEM,16.44,8.03,5.29,20211112_120550_043300_1.txt
4205161,4206001,FEM,10.03,4.64,3.04,20211112_120550_043300_1.txt
4239010,4241222,FEM,21.09,10.47,6.95,20211112_120550_043300_1.txt
4244010,4245136,FEM,13.77,6.59,4.33,20211112_120550_043300_1.txt
4256501,4257993,FEM,15.26,7.32,4.89,20211112_120550_043300_1.txt
4258381,4261012,FEM,22.79,11.11,7.54,20211112_120550_043300_1.txt
4263492,4265016,FEM,15.59,7.47,4.95,20211112_120550_043300_1.txt
4266586,4268714,FEM,20.84,10.18,6.8,20211112_120550_043300_1.txt
4269512,4270869,FEM,13.59,6.62,4.36,20211112_120550_043300_1.txt
4272991,4273511,FEM,6.83,3.06,1.97,20211112_120550_043300_1.txt
4275175,4277492,FEM,21.55,10.67,7.12,20211112_120550_043300_1.txt
4276530,4278226,MAL,16.45,8.02,5.32,20211112_120550_043300_1.txt
4280484,4282636,FEM,19.25,9.59,6.38,20211112_120550_043300_1.txt
4289564,4290328,FEM,11.69,5.7,3.63,20211112_120550_043300_1.txt
4290616,4294931,FEM,36.41,18.14,12.36,20211112_120550_043300_1.txt
4290965,4291232,MAL,7.91,3.69,2.29,20211112_120550_043300_1.txt
4294696,4296011,MAL,16.12,7.87,5.15,20211112_120550_043300_1.txt
4301102,4301234,MAL,10.22,5.0,3.03,20211112_120550_043300_1.txt
4302982,4306889,FEM,31.78,15.86,10.8,20211112_120550_043300_1.txt
4307011,4308007,FEM,14.35,7.04,4.5,20211112_120550_043300_1.txt
4310187,4311075,FEM,14.55,7.15,4.55,20211112_120550_043300_1.txt
4323837,4324134,FEM,8.98,4.29,2.65,20211112_120550_043300_1.txt
4324598,4326010,FEM,16.2,7.99,5.19,20211112_120550_043300_1.txt
4329011,4329119,FEM,4.6,1.88,1.16,20211112_120550_043300_1.txt
4329298,4331249,FEM,18.89,9.41,6.23,20211112_120550_043300_1.txt
4331450,4332888,FEM,14.11,6.69,4.5,20211112_120550_043300_1.txt
4335898,4337255,MAL,13.06,6.26,4.14,20211112_120550_043300_1.txt
4343954,4345491,FEM,16.18,7.73,5.15,20211112_120550_043300_1.txt
4346511,4351012,FEM,36.7,18.35,12.43,20211112_120550_043300_1.txt
4353991,4357131,FEM,26.86,13.4,9.03,20211112_120550_043300_1.txt
4359511,4361492,FEM,17.22,8.56,5.63,20211112_120550_043300_1.txt
4363011,4365785,FEM,24.72,12.21,8.26,20211112_120550_043300_1.txt
4365011,4365370,MAL,8.14,3.77,2.38,20211112_120550_043300_1.txt
4366970,4368011,FEM,14.37,6.96,4.46,20211112_120550_043300_1.txt
4367090,4367466,MAL,10.38,5.01,3.13,20211112_120550_043300_1.txt
4369991,4371074,FEM,15.46,7.68,4.89,20211112_120550_043300_1.txt
4375011,4375510,FEM,11.61,5.68,3.56,20211112_120550_043300_1.txt
4380099,4380523,MAL,8.78,4.12,2.6,20211112_120550_043300_1.txt
4386999,4388511,FEM,13.42,6.47,4.28,20211112_120550_043300_1.txt
4393011,4395758,FEM,26.34,13.22,8.74,20211112_120550_043300_1.txt
4396202,4397672,FEM,17.49,8.5,5.58,20211112_120550_043300_1.txt
4398906,4400011,FEM,14.17,6.93,4.46,20211112_120550_043300_1.txt
4402586,4405126,FEM,26.03,13.41,8.65,20211112_120550_043300_1.txt
4407639,4409141,FEM,17.91,8.92,5.77,20211112_120550_043300_1.txt
4410264,4411067,FEM,12.01,5.86,3.74,20211112_120550_043300_1.txt
4410276,4410377,MAL,12.53,6.29,3.8,20211112_120550_043300_1.txt
4412529,4415487,MAL,30.64,15.29,10.05,20211112_120550_043300_1.txt
4412713,4413493,FEM,13.28,6.46,4.11,20211112_120550_043300_1.txt
4416481,4419011,MAL,26.07,13.23,8.67,20211112_120550_043300_1.txt
4420492,4421491,FEM,14.42,7.11,4.53,20211112_120550_043300_1.txt
4427011,4429193,FEM,17.98,8.71,5.91,20211112_120550_043300_1.txt
4430033,4430890,FEM,12.73,6.21,3.94,20211112_120550_043300_1.txt
4431962,4433410,MAL,16.73,8.27,5.37,20211112_120550_043300_1.txt
4433010,4434935,FEM,20.02,9.97,6.5,20211112_120550_043300_1.txt
4443577,4443958,MAL,10.01,4.79,3.01,20211112_120550_043300_1.txt
4444256,4444445,MAL,10.98,5.4,3.3,20211112_120550_043300_1.txt
4444889,4444992,FEM,7.99,3.77,2.29,20211112_120550_043300_1.txt
4446107,4446277,FEM,9.6,4.64,2.83,20211112_120550_043300_1.txt
4447744,4449011,MAL,15.03,7.22,4.77,20211112_120550_043300_1.txt
4460626,4464492,FEM,33.48,17.07,11.36,20211112_120550_043300_1.txt
4463512,4466511,MAL,29.02,14.75,9.68,20211112_120550_043300_1.txt
4468065,4468990,MAL,13.31,6.49,4.15,20211112_120550_043300_1.txt
4468993,4470492,FEM,18.51,8.88,5.76,20211112_120550_043300_1.txt
4471374,4475920,FEM,39.11,19.99,13.35,20211112_120550_043300_1.txt
4478011,4478681,FEM,9.97,4.73,3.04,20211112_120550_043300_1.txt
4479492,4481217,FEM,17.01,8.44,5.51,20211112_120550_043300_1.txt
4483510,4484209,FEM,11.31,5.49,3.49,20211112_120550_043300_1.txt
4484705,4486308,FEM,14.49,7.13,4.71,20211112_120550_043300_1.txt
4486511,4488286,FEM,16.12,7.8,5.22,20211112_120550_043300_1.txt
4490161,4490512,FEM,9.41,4.49,2.8,20211112_120550_043300_1.txt
4493262,4499993,FEM,57.44,29.34,19.72,20211112_120550_043300_1.txt
4500537,4502155,FEM,17.12,8.28,5.53,20211112_120550_043300_1.txt
4504555,4506592,FEM,21.11,10.23,6.82,20211112_120550_043300_1.txt
4507954,4511177,FEM,28.63,14.27,9.64,20211112_120550_043300_1.txt
4515129,4517944,FEM,25.86,12.94,8.59,20211112_120550_043300_1.txt
4521493,4527150,FEM,54.02,27.68,18.09,20211112_120550_043300_1.txt
4527375,4528992,FEM,17.37,8.57,5.56,20211112_120550_043300_1.txt
4530992,4536993,FEM,60.46,30.88,20.08,20211112_120550_043300_1.txt
4540544,4541106,MAL,11.08,5.33,3.34,20211112_120550_043300_1.txt
4553511,4555055,FEM,19.49,9.88,6.31,20211112_120550_043300_1.txt
4558385,4559114,FEM,11.94,5.87,3.71,20211112_120550_043300_1.txt
4558550,4558984,MAL,9.94,4.8,2.99,20211112_120550_043300_1.txt
4562477,4564168,FEM,17.61,8.7,5.71,20211112_120550_043300_1.txt
4564704,4566032,FEM,17.97,8.77,5.61,20211112_120550_043300_1.txt
4566977,4567532,FEM,8.76,4.13,2.62,20211112_120550_043300_1.txt
4567578,4567939,MAL,10.45,5.08,3.15,20211112_120550_043300_1.txt
4572381,4573485,MAL,14.67,7.21,4.63,20211112_120550_043300_1.txt
4572492,4573992,FEM,16.9,8.31,5.44,20211112_120550_043300_1.txt
4576454,4577492,MAL,12.29,5.93,3.83,20211112_120550_043300_1.txt
4577492,4577922,FEM,7.6,3.49,2.21,20211112_120550_043300_1.txt
4579011,4580921,FEM,21.27,10.63,6.91,20211112_120550_043300_1.txt
4581402,4584112,FEM,24.64,12.48,8.27,20211112_120550_043300_1.txt
4584593,4584991,FEM,9.83,4.68,2.9,20211112_120550_043300_1.txt
4585511,4585646,FEM,8.67,4.14,2.52,20211112_120550_043300_1.txt
4585867,4587884,FEM,19.22,9.62,6.3,20211112_120550_043300_1.txt
4589992,4592127,FEM,22.96,11.56,7.46,20211112_120550_043300_1.txt
4591013,4592189,MAL,15.8,7.72,4.91,20211112_120550_043300_1.txt
4593011,4594992,FEM,23.31,11.5,7.34,20211112_120550_043300_1.txt
4593491,4593827,MAL,7.37,3.4,2.12,20211112_120550_043300_1.txt
4595219,4595492,FEM,8.59,4.07,2.52,20211112_120550_043300_1.txt
4595719,4596089,FEM,6.24,2.75,1.75,20211112_120550_043300_1.txt
4596218,4596338,FEM,7.19,3.32,2.02,20211112_120550_043300_1.txt
4597886,4599987,MAL,21.78,10.93,7.11,20211112_120550_043300_1.txt
4601011,4602403,MAL,14.44,7.1,4.6,20211112_120550_043300_1.txt
4601510,4602776,FEM,13.57,6.59,4.29,20211112_120550_043300_1.txt
4603888,4604188,MAL,7.49,3.45,2.15,20211112_120550_043300_1.txt
4604421,4605491,FEM,12.52,5.92,3.85,20211112_120550_043300_1.txt
4606458,4607992,FEM,15.66,7.51,4.98,20211112_120550_043300_1.txt
4609842,4610075,MAL,8.45,3.98,2.46,20211112_120550_043300_1.txt
4609862,4611355,FEM,14.78,7.12,4.63,20211112_120550_043300_1.txt
4610262,4610537,MAL,7.49,3.46,2.15,20211112_120550_043300_1.txt
4611560,4612384,FEM,7.69,3.48,2.31,20211112_120550_043300_1.txt
4612783,4616332,FEM,30.48,15.68,10.31,20211112_120550_043300_1.txt
4612798,4613606,MAL,10.54,5.04,3.25,20211112_120550_043300_1.txt
4615481,4615656,MAL,8.32,3.94,2.41,20211112_120550_043300_1.txt
4619379,4621055,MAL,16.99,8.36,5.45,20211112_120550_043300_1.txt
4619702,4623011,FEM,35.38,17.53,11.37,20211112_120550_043300_1.txt
4623981,4627559,FEM,32.42,16.4,10.9,20211112_120550_043300_1.txt
4628011,4629803,FEM,15.23,7.32,4.98,20211112_120550_043300_1.txt
4631011,4631885,FEM,13.27,6.51,4.12,20211112_120550_043300_1.txt
4636322,4637709,FEM,15.65,7.68,4.95,20211112_120550_043300_1.txt
4640011,4640510,FEM,7.0,3.13,2.02,20211112_120550_043300_1.txt
4640024,4640427,MAL,7.7,3.53,2.24,20211112_120550_043300_1.txt
4641158,4641332,FEM,7.2,3.3,2.04,20211112_120550_043300_1.txt
4642955,4644388,FEM,13.7,6.6,4.36,20211112_120550_043300_1.txt
4643286,4643595,MAL,8.41,3.95,2.46,20211112_120550_043300_1.txt
4645051,4646357,FEM,12.95,6.13,4.04,20211112_120550_043300_1.txt
4649290,4650510,MAL,15.14,7.44,4.8,20211112_120550_043300_1.txt
4649493,4650359,FEM,12.4,6.0,3.83,20211112_120550_043300_1.txt
4651293,4653161,FEM,20.76,10.4,6.73,20211112_120550_043300_1.txt
4652076,4652191,MAL,8.57,4.09,2.48,20211112_120550_043300_1.txt
4657510,4659992,FEM,24.03,11.91,7.98,20211112_120550_043300_1.txt
4660418,4662504,FEM,22.49,11.27,7.35,20211112_120550_043300_1.txt
4661493,4661824,MAL,11.91,5.88,3.63,20211112_120550_043300_1.txt
4662078,4662795,MAL,12.88,6.24,3.97,20211112_120550_043300_1.txt
4662806,4662907,FEM,11.76,5.86,3.54,20211112_120550_043300_1.txt
4665580,4666409,FEM,11.39,5.49,3.54,20211112_120550_043300_1.txt
4667011,4669294,FEM,21.46,10.68,7.04,20211112_120550_043300_1.txt
4667939,4668077,MAL,9.96,4.83,2.95,20211112_120550_043300_1.txt
4668261,4668578,MAL,6.77,3.03,1.92,20211112_120550_043300_1.txt
4670615,4671518,FEM,10.45,4.9,3.19,20211112_120550_043300_1.txt
4675809,4679712,FEM,32.66,16.44,11.15,20211112_120550_043300_1.txt
4682836,4683368,MAL,10.79,5.18,3.29,20211112_120550_043300_1.txt
4683088,4683191,FEM,10.61,5.22,3.16,20211112_120550_043300_1.txt
4686491,4688445,FEM,21.47,10.72,6.98,20211112_120550_043300_1.txt
4689492,4690645,FEM,14.98,7.37,4.74,20211112_120550_043300_1.txt
4692315,4692897,MAL,12.22,6.02,3.78,20211112_120550_043300_1.txt
4692492,4694993,FEM,27.68,13.89,8.99,20211112_120550_043300_1.txt
4693518,4694017,MAL,10.25,4.95,3.11,20211112_120550_043300_1.txt
4695099,4695458,FEM,4.5,1.79,1.17,20211112_120550_043300_1.txt
4700449,4700609,MAL,11.4,5.65,3.43,20211112_120550_043300_1.txt
4700816,4704292,FEM,31.06,15.84,10.49,20211112_120550_043300_1.txt
4704421,4705253,FEM,13.79,6.8,4.29,20211112_120550_043300_1.txt
4711011,4721384,FEM,91.37,45.75,30.74,20211112_120550_043300_1.txt
4724992,4726727,FEM,17.97,8.67,5.78,20211112_120550_043300_1.txt
4727589,4728993,FEM,14.2,6.9,4.52,20211112_120550_043300_1.txt
4730493,4731511,FEM,11.2,5.39,3.51,20211112_120550_043300_1.txt
4733492,4740082,FEM,50.82,24.95,17.33,20211112_120550_043300_1.txt
4741283,4745011,FEM,31.0,15.51,10.46,20211112_120550_043300_1.txt
4751771,4752406,MAL,11.03,5.19,3.28,20211112_120550_043300_1.txt
4752425,4754511,FEM,16.92,8.13,5.49,20211112_120550_043300_1.txt
4756087,4764261,FEM,69.95,36.04,24.03,20211112_120550_043300_1.txt
4765637,4766094,FEM,12.33,6.11,3.79,20211112_120550_043300_1.txt
4766268,4767945,FEM,19.4,9.71,6.3,20211112_120550_043300_1.txt
4768384,4770723,MAL,23.03,11.34,7.51,20211112_120550_043300_1.txt
4769412,4771012,FEM,16.76,8.05,5.36,20211112_120550_043300_1.txt
4771516,4774925,FEM,31.2,15.69,10.47,20211112_120550_043300_1.txt
4777245,4778968,FEM,19.26,9.45,6.1,20211112_120550_043300_1.txt
4780330,4782993,FEM,26.07,12.91,8.64,20211112_120550_043300_1.txt
4783511,4786196,FEM,26.81,13.65,8.94,20211112_120550_043300_1.txt
4786975,4790193,FEM,29.98,15.06,10.09,20211112_120550_043300_1.txt
4792492,4792848,FEM,9.92,4.71,2.92,20211112_120550_043300_1.txt
4794010,4796075,FEM,17.53,8.58,5.8,20211112_120550_043300_1.txt
4796511,4797642,FEM,12.85,6.15,4.03,20211112_120550_043300_1.txt
4799491,4801271,FEM,18.95,9.45,6.17,20211112_120550_043300_1.txt
4805511,4806512,FEM,13.58,6.61,4.25,20211112_120550_043300_1.txt
4809491,4813992,FEM,38.06,19.44,12.94,20211112_120550_043300_1.txt
4812740,4812946,MAL,10.19,4.97,3.04,20211112_120550_043300_1.txt
4815450,4818511,FEM,28.26,14.22,9.49,20211112_120550_043300_1.txt
4827011,4828391,FEM,11.53,5.02,3.68,20211112_120550_043300_1.txt
4828493,4830992,FEM,23.04,11.47,7.65,20211112_120550_043300_1.txt
4835926,4840104,FEM,34.36,17.29,11.7,20211112_120550_043300_1.txt
4845511,4850511,FEM,39.67,19.84,13.61,20211112_120550_043300_1.txt
4851510,4853511,FEM,19.56,9.48,6.36,20211112_120550_043300_1.txt
4851559,4851719,MAL,11.49,5.69,3.46,20211112_120550_043300_1.txt
4862012,4864012,FEM,18.49,8.87,6.05,20211112_120550_043300_1.txt
4869291,4871488,MAL,22.68,10.95,7.16,20211112_120550_043300_1.txt
4869992,4877512,FEM,63.16,30.96,21.18,20211112_120550_043300_1.txt
4883512,4883816,MAL,10.04,4.85,3.0,20211112_120550_043300_1.txt
4886580,4889491,MAL,25.65,12.67,8.59,20211112_120550_043300_1.txt
4890012,4890486,MAL,10.8,5.27,3.29,20211112_120550_043300_1.txt
4890512,4892281,FEM,20.73,10.24,6.65,20211112_120550_043300_1.txt
4893963,4895355,MAL,17.46,8.49,5.55,20211112_120550_043300_1.txt
4895993,4897934,FEM,18.29,8.54,5.92,20211112_120550_043300_1.txt
4897213,4897905,MAL,10.26,4.69,3.14,20211112_120550_043300_1.txt
4899619,4899963,FEM,7.13,3.24,2.04,20211112_120550_043300_1.txt
4900249,4903658,FEM,30.47,15.55,10.23,20211112_120550_043300_1.txt
4903011,4905004,MAL,20.01,9.62,6.5,20211112_120550_043300_1.txt
4906077,4906575,FEM,8.42,3.94,2.5,20211112_120550_043300_1.txt
4907291,4908732,MAL,17.16,8.2,5.41,20211112_120550_043300_1.txt
4908011,4909361,FEM,16.74,8.04,5.25,20211112_120550_043300_1.txt
4911136,4911247,FEM,6.76,3.07,1.88,20211112_120550_043300_1.txt
4912010,4913871,FEM,19.03,9.33,6.21,20211112_120550_043300_1.txt
4914197,4915613,FEM,16.79,8.08,5.34,20211112_120550_043300_1.txt
4926511,4930301,FEM,32.98,15.97,10.92,20211112_120550_043300_1.txt
4936015,4940107,FEM,36.55,18.19,12.21,20211112_120550_043300_1.txt
4941992,4944390,FEM,22.21,10.86,7.31,20211112_120550_043300_1.txt
4945517,4946511,FEM,12.8,6.22,4.04,20211112_120550_043300_1.txt
4949164,4951511,FEM,21.36,10.4,7.07,20211112_120550_043300_1.txt
4952853,4953018,MAL,9.22,4.42,2.71,20211112_120550_043300_1.txt
4953012,4954421,FEM,16.17,7.87,5.18,20211112_120550_043300_1.txt
4953309,4953512,MAL,9.91,4.8,2.94,20211112_120550_043300_1.txt
4955992,4957565,FEM,16.46,7.75,5.25,20211112_120550_043300_1.txt
4959264,4960012,FEM,11.2,5.24,3.41,20211112_120550_043300_1.txt
4961520,4963012,FEM,18.49,9.0,5.81,20211112_120550_043300_1.txt
4964993,4965575,FEM,9.68,4.55,2.88,20211112_120550_043300_1.txt
4969505,4971731,FEM,23.82,11.86,7.76,20211112_120550_043300_1.txt
4974991,4975357,FEM,9.45,4.51,2.82,20211112_120550_043300_1.txt
4975710,4975919,FEM,13.34,6.71,4.09,20211112_120550_043300_1.txt
4976384,4979511,FEM,33.8,17.06,11.03,20211112_120550_043300_1.txt
4980941,4982492,FEM,18.57,9.07,5.9,20211112_120550_043300_1.txt
4991993,4994511,MAL,26.87,13.17,8.67,20211112_120550_043300_1.txt
4993878,4994344,FEM,10.48,5.07,3.18,20211112_120550_043300_1.txt
4995511,4998522,MAL,28.32,13.94,9.44,20211112_120550_043300_1.txt
4998626,4998845,MAL,13.05,6.53,3.99,20211112_120550_043300_1.txt
5002493,5004236,FEM,22.97,11.42,7.29,20211112_120550_043300_1.txt
5005010,5006723,FEM,19.68,9.64,6.29,20211112_120550_043300_1.txt
5009050,5010491,FEM,14.14,6.79,4.51,20211112_120550_043300_1.txt
5009580,5009683,MAL,6.92,3.17,1.93,20211112_120550_043300_1.txt
5009816,5011471,MAL,14.07,6.56,4.52,20211112_120550_043300_1.txt
5011919,5014067,FEM,20.96,10.25,6.85,20211112_120550_043300_1.txt
5014492,5019011,FEM,40.85,20.5,13.72,20211112_120550_043300_1.txt
5018492,5019020,MAL,9.98,4.74,3.02,20211112_120550_043300_1.txt
5021421,5027992,FEM,58.62,29.43,19.77,20211112_120550_043300_1.txt
5027459,5028392,MAL,14.25,6.92,4.41,20211112_120550_043300_1.txt
5028510,5030014,FEM,17.64,8.72,5.63,20211112_120550_043300_1.txt
5029992,5032765,MAL,25.17,12.52,8.41,20211112_120550_043300_1.txt
5032047,5032682,FEM,11.35,5.44,3.44,20211112_120550_043300_1.txt
5033013,5035421,MAL,23.96,12.01,7.89,20211112_120550_043300_1.txt
5039248,5040011,FEM,12.15,5.82,3.73,20211112_120550_043300_1.txt
5043992,5049340,FEM,41.9,20.19,14.2,20211112_120550_043300_1.txt
5056903,5058727,FEM,21.86,10.93,7.04,20211112_120550_043300_1.txt
5058322,5058737,MAL,11.38,5.57,3.47,20211112_120550_043300_1.txt
5060755,5063492,FEM,29.18,14.44,9.42,20211112_120550_043300_1.txt
5069991,5070308,MAL,11.12,5.44,3.37,20211112_120550_043300_1.txt
5070011,5071336,FEM,16.37,7.79,5.13,20211112_120550_043300_1.txt
5070560,5071017,MAL,10.35,4.9,3.08,20211112_120550_043300_1.txt
5071511,5072839,FEM,18.58,9.04,5.86,20211112_120550_043300_1.txt
5072014,5072213,MAL,12.42,6.2,3.78,20211112_120550_043300_1.txt
5072993,5074459,MAL,17.56,8.48,5.6,20211112_120550_043300_1.txt
5073116,5073492,FEM,10.66,5.13,3.22,20211112_120550_043300_1.txt
5075492,5086155,FEM,88.45,44.79,30.4,20211112_120550_043300_1.txt
5085013,5085860,MAL,12.11,5.84,3.73,20211112_120550_043300_1.txt
5086511,5090291,FEM,32.9,15.9,10.83,20211112_120550_043300_1.txt
5091491,5097959,FEM,50.2,23.97,16.94,20211112_120550_043300_1.txt
5093997,5094115,MAL,8.79,4.2,2.55,20211112_120550_043300_1.txt
5094321,5095992,MAL,19.49,9.19,6.12,20211112_120550_043300_1.txt
5098511,5101511,FEM,26.21,12.77,8.74,20211112_120550_043300_1.txt
5098967,5099441,MAL,9.5,4.54,2.85,20211112_120550_043300_1.txt
5103743,5104025,MAL,9.84,4.75,2.93,20211112_120550_043300_1.txt
5105012,5106468,FEM,16.83,8.3,5.41,20211112_120550_043300_1.txt
5107389,5107991,FEM,12.09,5.89,3.68,20211112_120550_043300_1.txt
5107992,5111826,MAL,39.28,19.97,12.97,20211112_120550_043300_1.txt
5112281,5114780,MAL,24.33,12.27,8.13,20211112_120550_043300_1.txt
5114914,5116991,MAL,21.19,10.61,6.96,20211112_120550_043300_1.txt
5117492,5121010,FEM,31.41,15.44,10.5,20211112_120550_043300_1.txt
5120024,5120689,MAL,12.49,6.01,3.83,20211112_120550_043300_1.txt
5122745,5123386,FEM,10.45,4.93,3.14,20211112_120550_043300_1.txt
5123491,5126471,FEM,21.96,9.93,7.27,20211112_120550_043300_1.txt
5127403,5128547,FEM,12.99,6.27,4.08,20211112_120550_043300_1.txt
5129436,5134510,FEM,40.8,20.23,13.9,20211112_120550_043300_1.txt
5135992,5142011,FEM,49.6,25.01,17.04,20211112_120550_043300_1.txt
5140646,5140919,MAL,11.12,5.44,3.36,20211112_120550_043300_1.txt
5144492,5144890,FEM,10.5,5.06,3.17,20211112_120550_043300_1.txt
5145431,5146352,FEM,12.08,5.69,3.73,20211112_120550_043300_1.txt
5147992,5153350,FEM,44.87,22.65,15.35,20211112_120550_043300_1.txt
5153993,5155112,FEM,11.36,5.04,3.53,20211112_120550_043300_1.txt
5156364,5161548,FEM,42.34,21.26,14.53,20211112_120550_043300_1.txt
5162511,5173009,FEM,83.14,42.41,28.97,20211112_120550_043300_1.txt
5174933,5177533,FEM,22.53,10.98,7.5,20211112_120550_043300_1.txt
5179845,5185491,FEM,50.19,25.22,16.86,20211112_120550_043300_1.txt
5194893,5198492,FEM,31.26,15.7,10.47,20211112_120550_043300_1.txt
5197542,5202348,MAL,39.36,19.55,13.42,20211112_120550_043300_1.txt
5205011,5205124,FEM,11.46,5.67,3.44,20211112_120550_043300_1.txt
5205441,5206491,FEM,11.29,5.27,3.55,20211112_120550_043300_1.txt
5209620,5214558,FEM,44.94,23.22,15.31,20211112_120550_043300_1.txt
5214777,5217511,MAL,26.62,13.3,8.88,20211112_120550_043300_1.txt
5219583,5220992,MAL,16.89,8.31,5.42,20211112_120550_043300_1.txt
5221356,5221774,MAL,9.03,4.19,2.63,20211112_120550_043300_1.txt
5221992,5227277,FEM,43.49,21.95,14.83,20211112_120550_043300_1.txt
5230511,5232992,FEM,21.17,10.45,7.03,20211112_120550_043300_1.txt
5233766,5234353,FEM,10.0,4.73,2.99,20211112_120550_043300_1.txt
5234993,5238533,FEM,32.33,16.56,10.92,20211112_120550_043300_1.txt
5249593,5250516,FEM,10.73,5.12,3.34,20211112_120550_043300_1.txt
5252821,5253623,FEM,9.84,4.6,2.97,20211112_120550_043300_1.txt
5255992,5257026,FEM,12.93,6.26,4.04,20211112_120550_043300_1.txt
5260493,5265471,FEM,42.38,20.6,14.09,20211112_120550_043300_1.txt
5265992,5267511,MAL,16.67,8.23,5.37,20211112_120550_043300_1.txt
5269511,5271448,FEM,19.31,9.42,6.26,20211112_120550_043300_1.txt
5273205,5274990,MAL,18.57,9.2,6.09,20211112_120550_043300_1.txt
5275493,5279435,FEM,34.26,16.81,11.37,20211112_120550_043300_1.txt
5280344,5284514,FEM,33.26,16.68,11.34,20211112_120550_043300_1.txt
5287309,5288011,FEM,7.97,3.47,2.28,20211112_120550_043300_1.txt
5289492,5297511,FEM,69.17,35.49,23.58,20211112_120550_043300_1.txt
5297947,5298718,MAL,11.66,5.63,3.57,20211112_120550_043300_1.txt
5300011,5309012,FEM,74.38,38.59,25.85,20211112_120550_043300_1.txt
5310011,5315993,FEM,57.71,29.6,19.21,20211112_120550_043300_1.txt
5319511,5321190,FEM,15.6,7.65,5.04,20211112_120550_043300_1.txt
5323025,5324333,FEM,11.3,5.34,3.59,20211112_120550_043300_1.txt
5324954,5328012,FEM,24.73,12.56,8.31,20211112_120550_043300_1.txt
5328636,5330126,FEM,13.54,6.49,4.32,20211112_120550_043300_1.txt
5330281,5330492,FEM,9.5,4.57,2.81,20211112_120550_043300_1.txt
5330662,5332036,FEM,13.0,6.16,4.07,20211112_120550_043300_1.txt
5334491,5335532,FEM,7.41,3.01,2.2,20211112_120550_043300_1.txt
5338992,5340624,FEM,16.33,7.85,5.06,20211112_120550_043300_1.txt
5341223,5342011,FEM,10.67,5.07,3.24,20211112_120550_043300_1.txt
5343011,5343634,FEM,8.32,3.8,2.43,20211112_120550_043300_1.txt
5344903,5346003,FEM,10.77,5.12,3.38,20211112_120550_043300_1.txt
5347011,5350361,FEM,29.54,15.06,9.91,20211112_120550_043300_1.txt
5351334,5354491,FEM,27.29,13.95,9.18,20211112_120550_043300_1.txt
5355570,5358012,FEM,20.84,10.37,6.96,20211112_120550_043300_1.txt
5359510,5363012,FEM,34.52,17.7,11.54,20211112_120550_043300_1.txt
5363511,5367497,FEM,38.7,20.01,13.07,20211112_120550_043300_1.txt
5368132,5372992,FEM,41.24,21.22,14.06,20211112_120550_043300_1.txt
5374492,5375849,FEM,12.8,6.1,4.05,20211112_120550_043300_1.txt
5377025,5380905,FEM,39.81,20.25,13.05,20211112_120550_043300_1.txt
5381708,5382565,FEM,12.6,6.22,3.95,20211112_120550_043300_1.txt
5407493,5407814,FEM,14.4,7.3,4.46,20211112_120550_043300_1.txt
5408503,5410204,MAL,25.02,12.71,8.02,20211112_120550_043300_1.txt
5410606,5412493,FEM,25.77,13.18,8.35,20211112_120550_043300_1.txt
5412044,5414126,MAL,26.39,13.64,8.7,20211112_120550_043300_1.txt
5413885,5415935,FEM,28.64,14.63,9.23,20211112_120550_043300_1.txt
5414351,5414459,MAL,15.52,7.95,4.8,20211112_120550_043300_1.txt
5420512,5421388,MAL,17.24,8.69,5.45,20211112_120550_043300_1.txt
5423774,5425937,FEM,24.18,12.36,7.98,20211112_120550_043300_1.txt
5431011,5432979,FEM,21.21,10.73,6.9,20211112_120550_043300_1.txt
5433991,5435511,FEM,20.91,10.54,6.62,20211112_120550_043300_1.txt
5436636,5438556,FEM,24.84,12.58,7.89,20211112_120550_043300_1.txt
5439935,5440445,FEM,10.51,5.12,3.2,20211112_120550_043300_1.txt
5443991,5445287,FEM,18.67,9.33,5.83,20211112_120550_043300_1.txt
5445638,5445992,FEM,9.73,4.71,2.91,20211112_120550_043300_1.txt
5448735,5450871,FEM,25.49,13.02,8.25,20211112_120550_043300_1.txt
5452579,5454992,FEM,25.71,13.28,8.53,20211112_120550_043300_1.txt
5455492,5456402,MAL,12.33,6.05,3.87,20211112_120550_043300_1.txt
5456012,5456881,FEM,15.36,7.57,4.71,20211112_120550_043300_1.txt
5458320,5460716,FEM,25.66,13.19,8.45,20211112_120550_043300_1.txt
5465991,5467503,FEM,17.49,8.82,5.64,20211112_120550_043300_1.txt
5468978,5469491,FEM,9.16,4.38,2.75,20211112_120550_043300_1.txt
5469014,5469216,MAL,8.77,4.19,2.56,20211112_120550_043300_1.txt
5472051,5474402,FEM,26.22,13.35,8.42,20211112_120550_043300_1.txt
5476012,5476866,FEM,9.19,4.38,2.81,20211112_120550_043300_1.txt
5522862,5523912,FEM,11.58,5.67,3.64,20211112_120550_043300_1.txt
5569590,5570484,FEM,9.95,4.74,3.02,20211112_120550_043300_1.txt
5582697,5582800,FEM,7.22,3.34,2.03,20211112_120550_043300_1.txt
5603492,5604010,FEM,7.43,3.43,2.17,20211112_120550_043300_1.txt
5624500,5625209,FEM,10.51,5.11,3.23,20211112_120550_043300_1.txt
5625388,5625511,FEM,9.13,4.4,2.67,20211112_120550_043300_1.txt
5627357,5628165,FEM,9.2,4.37,2.81,20211112_120550_043300_1.txt
5628624,5628810,FEM,9.34,4.51,2.75,20211112_120550_043300_1.txt
5630545,5632992,FEM,27.19,14.07,8.97,20211112_120550_043300_1.txt
5636063,5637511,FEM,17.23,8.77,5.59,20211112_120550_043300_1.txt
5645572,5646476,FEM,11.36,5.55,3.54,20211112_120550_043300_1.txt
5648010,5650303,FEM,24.61,12.71,8.14,20211112_120550_043300_1.txt
5651628,5652452,FEM,12.82,6.37,4.02,20211112_120550_043300_1.txt
5655818,5656999,FEM,16.8,8.42,5.3,20211112_120550_043300_1.txt
5656115,5658913,MAL,33.83,17.41,10.98,20211112_120550_043300_1.txt
5679511,5681011,FEM,15.19,7.58,4.87,20211112_120550_043300_1.txt
5688993,5689725,FEM,8.01,3.73,2.4,20211112_120550_043300_1.txt
5691492,5693011,FEM,14.68,7.31,4.7,20211112_120550_043300_1.txt
5713511,5714012,FEM,6.42,2.86,1.83,20211112_120550_043300_1.txt
5755307,5760047,FEM,55.51,28.85,18.16,20211112_120550_043300_1.txt
5758513,5758614,MAL,10.86,5.37,3.24,20211112_120550_043300_1.txt
5766992,5769414,FEM,27.44,14.18,9.0,20211112_120550_043300_1.txt
5812992,5813512,FEM,10.65,5.21,3.24,20211112_120550_043300_1.txt
6221301,6221450,MAL,10.27,5.03,3.05,20211112_120550_043300_1.txt
6221549,6223608,FEM,25.35,12.83,8.08,20211112_120550_043300_1.txt
6221615,6221905,MAL,9.22,4.43,2.73,20211112_120550_043300_1.txt
6222499,6222870,MAL,9.83,4.76,2.95,20211112_120550_043300_1.txt
6224749,6225567,FEM,13.27,6.51,4.06,20211112_120550_043300_1.txt
6228024,6228601,MAL,10.15,4.94,3.09,20211112_120550_043300_1.txt
6228492,6229628,FEM,16.05,8.02,5.04,20211112_120550_043300_1.txt
6283749,6284461,FEM,8.83,4.18,2.67,20211112_120550_043300_1.txt
6305897,6306920,FEM,10.67,5.19,3.34,20211112_120550_043300_1.txt
6355493,6360993,FEM,49.9,26.04,17.05,20211112_120550_043300_1.txt
6359548,6361811,MAL,25.85,12.95,8.28,20211112_120550_043300_1.txt
6363510,6367493,FEM,35.78,18.34,12.09,20211112_120550_043300_1.txt
6368510,6369831,FEM,11.44,5.51,3.64,20211112_120550_043300_1.txt
6369992,6371492,FEM,14.87,7.12,4.76,20211112_120550_043300_1.txt
6372992,6374420,FEM,13.01,6.05,4.13,20211112_120550_043300_1.txt
6375993,6377947,FEM,19.3,9.61,6.31,20211112_120550_043300_1.txt
6378922,6379698,FEM,11.62,5.54,3.56,20211112_120550_043300_1.txt
6379737,6380539,MAL,10.68,4.93,3.25,20211112_120550_043300_1.txt
6382493,6383816,FEM,15.64,7.81,5.04,20211112_120550_043300_1.txt
6385917,6388399,FEM,21.8,10.7,7.23,20211112_120550_043300_1.txt
6388991,6391407,FEM,23.97,12.17,7.95,20211112_120550_043300_1.txt
6392680,6393210,FEM,11.11,5.36,3.35,20211112_120550_043300_1.txt
6395993,6396314,FEM,10.21,4.96,3.06,20211112_120550_043300_1.txt
6403992,6404257,FEM,8.91,4.21,2.62,20211112_120550_043300_1.txt
6404407,6404523,FEM,9.17,4.41,2.68,20211112_120550_043300_1.txt
6405623,6407223,FEM,17.39,8.51,5.51,20211112_120550_043300_1.txt
6407324,6407562,MAL,9.05,4.32,2.66,20211112_120550_043300_1.txt
6412993,6414216,FEM,15.25,7.55,4.89,20211112_120550_043300_1.txt
6415511,6417492,FEM,21.93,10.82,7.14,20211112_120550_043300_1.txt
6431010,6431866,FEM,12.85,6.32,4.03,20211112_120550_043300_1.txt
6432598,6433011,FEM,8.77,4.14,2.6,20211112_120550_043300_1.txt
6439011,6440889,FEM,19.56,9.81,6.39,20211112_120550_043300_1.txt
6447511,6451779,FEM,35.4,17.66,12.07,20211112_120550_043300_1.txt
6457011,6457338,FEM,10.11,4.89,3.03,20211112_120550_043300_1.txt
6457492,6459991,FEM,26.11,12.8,8.41,20211112_120550_043300_1.txt
6460585,6461807,FEM,13.17,6.28,4.15,20211112_120550_043300_1.txt
6462646,6462756,FEM,7.64,3.57,2.17,20211112_120550_043300_1.txt
6462992,6465010,FEM,18.52,9.19,6.06,20211112_120550_043300_1.txt
6479992,6480589,FEM,8.79,3.99,2.64,20211112_120550_043300_1.txt
6483491,6484991,FEM,15.51,7.16,4.92,20211112_120550_043300_1.txt
6485722,6485992,FEM,9.79,4.7,2.92,20211112_120550_043300_1.txt
6486269,6489011,FEM,24.14,11.59,8.0,20211112_120550_043300_1.txt
6489325,6489511,FEM,10.8,5.31,3.24,20211112_120550_043300_1.txt
6491173,6492511,FEM,14.51,6.86,4.61,20211112_120550_043300_1.txt
6494268,6494443,FEM,9.18,4.4,2.69,20211112_120550_043300_1.txt
6506492,6508274,FEM,18.06,8.86,5.87,20211112_120550_043300_1.txt
6508379,6508492,FEM,9.52,4.61,2.8,20211112_120550_043300_1.txt
6518021,6520011,FEM,19.87,9.77,6.51,20211112_120550_043300_1.txt
6525448,6527394,MAL,20.24,9.75,6.52,20211112_120550_043300_1.txt
6525993,6526150,FEM,11.36,5.61,3.42,20211112_120550_043300_1.txt
6537011,6537284,FEM,9.85,4.69,2.93,20211112_120550_043300_1.txt
6537512,6537696,FEM,9.73,4.69,2.88,20211112_120550_043300_1.txt
6537822,6539928,FEM,16.41,7.73,5.32,20211112_120550_043300_1.txt
6544564,6550850,FEM,53.83,27.21,18.34,20211112_120550_043300_1.txt
6550011,6550433,MAL,9.77,4.6,2.93,20211112_120550_043300_1.txt
6552510,6556504,FEM,33.25,16.32,11.15,20211112_120550_043300_1.txt
6556896,6557492,FEM,10.05,4.76,3.05,20211112_120550_043300_1.txt
6558482,6560011,MAL,16.63,8.09,5.3,20211112_120550_043300_1.txt
6567991,6569781,FEM,16.78,7.81,5.39,20211112_120550_043300_1.txt
6575318,6595492,FEM,163.87,84.2,57.07,20211112_120550_043300_1.txt
6592654,6592786,MAL,9.33,4.5,2.74,20211112_120550_043300_1.txt
6595302,6596914,MAL,15.82,7.66,5.04,20211112_120550_043300_1.txt
6596873,6599011,FEM,18.41,8.98,6.05,20211112_120550_043300_1.txt
6601510,6603992,FEM,20.17,9.78,6.69,20211112_120550_043300_1.txt
6604359,6605512,FEM,11.47,5.29,3.52,20211112_120550_043300_1.txt
6606755,6607427,FEM,10.18,4.86,3.11,20211112_120550_043300_1.txt
6607600,6607991,FEM,8.42,3.95,2.48,20211112_120550_043300_1.txt
6608127,6609759,FEM,14.74,6.85,4.69,20211112_120550_043300_1.txt
6613800,6614240,FEM,6.21,2.63,1.75,20211112_120550_043300_1.txt
6614806,6615511,FEM,7.97,3.62,2.38,20211112_120550_043300_1.txt
6618011,6619992,FEM,15.29,7.27,4.98,20211112_120550_043300_1.txt
6622140,6623492,FEM,12.88,5.94,4.07,20211112_120550_043300_1.txt
6625225,6626499,FEM,13.16,6.14,4.1,20211112_120550_043300_1.txt
6629011,6630992,FEM,18.79,9.15,6.15,20211112_120550_043300_1.txt
6633011,6633418,FEM,6.87,3.05,1.96,20211112_120550_043300_1.txt
6642010,6642327,FEM,7.15,3.25,2.04,20211112_120550_043300_1.txt
6642493,6643033,FEM,8.38,3.9,2.49,20211112_120550_043300_1.txt
6648507,6650011,FEM,12.27,5.69,3.9,20211112_120550_043300_1.txt
6661133,6661525,MAL,8.57,4.01,2.53,20211112_120550_043300_1.txt
6662491,6664349,FEM,17.18,8.27,5.59,20211112_120550_043300_1.txt
6667002,6668492,FEM,11.93,5.56,3.78,20211112_120550_043300_1.txt
6671992,6673821,MAL,11.48,5.0,3.69,20211112_120550_043300_1.txt
6676012,6680011,FEM,30.46,14.85,10.32,20211112_120550_043300_1.txt
6684512,6684721,FEM,6.82,3.05,1.91,20211112_120550_043300_1.txt
6684928,6687010,FEM,17.65,8.54,5.73,20211112_120550_043300_1.txt
6689491,6691437,FEM,17.68,8.63,5.77,20211112_120550_043300_1.txt
6690794,6691265,MAL,8.14,3.77,2.4,20211112_120550_043300_1.txt
6691623,6692592,MAL,11.05,5.1,3.4,20211112_120550_043300_1.txt
6692510,6698818,FEM,47.91,23.81,16.53,20211112_120550_043300_1.txt
6698975,6700492,MAL,16.59,7.99,5.28,20211112_120550_043300_1.txt
6701000,6704007,MAL,26.09,12.87,8.75,20211112_120550_043300_1.txt
6709670,6712036,FEM,18.93,9.12,6.26,20211112_120550_043300_1.txt
6712011,6714854,MAL,20.64,9.45,6.86,20211112_120550_043300_1.txt
6712573,6712774,FEM,8.15,3.75,2.36,20211112_120550_043300_1.txt
6713511,6713649,FEM,10.05,4.9,2.98,20211112_120550_043300_1.txt
6725012,6726517,FEM,9.18,3.6,2.92,20211112_120550_043300_1.txt
6727303,6728489,MAL,7.29,2.4,2.23,20211112_120550_043300_1.txt
6728722,6729993,FEM,12.74,5.93,4.01,20211112_120550_043300_1.txt
6731542,6732158,FEM,8.49,3.84,2.49,20211112_120550_043300_1.txt
6732317,6732516,FEM,4.59,1.87,1.17,20211112_120550_043300_1.txt
6740543,6741140,MAL,8.82,4.13,2.65,20211112_120550_043300_1.txt
6742992,6746294,FEM,21.89,9.87,7.35,20211112_120550_043300_1.txt
6746600,6746973,FEM,6.08,2.62,1.7,20211112_120550_043300_1.txt
6750621,6752827,FEM,19.06,9.36,6.28,20211112_120550_043300_1.txt
6776011,6776186,FEM,8.62,4.01,2.51,20211112_120550_043300_1.txt
6776291,6777805,FEM,16.4,8.01,5.27,20211112_120550_043300_1.txt
6778569,6780219,FEM,12.14,5.21,3.93,20211112_120550_043300_1.txt
6795993,6797103,FEM,11.27,5.15,3.44,20211112_120550_043300_1.txt
6808224,6809493,FEM,12.35,5.82,3.93,20211112_120550_043300_1.txt
6809609,6811511,FEM,13.21,5.69,4.28,20211112_120550_043300_1.txt
6813011,6813836,FEM,8.69,3.86,2.64,20211112_120550_043300_1.txt
6830158,6836349,FEM,48.59,24.54,16.73,20211112_120550_043300_1.txt
6839011,6840984,FEM,17.99,8.86,5.88,20211112_120550_043300_1.txt
6841125,6841479,FEM,7.23,3.29,2.08,20211112_120550_043300_1.txt
6843211,6843511,FEM,9.39,4.49,2.79,20211112_120550_043300_1.txt
6844112,6844281,FEM,10.67,5.23,3.19,20211112_120550_043300_1.txt
6849878,6851992,FEM,16.74,7.9,5.43,20211112_120550_043300_1.txt
6860393,6860511,FEM,7.11,3.26,2.0,20211112_120550_043300_1.txt
6861011,6861435,FEM,7.77,3.58,2.27,20211112_120550_043300_1.txt
6863316,6864678,FEM,15.18,7.32,4.79,20211112_120550_043300_1.txt
6868869,6872713,FEM,30.51,15.04,10.31,20211112_120550_043300_1.txt
6876993,6878011,FEM,10.08,4.55,3.03,20211112_120550_043300_1.txt
6881723,6887226,FEM,43.09,21.67,14.84,20211112_120550_043300_1.txt
6888993,6890572,FEM,13.93,6.56,4.46,20211112_120550_043300_1.txt
6893630,6896497,FEM,24.24,11.93,8.11,20211112_120550_043300_1.txt
6896546,6896661,MAL,9.51,4.59,2.8,20211112_120550_043300_1.txt
6897992,6899023,FEM,11.54,5.43,3.57,20211112_120550_043300_1.txt
6904992,6905336,FEM,7.5,3.41,2.16,20211112_120550_043300_1.txt
6905513,6905641,FEM,3.42,1.22,0.77,20211112_120550_043300_1.txt
6905972,6906223,FEM,5.49,2.36,1.48,20211112_120550_043300_1.txt
6906455,6907012,FEM,8.0,3.66,2.37,20211112_120550_043300_1.txt
6911492,6914146,FEM,22.49,11.14,7.49,20211112_120550_043300_1.txt
6914761,6915011,FEM,7.47,3.43,2.14,20211112_120550_043300_1.txt
6915512,6919012,FEM,27.29,13.32,9.13,20211112_120550_043300_1.txt
6918166,6918333,MAL,6.18,2.71,1.69,20211112_120550_043300_1.txt
6919592,6919992,FEM,6.67,2.98,1.9,20211112_120550_043300_1.txt
6920135,6920452,FEM,8.43,3.97,2.47,20211112_120550_043300_1.txt
6926992,6928202,FEM,12.78,6.25,4.07,20211112_120550_043300_1.txt
6928492,6928661,FEM,11.69,5.79,3.53,20211112_120550_043300_1.txt
6928770,6937491,FEM,65.65,32.74,22.69,20211112_120550_043300_1.txt
6938060,6943376,FEM,33.38,15.23,11.46,20211112_120550_043300_1.txt
6944650,6946201,FEM,12.51,5.97,4.04,20211112_120550_043300_1.txt
6948349,6950492,FEM,18.44,8.87,6.01,20211112_120550_043300_1.txt
6954441,6957765,FEM,25.71,12.92,8.73,20211112_120550_043300_1.txt
6958011,6961997,FEM,32.35,15.9,10.85,20211112_120550_043300_1.txt
6964491,6965011,FEM,7.33,3.28,2.14,20211112_120550_043300_1.txt
6967391,6968068,MAL,6.67,2.85,1.95,20211112_120550_043300_1.txt
6971511,6973372,FEM,15.27,7.26,4.96,20211112_120550_043300_1.txt
6977011,6979993,FEM,24.24,11.78,8.13,20211112_120550_043300_1.txt
6988493,6989770,FEM,13.32,6.38,4.21,20211112_120550_043300_1.txt
6999026,7000973,FEM,18.4,9.03,6.01,20211112_120550_043300_1.txt
7006492,7007066,FEM,7.36,3.28,2.16,20211112_120550_043300_1.txt
7012450,7016492,FEM,28.12,13.4,9.55,20211112_120550_043300_1.txt
7019511,7022012,FEM,18.94,8.89,6.23,20211112_120550_043300_1.txt
7023011,7025208,FEM,16.11,7.33,5.29,20211112_120550_043300_1.txt
7026510,7029546,FEM,21.81,10.43,7.33,20211112_120550_043300_1.txt
7029858,7039011,FEM,65.58,32.56,22.89,20211112_120550_043300_1.txt
7040993,7053011,FEM,93.47,47.78,32.67,20211112_120550_043300_1.txt
7055011,7056629,FEM,17.58,8.49,5.63,20211112_120550_043300_1.txt
7056911,7058511,FEM,17.16,8.22,5.44,20211112_120550_043300_1.txt
7061011,7063049,FEM,18.34,8.96,5.96,20211112_120550_043300_1.txt
7062253,7062511,MAL,8.68,4.11,2.54,20211112_120550_043300_1.txt
7068392,7070525,FEM,19.13,9.44,6.29,20211112_120550_043300_1.txt
7070848,7071511,FEM,10.54,4.95,3.18,20211112_120550_043300_1.txt
7072756,7072962,FEM,7.0,3.19,1.97,20211112_120550_043300_1.txt
7073663,7073990,MAL,6.55,2.91,1.84,20211112_120550_043300_1.txt
7079564,7083486,FEM,34.21,16.83,11.24,20211112_120550_043300_1.txt
7086160,7089446,FEM,26.93,13.25,9.03,20211112_120550_043300_1.txt
7092492,7093668,FEM,11.78,5.55,3.68,20211112_120550_043300_1.txt
7094010,7096992,FEM,24.23,11.85,8.13,20211112_120550_043300_1.txt
7098266,7099090,FEM,10.78,5.08,3.28,20211112_120550_043300_1.txt
7100511,7100838,FEM,7.2,3.26,2.06,20211112_120550_043300_1.txt
7106454,7112715,FEM,47.11,23.48,16.2,20211112_120550_043300_1.txt
7125492,7127897,FEM,20.44,9.94,6.77,20211112_120550_043300_1.txt
7125779,7125889,MAL,8.44,4.01,2.44,20211112_120550_043300_1.txt
7130074,7132511,FEM,18.24,8.57,6.04,20211112_120550_043300_1.txt
7132357,7132710,MAL,8.81,4.16,2.6,20211112_120550_043300_1.txt
7134811,7136239,FEM,13.54,6.41,4.31,20211112_120550_043300_1.txt
7136976,7138493,FEM,15.5,7.4,4.87,20211112_120550_043300_1.txt
7138761,7140784,MAL,17.12,7.76,5.49,20211112_120550_043300_1.txt
7140992,7154492,FEM,109.27,55.9,37.97,20211112_120550_043300_1.txt
7153604,7153771,MAL,8.57,4.07,2.49,20211112_120550_043300_1.txt
7153942,7155493,MAL,16.57,7.95,5.28,20211112_120550_043300_1.txt
7158059,7165135,FEM,55.33,27.87,19.07,20211112_120550_043300_1.txt
7164197,7164362,MAL,7.09,3.24,2.0,20211112_120550_043300_1.txt
7165368,7166856,FEM,15.1,7.21,4.84,20211112_120550_043300_1.txt
7167099,7168515,FEM,11.7,5.26,3.69,20211112_120550_043300_1.txt
7167511,7168022,MAL,6.85,2.96,1.98,20211112_120550_043300_1.txt
7168267,7168387,MAL,9.34,4.5,2.74,20211112_120550_043300_1.txt
7169666,7170657,FEM,12.2,5.75,3.79,20211112_120550_043300_1.txt
7173336,7173839,MAL,8.25,3.82,2.44,20211112_120550_043300_1.txt
7173993,7176391,FEM,20.35,10.01,6.74,20211112_120550_043300_1.txt
7179389,7179510,FEM,7.49,3.48,2.12,20211112_120550_043300_1.txt
7182898,7183872,MAL,11.31,5.31,3.54,20211112_120550_043300_1.txt
7183488,7184511,FEM,11.67,5.32,3.62,20211112_120550_043300_1.txt
7188072,7188825,MAL,10.28,4.8,3.11,20211112_120550_043300_1.txt
7191094,7191664,FEM,8.85,4.17,2.65,20211112_120550_043300_1.txt
7198246,7198347,MAL,11.08,5.48,3.32,20211112_120550_043300_1.txt
7198767,7200895,FEM,15.82,7.12,5.13,20211112_120550_043300_1.txt
7201364,7205422,FEM,33.13,16.49,11.17,20211112_120550_043300_1.txt
7206481,7208722,FEM,18.38,8.87,6.06,20211112_120550_043300_1.txt
7209484,7211011,FEM,13.91,6.71,4.45,20211112_120550_043300_1.txt
7213070,7213725,MAL,9.02,4.18,2.72,20211112_120550_043300_1.txt
7213133,7217063,FEM,30.05,14.78,10.23,20211112_120550_043300_1.txt
7217492,7217607,FEM,5.49,2.38,1.46,20211112_120550_043300_1.txt
7217789,7219493,FEM,14.5,6.92,4.67,20211112_120550_043300_1.txt
7220273,7222765,FEM,21.19,10.23,6.93,20211112_120550_043300_1.txt
7223329,7225059,FEM,14.77,6.96,4.77,20211112_120550_043300_1.txt
7229010,7229304,FEM,6.6,2.9,1.86,20211112_120550_043300_1.txt
7229483,7231135,FEM,12.73,5.81,4.07,20211112_120550_043300_1.txt
7231764,7233011,FEM,12.32,5.61,3.82,20211112_120550_043300_1.txt
7238293,7239867,FEM,14.59,7.03,4.68,20211112_120550_043300_1.txt
7243435,7244161,FEM,8.33,3.73,2.45,20211112_120550_043300_1.txt
7247510,7248389,FEM,7.81,3.39,2.3,20211112_120550_043300_1.txt
7250381,7252204,FEM,14.96,7.05,4.8,20211112_120550_043300_1.txt
7262777,7265398,FEM,20.09,9.7,6.69,20211112_120550_043300_1.txt
7267048,7268914,FEM,16.19,8.09,5.31,20211112_120550_043300_1.txt
7268496,7268607,MAL,7.14,3.29,2.0,20211112_120550_043300_1.txt
7275096,7275749,FEM,7.73,3.26,2.29,20211112_120550_043300_1.txt
7286966,7290511,FEM,28.85,14.55,9.76,20211112_120550_043300_1.txt
7295169,7295993,FEM,7.71,3.4,2.32,20211112_120550_043300_1.txt
7299511,7301011,FEM,12.64,5.8,4.02,20211112_120550_043300_1.txt
7305942,7307172,FEM,13.23,6.25,4.17,20211112_120550_043300_1.txt
7308510,7309511,FEM,10.03,4.39,3.06,20211112_120550_043300_1.txt
7313510,7313694,FEM,10.64,5.18,3.18,20211112_120550_043300_1.txt
7313993,7319012,FEM,39.03,19.47,13.4,20211112_120550_043300_1.txt
7320211,7323257,FEM,28.85,14.38,9.52,20211112_120550_043300_1.txt
7326492,7327010,FEM,7.49,3.37,2.19,20211112_120550_043300_1.txt
7329992,7330913,FEM,10.42,4.81,3.18,20211112_120550_043300_1.txt
7334962,7344404,FEM,74.6,37.57,25.68,20211112_120550_043300_1.txt
7348492,7350134,FEM,16.97,8.21,5.43,20211112_120550_043300_1.txt
7354493,7356493,FEM,18.53,8.89,6.01,20211112_120550_043300_1.txt
7359169,7365819,FEM,53.93,27.38,18.54,20211112_120550_043300_1.txt
7367856,7368511,FEM,9.75,4.51,2.91,20211112_120550_043300_1.txt
7372642,7372991,FEM,8.26,3.86,2.42,20211112_120550_043300_1.txt
7373325,7373492,FEM,7.39,3.41,2.1,20211112_120550_043300_1.txt
7374542,7376493,FEM,17.05,8.12,5.41,20211112_120550_043300_1.txt
7379993,7385140,FEM,42.66,20.97,14.21,20211112_120550_043300_1.txt
7389620,7390511,MAL,13.58,6.47,4.12,20211112_120550_043300_1.txt
7390232,7390402,FEM,8.88,4.25,2.59,20211112_120550_043300_1.txt
7392131,7395012,FEM,21.49,10.54,7.2,20211112_120550_043300_1.txt
7397492,7399011,FEM,13.55,6.31,4.38,20211112_120550_043300_1.txt
7404991,7406511,FEM,15.32,7.42,4.91,20211112_120550_043300_1.txt
7415837,7418010,MAL,14.94,6.68,4.9,20211112_120550_043300_1.txt
7422511,7422968,FEM,7.96,3.6,2.34,20211112_120550_043300_1.txt
7427492,7428010,FEM,6.21,2.5,1.71,20211112_120550_043300_1.txt
7430608,7434769,FEM,34.12,16.28,11.25,20211112_120550_043300_1.txt
7434875,7435047,FEM,5.78,2.51,1.56,20211112_120550_043300_1.txt
7435358,7448428,FEM,97.81,49.49,34.24,20211112_120550_043300_1.txt
7436796,7437805,MAL,11.22,5.1,3.41,20211112_120550_043300_1.txt
7454887,7457492,FEM,19.57,9.53,6.51,20211112_120550_043300_1.txt
7459012,7459349,FEM,9.81,4.69,2.93,20211112_120550_043300_1.txt
7459756,7460993,FEM,13.04,6.21,4.11,20211112_120550_043300_1.txt
7459926,7462181,MAL,17.97,8.57,5.87,20211112_120550_043300_1.txt
7461438,7466492,FEM,37.75,17.9,12.56,20211112_120550_043300_1.txt
7468991,7470790,FEM,11.88,5.02,3.81,20211112_120550_043300_1.txt
7476059,7477272,FEM,12.95,6.19,4.07,20211112_120550_043300_1.txt
7477409,7480403,FEM,23.5,11.33,7.89,20211112_120550_043300_1.txt
7478828,7479932,MAL,10.91,4.93,3.38,20211112_120550_043300_1.txt
7481243,7483012,FEM,15.43,7.46,4.99,20211112_120550_043300_1.txt
7487041,7487159,FEM,9.57,4.62,2.82,20211112_120550_043300_1.txt
7487508,7489511,FEM,17.37,8.39,5.68,20211112_120550_043300_1.txt
7492073,7493511,FEM,16.99,8.38,5.46,20211112_120550_043300_1.txt
7497009,7497433,FEM,10.6,5.12,3.21,20211112_120550_043300_1.txt
7498099,7498391,FEM,7.29,3.31,2.09,20211112_120550_043300_1.txt
7498504,7500011,FEM,13.18,6.23,4.2,20211112_120550_043300_1.txt
7501511,7503388,FEM,15.25,7.27,4.95,20211112_120550_043300_1.txt
7504010,7505475,FEM,13.04,6.1,4.09,20211112_120550_043300_1.txt
7507115,7507383,FEM,7.11,3.22,2.02,20211112_120550_043300_1.txt
7507704,7507858,FEM,9.07,4.35,2.65,20211112_120550_043300_1.txt
7508462,7510276,FEM,15.81,7.53,5.07,20211112_120550_043300_1.txt
7510511,7512185,FEM,14.19,6.65,4.56,20211112_120550_043300_1.txt
7512792,7513985,MAL,13.12,6.06,4.13,20211112_120550_043300_1.txt
7513992,7515067,FEM,8.56,3.74,2.59,20211112_120550_043300_1.txt
7515511,7518650,FEM,26.8,12.85,8.75,20211112_120550_043300_1.txt
7528012,7531460,MAL,27.95,13.56,9.34,20211112_120550_043300_1.txt
7534166,7536210,FEM,20.49,10.16,6.72,20211112_120550_043300_1.txt
7539369,7540130,FEM,11.9,5.72,3.65,20211112_120550_043300_1.txt
7545486,7550628,FEM,44.71,22.77,15.16,20211112_120550_043300_1.txt
7545590,7545907,MAL,9.79,4.73,2.92,20211112_120550_043300_1.txt
7551492,7551598,FEM,9.55,4.62,2.8,20211112_120550_043300_1.txt
7551920,7553538,FEM,13.36,6.47,4.33,20211112_120550_043300_1.txt
7556477,7557992,FEM,16.93,8.08,5.29,20211112_120550_043300_1.txt
7558004,7560049,MAL,21.33,10.5,6.85,20211112_120550_043300_1.txt
7559992,7561761,FEM,17.14,8.46,5.56,20211112_120550_043300_1.txt
7564452,7574429,FEM,91.25,46.93,30.95,20211112_120550_043300_1.txt
7571598,7572357,MAL,11.32,5.32,3.4,20211112_120550_043300_1.txt
7576011,7582761,FEM,55.32,28.35,19.12,20211112_120550_043300_1.txt
7585210,7586627,FEM,12.57,6.16,4.03,20211112_120550_043300_1.txt
7587010,7587371,FEM,8.71,4.12,2.57,20211112_120550_043300_1.txt
7588492,7592282,FEM,31.59,15.79,10.61,20211112_120550_043300_1.txt
7592700,7592811,FEM,13.5,6.81,4.12,20211112_120550_043300_1.txt
7592992,7594833,FEM,18.68,8.83,5.82,20211112_120550_043300_1.txt
7595512,7597130,FEM,14.48,6.85,4.65,20211112_120550_043300_1.txt
7601492,7605893,FEM,38.11,18.91,12.68,20211112_120550_043300_1.txt
7608992,7613992,FEM,39.41,19.71,13.53,20211112_120550_043300_1.txt
7614275,7617393,FEM,26.83,13.19,9.02,20211112_120550_043300_1.txt
7621275,7624031,FEM,26.66,13.05,8.69,20211112_120550_043300_1.txt
7624511,7627002,FEM,24.18,12.07,8.03,20211112_120550_043300_1.txt
7628960,7630511,MAL,15.46,7.52,4.97,20211112_120550_043300_1.txt
7632881,7634511,FEM,15.79,7.72,5.14,20211112_120550_043300_1.txt
7641351,7647492,FEM,48.74,24.82,16.83,20211112_120550_043300_1.txt
7655511,7658007,FEM,18.32,8.6,6.08,20211112_120550_043300_1.txt
7659993,7661491,MAL,10.98,4.67,3.46,20211112_120550_043300_1.txt
7665762,7667365,FEM,13.88,6.72,4.5,20211112_120550_043300_1.txt
7667511,7670705,FEM,20.77,9.41,7.01,20211112_120550_043300_1.txt
7672890,7673042,FEM,11.96,5.91,3.62,20211112_120550_043300_1.txt
7673346,7673493,FEM,10.97,5.4,3.29,20211112_120550_043300_1.txt
7676247,7679514,FEM,25.96,12.81,8.75,20211112_120550_043300_1.txt
7694992,7698325,FEM,26.66,13.15,9.0,20211112_120550_043300_1.txt
7700630,7700763,FEM,9.75,4.71,2.88,20211112_120550_043300_1.txt
7701016,7703492,FEM,23.44,11.82,7.78,20211112_120550_043300_1.txt
7706367,7708816,FEM,23.63,11.59,7.78,20211112_120550_043300_1.txt
7714845,7714990,FEM,7.35,3.38,2.08,20211112_120550_043300_1.txt
7715491,7716401,FEM,9.3,4.18,2.81,20211112_120550_043300_1.txt
7718993,7723492,FEM,37.0,18.67,12.59,20211112_120550_043300_1.txt
7725993,7728992,FEM,23.45,10.99,7.66,20211112_120550_043300_1.txt
7729202,7730601,FEM,12.89,5.97,4.03,20211112_120550_043300_1.txt
7731388,7734628,FEM,25.3,12.48,8.53,20211112_120550_043300_1.txt
7741992,7752119,FEM,75.24,37.71,26.22,20211112_120550_043300_1.txt
7756320,7758699,FEM,20.9,10.12,6.87,20211112_120550_043300_1.txt
7766960,7770011,FEM,25.71,12.73,8.58,20211112_120550_043300_1.txt
7772635,7774139,FEM,16.26,7.87,5.17,20211112_120550_043300_1.txt
7776473,7777992,FEM,16.91,8.26,5.34,20211112_120550_043300_1.txt
7780210,7780762,FEM,10.48,4.97,3.14,20211112_120550_043300_1.txt
7780885,7780991,FEM,7.8,3.65,2.22,20211112_120550_043300_1.txt
7790941,7792492,FEM,12.63,5.95,4.02,20211112_120550_043300_1.txt
7793866,7795386,FEM,14.87,7.36,4.82,20211112_120550_043300_1.txt
7797691,7798788,FEM,10.74,5.03,3.32,20211112_120550_043300_1.txt
7800607,7804822,FEM,33.96,17.04,11.58,20211112_120550_043300_1.txt
7804492,7805511,MAL,11.48,5.4,3.55,20211112_120550_043300_1.txt
7805012,7807818,FEM,25.07,12.45,8.33,20211112_120550_043300_1.txt
7808866,7810285,FEM,10.25,4.52,3.21,20211112_120550_043300_1.txt
7811492,7812511,FEM,9.96,4.58,3.05,20211112_120550_043300_1.txt
7818471,7819011,FEM,8.66,4.05,2.58,20211112_120550_043300_1.txt
7821910,7822334,FEM,6.82,3.01,1.95,20211112_120550_043300_1.txt
7824617,7827511,FEM,25.74,12.79,8.57,20211112_120550_043300_1.txt
7836372,7840812,FEM,40.33,20.22,13.37,20211112_120550_043300_1.txt
7842992,7844011,FEM,11.03,5.21,3.45,20211112_120550_043300_1.txt
7845830,7847151,FEM,12.93,6.13,4.09,20211112_120550_043300_1.txt
7848169,7851968,FEM,27.57,13.15,9.33,20211112_120550_043300_1.txt
7855820,7856991,FEM,14.02,6.63,4.37,20211112_120550_043300_1.txt
7860011,7862019,FEM,17.69,8.43,5.79,20211112_120550_043300_1.txt
7865993,7866729,FEM,10.63,5.0,3.22,20211112_120550_043300_1.txt
7868991,7870491,FEM,11.78,5.31,3.68,20211112_120550_043300_1.txt
7873492,7875510,FEM,17.55,8.36,5.74,20211112_120550_043300_1.txt
7882429,7884189,FEM,17.11,8.11,5.5,20211112_120550_043300_1.txt
7885492,7887368,FEM,16.96,8.07,5.52,20211112_120550_043300_1.txt
7888234,7888452,FEM,7.21,3.28,2.05,20211112_120550_043300_1.txt
7896781,7898511,FEM,12.38,5.45,3.92,20211112_120550_043300_1.txt
7901341,7902333,FEM,10.47,4.94,3.26,20211112_120550_043300_1.txt
7901501,7901898,MAL,6.45,2.85,1.82,20211112_120550_043300_1.txt
7917424,7931511,FEM,106.09,53.91,37.22,20211112_120550_043300_1.txt
7932992,7933891,FEM,10.1,4.54,3.07,20211112_120550_043300_1.txt
7936510,7937441,FEM,10.67,4.88,3.26,20211112_120550_043300_1.txt
7951762,7959492,FEM,59.48,30.01,20.62,20211112_120550_043300_1.txt
7952118,7953174,MAL,12.57,5.87,3.87,20211112_120550_043300_1.txt
7964011,7969011,FEM,37.63,18.45,12.83,20211112_120550_043300_1.txt
7970361,7973716,FEM,23.28,10.96,7.87,20211112_120550_043300_1.txt
7979492,7985263,FEM,43.83,21.86,15.02,20211112_120550_043300_1.txt
7986492,7987012,FEM,5.11,2.01,1.4,20211112_120550_043300_1.txt
7990572,7997224,FEM,54.63,27.64,18.66,20211112_120550_043300_1.txt
7998212,8001012,FEM,22.68,10.94,7.58,20211112_120550_043300_1.txt
8000470,8000792,MAL,8.55,4.03,2.51,20211112_120550_043300_1.txt
8002457,8009492,FEM,51.67,25.45,17.9,20211112_120550_043300_1.txt
8006848,8006953,MAL,9.31,4.5,2.73,20211112_120550_043300_1.txt
8010109,8010364,FEM,9.89,4.79,2.94,20211112_120550_043300_1.txt
8010476,8015549,FEM,39.87,20.09,13.69,20211112_120550_043300_1.txt
8015915,8016082,FEM,11.13,5.49,3.34,20211112_120550_043300_1.txt
8017183,8017708,FEM,8.86,4.09,2.59,20211112_120550_043300_1.txt
8022108,8022491,FEM,6.9,3.05,1.97,20211112_120550_043300_1.txt
8025008,8028773,FEM,30.1,14.97,10.22,20211112_120550_043300_1.txt
8029056,8030897,FEM,15.7,7.44,5.1,20211112_120550_043300_1.txt
8031012,8032443,FEM,16.42,8.09,5.27,20211112_120550_043300_1.txt
8033992,8036199,FEM,19.08,9.17,6.23,20211112_120550_043300_1.txt
8037995,8041578,MAL,29.41,14.51,9.96,20211112_120550_043300_1.txt
8041668,8047856,FEM,51.81,26.25,17.65,20211112_120550_043300_1.txt
8050492,8054517,FEM,33.31,16.79,11.33,20211112_120550_043300_1.txt
8057510,8059449,FEM,13.18,5.73,4.22,20211112_120550_043300_1.txt
8062554,8067414,FEM,37.58,18.86,12.89,20211112_120550_043300_1.txt
8075047,8082511,FEM,50.9,24.59,17.72,20211112_120550_043300_1.txt
8087492,8093631,FEM,48.96,24.74,16.85,20211112_120550_043300_1.txt
8094705,8095404,MAL,5.58,2.3,1.59,20211112_120550_043300_1.txt
8097970,8103249,FEM,43.5,21.45,14.51,20211112_120550_043300_1.txt
8106510,8110396,FEM,29.26,14.23,9.96,20211112_120550_043300_1.txt
8110511,8120010,FEM,77.12,37.89,26.06,20211112_120550_043300_1.txt
8111273,8111528,MAL,6.91,2.99,1.95,20211112_120550_043300_1.txt
8111733,8112070,MAL,6.45,2.82,1.81,20211112_120550_043300_1.txt
8122012,8124827,FEM,23.32,11.62,7.8,20211112_120550_043300_1.txt
8126808,8131027,FEM,35.96,17.96,11.98,20211112_120550_043300_1.txt
8132196,8133119,FEM,7.66,3.28,2.32,20211112_120550_043300_1.txt
8133890,8134103,FEM,6.38,2.83,1.77,20211112_120550_043300_1.txt
8138328,8141492,FEM,26.63,13.4,8.96,20211112_120550_043300_1.txt
8143492,8144449,FEM,10.67,4.96,3.27,20211112_120550_043300_1.txt
8145510,8148991,FEM,31.73,15.45,10.34,20211112_120550_043300_1.txt
8150114,8152492,FEM,20.17,9.89,6.67,20211112_120550_043300_1.txt
8154132,8154248,FEM,11.1,5.48,3.32,20211112_120550_043300_1.txt
8155011,8157993,FEM,27.85,13.82,9.07,20211112_120550_043300_1.txt
8159010,8161992,FEM,26.26,13.22,8.75,20211112_120550_043300_1.txt
8162480,8167281,FEM,47.52,23.26,15.41,20211112_120550_043300_1.txt
8173992,8175818,FEM,16.76,8.05,5.45,20211112_120550_043300_1.txt
8176327,8178992,FEM,21.95,10.84,7.32,20211112_120550_043300_1.txt
8179237,8179439,FEM,4.84,2.0,1.25,20211112_120550_043300_1.txt
8179746,8181304,FEM,13.87,6.6,4.44,20211112_120550_043300_1.txt
8185511,8185659,FEM,10.19,4.96,3.03,20211112_120550_043300_1.txt
8221284,8222011,FEM,10.75,5.11,3.26,20211112_120550_043300_1.txt
8423350,8424492,FEM,16.23,8.15,5.15,20211112_120550_043300_1.txt
8425330,8428162,FEM,29.17,15.13,9.75,20211112_120550_043300_1.txt
8429992,8432560,FEM,28.25,14.61,9.29,20211112_120550_043300_1.txt
8441035,8447949,FEM,76.26,38.89,24.81,20211112_120550_043300_1.txt
8451992,8456975,FEM,42.65,21.25,14.29,20211112_120550_043300_1.txt
8456002,8457527,MAL,14.55,7.0,4.66,20211112_120550_043300_1.txt
8457510,8461639,FEM,33.28,16.66,11.29,20211112_120550_043300_1.txt
8462149,8462318,FEM,7.94,3.72,2.28,20211112_120550_043300_1.txt
8464993,8471319,FEM,59.98,30.38,19.92,20211112_120550_043300_1.txt
8472570,8480365,FEM,65.68,34.32,22.8,20211112_120550_043300_1.txt
8481011,8484435,FEM,31.0,15.96,10.46,20211112_120550_043300_1.txt
8485511,8488992,FEM,32.84,16.83,11.03,20211112_120550_043300_1.txt
8496379,8497886,FEM,15.36,7.49,4.93,20211112_120550_043300_1.txt
8497992,8499264,FEM,14.16,6.76,4.44,20211112_120550_043300_1.txt
8504011,8505992,FEM,17.99,9.01,5.93,20211112_120550_043300_1.txt
8507212,8508044,FEM,8.37,3.74,2.43,20211112_120550_043300_1.txt
8512992,8524641,FEM,106.66,54.59,36.0,20211112_120550_043300_1.txt
8524865,8526174,FEM,14.22,6.82,4.46,20211112_120550_043300_1.txt
8536251,8538492,FEM,21.96,10.95,7.2,20211112_120550_043300_1.txt
8543460,8546749,MAL,28.06,14.23,9.46,20211112_120550_043300_1.txt
8547851,8548440,MAL,8.1,3.7,2.4,20211112_120550_043300_1.txt
8548991,8555606,FEM,55.0,28.26,18.94,20211112_120550_043300_1.txt
8550649,8550769,MAL,8.64,4.09,2.51,20211112_120550_043300_1.txt
8556492,8557120,FEM,10.91,5.25,3.35,20211112_120550_043300_1.txt
8559493,8564993,FEM,43.07,21.58,14.83,20211112_120550_043300_1.txt
8565492,8568992,FEM,32.71,16.58,10.94,20211112_120550_043300_1.txt
8568021,8570011,MAL,21.32,10.6,6.94,20211112_120550_043300_1.txt
8569511,8571777,FEM,24.03,12.06,7.89,20211112_120550_043300_1.txt
8572014,8572567,MAL,12.53,6.12,3.82,20211112_120550_043300_1.txt
8572093,8580991,FEM,80.85,42.0,27.67,20211112_120550_043300_1.txt
8580492,8583008,MAL,27.34,13.67,8.88,20211112_120550_043300_1.txt
8584324,8586926,FEM,25.95,13.11,8.58,20211112_120550_043300_1.txt
8585035,8585141,MAL,10.77,5.31,3.21,20211112_120550_043300_1.txt
8586081,8586260,MAL,10.08,4.92,3.0,20211112_120550_043300_1.txt
8587080,8589233,FEM,22.62,11.35,7.45,20211112_120550_043300_1.txt
8591010,8594539,FEM,32.02,16.37,10.82,20211112_120550_043300_1.txt
8594843,8596011,FEM,13.26,6.47,4.22,20211112_120550_043300_1.txt
8598882,8608167,FEM,76.54,39.34,26.51,20211112_120550_043300_1.txt
8602624,8603518,MAL,12.56,6.03,3.89,20211112_120550_043300_1.txt
8608488,8611762,FEM,32.27,16.15,10.59,20211112_120550_043300_1.txt
8608513,8609536,MAL,14.26,6.89,4.43,20211112_120550_043300_1.txt
8614492,8616180,FEM,17.71,8.57,5.69,20211112_120550_043300_1.txt
8618061,8630493,FEM,125.34,64.07,41.72,20211112_120550_043300_1.txt
8629991,8632421,MAL,30.35,15.1,9.6,20211112_120550_043300_1.txt
8632011,8638758,FEM,71.42,36.38,23.49,20211112_120550_043300_1.txt
8636463,8637011,MAL,10.8,5.17,3.25,20211112_120550_043300_1.txt
8639136,8642012,MAL,30.0,14.81,9.72,20211112_120550_043300_1.txt
8643321,8653071,FEM,103.59,53.06,34.18,20211112_120550_043300_1.txt
8653379,8654012,MAL,13.63,6.67,4.15,20211112_120550_043300_1.txt
8659697,8663993,FEM,45.25,22.77,14.72,20211112_120550_043300_1.txt
8664511,8667515,FEM,31.47,15.47,10.18,20211112_120550_043300_1.txt
8666492,8667533,MAL,14.77,7.11,4.6,20211112_120550_043300_1.txt
8668478,8678991,FEM,100.64,51.33,33.75,20211112_120550_043300_1.txt
8683386,8696142,FEM,117.92,60.01,39.78,20211112_120550_043300_1.txt
8697674,8699493,FEM,19.12,9.37,6.18,20211112_120550_043300_1.txt
8700721,8700991,MAL,11.47,5.66,3.47,20211112_120550_043300_1.txt
8700796,8708493,FEM,69.16,35.55,23.52,20211112_120550_043300_1.txt
8708830,8708992,FEM,9.59,4.62,2.83,20211112_120550_043300_1.txt
8716456,8717511,FEM,13.0,6.24,4.06,20211112_120550_043300_1.txt
8720941,8721511,FEM,9.69,4.53,2.93,20211112_120550_043300_1.txt
8721791,8722596,MAL,8.87,4.01,2.7,20211112_120550_043300_1.txt
8723705,8724091,FEM,9.45,4.53,2.82,20211112_120550_043300_1.txt
8724201,8726992,FEM,24.66,12.38,8.24,20211112_120550_043300_1.txt
8731004,8733878,FEM,28.63,14.28,9.37,20211112_120550_043300_1.txt
8742197,8754011,FEM,102.71,53.23,35.34,20211112_120550_043300_1.txt
8751893,8752011,MAL,8.67,4.14,2.51,20211112_120550_043300_1.txt
8756512,8762989,FEM,54.78,27.93,18.74,20211112_120550_043300_1.txt
8763262,8768993,FEM,47.07,23.75,16.05,20211112_120550_043300_1.txt
8771299,8772492,FEM,12.02,5.65,3.76,20211112_120550_043300_1.txt
8773360,8774732,FEM,15.17,7.25,4.68,20211112_120550_043300_1.txt
8778584,8778726,FEM,6.13,2.67,1.67,20211112_120550_043300_1.txt
8778856,8779698,FEM,6.17,2.49,1.81,20211112_120550_043300_1.txt
8783492,8784145,FEM,10.12,4.84,3.09,20211112_120550_043300_1.txt
8785498,8790152,FEM,39.27,19.75,13.32,20211112_120550_043300_1.txt
8790269,8790382,FEM,10.23,5.0,3.03,20211112_120550_043300_1.txt
8790571,8792012,FEM,14.04,6.75,4.48,20211112_120550_043300_1.txt
8798993,8800657,FEM,14.85,7.22,4.83,20211112_120550_043300_1.txt
8801492,8802332,FEM,11.33,5.43,3.52,20211112_120550_043300_1.txt
8803149,8807493,FEM,34.49,17.25,11.72,20211112_120550_043300_1.txt
8818991,8820810,FEM,19.52,9.67,6.31,20211112_120550_043300_1.txt
8824498,8824862,FEM,8.8,4.04,2.6,20211112_120550_043300_1.txt
8824992,8825360,FEM,10.11,4.88,3.04,20211112_120550_043300_1.txt
8825993,8829005,FEM,24.7,11.45,8.08,20211112_120550_043300_1.txt
8830288,8832303,FEM,15.91,7.46,5.2,20211112_120550_043300_1.txt
8832929,8837512,FEM,32.44,15.08,10.98,20211112_120550_043300_1.txt
8846992,8848011,FEM,11.37,5.26,3.51,20211112_120550_043300_1.txt
8849123,8849825,FEM,9.55,4.32,2.8,20211112_120550_043300_1.txt
8853511,8855244,FEM,17.3,8.16,5.5,20211112_120550_043300_1.txt
8858492,8860370,MAL,16.0,7.37,5.1,20211112_120550_043300_1.txt
8861822,8865011,FEM,22.1,10.36,7.4,20211112_120550_043300_1.txt
8866992,8867416,FEM,7.74,3.52,2.26,20211112_120550_043300_1.txt
8874011,8875992,FEM,15.89,7.22,5.13,20211112_120550_043300_1.txt
8882511,8883480,FEM,10.56,4.84,3.24,20211112_120550_043300_1.txt
8884632,8886512,FEM,14.59,6.58,4.68,20211112_120550_043300_1.txt
8889991,8891334,FEM,11.52,4.95,3.57,20211112_120550_043300_1.txt
8892167,8892893,FEM,9.0,4.11,2.73,20211112_120550_043300_1.txt
8900974,8901873,FEM,8.53,3.84,2.55,20211112_120550_043300_1.txt
8902928,8903409,FEM,6.14,2.63,1.73,20211112_120550_043300_1.txt
8906428,8912625,FEM,49.85,25.47,17.21,20211112_120550_043300_1.txt
8915515,8919013,FEM,29.36,14.79,9.93,20211112_120550_043300_1.txt
8917562,8918234,MAL,10.08,4.76,3.03,20211112_120550_043300_1.txt
8918438,8918543,MAL,9.34,4.51,2.74,20211112_120550_043300_1.txt
8922003,8922985,FEM,10.56,4.7,3.24,20211112_120550_043300_1.txt
8924482,8929492,FEM,43.15,21.97,14.67,20211112_120550_043300_1.txt
8933993,8934514,FEM,5.81,2.42,1.63,20211112_120550_043300_1.txt
8950492,8954633,FEM,34.82,17.59,11.75,20211112_120550_043300_1.txt
8955011,8957512,FEM,21.28,10.63,7.07,20211112_120550_043300_1.txt
8963953,8965511,FEM,14.77,6.89,4.69,20211112_120550_043300_1.txt
8968647,8973574,FEM,45.89,23.28,15.36,20211112_120550_043300_1.txt
8968771,8968911,MAL,8.96,4.3,2.62,20211112_120550_043300_1.txt
8975011,8980575,FEM,43.23,21.6,14.84,20211112_120550_043300_1.txt
8986992,8987510,FEM,11.36,5.51,3.43,20211112_120550_043300_1.txt
8989097,8991643,FEM,24.51,12.15,8.05,20211112_120550_043300_1.txt
8992991,8996493,FEM,28.57,14.38,9.66,20211112_120550_043300_1.txt
8996063,8996848,MAL,11.75,5.65,3.6,20211112_120550_043300_1.txt
8997144,8997382,MAL,8.92,4.25,2.62,20211112_120550_043300_1.txt
8999512,9002717,FEM,24.87,11.93,8.33,20211112_120550_043300_1.txt
9004586,9009993,FEM,43.21,21.76,14.81,20211112_120550_043300_1.txt
9013113,9013650,FEM,8.59,4.0,2.56,20211112_120550_043300_1.txt
9014120,9014404,FEM,8.06,3.75,2.34,20211112_120550_043300_1.txt
9016010,9016850,MAL,8.84,4.03,2.69,20211112_120550_043300_1.txt
9024637,9028294,FEM,28.89,14.33,9.79,20211112_120550_043300_1.txt
9034538,9034643,FEM,10.2,4.99,3.02,20211112_120550_043300_1.txt
9034767,9040493,FEM,46.17,22.93,15.69,20211112_120550_043300_1.txt
9041495,9042268,MAL,10.31,4.9,3.17,20211112_120550_043300_1.txt
9042116,9043491,FEM,15.9,7.64,4.98,20211112_120550_043300_1.txt
9045678,9047511,FEM,19.12,9.25,6.13,20211112_120550_043300_1.txt
9048075,9048542,MAL,9.01,4.27,2.69,20211112_120550_043300_1.txt
9048512,9053780,FEM,46.02,23.75,15.72,20211112_120550_043300_1.txt
9054281,9054492,FEM,7.61,3.53,2.18,20211112_120550_043300_1.txt
9055010,9055221,FEM,6.62,2.98,1.85,20211112_120550_043300_1.txt
9056143,9057625,FEM,15.27,7.43,4.89,20211112_120550_043300_1.txt
9060010,9066492,FEM,57.51,29.54,19.6,20211112_120550_043300_1.txt
9068185,9068290,FEM,9.4,4.55,2.76,20211112_120550_043300_1.txt
9068510,9069015,FEM,10.17,4.86,3.08,20211112_120550_043300_1.txt
9069584,9071012,FEM,15.38,7.48,4.92,20211112_120550_043300_1.txt
9071492,9072511,FEM,10.39,4.85,3.19,20211112_120550_043300_1.txt
9073262,9073373,FEM,3.6,1.31,0.83,20211112_120550_043300_1.txt
9073497,9075492,FEM,16.59,7.87,5.37,20211112_120550_043300_1.txt
9075625,9075971,FEM,2.72,0.67,0.57,20211112_120550_043300_1.txt
9081011,9081208,FEM,8.29,3.89,2.4,20211112_120550_043300_1.txt
9081511,9085623,FEM,34.04,17.09,11.54,20211112_120550_043300_1.txt
9088511,9088796,MAL,7.06,3.22,2.01,20211112_120550_043300_1.txt
9089511,9097132,FEM,68.48,35.26,23.23,20211112_120550_043300_1.txt
9098440,9102001,FEM,30.61,15.65,10.35,20211112_120550_043300_1.txt
9102512,9114807,FEM,101.03,51.82,34.97,20211112_120550_043300_1.txt
9115141,9115511,MAL,6.15,2.7,1.72,20211112_120550_043300_1.txt
9115192,9115492,FEM,5.82,2.53,1.6,20211112_120550_043300_1.txt
9115635,9115772,MAL,7.53,3.51,2.14,20211112_120550_043300_1.txt
9116823,9119003,MAL,21.2,10.58,6.98,20211112_120550_043300_1.txt
9117011,9117343,FEM,8.57,4.03,2.52,20211112_120550_043300_1.txt
9119010,9122042,FEM,29.77,14.78,9.77,20211112_120550_043300_1.txt
9119147,9120242,MAL,14.48,7.05,4.51,20211112_120550_043300_1.txt
9122993,9124331,FEM,13.96,6.54,4.38,20211112_120550_043300_1.txt
9126432,9130639,FEM,38.28,18.58,12.49,20211112_120550_043300_1.txt
9129500,9131218,MAL,17.68,8.4,5.63,20211112_120550_043300_1.txt
9133511,9135492,FEM,16.36,7.81,5.34,20211112_120550_043300_1.txt
9137492,9143493,FEM,55.97,28.24,18.58,20211112_120550_043300_1.txt
9146437,9147991,FEM,15.19,7.19,4.77,20211112_120550_043300_1.txt
9148753,9148989,MAL,7.26,3.33,2.07,20211112_120550_043300_1.txt
9149718,9150125,MAL,6.3,2.78,1.78,20211112_120550_043300_1.txt
9150011,9150510,FEM,6.76,3.02,1.94,20211112_120550_043300_1.txt
9150492,9150943,MAL,7.94,3.6,2.28,20211112_120550_043300_1.txt
9151176,9151512,FEM,5.14,2.11,1.38,20211112_120550_043300_1.txt
9152806,9156491,FEM,33.18,16.36,10.86,20211112_120550_043300_1.txt
9158574,9159828,FEM,10.18,4.63,3.16,20211112_120550_043300_1.txt
9160702,9163490,FEM,28.37,14.18,9.21,20211112_120550_043300_1.txt
9161768,9162212,MAL,9.38,4.44,2.76,20211112_120550_043300_1.txt
9167513,9168492,FEM,12.11,5.66,3.7,20211112_120550_043300_1.txt
9171044,9173260,FEM,21.05,10.43,6.89,20211112_120550_043300_1.txt
9173368,9177511,FEM,41.46,21.04,13.7,20211112_120550_043300_1.txt
9178993,9183006,FEM,41.0,20.75,13.52,20211112_120550_043300_1.txt
9181566,9182125,MAL,12.45,6.06,3.8,20211112_120550_043300_1.txt
9183188,9183512,FEM,9.21,4.36,2.73,20211112_120550_043300_1.txt
9190010,9190373,FEM,9.26,4.41,2.75,20211112_120550_043300_1.txt
9195598,9206126,FEM,90.61,47.41,31.41,20211112_120550_043300_1.txt
9206252,9206492,FEM,5.6,2.39,1.51,20211112_120550_043300_1.txt
9214992,9216011,FEM,10.91,5.17,3.36,20211112_120550_043300_1.txt
9217010,9217277,FEM,7.86,3.65,2.27,20211112_120550_043300_1.txt
9217459,9222010,FEM,41.57,20.54,13.7,20211112_120550_043300_1.txt
9223511,9226884,FEM,28.48,14.14,9.56,20211112_120550_043300_1.txt
9228013,9245387,FEM,140.87,72.41,48.99,20211112_120550_043300_1.txt
9245991,9254216,FEM,55.52,26.27,19.12,20211112_120550_043300_1.txt
9255259,9259512,FEM,30.18,14.72,10.33,20211112_120550_043300_1.txt
9260303,9261979,FEM,5.86,1.28,1.84,20211112_120550_043300_1.txt
9263764,9268050,FEM,32.52,16.16,11.11,20211112_120550_043300_1.txt
9268493,9272658,FEM,30.78,15.04,10.51,20211112_120550_043300_1.txt
9273052,9273435,FEM,8.92,4.24,2.64,20211112_120550_043300_1.txt
9273698,9288006,FEM,126.06,64.0,42.8,20211112_120550_043300_1.txt
9278773,9279502,MAL,7.78,3.38,2.27,20211112_120550_043300_1.txt
9288645,9292737,FEM,39.03,19.37,12.77,20211112_120550_043300_1.txt
9293010,9298992,FEM,47.12,23.67,16.15,20211112_120550_043300_1.txt
9300992,9302511,FEM,12.06,5.25,3.77,20211112_120550_043300_1.txt
9303525,9303891,FEM,6.27,2.66,1.76,20211112_120550_043300_1.txt
9306993,9312992,FEM,48.25,23.52,16.22,20211112_120550_043300_1.txt
9314511,9319406,FEM,38.29,18.98,13.03,20211112_120550_043300_1.txt
9320532,9325493,FEM,39.61,20.1,13.54,20211112_120550_043300_1.txt
9325646,9326731,FEM,11.06,5.09,3.42,20211112_120550_043300_1.txt
9326840,9332147,FEM,46.69,23.48,15.69,20211112_120550_043300_1.txt
9332449,9332997,MAL,8.08,3.7,2.39,20211112_120550_043300_1.txt
9333196,9333606,MAL,6.89,3.08,1.97,20211112_120550_043300_1.txt
9335010,9335930,FEM,10.98,5.16,3.37,20211112_120550_043300_1.txt
9338993,9339390,MAL,7.11,3.16,2.04,20211112_120550_043300_1.txt
9339231,9342458,FEM,21.85,9.74,7.27,20211112_120550_043300_1.txt
9343910,9344992,FEM,10.5,4.8,3.23,20211112_120550_043300_1.txt
9345969,9357010,FEM,72.16,34.36,25.29,20211112_120550_043300_1.txt
9349292,9349710,MAL,10.47,5.09,3.17,20211112_120550_043300_1.txt
9357360,9357492,FEM,10.1,4.92,2.99,20211112_120550_043300_1.txt
9358011,9364246,FEM,56.37,28.55,19.02,20211112_120550_043300_1.txt
9367151,9368376,MAL,16.17,7.91,5.1,20211112_120550_043300_1.txt
9367512,9375902,FEM,73.26,35.84,24.37,20211112_120550_043300_1.txt
9378528,9379939,FEM,15.33,7.51,4.9,20211112_120550_043300_1.txt
9385991,9396010,FEM,83.51,42.94,28.85,20211112_120550_043300_1.txt
9397492,9398631,FEM,15.32,7.55,4.85,20211112_120550_043300_1.txt
9400786,9401993,FEM,12.43,5.94,3.95,20211112_120550_043300_1.txt
9404492,9407992,FEM,28.69,14.15,9.65,20211112_120550_043300_1.txt
9414041,9414573,FEM,8.84,4.15,2.64,20211112_120550_043300_1.txt
9415992,9416728,FEM,10.15,4.78,3.06,20211112_120550_043300_1.txt
9419011,9428010,MAL,76.91,40.07,26.69,20211112_120550_043300_1.txt
9428010,9444011,FEM,137.27,71.01,47.4,20211112_120550_043300_1.txt
9444293,9445282,MAL,12.41,6.0,3.86,20211112_120550_043300_1.txt
9447511,9447838,FEM,8.53,4.01,2.5,20211112_120550_043300_1.txt
9447953,9449992,FEM,22.95,11.32,7.39,20211112_120550_043300_1.txt
9453785,9489491,FEM,299.47,157.04,105.02,20211112_120550_043300_1.txt
9490011,9512782,FEM,212.67,109.97,72.29,20211112_120550_043300_1.txt
9512993,9513104,MAL,6.75,3.07,1.88,20211112_120550_043300_1.txt
9513185,9527100,FEM,125.19,63.9,42.45,20211112_120550_043300_1.txt
9527212,9527328,FEM,10.32,5.05,3.06,20211112_120550_043300_1.txt
9528197,9528342,FEM,9.74,4.72,2.88,20211112_120550_043300_1.txt
9528511,9540961,FEM,106.56,55.5,36.94,20211112_120550_043300_1.txt
9541076,9563375,FEM,198.19,101.41,67.6,20211112_120550_043300_1.txt
9556010,9557019,MAL,14.9,7.25,4.58,20211112_120550_043300_1.txt
9563765,9565937,FEM,20.49,10.0,6.69,20211112_120550_043300_1.txt
9567045,9569510,FEM,22.63,11.32,7.51,20211112_120550_043300_1.txt
9571011,9572766,FEM,18.61,9.14,6.0,20211112_120550_043300_1.txt
9573267,9579492,FEM,55.54,28.01,18.68,20211112_120550_043300_1.txt
9581993,9584084,FEM,18.1,8.57,5.94,20211112_120550_043300_1.txt
9584609,9585436,FEM,10.74,5.1,3.33,20211112_120550_043300_1.txt
9586387,9594492,FEM,62.28,31.22,21.56,20211112_120550_043300_1.txt
9595511,9600260,FEM,31.65,14.67,10.79,20211112_120550_043300_1.txt
9599843,9599990,MAL,8.66,4.11,2.52,20211112_120550_043300_1.txt
9603492,9603900,FEM,9.11,4.29,2.71,20211112_120550_043300_1.txt
9606001,9607569,FEM,15.08,7.24,4.84,20211112_120550_043300_1.txt
9608492,9608630,MAL,4.47,1.79,1.12,20211112_120550_043300_1.txt
9612511,9615246,FEM,24.5,12.06,8.07,20211112_120550_043300_1.txt
9617511,9619511,FEM,23.2,11.41,7.41,20211112_120550_043300_1.txt
9619705,9619992,FEM,7.94,3.67,2.3,20211112_120550_043300_1.txt
9620519,9621695,FEM,9.7,4.2,2.99,20211112_120550_043300_1.txt
9622935,9623784,FEM,10.9,5.05,3.33,20211112_120550_043300_1.txt
9626511,9628492,FEM,16.73,7.88,5.41,20211112_120550_043300_1.txt
9629511,9631011,FEM,5.53,1.68,1.7,20211112_120550_043300_1.txt
9632439,9634012,MAL,15.01,7.25,4.82,20211112_120550_043300_1.txt
9633359,9634493,FEM,13.49,6.27,4.08,20211112_120550_043300_1.txt
9642213,9643992,FEM,12.81,5.91,4.12,20211112_120550_043300_1.txt
9644366,9648011,FEM,30.14,14.62,9.89,20211112_120550_043300_1.txt
9645991,9648068,MAL,19.46,9.17,6.13,20211112_120550_043300_1.txt
9660472,9660982,MAL,7.6,3.41,2.23,20211112_120550_043300_1.txt
9665096,9672492,FEM,62.28,31.93,21.39,20211112_120550_043300_1.txt
9674789,9676713,FEM,14.09,6.24,4.47,20211112_120550_043300_1.txt
9678130,9679011,FEM,8.11,3.59,2.41,20211112_120550_043300_1.txt
9684593,9686287,FEM,13.44,6.26,4.32,20211112_120550_043300_1.txt
9687067,9696863,FEM,78.31,40.38,27.29,20211112_120550_043300_1.txt
9697011,9701262,FEM,35.44,17.57,11.92,20211112_120550_043300_1.txt
9699564,9699950,MAL,8.27,3.78,2.37,20211112_120550_043300_1.txt
9702511,9705613,FEM,26.47,13.28,8.9,20211112_120550_043300_1.txt
9706912,9707562,FEM,5.27,2.09,1.47,20211112_120550_043300_1.txt
9708010,9708339,FEM,8.65,4.08,2.54,20211112_120550_043300_1.txt
9708491,9709991,FEM,15.49,7.46,4.92,20211112_120550_043300_1.txt
9710332,9710492,FEM,8.47,4.02,2.46,20211112_120550_043300_1.txt
9714011,9720992,FEM,62.47,31.85,21.12,20211112_120550_043300_1.txt
9721703,9721823,FEM,4.21,1.62,1.03,20211112_120550_043300_1.txt
9723011,9723404,FEM,5.53,2.28,1.52,20211112_120550_043300_1.txt
9727093,9727992,FEM,9.42,4.29,2.85,20211112_120550_043300_1.txt
9730587,9733903,FEM,28.44,13.87,9.33,20211112_120550_043300_1.txt
9732563,9733970,MAL,14.66,6.9,4.52,20211112_120550_043300_1.txt
9734074,9734216,MAL,3.71,1.32,0.87,20211112_120550_043300_1.txt
9735071,9736382,FEM,14.7,7.02,4.62,20211112_120550_043300_1.txt
9737007,9745142,FEM,63.87,32.27,22.1,20211112_120550_043300_1.txt
9745993,9747905,FEM,17.72,8.52,5.73,20211112_120550_043300_1.txt
9749511,9750080,FEM,10.27,4.95,3.13,20211112_120550_043300_1.txt
9750986,9755841,FEM,40.74,20.73,13.89,20211112_120550_043300_1.txt
9757187,9759271,FEM,14.35,6.4,4.63,20211112_120550_043300_1.txt
9759742,9764492,FEM,42.9,21.32,14.28,20211112_120550_043300_1.txt
9765169,9766878,FEM,14.59,6.91,4.71,20211112_120550_043300_1.txt
9768117,9769492,MAL,14.29,6.84,4.55,20211112_120550_043300_1.txt
9774967,9775245,MAL,7.39,3.4,2.12,20211112_120550_043300_1.txt
9780461,9783510,FEM,25.68,12.74,8.57,20211112_120550_043300_1.txt
9785510,9787847,FEM,19.46,9.41,6.43,20211112_120550_043300_1.txt
9793339,9793511,FEM,9.1,4.35,2.67,20211112_120550_043300_1.txt
9793794,9794690,FEM,10.55,5.0,3.27,20211112_120550_043300_1.txt
9798597,9803492,FEM,40.31,20.27,13.7,20211112_120550_043300_1.txt
9815960,9817011,FEM,10.53,4.81,3.24,20211112_120550_043300_1.txt
9828493,9830776,FEM,20.39,9.51,6.63,20211112_120550_043300_1.txt
9831125,9831491,FEM,7.39,3.38,2.13,20211112_120550_043300_1.txt
9831606,9831970,FEM,8.68,4.08,2.56,20211112_120550_043300_1.txt
9833012,9833198,FEM,10.27,5.02,3.06,20211112_120550_043300_1.txt
9833511,9833730,FEM,8.46,4.01,2.46,20211112_120550_043300_1.txt
9834510,9843145,FEM,69.49,35.69,24.16,20211112_120550_043300_1.txt
9843400,9848491,FEM,38.8,19.3,13.34,20211112_120550_043300_1.txt
9848744,9852239,FEM,25.98,12.64,8.8,20211112_120550_043300_1.txt
9853993,9862511,FEM,64.88,32.85,22.6,20211112_120550_043300_1.txt
9877012,9880492,FEM,28.19,13.93,9.48,20211112_120550_043300_1.txt
9882815,9885191,FEM,20.59,10.18,6.76,20211112_120550_043300_1.txt
9888337,9893011,FEM,37.16,18.65,12.67,20211112_120550_043300_1.txt
9889619,9889739,MAL,6.51,2.92,1.8,20211112_120550_043300_1.txt
9893887,9895993,MAL,20.47,10.1,6.73,20211112_120550_043300_1.txt
9894992,9895380,FEM,10.37,5.02,3.13,20211112_120550_043300_1.txt
9896011,9900491,FEM,41.54,21.48,14.1,20211112_120550_043300_1.txt
9908011,9913492,FEM,42.24,21.31,14.55,20211112_120550_043300_1.txt
9913882,9915357,FEM,12.52,5.77,3.97,20211112_120550_043300_1.txt
9916044,9916493,FEM,8.16,3.76,2.4,20211112_120550_043300_1.txt
9916695,9917623,MAL,11.41,5.55,3.56,20211112_120550_043300_1.txt
9919274,9920992,FEM,13.85,6.46,4.46,20211112_120550_043300_1.txt
9921493,9922011,FEM,9.31,4.4,2.8,20211112_120550_043300_1.txt
9921761,9921869,MAL,8.4,3.99,2.42,20211112_120550_043300_1.txt
9922260,9927193,FEM,43.2,22.16,14.67,20211112_120550_043300_1.txt
9927527,9928671,FEM,15.14,7.46,4.79,20211112_120550_043300_1.txt
9927782,9927961,MAL,10.03,4.88,2.98,20211112_120550_043300_1.txt
9929054,9934511,FEM,46.88,24.08,16.04,20211112_120550_043300_1.txt
9929242,9929794,MAL,13.11,6.45,4.01,20211112_120550_043300_1.txt
9929908,9930510,MAL,11.21,5.46,3.44,20211112_120550_043300_1.txt
9934495,9936363,MAL,18.49,9.06,5.98,20211112_120550_043300_1.txt
9936010,9940389,FEM,42.07,21.28,13.99,20211112_120550_043300_1.txt
9938298,9938990,MAL,10.74,5.12,3.3,20211112_120550_043300_1.txt
9946992,9953011,FEM,54.15,27.92,18.4,20211112_120550_043300_1.txt
9953002,9953512,MAL,8.42,3.87,2.5,20211112_120550_043300_1.txt
9953511,9954010,FEM,7.72,3.55,2.26,20211112_120550_043300_1.txt
9953830,9954102,MAL,9.57,4.61,2.84,20211112_120550_043300_1.txt
9954843,9958383,FEM,34.75,17.63,11.47,20211112_120550_043300_1.txt
9959436,9966267,FEM,67.87,34.22,22.37,20211112_120550_043300_1.txt
9959512,9959622,MAL,8.91,4.27,2.59,20211112_120550_043300_1.txt
9959807,9959913,MAL,10.59,5.17,3.15,20211112_120550_043300_1.txt
9966686,9968011,MAL,16.08,7.77,5.03,20211112_120550_043300_1.txt
9970511,9974249,FEM,31.26,15.55,10.55,20211112_120550_043300_1.txt
9972734,9973465,MAL,11.85,5.74,3.63,20211112_120550_043300_1.txt
9973574,9973753,MAL,10.45,5.1,3.12,20211112_120550_043300_1.txt
9973905,9974168,MAL,8.3,3.7,2.42,20211112_120550_043300_1.txt
9974910,9976704,MAL,22.26,10.88,7.06,20211112_120550_043300_1.txt
9976983,9978890,MAL,17.25,8.2,5.67,20211112_120550_043300_1.txt
9978338,9982992,FEM,45.14,22.55,14.75,20211112_120550_043300_1.txt
9981993,9984492,MAL,25.86,12.96,8.43,20211112_120550_043300_1.txt
9983382,9989497,FEM,60.27,31.35,20.3,20211112_120550_043300_1.txt
9987724,9988446,MAL,10.46,4.99,3.16,20211112_120550_043300_1.txt
9993108,9993359,FEM,10.76,5.29,3.23,20211112_120550_043300_1.txt
9994636,9995991,MAL,16.24,7.88,5.09,20211112_120550_043300_1.txt
9995992,10003704,FEM,63.16,32.67,21.84,20211112_120550_043300_1.txt
10005091,10007938,FEM,29.01,14.2,9.33,20211112_120550_043300_1.txt
10009857,10018011,FEM,75.79,38.66,25.49,20211112_120550_043300_1.txt
10010267,10010409,MAL,9.0,4.31,2.63,20211112_120550_043300_1.txt
10018007,10021006,MAL,27.93,13.94,9.26,20211112_120550_043300_1.txt
10021106,10024992,FEM,37.61,18.78,12.37,20211112_120550_043300_1.txt
10024012,10024859,MAL,12.12,5.8,3.74,20211112_120550_043300_1.txt
10025505,10027010,FEM,12.86,5.78,4.04,20211112_120550_043300_1.txt
10025589,10026011,MAL,8.45,3.88,2.49,20211112_120550_043300_1.txt
10028510,10038191,FEM,85.28,42.66,28.6,20211112_120550_043300_1.txt
10030846,10031096,MAL,7.64,3.53,2.19,20211112_120550_043300_1.txt
10031200,10031340,MAL,10.83,5.32,3.24,20211112_120550_043300_1.txt
10036253,10036358,MAL,9.82,4.73,2.89,20211112_120550_043300_1.txt
10039415,10042491,FEM,29.09,14.12,9.45,20211112_120550_043300_1.txt
10041789,10043282,MAL,17.19,8.29,5.38,20211112_120550_043300_1.txt
10042626,10047569,FEM,43.36,21.77,14.52,20211112_120550_043300_1.txt
10047512,10049991,MAL,21.51,10.59,7.09,20211112_120550_043300_1.txt
10049010,10053543,FEM,36.84,18.46,12.54,20211112_120550_043300_1.txt
10054064,10054207,FEM,7.51,3.48,2.13,20211112_120550_043300_1.txt
10054511,10068126,FEM,118.9,59.65,40.09,20211112_120550_043300_1.txt
10061493,10062463,MAL,9.69,4.4,2.95,20211112_120550_043300_1.txt
10064491,10064798,MAL,5.54,2.31,1.5,20211112_120550_043300_1.txt
10068665,10072658,FEM,34.65,17.21,11.51,20211112_120550_043300_1.txt
10068747,10069478,MAL,8.15,3.73,2.45,20211112_120550_043300_1.txt
10072011,10073673,MAL,15.01,7.23,4.84,20211112_120550_043300_1.txt
10073413,10078992,FEM,47.97,24.2,16.16,20211112_120550_043300_1.txt
10078493,10080496,MAL,18.13,8.88,5.93,20211112_120550_043300_1.txt
10080138,10082511,FEM,16.31,7.35,5.34,20211112_120550_043300_1.txt
10083201,10083348,MAL,4.58,1.81,1.16,20211112_120550_043300_1.txt
10083270,10083493,FEM,5.01,2.04,1.32,20211112_120550_043300_1.txt
10083493,10084229,MAL,10.87,5.06,3.3,20211112_120550_043300_1.txt
10084296,10094492,FEM,75.15,37.28,26.1,20211112_120550_043300_1.txt
10093754,10094039,MAL,7.7,3.57,2.22,20211112_120550_043300_1.txt
10099011,10102907,FEM,34.86,17.78,11.82,20211112_120550_043300_1.txt
10103624,10104994,FEM,13.89,6.62,4.41,20211112_120550_043300_1.txt
10103667,10103777,MAL,10.64,5.23,3.17,20211112_120550_043300_1.txt
10105116,10106512,MAL,18.0,8.95,5.73,20211112_120550_043300_1.txt
10105763,10109212,FEM,29.79,15.11,10.06,20211112_120550_043300_1.txt
10108493,10108669,MAL,9.27,4.45,2.72,20211112_120550_043300_1.txt
10111446,10111650,MAL,9.51,4.57,2.81,20211112_120550_043300_1.txt
10113103,10113214,FEM,8.55,4.05,2.47,20211112_120550_043300_1.txt
10113491,10119492,FEM,49.68,24.91,16.91,20211112_120550_043300_1.txt
10119391,10119990,MAL,10.56,4.9,3.17,20211112_120550_043300_1.txt
10120110,10123531,MAL,26.22,12.47,8.86,20211112_120550_043300_1.txt
10125989,10127489,MAL,16.59,7.96,5.28,20211112_120550_043300_1.txt
10133706,10133814,MAL,10.28,5.03,3.05,20211112_120550_043300_1.txt
10137511,10141472,FEM,33.01,16.53,11.17,20211112_120550_043300_1.txt
10137759,10138321,MAL,8.13,3.66,2.41,20211112_120550_043300_1.txt
10138657,10138800,MAL,8.39,3.98,2.43,20211112_120550_043300_1.txt
10140044,10141136,MAL,12.27,5.84,3.77,20211112_120550_043300_1.txt
10142511,10145511,FEM,26.58,13.31,8.91,20211112_120550_043300_1.txt
10144236,10144521,MAL,10.04,4.87,3.0,20211112_120550_043300_1.txt
10145858,10145980,FEM,9.0,4.32,2.63,20211112_120550_043300_1.txt
10146025,10146940,MAL,11.08,5.16,3.4,20211112_120550_043300_1.txt
10147012,10150011,FEM,26.05,12.99,8.74,20211112_120550_043300_1.txt
10151116,10154990,MAL,31.64,15.63,10.7,20211112_120550_043300_1.txt
10156172,10162558,FEM,53.36,27.39,18.41,20211112_120550_043300_1.txt
10162835,10167491,FEM,36.88,18.29,12.62,20211112_120550_043300_1.txt
10168511,10170492,FEM,18.56,9.01,6.07,20211112_120550_043300_1.txt
10171011,10172105,MAL,12.93,6.23,4.05,20211112_120550_043300_1.txt
10171035,10171481,FEM,8.9,4.21,2.65,20211112_120550_043300_1.txt
10171997,10172545,FEM,9.98,4.78,3.03,20211112_120550_043300_1.txt
10175509,10178234,FEM,25.36,12.55,8.36,20211112_120550_043300_1.txt
10180045,10182509,FEM,24.92,12.51,8.22,20211112_120550_043300_1.txt
10184115,10184689,MAL,11.56,5.69,3.56,20211112_120550_043300_1.txt
10184489,10190944,FEM,58.42,29.77,19.74,20211112_120550_043300_1.txt
10193999,10194556,FEM,10.23,4.85,3.06,20211112_120550_043300_1.txt
10194513,10196011,MAL,16.0,7.77,5.14,20211112_120550_043300_1.txt
10195004,10195176,FEM,11.6,5.74,3.5,20211112_120550_043300_1.txt
10195283,10197094,FEM,17.16,8.28,5.58,20211112_120550_043300_1.txt
10197858,10211993,FEM,112.36,58.05,39.37,20211112_120550_043300_1.txt
10204086,10204359,MAL,6.9,3.09,1.95,20211112_120550_043300_1.txt
10204677,10204876,MAL,9.41,4.51,2.77,20211112_120550_043300_1.txt
10204993,10206277,MAL,16.11,7.77,4.98,20211112_120550_043300_1.txt
10212011,10213693,MAL,16.19,7.85,5.23,20211112_120550_043300_1.txt
10213012,10219011,FEM,55.45,28.06,18.56,20211112_120550_043300_1.txt
10218493,10219418,MAL,11.24,5.36,3.46,20211112_120550_043300_1.txt
10219119,10223825,FEM,41.04,20.98,13.92,20211112_120550_043300_1.txt
10220114,10220313,MAL,7.87,3.68,2.26,20211112_120550_043300_1.txt
10224240,10233493,FEM,73.23,37.56,25.46,20211112_120550_043300_1.txt
10232188,10232299,MAL,8.59,4.1,2.49,20211112_120550_043300_1.txt
10232492,10234917,MAL,19.33,9.21,6.4,20211112_120550_043300_1.txt
10233764,10234721,FEM,11.07,5.02,3.4,20211112_120550_043300_1.txt
10235653,10235990,FEM,9.45,4.52,2.81,20211112_120550_043300_1.txt
10236993,10238419,MAL,9.69,4.09,3.02,20211112_120550_043300_1.txt
10238010,10246004,FEM,57.66,28.61,20.06,20211112_120550_043300_1.txt
10248010,10250170,FEM,18.34,8.81,5.98,20211112_120550_043300_1.txt
10248351,10248488,MAL,8.22,3.87,2.37,20211112_120550_043300_1.txt
10249602,10250991,MAL,11.88,5.52,3.75,20211112_120550_043300_1.txt
10250511,10259510,FEM,66.98,33.73,23.39,20211112_120550_043300_1.txt
10258667,10259300,MAL,8.34,3.76,2.49,20211112_120550_043300_1.txt
10259777,10259880,FEM,11.22,5.53,3.36,20211112_120550_043300_1.txt
10260192,10260951,FEM,8.39,3.7,2.48,20211112_120550_043300_1.txt
10263011,10268504,FEM,49.52,24.56,16.4,20211112_120550_043300_1.txt
10264970,10268002,MAL,24.33,11.77,8.12,20211112_120550_043300_1.txt
10268512,10269168,MAL,10.98,5.1,3.22,20211112_120550_043300_1.txt
10268674,10268920,FEM,7.68,3.56,2.21,20211112_120550_043300_1.txt
10271011,10275903,FEM,37.41,18.5,12.79,20211112_120550_043300_1.txt
10275903,10277766,MAL,15.26,7.03,4.95,20211112_120550_043300_1.txt
10277491,10279011,FEM,12.64,5.89,3.97,20211112_120550_043300_1.txt
10279011,10280076,MAL,9.33,4.2,2.84,20211112_120550_043300_1.txt
10281492,10287472,FEM,45.21,22.46,15.52,20211112_120550_043300_1.txt
10288391,10290418,MAL,20.62,10.09,6.61,20211112_120550_043300_1.txt
10290011,10294493,FEM,40.52,20.5,13.55,20211112_120550_043300_1.txt
10294084,10295986,MAL,16.73,8.07,5.45,20211112_120550_043300_1.txt
10295512,10296914,FEM,15.14,7.18,4.78,20211112_120550_043300_1.txt
10301011,10301816,FEM,10.29,4.73,3.12,20211112_120550_043300_1.txt
10301933,10307492,FEM,47.55,23.79,16.02,20211112_120550_043300_1.txt
10306605,10309376,MAL,22.69,11.05,7.53,20211112_120550_043300_1.txt
10311511,10313965,FEM,21.02,10.36,6.97,20211112_120550_043300_1.txt
10314494,10316011,FEM,13.97,6.77,4.46,20211112_120550_043300_1.txt
10316511,10318295,MAL,16.83,8.06,5.46,20211112_120550_043300_1.txt
10319511,10321332,FEM,13.38,5.92,4.32,20211112_120550_043300_1.txt
10320937,10322489,MAL,14.72,6.78,4.67,20211112_120550_043300_1.txt
10323511,10326739,FEM,27.67,13.8,9.16,20211112_120550_043300_1.txt
10326908,10336316,FEM,81.06,41.05,27.46,20211112_120550_043300_1.txt
10328388,10329554,MAL,14.02,6.46,4.21,20211112_120550_043300_1.txt
10336881,10337264,FEM,7.63,3.45,2.21,20211112_120550_043300_1.txt
10337450,10339114,MAL,12.15,5.43,3.88,20211112_120550_043300_1.txt
10337682,10339153,FEM,11.25,5.05,3.55,20211112_120550_043300_1.txt
10340511,10345511,FEM,35.7,17.22,12.19,20211112_120550_043300_1.txt
10347716,10352492,FEM,42.81,21.38,14.2,20211112_120550_043300_1.txt
10354510,10355393,FEM,9.31,4.31,2.86,20211112_120550_043300_1.txt
10361333,10363534,MAL,22.51,11.4,7.43,20211112_120550_043300_1.txt
10367492,10376491,FEM,73.26,37.54,25.32,20211112_120550_043300_1.txt
10378646,10381624,FEM,22.93,11.09,7.59,20211112_120550_043300_1.txt
10382011,10386992,FEM,37.03,18.28,12.63,20211112_120550_043300_1.txt
10385636,10390511,MAL,37.73,18.85,12.89,20211112_120550_043300_1.txt
10387535,10388267,FEM,9.32,4.23,2.73,20211112_120550_043300_1.txt
10388507,10389903,FEM,12.01,5.45,3.74,20211112_120550_043300_1.txt
10392941,10400513,FEM,67.13,34.11,22.67,20211112_120550_043300_1.txt
10398065,10399044,MAL,12.05,5.64,3.73,20211112_120550_043300_1.txt
10402493,10404012,FEM,13.88,6.7,4.44,20211112_120550_043300_1.txt
10405511,10406626,FEM,13.58,6.61,4.27,20211112_120550_043300_1.txt
10406870,10407764,FEM,9.49,4.4,2.92,20211112_120550_043300_1.txt
10408819,10415594,FEM,63.27,32.35,21.2,20211112_120550_043300_1.txt
10416013,10418853,MAL,27.06,13.5,8.89,20211112_120550_043300_1.txt
10420302,10421374,MAL,11.47,5.34,3.5,20211112_120550_043300_1.txt
10420706,10420900,FEM,7.26,3.33,2.06,20211112_120550_043300_1.txt
10422192,10423856,MAL,19.06,9.37,6.08,20211112_120550_043300_1.txt
10424012,10426326,MAL,23.87,12.18,7.9,20211112_120550_043300_1.txt
10427511,10438510,FEM,105.8,53.5,35.08,20211112_120550_043300_1.txt
10444992,10445797,MAL,7.83,3.36,2.3,20211112_120550_043300_1.txt
10449260,10450492,FEM,12.86,6.23,4.05,20211112_120550_043300_1.txt
10452966,10453577,FEM,5.1,2.02,1.41,20211112_120550_043300_1.txt
10453791,10454616,MAL,7.78,3.43,2.29,20211112_120550_043300_1.txt
10454807,10454915,MAL,8.45,4.01,2.44,20211112_120550_043300_1.txt
10455715,10456658,FEM,9.79,4.43,2.97,20211112_120550_043300_1.txt
10456540,10456810,MAL,8.45,3.91,2.47,20211112_120550_043300_1.txt
10458511,10460011,FEM,12.97,6.15,4.13,20211112_120550_043300_1.txt
10459511,10459838,MAL,5.28,2.21,1.42,20211112_120550_043300_1.txt
10460991,10462972,MAL,19.41,9.63,6.3,20211112_120550_043300_1.txt
10462088,10466693,FEM,45.18,22.58,14.8,20211112_120550_043300_1.txt
10466992,10469488,MAL,27.91,14.05,8.96,20211112_120550_043300_1.txt
10469010,10470731,FEM,18.53,9.29,6.02,20211112_120550_043300_1.txt
10470835,10473400,FEM,25.48,12.82,8.42,20211112_120550_043300_1.txt
10472519,10472912,MAL,10.79,5.19,3.22,20211112_120550_043300_1.txt
10474075,10477492,FEM,34.25,17.15,11.22,20211112_120550_043300_1.txt
10484918,10486992,FEM,19.89,9.89,6.53,20211112_120550_043300_1.txt
10485671,10486991,MAL,15.74,7.71,4.97,20211112_120550_043300_1.txt
10488012,10491461,FEM,29.83,15.12,10.08,20211112_120550_043300_1.txt
10492991,10494969,FEM,19.62,9.63,6.37,20211112_120550_043300_1.txt
10494782,10494915,MAL,8.24,3.89,2.38,20211112_120550_043300_1.txt
10495992,10507992,FEM,113.87,57.38,37.83,20211112_120550_043300_1.txt
10511065,10512037,FEM,10.7,5.0,3.28,20211112_120550_043300_1.txt
10517511,10520358,FEM,19.09,8.68,6.4,20211112_120550_043300_1.txt
10519850,10521926,MAL,20.12,10.09,6.61,20211112_120550_043300_1.txt
10523512,10525353,FEM,14.86,7.0,4.82,20211112_120550_043300_1.txt
10530498,10536931,FEM,51.12,25.97,17.62,20211112_120550_043300_1.txt
10541510,10546510,FEM,40.07,20.23,13.75,20211112_120550_043300_1.txt
10549821,10552511,FEM,21.11,10.09,7.04,20211112_120550_043300_1.txt
10554715,10555832,FEM,13.38,6.52,4.2,20211112_120550_043300_1.txt
10556511,10558853,FEM,21.06,10.54,6.97,20211112_120550_043300_1.txt
10569012,10570045,FEM,14.66,7.12,4.51,20211112_120550_043300_1.txt
10570822,10573711,FEM,25.79,13.04,8.58,20211112_120550_043300_1.txt
10575011,10579561,FEM,38.97,19.31,12.99,20211112_120550_043300_1.txt
10582491,10583510,MAL,12.42,5.92,3.81,20211112_120550_043300_1.txt
10584611,10587011,FEM,20.3,9.8,6.67,20211112_120550_043300_1.txt
10590510,10591992,FEM,15.19,7.27,4.86,20211112_120550_043300_1.txt
10592510,10596511,MAL,30.27,14.73,10.31,20211112_120550_043300_1.txt
10603663,10605511,FEM,15.01,7.08,4.87,20211112_120550_043300_1.txt
10607492,10607767,FEM,6.22,2.74,1.73,20211112_120550_043300_1.txt
10608011,10608787,FEM,8.81,4.11,2.67,20211112_120550_043300_1.txt
10609010,10612491,FEM,27.94,13.67,9.29,20211112_120550_043300_1.txt
10613675,10614993,FEM,11.68,5.41,3.67,20211112_120550_043300_1.txt
10615408,10619492,FEM,32.21,16.1,10.92,20211112_120550_043300_1.txt
10621005,10626744,FEM,45.33,23.0,15.62,20211112_120550_043300_1.txt
10626851,10626993,FEM,6.2,2.75,1.7,20211112_120550_043300_1.txt
10633012,10634855,FEM,16.35,7.78,5.31,20211112_120550_043300_1.txt
10635388,10640493,FEM,40.0,19.97,13.64,20211112_120550_043300_1.txt
10641993,10645921,FEM,29.17,14.39,9.94,20211112_120550_043300_1.txt
10645617,10649303,MAL,30.15,15.06,10.17,20211112_120550_043300_1.txt
10648511,10651474,FEM,23.62,11.38,7.82,20211112_120550_043300_1.txt
10656929,10658053,FEM,14.04,6.77,4.37,20211112_120550_043300_1.txt
10658010,10658322,MAL,9.89,4.77,2.95,20211112_120550_043300_1.txt
10663491,10664011,FEM,9.29,4.41,2.79,20211112_120550_043300_1.txt
10675010,10677394,FEM,22.33,11.2,7.4,20211112_120550_043300_1.txt
10678492,10678637,MAL,8.28,3.92,2.39,20211112_120550_043300_1.txt
10678517,10678664,FEM,8.23,3.89,2.37,20211112_120550_043300_1.txt
10680010,10688491,FEM,63.83,31.94,22.04,20211112_120550_043300_1.txt
10690685,10694257,FEM,25.5,12.14,8.6,20211112_120550_043300_1.txt
10699511,10703510,FEM,32.99,16.56,11.17,20211112_120550_043300_1.txt
10706992,10707512,FEM,5.21,2.1,1.43,20211112_120550_043300_1.txt
10712777,10713511,FEM,7.68,3.37,2.24,20211112_120550_043300_1.txt
10713195,10713327,MAL,4.36,1.74,1.08,20211112_120550_043300_1.txt
10718511,10724512,FEM,48.84,24.04,16.36,20211112_120550_043300_1.txt
10727492,10728515,FEM,9.96,4.52,3.04,20211112_120550_043300_1.txt
10729670,10729992,FEM,7.0,3.14,1.99,20211112_120550_043300_1.txt
10733101,10733265,FEM,3.15,1.03,0.68,20211112_120550_043300_1.txt
10734992,10736492,FEM,10.46,4.56,3.29,20211112_120550_043300_1.txt
10741071,10742993,FEM,15.99,7.62,5.16,20211112_120550_043300_1.txt
10747961,10749930,FEM,17.32,8.31,5.55,20211112_120550_043300_1.txt
10753493,10754151,FEM,7.7,3.39,2.23,20211112_120550_043300_1.txt
10754567,10756158,FEM,12.05,5.51,3.84,20211112_120550_043300_1.txt
10757834,10761131,FEM,26.29,12.99,8.82,20211112_120550_043300_1.txt
10760649,10760826,MAL,6.9,3.1,1.94,20211112_120550_043300_1.txt
10760960,10761704,MAL,7.87,3.51,2.35,20211112_120550_043300_1.txt
10761243,10761511,FEM,7.39,3.4,2.11,20211112_120550_043300_1.txt
10762511,10764492,FEM,18.37,9.11,6.01,20211112_120550_043300_1.txt
10765992,10767992,FEM,14.39,6.65,4.63,20211112_120550_043300_1.txt
10768138,10769491,FEM,11.69,5.3,3.63,20211112_120550_043300_1.txt
10782077,10782889,MAL,4.51,1.52,1.25,20211112_120550_043300_1.txt
10788491,10789220,FEM,8.63,3.99,2.61,20211112_120550_043300_1.txt
10790258,10790487,MAL,4.58,1.83,1.17,20211112_120550_043300_1.txt
10791011,10792739,FEM,12.88,5.88,4.14,20211112_120550_043300_1.txt
10803491,10805010,FEM,16.84,8.03,5.26,20211112_120550_043300_1.txt
10806991,10809492,FEM,15.76,6.93,5.23,20211112_120550_043300_1.txt
10817012,10817191,FEM,4.84,1.93,1.25,20211112_120550_043300_1.txt
10828492,10828696,FEM,7.19,3.27,2.04,20211112_120550_043300_1.txt
10830240,10832496,FEM,15.48,7.17,5.09,20211112_120550_043300_1.txt
10833890,10835969,FEM,16.18,7.79,5.29,20211112_120550_043300_1.txt
10839142,10842011,FEM,20.72,9.91,6.94,20211112_120550_043300_1.txt
10846011,10848991,FEM,24.27,11.96,8.09,20211112_120550_043300_1.txt
10850492,10852519,FEM,16.98,8.15,5.5,20211112_120550_043300_1.txt
10855502,10855657,FEM,7.8,3.64,2.23,20211112_120550_043300_1.txt
10856492,10856828,MAL,7.21,3.29,2.07,20211112_120550_043300_1.txt
10856511,10858011,FEM,14.58,6.99,4.67,20211112_120550_043300_1.txt
10860985,10863012,FEM,15.29,7.06,4.94,20211112_120550_043300_1.txt
10863143,10863492,FEM,7.84,3.63,2.28,20211112_120550_043300_1.txt
10870524,10873288,FEM,19.28,8.87,6.39,20211112_120550_043300_1.txt
10875992,10877408,MAL,13.52,6.37,4.25,20211112_120550_043300_1.txt
10882011,10887492,FEM,39.81,19.62,13.74,20211112_120550_043300_1.txt
10888493,10896011,FEM,60.48,30.84,20.86,20211112_120550_043300_1.txt
10897511,10899595,FEM,18.48,8.92,5.96,20211112_120550_043300_1.txt
10898493,10900439,MAL,16.56,7.68,5.3,20211112_120550_043300_1.txt
10903687,10906925,FEM,26.25,13.12,8.85,20211112_120550_043300_1.txt
10910511,10917492,FEM,53.5,27.18,18.56,20211112_120550_043300_1.txt
10918999,10933491,FEM,120.05,59.3,40.62,20211112_120550_043300_1.txt
10934992,10937182,FEM,18.52,8.96,6.09,20211112_120550_043300_1.txt
10942957,10944493,FEM,9.76,4.09,3.07,20211112_120550_043300_1.txt
10948284,10948618,FEM,7.61,3.49,2.2,20211112_120550_043300_1.txt
10957079,10957362,FEM,6.72,2.97,1.9,20211112_120550_043300_1.txt
10957133,10959011,MAL,14.6,6.48,4.63,20211112_120550_043300_1.txt
10957991,10962512,FEM,29.37,13.59,10.05,20211112_120550_043300_1.txt
10966492,10969133,FEM,19.98,9.54,6.66,20211112_120550_043300_1.txt
10973166,10974015,FEM,7.73,3.21,2.32,20211112_120550_043300_1.txt
10980986,10983858,FEM,19.94,9.33,6.63,20211112_120550_043300_1.txt
10985492,10987159,FEM,11.67,5.0,3.67,20211112_120550_043300_1.txt
10987456,10996012,FEM,65.18,33.08,22.71,20211112_120550_043300_1.txt
10997486,11002510,FEM,35.54,16.76,11.98,20211112_120550_043300_1.txt
11003513,11003763,MAL,6.76,2.99,1.9,20211112_120550_043300_1.txt
11004039,11005132,MAL,12.35,5.82,3.85,20211112_120550_043300_1.txt
11006012,11009492,FEM,26.03,12.35,8.66,20211112_120550_043300_1.txt
11010013,11010318,FEM,8.27,3.84,2.41,20211112_120550_043300_1.txt
11010421,11016489,FEM,45.77,22.45,15.61,20211112_120550_043300_1.txt
11012011,11014075,MAL,18.08,8.6,5.87,20211112_120550_043300_1.txt
11017011,11018778,FEM,12.48,5.44,4.01,20211112_120550_043300_1.txt
11017817,11017984,MAL,6.3,2.79,1.73,20211112_120550_043300_1.txt
11018143,11018281,MAL,8.32,3.9,2.4,20211112_120550_043300_1.txt
11019991,11020477,FEM,8.19,3.78,2.42,20211112_120550_043300_1.txt
11020760,11020873,FEM,8.17,3.83,2.35,20211112_120550_043300_1.txt
11022229,11022492,FEM,8.14,3.79,2.36,20211112_120550_043300_1.txt
11023003,11031511,FEM,61.23,30.02,21.12,20211112_120550_043300_1.txt
11029512,11031039,MAL,9.93,3.97,3.07,20211112_120550_043300_1.txt
11031152,11031511,MAL,9.92,4.72,2.97,20211112_120550_043300_1.txt
11034492,11038896,FEM,36.86,18.67,12.58,20211112_120550_043300_1.txt
11036363,11037492,MAL,15.03,7.18,4.59,20211112_120550_043300_1.txt
11040891,11057783,FEM,128.3,62.35,43.82,20211112_120550_043300_1.txt
11052659,11053720,MAL,9.88,4.38,3.03,20211112_120550_043300_1.txt
11059492,11063491,FEM,29.3,13.87,9.94,20211112_120550_043300_1.txt
11064511,11067992,FEM,27.53,13.46,9.26,20211112_120550_043300_1.txt
11071510,11073491,FEM,14.95,7.0,4.82,20211112_120550_043300_1.txt
11077012,11077188,FEM,5.48,2.33,1.46,20211112_120550_043300_1.txt
11077493,11081455,FEM,23.35,9.77,7.63,20211112_120550_043300_1.txt
11083993,11084511,MAL,7.06,2.98,2.05,20211112_120550_043300_1.txt
11088510,11094492,FEM,37.23,16.51,12.54,20211112_120550_043300_1.txt
11098267,11106492,FEM,40.64,16.83,14.27,20211112_120550_043300_1.txt
11108991,11115429,FEM,41.86,19.23,14.27,20211112_120550_043300_1.txt
11116011,11121288,FEM,37.02,17.16,12.36,20211112_120550_043300_1.txt
11125492,11128300,FEM,21.97,10.63,7.24,20211112_120550_043300_1.txt
11129010,11134634,FEM,44.91,21.91,15.1,20211112_120550_043300_1.txt
11136511,11144511,FEM,65.62,32.78,22.29,20211112_120550_043300_1.txt
11150205,11153992,FEM,28.48,13.73,9.63,20211112_120550_043300_1.txt
11155492,11156511,MAL,10.33,4.65,3.17,20211112_120550_043300_1.txt
11156604,11159512,FEM,22.7,11.01,7.61,20211112_120550_043300_1.txt
11156668,11156805,MAL,7.71,3.56,2.2,20211112_120550_043300_1.txt
11159620,11159750,FEM,7.53,3.5,2.14,20211112_120550_043300_1.txt
11159890,11160511,FEM,8.09,3.56,2.35,20211112_120550_043300_1.txt
11161908,11163415,FEM,16.51,7.88,5.15,20211112_120550_043300_1.txt
11162330,11162448,MAL,7.8,3.65,2.23,20211112_120550_043300_1.txt
11163045,11164263,MAL,14.4,6.76,4.5,20211112_120550_043300_1.txt
11164011,11185608,FEM,180.87,91.08,61.81,20211112_120550_043300_1.txt
11189141,11190177,FEM,9.82,4.36,3.0,20211112_120550_043300_1.txt
11191645,11191966,MAL,9.77,4.68,2.92,20211112_120550_043300_1.txt
11192880,11193990,MAL,8.4,3.49,2.59,20211112_120550_043300_1.txt
11194991,11196510,FEM,11.51,5.12,3.59,20211112_120550_043300_1.txt
11198993,11201011,FEM,11.11,4.49,3.54,20211112_120550_043300_1.txt
11213542,11214070,FEM,3.08,0.84,0.72,20211112_120550_043300_1.txt
11220512,11221072,FEM,2.53,0.44,0.49,20211112_120550_043300_1.txt
11221511,11227993,FEM,50.92,24.35,16.82,20211112_120550_043300_1.txt
11229627,11233093,FEM,27.32,12.83,8.92,20211112_120550_043300_1.txt
11238553,11239012,FEM,3.86,1.33,0.97,20211112_120550_043300_1.txt
11247581,11248511,FEM,4.23,1.23,1.12,20211112_120550_043300_1.txt
11257620,11260511,FEM,16.09,6.74,5.3,20211112_120550_043300_1.txt
11264594,11264712,FEM,3.5,1.24,0.79,20211112_120550_043300_1.txt
11264992,11266099,FEM,7.32,2.84,2.18,20211112_120550_043300_1.txt
11265856,11266980,MAL,7.76,3.15,2.28,20211112_120550_043300_1.txt
11266553,11266732,FEM,2.28,0.52,0.4,20211112_120550_043300_1.txt
11266892,11268510,FEM,10.91,4.86,3.46,20211112_120550_043300_1.txt
11271133,11271297,FEM,5.28,2.2,1.39,20211112_120550_043300_1.txt
11272480,11273536,FEM,7.38,2.91,2.14,20211112_120550_043300_1.txt
11292991,11296992,FEM,27.46,12.64,9.27,20211112_120550_043300_1.txt
11299016,11299510,FEM,7.0,2.93,2.02,20211112_120550_043300_1.txt
11313493,11316583,FEM,25.94,12.82,8.72,20211112_120550_043300_1.txt
11315511,11316171,MAL,10.83,5.12,3.27,20211112_120550_043300_1.txt
11316304,11316436,MAL,9.27,4.47,2.72,20211112_120550_043300_1.txt
11324197,11328993,FEM,37.44,18.56,12.78,20211112_120550_043300_1.txt
11333010,11338427,FEM,50.88,25.68,16.94,20211112_120550_043300_1.txt
11341085,11344992,FEM,34.09,17.15,11.47,20211112_120550_043300_1.txt
11347511,11348515,FEM,7.23,2.89,2.13,20211112_120550_043300_1.txt
11350511,11351972,FEM,13.37,6.21,4.2,20211112_120550_043300_1.txt
11359992,11364904,FEM,39.85,20.04,13.6,20211112_120550_043300_1.txt
11363234,11363339,MAL,7.26,3.35,2.04,20211112_120550_043300_1.txt
11366011,11379492,FEM,121.4,60.74,40.58,20211112_120550_043300_1.txt
11383011,11386011,FEM,26.91,13.25,8.81,20211112_120550_043300_1.txt
11389992,11390853,FEM,8.64,3.92,2.63,20211112_120550_043300_1.txt
11393011,11407772,FEM,118.02,60.95,41.26,20211112_120550_043300_1.txt
11406079,11406255,MAL,9.39,4.52,2.76,20211112_120550_043300_1.txt
11409404,11412249,FEM,26.58,13.26,8.79,20211112_120550_043300_1.txt
11412492,11421971,FEM,85.58,43.63,28.98,20211112_120550_043300_1.txt
11423511,11424988,FEM,15.37,7.3,4.87,20211112_120550_043300_1.txt
11425777,11431381,FEM,51.42,26.21,17.21,20211112_120550_043300_1.txt
11436491,11436992,FEM,10.04,4.78,3.04,20211112_120550_043300_1.txt
11437610,11443612,FEM,48.85,24.93,16.84,20211112_120550_043300_1.txt
11446309,11446928,FEM,10.78,5.07,3.25,20211112_120550_043300_1.txt
11447013,11448010,MAL,12.66,5.99,3.94,20211112_120550_043300_1.txt
11447511,11447992,FEM,9.71,4.6,2.92,20211112_120550_043300_1.txt
11448884,11456562,FEM,66.91,33.35,22.45,20211112_120550_043300_1.txt
11455778,11456035,MAL,6.92,3.13,1.95,20211112_120550_043300_1.txt
11456834,11458511,FEM,17.07,8.29,5.47,20211112_120550_043300_1.txt
11464035,11464948,FEM,12.31,5.93,3.81,20211112_120550_043300_1.txt
11470483,11470618,MAL,9.02,4.32,2.64,20211112_120550_043300_1.txt
11471095,11471289,FEM,9.81,4.74,2.91,20211112_120550_043300_1.txt
11471492,11477511,FEM,45.87,22.75,15.75,20211112_120550_043300_1.txt
11478147,11481492,FEM,28.52,14.14,9.57,20211112_120550_043300_1.txt
11483993,11484712,FEM,8.58,3.9,2.59,20211112_120550_043300_1.txt
11485511,11485680,MAL,7.04,3.16,1.98,20211112_120550_043300_1.txt
11486051,11487492,MAL,13.3,6.17,4.23,20211112_120550_043300_1.txt
11486991,11488727,FEM,14.18,6.36,4.57,20211112_120550_043300_1.txt
11491853,11491981,MAL,7.95,3.73,2.28,20211112_120550_043300_1.txt
11492012,11492331,FEM,7.19,3.27,2.06,20211112_120550_043300_1.txt
11493927,11494538,FEM,6.82,2.85,1.98,20211112_120550_043300_1.txt
11496011,11499011,FEM,28.12,13.67,9.11,20211112_120550_043300_1.txt
11499848,11500010,FEM,7.08,3.24,1.99,20211112_120550_043300_1.txt
11505512,11508543,FEM,24.29,11.77,8.11,20211112_120550_043300_1.txt
11508791,11508928,FEM,8.17,3.84,2.35,20211112_120550_043300_1.txt
11519238,11519780,FEM,4.86,1.94,1.32,20211112_120550_043300_1.txt
11519950,11520611,FEM,7.05,3.15,2.07,20211112_120550_043300_1.txt
11525998,11529010,FEM,24.03,11.76,8.01,20211112_120550_043300_1.txt
11533511,11534188,MAL,10.75,5.02,3.25,20211112_120550_043300_1.txt
11534375,11535556,FEM,14.91,7.19,4.67,20211112_120550_043300_1.txt
11536391,11537356,MAL,8.63,3.65,2.59,20211112_120550_043300_1.txt
11538457,11539584,FEM,13.65,6.54,4.29,20211112_120550_043300_1.txt
11540640,11540788,FEM,6.97,3.15,1.95,20211112_120550_043300_1.txt
11540991,11542371,FEM,13.38,6.13,4.19,20211112_120550_043300_1.txt
11543747,11548492,FEM,37.62,18.69,12.84,20211112_120550_043300_1.txt
11549993,11552011,FEM,15.29,7.09,4.99,20211112_120550_043300_1.txt
11552193,11552323,FEM,6.69,3.02,1.86,20211112_120550_043300_1.txt
11552510,11552829,FEM,10.14,4.89,3.04,20211112_120550_043300_1.txt
11552993,11555269,FEM,22.52,11.01,7.28,20211112_120550_043300_1.txt
11557492,11559606,FEM,21.76,10.55,6.95,20211112_120550_043300_1.txt
11561511,11565482,FEM,31.2,15.25,10.56,20211112_120550_043300_1.txt
11567414,11569820,FEM,18.53,8.83,6.13,20211112_120550_043300_1.txt
11570514,11572817,FEM,18.21,8.91,6.01,20211112_120550_043300_1.txt
11573012,11579109,FEM,48.87,24.99,16.86,20211112_120550_043300_1.txt
11579492,11581326,MAL,18.6,9.29,6.11,20211112_120550_043300_1.txt
11582740,11584549,FEM,19.2,9.6,6.26,20211112_120550_043300_1.txt
11584934,11585992,MAL,13.72,6.69,4.3,20211112_120550_043300_1.txt
11585012,11585493,FEM,10.0,4.81,3.02,20211112_120550_043300_1.txt
11585992,11587377,FEM,15.26,7.52,4.87,20211112_120550_043300_1.txt
11586993,11588017,MAL,14.44,6.82,4.33,20211112_120550_043300_1.txt
11587511,11592492,FEM,46.3,23.42,15.4,20211112_120550_043300_1.txt
11592764,11594479,FEM,14.82,7.03,4.78,20211112_120550_043300_1.txt
11595548,11600516,FEM,43.17,22.06,14.67,20211112_120550_043300_1.txt
11600989,11604108,FEM,23.94,11.44,8.0,20211112_120550_043300_1.txt
11604995,11605439,FEM,10.05,4.8,3.03,20211112_120550_043300_1.txt
11607011,11610617,FEM,28.23,14.08,9.57,20211112_120550_043300_1.txt
11611510,11613992,FEM,23.43,11.77,7.73,20211112_120550_043300_1.txt
11614838,11615535,MAL,9.87,4.63,2.96,20211112_120550_043300_1.txt
11615498,11618790,FEM,28.28,13.97,9.43,20211112_120550_043300_1.txt
11619561,11622992,FEM,31.1,15.22,10.23,20211112_120550_043300_1.txt
11625189,11625491,FEM,5.95,2.59,1.64,20211112_120550_043300_1.txt
11625512,11625910,MAL,5.69,2.44,1.57,20211112_120550_043300_1.txt
11625876,11626252,FEM,6.43,2.85,1.81,20211112_120550_043300_1.txt
11626782,11629511,FEM,23.2,11.56,7.74,20211112_120550_043300_1.txt
11629778,11629910,MAL,10.58,5.19,3.15,20211112_120550_043300_1.txt
11631011,11641403,FEM,96.16,48.64,32.18,20211112_120550_043300_1.txt
11642815,11646995,FEM,33.47,16.29,11.2,20211112_120550_043300_1.txt
11646600,11646742,MAL,7.13,3.28,2.01,20211112_120550_043300_1.txt
11648011,11654025,FEM,52.71,26.91,17.87,20211112_120550_043300_1.txt
11656639,11659992,FEM,28.09,14.04,9.37,20211112_120550_043300_1.txt
11662491,11666011,FEM,29.38,14.68,9.89,20211112_120550_043300_1.txt
11666268,11666492,FEM,9.75,4.7,2.89,20211112_120550_043300_1.txt
11666747,11667490,MAL,11.03,5.23,3.35,20211112_120550_043300_1.txt
11667512,11676992,FEM,82.43,41.55,27.88,20211112_120550_043300_1.txt
11679142,11684993,FEM,43.89,22.08,15.16,20211112_120550_043300_1.txt
11685168,11690492,FEM,48.04,24.3,16.09,20211112_120550_043300_1.txt
11690063,11690326,MAL,7.99,3.66,2.31,20211112_120550_043300_1.txt
11691024,11696122,FEM,39.54,19.38,13.43,20211112_120550_043300_1.txt
11691272,11691547,MAL,7.01,3.14,1.99,20211112_120550_043300_1.txt
11699512,11699667,FEM,9.9,4.78,2.93,20211112_120550_043300_1.txt
11699954,11701679,FEM,15.72,7.55,5.08,20211112_120550_043300_1.txt
11700136,11700413,MAL,7.91,3.67,2.29,20211112_120550_043300_1.txt
11703994,11714593,FEM,91.64,47.27,31.45,20211112_120550_043300_1.txt
11715011,11715239,FEM,6.44,2.86,1.79,20211112_120550_043300_1.txt
11715373,11734992,FEM,165.41,84.71,56.96,20211112_120550_043300_1.txt
11735126,11735362,FEM,9.16,4.37,2.7,20211112_120550_043300_1.txt
11738491,11739512,FEM,14.97,7.46,4.77,20211112_120550_043300_1.txt
11740069,11750884,FEM,101.49,51.8,34.19,20211112_120550_043300_1.txt
11746492,11746625,MAL,11.73,5.83,3.54,20211112_120550_043300_1.txt
11752493,11753514,FEM,13.87,6.78,4.35,20211112_120550_043300_1.txt
11755010,11757035,FEM,19.13,9.31,6.27,20211112_120550_043300_1.txt
11762012,11769317,FEM,72.67,37.3,24.26,20211112_120550_043300_1.txt
11763731,11764904,MAL,16.14,7.89,5.08,20211112_120550_043300_1.txt
11771511,11773992,FEM,22.53,11.18,7.48,20211112_120550_043300_1.txt
11774992,11782493,FEM,64.77,33.19,22.24,20211112_120550_043300_1.txt
11783011,11786992,FEM,40.74,20.48,13.38,20211112_120550_043300_1.txt
11786182,11787512,MAL,17.39,8.52,5.47,20211112_120550_043300_1.txt
11787510,11792011,FEM,43.95,21.84,14.43,20211112_120550_043300_1.txt
11792208,11792346,FEM,10.97,5.42,3.29,20211112_120550_043300_1.txt
11793789,11796011,FEM,21.83,10.78,7.15,20211112_120550_043300_1.txt
11793840,11793992,MAL,10.19,4.96,3.03,20211112_120550_043300_1.txt
11796099,11800011,MAL,35.76,17.82,11.87,20211112_120550_043300_1.txt
11799010,11805915,FEM,68.86,34.54,22.66,20211112_120550_043300_1.txt
11808215,11834511,FEM,210.83,109.48,74.17,20211112_120550_043300_1.txt
11833992,11835517,MAL,13.95,6.69,4.46,20211112_120550_043300_1.txt
11834701,11839492,FEM,44.4,22.25,14.73,20211112_120550_043300_1.txt
11838440,11840880,MAL,24.23,11.85,7.83,20211112_120550_043300_1.txt
11840108,11855012,FEM,127.91,65.82,43.99,20211112_120550_043300_1.txt
11854448,11856448,MAL,20.9,10.46,6.8,20211112_120550_043300_1.txt
11855595,11862207,FEM,56.75,28.59,19.21,20211112_120550_043300_1.txt
11863010,11870492,FEM,62.24,31.69,21.39,20211112_120550_043300_1.txt
11869694,11871874,MAL,21.03,10.19,6.87,20211112_120550_043300_1.txt
11871056,11871260,FEM,11.04,5.41,3.32,20211112_120550_043300_1.txt
11872015,11877251,FEM,46.8,23.34,15.66,20211112_120550_043300_1.txt
11877165,11878512,MAL,17.41,8.45,5.42,20211112_120550_043300_1.txt
11878512,11879992,FEM,17.2,8.41,5.48,20211112_120550_043300_1.txt
11881779,11892660,FEM,99.82,51.19,33.85,20211112_120550_043300_1.txt
11891510,11894991,MAL,38.36,19.37,12.45,20211112_120550_043300_1.txt
11892793,11893510,FEM,12.82,6.2,3.89,20211112_120550_043300_1.txt
11894271,11900614,FEM,65.45,32.9,21.43,20211112_120550_043300_1.txt
11895532,11896681,MAL,15.27,7.35,4.73,20211112_120550_043300_1.txt
11899616,11902012,MAL,23.58,11.49,7.66,20211112_120550_043300_1.txt
11901011,11948492,FEM,408.56,210.89,141.29,20211112_120550_043300_1.txt
11905491,11905753,MAL,9.3,4.46,2.75,20211112_120550_043300_1.txt
11945129,11945272,MAL,10.45,5.12,3.11,20211112_120550_043300_1.txt
11950011,11977428,FEM,218.62,113.28,76.9,20211112_120550_043300_1.txt
11980195,11984134,FEM,31.27,15.41,10.58,20211112_120550_043300_1.txt
11983358,11983500,MAL,8.62,4.1,2.5,20211112_120550_043300_1.txt
11985511,11985773,FEM,6.75,3.04,1.9,20211112_120550_043300_1.txt
11986010,11988410,FEM,19.72,9.68,6.53,20211112_120550_043300_1.txt
11989492,11990012,FEM,8.83,4.16,2.64,20211112_120550_043300_1.txt
11991491,11993492,FEM,19.41,9.69,6.36,20211112_120550_043300_1.txt
11995952,12005991,FEM,87.68,46.26,30.46,20211112_120550_043300_1.txt
12006414,12009727,FEM,29.38,15.04,9.9,20211112_120550_043300_1.txt
12013265,12015784,FEM,22.89,11.36,7.55,20211112_120550_043300_1.txt
12016011,12019685,FEM,31.94,16.27,10.81,20211112_120550_043300_1.txt
12027749,12030554,FEM,25.7,13.24,8.59,20211112_120550_043300_1.txt
12033244,12034211,FEM,11.21,5.34,3.45,20211112_120550_043300_1.txt
12036009,12039516,FEM,34.97,18.0,11.59,20211112_120550_043300_1.txt
12040512,12041011,FEM,7.93,3.65,2.33,20211112_120550_043300_1.txt
12044886,12047491,MAL,24.05,11.63,7.69,20211112_120550_043300_1.txt
12048510,12049563,FEM,11.24,5.4,3.53,20211112_120550_043300_1.txt
12050399,12053511,FEM,24.19,11.73,8.09,20211112_120550_043300_1.txt
12055730,12060863,FEM,49.47,24.55,16.21,20211112_120550_043300_1.txt
12061580,12065993,FEM,36.94,18.54,12.5,20211112_120550_043300_1.txt
12066622,12067645,FEM,9.67,4.38,2.95,20211112_120550_043300_1.txt
12069086,12072002,MAL,28.41,14.29,9.35,20211112_120550_043300_1.txt
12071256,12072090,FEM,10.89,5.18,3.38,20211112_120550_043300_1.txt
12073683,12073889,FEM,6.97,3.16,1.96,20211112_120550_043300_1.txt
12073992,12083155,FEM,72.01,36.31,24.88,20211112_120550_043300_1.txt
12083582,12083700,FEM,8.39,3.98,2.42,20211112_120550_043300_1.txt
12084479,12091106,FEM,56.21,28.23,18.92,20211112_120550_043300_1.txt
12091992,12092510,FEM,4.64,1.78,1.24,20211112_120550_043300_1.txt
12093492,12096992,FEM,30.02,14.78,9.93,20211112_120550_043300_1.txt
12097232,12100011,FEM,22.81,11.27,7.62,20211112_120550_043300_1.txt
12098967,12099163,MAL,7.23,3.32,2.05,20211112_120550_043300_1.txt
12105492,12108654,FEM,27.28,13.8,9.18,20211112_120550_043300_1.txt
12112673,12117805,FEM,49.37,24.73,16.18,20211112_120550_043300_1.txt
12117539,12118698,MAL,12.25,5.74,3.73,20211112_120550_043300_1.txt
12118012,12120506,FEM,21.04,10.38,6.93,20211112_120550_043300_1.txt
12129001,12131011,FEM,15.95,7.61,5.16,20211112_120550_043300_1.txt
12136492,12138512,FEM,17.19,8.32,5.62,20211112_120550_043300_1.txt
12141205,12142030,FEM,9.52,4.41,2.92,20211112_120550_043300_1.txt
12145937,12152493,FEM,61.09,30.76,20.33,20211112_120550_043300_1.txt
12146512,12146782,MAL,8.68,4.11,2.54,20211112_120550_043300_1.txt
12147256,12148782,MAL,17.04,8.18,5.28,20211112_120550_043300_1.txt
12150822,12151011,MAL,6.83,3.1,1.91,20211112_120550_043300_1.txt
12152766,12152992,FEM,6.96,3.11,1.96,20211112_120550_043300_1.txt
12153608,12154703,FEM,11.29,5.29,3.55,20211112_120550_043300_1.txt
12155326,12158492,FEM,25.79,12.72,8.63,20211112_120550_043300_1.txt
12159011,12160518,FEM,17.69,8.78,5.65,20211112_120550_043300_1.txt
12160673,12166991,FEM,49.67,24.92,17.06,20211112_120550_043300_1.txt
12173936,12180612,FEM,66.28,33.59,21.76,20211112_120550_043300_1.txt
12181028,12183331,FEM,22.62,11.05,7.11,20211112_120550_043300_1.txt
12187010,12198510,FEM,112.5,57.72,37.55,20211112_120550_043300_1.txt
12201511,12205841,FEM,40.63,20.47,13.51,20211112_120550_043300_1.txt
12219739,12221011,FEM,15.14,7.5,4.81,20211112_120550_043300_1.txt
12226434,12227787,FEM,18.37,9.14,5.8,20211112_120550_043300_1.txt
12231120,12231452,FEM,9.83,4.73,2.94,20211112_120550_043300_1.txt
12235011,12237492,FEM,28.75,14.68,9.34,20211112_120550_043300_1.txt
12254492,12259511,FEM,51.23,26.85,17.15,20211112_120550_043300_1.txt
12268005,12271510,FEM,33.84,17.76,11.42,20211112_120550_043300_1.txt
12271787,12272511,FEM,9.96,4.8,3.05,20211112_120550_043300_1.txt
12289492,12291011,FEM,18.87,9.46,5.94,20211112_120550_043300_1.txt
12351344,12352537,FEM,12.89,6.33,4.05,20211112_120550_043300_1.txt
12356511,12358415,FEM,21.46,10.74,6.81,20211112_120550_043300_1.txt
12463492,12464992,FEM,15.06,7.52,4.83,20211112_120550_043300_1.txt
12868343,12871121,FEM,31.41,16.18,10.33,20211112_120550_043300_1.txt
12872255,12873656,FEM,20.12,10.08,6.33,20211112_120550_043300_1.txt
12878337,12879768,FEM,19.59,9.97,6.27,20211112_120550_043300_1.txt
12889981,12890783,FEM,12.75,6.29,3.99,20211112_120550_043300_1.txt
12891587,12893658,FEM,25.67,13.09,8.25,20211112_120550_043300_1.txt
12894368,12896623,FEM,22.47,11.51,7.37,20211112_120550_043300_1.txt
12899500,12900897,FEM,16.32,8.21,5.23,20211112_120550_043300_1.txt
12912056,12912210,FEM,7.71,3.61,2.2,20211112_120550_043300_1.txt
12913992,12915492,FEM,15.36,7.64,4.87,20211112_120550_043300_1.txt
12917786,12919011,FEM,11.99,5.91,3.81,20211112_120550_043300_1.txt
12947992,12949997,FEM,21.65,11.1,7.11,20211112_120550_043300_1.txt
12994538,12994685,FEM,6.43,2.9,1.77,20211112_120550_043300_1.txt
13015424,13016492,FEM,15.39,7.59,4.76,20211112_120550_043300_1.txt
13050992,13052327,FEM,13.19,6.51,4.17,20211112_120550_043300_1.txt
13079016,13079144,FEM,7.82,3.68,2.24,20211112_120550_043300_1.txt
13081993,13083520,FEM,17.32,8.73,5.53,20211112_120550_043300_1.txt
13083992,13086047,FEM,21.68,11.21,7.18,20211112_120550_043300_1.txt
13089133,13090012,FEM,15.18,7.61,4.76,20211112_120550_043300_1.txt
13099590,13103633,FEM,38.06,19.59,12.86,20211112_120550_043300_1.txt
13104460,13106897,FEM,25.81,13.21,8.56,20211112_120550_043300_1.txt
13115993,13117060,FEM,9.88,4.55,3.08,20211112_120550_043300_1.txt
13117484,13124992,FEM,62.27,31.83,21.41,20211112_120550_043300_1.txt
13125993,13127574,FEM,14.49,7.06,4.65,20211112_120550_043300_1.txt
13126639,13127490,MAL,8.25,3.8,2.5,20211112_120550_043300_1.txt
13128315,13131133,FEM,24.39,12.2,8.16,20211112_120550_043300_1.txt
13131529,13134025,FEM,24.82,12.19,7.98,20211112_120550_043300_1.txt
13138178,13139217,MAL,9.98,4.54,3.11,20211112_120550_043300_1.txt
13138511,13138926,FEM,7.07,3.19,2.03,20211112_120550_043300_1.txt
13139501,13140011,FEM,7.8,3.54,2.29,20211112_120550_043300_1.txt
13140163,13140492,FEM,4.94,2.0,1.31,20211112_120550_043300_1.txt
13141011,13143672,FEM,20.11,9.52,6.7,20211112_120550_043300_1.txt
13145011,13146913,FEM,17.34,8.44,5.65,20211112_120550_043300_1.txt
13148116,13151208,FEM,30.23,14.88,9.73,20211112_120550_043300_1.txt
13151511,13153992,FEM,19.14,8.94,6.3,20211112_120550_043300_1.txt
13155532,13155949,FEM,4.03,1.51,1.02,20211112_120550_043300_1.txt
13158867,13159971,FEM,13.64,6.48,4.23,20211112_120550_043300_1.txt
13167233,13168293,FEM,11.9,5.56,3.7,20211112_120550_043300_1.txt
13168452,13168715,FEM,9.58,4.54,2.84,20211112_120550_043300_1.txt
13168985,13170510,FEM,17.18,8.36,5.43,20211112_120550_043300_1.txt
13169491,13169823,MAL,8.98,4.26,2.65,20211112_120550_043300_1.txt
13169993,13170204,MAL,8.21,3.86,2.38,20211112_120550_043300_1.txt
13176511,13178511,FEM,18.89,9.18,6.19,20211112_120550_043300_1.txt
13179605,13181456,FEM,20.67,10.12,6.6,20211112_120550_043300_1.txt
13187016,13188984,MAL,20.05,9.87,6.51,20211112_120550_043300_1.txt
13189676,13191492,FEM,18.63,8.94,5.91,20211112_120550_043300_1.txt
13191701,13192492,FEM,8.97,4.03,2.68,20211112_120550_043300_1.txt
13192991,13194992,FEM,17.35,8.25,5.57,20211112_120550_043300_1.txt
13194544,13194716,MAL,7.46,3.41,2.12,20211112_120550_043300_1.txt
13196491,13199010,FEM,22.83,11.38,7.43,20211112_120550_043300_1.txt
13202511,13204993,FEM,20.65,10.17,6.85,20211112_120550_043300_1.txt
13206124,13206529,FEM,8.11,3.77,2.38,20211112_120550_043300_1.txt
13206637,13206780,FEM,9.03,4.32,2.64,20211112_120550_043300_1.txt
13210992,13212511,FEM,15.79,7.68,5.07,20211112_120550_043300_1.txt
13213152,13213560,FEM,6.5,2.88,1.84,20211112_120550_043300_1.txt
13216993,13217604,FEM,10.32,4.94,3.15,20211112_120550_043300_1.txt
13218010,13219009,FEM,13.64,6.64,4.27,20211112_120550_043300_1.txt
13224492,13225250,FEM,10.52,5.01,3.19,20211112_120550_043300_1.txt
13226583,13228993,FEM,18.41,8.5,5.99,20211112_120550_043300_1.txt
13230000,13230245,FEM,8.73,4.11,2.56,20211112_120550_043300_1.txt
13234182,13240667,FEM,50.78,25.62,17.46,20211112_120550_043300_1.txt
13240010,13241730,MAL,13.46,6.36,4.38,20211112_120550_043300_1.txt
13241472,13242176,FEM,7.23,3.22,2.14,20211112_120550_043300_1.txt
13250503,13252992,FEM,17.34,8.02,5.75,20211112_120550_043300_1.txt
13256992,13258560,FEM,11.74,5.24,3.73,20211112_120550_043300_1.txt
13259163,13260992,FEM,16.6,7.98,5.39,20211112_120550_043300_1.txt
13269493,13270112,MAL,10.06,4.71,3.06,20211112_120550_043300_1.txt
13269768,13269992,FEM,8.28,3.9,2.4,20211112_120550_043300_1.txt
13274992,13277506,FEM,16.65,7.19,5.47,20211112_120550_043300_1.txt
13282491,13283016,FEM,6.15,2.6,1.75,20211112_120550_043300_1.txt
13302011,13305011,FEM,17.22,7.17,5.8,20211112_120550_043300_1.txt
13308872,13309297,FEM,8.96,4.18,2.66,20211112_120550_043300_1.txt
13310452,13310992,FEM,7.99,3.57,2.36,20211112_120550_043300_1.txt
13312492,13314971,FEM,20.47,9.98,6.79,20211112_120550_043300_1.txt
13314746,13316899,MAL,20.0,9.99,6.58,20211112_120550_043300_1.txt
13316493,13316780,FEM,7.08,3.22,2.01,20211112_120550_043300_1.txt
13317492,13317627,FEM,4.93,2.06,1.27,20211112_120550_043300_1.txt
13317872,13320947,FEM,27.12,12.85,8.79,20211112_120550_043300_1.txt
13321954,13322425,FEM,10.52,5.07,3.19,20211112_120550_043300_1.txt
13328511,13330511,FEM,16.27,7.61,5.31,20211112_120550_043300_1.txt
13333354,13333727,MAL,9.0,4.17,2.67,20211112_120550_043300_1.txt
13334492,13334612,FEM,9.24,4.39,2.7,20211112_120550_043300_1.txt
13335484,13337036,FEM,16.53,7.92,5.27,20211112_120550_043300_1.txt
13337300,13337502,FEM,3.92,1.44,0.95,20211112_120550_043300_1.txt
13351141,13352012,FEM,12.35,5.9,3.82,20211112_120550_043300_1.txt
13354090,13354316,FEM,9.78,4.74,2.9,20211112_120550_043300_1.txt
13370010,13374021,FEM,38.17,19.2,12.58,20211112_120550_043300_1.txt
13374511,13374666,FEM,8.02,3.77,2.3,20211112_120550_043300_1.txt
13375375,13380885,FEM,46.12,22.98,15.48,20211112_120550_043300_1.txt
13382511,13385010,FEM,21.19,10.42,7.04,20211112_120550_043300_1.txt
13388492,13389012,FEM,7.65,3.39,2.19,20211112_120550_043300_1.txt
13393991,13396534,FEM,19.48,9.2,6.47,20211112_120550_043300_1.txt
13397511,13399492,FEM,15.31,6.48,4.88,20211112_120550_043300_1.txt
13403286,13404493,FEM,14.12,6.72,4.46,20211112_120550_043300_1.txt
13405510,13408492,FEM,24.45,11.94,8.2,20211112_120550_043300_1.txt
13410571,13411538,FEM,9.01,4.04,2.72,20211112_120550_043300_1.txt
13419842,13422993,FEM,26.63,12.88,8.85,20211112_120550_043300_1.txt
13424648,13425510,FEM,9.49,4.41,2.91,20211112_120550_043300_1.txt
13426899,13427539,FEM,11.31,5.42,3.43,20211112_120550_043300_1.txt
13428669,13430043,FEM,10.48,4.91,3.33,20211112_120550_043300_1.txt
13430681,13432492,FEM,14.39,6.57,4.6,20211112_120550_043300_1.txt
13433383,13438869,FEM,39.58,19.35,13.67,20211112_120550_043300_1.txt
13447775,13452166,FEM,30.46,14.54,10.39,20211112_120550_043300_1.txt
13457991,13460326,FEM,19.59,9.25,6.42,20211112_120550_043300_1.txt
13461010,13466869,FEM,51.74,26.05,17.36,20211112_120550_043300_1.txt
13472123,13472604,FEM,9.81,4.6,2.9,20211112_120550_043300_1.txt
13473354,13475992,FEM,21.95,10.81,7.31,20211112_120550_043300_1.txt
13473597,13474208,MAL,8.01,3.62,2.33,20211112_120550_043300_1.txt
13476782,13480135,FEM,28.85,14.26,9.62,20211112_120550_043300_1.txt
13483942,13486386,FEM,20.33,9.7,6.63,20211112_120550_043300_1.txt
13486510,13486895,FEM,5.41,2.22,1.48,20211112_120550_043300_1.txt
13487492,13490492,FEM,27.62,13.44,9.0,20211112_120550_043300_1.txt
13491993,13498245,FEM,47.48,23.42,16.27,20211112_120550_043300_1.txt
13499843,13500010,MAL,9.2,4.43,2.7,20211112_120550_043300_1.txt
13499917,13501547,FEM,16.43,7.86,5.2,20211112_120550_043300_1.txt
13501115,13501218,MAL,11.24,5.58,3.37,20211112_120550_043300_1.txt
13501998,13504440,FEM,19.79,9.59,6.51,20211112_120550_043300_1.txt
13504818,13504992,FEM,6.39,2.87,1.76,20211112_120550_043300_1.txt
13505422,13506011,FEM,9.48,4.52,2.86,20211112_120550_043300_1.txt
13508513,13509267,FEM,10.16,4.74,3.07,20211112_120550_043300_1.txt
13510992,13512038,FEM,13.06,6.26,4.08,20211112_120550_043300_1.txt
13514943,13515653,FEM,8.01,3.62,2.4,20211112_120550_043300_1.txt
13517626,13525523,FEM,60.75,30.21,20.86,20211112_120550_043300_1.txt
13530512,13532734,FEM,15.94,7.31,5.24,20211112_120550_043300_1.txt
13534496,13537012,FEM,26.09,12.71,8.3,20211112_120550_043300_1.txt
13538492,13540011,FEM,16.17,7.89,5.2,20211112_120550_043300_1.txt
13543106,13547220,FEM,31.51,15.58,10.69,20211112_120550_043300_1.txt
13548283,13549213,FEM,11.18,5.09,3.44,20211112_120550_043300_1.txt
13553782,13554454,MAL,11.13,5.23,3.43,20211112_120550_043300_1.txt
13554511,13557010,FEM,22.23,10.76,7.38,20211112_120550_043300_1.txt
13556803,13558990,MAL,20.66,9.87,6.75,20211112_120550_043300_1.txt
13569992,13570567,FEM,9.01,4.17,2.71,20211112_120550_043300_1.txt
13574512,13575011,FEM,8.55,4.0,2.54,20211112_120550_043300_1.txt
13585011,13588011,FEM,22.19,10.52,7.4,20211112_120550_043300_1.txt
13585366,13585671,MAL,7.11,3.2,2.03,20211112_120550_043300_1.txt
13588493,13589512,FEM,9.79,4.52,2.99,20211112_120550_043300_1.txt
13591493,13593150,FEM,16.71,8.09,5.35,20211112_120550_043300_1.txt
13595992,13598511,FEM,19.41,9.24,6.39,20211112_120550_043300_1.txt
13600501,13600931,MAL,7.03,3.05,2.02,20211112_120550_043300_1.txt
13601211,13605011,FEM,24.6,11.36,8.34,20211112_120550_043300_1.txt
13604623,13606118,MAL,12.33,5.74,3.92,20211112_120550_043300_1.txt
13607352,13607757,FEM,8.91,4.21,2.64,20211112_120550_043300_1.txt
13609328,13611491,FEM,19.96,9.56,6.46,20211112_120550_043300_1.txt
13613981,13615512,MAL,14.7,6.98,4.71,20211112_120550_043300_1.txt
13614510,13614642,FEM,9.9,4.82,2.93,20211112_120550_043300_1.txt
13614750,13615540,FEM,9.27,4.22,2.83,20211112_120550_043300_1.txt
13616365,13616493,MAL,9.72,4.73,2.87,20211112_120550_043300_1.txt
13616416,13622398,FEM,49.74,25.39,17.08,20211112_120550_043300_1.txt
13624492,13625682,FEM,14.06,6.7,4.44,20211112_120550_043300_1.txt
13659825,13660512,FEM,8.57,3.88,2.58,20211112_120550_043300_1.txt
13660351,13660489,MAL,9.9,4.81,2.93,20211112_120550_043300_1.txt
13661690,13663037,MAL,12.64,5.91,3.99,20211112_120550_043300_1.txt
13670492,13672021,FEM,17.71,8.74,5.71,20211112_120550_043300_1.txt
13680492,13681913,FEM,13.81,6.58,4.4,20211112_120550_043300_1.txt
13683600,13683757,FEM,9.04,4.33,2.64,20211112_120550_043300_1.txt
13683992,13685371,FEM,15.86,7.79,5.07,20211112_120550_043300_1.txt
13686828,13687511,FEM,10.95,5.21,3.37,20211112_120550_043300_1.txt
13693492,13694628,FEM,14.8,7.27,4.68,20211112_120550_043300_1.txt
13700060,13700382,FEM,4.84,1.99,1.28,20211112_120550_043300_1.txt
13704512,13704674,FEM,10.57,5.18,3.16,20211112_120550_043300_1.txt
13704992,13709234,FEM,37.26,18.89,12.68,20211112_120550_043300_1.txt
13710011,13710214,FEM,6.97,3.19,1.96,20211112_120550_043300_1.txt
13710585,13712841,FEM,21.9,10.98,7.23,20211112_120550_043300_1.txt
13714016,13716011,FEM,20.59,9.98,6.7,20211112_120550_043300_1.txt
13719491,13722004,FEM,20.3,9.61,6.74,20211112_120550_043300_1.txt
13722991,13725078,FEM,20.7,10.25,6.8,20211112_120550_043300_1.txt
13731329,13732252,FEM,13.9,6.77,4.34,20211112_120550_043300_1.txt
13736461,13736993,FEM,9.83,4.71,2.97,20211112_120550_043300_1.txt
13737284,13737490,FEM,8.2,3.85,2.37,20211112_120550_043300_1.txt
13738511,13738848,FEM,10.31,5.01,3.1,20211112_120550_043300_1.txt
13738992,13742102,FEM,26.48,13.38,8.9,20211112_120550_043300_1.txt
13754153,13756510,FEM,21.06,9.97,6.92,20211112_120550_043300_1.txt
13757842,13761011,FEM,28.7,14.31,9.65,20211112_120550_043300_1.txt
13770511,13772968,FEM,25.51,12.44,8.36,20211112_120550_043300_1.txt
13773763,13777676,FEM,29.66,14.21,9.99,20211112_120550_043300_1.txt
13780398,13782325,FEM,19.28,9.53,6.3,20211112_120550_043300_1.txt
13783272,13785992,FEM,22.72,10.97,7.53,20211112_120550_043300_1.txt
13788637,13790011,FEM,16.92,8.35,5.42,20211112_120550_043300_1.txt
13788745,13789084,MAL,8.99,4.29,2.66,20211112_120550_043300_1.txt
13792395,13794987,MAL,28.77,14.3,9.26,20211112_120550_043300_1.txt
13794992,13795569,FEM,5.8,2.47,1.64,20211112_120550_043300_1.txt
13795988,13797493,FEM,15.77,7.75,5.06,20211112_120550_043300_1.txt
13797675,13798276,MAL,11.02,5.28,3.33,20211112_120550_043300_1.txt
13797731,13799127,FEM,15.85,7.78,5.02,20211112_120550_043300_1.txt
13800011,13801545,FEM,14.4,6.85,4.56,20211112_120550_043300_1.txt
13803311,13803436,FEM,13.18,6.64,4.02,20211112_120550_043300_1.txt
13807351,13809337,FEM,20.2,9.81,6.51,20211112_120550_043300_1.txt
13811187,13811492,FEM,6.1,2.6,1.69,20211112_120550_043300_1.txt
13844653,13848122,FEM,27.17,13.37,9.14,20211112_120550_043300_1.txt
13849178,13854460,FEM,47.88,24.47,16.08,20211112_120550_043300_1.txt
13855492,13857991,FEM,23.2,11.02,7.6,20211112_120550_043300_1.txt
13859993,13861702,FEM,19.55,9.74,6.36,20211112_120550_043300_1.txt
13874492,13876259,FEM,17.08,8.39,5.54,20211112_120550_043300_1.txt
13876485,13876669,FEM,9.39,4.52,2.77,20211112_120550_043300_1.txt
13878548,13879270,FEM,8.96,4.12,2.71,20211112_120550_043300_1.txt
13883549,13884521,FEM,11.91,5.8,3.74,20211112_120550_043300_1.txt
13889620,13891510,FEM,18.01,8.89,5.87,20211112_120550_043300_1.txt
13892533,13893213,FEM,8.12,3.66,2.43,20211112_120550_043300_1.txt
13893512,13895238,FEM,16.27,7.76,5.27,20211112_120550_043300_1.txt
13895992,13900012,FEM,32.1,15.82,10.82,20211112_120550_043300_1.txt
13902492,13903636,FEM,13.6,6.43,4.22,20211112_120550_043300_1.txt
13905493,13906511,FEM,13.05,6.23,4.02,20211112_120550_043300_1.txt
13908493,13908992,FEM,7.74,3.54,2.27,20211112_120550_043300_1.txt
13910511,13912072,FEM,16.87,8.15,5.38,20211112_120550_043300_1.txt
13914406,13915550,FEM,12.76,6.06,4.05,20211112_120550_043300_1.txt
13916748,13917521,MAL,10.9,5.11,3.37,20211112_120550_043300_1.txt
13921492,13924565,FEM,28.09,14.18,9.43,20211112_120550_043300_1.txt
13928011,13930076,FEM,17.9,8.25,5.76,20211112_120550_043300_1.txt
13935512,13937621,FEM,23.67,11.76,7.64,20211112_120550_043300_1.txt
13939319,13942395,FEM,25.51,12.61,8.57,20211112_120550_043300_1.txt
13943011,13943510,FEM,10.19,4.84,3.04,20211112_120550_043300_1.txt
13950836,13953511,FEM,22.26,10.76,7.37,20211112_120550_043300_1.txt
13951594,13952455,MAL,11.06,5.22,3.38,20211112_120550_043300_1.txt
13955011,13956958,FEM,20.79,10.07,6.6,20211112_120550_043300_1.txt
13958587,13958702,FEM,10.78,5.32,3.22,20211112_120550_043300_1.txt
13959010,13961992,FEM,25.76,12.56,8.59,20211112_120550_043300_1.txt
13962313,13963769,FEM,11.26,4.96,3.55,20211112_120550_043300_1.txt
13964631,13966492,FEM,17.38,8.19,5.6,20211112_120550_043300_1.txt
13969631,13969823,FEM,9.99,4.84,2.97,20211112_120550_043300_1.txt
13975570,13975740,FEM,7.06,3.22,1.99,20211112_120550_043300_1.txt
13977510,13978901,FEM,13.23,6.27,4.2,20211112_120550_043300_1.txt
13983992,13986012,FEM,21.73,10.72,7.03,20211112_120550_043300_1.txt
13987011,13993098,FEM,44.3,21.78,15.29,20211112_120550_043300_1.txt
13987990,13988262,MAL,9.79,4.72,2.91,20211112_120550_043300_1.txt
13988413,13988524,MAL,13.63,6.89,4.17,20211112_120550_043300_1.txt
13989119,13989239,MAL,11.53,5.71,3.47,20211112_120550_043300_1.txt
13995296,13997355,FEM,19.99,9.85,6.51,20211112_120550_043300_1.txt
14005511,14008866,FEM,31.76,15.61,10.44,20211112_120550_043300_1.txt
14015523,14016989,MAL,14.22,6.57,4.54,20211112_120550_043300_1.txt
14016491,14020610,FEM,34.26,17.15,11.66,20211112_120550_043300_1.txt
14017111,14017239,MAL,8.09,3.81,2.32,20211112_120550_043300_1.txt
14017371,14018512,MAL,14.0,6.8,4.41,20211112_120550_043300_1.txt
14023992,14026510,FEM,21.91,10.81,7.28,20211112_120550_043300_1.txt
14030624,14030747,MAL,9.87,4.81,2.92,20211112_120550_043300_1.txt
14034511,14035539,FEM,14.69,7.24,4.62,20211112_120550_043300_1.txt
14037167,14039992,FEM,23.82,11.44,7.86,20211112_120550_043300_1.txt
14045992,14046996,FEM,10.7,5.01,3.34,20211112_120550_043300_1.txt
14048011,14050011,MAL,19.17,9.37,6.28,20211112_120550_043300_1.txt
14053993,14054492,FEM,8.23,3.74,2.43,20211112_120550_043300_1.txt
14055992,14058010,FEM,17.44,8.5,5.71,20211112_120550_043300_1.txt
14059572,14061759,FEM,20.78,10.24,6.85,20211112_120550_043300_1.txt
14070680,14075334,FEM,38.2,19.25,13.01,20211112_120550_043300_1.txt
14079292,14080492,FEM,12.25,5.8,3.89,20211112_120550_043300_1.txt
14080905,14081126,MAL,7.59,3.51,2.17,20211112_120550_043300_1.txt
14083300,14083511,FEM,5.97,2.62,1.63,20211112_120550_043300_1.txt
14083465,14083954,MAL,7.32,3.32,2.13,20211112_120550_043300_1.txt
14088511,14090492,FEM,16.16,7.71,5.27,20211112_120550_043300_1.txt
14093040,14097492,FEM,33.92,16.77,11.61,20211112_120550_043300_1.txt
14108511,14112769,FEM,38.71,19.08,12.85,20211112_120550_043300_1.txt
14113487,14117360,FEM,35.31,17.34,11.65,20211112_120550_043300_1.txt
14118168,14120451,FEM,18.5,8.91,6.1,20211112_120550_043300_1.txt
14122865,14125263,FEM,24.89,12.25,8.04,20211112_120550_043300_1.txt
14130148,14132511,FEM,21.56,10.34,7.13,20211112_120550_043300_1.txt
14135011,14135181,FEM,8.05,3.79,2.32,20211112_120550_043300_1.txt
14139011,14143512,MAL,38.84,19.17,13.09,20211112_120550_043300_1.txt
14141255,14141491,FEM,9.96,4.64,2.96,20211112_120550_043300_1.txt
14141991,14142506,FEM,12.0,5.83,3.64,20211112_120550_043300_1.txt
14142782,14145249,FEM,22.57,11.12,7.49,20211112_120550_043300_1.txt
14144527,14144957,MAL,8.65,4.06,2.56,20211112_120550_043300_1.txt
14146048,14146163,MAL,11.31,5.6,3.39,20211112_120550_043300_1.txt
14152232,14154102,MAL,21.96,10.83,7.08,20211112_120550_043300_1.txt
14153599,14153840,FEM,10.58,5.2,3.17,20211112_120550_043300_1.txt
14155022,14155484,MAL,12.12,6.0,3.72,20211112_120550_043300_1.txt
14155268,14155415,FEM,12.03,6.01,3.64,20211112_120550_043300_1.txt
14157511,14158893,FEM,15.15,7.23,4.78,20211112_120550_043300_1.txt
14164986,14166510,FEM,19.29,9.6,6.19,20211112_120550_043300_1.txt
14165537,14166011,MAL,11.3,5.47,3.4,20211112_120550_043300_1.txt
14171311,14174991,FEM,32.18,15.86,10.68,20211112_120550_043300_1.txt
14175628,14177417,FEM,17.19,8.35,5.58,20211112_120550_043300_1.txt
14181985,14183649,FEM,17.22,8.48,5.57,20211112_120550_043300_1.txt
14184956,14186235,FEM,12.73,6.09,4.01,20211112_120550_043300_1.txt
14189096,14191131,FEM,18.07,8.86,5.92,20211112_120550_043300_1.txt
14191511,14194916,FEM,31.47,15.33,10.3,20211112_120550_043300_1.txt
14191575,14191759,MAL,9.54,4.6,2.81,20211112_120550_043300_1.txt
14191971,14193307,MAL,14.09,6.66,4.47,20211112_120550_043300_1.txt
14195586,14197005,FEM,16.42,8.06,5.21,20211112_120550_043300_1.txt
14195993,14196282,MAL,8.33,3.92,2.43,20211112_120550_043300_1.txt
14200421,14201763,FEM,15.6,7.56,4.92,20211112_120550_043300_1.txt
14201992,14204942,FEM,28.76,14.36,9.37,20211112_120550_043300_1.txt
14206679,14209011,MAL,26.76,13.38,8.6,20211112_120550_043300_1.txt
14212127,14212466,FEM,9.28,4.43,2.75,20211112_120550_043300_1.txt
14213750,14215510,MAL,19.23,9.58,6.2,20211112_120550_043300_1.txt
14215011,14215354,FEM,9.8,4.71,2.93,20211112_120550_043300_1.txt
14215492,14217492,FEM,19.73,9.71,6.36,20211112_120550_043300_1.txt
14217982,14225010,FEM,59.08,30.7,20.42,20211112_120550_043300_1.txt
14224321,14224544,MAL,8.84,4.22,2.59,20211112_120550_043300_1.txt
14228511,14230011,FEM,13.92,6.61,4.5,20211112_120550_043300_1.txt
14234992,14236487,FEM,17.35,8.53,5.53,20211112_120550_043300_1.txt
14238013,14239842,FEM,17.88,8.69,5.77,20211112_120550_043300_1.txt
14240305,14241493,FEM,14.5,6.93,4.53,20211112_120550_043300_1.txt
14270511,14271903,FEM,14.73,7.1,4.7,20211112_120550_043300_1.txt
14278493,14280992,FEM,18.93,9.21,6.28,20211112_120550_043300_1.txt
14282511,14285095,MAL,21.79,10.31,7.14,20211112_120550_043300_1.txt
14284784,14286632,FEM,16.89,7.75,5.44,20211112_120550_043300_1.txt
14285776,14287644,MAL,16.96,7.94,5.52,20211112_120550_043300_1.txt
14287399,14291466,FEM,30.85,15.07,10.52,20211112_120550_043300_1.txt
14293037,14296491,FEM,29.73,14.92,9.99,20211112_120550_043300_1.txt
14298476,14304011,FEM,47.4,23.5,15.91,20211112_120550_043300_1.txt
14303800,14304990,MAL,14.23,6.7,4.44,20211112_120550_043300_1.txt
14305012,14308993,FEM,35.22,17.42,11.69,20211112_120550_043300_1.txt
14309492,14317492,FEM,66.5,34.1,22.9,20211112_120550_043300_1.txt
14316991,14319990,MAL,28.46,14.11,9.33,20211112_120550_043300_1.txt
14320010,14329565,FEM,76.64,39.31,26.59,20211112_120550_043300_1.txt
14331097,14334011,FEM,27.37,13.53,9.01,20211112_120550_043300_1.txt
14338593,14339781,FEM,13.48,6.53,4.3,20211112_120550_043300_1.txt
14341077,14341182,FEM,8.53,4.06,2.47,20211112_120550_043300_1.txt
14341762,14341902,FEM,7.98,3.75,2.29,20211112_120550_043300_1.txt
14342010,14343249,FEM,14.18,6.92,4.49,20211112_120550_043300_1.txt
14343799,14344209,MAL,7.97,3.69,2.33,20211112_120550_043300_1.txt
14349012,14356493,FEM,59.6,30.35,20.57,20211112_120550_043300_1.txt
14357368,14359788,FEM,19.8,9.82,6.56,20211112_120550_043300_1.txt
14361209,14361832,FEM,8.55,3.93,2.56,20211112_120550_043300_1.txt
14362405,14363635,FEM,10.22,4.56,3.17,20211112_120550_043300_1.txt
14364628,14365894,FEM,8.92,3.77,2.74,20211112_120550_043300_1.txt
14365175,14365296,MAL,6.18,2.74,1.68,20211112_120550_043300_1.txt
14367405,14367736,MAL,6.3,2.76,1.76,20211112_120550_043300_1.txt
14367983,14370511,FEM,21.04,10.08,6.94,20211112_120550_043300_1.txt
14368396,14368977,MAL,7.43,3.19,2.18,20211112_120550_043300_1.txt
14369219,14370252,MAL,11.81,5.53,3.66,20211112_120550_043300_1.txt
14372492,14375565,FEM,23.62,11.52,7.89,20211112_120550_043300_1.txt
14376494,14376828,FEM,9.68,4.65,2.89,20211112_120550_043300_1.txt
14377510,14380492,FEM,25.46,12.42,8.43,20211112_120550_043300_1.txt
14378676,14378988,MAL,7.99,3.74,2.32,20211112_120550_043300_1.txt
14385511,14387013,FEM,11.04,5.0,3.49,20211112_120550_043300_1.txt
14388121,14391511,FEM,26.57,12.85,8.87,20211112_120550_043300_1.txt
14393477,14394491,FEM,8.8,3.81,2.66,20211112_120550_043300_1.txt
14399011,14402799,MAL,37.04,18.51,12.16,20211112_120550_043300_1.txt
14400556,14401131,FEM,9.56,4.52,2.89,20211112_120550_043300_1.txt
14404012,14406511,MAL,22.12,10.62,7.24,20211112_120550_043300_1.txt
14407492,14408511,FEM,12.86,6.15,4.01,20211112_120550_043300_1.txt
14409962,14411779,FEM,15.44,7.63,5.06,20211112_120550_043300_1.txt
14413997,14415313,FEM,12.46,5.69,3.93,20211112_120550_043300_1.txt
14415492,14417735,MAL,17.81,8.03,5.81,20211112_120550_043300_1.txt
14420985,14422399,MAL,12.58,5.81,3.93,20211112_120550_043300_1.txt
14422793,14423512,FEM,9.61,4.5,2.88,20211112_120550_043300_1.txt
14426267,14430187,MAL,37.19,18.56,12.29,20211112_120550_043300_1.txt
14431115,14433511,MAL,21.78,10.68,7.21,20211112_120550_043300_1.txt
14435503,14437511,FEM,19.12,9.53,6.21,20211112_120550_043300_1.txt
14438825,14439492,FEM,7.12,3.08,2.09,20211112_120550_043300_1.txt
14441011,14441183,FEM,3.17,1.04,0.69,20211112_120550_043300_1.txt
14441293,14444887,FEM,32.26,15.79,10.54,20211112_120550_043300_1.txt
14444492,14446174,MAL,13.65,6.13,4.38,20211112_120550_043300_1.txt
14445511,14447492,FEM,16.15,7.48,5.27,20211112_120550_043300_1.txt
14448491,14448960,FEM,4.67,1.73,1.24,20211112_120550_043300_1.txt
14449511,14449665,FEM,9.02,4.32,2.64,20211112_120550_043300_1.txt
14449879,14457993,FEM,63.58,31.71,21.84,20211112_120550_043300_1.txt
14456084,14456367,MAL,7.55,3.41,2.17,20211112_120550_043300_1.txt
14457493,14457724,MAL,8.29,3.89,2.41,20211112_120550_043300_1.txt
14461743,14463992,FEM,19.34,9.31,6.32,20211112_120550_043300_1.txt
14465491,14467011,FEM,12.9,6.06,4.11,20211112_120550_043300_1.txt
14468706,14476511,FEM,67.06,33.52,22.53,20211112_120550_043300_1.txt
14477992,14484511,FEM,50.33,25.32,17.37,20211112_120550_043300_1.txt
14483178,14484434,MAL,13.43,6.21,4.19,20211112_120550_043300_1.txt
14486492,14487066,MAL,10.43,4.83,3.18,20211112_120550_043300_1.txt
14487512,14489993,FEM,22.4,11.1,7.43,20211112_120550_043300_1.txt
14489012,14492011,MAL,26.58,13.05,8.86,20211112_120550_043300_1.txt
14492952,14493511,FEM,10.86,5.22,3.32,20211112_120550_043300_1.txt
14495512,14501018,MAL,45.0,22.79,15.47,20211112_120550_043300_1.txt
14495939,14496511,FEM,9.61,4.54,2.91,20211112_120550_043300_1.txt
14498929,14500406,FEM,16.4,7.95,5.27,20211112_120550_043300_1.txt
14501030,14505903,FEM,41.59,21.14,14.07,20211112_120550_043300_1.txt
14502512,14503697,MAL,11.6,5.43,3.57,20211112_120550_043300_1.txt
14512137,14514251,FEM,22.54,10.93,7.21,20211112_120550_043300_1.txt
14512981,14513232,MAL,8.33,3.9,2.43,20211112_120550_043300_1.txt
14513394,14522010,MAL,68.12,34.63,23.59,20211112_120550_043300_1.txt
14516511,14516992,FEM,7.63,3.44,2.23,20211112_120550_043300_1.txt
14522497,14524512,FEM,18.07,8.75,5.86,20211112_120550_043300_1.txt
14523511,14525393,MAL,13.74,6.15,4.4,20211112_120550_043300_1.txt
14524635,14524993,FEM,5.11,2.0,1.37,20211112_120550_043300_1.txt
14526263,14528514,FEM,18.84,9.01,6.16,20211112_120550_043300_1.txt
14527978,14531910,MAL,30.16,14.42,10.11,20211112_120550_043300_1.txt
14528852,14528965,FEM,11.18,5.5,3.35,20211112_120550_043300_1.txt
14532882,14535012,MAL,16.61,7.7,5.39,20211112_120550_043300_1.txt
14534993,14538992,FEM,29.97,14.73,10.21,20211112_120550_043300_1.txt
14539993,14545000,FEM,43.63,21.61,14.51,20211112_120550_043300_1.txt
14541542,14543012,MAL,14.5,6.91,4.58,20211112_120550_043300_1.txt
14544217,14549303,MAL,39.75,19.43,13.49,20211112_120550_043300_1.txt
14545113,14545316,FEM,11.31,5.59,3.41,20211112_120550_043300_1.txt
14548992,14553511,FEM,37.73,19.09,12.78,20211112_120550_043300_1.txt
14552109,14553991,MAL,18.82,9.08,5.98,20211112_120550_043300_1.txt
14554848,14555037,FEM,11.09,5.46,3.33,20211112_120550_043300_1.txt
14555990,14562867,FEM,59.81,29.61,19.9,20211112_120550_043300_1.txt
14556527,14558908,MAL,25.48,12.53,8.02,20211112_120550_043300_1.txt
14562023,14562232,MAL,5.84,2.49,1.59,20211112_120550_043300_1.txt
14562492,14567011,MAL,32.57,15.71,11.11,20211112_120550_043300_1.txt
14565833,14572492,FEM,54.35,26.86,18.31,20211112_120550_043300_1.txt
14568123,14568555,MAL,6.01,2.57,1.68,20211112_120550_043300_1.txt
14571347,14583991,MAL,95.27,46.21,32.52,20211112_120550_043300_1.txt
14573213,14576099,FEM,17.47,7.62,5.81,20211112_120550_043300_1.txt
14576993,14579558,FEM,20.68,9.34,6.61,20211112_120550_043300_1.txt
14580010,14580121,FEM,7.6,3.54,2.16,20211112_120550_043300_1.txt
14580753,14582339,FEM,13.93,6.38,4.41,20211112_120550_043300_1.txt
14584011,14586492,FEM,18.82,9.05,6.19,20211112_120550_043300_1.txt
14585265,14587992,MAL,23.57,11.04,7.6,20211112_120550_043300_1.txt
14589506,14591877,FEM,17.59,8.31,5.82,20211112_120550_043300_1.txt
14592493,14594273,FEM,14.76,6.74,4.72,20211112_120550_043300_1.txt
14593547,14593915,MAL,6.11,2.65,1.7,20211112_120550_043300_1.txt
14594786,14596011,FEM,11.93,5.48,3.68,20211112_120550_043300_1.txt
14596011,14598839,MAL,22.8,10.85,7.57,20211112_120550_043300_1.txt
14597292,14597511,FEM,7.48,3.45,2.14,20211112_120550_043300_1.txt
14597854,14598006,FEM,10.98,5.4,3.29,20211112_120550_043300_1.txt
14599109,14601534,MAL,19.69,9.31,6.47,20211112_120550_043300_1.txt
14599307,14600492,FEM,11.41,5.14,3.55,20211112_120550_043300_1.txt
14602478,14604361,FEM,16.38,7.81,5.33,20211112_120550_043300_1.txt
14604600,14604845,FEM,10.78,5.26,3.24,20211112_120550_043300_1.txt
14604960,14611992,FEM,64.96,32.53,21.54,20211112_120550_043300_1.txt
14613089,14614562,FEM,14.68,7.06,4.69,20211112_120550_043300_1.txt
14615345,14615492,FEM,8.22,3.88,2.37,20211112_120550_043300_1.txt
14616011,14619529,FEM,30.37,15.09,10.06,20211112_120550_043300_1.txt
14620352,14620905,FEM,6.36,2.77,1.82,20211112_120550_043300_1.txt
14621011,14623176,MAL,19.08,9.17,6.22,20211112_120550_043300_1.txt
14621077,14622543,FEM,14.73,6.98,4.66,20211112_120550_043300_1.txt
14623144,14631492,FEM,59.75,29.09,20.65,20211112_120550_043300_1.txt
14628610,14629388,MAL,10.05,4.58,3.03,20211112_120550_043300_1.txt
14629506,14634987,MAL,36.15,16.94,12.47,20211112_120550_043300_1.txt
14634304,14640826,FEM,50.5,24.73,17.16,20211112_120550_043300_1.txt
14639240,14639358,MAL,7.3,3.36,2.06,20211112_120550_043300_1.txt
14639479,14642677,MAL,23.73,11.22,7.95,20211112_120550_043300_1.txt
14642274,14650583,FEM,67.43,33.8,23.0,20211112_120550_043300_1.txt
14649758,14652011,MAL,16.77,7.73,5.52,20211112_120550_043300_1.txt
14651069,14657993,FEM,54.93,27.7,18.92,20211112_120550_043300_1.txt
14656992,14662984,MAL,43.36,21.31,15.01,20211112_120550_043300_1.txt
14662991,14665991,FEM,27.17,13.15,8.8,20211112_120550_043300_1.txt
14665047,14667237,MAL,18.83,9.11,6.15,20211112_120550_043300_1.txt
14667011,14669492,FEM,20.57,9.86,6.77,20211112_120550_043300_1.txt
14668572,14672445,MAL,29.66,14.49,10.09,20211112_120550_043300_1.txt
14672510,14690011,FEM,140.37,70.49,48.32,20211112_120550_043300_1.txt
14684166,14684431,MAL,7.53,3.46,2.16,20211112_120550_043300_1.txt
14690219,14690324,FEM,13.2,6.61,4.02,20211112_120550_043300_1.txt
14690474,14690871,FEM,5.52,2.29,1.51,20211112_120550_043300_1.txt
14691512,14693572,FEM,16.5,7.76,5.4,20211112_120550_043300_1.txt
14695992,14696491,FEM,8.36,3.83,2.48,20211112_120550_043300_1.txt
14696011,14697511,MAL,14.72,7.0,4.71,20211112_120550_043300_1.txt
14706993,14707258,MAL,6.36,2.8,1.77,20211112_120550_043300_1.txt
14708355,14711617,FEM,20.27,9.15,6.81,20211112_120550_043300_1.txt
14712219,14712511,FEM,2.9,0.81,0.62,20211112_120550_043300_1.txt
14712821,14712991,FEM,5.39,2.31,1.43,20211112_120550_043300_1.txt
14715010,14715511,FEM,3.58,1.21,0.89,20211112_120550_043300_1.txt
14721529,14727511,FEM,41.3,20.24,14.27,20211112_120550_043300_1.txt
14727732,14730744,FEM,22.49,10.74,7.5,20211112_120550_043300_1.txt
14735955,14738992,FEM,21.86,10.37,7.35,20211112_120550_043300_1.txt
14738492,14739607,MAL,11.83,5.58,3.69,20211112_120550_043300_1.txt
14752511,14755268,FEM,21.54,10.33,7.14,20211112_120550_043300_1.txt
14756511,14759835,FEM,26.31,12.72,8.72,20211112_120550_043300_1.txt
14761011,14765643,FEM,39.65,18.91,12.91,20211112_120550_043300_1.txt
14767409,14770583,FEM,27.18,12.97,8.77,20211112_120550_043300_1.txt
14768394,14768883,MAL,6.53,2.87,1.86,20211112_120550_043300_1.txt
14773563,14779623,FEM,51.54,25.44,17.17,20211112_120550_043300_1.txt
14782493,14788632,FEM,54.55,27.19,18.08,20211112_120550_043300_1.txt
14791113,14795011,FEM,33.33,16.11,10.89,20211112_120550_043300_1.txt
14799135,14802491,FEM,27.44,13.67,9.16,20211112_120550_043300_1.txt
14802991,14811906,FEM,82.31,41.04,27.22,20211112_120550_043300_1.txt
14805273,14805389,MAL,4.94,2.06,1.27,20211112_120550_043300_1.txt
14807354,14808869,MAL,15.43,6.99,4.64,20211112_120550_043300_1.txt
14811253,14812112,MAL,9.96,4.56,2.97,20211112_120550_043300_1.txt
14817068,14817426,FEM,4.22,1.59,1.07,20211112_120550_043300_1.txt
14817980,14822553,FEM,33.85,16.3,11.39,20211112_120550_043300_1.txt
14831924,14832906,FEM,6.35,2.29,1.78,20211112_120550_043300_1.txt
14839882,14841107,FEM,9.18,3.93,2.82,20211112_120550_043300_1.txt
14849485,14851491,FEM,13.07,5.91,4.25,20211112_120550_043300_1.txt
14855300,14861011,FEM,40.46,19.83,13.94,20211112_120550_043300_1.txt
14871603,14871751,FEM,6.37,2.82,1.75,20211112_120550_043300_1.txt
14878168,14878505,FEM,3.96,1.47,0.98,20211112_120550_043300_1.txt
14879835,14880534,FEM,8.89,3.88,2.63,20211112_120550_043300_1.txt
14882493,14885313,FEM,22.23,10.04,7.07,20211112_120550_043300_1.txt
14885763,14887253,FEM,9.4,3.62,2.88,20211112_120550_043300_1.txt
14891285,14892490,MAL,11.3,5.23,3.52,20211112_120550_043300_1.txt
14891767,14892010,FEM,4.84,1.98,1.26,20211112_120550_043300_1.txt
14892736,14892847,MAL,4.89,2.03,1.26,20211112_120550_043300_1.txt
14893509,14894015,FEM,2.56,0.43,0.55,20211112_120550_043300_1.txt
14895638,14897584,FEM,14.12,6.19,4.48,20211112_120550_043300_1.txt
14896514,14896659,MAL,5.51,2.38,1.47,20211112_120550_043300_1.txt
14898479,14899512,FEM,9.52,4.14,2.85,20211112_120550_043300_1.txt
14900510,14901683,MAL,9.2,3.58,2.82,20211112_120550_043300_1.txt
14904231,14904707,MAL,4.92,1.89,1.33,20211112_120550_043300_1.txt
14907491,14911492,FEM,29.32,13.59,9.68,20211112_120550_043300_1.txt
14912414,14917993,FEM,46.18,22.66,15.35,20211112_120550_043300_1.txt
14918342,14920492,FEM,12.99,5.59,4.24,20211112_120550_043300_1.txt
14922819,14926126,FEM,25.64,12.65,8.55,20211112_120550_043300_1.txt
14926459,14927613,FEM,10.21,4.67,3.15,20211112_120550_043300_1.txt
14928481,14929011,FEM,3.82,1.21,0.97,20211112_120550_043300_1.txt
14932011,14934711,FEM,23.47,11.02,7.46,20211112_120550_043300_1.txt
14937173,14939024,FEM,15.68,7.55,5.04,20211112_120550_043300_1.txt
14939659,14941861,FEM,16.55,7.76,5.39,20211112_120550_043300_1.txt
14942963,14944011,FEM,8.6,3.72,2.6,20211112_120550_043300_1.txt
14946512,14949467,FEM,25.78,12.29,8.33,20211112_120550_043300_1.txt
14949714,14950431,MAL,6.74,2.8,1.92,20211112_120550_043300_1.txt
14949725,14951492,FEM,12.1,5.32,3.83,20211112_120550_043300_1.txt
14953025,14956282,FEM,26.37,12.38,8.57,20211112_120550_043300_1.txt
14957011,14962721,FEM,37.9,17.39,12.93,20211112_120550_043300_1.txt
14957393,14957825,MAL,6.54,2.71,1.86,20211112_120550_043300_1.txt
14965179,14967493,FEM,18.15,8.17,5.83,20211112_120550_043300_1.txt
14971011,14973011,FEM,15.63,7.06,5.05,20211112_120550_043300_1.txt
14974133,14990790,FEM,136.3,66.16,45.81,20211112_120550_043300_1.txt
14994396,15003215,FEM,79.64,39.18,26.31,20211112_120550_043300_1.txt
14994512,14995381,MAL,9.6,4.22,2.9,20211112_120550_043300_1.txt
15006492,15008011,FEM,13.56,6.31,4.33,20211112_120550_043300_1.txt
15010233,15011011,FEM,9.9,4.41,2.93,20211112_120550_043300_1.txt
15011188,15011385,FEM,5.98,2.61,1.63,20211112_120550_043300_1.txt
15012493,15014511,FEM,16.14,7.42,5.17,20211112_120550_043300_1.txt
15023492,15025011,FEM,15.05,7.07,4.82,20211112_120550_043300_1.txt
15031492,15033492,FEM,18.69,8.93,6.07,20211112_120550_043300_1.txt
15032490,15033489,MAL,12.57,5.98,3.91,20211112_120550_043300_1.txt
15033769,15033983,MAL,7.87,3.51,2.26,20211112_120550_043300_1.txt
15036011,15039853,FEM,25.56,11.4,8.61,20211112_120550_043300_1.txt
15036638,15037438,MAL,11.96,5.63,3.67,20211112_120550_043300_1.txt
15045510,15047074,FEM,17.97,8.61,5.6,20211112_120550_043300_1.txt
15048553,15051950,FEM,32.03,16.01,10.48,20211112_120550_043300_1.txt
15053011,15054072,FEM,12.19,5.83,3.8,20211112_120550_043300_1.txt
15060328,15060510,FEM,10.16,4.94,3.02,20211112_120550_043300_1.txt
15064228,15064446,MAL,7.43,3.42,2.12,20211112_120550_043300_1.txt
15064240,15065992,FEM,15.29,7.34,4.94,20211112_120550_043300_1.txt
15068359,15070406,FEM,20.14,9.43,6.4,20211112_120550_043300_1.txt
15072208,15075240,FEM,28.76,13.96,9.28,20211112_120550_043300_1.txt
15075511,15077187,FEM,13.82,6.5,4.44,20211112_120550_043300_1.txt
15078857,15085222,FEM,45.84,22.41,15.85,20211112_120550_043300_1.txt
15087382,15090023,FEM,22.63,10.94,7.43,20211112_120550_043300_1.txt
15093493,15095511,FEM,15.73,7.19,5.08,20211112_120550_043300_1.txt
15093540,15093714,MAL,5.52,2.38,1.48,20211112_120550_043300_1.txt
15094011,15094882,MAL,9.05,3.96,2.72,20211112_120550_043300_1.txt
15096011,15096517,FEM,6.3,2.7,1.79,20211112_120550_043300_1.txt
15096694,15099678,FEM,25.07,12.51,8.3,20211112_120550_043300_1.txt
15099971,15105307,FEM,43.54,21.57,14.64,20211112_120550_043300_1.txt
15104251,15104376,MAL,6.55,2.96,1.81,20211112_120550_043300_1.txt
15104492,15105170,MAL,7.61,3.31,2.21,20211112_120550_043300_1.txt
15105567,15115012,FEM,75.23,37.01,25.52,20211112_120550_043300_1.txt
15106070,15106230,MAL,7.63,3.54,2.18,20211112_120550_043300_1.txt
15106492,15106959,MAL,8.58,3.96,2.54,20211112_120550_043300_1.txt
15108930,15109090,MAL,8.02,3.72,2.3,20211112_120550_043300_1.txt
15109531,15110022,MAL,8.0,3.59,2.3,20211112_120550_043300_1.txt
15113363,15117482,MAL,33.3,15.61,10.92,20211112_120550_043300_1.txt
15118176,15121011,FEM,21.53,10.39,7.21,20211112_120550_043300_1.txt
15118613,15118733,MAL,10.95,5.4,3.27,20211112_120550_043300_1.txt
15122452,15128735,FEM,57.33,28.94,19.13,20211112_120550_043300_1.txt
15128848,15130036,FEM,10.6,4.85,3.29,20211112_120550_043300_1.txt
15128969,15129683,MAL,7.1,3.1,2.09,20211112_120550_043300_1.txt
15130744,15141714,FEM,95.16,47.12,31.84,20211112_120550_043300_1.txt
15137422,15137574,MAL,8.49,3.91,2.46,20211112_120550_043300_1.txt
15143083,15146909,FEM,30.5,14.51,10.1,20211112_120550_043300_1.txt
15144614,15144990,MAL,7.19,3.18,2.06,20211112_120550_043300_1.txt
15145974,15148952,MAL,23.78,11.09,7.82,20211112_120550_043300_1.txt
15148492,15152493,FEM,31.01,14.8,10.35,20211112_120550_043300_1.txt
15153055,15156324,MAL,28.23,13.36,9.19,20211112_120550_043300_1.txt
15153330,15153485,FEM,9.46,4.56,2.78,20211112_120550_043300_1.txt
15155432,15157275,FEM,10.16,3.72,3.2,20211112_120550_043300_1.txt
15158492,15159272,MAL,10.61,5.02,3.22,20211112_120550_043300_1.txt
15159012,15167087,FEM,62.13,29.92,20.93,20211112_120550_043300_1.txt
15165510,15167398,MAL,18.37,8.73,5.78,20211112_120550_043300_1.txt
15167631,15168011,FEM,8.06,3.72,2.36,20211112_120550_043300_1.txt
15168362,15169012,FEM,9.43,4.39,2.86,20211112_120550_043300_1.txt
15172478,15174484,FEM,16.76,8.1,5.48,20211112_120550_043300_1.txt
15176022,15180175,FEM,30.75,14.67,10.34,20211112_120550_043300_1.txt
15179511,15181796,MAL,18.28,8.38,5.92,20211112_120550_043300_1.txt
15180860,15182011,FEM,12.7,5.96,3.93,20211112_120550_043300_1.txt
15183011,15188058,FEM,37.24,18.32,12.76,20211112_120550_043300_1.txt
15188816,15190012,MAL,11.9,5.56,3.72,20211112_120550_043300_1.txt
15189996,15190492,FEM,5.91,2.55,1.66,20211112_120550_043300_1.txt
15191196,15191392,FEM,8.39,3.97,2.44,20211112_120550_043300_1.txt
15192470,15197581,FEM,42.85,20.97,14.27,20211112_120550_043300_1.txt
15197200,15197349,MAL,8.28,3.81,2.39,20211112_120550_043300_1.txt
15198703,15209063,FEM,104.08,53.47,34.55,20211112_120550_043300_1.txt
15206118,15206364,MAL,6.84,3.1,1.93,20211112_120550_043300_1.txt
15209682,15216820,FEM,62.2,31.48,20.95,20211112_120550_043300_1.txt
15219492,15243922,FEM,215.62,109.68,73.34,20211112_120550_043300_1.txt
15223609,15223715,MAL,8.6,4.01,2.49,20211112_120550_043300_1.txt
15236137,15236932,MAL,9.8,4.43,2.95,20211112_120550_043300_1.txt
15245493,15251011,FEM,50.14,25.01,16.56,20211112_120550_043300_1.txt
15252028,15261991,FEM,86.69,44.45,29.53,20211112_120550_043300_1.txt
15260513,15262390,MAL,14.72,6.89,4.78,20211112_120550_043300_1.txt
15263930,15264033,FEM,7.05,3.22,1.97,20211112_120550_043300_1.txt
15273547,15273721,FEM,7.01,3.2,1.97,20211112_120550_043300_1.txt
15275856,15277012,FEM,12.67,5.98,3.97,20211112_120550_043300_1.txt
15281561,15281664,FEM,9.27,4.44,2.71,20211112_120550_043300_1.txt
15282511,15286726,FEM,31.61,15.31,10.69,20211112_120550_043300_1.txt
15287456,15289162,FEM,13.56,6.26,4.31,20211112_120550_043300_1.txt
15290542,15296992,FEM,59.26,29.53,19.65,20211112_120550_043300_1.txt
15290702,15292440,MAL,16.91,8.06,5.38,20211112_120550_043300_1.txt
15299229,15303492,FEM,39.0,19.75,12.95,20211112_120550_043300_1.txt
15305011,15311287,FEM,52.6,25.89,17.61,20211112_120550_043300_1.txt
15312696,15315511,FEM,25.61,12.54,8.4,20211112_120550_043300_1.txt
15317993,15325992,FEM,65.39,33.32,22.53,20211112_120550_043300_1.txt
15327492,15329993,MAL,20.52,9.87,6.81,20211112_120550_043300_1.txt
15329491,15329904,FEM,9.55,4.52,2.86,20211112_120550_043300_1.txt
15330173,15330300,MAL,8.54,4.06,2.47,20211112_120550_043300_1.txt
15330811,15331182,FEM,5.87,2.53,1.63,20211112_120550_043300_1.txt
15330958,15331721,MAL,9.08,4.17,2.71,20211112_120550_043300_1.txt
15333275,15334291,MAL,10.68,4.82,3.29,20211112_120550_043300_1.txt
15334520,15337115,MAL,22.67,10.74,7.28,20211112_120550_043300_1.txt
15336518,15343540,FEM,56.29,28.01,19.07,20211112_120550_043300_1.txt
15344134,15344630,FEM,8.1,3.66,2.34,20211112_120550_043300_1.txt
15345384,15345992,FEM,8.1,3.71,2.41,20211112_120550_043300_1.txt
15346344,15348011,MAL,14.77,7.09,4.81,20211112_120550_043300_1.txt
15347011,15351473,FEM,36.7,17.77,12.22,20211112_120550_043300_1.txt
15352185,15353012,FEM,10.86,5.11,3.36,20211112_120550_043300_1.txt
15352824,15358000,MAL,46.94,23.25,15.59,20211112_120550_043300_1.txt
15353300,15353428,FEM,7.53,3.44,2.14,20211112_120550_043300_1.txt
15355492,15356491,FEM,12.81,6.01,3.94,20211112_120550_043300_1.txt
15358511,15362321,FEM,29.61,14.21,9.96,20211112_120550_043300_1.txt
15359031,15359203,MAL,9.35,4.51,2.75,20211112_120550_043300_1.txt
15362916,15366816,FEM,32.8,15.89,10.87,20211112_120550_043300_1.txt
15366157,15366842,MAL,11.04,5.33,3.4,20211112_120550_043300_1.txt
15367646,15368527,MAL,9.85,4.54,2.99,20211112_120550_043300_1.txt
15368370,15373871,FEM,46.77,23.18,15.69,20211112_120550_043300_1.txt
15374991,15377490,MAL,24.26,11.42,7.69,20211112_120550_043300_1.txt
15375344,15375492,FEM,8.91,4.27,2.6,20211112_120550_043300_1.txt
15376510,15378960,FEM,28.05,13.76,8.84,20211112_120550_043300_1.txt
15383010,15386510,FEM,30.4,14.74,10.01,20211112_120550_043300_1.txt
15386993,15387992,FEM,10.78,4.95,3.32,20211112_120550_043300_1.txt
15388400,15389510,FEM,8.64,3.45,2.62,20211112_120550_043300_1.txt
15401991,15408064,FEM,45.75,22.78,15.82,20211112_120550_043300_1.txt
15410491,15411510,FEM,5.51,1.9,1.61,20211112_120550_043300_1.txt
15411931,15414012,MAL,18.91,9.23,6.21,20211112_120550_043300_1.txt
15414511,15422493,FEM,66.1,32.78,22.34,20211112_120550_043300_1.txt
15418558,15419135,MAL,10.12,4.77,3.02,20211112_120550_043300_1.txt
15423262,15423608,MAL,8.72,4.11,2.57,20211112_120550_043300_1.txt
15424493,15428492,FEM,34.08,16.54,11.32,20211112_120550_043300_1.txt
15429511,15431992,FEM,24.32,12.13,8.02,20211112_120550_043300_1.txt
15442164,15442468,FEM,10.7,5.08,3.22,20211112_120550_043300_1.txt
15463445,15464263,FEM,7.75,3.18,2.28,20211112_120550_043300_1.txt
15464426,15466993,FEM,19.46,9.46,6.47,20211112_120550_043300_1.txt
15468005,15469011,FEM,10.27,4.63,3.15,20211112_120550_043300_1.txt
15468570,15469198,MAL,9.34,4.35,2.82,20211112_120550_043300_1.txt
15471527,15473812,FEM,19.52,9.28,6.29,20211112_120550_043300_1.txt
15483032,15485219,FEM,19.16,9.13,6.31,20211112_120550_043300_1.txt
15488992,15492559,FEM,29.95,15.05,10.14,20211112_120550_043300_1.txt
15492700,15494511,FEM,16.46,7.97,5.4,20211112_120550_043300_1.txt
15496491,15497510,FEM,9.67,4.3,2.95,20211112_120550_043300_1.txt
15499299,15506177,FEM,54.87,27.81,18.94,20211112_120550_043300_1.txt
15508135,15509011,MAL,11.2,5.26,3.44,20211112_120550_043300_1.txt
15508545,15510521,FEM,17.0,8.13,5.55,20211112_120550_043300_1.txt
15510651,15515501,FEM,43.4,21.62,14.52,20211112_120550_043300_1.txt
15515942,15518826,FEM,25.62,12.51,8.31,20211112_120550_043300_1.txt
15517027,15517219,MAL,3.52,1.26,0.81,20211112_120550_043300_1.txt
15520035,15520523,FEM,6.99,3.13,2.02,20211112_120550_043300_1.txt
15522195,15524510,FEM,22.15,10.72,7.22,20211112_120550_043300_1.txt
15526492,15527012,FEM,9.41,4.49,2.83,20211112_120550_043300_1.txt
15528365,15528520,MAL,11.06,5.46,3.32,20211112_120550_043300_1.txt
15528610,15531050,FEM,23.32,11.63,7.68,20211112_120550_043300_1.txt
15531806,15533426,FEM,17.44,8.4,5.58,20211112_120550_043300_1.txt
15532687,15532989,MAL,9.82,4.64,2.93,20211112_120550_043300_1.txt
15534511,15538812,FEM,34.5,17.06,11.77,20211112_120550_043300_1.txt
15539894,15545063,FEM,45.28,23.24,15.46,20211112_120550_043300_1.txt
15546919,15549012,FEM,17.57,8.53,5.76,20211112_120550_043300_1.txt
15550628,15552074,FEM,14.79,7.22,4.73,20211112_120550_043300_1.txt
15552992,15563492,FEM,93.37,46.8,31.43,20211112_120550_043300_1.txt
15554624,15555512,MAL,12.28,5.87,3.79,20211112_120550_043300_1.txt
15567005,15569430,FEM,25.97,12.59,8.25,20211112_120550_043300_1.txt
15570809,15572512,FEM,21.43,10.67,6.87,20211112_120550_043300_1.txt
15574012,15575011,FEM,12.61,5.98,3.82,20211112_120550_043300_1.txt
15576337,15580401,FEM,34.86,16.89,11.54,20211112_120550_043300_1.txt
15578492,15580134,MAL,16.61,7.81,5.26,20211112_120550_043300_1.txt
15584225,15586297,FEM,21.83,10.45,6.96,20211112_120550_043300_1.txt
15610226,15610380,MAL,11.92,5.89,3.6,20211112_120550_043300_1.txt
15610588,15611118,MAL,11.72,5.69,3.6,20211112_120550_043300_1.txt
15611010,15613948,FEM,28.35,13.89,9.28,20211112_120550_043300_1.txt
15615425,15617178,FEM,20.92,10.15,6.66,20211112_120550_043300_1.txt
15622511,15624993,FEM,21.71,10.61,7.21,20211112_120550_043300_1.txt
15636574,15637492,FEM,11.14,5.29,3.42,20211112_120550_043300_1.txt
15638511,15642812,FEM,36.55,18.39,12.35,20211112_120550_043300_1.txt
15643459,15645011,FEM,15.75,7.59,5.01,20211112_120550_043300_1.txt
15646510,15650511,FEM,33.33,16.93,11.33,20211112_120550_043300_1.txt
15652511,15652914,FEM,8.72,4.08,2.58,20211112_120550_043300_1.txt
15655012,15655933,MAL,10.78,4.86,3.3,20211112_120550_043300_1.txt
15655434,15655657,FEM,9.99,4.83,2.97,20211112_120550_043300_1.txt
15657185,15657992,FEM,10.95,5.16,3.34,20211112_120550_043300_1.txt
15660424,15661953,FEM,14.76,7.07,4.73,20211112_120550_043300_1.txt
15660579,15660724,MAL,8.69,4.14,2.53,20211112_120550_043300_1.txt
15666674,15670992,FEM,36.97,18.83,12.6,20211112_120550_043300_1.txt
15678255,15681991,FEM,32.22,16.14,10.87,20211112_120550_043300_1.txt
15683443,15685158,FEM,16.57,7.98,5.31,20211112_120550_043300_1.txt
15685264,15685402,FEM,6.56,2.96,1.82,20211112_120550_043300_1.txt
15685512,15686950,FEM,12.52,5.85,3.97,20211112_120550_043300_1.txt
15697511,15699023,FEM,14.44,6.96,4.62,20211112_120550_043300_1.txt
15700696,15706764,FEM,49.7,25.56,17.08,20211112_120550_043300_1.txt
15708973,15710888,FEM,14.96,7.06,4.86,20211112_120550_043300_1.txt
15711992,15713173,FEM,8.43,3.48,2.61,20211112_120550_043300_1.txt
15714992,15716067,FEM,12.08,5.74,3.76,20211112_120550_043300_1.txt
15716825,15716970,FEM,7.41,3.43,2.1,20211112_120550_043300_1.txt
15718951,15721013,FEM,18.24,9.09,5.98,20211112_120550_043300_1.txt
15721786,15722010,MAL,6.11,2.7,1.68,20211112_120550_043300_1.txt
15725510,15725706,FEM,9.11,4.36,2.67,20211112_120550_043300_1.txt
15726012,15729287,FEM,26.11,12.92,8.8,20211112_120550_043300_1.txt
15730376,15732180,FEM,13.72,6.38,4.43,20211112_120550_043300_1.txt
15737011,15738675,FEM,14.06,6.69,4.52,20211112_120550_043300_1.txt
15740313,15741867,FEM,14.05,6.66,4.45,20211112_120550_043300_1.txt
15754357,15756512,FEM,19.43,9.54,6.34,20211112_120550_043300_1.txt
15754635,15754762,MAL,7.6,3.54,2.16,20211112_120550_043300_1.txt
15756898,15757011,FEM,7.5,3.46,2.13,20211112_120550_043300_1.txt
15758786,15759292,MAL,9.13,4.31,2.74,20211112_120550_043300_1.txt
15760484,15764011,FEM,29.72,14.82,10.0,20211112_120550_043300_1.txt
15765065,15765991,FEM,11.8,5.61,3.64,20211112_120550_043300_1.txt
15767269,15767905,FEM,6.7,2.92,1.95,20211112_120550_043300_1.txt
15768653,15772992,FEM,34.51,17.55,11.79,20211112_120550_043300_1.txt
15773459,15775492,FEM,16.78,8.17,5.49,20211112_120550_043300_1.txt
15774296,15774941,MAL,6.63,2.89,1.93,20211112_120550_043300_1.txt
15776512,15781510,FEM,40.19,20.11,13.68,20211112_120550_043300_1.txt
15782992,15783208,MAL,8.21,3.85,2.38,20211112_120550_043300_1.txt
15782992,15786993,FEM,33.86,17.02,11.46,20211112_120550_043300_1.txt
15783589,15783815,MAL,7.39,3.4,2.11,20211112_120550_043300_1.txt
15787430,15788043,FEM,9.53,4.49,2.88,20211112_120550_043300_1.txt
15787614,15787810,MAL,8.71,4.12,2.54,20211112_120550_043300_1.txt
15788483,15790461,MAL,18.92,9.34,6.19,20211112_120550_043300_1.txt
15788653,15791051,FEM,22.3,11.05,7.34,20211112_120550_043300_1.txt
15791554,15791711,FEM,7.97,3.74,2.29,20211112_120550_043300_1.txt
15791558,15793080,MAL,15.26,7.39,4.9,20211112_120550_043300_1.txt
15792511,15793432,FEM,10.58,4.97,3.29,20211112_120550_043300_1.txt
15793898,15796492,FEM,22.32,10.98,7.43,20211112_120550_043300_1.txt
15797432,15798367,FEM,9.19,3.99,2.77,20211112_120550_043300_1.txt
15799011,15803512,FEM,35.26,17.57,12.01,20211112_120550_043300_1.txt
15804779,15806510,FEM,15.96,7.58,5.16,20211112_120550_043300_1.txt
15807474,15814060,FEM,49.65,24.74,17.15,20211112_120550_043300_1.txt
15814798,15819501,FEM,37.76,19.0,12.87,20211112_120550_043300_1.txt
15820199,15821625,FEM,15.76,7.72,5.05,20211112_120550_043300_1.txt
15825356,15825477,MAL,9.02,4.34,2.63,20211112_120550_043300_1.txt
15830097,15830993,FEM,11.83,5.71,3.7,20211112_120550_043300_1.txt
15831676,15831784,FEM,7.01,3.2,1.96,20211112_120550_043300_1.txt
15831939,15832302,FEM,9.6,4.59,2.87,20211112_120550_043300_1.txt
15832714,15833971,FEM,14.41,7.04,4.57,20211112_120550_043300_1.txt
15836762,15837223,MAL,9.11,4.32,2.72,20211112_120550_043300_1.txt
15838990,15840011,FEM,9.77,4.42,3.03,20211112_120550_043300_1.txt
15849992,15857014,FEM,60.51,31.38,20.9,20211112_120550_043300_1.txt
15860492,15863541,FEM,26.64,13.29,8.94,20211112_120550_043300_1.txt
15868992,15871012,FEM,18.8,9.06,6.16,20211112_120550_043300_1.txt
15873992,15876218,FEM,20.0,9.7,6.59,20211112_120550_043300_1.txt
15876721,15879512,FEM,25.2,12.6,8.42,20211112_120550_043300_1.txt
15882991,15884651,FEM,16.79,8.2,5.43,20211112_120550_043300_1.txt
15888388,15894082,FEM,47.38,23.64,15.98,20211112_120550_043300_1.txt
15890138,15892504,MAL,21.81,10.51,7.01,20211112_120550_043300_1.txt
15894379,15895493,FEM,12.17,5.76,3.74,20211112_120550_043300_1.txt
15895992,15897492,FEM,11.45,5.3,3.62,20211112_120550_043300_1.txt
15897733,15902490,FEM,38.65,18.87,12.86,20211112_120550_043300_1.txt
15902681,15911254,FEM,69.28,35.46,23.87,20211112_120550_043300_1.txt
15910707,15912241,MAL,14.16,6.63,4.53,20211112_120550_043300_1.txt
15915099,15915345,MAL,4.75,1.91,1.23,20211112_120550_043300_1.txt
15916011,15916156,FEM,7.37,3.4,2.09,20211112_120550_043300_1.txt
15916598,15917992,FEM,13.15,6.31,4.17,20211112_120550_043300_1.txt
15920641,15921492,FEM,9.78,4.47,2.96,20211112_120550_043300_1.txt
15922992,15923740,FEM,10.53,4.92,3.19,20211112_120550_043300_1.txt
15924858,15925697,FEM,9.98,4.66,3.02,20211112_120550_043300_1.txt
15926777,15935010,FEM,65.55,33.69,22.73,20211112_120550_043300_1.txt
15937977,15940493,FEM,20.16,9.81,6.64,20211112_120550_043300_1.txt
15941394,15944492,FEM,23.86,11.65,7.97,20211112_120550_043300_1.txt
15957010,15959200,FEM,19.64,9.68,6.47,20211112_120550_043300_1.txt
15960011,15962689,FEM,23.24,11.51,7.7,20211112_120550_043300_1.txt
15969477,15971011,FEM,12.98,5.94,4.14,20211112_120550_043300_1.txt
15978074,15981329,FEM,28.51,14.06,9.6,20211112_120550_043300_1.txt
15984187,15991514,FEM,61.82,31.66,21.33,20211112_120550_043300_1.txt
15985094,15985391,MAL,10.61,5.18,3.19,20211112_120550_043300_1.txt
15992993,15995820,FEM,25.83,12.86,8.64,20211112_120550_043300_1.txt
15996633,15996996,FEM,11.5,5.66,3.5,20211112_120550_043300_1.txt
15998011,15998510,FEM,10.89,5.25,3.32,20211112_120550_043300_1.txt
16008992,16009380,FEM,9.77,4.6,2.93,20211112_120550_043300_1.txt
16013492,16014361,FEM,13.46,6.53,4.24,20211112_120550_043300_1.txt
16016010,16017510,FEM,17.15,8.48,5.52,20211112_120550_043300_1.txt
16023938,16025511,MAL,18.42,9.09,5.96,20211112_120550_043300_1.txt
16025492,16026992,FEM,18.59,9.22,6.0,20211112_120550_043300_1.txt
16025696,16025883,MAL,12.75,6.36,3.89,20211112_120550_043300_1.txt
16041701,16049020,FEM,63.42,32.7,21.86,20211112_120550_043300_1.txt
16052990,16053572,FEM,12.12,5.96,3.74,20211112_120550_043300_1.txt
16063993,16065164,FEM,16.17,8.0,5.14,20211112_120550_043300_1.txt
16067177,16070677,FEM,31.18,15.59,10.53,20211112_120550_043300_1.txt
16071510,16072511,FEM,12.57,5.97,3.96,20211112_120550_043300_1.txt
16074511,16076011,FEM,17.73,8.73,5.71,20211112_120550_043300_1.txt
16078222,16079012,FEM,12.92,6.28,3.99,20211112_120550_043300_1.txt
16086492,16087707,FEM,15.77,7.68,5.01,20211112_120550_043300_1.txt
16091075,16091480,FEM,11.7,5.74,3.57,20211112_120550_043300_1.txt
16091630,16091922,FEM,11.6,5.73,3.52,20211112_120550_043300_1.txt
16093991,16096011,FEM,19.76,9.67,6.48,20211112_120550_043300_1.txt
16096992,16102502,FEM,48.12,24.7,16.51,20211112_120550_043300_1.txt
16113549,16116946,FEM,32.94,16.7,11.05,20211112_120550_043300_1.txt
16123091,16123221,MAL,11.59,5.76,3.49,20211112_120550_043300_1.txt
16124360,16126179,FEM,19.81,9.8,6.46,20211112_120550_043300_1.txt
16129493,16131066,FEM,17.82,8.78,5.76,20211112_120550_043300_1.txt
16132039,16132292,FEM,10.81,5.3,3.25,20211112_120550_043300_1.txt
16142993,16144011,FEM,14.6,7.25,4.64,20211112_120550_043300_1.txt
16156493,16158007,FEM,17.43,8.53,5.62,20211112_120550_043300_1.txt
16164011,16165133,FEM,16.09,7.98,5.1,20211112_120550_043300_1.txt
16168999,16169370,FEM,11.26,5.52,3.42,20211112_120550_043300_1.txt
16170423,16170558,FEM,12.56,6.28,3.81,20211112_120550_043300_1.txt
16170884,16171491,FEM,13.49,6.73,4.2,20211112_120550_043300_1.txt
16178992,16179979,FEM,14.47,7.06,4.54,20211112_120550_043300_1.txt
16181822,16185830,FEM,35.2,17.73,11.96,20211112_120550_043300_1.txt
16188258,16189660,FEM,17.49,8.65,5.62,20211112_120550_043300_1.txt
16192008,16192443,FEM,11.24,5.49,3.43,20211112_120550_043300_1.txt
16194992,16199427,FEM,40.19,20.62,13.69,20211112_120550_043300_1.txt
16200743,16204290,FEM,34.72,17.67,11.61,20211112_120550_043300_1.txt
16207992,16208242,FEM,10.32,4.98,3.09,20211112_120550_043300_1.txt
16221637,16221812,FEM,11.58,5.75,3.49,20211112_120550_043300_1.txt
16221992,16222449,FEM,11.23,5.48,3.43,20211112_120550_043300_1.txt
16224590,16225160,FEM,11.85,5.78,3.65,20211112_120550_043300_1.txt
16227295,16231237,FEM,36.41,18.63,12.35,20211112_120550_043300_1.txt
16235004,16237193,FEM,22.39,11.2,7.38,20211112_120550_043300_1.txt
16237792,16239986,FEM,23.43,11.76,7.73,20211112_120550_043300_1.txt
16243991,16245317,FEM,16.02,7.82,5.11,20211112_120550_043300_1.txt
16246501,16247993,FEM,18.14,9.03,5.85,20211112_120550_043300_1.txt
16252512,16254993,FEM,24.0,11.92,7.97,20211112_120550_043300_1.txt
16256806,16258492,FEM,19.16,9.56,6.22,20211112_120550_043300_1.txt
16259680,16261187,FEM,16.95,8.14,5.46,20211112_120550_043300_1.txt
16306667,16307971,FEM,16.57,8.21,5.3,20211112_120550_043300_1.txt
16409993,16411012,FEM,14.97,7.35,4.71,20211112_120550_043300_1.txt
16413241,16413357,MAL,12.21,6.1,3.69,20211112_120550_043300_1.txt
16496045,16497405,FEM,17.18,8.41,5.51,20211112_120550_043300_1.txt
16502511,16506974,FEM,37.9,19.2,12.93,20211112_120550_043300_1.txt
16750511,16750990,FEM,10.46,5.07,3.17,20211112_120550_043300_1.txt
16758021,16758293,FEM,9.8,4.74,2.92,20211112_120550_043300_1.txt
16764492,16764991,FEM,10.9,5.31,3.32,20211112_120550_043300_1.txt
16786371,16787569,FEM,15.24,7.54,4.89,20211112_120550_043300_1.txt
16793492,16794992,FEM,16.73,8.43,5.43,20211112_120550_043300_1.txt
16836513,16836771,FEM,10.31,5.0,3.09,20211112_120550_043300_1.txt
16837153,16837460,FEM,9.82,4.73,2.93,20211112_120550_043300_1.txt
16841510,16841718,FEM,9.85,4.77,2.92,20211112_120550_043300_1.txt
16841849,16842011,FEM,10.82,5.32,3.24,20211112_120550_043300_1.txt
16899013,16899491,FEM,11.72,5.75,3.59,20211112_120550_043300_1.txt
16988493,16988721,FEM,9.88,4.77,2.94,20211112_120550_043300_1.txt
17013011,17013144,FEM,10.47,5.14,3.12,20211112_120550_043300_1.txt
17066492,17070010,FEM,32.74,16.76,11.05,20211112_120550_043300_1.txt
17084606,17084933,FEM,10.03,4.81,3.0,20211112_120550_043300_1.txt
17086992,17089491,FEM,24.28,12.14,8.06,20211112_120550_043300_1.txt
17098493,17099050,FEM,10.56,5.02,3.22,20211112_120550_043300_1.txt
17111672,17112511,FEM,10.66,5.01,3.3,20211112_120550_043300_1.txt
17146102,17148011,FEM,21.13,10.54,6.92,20211112_120550_043300_1.txt
17168667,17168993,FEM,11.96,5.89,3.64,20211112_120550_043300_1.txt
17273032,17273511,FEM,11.06,5.39,3.37,20211112_120550_043300_1.txt
17291311,17292339,MAL,15.03,7.38,4.73,20211112_120550_043300_1.txt
17292280,17293051,FEM,11.75,5.61,3.65,20211112_120550_043300_1.txt
17295992,17298010,FEM,20.77,10.29,6.76,20211112_120550_043300_1.txt
17299448,17300739,FEM,15.22,7.38,4.84,20211112_120550_043300_1.txt
17307493,17309218,FEM,19.65,9.88,6.39,20211112_120550_043300_1.txt
17310728,17310993,FEM,9.65,4.65,2.87,20211112_120550_043300_1.txt
17329992,17330993,FEM,14.52,7.15,4.56,20211112_120550_043300_1.txt
17332010,17334492,FEM,24.4,12.32,8.1,20211112_120550_043300_1.txt
17338129,17340134,FEM,20.81,10.41,6.83,20211112_120550_043300_1.txt
17341082,17341497,FEM,11.72,5.76,3.58,20211112_120550_043300_1.txt
17434992,17438095,FEM,28.48,14.16,9.56,20211112_120550_043300_1.txt
17468992,17473493,FEM,39.43,20.15,13.45,20211112_120550_043300_1.txt
17504117,17505251,FEM,16.24,7.93,5.15,20211112_120550_043300_1.txt
17506321,17507511,FEM,15.49,7.62,4.91,20211112_120550_043300_1.txt
17514011,17515815,FEM,20.64,10.38,6.73,20211112_120550_043300_1.txt
17566065,17566215,FEM,8.98,4.31,2.62,20211112_120550_043300_1.txt
17566325,17566624,FEM,9.57,4.61,2.85,20211112_120550_043300_1.txt
17576664,17576991,FEM,11.86,5.85,3.61,20211112_120550_043300_1.txt
17577957,17579511,FEM,18.76,9.36,6.07,20211112_120550_043300_1.txt
17617699,17618511,FEM,11.86,5.69,3.69,20211112_120550_043300_1.txt
17620268,17621513,FEM,13.74,6.63,4.39,20211112_120550_043300_1.txt
17680992,17682511,FEM,18.45,9.16,5.96,20211112_120550_043300_1.txt
17729002,17729137,FEM,11.04,5.45,3.31,20211112_120550_043300_1.txt
17735002,17736011,FEM,13.26,6.53,4.2,20211112_120550_043300_1.txt
17756493,17759512,FEM,29.31,14.92,9.83,20211112_120550_043300_1.txt
17762117,17762239,FEM,10.84,5.34,3.24,20211112_120550_043300_1.txt
17779745,17779947,FEM,9.91,4.81,2.94,20211112_120550_043300_1.txt
17780254,17780511,FEM,10.01,4.86,2.98,20211112_120550_043300_1.txt
17794011,17795218,FEM,16.03,7.94,5.1,20211112_120550_043300_1.txt
17840393,17841915,FEM,18.09,8.98,5.84,20211112_120550_043300_1.txt
17845010,17845348,FEM,11.36,5.59,3.45,20211112_120550_043300_1.txt
17890011,17894010,FEM,33.94,17.05,11.54,20211112_120550_043300_1.txt
17905256,17905374,FEM,13.13,6.56,4.0,20211112_120550_043300_1.txt
17905479,17906642,FEM,16.25,7.98,5.16,20211112_120550_043300_1.txt
17927634,17929492,FEM,20.12,10.11,6.62,20211112_120550_043300_1.txt
17985993,17986096,MAL,12.68,6.37,3.85,20211112_120550_043300_1.txt
17988333,17988654,MAL,11.1,5.45,3.36,20211112_120550_043300_1.txt
17990112,17990993,FEM,11.95,5.5,3.74,20211112_120550_043300_1.txt
18032129,18032563,FEM,11.87,5.83,3.63,20211112_120550_043300_1.txt
18037492,18037627,FEM,10.08,4.93,2.99,20211112_120550_043300_1.txt
18037844,18038468,FEM,12.65,6.22,3.93,20211112_120550_043300_1.txt
18061010,18061521,FEM,9.93,4.76,3.0,20211112_120550_043300_1.txt
18065314,18066186,FEM,12.95,6.29,4.07,20211112_120550_043300_1.txt
18075992,18076598,FEM,11.78,5.8,3.64,20211112_120550_043300_1.txt
18080992,18081967,FEM,13.39,6.59,4.23,20211112_120550_043300_1.txt
18087511,18087653,FEM,8.97,4.31,2.62,20211112_120550_043300_1.txt
18108492,18110438,FEM,20.03,10.22,6.61,20211112_120550_043300_1.txt
18113264,18115468,FEM,23.02,11.6,7.6,20211112_120550_043300_1.txt
18116976,18119511,FEM,23.15,11.35,7.69,20211112_120550_043300_1.txt
18121185,18121347,FEM,11.01,5.44,3.3,20211112_120550_043300_1.txt
18121467,18122010,FEM,12.78,6.36,3.96,20211112_120550_043300_1.txt
18130993,18133642,FEM,25.85,13.15,8.61,20211112_120550_043300_1.txt
18134165,18136276,FEM,21.1,10.66,6.94,20211112_120550_043300_1.txt
18159010,18159143,FEM,11.25,5.56,3.38,20211112_120550_043300_1.txt
18159358,18160011,FEM,10.83,5.23,3.33,20211112_120550_043300_1.txt
18176511,18179992,FEM,31.92,16.03,10.72,20211112_120550_043300_1.txt
18186196,18186842,FEM,14.02,6.9,4.33,20211112_120550_043300_1.txt
18193066,18193513,FEM,12.82,6.35,3.95,20211112_120550_043300_1.txt
18204011,18204200,FEM,12.84,6.44,3.91,20211112_120550_043300_1.txt
18225111,18227492,FEM,22.74,11.4,7.53,20211112_120550_043300_1.txt
18229134,18229434,FEM,13.2,6.59,4.05,20211112_120550_043300_1.txt
18230554,18233440,FEM,25.34,12.01,8.43,20211112_120550_043300_1.txt
18242103,18242511,FEM,13.65,6.78,4.22,20211112_120550_043300_1.txt
18247506,18253991,FEM,56.73,29.23,19.55,20211112_120550_043300_1.txt
18256511,18258992,FEM,25.15,12.72,8.35,20211112_120550_043300_1.txt
18260512,18261010,FEM,12.83,6.26,3.96,20211112_120550_043300_1.txt
18261492,18262094,FEM,14.14,7.05,4.42,20211112_120550_043300_1.txt
18263011,18267193,FEM,38.15,19.11,12.91,20211112_120550_043300_1.txt
18269008,18269442,FEM,12.95,6.43,3.99,20211112_120550_043300_1.txt
18269638,18269992,FEM,12.31,6.06,3.77,20211112_120550_043300_1.txt
18270272,18270490,FEM,13.27,6.67,4.06,20211112_120550_043300_1.txt
18272157,18272265,FEM,12.44,6.23,3.77,20211112_120550_043300_1.txt
18272491,18275491,FEM,29.17,14.55,9.78,20211112_120550_043300_1.txt
18276011,18276448,FEM,13.24,6.55,4.09,20211112_120550_043300_1.txt
18277421,18278612,FEM,17.54,8.69,5.6,20211112_120550_043300_1.txt
18279596,18281548,FEM,21.02,10.3,6.89,20211112_120550_043300_1.txt
18284960,18286492,FEM,19.44,9.58,6.29,20211112_120550_043300_1.txt
18288749,18291481,FEM,27.78,13.76,9.22,20211112_120550_043300_1.txt
18295286,18299361,FEM,37.57,19.02,12.76,20211112_120550_043300_1.txt
18300961,18301239,FEM,12.01,5.95,3.65,20211112_120550_043300_1.txt
18303011,18306492,FEM,33.36,16.85,11.25,20211112_120550_043300_1.txt
18307640,18307839,FEM,10.46,5.13,3.13,20211112_120550_043300_1.txt
18310511,18311777,FEM,18.96,9.52,6.08,20211112_120550_043300_1.txt
18313493,18316493,FEM,30.6,15.42,10.2,20211112_120550_043300_1.txt
18318535,18318776,FEM,12.76,6.29,3.9,20211112_120550_043300_1.txt
18318992,18321511,FEM,26.74,13.34,8.84,20211112_120550_043300_1.txt
18323310,18324010,FEM,14.3,7.08,4.49,20211112_120550_043300_1.txt
18344492,18345454,FEM,13.09,6.46,4.13,20211112_120550_043300_1.txt
18362511,18364085,FEM,19.33,9.5,6.26,20211112_120550_043300_1.txt
18366355,18368010,FEM,20.19,9.8,6.51,20211112_120550_043300_1.txt
18385993,18386492,FEM,11.98,5.89,3.68,20211112_120550_043300_1.txt
18397474,18398346,FEM,12.23,5.91,3.83,20211112_120550_043300_1.txt
18398478,18398736,FEM,13.95,7.03,4.3,20211112_120550_043300_1.txt
18412491,18413880,FEM,16.94,8.47,5.48,20211112_120550_043300_1.txt
18424495,18425011,FEM,12.41,6.14,3.83,20211112_120550_043300_1.txt
18432993,18433756,FEM,14.42,7.13,4.49,20211112_120550_043300_1.txt
18435342,18436230,FEM,14.97,7.36,4.69,20211112_120550_043300_1.txt
18474011,18476333,FEM,22.79,11.45,7.59,20211112_120550_043300_1.txt
18478992,18482036,FEM,26.46,13.28,8.94,20211112_120550_043300_1.txt
18483488,18485493,FEM,20.52,10.27,6.78,20211112_120550_043300_1.txt
18487290,18488932,FEM,17.19,8.53,5.61,20211112_120550_043300_1.txt
18500592,18502951,FEM,22.69,11.47,7.57,20211112_120550_043300_1.txt
21581492,21581828,FEM,13.28,6.66,4.09,20211112_120550_043300_1.txt
22048011,22048379,FEM,11.45,5.63,3.48,20211112_120550_043300_1.txt
22050071,22050373,FEM,11.14,5.47,3.37,20211112_120550_043300_1.txt
22113781,22114510,FEM,13.0,6.42,4.06,20211112_120550_043300_1.txt
26118992,26119512,FEM,11.48,5.6,3.52,20211112_120550_043300_1.txt
26128551,26130492,FEM,20.8,10.43,6.86,20211112_120550_043300_1.txt
26916450,26918011,FEM,19.54,9.79,6.33,20211112_120550_043300_1.txt
26919790,26921493,FEM,18.36,9.14,6.01,20211112_120550_043300_1.txt
27331884,27332537,FEM,12.67,6.23,3.94,20211112_120550_043300_1.txt
27414492,27416991,FEM,25.96,13.15,8.62,20211112_120550_043300_1.txt
27501512,27502438,FEM,14.73,7.33,4.67,20211112_120550_043300_1.txt
27626010,27626491,FEM,12.13,5.97,3.73,20211112_120550_043300_1.txt
27714334,27716832,FEM,22.91,11.39,7.66,20211112_120550_043300_1.txt
27731992,27733010,FEM,14.16,6.88,4.44,20211112_120550_043300_1.txt
27735595,27736619,FEM,12.25,5.84,3.86,20211112_120550_043300_1.txt
27748238,27749492,FEM,14.36,6.97,4.6,20211112_120550_043300_1.txt
27758027,27759031,FEM,12.9,6.25,4.08,20211112_120550_043300_1.txt
27760325,27762544,FEM,21.83,10.81,7.2,20211112_120550_043300_1.txt
27767850,27768992,FEM,12.75,6.12,4.05,20211112_120550_043300_1.txt
27770453,27771010,FEM,12.65,6.18,3.92,20211112_120550_043300_1.txt
27773992,27776052,FEM,18.79,9.22,6.21,20211112_120550_043300_1.txt
27777639,27777794,FEM,10.44,5.1,3.11,20211112_120550_043300_1.txt
27791993,27793993,FEM,20.73,10.25,6.8,20211112_120550_043300_1.txt
27795012,27796851,FEM,18.46,9.02,6.02,20211112_120550_043300_1.txt
27798091,27803170,FEM,43.64,22.34,14.95,20211112_120550_043300_1.txt
27807511,27809890,FEM,21.97,10.91,7.33,20211112_120550_043300_1.txt
27819011,27820992,FEM,22.85,11.41,7.5,20211112_120550_043300_1.txt
27824982,27825991,FEM,16.88,8.42,5.35,20211112_120550_043300_1.txt
27889483,27891103,FEM,19.9,10.01,6.46,20211112_120550_043300_1.txt
27891493,27893786,FEM,23.37,11.6,7.72,20211112_120550_043300_1.txt
27892576,27893386,MAL,13.8,6.77,4.34,20211112_120550_043300_1.txt
27893938,27895599,FEM,19.81,9.97,6.49,20211112_120550_043300_1.txt
27897991,27899758,FEM,21.9,10.85,7.1,20211112_120550_043300_1.txt
27910739,27911124,MAL,13.28,6.64,4.09,20211112_120550_043300_1.txt
27921645,27922745,FEM,16.15,8.01,5.12,20211112_120550_043300_1.txt
27924011,27925587,FEM,18.86,9.42,6.1,20211112_120550_043300_1.txt
27925970,27928724,FEM,25.91,12.95,8.6,20211112_120550_043300_1.txt
27929001,27932511,FEM,29.21,14.44,9.88,20211112_120550_043300_1.txt
27933253,27933439,MAL,9.01,4.32,2.64,20211112_120550_043300_1.txt
27933512,27935993,FEM,22.48,10.98,7.46,20211112_120550_043300_1.txt
27938512,27944233,FEM,44.33,21.91,15.23,20211112_120550_043300_1.txt
27944447,27945767,FEM,15.84,7.66,5.0,20211112_120550_043300_1.txt
27949492,27950383,FEM,13.18,6.49,4.15,20211112_120550_043300_1.txt
27954727,27956992,FEM,24.19,12.2,7.94,20211112_120550_043300_1.txt
27958287,27959084,FEM,10.8,5.17,3.34,20211112_120550_043300_1.txt
27959511,27964182,FEM,38.44,19.46,13.15,20211112_120550_043300_1.txt
27966943,27967984,FEM,12.55,6.06,3.91,20211112_120550_043300_1.txt
27967108,27967243,MAL,6.09,2.7,1.66,20211112_120550_043300_1.txt
27968946,27970011,FEM,14.26,7.0,4.48,20211112_120550_043300_1.txt
27971386,27978492,FEM,70.84,36.19,23.56,20211112_120550_043300_1.txt
27972491,27972753,MAL,9.43,4.54,2.79,20211112_120550_043300_1.txt
27979236,27980579,FEM,10.8,4.98,3.43,20211112_120550_043300_1.txt
27981860,27984415,FEM,23.19,11.69,7.71,20211112_120550_043300_1.txt
27984773,27990359,FEM,44.04,21.79,15.06,20211112_120550_043300_1.txt
27991492,27991992,MAL,12.28,6.01,3.73,20211112_120550_043300_1.txt
27991641,27994511,FEM,26.69,13.47,8.93,20211112_120550_043300_1.txt
27998767,27999896,FEM,11.23,5.18,3.43,20211112_120550_043300_1.txt
28002512,28007266,FEM,44.86,22.66,14.88,20211112_120550_043300_1.txt
28003082,28005011,MAL,22.93,11.07,7.1,20211112_120550_043300_1.txt
28008011,28013293,FEM,42.05,20.09,14.03,20211112_120550_043300_1.txt
28014555,28014698,FEM,9.33,4.49,2.74,20211112_120550_043300_1.txt
28017505,28018475,FEM,13.11,6.21,4.03,20211112_120550_043300_1.txt
28019743,28022632,FEM,26.42,13.03,8.74,20211112_120550_043300_1.txt
28023011,28025011,FEM,18.98,9.47,6.21,20211112_120550_043300_1.txt
28027011,28029492,FEM,21.57,10.7,7.16,20211112_120550_043300_1.txt
28032510,28033656,FEM,12.25,5.9,3.83,20211112_120550_043300_1.txt
28033015,28033351,MAL,7.24,3.31,2.08,20211112_120550_043300_1.txt
28033477,28035387,MAL,20.03,10.04,6.55,20211112_120550_043300_1.txt
28036928,28040671,FEM,30.42,15.18,10.32,20211112_120550_043300_1.txt
28042991,28044837,FEM,17.75,8.68,5.78,20211112_120550_043300_1.txt
28043094,28044425,MAL,14.51,6.96,4.56,20211112_120550_043300_1.txt
28046010,28049979,FEM,37.96,18.84,12.5,20211112_120550_043300_1.txt
28050492,28052699,MAL,23.16,11.32,7.54,20211112_120550_043300_1.txt
28052102,28052399,FEM,12.36,6.11,3.77,20211112_120550_043300_1.txt
28054338,28056496,FEM,21.87,10.58,7.1,20211112_120550_043300_1.txt
28057511,28059175,FEM,17.95,8.93,5.81,20211112_120550_043300_1.txt
28061333,28063010,FEM,16.69,8.17,5.4,20211112_120550_043300_1.txt
28065071,28065309,FEM,6.83,3.09,1.92,20211112_120550_043300_1.txt
28070029,28070282,MAL,5.17,2.15,1.37,20211112_120550_043300_1.txt
28071147,28071262,FEM,5.26,2.24,1.38,20211112_120550_043300_1.txt
28071492,28074459,FEM,24.25,12.08,8.13,20211112_120550_043300_1.txt
28076740,28076909,MAL,10.27,5.02,3.06,20211112_120550_043300_1.txt
28095992,28097008,FEM,11.45,5.46,3.59,20211112_120550_043300_1.txt
28098011,28100011,FEM,18.95,9.39,6.21,20211112_120550_043300_1.txt
28100491,28102070,MAL,17.92,8.99,5.79,20211112_120550_043300_1.txt
28104654,28105040,MAL,10.32,5.02,3.11,20211112_120550_043300_1.txt
28106011,28107334,FEM,15.94,7.92,5.09,20211112_120550_043300_1.txt
28106364,28106472,MAL,13.54,6.85,4.13,20211112_120550_043300_1.txt
28108245,28111409,FEM,30.73,15.86,10.33,20211112_120550_043300_1.txt
28110011,28111388,MAL,17.2,8.6,5.52,20211112_120550_043300_1.txt
28117493,28118453,MAL,14.58,7.15,4.57,20211112_120550_043300_1.txt
28120716,28125492,FEM,49.26,25.3,16.3,20211112_120550_043300_1.txt
28122417,28123511,MAL,13.39,6.52,4.2,20211112_120550_043300_1.txt
28127107,28130300,FEM,32.15,16.13,10.54,20211112_120550_043300_1.txt
28127793,28130432,MAL,25.21,12.61,8.34,20211112_120550_043300_1.txt
28130774,28134090,FEM,29.13,14.67,9.82,20211112_120550_043300_1.txt
28134712,28136248,FEM,16.93,8.33,5.4,20211112_120550_043300_1.txt
28140168,28143681,FEM,33.31,17.04,11.19,20211112_120550_043300_1.txt
28142939,28144611,MAL,20.68,10.23,6.57,20211112_120550_043300_1.txt
28145011,28150511,FEM,52.33,26.79,17.55,20211112_120550_043300_1.txt
28145040,28145491,MAL,10.47,5.08,3.17,20211112_120550_043300_1.txt
28145657,28145807,MAL,8.2,3.88,2.36,20211112_120550_043300_1.txt
28149844,28152289,MAL,23.37,11.58,7.7,20211112_120550_043300_1.txt
28152993,28154011,MAL,13.45,6.6,4.26,20211112_120550_043300_1.txt
28153511,28154011,FEM,10.27,4.94,3.11,20211112_120550_043300_1.txt
28156493,28157203,FEM,10.77,5.14,3.26,20211112_120550_043300_1.txt
28156493,28158847,MAL,24.81,12.31,8.01,20211112_120550_043300_1.txt
28158511,28160511,FEM,19.41,9.7,6.36,20211112_120550_043300_1.txt
28159512,28162204,MAL,25.15,12.57,8.34,20211112_120550_043300_1.txt
28160789,28160911,FEM,6.7,3.04,1.86,20211112_120550_043300_1.txt
28162919,28163025,FEM,8.13,3.84,2.33,20211112_120550_043300_1.txt
28163501,28164694,MAL,14.27,6.79,4.46,20211112_120550_043300_1.txt
28163810,28166493,FEM,25.53,12.64,8.35,20211112_120550_043300_1.txt
28165700,28168511,MAL,24.55,12.05,8.15,20211112_120550_043300_1.txt
28168012,28177011,FEM,81.38,41.64,27.6,20211112_120550_043300_1.txt
28170337,28170469,MAL,9.5,4.61,2.79,20211112_120550_043300_1.txt
28175013,28178148,MAL,28.3,14.21,9.46,20211112_120550_043300_1.txt
28179834,28184011,FEM,35.27,17.89,11.96,20211112_120550_043300_1.txt
28180175,28180918,MAL,8.9,4.15,2.7,20211112_120550_043300_1.txt
28181157,28181304,MAL,10.18,4.98,3.02,20211112_120550_043300_1.txt
28181581,28181782,MAL,7.6,3.51,2.17,20211112_120550_043300_1.txt
28182696,28184416,MAL,16.54,8.09,5.36,20211112_120550_043300_1.txt
28185035,28189242,MAL,39.22,19.59,12.96,20211112_120550_043300_1.txt
28186928,28188992,FEM,19.2,9.42,6.25,20211112_120550_043300_1.txt
28190012,28191991,MAL,19.49,9.68,6.38,20211112_120550_043300_1.txt
28192511,28194997,FEM,23.84,11.96,7.86,20211112_120550_043300_1.txt
28196993,28200493,FEM,31.24,15.85,10.5,20211112_120550_043300_1.txt
28201357,28201576,FEM,6.74,3.05,1.89,20211112_120550_043300_1.txt
28201706,28204511,FEM,24.59,12.06,8.17,20211112_120550_043300_1.txt
28205788,28206595,MAL,11.48,5.52,3.52,20211112_120550_043300_1.txt
28206011,28208492,FEM,23.95,12.07,7.9,20211112_120550_043300_1.txt
28206733,28206934,MAL,8.48,4.03,2.47,20211112_120550_043300_1.txt
28207511,28210012,MAL,25.55,12.55,8.22,20211112_120550_043300_1.txt
28209190,28209377,FEM,6.26,2.78,1.72,20211112_120550_043300_1.txt
28209548,28209929,FEM,9.17,4.36,2.73,20211112_120550_043300_1.txt
28210142,28210993,FEM,11.39,5.4,3.49,20211112_120550_043300_1.txt
28211549,28215992,FEM,36.71,18.47,12.48,20211112_120550_043300_1.txt
28211949,28212472,MAL,7.77,3.47,2.28,20211112_120550_043300_1.txt
28212646,28212800,MAL,10.3,5.04,3.06,20211112_120550_043300_1.txt
28215493,28222012,MAL,55.76,28.6,19.12,20211112_120550_043300_1.txt
28220150,28220511,FEM,7.71,3.55,2.24,20211112_120550_043300_1.txt
28223414,28224305,MAL,12.09,5.66,3.68,20211112_120550_043300_1.txt
28224538,28226511,FEM,17.45,8.4,5.7,20211112_120550_043300_1.txt
28228492,28234511,FEM,49.5,25.27,17.01,20211112_120550_043300_1.txt
28235846,28236366,MAL,8.45,3.88,2.46,20211112_120550_043300_1.txt
28237493,28238011,FEM,8.54,3.92,2.49,20211112_120550_043300_1.txt
28237626,28238017,MAL,7.23,3.28,2.08,20211112_120550_043300_1.txt
28238274,28238443,MAL,4.42,1.78,1.11,20211112_120550_043300_1.txt
28239011,28245882,FEM,60.1,30.91,20.53,20211112_120550_043300_1.txt
28240545,28240655,MAL,6.67,3.03,1.85,20211112_120550_043300_1.txt
28242110,28244511,MAL,21.75,10.77,7.2,20211112_120550_043300_1.txt
28245667,28247511,MAL,17.79,8.68,5.79,20211112_120550_043300_1.txt
28246924,28250010,FEM,27.13,13.64,9.11,20211112_120550_043300_1.txt
28248480,28252992,MAL,37.53,19.03,12.82,20211112_120550_043300_1.txt
28252511,28252764,FEM,9.97,4.82,2.97,20211112_120550_043300_1.txt
28252992,28265010,FEM,107.67,54.94,36.5,20211112_120550_043300_1.txt
28265421,28265656,FEM,11.1,5.47,3.34,20211112_120550_043300_1.txt
28265509,28266535,MAL,13.36,6.52,4.18,20211112_120550_043300_1.txt
28265993,28266420,FEM,9.69,4.64,2.91,20211112_120550_043300_1.txt
28269992,28273510,FEM,29.48,14.74,9.92,20211112_120550_043300_1.txt
28271604,28272208,MAL,6.73,2.97,1.95,20211112_120550_043300_1.txt
28274182,28275777,MAL,15.86,7.6,5.06,20211112_120550_043300_1.txt
28274496,28281511,FEM,61.39,30.9,20.72,20211112_120550_043300_1.txt
28276192,28277731,MAL,15.57,7.37,4.95,20211112_120550_043300_1.txt
28279768,28280286,MAL,9.02,4.26,2.7,20211112_120550_043300_1.txt
28280492,28284993,MAL,39.02,19.93,13.31,20211112_120550_043300_1.txt
28284361,28288511,FEM,39.28,19.6,12.92,20211112_120550_043300_1.txt
28289807,28289993,FEM,7.43,3.42,2.11,20211112_120550_043300_1.txt
28290487,28291483,MAL,10.66,5.01,3.27,20211112_120550_043300_1.txt
28291054,28296056,FEM,48.82,24.61,16.08,20211112_120550_043300_1.txt
28291606,28291763,MAL,9.04,4.34,2.65,20211112_120550_043300_1.txt
28296177,28326479,FEM,288.0,150.35,98.18,20211112_120550_043300_1.txt
28303638,28304946,MAL,15.14,7.38,4.77,20211112_120550_043300_1.txt
28315713,28316817,MAL,12.09,5.71,3.77,20211112_120550_043300_1.txt
28316993,28317363,MAL,8.87,4.15,2.62,20211112_120550_043300_1.txt
28327811,28328447,MAL,10.92,5.29,3.35,20211112_120550_043300_1.txt
28330256,28330393,MAL,8.51,4.04,2.46,20211112_120550_043300_1.txt
28330511,28332992,FEM,22.42,11.06,7.44,20211112_120550_043300_1.txt
28337091,28337854,FEM,9.8,4.58,3.0,20211112_120550_043300_1.txt
28338491,28340692,FEM,20.02,9.95,6.6,20211112_120550_043300_1.txt
28340012,28340630,MAL,9.65,4.54,2.87,20211112_120550_043300_1.txt
28342992,28346448,FEM,30.82,15.73,10.4,20211112_120550_043300_1.txt
28349722,28351104,MAL,13.04,6.31,4.19,20211112_120550_043300_1.txt
28352012,28356880,FEM,43.61,22.34,14.75,20211112_120550_043300_1.txt
28358156,28359992,FEM,22.13,11.02,7.02,20211112_120550_043300_1.txt
28361991,28362457,MAL,10.7,5.24,3.25,20211112_120550_043300_1.txt
28363973,28367380,FEM,36.08,17.8,11.62,20211112_120550_043300_1.txt
28372493,28373214,FEM,11.46,5.5,3.49,20211112_120550_043300_1.txt
28375512,28377940,FEM,25.01,12.73,8.24,20211112_120550_043300_1.txt
28379923,28382512,MAL,26.06,13.12,8.62,20211112_120550_043300_1.txt
28382493,28388492,FEM,56.55,29.26,19.19,20211112_120550_043300_1.txt
28382749,28384011,MAL,15.5,7.65,4.93,20211112_120550_043300_1.txt
28387511,28387820,MAL,9.54,4.59,2.84,20211112_120550_043300_1.txt
28390708,28392490,MAL,17.35,8.21,5.63,20211112_120550_043300_1.txt
28391992,28393011,FEM,13.9,6.83,4.36,20211112_120550_043300_1.txt
28396162,28397075,FEM,12.39,5.81,3.84,20211112_120550_043300_1.txt
28401511,28404209,FEM,24.36,12.2,8.12,20211112_120550_043300_1.txt
28404511,28407830,FEM,31.06,15.68,10.41,20211112_120550_043300_1.txt
28412000,28412829,FEM,9.85,4.69,3.03,20211112_120550_043300_1.txt
28413308,28414994,FEM,16.75,8.34,5.42,20211112_120550_043300_1.txt
28417623,28417993,FEM,10.82,5.19,3.27,20211112_120550_043300_1.txt
28424491,28428639,FEM,37.05,19.04,12.6,20211112_120550_043300_1.txt
28429760,28430848,FEM,15.47,7.66,4.89,20211112_120550_043300_1.txt
28432129,28434011,FEM,21.17,10.46,6.87,20211112_120550_043300_1.txt
28432515,28434010,MAL,18.04,8.8,5.76,20211112_120550_043300_1.txt
28436144,28438486,MAL,24.01,12.15,7.95,20211112_120550_043300_1.txt
28437991,28445492,FEM,71.08,36.83,24.03,20211112_120550_043300_1.txt
28442288,28443945,MAL,19.64,9.75,6.32,20211112_120550_043300_1.txt
28445545,28446689,MAL,14.86,7.39,4.75,20211112_120550_043300_1.txt
28449379,28450862,FEM,17.85,8.86,5.75,20211112_120550_043300_1.txt
28455484,28460715,FEM,50.26,25.99,16.92,20211112_120550_043300_1.txt
28462285,28462493,MAL,8.77,4.18,2.56,20211112_120550_043300_1.txt
28463535,28463992,MAL,10.96,5.36,3.34,20211112_120550_043300_1.txt
28464289,28466648,FEM,22.86,11.76,7.62,20211112_120550_043300_1.txt
28466925,28471491,FEM,42.67,21.93,14.28,20211112_120550_043300_1.txt
28470477,28470933,MAL,8.95,4.24,2.66,20211112_120550_043300_1.txt
28472097,28474277,FEM,19.46,9.85,6.46,20211112_120550_043300_1.txt
28475398,28480428,FEM,46.63,24.09,15.73,20211112_120550_043300_1.txt
28480022,28480138,MAL,8.15,3.85,2.34,20211112_120550_043300_1.txt
28480395,28483058,MAL,24.51,12.3,8.17,20211112_120550_043300_1.txt
28481569,28481993,FEM,8.72,4.07,2.58,20211112_120550_043300_1.txt
28482400,28482613,FEM,7.75,3.61,2.22,20211112_120550_043300_1.txt
28484511,28487511,FEM,27.45,13.92,9.2,20211112_120550_043300_1.txt
28487012,28488448,MAL,17.65,8.76,5.62,20211112_120550_043300_1.txt
28488512,28494111,FEM,48.59,25.06,16.64,20211112_120550_043300_1.txt
28489848,28490580,MAL,10.86,5.2,3.3,20211112_120550_043300_1.txt
28500176,28501993,FEM,16.73,8.21,5.44,20211112_120550_043300_1.txt
28503591,28507511,FEM,29.58,14.43,10.02,20211112_120550_043300_1.txt
28511492,28513205,FEM,18.01,8.89,5.84,20211112_120550_043300_1.txt
28513482,28515568,FEM,19.1,9.36,6.22,20211112_120550_043300_1.txt
28519565,28520491,FEM,10.68,5.02,3.27,20211112_120550_043300_1.txt
28523451,28524313,FEM,10.1,4.73,3.12,20211112_120550_043300_1.txt
28526492,28531708,FEM,37.58,18.03,12.85,20211112_120550_043300_1.txt
28532161,28532993,FEM,6.9,2.78,2.05,20211112_120550_043300_1.txt
28533492,28534773,FEM,11.25,5.13,3.52,20211112_120550_043300_1.txt
28541913,28545010,FEM,27.66,13.96,9.29,20211112_120550_043300_1.txt
28545991,28548083,FEM,19.4,9.45,6.26,20211112_120550_043300_1.txt
28550880,28553080,FEM,17.41,8.34,5.73,20211112_120550_043300_1.txt
28556736,28557688,FEM,11.8,5.59,3.65,20211112_120550_043300_1.txt
28556992,28557321,MAL,8.72,4.07,2.57,20211112_120550_043300_1.txt
28558011,28560266,FEM,19.52,9.41,6.39,20211112_120550_043300_1.txt
28558740,28558968,MAL,7.84,3.66,2.26,20211112_120550_043300_1.txt
28562235,28562353,FEM,4.73,1.93,1.2,20211112_120550_043300_1.txt
28562510,28566010,FEM,28.99,14.38,9.7,20211112_120550_043300_1.txt
28567362,28567559,FEM,6.26,2.77,1.73,20211112_120550_043300_1.txt
28576206,28576488,MAL,11.65,5.75,3.54,20211112_120550_043300_1.txt
28576846,28577379,FEM,11.83,5.82,3.64,20211112_120550_043300_1.txt
28578369,28579992,FEM,17.87,8.77,5.78,20211112_120550_043300_1.txt
28581405,28582831,FEM,17.03,8.38,5.47,20211112_120550_043300_1.txt
28585492,28586256,MAL,12.07,5.81,3.7,20211112_120550_043300_1.txt
28587028,28587492,FEM,11.9,5.8,3.6,20211112_120550_043300_1.txt
28587797,28590161,FEM,24.18,11.77,7.9,20211112_120550_043300_1.txt
28590339,28591515,FEM,18.08,8.92,5.67,20211112_120550_043300_1.txt
28590590,28590946,MAL,11.79,5.77,3.54,20211112_120550_043300_1.txt
28593010,28593941,FEM,14.18,6.85,4.43,20211112_120550_043300_1.txt
28594674,28595492,FEM,14.62,7.1,4.56,20211112_120550_043300_1.txt
28599183,28600012,FEM,14.13,6.89,4.35,20211112_120550_043300_1.txt
28600643,28603147,FEM,21.58,10.5,7.16,20211112_120550_043300_1.txt
28603992,28605170,FEM,13.53,6.39,4.26,20211112_120550_043300_1.txt
28616466,28617882,FEM,17.04,8.48,5.47,20211112_120550_043300_1.txt
28619509,28619862,FEM,11.51,5.67,3.5,20211112_120550_043300_1.txt
28623512,28628993,FEM,47.9,24.01,16.12,20211112_120550_043300_1.txt
28624072,28624740,MAL,10.63,5.01,3.21,20211112_120550_043300_1.txt
28628492,28629957,MAL,14.83,7.21,4.74,20211112_120550_043300_1.txt
28631234,28633011,MAL,17.53,8.52,5.64,20211112_120550_043300_1.txt
28632531,28632992,FEM,9.12,4.26,2.72,20211112_120550_043300_1.txt
28633461,28635847,FEM,22.94,11.28,7.49,20211112_120550_043300_1.txt
28638119,28640552,FEM,17.81,8.33,5.9,20211112_120550_043300_1.txt
28640944,28642802,FEM,19.4,9.38,6.17,20211112_120550_043300_1.txt
28643731,28646991,FEM,29.42,14.82,9.8,20211112_120550_043300_1.txt
28649010,28650271,FEM,11.26,5.13,3.52,20211112_120550_043300_1.txt
28650993,28653048,FEM,20.38,10.12,6.69,20211112_120550_043300_1.txt
28655588,28657993,FEM,22.1,10.98,7.32,20211112_120550_043300_1.txt
28658492,28660596,FEM,18.88,9.42,6.2,20211112_120550_043300_1.txt
28662491,28663733,FEM,14.31,6.95,4.48,20211112_120550_043300_1.txt
28664530,28666533,FEM,14.09,6.47,4.64,20211112_120550_043300_1.txt
28670066,28670446,FEM,2.9,0.75,0.64,20211112_120550_043300_1.txt
28673512,28674011,MAL,6.48,2.83,1.85,20211112_120550_043300_1.txt
28674108,28674278,FEM,5.89,2.55,1.6,20211112_120550_043300_1.txt
28674493,28675851,FEM,12.35,5.8,3.9,20211112_120550_043300_1.txt
28679103,28679650,MAL,4.93,1.9,1.34,20211112_120550_043300_1.txt
28679943,28680986,MAL,12.7,6.17,4.01,20211112_120550_043300_1.txt
28689662,28689834,MAL,10.92,5.37,3.27,20211112_120550_043300_1.txt
28690063,28690728,MAL,11.55,5.54,3.57,20211112_120550_043300_1.txt
28692512,28693494,MAL,14.42,6.91,4.42,20211112_120550_043300_1.txt
28696916,28700419,MAL,28.7,13.73,9.44,20211112_120550_043300_1.txt
28701511,28704491,FEM,26.13,12.62,8.45,20211112_120550_043300_1.txt
28701992,28702805,MAL,9.8,4.55,2.96,20211112_120550_043300_1.txt
28703992,28706064,MAL,15.92,7.49,5.21,20211112_120550_043300_1.txt
28707991,28709344,MAL,10.68,4.67,3.34,20211112_120550_043300_1.txt
28710492,28713484,FEM,25.46,12.53,8.49,20211112_120550_043300_1.txt
28712072,28712433,MAL,8.01,3.67,2.34,20211112_120550_043300_1.txt
28716491,28718146,FEM,13.98,6.42,4.44,20211112_120550_043300_1.txt
28721885,28730113,FEM,59.09,29.08,20.52,20211112_120550_043300_1.txt
28728012,28728618,MAL,5.46,2.25,1.53,20211112_120550_043300_1.txt
28731767,28732491,MAL,9.77,4.4,2.93,20211112_120550_043300_1.txt
28731903,28733413,FEM,14.63,6.74,4.63,20211112_120550_043300_1.txt
28732715,28733172,MAL,10.02,4.71,2.97,20211112_120550_043300_1.txt
28733665,28734990,MAL,13.89,6.35,4.35,20211112_120550_043300_1.txt
28734011,28734382,FEM,8.12,3.72,2.38,20211112_120550_043300_1.txt
28735773,28737049,FEM,13.34,6.36,4.21,20211112_120550_043300_1.txt
28739394,28740012,MAL,11.04,5.3,3.39,20211112_120550_043300_1.txt
28739991,28740563,FEM,8.48,3.93,2.53,20211112_120550_043300_1.txt
28740243,28740491,MAL,7.44,3.42,2.13,20211112_120550_043300_1.txt
28741298,28742511,MAL,14.03,6.63,4.43,20211112_120550_043300_1.txt
28741451,28742328,FEM,11.59,5.38,3.56,20211112_120550_043300_1.txt
28744084,28746011,FEM,15.09,6.97,4.91,20211112_120550_043300_1.txt
28747924,28753343,FEM,44.8,22.65,15.29,20211112_120550_043300_1.txt
28750677,28750993,MAL,8.95,4.26,2.64,20211112_120550_043300_1.txt
28751870,28751990,MAL,9.73,4.73,2.87,20211112_120550_043300_1.txt
28752273,28752406,MAL,6.93,3.17,1.94,20211112_120550_043300_1.txt
28754264,28754492,FEM,6.66,3.0,1.86,20211112_120550_043300_1.txt
28756991,28757511,FEM,8.32,3.85,2.47,20211112_120550_043300_1.txt
28757968,28758726,FEM,9.41,4.22,2.87,20211112_120550_043300_1.txt
28758986,28761011,FEM,20.61,10.01,6.6,20211112_120550_043300_1.txt
28761326,28761490,FEM,6.72,3.03,1.88,20211112_120550_043300_1.txt
28762913,28763527,FEM,8.17,3.73,2.43,20211112_120550_043300_1.txt
28767493,28769339,FEM,18.44,9.06,6.01,20211112_120550_043300_1.txt
28768758,28769946,MAL,13.97,6.82,4.41,20211112_120550_043300_1.txt
28769443,28769991,FEM,9.63,4.58,2.91,20211112_120550_043300_1.txt
28782493,28785767,FEM,26.35,12.87,8.83,20211112_120550_043300_1.txt
28788240,28789838,MAL,16.25,7.93,5.24,20211112_120550_043300_1.txt
28797490,28798600,FEM,12.71,6.11,3.98,20211112_120550_043300_1.txt
28806011,28807855,FEM,15.44,7.38,5.01,20211112_120550_043300_1.txt
28809493,28809748,FEM,6.38,2.79,1.78,20211112_120550_043300_1.txt
28810492,28811643,MAL,9.8,4.18,3.01,20211112_120550_043300_1.txt
28813811,28814493,MAL,9.68,4.53,2.89,20211112_120550_043300_1.txt
28813884,28814993,FEM,11.58,5.47,3.6,20211112_120550_043300_1.txt
28817017,28817422,MAL,7.24,3.26,2.09,20211112_120550_043300_1.txt
28818647,28819789,MAL,13.25,6.36,4.16,20211112_120550_043300_1.txt
28820510,28822614,FEM,19.72,9.51,6.32,20211112_120550_043300_1.txt
28827237,28830011,FEM,24.02,11.78,7.92,20211112_120550_043300_1.txt
28831994,28834291,FEM,20.72,10.25,6.85,20211112_120550_043300_1.txt
28833044,28834021,MAL,10.83,5.07,3.33,20211112_120550_043300_1.txt
28834993,28836493,FEM,11.71,5.33,3.71,20211112_120550_043300_1.txt
28837011,28838374,FEM,13.32,6.42,4.22,20211112_120550_043300_1.txt
28838511,28840490,MAL,17.36,8.14,5.57,20211112_120550_043300_1.txt
28838741,28841377,FEM,19.79,8.81,6.38,20211112_120550_043300_1.txt
28842510,28844012,FEM,10.4,4.45,3.27,20211112_120550_043300_1.txt
28845011,28847978,FEM,22.23,10.62,7.46,20211112_120550_043300_1.txt
28848783,28851539,MAL,21.43,10.16,7.11,20211112_120550_043300_1.txt
28852511,28855494,FEM,22.88,11.18,7.68,20211112_120550_043300_1.txt
28855762,28860511,FEM,39.81,19.63,13.3,20211112_120550_043300_1.txt
28862193,28863221,FEM,9.32,4.07,2.83,20211112_120550_043300_1.txt
28864991,28868165,FEM,28.55,13.92,9.34,20211112_120550_043300_1.txt
28867511,28868394,MAL,9.8,4.36,3.02,20211112_120550_043300_1.txt
28870150,28871011,FEM,10.54,4.94,3.21,20211112_120550_043300_1.txt
28873493,28875992,FEM,18.18,8.5,5.98,20211112_120550_043300_1.txt
28874934,28875437,MAL,6.95,3.01,2.01,20211112_120550_043300_1.txt
28875609,28875768,MAL,6.63,2.93,1.84,20211112_120550_043300_1.txt
28876019,28876510,MAL,4.82,1.86,1.3,20211112_120550_043300_1.txt
28879492,28882492,FEM,25.63,12.81,8.6,20211112_120550_043300_1.txt
28882308,28882411,MAL,5.66,2.46,1.51,20211112_120550_043300_1.txt
28887273,28887492,FEM,6.69,3.01,1.87,20211112_120550_043300_1.txt
28888010,28890769,FEM,21.89,10.4,7.26,20211112_120550_043300_1.txt
28891510,28896775,FEM,42.83,21.57,14.66,20211112_120550_043300_1.txt
28898254,28899312,FEM,11.71,5.57,3.63,20211112_120550_043300_1.txt
28905491,28906991,FEM,9.52,3.84,3.03,20211112_120550_043300_1.txt
28907493,28908595,FEM,11.49,5.28,3.57,20211112_120550_043300_1.txt
28911210,28914011,FEM,13.46,5.18,4.46,20211112_120550_043300_1.txt
28923510,28924438,FEM,6.65,2.61,1.93,20211112_120550_043300_1.txt
28927361,28928730,FEM,8.63,3.42,2.66,20211112_120550_043300_1.txt
28930593,28931066,FEM,6.39,2.61,1.76,20211112_120550_043300_1.txt
28933716,28934816,FEM,9.55,4.07,2.92,20211112_120550_043300_1.txt
28946437,28946992,FEM,4.35,1.51,1.15,20211112_120550_043300_1.txt
28951879,28953494,FEM,9.01,3.66,2.83,20211112_120550_043300_1.txt
28959147,28961516,FEM,19.05,8.87,6.3,20211112_120550_043300_1.txt
28961904,28963011,FEM,12.5,5.79,3.75,20211112_120550_043300_1.txt
28961992,28962159,MAL,7.8,3.61,2.23,20211112_120550_043300_1.txt
28965492,28969714,FEM,27.51,12.73,9.38,20211112_120550_043300_1.txt
28970966,28972259,FEM,12.51,5.99,3.94,20211112_120550_043300_1.txt
28977492,28980992,FEM,24.12,11.51,8.18,20211112_120550_043300_1.txt
28985756,28987011,FEM,9.71,4.2,2.95,20211112_120550_043300_1.txt
28990992,28993398,FEM,15.15,6.62,4.96,20211112_120550_043300_1.txt
28994011,29000378,FEM,54.43,27.2,18.34,20211112_120550_043300_1.txt
29001672,29003106,FEM,13.58,6.32,4.27,20211112_120550_043300_1.txt
29014013,29016068,FEM,16.38,8.02,5.36,20211112_120550_043300_1.txt
29019946,29020579,MAL,5.76,2.36,1.63,20211112_120550_043300_1.txt
29022152,29023428,MAL,14.23,6.7,4.4,20211112_120550_043300_1.txt
29022492,29025492,FEM,20.8,9.68,6.88,20211112_120550_043300_1.txt
29027985,29030450,FEM,22.88,10.84,7.22,20211112_120550_043300_1.txt
29034339,29036492,FEM,15.1,6.91,4.9,20211112_120550_043300_1.txt
29040491,29042670,FEM,16.14,7.63,5.3,20211112_120550_043300_1.txt
29041102,29041758,MAL,7.36,3.19,2.12,20211112_120550_043300_1.txt
29044796,29047064,FEM,19.83,9.24,6.23,20211112_120550_043300_1.txt
29048352,29049012,FEM,3.83,1.28,0.99,20211112_120550_043300_1.txt
29053166,29053311,FEM,7.54,3.49,2.14,20211112_120550_043300_1.txt
29057511,29058107,FEM,6.98,3.06,2.03,20211112_120550_043300_1.txt
29059012,29062493,FEM,28.34,13.72,9.37,20211112_120550_043300_1.txt
29070662,29073511,MAL,23.12,11.24,7.68,20211112_120550_043300_1.txt
29076300,29077419,FEM,9.02,3.95,2.7,20211112_120550_043300_1.txt
29080542,29080696,MAL,3.17,1.07,0.69,20211112_120550_043300_1.txt
29083011,29088168,FEM,43.23,21.42,14.51,20211112_120550_043300_1.txt
29086493,29087745,MAL,13.35,6.25,4.11,20211112_120550_043300_1.txt
29088960,29089319,MAL,9.77,4.65,2.92,20211112_120550_043300_1.txt
29092912,29096992,FEM,34.09,16.64,11.34,20211112_120550_043300_1.txt
29097510,29099992,FEM,20.23,10.01,6.66,20211112_120550_043300_1.txt
29100953,29103992,FEM,27.15,13.24,8.8,20211112_120550_043300_1.txt
29105306,29105762,FEM,5.41,2.25,1.49,20211112_120550_043300_1.txt
29110011,29111511,MAL,11.95,5.5,3.79,20211112_120550_043300_1.txt
29110512,29114606,FEM,38.36,19.52,12.71,20211112_120550_043300_1.txt
29113558,29114687,MAL,11.48,5.43,3.52,20211112_120550_043300_1.txt
29115511,29116286,FEM,7.7,3.43,2.25,20211112_120550_043300_1.txt
29117973,29120065,FEM,18.16,8.8,5.85,20211112_120550_043300_1.txt
29121010,29122318,FEM,11.71,5.65,3.73,20211112_120550_043300_1.txt
29122991,29124506,FEM,14.33,6.77,4.53,20211112_120550_043300_1.txt
29125425,29126638,MAL,13.01,6.23,4.04,20211112_120550_043300_1.txt
29125992,29128549,FEM,24.85,12.22,8.0,20211112_120550_043300_1.txt
29129593,29129870,MAL,5.45,2.33,1.47,20211112_120550_043300_1.txt
29130886,29131539,MAL,9.79,4.45,2.87,20211112_120550_043300_1.txt
29133089,29133293,FEM,6.59,2.92,1.84,20211112_120550_043300_1.txt
29134796,29135814,MAL,8.91,3.82,2.7,20211112_120550_043300_1.txt
29136981,29138944,MAL,20.16,9.97,6.44,20211112_120550_043300_1.txt
29137850,29138010,FEM,7.23,3.34,2.04,20211112_120550_043300_1.txt
29138511,29138707,FEM,6.14,2.72,1.69,20211112_120550_043300_1.txt
29139510,29141353,FEM,17.26,8.25,5.46,20211112_120550_043300_1.txt
29142140,29143765,FEM,14.01,6.82,4.5,20211112_120550_043300_1.txt
29142278,29142393,MAL,4.54,1.84,1.14,20211112_120550_043300_1.txt
29143511,29150870,MAL,62.12,31.75,21.23,20211112_120550_043300_1.txt
29143957,29144276,FEM,7.17,3.27,2.05,20211112_120550_043300_1.txt
29150153,29150598,FEM,5.95,2.57,1.67,20211112_120550_043300_1.txt
29151147,29151307,MAL,6.65,3.01,1.85,20211112_120550_043300_1.txt
29151269,29151411,FEM,4.12,1.61,1.0,20211112_120550_043300_1.txt
29151878,29152462,MAL,5.79,2.46,1.63,20211112_120550_043300_1.txt
29151956,29155733,FEM,32.27,16.33,10.78,20211112_120550_043300_1.txt
29156510,29158511,FEM,15.13,7.15,4.93,20211112_120550_043300_1.txt
29158513,29160155,MAL,15.26,7.42,4.92,20211112_120550_043300_1.txt
29160010,29160329,FEM,4.39,1.73,1.12,20211112_120550_043300_1.txt
29160292,29160532,MAL,6.03,2.52,1.66,20211112_120550_043300_1.txt
29161877,29173305,FEM,118.17,59.81,38.74,20211112_120550_043300_1.txt
29163986,29165680,MAL,15.93,7.71,5.09,20211112_120550_043300_1.txt
29166063,29166340,MAL,4.57,1.83,1.18,20211112_120550_043300_1.txt
29169492,29169595,MAL,9.07,4.36,2.65,20211112_120550_043300_1.txt
29177307,29180512,FEM,29.62,14.4,9.59,20211112_120550_043300_1.txt
29184492,29188510,FEM,35.41,17.7,11.72,20211112_120550_043300_1.txt
29191521,29194582,FEM,26.29,13.27,8.78,20211112_120550_043300_1.txt
29193492,29194214,MAL,8.03,3.63,2.35,20211112_120550_043300_1.txt
29195130,29197116,FEM,18.61,9.05,5.99,20211112_120550_043300_1.txt
29195453,29196168,MAL,9.49,4.44,2.84,20211112_120550_043300_1.txt
29198138,29200792,FEM,24.88,11.94,7.92,20211112_120550_043300_1.txt
29201263,29203411,FEM,20.98,10.09,6.64,20211112_120550_043300_1.txt
29208558,29209550,FEM,9.11,3.94,2.71,20211112_120550_043300_1.txt
29214753,29216873,FEM,20.72,9.95,6.5,20211112_120550_043300_1.txt
29219721,29225774,FEM,53.47,26.55,17.7,20211112_120550_043300_1.txt
29227097,29230199,FEM,27.66,13.65,9.03,20211112_120550_043300_1.txt
29236012,29239512,FEM,30.01,14.47,9.72,20211112_120550_043300_1.txt
29236793,29236985,MAL,7.11,3.25,2.01,20211112_120550_043300_1.txt
29250057,29250332,MAL,6.11,2.56,1.69,20211112_120550_043300_1.txt
29269991,29273498,FEM,29.49,14.4,9.65,20211112_120550_043300_1.txt
29286141,29287042,FEM,8.08,3.57,2.4,20211112_120550_043300_1.txt
29291011,29294492,FEM,25.19,12.35,8.48,20211112_120550_043300_1.txt
29294814,29296518,FEM,12.68,5.85,4.07,20211112_120550_043300_1.txt
29297266,29297506,FEM,6.27,2.78,1.74,20211112_120550_043300_1.txt
29299011,29305010,FEM,50.74,25.31,17.0,20211112_120550_043300_1.txt
29305535,29306932,MAL,12.68,5.89,3.96,20211112_120550_043300_1.txt
29306510,29308203,FEM,15.3,7.27,4.88,20211112_120550_043300_1.txt
29312393,29313508,FEM,11.24,5.34,3.54,20211112_120550_043300_1.txt
29313993,29315011,FEM,11.82,5.62,3.66,20211112_120550_043300_1.txt
29318512,29319843,FEM,10.52,4.94,3.34,20211112_120550_043300_1.txt
29320280,29328771,FEM,77.18,39.33,26.01,20211112_120550_043300_1.txt
29332496,29333294,FEM,9.19,4.3,2.8,20211112_120550_043300_1.txt
29334099,29335253,FEM,11.3,5.29,3.51,20211112_120550_043300_1.txt
29337081,29337204,FEM,10.37,5.05,3.08,20211112_120550_043300_1.txt
29338455,29339380,MAL,12.64,6.15,3.92,20211112_120550_043300_1.txt
29340510,29340763,FEM,10.26,4.99,3.07,20211112_120550_043300_1.txt
29341303,29342494,FEM,14.02,6.87,4.43,20211112_120550_043300_1.txt
29345033,29345242,FEM,6.25,2.76,1.73,20211112_120550_043300_1.txt
29346332,29347491,FEM,8.93,3.87,2.72,20211112_120550_043300_1.txt
29347711,29352127,FEM,34.8,17.1,11.79,20211112_120550_043300_1.txt
29352768,29354842,FEM,19.65,9.41,6.4,20211112_120550_043300_1.txt
29355492,29355646,FEM,10.19,4.96,3.03,20211112_120550_043300_1.txt
29357512,29359577,FEM,17.19,8.31,5.63,20211112_120550_043300_1.txt
29361493,29361825,FEM,6.47,2.85,1.82,20211112_120550_043300_1.txt
29362016,29362242,FEM,6.98,3.17,1.97,20211112_120550_043300_1.txt
29364010,29365510,FEM,13.33,6.07,4.25,20211112_120550_043300_1.txt
29364780,29365008,MAL,6.83,3.09,1.92,20211112_120550_043300_1.txt
29367993,29371012,FEM,23.3,11.06,7.77,20211112_120550_043300_1.txt
29371928,29374231,FEM,22.0,10.9,7.22,20211112_120550_043300_1.txt
29375492,29377492,FEM,20.88,10.25,6.69,20211112_120550_043300_1.txt
29381010,29383423,FEM,21.58,10.62,7.15,20211112_120550_043300_1.txt
29383493,29384750,MAL,15.7,7.67,5.0,20211112_120550_043300_1.txt
29387011,29390619,FEM,31.0,15.56,10.44,20211112_120550_043300_1.txt
29393619,29394756,FEM,9.92,4.47,3.11,20211112_120550_043300_1.txt
29396010,29396472,FEM,7.73,3.44,2.26,20211112_120550_043300_1.txt
29397511,29404987,FEM,57.6,29.23,20.0,20211112_120550_043300_1.txt
29411178,29411492,FEM,6.24,2.72,1.74,20211112_120550_043300_1.txt
29417637,29418511,FEM,3.97,1.07,1.08,20211112_120550_043300_1.txt
29421075,29423859,FEM,24.71,12.23,8.2,20211112_120550_043300_1.txt
29424347,29428011,FEM,30.56,15.16,10.3,20211112_120550_043300_1.txt
29433993,29435017,MAL,11.81,5.65,3.72,20211112_120550_043300_1.txt
29439992,29442272,FEM,20.14,9.69,6.59,20211112_120550_043300_1.txt
29441013,29441339,MAL,7.31,3.34,2.1,20211112_120550_043300_1.txt
29441456,29441594,MAL,7.24,3.33,2.04,20211112_120550_043300_1.txt
29443628,29445491,FEM,18.78,9.3,6.13,20211112_120550_043300_1.txt
29449492,29450491,FEM,12.2,5.8,3.79,20211112_120550_043300_1.txt
29454413,29455834,FEM,14.85,7.25,4.8,20211112_120550_043300_1.txt
29461887,29462547,FEM,7.66,3.5,2.27,20211112_120550_043300_1.txt
29464741,29467751,FEM,28.52,14.19,9.25,20211112_120550_043300_1.txt
29468499,29472512,FEM,34.66,17.64,11.78,20211112_120550_043300_1.txt
29472991,29473386,MAL,5.66,2.36,1.56,20211112_120550_043300_1.txt
29473161,29473691,FEM,8.27,3.69,2.4,20211112_120550_043300_1.txt
29473991,29479133,FEM,42.71,20.84,14.23,20211112_120550_043300_1.txt
29479766,29480011,FEM,6.92,3.13,1.95,20211112_120550_043300_1.txt
29486864,29488634,FEM,19.03,9.45,6.14,20211112_120550_043300_1.txt
29489005,29493381,FEM,40.5,20.78,13.73,20211112_120550_043300_1.txt
29497588,29499492,FEM,16.75,8.14,5.45,20211112_120550_043300_1.txt
29508011,29510618,FEM,24.55,11.98,7.86,20211112_120550_043300_1.txt
29511699,29513218,FEM,13.94,6.56,4.35,20211112_120550_043300_1.txt
29518493,29526159,FEM,73.33,36.69,24.12,20211112_120550_043300_1.txt
29524993,29527124,MAL,17.74,8.17,5.67,20211112_120550_043300_1.txt
29526998,29527476,FEM,6.62,2.91,1.89,20211112_120550_043300_1.txt
29528238,29529453,FEM,11.91,5.36,3.68,20211112_120550_043300_1.txt
29528516,29530504,MAL,14.61,6.66,4.76,20211112_120550_043300_1.txt
29532674,29536591,FEM,33.88,16.49,11.13,20211112_120550_043300_1.txt
29533339,29533570,MAL,5.11,2.12,1.35,20211112_120550_043300_1.txt
29536993,29537989,MAL,7.15,3.14,2.16,20211112_120550_043300_1.txt
29538305,29538408,MAL,4.73,1.95,1.2,20211112_120550_043300_1.txt
29538511,29539444,MAL,5.57,2.16,1.62,20211112_120550_043300_1.txt
29540980,29543332,FEM,17.0,8.21,5.61,20211112_120550_043300_1.txt
29544510,29547011,FEM,15.24,6.75,5.06,20211112_120550_043300_1.txt
29549254,29555877,FEM,48.98,23.93,16.78,20211112_120550_043300_1.txt
29549608,29550416,MAL,10.56,4.85,3.21,20211112_120550_043300_1.txt
29552492,29552735,MAL,5.97,2.61,1.64,20211112_120550_043300_1.txt
29556779,29557510,MAL,2.7,0.41,0.63,20211112_120550_043300_1.txt
29557511,29560493,FEM,19.07,8.15,6.15,20211112_120550_043300_1.txt
29559161,29560681,MAL,10.99,4.7,3.42,20211112_120550_043300_1.txt
29562011,29562256,FEM,4.75,1.87,1.23,20211112_120550_043300_1.txt
29567442,29572511,FEM,43.67,21.59,14.54,20211112_120550_043300_1.txt
29571149,29572192,MAL,12.13,5.54,3.66,20211112_120550_043300_1.txt
29578738,29579511,MAL,10.83,5.11,3.35,20211112_120550_043300_1.txt
29578993,29582042,FEM,30.6,15.24,9.95,20211112_120550_043300_1.txt
29583644,29584012,FEM,6.86,3.08,1.95,20211112_120550_043300_1.txt
29590012,29592992,FEM,23.27,11.25,7.76,20211112_120550_043300_1.txt
29594563,29594922,FEM,7.75,3.52,2.25,20211112_120550_043300_1.txt
29597849,29601027,FEM,25.78,12.94,8.68,20211112_120550_043300_1.txt
29610358,29611492,FEM,13.11,6.25,4.11,20211112_120550_043300_1.txt
29612993,29615011,FEM,19.48,9.45,6.33,20211112_120550_043300_1.txt
29616511,29617068,FEM,7.77,3.53,2.29,20211112_120550_043300_1.txt
29618382,29619992,FEM,15.56,7.49,4.96,20211112_120550_043300_1.txt
29621303,29621492,FEM,9.51,4.58,2.81,20211112_120550_043300_1.txt
29623511,29627296,FEM,30.92,15.17,10.44,20211112_120550_043300_1.txt
29627770,29628492,FEM,11.28,5.44,3.49,20211112_120550_043300_1.txt
29629667,29629993,FEM,7.56,3.43,2.18,20211112_120550_043300_1.txt
29633455,29634842,FEM,14.98,7.19,4.73,20211112_120550_043300_1.txt
29634512,29635521,MAL,11.96,5.71,3.71,20211112_120550_043300_1.txt
29635669,29635988,MAL,10.58,5.16,3.19,20211112_120550_043300_1.txt
29636805,29639129,FEM,21.39,10.55,7.07,20211112_120550_043300_1.txt
29642510,29643200,FEM,9.75,4.6,2.97,20211112_120550_043300_1.txt
29644733,29646010,FEM,10.39,4.6,3.23,20211112_120550_043300_1.txt
29647468,29648524,FEM,13.19,6.31,4.13,20211112_120550_043300_1.txt
29650744,29652960,FEM,16.86,8.06,5.55,20211112_120550_043300_1.txt
29653673,29655296,FEM,12.02,5.42,3.83,20211112_120550_043300_1.txt
29664090,29666010,FEM,20.77,10.5,6.8,20211112_120550_043300_1.txt
29673332,29676383,FEM,28.18,14.26,9.46,20211112_120550_043300_1.txt
29673874,29674190,MAL,10.35,5.0,3.11,20211112_120550_043300_1.txt
29674581,29674738,MAL,11.05,5.45,3.31,20211112_120550_043300_1.txt
29676684,29679011,FEM,15.27,6.6,4.98,20211112_120550_043300_1.txt
29681395,29681925,FEM,5.98,2.49,1.69,20211112_120550_043300_1.txt
29683493,29686492,FEM,22.68,10.8,7.62,20211112_120550_043300_1.txt
29687052,29687862,FEM,11.26,5.47,3.5,20211112_120550_043300_1.txt
29688744,29689584,FEM,10.71,5.12,3.32,20211112_120550_043300_1.txt
29690012,29690134,FEM,4.6,1.88,1.16,20211112_120550_043300_1.txt
29690354,29693636,FEM,33.37,16.68,10.75,20211112_120550_043300_1.txt
29694327,29694492,FEM,7.56,3.51,2.15,20211112_120550_043300_1.txt
29695140,29696347,FEM,12.12,5.79,3.79,20211112_120550_043300_1.txt
29697001,29698511,FEM,11.99,5.6,3.81,20211112_120550_043300_1.txt
29699504,29705493,FEM,47.04,23.78,16.18,20211112_120550_043300_1.txt
29712553,29713096,FEM,9.13,4.3,2.74,20211112_120550_043300_1.txt
29713574,29717175,FEM,32.64,16.43,10.77,20211112_120550_043300_1.txt
29721295,29722653,FEM,17.06,8.39,5.36,20211112_120550_043300_1.txt
29723988,29724844,FEM,11.83,5.71,3.64,20211112_120550_043300_1.txt
29726067,29727746,FEM,20.32,10.08,6.45,20211112_120550_043300_1.txt
29728011,29728165,FEM,10.75,5.3,3.21,20211112_120550_043300_1.txt
29728473,29731030,FEM,27.36,13.72,8.89,20211112_120550_043300_1.txt
29732378,29733952,MAL,19.04,9.44,6.06,20211112_120550_043300_1.txt
29738510,29739256,FEM,10.57,5.09,3.25,20211112_120550_043300_1.txt
29742992,29744286,MAL,16.73,8.19,5.24,20211112_120550_043300_1.txt
29745505,29747295,FEM,19.66,9.77,6.35,20211112_120550_043300_1.txt
29753897,29754667,FEM,15.21,7.63,4.75,20211112_120550_043300_1.txt
29757512,29761219,FEM,31.46,16.04,10.61,20211112_120550_043300_1.txt
29763573,29763990,FEM,6.27,2.71,1.77,20211112_120550_043300_1.txt
29765640,29766398,FEM,11.62,5.59,3.55,20211112_120550_043300_1.txt
29768486,29769259,FEM,10.46,5.01,3.22,20211112_120550_043300_1.txt
29778011,29778875,FEM,9.04,4.17,2.77,20211112_120550_043300_1.txt
29779512,29779644,FEM,9.42,4.55,2.77,20211112_120550_043300_1.txt
29780799,29782738,FEM,21.66,10.61,6.89,20211112_120550_043300_1.txt
29783450,29784964,FEM,17.86,8.77,5.66,20211112_120550_043300_1.txt
29785632,29786781,FEM,13.86,6.64,4.31,20211112_120550_043300_1.txt
29787510,29790011,FEM,27.94,13.82,8.92,20211112_120550_043300_1.txt
29791181,29793493,FEM,23.72,11.66,7.64,20211112_120550_043300_1.txt
29800492,29802492,FEM,21.15,10.49,6.83,20211112_120550_043300_1.txt
29805011,29807510,FEM,26.72,13.32,8.61,20211112_120550_043300_1.txt
29805595,29806420,MAL,12.47,5.98,3.79,20211112_120550_043300_1.txt
29806608,29807354,MAL,11.88,5.68,3.59,20211112_120550_043300_1.txt
29808608,29808765,FEM,9.49,4.59,2.79,20211112_120550_043300_1.txt
29808992,29813871,FEM,49.45,25.32,16.38,20211112_120550_043300_1.txt
29819991,29820754,FEM,11.21,5.35,3.42,20211112_120550_043300_1.txt
29822992,29824011,FEM,12.8,6.11,3.94,20211112_120550_043300_1.txt
29835555,29835709,MAL,9.34,4.51,2.74,20211112_120550_043300_1.txt
29838993,29841092,FEM,22.4,11.2,7.27,20211112_120550_043300_1.txt
29843492,29843882,FEM,10.14,4.91,3.05,20211112_120550_043300_1.txt
29843993,29846011,FEM,20.09,10.03,6.59,20211112_120550_043300_1.txt
29848021,29848213,MAL,8.45,4.0,2.45,20211112_120550_043300_1.txt
29848046,29848262,FEM,8.62,4.1,2.52,20211112_120550_043300_1.txt
29848492,29849157,FEM,10.32,4.88,3.1,20211112_120550_043300_1.txt
29868510,29869514,FEM,12.66,6.13,3.94,20211112_120550_043300_1.txt
29872511,29874011,FEM,19.66,9.6,6.1,20211112_120550_043300_1.txt
29879012,29881218,FEM,24.47,12.15,7.82,20211112_120550_043300_1.txt
29882010,29883011,FEM,13.03,6.25,4.01,20211112_120550_043300_1.txt
29942134,29943715,MAL,15.78,7.6,5.08,20211112_120550_043300_1.txt
29948493,29948631,MAL,9.86,4.78,2.91,20211112_120550_043300_1.txt
29952651,29952992,FEM,9.12,4.34,2.7,20211112_120550_043300_1.txt
29975302,29976768,FEM,17.06,8.38,5.38,20211112_120550_043300_1.txt
30046991,30047992,MAL,13.0,6.36,4.06,20211112_120550_043300_1.txt
30048489,30049751,FEM,14.12,6.89,4.47,20211112_120550_043300_1.txt
30051314,30051493,FEM,8.94,4.28,2.61,20211112_120550_043300_1.txt
30057851,30059010,MAL,13.47,6.55,4.24,20211112_120550_043300_1.txt
30060011,30060163,FEM,8.84,4.22,2.58,20211112_120550_043300_1.txt
30060300,30061100,FEM,11.05,5.26,3.37,20211112_120550_043300_1.txt
30062451,30063934,FEM,16.54,8.06,5.21,20211112_120550_043300_1.txt
30128787,30129492,FEM,9.86,4.6,2.96,20211112_120550_043300_1.txt
30131447,30133992,FEM,29.25,14.71,9.36,20211112_120550_043300_1.txt
30135512,30137535,FEM,23.44,11.71,7.5,20211112_120550_043300_1.txt
30137970,30147580,FEM,96.75,50.24,32.46,20211112_120550_043300_1.txt
30146794,30146895,MAL,10.26,5.03,3.04,20211112_120550_043300_1.txt
30147155,30147511,MAL,8.67,4.1,2.55,20211112_120550_043300_1.txt
30155255,30157010,FEM,20.8,10.43,6.73,20211112_120550_043300_1.txt
30155514,30155862,MAL,10.44,5.08,3.14,20211112_120550_043300_1.txt
30158801,30160011,FEM,14.16,6.86,4.47,20211112_120550_043300_1.txt
30160487,30165492,FEM,42.88,21.76,14.63,20211112_120550_043300_1.txt
30164623,30164901,MAL,9.73,4.7,2.89,20211112_120550_043300_1.txt
30168492,30169526,FEM,12.22,5.85,3.8,20211112_120550_043300_1.txt
30171992,30174258,FEM,22.99,11.38,7.49,20211112_120550_043300_1.txt
30178843,30184488,MAL,55.17,28.48,18.57,20211112_120550_043300_1.txt
30179766,30180708,FEM,14.87,7.31,4.67,20211112_120550_043300_1.txt
30181012,30183013,FEM,23.01,11.38,7.35,20211112_120550_043300_1.txt
30183843,30184010,FEM,11.26,5.57,3.39,20211112_120550_043300_1.txt
30185350,30186624,MAL,17.41,8.73,5.57,20211112_120550_043300_1.txt
30194945,30196386,FEM,17.61,8.6,5.56,20211112_120550_043300_1.txt
30194969,30195830,MAL,13.15,6.37,4.03,20211112_120550_043300_1.txt
30197011,30197571,FEM,11.47,5.52,3.47,20211112_120550_043300_1.txt
30197274,30197429,MAL,12.05,5.99,3.65,20211112_120550_043300_1.txt
30197990,30201500,FEM,30.01,15.11,10.14,20211112_120550_043300_1.txt
30202991,30204510,MAL,17.74,8.83,5.72,20211112_120550_043300_1.txt
30204011,30206512,FEM,26.37,13.29,8.66,20211112_120550_043300_1.txt
30206441,30209035,MAL,25.84,12.99,8.6,20211112_120550_043300_1.txt
30209492,30210429,FEM,13.06,6.32,4.07,20211112_120550_043300_1.txt
30213845,30217829,FEM,39.67,20.31,13.18,20211112_120550_043300_1.txt
30222325,30223412,MAL,15.76,7.66,4.83,20211112_120550_043300_1.txt
30222511,30224492,FEM,24.68,12.19,7.74,20211112_120550_043300_1.txt
30229195,30231492,FEM,21.92,11.01,7.25,20211112_120550_043300_1.txt
30247310,30249510,FEM,22.24,11.26,7.39,20211112_120550_043300_1.txt
30249983,30253993,MAL,37.02,18.93,12.56,20211112_120550_043300_1.txt
30250199,30250504,FEM,10.23,4.97,3.06,20211112_120550_043300_1.txt
30252511,30252973,FEM,10.51,5.1,3.19,20211112_120550_043300_1.txt
30260255,30260992,FEM,11.35,5.41,3.51,20211112_120550_043300_1.txt
30264489,30265002,FEM,12.85,6.31,3.92,20211112_120550_043300_1.txt
30268536,30268663,FEM,9.76,4.73,2.88,20211112_120550_043300_1.txt
30268792,30270512,FEM,18.45,9.16,5.94,20211112_120550_043300_1.txt
30274511,30276011,FEM,18.24,8.97,5.73,20211112_120550_043300_1.txt
30321545,30322492,FEM,11.82,5.73,3.71,20211112_120550_043300_1.txt
30367011,30370011,FEM,26.69,13.54,9.01,20211112_120550_043300_1.txt
30372011,30373515,FEM,16.56,8.19,5.33,20211112_120550_043300_1.txt
30373755,30374010,FEM,9.76,4.71,2.9,20211112_120550_043300_1.txt
30388974,30389571,FEM,9.37,4.39,2.83,20211112_120550_043300_1.txt
30389754,30389892,FEM,10.02,4.87,2.97,20211112_120550_043300_1.txt
30400255,30400432,MAL,8.92,4.27,2.61,20211112_120550_043300_1.txt
30457163,30457804,MAL,10.54,5.04,3.18,20211112_120550_043300_1.txt
30486389,30486492,FEM,9.91,4.83,2.92,20211112_120550_043300_1.txt
30488511,30502610,FEM,117.41,61.49,41.05,20211112_120550_043300_1.txt
30503763,30528367,FEM,238.3,123.32,80.51,20211112_120550_043300_1.txt
30521546,30521909,MAL,9.55,4.58,2.85,20211112_120550_043300_1.txt
30549045,30574153,FEM,241.52,125.5,81.87,20211112_120550_043300_1.txt
30604529,30605511,FEM,12.28,5.82,3.76,20211112_120550_043300_1.txt
30612860,30614450,FEM,15.27,7.37,4.91,20211112_120550_043300_1.txt
30615011,30617055,FEM,19.84,9.76,6.46,20211112_120550_043300_1.txt
30618906,30619007,FEM,10.84,5.34,3.24,20211112_120550_043300_1.txt
30659985,30665839,FEM,49.26,25.37,16.95,20211112_120550_043300_1.txt
30667864,30668492,FEM,10.99,5.23,3.32,20211112_120550_043300_1.txt
30670010,30676492,FEM,53.57,27.12,18.39,20211112_120550_043300_1.txt
30677010,30681490,MAL,40.74,20.73,13.72,20211112_120550_043300_1.txt
30680993,30683492,FEM,24.51,12.36,8.09,20211112_120550_043300_1.txt
30682511,30687633,MAL,46.57,24.02,15.83,20211112_120550_043300_1.txt
30687736,30687864,MAL,8.8,4.19,2.56,20211112_120550_043300_1.txt
30688195,30688991,MAL,11.83,5.78,3.68,20211112_120550_043300_1.txt
30688492,30721317,FEM,283.38,145.51,97.59,20211112_120550_043300_1.txt
30694496,30694626,MAL,9.76,4.74,2.88,20211112_120550_043300_1.txt
30694785,30694912,MAL,9.1,4.38,2.66,20211112_120550_043300_1.txt
30702599,30703524,MAL,12.66,6.04,3.87,20211112_120550_043300_1.txt
30724372,30727182,MAL,22.67,10.81,7.53,20211112_120550_043300_1.txt
30726010,30726285,FEM,8.43,3.93,2.46,20211112_120550_043300_1.txt
30726386,30739491,FEM,100.93,51.37,35.33,20211112_120550_043300_1.txt
30731516,30733074,MAL,19.17,9.4,6.04,20211112_120550_043300_1.txt
30734638,30734773,MAL,9.21,4.44,2.7,20211112_120550_043300_1.txt
30741174,30746355,MAL,41.59,20.84,14.23,20211112_120550_043300_1.txt
30748147,30749531,MAL,11.57,5.29,3.64,20211112_120550_043300_1.txt
30751839,30751967,MAL,9.97,4.82,2.95,20211112_120550_043300_1.txt
30753454,30754483,FEM,11.98,5.6,3.72,20211112_120550_043300_1.txt
30756181,30762352,MAL,44.84,21.89,15.48,20211112_120550_043300_1.txt
30761856,30764011,FEM,22.85,11.1,7.32,20211112_120550_043300_1.txt
30763511,30768511,MAL,42.17,20.97,14.24,20211112_120550_043300_1.txt
30770012,30772990,MAL,23.68,11.23,7.84,20211112_120550_043300_1.txt
30771676,30776511,FEM,41.44,20.28,13.81,20211112_120550_043300_1.txt
30775992,30777931,MAL,16.5,7.6,5.27,20211112_120550_043300_1.txt
30778532,30778920,MAL,9.12,4.27,2.66,20211112_120550_043300_1.txt
30778709,30784399,FEM,50.27,25.65,17.1,20211112_120550_043300_1.txt
30784512,30787720,MAL,26.34,12.88,8.82,20211112_120550_043300_1.txt
30784796,30785137,FEM,9.58,4.6,2.86,20211112_120550_043300_1.txt
30785252,30785355,FEM,8.83,4.23,2.56,20211112_120550_043300_1.txt
30786510,30788594,FEM,17.85,8.4,5.8,20211112_120550_043300_1.txt
30792511,30794298,MAL,15.23,7.22,4.93,20211112_120550_043300_1.txt
30794992,30798750,FEM,25.95,12.26,8.78,20211112_120550_043300_1.txt
30800736,30802844,MAL,15.08,6.93,4.93,20211112_120550_043300_1.txt
30803441,30805166,FEM,12.19,5.34,3.91,20211112_120550_043300_1.txt
30807609,30808481,MAL,11.14,5.16,3.41,20211112_120550_043300_1.txt
30811011,30815512,MAL,39.88,20.03,13.39,20211112_120550_043300_1.txt
30816998,30819011,FEM,20.68,9.89,6.57,20211112_120550_043300_1.txt
30817012,30818939,MAL,19.37,9.25,6.17,20211112_120550_043300_1.txt
30819224,30819481,FEM,8.17,3.83,2.37,20211112_120550_043300_1.txt
30824012,30825993,MAL,12.36,5.1,4.01,20211112_120550_043300_1.txt
30828033,30831295,FEM,23.87,11.54,8.06,20211112_120550_043300_1.txt
30835013,30835990,FEM,7.72,3.24,2.34,20211112_120550_043300_1.txt
30835620,30836622,MAL,10.62,4.93,3.26,20211112_120550_043300_1.txt
30839057,30843377,MAL,25.47,11.51,8.66,20211112_120550_043300_1.txt
30843560,30845894,MAL,21.41,10.41,6.87,20211112_120550_043300_1.txt
30846341,30846792,FEM,6.23,2.68,1.76,20211112_120550_043300_1.txt
30847110,30850122,MAL,22.2,10.63,7.41,20211112_120550_043300_1.txt
30850330,30850506,MAL,7.94,3.7,2.28,20211112_120550_043300_1.txt
30853540,30853822,FEM,8.56,4.02,2.51,20211112_120550_043300_1.txt
30858086,30861010,MAL,23.6,11.3,7.8,20211112_120550_043300_1.txt
30865492,30866182,MAL,7.0,2.99,2.06,20211112_120550_043300_1.txt
30878504,30878966,MAL,7.01,3.12,2.02,20211112_120550_043300_1.txt
30880401,30880725,MAL,7.08,3.21,2.02,20211112_120550_043300_1.txt
30884993,30886318,FEM,12.59,5.93,3.97,20211112_120550_043300_1.txt
30909511,30912012,FEM,16.72,7.49,5.55,20211112_120550_043300_1.txt
30914492,30914688,FEM,2.93,0.86,0.62,20211112_120550_043300_1.txt
30918660,30918873,MAL,6.42,2.87,1.78,20211112_120550_043300_1.txt
30921465,30922221,FEM,7.76,3.27,2.32,20211112_120550_043300_1.txt
30922790,30923492,FEM,5.12,1.94,1.43,20211112_120550_043300_1.txt
30924280,30925493,FEM,5.9,2.02,1.78,20211112_120550_043300_1.txt
30925987,30926380,FEM,2.92,0.8,0.65,20211112_120550_043300_1.txt
30928252,30931492,FEM,16.88,6.84,5.62,20211112_120550_043300_1.txt
30941320,30943526,FEM,12.79,5.43,4.19,20211112_120550_043300_1.txt
30944967,30945512,FEM,4.23,1.45,1.11,20211112_120550_043300_1.txt
30945051,30947732,MAL,16.7,7.21,5.57,20211112_120550_043300_1.txt
30952262,30963511,FEM,94.07,46.92,31.79,20211112_120550_043300_1.txt
30964481,30968396,FEM,27.37,13.2,9.33,20211112_120550_043300_1.txt
30968511,30969505,FEM,11.47,5.25,3.54,20211112_120550_043300_1.txt
30973460,30974992,FEM,9.51,3.9,2.98,20211112_120550_043300_1.txt
30975448,30976992,FEM,8.82,3.47,2.7,20211112_120550_043300_1.txt
30978784,30983511,FEM,35.24,16.57,11.72,20211112_120550_043300_1.txt
30986773,30986989,MAL,10.16,4.92,3.03,20211112_120550_043300_1.txt
30987213,30988198,FEM,10.05,4.43,3.02,20211112_120550_043300_1.txt
30987510,30989491,MAL,17.26,7.75,5.43,20211112_120550_043300_1.txt
30991154,30991851,FEM,5.29,2.07,1.49,20211112_120550_043300_1.txt
30992821,30996409,FEM,26.06,12.59,8.84,20211112_120550_043300_1.txt
31000605,31003491,MAL,21.27,9.76,7.07,20211112_120550_043300_1.txt
31002510,31004073,FEM,11.27,4.8,3.52,20211112_120550_043300_1.txt
31004831,31006162,FEM,14.66,7.01,4.61,20211112_120550_043300_1.txt
31008511,31011213,FEM,17.72,8.01,5.91,20211112_120550_043300_1.txt
31011856,31012489,FEM,4.86,1.77,1.33,20211112_120550_043300_1.txt
31012860,31012988,MAL,6.62,2.99,1.83,20211112_120550_043300_1.txt
31013167,31013305,FEM,5.49,2.31,1.46,20211112_120550_043300_1.txt
31013587,31014954,FEM,10.15,4.46,3.17,20211112_120550_043300_1.txt
31020501,31021367,MAL,6.9,2.86,2.05,20211112_120550_043300_1.txt
31023093,31023274,MAL,8.34,3.93,2.41,20211112_120550_043300_1.txt
31023138,31023511,FEM,8.38,3.92,2.46,20211112_120550_043300_1.txt
31031270,31032856,FEM,10.35,4.54,3.27,20211112_120550_043300_1.txt
31032011,31032787,MAL,4.48,1.58,1.23,20211112_120550_043300_1.txt
31034446,31037531,FEM,23.02,11.12,7.69,20211112_120550_043300_1.txt
31035226,31035396,MAL,7.91,3.69,2.27,20211112_120550_043300_1.txt
31038645,31038993,FEM,5.13,2.13,1.37,20211112_120550_043300_1.txt
31039671,31041492,FEM,15.28,7.25,4.9,20211112_120550_043300_1.txt
31044679,31050590,FEM,53.38,27.0,17.81,20211112_120550_043300_1.txt
31061492,31063993,FEM,20.64,10.06,6.8,20211112_120550_043300_1.txt
31064950,31066303,FEM,15.49,7.45,4.79,20211112_120550_043300_1.txt
31065096,31065491,MAL,6.43,2.78,1.77,20211112_120550_043300_1.txt
31067012,31070161,FEM,24.4,11.82,8.16,20211112_120550_043300_1.txt
31070993,31072493,FEM,17.49,8.29,5.37,20211112_120550_043300_1.txt
31073686,31074992,FEM,11.79,5.42,3.7,20211112_120550_043300_1.txt
31075309,31078492,FEM,25.65,12.72,8.59,20211112_120550_043300_1.txt
31079612,31084492,FEM,35.1,17.01,12.02,20211112_120550_043300_1.txt
31084437,31086239,MAL,15.07,6.81,4.77,20211112_120550_043300_1.txt
31088610,31089992,FEM,13.38,6.18,4.19,20211112_120550_043300_1.txt
31092795,31094098,FEM,14.61,7.11,4.64,20211112_120550_043300_1.txt
31095578,31095696,FEM,7.97,3.75,2.28,20211112_120550_043300_1.txt
31097373,31097992,FEM,10.06,4.82,3.06,20211112_120550_043300_1.txt
31099012,31101015,FEM,17.24,8.3,5.64,20211112_120550_043300_1.txt
31101800,31103310,FEM,11.42,5.18,3.61,20211112_120550_043300_1.txt
31103511,31104989,FEM,16.64,8.07,5.3,20211112_120550_043300_1.txt
31117893,31119275,MAL,12.73,5.98,4.03,20211112_120550_043300_1.txt
31121493,31121743,MAL,10.09,4.88,3.01,20211112_120550_043300_1.txt
31122993,31123992,FEM,5.93,2.22,1.75,20211112_120550_043300_1.txt
31124512,31129011,FEM,33.84,16.78,11.53,20211112_120550_043300_1.txt
31131501,31137006,MAL,46.78,23.54,15.7,20211112_120550_043300_1.txt
31138493,31140548,FEM,22.37,10.94,6.93,20211112_120550_043300_1.txt
31139637,31142491,MAL,26.27,13.05,8.52,20211112_120550_043300_1.txt
31140944,31141295,FEM,3.63,1.3,0.88,20211112_120550_043300_1.txt
31142492,31151993,FEM,87.05,44.41,29.21,20211112_120550_043300_1.txt
31144492,31145974,MAL,11.7,5.25,3.65,20211112_120550_043300_1.txt
31154293,31154428,FEM,3.5,1.26,0.8,20211112_120550_043300_1.txt
31155492,31159491,FEM,31.38,15.89,10.69,20211112_120550_043300_1.txt
31158516,31159488,MAL,9.48,4.31,2.88,20211112_120550_043300_1.txt
31160175,31160421,MAL,4.21,1.62,1.05,20211112_120550_043300_1.txt
31161073,31175388,FEM,139.5,71.56,46.6,20211112_120550_043300_1.txt
31161675,31161991,MAL,4.89,2.01,1.29,20211112_120550_043300_1.txt
31176011,31177012,MAL,12.24,5.84,3.8,20211112_120550_043300_1.txt
31179511,31179992,FEM,5.04,1.98,1.37,20211112_120550_043300_1.txt
31180493,31181538,FEM,10.22,4.71,3.14,20211112_120550_043300_1.txt
31183490,31186011,FEM,22.41,10.9,7.23,20211112_120550_043300_1.txt
31186510,31188010,FEM,12.77,5.94,4.01,20211112_120550_043300_1.txt
31190810,31191207,FEM,4.95,2.01,1.32,20211112_120550_043300_1.txt
31191384,31192012,MAL,5.44,2.2,1.53,20211112_120550_043300_1.txt
31192118,31197992,FEM,58.21,29.69,19.15,20211112_120550_043300_1.txt
31197233,31198748,MAL,14.3,6.88,4.52,20211112_120550_043300_1.txt
31198903,31204494,FEM,53.78,27.19,17.73,20211112_120550_043300_1.txt
31216659,31220491,FEM,35.75,17.85,11.69,20211112_120550_043300_1.txt
31223171,31226011,FEM,22.8,11.4,7.63,20211112_120550_043300_1.txt
31226767,31228205,MAL,14.54,6.88,4.48,20211112_120550_043300_1.txt
31229894,31231511,FEM,12.22,5.64,3.9,20211112_120550_043300_1.txt
31232513,31234012,FEM,11.88,5.63,3.77,20211112_120550_043300_1.txt
31233011,31233831,MAL,7.15,3.12,2.08,20211112_120550_043300_1.txt
31236511,31238447,FEM,15.47,7.36,5.03,20211112_120550_043300_1.txt
31245095,31245510,FEM,6.42,2.79,1.82,20211112_120550_043300_1.txt
31247365,31249122,FEM,14.48,6.74,4.62,20211112_120550_043300_1.txt
31248492,31248862,MAL,7.11,3.2,2.04,20211112_120550_043300_1.txt
31249517,31251071,MAL,16.17,7.78,5.15,20211112_120550_043300_1.txt
31250583,31251012,FEM,8.33,3.89,2.45,20211112_120550_043300_1.txt
31251992,31253992,FEM,19.71,9.46,6.2,20211112_120550_043300_1.txt
31258511,31260501,MAL,17.49,8.51,5.72,20211112_120550_043300_1.txt
31260377,31262535,FEM,18.26,8.87,6.0,20211112_120550_043300_1.txt
31262011,31263491,MAL,13.62,6.51,4.29,20211112_120550_043300_1.txt
31262655,31263511,FEM,8.73,3.92,2.56,20211112_120550_043300_1.txt
31267510,31268011,FEM,5.52,2.33,1.53,20211112_120550_043300_1.txt
31268511,31271511,FEM,27.64,13.45,8.85,20211112_120550_043300_1.txt
31277011,31279492,FEM,21.74,10.59,7.11,20211112_120550_043300_1.txt
31283543,31284166,FEM,7.22,3.16,2.12,20211112_120550_043300_1.txt
31296512,31296964,MAL,5.71,2.35,1.59,20211112_120550_043300_1.txt
31297826,31298859,MAL,9.74,4.39,2.97,20211112_120550_043300_1.txt
31305747,31307510,FEM,13.55,6.29,4.32,20211112_120550_043300_1.txt
31307970,31309199,FEM,6.4,2.44,1.95,20211112_120550_043300_1.txt
31311176,31312511,FEM,10.63,4.95,3.32,20211112_120550_043300_1.txt
31313073,31314840,FEM,13.25,6.18,4.27,20211112_120550_043300_1.txt
31313694,31314288,MAL,4.83,1.88,1.32,20211112_120550_043300_1.txt
31315037,31317281,FEM,19.86,9.82,6.55,20211112_120550_043300_1.txt
31317511,31321991,FEM,40.98,20.69,13.65,20211112_120550_043300_1.txt
31322992,31326991,FEM,32.86,16.33,11.02,20211112_120550_043300_1.txt
31328510,31329291,FEM,9.52,4.38,2.86,20211112_120550_043300_1.txt
31330216,31332511,FEM,19.38,9.52,6.4,20211112_120550_043300_1.txt
31337511,31338510,MAL,8.58,3.84,2.58,20211112_120550_043300_1.txt
31338115,31340010,FEM,15.54,7.39,5.05,20211112_120550_043300_1.txt
31341013,31341177,MAL,4.31,1.7,1.07,20211112_120550_043300_1.txt
31350011,31352708,MAL,18.64,8.65,6.17,20211112_120550_043300_1.txt
31354324,31359641,MAL,39.88,19.14,13.37,20211112_120550_043300_1.txt
31360492,31361521,MAL,3.42,0.65,0.92,20211112_120550_043300_1.txt
31362992,31364906,MAL,16.61,7.71,5.41,20211112_120550_043300_1.txt
31364741,31365863,FEM,12.84,6.2,4.02,20211112_120550_043300_1.txt
31365190,31367092,MAL,18.68,9.15,6.1,20211112_120550_043300_1.txt
31368511,31369981,MAL,6.97,2.39,2.13,20211112_120550_043300_1.txt
31370968,31372622,MAL,10.86,4.58,3.4,20211112_120550_043300_1.txt
31377896,31378098,MAL,7.23,3.32,2.05,20211112_120550_043300_1.txt
31381476,31382929,MAL,10.68,4.52,3.25,20211112_120550_043300_1.txt
31387358,31387471,MAL,5.62,2.41,1.5,20211112_120550_043300_1.txt
31387615,31387831,MAL,4.65,1.83,1.19,20211112_120550_043300_1.txt
31395269,31395492,FEM,6.77,3.07,1.9,20211112_120550_043300_1.txt
31400021,31400483,MAL,3.24,1.05,0.77,20211112_120550_043300_1.txt
31403487,31404299,FEM,6.69,2.85,1.92,20211112_120550_043300_1.txt
31406967,31407691,FEM,9.23,4.29,2.75,20211112_120550_043300_1.txt
31421944,31427783,FEM,53.03,26.26,17.47,20211112_120550_043300_1.txt
31431348,31432335,MAL,7.91,3.5,2.41,20211112_120550_043300_1.txt
31432879,31434323,FEM,12.85,5.98,4.03,20211112_120550_043300_1.txt
31434492,31436492,MAL,16.34,7.52,5.33,20211112_120550_043300_1.txt
31445283,31446510,FEM,8.36,3.59,2.55,20211112_120550_043300_1.txt
31449970,31451011,FEM,7.55,3.38,2.3,20211112_120550_043300_1.txt
31460248,31461039,FEM,7.16,3.1,2.07,20211112_120550_043300_1.txt
31469459,31469992,FEM,5.43,2.25,1.51,20211112_120550_043300_1.txt
31477019,31478511,FEM,10.8,4.75,3.35,20211112_120550_043300_1.txt
31479740,31480709,FEM,9.32,4.11,2.82,20211112_120550_043300_1.txt
31481195,31491492,FEM,93.79,47.47,31.43,20211112_120550_043300_1.txt
31498797,31498907,FEM,4.05,1.57,0.98,20211112_120550_043300_1.txt
31508131,31508679,MAL,10.83,5.23,3.31,20211112_120550_043300_1.txt
31516572,31516859,MAL,7.11,3.22,2.02,20211112_120550_043300_1.txt
31520011,31522988,MAL,28.22,13.89,9.09,20211112_120550_043300_1.txt
31524010,31525156,FEM,10.4,4.79,3.21,20211112_120550_043300_1.txt
31525576,31526513,FEM,7.35,3.15,2.16,20211112_120550_043300_1.txt
31526952,31528348,FEM,12.13,5.55,3.78,20211112_120550_043300_1.txt
31528511,31528619,FEM,13.29,6.69,4.05,20211112_120550_043300_1.txt
31528745,31529712,FEM,10.07,4.57,3.02,20211112_120550_043300_1.txt
31528781,31530511,MAL,17.64,8.39,5.46,20211112_120550_043300_1.txt
31529898,31530492,FEM,7.03,3.07,2.0,20211112_120550_043300_1.txt
31531012,31532993,FEM,16.59,7.88,5.36,20211112_120550_043300_1.txt
31533349,31534424,MAL,11.2,5.21,3.47,20211112_120550_043300_1.txt
31535504,31536395,FEM,7.91,3.45,2.34,20211112_120550_043300_1.txt
31539993,31540511,FEM,10.12,4.83,3.07,20211112_120550_043300_1.txt
31542510,31544876,MAL,19.0,8.83,6.28,20211112_120550_043300_1.txt
31546172,31547016,MAL,9.24,4.22,2.72,20211112_120550_043300_1.txt
31546908,31547721,FEM,7.07,3.1,2.1,20211112_120550_043300_1.txt
31547571,31547865,MAL,3.72,1.32,0.9,20211112_120550_043300_1.txt
31548013,31548691,MAL,9.19,4.25,2.73,20211112_120550_043300_1.txt
31550978,31551548,MAL,9.54,4.42,2.83,20211112_120550_043300_1.txt
31552345,31556491,MAL,33.36,16.72,11.37,20211112_120550_043300_1.txt
31556993,31561993,MAL,46.53,22.88,15.21,20211112_120550_043300_1.txt
31565492,31575096,FEM,75.68,38.89,26.39,20211112_120550_043300_1.txt
31570285,31570466,MAL,4.92,2.03,1.28,20211112_120550_043300_1.txt
31574510,31575269,MAL,10.13,4.73,3.06,20211112_120550_043300_1.txt
31576510,31576820,FEM,6.83,3.03,1.93,20211112_120550_043300_1.txt
31577872,31579992,FEM,17.07,7.83,5.49,20211112_120550_043300_1.txt
31578188,31582992,MAL,34.6,16.32,11.68,20211112_120550_043300_1.txt
31581984,31582448,FEM,7.83,3.57,2.29,20211112_120550_043300_1.txt
31585251,31586485,FEM,11.9,5.57,3.73,20211112_120550_043300_1.txt
31587011,31592127,FEM,37.46,18.29,12.79,20211112_120550_043300_1.txt
31593124,31593413,MAL,8.56,4.02,2.51,20211112_120550_043300_1.txt
31596510,31600681,FEM,36.41,17.84,11.97,20211112_120550_043300_1.txt
31602511,31614661,FEM,107.88,53.93,36.12,20211112_120550_043300_1.txt
31618991,31630491,FEM,115.51,59.38,38.45,20211112_120550_043300_1.txt
31619211,31619365,MAL,8.94,4.28,2.61,20211112_120550_043300_1.txt
31620669,31622475,MAL,15.81,7.72,5.13,20211112_120550_043300_1.txt
31632010,31633151,FEM,10.56,4.92,3.27,20211112_120550_043300_1.txt
31633973,31637512,FEM,31.14,15.32,10.21,20211112_120550_043300_1.txt
31637010,31639676,MAL,24.06,11.84,7.86,20211112_120550_043300_1.txt
31639005,31649493,FEM,97.36,48.93,32.39,20211112_120550_043300_1.txt
31642993,31643957,MAL,9.83,4.42,2.99,20211112_120550_043300_1.txt
31647459,31649221,MAL,18.45,8.77,5.73,20211112_120550_043300_1.txt
31650991,31656992,FEM,54.39,26.99,17.95,20211112_120550_043300_1.txt
31657993,31664993,FEM,56.43,28.54,19.32,20211112_120550_043300_1.txt
31658101,31658491,MAL,4.37,1.68,1.13,20211112_120550_043300_1.txt
31665237,31668025,FEM,24.29,11.48,7.8,20211112_120550_043300_1.txt
31668612,31668821,MAL,5.77,2.49,1.56,20211112_120550_043300_1.txt
31669010,31670974,FEM,14.02,6.19,4.5,20211112_120550_043300_1.txt
31672313,31675820,FEM,24.17,11.06,8.09,20211112_120550_043300_1.txt
31672762,31672939,MAL,6.27,2.75,1.72,20211112_120550_043300_1.txt
31673054,31673172,MAL,7.74,3.61,2.21,20211112_120550_043300_1.txt
31679011,31681011,FEM,18.06,8.53,5.7,20211112_120550_043300_1.txt
31683700,31685112,FEM,13.01,6.12,4.07,20211112_120550_043300_1.txt
31683845,31684974,MAL,10.72,4.9,3.27,20211112_120550_043300_1.txt
31685794,31687011,MAL,9.22,3.98,2.88,20211112_120550_043300_1.txt
31687335,31689382,FEM,19.67,9.39,6.19,20211112_120550_043300_1.txt
31688219,31689010,MAL,9.3,4.2,2.73,20211112_120550_043300_1.txt
31694011,31694384,FEM,7.0,3.16,2.0,20211112_120550_043300_1.txt
31694993,31696591,FEM,16.13,7.75,5.14,20211112_120550_043300_1.txt
31702492,31704510,FEM,20.39,10.02,6.63,20211112_120550_043300_1.txt
31705271,31706149,MAL,12.14,5.75,3.75,20211112_120550_043300_1.txt
31707712,31711367,FEM,33.97,16.91,11.17,20211112_120550_043300_1.txt
31713491,31716010,MAL,21.27,10.43,7.06,20211112_120550_043300_1.txt
31714153,31714528,FEM,7.9,3.66,2.3,20211112_120550_043300_1.txt
31716512,31716674,MAL,12.2,6.09,3.7,20211112_120550_043300_1.txt
31716993,31719663,MAL,25.04,12.36,8.29,20211112_120550_043300_1.txt
31719973,31720712,FEM,12.34,5.92,3.79,20211112_120550_043300_1.txt
31729523,31730274,MAL,11.94,5.69,3.61,20211112_120550_043300_1.txt
31730913,31731973,MAL,12.92,6.24,4.04,20211112_120550_043300_1.txt
31732992,31733257,MAL,8.59,4.05,2.51,20211112_120550_043300_1.txt
31733492,31733632,MAL,9.92,4.81,2.93,20211112_120550_043300_1.txt
31734013,31741116,MAL,63.38,32.44,21.55,20211112_120550_043300_1.txt
31740992,31741142,FEM,10.51,5.16,3.13,20211112_120550_043300_1.txt
31741298,31741413,MAL,11.35,5.57,3.41,20211112_120550_043300_1.txt
31743355,31744329,MAL,11.7,5.48,3.57,20211112_120550_043300_1.txt
31743510,31752493,FEM,75.44,37.79,25.62,20211112_120550_043300_1.txt
31745387,31745800,MAL,8.56,4.01,2.53,20211112_120550_043300_1.txt
31746398,31746543,MAL,8.53,4.03,2.47,20211112_120550_043300_1.txt
31747236,31747339,MAL,7.36,3.42,2.08,20211112_120550_043300_1.txt
31751492,31752724,MAL,12.67,5.76,3.98,20211112_120550_043300_1.txt
31752878,31752989,MAL,10.41,5.1,3.09,20211112_120550_043300_1.txt
31756492,31758519,MAL,18.2,8.72,5.96,20211112_120550_043300_1.txt
31757628,31761011,FEM,29.65,14.22,9.69,20211112_120550_043300_1.txt
31758666,31759657,MAL,10.97,5.0,3.37,20211112_120550_043300_1.txt
31763136,31764577,FEM,12.08,5.64,3.82,20211112_120550_043300_1.txt
31768683,31770531,FEM,12.33,5.39,3.92,20211112_120550_043300_1.txt
31770335,31774473,MAL,34.81,17.48,11.85,20211112_120550_043300_1.txt
31776774,31779992,FEM,23.75,11.45,7.9,20211112_120550_043300_1.txt
31780601,31783510,FEM,25.94,13.05,8.63,20211112_120550_043300_1.txt
31783195,31784990,MAL,20.09,9.88,6.45,20211112_120550_043300_1.txt
31784793,31785510,FEM,9.96,4.77,3.05,20211112_120550_043300_1.txt
31785581,31786809,MAL,14.6,6.95,4.63,20211112_120550_043300_1.txt
31791012,31794981,MAL,31.13,15.27,10.54,20211112_120550_043300_1.txt
31800359,31803493,FEM,27.02,13.35,9.03,20211112_120550_043300_1.txt
31802011,31812085,MAL,84.43,43.07,29.01,20211112_120550_043300_1.txt
31809073,31809272,FEM,9.82,4.7,2.91,20211112_120550_043300_1.txt
31809512,31809934,FEM,6.64,2.82,1.84,20211112_120550_043300_1.txt
31810764,31810933,FEM,7.84,3.65,2.25,20211112_120550_043300_1.txt
31814993,31821181,MAL,47.61,23.35,16.3,20211112_120550_043300_1.txt
31819574,31819744,FEM,12.5,6.2,3.8,20211112_120550_043300_1.txt
31819989,31822340,FEM,20.48,9.73,6.72,20211112_120550_043300_1.txt
31827538,31830874,MAL,26.62,12.77,8.88,20211112_120550_043300_1.txt
31828992,31829105,FEM,8.48,4.03,2.45,20211112_120550_043300_1.txt
31829510,31831992,FEM,20.16,9.58,6.64,20211112_120550_043300_1.txt
31831010,31840988,MAL,71.17,34.75,24.68,20211112_120550_043300_1.txt
31832511,31834992,FEM,18.73,8.9,6.21,20211112_120550_043300_1.txt
31836775,31836949,FEM,7.34,3.37,2.08,20211112_120550_043300_1.txt
31838105,31838574,FEM,8.38,3.81,2.43,20211112_120550_043300_1.txt
31840908,31842673,FEM,17.83,8.51,5.69,20211112_120550_043300_1.txt
31842838,31848338,FEM,39.0,18.49,13.21,20211112_120550_043300_1.txt
31852749,31854680,FEM,16.89,8.06,5.51,20211112_120550_043300_1.txt
31854511,31858004,MAL,29.37,14.33,9.82,20211112_120550_043300_1.txt
31857511,31859992,FEM,19.67,9.11,6.52,20211112_120550_043300_1.txt
31862639,31863483,FEM,7.1,3.04,2.11,20211112_120550_043300_1.txt
31870292,31870572,MAL,8.14,3.74,2.36,20211112_120550_043300_1.txt
31878993,31887800,FEM,58.0,27.86,20.31,20211112_120550_043300_1.txt
31889492,31895938,FEM,50.08,25.34,17.32,20211112_120550_043300_1.txt
31897940,31898991,FEM,12.26,5.7,3.81,20211112_120550_043300_1.txt
31898435,31900698,MAL,16.98,7.63,5.54,20211112_120550_043300_1.txt
31908129,31914012,FEM,45.78,22.97,15.8,20211112_120550_043300_1.txt
31914115,31914561,FEM,9.88,4.73,2.98,20211112_120550_043300_1.txt
31915991,31917992,FEM,17.56,8.06,5.69,20211112_120550_043300_1.txt
31917081,31917575,MAL,11.32,5.41,3.41,20211112_120550_043300_1.txt
31921992,31924511,FEM,20.36,9.89,6.76,20211112_120550_043300_1.txt
31923685,31924561,MAL,11.33,5.25,3.42,20211112_120550_043300_1.txt
31925510,31929282,FEM,28.57,13.84,9.65,20211112_120550_043300_1.txt
31929245,31930894,MAL,16.59,7.74,5.31,20211112_120550_043300_1.txt
31932512,31934491,FEM,19.06,8.76,6.03,20211112_120550_043300_1.txt
31933975,31934436,MAL,9.24,4.31,2.76,20211112_120550_043300_1.txt
31934871,31936339,FEM,11.28,4.92,3.56,20211112_120550_043300_1.txt
31937163,31949011,FEM,91.96,46.96,32.19,20211112_120550_043300_1.txt
31951079,31952012,FEM,12.52,5.94,3.88,20211112_120550_043300_1.txt
31952151,31952510,FEM,5.85,2.4,1.62,20211112_120550_043300_1.txt
31954610,31957511,FEM,21.5,10.22,7.26,20211112_120550_043300_1.txt
31963989,31965584,FEM,16.78,8.17,5.41,20211112_120550_043300_1.txt
31970086,31970511,FEM,6.86,3.05,1.96,20211112_120550_043300_1.txt
31971011,31971492,FEM,6.63,2.84,1.9,20211112_120550_043300_1.txt
31971993,31976232,FEM,30.79,14.83,10.42,20211112_120550_043300_1.txt
31990182,31991810,FEM,14.03,6.68,4.5,20211112_120550_043300_1.txt
31992619,31993799,MAL,11.37,5.33,3.54,20211112_120550_043300_1.txt
31993991,31995081,MAL,11.82,5.59,3.73,20211112_120550_043300_1.txt
31995010,31996991,FEM,16.7,7.86,5.4,20211112_120550_043300_1.txt
31997147,32000137,MAL,27.53,13.63,8.91,20211112_120550_043300_1.txt
31998512,32000993,FEM,26.25,12.92,8.3,20211112_120550_043300_1.txt
32003512,32005620,MAL,16.71,8.08,5.48,20211112_120550_043300_1.txt
32010756,32011011,FEM,7.69,3.53,2.21,20211112_120550_043300_1.txt
32014492,32017450,FEM,26.31,13.0,8.56,20211112_120550_043300_1.txt
32015655,32015966,MAL,4.19,1.61,1.06,20211112_120550_043300_1.txt
32016492,32016598,MAL,4.18,1.64,1.02,20211112_120550_043300_1.txt
32016735,32033011,MAL,151.74,77.83,51.16,20211112_120550_043300_1.txt
32033311,32033416,MAL,8.95,4.3,2.61,20211112_120550_043300_1.txt
32044511,32053011,MAL,61.02,30.22,21.21,20211112_120550_043300_1.txt
32060991,32067510,MAL,62.21,31.63,20.64,20211112_120550_043300_1.txt
32073465,32075011,FEM,16.1,7.9,5.18,20211112_120550_043300_1.txt
32074512,32077992,MAL,28.78,14.15,9.52,20211112_120550_043300_1.txt
32080011,32085970,MAL,52.9,26.37,17.55,20211112_120550_043300_1.txt
32086685,32089810,MAL,24.78,12.21,8.29,20211112_120550_043300_1.txt
32089495,32091512,FEM,17.29,8.25,5.6,20211112_120550_043300_1.txt
32091010,32093445,MAL,18.56,8.85,6.15,20211112_120550_043300_1.txt
32093012,32096512,FEM,27.79,13.45,9.3,20211112_120550_043300_1.txt
32102492,32103511,FEM,14.42,7.01,4.48,20211112_120550_043300_1.txt
32103049,32103437,MAL,9.9,4.75,2.97,20211112_120550_043300_1.txt
32105492,32106285,FEM,10.67,4.97,3.24,20211112_120550_043300_1.txt
32111135,32111309,FEM,8.76,4.15,2.55,20211112_120550_043300_1.txt
32111478,32112477,FEM,11.94,5.54,3.7,20211112_120550_043300_1.txt
32111605,32111716,MAL,9.3,4.48,2.72,20211112_120550_043300_1.txt
32111826,32116490,MAL,36.55,18.26,12.52,20211112_120550_043300_1.txt
32112680,32112992,FEM,9.96,4.81,2.98,20211112_120550_043300_1.txt
32115012,32119531,FEM,37.48,18.74,12.7,20211112_120550_043300_1.txt
32118842,32120065,MAL,13.24,6.26,4.12,20211112_120550_043300_1.txt
32121471,32121787,FEM,4.28,1.66,1.09,20211112_120550_043300_1.txt
32125493,32126215,MAL,7.91,3.46,2.31,20211112_120550_043300_1.txt
32127492,32129510,MAL,17.93,8.64,5.87,20211112_120550_043300_1.txt
32134506,32139464,MAL,36.86,18.05,12.62,20211112_120550_043300_1.txt
32146511,32148730,MAL,20.51,9.56,6.5,20211112_120550_043300_1.txt
32150010,32152011,MAL,14.8,6.92,4.82,20211112_120550_043300_1.txt
32152039,32152992,FEM,9.43,4.25,2.86,20211112_120550_043300_1.txt
32152256,32152489,MAL,5.1,2.1,1.35,20211112_120550_043300_1.txt
32152837,32153991,MAL,11.6,5.47,3.56,20211112_120550_043300_1.txt
32155010,32156255,FEM,11.5,5.29,3.6,20211112_120550_043300_1.txt
32156084,32158992,MAL,21.16,9.68,7.04,20211112_120550_043300_1.txt
32159492,32163510,FEM,33.15,16.28,11.07,20211112_120550_043300_1.txt
32163482,32164984,MAL,11.05,4.78,3.38,20211112_120550_043300_1.txt
32168985,32170011,MAL,7.51,3.22,2.23,20211112_120550_043300_1.txt
32173511,32184991,MAL,101.49,50.5,33.93,20211112_120550_043300_1.txt
32185210,32189991,MAL,35.55,17.5,12.2,20211112_120550_043300_1.txt
32189992,32192766,FEM,25.89,12.73,8.54,20211112_120550_043300_1.txt
32194010,32196511,MAL,18.59,8.71,6.12,20211112_120550_043300_1.txt
32199491,32199827,MAL,5.23,2.17,1.41,20211112_120550_043300_1.txt
32199515,32199756,FEM,5.0,2.07,1.31,20211112_120550_043300_1.txt
32201012,32204087,MAL,25.92,13.05,8.71,20211112_120550_043300_1.txt
32205511,32210147,FEM,35.85,17.71,12.28,20211112_120550_043300_1.txt
32217991,32219825,FEM,11.75,5.17,3.78,20211112_120550_043300_1.txt
32222796,32224011,FEM,13.09,6.25,4.12,20211112_120550_043300_1.txt
32223523,32226380,MAL,25.11,12.46,8.4,20211112_120550_043300_1.txt
32227511,32231490,MAL,35.39,17.03,11.49,20211112_120550_043300_1.txt
32234868,32262990,MAL,246.92,125.77,84.18,20211112_120550_043300_1.txt
32237011,32238493,FEM,13.37,6.25,4.21,20211112_120550_043300_1.txt
32262725,32263275,FEM,5.66,2.41,1.59,20211112_120550_043300_1.txt
32263137,32265950,MAL,22.18,10.45,7.31,20211112_120550_043300_1.txt
32266492,32268993,MAL,19.36,9.1,6.37,20211112_120550_043300_1.txt
32268382,32268512,FEM,6.62,2.94,1.83,20211112_120550_043300_1.txt
32269992,32276344,MAL,54.43,26.59,18.02,20211112_120550_043300_1.txt
32274511,32274992,FEM,4.94,2.02,1.34,20211112_120550_043300_1.txt
32276674,32278670,MAL,12.6,5.47,4.09,20211112_120550_043300_1.txt
32282511,32286011,MAL,30.44,15.02,10.02,20211112_120550_043300_1.txt
32289011,32294212,MAL,48.71,24.12,15.97,20211112_120550_043300_1.txt
32294896,32297491,MAL,21.55,10.17,7.07,20211112_120550_043300_1.txt
32298455,32300569,MAL,18.71,8.76,5.93,20211112_120550_043300_1.txt
32300206,32300429,FEM,8.03,3.75,2.32,20211112_120550_043300_1.txt
32301015,32303011,MAL,14.42,6.45,4.64,20211112_120550_043300_1.txt
32305497,32307011,MAL,11.94,5.57,3.84,20211112_120550_043300_1.txt
32308991,32309106,MAL,5.09,2.15,1.32,20211112_120550_043300_1.txt
32309341,32309977,MAL,5.88,2.47,1.68,20211112_120550_043300_1.txt
32313011,32317903,MAL,44.78,22.31,14.72,20211112_120550_043300_1.txt
32318040,32320489,MAL,20.97,10.49,7.01,20211112_120550_043300_1.txt
32326761,32327942,FEM,10.67,5.02,3.31,20211112_120550_043300_1.txt
32327512,32328477,MAL,10.6,5.01,3.25,20211112_120550_043300_1.txt
32331488,32332349,FEM,9.13,4.06,2.74,20211112_120550_043300_1.txt
32334162,32334891,MAL,10.09,4.59,2.99,20211112_120550_043300_1.txt
32335816,32339208,MAL,32.4,16.34,10.71,20211112_120550_043300_1.txt
32342120,32345011,MAL,26.54,12.94,8.62,20211112_120550_043300_1.txt
32345511,32352062,MAL,50.39,25.5,17.45,20211112_120550_043300_1.txt
32350011,32350435,FEM,5.76,2.48,1.6,20211112_120550_043300_1.txt
32352991,32362071,MAL,81.22,41.49,27.46,20211112_120550_043300_1.txt
32362198,32362453,MAL,8.45,3.93,2.46,20211112_120550_043300_1.txt
32362492,32363174,FEM,7.18,3.04,2.12,20211112_120550_043300_1.txt
32364326,32364510,FEM,9.59,4.63,2.83,20211112_120550_043300_1.txt
32364925,32368710,MAL,28.9,14.15,9.77,20211112_120550_043300_1.txt
32368231,32372510,FEM,43.94,22.57,14.54,20211112_120550_043300_1.txt
32372531,32380761,MAL,79.03,40.87,26.59,20211112_120550_043300_1.txt
32372641,32372793,FEM,9.05,4.35,2.65,20211112_120550_043300_1.txt
32381920,32384595,FEM,27.88,14.14,9.08,20211112_120550_043300_1.txt
32390241,32401694,MAL,112.22,57.91,37.55,20211112_120550_043300_1.txt
32403011,32408986,MAL,60.28,30.91,19.85,20211112_120550_043300_1.txt
32407641,32409011,FEM,13.39,6.4,4.14,20211112_120550_043300_1.txt
32414621,32415492,FEM,9.71,4.51,2.94,20211112_120550_043300_1.txt
32416009,32420992,MAL,49.27,24.97,16.13,20211112_120550_043300_1.txt
32419717,32420011,FEM,5.24,2.21,1.4,20211112_120550_043300_1.txt
32423066,32424175,MAL,9.77,4.6,3.0,20211112_120550_043300_1.txt
32425491,32430992,MAL,47.68,24.68,16.31,20211112_120550_043300_1.txt
32427511,32429011,FEM,16.68,8.0,5.26,20211112_120550_043300_1.txt
32430491,32431077,FEM,9.46,4.49,2.86,20211112_120550_043300_1.txt
32440492,32441525,FEM,12.47,5.84,3.78,20211112_120550_043300_1.txt
32442250,32446988,MAL,34.93,16.99,11.94,20211112_120550_043300_1.txt
32456226,32458265,FEM,18.4,8.93,6.03,20211112_120550_043300_1.txt
32459834,32459959,MAL,8.02,3.78,2.3,20211112_120550_043300_1.txt
32461528,32463487,MAL,18.02,8.63,5.78,20211112_120550_043300_1.txt
32463291,32464243,FEM,12.53,6.0,3.89,20211112_120550_043300_1.txt
32464010,32466985,MAL,26.09,13.08,8.75,20211112_120550_043300_1.txt
32467967,32468986,MAL,12.21,5.85,3.79,20211112_120550_043300_1.txt
32469512,32469661,MAL,4.5,1.82,1.13,20211112_120550_043300_1.txt
32476992,32479491,MAL,19.66,9.52,6.53,20211112_120550_043300_1.txt
32490059,32491011,MAL,9.51,4.36,2.93,20211112_120550_043300_1.txt
32503575,32503857,MAL,6.39,2.85,1.78,20211112_120550_043300_1.txt
32511993,32512570,MAL,10.96,5.28,3.3,20211112_120550_043300_1.txt
32512492,32513481,FEM,11.38,5.44,3.51,20211112_120550_043300_1.txt
32512992,32514901,MAL,20.34,10.15,6.65,20211112_120550_043300_1.txt
32524430,32524732,MAL,9.8,4.75,2.92,20211112_120550_043300_1.txt
32524883,32525464,MAL,11.63,5.66,3.53,20211112_120550_043300_1.txt
32534528,32536686,MAL,22.76,11.61,7.5,20211112_120550_043300_1.txt
32550512,32550730,MAL,9.2,4.44,2.71,20211112_120550_043300_1.txt
32551011,32552990,MAL,23.03,11.85,7.51,20211112_120550_043300_1.txt
32554308,32555491,MAL,16.07,8.07,5.11,20211112_120550_043300_1.txt
32577859,32579511,FEM,18.85,9.44,5.95,20211112_120550_043300_1.txt
32594165,32602864,FEM,114.64,59.07,36.58,20211112_120550_043300_1.txt
32602178,32602350,MAL,7.18,3.31,2.03,20211112_120550_043300_1.txt
32602589,32602711,MAL,8.58,4.1,2.49,20211112_120550_043300_1.txt
32603511,32606992,FEM,33.76,17.72,11.34,20211112_120550_043300_1.txt
32609512,32613511,FEM,45.92,23.8,15.0,20211112_120550_043300_1.txt
32615676,32616365,FEM,7.67,3.53,2.28,20211112_120550_043300_1.txt
32700011,32701493,FEM,14.77,7.3,4.67,20211112_120550_043300_1.txt
32742058,32742424,FEM,9.45,4.55,2.82,20211112_120550_043300_1.txt
32878138,32878305,MAL,9.27,4.47,2.72,20211112_120550_043300_1.txt
32879010,32881511,MAL,29.77,15.23,9.58,20211112_120550_043300_1.txt
32886095,32887079,MAL,13.39,6.62,4.18,20211112_120550_043300_1.txt
32891010,32893207,MAL,24.01,12.37,7.87,20211112_120550_043300_1.txt
32893992,32895511,MAL,18.86,9.5,5.99,20211112_120550_043300_1.txt
32900109,32901491,MAL,18.22,9.16,5.75,20211112_120550_043300_1.txt
32910759,32910867,MAL,9.8,4.78,2.89,20211112_120550_043300_1.txt
32912443,32913938,MAL,18.25,9.25,5.89,20211112_120550_043300_1.txt
32950511,32956279,MAL,63.36,33.07,21.0,20211112_120550_043300_1.txt
32957633,32959985,MAL,25.55,13.23,8.46,20211112_120550_043300_1.txt
32960512,32963229,MAL,31.55,16.19,10.26,20211112_120550_043300_1.txt
32964732,32966595,MAL,24.09,12.22,7.68,20211112_120550_043300_1.txt
32967341,32967486,MAL,10.72,5.28,3.2,20211112_120550_043300_1.txt
32969177,32971531,MAL,26.08,13.45,8.59,20211112_120550_043300_1.txt
32975107,32977054,MAL,21.49,10.95,7.04,20211112_120550_043300_1.txt
32979493,32982547,MAL,36.59,18.67,11.79,20211112_120550_043300_1.txt
32983310,32984398,MAL,14.17,7.06,4.46,20211112_120550_043300_1.txt
32984511,32988257,MAL,42.58,22.09,13.95,20211112_120550_043300_1.txt
32991511,32993227,MAL,19.73,9.89,6.26,20211112_120550_043300_1.txt
32995011,32996990,MAL,20.73,10.58,6.74,20211112_120550_043300_1.txt
33005517,33006762,MAL,15.26,7.65,4.85,20211112_120550_043300_1.txt
33013011,33014422,MAL,17.93,9.06,5.71,20211112_120550_043300_1.txt
33015804,33015932,MAL,10.36,5.09,3.08,20211112_120550_043300_1.txt
33016263,33017343,MAL,15.34,7.62,4.79,20211112_120550_043300_1.txt
33017974,33019491,MAL,19.45,9.82,6.19,20211112_120550_043300_1.txt
33069232,33069826,MAL,11.51,5.6,3.49,20211112_120550_043300_1.txt
33102545,33103011,FEM,8.45,3.9,2.45,20211112_120550_043300_1.txt
33732511,33735903,FEM,39.19,20.07,12.71,20211112_120550_043300_1.txt
33736095,33738010,FEM,20.55,10.35,6.67,20211112_120550_043300_1.txt
33739511,33739668,FEM,8.76,4.15,2.55,20211112_120550_043300_1.txt
33742531,33742723,FEM,9.55,4.62,2.82,20211112_120550_043300_1.txt
33743756,33748201,FEM,42.3,22.01,14.29,20211112_120550_043300_1.txt
33748512,33750363,FEM,21.19,10.55,6.77,20211112_120550_043300_1.txt
33751991,33752377,FEM,7.48,3.44,2.17,20211112_120550_043300_1.txt
33756991,33758663,FEM,16.95,8.31,5.43,20211112_120550_043300_1.txt
33763011,33764808,FEM,19.68,9.9,6.36,20211112_120550_043300_1.txt
33772105,33773210,FEM,13.48,6.57,4.23,20211112_120550_043300_1.txt
33775402,33777511,FEM,21.51,10.8,6.97,20211112_120550_043300_1.txt
33781992,33782512,FEM,9.43,4.53,2.84,20211112_120550_043300_1.txt
33783640,33784273,FEM,9.92,4.8,3.02,20211112_120550_043300_1.txt
33787007,33789992,FEM,34.86,17.75,11.2,20211112_120550_043300_1.txt
33791096,33791773,FEM,11.04,5.31,3.35,20211112_120550_043300_1.txt
33801315,33802010,FEM,10.7,5.2,3.29,20211112_120550_043300_1.txt
33996491,33997510,FEM,14.46,7.22,4.55,20211112_120550_043300_1.txt
34013000,34013992,FEM,13.69,6.73,4.23,20211112_120550_043300_1.txt
34018984,34019235,MAL,9.7,4.7,2.88,20211112_120550_043300_1.txt
34019492,34019634,MAL,9.87,4.81,2.92,20211112_120550_043300_1.txt
34020493,34021247,FEM,12.76,6.29,3.93,20211112_120550_043300_1.txt
34041966,34042492,FEM,9.62,4.64,2.9,20211112_120550_043300_1.txt
34055171,34056212,MAL,14.6,7.22,4.54,20211112_120550_043300_1.txt
34056386,34056513,MAL,10.06,4.92,2.98,20211112_120550_043300_1.txt
34081504,34084493,FEM,34.32,17.46,11.02,20211112_120550_043300_1.txt
34133680,34135611,FEM,20.57,10.41,6.73,20211112_120550_043300_1.txt
34140511,34142011,FEM,17.62,8.81,5.63,20211112_120550_043300_1.txt
34273014,34273431,MAL,9.62,4.64,2.88,20211112_120550_043300_1.txt
34300012,34301511,MAL,19.13,9.62,6.07,20211112_120550_043300_1.txt
34386603,34386981,MAL,9.6,4.64,2.87,20211112_120550_043300_1.txt
34638200,34638492,FEM,4.49,1.8,1.15,20211112_120550_043300_1.txt
34644316,34644427,FEM,4.72,1.95,1.2,20211112_120550_043300_1.txt
34690621,34691011,FEM,5.59,2.41,1.54,20211112_120550_043300_1.txt
34695651,34695992,FEM,6.73,3.05,1.91,20211112_120550_043300_1.txt
34749640,34752492,FEM,25.52,13.08,8.49,20211112_120550_043300_1.txt
34752869,34752987,FEM,6.94,3.18,1.94,20211112_120550_043300_1.txt
34766493,34767993,FEM,16.2,8.12,5.21,20211112_120550_043300_1.txt
34775992,34776745,FEM,8.14,3.75,2.45,20211112_120550_043300_1.txt
34801540,34802011,FEM,7.36,3.36,2.14,20211112_120550_043300_1.txt
34823512,34827493,FEM,45.7,23.47,14.71,20211112_120550_043300_1.txt
34830483,34831295,FEM,9.65,4.57,2.91,20211112_120550_043300_1.txt
34877986,34879012,FEM,9.95,4.76,3.09,20211112_120550_043300_1.txt
34881492,34883011,FEM,18.36,8.99,5.66,20211112_120550_043300_1.txt
34889732,34890063,FEM,6.6,2.97,1.86,20211112_120550_043300_1.txt
34893511,34894422,FEM,8.93,4.2,2.74,20211112_120550_043300_1.txt
34900993,34902270,FEM,11.67,5.53,3.61,20211112_120550_043300_1.txt
34909766,34909990,MAL,5.32,2.26,1.42,20211112_120550_043300_1.txt
34917090,34918511,FEM,14.24,6.98,4.49,20211112_120550_043300_1.txt
34920556,34921010,FEM,5.13,2.14,1.4,20211112_120550_043300_1.txt
34922991,34924299,FEM,12.96,6.37,4.09,20211112_120550_043300_1.txt
34926446,34927511,FEM,11.83,5.75,3.68,20211112_120550_043300_1.txt
34964992,34966129,MAL,14.73,7.31,4.6,20211112_120550_043300_1.txt
34966583,34966902,MAL,9.27,4.46,2.75,20211112_120550_043300_1.txt
34980491,34986991,FEM,68.74,36.23,22.97,20211112_120550_043300_1.txt
35001492,35002010,FEM,8.23,3.85,2.44,20211112_120550_043300_1.txt
35021012,35023493,MAL,30.59,15.65,9.85,20211112_120550_043300_1.txt
35024311,35024949,MAL,10.86,5.3,3.33,20211112_120550_043300_1.txt
35032390,35032510,MAL,9.31,4.5,2.73,20211112_120550_043300_1.txt
35037212,35037993,FEM,12.25,5.96,3.77,20211112_120550_043300_1.txt
35042512,35044011,MAL,13.98,6.81,4.47,20211112_120550_043300_1.txt
35046942,35051390,MAL,37.99,18.67,12.64,20211112_120550_043300_1.txt
35052991,35056280,MAL,24.74,11.63,8.3,20211112_120550_043300_1.txt
35060168,35060637,MAL,4.81,1.76,1.29,20211112_120550_043300_1.txt
35063096,35065079,MAL,16.39,7.83,5.3,20211112_120550_043300_1.txt
35065378,35065523,MAL,8.37,3.94,2.42,20211112_120550_043300_1.txt
35066102,35067903,MAL,13.49,6.22,4.35,20211112_120550_043300_1.txt
35068493,35072754,MAL,33.01,15.73,10.96,20211112_120550_043300_1.txt
35073513,35074598,MAL,9.42,4.22,2.88,20211112_120550_043300_1.txt
35077192,35081028,MAL,23.99,10.87,8.14,20211112_120550_043300_1.txt
35083928,35098010,MAL,120.64,59.61,40.48,20211112_120550_043300_1.txt
35093512,35093941,FEM,7.9,3.5,2.26,20211112_120550_043300_1.txt
35099013,35100231,MAL,9.48,3.96,2.92,20211112_120550_043300_1.txt
35101176,35101336,MAL,7.26,3.33,2.05,20211112_120550_043300_1.txt
35103797,35105832,MAL,14.91,6.96,4.87,20211112_120550_043300_1.txt
35105155,35106991,FEM,16.41,7.64,5.28,20211112_120550_043300_1.txt
35106294,35109510,MAL,24.47,11.84,8.2,20211112_120550_043300_1.txt
35109884,35111990,MAL,17.81,8.98,5.9,20211112_120550_043300_1.txt
35112012,35113544,FEM,12.94,6.17,4.18,20211112_120550_043300_1.txt
35114011,35128795,MAL,121.83,59.57,41.0,20211112_120550_043300_1.txt
35128758,35130054,FEM,9.17,4.2,2.88,20211112_120550_043300_1.txt
35131992,35134073,MAL,18.14,8.5,5.74,20211112_120550_043300_1.txt
35135492,35135760,MAL,9.88,4.73,2.95,20211112_120550_043300_1.txt
35139290,35139594,MAL,5.7,2.44,1.56,20211112_120550_043300_1.txt
35147491,35148897,FEM,15.52,7.55,4.96,20211112_120550_043300_1.txt
35152280,35152408,FEM,8.03,3.75,2.3,20211112_120550_043300_1.txt
35172647,35173661,FEM,8.87,3.74,2.68,20211112_120550_043300_1.txt
35196010,35197512,FEM,12.73,6.01,4.05,20211112_120550_043300_1.txt
35202511,35204484,FEM,14.62,6.65,4.76,20211112_120550_043300_1.txt
35208388,35209954,FEM,12.36,5.72,3.94,20211112_120550_043300_1.txt
35209492,35217033,MAL,58.61,29.33,20.14,20211112_120550_043300_1.txt
35222038,35222510,FEM,7.38,3.27,2.15,20211112_120550_043300_1.txt
35223010,35224011,FEM,9.17,4.15,2.78,20211112_120550_043300_1.txt
35226563,35226765,FEM,8.76,4.14,2.56,20211112_120550_043300_1.txt
35228010,35232278,FEM,26.34,12.07,9.05,20211112_120550_043300_1.txt
35234303,35236011,FEM,16.31,8.02,5.28,20211112_120550_043300_1.txt
35243176,35244431,FEM,13.4,6.28,4.23,20211112_120550_043300_1.txt
35254823,35257619,FEM,23.5,11.45,7.75,20211112_120550_043300_1.txt
35260010,35262492,FEM,21.26,10.39,7.06,20211112_120550_043300_1.txt
35263281,35265544,MAL,19.89,9.7,6.56,20211112_120550_043300_1.txt
35266779,35268011,FEM,11.83,5.38,3.7,20211112_120550_043300_1.txt
35269493,35270735,MAL,11.35,5.17,3.55,20211112_120550_043300_1.txt
35272797,35273371,MAL,12.07,5.79,3.67,20211112_120550_043300_1.txt
35278124,35278608,MAL,7.08,3.09,2.0,20211112_120550_043300_1.txt
35279614,35280454,MAL,7.72,3.33,2.27,20211112_120550_043300_1.txt
35280492,35282011,FEM,12.27,5.37,3.9,20211112_120550_043300_1.txt
35292513,35293348,MAL,8.56,3.84,2.6,20211112_120550_043300_1.txt
35294010,35296401,MAL,17.39,8.06,5.75,20211112_120550_043300_1.txt
35298349,35298541,MAL,5.99,2.58,1.63,20211112_120550_043300_1.txt
35300620,35300763,FEM,5.02,2.1,1.3,20211112_120550_043300_1.txt
35300996,35301300,FEM,8.34,3.87,2.44,20211112_120550_043300_1.txt
35301511,35301739,FEM,7.55,3.48,2.16,20211112_120550_043300_1.txt
35304010,35306018,MAL,18.64,8.85,6.0,20211112_120550_043300_1.txt
35305421,35306099,FEM,9.67,4.46,2.94,20211112_120550_043300_1.txt
35307066,35307194,MAL,3.41,1.22,0.77,20211112_120550_043300_1.txt
35307510,35309250,MAL,18.69,9.32,6.07,20211112_120550_043300_1.txt
35309684,35311147,MAL,15.71,7.48,4.98,20211112_120550_043300_1.txt
35315312,35316505,MAL,13.97,6.82,4.46,20211112_120550_043300_1.txt
35318568,35319511,FEM,11.55,5.4,3.56,20211112_120550_043300_1.txt
35323587,35324589,MAL,12.02,5.68,3.73,20211112_120550_043300_1.txt
35334485,35339767,FEM,41.41,20.22,14.03,20211112_120550_043300_1.txt
35342364,35343945,FEM,13.92,6.21,4.4,20211112_120550_043300_1.txt
35358010,35358754,MAL,7.93,3.49,2.37,20211112_120550_043300_1.txt
35359991,35361486,FEM,13.67,6.41,4.36,20211112_120550_043300_1.txt
35362492,35372511,FEM,67.11,32.44,23.54,20211112_120550_043300_1.txt
35377493,35378011,FEM,7.53,3.29,2.2,20211112_120550_043300_1.txt
35388660,35391011,FEM,19.01,9.2,6.23,20211112_120550_043300_1.txt
35393510,35395527,MAL,18.22,8.93,5.86,20211112_120550_043300_1.txt
35396394,35396922,MAL,7.58,3.44,2.22,20211112_120550_043300_1.txt
35398203,35399183,MAL,9.71,4.46,2.96,20211112_120550_043300_1.txt
35398858,35400027,FEM,10.56,4.95,3.27,20211112_120550_043300_1.txt
35399982,35402493,MAL,20.99,10.24,6.97,20211112_120550_043300_1.txt
35407014,35412357,MAL,43.15,22.01,14.83,20211112_120550_043300_1.txt
35412491,35413412,MAL,9.75,4.27,2.96,20211112_120550_043300_1.txt
35413679,35413784,MAL,9.42,4.48,2.76,20211112_120550_043300_1.txt
35415218,35416492,FEM,12.43,5.68,3.91,20211112_120550_043300_1.txt
35415854,35422010,MAL,45.94,22.04,15.68,20211112_120550_043300_1.txt
35426017,35426847,FEM,7.3,3.24,2.18,20211112_120550_043300_1.txt
35432812,35433406,MAL,12.78,6.29,3.96,20211112_120550_043300_1.txt
35433992,35442990,MAL,66.3,32.83,23.05,20211112_120550_043300_1.txt
35444007,35448280,MAL,33.33,15.84,11.27,20211112_120550_043300_1.txt
35448511,35451238,FEM,24.66,12.11,8.23,20211112_120550_043300_1.txt
35454491,35454653,MAL,8.29,3.9,2.4,20211112_120550_043300_1.txt
35454513,35457296,FEM,22.05,10.53,7.37,20211112_120550_043300_1.txt
35457991,35459508,MAL,14.87,7.01,4.76,20211112_120550_043300_1.txt
35467519,35468969,MAL,15.17,7.3,4.91,20211112_120550_043300_1.txt
35489510,35491491,FEM,17.78,8.47,5.81,20211112_120550_043300_1.txt
35492067,35499990,MAL,56.65,27.75,19.71,20211112_120550_043300_1.txt
35504011,35510010,FEM,50.86,25.76,17.35,20211112_120550_043300_1.txt
35511394,35514924,FEM,28.1,13.83,9.51,20211112_120550_043300_1.txt
35512602,35512722,MAL,9.69,4.71,2.86,20211112_120550_043300_1.txt
35520491,35538557,FEM,162.25,82.45,54.96,20211112_120550_043300_1.txt
35539012,35541493,FEM,21.02,10.17,6.98,20211112_120550_043300_1.txt
35542302,35545010,FEM,24.98,12.49,8.28,20211112_120550_043300_1.txt
35544776,35545956,MAL,15.05,7.28,4.71,20211112_120550_043300_1.txt
35546033,35546158,FEM,10.27,5.03,3.05,20211112_120550_043300_1.txt
35546334,35547993,FEM,16.83,8.21,5.39,20211112_120550_043300_1.txt
35547189,35548937,MAL,17.46,8.53,5.67,20211112_120550_043300_1.txt
35550510,35550675,MAL,8.76,4.17,2.55,20211112_120550_043300_1.txt
35551011,35552972,MAL,21.11,10.41,6.87,20211112_120550_043300_1.txt
35553170,35554532,FEM,15.69,7.7,5.06,20211112_120550_043300_1.txt
35555650,35559587,FEM,34.57,16.87,11.42,20211112_120550_043300_1.txt
35555733,35555849,MAL,7.92,3.72,2.26,20211112_120550_043300_1.txt
35556747,35557511,MAL,10.52,4.91,3.19,20211112_120550_043300_1.txt
35560288,35562134,FEM,17.06,8.16,5.5,20211112_120550_043300_1.txt
35563011,35565336,FEM,18.81,8.77,6.16,20211112_120550_043300_1.txt
35567512,35590076,FEM,166.33,83.95,58.6,20211112_120550_043300_1.txt
35592021,35592249,MAL,12.1,5.97,3.68,20211112_120550_043300_1.txt
35592382,35593511,MAL,13.84,6.7,4.36,20211112_120550_043300_1.txt
35593133,35594255,FEM,14.39,6.94,4.49,20211112_120550_043300_1.txt
35593737,35593885,MAL,10.76,5.29,3.22,20211112_120550_043300_1.txt
35594821,35597011,FEM,19.47,9.46,6.41,20211112_120550_043300_1.txt
35597013,35599011,MAL,18.49,8.93,6.05,20211112_120550_043300_1.txt
35597688,35597992,FEM,9.3,4.4,2.76,20211112_120550_043300_1.txt
35598164,35598437,FEM,8.51,4.02,2.49,20211112_120550_043300_1.txt
35600072,35600421,MAL,7.74,3.53,2.24,20211112_120550_043300_1.txt
35606682,35609470,MAL,25.68,12.71,8.58,20211112_120550_043300_1.txt
35616886,35618010,FEM,15.19,7.33,4.75,20211112_120550_043300_1.txt
35679493,35681511,MAL,22.15,10.94,7.22,20211112_120550_043300_1.txt
35682010,35685992,FEM,41.03,20.59,13.42,20211112_120550_043300_1.txt
35685492,35687186,MAL,20.6,10.13,6.49,20211112_120550_043300_1.txt
35686511,35688242,FEM,20.24,10.02,6.48,20211112_120550_043300_1.txt
35687383,35688011,MAL,11.94,5.81,3.64,20211112_120550_043300_1.txt
35688452,35689512,MAL,12.71,5.99,3.97,20211112_120550_043300_1.txt
35689127,35689233,FEM,8.98,4.31,2.62,20211112_120550_043300_1.txt
35689493,35695992,FEM,58.97,29.86,19.87,20211112_120550_043300_1.txt
35690291,35691138,MAL,14.03,6.8,4.27,20211112_120550_043300_1.txt
35693011,35693490,MAL,9.99,4.79,3.02,20211112_120550_043300_1.txt
35693992,35699011,MAL,49.53,24.54,16.21,20211112_120550_043300_1.txt
35698085,35703900,FEM,53.33,26.97,17.88,20211112_120550_043300_1.txt
35703511,35705246,MAL,20.31,9.99,6.51,20211112_120550_043300_1.txt
35705011,35708524,FEM,31.18,15.09,10.27,20211112_120550_043300_1.txt
35707492,35710057,MAL,25.1,12.42,8.24,20211112_120550_043300_1.txt
35709095,35709492,FEM,8.77,4.13,2.6,20211112_120550_043300_1.txt
35712993,35715607,FEM,23.72,11.15,7.68,20211112_120550_043300_1.txt
35714387,35714672,MAL,10.02,4.82,2.99,20211112_120550_043300_1.txt
35714836,35717492,MAL,22.22,10.48,7.35,20211112_120550_043300_1.txt
35715884,35716493,FEM,9.96,4.62,2.98,20211112_120550_043300_1.txt
35717011,35719492,FEM,24.74,11.95,7.95,20211112_120550_043300_1.txt
35718528,35718633,MAL,10.46,5.14,3.11,20211112_120550_043300_1.txt
35718838,35723011,MAL,34.28,16.83,11.57,20211112_120550_043300_1.txt
35722811,35726993,FEM,39.6,19.53,13.03,20211112_120550_043300_1.txt
35726493,35728410,MAL,23.17,11.34,7.33,20211112_120550_043300_1.txt
35727301,35728011,FEM,12.29,5.94,3.77,20211112_120550_043300_1.txt
35730512,35730632,MAL,12.49,6.23,3.79,20211112_120550_043300_1.txt
35730745,35733064,MAL,21.35,10.39,7.06,20211112_120550_043300_1.txt
35731511,35731960,FEM,9.4,4.39,2.81,20211112_120550_043300_1.txt
35732379,35735258,FEM,27.98,14.06,9.25,20211112_120550_043300_1.txt
35734510,35737667,MAL,31.44,15.6,10.3,20211112_120550_043300_1.txt
35736971,35738012,FEM,14.34,7.01,4.51,20211112_120550_043300_1.txt
35738908,35739990,MAL,14.67,7.12,4.57,20211112_120550_043300_1.txt
35739510,35742492,FEM,28.0,14.06,9.33,20211112_120550_043300_1.txt
35741998,35744490,MAL,24.79,12.31,8.13,20211112_120550_043300_1.txt
35743511,35746992,FEM,30.77,15.37,10.34,20211112_120550_043300_1.txt
35746512,35748112,MAL,19.53,9.64,6.28,20211112_120550_043300_1.txt
35749991,35753511,FEM,28.8,14.05,9.64,20211112_120550_043300_1.txt
35754035,35754251,MAL,7.45,3.44,2.13,20211112_120550_043300_1.txt
35754492,35755324,MAL,11.33,5.37,3.47,20211112_120550_043300_1.txt
35757514,35760990,MAL,30.44,14.78,10.12,20211112_120550_043300_1.txt
35762855,35762992,FEM,8.29,3.93,2.39,20211112_120550_043300_1.txt
35764991,35765490,MAL,10.36,4.99,3.14,20211112_120550_043300_1.txt
35765675,35765977,MAL,10.47,5.11,3.15,20211112_120550_043300_1.txt
35860992,35865339,MAL,40.36,19.91,13.36,20211112_120550_043300_1.txt
35865511,35868991,MAL,28.54,13.66,9.54,20211112_120550_043300_1.txt
35868493,35875493,FEM,53.96,26.11,18.29,20211112_120550_043300_1.txt
35872991,35873214,MAL,8.55,4.0,2.49,20211112_120550_043300_1.txt
35874878,35882146,MAL,49.64,23.47,17.16,20211112_120550_043300_1.txt
35878499,35878605,FEM,13.37,6.74,4.08,20211112_120550_043300_1.txt
35880511,35886957,FEM,53.98,27.14,18.41,20211112_120550_043300_1.txt
35882560,35882705,MAL,11.33,5.54,3.41,20211112_120550_043300_1.txt
35889011,35892629,FEM,33.39,16.74,11.18,20211112_120550_043300_1.txt
35892119,35892266,MAL,10.23,5.0,3.04,20211112_120550_043300_1.txt
35892674,35892802,MAL,9.09,4.35,2.66,20211112_120550_043300_1.txt
35893727,35897991,FEM,38.22,18.84,12.69,20211112_120550_043300_1.txt
35894510,35896388,MAL,18.8,9.27,6.13,20211112_120550_043300_1.txt
35899068,35902865,MAL,37.07,18.19,12.12,20211112_120550_043300_1.txt
35903238,35904357,MAL,14.58,7.04,4.6,20211112_120550_043300_1.txt
35904575,35906857,MAL,20.64,10.05,6.82,20211112_120550_043300_1.txt
35904992,35905227,FEM,10.73,5.22,3.22,20211112_120550_043300_1.txt
35905937,35910291,FEM,36.93,18.35,12.49,20211112_120550_043300_1.txt
35907027,35907187,MAL,9.33,4.48,2.74,20211112_120550_043300_1.txt
35907492,35907593,MAL,12.63,6.34,3.83,20211112_120550_043300_1.txt
35910255,35928993,MAL,169.79,86.3,57.54,20211112_120550_043300_1.txt
35910511,35912536,FEM,24.09,11.83,7.66,20211112_120550_043300_1.txt
35912857,35912992,FEM,11.42,5.66,3.43,20211112_120550_043300_1.txt
35929880,35937988,MAL,67.67,34.63,23.36,20211112_120550_043300_1.txt
35933011,35933161,FEM,8.98,4.31,2.62,20211112_120550_043300_1.txt
35933630,35933993,FEM,10.94,5.32,3.31,20211112_120550_043300_1.txt
35934673,35934781,FEM,7.69,3.59,2.19,20211112_120550_043300_1.txt
35940993,35942748,FEM,21.12,10.23,6.67,20211112_120550_043300_1.txt
35946011,35947810,FEM,19.86,9.67,6.42,20211112_120550_043300_1.txt
35947010,35949511,MAL,23.16,11.36,7.69,20211112_120550_043300_1.txt
35952350,35955808,FEM,37.63,18.96,12.25,20211112_120550_043300_1.txt
35954518,35954731,MAL,10.36,5.05,3.09,20211112_120550_043300_1.txt
35954909,35955010,MAL,12.06,6.01,3.64,20211112_120550_043300_1.txt
35957491,35958129,FEM,11.26,5.28,3.41,20211112_120550_043300_1.txt
35959511,35961511,MAL,20.16,9.88,6.55,20211112_120550_043300_1.txt
35962993,35963418,FEM,10.27,4.91,3.1,20211112_120550_043300_1.txt
35966044,35966945,MAL,13.41,6.47,4.12,20211112_120550_043300_1.txt
35966492,35967906,FEM,16.44,7.93,5.22,20211112_120550_043300_1.txt
35990762,35992011,MAL,18.01,8.86,5.66,20211112_120550_043300_1.txt
35997716,35997885,MAL,10.19,4.97,3.03,20211112_120550_043300_1.txt
36000917,36001616,MAL,10.01,4.74,3.06,20211112_120550_043300_1.txt
36003511,36009686,MAL,49.06,24.34,16.83,20211112_120550_043300_1.txt
36008012,36013788,FEM,53.73,26.73,17.9,20211112_120550_043300_1.txt
36010843,36011057,MAL,11.68,5.79,3.53,20211112_120550_043300_1.txt
36011188,36011471,MAL,11.37,5.54,3.44,20211112_120550_043300_1.txt
36012175,36012491,MAL,11.3,5.55,3.42,20211112_120550_043300_1.txt
36012992,36015491,MAL,22.52,11.0,7.42,20211112_120550_043300_1.txt
36014011,36014894,FEM,11.87,5.53,3.6,20211112_120550_043300_1.txt
36015659,36015816,FEM,11.43,5.63,3.44,20211112_120550_043300_1.txt
36022011,36024011,FEM,16.66,7.83,5.44,20211112_120550_043300_1.txt
36027492,36033675,FEM,48.97,24.57,16.8,20211112_120550_043300_1.txt
36058804,36059992,FEM,13.29,6.26,4.08,20211112_120550_043300_1.txt
36063046,36063466,FEM,9.22,4.34,2.75,20211112_120550_043300_1.txt
36065491,36066721,FEM,11.42,5.14,3.52,20211112_120550_043300_1.txt
36068510,36069799,FEM,12.96,6.04,4.09,20211112_120550_043300_1.txt
36074265,36079748,FEM,41.51,20.26,14.1,20211112_120550_043300_1.txt
36080090,36082041,FEM,17.89,8.45,5.74,20211112_120550_043300_1.txt
36082849,36083703,FEM,9.68,4.43,2.92,20211112_120550_043300_1.txt
36086534,36087319,MAL,9.42,4.32,2.83,20211112_120550_043300_1.txt
36087832,36089859,FEM,19.52,9.38,6.35,20211112_120550_043300_1.txt
36089012,36090993,MAL,18.16,8.67,5.94,20211112_120550_043300_1.txt
36095465,36097711,FEM,22.81,11.15,7.32,20211112_120550_043300_1.txt
36099143,36101492,FEM,23.03,10.95,7.36,20211112_120550_043300_1.txt
36102070,36102178,MAL,5.32,2.28,1.4,20211112_120550_043300_1.txt
36103978,36105719,FEM,17.67,8.43,5.58,20211112_120550_043300_1.txt
36109491,36109909,MAL,9.26,4.34,2.71,20211112_120550_043300_1.txt
36113369,36114010,FEM,7.56,3.31,2.23,20211112_120550_043300_1.txt
36119669,36121125,FEM,12.81,5.9,4.07,20211112_120550_043300_1.txt
36120266,36120474,MAL,6.89,3.11,1.94,20211112_120550_043300_1.txt
36121233,36121358,MAL,11.03,5.43,3.3,20211112_120550_043300_1.txt
36121471,36123989,MAL,21.17,10.23,7.03,20211112_120550_043300_1.txt
36127011,36130592,FEM,36.42,18.19,11.92,20211112_120550_043300_1.txt
36134537,36134993,FEM,4.39,1.71,1.15,20211112_120550_043300_1.txt
36136010,36136218,FEM,9.28,4.44,2.73,20211112_120550_043300_1.txt
36136493,36136733,FEM,11.81,5.85,3.58,20211112_120550_043300_1.txt
36136965,36138269,FEM,15.25,7.35,4.8,20211112_120550_043300_1.txt
36143489,36145242,FEM,17.81,8.56,5.73,20211112_120550_043300_1.txt
36147992,36148834,FEM,10.46,4.85,3.23,20211112_120550_043300_1.txt
36163511,36163747,FEM,11.03,5.39,3.32,20211112_120550_043300_1.txt
36163992,36165760,FEM,12.38,5.73,4.03,20211112_120550_043300_1.txt
36170511,36171086,MAL,9.64,4.56,2.91,20211112_120550_043300_1.txt
36184511,36188171,FEM,29.71,14.41,9.86,20211112_120550_043300_1.txt
36188321,36189492,FEM,12.25,5.82,3.83,20211112_120550_043300_1.txt
36189145,36189747,MAL,9.77,4.59,2.91,20211112_120550_043300_1.txt
36191510,36193235,FEM,15.2,7.18,4.91,20211112_120550_043300_1.txt
36192042,36192601,MAL,7.95,3.61,2.35,20211112_120550_043300_1.txt
36193993,36194911,MAL,10.27,4.77,3.13,20211112_120550_043300_1.txt
36194511,36195800,FEM,13.13,6.28,4.15,20211112_120550_043300_1.txt
36195171,36195330,MAL,7.03,3.22,1.98,20211112_120550_043300_1.txt
36197012,36198543,FEM,14.85,7.06,4.76,20211112_120550_043300_1.txt
36203586,36206492,FEM,23.8,11.83,7.97,20211112_120550_043300_1.txt
36206690,36207512,MAL,12.07,5.77,3.71,20211112_120550_043300_1.txt
36209881,36211052,MAL,11.93,5.71,3.73,20211112_120550_043300_1.txt
36212187,36213254,MAL,12.38,5.79,3.81,20211112_120550_043300_1.txt
36213620,36215486,MAL,15.38,7.3,4.99,20211112_120550_043300_1.txt
36216342,36217753,FEM,12.7,5.87,4.02,20211112_120550_043300_1.txt
36217992,36218149,FEM,7.43,3.43,2.11,20211112_120550_043300_1.txt
36218492,36220250,FEM,16.2,7.87,5.25,20211112_120550_043300_1.txt
36237512,36237853,FEM,8.21,3.79,2.4,20211112_120550_043300_1.txt
36239356,36240492,FEM,12.29,5.68,3.84,20211112_120550_043300_1.txt
36245011,36246012,FEM,11.12,5.08,3.48,20211112_120550_043300_1.txt
36307992,36311011,FEM,24.41,11.62,8.09,20211112_120550_043300_1.txt
36312639,36312815,MAL,9.48,4.57,2.79,20211112_120550_043300_1.txt
36313512,36314300,FEM,7.82,3.37,2.29,20211112_120550_043300_1.txt
36314563,36314715,FEM,6.34,2.84,1.75,20211112_120550_043300_1.txt
36315741,36316681,FEM,8.75,3.99,2.68,20211112_120550_043300_1.txt
36335893,36337511,FEM,10.57,4.35,3.3,20211112_120550_043300_1.txt
36337719,36338492,FEM,7.7,3.35,2.25,20211112_120550_043300_1.txt
36339634,36341516,FEM,13.08,5.86,4.23,20211112_120550_043300_1.txt
36347493,36347709,FEM,7.74,3.57,2.22,20211112_120550_043300_1.txt
36350468,36352540,FEM,17.18,8.32,5.58,20211112_120550_043300_1.txt
36352689,36353005,FEM,4.98,2.02,1.32,20211112_120550_043300_1.txt
36355137,36355647,FEM,5.97,2.45,1.68,20211112_120550_043300_1.txt
36357785,36359694,FEM,17.26,8.21,5.57,20211112_120550_043300_1.txt
36360497,36362492,FEM,16.52,7.59,5.29,20211112_120550_043300_1.txt
36362459,36363291,MAL,5.98,2.31,1.74,20211112_120550_043300_1.txt
36363641,36365420,FEM,14.44,6.8,4.67,20211112_120550_043300_1.txt
36366992,36367512,FEM,4.87,1.84,1.32,20211112_120550_043300_1.txt
36369010,36370669,FEM,12.16,5.54,3.89,20211112_120550_043300_1.txt
36371357,36373991,FEM,19.01,9.04,6.33,20211112_120550_043300_1.txt
36376045,36376269,MAL,7.47,3.43,2.13,20211112_120550_043300_1.txt
36376511,36377010,FEM,3.23,1.01,0.77,20211112_120550_043300_1.txt
36378936,36383992,FEM,43.95,21.85,14.57,20211112_120550_043300_1.txt
36383658,36384286,MAL,6.99,3.07,1.99,20211112_120550_043300_1.txt
36385161,36388011,MAL,26.76,13.08,8.63,20211112_120550_043300_1.txt
36385711,36387069,FEM,14.72,6.85,4.48,20211112_120550_043300_1.txt
36387291,36387492,FEM,5.08,2.12,1.33,20211112_120550_043300_1.txt
36391883,36394586,FEM,21.32,10.52,7.06,20211112_120550_043300_1.txt
36395352,36401992,FEM,52.64,26.83,18.1,20211112_120550_043300_1.txt
36401177,36402610,MAL,12.83,5.91,4.07,20211112_120550_043300_1.txt
36405511,36409310,FEM,29.21,14.03,9.82,20211112_120550_043300_1.txt
36410992,36412492,FEM,14.44,6.83,4.62,20211112_120550_043300_1.txt
36413974,36422012,FEM,60.32,29.64,20.74,20211112_120550_043300_1.txt
36421993,36423491,MAL,14.57,6.97,4.71,20211112_120550_043300_1.txt
36423992,36431992,FEM,62.02,31.1,21.41,20211112_120550_043300_1.txt
36430648,36430942,MAL,7.84,3.64,2.27,20211112_120550_043300_1.txt
36431117,36431257,MAL,9.15,4.39,2.68,20211112_120550_043300_1.txt
36432295,36432941,MAL,9.6,4.54,2.91,20211112_120550_043300_1.txt
36432853,36434584,FEM,17.38,8.31,5.53,20211112_120550_043300_1.txt
36438491,36442992,FEM,29.17,13.46,9.98,20211112_120550_043300_1.txt
36443194,36443771,FEM,8.27,3.61,2.46,20211112_120550_043300_1.txt
36443922,36447992,FEM,27.92,12.96,9.49,20211112_120550_043300_1.txt
36445019,36445146,MAL,7.82,3.61,2.23,20211112_120550_043300_1.txt
36456735,36457992,FEM,11.32,5.17,3.59,20211112_120550_043300_1.txt
36464011,36465491,FEM,13.42,6.1,4.28,20211112_120550_043300_1.txt
36497110,36497414,FEM,7.29,3.34,2.09,20211112_120550_043300_1.txt
36499486,36501455,FEM,13.88,6.37,4.51,20211112_120550_043300_1.txt
36519312,36519511,FEM,4.48,1.73,1.13,20211112_120550_043300_1.txt
36523513,36525347,FEM,15.57,7.35,4.95,20211112_120550_043300_1.txt
36533492,36535510,FEM,10.33,4.12,3.34,20211112_120550_043300_1.txt
36537320,36538717,FEM,11.28,5.25,3.55,20211112_120550_043300_1.txt
36542991,36545212,FEM,16.65,8.05,5.48,20211112_120550_043300_1.txt
36546231,36549491,FEM,21.66,10.14,7.27,20211112_120550_043300_1.txt
36551279,36551512,FEM,7.2,3.27,2.05,20211112_120550_043300_1.txt
36551898,36552992,FEM,7.54,3.26,2.31,20211112_120550_043300_1.txt
36553511,36553644,FEM,4.59,1.86,1.16,20211112_120550_043300_1.txt
36554004,36556512,FEM,18.83,8.99,6.2,20211112_120550_043300_1.txt
36557627,36558260,MAL,6.99,3.07,2.04,20211112_120550_043300_1.txt
36558268,36560011,FEM,14.54,6.93,4.64,20211112_120550_043300_1.txt
36564397,36565572,MAL,10.09,4.37,3.11,20211112_120550_043300_1.txt
36566011,36568900,MAL,21.48,9.82,7.04,20211112_120550_043300_1.txt
36570493,36571993,MAL,12.17,5.45,3.81,20211112_120550_043300_1.txt
36572123,36572320,MAL,7.04,3.2,1.99,20211112_120550_043300_1.txt
36572796,36575012,MAL,19.27,9.03,6.09,20211112_120550_043300_1.txt
36575658,36576760,MAL,9.56,4.23,2.93,20211112_120550_043300_1.txt
36578366,36580992,MAL,17.57,7.86,5.8,20211112_120550_043300_1.txt
36581684,36583512,MAL,16.24,7.47,5.06,20211112_120550_043300_1.txt
36583993,36586511,FEM,18.25,8.6,6.06,20211112_120550_043300_1.txt
36587511,36590506,MAL,23.83,11.95,8.0,20211112_120550_043300_1.txt
36591581,36592359,MAL,7.23,3.22,2.15,20211112_120550_043300_1.txt
36592012,36595142,FEM,24.44,12.27,8.23,20211112_120550_043300_1.txt
36597992,36598979,MAL,9.44,4.37,2.87,20211112_120550_043300_1.txt
36598092,36599049,FEM,9.35,4.34,2.83,20211112_120550_043300_1.txt
36602483,36602842,MAL,3.4,1.18,0.8,20211112_120550_043300_1.txt
36603993,36606512,FEM,21.37,10.33,6.89,20211112_120550_043300_1.txt
36608954,36609189,MAL,3.23,1.1,0.72,20211112_120550_043300_1.txt
36610010,36610913,FEM,7.76,3.44,2.29,20211112_120550_043300_1.txt
36610512,36612535,MAL,16.73,7.84,5.36,20211112_120550_043300_1.txt
36613429,36614492,MAL,8.23,3.69,2.53,20211112_120550_043300_1.txt
36613868,36614303,FEM,5.13,2.11,1.39,20211112_120550_043300_1.txt
36616011,36618434,MAL,16.91,7.72,5.54,20211112_120550_043300_1.txt
36618804,36624990,MAL,51.45,25.63,17.32,20211112_120550_043300_1.txt
36626123,36632907,MAL,52.3,26.59,18.12,20211112_120550_043300_1.txt
36635900,36638511,MAL,21.37,10.48,7.06,20211112_120550_043300_1.txt
36640045,36640313,MAL,6.12,2.68,1.69,20211112_120550_043300_1.txt
36640971,36642886,MAL,16.03,7.84,5.22,20211112_120550_043300_1.txt
36643511,36645195,MAL,15.55,7.4,4.91,20211112_120550_043300_1.txt
36644373,36644493,FEM,5.18,2.17,1.35,20211112_120550_043300_1.txt
36645893,36649010,MAL,22.45,10.36,7.45,20211112_120550_043300_1.txt
36649628,36650511,MAL,8.55,3.84,2.61,20211112_120550_043300_1.txt
36650352,36650580,FEM,6.78,3.04,1.9,20211112_120550_043300_1.txt
36652711,36653275,MAL,5.86,2.32,1.65,20211112_120550_043300_1.txt
36654992,36657549,MAL,13.56,5.28,4.45,20211112_120550_043300_1.txt
36665853,36667514,MAL,6.2,1.46,1.95,20211112_120550_043300_1.txt
36672482,36672600,MAL,7.75,3.56,2.21,20211112_120550_043300_1.txt
36673509,36674489,MAL,6.13,2.06,1.81,20211112_120550_043300_1.txt
36688484,36689530,MAL,6.79,2.51,2.05,20211112_120550_043300_1.txt
36702013,36702148,FEM,5.94,2.61,1.61,20211112_120550_043300_1.txt
36784560,36786077,MAL,11.94,5.37,3.79,20211112_120550_043300_1.txt
36892992,36893935,FEM,8.07,3.41,2.4,20211112_120550_043300_1.txt
36893657,36894104,MAL,5.82,2.46,1.62,20211112_120550_043300_1.txt
36894261,36895510,FEM,8.23,3.27,2.51,20211112_120550_043300_1.txt
36896492,36898205,FEM,9.88,3.9,3.13,20211112_120550_043300_1.txt
36898651,36901014,FEM,12.57,4.98,4.14,20211112_120550_043300_1.txt
36901479,36902621,FEM,6.17,2.13,1.86,20211112_120550_043300_1.txt
36903372,36903564,MAL,5.5,2.29,1.47,20211112_120550_043300_1.txt
36903678,36903801,MAL,6.37,2.82,1.75,20211112_120550_043300_1.txt
36903961,36904984,FEM,7.37,2.83,2.18,20211112_120550_043300_1.txt
36904857,36907004,MAL,12.99,5.41,4.19,20211112_120550_043300_1.txt
36908011,36908392,FEM,5.03,1.91,1.35,20211112_120550_043300_1.txt
36908511,36911606,FEM,19.97,9.03,6.68,20211112_120550_043300_1.txt
36909012,36909130,MAL,5.83,2.54,1.57,20211112_120550_043300_1.txt
36912966,36914991,MAL,12.83,5.38,4.17,20211112_120550_043300_1.txt
36915492,36916601,FEM,9.06,4.09,2.81,20211112_120550_043300_1.txt
36919361,36919894,FEM,7.24,3.16,2.11,20211112_120550_043300_1.txt
36921319,36922487,MAL,9.65,4.12,2.92,20211112_120550_043300_1.txt
36926653,36927510,MAL,7.61,3.17,2.29,20211112_120550_043300_1.txt
36927755,36929743,FEM,12.46,5.1,4.04,20211112_120550_043300_1.txt
36934650,36934785,MAL,6.69,2.99,1.86,20211112_120550_043300_1.txt
36937617,36937744,MAL,6.05,2.65,1.65,20211112_120550_043300_1.txt
36938157,36938270,MAL,8.67,4.1,2.51,20211112_120550_043300_1.txt
36940408,36940985,MAL,5.47,2.24,1.53,20211112_120550_043300_1.txt
36941493,36945346,FEM,24.73,11.09,8.34,20211112_120550_043300_1.txt
36945776,36945938,MAL,8.12,3.75,2.34,20211112_120550_043300_1.txt
36946511,36946700,FEM,6.77,3.03,1.89,20211112_120550_043300_1.txt
36946960,36947061,MAL,8.14,3.83,2.34,20211112_120550_043300_1.txt
36948013,36948901,MAL,7.81,3.28,2.36,20211112_120550_043300_1.txt
36952511,36954571,FEM,13.78,5.87,4.44,20211112_120550_043300_1.txt
36954993,36956409,MAL,9.24,3.82,2.87,20211112_120550_043300_1.txt
36956770,36956890,MAL,8.01,3.73,2.29,20211112_120550_043300_1.txt
36961790,36961959,MAL,7.23,3.27,2.04,20211112_120550_043300_1.txt
36966265,36968010,FEM,11.74,4.92,3.76,20211112_120550_043300_1.txt
36968147,36968493,FEM,6.96,3.01,1.99,20211112_120550_043300_1.txt
36972492,36972991,FEM,6.3,2.58,1.79,20211112_120550_043300_1.txt
36977837,36978465,MAL,6.22,2.41,1.79,20211112_120550_043300_1.txt
36988993,36989676,FEM,6.87,2.75,2.01,20211112_120550_043300_1.txt
36997020,36999074,FEM,13.46,5.72,4.33,20211112_120550_043300_1.txt
37000054,37000236,MAL,6.44,2.85,1.78,20211112_120550_043300_1.txt
37000376,37000526,MAL,7.59,3.48,2.16,20211112_120550_043300_1.txt
37001504,37002198,MAL,6.38,2.51,1.85,20211112_120550_043300_1.txt
37002493,37004012,MAL,9.02,3.52,2.87,20211112_120550_043300_1.txt
37006011,37006840,MAL,5.49,1.87,1.58,20211112_120550_043300_1.txt
37007013,37010979,MAL,18.5,7.09,6.38,20211112_120550_043300_1.txt
37011288,37011717,MAL,5.81,2.31,1.62,20211112_120550_043300_1.txt
37012143,37014011,FEM,11.6,4.65,3.68,20211112_120550_043300_1.txt
37015491,37016075,MAL,6.67,2.78,1.93,20211112_120550_043300_1.txt
37016178,37016458,MAL,6.14,2.64,1.7,20211112_120550_043300_1.txt
37018102,37019288,FEM,8.78,3.52,2.68,20211112_120550_043300_1.txt
37019784,37023475,FEM,22.24,10.02,7.59,20211112_120550_043300_1.txt
37020095,37020578,MAL,5.61,2.25,1.56,20211112_120550_043300_1.txt
37020682,37020800,MAL,6.74,3.05,1.87,20211112_120550_043300_1.txt
37023774,37023988,FEM,4.46,1.77,1.13,20211112_120550_043300_1.txt
37028058,37029011,FEM,7.92,3.15,2.35,20211112_120550_043300_1.txt
37031725,37032277,MAL,7.62,3.38,2.24,20211112_120550_043300_1.txt
37034511,37039432,MAL,42.2,20.54,14.02,20211112_120550_043300_1.txt
37040066,37044511,MAL,35.42,17.25,12.0,20211112_120550_043300_1.txt
37046347,37046482,FEM,7.97,3.74,2.28,20211112_120550_043300_1.txt
37046668,37046958,FEM,11.49,5.68,3.48,20211112_120550_043300_1.txt
37048475,37048600,MAL,10.81,5.33,3.23,20211112_120550_043300_1.txt
37052267,37054437,MAL,20.48,9.87,6.64,20211112_120550_043300_1.txt
37053992,37057747,FEM,27.79,13.48,9.44,20211112_120550_043300_1.txt
37057848,37057993,FEM,9.5,4.58,2.8,20211112_120550_043300_1.txt
37058011,37061818,MAL,27.96,13.49,9.51,20211112_120550_043300_1.txt
37062802,37064501,MAL,13.42,5.91,4.31,20211112_120550_043300_1.txt
37065560,37067489,MAL,13.22,5.8,4.28,20211112_120550_043300_1.txt
37068383,37068533,MAL,5.83,2.49,1.58,20211112_120550_043300_1.txt
37069993,37070992,FEM,11.22,5.16,3.46,20211112_120550_043300_1.txt
37070013,37078157,MAL,60.61,29.28,20.75,20211112_120550_043300_1.txt
37078568,37079230,MAL,6.7,2.93,1.95,20211112_120550_043300_1.txt
37079011,37081714,FEM,19.9,9.15,6.59,20211112_120550_043300_1.txt
37082991,37086010,FEM,24.46,11.59,8.11,20211112_120550_043300_1.txt
37083101,37083503,MAL,9.54,4.56,2.85,20211112_120550_043300_1.txt
37085992,37087391,MAL,13.03,6.07,4.13,20211112_120550_043300_1.txt
37086336,37086461,FEM,12.13,6.02,3.67,20211112_120550_043300_1.txt
37088493,37091871,MAL,28.13,13.58,9.39,20211112_120550_043300_1.txt
37093012,37094858,FEM,19.77,9.47,6.29,20211112_120550_043300_1.txt
37093719,37093859,MAL,9.15,4.31,2.68,20211112_120550_043300_1.txt
37101621,37103491,MAL,15.01,6.86,4.87,20211112_120550_043300_1.txt
37106512,37107992,FEM,12.32,5.55,3.91,20211112_120550_043300_1.txt
37107816,37110989,MAL,27.77,13.76,9.23,20211112_120550_043300_1.txt
37112992,37119011,FEM,40.6,19.37,14.04,20211112_120550_043300_1.txt
37114003,37116511,MAL,20.03,9.35,6.54,20211112_120550_043300_1.txt
37119919,37121981,MAL,16.5,7.66,5.4,20211112_120550_043300_1.txt
37121492,37124492,FEM,30.11,14.8,9.72,20211112_120550_043300_1.txt
37125493,37133488,MAL,64.52,31.85,21.92,20211112_120550_043300_1.txt
37132511,37141809,FEM,70.47,34.12,24.02,20211112_120550_043300_1.txt
37134815,37135222,MAL,8.03,3.58,2.35,20211112_120550_043300_1.txt
37138088,37139013,MAL,9.92,4.6,3.07,20211112_120550_043300_1.txt
37142116,37146156,FEM,32.63,16.02,11.1,20211112_120550_043300_1.txt
37144209,37144989,MAL,11.27,5.23,3.39,20211112_120550_043300_1.txt
37155621,37156276,MAL,7.22,2.94,2.12,20211112_120550_043300_1.txt
37211839,37211945,MAL,7.93,3.73,2.27,20211112_120550_043300_1.txt
37221245,37223245,MAL,18.74,9.07,6.08,20211112_120550_043300_1.txt
37223992,37229989,MAL,49.57,24.01,16.61,20211112_120550_043300_1.txt
37224031,37224208,FEM,11.15,5.49,3.35,20211112_120550_043300_1.txt
37224470,37225418,FEM,12.93,6.1,3.97,20211112_120550_043300_1.txt
37231304,37234814,MAL,30.94,15.32,10.3,20211112_120550_043300_1.txt
37235143,37237011,FEM,18.98,9.39,6.19,20211112_120550_043300_1.txt
37242352,37246490,MAL,38.68,19.06,12.72,20211112_120550_043300_1.txt
37250440,37251155,MAL,11.54,5.55,3.57,20211112_120550_043300_1.txt
37251806,37260512,MAL,66.76,32.18,22.73,20211112_120550_043300_1.txt
37267992,37268802,FEM,12.63,5.99,3.85,20211112_120550_043300_1.txt
37269624,37271237,FEM,14.64,6.81,4.7,20211112_120550_043300_1.txt
37272542,37272825,MAL,8.22,3.82,2.39,20211112_120550_043300_1.txt
37274064,37275512,FEM,13.74,6.28,4.32,20211112_120550_043300_1.txt
37277872,37278010,MAL,9.92,4.78,2.94,20211112_120550_043300_1.txt
37279968,37280996,FEM,10.81,4.85,3.38,20211112_120550_043300_1.txt
37280993,37285993,MAL,34.36,15.71,11.63,20211112_120550_043300_1.txt
37285986,37286511,FEM,8.15,3.67,2.41,20211112_120550_043300_1.txt
37288011,37288173,MAL,9.16,4.36,2.69,20211112_120550_043300_1.txt
37288510,37291514,MAL,19.86,8.46,6.62,20211112_120550_043300_1.txt
37291364,37292997,FEM,17.23,8.13,5.46,20211112_120550_043300_1.txt
37292010,37292555,MAL,11.84,5.68,3.64,20211112_120550_043300_1.txt
37292673,37292842,MAL,8.97,4.27,2.62,20211112_120550_043300_1.txt
37302512,37303867,MAL,15.88,7.56,5.07,20211112_120550_043300_1.txt
37305993,37307819,MAL,19.25,9.23,6.22,20211112_120550_043300_1.txt
37308328,37308490,MAL,9.79,4.6,2.9,20211112_120550_043300_1.txt
37309255,37310993,FEM,17.0,7.97,5.46,20211112_120550_043300_1.txt
37310637,37311211,MAL,11.54,5.63,3.55,20211112_120550_043300_1.txt
37311187,37312140,FEM,12.87,6.05,3.95,20211112_120550_043300_1.txt
37312469,37314681,MAL,15.02,6.27,4.88,20211112_120550_043300_1.txt
37314513,37317512,FEM,23.65,11.35,7.94,20211112_120550_043300_1.txt
37315497,37315725,MAL,8.18,3.82,2.37,20211112_120550_043300_1.txt
37317011,37319011,MAL,19.92,9.6,6.47,20211112_120550_043300_1.txt
37322265,37322373,MAL,11.54,5.74,3.47,20211112_120550_043300_1.txt
37324493,37326012,FEM,14.06,6.38,4.49,20211112_120550_043300_1.txt
37328003,37332804,MAL,32.85,15.21,11.2,20211112_120550_043300_1.txt
37332993,37334993,FEM,18.87,9.05,6.12,20211112_120550_043300_1.txt
37334481,37336992,MAL,19.08,8.56,6.28,20211112_120550_043300_1.txt
37337993,37342882,FEM,41.92,20.77,14.08,20211112_120550_043300_1.txt
37349637,37351778,MAL,22.61,10.79,7.18,20211112_120550_043300_1.txt
37352465,37353017,MAL,14.19,7.04,4.37,20211112_120550_043300_1.txt
37353118,37353348,FEM,11.51,5.67,3.48,20211112_120550_043300_1.txt
37354184,37354422,MAL,11.93,5.9,3.62,20211112_120550_043300_1.txt
37357991,37362400,MAL,38.99,19.55,13.13,20211112_120550_043300_1.txt
37363493,37366178,MAL,24.61,11.59,7.99,20211112_120550_043300_1.txt
37367492,37368290,MAL,12.69,6.02,3.92,20211112_120550_043300_1.txt
37371780,37373511,FEM,15.68,7.39,5.07,20211112_120550_043300_1.txt
37379669,37379780,MAL,11.71,5.74,3.53,20211112_120550_043300_1.txt
37379932,37380511,MAL,11.38,5.29,3.44,20211112_120550_043300_1.txt
37380945,37384214,FEM,30.9,15.69,10.3,20211112_120550_043300_1.txt
37382992,37384011,MAL,15.01,7.29,4.62,20211112_120550_043300_1.txt
37386492,37388512,FEM,18.79,9.09,6.15,20211112_120550_043300_1.txt
37389512,37389819,MAL,10.52,5.11,3.16,20211112_120550_043300_1.txt
37390677,37390972,MAL,11.5,5.66,3.49,20211112_120550_043300_1.txt
37393761,37393871,MAL,14.98,7.62,4.61,20211112_120550_043300_1.txt
37393976,37394940,MAL,11.79,5.64,3.7,20211112_120550_043300_1.txt
37395083,37395216,FEM,10.64,5.17,3.17,20211112_120550_043300_1.txt
37395459,37396991,FEM,14.84,7.1,4.76,20211112_120550_043300_1.txt
37398073,37400010,FEM,17.73,8.39,5.73,20211112_120550_043300_1.txt
37399031,37400349,MAL,14.52,6.74,4.56,20211112_120550_043300_1.txt
37402012,37403975,MAL,20.06,9.89,6.57,20211112_120550_043300_1.txt
37403974,37407123,FEM,26.17,12.4,8.7,20211112_120550_043300_1.txt
37408011,37411563,FEM,30.05,14.61,10.06,20211112_120550_043300_1.txt
37410512,37413333,MAL,25.32,12.29,8.36,20211112_120550_043300_1.txt
37411863,37412265,FEM,11.32,5.44,3.45,20211112_120550_043300_1.txt
37412472,37417511,FEM,45.65,22.85,15.3,20211112_120550_043300_1.txt
37418353,37418933,MAL,13.49,6.64,4.2,20211112_120550_043300_1.txt
37421038,37422724,FEM,19.46,9.55,6.27,20211112_120550_043300_1.txt
37423510,37427010,FEM,29.07,14.19,9.77,20211112_120550_043300_1.txt
37423595,37424587,MAL,12.2,5.87,3.79,20211112_120550_043300_1.txt
37428510,37429784,FEM,14.96,7.29,4.75,20211112_120550_043300_1.txt
37430613,37430767,MAL,13.66,6.89,4.18,20211112_120550_043300_1.txt
37447967,37449492,MAL,17.55,8.57,5.61,20211112_120550_043300_1.txt
37449808,37450991,MAL,13.54,6.7,4.32,20211112_120550_043300_1.txt
37451636,37451815,MAL,7.61,3.54,2.17,20211112_120550_043300_1.txt
37452491,37453011,FEM,8.77,4.12,2.62,20211112_120550_043300_1.txt
37456493,37456878,MAL,9.51,4.41,2.84,20211112_120550_043300_1.txt
37457213,37458011,MAL,12.66,5.88,3.96,20211112_120550_043300_1.txt
37461921,37462107,MAL,9.08,4.37,2.66,20211112_120550_043300_1.txt
37464449,37465350,MAL,10.47,5.01,3.25,20211112_120550_043300_1.txt
37467131,37467320,FEM,9.01,4.29,2.64,20211112_120550_043300_1.txt
37467993,37469512,MAL,16.48,8.15,5.3,20211112_120550_043300_1.txt
37487831,37488012,MAL,11.7,5.82,3.53,20211112_120550_043300_1.txt
37495327,37496216,FEM,11.06,5.38,3.44,20211112_120550_043300_1.txt
37497511,37499598,MAL,23.56,11.79,7.7,20211112_120550_043300_1.txt
37500011,37502002,FEM,18.69,9.22,6.12,20211112_120550_043300_1.txt
37506491,37507804,FEM,10.44,4.56,3.31,20211112_120550_043300_1.txt
37519288,37520501,MAL,9.35,3.82,2.87,20211112_120550_043300_1.txt
37528653,37534591,MAL,49.87,25.39,17.12,20211112_120550_043300_1.txt
37541794,37542012,FEM,6.88,3.12,1.94,20211112_120550_043300_1.txt
37542260,37543419,MAL,12.22,5.78,3.82,20211112_120550_043300_1.txt
37544432,37544896,MAL,11.82,5.76,3.62,20211112_120550_043300_1.txt
37545616,37546485,MAL,5.06,1.72,1.44,20211112_120550_043300_1.txt
37548085,37548667,FEM,8.02,3.56,2.33,20211112_120550_043300_1.txt
37549511,37550839,FEM,8.27,3.3,2.59,20211112_120550_043300_1.txt
37554992,37557010,FEM,15.46,6.89,4.99,20211112_120550_043300_1.txt
37558045,37558310,MAL,5.77,2.42,1.57,20211112_120550_043300_1.txt
37564749,37565210,MAL,6.58,2.86,1.88,20211112_120550_043300_1.txt
37577297,37577655,MAL,3.98,1.41,0.99,20211112_120550_043300_1.txt
37579111,37580930,MAL,11.07,4.41,3.5,20211112_120550_043300_1.txt
37596992,37598399,FEM,10.39,4.53,3.25,20211112_120550_043300_1.txt
37600033,37601140,MAL,7.88,3.17,2.37,20211112_120550_043300_1.txt
37604100,37606554,MAL,16.15,7.05,5.3,20211112_120550_043300_1.txt
37606511,37609385,FEM,17.52,7.67,5.88,20211112_120550_043300_1.txt
37610511,37612489,MAL,18.88,9.01,6.02,20211112_120550_043300_1.txt
37612510,37617186,FEM,31.88,15.11,10.91,20211112_120550_043300_1.txt
37616734,37617838,MAL,12.23,5.75,3.82,20211112_120550_043300_1.txt
37617397,37617945,FEM,9.6,4.57,2.9,20211112_120550_043300_1.txt
37618055,37620861,FEM,19.49,8.88,6.52,20211112_120550_043300_1.txt
37621083,37623511,FEM,17.59,8.0,5.82,20211112_120550_043300_1.txt
37623086,37624735,MAL,14.67,6.9,4.72,20211112_120550_043300_1.txt
37624993,37626993,FEM,16.68,7.88,5.45,20211112_120550_043300_1.txt
37628493,37631011,FEM,22.28,10.83,7.3,20211112_120550_043300_1.txt
37630445,37633992,MAL,31.92,15.49,10.42,20211112_120550_043300_1.txt
37633640,37634411,FEM,9.24,4.14,2.81,20211112_120550_043300_1.txt
37634482,37635511,MAL,13.01,6.14,4.06,20211112_120550_043300_1.txt
37635855,37636464,FEM,9.93,4.65,2.96,20211112_120550_043300_1.txt
37637011,37644036,FEM,52.15,25.55,17.9,20211112_120550_043300_1.txt
37644991,37647089,MAL,20.28,10.03,6.61,20211112_120550_043300_1.txt
37647624,37647744,MAL,7.05,3.23,1.98,20211112_120550_043300_1.txt
37647992,37648274,MAL,7.76,3.6,2.24,20211112_120550_043300_1.txt
37648992,37650188,MAL,11.66,5.43,3.64,20211112_120550_043300_1.txt
37652050,37657011,MAL,41.12,20.85,14.04,20211112_120550_043300_1.txt
37657130,37657473,MAL,8.56,4.01,2.52,20211112_120550_043300_1.txt
37658242,37663490,MAL,43.76,22.45,15.02,20211112_120550_043300_1.txt
37665042,37665563,MAL,7.95,3.64,2.34,20211112_120550_043300_1.txt
37666492,37668492,MAL,17.51,8.59,5.72,20211112_120550_043300_1.txt
37667923,37669732,FEM,17.68,8.33,5.49,20211112_120550_043300_1.txt
37670162,37671561,FEM,11.68,5.4,3.68,20211112_120550_043300_1.txt
37673093,37675010,MAL,15.01,6.9,4.77,20211112_120550_043300_1.txt
37676492,37677324,FEM,9.12,4.14,2.73,20211112_120550_043300_1.txt
37678424,37680489,MAL,20.63,10.11,6.72,20211112_120550_043300_1.txt
37683389,37693636,MAL,84.41,43.56,29.3,20211112_120550_043300_1.txt
37694012,37699172,FEM,39.55,19.81,13.6,20211112_120550_043300_1.txt
37694683,37694823,MAL,8.26,3.9,2.38,20211112_120550_043300_1.txt
37699412,37699832,MAL,8.01,3.69,2.35,20211112_120550_043300_1.txt
37702540,37703011,FEM,8.09,3.72,2.38,20211112_120550_043300_1.txt
37702614,37706237,MAL,29.93,14.9,10.08,20211112_120550_043300_1.txt
37707213,37709079,MAL,19.93,9.84,6.46,20211112_120550_043300_1.txt
37709992,37710405,MAL,3.81,1.2,0.95,20211112_120550_043300_1.txt
37711870,37718011,MAL,47.0,23.54,16.25,20211112_120550_043300_1.txt
37722505,37722635,FEM,7.04,3.2,1.98,20211112_120550_043300_1.txt
37722540,37723510,MAL,8.77,3.93,2.69,20211112_120550_043300_1.txt
37722993,37725492,FEM,18.44,8.47,6.07,20211112_120550_043300_1.txt
37724810,37725574,MAL,7.03,2.95,2.08,20211112_120550_043300_1.txt
37729928,37731511,MAL,12.98,5.89,4.15,20211112_120550_043300_1.txt
37731774,37732670,MAL,8.81,3.97,2.69,20211112_120550_043300_1.txt
37733519,37734511,MAL,10.4,4.8,3.19,20211112_120550_043300_1.txt
37736420,37741896,MAL,45.34,22.91,15.48,20211112_120550_043300_1.txt
37742011,37743644,MAL,16.27,7.92,5.25,20211112_120550_043300_1.txt
37747492,37750001,FEM,23.33,11.38,7.7,20211112_120550_043300_1.txt
37754076,37754992,MAL,13.33,6.39,4.1,20211112_120550_043300_1.txt
37755448,37760490,MAL,40.73,20.43,13.92,20211112_120550_043300_1.txt
37759510,37759616,FEM,11.06,5.44,3.31,20211112_120550_043300_1.txt
37760035,37760778,FEM,12.35,5.88,3.79,20211112_120550_043300_1.txt
37760933,37763012,MAL,15.45,6.99,5.05,20211112_120550_043300_1.txt
37766108,37767256,FEM,12.85,6.12,4.08,20211112_120550_043300_1.txt
37767435,37769614,FEM,19.78,9.53,6.51,20211112_120550_043300_1.txt
37769772,37769882,FEM,12.09,6.04,3.65,20211112_120550_043300_1.txt
37770005,37770520,FEM,11.94,5.8,3.62,20211112_120550_043300_1.txt
37772512,37788010,MAL,134.25,69.57,46.26,20211112_120550_043300_1.txt
37789011,37791692,MAL,24.99,12.17,8.17,20211112_120550_043300_1.txt
37792872,37803010,MAL,91.6,46.25,30.78,20211112_120550_043300_1.txt
37795511,37796778,FEM,11.55,5.28,3.56,20211112_120550_043300_1.txt
37797757,37798194,FEM,7.56,3.38,2.2,20211112_120550_043300_1.txt
37800010,37801991,FEM,21.56,10.39,6.81,20211112_120550_043300_1.txt
37802511,37803010,FEM,6.99,3.1,2.02,20211112_120550_043300_1.txt
37803512,37804079,MAL,11.72,5.68,3.56,20211112_120550_043300_1.txt
37803883,37804168,FEM,12.2,6.06,3.72,20211112_120550_043300_1.txt
37804661,37811991,FEM,64.11,32.02,21.51,20211112_120550_043300_1.txt
37813993,37815149,MAL,15.21,7.26,4.66,20211112_120550_043300_1.txt
37815267,37818899,FEM,30.82,14.67,10.12,20211112_120550_043300_1.txt
37816011,37821868,MAL,47.19,22.77,15.84,20211112_120550_043300_1.txt
37821462,37823492,FEM,17.55,7.87,5.59,20211112_120550_043300_1.txt
37822705,37822872,MAL,8.44,3.93,2.45,20211112_120550_043300_1.txt
37822992,37824755,MAL,16.09,7.41,5.16,20211112_120550_043300_1.txt
37823600,37828036,FEM,30.86,14.55,10.53,20211112_120550_043300_1.txt
37825993,37827881,MAL,15.98,7.22,5.14,20211112_120550_043300_1.txt
37828706,37839493,MAL,106.78,54.73,35.63,20211112_120550_043300_1.txt
37830011,37831992,FEM,18.18,8.88,5.94,20211112_120550_043300_1.txt
37839493,37839760,FEM,8.41,3.96,2.45,20211112_120550_043300_1.txt
37840011,37848143,MAL,74.07,37.38,24.81,20211112_120550_043300_1.txt
37852635,37852799,FEM,8.23,3.88,2.38,20211112_120550_043300_1.txt
37856638,37858072,FEM,11.56,5.36,3.65,20211112_120550_043300_1.txt
37861511,37864010,MAL,23.01,11.43,7.64,20211112_120550_043300_1.txt
37865752,37869488,MAL,36.1,18.59,12.16,20211112_120550_043300_1.txt
37870094,37871991,MAL,19.22,9.57,6.23,20211112_120550_043300_1.txt
37872949,37874512,MAL,15.4,7.41,4.9,20211112_120550_043300_1.txt
37873953,37875522,FEM,14.52,6.95,4.66,20211112_120550_043300_1.txt
37884011,37894495,MAL,103.69,54.03,34.87,20211112_120550_043300_1.txt
37894492,37895525,FEM,9.94,4.53,3.04,20211112_120550_043300_1.txt
37898113,37898661,MAL,5.83,2.42,1.64,20211112_120550_043300_1.txt
37904949,37908528,MAL,24.9,11.73,8.45,20211112_120550_043300_1.txt
37914731,37915485,MAL,12.39,6.03,3.81,20211112_120550_043300_1.txt
37918511,37921010,FEM,20.52,9.73,6.76,20211112_120550_043300_1.txt
37922205,37922337,MAL,10.25,5.01,3.04,20211112_120550_043300_1.txt
37929553,37930061,MAL,9.78,4.65,2.95,20211112_120550_043300_1.txt
37933993,37934187,MAL,9.05,4.32,2.65,20211112_120550_043300_1.txt
37934492,37941990,MAL,66.45,33.56,22.48,20211112_120550_043300_1.txt
37944011,37953488,MAL,74.57,37.78,25.89,20211112_120550_043300_1.txt
37954276,37955933,MAL,16.22,7.63,5.18,20211112_120550_043300_1.txt
37956455,37957675,MAL,14.17,6.66,4.43,20211112_120550_043300_1.txt
37956992,37957513,FEM,9.61,4.56,2.9,20211112_120550_043300_1.txt
37962046,37964493,MAL,22.5,11.02,7.46,20211112_120550_043300_1.txt
37974104,37978991,MAL,37.45,18.14,12.8,20211112_120550_043300_1.txt
37979656,37981013,MAL,16.27,7.95,5.15,20211112_120550_043300_1.txt
37981010,37981560,FEM,9.24,4.32,2.73,20211112_120550_043300_1.txt
37981445,37983325,MAL,21.47,10.7,6.92,20211112_120550_043300_1.txt
37982156,37982259,FEM,10.51,5.16,3.12,20211112_120550_043300_1.txt
37984660,37984868,MAL,10.37,5.04,3.1,20211112_120550_043300_1.txt
37985809,37986037,MAL,10.06,4.88,3.0,20211112_120550_043300_1.txt
37987010,37987329,MAL,6.82,3.08,1.93,20211112_120550_043300_1.txt
37990394,37993796,MAL,31.05,15.66,10.47,20211112_120550_043300_1.txt
37996594,38001511,MAL,42.72,21.57,14.51,20211112_120550_043300_1.txt
38004172,38008991,MAL,37.92,18.6,12.95,20211112_120550_043300_1.txt
38008992,38009993,FEM,13.12,6.46,4.15,20211112_120550_043300_1.txt
38012993,38013717,MAL,10.48,5.03,3.22,20211112_120550_043300_1.txt
38014520,38014858,MAL,9.12,4.36,2.7,20211112_120550_043300_1.txt
38016010,38021349,MAL,46.25,23.29,15.76,20211112_120550_043300_1.txt
38024934,38038118,MAL,111.83,57.49,38.66,20211112_120550_043300_1.txt
38028104,38028247,FEM,10.42,5.1,3.1,20211112_120550_043300_1.txt
38039012,38041491,MAL,25.36,12.72,8.37,20211112_120550_043300_1.txt
38042308,38045011,MAL,24.8,12.58,8.33,20211112_120550_043300_1.txt
38048493,38049878,FEM,16.11,8.02,5.16,20211112_120550_043300_1.txt
38050844,38051208,FEM,8.57,4.05,2.52,20211112_120550_043300_1.txt
38051512,38052249,MAL,12.85,6.24,3.91,20211112_120550_043300_1.txt
38052592,38052779,MAL,13.86,7.0,4.26,20211112_120550_043300_1.txt
38052958,38056939,MAL,36.68,18.8,12.45,20211112_120550_043300_1.txt
38052992,38053564,FEM,11.18,5.39,3.37,20211112_120550_043300_1.txt
38053859,38053962,FEM,9.94,4.85,2.93,20211112_120550_043300_1.txt
38056993,38058203,FEM,14.95,7.29,4.74,20211112_120550_043300_1.txt
38059880,38061011,MAL,12.27,5.72,3.83,20211112_120550_043300_1.txt
38063947,38064563,MAL,10.42,4.98,3.18,20211112_120550_043300_1.txt
38065120,38068618,MAL,29.4,14.63,9.94,20211112_120550_043300_1.txt
38069992,38071560,MAL,17.21,8.34,5.5,20211112_120550_043300_1.txt
38075228,38075728,MAL,6.3,2.68,1.79,20211112_120550_043300_1.txt
38078492,38078667,FEM,9.73,4.71,2.88,20211112_120550_043300_1.txt
38079632,38080391,MAL,11.79,5.65,3.66,20211112_120550_043300_1.txt
38083046,38084992,FEM,16.63,7.93,5.42,20211112_120550_043300_1.txt
38101425,38103858,MAL,23.68,11.89,7.85,20211112_120550_043300_1.txt
38104290,38104579,MAL,8.39,3.95,2.45,20211112_120550_043300_1.txt
38106217,38106399,MAL,6.96,3.17,1.96,20211112_120550_043300_1.txt
38111043,38112486,MAL,10.03,4.22,3.14,20211112_120550_043300_1.txt
38113401,38114992,MAL,13.66,6.4,4.43,20211112_120550_043300_1.txt
38121562,38123253,FEM,14.1,6.68,4.54,20211112_120550_043300_1.txt
38128926,38129351,MAL,8.66,4.07,2.57,20211112_120550_043300_1.txt
38130315,38130715,FEM,7.32,3.35,2.11,20211112_120550_043300_1.txt
38132350,38135990,MAL,27.71,13.53,9.4,20211112_120550_043300_1.txt
38139110,38140261,MAL,13.82,6.69,4.35,20211112_120550_043300_1.txt
38140843,38141049,MAL,7.71,3.6,2.21,20211112_120550_043300_1.txt
38141798,38142863,MAL,13.83,6.66,4.34,20211112_120550_043300_1.txt
38145315,38145956,MAL,7.81,3.48,2.32,20211112_120550_043300_1.txt
38147510,38149051,MAL,16.55,8.09,5.33,20211112_120550_043300_1.txt
38153049,38154461,MAL,16.25,7.96,5.21,20211112_120550_043300_1.txt
38161393,38161992,FEM,8.81,4.09,2.64,20211112_120550_043300_1.txt
38164139,38164981,MAL,10.85,5.16,3.36,20211112_120550_043300_1.txt
38165511,38167487,MAL,18.97,9.37,6.21,20211112_120550_043300_1.txt
38168764,38169010,MAL,6.05,2.66,1.66,20211112_120550_043300_1.txt
38176942,38178182,MAL,15.54,7.6,4.89,20211112_120550_043300_1.txt
38184492,38186512,MAL,19.93,9.77,6.48,20211112_120550_043300_1.txt
38189492,38193638,MAL,32.34,15.79,10.97,20211112_120550_043300_1.txt
38193512,38193936,FEM,8.87,4.11,2.63,20211112_120550_043300_1.txt
38194121,38195113,FEM,11.81,5.61,3.66,20211112_120550_043300_1.txt
38195751,38196011,MAL,8.31,3.91,2.42,20211112_120550_043300_1.txt
38197977,38200493,MAL,21.12,10.07,7.01,20211112_120550_043300_1.txt
38209342,38210037,MAL,8.93,4.08,2.65,20211112_120550_043300_1.txt
38210589,38211817,MAL,11.76,5.45,3.68,20211112_120550_043300_1.txt
38230485,38231035,MAL,8.95,4.19,2.68,20211112_120550_043300_1.txt
38242992,38243991,FEM,12.25,5.72,3.75,20211112_120550_043300_1.txt
38243080,38245483,MAL,24.89,12.05,7.93,20211112_120550_043300_1.txt
38259511,38263013,MAL,29.07,14.39,9.73,20211112_120550_043300_1.txt
38281511,38284989,MAL,33.38,16.18,10.74,20211112_120550_043300_1.txt
38283011,38283409,FEM,7.25,3.13,2.09,20211112_120550_043300_1.txt
38283511,38284512,FEM,11.8,5.54,3.6,20211112_120550_043300_1.txt
38292163,38294488,MAL,18.03,8.51,5.95,20211112_120550_043300_1.txt
38296010,38307495,MAL,94.42,48.35,32.68,20211112_120550_043300_1.txt
38307897,38308894,MAL,10.41,4.7,3.19,20211112_120550_043300_1.txt
38309993,38310492,FEM,7.06,3.06,2.04,20211112_120550_043300_1.txt
38312489,38312855,FEM,5.16,2.07,1.39,20211112_120550_043300_1.txt
38314510,38320455,MAL,44.55,21.71,15.19,20211112_120550_043300_1.txt
38322850,38324249,MAL,12.06,5.65,3.86,20211112_120550_043300_1.txt
38325493,38329832,MAL,36.03,18.29,12.24,20211112_120550_043300_1.txt
38336993,38339011,MAL,22.39,10.95,7.14,20211112_120550_043300_1.txt
38338512,38339018,FEM,10.13,4.85,3.07,20211112_120550_043300_1.txt
38340219,38347075,MAL,56.51,28.21,19.17,20211112_120550_043300_1.txt
38348993,38350831,MAL,12.88,5.88,4.16,20211112_120550_043300_1.txt
38353650,38357676,MAL,27.42,12.79,9.31,20211112_120550_043300_1.txt
38356149,38356323,FEM,8.29,3.89,2.4,20211112_120550_043300_1.txt
38359835,38361187,MAL,11.49,5.25,3.56,20211112_120550_043300_1.txt
38361813,38365634,MAL,28.0,13.65,9.53,20211112_120550_043300_1.txt
38367493,38373492,MAL,57.75,28.29,18.8,20211112_120550_043300_1.txt
38380063,38381133,MAL,8.84,4.0,2.73,20211112_120550_043300_1.txt
38383404,38386069,MAL,26.02,12.69,8.41,20211112_120550_043300_1.txt
38391197,38391442,MAL,7.25,3.35,2.07,20211112_120550_043300_1.txt
38400492,38407709,MAL,60.08,30.99,20.74,20211112_120550_043300_1.txt
38411012,38412203,FEM,12.76,6.12,4.01,20211112_120550_043300_1.txt
38412910,38414992,MAL,19.55,9.49,6.42,20211112_120550_043300_1.txt
38417492,38421512,MAL,30.94,15.33,10.54,20211112_120550_043300_1.txt
38426012,38429638,MAL,31.77,15.52,10.54,20211112_120550_043300_1.txt
38441913,38445011,MAL,29.38,14.56,9.6,20211112_120550_043300_1.txt
38445771,38451677,MAL,42.94,21.05,14.8,20211112_120550_043300_1.txt
38465493,38474992,MAL,82.82,41.35,27.85,20211112_120550_043300_1.txt
38475235,38475512,MAL,7.81,3.64,2.26,20211112_120550_043300_1.txt
38476904,38480011,MAL,26.89,13.14,8.93,20211112_120550_043300_1.txt
38484992,38488659,MAL,32.34,15.52,10.58,20211112_120550_043300_1.txt
38489135,38490438,MAL,14.1,6.7,4.47,20211112_120550_043300_1.txt
38490618,38493490,MAL,23.22,11.4,7.77,20211112_120550_043300_1.txt
38495873,38496511,FEM,8.62,3.98,2.59,20211112_120550_043300_1.txt
38502010,38518988,MAL,157.67,79.96,52.99,20211112_120550_043300_1.txt
38523492,38527490,MAL,32.58,15.69,10.87,20211112_120550_043300_1.txt
38528112,38529592,MAL,12.98,5.99,4.08,20211112_120550_043300_1.txt
38529039,38529511,FEM,7.75,3.53,2.27,20211112_120550_043300_1.txt
38533511,38536068,MAL,22.63,11.07,7.37,20211112_120550_043300_1.txt
38537512,38540011,MAL,23.54,11.73,7.77,20211112_120550_043300_1.txt
38541515,38541630,MAL,13.51,6.79,4.13,20211112_120550_043300_1.txt
38541756,38543989,MAL,21.32,10.66,7.03,20211112_120550_043300_1.txt
38547033,38548991,MAL,18.81,9.23,6.15,20211112_120550_043300_1.txt
38549080,38549936,FEM,9.31,4.23,2.8,20211112_120550_043300_1.txt
38554302,38556447,MAL,20.53,10.12,6.7,20211112_120550_043300_1.txt
38560467,38560734,MAL,8.77,4.16,2.57,20211112_120550_043300_1.txt
38561511,38562294,FEM,10.0,4.64,3.02,20211112_120550_043300_1.txt
38572764,38574511,FEM,19.6,9.46,6.11,20211112_120550_043300_1.txt
38573012,38575825,MAL,27.46,13.59,8.91,20211112_120550_043300_1.txt
38577209,38578810,FEM,17.01,8.29,5.39,20211112_120550_043300_1.txt
38582514,38582944,MAL,6.61,2.87,1.88,20211112_120550_043300_1.txt
38587492,38589203,FEM,14.75,6.88,4.76,20211112_120550_043300_1.txt
38595493,38596308,FEM,9.27,4.19,2.78,20211112_120550_043300_1.txt
38595569,38597488,MAL,14.76,6.87,4.8,20211112_120550_043300_1.txt
38598010,38598240,FEM,7.03,3.2,1.99,20211112_120550_043300_1.txt
38598491,38599065,FEM,6.72,2.89,1.89,20211112_120550_043300_1.txt
38602718,38602828,MAL,4.64,1.89,1.17,20211112_120550_043300_1.txt
38602992,38605248,MAL,17.09,8.04,5.63,20211112_120550_043300_1.txt
38609447,38609992,FEM,8.31,3.84,2.47,20211112_120550_043300_1.txt
38611492,38611985,FEM,4.42,1.63,1.16,20211112_120550_043300_1.txt
38613733,38615658,MAL,16.27,7.68,5.3,20211112_120550_043300_1.txt
38615010,38615518,FEM,9.92,4.71,3.0,20211112_120550_043300_1.txt
38617403,38620930,FEM,30.85,15.07,10.11,20211112_120550_043300_1.txt
38619496,38619769,MAL,7.11,3.22,2.02,20211112_120550_043300_1.txt
38619928,38620920,MAL,11.78,5.46,3.59,20211112_120550_043300_1.txt
38623846,38627012,MAL,25.18,12.37,8.48,20211112_120550_043300_1.txt
38628374,38628492,FEM,9.72,4.72,2.87,20211112_120550_043300_1.txt
38629211,38630031,MAL,9.63,4.29,2.9,20211112_120550_043300_1.txt
38631990,38638011,MAL,47.97,24.2,16.39,20211112_120550_043300_1.txt
38641440,38642574,MAL,9.6,4.27,2.95,20211112_120550_043300_1.txt
38647434,38648511,FEM,12.05,5.65,3.75,20211112_120550_043300_1.txt
38656938,38657343,FEM,7.98,3.68,2.33,20211112_120550_043300_1.txt
38658512,38662486,MAL,30.68,15.25,10.45,20211112_120550_043300_1.txt
38723511,38724846,FEM,15.78,7.69,5.04,20211112_120550_043300_1.txt
38744939,38745295,MAL,3.83,1.37,0.94,20211112_120550_043300_1.txt
38752013,38754490,MAL,19.73,9.58,6.55,20211112_120550_043300_1.txt
38795451,38796082,FEM,9.57,4.47,2.9,20211112_120550_043300_1.txt
38798801,38800347,FEM,13.87,6.57,4.44,20211112_120550_043300_1.txt
38804027,38804206,MAL,9.81,4.73,2.9,20211112_120550_043300_1.txt
38823823,38824511,FEM,5.49,2.27,1.55,20211112_120550_043300_1.txt
38824957,38826486,MAL,13.94,6.67,4.51,20211112_120550_043300_1.txt
38858010,38858120,MAL,8.28,3.92,2.38,20211112_120550_043300_1.txt
38860012,38869092,MAL,70.22,35.65,24.48,20211112_120550_043300_1.txt
38904011,38905339,MAL,15.04,7.35,4.79,20211112_120550_043300_1.txt
38909511,38911492,MAL,18.17,8.84,5.99,20211112_120550_043300_1.txt
38916165,38917991,MAL,18.87,9.16,6.1,20211112_120550_043300_1.txt
38919272,38920278,MAL,9.75,4.44,2.97,20211112_120550_043300_1.txt
38936592,38938448,MAL,18.91,9.12,6.17,20211112_120550_043300_1.txt
38940991,38942992,MAL,18.57,8.69,6.02,20211112_120550_043300_1.txt
38943686,38944675,MAL,10.87,4.85,3.34,20211112_120550_043300_1.txt
38944005,38944511,FEM,8.5,3.88,2.52,20211112_120550_043300_1.txt
38944992,38945235,MAL,10.43,5.05,3.12,20211112_120550_043300_1.txt
38945492,38947490,MAL,18.7,8.88,6.12,20211112_120550_043300_1.txt
38946511,38946849,FEM,9.46,4.53,2.82,20211112_120550_043300_1.txt
38956493,38962225,MAL,48.46,24.99,16.67,20211112_120550_043300_1.txt
38964011,38967491,MAL,27.31,13.46,9.19,20211112_120550_043300_1.txt
38968142,38969355,MAL,10.98,5.05,3.42,20211112_120550_043300_1.txt
38968493,38969009,FEM,6.68,2.96,1.92,20211112_120550_043300_1.txt
38971292,38973464,MAL,17.37,8.34,5.71,20211112_120550_043300_1.txt
38974492,38974639,MAL,9.57,4.59,2.82,20211112_120550_043300_1.txt
38974773,38976533,MAL,13.13,5.85,4.22,20211112_120550_043300_1.txt
38978535,38981011,MAL,22.76,11.26,7.56,20211112_120550_043300_1.txt
38981231,38981489,MAL,12.52,6.2,3.82,20211112_120550_043300_1.txt
38983511,38986521,MAL,27.59,13.45,9.09,20211112_120550_043300_1.txt
38987497,38988682,MAL,15.35,7.39,4.82,20211112_120550_043300_1.txt
38987585,38989013,FEM,15.7,7.56,5.03,20211112_120550_043300_1.txt
38988992,38989473,MAL,8.35,3.78,2.47,20211112_120550_043300_1.txt
38989274,38989735,FEM,8.56,3.94,2.54,20211112_120550_043300_1.txt
39002192,39005987,MAL,32.77,16.35,11.06,20211112_120550_043300_1.txt
39158012,39162011,MAL,34.05,17.06,11.57,20211112_120550_043300_1.txt
39162712,39163201,FEM,10.45,4.97,3.17,20211112_120550_043300_1.txt
39167510,39168880,MAL,16.73,8.0,5.31,20211112_120550_043300_1.txt
39170712,39173490,MAL,28.3,13.92,9.19,20211112_120550_043300_1.txt
39182992,39186510,MAL,30.27,14.66,9.97,20211112_120550_043300_1.txt
39226493,39227170,FEM,9.21,4.18,2.74,20211112_120550_043300_1.txt
39294960,39295703,MAL,12.19,5.79,3.69,20211112_120550_043300_1.txt
39296094,39298492,MAL,24.67,12.4,8.18,20211112_120550_043300_1.txt
39344010,39356987,MAL,120.2,60.74,40.31,20211112_120550_043300_1.txt
39358511,39361493,MAL,27.62,13.86,9.26,20211112_120550_043300_1.txt
39408223,39409011,MAL,6.33,2.45,1.8,20211112_120550_043300_1.txt
39440993,39442986,MAL,18.75,9.14,6.08,20211112_120550_043300_1.txt
39444011,39446925,MAL,23.99,11.74,7.99,20211112_120550_043300_1.txt
39450491,39452511,MAL,19.42,9.77,6.37,20211112_120550_043300_1.txt
39455021,39456224,MAL,11.31,5.28,3.52,20211112_120550_043300_1.txt
39474992,39475434,MAL,5.96,2.48,1.67,20211112_120550_043300_1.txt
39541692,39543373,FEM,11.76,5.09,3.76,20211112_120550_043300_1.txt
39612510,39613119,FEM,6.42,2.81,1.85,20211112_120550_043300_1.txt
39647838,39654203,FEM,43.22,20.74,14.97,20211112_120550_043300_1.txt
39658641,39661646,FEM,20.95,9.68,7.04,20211112_120550_043300_1.txt
39664310,39665754,FEM,11.14,5.01,3.56,20211112_120550_043300_1.txt
39668289,39669629,FEM,11.28,5.0,3.54,20211112_120550_043300_1.txt
39672107,39676550,FEM,30.9,14.82,10.6,20211112_120550_043300_1.txt
39685904,39687559,FEM,11.48,5.0,3.66,20211112_120550_043300_1.txt
39695992,39698511,FEM,18.16,8.47,6.03,20211112_120550_043300_1.txt
39704008,39706183,FEM,15.22,6.87,4.99,20211112_120550_043300_1.txt
39707153,39707263,FEM,4.51,1.82,1.13,20211112_120550_043300_1.txt
39707511,39708605,FEM,10.33,4.63,3.18,20211112_120550_043300_1.txt
39713993,39715193,FEM,8.46,3.51,2.58,20211112_120550_043300_1.txt
39718610,39719511,FEM,8.04,3.37,2.38,20211112_120550_043300_1.txt
39721244,39723517,FEM,16.21,7.44,5.28,20211112_120550_043300_1.txt
39724506,39726015,FEM,11.0,4.8,3.47,20211112_120550_043300_1.txt
39729830,39732029,FEM,13.5,5.82,4.42,20211112_120550_043300_1.txt
39732510,39733492,FEM,7.48,2.93,2.21,20211112_120550_043300_1.txt
39734820,39739174,FEM,26.94,12.34,9.26,20211112_120550_043300_1.txt
39741511,39743511,FEM,13.89,6.23,4.52,20211112_120550_043300_1.txt
39745578,39748011,FEM,17.73,8.25,5.87,20211112_120550_043300_1.txt
39747925,39750515,MAL,22.47,10.77,7.42,20211112_120550_043300_1.txt
39750743,39753011,FEM,18.51,8.54,6.05,20211112_120550_043300_1.txt
39752512,39758013,MAL,38.88,18.89,13.44,20211112_120550_043300_1.txt
39758511,39760099,FEM,12.86,5.74,4.11,20211112_120550_043300_1.txt
39760246,39766989,MAL,49.4,24.57,17.15,20211112_120550_043300_1.txt
39769491,39770284,MAL,8.56,3.71,2.54,20211112_120550_043300_1.txt
39770492,39770624,MAL,9.82,4.76,2.9,20211112_120550_043300_1.txt
39770816,39770954,MAL,8.45,4.01,2.45,20211112_120550_043300_1.txt
39772171,39772397,MAL,7.74,3.55,2.22,20211112_120550_043300_1.txt
39773152,39775975,MAL,23.74,10.79,7.57,20211112_120550_043300_1.txt
39776500,39778454,FEM,12.84,5.6,4.11,20211112_120550_043300_1.txt
39777882,39779620,MAL,18.47,8.7,5.74,20211112_120550_043300_1.txt
39778779,39778880,FEM,8.27,3.92,2.38,20211112_120550_043300_1.txt
39779011,39780015,FEM,10.85,4.94,3.29,20211112_120550_043300_1.txt
39782512,39789011,MAL,55.56,27.8,18.68,20211112_120550_043300_1.txt
39790150,39795012,MAL,42.76,21.25,14.2,20211112_120550_043300_1.txt
39790626,39790992,FEM,6.9,3.01,1.97,20211112_120550_043300_1.txt
39795843,39798551,MAL,20.46,9.87,6.83,20211112_120550_043300_1.txt
39805766,39808017,MAL,19.9,9.58,6.46,20211112_120550_043300_1.txt
39809991,39811808,MAL,18.5,9.02,5.97,20211112_120550_043300_1.txt
39812064,39813993,FEM,15.22,6.92,4.95,20211112_120550_043300_1.txt
39814492,39815511,MAL,10.32,4.6,3.16,20211112_120550_043300_1.txt
39833011,39835493,MAL,20.21,9.49,6.71,20211112_120550_043300_1.txt
39836818,39837987,MAL,9.08,3.62,2.83,20211112_120550_043300_1.txt
39849260,39850168,MAL,9.45,4.33,2.91,20211112_120550_043300_1.txt
39856894,39858011,MAL,13.32,6.35,4.18,20211112_120550_043300_1.txt
39858939,39859580,FEM,6.92,3.01,2.02,20211112_120550_043300_1.txt
39863473,39865490,MAL,17.14,8.06,5.6,20211112_120550_043300_1.txt
39869634,39870773,MAL,12.97,6.19,4.07,20211112_120550_043300_1.txt
39902271,39903493,FEM,8.54,3.64,2.61,20211112_120550_043300_1.txt
39906705,39907073,FEM,8.74,4.09,2.58,20211112_120550_043300_1.txt
39909237,39911782,MAL,21.82,10.6,7.25,20211112_120550_043300_1.txt
39912116,39912740,FEM,4.6,1.56,1.24,20211112_120550_043300_1.txt
39913223,39913512,FEM,7.06,3.15,2.01,20211112_120550_043300_1.txt
39914805,39915487,MAL,10.77,5.17,3.31,20211112_120550_043300_1.txt
39928123,39929999,MAL,19.48,9.41,6.31,20211112_120550_043300_1.txt
39931993,39935992,MAL,33.22,16.23,11.19,20211112_120550_043300_1.txt
39936993,39938493,FEM,17.12,8.25,5.51,20211112_120550_043300_1.txt
39937695,39937838,MAL,11.43,5.57,3.44,20211112_120550_043300_1.txt
39937971,39942905,MAL,45.07,22.26,14.98,20211112_120550_043300_1.txt
39944112,39947099,MAL,23.41,11.25,7.86,20211112_120550_043300_1.txt
39967447,39970262,FEM,19.98,9.33,6.58,20211112_120550_043300_1.txt
39977012,39977511,FEM,10.18,4.87,3.08,20211112_120550_043300_1.txt
39994493,39995990,MAL,15.43,7.42,5.0,20211112_120550_043300_1.txt
40019167,40019579,FEM,4.42,1.63,1.15,20211112_120550_043300_1.txt
40020060,40020495,FEM,5.87,2.4,1.58,20211112_120550_043300_1.txt
40024619,40030377,MAL,44.89,22.07,15.32,20211112_120550_043300_1.txt
40059298,40060511,FEM,8.75,3.86,2.68,20211112_120550_043300_1.txt
40079823,40080957,FEM,9.19,4.09,2.86,20211112_120550_043300_1.txt
40109492,40109698,FEM,8.64,4.1,2.52,20211112_120550_043300_1.txt
40109921,40110537,FEM,5.37,2.07,1.5,20211112_120550_043300_1.txt
40110753,40111992,FEM,10.72,4.99,3.34,20211112_120550_043300_1.txt
40112579,40113831,MAL,11.13,5.2,3.53,20211112_120550_043300_1.txt
40113384,40113492,FEM,8.87,4.25,2.58,20211112_120550_043300_1.txt
40113741,40114462,FEM,9.96,4.67,3.05,20211112_120550_043300_1.txt
40114805,40114992,FEM,5.98,2.64,1.63,20211112_120550_043300_1.txt
40115613,40116489,MAL,12.34,5.89,3.81,20211112_120550_043300_1.txt
40116710,40117512,FEM,8.5,3.8,2.52,20211112_120550_043300_1.txt
40118421,40119057,FEM,6.73,2.96,1.96,20211112_120550_043300_1.txt
40119214,40119315,FEM,9.4,4.54,2.75,20211112_120550_043300_1.txt
40119850,40121622,MAL,14.19,6.64,4.58,20211112_120550_043300_1.txt
40123959,40126286,MAL,20.25,9.89,6.69,20211112_120550_043300_1.txt
40128519,40129499,FEM,10.62,4.89,3.26,20211112_120550_043300_1.txt
40129977,40134972,MAL,41.0,20.47,13.9,20211112_120550_043300_1.txt
40135228,40138036,MAL,25.97,12.77,8.57,20211112_120550_043300_1.txt
40138414,40140584,FEM,18.82,9.12,6.19,20211112_120550_043300_1.txt
40140993,40143820,MAL,18.28,7.91,6.07,20211112_120550_043300_1.txt
40144354,40148981,MAL,35.77,17.46,12.15,20211112_120550_043300_1.txt
40153177,40155129,MAL,18.27,8.87,5.87,20211112_120550_043300_1.txt
40158541,40159520,MAL,9.85,4.56,3.06,20211112_120550_043300_1.txt
40161933,40162181,MAL,13.42,6.74,4.12,20211112_120550_043300_1.txt
40163710,40164819,FEM,12.76,5.93,3.99,20211112_120550_043300_1.txt
40167551,40169011,MAL,16.85,8.3,5.41,20211112_120550_043300_1.txt
40182011,40182755,FEM,10.41,4.85,3.1,20211112_120550_043300_1.txt
40182991,40184991,MAL,16.75,8.09,5.52,20211112_120550_043300_1.txt
40184492,40186433,FEM,18.83,9.19,6.1,20211112_120550_043300_1.txt
40186010,40187800,MAL,18.8,8.84,5.91,20211112_120550_043300_1.txt
40188759,40189488,MAL,9.97,4.65,3.0,20211112_120550_043300_1.txt
40188904,40190063,FEM,12.44,5.74,3.84,20211112_120550_043300_1.txt
40189736,40189876,MAL,7.66,3.56,2.18,20211112_120550_043300_1.txt
40189993,40191490,MAL,14.92,7.0,4.72,20211112_120550_043300_1.txt
40199547,40199844,MAL,7.2,3.28,2.06,20211112_120550_043300_1.txt
40200121,40204011,FEM,34.15,17.03,11.27,20211112_120550_043300_1.txt
40201172,40201511,MAL,6.59,2.92,1.86,20211112_120550_043300_1.txt
40204466,40204991,FEM,4.44,1.63,1.18,20211112_120550_043300_1.txt
40205469,40205891,MAL,6.73,2.96,1.92,20211112_120550_043300_1.txt
40205768,40206691,FEM,5.97,2.24,1.7,20211112_120550_043300_1.txt
40206058,40206269,MAL,2.91,0.86,0.61,20211112_120550_043300_1.txt
40207820,40208011,MAL,7.36,3.37,2.09,20211112_120550_043300_1.txt
40209011,40212492,FEM,26.76,12.56,8.74,20211112_120550_043300_1.txt
40211492,40211703,MAL,7.16,3.27,2.03,20211112_120550_043300_1.txt
40212126,40214055,MAL,13.86,6.36,4.5,20211112_120550_043300_1.txt
40218356,40219011,FEM,5.87,2.41,1.62,20211112_120550_043300_1.txt
40220857,40220992,FEM,5.39,2.28,1.43,20211112_120550_043300_1.txt
40221971,40223348,FEM,12.08,5.66,3.81,20211112_120550_043300_1.txt
40222492,40223489,MAL,10.91,5.08,3.31,20211112_120550_043300_1.txt
40223778,40225493,FEM,12.61,5.89,4.05,20211112_120550_043300_1.txt
40230049,40231902,FEM,16.35,7.75,5.26,20211112_120550_043300_1.txt
40236011,40238934,MAL,25.37,12.72,8.5,20211112_120550_043300_1.txt
40252758,40259488,MAL,59.93,29.97,19.97,20211112_120550_043300_1.txt
40261514,40264511,MAL,24.76,11.71,7.99,20211112_120550_043300_1.txt
40265011,40274820,MAL,89.74,44.61,29.73,20211112_120550_043300_1.txt
40275993,40279905,MAL,34.91,17.16,11.42,20211112_120550_043300_1.txt
40283492,40285490,MAL,19.5,9.75,6.39,20211112_120550_043300_1.txt
40285883,40287992,MAL,17.62,8.37,5.73,20211112_120550_043300_1.txt
40287809,40288992,FEM,8.47,3.62,2.58,20211112_120550_043300_1.txt
40289493,40291012,MAL,11.1,4.92,3.51,20211112_120550_043300_1.txt
40292748,40299503,MAL,65.45,33.01,21.6,20211112_120550_043300_1.txt
40300899,40307647,MAL,57.01,27.71,18.94,20211112_120550_043300_1.txt
40301722,40301948,FEM,5.99,2.58,1.64,20211112_120550_043300_1.txt
40309010,40311526,MAL,22.17,10.84,7.26,20211112_120550_043300_1.txt
40312419,40314490,MAL,16.03,7.47,5.24,20211112_120550_043300_1.txt
40324755,40326591,MAL,16.95,7.94,5.3,20211112_120550_043300_1.txt
40327011,40329988,MAL,25.07,12.53,8.36,20211112_120550_043300_1.txt
40330492,40336898,MAL,56.1,27.72,18.64,20211112_120550_043300_1.txt
40337582,40340505,MAL,25.44,12.62,8.42,20211112_120550_043300_1.txt
40341451,40341924,MAL,10.01,4.78,3.02,20211112_120550_043300_1.txt
40344510,40347359,MAL,23.76,11.72,7.95,20211112_120550_043300_1.txt
40350493,40352440,MAL,19.27,9.43,6.25,20211112_120550_043300_1.txt
40354178,40354301,MAL,9.63,4.68,2.84,20211112_120550_043300_1.txt
40354511,40355301,MAL,12.49,6.02,3.85,20211112_120550_043300_1.txt
40356313,40356485,MAL,8.81,4.21,2.57,20211112_120550_043300_1.txt
40356892,40357039,MAL,7.15,3.3,2.01,20211112_120550_043300_1.txt
40357155,40358372,MAL,11.46,5.31,3.58,20211112_120550_043300_1.txt
40359011,40360315,MAL,12.81,5.89,3.99,20211112_120550_043300_1.txt
40360992,40361993,MAL,11.31,5.22,3.54,20211112_120550_043300_1.txt
40363518,40366991,FEM,27.33,13.73,9.25,20211112_120550_043300_1.txt
40366510,40367035,MAL,7.69,3.53,2.26,20211112_120550_043300_1.txt
40370010,40371827,MAL,12.77,5.79,4.12,20211112_120550_043300_1.txt
40372511,40375656,MAL,26.23,12.2,8.51,20211112_120550_043300_1.txt
40382783,40383510,FEM,8.22,3.62,2.47,20211112_120550_043300_1.txt
40384511,40386992,MAL,22.16,10.49,7.09,20211112_120550_043300_1.txt
40388510,40389725,MAL,12.76,6.01,4.01,20211112_120550_043300_1.txt
40391219,40392019,MAL,8.11,3.62,2.44,20211112_120550_043300_1.txt
40392510,40395014,MAL,20.7,10.13,6.87,20211112_120550_043300_1.txt
40395512,40403511,MAL,61.17,30.84,21.23,20211112_120550_043300_1.txt
40404417,40415517,MAL,78.16,38.25,27.25,20211112_120550_043300_1.txt
40417512,40432011,MAL,104.2,50.8,36.18,20211112_120550_043300_1.txt
40432912,40435695,MAL,22.28,10.77,7.4,20211112_120550_043300_1.txt
40436972,40438833,MAL,17.85,8.75,5.82,20211112_120550_043300_1.txt
40438992,40442494,MAL,32.65,15.87,10.65,20211112_120550_043300_1.txt
40442662,40442767,MAL,5.72,2.5,1.53,20211112_120550_043300_1.txt
40445511,40450037,MAL,31.69,14.96,10.82,20211112_120550_043300_1.txt
40451014,40453201,MAL,19.55,9.63,6.44,20211112_120550_043300_1.txt
40455141,40456292,MAL,10.05,4.63,3.1,20211112_120550_043300_1.txt
40457161,40458012,MAL,9.89,4.62,2.99,20211112_120550_043300_1.txt
40457894,40458717,FEM,9.26,4.24,2.78,20211112_120550_043300_1.txt
40458332,40458433,MAL,8.7,4.17,2.52,20211112_120550_043300_1.txt
40459011,40461314,MAL,21.14,10.22,6.93,20211112_120550_043300_1.txt
40461566,40463512,MAL,16.78,8.0,5.47,20211112_120550_043300_1.txt
40465528,40468701,MAL,23.0,10.57,7.7,20211112_120550_043300_1.txt
40467020,40467219,FEM,9.72,4.7,2.88,20211112_120550_043300_1.txt
40468292,40469014,FEM,10.09,4.55,3.04,20211112_120550_043300_1.txt
40470911,40474298,MAL,25.27,12.13,8.54,20211112_120550_043300_1.txt
40474510,40482512,MAL,56.0,27.24,19.5,20211112_120550_043300_1.txt
40485943,40493604,MAL,45.35,19.72,15.58,20211112_120550_043300_1.txt
40494035,40494489,MAL,6.6,2.85,1.88,20211112_120550_043300_1.txt
40494065,40495511,FEM,12.9,5.84,4.04,20211112_120550_043300_1.txt
40497492,40501954,MAL,37.52,18.6,12.65,20211112_120550_043300_1.txt
40502432,40509987,MAL,55.57,26.78,19.02,20211112_120550_043300_1.txt
40511510,40517993,MAL,50.1,24.13,16.92,20211112_120550_043300_1.txt
40516634,40517614,FEM,10.09,4.58,3.08,20211112_120550_043300_1.txt
40519386,40520383,MAL,11.57,5.44,3.58,20211112_120550_043300_1.txt
40522511,40525260,MAL,20.48,9.79,6.84,20211112_120550_043300_1.txt
40526011,40536678,MAL,82.0,40.19,28.09,20211112_120550_043300_1.txt
40529325,40530354,FEM,8.83,3.57,2.67,20211112_120550_043300_1.txt
40536504,40537010,FEM,8.3,3.84,2.46,20211112_120550_043300_1.txt
40540556,40546061,MAL,43.67,21.82,14.93,20211112_120550_043300_1.txt
40546268,40549304,MAL,25.02,11.91,8.24,20211112_120550_043300_1.txt
40549712,40551489,MAL,14.23,6.48,4.59,20211112_120550_043300_1.txt
40555677,40560311,MAL,34.31,16.61,11.77,20211112_120550_043300_1.txt
40565809,40566967,MAL,12.91,6.16,4.05,20211112_120550_043300_1.txt
40568011,40570011,MAL,16.84,8.04,5.56,20211112_120550_043300_1.txt
40571942,40574492,MAL,22.66,11.15,7.48,20211112_120550_043300_1.txt
40574874,40577878,MAL,23.29,11.24,7.82,20211112_120550_043300_1.txt
40580197,40585491,MAL,38.36,17.48,12.8,20211112_120550_043300_1.txt
40601993,40603191,MAL,12.33,5.67,3.86,20211112_120550_043300_1.txt
40607220,40609610,MAL,22.85,11.15,7.52,20211112_120550_043300_1.txt
40632850,40634202,FEM,10.83,4.91,3.44,20211112_120550_043300_1.txt
40658591,40659496,FEM,7.95,3.47,2.41,20211112_120550_043300_1.txt
40673510,40673991,FEM,5.34,2.2,1.47,20211112_120550_043300_1.txt
40687491,40696354,MAL,71.5,35.49,24.45,20211112_120550_043300_1.txt
40697512,40698087,MAL,10.85,5.07,3.27,20211112_120550_043300_1.txt
40697993,40698492,FEM,9.22,4.31,2.76,20211112_120550_043300_1.txt
40704235,40704993,FEM,9.41,4.39,2.87,20211112_120550_043300_1.txt
40704992,40711511,MAL,54.49,27.24,18.44,20211112_120550_043300_1.txt
40711726,40711988,MAL,6.3,2.77,1.75,20211112_120550_043300_1.txt
40712936,40713496,MAL,6.09,2.61,1.73,20211112_120550_043300_1.txt
40713492,40714010,FEM,7.66,3.46,2.25,20211112_120550_043300_1.txt
40714993,40715609,MAL,9.03,4.21,2.72,20211112_120550_043300_1.txt
40717765,40717875,MAL,4.37,1.75,1.08,20211112_120550_043300_1.txt
40718012,40720992,FEM,22.1,10.36,7.42,20211112_120550_043300_1.txt
40720043,40720829,MAL,9.57,4.23,2.88,20211112_120550_043300_1.txt
40722033,40722598,FEM,9.21,4.32,2.77,20211112_120550_043300_1.txt
40722991,40723992,FEM,8.3,3.6,2.49,20211112_120550_043300_1.txt
40729039,40729356,MAL,8.51,4.02,2.5,20211112_120550_043300_1.txt
40731517,40733944,MAL,21.6,10.48,7.11,20211112_120550_043300_1.txt
40751512,40752398,MAL,10.76,5.08,3.29,20211112_120550_043300_1.txt
40753371,40755733,MAL,19.44,9.0,6.37,20211112_120550_043300_1.txt
40771510,40773010,FEM,11.08,5.15,3.55,20211112_120550_043300_1.txt
40788529,40790156,MAL,11.31,5.16,3.65,20211112_120550_043300_1.txt
40792493,40793664,FEM,9.57,4.37,2.94,20211112_120550_043300_1.txt
40797493,40799638,MAL,13.83,6.24,4.58,20211112_120550_043300_1.txt
40799752,40799874,MAL,4.04,1.56,0.97,20211112_120550_043300_1.txt
40807992,40809683,MAL,15.29,7.35,4.93,20211112_120550_043300_1.txt
40815681,40817475,MAL,16.06,7.88,5.21,20211112_120550_043300_1.txt
40817871,40820774,MAL,23.55,11.1,7.79,20211112_120550_043300_1.txt
40821578,40822120,MAL,6.53,2.88,1.88,20211112_120550_043300_1.txt
40823708,40826197,MAL,23.47,11.42,7.64,20211112_120550_043300_1.txt
40828992,40831991,MAL,21.44,9.76,7.15,20211112_120550_043300_1.txt
40832800,40833802,MAL,14.08,6.87,4.41,20211112_120550_043300_1.txt
40833992,40836491,MAL,19.88,9.66,6.65,20211112_120550_043300_1.txt
40846381,40846880,FEM,5.27,2.17,1.45,20211112_120550_043300_1.txt
40847200,40847492,FEM,5.48,2.29,1.48,20211112_120550_043300_1.txt
40848492,40849248,MAL,11.05,5.22,3.36,20211112_120550_043300_1.txt
40893518,40893989,MAL,7.4,3.28,2.15,20211112_120550_043300_1.txt
40894136,40896166,MAL,15.13,6.82,4.94,20211112_120550_043300_1.txt
40896301,40896439,MAL,8.81,4.16,2.57,20211112_120550_043300_1.txt
40903010,40905003,MAL,19.52,9.37,6.34,20211112_120550_043300_1.txt
40906104,40907786,MAL,14.04,6.54,4.52,20211112_120550_043300_1.txt
40919165,40919940,MAL,7.11,3.11,2.11,20211112_120550_043300_1.txt
40929011,40930982,MAL,17.16,8.43,5.66,20211112_120550_043300_1.txt
40964636,40965267,FEM,7.04,3.13,2.06,20211112_120550_043300_1.txt
41003942,41007261,MAL,29.11,14.61,9.76,20211112_120550_043300_1.txt
41008186,41009011,FEM,8.32,3.85,2.52,20211112_120550_043300_1.txt
41021993,41022666,MAL,8.93,4.17,2.7,20211112_120550_043300_1.txt
41066146,41067511,MAL,13.76,6.46,4.21,20211112_120550_043300_1.txt
41068613,41068745,MAL,4.57,1.85,1.15,20211112_120550_043300_1.txt
41068991,41069469,MAL,6.64,2.95,1.9,20211112_120550_043300_1.txt
41072493,41077064,MAL,40.79,20.35,13.6,20211112_120550_043300_1.txt
41099694,41101328,MAL,11.89,5.19,3.84,20211112_120550_043300_1.txt
41103590,41111810,MAL,61.04,30.55,21.27,20211112_120550_043300_1.txt
41108334,41108682,FEM,5.42,2.21,1.47,20211112_120550_043300_1.txt
41112873,41119491,MAL,51.37,25.09,17.46,20211112_120550_043300_1.txt
41127183,41127738,MAL,8.21,3.81,2.44,20211112_120550_043300_1.txt
41130285,41130400,MAL,4.83,2.0,1.24,20211112_120550_043300_1.txt
41135194,41136880,MAL,16.44,7.97,5.26,20211112_120550_043300_1.txt
41137492,41139993,MAL,18.66,8.66,6.19,20211112_120550_043300_1.txt
41141129,41142460,MAL,10.77,4.94,3.42,20211112_120550_043300_1.txt
41143526,41147107,MAL,30.02,14.6,10.05,20211112_120550_043300_1.txt
41143850,41143992,FEM,10.75,5.29,3.21,20211112_120550_043300_1.txt
41149011,41151993,MAL,23.8,11.44,7.93,20211112_120550_043300_1.txt
41155405,41158051,MAL,23.33,11.0,7.56,20211112_120550_043300_1.txt
41156222,41156492,FEM,6.55,2.93,1.83,20211112_120550_043300_1.txt
41172854,41173838,MAL,10.44,4.73,3.25,20211112_120550_043300_1.txt
41177992,41178512,FEM,8.44,3.85,2.51,20211112_120550_043300_1.txt
41187012,41189997,MAL,20.1,8.81,6.65,20211112_120550_043300_1.txt
41190992,41191510,FEM,7.12,3.19,2.07,20211112_120550_043300_1.txt
41227405,41228806,MAL,11.28,4.81,3.5,20211112_120550_043300_1.txt
41305110,41306231,FEM,13.49,6.53,4.24,20211112_120550_043300_1.txt
41309708,41309835,FEM,7.59,3.52,2.16,20211112_120550_043300_1.txt
41352839,41353686,FEM,6.9,3.01,2.05,20211112_120550_043300_1.txt
41358769,41358944,MAL,9.16,4.41,2.69,20211112_120550_043300_1.txt
41388011,41390011,MAL,19.24,9.42,6.3,20211112_120550_043300_1.txt
41417011,41417786,MAL,9.29,4.2,2.83,20211112_120550_043300_1.txt
41418992,41420028,MAL,12.25,5.77,3.86,20211112_120550_043300_1.txt
41435493,41439668,MAL,29.74,14.34,10.16,20211112_120550_043300_1.txt
41445513,41448512,MAL,27.8,13.59,9.0,20211112_120550_043300_1.txt
41448809,41448988,MAL,8.06,3.78,2.32,20211112_120550_043300_1.txt
41468483,41468643,MAL,8.69,4.11,2.53,20211112_120550_043300_1.txt
41474287,41475485,MAL,14.0,6.86,4.47,20211112_120550_043300_1.txt
41478296,41481011,FEM,21.79,10.51,7.11,20211112_120550_043300_1.txt
41484992,41488092,FEM,21.57,10.23,7.21,20211112_120550_043300_1.txt
41493011,41497284,MAL,30.1,14.38,10.3,20211112_120550_043300_1.txt
41498470,41498894,MAL,7.73,3.45,2.25,20211112_120550_043300_1.txt
41499992,41502115,MAL,13.23,5.51,4.32,20211112_120550_043300_1.txt
41500034,41500510,FEM,9.15,4.22,2.68,20211112_120550_043300_1.txt
41502998,41504017,MAL,9.08,4.02,2.75,20211112_120550_043300_1.txt
41505946,41506511,FEM,4.39,1.62,1.17,20211112_120550_043300_1.txt
41511337,41512238,MAL,10.19,4.77,3.15,20211112_120550_043300_1.txt
41515495,41515763,FEM,7.69,3.53,2.22,20211112_120550_043300_1.txt
41520389,41522011,MAL,12.32,5.48,3.98,20211112_120550_043300_1.txt
41522492,41523211,FEM,5.67,2.31,1.62,20211112_120550_043300_1.txt
41523786,41523992,FEM,7.33,3.37,2.08,20211112_120550_043300_1.txt
41525511,41527082,MAL,13.98,6.39,4.42,20211112_120550_043300_1.txt
41537345,41537492,FEM,6.49,2.91,1.79,20211112_120550_043300_1.txt
41541662,41542342,MAL,11.19,5.28,3.4,20211112_120550_043300_1.txt
41546751,41547534,MAL,8.45,3.62,2.5,20211112_120550_043300_1.txt
41550182,41550327,MAL,10.81,5.33,3.23,20211112_120550_043300_1.txt
41553513,41554438,MAL,6.97,2.77,2.09,20211112_120550_043300_1.txt
41556132,41556810,MAL,10.82,5.12,3.27,20211112_120550_043300_1.txt
41558677,41561490,MAL,22.16,10.76,7.41,20211112_120550_043300_1.txt
41563145,41563820,FEM,10.87,5.14,3.29,20211112_120550_043300_1.txt
41563160,41563270,MAL,10.45,5.07,3.11,20211112_120550_043300_1.txt
41563424,41567862,MAL,36.02,18.06,12.3,20211112_120550_043300_1.txt
41570992,41571093,MAL,9.79,4.76,2.88,20211112_120550_043300_1.txt
41602486,41603504,MAL,12.77,6.13,3.93,20211112_120550_043300_1.txt
41604011,41604686,MAL,9.18,4.05,2.73,20211112_120550_043300_1.txt
41606224,41606416,MAL,9.13,4.34,2.68,20211112_120550_043300_1.txt
41618980,41620087,MAL,13.49,6.41,4.24,20211112_120550_043300_1.txt
41630492,41636066,MAL,40.4,19.63,13.95,20211112_120550_043300_1.txt
41875512,41877934,MAL,21.53,10.3,7.13,20211112_120550_043300_1.txt
41936778,41937519,MAL,10.94,5.21,3.32,20211112_120550_043300_1.txt
41942492,41944328,MAL,18.66,9.02,6.03,20211112_120550_043300_1.txt
42130373,42133988,MAL,29.2,14.15,9.89,20211112_120550_043300_1.txt
42258572,42258815,MAL,9.05,4.27,2.66,20211112_120550_043300_1.txt
42271544,42273491,MAL,19.61,9.66,6.41,20211112_120550_043300_1.txt
42276014,42276510,MAL,10.73,5.1,3.21,20211112_120550_043300_1.txt
42276649,42276799,MAL,9.75,4.73,2.88,20211112_120550_043300_1.txt
42278510,42280702,MAL,19.2,9.02,6.21,20211112_120550_043300_1.txt
42283257,42284464,MAL,7.64,3.05,2.35,20211112_120550_043300_1.txt
42289511,42294012,MAL,38.73,19.02,12.95,20211112_120550_043300_1.txt
42301437,42303739,MAL,21.7,10.18,6.96,20211112_120550_043300_1.txt
42305011,42307993,MAL,25.59,12.4,8.53,20211112_120550_043300_1.txt
42310991,42316511,MAL,44.65,22.15,15.25,20211112_120550_043300_1.txt
42337492,42338992,MAL,15.82,7.5,5.02,20211112_120550_043300_1.txt
42341488,42341993,FEM,8.35,3.75,2.48,20211112_120550_043300_1.txt
42343012,42345491,MAL,25.75,12.74,8.29,20211112_120550_043300_1.txt
42346932,42347489,MAL,9.62,4.56,2.91,20211112_120550_043300_1.txt
42350546,42353111,MAL,19.05,8.9,6.33,20211112_120550_043300_1.txt
42353241,42353359,MAL,11.12,5.46,3.33,20211112_120550_043300_1.txt
42354760,42355612,FEM,4.76,1.66,1.34,20211112_120550_043300_1.txt
42357958,42358594,MAL,11.64,5.58,3.59,20211112_120550_043300_1.txt
42363010,42364784,MAL,17.61,8.41,5.72,20211112_120550_043300_1.txt
42368511,42369331,MAL,11.9,5.74,3.66,20211112_120550_043300_1.txt
42370508,42371429,MAL,11.08,5.1,3.4,20211112_120550_043300_1.txt
42371512,42371649,FEM,9.08,4.31,2.65,20211112_120550_043300_1.txt
42380997,42382301,MAL,15.52,7.59,4.94,20211112_120550_043300_1.txt
42382504,42384991,MAL,21.22,9.94,6.99,20211112_120550_043300_1.txt
42395948,42397323,MAL,14.94,7.09,4.71,20211112_120550_043300_1.txt
42398993,42401987,MAL,27.65,13.87,9.27,20211112_120550_043300_1.txt
42402493,42402682,MAL,5.88,2.57,1.6,20211112_120550_043300_1.txt
42403011,42407120,MAL,24.83,11.04,8.46,20211112_120550_043300_1.txt
42407270,42407488,MAL,7.26,3.26,2.06,20211112_120550_043300_1.txt
42408510,42415010,MAL,47.59,22.58,16.08,20211112_120550_043300_1.txt
42417010,42420154,MAL,25.18,11.79,8.26,20211112_120550_043300_1.txt
42422461,42431511,MAL,69.79,35.08,24.12,20211112_120550_043300_1.txt
42434012,42437509,MAL,27.88,13.75,9.38,20211112_120550_043300_1.txt
42439992,42443011,MAL,21.15,9.85,7.06,20211112_120550_043300_1.txt
42445013,42448989,MAL,27.74,13.05,9.41,20211112_120550_043300_1.txt
42450991,42454511,MAL,30.38,15.0,10.06,20211112_120550_043300_1.txt
42455971,42456514,FEM,4.87,1.97,1.32,20211112_120550_043300_1.txt
42456746,42458801,MAL,15.8,7.05,5.11,20211112_120550_043300_1.txt
42459547,42464010,MAL,39.78,19.8,13.24,20211112_120550_043300_1.txt
42464161,42464487,MAL,4.61,1.76,1.2,20211112_120550_043300_1.txt
42464993,42473493,MAL,66.29,33.8,23.07,20211112_120550_043300_1.txt
42474009,42476010,MAL,19.58,9.72,6.41,20211112_120550_043300_1.txt
42478992,42488825,MAL,77.51,38.92,26.66,20211112_120550_043300_1.txt
42489510,42490767,MAL,9.73,4.18,3.01,20211112_120550_043300_1.txt
42489799,42490680,FEM,7.74,3.2,2.28,20211112_120550_043300_1.txt
42491518,42493489,MAL,16.9,8.3,5.57,20211112_120550_043300_1.txt
42495001,42502487,MAL,60.59,30.99,20.85,20211112_120550_043300_1.txt
42498041,42498719,FEM,5.98,2.53,1.71,20211112_120550_043300_1.txt
42501491,42501672,FEM,4.53,1.83,1.15,20211112_120550_043300_1.txt
42501814,42502011,FEM,4.99,2.08,1.3,20211112_120550_043300_1.txt
42503010,42506991,MAL,34.05,16.59,11.31,20211112_120550_043300_1.txt
42511566,42511735,MAL,11.74,5.83,3.55,20211112_120550_043300_1.txt
42511859,42514632,MAL,25.49,12.72,8.46,20211112_120550_043300_1.txt
42515142,42516586,MAL,13.53,6.46,4.31,20211112_120550_043300_1.txt
42518993,42522063,MAL,27.57,13.87,9.26,20211112_120550_043300_1.txt
42522288,42522418,MAL,9.01,4.32,2.63,20211112_120550_043300_1.txt
42524011,42525793,MAL,18.55,9.15,6.03,20211112_120550_043300_1.txt
42527214,42527941,MAL,12.36,5.94,3.74,20211112_120550_043300_1.txt
42531011,42531170,MAL,8.12,3.81,2.34,20211112_120550_043300_1.txt
42531116,42531398,FEM,9.74,4.69,2.9,20211112_120550_043300_1.txt
42533699,42535513,MAL,19.83,9.84,6.47,20211112_120550_043300_1.txt
42540512,42542167,MAL,17.35,8.56,5.62,20211112_120550_043300_1.txt
42542511,42545003,MAL,21.12,10.39,7.01,20211112_120550_043300_1.txt
42548146,42551492,MAL,27.86,13.85,9.4,20211112_120550_043300_1.txt
42569341,42571511,MAL,20.03,9.93,6.59,20211112_120550_043300_1.txt
42570686,42571511,FEM,10.24,4.84,3.16,20211112_120550_043300_1.txt
42573489,42573992,FEM,5.7,2.44,1.59,20211112_120550_043300_1.txt
42573492,42581491,MAL,76.51,38.85,25.44,20211112_120550_043300_1.txt
42584631,42587010,MAL,19.76,9.41,6.54,20211112_120550_043300_1.txt
42593501,42597863,MAL,37.36,19.07,12.74,20211112_120550_043300_1.txt
42600590,42600796,MAL,7.02,3.19,1.98,20211112_120550_043300_1.txt
42601015,42601120,MAL,4.86,2.01,1.25,20211112_120550_043300_1.txt
42601493,42604034,MAL,24.12,11.71,7.81,20211112_120550_043300_1.txt
42604626,42606697,MAL,21.79,10.9,7.16,20211112_120550_043300_1.txt
42608984,42610491,MAL,15.09,7.3,4.89,20211112_120550_043300_1.txt
42620011,42631537,MAL,92.28,47.53,32.24,20211112_120550_043300_1.txt
42637102,42637266,MAL,5.75,2.5,1.55,20211112_120550_043300_1.txt
42854029,42856012,MAL,17.39,8.5,5.68,20211112_120550_043300_1.txt
42857476,42859493,MAL,18.6,8.81,6.04,20211112_120550_043300_1.txt
42912011,42912991,FEM,8.33,3.74,2.5,20211112_120550_043300_1.txt
42912973,42917629,MAL,44.37,22.52,14.7,20211112_120550_043300_1.txt
42920145,42921487,MAL,13.23,6.25,4.19,20211112_120550_043300_1.txt
42944033,42945113,MAL,11.35,5.26,3.52,20211112_120550_043300_1.txt
42944237,42945010,FEM,10.55,4.95,3.2,20211112_120550_043300_1.txt
42950010,42953010,MAL,26.19,13.01,8.68,20211112_120550_043300_1.txt
42952535,42953011,FEM,8.97,4.21,2.67,20211112_120550_043300_1.txt
42964062,42967310,MAL,26.6,13.22,9.02,20211112_120550_043300_1.txt
42986600,42987992,FEM,10.19,4.56,3.19,20211112_120550_043300_1.txt
42988104,42988325,MAL,8.8,4.18,2.58,20211112_120550_043300_1.txt
42988361,42988493,FEM,8.57,4.08,2.48,20211112_120550_043300_1.txt
42992718,42993665,FEM,6.43,2.69,1.91,20211112_120550_043300_1.txt
42996012,42997075,FEM,8.19,3.58,2.46,20211112_120550_043300_1.txt
43007579,43008613,MAL,9.42,4.22,2.87,20211112_120550_043300_1.txt
43019011,43019311,MAL,8.65,4.1,2.54,20211112_120550_043300_1.txt
43019502,43021011,MAL,16.2,7.92,5.21,20211112_120550_043300_1.txt
43022011,43023579,FEM,11.74,5.46,3.73,20211112_120550_043300_1.txt
43024537,43027490,MAL,22.83,10.84,7.61,20211112_120550_043300_1.txt
43029510,43031012,FEM,12.35,5.78,3.87,20211112_120550_043300_1.txt
43034510,43036468,MAL,16.94,8.08,5.53,20211112_120550_043300_1.txt
43039512,43039696,FEM,8.12,3.83,2.34,20211112_120550_043300_1.txt
43046011,43047960,MAL,17.25,8.36,5.63,20211112_120550_043300_1.txt
43109992,43111452,FEM,13.63,6.56,4.34,20211112_120550_043300_1.txt
43171993,43176512,MAL,34.5,17.03,11.81,20211112_120550_043300_1.txt
43219011,43221492,MAL,23.37,11.69,7.76,20211112_120550_043300_1.txt
43228011,43229326,MAL,12.6,5.93,3.97,20211112_120550_043300_1.txt
43230979,43232992,MAL,19.95,9.96,6.54,20211112_120550_043300_1.txt
43237851,43238021,MAL,3.99,1.52,0.97,20211112_120550_043300_1.txt
43246614,43246992,FEM,4.12,1.55,1.04,20211112_120550_043300_1.txt
43256820,43257050,MAL,10.19,4.93,3.04,20211112_120550_043300_1.txt
43372677,43372785,MAL,8.96,4.29,2.61,20211112_120550_043300_1.txt
43716038,43718512,MAL,21.13,10.16,7.01,20211112_120550_043300_1.txt
43811747,43815709,MAL,30.65,15.32,10.49,20211112_120550_043300_1.txt
43815860,43815985,MAL,8.63,4.11,2.5,20211112_120550_043300_1.txt
43817164,43819989,MAL,23.69,11.49,7.87,20211112_120550_043300_1.txt
43822225,43822784,MAL,9.59,4.43,2.9,20211112_120550_043300_1.txt
43823339,43823489,MAL,6.19,2.76,1.7,20211112_120550_043300_1.txt
43826511,43829567,MAL,29.09,14.38,9.55,20211112_120550_043300_1.txt
43830011,43833011,MAL,25.78,12.83,8.65,20211112_120550_043300_1.txt
43833304,43833410,MAL,9.33,4.48,2.73,20211112_120550_043300_1.txt
43834011,43835511,MAL,15.98,7.64,5.13,20211112_120550_043300_1.txt
43839512,43845492,MAL,47.86,24.31,16.56,20211112_120550_043300_1.txt
43844114,43844664,FEM,9.57,4.53,2.89,20211112_120550_043300_1.txt
43846130,43846511,FEM,9.48,4.5,2.83,20211112_120550_043300_1.txt
43956977,43958224,FEM,11.24,5.29,3.51,20211112_120550_043300_1.txt
43962561,43962677,FEM,4.69,1.93,1.19,20211112_120550_043300_1.txt
43970597,43970992,FEM,6.55,2.92,1.86,20211112_120550_043300_1.txt
44013512,44017766,FEM,35.69,18.2,12.16,20211112_120550_043300_1.txt
44028993,44029992,FEM,9.38,4.39,2.9,20211112_120550_043300_1.txt
44050287,44050437,FEM,7.48,3.48,2.13,20211112_120550_043300_1.txt
44057512,44057790,FEM,6.89,3.14,1.95,20211112_120550_043300_1.txt
44061356,44061714,FEM,7.71,3.55,2.24,20211112_120550_043300_1.txt
44069766,44069874,MAL,7.49,3.48,2.12,20211112_120550_043300_1.txt
44073013,44074383,MAL,14.77,7.09,4.55,20211112_120550_043300_1.txt
44074511,44077510,MAL,29.81,14.52,9.57,20211112_120550_043300_1.txt
44077677,44077809,MAL,7.96,3.75,2.28,20211112_120550_043300_1.txt
44082011,44083511,FEM,11.25,5.22,3.61,20211112_120550_043300_1.txt
44083184,44083439,MAL,4.19,1.59,1.05,20211112_120550_043300_1.txt
44091280,44092433,FEM,12.3,5.95,3.9,20211112_120550_043300_1.txt
44091712,44091879,MAL,7.14,3.28,2.01,20211112_120550_043300_1.txt
44092013,44092145,MAL,9.1,4.38,2.66,20211112_120550_043300_1.txt
44098992,44100489,MAL,13.65,6.6,4.35,20211112_120550_043300_1.txt
44101010,44102331,MAL,14.17,6.71,4.44,20211112_120550_043300_1.txt
44101110,44101267,FEM,10.25,5.0,3.05,20211112_120550_043300_1.txt
44101493,44102011,FEM,8.49,3.81,2.47,20211112_120550_043300_1.txt
44102836,44106012,MAL,29.71,14.34,9.62,20211112_120550_043300_1.txt
44106188,44111266,MAL,36.52,17.63,12.52,20211112_120550_043300_1.txt
44115011,44115188,MAL,9.12,4.38,2.68,20211112_120550_043300_1.txt
44117992,44119502,MAL,15.84,7.41,5.03,20211112_120550_043300_1.txt
44128010,44129765,MAL,14.47,6.71,4.67,20211112_120550_043300_1.txt
44132411,44134180,MAL,14.37,6.58,4.64,20211112_120550_043300_1.txt
44136485,44141202,MAL,37.76,18.74,12.88,20211112_120550_043300_1.txt
44138993,44139579,FEM,8.98,4.18,2.7,20211112_120550_043300_1.txt
44140493,44141011,FEM,9.55,4.56,2.88,20211112_120550_043300_1.txt
44144637,44146112,MAL,16.17,7.88,5.19,20211112_120550_043300_1.txt
44147513,44151485,MAL,34.07,16.99,11.52,20211112_120550_043300_1.txt
44181089,44181990,MAL,12.55,6.0,3.89,20211112_120550_043300_1.txt
44193011,44195930,MAL,26.44,13.13,8.85,20211112_120550_043300_1.txt
44196491,44198990,MAL,23.78,11.66,7.9,20211112_120550_043300_1.txt
44204839,44205241,MAL,9.32,4.39,2.78,20211112_120550_043300_1.txt
44210742,44210916,FEM,8.82,4.17,2.57,20211112_120550_043300_1.txt
44219226,44223490,MAL,34.27,16.85,11.59,20211112_120550_043300_1.txt
44223607,44225990,MAL,20.87,9.95,6.85,20211112_120550_043300_1.txt
44225573,44225782,FEM,10.02,4.85,2.98,20211112_120550_043300_1.txt
44226056,44227158,FEM,13.19,6.2,4.03,20211112_120550_043300_1.txt
44233012,44233991,MAL,11.63,5.39,3.59,20211112_120550_043300_1.txt
44235114,44235524,MAL,7.8,3.58,2.27,20211112_120550_043300_1.txt
44236992,44241017,MAL,38.96,19.23,12.74,20211112_120550_043300_1.txt
44243067,44243681,MAL,8.0,3.54,2.32,20211112_120550_043300_1.txt
44244335,44246004,MAL,9.91,4.1,3.14,20211112_120550_043300_1.txt
44253771,44254122,MAL,8.84,4.18,2.61,20211112_120550_043300_1.txt
44257762,44259968,MAL,19.8,9.83,6.52,20211112_120550_043300_1.txt
44261011,44262184,MAL,13.3,6.4,4.18,20211112_120550_043300_1.txt
44271492,44273492,MAL,18.74,9.18,6.13,20211112_120550_043300_1.txt
44277216,44279207,MAL,18.47,9.11,6.04,20211112_120550_043300_1.txt
44291492,44291991,FEM,4.7,1.79,1.26,20211112_120550_043300_1.txt
44301511,44303058,MAL,15.73,7.38,5.0,20211112_120550_043300_1.txt
44304511,44305583,MAL,12.33,5.84,3.79,20211112_120550_043300_1.txt
44305512,44306011,FEM,4.76,1.83,1.28,20211112_120550_043300_1.txt
44313878,44314536,MAL,11.11,5.28,3.32,20211112_120550_043300_1.txt
44316511,44317326,MAL,12.71,6.05,3.87,20211112_120550_043300_1.txt
44331764,44331879,FEM,5.37,2.28,1.42,20211112_120550_043300_1.txt
44335794,44336493,FEM,7.33,3.11,2.12,20211112_120550_043300_1.txt
44337100,44337615,FEM,6.25,2.64,1.78,20211112_120550_043300_1.txt
44340512,44340753,MAL,7.8,3.64,2.25,20211112_120550_043300_1.txt
44341116,44343770,MAL,22.06,10.81,7.35,20211112_120550_043300_1.txt
44354468,44355011,FEM,3.88,1.25,0.99,20211112_120550_043300_1.txt
44355060,44357492,MAL,18.02,8.27,5.91,20211112_120550_043300_1.txt
44359088,44359395,MAL,7.15,3.22,2.04,20211112_120550_043300_1.txt
44361992,44362864,MAL,10.15,4.73,3.08,20211112_120550_043300_1.txt
44364993,44366508,MAL,15.7,7.49,4.93,20211112_120550_043300_1.txt
44366667,44366991,MAL,5.48,2.16,1.49,20211112_120550_043300_1.txt
44368838,44370990,MAL,20.8,10.1,6.74,20211112_120550_043300_1.txt
44370992,44372011,FEM,9.07,4.03,2.75,20211112_120550_043300_1.txt
44372728,44373681,FEM,8.11,3.68,2.47,20211112_120550_043300_1.txt
44376301,44380786,MAL,39.98,20.5,13.63,20211112_120550_043300_1.txt
44387568,44387917,FEM,10.65,5.19,3.21,20211112_120550_043300_1.txt
44389991,44393273,MAL,31.41,16.16,10.57,20211112_120550_043300_1.txt
44393513,44395270,MAL,21.03,10.6,6.86,20211112_120550_043300_1.txt
44397698,44398889,MAL,13.54,6.57,4.27,20211112_120550_043300_1.txt
44400511,44401842,MAL,15.96,7.85,5.09,20211112_120550_043300_1.txt
44402982,44403520,MAL,9.82,4.58,2.92,20211112_120550_043300_1.txt
44405042,44405884,MAL,14.08,6.88,4.39,20211112_120550_043300_1.txt
44406048,44410495,MAL,39.23,20.12,13.37,20211112_120550_043300_1.txt
44411937,44412475,MAL,7.73,3.54,2.27,20211112_120550_043300_1.txt
44414011,44415990,MAL,21.14,10.44,6.88,20211112_120550_043300_1.txt
44420025,44427651,MAL,60.46,30.59,20.93,20211112_120550_043300_1.txt
44431389,44433103,MAL,17.65,8.77,5.73,20211112_120550_043300_1.txt
44437013,44438491,MAL,14.01,6.6,4.47,20211112_120550_043300_1.txt
44442235,44443268,MAL,13.85,6.66,4.29,20211112_120550_043300_1.txt
44444877,44447518,MAL,26.06,12.91,8.53,20211112_120550_043300_1.txt
44449376,44450767,MAL,15.17,7.01,4.74,20211112_120550_043300_1.txt
44467809,44469340,MAL,16.84,8.02,5.37,20211112_120550_043300_1.txt
44480492,44481091,MAL,9.77,4.56,2.96,20211112_120550_043300_1.txt
44489805,44489916,FEM,8.3,3.92,2.39,20211112_120550_043300_1.txt
44491012,44491236,MAL,6.61,2.97,1.85,20211112_120550_043300_1.txt
44491493,44493555,MAL,19.68,9.46,6.41,20211112_120550_043300_1.txt
44494815,44495011,FEM,8.55,4.04,2.49,20211112_120550_043300_1.txt
44495011,44496511,MAL,16.67,7.99,5.31,20211112_120550_043300_1.txt
44498310,44500510,MAL,19.12,9.05,6.24,20211112_120550_043300_1.txt
44502735,44505621,MAL,27.08,13.72,9.06,20211112_120550_043300_1.txt
44505767,44505914,MAL,10.38,5.08,3.09,20211112_120550_043300_1.txt
44506511,44512073,MAL,49.58,24.86,16.64,20211112_120550_043300_1.txt
44516010,44517866,MAL,19.96,9.78,6.46,20211112_120550_043300_1.txt
44519510,44521491,MAL,20.82,10.25,6.77,20211112_120550_043300_1.txt
44521491,44522510,FEM,13.49,6.56,4.22,20211112_120550_043300_1.txt
44528979,44529241,FEM,9.83,4.75,2.93,20211112_120550_043300_1.txt
44531512,44534244,MAL,26.5,13.37,8.79,20211112_120550_043300_1.txt
44535962,44538490,MAL,22.58,11.2,7.5,20211112_120550_043300_1.txt
44539632,44540012,FEM,7.78,3.61,2.26,20211112_120550_043300_1.txt
44543010,44544708,MAL,22.04,11.09,7.08,20211112_120550_043300_1.txt
44548010,44559011,MAL,88.84,45.6,30.95,20211112_120550_043300_1.txt
45138992,45140053,FEM,14.93,7.47,4.76,20211112_120550_043300_1.txt
45143995,45145510,MAL,19.09,9.68,6.17,20211112_120550_043300_1.txt
45251992,45253210,FEM,15.19,7.27,4.82,20211112_120550_043300_1.txt
45440480,45441388,FEM,13.58,6.55,4.28,20211112_120550_043300_1.txt
45560799,45561493,FEM,12.56,6.15,3.91,20211112_120550_043300_1.txt
45811108,45811491,MAL,11.26,5.53,3.42,20211112_120550_043300_1.txt
45813511,45815020,FEM,17.71,8.89,5.76,20211112_120550_043300_1.txt
45814741,45816510,MAL,20.29,10.13,6.61,20211112_120550_043300_1.txt
45834245,45835492,FEM,13.05,6.41,4.17,20211112_120550_043300_1.txt
45834992,45836011,MAL,12.67,6.21,4.0,20211112_120550_043300_1.txt
45850092,45850200,MAL,12.46,6.26,3.78,20211112_120550_043300_1.txt
45853612,45856911,MAL,32.1,16.43,10.8,20211112_120550_043300_1.txt
45858265,45859259,MAL,14.03,6.95,4.45,20211112_120550_043300_1.txt
45861989,45862313,MAL,11.66,5.78,3.55,20211112_120550_043300_1.txt
45865015,45866157,MAL,15.38,7.56,4.87,20211112_120550_043300_1.txt
45871086,45871488,MAL,10.91,5.35,3.31,20211112_120550_043300_1.txt
45872992,45875012,FEM,22.59,11.49,7.42,20211112_120550_043300_1.txt
45881492,45882807,MAL,17.77,8.89,5.7,20211112_120550_043300_1.txt
45893979,45894401,MAL,9.84,4.76,2.96,20211112_120550_043300_1.txt
45914229,45914442,MAL,8.62,4.04,2.51,20211112_120550_043300_1.txt
45922040,45923407,MAL,17.63,8.71,5.66,20211112_120550_043300_1.txt
45931492,45932354,FEM,13.61,6.71,4.29,20211112_120550_043300_1.txt
45935513,45935851,FEM,10.06,4.81,3.02,20211112_120550_043300_1.txt
45935654,45935992,MAL,10.01,4.85,3.0,20211112_120550_043300_1.txt
45935984,45936296,FEM,10.97,5.39,3.32,20211112_120550_043300_1.txt
45948492,45948841,MAL,9.92,4.76,2.97,20211112_120550_043300_1.txt
45950024,45950167,FEM,11.88,5.91,3.59,20211112_120550_043300_1.txt
45950492,45952173,FEM,18.41,9.2,6.02,20211112_120550_043300_1.txt
45953011,45953279,FEM,10.3,5.02,3.08,20211112_120550_043300_1.txt
45953490,45954334,FEM,13.16,6.4,4.08,20211112_120550_043300_1.txt
46242871,46243036,FEM,12.43,6.14,3.78,20211112_120550_043300_1.txt
46336511,46336687,FEM,12.55,6.27,3.82,20211112_120550_043300_1.txt
46336799,46337530,FEM,13.28,6.51,4.15,20211112_120550_043300_1.txt
46532991,46533804,FEM,15.09,7.42,4.72,20211112_120550_043300_1.txt
46615080,46615222,FEM,11.99,5.95,3.62,20211112_120550_043300_1.txt
46615492,46617492,FEM,20.64,10.04,6.77,20211112_120550_043300_1.txt
46619511,46620073,FEM,11.72,5.62,3.61,20211112_120550_043300_1.txt
46806491,46807941,FEM,17.51,8.53,5.63,20211112_120550_043300_1.txt
46884511,46885137,FEM,13.13,6.45,4.09,20211112_120550_043300_1.txt
46885579,46885992,FEM,12.5,6.17,3.84,20211112_120550_043300_1.txt
46894992,46896307,FEM,15.78,7.53,5.03,20211112_120550_043300_1.txt
46958493,46959824,FEM,15.05,7.06,4.84,20211112_120550_043300_1.txt
47109803,47109923,FEM,12.13,6.01,3.67,20211112_120550_043300_1.txt
47164992,47165635,FEM,13.64,6.77,4.26,20211112_120550_043300_1.txt
47165993,47166492,FEM,12.4,6.08,3.82,20211112_120550_043300_1.txt
47181992,47182628,FEM,12.88,6.28,4.01,20211112_120550_043300_1.txt
47183769,47184010,FEM,13.55,6.83,4.16,20211112_120550_043300_1.txt
47223511,47224814,FEM,16.85,8.3,5.39,20211112_120550_043300_1.txt
47227511,47228392,FEM,14.96,7.44,4.74,20211112_120550_043300_1.txt
47292010,47292164,FEM,12.53,6.26,3.81,20211112_120550_043300_1.txt
47292267,47292481,FEM,12.23,6.06,3.72,20211112_120550_043300_1.txt
47398649,47399415,FEM,13.08,6.39,4.09,20211112_120550_043300_1.txt
47592492,47593012,FEM,11.61,5.59,3.56,20211112_120550_043300_1.txt
47593131,47593492,FEM,11.63,5.68,3.54,20211112_120550_043300_1.txt
47836992,47838204,FEM,15.48,7.54,4.97,20211112_120550_043300_1.txt
48073492,48073593,FEM,12.99,6.52,3.95,20211112_120550_043300_1.txt
48074999,48075993,FEM,14.73,7.18,4.63,20211112_120550_043300_1.txt
