segment_onset,segment_offset,speaker_type,phonemes,syllables,words,raw_filename
35981,38511,FEM,25.72,12.47,8.34,20221202_164216_045738_2.txt
66704,67018,FEM,4.99,2.02,1.32,20221202_164216_045738_2.txt
93493,93709,FEM,8.91,4.22,2.61,20221202_164216_045738_2.txt
98012,99511,FEM,15.34,7.29,4.87,20221202_164216_045738_2.txt
105541,105830,FEM,7.25,3.31,2.07,20221202_164216_045738_2.txt
106814,107334,MAL,7.98,3.47,2.3,20221202_164216_045738_2.txt
106923,107423,FEM,7.32,3.18,2.13,20221202_164216_045738_2.txt
109510,111491,FEM,13.5,5.49,4.28,20221202_164216_045738_2.txt
116642,122992,FEM,68.34,33.91,22.07,20221202_164216_045738_2.txt
118012,120493,MAL,28.3,13.85,8.98,20221202_164216_045738_2.txt
124011,125575,FEM,12.65,5.28,4.03,20221202_164216_045738_2.txt
126993,128512,FEM,19.82,9.66,6.15,20221202_164216_045738_2.txt
127111,128365,MAL,17.23,8.34,5.29,20221202_164216_045738_2.txt
134274,136296,FEM,21.79,10.37,6.89,20221202_164216_045738_2.txt
134845,135010,MAL,8.67,4.14,2.52,20221202_164216_045738_2.txt
139511,143183,FEM,37.59,18.33,12.17,20221202_164216_045738_2.txt
140484,141880,MAL,18.11,8.69,5.61,20221202_164216_045738_2.txt
145989,147012,FEM,15.81,7.8,4.94,20221202_164216_045738_2.txt
145992,146330,MAL,9.68,4.65,2.89,20221202_164216_045738_2.txt
149371,150991,MAL,18.18,8.86,5.83,20221202_164216_045738_2.txt
150863,151012,FEM,9.44,4.57,2.78,20221202_164216_045738_2.txt
153147,153884,MAL,11.87,5.58,3.63,20221202_164216_045738_2.txt
153439,157011,FEM,37.07,18.69,12.19,20221202_164216_045738_2.txt
158492,160863,FEM,19.63,8.84,6.44,20221202_164216_045738_2.txt
161750,163540,MAL,19.52,9.59,6.31,20221202_164216_045738_2.txt
163011,164334,FEM,13.79,6.44,4.37,20221202_164216_045738_2.txt
163758,163868,MAL,10.55,5.18,3.14,20221202_164216_045738_2.txt
164864,164984,FEM,10.46,5.11,3.11,20221202_164216_045738_2.txt
168011,169803,FEM,16.16,7.41,5.19,20221202_164216_045738_2.txt
179224,179356,FEM,7.45,3.45,2.11,20221202_164216_045738_2.txt
179493,180504,FEM,13.14,6.36,4.1,20221202_164216_045738_2.txt
181020,181184,FEM,11.08,5.45,3.33,20221202_164216_045738_2.txt
181492,184023,FEM,20.49,9.72,6.75,20221202_164216_045738_2.txt
191992,193011,FEM,7.69,3.11,2.29,20221202_164216_045738_2.txt
215492,215992,FEM,11.6,5.59,3.55,20221202_164216_045738_2.txt
220690,222350,FEM,18.0,8.99,5.83,20221202_164216_045738_2.txt
223012,225415,FEM,25.91,12.72,8.27,20221202_164216_045738_2.txt
226655,228996,FEM,22.18,11.01,7.34,20221202_164216_045738_2.txt
234510,235678,FEM,13.79,6.52,4.29,20221202_164216_045738_2.txt
240011,241493,FEM,14.94,7.15,4.83,20221202_164216_045738_2.txt
249482,249585,FEM,10.51,5.17,3.12,20221202_164216_045738_2.txt
253641,253761,FEM,6.85,3.09,1.91,20221202_164216_045738_2.txt
253984,255469,FEM,13.17,5.78,4.14,20221202_164216_045738_2.txt
257681,258010,FEM,5.17,2.13,1.39,20221202_164216_045738_2.txt
264472,265512,FEM,12.93,5.97,4.04,20221202_164216_045738_2.txt
269560,270380,FEM,14.59,7.12,4.55,20221202_164216_045738_2.txt
273854,283501,FEM,83.29,39.86,27.45,20221202_164216_045738_2.txt
280949,281057,MAL,10.24,5.02,3.04,20221202_164216_045738_2.txt
291011,292781,FEM,14.83,6.78,4.74,20221202_164216_045738_2.txt
293436,293993,FEM,6.81,2.93,1.97,20221202_164216_045738_2.txt
301691,302109,FEM,5.39,2.28,1.47,20221202_164216_045738_2.txt
307646,308691,MAL,12.51,5.57,3.79,20221202_164216_045738_2.txt
308028,308511,FEM,9.51,4.32,2.8,20221202_164216_045738_2.txt
314206,315173,FEM,8.13,3.43,2.42,20221202_164216_045738_2.txt
319511,321330,FEM,19.49,9.15,6.14,20221202_164216_045738_2.txt
333833,334228,FEM,6.68,2.94,1.9,20221202_164216_045738_2.txt
346493,350011,FEM,33.59,16.08,10.76,20221202_164216_045738_2.txt
353012,354338,FEM,15.35,7.43,4.84,20221202_164216_045738_2.txt
356930,358358,FEM,16.99,8.21,5.3,20221202_164216_045738_2.txt
357082,357315,MAL,8.1,3.79,2.35,20221202_164216_045738_2.txt
357440,357926,MAL,8.34,3.86,2.47,20221202_164216_045738_2.txt
358351,358707,MAL,13.29,6.61,4.09,20221202_164216_045738_2.txt
361511,361671,FEM,7.56,3.52,2.15,20221202_164216_045738_2.txt
365388,367597,FEM,23.16,11.3,7.38,20221202_164216_045738_2.txt
368491,369990,FEM,14.37,6.88,4.59,20221202_164216_045738_2.txt
373012,374823,FEM,18.47,8.85,5.91,20221202_164216_045738_2.txt
405010,405396,FEM,10.65,5.18,3.22,20221202_164216_045738_2.txt
406011,407250,FEM,15.59,7.62,4.96,20221202_164216_045738_2.txt
409627,409958,FEM,9.13,4.32,2.71,20221202_164216_045738_2.txt
495475,496822,FEM,18.3,9.13,5.82,20221202_164216_045738_2.txt
497279,497667,FEM,9.57,4.59,2.86,20221202_164216_045738_2.txt
498992,500011,FEM,11.57,5.64,3.64,20221202_164216_045738_2.txt
502991,506540,FEM,31.58,15.81,10.62,20221202_164216_045738_2.txt
508992,513329,FEM,37.47,19.12,12.82,20221202_164216_045738_2.txt
513447,515268,FEM,20.77,10.44,6.78,20221202_164216_045738_2.txt
524429,525332,MAL,13.17,6.46,4.1,20221202_164216_045738_2.txt
526492,527290,FEM,14.0,6.9,4.35,20221202_164216_045738_2.txt
545292,546510,FEM,16.59,8.24,5.29,20221202_164216_045738_2.txt
562822,564309,FEM,18.56,9.37,5.99,20221202_164216_045738_2.txt
612902,613634,FEM,9.85,4.7,3.01,20221202_164216_045738_2.txt
621878,622519,MAL,12.58,6.13,3.85,20221202_164216_045738_2.txt
626452,627011,MAL,12.36,6.12,3.82,20221202_164216_045738_2.txt
672222,673788,MAL,19.51,9.77,6.32,20221202_164216_045738_2.txt
681212,683777,MAL,25.87,12.98,8.61,20221202_164216_045738_2.txt
687172,688632,FEM,19.41,9.69,6.21,20221202_164216_045738_2.txt
701117,703000,FEM,20.66,10.48,6.76,20221202_164216_045738_2.txt
754898,755991,FEM,17.0,8.43,5.35,20221202_164216_045738_2.txt
843401,843840,MAL,12.24,6.07,3.76,20221202_164216_045738_2.txt
846062,847380,MAL,16.51,8.13,5.28,20221202_164216_045738_2.txt
848492,849626,FEM,14.65,7.03,4.52,20221202_164216_045738_2.txt
862491,866011,FEM,34.03,17.49,11.48,20221202_164216_045738_2.txt
866607,867346,MAL,13.4,6.58,4.2,20221202_164216_045738_2.txt
879289,879616,FEM,12.62,6.29,3.87,20221202_164216_045738_2.txt
882492,884770,FEM,23.96,12.05,7.87,20221202_164216_045738_2.txt
914492,914983,FEM,11.16,5.46,3.41,20221202_164216_045738_2.txt
940034,941046,FEM,13.22,6.41,4.13,20221202_164216_045738_2.txt
955238,956011,FEM,13.63,6.79,4.28,20221202_164216_045738_2.txt
955493,956210,MAL,13.1,6.5,4.09,20221202_164216_045738_2.txt
960906,962511,MAL,22.15,11.09,7.05,20221202_164216_045738_2.txt
975218,975795,FEM,11.55,5.59,3.55,20221202_164216_045738_2.txt
985438,988011,FEM,26.81,13.57,8.87,20221202_164216_045738_2.txt
987562,989229,MAL,19.84,9.95,6.45,20221202_164216_045738_2.txt
1000790,1001473,MAL,12.01,5.87,3.72,20221202_164216_045738_2.txt
1004511,1006328,FEM,20.05,10.0,6.54,20221202_164216_045738_2.txt
1045492,1047014,FEM,18.39,8.98,5.88,20221202_164216_045738_2.txt
1049510,1051027,FEM,16.78,8.19,5.4,20221202_164216_045738_2.txt
1068010,1069510,FEM,17.47,8.47,5.63,20221202_164216_045738_2.txt
1069619,1069992,FEM,9.06,4.29,2.69,20221202_164216_045738_2.txt
1072734,1075085,FEM,21.79,10.59,7.16,20221202_164216_045738_2.txt
1078954,1080262,FEM,13.94,6.8,4.47,20221202_164216_045738_2.txt
1089992,1092992,FEM,26.27,13.41,8.87,20221202_164216_045738_2.txt
1094992,1096011,FEM,10.85,5.11,3.39,20221202_164216_045738_2.txt
1096728,1098115,FEM,18.26,9.15,5.87,20221202_164216_045738_2.txt
1132675,1134492,FEM,20.23,10.11,6.6,20221202_164216_045738_2.txt
1177219,1177492,FEM,7.02,3.17,1.99,20221202_164216_045738_2.txt
1179412,1180511,FEM,13.54,6.53,4.3,20221202_164216_045738_2.txt
1182649,1184029,FEM,16.83,8.02,5.18,20221202_164216_045738_2.txt
1184941,1186078,FEM,14.09,6.82,4.44,20221202_164216_045738_2.txt
1190492,1191010,FEM,10.94,5.27,3.29,20221202_164216_045738_2.txt
1199718,1200253,MAL,11.67,5.69,3.59,20221202_164216_045738_2.txt
1202511,1203389,FEM,12.24,5.99,3.83,20221202_164216_045738_2.txt
1204511,1204778,FEM,9.78,4.72,2.91,20221202_164216_045738_2.txt
1245620,1246511,FEM,13.02,6.35,4.04,20221202_164216_045738_2.txt
1252932,1254512,FEM,18.51,9.13,5.93,20221202_164216_045738_2.txt
1257491,1258608,FEM,15.88,7.93,5.03,20221202_164216_045738_2.txt
1284491,1284992,FEM,11.96,5.85,3.62,20221202_164216_045738_2.txt
1289512,1290992,FEM,16.5,8.18,5.35,20221202_164216_045738_2.txt
1293270,1294694,MAL,16.55,8.08,5.31,20221202_164216_045738_2.txt
1307981,1310511,MAL,24.44,12.36,8.12,20221202_164216_045738_2.txt
1312991,1315475,FEM,26.44,13.07,8.52,20221202_164216_045738_2.txt
1318758,1318969,MAL,8.99,4.31,2.64,20221202_164216_045738_2.txt
1319153,1319344,FEM,8.98,4.29,2.63,20221202_164216_045738_2.txt
1333717,1333833,FEM,8.67,4.14,2.52,20221202_164216_045738_2.txt
1335938,1336546,FEM,8.48,3.92,2.53,20221202_164216_045738_2.txt
1336281,1337032,MAL,10.15,4.81,3.12,20221202_164216_045738_2.txt
1338768,1338915,FEM,5.54,2.39,1.48,20221202_164216_045738_2.txt
1340012,1344725,FEM,40.05,20.31,13.69,20221202_164216_045738_2.txt
1351419,1353123,FEM,18.86,9.31,6.07,20221202_164216_045738_2.txt
1354111,1355993,FEM,22.06,11.13,7.17,20221202_164216_045738_2.txt
1361095,1362227,FEM,16.03,7.89,5.03,20221202_164216_045738_2.txt
1361510,1362028,MAL,11.39,5.53,3.44,20221202_164216_045738_2.txt
1362185,1362340,MAL,10.58,5.19,3.16,20221202_164216_045738_2.txt
1364264,1367072,FEM,31.45,15.91,10.24,20221202_164216_045738_2.txt
1369702,1372139,FEM,24.06,12.16,7.98,20221202_164216_045738_2.txt
1375863,1376012,FEM,10.54,5.18,3.14,20221202_164216_045738_2.txt
1383207,1384012,FEM,11.43,5.45,3.5,20221202_164216_045738_2.txt
1389386,1389513,MAL,11.44,5.68,3.44,20221202_164216_045738_2.txt
1422993,1424196,FEM,14.46,6.92,4.57,20221202_164216_045738_2.txt
1425629,1426987,MAL,17.63,8.86,5.66,20221202_164216_045738_2.txt
1425803,1425992,FEM,10.21,4.98,3.04,20221202_164216_045738_2.txt
1426653,1426791,FEM,13.53,6.85,4.14,20221202_164216_045738_2.txt
1428395,1430184,MAL,20.47,10.33,6.67,20221202_164216_045738_2.txt
1428492,1430011,FEM,18.36,9.23,5.93,20221202_164216_045738_2.txt
1434713,1436805,MAL,22.43,11.32,7.38,20221202_164216_045738_2.txt
1434864,1436457,FEM,18.81,9.44,6.09,20221202_164216_045738_2.txt
1447632,1450511,MAL,27.23,13.35,8.95,20221202_164216_045738_2.txt
1450013,1454593,FEM,41.26,21.17,14.02,20221202_164216_045738_2.txt
1455428,1458822,FEM,31.56,15.75,10.48,20221202_164216_045738_2.txt
1461993,1462992,FEM,12.16,5.81,3.77,20221202_164216_045738_2.txt
1463154,1464492,FEM,13.53,6.42,4.34,20221202_164216_045738_2.txt
1469257,1470649,FEM,16.33,7.99,5.18,20221202_164216_045738_2.txt
1470395,1470511,MAL,11.78,5.86,3.55,20221202_164216_045738_2.txt
1471763,1472991,FEM,14.07,6.88,4.45,20221202_164216_045738_2.txt
1485678,1486841,FEM,14.24,6.99,4.55,20221202_164216_045738_2.txt
1488841,1489719,FEM,13.89,6.79,4.28,20221202_164216_045738_2.txt
1491011,1492798,FEM,22.2,11.06,7.04,20221202_164216_045738_2.txt
1491762,1492511,MAL,11.14,5.42,3.45,20221202_164216_045738_2.txt
1498159,1499511,FEM,10.26,4.4,3.2,20221202_164216_045738_2.txt
1513011,1514790,FEM,22.53,11.25,7.15,20221202_164216_045738_2.txt
1516958,1518127,FEM,11.98,5.65,3.74,20221202_164216_045738_2.txt
1517567,1518082,MAL,9.1,4.3,2.73,20221202_164216_045738_2.txt
1525767,1525883,FEM,10.8,5.32,3.22,20221202_164216_045738_2.txt
1527037,1527258,FEM,7.34,3.33,2.09,20221202_164216_045738_2.txt
1528666,1529012,FEM,9.19,4.35,2.73,20221202_164216_045738_2.txt
1532478,1534128,FEM,18.75,9.03,6.03,20221202_164216_045738_2.txt
1535471,1535911,FEM,13.66,6.84,4.23,20221202_164216_045738_2.txt
1547169,1548374,FEM,13.98,6.66,4.31,20221202_164216_045738_2.txt
1549208,1549378,MAL,9.85,4.75,2.92,20221202_164216_045738_2.txt
1600012,1601644,MAL,16.06,7.51,5.18,20221202_164216_045738_2.txt
1607361,1607992,FEM,11.49,5.41,3.49,20221202_164216_045738_2.txt
1609511,1611492,MAL,20.16,9.81,6.55,20221202_164216_045738_2.txt
1610545,1611011,FEM,9.7,4.55,2.87,20221202_164216_045738_2.txt
1612113,1612493,FEM,6.91,3.05,1.97,20221202_164216_045738_2.txt
1619784,1620591,FEM,11.79,5.73,3.67,20221202_164216_045738_2.txt
1621338,1622632,FEM,13.6,6.32,4.2,20221202_164216_045738_2.txt
1626585,1630048,FEM,26.73,12.89,8.99,20221202_164216_045738_2.txt
1631011,1633098,FEM,19.2,9.15,6.25,20221202_164216_045738_2.txt
1636991,1638466,FEM,16.92,8.32,5.39,20221202_164216_045738_2.txt
1639673,1640932,FEM,17.97,8.87,5.65,20221202_164216_045738_2.txt
1644492,1646011,FEM,17.78,8.64,5.68,20221202_164216_045738_2.txt
1651011,1653424,FEM,21.15,10.08,6.95,20221202_164216_045738_2.txt
1658158,1660313,FEM,25.58,12.73,8.18,20221202_164216_045738_2.txt
1662512,1663992,FEM,15.24,7.18,4.93,20221202_164216_045738_2.txt
1666624,1669427,FEM,27.14,13.54,9.01,20221202_164216_045738_2.txt
1674888,1676012,FEM,14.83,7.1,4.63,20221202_164216_045738_2.txt
1679162,1680510,FEM,15.64,7.45,4.99,20221202_164216_045738_2.txt
1683982,1685011,FEM,12.34,5.8,3.84,20221202_164216_045738_2.txt
1685482,1685720,MAL,10.35,4.99,3.1,20221202_164216_045738_2.txt
1685667,1687442,FEM,16.14,7.4,5.23,20221202_164216_045738_2.txt
1692488,1693511,FEM,13.75,6.51,4.25,20221202_164216_045738_2.txt
1697897,1698493,MAL,11.3,5.54,3.47,20221202_164216_045738_2.txt
1697993,1700011,FEM,19.61,9.52,6.43,20221202_164216_045738_2.txt
1704507,1704760,FEM,10.91,5.36,3.28,20221202_164216_045738_2.txt
1705492,1705998,FEM,10.55,5.02,3.21,20221202_164216_045738_2.txt
1706493,1708334,MAL,21.25,10.71,6.94,20221202_164216_045738_2.txt
1710877,1712261,FEM,15.52,7.5,4.91,20221202_164216_045738_2.txt
1717492,1721915,FEM,45.28,22.69,14.86,20221202_164216_045738_2.txt
1726739,1728437,FEM,19.54,9.7,6.3,20221202_164216_045738_2.txt
1731512,1733993,FEM,26.4,12.82,8.5,20221202_164216_045738_2.txt
1753348,1755010,FEM,17.95,8.91,5.81,20221202_164216_045738_2.txt
1758011,1759992,FEM,19.59,9.69,6.41,20221202_164216_045738_2.txt
1762147,1764002,FEM,19.75,9.51,6.34,20221202_164216_045738_2.txt
1775201,1775994,FEM,12.6,6.19,3.94,20221202_164216_045738_2.txt
1778509,1781493,FEM,22.36,10.28,7.5,20221202_164216_045738_2.txt
1785947,1786293,FEM,9.35,4.49,2.78,20221202_164216_045738_2.txt
1813011,1815011,FEM,18.97,8.97,6.16,20221202_164216_045738_2.txt
1822343,1824555,FEM,24.29,11.83,7.81,20221202_164216_045738_2.txt
1826103,1826240,FEM,8.1,3.81,2.33,20221202_164216_045738_2.txt
1826376,1826670,FEM,10.24,4.97,3.07,20221202_164216_045738_2.txt
1834454,1835958,FEM,17.79,8.57,5.68,20221202_164216_045738_2.txt
1836203,1837511,FEM,15.16,7.03,4.82,20221202_164216_045738_2.txt
1857521,1858093,FEM,8.64,3.81,2.58,20221202_164216_045738_2.txt
1859210,1860511,FEM,14.54,6.87,4.62,20221202_164216_045738_2.txt
1860011,1860716,MAL,13.55,6.52,4.19,20221202_164216_045738_2.txt
1863010,1864768,MAL,19.83,9.64,6.4,20221202_164216_045738_2.txt
1866097,1866807,FEM,10.48,4.93,3.17,20221202_164216_045738_2.txt
1866787,1867207,MAL,12.85,6.39,3.96,20221202_164216_045738_2.txt
1868989,1871844,FEM,23.15,11.11,7.75,20221202_164216_045738_2.txt
1874409,1875550,FEM,13.86,6.62,4.36,20221202_164216_045738_2.txt
1877597,1877708,FEM,9.04,4.32,2.64,20221202_164216_045738_2.txt
1877992,1879212,FEM,16.99,8.38,5.42,20221202_164216_045738_2.txt
1879320,1880540,FEM,13.14,6.2,4.19,20221202_164216_045738_2.txt
1883505,1887012,FEM,29.89,14.87,10.1,20221202_164216_045738_2.txt
1891396,1895019,FEM,31.44,15.36,10.43,20221202_164216_045738_2.txt
1897803,1900775,FEM,28.2,13.71,9.19,20221202_164216_045738_2.txt
1902459,1905993,FEM,27.09,12.57,9.02,20221202_164216_045738_2.txt
1905279,1905485,MAL,9.66,4.69,2.86,20221202_164216_045738_2.txt
1907415,1910184,FEM,28.28,14.12,9.28,20221202_164216_045738_2.txt
1909771,1909916,MAL,13.64,6.89,4.17,20221202_164216_045738_2.txt
2088992,2089097,FEM,7.1,3.26,1.99,20221202_164216_045738_2.txt
2123194,2124083,FEM,6.36,2.51,1.88,20221202_164216_045738_2.txt
2273295,2273565,MAL,4.84,1.94,1.27,20221202_164216_045738_2.txt
2327054,2327424,FEM,4.63,1.83,1.21,20221202_164216_045738_2.txt
2330517,2330855,FEM,7.64,3.35,2.21,20221202_164216_045738_2.txt
2375811,2376010,FEM,11.8,5.83,3.57,20221202_164216_045738_2.txt
2423603,2424011,FEM,5.88,2.48,1.64,20221202_164216_045738_2.txt
2567992,2568512,FEM,12.9,6.34,3.99,20221202_164216_045738_2.txt
2588981,2589151,FEM,7.15,3.29,2.02,20221202_164216_045738_2.txt
2613492,2614511,FEM,16.13,7.88,5.1,20221202_164216_045738_2.txt
2616992,2617529,FEM,12.85,6.28,3.98,20221202_164216_045738_2.txt
2619493,2619857,FEM,12.67,6.31,3.89,20221202_164216_045738_2.txt
2625747,2627581,FEM,21.01,10.28,6.81,20221202_164216_045738_2.txt
2656493,2659492,FEM,26.98,12.98,8.94,20221202_164216_045738_2.txt
2660482,2661245,FEM,10.41,4.85,3.15,20221202_164216_045738_2.txt
2660686,2660872,MAL,6.38,2.85,1.76,20221202_164216_045738_2.txt
2662011,2664490,MAL,24.62,12.01,8.12,20221202_164216_045738_2.txt
2668493,2670992,FEM,25.01,12.4,8.36,20221202_164216_045738_2.txt
2673992,2676012,FEM,23.29,11.47,7.5,20221202_164216_045738_2.txt
2675012,2675454,MAL,12.52,6.16,3.8,20221202_164216_045738_2.txt
2675595,2676346,MAL,13.82,6.69,4.28,20221202_164216_045738_2.txt
2687963,2689186,FEM,11.77,5.48,3.74,20221202_164216_045738_2.txt
2692712,2694997,FEM,23.37,11.19,7.57,20221202_164216_045738_2.txt
2713557,2715010,FEM,17.57,8.44,5.6,20221202_164216_045738_2.txt
2790214,2791674,FEM,12.49,5.5,4.01,20221202_164216_045738_2.txt
2813493,2819426,FEM,43.83,21.25,15.1,20221202_164216_045738_2.txt
2818638,2818802,MAL,13.4,6.75,4.1,20221202_164216_045738_2.txt
2852402,2853993,FEM,16.5,7.7,5.27,20221202_164216_045738_2.txt
2855876,2857012,FEM,15.63,7.78,5.01,20221202_164216_045738_2.txt
2911493,2912511,FEM,13.0,6.05,4.06,20221202_164216_045738_2.txt
2914513,2914746,FEM,8.88,4.21,2.6,20221202_164216_045738_2.txt
2922991,2924010,FEM,11.53,5.22,3.57,20221202_164216_045738_2.txt
2924237,2924492,FEM,10.18,4.91,3.04,20221202_164216_045738_2.txt
2931010,2931299,FEM,7.83,3.62,2.27,20221202_164216_045738_2.txt
2951993,2954678,FEM,27.33,13.27,8.8,20221202_164216_045738_2.txt
2955464,2956510,FEM,12.3,5.74,3.83,20221202_164216_045738_2.txt
3078515,3078643,MAL,10.98,5.41,3.29,20221202_164216_045738_2.txt
3082511,3084693,FEM,20.88,9.92,6.82,20221202_164216_045738_2.txt
3085511,3087492,FEM,19.7,9.44,6.45,20221202_164216_045738_2.txt
3094991,3096010,FEM,14.76,7.14,4.69,20221202_164216_045738_2.txt
3119491,3119990,FEM,9.95,4.74,3.01,20221202_164216_045738_2.txt
3125819,3127204,FEM,12.99,6.23,4.17,20221202_164216_045738_2.txt
3128097,3129412,FEM,12.05,5.79,3.84,20221202_164216_045738_2.txt
3139992,3142950,FEM,28.0,13.64,9.06,20221202_164216_045738_2.txt
3141232,3142376,MAL,12.26,5.8,3.78,20221202_164216_045738_2.txt
3142560,3142786,MAL,8.95,4.26,2.63,20221202_164216_045738_2.txt
3144916,3146084,FEM,13.31,6.33,4.19,20221202_164216_045738_2.txt
3146779,3146985,FEM,6.44,2.89,1.79,20221202_164216_045738_2.txt
3151511,3157427,FEM,43.74,20.62,14.7,20221202_164216_045738_2.txt
3158752,3159981,FEM,12.1,5.45,3.79,20221202_164216_045738_2.txt
3164403,3165491,FEM,11.2,5.03,3.47,20221202_164216_045738_2.txt
3175991,3177506,FEM,17.14,8.03,5.36,20221202_164216_045738_2.txt
3180985,3182011,FEM,15.3,7.39,4.82,20221202_164216_045738_2.txt
3184010,3186511,FEM,20.17,9.44,6.7,20221202_164216_045738_2.txt
3189788,3193511,FEM,29.56,13.81,9.71,20221202_164216_045738_2.txt
3195070,3198291,FEM,29.35,13.77,9.45,20221202_164216_045738_2.txt
3203153,3204002,FEM,12.59,5.86,3.89,20221202_164216_045738_2.txt
3216265,3218241,FEM,18.55,8.75,5.91,20221202_164216_045738_2.txt
3302049,3303492,FEM,7.24,2.48,2.26,20221202_164216_045738_2.txt
3323589,3324355,MAL,11.66,5.58,3.57,20221202_164216_045738_2.txt
3325992,3330297,FEM,32.98,15.85,11.21,20221202_164216_045738_2.txt
3330992,3336812,FEM,52.08,25.3,17.2,20221202_164216_045738_2.txt
3337011,3338040,FEM,16.25,8.01,5.14,20221202_164216_045738_2.txt
3341993,3343012,FEM,14.19,6.83,4.45,20221202_164216_045738_2.txt
3344147,3345806,FEM,14.42,6.39,4.64,20221202_164216_045738_2.txt
3352511,3354060,FEM,19.19,9.5,6.21,20221202_164216_045738_2.txt
3358522,3363011,FEM,33.7,15.81,11.22,20221202_164216_045738_2.txt
3364662,3364991,FEM,9.97,4.82,2.99,20221202_164216_045738_2.txt
3370511,3372381,FEM,16.84,7.75,5.43,20221202_164216_045738_2.txt
3375915,3376394,FEM,9.68,4.64,2.91,20221202_164216_045738_2.txt
3385997,3388510,FEM,18.75,8.61,6.17,20221202_164216_045738_2.txt
3448074,3449512,FEM,14.23,6.6,4.54,20221202_164216_045738_2.txt
3451992,3453511,FEM,16.53,7.59,5.1,20221202_164216_045738_2.txt
3473115,3476512,FEM,27.97,13.18,9.18,20221202_164216_045738_2.txt
3517724,3519492,FEM,19.27,9.53,6.27,20221202_164216_045738_2.txt
3519013,3519539,MAL,11.26,5.45,3.45,20221202_164216_045738_2.txt
3522847,3524492,FEM,17.3,8.31,5.6,20221202_164216_045738_2.txt
3524268,3524487,MAL,11.01,5.42,3.31,20221202_164216_045738_2.txt
3533993,3535912,FEM,20.33,10.2,6.65,20221202_164216_045738_2.txt
3648913,3650010,FEM,18.3,9.06,5.73,20221202_164216_045738_2.txt
3662857,3667012,FEM,35.31,17.23,11.96,20221202_164216_045738_2.txt
3680662,3681141,FEM,8.67,3.88,2.58,20221202_164216_045738_2.txt
3681406,3683372,FEM,16.95,7.79,5.53,20221202_164216_045738_2.txt
3684918,3685866,FEM,11.64,5.29,3.59,20221202_164216_045738_2.txt
3696290,3697011,FEM,10.73,4.97,3.3,20221202_164216_045738_2.txt
3698357,3707010,FEM,76.42,37.53,25.47,20221202_164216_045738_2.txt
3708219,3712510,FEM,44.86,22.47,14.54,20221202_164216_045738_2.txt
3716012,3721856,FEM,53.57,26.18,17.65,20221202_164216_045738_2.txt
3724002,3724390,FEM,10.78,5.23,3.26,20221202_164216_045738_2.txt
3724701,3724824,FEM,13.16,6.62,4.01,20221202_164216_045738_2.txt
3725441,3725789,FEM,10.91,5.32,3.3,20221202_164216_045738_2.txt
3727757,3734441,FEM,64.39,31.86,21.13,20221202_164216_045738_2.txt
3731248,3731349,MAL,11.78,5.86,3.55,20221202_164216_045738_2.txt
3735511,3736174,FEM,7.46,3.13,2.21,20221202_164216_045738_2.txt
3747011,3748270,FEM,13.49,6.49,4.31,20221202_164216_045738_2.txt
3772825,3773525,FEM,13.62,6.59,4.21,20221202_164216_045738_2.txt
3775304,3776730,FEM,19.85,9.71,6.2,20221202_164216_045738_2.txt
3782241,3783044,FEM,11.75,5.41,3.6,20221202_164216_045738_2.txt
3789983,3791255,FEM,11.56,5.09,3.62,20221202_164216_045738_2.txt
3792022,3793520,FEM,19.49,9.58,6.19,20221202_164216_045738_2.txt
3815492,3817109,FEM,16.3,7.6,5.2,20221202_164216_045738_2.txt
3819788,3820993,FEM,11.94,5.22,3.74,20221202_164216_045738_2.txt
3822010,3823132,FEM,11.59,5.29,3.66,20221202_164216_045738_2.txt
3830937,3831347,FEM,9.2,4.29,2.74,20221202_164216_045738_2.txt
3837596,3837814,FEM,9.52,4.6,2.81,20221202_164216_045738_2.txt
3837733,3837930,MAL,10.53,5.14,3.15,20221202_164216_045738_2.txt
3837991,3841218,FEM,30.87,15.22,10.07,20221202_164216_045738_2.txt
3850112,3852572,FEM,22.85,10.58,7.27,20221202_164216_045738_2.txt
3853992,3855956,FEM,21.75,10.38,6.92,20221202_164216_045738_2.txt
3860693,3863012,FEM,21.3,10.44,7.04,20221202_164216_045738_2.txt
3865492,3872264,FEM,60.93,30.14,20.25,20221202_164216_045738_2.txt
3873850,3875200,FEM,17.28,8.43,5.43,20221202_164216_045738_2.txt
3876333,3877764,FEM,16.0,7.53,5.13,20221202_164216_045738_2.txt
3879358,3884345,FEM,37.92,18.11,12.92,20221202_164216_045738_2.txt
3886010,3888016,FEM,17.87,8.55,5.85,20221202_164216_045738_2.txt
3889011,3891460,FEM,20.46,9.71,6.78,20221202_164216_045738_2.txt
3898992,3901020,FEM,23.55,11.4,7.48,20221202_164216_045738_2.txt
3909089,3909688,FEM,7.51,3.25,2.21,20221202_164216_045738_2.txt
3915785,3915996,FEM,10.16,4.93,3.03,20221202_164216_045738_2.txt
3916176,3916314,FEM,10.03,4.88,2.97,20221202_164216_045738_2.txt
3925893,3926995,FEM,13.57,6.54,4.31,20221202_164216_045738_2.txt
3928772,3929791,FEM,10.49,4.58,3.22,20221202_164216_045738_2.txt
3937884,3939685,FEM,20.03,9.92,6.53,20221202_164216_045738_2.txt
3948880,3950564,FEM,19.69,9.35,6.14,20221202_164216_045738_2.txt
3948953,3949992,MAL,14.93,7.11,4.55,20221202_164216_045738_2.txt
3953359,3955548,FEM,23.63,11.24,7.48,20221202_164216_045738_2.txt
3957663,3960564,FEM,24.37,11.71,8.16,20221202_164216_045738_2.txt
3961610,3961730,FEM,12.59,6.31,3.82,20221202_164216_045738_2.txt
3963354,3967993,FEM,43.89,22.16,14.64,20221202_164216_045738_2.txt
3970571,3973511,FEM,24.04,11.45,7.95,20221202_164216_045738_2.txt
3995681,3997260,FEM,14.06,6.52,4.56,20221202_164216_045738_2.txt
3998511,4000492,FEM,14.12,6.21,4.59,20221202_164216_045738_2.txt
4008511,4011039,FEM,25.36,12.33,8.16,20221202_164216_045738_2.txt
4020919,4023511,FEM,28.11,13.57,8.93,20221202_164216_045738_2.txt
4042492,4044794,FEM,21.09,9.91,6.91,20221202_164216_045738_2.txt
4043513,4044124,MAL,12.31,5.9,3.76,20221202_164216_045738_2.txt
4069992,4073510,FEM,28.62,13.52,9.52,20221202_164216_045738_2.txt
4075831,4076805,MAL,15.17,7.44,4.77,20221202_164216_045738_2.txt
4075895,4078986,FEM,31.32,15.48,10.25,20221202_164216_045738_2.txt
4078492,4078951,MAL,12.72,6.28,3.92,20221202_164216_045738_2.txt
4079052,4079457,MAL,14.34,7.08,4.45,20221202_164216_045738_2.txt
4079992,4081303,FEM,16.44,7.78,5.2,20221202_164216_045738_2.txt
4082992,4085125,FEM,19.6,9.22,6.39,20221202_164216_045738_2.txt
4085993,4087513,FEM,16.81,7.9,5.36,20221202_164216_045738_2.txt
4090389,4094512,FEM,35.28,16.86,11.74,20221202_164216_045738_2.txt
4099012,4101992,FEM,24.32,11.23,8.05,20221202_164216_045738_2.txt
4106761,4107934,FEM,14.52,7.14,4.64,20221202_164216_045738_2.txt
4110122,4110269,FEM,10.96,5.36,3.28,20221202_164216_045738_2.txt
4111607,4113165,FEM,18.39,9.0,5.89,20221202_164216_045738_2.txt
4197115,4200083,FEM,31.38,15.46,10.14,20221202_164216_045738_2.txt
4197493,4198425,MAL,13.56,6.59,4.18,20221202_164216_045738_2.txt
4199011,4199273,MAL,11.1,5.47,3.35,20221202_164216_045738_2.txt
4206435,4209214,FEM,25.2,12.33,8.37,20221202_164216_045738_2.txt
4209992,4211443,FEM,16.01,7.63,5.08,20221202_164216_045738_2.txt
4212832,4212984,FEM,9.24,4.39,2.71,20221202_164216_045738_2.txt
4215016,4215843,FEM,12.85,6.12,3.92,20221202_164216_045738_2.txt
4218956,4220237,FEM,13.01,6.04,4.11,20221202_164216_045738_2.txt
4221273,4222868,FEM,15.94,7.49,5.08,20221202_164216_045738_2.txt
4224590,4225511,FEM,12.31,5.9,3.86,20221202_164216_045738_2.txt
4227512,4228632,FEM,13.27,6.34,4.17,20221202_164216_045738_2.txt
4231011,4232491,FEM,15.41,7.28,4.89,20221202_164216_045738_2.txt
4231511,4232601,MAL,13.55,6.43,4.3,20221202_164216_045738_2.txt
4237564,4238511,FEM,12.05,5.51,3.78,20221202_164216_045738_2.txt
4240634,4242657,FEM,18.82,8.76,6.06,20221202_164216_045738_2.txt
4252373,4253338,FEM,11.88,5.61,3.73,20221202_164216_045738_2.txt
4274512,4276532,FEM,22.82,11.1,7.29,20221202_164216_045738_2.txt
4275438,4276373,MAL,13.68,6.64,4.27,20221202_164216_045738_2.txt
4277762,4280263,FEM,25.68,13.14,8.48,20221202_164216_045738_2.txt
4298331,4299377,FEM,12.8,6.09,4.0,20221202_164216_045738_2.txt
4338993,4340524,FEM,13.15,5.57,4.19,20221202_164216_045738_2.txt
4340731,4340964,FEM,11.79,5.82,3.57,20221202_164216_045738_2.txt
4344042,4345525,FEM,15.88,7.58,5.04,20221202_164216_045738_2.txt
4378992,4381511,FEM,20.12,9.56,6.68,20221202_164216_045738_2.txt
4384193,4386199,FEM,21.31,10.14,6.73,20221202_164216_045738_2.txt
4388285,4388422,FEM,12.13,6.02,3.67,20221202_164216_045738_2.txt
4436810,4438010,FEM,13.91,6.63,4.39,20221202_164216_045738_2.txt
4450773,4452628,FEM,23.04,11.32,7.44,20221202_164216_045738_2.txt
4458512,4460761,FEM,26.37,13.18,8.4,20221202_164216_045738_2.txt
4469015,4471511,FEM,22.71,11.0,7.54,20221202_164216_045738_2.txt
4482992,4486381,FEM,28.18,13.56,9.25,20221202_164216_045738_2.txt
4512218,4513511,FEM,12.83,6.06,4.05,20221202_164216_045738_2.txt
4527492,4530605,FEM,26.52,12.38,8.6,20221202_164216_045738_2.txt
4531854,4532831,FEM,12.57,5.79,3.85,20221202_164216_045738_2.txt
4534014,4536152,FEM,18.63,8.72,5.86,20221202_164216_045738_2.txt
4542397,4543992,FEM,16.1,7.81,5.19,20221202_164216_045738_2.txt
4548066,4548788,FEM,10.02,4.67,3.07,20221202_164216_045738_2.txt
4550511,4551512,FEM,14.21,6.6,4.46,20221202_164216_045738_2.txt
4560511,4563010,FEM,22.4,10.48,7.33,20221202_164216_045738_2.txt
4581269,4584597,FEM,31.46,15.49,10.44,20221202_164216_045738_2.txt
4583046,4583768,MAL,15.23,7.45,4.64,20221202_164216_045738_2.txt
4587011,4587251,FEM,13.21,6.6,4.05,20221202_164216_045738_2.txt
4588414,4589902,FEM,19.11,9.21,6.12,20221202_164216_045738_2.txt
4593918,4595511,FEM,16.13,7.56,5.25,20221202_164216_045738_2.txt
4613492,4615232,FEM,19.26,9.26,6.16,20221202_164216_045738_2.txt
4616831,4621492,FEM,38.38,18.36,12.81,20221202_164216_045738_2.txt
4628570,4630074,MAL,15.13,6.79,4.79,20221202_164216_045738_2.txt
4629012,4631428,FEM,23.35,10.95,7.53,20221202_164216_045738_2.txt
4632132,4633220,FEM,15.93,7.8,5.1,20221202_164216_045738_2.txt
4634791,4638083,FEM,33.5,16.34,10.85,20221202_164216_045738_2.txt
4636536,4636755,MAL,11.53,5.7,3.48,20221202_164216_045738_2.txt
4639013,4640358,FEM,16.07,7.86,5.19,20221202_164216_045738_2.txt
4642606,4645510,FEM,30.32,15.08,9.88,20221202_164216_045738_2.txt
4647152,4648796,FEM,20.48,9.98,6.6,20221202_164216_045738_2.txt
4658511,4660011,FEM,18.44,8.83,5.9,20221202_164216_045738_2.txt
4669383,4673992,FEM,36.42,17.39,12.36,20221202_164216_045738_2.txt
4679993,4683511,FEM,33.27,16.28,10.97,20221202_164216_045738_2.txt
4687512,4687654,FEM,13.35,6.73,4.08,20221202_164216_045738_2.txt
4689780,4691122,FEM,15.88,7.45,5.02,20221202_164216_045738_2.txt
4691993,4692444,FEM,13.03,6.47,4.02,20221202_164216_045738_2.txt
4693493,4694492,FEM,12.74,6.21,4.02,20221202_164216_045738_2.txt
4696491,4698882,FEM,20.93,9.79,6.93,20221202_164216_045738_2.txt
4700511,4702340,FEM,18.92,9.02,6.11,20221202_164216_045738_2.txt
4701733,4701885,MAL,12.29,6.16,3.73,20221202_164216_045738_2.txt
4703513,4705492,FEM,20.74,9.8,6.69,20221202_164216_045738_2.txt
4709011,4710992,FEM,21.82,10.36,6.94,20221202_164216_045738_2.txt
4725731,4726492,FEM,12.12,5.89,3.77,20221202_164216_045738_2.txt
4740512,4742137,FEM,17.82,8.33,5.71,20221202_164216_045738_2.txt
4754744,4755485,FEM,13.13,6.5,4.11,20221202_164216_045738_2.txt
4766222,4766992,FEM,12.19,5.7,3.8,20221202_164216_045738_2.txt
4771511,4772684,FEM,13.55,6.42,4.32,20221202_164216_045738_2.txt
4776400,4776653,FEM,13.87,6.99,4.27,20221202_164216_045738_2.txt
4786526,4787869,MAL,17.31,8.41,5.49,20221202_164216_045738_2.txt
4786658,4787512,FEM,13.88,6.68,4.27,20221202_164216_045738_2.txt
4832414,4835011,FEM,23.01,11.14,7.66,20221202_164216_045738_2.txt
4844737,4846011,FEM,16.99,8.38,5.43,20221202_164216_045738_2.txt
4942502,4943234,FEM,13.08,6.3,4.04,20221202_164216_045738_2.txt
4942510,4944532,MAL,23.07,11.07,7.32,20221202_164216_045738_2.txt
4943546,4943666,FEM,10.0,4.77,2.96,20221202_164216_045738_2.txt
4943825,4943992,FEM,11.23,5.56,3.38,20221202_164216_045738_2.txt
4944512,4946993,FEM,23.83,11.53,7.7,20221202_164216_045738_2.txt
4946511,4947422,MAL,12.72,5.98,3.94,20221202_164216_045738_2.txt
4949986,4950887,FEM,12.38,5.93,3.83,20221202_164216_045738_2.txt
4956491,4959890,FEM,30.93,15.3,10.33,20221202_164216_045738_2.txt
5025350,5026968,FEM,16.04,7.33,5.12,20221202_164216_045738_2.txt
5030512,5032588,FEM,21.41,10.07,6.77,20221202_164216_045738_2.txt
5030993,5032512,MAL,17.22,7.99,5.34,20221202_164216_045738_2.txt
5049511,5053492,FEM,31.51,15.21,10.62,20221202_164216_045738_2.txt
5054933,5056492,FEM,19.28,9.35,6.19,20221202_164216_045738_2.txt
5088255,5090511,FEM,21.56,9.97,6.85,20221202_164216_045738_2.txt
5090688,5090816,FEM,7.87,3.59,2.25,20221202_164216_045738_2.txt
5127940,5129131,FEM,15.26,7.41,4.84,20221202_164216_045738_2.txt
5130707,5130877,FEM,11.55,5.73,3.48,20221202_164216_045738_2.txt
5171182,5172179,FEM,17.46,8.52,5.49,20221202_164216_045738_2.txt
5232511,5232622,FEM,14.6,7.43,4.49,20221202_164216_045738_2.txt
5244499,5245012,FEM,12.95,6.38,4.01,20221202_164216_045738_2.txt
5257558,5258680,FEM,15.23,7.36,4.82,20221202_164216_045738_2.txt
5266726,5267511,FEM,13.68,6.6,4.24,20221202_164216_045738_2.txt
5269458,5271010,FEM,15.33,7.1,4.92,20221202_164216_045738_2.txt
5275594,5276421,FEM,14.88,7.22,4.65,20221202_164216_045738_2.txt
5321012,5322937,FEM,18.7,8.86,6.06,20221202_164216_045738_2.txt
5378493,5379016,FEM,9.64,4.39,2.91,20221202_164216_045738_2.txt
5383982,5384481,FEM,9.62,4.42,2.89,20221202_164216_045738_2.txt
5386492,5388215,FEM,16.23,7.56,5.25,20221202_164216_045738_2.txt
5393574,5394517,FEM,12.62,5.97,3.97,20221202_164216_045738_2.txt
5399992,5401011,FEM,11.04,4.96,3.4,20221202_164216_045738_2.txt
5406649,5408011,FEM,15.72,7.4,5.02,20221202_164216_045738_2.txt
5415353,5415697,FEM,12.66,6.26,3.88,20221202_164216_045738_2.txt
5418993,5419886,FEM,12.96,6.21,4.02,20221202_164216_045738_2.txt
5421921,5422576,FEM,11.81,5.74,3.65,20221202_164216_045738_2.txt
5446946,5447975,FEM,16.12,7.81,5.1,20221202_164216_045738_2.txt
5451806,5452010,MAL,11.18,5.49,3.36,20221202_164216_045738_2.txt
5460721,5462010,FEM,15.92,7.72,5.08,20221202_164216_045738_2.txt
5473511,5475492,FEM,21.41,10.5,7.02,20221202_164216_045738_2.txt
5488992,5492725,FEM,37.38,18.36,12.22,20221202_164216_045738_2.txt
5493894,5498484,FEM,47.56,23.92,15.59,20221202_164216_045738_2.txt
5498012,5501691,MAL,34.53,17.53,11.63,20221202_164216_045738_2.txt
5499993,5501653,FEM,18.34,9.02,5.89,20221202_164216_045738_2.txt
5505643,5509992,FEM,38.95,18.87,12.9,20221202_164216_045738_2.txt
5506535,5507429,MAL,14.77,7.25,4.57,20221202_164216_045738_2.txt
5507585,5508356,MAL,12.24,5.75,3.76,20221202_164216_045738_2.txt
5511011,5513797,FEM,33.04,16.57,10.61,20221202_164216_045738_2.txt
5516011,5518578,FEM,28.6,14.61,9.36,20221202_164216_045738_2.txt
5517825,5517947,MAL,9.88,4.81,2.92,20221202_164216_045738_2.txt
5582471,5582768,MAL,11.56,5.74,3.51,20221202_164216_045738_2.txt
5598111,5599493,FEM,15.2,7.28,4.75,20221202_164216_045738_2.txt
5600897,5601990,MAL,15.89,7.79,4.93,20221202_164216_045738_2.txt
5606621,5607699,FEM,16.32,7.97,5.01,20221202_164216_045738_2.txt
5607730,5607850,MAL,10.95,5.41,3.28,20221202_164216_045738_2.txt
5608813,5610992,FEM,23.7,11.48,7.55,20221202_164216_045738_2.txt
5617553,5621011,FEM,39.37,19.91,12.73,20221202_164216_045738_2.txt
5617920,5619241,MAL,18.94,9.3,5.88,20221202_164216_045738_2.txt
5620511,5622511,MAL,21.77,10.98,7.09,20221202_164216_045738_2.txt
5621113,5621992,FEM,12.0,5.83,3.75,20221202_164216_045738_2.txt
5623131,5623492,FEM,9.19,4.41,2.73,20221202_164216_045738_2.txt
5636010,5636138,FEM,12.93,6.5,3.93,20221202_164216_045738_2.txt
5641449,5643010,FEM,19.13,9.29,6.09,20221202_164216_045738_2.txt
5652511,5652710,FEM,13.63,6.89,4.18,20221202_164216_045738_2.txt
5657992,5659018,FEM,17.12,8.63,5.48,20221202_164216_045738_2.txt
5689992,5690745,FEM,13.51,6.67,4.23,20221202_164216_045738_2.txt
5700993,5701916,FEM,12.04,5.87,3.77,20221202_164216_045738_2.txt
5703203,5704990,MAL,19.13,9.6,6.23,20221202_164216_045738_2.txt
5704017,5704155,FEM,8.93,4.29,2.6,20221202_164216_045738_2.txt
5704268,5705534,FEM,14.75,7.22,4.68,20221202_164216_045738_2.txt
5705675,5705783,FEM,11.09,5.49,3.32,20221202_164216_045738_2.txt
5762575,5762860,FEM,13.72,6.9,4.23,20221202_164216_045738_2.txt
5762983,5763164,FEM,14.14,7.14,4.35,20221202_164216_045738_2.txt
5763371,5764011,FEM,15.35,7.72,4.83,20221202_164216_045738_2.txt
5800847,5801991,MAL,16.07,8.05,5.1,20221202_164216_045738_2.txt
5807511,5807990,FEM,10.36,5.04,3.14,20221202_164216_045738_2.txt
5856492,5857501,FEM,13.21,6.47,4.12,20221202_164216_045738_2.txt
5860510,5863080,FEM,23.29,11.61,7.75,20221202_164216_045738_2.txt
5861700,5861813,MAL,8.31,3.93,2.39,20221202_164216_045738_2.txt
5861921,5862991,MAL,12.59,6.11,3.98,20221202_164216_045738_2.txt
5956691,5958500,FEM,20.73,10.22,6.71,20221202_164216_045738_2.txt
5957643,5957802,MAL,12.25,6.09,3.71,20221202_164216_045738_2.txt
5959254,5961535,FEM,25.99,13.15,8.54,20221202_164216_045738_2.txt
5965480,5966492,FEM,15.42,7.45,4.81,20221202_164216_045738_2.txt
5965756,5968005,MAL,25.0,12.54,8.21,20221202_164216_045738_2.txt
5968492,5968804,FEM,12.38,6.1,3.78,20221202_164216_045738_2.txt
5969135,5969629,FEM,9.27,4.34,2.78,20221202_164216_045738_2.txt
5970011,5970129,FEM,12.15,6.05,3.67,20221202_164216_045738_2.txt
5970512,5970649,FEM,13.52,6.76,4.13,20221202_164216_045738_2.txt
5970993,5972512,FEM,19.05,9.55,6.16,20221202_164216_045738_2.txt
5971992,5972718,MAL,13.43,6.67,4.2,20221202_164216_045738_2.txt
5980993,5982476,FEM,17.21,8.4,5.54,20221202_164216_045738_2.txt
5984057,5987992,FEM,34.15,17.16,11.59,20221202_164216_045738_2.txt
6008705,6009522,MAL,10.83,5.17,3.35,20221202_164216_045738_2.txt
6015195,6016445,FEM,15.27,7.65,4.91,20221202_164216_045738_2.txt
6019053,6022495,FEM,37.69,19.4,12.38,20221202_164216_045738_2.txt
6033320,6034996,FEM,18.61,9.4,6.04,20221202_164216_045738_2.txt
6043984,6044510,FEM,11.66,5.69,3.58,20221202_164216_045738_2.txt
6048700,6049456,FEM,11.87,5.8,3.69,20221202_164216_045738_2.txt
6048896,6049173,MAL,9.75,4.71,2.9,20221202_164216_045738_2.txt
6071988,6072282,MAL,9.39,4.52,2.78,20221202_164216_045738_2.txt
6081730,6081882,MAL,8.87,4.24,2.59,20221202_164216_045738_2.txt
6083589,6085737,MAL,24.98,12.56,8.03,20221202_164216_045738_2.txt
6083777,6084352,FEM,10.29,4.96,3.13,20221202_164216_045738_2.txt
6084664,6085445,FEM,12.52,6.1,3.86,20221202_164216_045738_2.txt
6087471,6088613,FEM,14.83,7.23,4.64,20221202_164216_045738_2.txt
6089685,6092122,FEM,23.03,11.53,7.64,20221202_164216_045738_2.txt
6093196,6094183,FEM,13.51,6.58,4.22,20221202_164216_045738_2.txt
6098492,6100512,FEM,22.11,11.05,7.16,20221202_164216_045738_2.txt
6099173,6101105,MAL,20.69,10.47,6.77,20221202_164216_045738_2.txt
6100670,6100940,FEM,10.49,5.12,3.15,20221202_164216_045738_2.txt
6102035,6103010,FEM,14.42,7.06,4.47,20221202_164216_045738_2.txt
6179802,6180396,FEM,13.33,6.6,4.15,20221202_164216_045738_2.txt
6185346,6185466,FEM,13.54,6.8,4.14,20221202_164216_045738_2.txt
6196011,6197511,FEM,16.79,8.01,5.4,20221202_164216_045738_2.txt
6226511,6227520,MAL,15.08,7.43,4.64,20221202_164216_045738_2.txt
6228993,6230512,FEM,17.78,8.94,5.68,20221202_164216_045738_2.txt
6238679,6241627,MAL,27.82,14.26,9.32,20221202_164216_045738_2.txt
6240993,6241518,FEM,9.04,4.28,2.71,20221202_164216_045738_2.txt
6241742,6241988,MAL,10.77,5.28,3.24,20221202_164216_045738_2.txt
6251838,6254287,FEM,30.16,14.99,9.49,20221202_164216_045738_2.txt
6252992,6256067,MAL,34.22,17.39,11.16,20221202_164216_045738_2.txt
6257906,6259011,FEM,16.42,8.1,5.05,20221202_164216_045738_2.txt
6257939,6258935,MAL,14.87,7.31,4.57,20221202_164216_045738_2.txt
6295511,6296512,FEM,13.63,6.73,4.32,20221202_164216_045738_2.txt
6300464,6302011,FEM,18.66,9.42,6.03,20221202_164216_045738_2.txt
6411732,6412248,FEM,13.93,6.97,4.33,20221202_164216_045738_2.txt
6412404,6412507,FEM,14.0,7.1,4.29,20221202_164216_045738_2.txt
6565492,6569230,FEM,34.85,17.95,11.8,20221202_164216_045738_2.txt
6569333,6569512,FEM,10.93,5.37,3.28,20221202_164216_045738_2.txt
6570185,6573157,FEM,29.47,15.28,9.87,20221202_164216_045738_2.txt
6575492,6576359,MAL,12.09,5.89,3.73,20221202_164216_045738_2.txt
6632992,6634300,FEM,19.44,9.76,6.2,20221202_164216_045738_2.txt
6731702,6732011,FEM,10.7,5.25,3.22,20221202_164216_045738_2.txt
6739511,6741993,FEM,27.02,14.04,9.03,20221202_164216_045738_2.txt
6748844,6748972,FEM,11.76,5.86,3.55,20221202_164216_045738_2.txt
6751013,6751239,FEM,11.94,5.95,3.62,20221202_164216_045738_2.txt
6751492,6753962,FEM,26.91,14.02,8.99,20221202_164216_045738_2.txt
6756561,6757511,FEM,14.73,7.42,4.67,20221202_164216_045738_2.txt
6765512,6767378,FEM,21.28,10.95,7.01,20221202_164216_045738_2.txt
6768642,6769131,FEM,12.11,6.01,3.72,20221202_164216_045738_2.txt
6769508,6771992,FEM,26.67,13.9,8.91,20221202_164216_045738_2.txt
6778200,6778894,FEM,12.04,5.93,3.74,20221202_164216_045738_2.txt
6828875,6830011,FEM,14.43,7.18,4.61,20221202_164216_045738_2.txt
6874492,6876011,FEM,18.38,9.41,5.99,20221202_164216_045738_2.txt
6878010,6880059,FEM,23.38,12.09,7.74,20221202_164216_045738_2.txt
6931992,6932534,FEM,10.15,4.87,3.08,20221202_164216_045738_2.txt
7008863,7009835,FEM,16.1,8.13,5.13,20221202_164216_045738_2.txt
7043880,7045011,FEM,14.56,7.23,4.6,20221202_164216_045738_2.txt
7069493,7070011,FEM,9.88,4.75,2.99,20221202_164216_045738_2.txt
7091012,7091447,FEM,13.47,6.74,4.17,20221202_164216_045738_2.txt
7211503,7213125,MAL,18.78,9.25,6.14,20221202_164216_045738_2.txt
7246010,7246786,MAL,13.24,6.5,4.15,20221202_164216_045738_2.txt
7304992,7306011,FEM,10.79,4.99,3.38,20221202_164216_045738_2.txt
7327950,7328983,MAL,16.02,7.88,5.06,20221202_164216_045738_2.txt
7372013,7372516,MAL,12.4,6.12,3.82,20221202_164216_045738_2.txt
7388493,7389291,FEM,13.85,6.84,4.35,20221202_164216_045738_2.txt
7405055,7405357,MAL,11.22,5.52,3.4,20221202_164216_045738_2.txt
7415339,7417507,FEM,22.45,11.16,7.4,20221202_164216_045738_2.txt
7417803,7417916,FEM,11.57,5.74,3.48,20221202_164216_045738_2.txt
7423805,7424794,FEM,14.74,7.25,4.63,20221202_164216_045738_2.txt
7461798,7462512,FEM,13.45,6.63,4.21,20221202_164216_045738_2.txt
7637504,7637769,MAL,9.08,4.36,2.68,20221202_164216_045738_2.txt
7682735,7683511,FEM,10.91,5.24,3.37,20221202_164216_045738_2.txt
7703350,7703451,FEM,12.53,6.29,3.8,20221202_164216_045738_2.txt
7860011,7860328,FEM,11.47,5.67,3.48,20221202_164216_045738_2.txt
7860449,7861629,FEM,16.1,8.06,5.12,20221202_164216_045738_2.txt
7990194,7991304,FEM,16.02,8.01,5.13,20221202_164216_045738_2.txt
8057694,8057896,MAL,9.23,4.45,2.72,20221202_164216_045738_2.txt
8173011,8173397,FEM,11.73,5.79,3.58,20221202_164216_045738_2.txt
8181049,8182472,FEM,16.36,8.14,5.3,20221202_164216_045738_2.txt
8185511,8186530,FEM,14.95,7.44,4.76,20221202_164216_045738_2.txt
8195496,8197011,FEM,15.35,7.61,4.98,20221202_164216_045738_2.txt
8233010,8235023,FEM,21.38,10.56,6.97,20221202_164216_045738_2.txt
8236239,8237511,FEM,12.77,6.05,4.08,20221202_164216_045738_2.txt
8243319,8244402,FEM,13.26,6.56,4.21,20221202_164216_045738_2.txt
8246040,8247216,FEM,14.59,7.28,4.67,20221202_164216_045738_2.txt
8257808,8259664,FEM,19.61,9.64,6.35,20221202_164216_045738_2.txt
8260010,8261492,FEM,15.74,7.65,5.05,20221202_164216_045738_2.txt
8262714,8265011,FEM,22.43,11.36,7.47,20221202_164216_045738_2.txt
8267014,8269012,FEM,19.18,9.61,6.28,20221202_164216_045738_2.txt
8276992,8279992,FEM,26.01,12.81,8.72,20221202_164216_045738_2.txt
8283052,8283278,FEM,9.91,4.79,2.95,20221202_164216_045738_2.txt
8283468,8284011,FEM,10.47,5.04,3.19,20221202_164216_045738_2.txt
8308732,8310992,FEM,25.21,12.91,8.23,20221202_164216_045738_2.txt
8315674,8315871,FEM,10.06,4.9,2.99,20221202_164216_045738_2.txt
8381559,8382669,FEM,16.34,8.09,5.24,20221202_164216_045738_2.txt
8422674,8423253,FEM,11.86,5.81,3.66,20221202_164216_045738_2.txt
8430289,8431011,FEM,7.26,3.2,2.15,20221202_164216_045738_2.txt
8434706,8434968,FEM,8.87,4.24,2.61,20221202_164216_045738_2.txt
8443427,8444964,FEM,17.33,8.71,5.59,20221202_164216_045738_2.txt
8445791,8448511,FEM,25.56,12.74,8.42,20221202_164216_045738_2.txt
8447153,8448491,MAL,14.92,7.22,4.7,20221202_164216_045738_2.txt
8451992,8455753,FEM,33.97,17.47,11.51,20221202_164216_045738_2.txt
8453756,8454377,MAL,8.91,4.15,2.68,20221202_164216_045738_2.txt
8454491,8454648,MAL,9.99,4.88,2.96,20221202_164216_045738_2.txt
8454993,8455535,MAL,8.59,3.91,2.56,20221202_164216_045738_2.txt
8456511,8457451,MAL,12.32,6.05,3.87,20221202_164216_045738_2.txt
8459912,8461011,FEM,13.23,6.54,4.2,20221202_164216_045738_2.txt
8463493,8464597,FEM,13.67,6.74,4.3,20221202_164216_045738_2.txt
8557512,8559010,FEM,17.15,8.48,5.42,20221202_164216_045738_2.txt
8561992,8563992,FEM,20.63,10.45,6.77,20221202_164216_045738_2.txt
8568116,8568992,FEM,11.23,5.42,3.5,20221202_164216_045738_2.txt
8579993,8582993,FEM,29.92,14.75,9.82,20221202_164216_045738_2.txt
8611993,8617563,FEM,48.47,25.05,16.64,20221202_164216_045738_2.txt
8629268,8629702,MAL,9.99,4.83,3.01,20221202_164216_045738_2.txt
8692010,8694347,FEM,19.65,9.31,6.39,20221202_164216_045738_2.txt
8728511,8731493,FEM,26.77,13.76,9.03,20221202_164216_045738_2.txt
8744993,8745246,FEM,8.28,3.91,2.41,20221202_164216_045738_2.txt
8759011,8759149,FEM,11.56,5.73,3.48,20221202_164216_045738_2.txt
8763206,8763489,MAL,9.81,4.66,2.92,20221202_164216_045738_2.txt
8765820,8767261,FEM,13.25,6.24,4.27,20221202_164216_045738_2.txt
8770289,8773492,FEM,21.72,9.9,7.28,20221202_164216_045738_2.txt
8776966,8779011,FEM,16.91,7.71,5.48,20221202_164216_045738_2.txt
8787493,8789493,FEM,19.14,8.69,5.85,20221202_164216_045738_2.txt
8793836,8796220,MAL,30.96,15.19,9.59,20221202_164216_045738_2.txt
8793844,8797680,FEM,46.61,23.07,14.68,20221202_164216_045738_2.txt
8801020,8802252,FEM,13.32,6.27,4.09,20221202_164216_045738_2.txt
8803142,8805167,FEM,17.56,8.05,5.48,20221202_164216_045738_2.txt
8804511,8804918,MAL,7.15,3.13,2.01,20221202_164216_045738_2.txt
8819493,8819949,FEM,13.1,6.56,4.05,20221202_164216_045738_2.txt
8825536,8828651,FEM,33.37,16.58,10.78,20221202_164216_045738_2.txt
8846115,8846689,FEM,12.25,5.99,3.79,20221202_164216_045738_2.txt
8847210,8847985,FEM,11.47,5.52,3.56,20221202_164216_045738_2.txt
8858540,8859993,FEM,16.23,8.1,5.21,20221202_164216_045738_2.txt
8862267,8867162,FEM,42.75,21.79,14.57,20221202_164216_045738_2.txt
8873992,8876010,FEM,23.57,12.0,7.75,20221202_164216_045738_2.txt
8973556,8973956,FEM,12.53,6.19,3.85,20221202_164216_045738_2.txt
9020492,9025306,FEM,38.58,19.24,13.22,20221202_164216_045738_2.txt
9025820,9028010,FEM,24.38,12.37,7.99,20221202_164216_045738_2.txt
9033532,9033733,MAL,10.39,5.07,3.1,20221202_164216_045738_2.txt
9037347,9039662,FEM,23.69,11.7,7.84,20221202_164216_045738_2.txt
9042854,9043600,FEM,14.15,6.9,4.39,20221202_164216_045738_2.txt
9052012,9053664,FEM,16.0,7.44,5.11,20221202_164216_045738_2.txt
9059499,9062226,FEM,28.42,13.89,9.22,20221202_164216_045738_2.txt
9065945,9068626,FEM,28.93,13.92,9.27,20221202_164216_045738_2.txt
9066028,9067403,MAL,18.66,8.87,5.79,20221202_164216_045738_2.txt
9078443,9079646,FEM,15.8,7.65,5.02,20221202_164216_045738_2.txt
9082493,9085011,FEM,23.71,11.26,7.82,20221202_164216_045738_2.txt
9098470,9102895,FEM,44.2,21.56,14.44,20221202_164216_045738_2.txt
9105510,9107189,FEM,19.69,9.79,6.4,20221202_164216_045738_2.txt
9106511,9106688,MAL,11.19,5.53,3.36,20221202_164216_045738_2.txt
9107885,9108523,FEM,12.98,6.28,3.99,20221202_164216_045738_2.txt
9151010,9152831,FEM,17.44,8.07,5.67,20221202_164216_045738_2.txt
9154485,9157079,FEM,22.38,10.47,7.39,20221202_164216_045738_2.txt
9158174,9160511,FEM,20.6,9.49,6.76,20221202_164216_045738_2.txt
9169492,9170764,FEM,15.72,7.49,5.06,20221202_164216_045738_2.txt
9175992,9176615,FEM,11.94,5.65,3.69,20221202_164216_045738_2.txt
9177290,9178780,FEM,16.41,7.72,5.32,20221202_164216_045738_2.txt
9195091,9196640,FEM,14.55,6.62,4.61,20221202_164216_045738_2.txt
9197773,9202793,FEM,40.09,18.74,13.33,20221202_164216_045738_2.txt
9202991,9204559,FEM,14.16,6.27,4.54,20221202_164216_045738_2.txt
9209492,9211120,FEM,17.17,8.03,5.44,20221202_164216_045738_2.txt
9211261,9211406,FEM,13.36,6.73,4.08,20221202_164216_045738_2.txt
9244312,9246136,FEM,17.71,8.72,5.81,20221202_164216_045738_2.txt
9257492,9260131,FEM,22.92,11.02,7.58,20221202_164216_045738_2.txt
9262060,9266468,FEM,34.63,16.72,11.78,20221202_164216_045738_2.txt
9296249,9297511,MAL,15.53,7.23,4.89,20221202_164216_045738_2.txt
9310511,9310990,FEM,12.54,6.13,3.87,20221202_164216_045738_2.txt
9320989,9322992,FEM,19.04,9.28,6.23,20221202_164216_045738_2.txt
9323723,9326511,FEM,25.33,12.7,8.46,20221202_164216_045738_2.txt
9324946,9325079,MAL,7.95,3.74,2.28,20221202_164216_045738_2.txt
9327623,9328011,FEM,8.84,4.03,2.62,20221202_164216_045738_2.txt
9332992,9333510,FEM,11.55,5.57,3.49,20221202_164216_045738_2.txt
9336011,9339992,FEM,29.48,13.79,9.99,20221202_164216_045738_2.txt
9341279,9344111,FEM,25.93,12.27,8.46,20221202_164216_045738_2.txt
9342547,9344282,MAL,18.58,8.82,5.98,20221202_164216_045738_2.txt
9359103,9362394,FEM,27.91,13.38,9.3,20221202_164216_045738_2.txt
9371734,9373011,FEM,9.44,3.78,2.97,20221202_164216_045738_2.txt
9382777,9385146,FEM,20.68,10.24,6.9,20221202_164216_045738_2.txt
9389491,9395991,FEM,49.26,23.74,16.8,20221202_164216_045738_2.txt
9403992,9405511,FEM,14.58,6.56,4.62,20221202_164216_045738_2.txt
9404286,9404446,MAL,11.34,5.59,3.41,20221202_164216_045738_2.txt
9417452,9419511,FEM,20.7,9.94,6.74,20221202_164216_045738_2.txt
9445498,9447923,FEM,27.97,13.67,8.96,20221202_164216_045738_2.txt
9451978,9453011,FEM,14.11,6.76,4.38,20221202_164216_045738_2.txt
9459693,9461450,FEM,18.79,8.97,6.06,20221202_164216_045738_2.txt
9470466,9472246,FEM,16.49,7.51,5.29,20221202_164216_045738_2.txt
9473851,9474992,FEM,14.0,6.56,4.41,20221202_164216_045738_2.txt
9481222,9483991,FEM,22.97,10.57,7.57,20221202_164216_045738_2.txt
9497078,9497191,FEM,9.33,4.51,2.73,20221202_164216_045738_2.txt
9507993,9509682,FEM,17.84,8.5,5.73,20221202_164216_045738_2.txt
9526493,9526635,FEM,8.93,4.26,2.61,20221202_164216_045738_2.txt
9526992,9527252,FEM,7.98,3.7,2.31,20221202_164216_045738_2.txt
9527492,9528314,FEM,13.07,6.27,4.05,20221202_164216_045738_2.txt
9538493,9539482,FEM,12.0,5.62,3.77,20221202_164216_045738_2.txt
9552153,9552504,FEM,8.97,4.18,2.65,20221202_164216_045738_2.txt
9553845,9555511,FEM,13.9,6.01,4.41,20221202_164216_045738_2.txt
9573515,9573638,FEM,10.39,5.07,3.09,20221202_164216_045738_2.txt
9593768,9594887,FEM,13.3,6.27,4.17,20221202_164216_045738_2.txt
9595334,9601492,FEM,45.7,22.12,15.76,20221202_164216_045738_2.txt
9602646,9604126,FEM,14.43,6.57,4.61,20221202_164216_045738_2.txt
9604511,9607203,FEM,22.99,10.68,7.61,20221202_164216_045738_2.txt
9609359,9611320,FEM,21.27,10.27,6.87,20221202_164216_045738_2.txt
9613279,9614054,FEM,11.12,5.19,3.44,20221202_164216_045738_2.txt
9614236,9615147,FEM,12.58,5.85,3.84,20221202_164216_045738_2.txt
9625011,9625175,FEM,14.58,7.38,4.49,20221202_164216_045738_2.txt
9625316,9626364,FEM,14.96,7.23,4.72,20221202_164216_045738_2.txt
9627992,9629759,FEM,18.75,9.08,6.1,20221202_164216_045738_2.txt
9642313,9644512,FEM,21.7,10.48,7.1,20221202_164216_045738_2.txt
9655146,9658249,FEM,27.03,12.96,9.03,20221202_164216_045738_2.txt
9655863,9655986,MAL,11.9,5.94,3.59,20221202_164216_045738_2.txt
9666992,9668492,FEM,15.66,7.23,5.02,20221202_164216_045738_2.txt
9684320,9687229,FEM,22.16,10.22,7.38,20221202_164216_045738_2.txt
9734492,9735700,FEM,15.88,7.71,5.05,20221202_164216_045738_2.txt
9735444,9735692,MAL,13.0,6.47,3.98,20221202_164216_045738_2.txt
9737444,9738014,FEM,11.41,5.54,3.51,20221202_164216_045738_2.txt
9769992,9772010,FEM,17.38,8.09,5.74,20221202_164216_045738_2.txt
9825489,9828493,FEM,28.28,13.43,9.27,20221202_164216_045738_2.txt
9831562,9835011,FEM,31.22,15.16,10.43,20221202_164216_045738_2.txt
9838463,9839011,FEM,12.0,5.82,3.7,20221202_164216_045738_2.txt
9845479,9847410,FEM,16.71,7.65,5.5,20221202_164216_045738_2.txt
9848112,9848254,FEM,11.94,5.96,3.61,20221202_164216_045738_2.txt
9851993,9854356,FEM,22.3,10.85,7.28,20221202_164216_045738_2.txt
9855437,9856147,FEM,11.26,5.33,3.43,20221202_164216_045738_2.txt
9859438,9860444,FEM,9.61,4.11,2.93,20221202_164216_045738_2.txt
9863993,9865144,FEM,15.5,7.33,4.86,20221202_164216_045738_2.txt
9871532,9872992,FEM,15.66,7.4,5.02,20221202_164216_045738_2.txt
9910284,9912393,FEM,13.65,5.69,4.35,20221202_164216_045738_2.txt
9924692,9925958,FEM,13.66,6.26,4.26,20221202_164216_045738_2.txt
9990025,9991221,FEM,13.55,6.3,4.32,20221202_164216_045738_2.txt
9991779,9992633,FEM,13.66,6.53,4.25,20221202_164216_045738_2.txt
10003343,10005491,FEM,21.1,10.18,6.94,20221202_164216_045738_2.txt
10007295,10008802,FEM,16.88,8.02,5.38,20221202_164216_045738_2.txt
10018492,10019521,FEM,12.65,5.92,3.94,20221202_164216_045738_2.txt
10031492,10032008,FEM,10.2,4.71,3.09,20221202_164216_045738_2.txt
10035922,10036415,MAL,10.95,5.21,3.34,20221202_164216_045738_2.txt
10036116,10036400,FEM,11.11,5.4,3.36,20221202_164216_045738_2.txt
10041511,10043011,FEM,16.62,7.87,5.24,20221202_164216_045738_2.txt
10060011,10062907,FEM,29.75,14.83,9.64,20221202_164216_045738_2.txt
10060841,10061052,MAL,7.84,3.67,2.26,20221202_164216_045738_2.txt
10065992,10069492,FEM,32.51,16.06,10.66,20221202_164216_045738_2.txt
10069989,10071514,FEM,16.14,7.8,5.14,20221202_164216_045738_2.txt
10089993,10091512,FEM,14.42,6.98,4.67,20221202_164216_045738_2.txt
10095180,10099510,FEM,31.47,14.47,10.5,20221202_164216_045738_2.txt
10097946,10100449,MAL,9.59,2.53,3.12,20221202_164216_045738_2.txt
10110992,10113309,MAL,25.24,12.21,7.99,20221202_164216_045738_2.txt
10111804,10113223,FEM,17.94,8.59,5.51,20221202_164216_045738_2.txt
10120511,10121076,FEM,9.81,4.51,2.92,20221202_164216_045738_2.txt
10121326,10121478,FEM,8.82,4.21,2.57,20221202_164216_045738_2.txt
10142948,10144492,FEM,18.69,9.22,5.99,20221202_164216_045738_2.txt
10145248,10146811,FEM,16.3,7.98,5.25,20221202_164216_045738_2.txt
10149992,10150935,FEM,13.49,6.49,4.21,20221202_164216_045738_2.txt
10165618,10166364,FEM,10.45,5.03,3.22,20221202_164216_045738_2.txt
10169493,10170322,FEM,10.34,4.92,3.19,20221202_164216_045738_2.txt
10176511,10177549,FEM,13.96,6.74,4.33,20221202_164216_045738_2.txt
10184172,10187512,FEM,32.67,16.28,10.74,20221202_164216_045738_2.txt
10188992,10191430,FEM,26.46,13.07,8.52,20221202_164216_045738_2.txt
10208992,10210565,FEM,16.84,8.19,5.43,20221202_164216_045738_2.txt
10228339,10229733,FEM,12.23,5.36,3.81,20221202_164216_045738_2.txt
10264992,10266511,FEM,18.22,9.16,5.88,20221202_164216_045738_2.txt
10267992,10269511,FEM,18.65,9.39,6.02,20221202_164216_045738_2.txt
10275992,10276102,FEM,10.74,5.29,3.2,20221202_164216_045738_2.txt
10346304,10346512,FEM,9.61,4.65,2.84,20221202_164216_045738_2.txt
10353685,10354510,FEM,9.84,4.57,3.03,20221202_164216_045738_2.txt
10364492,10366137,FEM,14.88,7.06,4.84,20221202_164216_045738_2.txt
10368937,10370532,FEM,17.69,8.74,5.72,20221202_164216_045738_2.txt
10383285,10384510,FEM,13.63,6.6,4.25,20221202_164216_045738_2.txt
10393491,10394871,FEM,17.33,8.54,5.51,20221202_164216_045738_2.txt
10432214,10432396,FEM,7.95,3.72,2.29,20221202_164216_045738_2.txt
10436092,10436510,FEM,9.19,4.37,2.74,20221202_164216_045738_2.txt
10437287,10438207,FEM,11.99,5.85,3.76,20221202_164216_045738_2.txt
10444012,10445384,FEM,15.75,7.77,5.03,20221202_164216_045738_2.txt
10444874,10445011,MAL,9.28,4.48,2.72,20221202_164216_045738_2.txt
10470706,10470989,MAL,8.99,4.3,2.65,20221202_164216_045738_2.txt
10577064,10577486,FEM,7.0,3.16,2.01,20221202_164216_045738_2.txt
10578992,10579512,FEM,11.49,5.65,3.52,20221202_164216_045738_2.txt
10718696,10719835,FEM,13.19,6.41,4.19,20221202_164216_045738_2.txt
10719395,10720262,MAL,11.3,5.4,3.52,20221202_164216_045738_2.txt
10816011,10816929,FEM,12.62,6.13,3.92,20221202_164216_045738_2.txt
10855284,10855519,FEM,7.89,3.68,2.28,20221202_164216_045738_2.txt
10857512,10859196,FEM,18.9,9.26,6.13,20221202_164216_045738_2.txt
10877993,10878413,MAL,9.94,4.8,2.99,20221202_164216_045738_2.txt
10877993,10878511,FEM,10.7,5.21,3.26,20221202_164216_045738_2.txt
10907511,10909263,FEM,17.37,8.45,5.64,20221202_164216_045738_2.txt
10917492,10919510,FEM,18.15,8.91,5.94,20221202_164216_045738_2.txt
10922135,10922331,FEM,8.39,3.96,2.44,20221202_164216_045738_2.txt
10925511,10929389,FEM,35.89,18.39,12.17,20221202_164216_045738_2.txt
10930764,10931258,FEM,10.75,5.2,3.27,20221202_164216_045738_2.txt
10986492,10987992,FEM,15.77,7.84,5.11,20221202_164216_045738_2.txt
10991492,10993011,FEM,14.8,7.08,4.74,20221202_164216_045738_2.txt
11042011,11044156,FEM,22.5,11.29,7.36,20221202_164216_045738_2.txt
11049470,11051615,FEM,21.3,10.73,7.01,20221202_164216_045738_2.txt
11057511,11058552,FEM,15.38,7.65,4.85,20221202_164216_045738_2.txt
11066519,11066993,FEM,8.56,4.02,2.54,20221202_164216_045738_2.txt
11074820,11076194,FEM,16.33,8.04,5.23,20221202_164216_045738_2.txt
11078036,11082493,FEM,39.47,20.47,13.45,20221202_164216_045738_2.txt
11086853,11087594,FEM,8.05,3.71,2.41,20221202_164216_045738_2.txt
11090105,11093011,FEM,26.92,13.78,9.01,20221202_164216_045738_2.txt
11145263,11146491,MAL,17.63,8.91,5.69,20221202_164216_045738_2.txt
11146459,11147014,FEM,13.28,6.59,4.12,20221202_164216_045738_2.txt
11146785,11146901,MAL,13.57,6.86,4.15,20221202_164216_045738_2.txt
11158479,11158970,FEM,11.62,5.7,3.56,20221202_164216_045738_2.txt
11171297,11171992,FEM,10.7,4.95,3.18,20221202_164216_045738_2.txt
11219015,11219229,FEM,9.18,4.4,2.7,20221202_164216_045738_2.txt
11219492,11221259,FEM,19.53,9.62,6.31,20221202_164216_045738_2.txt
11221855,11222761,FEM,12.76,6.18,3.96,20221202_164216_045738_2.txt
11221968,11222790,MAL,11.52,5.58,3.59,20221202_164216_045738_2.txt
11222896,11223012,FEM,12.56,6.29,3.81,20221202_164216_045738_2.txt
11231246,11232010,FEM,11.05,5.24,3.37,20221202_164216_045738_2.txt
11231711,11232659,MAL,11.25,5.34,3.51,20221202_164216_045738_2.txt
11234492,11235248,FEM,6.93,3.01,2.04,20221202_164216_045738_2.txt
11253511,11255819,FEM,18.89,8.9,6.24,20221202_164216_045738_2.txt
11256877,11257584,FEM,10.7,4.98,3.29,20221202_164216_045738_2.txt
11258190,11264010,FEM,41.31,19.87,14.14,20221202_164216_045738_2.txt
11273492,11274415,MAL,12.03,5.72,3.72,20221202_164216_045738_2.txt
11273570,11274292,FEM,10.83,5.13,3.28,20221202_164216_045738_2.txt
11276545,11278992,FEM,18.44,8.41,6.06,20221202_164216_045738_2.txt
11282510,11285149,FEM,24.36,11.59,7.85,20221202_164216_045738_2.txt
11286361,11288847,FEM,21.29,10.15,6.96,20221202_164216_045738_2.txt
11294279,11295103,FEM,9.88,4.47,2.98,20221202_164216_045738_2.txt
11325493,11327849,FEM,18.66,8.91,6.11,20221202_164216_045738_2.txt
11329512,11329623,FEM,10.86,5.36,3.24,20221202_164216_045738_2.txt
11337848,11337973,FEM,11.07,5.47,3.31,20221202_164216_045738_2.txt
11339011,11339490,FEM,7.81,3.51,2.29,20221202_164216_045738_2.txt
11344642,11344770,FEM,6.57,2.95,1.82,20221202_164216_045738_2.txt
11365702,11365894,MAL,3.67,1.3,0.86,20221202_164216_045738_2.txt
11366511,11368085,FEM,12.52,5.69,3.99,20221202_164216_045738_2.txt
11376339,11376494,FEM,7.74,3.58,2.21,20221202_164216_045738_2.txt
11388992,11390011,FEM,8.46,3.41,2.54,20221202_164216_045738_2.txt
11390510,11390652,FEM,8.07,3.76,2.32,20221202_164216_045738_2.txt
11393182,11393511,FEM,9.83,4.7,2.94,20221202_164216_045738_2.txt
11393615,11393726,FEM,10.92,5.39,3.26,20221202_164216_045738_2.txt
11400011,11403492,MAL,34.36,16.73,11.11,20221202_164216_045738_2.txt
11400060,11400992,FEM,12.37,5.83,3.78,20221202_164216_045738_2.txt
11402780,11403511,FEM,11.57,5.38,3.48,20221202_164216_045738_2.txt
11406509,11406924,MAL,10.63,5.15,3.22,20221202_164216_045738_2.txt
11406854,11407433,FEM,10.22,4.75,3.11,20221202_164216_045738_2.txt
11410991,11411750,FEM,9.3,4.21,2.83,20221202_164216_045738_2.txt
11416564,11416758,MAL,7.74,3.55,2.22,20221202_164216_045738_2.txt
11425511,11425891,FEM,10.67,5.19,3.23,20221202_164216_045738_2.txt
11430588,11431820,FEM,13.47,6.11,4.09,20221202_164216_045738_2.txt
11444011,11445511,FEM,11.82,5.31,3.8,20221202_164216_045738_2.txt
11453975,11456211,FEM,20.98,10.51,6.87,20221202_164216_045738_2.txt
11455553,11455882,MAL,9.66,4.66,2.88,20221202_164216_045738_2.txt
11465965,11468638,FEM,26.48,13.75,8.88,20221202_164216_045738_2.txt
11476195,11476748,FEM,9.28,4.35,2.79,20221202_164216_045738_2.txt
11490513,11491380,FEM,8.35,3.74,2.54,20221202_164216_045738_2.txt
11495672,11496666,FEM,12.43,5.85,3.81,20221202_164216_045738_2.txt
11613993,11615888,MAL,26.82,13.34,8.44,20221202_164216_045738_2.txt
11622992,11624492,FEM,17.69,8.76,5.7,20221202_164216_045738_2.txt
11627511,11628010,FEM,7.81,3.61,2.29,20221202_164216_045738_2.txt
11635491,11639511,FEM,34.05,17.43,11.63,20221202_164216_045738_2.txt
11645011,11646160,FEM,13.25,6.27,4.16,20221202_164216_045738_2.txt
11662733,11663847,FEM,15.88,7.68,4.98,20221202_164216_045738_2.txt
11668917,11671011,MAL,25.29,12.5,8.07,20221202_164216_045738_2.txt
11669010,11671511,FEM,30.12,15.0,9.64,20221202_164216_045738_2.txt
11672593,11673045,MAL,13.0,6.39,3.96,20221202_164216_045738_2.txt
11725493,11727241,FEM,18.94,9.06,5.89,20221202_164216_045738_2.txt
11766992,11767512,FEM,8.61,4.04,2.56,20221202_164216_045738_2.txt
11801563,11802513,FEM,10.13,4.62,3.14,20221202_164216_045738_2.txt
11804493,11805894,FEM,15.49,7.35,4.84,20221202_164216_045738_2.txt
11836034,11840113,FEM,37.26,19.17,12.65,20221202_164216_045738_2.txt
11838202,11839096,MAL,12.21,5.87,3.77,20221202_164216_045738_2.txt
12151996,12153511,FEM,15.41,7.73,4.95,20221202_164216_045738_2.txt
12508108,12508267,FEM,9.75,4.74,2.88,20221202_164216_045738_2.txt
12508511,12508631,FEM,9.35,4.52,2.74,20221202_164216_045738_2.txt
12901294,12903493,FEM,26.48,13.4,8.48,20221202_164216_045738_2.txt
12902512,12904026,MAL,18.23,9.23,5.88,20221202_164216_045738_2.txt
13103409,13106258,FEM,32.24,16.48,10.46,20221202_164216_045738_2.txt
13107081,13109492,FEM,23.88,12.27,7.92,20221202_164216_045738_2.txt
13112992,13114563,FEM,17.55,8.78,5.61,20221202_164216_045738_2.txt
13118244,13119790,FEM,16.92,8.45,5.4,20221202_164216_045738_2.txt
13118861,13119735,MAL,11.63,5.58,3.52,20221202_164216_045738_2.txt
13121300,13124515,FEM,30.43,15.87,10.23,20221202_164216_045738_2.txt
13324534,13327119,FEM,24.15,11.54,7.72,20221202_164216_045738_2.txt
13330243,13332288,FEM,22.46,11.39,7.33,20221202_164216_045738_2.txt
13333992,13338010,FEM,35.19,17.95,11.96,20221202_164216_045738_2.txt
13352533,13353011,FEM,6.7,2.95,1.92,20221202_164216_045738_2.txt
13358885,13360898,FEM,20.12,10.14,6.55,20221202_164216_045738_2.txt
13389482,13391286,MAL,18.84,9.49,6.14,20221202_164216_045738_2.txt
13391011,13397380,FEM,60.45,31.46,20.4,20221202_164216_045738_2.txt
13402120,13403511,FEM,15.44,7.49,4.83,20221202_164216_045738_2.txt
13407010,13407680,FEM,10.03,4.73,3.01,20221202_164216_045738_2.txt
13691378,13692254,FEM,12.36,5.96,3.82,20221202_164216_045738_2.txt
13693583,13693863,MAL,8.07,3.75,2.34,20221202_164216_045738_2.txt
13793492,13794511,MAL,12.3,5.92,3.82,20221202_164216_045738_2.txt
13888795,13889991,FEM,12.2,5.74,3.82,20221202_164216_045738_2.txt
14074012,14074511,FEM,6.02,2.6,1.7,20221202_164216_045738_2.txt
14123816,14125004,FEM,11.31,5.12,3.52,20221202_164216_045738_2.txt
14182493,14183492,FEM,10.38,4.87,3.18,20221202_164216_045738_2.txt
14242993,14244512,MAL,17.34,8.59,5.54,20221202_164216_045738_2.txt
14245011,14246057,FEM,13.25,6.43,4.14,20221202_164216_045738_2.txt
14300084,14300285,MAL,7.58,3.51,2.17,20221202_164216_045738_2.txt
14300457,14302011,MAL,16.6,8.01,5.24,20221202_164216_045738_2.txt
14300511,14304011,FEM,29.81,15.11,10.08,20221202_164216_045738_2.txt
14303102,14303512,MAL,6.63,2.95,1.89,20221202_164216_045738_2.txt
14450238,14450511,FEM,6.29,2.78,1.75,20221202_164216_045738_2.txt
14490436,14491541,FEM,11.69,5.5,3.64,20221202_164216_045738_2.txt
14583610,14583927,FEM,7.28,3.34,2.09,20221202_164216_045738_2.txt
14591737,14594491,MAL,25.26,12.84,8.44,20221202_164216_045738_2.txt
14596544,14599492,FEM,30.74,15.53,9.98,20221202_164216_045738_2.txt
14599654,14599909,MAL,7.51,3.48,2.15,20221202_164216_045738_2.txt
14600348,14601892,FEM,16.26,7.91,5.13,20221202_164216_045738_2.txt
14620492,14621628,FEM,12.04,5.77,3.76,20221202_164216_045738_2.txt
14689094,14690012,FEM,10.28,4.81,3.13,20221202_164216_045738_2.txt
14693633,14693992,FEM,6.5,2.88,1.83,20221202_164216_045738_2.txt
14697060,14697188,MAL,6.44,2.9,1.77,20221202_164216_045738_2.txt
14740302,14741244,MAL,9.78,4.32,2.92,20221202_164216_045738_2.txt
14740502,14742522,FEM,19.17,9.08,6.07,20221202_164216_045738_2.txt
14741374,14741490,MAL,7.33,3.39,2.07,20221202_164216_045738_2.txt
14791511,14795492,FEM,29.2,13.95,9.85,20221202_164216_045738_2.txt
14804357,14805258,FEM,10.64,4.86,3.2,20221202_164216_045738_2.txt
14806432,14806989,MAL,6.35,2.73,1.82,20221202_164216_045738_2.txt
14808015,14809795,MAL,17.99,8.69,5.64,20221202_164216_045738_2.txt
14811491,14813145,MAL,14.99,7.21,4.78,20221202_164216_045738_2.txt
14815992,14817013,MAL,10.84,5.01,3.28,20221202_164216_045738_2.txt
14820703,14820960,MAL,3.32,1.13,0.76,20221202_164216_045738_2.txt
14822585,14825513,FEM,24.05,11.84,8.01,20221202_164216_045738_2.txt
14824905,14825531,MAL,8.36,3.77,2.45,20221202_164216_045738_2.txt
14840511,14843574,MAL,24.69,12.06,8.24,20221202_164216_045738_2.txt
14844013,14846040,MAL,16.47,7.97,5.38,20221202_164216_045738_2.txt
14846154,14846729,MAL,6.58,2.86,1.9,20221202_164216_045738_2.txt
14849406,14850277,MAL,10.04,4.65,3.05,20221202_164216_045738_2.txt
14849600,14850010,FEM,7.01,3.13,2.01,20221202_164216_045738_2.txt
14868745,14870952,FEM,19.67,9.51,6.43,20221202_164216_045738_2.txt
14908479,14909976,FEM,12.86,5.93,4.09,20221202_164216_045738_2.txt
14998654,14999992,FEM,11.81,5.43,3.71,20221202_164216_045738_2.txt
15076992,15078973,FEM,14.76,6.87,4.81,20221202_164216_045738_2.txt
15193492,15194992,FEM,15.03,7.32,4.82,20221202_164216_045738_2.txt
15195889,15197492,FEM,15.21,7.5,4.95,20221202_164216_045738_2.txt
15206596,15207497,FEM,10.1,4.56,3.07,20221202_164216_045738_2.txt
15250867,15252494,FEM,13.57,6.23,4.35,20221202_164216_045738_2.txt
15318914,15319992,FEM,12.58,6.04,3.93,20221202_164216_045738_2.txt
15356993,15358012,MAL,10.57,4.84,3.25,20221202_164216_045738_2.txt
15357511,15359595,FEM,17.32,8.28,5.68,20221202_164216_045738_2.txt
15368383,15369537,FEM,10.52,4.82,3.25,20221202_164216_045738_2.txt
15409992,15410944,MAL,12.31,5.96,3.87,20221202_164216_045738_2.txt
15452993,15453511,FEM,9.92,4.68,2.95,20221202_164216_045738_2.txt
15464993,15467993,FEM,23.1,11.22,7.75,20221202_164216_045738_2.txt
15475170,15476365,MAL,13.33,6.39,4.2,20221202_164216_045738_2.txt
15488012,15490466,FEM,21.33,10.53,7.02,20221202_164216_045738_2.txt
15491512,15492101,FEM,9.51,4.45,2.82,20221202_164216_045738_2.txt
15494011,15495562,FEM,15.73,7.76,5.06,20221202_164216_045738_2.txt
15500357,15501774,MAL,17.09,8.37,5.38,20221202_164216_045738_2.txt
15500492,15501553,FEM,14.7,7.11,4.52,20221202_164216_045738_2.txt
15502511,15506512,FEM,31.81,16.03,10.78,20221202_164216_045738_2.txt
15523976,15525512,FEM,13.08,6.06,4.12,20221202_164216_045738_2.txt
15527231,15528014,FEM,8.95,4.09,2.67,20221202_164216_045738_2.txt
15532012,15533681,FEM,16.17,7.83,5.07,20221202_164216_045738_2.txt
15558514,15558875,FEM,6.74,3.01,1.91,20221202_164216_045738_2.txt
15566129,15566492,FEM,6.37,2.78,1.79,20221202_164216_045738_2.txt
15570510,15572100,FEM,15.67,7.53,5.04,20221202_164216_045738_2.txt
15575492,15576511,FEM,13.68,6.6,4.28,20221202_164216_045738_2.txt
15576921,15577512,FEM,10.98,5.34,3.37,20221202_164216_045738_2.txt
15589355,15591512,FEM,16.04,7.47,5.26,20221202_164216_045738_2.txt
15592152,15592491,FEM,6.62,2.9,1.87,20221202_164216_045738_2.txt
15593492,15594606,FEM,10.46,4.6,3.17,20221202_164216_045738_2.txt
15603349,15605509,FEM,18.59,8.96,6.06,20221202_164216_045738_2.txt
15606511,15607984,FEM,11.21,4.93,3.54,20221202_164216_045738_2.txt
15609993,15611306,FEM,12.06,5.48,3.74,20221202_164216_045738_2.txt
15616511,15618951,FEM,21.07,9.84,6.67,20221202_164216_045738_2.txt
15623589,15627290,FEM,32.0,16.14,10.79,20221202_164216_045738_2.txt
15676511,15676720,FEM,8.36,3.94,2.43,20221202_164216_045738_2.txt
15677511,15679141,FEM,17.01,8.31,5.44,20221202_164216_045738_2.txt
15909853,15912990,MAL,33.18,17.45,11.14,20221202_164216_045738_2.txt
15914492,15915798,FEM,15.99,8.06,5.1,20221202_164216_045738_2.txt
16064399,16066748,FEM,26.41,13.38,8.49,20221202_164216_045738_2.txt
16069992,16071011,FEM,12.34,5.92,3.79,20221202_164216_045738_2.txt
16071011,16071526,MAL,8.86,4.2,2.65,20221202_164216_045738_2.txt
16074992,16075837,FEM,12.02,5.84,3.7,20221202_164216_045738_2.txt
16094492,16096011,FEM,16.02,7.88,5.09,20221202_164216_045738_2.txt
16104801,16105491,FEM,9.17,4.22,2.73,20221202_164216_045738_2.txt
16105203,16107010,MAL,17.38,8.55,5.6,20221202_164216_045738_2.txt
16177789,16178491,MAL,8.57,4.03,2.58,20221202_164216_045738_2.txt
16182992,16184909,MAL,21.74,11.1,7.07,20221202_164216_045738_2.txt
16299510,16301120,FEM,20.02,9.91,6.39,20221202_164216_045738_2.txt
16302490,16304510,FEM,23.27,11.72,7.59,20221202_164216_045738_2.txt
16345905,16346492,FEM,13.39,6.63,4.17,20221202_164216_045738_2.txt
16428012,16428593,FEM,10.44,4.98,3.13,20221202_164216_045738_2.txt
16428992,16430492,FEM,16.27,7.72,5.17,20221202_164216_045738_2.txt
16493770,16496492,FEM,27.11,13.17,8.73,20221202_164216_045738_2.txt
16500491,16502511,FEM,17.23,7.73,5.37,20221202_164216_045738_2.txt
16500611,16500727,MAL,6.85,3.07,1.91,20221202_164216_045738_2.txt
16506885,16511492,FEM,34.56,16.76,11.74,20221202_164216_045738_2.txt
16516492,16516615,FEM,6.86,3.12,1.91,20221202_164216_045738_2.txt
16516732,16516965,FEM,6.35,2.81,1.76,20221202_164216_045738_2.txt
16517615,16521012,FEM,34.11,16.83,11.07,20221202_164216_045738_2.txt
16523312,16524135,FEM,9.02,4.01,2.75,20221202_164216_045738_2.txt
16528389,16528512,FEM,8.25,3.91,2.38,20221202_164216_045738_2.txt
16530893,16532010,FEM,10.18,4.63,3.08,20221202_164216_045738_2.txt
16533511,16535020,FEM,14.72,7.01,4.71,20221202_164216_045738_2.txt
16536493,16540734,FEM,39.36,19.12,12.8,20221202_164216_045738_2.txt
16543700,16546781,FEM,22.22,10.67,7.48,20221202_164216_045738_2.txt
16588511,16589991,FEM,17.72,8.65,5.66,20221202_164216_045738_2.txt
16590511,16593196,FEM,25.38,12.68,8.41,20221202_164216_045738_2.txt
16601245,16601706,FEM,6.18,2.46,1.74,20221202_164216_045738_2.txt
16602290,16603517,FEM,12.53,5.74,3.88,20221202_164216_045738_2.txt
16604769,16604992,FEM,7.41,3.42,2.11,20221202_164216_045738_2.txt
16606991,16607511,FEM,8.99,4.15,2.69,20221202_164216_045738_2.txt
16629335,16629679,FEM,7.65,3.51,2.21,20221202_164216_045738_2.txt
16629884,16630011,FEM,9.41,4.55,2.76,20221202_164216_045738_2.txt
16631313,16632123,FEM,9.52,4.45,2.86,20221202_164216_045738_2.txt
16632980,16634011,FEM,13.3,6.53,4.21,20221202_164216_045738_2.txt
16637626,16637746,FEM,4.15,1.62,1.01,20221202_164216_045738_2.txt
16637932,16638276,FEM,4.92,2.0,1.31,20221202_164216_045738_2.txt
16641997,16642616,FEM,7.38,3.19,2.17,20221202_164216_045738_2.txt
16651788,16652633,FEM,11.99,5.69,3.69,20221202_164216_045738_2.txt
16659371,16660741,FEM,9.16,3.61,2.84,20221202_164216_045738_2.txt
16672993,16674063,FEM,11.1,5.08,3.43,20221202_164216_045738_2.txt
16676513,16677775,FEM,16.24,7.95,5.18,20221202_164216_045738_2.txt
16679783,16680834,FEM,15.85,7.87,5.01,20221202_164216_045738_2.txt
16683492,16684491,FEM,12.27,5.73,3.81,20221202_164216_045738_2.txt
16771011,16771511,FEM,6.73,2.96,1.94,20221202_164216_045738_2.txt
16779511,16781011,FEM,14.63,6.59,4.68,20221202_164216_045738_2.txt
16782884,16784666,FEM,18.46,8.76,5.9,20221202_164216_045738_2.txt
16803431,16804509,FEM,11.33,5.28,3.56,20221202_164216_045738_2.txt
16807510,16808880,FEM,11.69,5.21,3.68,20221202_164216_045738_2.txt
16815992,16816512,FEM,9.91,4.54,3.0,20221202_164216_045738_2.txt
16828486,16829144,FEM,5.34,2.11,1.5,20221202_164216_045738_2.txt
16830664,16830786,FEM,5.62,2.44,1.5,20221202_164216_045738_2.txt
16830993,16832497,FEM,10.49,4.58,3.3,20221202_164216_045738_2.txt
16832988,16834566,FEM,13.24,5.95,4.23,20221202_164216_045738_2.txt
16869284,16870119,FEM,6.07,2.44,1.72,20221202_164216_045738_2.txt
16873071,16873417,FEM,9.54,4.51,2.84,20221202_164216_045738_2.txt
16890630,16891511,FEM,13.19,6.29,4.1,20221202_164216_045738_2.txt
16933155,16936493,FEM,27.18,13.0,9.17,20221202_164216_045738_2.txt
16958808,16960511,FEM,19.54,9.42,6.25,20221202_164216_045738_2.txt
16960011,16963033,MAL,26.17,12.61,8.73,20221202_164216_045738_2.txt
16964044,16966356,FEM,19.94,9.5,6.54,20221202_164216_045738_2.txt
16974011,16979511,FEM,34.14,15.22,11.75,20221202_164216_045738_2.txt
16981993,16982985,FEM,11.03,4.91,3.34,20221202_164216_045738_2.txt
16994711,16997048,FEM,17.44,8.07,5.76,20221202_164216_045738_2.txt
17003515,17003712,FEM,12.46,6.2,3.79,20221202_164216_045738_2.txt
17010876,17012511,FEM,17.72,8.54,5.68,20221202_164216_045738_2.txt
17011839,17012129,MAL,10.83,5.26,3.26,20221202_164216_045738_2.txt
17014026,17016065,FEM,15.99,6.91,5.12,20221202_164216_045738_2.txt
17015344,17015511,MAL,11.47,5.65,3.46,20221202_164216_045738_2.txt
17158492,17158931,FEM,6.25,2.66,1.77,20221202_164216_045738_2.txt
17242305,17243012,FEM,6.94,2.83,2.04,20221202_164216_045738_2.txt
17312549,17313062,MAL,8.05,3.63,2.37,20221202_164216_045738_2.txt
17321492,17321620,FEM,10.04,4.9,2.97,20221202_164216_045738_2.txt
17323654,17324493,FEM,8.54,3.66,2.54,20221202_164216_045738_2.txt
17358047,17358277,FEM,11.91,5.9,3.61,20221202_164216_045738_2.txt
17362909,17363012,FEM,11.99,5.98,3.62,20221202_164216_045738_2.txt
17366010,17368492,FEM,21.04,9.77,6.93,20221202_164216_045738_2.txt
17382992,17383512,FEM,9.88,4.61,2.99,20221202_164216_045738_2.txt
17384510,17385259,FEM,11.55,5.46,3.53,20221202_164216_045738_2.txt
17385482,17386039,FEM,8.48,3.83,2.53,20221202_164216_045738_2.txt
17404863,17405876,FEM,14.77,7.21,4.65,20221202_164216_045738_2.txt
17416352,17417316,FEM,10.56,4.81,3.23,20221202_164216_045738_2.txt
17419558,17420051,FEM,10.98,5.27,3.35,20221202_164216_045738_2.txt
17421510,17423597,FEM,20.29,9.7,6.61,20221202_164216_045738_2.txt
17424511,17424990,FEM,11.37,5.45,3.48,20221202_164216_045738_2.txt
17425493,17426492,FEM,13.34,6.33,4.17,20221202_164216_045738_2.txt
17474462,17474980,MAL,9.17,4.19,2.75,20221202_164216_045738_2.txt
17475696,17477007,FEM,16.2,7.87,5.12,20221202_164216_045738_2.txt
17478504,17482708,FEM,44.04,22.72,14.67,20221202_164216_045738_2.txt
17478992,17479171,MAL,10.31,5.03,3.07,20221202_164216_045738_2.txt
17519747,17521301,FEM,18.72,9.39,6.05,20221202_164216_045738_2.txt
17547778,17547901,FEM,9.59,4.65,2.82,20221202_164216_045738_2.txt
17707771,17707891,FEM,11.36,5.64,3.41,20221202_164216_045738_2.txt
17742578,17742924,FEM,7.9,3.67,2.3,20221202_164216_045738_2.txt
17908244,17909125,FEM,9.09,4.17,2.79,20221202_164216_045738_2.txt
17909512,17909723,FEM,9.7,4.68,2.87,20221202_164216_045738_2.txt
17909947,17911511,FEM,19.37,9.51,6.17,20221202_164216_045738_2.txt
17988492,17989511,FEM,10.76,4.99,3.31,20221202_164216_045738_2.txt
18071439,18072511,FEM,13.97,6.79,4.39,20221202_164216_045738_2.txt
18072992,18073439,MAL,8.96,4.21,2.67,20221202_164216_045738_2.txt
18074011,18076011,FEM,19.63,9.62,6.43,20221202_164216_045738_2.txt
18079620,18080011,FEM,9.44,4.53,2.82,20221202_164216_045738_2.txt
18088289,18089440,MAL,9.57,4.37,2.99,20221202_164216_045738_2.txt
18092427,18093490,MAL,9.05,4.09,2.8,20221202_164216_045738_2.txt
18131637,18135042,FEM,28.38,14.36,9.64,20221202_164216_045738_2.txt
18137993,18139512,FEM,16.02,7.58,5.15,20221202_164216_045738_2.txt
18140347,18140492,FEM,8.04,3.78,2.31,20221202_164216_045738_2.txt
18166992,18168506,FEM,16.8,8.05,5.41,20221202_164216_045738_2.txt
18175011,18176493,FEM,14.92,7.07,4.83,20221202_164216_045738_2.txt
18191485,18192182,MAL,11.06,5.28,3.41,20221202_164216_045738_2.txt
18196291,18199447,FEM,30.9,15.65,10.33,20221202_164216_045738_2.txt
18196346,18197014,MAL,12.35,5.94,3.73,20221202_164216_045738_2.txt
18197548,18198609,MAL,15.98,7.91,5.0,20221202_164216_045738_2.txt
18199836,18200492,FEM,10.84,5.17,3.28,20221202_164216_045738_2.txt
18204991,18206336,FEM,17.56,8.65,5.53,20221202_164216_045738_2.txt
18214831,18214991,FEM,8.15,3.83,2.35,20221202_164216_045738_2.txt
18223820,18224709,FEM,8.68,3.89,2.6,20221202_164216_045738_2.txt
18234609,18235011,FEM,10.43,5.08,3.15,20221202_164216_045738_2.txt
18246875,18247511,FEM,11.69,5.64,3.56,20221202_164216_045738_2.txt
18266492,18268510,FEM,17.37,8.4,5.63,20221202_164216_045738_2.txt
18273060,18274432,FEM,11.02,5.08,3.46,20221202_164216_045738_2.txt
18274753,18274993,FEM,4.22,1.63,1.05,20221202_164216_045738_2.txt
18292011,18293511,FEM,14.5,6.96,4.64,20221202_164216_045738_2.txt
18302011,18302203,FEM,5.85,2.56,1.59,20221202_164216_045738_2.txt
18307510,18309344,FEM,16.77,8.17,5.5,20221202_164216_045738_2.txt
18337857,18339492,FEM,12.07,5.12,3.85,20221202_164216_045738_2.txt
18339893,18340492,FEM,10.54,4.99,3.22,20221202_164216_045738_2.txt
18341373,18342127,FEM,8.33,3.58,2.51,20221202_164216_045738_2.txt
18349738,18349875,FEM,8.9,4.23,2.59,20221202_164216_045738_2.txt
18350547,18351710,FEM,13.08,6.1,4.11,20221202_164216_045738_2.txt
18352465,18352814,MAL,5.38,2.2,1.46,20221202_164216_045738_2.txt
18353010,18354488,FEM,11.32,5.17,3.58,20221202_164216_045738_2.txt
18356993,18357553,FEM,6.71,2.77,1.88,20221202_164216_045738_2.txt
18359011,18362158,FEM,25.97,12.31,8.42,20221202_164216_045738_2.txt
18363178,18364012,FEM,7.26,3.1,2.11,20221202_164216_045738_2.txt
18371011,18371970,FEM,14.21,6.85,4.4,20221202_164216_045738_2.txt
18371769,18371877,MAL,11.57,5.73,3.48,20221202_164216_045738_2.txt
18373431,18374784,FEM,14.92,7.0,4.75,20221202_164216_045738_2.txt
18375398,18379946,FEM,35.78,17.94,12.19,20221202_164216_045738_2.txt
18380993,18382493,FEM,13.61,6.37,4.34,20221202_164216_045738_2.txt
18385005,18385121,FEM,7.61,3.53,2.16,20221202_164216_045738_2.txt
18415510,18416366,FEM,13.24,6.41,4.16,20221202_164216_045738_2.txt
18421433,18421826,FEM,8.22,3.77,2.41,20221202_164216_045738_2.txt
18425234,18425421,FEM,7.76,3.61,2.23,20221202_164216_045738_2.txt
18443514,18448538,FEM,25.78,10.31,8.88,20221202_164216_045738_2.txt
18450011,18451992,FEM,13.14,5.52,4.27,20221202_164216_045738_2.txt
18460492,18461491,FEM,14.49,6.92,4.55,20221202_164216_045738_2.txt
18463047,18463980,MAL,12.44,5.81,3.8,20221202_164216_045738_2.txt
18463059,18466010,FEM,28.2,13.38,9.08,20221202_164216_045738_2.txt
18471011,18471993,FEM,9.66,4.44,2.94,20221202_164216_045738_2.txt
18489259,18489615,FEM,9.46,4.54,2.82,20221202_164216_045738_2.txt
18493005,18493992,FEM,10.6,4.96,3.3,20221202_164216_045738_2.txt
18495736,18496013,FEM,8.14,3.8,2.37,20221202_164216_045738_2.txt
18497305,18498483,FEM,10.8,4.98,3.35,20221202_164216_045738_2.txt
18549420,18549621,FEM,12.58,6.29,3.83,20221202_164216_045738_2.txt
18549825,18549992,FEM,14.08,7.13,4.32,20221202_164216_045738_2.txt
18550510,18552511,FEM,19.65,9.36,6.44,20221202_164216_045738_2.txt
18557492,18557598,FEM,13.41,6.75,4.09,20221202_164216_045738_2.txt
18558492,18561222,FEM,22.1,10.54,7.38,20221202_164216_045738_2.txt
18561594,18562510,FEM,14.46,7.05,4.53,20221202_164216_045738_2.txt
18612163,18613015,FEM,7.36,3.14,2.2,20221202_164216_045738_2.txt
18613572,18614947,FEM,13.62,6.58,4.32,20221202_164216_045738_2.txt
18616306,18617011,FEM,7.65,3.32,2.28,20221202_164216_045738_2.txt
18642057,18642492,FEM,5.14,2.14,1.39,20221202_164216_045738_2.txt
18642663,18642881,FEM,5.88,2.54,1.6,20221202_164216_045738_2.txt
18743554,18744308,FEM,12.47,5.94,3.84,20221202_164216_045738_2.txt
18749948,18751708,FEM,22.32,10.88,7.02,20221202_164216_045738_2.txt
18763137,18766011,FEM,23.65,11.19,7.92,20221202_164216_045738_2.txt
18770950,18771510,FEM,7.83,3.51,2.31,20221202_164216_045738_2.txt
18782493,18785233,FEM,25.22,12.58,8.42,20221202_164216_045738_2.txt
18785704,18786492,FEM,11.15,5.38,3.46,20221202_164216_045738_2.txt
18789511,18789810,FEM,7.35,3.31,2.11,20221202_164216_045738_2.txt
18789992,18790247,FEM,11.13,5.39,3.36,20221202_164216_045738_2.txt
18793617,18796012,FEM,23.61,11.51,7.67,20221202_164216_045738_2.txt
18797208,18798011,FEM,16.02,7.86,4.92,20221202_164216_045738_2.txt
18811011,18815010,FEM,31.02,14.81,10.46,20221202_164216_045738_2.txt
18831511,18833389,FEM,20.68,10.18,6.71,20221202_164216_045738_2.txt
18861213,18861783,FEM,8.11,3.52,2.4,20221202_164216_045738_2.txt
18864048,18865511,FEM,14.48,7.01,4.68,20221202_164216_045738_2.txt
18867554,18868339,FEM,13.71,6.59,4.2,20221202_164216_045738_2.txt
18870492,18871707,FEM,9.53,3.81,2.93,20221202_164216_045738_2.txt
18872895,18874431,FEM,12.31,5.67,3.92,20221202_164216_045738_2.txt
18882592,18882820,MAL,10.94,5.28,3.29,20221202_164216_045738_2.txt
18883272,18884575,FEM,11.46,4.93,3.54,20221202_164216_045738_2.txt
18885511,18887180,FEM,17.96,8.43,5.61,20221202_164216_045738_2.txt
18885609,18887440,MAL,18.88,8.86,5.94,20221202_164216_045738_2.txt
18893139,18893993,FEM,9.31,4.25,2.8,20221202_164216_045738_2.txt
18895759,18896326,FEM,7.2,3.23,2.1,20221202_164216_045738_2.txt
18912704,18913011,FEM,9.14,4.37,2.7,20221202_164216_045738_2.txt
18914992,18920492,FEM,56.3,28.95,18.71,20221202_164216_045738_2.txt
18921011,18921492,FEM,9.69,4.53,2.92,20221202_164216_045738_2.txt
18929978,18930773,FEM,12.12,5.87,3.78,20221202_164216_045738_2.txt
18932705,18937076,FEM,42.26,21.05,13.84,20221202_164216_045738_2.txt
18940011,18942011,FEM,18.15,8.71,5.94,20221202_164216_045738_2.txt
18958087,18958492,FEM,10.74,5.19,3.25,20221202_164216_045738_2.txt
18959510,18960511,FEM,15.5,7.68,4.84,20221202_164216_045738_2.txt
18965492,18967095,FEM,19.15,9.59,6.2,20221202_164216_045738_2.txt
18965524,18965683,MAL,10.44,5.11,3.11,20221202_164216_045738_2.txt
18967308,18967770,FEM,11.63,5.72,3.56,20221202_164216_045738_2.txt
18976061,18977492,FEM,16.04,7.98,5.14,20221202_164216_045738_2.txt
18979010,18979121,FEM,12.81,6.44,3.89,20221202_164216_045738_2.txt
18980742,18982510,FEM,17.97,8.7,5.79,20221202_164216_045738_2.txt
18984576,18984784,FEM,8.42,3.95,2.45,20221202_164216_045738_2.txt
18986766,18988163,FEM,14.36,6.69,4.57,20221202_164216_045738_2.txt
18996491,19001294,FEM,38.92,18.45,12.91,20221202_164216_045738_2.txt
19003511,19007159,FEM,33.93,16.5,11.16,20221202_164216_045738_2.txt
19008257,19008996,FEM,15.08,7.37,4.65,20221202_164216_045738_2.txt
19012298,19013047,FEM,12.03,5.66,3.69,20221202_164216_045738_2.txt
19022487,19024492,FEM,15.53,7.24,5.07,20221202_164216_045738_2.txt
19047962,19048698,FEM,5.59,2.15,1.6,20221202_164216_045738_2.txt
19134787,19137992,FEM,22.12,10.05,7.46,20221202_164216_045738_2.txt
19144991,19145921,MAL,12.67,5.87,3.93,20221202_164216_045738_2.txt
19145492,19146589,FEM,15.21,7.28,4.75,20221202_164216_045738_2.txt
19149455,19150061,FEM,9.69,4.6,2.94,20221202_164216_045738_2.txt
19162253,19163495,FEM,16.9,8.15,5.34,20221202_164216_045738_2.txt
19163685,19166920,FEM,28.81,14.34,9.65,20221202_164216_045738_2.txt
19167992,19169011,FEM,13.44,6.58,4.26,20221202_164216_045738_2.txt
19173972,19174588,FEM,13.96,6.9,4.31,20221202_164216_045738_2.txt
19187012,19188993,FEM,19.82,9.51,6.44,20221202_164216_045738_2.txt
19217513,19217773,MAL,9.22,4.35,2.72,20221202_164216_045738_2.txt
19217993,19218253,FEM,10.99,5.34,3.31,20221202_164216_045738_2.txt
19220898,19224010,FEM,23.53,10.89,7.92,20221202_164216_045738_2.txt
19224378,19224852,FEM,11.45,5.5,3.5,20221202_164216_045738_2.txt
19225011,19227206,FEM,19.54,9.23,6.43,20221202_164216_045738_2.txt
19227770,19227993,FEM,11.1,5.42,3.34,20221202_164216_045738_2.txt
19229505,19230268,FEM,12.8,6.07,3.95,20221202_164216_045738_2.txt
19231855,19233220,FEM,16.19,7.72,5.13,20221202_164216_045738_2.txt
19234041,19234930,FEM,12.57,6.06,3.89,20221202_164216_045738_2.txt
19234277,19234410,MAL,9.47,4.58,2.78,20221202_164216_045738_2.txt
19236493,19238012,FEM,16.13,7.74,5.18,20221202_164216_045738_2.txt
19236783,19236933,MAL,11.61,5.71,3.5,20221202_164216_045738_2.txt
19239010,19243970,FEM,34.33,16.03,11.83,20221202_164216_045738_2.txt
19244154,19244492,FEM,11.58,5.63,3.52,20221202_164216_045738_2.txt
19244468,19245136,MAL,11.94,5.73,3.7,20221202_164216_045738_2.txt
19244609,19244805,FEM,11.08,5.45,3.33,20221202_164216_045738_2.txt
19247397,19250251,FEM,23.22,10.96,7.77,20221202_164216_045738_2.txt
19251707,19254010,FEM,20.37,9.58,6.73,20221202_164216_045738_2.txt
19256083,19256493,FEM,10.84,5.14,3.29,20221202_164216_045738_2.txt
19258957,19260803,FEM,19.11,9.08,6.18,20221202_164216_045738_2.txt
19264011,19264401,FEM,11.8,5.73,3.6,20221202_164216_045738_2.txt
19264863,19264986,FEM,12.66,6.32,3.84,20221202_164216_045738_2.txt
19265156,19265446,FEM,11.39,5.52,3.45,20221202_164216_045738_2.txt
19270992,19272016,FEM,13.5,6.4,4.28,20221202_164216_045738_2.txt
19272561,19273376,FEM,12.55,5.96,3.93,20221202_164216_045738_2.txt
19275065,19276018,FEM,12.38,5.71,3.89,20221202_164216_045738_2.txt
19283010,19285011,FEM,17.7,8.07,5.79,20221202_164216_045738_2.txt
19290555,19290812,MAL,12.13,5.96,3.69,20221202_164216_045738_2.txt
19294492,19295646,FEM,13.76,6.48,4.39,20221202_164216_045738_2.txt
19317520,19318505,FEM,11.14,5.04,3.48,20221202_164216_045738_2.txt
22223012,22223236,FEM,5.1,2.01,1.34,20221202_164216_045738_2.txt
22223368,22223493,FEM,9.51,4.54,2.8,20221202_164216_045738_2.txt
27532511,27533925,FEM,19.5,9.75,6.34,20221202_164216_045738_2.txt
27536291,27537705,FEM,19.58,9.64,6.32,20221202_164216_045738_2.txt
27539693,27540493,FEM,17.36,8.75,5.52,20221202_164216_045738_2.txt
27540672,27544012,FEM,34.41,17.24,11.47,20221202_164216_045738_2.txt
27545621,27547511,FEM,21.72,10.52,7.11,20221202_164216_045738_2.txt
27546159,27546670,MAL,14.99,7.51,4.69,20221202_164216_045738_2.txt
27548711,27549243,FEM,16.0,8.07,5.02,20221202_164216_045738_2.txt
27561492,27562650,FEM,18.12,8.86,5.73,20221202_164216_045738_2.txt
27586084,27587512,FEM,12.81,5.76,4.06,20221202_164216_045738_2.txt
27589339,27590011,FEM,15.24,7.58,4.8,20221202_164216_045738_2.txt
27592772,27594564,FEM,21.98,10.85,7.13,20221202_164216_045738_2.txt
27594992,27595510,FEM,12.61,6.18,3.89,20221202_164216_045738_2.txt
27609706,27610492,FEM,16.9,8.43,5.26,20221202_164216_045738_2.txt
27620279,27622507,FEM,23.43,11.12,7.47,20221202_164216_045738_2.txt
27622011,27622382,MAL,14.05,6.95,4.35,20221202_164216_045738_2.txt
27622617,27622744,MAL,15.78,8.03,4.89,20221202_164216_045738_2.txt
27624270,27626194,FEM,18.89,9.15,6.22,20221202_164216_045738_2.txt
27636972,27637792,FEM,16.49,8.23,5.19,20221202_164216_045738_2.txt
27688993,27691079,FEM,24.19,11.83,7.81,20221202_164216_045738_2.txt
27698061,27699511,MAL,16.92,8.0,5.38,20221202_164216_045738_2.txt
27700010,27701510,FEM,15.04,7.06,4.87,20221202_164216_045738_2.txt
27703169,27704956,FEM,16.05,7.57,5.2,20221202_164216_045738_2.txt
27705935,27708843,FEM,23.21,11.23,7.83,20221202_164216_045738_2.txt
27707201,27707960,MAL,10.77,5.13,3.32,20221202_164216_045738_2.txt
27717491,27717992,FEM,8.14,3.5,2.4,20221202_164216_045738_2.txt
27730288,27731422,FEM,15.46,7.24,4.79,20221202_164216_045738_2.txt
27732935,27733814,FEM,12.32,5.91,3.81,20221202_164216_045738_2.txt
27741913,27744491,FEM,23.86,11.56,7.88,20221202_164216_045738_2.txt
27756037,27758011,FEM,17.01,7.7,5.45,20221202_164216_045738_2.txt
27762099,27762241,MAL,9.29,4.48,2.73,20221202_164216_045738_2.txt
27762188,27762686,FEM,9.9,4.62,2.99,20221202_164216_045738_2.txt
27764736,27766010,MAL,16.09,7.81,5.02,20221202_164216_045738_2.txt
27764891,27768929,FEM,39.79,19.84,13.12,20221202_164216_045738_2.txt
27769920,27771010,MAL,15.45,7.5,4.83,20221202_164216_045738_2.txt
27772991,27773885,FEM,10.32,4.58,3.2,20221202_164216_045738_2.txt
27777992,27779511,FEM,15.93,7.58,5.12,20221202_164216_045738_2.txt
27789008,27790169,FEM,9.99,4.4,3.08,20221202_164216_045738_2.txt
27795931,27798511,MAL,25.73,12.72,8.46,20221202_164216_045738_2.txt
27806831,27808011,FEM,15.82,7.6,5.02,20221202_164216_045738_2.txt
27809082,27810162,MAL,11.98,5.37,3.73,20221202_164216_045738_2.txt
27832295,27834992,FEM,23.06,10.82,7.53,20221202_164216_045738_2.txt
27836992,27837328,FEM,10.81,5.19,3.26,20221202_164216_045738_2.txt
27837572,27837785,FEM,10.51,5.14,3.15,20221202_164216_045738_2.txt
27839012,27840512,FEM,14.34,6.79,4.58,20221202_164216_045738_2.txt
27846339,27852492,FEM,46.18,22.93,15.98,20221202_164216_045738_2.txt
27853536,27853762,FEM,9.0,4.3,2.64,20221202_164216_045738_2.txt
27858365,27859634,FEM,17.19,8.59,5.44,20221202_164216_045738_2.txt
27861492,27865510,FEM,31.56,15.42,10.69,20221202_164216_045738_2.txt
27865075,27865310,MAL,12.15,6.02,3.69,20221202_164216_045738_2.txt
27880856,27888401,FEM,57.87,29.13,20.1,20221202_164216_045738_2.txt
27888676,27889763,MAL,13.74,6.73,4.32,20221202_164216_045738_2.txt
27889792,27890572,FEM,12.08,5.8,3.76,20221202_164216_045738_2.txt
27891776,27892009,FEM,8.59,4.05,2.51,20221202_164216_045738_2.txt
27896010,27901054,FEM,36.34,17.4,12.4,20221202_164216_045738_2.txt
27904492,27906512,FEM,20.5,10.31,6.73,20221202_164216_045738_2.txt
27907985,27916492,FEM,57.4,27.72,20.06,20221202_164216_045738_2.txt
27918194,27936510,FEM,152.26,74.22,51.25,20221202_164216_045738_2.txt
27937811,27941510,FEM,32.85,15.65,10.81,20221202_164216_045738_2.txt
27944080,27949991,FEM,54.0,27.09,18.12,20221202_164216_045738_2.txt
27950867,27952669,FEM,21.03,10.48,6.81,20221202_164216_045738_2.txt
27954992,27956943,FEM,21.4,10.57,6.96,20221202_164216_045738_2.txt
27959354,27959511,FEM,12.0,5.98,3.63,20221202_164216_045738_2.txt
27960274,27962615,FEM,22.08,10.65,7.25,20221202_164216_045738_2.txt
27963306,27964884,FEM,12.59,5.64,4.02,20221202_164216_045738_2.txt
27965210,27966012,FEM,10.54,4.9,3.25,20221202_164216_045738_2.txt
27967012,27971492,FEM,40.27,19.93,13.41,20221202_164216_045738_2.txt
27970188,27971943,MAL,16.98,8.07,5.46,20221202_164216_045738_2.txt
27972955,27974764,FEM,18.41,8.86,5.94,20221202_164216_045738_2.txt
27973126,27974965,MAL,18.39,8.8,5.94,20221202_164216_045738_2.txt
27981492,27982334,FEM,12.19,5.79,3.81,20221202_164216_045738_2.txt
27989493,27991074,FEM,17.44,8.4,5.52,20221202_164216_045738_2.txt
27995480,27996012,FEM,7.32,3.23,2.14,20221202_164216_045738_2.txt
27997313,27997512,FEM,8.37,3.96,2.43,20221202_164216_045738_2.txt
28034913,28035178,MAL,12.92,6.46,3.95,20221202_164216_045738_2.txt
28057980,28058782,MAL,14.01,6.88,4.41,20221202_164216_045738_2.txt
28058010,28058511,FEM,12.4,6.1,3.82,20221202_164216_045738_2.txt
28061512,28062992,FEM,14.27,6.48,4.56,20221202_164216_045738_2.txt
28084177,28085011,FEM,14.56,7.1,4.49,20221202_164216_045738_2.txt
28085511,28088010,FEM,21.39,9.92,7.1,20221202_164216_045738_2.txt
28092935,28094236,FEM,13.29,6.01,4.2,20221202_164216_045738_2.txt
28094511,28095993,FEM,14.2,6.49,4.59,20221202_164216_045738_2.txt
28105993,28107512,FEM,14.11,6.44,4.51,20221202_164216_045738_2.txt
28110011,28111493,FEM,17.56,8.42,5.71,20221202_164216_045738_2.txt
28117511,28117963,FEM,10.36,4.92,3.13,20221202_164216_045738_2.txt
28118570,28119201,FEM,8.0,3.55,2.38,20221202_164216_045738_2.txt
28126511,28128011,FEM,19.84,9.73,6.26,20221202_164216_045738_2.txt
28127512,28128511,MAL,15.52,7.59,4.89,20221202_164216_045738_2.txt
28134486,28135136,FEM,11.9,5.63,3.68,20221202_164216_045738_2.txt
28136408,28137385,FEM,12.94,5.99,4.08,20221202_164216_045738_2.txt
28156493,28157014,FEM,11.45,5.51,3.51,20221202_164216_045738_2.txt
28157861,28158882,FEM,13.68,6.66,4.34,20221202_164216_045738_2.txt
28167011,28169475,FEM,19.84,9.03,6.53,20221202_164216_045738_2.txt
28173383,28173859,FEM,9.87,4.58,2.92,20221202_164216_045738_2.txt
28195219,28196399,FEM,14.96,7.15,4.68,20221202_164216_045738_2.txt
28195962,28196224,MAL,10.42,5.09,3.12,20221202_164216_045738_2.txt
28205078,28206936,FEM,15.43,7.02,5.01,20221202_164216_045738_2.txt
28210012,28211993,FEM,20.92,9.94,6.75,20221202_164216_045738_2.txt
28214198,28215702,FEM,17.37,8.14,5.49,20221202_164216_045738_2.txt
28229015,28230276,FEM,15.22,7.31,4.89,20221202_164216_045738_2.txt
28229129,28229510,MAL,11.91,5.8,3.64,20221202_164216_045738_2.txt
28249859,28254068,FEM,34.34,16.15,11.39,20221202_164216_045738_2.txt
28253013,28253182,MAL,11.44,5.66,3.45,20221202_164216_045738_2.txt
28260011,28261886,FEM,18.28,8.64,5.85,20221202_164216_045738_2.txt
28264385,28268157,FEM,31.83,15.34,10.69,20221202_164216_045738_2.txt
28269992,28270173,FEM,10.16,4.9,3.02,20221202_164216_045738_2.txt
28270352,28270455,FEM,10.78,5.29,3.21,20221202_164216_045738_2.txt
28271042,28272134,FEM,14.72,7.11,4.64,20221202_164216_045738_2.txt
28271924,28272093,MAL,12.05,6.01,3.65,20221202_164216_045738_2.txt
28292492,28296407,FEM,29.66,14.08,10.04,20221202_164216_045738_2.txt
28295605,28296005,MAL,10.41,5.08,3.14,20221202_164216_045738_2.txt
28300285,28300493,FEM,8.6,4.05,2.51,20221202_164216_045738_2.txt
28301511,28301686,FEM,12.93,6.47,3.94,20221202_164216_045738_2.txt
28303736,28306117,FEM,20.47,9.77,6.72,20221202_164216_045738_2.txt
28313992,28315492,FEM,15.98,7.49,5.18,20221202_164216_045738_2.txt
28425068,28425492,FEM,6.91,3.0,1.98,20221202_164216_045738_2.txt
28450138,28450278,FEM,10.91,5.31,3.26,20221202_164216_045738_2.txt
28470012,28470674,FEM,13.69,6.73,4.28,20221202_164216_045738_2.txt
28497511,28498993,FEM,17.2,8.21,5.53,20221202_164216_045738_2.txt
28534513,28535011,FEM,10.84,5.24,3.3,20221202_164216_045738_2.txt
28600194,28602550,FEM,19.11,8.94,6.26,20221202_164216_045738_2.txt
28653647,28654511,FEM,13.17,6.33,4.14,20221202_164216_045738_2.txt
28654142,28654356,MAL,12.92,6.45,3.95,20221202_164216_045738_2.txt
28662879,28664511,FEM,17.41,8.4,5.58,20221202_164216_045738_2.txt
28686984,28689652,FEM,24.77,11.98,8.2,20221202_164216_045738_2.txt
28718992,28719684,FEM,11.97,5.68,3.71,20221202_164216_045738_2.txt
28720011,28721511,FEM,14.9,6.9,4.77,20221202_164216_045738_2.txt
28721723,28722646,MAL,15.64,7.69,4.87,20221202_164216_045738_2.txt
28721886,28722510,FEM,12.98,6.37,3.98,20221202_164216_045738_2.txt
28731993,28734534,FEM,23.12,11.21,7.63,20221202_164216_045738_2.txt
28732597,28733156,MAL,11.48,5.54,3.47,20221202_164216_045738_2.txt
28733889,28734011,MAL,11.42,5.66,3.43,20221202_164216_045738_2.txt
28738203,28738493,FEM,11.29,5.56,3.42,20221202_164216_045738_2.txt
28741427,28741538,MAL,12.07,6.03,3.65,20221202_164216_045738_2.txt
28828492,28830492,FEM,12.15,4.65,3.94,20221202_164216_045738_2.txt
28878577,28880320,FEM,20.43,10.29,6.65,20221202_164216_045738_2.txt
28942677,28944176,MAL,18.74,9.19,6.0,20221202_164216_045738_2.txt
28945492,28945991,FEM,10.23,4.86,3.1,20221202_164216_045738_2.txt
28960511,28961955,MAL,18.87,9.45,6.09,20221202_164216_045738_2.txt
28961513,28961763,FEM,12.68,6.34,3.87,20221202_164216_045738_2.txt
28964513,28965011,FEM,11.6,5.68,3.55,20221202_164216_045738_2.txt
28969491,28971430,FEM,23.14,11.62,7.43,20221202_164216_045738_2.txt
28973130,28974046,MAL,14.58,7.2,4.57,20221202_164216_045738_2.txt
28975966,28977373,FEM,18.46,9.27,5.94,20221202_164216_045738_2.txt
28979183,28979993,FEM,11.95,5.73,3.67,20221202_164216_045738_2.txt
28997492,28998498,FEM,15.24,7.55,4.8,20221202_164216_045738_2.txt
28999196,28999864,FEM,11.77,5.71,3.64,20221202_164216_045738_2.txt
29004510,29005992,FEM,20.21,9.96,6.33,20221202_164216_045738_2.txt
29005493,29007261,MAL,18.89,9.16,6.09,20221202_164216_045738_2.txt
29009899,29010561,FEM,9.21,4.2,2.79,20221202_164216_045738_2.txt
29014894,29016420,FEM,17.99,8.85,5.81,20221202_164216_045738_2.txt
29029420,29031062,FEM,21.47,10.59,6.77,20221202_164216_045738_2.txt
29029992,29031011,MAL,16.34,7.99,5.06,20221202_164216_045738_2.txt
29031934,29033601,FEM,19.76,9.87,6.42,20221202_164216_045738_2.txt
29033763,29034234,FEM,11.66,5.67,3.57,20221202_164216_045738_2.txt
29050993,29051737,FEM,10.2,4.65,3.13,20221202_164216_045738_2.txt
29088857,29090366,FEM,17.89,8.8,5.77,20221202_164216_045738_2.txt
29089400,29089746,MAL,9.82,4.72,2.94,20221202_164216_045738_2.txt
29230966,29231511,FEM,12.58,6.1,3.89,20221202_164216_045738_2.txt
29236656,29236771,MAL,10.0,4.86,2.96,20221202_164216_045738_2.txt
29237144,29237510,FEM,4.84,1.85,1.28,20221202_164216_045738_2.txt
29241768,29242261,FEM,4.66,1.71,1.24,20221202_164216_045738_2.txt
29262578,29267099,FEM,41.59,20.27,13.75,20221202_164216_045738_2.txt
29275903,29278011,FEM,21.74,10.73,7.15,20221202_164216_045738_2.txt
29284716,29284991,FEM,11.87,5.85,3.61,20221202_164216_045738_2.txt
29291460,29293011,FEM,14.13,6.57,4.47,20221202_164216_045738_2.txt
29293512,29293645,FEM,9.82,4.77,2.9,20221202_164216_045738_2.txt
29294153,29299163,FEM,46.69,23.03,15.43,20221202_164216_045738_2.txt
29295469,29295579,MAL,11.37,5.64,3.41,20221202_164216_045738_2.txt
29298512,29299260,MAL,12.51,6.06,3.9,20221202_164216_045738_2.txt
29299418,29300512,FEM,13.68,6.5,4.35,20221202_164216_045738_2.txt
29300010,29300511,MAL,11.49,5.52,3.52,20221202_164216_045738_2.txt
29301958,29303166,FEM,15.76,7.83,5.06,20221202_164216_045738_2.txt
29306492,29308011,FEM,18.17,8.74,5.81,20221202_164216_045738_2.txt
29307012,29308328,MAL,16.25,7.82,5.19,20221202_164216_045738_2.txt
29308510,29310292,FEM,20.43,9.96,6.61,20221202_164216_045738_2.txt
29313811,29314012,MAL,12.19,6.03,3.7,20221202_164216_045738_2.txt
29317619,29318994,FEM,16.75,7.98,5.31,20221202_164216_045738_2.txt
29317651,29317828,MAL,11.75,5.79,3.55,20221202_164216_045738_2.txt
29318050,29318153,MAL,12.49,6.26,3.79,20221202_164216_045738_2.txt
29342993,29343972,MAL,16.19,8.0,5.11,20221202_164216_045738_2.txt
29343097,29343242,FEM,12.74,6.37,3.87,20221202_164216_045738_2.txt
29343492,29345674,FEM,25.2,12.35,8.16,20221202_164216_045738_2.txt
29344732,29344962,MAL,13.11,6.57,4.01,20221202_164216_045738_2.txt
29345227,29345330,MAL,15.89,8.14,4.92,20221202_164216_045738_2.txt
29351492,29353785,FEM,22.72,10.96,7.51,20221202_164216_045738_2.txt
29353335,29353689,MAL,13.05,6.45,4.01,20221202_164216_045738_2.txt
29353813,29353946,MAL,15.79,8.06,4.89,20221202_164216_045738_2.txt
29386498,29390492,FEM,39.91,20.41,13.31,20221202_164216_045738_2.txt
29398447,29399606,FEM,14.59,7.07,4.61,20221202_164216_045738_2.txt
29401993,29403011,FEM,12.4,5.78,3.86,20221202_164216_045738_2.txt
29405491,29407011,FEM,17.32,8.08,5.47,20221202_164216_045738_2.txt
29423444,29425081,FEM,17.99,8.94,5.88,20221202_164216_045738_2.txt
29441013,29441430,MAL,10.02,4.78,3.01,20221202_164216_045738_2.txt
29441492,29442634,FEM,10.96,4.84,3.45,20221202_164216_045738_2.txt
29442015,29442118,MAL,10.68,5.25,3.18,20221202_164216_045738_2.txt
29446511,29448477,FEM,15.25,7.08,4.97,20221202_164216_045738_2.txt
29447817,29449066,MAL,12.7,5.82,3.94,20221202_164216_045738_2.txt
29448623,29448736,FEM,7.79,3.64,2.22,20221202_164216_045738_2.txt
29451642,29452707,FEM,8.43,3.57,2.54,20221202_164216_045738_2.txt
29456666,29461641,FEM,42.54,20.4,14.14,20221202_164216_045738_2.txt
29467972,29470873,FEM,23.12,10.85,7.75,20221202_164216_045738_2.txt
29472022,29473799,FEM,18.17,8.29,5.8,20221202_164216_045738_2.txt
29476069,29479721,FEM,29.52,13.97,9.9,20221202_164216_045738_2.txt
29482299,29483767,FEM,18.32,8.55,5.7,20221202_164216_045738_2.txt
29493580,29494010,FEM,10.71,5.1,3.25,20221202_164216_045738_2.txt
29495121,29497661,FEM,26.85,12.87,8.61,20221202_164216_045738_2.txt
29507539,29508511,FEM,12.84,5.94,4.0,20221202_164216_045738_2.txt
29510467,29516915,FEM,50.64,24.76,17.19,20221202_164216_045738_2.txt
29511307,29511542,MAL,8.58,4.07,2.5,20221202_164216_045738_2.txt
29514947,29515511,MAL,11.31,5.51,3.47,20221202_164216_045738_2.txt
29517183,29523452,FEM,46.83,21.64,15.63,20221202_164216_045738_2.txt
29520295,29520906,MAL,8.48,3.74,2.48,20221202_164216_045738_2.txt
29524492,29526308,FEM,16.46,7.43,5.24,20221202_164216_045738_2.txt
29528493,29530493,FEM,12.21,4.89,3.96,20221202_164216_045738_2.txt
29534993,29536512,FEM,13.46,6.13,4.24,20221202_164216_045738_2.txt
29541350,29541512,MAL,5.73,2.49,1.54,20221202_164216_045738_2.txt
29541512,29541640,FEM,9.16,4.41,2.68,20221202_164216_045738_2.txt
29558012,29558965,FEM,11.43,5.33,3.58,20221202_164216_045738_2.txt
29559492,29561036,FEM,12.92,5.68,4.07,20221202_164216_045738_2.txt
29561510,29562685,FEM,13.94,6.47,4.34,20221202_164216_045738_2.txt
29563242,29563983,FEM,11.24,5.36,3.42,20221202_164216_045738_2.txt
29565668,29566578,FEM,13.68,6.47,4.27,20221202_164216_045738_2.txt
29567155,29567329,FEM,8.55,4.01,2.48,20221202_164216_045738_2.txt
29567482,29570179,FEM,21.37,10.14,7.08,20221202_164216_045738_2.txt
29569246,29571818,MAL,20.48,9.73,6.81,20221202_164216_045738_2.txt
29573176,29573863,MAL,10.37,4.85,3.18,20221202_164216_045738_2.txt
29778344,29779264,FEM,15.21,7.38,4.78,20221202_164216_045738_2.txt
29780101,29781588,FEM,20.05,9.87,6.38,20221202_164216_045738_2.txt
29783012,29784512,FEM,14.42,6.5,4.66,20221202_164216_045738_2.txt
29785182,29787894,FEM,23.07,10.93,7.7,20221202_164216_045738_2.txt
29788847,29790555,FEM,19.76,9.45,6.32,20221202_164216_045738_2.txt
29792510,29793622,FEM,10.15,4.29,3.18,20221202_164216_045738_2.txt
29795479,29796011,FEM,10.81,5.14,3.3,20221202_164216_045738_2.txt
29797138,29798012,FEM,13.44,6.39,4.18,20221202_164216_045738_2.txt
29799225,29800533,FEM,15.86,7.63,5.06,20221202_164216_045738_2.txt
29801512,29803161,FEM,15.0,6.67,4.83,20221202_164216_045738_2.txt
29805992,29807821,FEM,17.28,7.99,5.51,20221202_164216_045738_2.txt
29861038,29861144,FEM,5.43,2.34,1.43,20221202_164216_045738_2.txt
29926366,29928480,FEM,21.81,10.78,7.18,20221202_164216_045738_2.txt
29928734,29931981,FEM,24.49,11.45,8.21,20221202_164216_045738_2.txt
29930162,29930287,MAL,8.42,4.0,2.43,20221202_164216_045738_2.txt
29930415,29931900,MAL,17.04,7.82,5.27,20221202_164216_045738_2.txt
29932829,29933853,FEM,11.83,5.3,3.67,20221202_164216_045738_2.txt
30012574,30013332,MAL,11.54,5.41,3.58,20221202_164216_045738_2.txt
30017491,30018011,FEM,11.89,5.74,3.65,20221202_164216_045738_2.txt
30079941,30080932,FEM,11.73,5.29,3.63,20221202_164216_045738_2.txt
30200379,30202237,FEM,15.66,6.9,5.03,20221202_164216_045738_2.txt
30202737,30203992,FEM,12.77,5.78,4.07,20221202_164216_045738_2.txt
30231011,30236117,FEM,39.62,18.54,13.24,20221202_164216_045738_2.txt
30237977,30238512,FEM,12.35,6.0,3.81,20221202_164216_045738_2.txt
30269217,30269511,FEM,10.02,4.84,2.99,20221202_164216_045738_2.txt
30320492,30321304,MAL,5.92,2.28,1.72,20221202_164216_045738_2.txt
30342841,30343688,FEM,12.88,6.02,3.94,20221202_164216_045738_2.txt
30342966,30343562,MAL,11.09,5.23,3.35,20221202_164216_045738_2.txt
30348410,30349088,FEM,11.48,5.44,3.49,20221202_164216_045738_2.txt
30428598,30430010,FEM,13.38,6.18,4.2,20221202_164216_045738_2.txt
30442011,30442705,FEM,13.19,6.34,4.12,20221202_164216_045738_2.txt
30445127,30446420,FEM,13.05,5.86,4.12,20221202_164216_045738_2.txt
30450313,30451766,FEM,16.55,7.81,5.21,20221202_164216_045738_2.txt
30452782,30453531,FEM,9.47,4.1,2.89,20221202_164216_045738_2.txt
30453801,30454884,FEM,12.97,6.18,4.06,20221202_164216_045738_2.txt
30477992,30478525,MAL,8.7,4.08,2.6,20221202_164216_045738_2.txt
30477992,30479678,FEM,17.64,8.56,5.66,20221202_164216_045738_2.txt
30481512,30482609,FEM,14.49,6.98,4.51,20221202_164216_045738_2.txt
30498010,30499935,FEM,20.04,9.69,6.45,20221202_164216_045738_2.txt
30504011,30504991,FEM,12.51,6.01,3.89,20221202_164216_045738_2.txt
30505992,30507060,MAL,15.51,7.56,4.8,20221202_164216_045738_2.txt
30506585,30507081,FEM,10.57,5.08,3.16,20221202_164216_045738_2.txt
30508333,30509011,FEM,9.57,4.54,2.91,20221202_164216_045738_2.txt
30508367,30508782,MAL,8.8,4.16,2.61,20221202_164216_045738_2.txt
30510511,30512234,MAL,13.04,5.55,4.19,20221202_164216_045738_2.txt
30513443,30515011,MAL,17.77,8.73,5.74,20221202_164216_045738_2.txt
30516011,30518512,MAL,23.84,11.39,7.71,20221202_164216_045738_2.txt
30520992,30522921,MAL,18.4,8.39,5.8,20221202_164216_045738_2.txt
30522012,30522992,FEM,10.51,4.66,3.22,20221202_164216_045738_2.txt
30525539,30527181,FEM,14.72,7.07,4.74,20221202_164216_045738_2.txt
30526463,30526579,MAL,10.44,5.13,3.1,20221202_164216_045738_2.txt
30535993,30536897,FEM,11.46,5.6,3.58,20221202_164216_045738_2.txt
30543028,30544012,FEM,12.03,5.77,3.78,20221202_164216_045738_2.txt
30545640,30546776,FEM,12.25,5.69,3.83,20221202_164216_045738_2.txt
30545723,30545861,MAL,9.59,4.63,2.82,20221202_164216_045738_2.txt
30562608,30563141,FEM,9.2,4.32,2.76,20221202_164216_045738_2.txt
30564889,30566290,FEM,14.77,6.8,4.61,20221202_164216_045738_2.txt
30567362,30569453,FEM,22.05,10.5,6.94,20221202_164216_045738_2.txt
30568511,30568837,MAL,8.72,4.08,2.51,20221202_164216_045738_2.txt
30583011,30585510,FEM,24.45,11.77,7.86,20221202_164216_045738_2.txt
30584334,30584587,MAL,8.15,3.78,2.36,20221202_164216_045738_2.txt
30587063,30588575,FEM,17.45,8.29,5.46,20221202_164216_045738_2.txt
30605933,30606512,FEM,9.59,4.5,2.9,20221202_164216_045738_2.txt
30613692,30619011,FEM,55.23,27.25,17.85,20221202_164216_045738_2.txt
30632892,30633511,FEM,10.64,5.01,3.26,20221202_164216_045738_2.txt
30660491,30660898,FEM,10.13,4.92,3.05,20221202_164216_045738_2.txt
30673991,30675511,MAL,18.41,9.04,5.94,20221202_164216_045738_2.txt
30743577,30743918,FEM,11.02,5.34,3.34,20221202_164216_045738_2.txt
30753572,30753754,FEM,6.9,3.13,1.94,20221202_164216_045738_2.txt
30804634,30805241,FEM,12.9,6.35,3.95,20221202_164216_045738_2.txt
30805512,30807065,FEM,20.6,10.27,6.57,20221202_164216_045738_2.txt
30812036,30813460,MAL,18.74,9.27,5.93,20221202_164216_045738_2.txt
30812103,30813510,FEM,18.57,9.17,5.87,20221202_164216_045738_2.txt
30832512,30834493,FEM,19.14,9.19,6.26,20221202_164216_045738_2.txt
30839972,30840883,MAL,13.37,6.4,4.11,20221202_164216_045738_2.txt
30839992,30843367,FEM,32.41,15.76,10.6,20221202_164216_045738_2.txt
30841906,30843418,MAL,18.34,8.95,5.87,20221202_164216_045738_2.txt
30912470,30913810,FEM,17.83,8.84,5.67,20221202_164216_045738_2.txt
30916991,30920580,FEM,34.52,17.5,11.61,20221202_164216_045738_2.txt
30926158,30928757,FEM,29.43,14.62,9.48,20221202_164216_045738_2.txt
30928910,30930511,FEM,19.14,9.38,6.15,20221202_164216_045738_2.txt
30932493,30932917,FEM,12.23,6.01,3.75,20221202_164216_045738_2.txt
30938070,30940076,FEM,21.59,10.82,7.03,20221202_164216_045738_2.txt
30952343,30954012,FEM,16.09,7.57,5.19,20221202_164216_045738_2.txt
30962144,30963059,FEM,15.09,7.42,4.73,20221202_164216_045738_2.txt
30980424,30982010,FEM,15.96,7.66,5.09,20221202_164216_045738_2.txt
30999491,31002491,FEM,34.58,17.08,11.05,20221202_164216_045738_2.txt
31004409,31005141,FEM,14.68,7.22,4.52,20221202_164216_045738_2.txt
31004488,31005465,MAL,16.46,8.05,5.1,20221202_164216_045738_2.txt
31007011,31009492,MAL,29.15,14.33,9.31,20221202_164216_045738_2.txt
31018668,31020492,FEM,21.0,10.16,6.65,20221202_164216_045738_2.txt
31024492,31025645,FEM,14.49,6.96,4.58,20221202_164216_045738_2.txt
31025793,31026358,FEM,11.63,5.68,3.58,20221202_164216_045738_2.txt
31029613,31030011,FEM,10.48,5.1,3.17,20221202_164216_045738_2.txt
31075986,31076514,FEM,11.98,5.8,3.63,20221202_164216_045738_2.txt
31087630,31088497,FEM,14.44,6.96,4.46,20221202_164216_045738_2.txt
31087743,31089356,MAL,21.75,10.59,6.81,20221202_164216_045738_2.txt
31096114,31096511,FEM,11.42,5.55,3.43,20221202_164216_045738_2.txt
31106258,31106899,MAL,11.91,5.76,3.63,20221202_164216_045738_2.txt
31120239,31121812,FEM,20.13,10.03,6.42,20221202_164216_045738_2.txt
31123992,31125511,FEM,19.06,9.51,6.16,20221202_164216_045738_2.txt
31132492,31134151,FEM,18.96,9.5,6.15,20221202_164216_045738_2.txt
31161657,31163031,FEM,18.05,8.73,5.75,20221202_164216_045738_2.txt
31177239,31184829,FEM,60.63,29.03,20.35,20221202_164216_045738_2.txt
31186991,31188491,FEM,14.59,6.67,4.67,20221202_164216_045738_2.txt
31187992,31189661,MAL,16.1,7.67,5.25,20221202_164216_045738_2.txt
31189011,31189463,FEM,10.3,4.96,3.12,20221202_164216_045738_2.txt
31190057,31190437,FEM,11.21,5.48,3.4,20221202_164216_045738_2.txt
31191691,31192511,FEM,14.83,7.2,4.58,20221202_164216_045738_2.txt
31194492,31195888,FEM,16.47,7.87,5.22,20221202_164216_045738_2.txt
31200992,31202543,FEM,17.66,8.55,5.7,20221202_164216_045738_2.txt
31205809,31208212,FEM,22.31,10.94,7.39,20221202_164216_045738_2.txt
31208438,31212199,FEM,32.48,16.35,11.01,20221202_164216_045738_2.txt
31211512,31212010,MAL,9.31,4.39,2.79,20221202_164216_045738_2.txt
31212493,31215492,FEM,29.89,14.44,9.7,20221202_164216_045738_2.txt
31220087,31220360,MAL,9.49,4.58,2.82,20221202_164216_045738_2.txt
31222572,31223466,MAL,14.09,6.93,4.4,20221202_164216_045738_2.txt
31222817,31223268,FEM,10.35,5.02,3.13,20221202_164216_045738_2.txt
31225593,31226378,FEM,13.9,6.73,4.27,20221202_164216_045738_2.txt
31239894,31240795,FEM,13.0,6.11,4.04,20221202_164216_045738_2.txt
31243065,31244580,MAL,18.67,8.93,5.92,20221202_164216_045738_2.txt
31243492,31244400,FEM,15.09,7.3,4.68,20221202_164216_045738_2.txt
31244684,31244811,MAL,12.25,6.04,3.71,20221202_164216_045738_2.txt
31252932,31253766,FEM,12.23,5.67,3.82,20221202_164216_045738_2.txt
31258400,31258862,FEM,11.04,5.3,3.36,20221202_164216_045738_2.txt
31295501,31297992,FEM,24.21,11.95,8.04,20221202_164216_045738_2.txt
31302511,31303918,FEM,15.87,7.7,5.08,20221202_164216_045738_2.txt
31306510,31308511,FEM,19.69,9.29,6.4,20221202_164216_045738_2.txt
31314897,31315761,FEM,11.59,5.33,3.56,20221202_164216_045738_2.txt
31326991,31327514,FEM,8.54,3.84,2.54,20221202_164216_045738_2.txt
31327695,31329290,FEM,13.13,6.21,4.2,20221202_164216_045738_2.txt
31330511,31331491,FEM,7.52,3.24,2.28,20221202_164216_045738_2.txt
31332511,31333510,FEM,10.91,4.92,3.36,20221202_164216_045738_2.txt
31337012,31337326,FEM,10.65,5.2,3.21,20221202_164216_045738_2.txt
31341511,31342512,FEM,16.07,7.95,5.08,20221202_164216_045738_2.txt
31344275,31345250,FEM,12.33,5.87,3.83,20221202_164216_045738_2.txt
31353011,31354484,FEM,19.4,9.45,6.16,20221202_164216_045738_2.txt
31367787,31369302,FEM,17.37,8.29,5.54,20221202_164216_045738_2.txt
31373948,31374552,FEM,12.28,5.97,3.75,20221202_164216_045738_2.txt
31375414,31377010,FEM,20.58,10.24,6.57,20221202_164216_045738_2.txt
31382390,31383578,FEM,16.05,7.62,5.05,20221202_164216_045738_2.txt
31399886,31401445,FEM,17.66,8.37,5.54,20221202_164216_045738_2.txt
31425992,31428761,FEM,19.48,8.13,6.3,20221202_164216_045738_2.txt
31430283,31430631,FEM,9.74,4.58,2.91,20221202_164216_045738_2.txt
31437153,31437517,MAL,13.69,6.72,4.23,20221202_164216_045738_2.txt
31446603,31447511,FEM,10.97,4.82,3.36,20221202_164216_045738_2.txt
31449531,31449713,FEM,8.98,4.18,2.63,20221202_164216_045738_2.txt
31480491,31481011,FEM,9.4,4.51,2.83,20221202_164216_045738_2.txt
31492511,31492636,FEM,10.87,5.35,3.25,20221202_164216_045738_2.txt
31493647,31493770,FEM,10.8,5.3,3.22,20221202_164216_045738_2.txt
31500291,31502512,MAL,15.57,6.63,5.06,20221202_164216_045738_2.txt
31508511,31511879,FEM,31.77,15.51,10.44,20221202_164216_045738_2.txt
31513511,31514221,MAL,11.5,5.54,3.51,20221202_164216_045738_2.txt
31513570,31514291,FEM,11.09,5.25,3.37,20221202_164216_045738_2.txt
31515947,31519103,FEM,28.41,13.89,9.45,20221202_164216_045738_2.txt
31524395,31525068,FEM,13.26,6.33,4.08,20221202_164216_045738_2.txt
31530992,31532141,FEM,15.22,7.31,4.77,20221202_164216_045738_2.txt
31535637,31535991,FEM,11.96,5.94,3.65,20221202_164216_045738_2.txt
31537537,31538281,MAL,14.05,6.9,4.36,20221202_164216_045738_2.txt
31538012,31538139,FEM,12.7,6.37,3.86,20221202_164216_045738_2.txt
31538491,31539512,FEM,14.78,7.01,4.65,20221202_164216_045738_2.txt
31542492,31543614,FEM,14.36,6.75,4.42,20221202_164216_045738_2.txt
31547213,31549992,FEM,22.99,10.92,7.63,20221202_164216_045738_2.txt
31558734,31559964,FEM,16.62,8.05,5.3,20221202_164216_045738_2.txt
31561247,31562492,FEM,15.47,7.33,4.92,20221202_164216_045738_2.txt
31580265,31583095,FEM,22.79,9.91,7.31,20221202_164216_045738_2.txt
31628492,31630394,FEM,20.43,9.81,6.63,20221202_164216_045738_2.txt
31636111,31637529,FEM,15.85,7.29,5.02,20221202_164216_045738_2.txt
31638131,31639717,FEM,17.19,7.93,5.6,20221202_164216_045738_2.txt
31645159,31646992,FEM,18.79,8.73,6.07,20221202_164216_045738_2.txt
31652834,31654135,FEM,16.94,8.14,5.36,20221202_164216_045738_2.txt
31677011,31678319,FEM,16.44,7.91,5.2,20221202_164216_045738_2.txt
31679201,31680492,FEM,14.93,7.15,4.74,20221202_164216_045738_2.txt
31681130,31684846,FEM,27.98,13.12,9.45,20221202_164216_045738_2.txt
31695011,31697125,FEM,21.33,10.18,6.91,20221202_164216_045738_2.txt
31698710,31699302,FEM,10.18,4.67,3.1,20221202_164216_045738_2.txt
31709259,31710012,FEM,13.32,6.33,4.17,20221202_164216_045738_2.txt
31719492,31719784,FEM,13.55,6.76,4.17,20221202_164216_045738_2.txt
31721988,31722666,FEM,12.85,6.03,4.0,20221202_164216_045738_2.txt
31726981,31727388,FEM,8.42,3.91,2.48,20221202_164216_045738_2.txt
31737013,31738277,FEM,17.93,8.59,5.74,20221202_164216_045738_2.txt
31763737,31765993,FEM,24.35,11.74,7.99,20221202_164216_045738_2.txt
31771180,31771442,FEM,13.11,6.53,4.02,20221202_164216_045738_2.txt
31772010,31774038,FEM,21.48,10.39,7.05,20221202_164216_045738_2.txt
31786970,31788492,FEM,17.76,8.2,5.67,20221202_164216_045738_2.txt
31789749,31790335,FEM,9.36,4.39,2.83,20221202_164216_045738_2.txt
31810492,31812323,FEM,19.38,9.16,6.32,20221202_164216_045738_2.txt
31815511,31816010,FEM,13.48,6.64,4.18,20221202_164216_045738_2.txt
31825511,31826130,FEM,16.67,8.31,5.21,20221202_164216_045738_2.txt
31827139,31828227,FEM,18.77,9.28,5.94,20221202_164216_045738_2.txt
31830416,31830875,FEM,14.7,7.38,4.58,20221202_164216_045738_2.txt
31831969,31832511,FEM,16.05,8.11,5.04,20221202_164216_045738_2.txt
31837443,31838459,MAL,17.4,8.58,5.52,20221202_164216_045738_2.txt
31838010,31838422,FEM,14.1,7.06,4.37,20221202_164216_045738_2.txt
31840121,31840305,FEM,14.64,7.44,4.52,20221202_164216_045738_2.txt
31877653,31878725,FEM,13.23,6.1,4.2,20221202_164216_045738_2.txt
31879106,31880988,MAL,19.75,9.43,6.45,20221202_164216_045738_2.txt
31896276,31898492,FEM,19.8,9.21,6.42,20221202_164216_045738_2.txt
31900011,31900483,FEM,7.29,3.3,2.12,20221202_164216_045738_2.txt
31903511,31905347,FEM,16.82,7.96,5.47,20221202_164216_045738_2.txt
32019550,32019665,FEM,11.29,5.56,3.39,20221202_164216_045738_2.txt
32019860,32019992,FEM,11.42,5.64,3.43,20221202_164216_045738_2.txt
32023146,32026992,FEM,36.26,18.0,11.97,20221202_164216_045738_2.txt
32024492,32025153,MAL,11.17,5.26,3.33,20221202_164216_045738_2.txt
32029012,32031513,FEM,23.68,11.49,7.71,20221202_164216_045738_2.txt
32039967,32041492,FEM,16.6,8.03,5.29,20221202_164216_045738_2.txt
32046492,32047965,FEM,12.19,5.3,3.86,20221202_164216_045738_2.txt
32046693,32046885,MAL,7.08,3.21,2.0,20221202_164216_045738_2.txt
32051511,32054570,FEM,26.88,12.67,8.71,20221202_164216_045738_2.txt
32055340,32055450,FEM,7.81,3.66,2.23,20221202_164216_045738_2.txt
32056471,32057293,FEM,11.28,5.26,3.45,20221202_164216_045738_2.txt
32067492,32071203,FEM,36.87,17.77,11.83,20221202_164216_045738_2.txt
32067613,32068705,MAL,14.1,6.66,4.33,20221202_164216_045738_2.txt
32071928,32075622,FEM,32.57,15.82,10.61,20221202_164216_045738_2.txt
32095221,32096951,FEM,18.47,8.74,5.94,20221202_164216_045738_2.txt
32098204,32099085,FEM,6.82,2.62,2.03,20221202_164216_045738_2.txt
32132536,32133010,FEM,9.13,4.24,2.73,20221202_164216_045738_2.txt
32157273,32157992,FEM,11.67,5.57,3.62,20221202_164216_045738_2.txt
32159741,32161945,FEM,20.25,9.7,6.57,20221202_164216_045738_2.txt
32165993,32168511,FEM,22.69,11.03,7.54,20221202_164216_045738_2.txt
32172959,32176017,FEM,25.36,11.49,8.2,20221202_164216_045738_2.txt
32180797,32182511,MAL,17.27,8.13,5.54,20221202_164216_045738_2.txt
32181730,32181846,FEM,9.65,4.69,2.84,20221202_164216_045738_2.txt
32181953,32183948,FEM,20.7,10.08,6.74,20221202_164216_045738_2.txt
32190043,32191992,MAL,20.17,9.87,6.6,20221202_164216_045738_2.txt
32194437,32195119,MAL,10.82,4.97,3.27,20221202_164216_045738_2.txt
32194727,32195510,FEM,10.17,4.46,3.07,20221202_164216_045738_2.txt
32201012,32204179,MAL,25.96,12.11,8.58,20221202_164216_045738_2.txt
32202996,32204495,FEM,16.25,7.44,5.06,20221202_164216_045738_2.txt
32206584,32211871,FEM,43.91,21.46,14.65,20221202_164216_045738_2.txt
32210479,32210913,MAL,8.73,4.01,2.59,20221202_164216_045738_2.txt
32233952,32235511,FEM,13.95,6.05,4.41,20221202_164216_045738_2.txt
32237546,32239271,MAL,12.11,5.44,3.93,20221202_164216_045738_2.txt
32240012,32243676,MAL,30.42,14.56,10.04,20221202_164216_045738_2.txt
32241777,32242960,FEM,14.52,6.75,4.49,20221202_164216_045738_2.txt
32248133,32248492,FEM,8.27,3.79,2.42,20221202_164216_045738_2.txt
32249580,32250012,FEM,6.93,2.86,1.99,20221202_164216_045738_2.txt
32260638,32261218,MAL,5.98,2.27,1.7,20221202_164216_045738_2.txt
32265989,32266343,MAL,7.57,3.48,2.19,20221202_164216_045738_2.txt
32269992,32270569,MAL,6.61,2.8,1.91,20221202_164216_045738_2.txt
32270871,32273011,FEM,21.68,10.53,7.09,20221202_164216_045738_2.txt
32275027,32276939,FEM,17.93,8.53,5.85,20221202_164216_045738_2.txt
32296511,32296865,FEM,4.68,1.84,1.23,20221202_164216_045738_2.txt
32297172,32297310,FEM,6.58,2.97,1.82,20221202_164216_045738_2.txt
32297655,32300225,FEM,17.0,7.62,5.65,20221202_164216_045738_2.txt
32300512,32300684,FEM,7.65,3.46,2.18,20221202_164216_045738_2.txt
32300978,32301746,FEM,8.96,3.96,2.72,20221202_164216_045738_2.txt
32303090,32304477,FEM,10.24,4.21,3.2,20221202_164216_045738_2.txt
32334964,32336493,FEM,14.13,6.46,4.47,20221202_164216_045738_2.txt
32342622,32343992,FEM,8.51,3.27,2.67,20221202_164216_045738_2.txt
32350170,32350492,FEM,9.29,4.34,2.76,20221202_164216_045738_2.txt
32360135,32360807,FEM,9.69,4.43,2.95,20221202_164216_045738_2.txt
32365011,32366263,FEM,13.93,6.44,4.3,20221202_164216_045738_2.txt
32407817,32409805,FEM,16.73,7.53,5.36,20221202_164216_045738_2.txt
32411011,32415010,FEM,31.83,15.51,10.73,20221202_164216_045738_2.txt
32414393,32415114,MAL,12.23,5.86,3.75,20221202_164216_045738_2.txt
32418745,32422992,FEM,30.84,14.33,10.44,20221202_164216_045738_2.txt
32420107,32420866,MAL,11.64,5.42,3.56,20221202_164216_045738_2.txt
32440134,32446511,FEM,46.57,21.55,15.72,20221202_164216_045738_2.txt
32477431,32484491,FEM,56.06,26.72,18.79,20221202_164216_045738_2.txt
32484831,32485774,FEM,9.72,4.28,2.95,20221202_164216_045738_2.txt
32592238,32592619,FEM,10.08,4.83,3.03,20221202_164216_045738_2.txt
32612531,32614345,FEM,10.56,4.51,3.43,20221202_164216_045738_2.txt
32640992,32641171,FEM,7.63,3.5,2.18,20221202_164216_045738_2.txt
32641365,32644600,FEM,26.45,12.46,8.8,20221202_164216_045738_2.txt
32645992,32648992,FEM,24.39,11.54,8.13,20221202_164216_045738_2.txt
32650511,32651864,FEM,11.28,5.23,3.54,20221202_164216_045738_2.txt
32660224,32662595,FEM,24.44,11.85,7.62,20221202_164216_045738_2.txt
32661159,32661925,MAL,8.88,3.91,2.54,20221202_164216_045738_2.txt
32662833,32663010,FEM,4.02,1.51,0.98,20221202_164216_045738_2.txt
32665699,32666207,FEM,3.49,1.04,0.85,20221202_164216_045738_2.txt
32666274,32668395,MAL,18.13,8.61,5.74,20221202_164216_045738_2.txt
32666905,32674511,FEM,72.17,36.1,23.72,20221202_164216_045738_2.txt
32673512,32675486,MAL,19.2,9.03,6.02,20221202_164216_045738_2.txt
32684683,32684992,FEM,6.96,3.13,1.98,20221202_164216_045738_2.txt
32688080,32689258,FEM,9.38,4.05,2.88,20221202_164216_045738_2.txt
32691011,32693377,FEM,13.78,5.7,4.54,20221202_164216_045738_2.txt
32705011,32707493,MAL,17.11,7.69,5.67,20221202_164216_045738_2.txt
32706590,32706695,FEM,7.11,3.25,2.0,20221202_164216_045738_2.txt
32709135,32710429,FEM,8.23,3.08,2.51,20221202_164216_045738_2.txt
32713011,32713338,FEM,7.87,3.53,2.28,20221202_164216_045738_2.txt
32713492,32713605,FEM,2.75,0.82,0.54,20221202_164216_045738_2.txt
32719606,32720328,MAL,6.07,2.55,1.75,20221202_164216_045738_2.txt
32722576,32722677,FEM,9.52,4.55,2.79,20221202_164216_045738_2.txt
32743796,32744398,FEM,7.51,3.1,2.21,20221202_164216_045738_2.txt
32745075,32746228,FEM,10.71,4.7,3.32,20221202_164216_045738_2.txt
32777511,32779053,FEM,15.42,7.25,4.95,20221202_164216_045738_2.txt
32785428,32788908,FEM,35.44,17.82,11.68,20221202_164216_045738_2.txt
32787141,32787276,MAL,9.52,4.61,2.8,20221202_164216_045738_2.txt
32813993,32816264,FEM,18.93,8.88,6.24,20221202_164216_045738_2.txt
32818011,32818862,FEM,12.97,6.13,4.02,20221202_164216_045738_2.txt
32824634,32826241,FEM,16.33,7.8,5.27,20221202_164216_045738_2.txt
32826696,32828510,FEM,18.77,8.99,6.06,20221202_164216_045738_2.txt
32858011,32858511,FEM,11.4,5.49,3.49,20221202_164216_045738_2.txt
32914799,32915830,FEM,16.5,8.17,5.22,20221202_164216_045738_2.txt
32924011,32924328,FEM,14.77,7.47,4.58,20221202_164216_045738_2.txt
32927540,32928011,FEM,12.62,6.18,3.89,20221202_164216_045738_2.txt
32929757,32930992,FEM,16.5,7.96,5.26,20221202_164216_045738_2.txt
32940992,32941875,FEM,11.19,5.17,3.43,20221202_164216_045738_2.txt
33006493,33009012,FEM,23.31,11.44,7.69,20221202_164216_045738_2.txt
33010335,33010991,MAL,11.16,5.43,3.44,20221202_164216_045738_2.txt
33010511,33011512,FEM,13.73,6.64,4.3,20221202_164216_045738_2.txt
33054991,33056439,FEM,16.18,7.95,5.19,20221202_164216_045738_2.txt
33059013,33060484,MAL,18.44,9.14,5.89,20221202_164216_045738_2.txt
33059352,33060012,FEM,11.97,5.8,3.65,20221202_164216_045738_2.txt
33114985,33117101,MAL,25.45,12.74,8.18,20221202_164216_045738_2.txt
33115080,33115254,FEM,11.84,5.88,3.58,20221202_164216_045738_2.txt
33115483,33117550,FEM,25.61,12.75,8.17,20221202_164216_045738_2.txt
33117235,33117488,MAL,12.29,6.1,3.74,20221202_164216_045738_2.txt
33131012,33132408,MAL,16.66,8.21,5.34,20221202_164216_045738_2.txt
33159223,33161687,FEM,23.32,11.68,7.74,20221202_164216_045738_2.txt
33162220,33163697,FEM,16.95,8.25,5.45,20221202_164216_045738_2.txt
33164363,33166680,FEM,21.73,10.82,7.19,20221202_164216_045738_2.txt
33164616,33165696,MAL,12.2,5.87,3.8,20221202_164216_045738_2.txt
33191196,33192149,FEM,11.03,5.26,3.44,20221202_164216_045738_2.txt
33197870,33198002,MAL,10.87,5.35,3.25,20221202_164216_045738_2.txt
33198115,33198449,MAL,9.86,4.77,2.95,20221202_164216_045738_2.txt
33223186,33225592,FEM,25.74,13.0,8.48,20221202_164216_045738_2.txt
33226431,33229516,FEM,27.89,13.82,9.26,20221202_164216_045738_2.txt
33230480,33230932,FEM,11.85,5.84,3.63,20221202_164216_045738_2.txt
33247788,33248011,FEM,9.72,4.66,2.88,20221202_164216_045738_2.txt
33268992,33273609,FEM,35.84,17.28,12.06,20221202_164216_045738_2.txt
33275350,33277011,FEM,12.54,5.86,4.01,20221202_164216_045738_2.txt
33283992,33285538,FEM,18.96,9.34,6.08,20221202_164216_045738_2.txt
33286012,33289913,FEM,33.83,16.54,11.17,20221202_164216_045738_2.txt
33288492,33289891,MAL,16.23,7.71,5.14,20221202_164216_045738_2.txt
33290193,33290976,MAL,12.71,6.09,3.92,20221202_164216_045738_2.txt
33296577,33302011,FEM,47.66,23.67,15.93,20221202_164216_045738_2.txt
33303398,33308319,FEM,51.03,26.46,17.07,20221202_164216_045738_2.txt
33313013,33313259,MAL,8.86,4.24,2.6,20221202_164216_045738_2.txt
33314124,33314308,MAL,11.89,5.92,3.6,20221202_164216_045738_2.txt
33315008,33317014,FEM,21.1,10.7,6.92,20221202_164216_045738_2.txt
33322489,33323289,FEM,10.62,5.07,3.23,20221202_164216_045738_2.txt
33329286,33329435,FEM,12.72,6.38,3.87,20221202_164216_045738_2.txt
33330012,33331738,FEM,19.98,10.0,6.4,20221202_164216_045738_2.txt
33334011,33334180,FEM,9.58,4.65,2.83,20221202_164216_045738_2.txt
33335012,33335139,FEM,10.24,5.02,3.04,20221202_164216_045738_2.txt
33339492,33346497,FEM,72.3,37.43,24.14,20221202_164216_045738_2.txt
33347339,33347493,FEM,11.77,5.85,3.55,20221202_164216_045738_2.txt
33349956,33351011,FEM,14.92,7.36,4.65,20221202_164216_045738_2.txt
33351733,33353765,FEM,23.39,11.94,7.59,20221202_164216_045738_2.txt
33354764,33355993,FEM,16.74,8.43,5.39,20221202_164216_045738_2.txt
33359102,33359232,FEM,11.15,5.53,3.34,20221202_164216_045738_2.txt
33359492,33360491,FEM,13.58,6.78,4.3,20221202_164216_045738_2.txt
33369950,33371118,FEM,14.47,7.19,4.63,20221202_164216_045738_2.txt
33379820,33380736,FEM,12.85,6.11,3.94,20221202_164216_045738_2.txt
33383639,33387254,MAL,31.86,15.6,10.78,20221202_164216_045738_2.txt
33385993,33387201,FEM,17.66,8.84,5.69,20221202_164216_045738_2.txt
33387491,33389962,FEM,26.96,13.12,8.64,20221202_164216_045738_2.txt
33391062,33394207,FEM,37.48,18.9,12.1,20221202_164216_045738_2.txt
33408303,33408480,MAL,12.65,6.32,3.85,20221202_164216_045738_2.txt
33409319,33409454,MAL,12.37,6.21,3.75,20221202_164216_045738_2.txt
33412092,33412492,FEM,11.76,5.83,3.59,20221202_164216_045738_2.txt
33414056,33414250,MAL,11.61,5.77,3.51,20221202_164216_045738_2.txt
33414992,33417117,FEM,22.85,11.26,7.32,20221202_164216_045738_2.txt
33418621,33419566,MAL,15.46,7.77,4.92,20221202_164216_045738_2.txt
33422542,33424010,MAL,19.89,10.04,6.43,20221202_164216_045738_2.txt
33427588,33428128,FEM,10.69,5.13,3.26,20221202_164216_045738_2.txt
33429011,33430015,FEM,15.45,7.7,4.87,20221202_164216_045738_2.txt
33430777,33433492,MAL,27.57,13.87,9.14,20221202_164216_045738_2.txt
33433687,33433992,FEM,10.8,5.29,3.26,20221202_164216_045738_2.txt
33437149,33437971,FEM,13.68,6.78,4.3,20221202_164216_045738_2.txt
33441015,33447352,MAL,64.93,33.71,21.78,20221202_164216_045738_2.txt
33452045,33452231,MAL,12.21,6.11,3.71,20221202_164216_045738_2.txt
33458989,33459964,FEM,14.31,7.08,4.54,20221202_164216_045738_2.txt
33460668,33460978,MAL,11.47,5.66,3.48,20221202_164216_045738_2.txt
33465663,33466697,FEM,12.27,5.86,3.87,20221202_164216_045738_2.txt
33465812,33466347,MAL,9.6,4.57,2.9,20221202_164216_045738_2.txt
33472072,33473535,MAL,13.27,5.83,4.17,20221202_164216_045738_2.txt
33476011,33479992,FEM,37.22,18.19,12.2,20221202_164216_045738_2.txt
33476780,33481988,MAL,47.49,23.51,15.78,20221202_164216_045738_2.txt
33481991,33483258,FEM,12.19,5.5,3.88,20221202_164216_045738_2.txt
33482948,33484992,MAL,19.69,9.66,6.51,20221202_164216_045738_2.txt
33489394,33490634,MAL,15.93,7.85,5.12,20221202_164216_045738_2.txt
33496991,33499991,FEM,29.33,14.87,9.78,20221202_164216_045738_2.txt
33497673,33498853,MAL,13.72,6.57,4.38,20221202_164216_045738_2.txt
33498973,33500156,MAL,17.39,8.79,5.55,20221202_164216_045738_2.txt
33500120,33500972,FEM,14.68,7.38,4.64,20221202_164216_045738_2.txt
33503011,33504990,MAL,21.7,10.79,7.12,20221202_164216_045738_2.txt
33505483,33508011,FEM,23.4,11.4,7.72,20221202_164216_045738_2.txt
33515011,33515978,FEM,15.98,8.02,5.04,20221202_164216_045738_2.txt
33517857,33518902,MAL,15.81,7.84,5.0,20221202_164216_045738_2.txt
33519099,33519990,MAL,14.68,7.2,4.59,20221202_164216_045738_2.txt
33526492,33531246,FEM,44.25,22.32,14.83,20221202_164216_045738_2.txt
33534790,33539814,FEM,41.27,20.3,13.99,20221202_164216_045738_2.txt
33537993,33539505,MAL,16.35,7.87,5.26,20221202_164216_045738_2.txt
33540991,33542491,FEM,15.15,6.87,4.85,20221202_164216_045738_2.txt
33548492,33549010,FEM,11.02,5.22,3.36,20221202_164216_045738_2.txt
33551569,33551777,MAL,8.69,4.08,2.54,20221202_164216_045738_2.txt
33551663,33551992,FEM,8.47,3.99,2.49,20221202_164216_045738_2.txt
33561910,33564006,FEM,25.8,12.58,8.19,20221202_164216_045738_2.txt
33586993,33587656,FEM,12.04,5.63,3.73,20221202_164216_045738_2.txt
33606011,33608993,FEM,29.6,14.18,9.55,20221202_164216_045738_2.txt
33627493,33631170,FEM,33.03,15.93,10.86,20221202_164216_045738_2.txt
33631963,33635011,FEM,23.51,11.39,7.95,20221202_164216_045738_2.txt
33639545,33642512,MAL,27.17,13.47,9.06,20221202_164216_045738_2.txt
33642653,33643541,MAL,13.41,6.69,4.22,20221202_164216_045738_2.txt
33647047,33647187,FEM,11.04,5.43,3.31,20221202_164216_045738_2.txt
33653976,33655010,MAL,14.7,7.4,4.68,20221202_164216_045738_2.txt
33666492,33666688,FEM,11.5,5.71,3.47,20221202_164216_045738_2.txt
33666492,33667489,MAL,15.63,7.67,4.82,20221202_164216_045738_2.txt
33666941,33667611,FEM,12.73,6.14,3.86,20221202_164216_045738_2.txt
33669096,33670827,FEM,18.8,9.38,6.11,20221202_164216_045738_2.txt
33684608,33685511,FEM,8.97,4.11,2.69,20221202_164216_045738_2.txt
33715010,33716448,FEM,13.46,6.28,4.28,20221202_164216_045738_2.txt
33715094,33716010,MAL,9.48,4.19,2.87,20221202_164216_045738_2.txt
33716257,33716488,MAL,10.31,5.04,3.08,20221202_164216_045738_2.txt
33730290,33732992,FEM,22.94,11.34,7.6,20221202_164216_045738_2.txt
33735091,33736100,FEM,11.94,5.62,3.7,20221202_164216_045738_2.txt
33739615,33739747,FEM,9.34,4.51,2.74,20221202_164216_045738_2.txt
33750493,33751489,FEM,12.9,5.93,4.02,20221202_164216_045738_2.txt
33752511,33752735,FEM,4.31,1.61,1.08,20221202_164216_045738_2.txt
33752992,33756011,FEM,25.38,12.49,8.47,20221202_164216_045738_2.txt
33774492,33775894,FEM,16.64,8.0,5.34,20221202_164216_045738_2.txt
33782933,33783510,FEM,11.55,5.43,3.5,20221202_164216_045738_2.txt
33788364,33790993,FEM,26.13,12.83,8.7,20221202_164216_045738_2.txt
33830997,33837487,FEM,61.75,32.11,21.01,20221202_164216_045738_2.txt
33837875,33842011,FEM,35.94,17.86,12.17,20221202_164216_045738_2.txt
33837980,33838272,MAL,11.4,5.59,3.45,20221202_164216_045738_2.txt
33844993,33846277,FEM,15.61,7.51,4.87,20221202_164216_045738_2.txt
33867011,33867462,FEM,8.21,3.81,2.42,20221202_164216_045738_2.txt
33867992,33869075,FEM,15.21,7.42,4.7,20221202_164216_045738_2.txt
33870135,33872003,FEM,17.4,8.58,5.67,20221202_164216_045738_2.txt
33872492,33874380,FEM,17.36,8.68,5.71,20221202_164216_045738_2.txt
33874769,33876011,FEM,12.16,5.93,3.87,20221202_164216_045738_2.txt
33877011,33877171,FEM,7.39,3.43,2.1,20221202_164216_045738_2.txt
33877511,33880012,FEM,21.78,11.08,7.29,20221202_164216_045738_2.txt
33886630,33887136,MAL,10.04,4.86,3.04,20221202_164216_045738_2.txt
33887275,33887542,MAL,10.19,4.95,3.05,20221202_164216_045738_2.txt
33891369,33893011,FEM,19.08,9.62,6.19,20221202_164216_045738_2.txt
33902849,33903276,MAL,8.85,4.2,2.63,20221202_164216_045738_2.txt
33914192,33915512,FEM,12.85,5.98,4.0,20221202_164216_045738_2.txt
33916492,33924104,FEM,64.63,33.67,22.32,20221202_164216_045738_2.txt
33926708,33933193,FEM,56.19,29.45,19.31,20221202_164216_045738_2.txt
33933322,33933444,FEM,7.18,3.31,2.02,20221202_164216_045738_2.txt
33934010,33937289,FEM,26.72,13.58,9.06,20221202_164216_045738_2.txt
33941688,33942511,FEM,9.33,4.37,2.85,20221202_164216_045738_2.txt
33943787,33945491,FEM,13.58,6.33,4.37,20221202_164216_045738_2.txt
33948992,33950492,FEM,13.96,6.91,4.51,20221202_164216_045738_2.txt
33950880,33952250,FEM,11.45,5.34,3.6,20221202_164216_045738_2.txt
33952510,33959491,FEM,55.48,27.93,19.0,20221202_164216_045738_2.txt
33960938,33962511,FEM,14.04,6.58,4.44,20221202_164216_045738_2.txt
33962709,33962913,FEM,6.1,2.69,1.68,20221202_164216_045738_2.txt
33963470,33966492,FEM,27.24,13.93,9.19,20221202_164216_045738_2.txt
33966611,33968111,FEM,16.07,7.88,5.16,20221202_164216_045738_2.txt
33979011,33988233,FEM,83.75,43.9,28.59,20221202_164216_045738_2.txt
33988493,33994131,FEM,47.0,24.24,16.06,20221202_164216_045738_2.txt
33995627,34002512,FEM,73.22,37.93,24.06,20221202_164216_045738_2.txt
34003044,34004045,FEM,9.75,4.44,2.87,20221202_164216_045738_2.txt
34004300,34004882,FEM,7.58,3.47,2.23,20221202_164216_045738_2.txt
34007254,34018132,FEM,104.81,54.55,35.31,20221202_164216_045738_2.txt
34015602,34016010,MAL,5.34,2.25,1.45,20221202_164216_045738_2.txt
34018343,34018834,FEM,5.98,2.48,1.68,20221202_164216_045738_2.txt
34019396,34023556,FEM,38.21,19.21,12.56,20221202_164216_045738_2.txt
34020528,34022170,MAL,15.28,7.27,4.76,20221202_164216_045738_2.txt
34024502,34027735,MAL,33.18,16.34,10.57,20221202_164216_045738_2.txt
34024713,34025010,FEM,5.14,2.09,1.32,20221202_164216_045738_2.txt
34029492,34030535,FEM,11.08,5.15,3.37,20221202_164216_045738_2.txt
34050993,34052314,FEM,14.91,7.34,4.74,20221202_164216_045738_2.txt
34058735,34061025,MAL,14.9,6.6,4.9,20221202_164216_045738_2.txt
34063133,34064993,FEM,17.68,8.28,5.49,20221202_164216_045738_2.txt
34079476,34081012,FEM,13.15,6.18,4.2,20221202_164216_045738_2.txt
34085423,34086012,FEM,7.38,3.26,2.17,20221202_164216_045738_2.txt
34093011,34094668,FEM,16.85,8.24,5.4,20221202_164216_045738_2.txt
34105992,34109011,FEM,23.71,11.71,8.02,20221202_164216_045738_2.txt
34110732,34111193,FEM,8.18,3.73,2.41,20221202_164216_045738_2.txt
34111299,34111572,FEM,7.35,3.38,2.1,20221202_164216_045738_2.txt
34121010,34121174,FEM,7.91,3.71,2.27,20221202_164216_045738_2.txt
34121491,34121785,FEM,8.27,3.89,2.41,20221202_164216_045738_2.txt
34131011,34133993,FEM,27.27,13.77,9.09,20221202_164216_045738_2.txt
34136065,34136262,FEM,6.37,2.83,1.76,20221202_164216_045738_2.txt
34155962,34157012,FEM,9.14,4.19,2.83,20221202_164216_045738_2.txt
34168993,34181511,FEM,114.97,58.9,38.97,20221202_164216_045738_2.txt
34173741,34174305,MAL,11.81,5.81,3.64,20221202_164216_045738_2.txt
34186992,34187913,FEM,13.28,6.46,4.13,20221202_164216_045738_2.txt
34188814,34191252,FEM,24.88,12.45,8.15,20221202_164216_045738_2.txt
34190841,34191820,MAL,12.37,6.05,3.89,20221202_164216_045738_2.txt
34191585,34194012,FEM,25.27,12.71,8.28,20221202_164216_045738_2.txt
34194535,34194986,FEM,10.46,5.08,3.17,20221202_164216_045738_2.txt
34195492,34195720,MAL,11.27,5.55,3.4,20221202_164216_045738_2.txt
34195924,34201965,FEM,57.89,29.66,19.44,20221202_164216_045738_2.txt
34196057,34196778,MAL,11.24,5.4,3.47,20221202_164216_045738_2.txt
34203011,34203544,FEM,9.64,4.62,2.91,20221202_164216_045738_2.txt
34203992,34205070,FEM,13.82,6.62,4.34,20221202_164216_045738_2.txt
34206300,34221992,FEM,131.57,68.99,46.03,20221202_164216_045738_2.txt
34223945,34227993,FEM,39.62,19.83,13.02,20221202_164216_045738_2.txt
34229692,34231493,FEM,18.43,9.05,5.95,20221202_164216_045738_2.txt
34231618,34231772,MAL,11.15,5.51,3.35,20221202_164216_045738_2.txt
34232839,34240991,FEM,83.92,43.21,27.88,20221202_164216_045738_2.txt
34241511,34246170,FEM,46.44,23.76,15.44,20221202_164216_045738_2.txt
34250956,34260701,FEM,95.22,49.45,32.13,20221202_164216_045738_2.txt
34261512,34263056,FEM,18.24,8.99,5.79,20221202_164216_045738_2.txt
34263363,34263493,FEM,9.47,4.54,2.78,20221202_164216_045738_2.txt
34264011,34266512,FEM,22.83,10.95,7.53,20221202_164216_045738_2.txt
34266797,34267987,FEM,15.67,7.45,4.92,20221202_164216_045738_2.txt
34268511,34273494,FEM,37.93,17.78,12.82,20221202_164216_045738_2.txt
34273609,34279178,FEM,47.87,24.39,16.34,20221202_164216_045738_2.txt
34282995,34284046,FEM,14.19,7.04,4.46,20221202_164216_045738_2.txt
34295511,34299011,FEM,32.85,17.0,11.09,20221202_164216_045738_2.txt
34299629,34299857,FEM,9.12,4.3,2.68,20221202_164216_045738_2.txt
34319249,34320871,FEM,16.75,8.19,5.41,20221202_164216_045738_2.txt
34322191,34323011,FEM,11.26,5.44,3.5,20221202_164216_045738_2.txt
34324911,34325729,MAL,11.94,5.77,3.67,20221202_164216_045738_2.txt
34325508,34326553,FEM,14.44,7.06,4.49,20221202_164216_045738_2.txt
34325868,34326011,MAL,9.81,4.78,2.9,20221202_164216_045738_2.txt
34326236,34326398,MAL,10.67,5.25,3.19,20221202_164216_045738_2.txt
34334375,34335214,FEM,11.02,5.3,3.42,20221202_164216_045738_2.txt
34341349,34343011,FEM,20.07,9.99,6.41,20221202_164216_045738_2.txt
34347011,34349512,FEM,24.92,12.7,8.28,20221202_164216_045738_2.txt
34354550,34354850,FEM,8.78,4.2,2.58,20221202_164216_045738_2.txt
34376010,34377768,FEM,19.63,9.91,6.39,20221202_164216_045738_2.txt
34380168,34387529,FEM,67.77,35.89,23.37,20221202_164216_045738_2.txt
34388332,34398492,FEM,107.06,56.2,35.88,20221202_164216_045738_2.txt
34399492,34412992,FEM,157.37,82.15,51.73,20221202_164216_045738_2.txt
34415346,34420785,FEM,56.77,29.38,18.86,20221202_164216_045738_2.txt
34420908,34423713,FEM,32.69,16.71,10.6,20221202_164216_045738_2.txt
34424890,34425715,MAL,13.01,6.41,4.03,20221202_164216_045738_2.txt
34425452,34429345,FEM,42.26,21.69,13.87,20221202_164216_045738_2.txt
34427012,34427716,MAL,11.57,5.6,3.53,20221202_164216_045738_2.txt
34430604,34432523,FEM,23.21,11.8,7.45,20221202_164216_045738_2.txt
34432737,34432992,FEM,9.54,4.6,2.83,20221202_164216_045738_2.txt
34434065,34437607,FEM,35.89,18.31,11.9,20221202_164216_045738_2.txt
34441811,34447012,FEM,57.22,29.69,18.86,20221202_164216_045738_2.txt
34442511,34442990,MAL,10.36,5.05,3.14,20221202_164216_045738_2.txt
34448024,34448176,FEM,10.44,5.13,3.11,20221202_164216_045738_2.txt
34448293,34451290,FEM,30.26,15.71,10.14,20221202_164216_045738_2.txt
34453308,34453917,FEM,10.7,5.19,3.27,20221202_164216_045738_2.txt
34454570,34455270,FEM,9.86,4.75,3.01,20221202_164216_045738_2.txt
34456011,34456158,FEM,8.14,3.85,2.34,20221202_164216_045738_2.txt
34456492,34458492,FEM,20.28,10.26,6.65,20221202_164216_045738_2.txt
34461480,34463492,FEM,21.33,10.79,7.0,20221202_164216_045738_2.txt
34467292,34469320,FEM,19.13,8.96,6.27,20221202_164216_045738_2.txt
34468487,34469511,MAL,15.94,7.65,4.98,20221202_164216_045738_2.txt
34482201,34482333,FEM,11.42,5.67,3.43,20221202_164216_045738_2.txt
34482475,34483540,FEM,15.34,7.63,4.85,20221202_164216_045738_2.txt
34485011,34491197,FEM,62.24,31.98,20.8,20221202_164216_045738_2.txt
34492026,34492174,FEM,12.2,6.03,3.69,20221202_164216_045738_2.txt
34493047,34493992,FEM,14.84,7.36,4.66,20221202_164216_045738_2.txt
34496493,34497993,FEM,17.1,8.39,5.5,20221202_164216_045738_2.txt
34519502,34521512,FEM,21.27,10.75,6.98,20221202_164216_045738_2.txt
34529510,34530511,FEM,14.7,7.25,4.62,20221202_164216_045738_2.txt
34537511,34538297,FEM,12.52,6.13,3.86,20221202_164216_045738_2.txt
34538510,34538991,FEM,10.26,4.97,3.1,20221202_164216_045738_2.txt
34543744,34543857,FEM,9.82,4.78,2.9,20221202_164216_045738_2.txt
34546178,34546980,FEM,11.83,5.57,3.68,20221202_164216_045738_2.txt
34557492,34559490,FEM,18.66,9.16,6.11,20221202_164216_045738_2.txt
34562386,34562492,FEM,10.41,5.11,3.09,20221202_164216_045738_2.txt
34581480,34582493,FEM,13.81,6.86,4.38,20221202_164216_045738_2.txt
34589492,34591492,FEM,22.17,11.39,7.33,20221202_164216_045738_2.txt
34595011,34598511,FEM,35.2,17.28,11.5,20221202_164216_045738_2.txt
34601992,34603011,FEM,14.91,7.32,4.69,20221202_164216_045738_2.txt
34620993,34625011,FEM,39.58,20.74,13.42,20221202_164216_045738_2.txt
34625122,34625492,FEM,10.61,5.19,3.2,20221202_164216_045738_2.txt
34664598,34665617,FEM,15.64,7.86,4.99,20221202_164216_045738_2.txt
34677766,34679337,FEM,17.68,8.86,5.71,20221202_164216_045738_2.txt
34691012,34693010,FEM,23.61,11.7,7.49,20221202_164216_045738_2.txt
34691957,34693356,MAL,19.46,9.51,6.01,20221202_164216_045738_2.txt
34694511,34696495,FEM,21.33,10.58,6.89,20221202_164216_045738_2.txt
34698011,34698838,FEM,14.85,7.32,4.59,20221202_164216_045738_2.txt
34698443,34699012,MAL,12.73,6.31,3.94,20221202_164216_045738_2.txt
34699276,34700960,FEM,19.68,9.86,6.45,20221202_164216_045738_2.txt
34710100,34711995,MAL,21.97,10.76,7.04,20221202_164216_045738_2.txt
34718993,34719906,FEM,11.72,5.46,3.61,20221202_164216_045738_2.txt
34720097,34724344,FEM,38.93,20.18,13.24,20221202_164216_045738_2.txt
34727454,34727867,FEM,8.8,4.13,2.61,20221202_164216_045738_2.txt
34730083,34730304,MAL,9.97,4.86,2.96,20221202_164216_045738_2.txt
34730566,34730740,FEM,10.62,5.21,3.17,20221202_164216_045738_2.txt
34730993,34731373,FEM,12.11,5.99,3.71,20221202_164216_045738_2.txt
34731492,34733510,FEM,22.55,11.42,7.41,20221202_164216_045738_2.txt
34735510,34737992,FEM,24.11,12.21,8.0,20221202_164216_045738_2.txt
34738639,34742554,FEM,39.56,20.59,13.34,20221202_164216_045738_2.txt
34746492,34750480,FEM,38.33,20.03,13.0,20221202_164216_045738_2.txt
34779011,34783444,FEM,39.8,19.92,13.25,20221202_164216_045738_2.txt
34780862,34783201,MAL,21.3,10.42,6.99,20221202_164216_045738_2.txt
34784979,34785980,FEM,14.16,6.86,4.39,20221202_164216_045738_2.txt
34789011,34793512,MAL,39.42,20.12,13.45,20221202_164216_045738_2.txt
34793781,34793973,MAL,12.09,6.04,3.67,20221202_164216_045738_2.txt
34795043,34798992,MAL,40.31,20.56,13.33,20221202_164216_045738_2.txt
34795855,34796054,FEM,8.5,4.04,2.47,20221202_164216_045738_2.txt
34799353,34800106,MAL,14.41,7.01,4.38,20221202_164216_045738_2.txt
34800592,34800746,MAL,10.83,5.34,3.24,20221202_164216_045738_2.txt
34801728,34802423,MAL,12.12,5.91,3.71,20221202_164216_045738_2.txt
34806034,34808012,FEM,22.34,11.14,7.23,20221202_164216_045738_2.txt
34809991,34812635,FEM,25.89,13.06,8.63,20221202_164216_045738_2.txt
34812151,34812603,MAL,9.22,4.36,2.75,20221202_164216_045738_2.txt
34817492,34820373,FEM,28.55,14.03,9.34,20221202_164216_045738_2.txt
34821993,34822496,FEM,10.66,5.07,3.24,20221202_164216_045738_2.txt
34825493,34828492,FEM,31.28,16.12,10.43,20221202_164216_045738_2.txt
34828915,34829511,FEM,11.75,5.72,3.57,20221202_164216_045738_2.txt
34828950,34831989,MAL,30.92,15.36,10.16,20221202_164216_045738_2.txt
34829750,34830271,FEM,12.91,6.44,3.99,20221202_164216_045738_2.txt
34831625,34832011,FEM,12.46,6.2,3.82,20221202_164216_045738_2.txt
34835992,34837187,FEM,17.23,8.52,5.44,20221202_164216_045738_2.txt
34836014,34837026,MAL,15.71,7.71,4.91,20221202_164216_045738_2.txt
34839516,34839690,FEM,12.71,6.39,3.87,20221202_164216_045738_2.txt
34839820,34841011,FEM,19.05,9.5,6.0,20221202_164216_045738_2.txt
34842150,34843517,MAL,19.15,9.5,6.06,20221202_164216_045738_2.txt
34845491,34849011,FEM,37.3,19.05,12.31,20221202_164216_045738_2.txt
34860355,34861011,MAL,12.75,6.3,3.97,20221202_164216_045738_2.txt
34864493,34864695,FEM,13.26,6.67,4.06,20221202_164216_045738_2.txt
34866491,34868292,MAL,19.66,9.83,6.41,20221202_164216_045738_2.txt
34866992,34870011,FEM,32.06,16.15,10.48,20221202_164216_045738_2.txt
34868475,34869557,MAL,16.15,7.88,5.01,20221202_164216_045738_2.txt
34873853,34875301,FEM,19.32,9.59,6.18,20221202_164216_045738_2.txt
34939492,34940511,FEM,13.18,6.24,4.17,20221202_164216_045738_2.txt
35137010,35137493,FEM,13.76,6.87,4.27,20221202_164216_045738_2.txt
35137712,35137877,MAL,10.03,4.9,2.98,20221202_164216_045738_2.txt
35138546,35140011,FEM,18.75,9.45,6.05,20221202_164216_045738_2.txt
35140993,35142632,MAL,21.21,10.75,6.9,20221202_164216_045738_2.txt
35142491,35142751,FEM,13.58,6.81,4.17,20221202_164216_045738_2.txt
35142992,35144219,FEM,17.09,8.48,5.45,20221202_164216_045738_2.txt
35143300,35144046,MAL,14.4,7.07,4.48,20221202_164216_045738_2.txt
35153548,35154512,MAL,14.98,7.48,4.76,20221202_164216_045738_2.txt
35163160,35163322,MAL,10.01,4.89,2.97,20221202_164216_045738_2.txt
35163470,35164064,MAL,14.06,7.02,4.39,20221202_164216_045738_2.txt
35178700,35180740,MAL,19.47,9.49,6.38,20221202_164216_045738_2.txt
35191746,35192011,FEM,12.17,6.06,3.7,20221202_164216_045738_2.txt
35206635,35206770,FEM,12.56,6.3,3.81,20221202_164216_045738_2.txt
35206925,35207511,FEM,12.78,6.36,3.96,20221202_164216_045738_2.txt
35211579,35212492,FEM,12.86,6.35,4.05,20221202_164216_045738_2.txt
35223258,35224208,FEM,15.65,7.67,4.87,20221202_164216_045738_2.txt
35224511,35227525,MAL,33.4,17.13,10.98,20221202_164216_045738_2.txt
35225175,35225421,FEM,9.92,4.82,2.95,20221202_164216_045738_2.txt
35232828,35232992,FEM,10.27,5.02,3.05,20221202_164216_045738_2.txt
35237270,35237518,FEM,8.38,3.9,2.44,20221202_164216_045738_2.txt
35237356,35238055,MAL,9.47,4.25,2.83,20221202_164216_045738_2.txt
35237653,35238007,FEM,8.38,3.83,2.46,20221202_164216_045738_2.txt
35249696,35249814,MAL,10.03,4.89,2.97,20221202_164216_045738_2.txt
35251011,35252012,FEM,11.16,5.2,3.44,20221202_164216_045738_2.txt
35252979,35253511,FEM,6.73,3.01,1.94,20221202_164216_045738_2.txt
35255581,35257012,FEM,9.81,4.04,3.06,20221202_164216_045738_2.txt
35259052,35261011,FEM,15.79,7.15,4.93,20221202_164216_045738_2.txt
35264492,35266571,FEM,15.75,7.22,5.15,20221202_164216_045738_2.txt
35266833,35267992,FEM,13.04,6.24,4.09,20221202_164216_045738_2.txt
35269390,35271493,FEM,19.19,9.14,6.15,20221202_164216_045738_2.txt
35280011,35281511,FEM,14.65,6.89,4.64,20221202_164216_045738_2.txt
35281492,35284408,MAL,32.89,16.74,10.74,20221202_164216_045738_2.txt
35287259,35291052,MAL,37.96,19.74,12.84,20221202_164216_045738_2.txt
35291793,35291990,MAL,13.91,7.03,4.27,20221202_164216_045738_2.txt
35292233,35292601,MAL,10.49,5.01,3.16,20221202_164216_045738_2.txt
35295279,35295743,MAL,11.1,5.45,3.38,20221202_164216_045738_2.txt
35297702,35297913,MAL,9.81,4.77,2.91,20221202_164216_045738_2.txt
35300492,35305288,FEM,45.01,22.82,15.04,20221202_164216_045738_2.txt
35304512,35304677,MAL,6.44,2.89,1.78,20221202_164216_045738_2.txt
35304974,35305092,MAL,10.94,5.39,3.27,20221202_164216_045738_2.txt
35305511,35307116,FEM,14.25,6.5,4.52,20221202_164216_045738_2.txt
35308335,35311492,FEM,34.44,17.31,11.25,20221202_164216_045738_2.txt
35311493,35312185,MAL,12.46,6.18,3.87,20221202_164216_045738_2.txt
35322510,35323825,FEM,18.13,9.09,5.76,20221202_164216_045738_2.txt
35331046,35331206,MAL,9.24,4.46,2.71,20221202_164216_045738_2.txt
35333361,35334709,FEM,13.54,6.38,4.24,20221202_164216_045738_2.txt
35336993,35338493,FEM,15.81,7.68,5.02,20221202_164216_045738_2.txt
35337011,35339738,MAL,28.64,14.22,9.24,20221202_164216_045738_2.txt
35341037,35342011,MAL,16.43,8.32,5.24,20221202_164216_045738_2.txt
35348010,35349368,FEM,14.64,7.11,4.71,20221202_164216_045738_2.txt
35350552,35352363,FEM,20.52,10.3,6.64,20221202_164216_045738_2.txt
35369492,35370105,FEM,15.63,7.74,4.92,20221202_164216_045738_2.txt
35377312,35378379,MAL,12.72,6.18,3.97,20221202_164216_045738_2.txt
35377531,35377646,FEM,6.48,2.92,1.78,20221202_164216_045738_2.txt
35401492,35402734,FEM,11.17,5.27,3.54,20221202_164216_045738_2.txt
35414405,35418511,FEM,35.2,17.32,11.71,20221202_164216_045738_2.txt
35415993,35416233,MAL,8.58,4.06,2.51,20221202_164216_045738_2.txt
35429520,35430330,FEM,10.84,4.94,3.2,20221202_164216_045738_2.txt
35432208,35432395,FEM,10.4,5.08,3.1,20221202_164216_045738_2.txt
35440153,35443511,FEM,28.85,14.15,9.68,20221202_164216_045738_2.txt
35440401,35441511,MAL,13.28,6.43,4.22,20221202_164216_045738_2.txt
35451378,35455992,FEM,43.13,21.35,14.12,20221202_164216_045738_2.txt
35458447,35462821,FEM,42.28,21.24,13.8,20221202_164216_045738_2.txt
35464117,35464492,FEM,6.62,2.9,1.88,20221202_164216_045738_2.txt
35470492,35471309,FEM,7.59,3.33,2.27,20221202_164216_045738_2.txt
35474492,35474959,FEM,9.14,4.34,2.73,20221202_164216_045738_2.txt
35509511,35509992,FEM,10.27,4.94,3.11,20221202_164216_045738_2.txt
35523993,35525011,FEM,11.67,5.5,3.67,20221202_164216_045738_2.txt
35532137,35532515,FEM,8.65,3.95,2.55,20221202_164216_045738_2.txt
35535512,35539992,FEM,41.1,20.35,13.58,20221202_164216_045738_2.txt
35547353,35551246,FEM,37.45,17.93,12.0,20221202_164216_045738_2.txt
35549683,35553011,MAL,28.23,13.16,9.15,20221202_164216_045738_2.txt
35551511,35552299,FEM,10.35,4.79,3.14,20221202_164216_045738_2.txt
35555370,35558492,FEM,21.95,9.56,7.13,20221202_164216_045738_2.txt
35563011,35563116,FEM,10.31,5.05,3.06,20221202_164216_045738_2.txt
35565011,35567699,FEM,23.08,11.04,7.59,20221202_164216_045738_2.txt
35569010,35570492,FEM,18.36,9.04,5.82,20221202_164216_045738_2.txt
35572277,35577993,FEM,47.26,23.57,16.0,20221202_164216_045738_2.txt
35575268,35575403,MAL,10.29,5.03,3.06,20221202_164216_045738_2.txt
35578511,35579135,FEM,7.12,3.19,2.09,20221202_164216_045738_2.txt
35579491,35580822,FEM,13.67,6.61,4.33,20221202_164216_045738_2.txt
35596584,35596756,FEM,10.59,5.2,3.16,20221202_164216_045738_2.txt
35597026,35597198,FEM,8.61,4.1,2.5,20221202_164216_045738_2.txt
35601672,35602511,FEM,11.67,5.71,3.64,20221202_164216_045738_2.txt
35604031,35604880,FEM,8.86,4.09,2.7,20221202_164216_045738_2.txt
35613184,35614338,FEM,16.11,7.92,5.06,20221202_164216_045738_2.txt
35620401,35620732,MAL,10.71,5.23,3.23,20221202_164216_045738_2.txt
35621392,35621512,FEM,9.24,4.43,2.7,20221202_164216_045738_2.txt
35621583,35622455,MAL,15.59,7.72,4.89,20221202_164216_045738_2.txt
35648002,35650891,FEM,25.76,12.7,8.46,20221202_164216_045738_2.txt
35723492,35725232,MAL,14.45,6.58,4.66,20221202_164216_045738_2.txt
35738493,35740513,MAL,13.78,5.83,4.48,20221202_164216_045738_2.txt
35765992,35768240,MAL,19.87,9.68,6.45,20221202_164216_045738_2.txt
35830628,35830932,MAL,6.97,3.05,1.98,20221202_164216_045738_2.txt
35831511,35833492,MAL,14.38,6.15,4.68,20221202_164216_045738_2.txt
35834992,35837100,MAL,15.74,7.39,5.21,20221202_164216_045738_2.txt
35910570,35912117,MAL,13.83,6.45,4.47,20221202_164216_045738_2.txt
35914992,35916031,MAL,10.76,5.0,3.37,20221202_164216_045738_2.txt
35925908,35926332,MAL,6.95,3.07,1.99,20221202_164216_045738_2.txt
35928350,35928824,MAL,6.82,2.98,1.96,20221202_164216_045738_2.txt
35933431,35935162,MAL,14.81,6.92,4.78,20221202_164216_045738_2.txt
35935302,35935435,MAL,13.73,6.91,4.2,20221202_164216_045738_2.txt
35940436,35940946,MAL,7.83,3.53,2.3,20221202_164216_045738_2.txt
35946261,35946722,MAL,6.71,2.97,1.92,20221202_164216_045738_2.txt
35947992,35950117,MAL,15.84,7.34,5.19,20221202_164216_045738_2.txt
35950377,35951123,MAL,7.84,3.4,2.35,20221202_164216_045738_2.txt
35951263,35952491,MAL,11.6,5.31,3.68,20221202_164216_045738_2.txt
35967363,35968107,FEM,7.79,3.35,2.28,20221202_164216_045738_2.txt
35969932,35970334,FEM,4.67,1.87,1.23,20221202_164216_045738_2.txt
36312992,36314492,FEM,17.39,8.43,5.55,20221202_164216_045738_2.txt
36327385,36334992,FEM,65.19,31.81,21.76,20221202_164216_045738_2.txt
36335026,36335990,MAL,13.21,6.47,4.12,20221202_164216_045738_2.txt
36335102,36335413,FEM,9.0,4.31,2.66,20221202_164216_045738_2.txt
36351013,36352074,MAL,15.0,7.11,4.63,20221202_164216_045738_2.txt
36351492,36352898,FEM,18.73,9.03,5.82,20221202_164216_045738_2.txt
36354393,36359452,FEM,45.43,22.26,15.07,20221202_164216_045738_2.txt
36418250,36418960,FEM,12.5,5.98,3.84,20221202_164216_045738_2.txt
36420685,36421092,FEM,13.07,6.49,4.03,20221202_164216_045738_2.txt
36425492,36427011,FEM,20.35,9.93,6.38,20221202_164216_045738_2.txt
36431011,36434052,FEM,31.59,15.29,10.12,20221202_164216_045738_2.txt
36432570,36433468,MAL,13.77,6.65,4.29,20221202_164216_045738_2.txt
36467854,36470011,FEM,17.05,8.35,5.65,20221202_164216_045738_2.txt
36472135,36473483,FEM,14.72,7.24,4.74,20221202_164216_045738_2.txt
36476511,36477787,FEM,14.7,7.1,4.67,20221202_164216_045738_2.txt
36480578,36481683,FEM,10.12,4.49,3.17,20221202_164216_045738_2.txt
36494012,36495021,FEM,14.74,7.25,4.69,20221202_164216_045738_2.txt
36510180,36510804,FEM,12.04,5.83,3.72,20221202_164216_045738_2.txt
36516452,36518119,FEM,19.81,9.99,6.44,20221202_164216_045738_2.txt
36519010,36519663,FEM,12.64,6.12,3.87,20221202_164216_045738_2.txt
36522851,36522993,FEM,8.84,4.22,2.58,20221202_164216_045738_2.txt
36523184,36523471,FEM,7.07,3.2,2.01,20221202_164216_045738_2.txt
36524991,36525236,FEM,10.93,5.37,3.29,20221202_164216_045738_2.txt
36536898,36537992,FEM,13.4,6.2,4.2,20221202_164216_045738_2.txt
36579926,36581070,MAL,13.39,6.4,4.21,20221202_164216_045738_2.txt
36580312,36581011,FEM,10.52,5.06,3.23,20221202_164216_045738_2.txt
36583206,36583429,MAL,10.5,5.13,3.14,20221202_164216_045738_2.txt
36604121,36606492,FEM,22.68,10.97,7.46,20221202_164216_045738_2.txt
36608011,36609493,FEM,18.69,9.23,6.03,20221202_164216_045738_2.txt
36610508,36612513,MAL,23.15,11.49,7.45,20221202_164216_045738_2.txt
36611718,36612511,FEM,12.24,5.91,3.77,20221202_164216_045738_2.txt
36625925,36629394,FEM,26.22,12.4,8.87,20221202_164216_045738_2.txt
36630493,36632013,FEM,18.33,8.84,5.86,20221202_164216_045738_2.txt
36648222,36649511,FEM,16.26,7.82,5.19,20221202_164216_045738_2.txt
36655455,36657492,FEM,21.35,10.43,7.01,20221202_164216_045738_2.txt
36663452,36667510,FEM,39.04,18.92,12.72,20221202_164216_045738_2.txt
36670840,36672539,FEM,20.2,9.88,6.47,20221202_164216_045738_2.txt
36707440,36710506,FEM,30.89,15.02,9.94,20221202_164216_045738_2.txt
36709492,36709941,MAL,9.65,4.54,2.9,20221202_164216_045738_2.txt
36711011,36714388,FEM,33.03,16.01,10.76,20221202_164216_045738_2.txt
36713461,36714511,MAL,16.71,8.2,5.19,20221202_164216_045738_2.txt
36718669,36719513,FEM,13.46,6.57,4.23,20221202_164216_045738_2.txt
36723491,36726621,FEM,28.39,14.35,9.54,20221202_164216_045738_2.txt
36724413,36725474,MAL,12.95,6.43,4.1,20221202_164216_045738_2.txt
36727989,36730568,FEM,25.09,12.57,8.3,20221202_164216_045738_2.txt
36733799,36734992,FEM,16.2,7.87,5.15,20221202_164216_045738_2.txt
36741003,36741511,FEM,10.25,4.93,3.11,20221202_164216_045738_2.txt
36747493,36748490,MAL,16.2,8.18,5.17,20221202_164216_045738_2.txt
36748011,36749137,FEM,17.84,9.11,5.74,20221202_164216_045738_2.txt
36840651,36841675,FEM,12.32,5.75,3.88,20221202_164216_045738_2.txt
36845049,36845829,FEM,15.01,7.44,4.68,20221202_164216_045738_2.txt
36846993,36848591,FEM,16.28,7.8,5.3,20221202_164216_045738_2.txt
36855010,36859208,FEM,32.23,15.52,10.95,20221202_164216_045738_2.txt
36896372,36897271,FEM,17.06,8.49,5.34,20221202_164216_045738_2.txt
36907491,36909535,FEM,19.16,8.59,6.07,20221202_164216_045738_2.txt
36984492,36986510,FEM,18.49,8.84,6.0,20221202_164216_045738_2.txt
37038013,37038641,FEM,9.73,4.58,2.95,20221202_164216_045738_2.txt
37121993,37123495,FEM,15.84,7.64,5.03,20221202_164216_045738_2.txt
37258772,37259511,FEM,10.42,4.96,3.2,20221202_164216_045738_2.txt
37261159,37261264,MAL,10.06,4.89,2.98,20221202_164216_045738_2.txt
37261335,37264384,FEM,25.98,12.62,8.72,20221202_164216_045738_2.txt
37271278,37274493,FEM,33.13,16.16,10.66,20221202_164216_045738_2.txt
37271678,37271886,MAL,10.77,5.28,3.23,20221202_164216_045738_2.txt
37271991,37272487,MAL,8.54,3.93,2.54,20221202_164216_045738_2.txt
37275638,37282511,FEM,64.62,31.74,21.24,20221202_164216_045738_2.txt
37278993,37281011,MAL,20.38,9.61,6.47,20221202_164216_045738_2.txt
37284847,37284982,MAL,9.48,4.54,2.79,20221202_164216_045738_2.txt
37285345,37285612,FEM,6.03,2.61,1.66,20221202_164216_045738_2.txt
37287007,37289128,FEM,16.89,7.93,5.54,20221202_164216_045738_2.txt
37288510,37288988,MAL,10.85,5.23,3.3,20221202_164216_045738_2.txt
37293640,37297812,FEM,25.46,11.38,8.68,20221202_164216_045738_2.txt
37298440,37300511,FEM,14.23,6.12,4.7,20221202_164216_045738_2.txt
37299638,37302993,MAL,26.6,12.61,8.88,20221202_164216_045738_2.txt
37302479,37303510,FEM,12.39,5.82,3.86,20221202_164216_045738_2.txt
37304493,37306012,MAL,13.37,5.83,4.26,20221202_164216_045738_2.txt
37307107,37308511,FEM,13.91,6.47,4.42,20221202_164216_045738_2.txt
37309012,37310369,FEM,12.1,5.38,3.76,20221202_164216_045738_2.txt
37309808,37309911,MAL,7.96,3.74,2.28,20221202_164216_045738_2.txt
37315492,37318011,FEM,23.42,11.12,7.57,20221202_164216_045738_2.txt
37315991,37316511,MAL,10.07,4.69,3.0,20221202_164216_045738_2.txt
37322662,37326489,MAL,24.04,10.52,8.1,20221202_164216_045738_2.txt
37322864,37323033,FEM,10.06,4.89,2.99,20221202_164216_045738_2.txt
37330492,37332510,FEM,20.64,10.16,6.72,20221202_164216_045738_2.txt
37333236,37333722,MAL,9.3,4.39,2.79,20221202_164216_045738_2.txt
37334010,37335563,FEM,17.23,8.33,5.5,20221202_164216_045738_2.txt
37347571,37347988,MAL,10.2,4.84,3.08,20221202_164216_045738_2.txt
37347991,37350510,FEM,25.03,12.42,8.21,20221202_164216_045738_2.txt
37349993,37351512,MAL,18.05,8.94,5.83,20221202_164216_045738_2.txt
37352244,37357583,FEM,49.89,25.19,16.7,20221202_164216_045738_2.txt
37356020,37356641,MAL,11.34,5.27,3.38,20221202_164216_045738_2.txt
37356992,37358744,MAL,20.91,10.38,6.76,20221202_164216_045738_2.txt
37357738,37359510,FEM,17.79,8.61,5.78,20221202_164216_045738_2.txt
37359657,37360511,FEM,12.45,5.95,3.85,20221202_164216_045738_2.txt
37362246,37363449,FEM,15.47,7.44,4.86,20221202_164216_045738_2.txt
37365432,37370176,FEM,43.97,21.64,14.42,20221202_164216_045738_2.txt
37366950,37367394,MAL,9.75,4.61,2.88,20221202_164216_045738_2.txt
37390012,37390220,FEM,11.11,5.44,3.34,20221202_164216_045738_2.txt
37422511,37423485,FEM,15.07,7.33,4.69,20221202_164216_045738_2.txt
37476986,37477713,MAL,12.31,6.04,3.83,20221202_164216_045738_2.txt
37477029,37477949,FEM,13.69,6.75,4.32,20221202_164216_045738_2.txt
37515493,37516689,FEM,14.8,7.18,4.69,20221202_164216_045738_2.txt
37517970,37518491,FEM,9.68,4.59,2.92,20221202_164216_045738_2.txt
37520049,37521510,FEM,16.73,8.02,5.32,20221202_164216_045738_2.txt
37534256,37534631,FEM,4.19,1.56,1.07,20221202_164216_045738_2.txt
37632153,37634510,FEM,26.22,12.99,8.37,20221202_164216_045738_2.txt
37637431,37637996,FEM,8.93,4.22,2.68,20221202_164216_045738_2.txt
37642492,37649421,FEM,67.8,33.92,22.31,20221202_164216_045738_2.txt
37646492,37648044,MAL,19.6,9.5,6.08,20221202_164216_045738_2.txt
37651279,37654900,FEM,39.08,19.72,12.71,20221202_164216_045738_2.txt
37715693,37715911,MAL,11.77,5.84,3.57,20221202_164216_045738_2.txt
37769011,37776492,FEM,58.19,29.34,20.2,20221202_164216_045738_2.txt
37815093,37818492,FEM,21.91,9.86,7.43,20221202_164216_045738_2.txt
37908775,37909460,FEM,13.1,6.35,3.98,20221202_164216_045738_2.txt
37948993,37949707,FEM,11.77,5.68,3.6,20221202_164216_045738_2.txt
38011557,38011743,MAL,10.72,5.25,3.21,20221202_164216_045738_2.txt
38015492,38016172,FEM,5.79,2.34,1.65,20221202_164216_045738_2.txt
38035175,38035511,MAL,6.34,2.82,1.78,20221202_164216_045738_2.txt
38047526,38048493,FEM,11.44,5.5,3.58,20221202_164216_045738_2.txt
38048986,38049453,MAL,4.89,1.93,1.31,20221202_164216_045738_2.txt
38052224,38052491,MAL,10.08,4.9,3.01,20221202_164216_045738_2.txt
38053186,38053336,MAL,11.95,5.95,3.61,20221202_164216_045738_2.txt
38058307,38060909,FEM,22.99,10.76,7.44,20221202_164216_045738_2.txt
38081301,38083010,MAL,15.49,7.16,5.0,20221202_164216_045738_2.txt
38086991,38088992,MAL,17.37,8.06,5.68,20221202_164216_045738_2.txt
38095046,38095247,MAL,9.74,4.72,2.89,20221202_164216_045738_2.txt
38101281,38102383,MAL,14.41,6.99,4.54,20221202_164216_045738_2.txt
38106985,38110831,MAL,32.98,16.56,11.19,20221202_164216_045738_2.txt
38123845,38124407,MAL,8.66,4.07,2.59,20221202_164216_045738_2.txt
38130666,38130823,MAL,10.37,5.05,3.09,20221202_164216_045738_2.txt
38130991,38132954,MAL,20.04,10.01,6.56,20221202_164216_045738_2.txt
38140011,38143089,MAL,30.0,15.38,10.07,20221202_164216_045738_2.txt
38148509,38148755,MAL,7.8,3.63,2.25,20221202_164216_045738_2.txt
38148511,38153595,FEM,48.84,25.26,16.47,20221202_164216_045738_2.txt
38148872,38149512,MAL,11.24,5.41,3.41,20221202_164216_045738_2.txt
38181016,38181203,FEM,9.33,4.48,2.75,20221202_164216_045738_2.txt
38183125,38183351,FEM,9.08,4.34,2.67,20221202_164216_045738_2.txt
38183493,38183976,FEM,10.35,4.97,3.14,20221202_164216_045738_2.txt
38184703,38185182,FEM,9.65,4.59,2.9,20221202_164216_045738_2.txt
38191993,38194011,FEM,19.67,9.43,6.34,20221202_164216_045738_2.txt
38196409,38196993,FEM,8.35,3.74,2.49,20221202_164216_045738_2.txt
38200511,38202803,FEM,23.67,11.83,7.77,20221202_164216_045738_2.txt
38219492,38221012,FEM,18.6,9.21,5.9,20221202_164216_045738_2.txt
38226635,38227546,MAL,11.64,5.41,3.59,20221202_164216_045738_2.txt
38228468,38230010,MAL,12.69,5.54,4.04,20221202_164216_045738_2.txt
38242910,38244078,MAL,15.79,7.64,4.96,20221202_164216_045738_2.txt
38254511,38259989,MAL,47.98,23.54,15.93,20221202_164216_045738_2.txt
38259010,38259759,FEM,8.34,3.68,2.46,20221202_164216_045738_2.txt
38290291,38290698,MAL,8.2,3.8,2.41,20221202_164216_045738_2.txt
38294952,38296926,FEM,19.88,9.7,6.46,20221202_164216_045738_2.txt
38298864,38299510,MAL,10.86,5.14,3.33,20221202_164216_045738_2.txt
38300000,38302012,FEM,18.55,8.78,6.02,20221202_164216_045738_2.txt
38304993,38306993,FEM,18.26,8.67,5.92,20221202_164216_045738_2.txt
38306476,38308582,MAL,21.37,10.15,6.82,20221202_164216_045738_2.txt
38315906,38317349,FEM,12.32,5.51,3.9,20221202_164216_045738_2.txt
38319110,38320011,FEM,9.0,4.11,2.76,20221202_164216_045738_2.txt
38324117,38326010,FEM,17.38,8.29,5.66,20221202_164216_045738_2.txt
38327329,38327991,MAL,8.02,3.66,2.39,20221202_164216_045738_2.txt
38329241,38330461,FEM,12.74,6.19,4.06,20221202_164216_045738_2.txt
38335012,38336318,MAL,16.2,7.99,5.17,20221202_164216_045738_2.txt
38335511,38335665,FEM,11.24,5.55,3.38,20221202_164216_045738_2.txt
38336122,38336510,FEM,11.54,5.69,3.52,20221202_164216_045738_2.txt
38336468,38342487,MAL,53.95,28.18,18.6,20221202_164216_045738_2.txt
38345010,38346535,MAL,18.12,8.76,5.79,20221202_164216_045738_2.txt
38346698,38353990,MAL,66.55,34.95,22.96,20221202_164216_045738_2.txt
38353993,38354595,FEM,10.73,5.13,3.23,20221202_164216_045738_2.txt
38354254,38354429,MAL,8.44,4.0,2.45,20221202_164216_045738_2.txt
38358011,38360897,MAL,25.99,13.17,8.7,20221202_164216_045738_2.txt
38367010,38369988,MAL,28.18,14.32,9.44,20221202_164216_045738_2.txt
38373991,38374511,MAL,7.12,3.14,2.01,20221202_164216_045738_2.txt
38374052,38377010,FEM,28.81,14.76,9.6,20221202_164216_045738_2.txt
38383991,38384533,FEM,11.83,5.83,3.64,20221202_164216_045738_2.txt
38384687,38385511,FEM,13.56,6.64,4.21,20221202_164216_045738_2.txt
38385839,38386414,FEM,11.46,5.54,3.47,20221202_164216_045738_2.txt
38386258,38388011,MAL,19.4,9.62,6.26,20221202_164216_045738_2.txt
38397311,38401491,MAL,39.83,20.65,13.53,20221202_164216_045738_2.txt
38403151,38404012,FEM,12.19,5.91,3.81,20221202_164216_045738_2.txt
38403376,38403578,MAL,8.46,4.01,2.46,20221202_164216_045738_2.txt
38415683,38415799,FEM,8.78,4.19,2.55,20221202_164216_045738_2.txt
38416633,38417646,MAL,15.03,7.45,4.73,20221202_164216_045738_2.txt
38417951,38418054,MAL,13.12,6.6,3.99,20221202_164216_045738_2.txt
38430479,38433992,FEM,31.64,15.98,10.64,20221202_164216_045738_2.txt
38480955,38481908,FEM,15.13,7.49,4.7,20221202_164216_045738_2.txt
38481024,38481188,MAL,9.74,4.74,2.88,20221202_164216_045738_2.txt
38483618,38484511,FEM,12.85,6.31,4.04,20221202_164216_045738_2.txt
38484156,38484465,MAL,9.7,4.68,2.89,20221202_164216_045738_2.txt
38484894,38485203,FEM,10.02,4.85,3.0,20221202_164216_045738_2.txt
38494992,38497344,FEM,28.1,14.19,9.05,20221202_164216_045738_2.txt
38496511,38498236,MAL,21.96,11.1,7.06,20221202_164216_045738_2.txt
38497510,38497620,FEM,10.0,4.88,2.96,20221202_164216_045738_2.txt
38502694,38505492,FEM,32.92,16.65,10.57,20221202_164216_045738_2.txt
38502992,38504183,MAL,16.49,8.07,5.09,20221202_164216_045738_2.txt
38504292,38508011,MAL,36.37,18.77,12.25,20221202_164216_045738_2.txt
38508510,38510533,FEM,21.37,10.71,6.96,20221202_164216_045738_2.txt
38513315,38513511,FEM,10.17,4.95,3.03,20221202_164216_045738_2.txt
38518590,38518987,MAL,9.35,4.47,2.79,20221202_164216_045738_2.txt
38519992,38520510,FEM,10.97,5.3,3.35,20221202_164216_045738_2.txt
38520510,38524487,MAL,37.54,19.25,12.68,20221202_164216_045738_2.txt
38527512,38528550,FEM,14.65,7.22,4.61,20221202_164216_045738_2.txt
38527814,38528511,MAL,12.22,5.93,3.74,20221202_164216_045738_2.txt
38529818,38529994,FEM,10.66,5.23,3.19,20221202_164216_045738_2.txt
38532247,38532780,MAL,12.04,5.88,3.66,20221202_164216_045738_2.txt
38532969,38534867,FEM,22.09,11.21,7.18,20221202_164216_045738_2.txt
38535991,38536992,FEM,13.36,6.64,4.23,20221202_164216_045738_2.txt
38536660,38536891,MAL,11.3,5.59,3.41,20221202_164216_045738_2.txt
38536992,38540586,MAL,34.45,17.79,11.64,20221202_164216_045738_2.txt
38548011,38550991,MAL,29.43,15.21,9.91,20221202_164216_045738_2.txt
38555161,38556511,MAL,16.32,8.05,5.22,20221202_164216_045738_2.txt
38564016,38564207,MAL,8.69,4.11,2.53,20221202_164216_045738_2.txt
38564492,38567786,MAL,33.77,17.39,11.31,20221202_164216_045738_2.txt
38567492,38571203,FEM,38.24,19.53,12.66,20221202_164216_045738_2.txt
38573493,38574890,MAL,15.98,7.85,5.11,20221202_164216_045738_2.txt
38574586,38575553,FEM,13.96,6.79,4.32,20221202_164216_045738_2.txt
38579547,38579653,MAL,12.87,6.47,3.91,20221202_164216_045738_2.txt
38589492,38590231,FEM,12.62,6.2,3.94,20221202_164216_045738_2.txt
38596232,38598097,FEM,24.45,12.27,7.75,20221202_164216_045738_2.txt
38596530,38597026,MAL,12.38,6.09,3.76,20221202_164216_045738_2.txt
38599011,38603993,FEM,46.19,24.09,15.78,20221202_164216_045738_2.txt
38601355,38601475,MAL,11.41,5.67,3.43,20221202_164216_045738_2.txt
38608748,38611011,FEM,20.92,10.42,6.91,20221202_164216_045738_2.txt
38615010,38617324,MAL,25.2,12.92,8.34,20221202_164216_045738_2.txt
38616674,38622012,FEM,45.74,23.4,15.69,20221202_164216_045738_2.txt
38621492,38622289,MAL,13.12,6.33,4.06,20221202_164216_045738_2.txt
38624850,38625992,FEM,15.12,7.57,4.84,20221202_164216_045738_2.txt
38626413,38629260,FEM,30.28,15.5,10.02,20221202_164216_045738_2.txt
38631639,38634059,MAL,28.75,14.33,9.17,20221202_164216_045738_2.txt
38631696,38635491,FEM,43.72,21.98,14.08,20221202_164216_045738_2.txt
38634233,38637011,MAL,28.12,14.3,9.39,20221202_164216_045738_2.txt
38636841,38639511,FEM,29.44,14.73,9.5,20221202_164216_045738_2.txt
38639045,38641991,MAL,33.88,17.23,11.02,20221202_164216_045738_2.txt
38649012,38649528,FEM,11.6,5.67,3.56,20221202_164216_045738_2.txt
38652343,38655011,FEM,27.2,13.84,9.01,20221202_164216_045738_2.txt
38656280,38659228,MAL,26.23,13.1,8.84,20221202_164216_045738_2.txt
38660519,38664010,MAL,34.44,17.59,11.51,20221202_164216_045738_2.txt
38663492,38665267,FEM,20.84,10.51,6.79,20221202_164216_045738_2.txt
38670617,38671493,FEM,15.21,7.51,4.77,20221202_164216_045738_2.txt
38675492,38675991,FEM,11.3,5.47,3.46,20221202_164216_045738_2.txt
38680511,38683019,MAL,25.97,12.75,8.42,20221202_164216_045738_2.txt
38682492,38683596,FEM,15.28,7.5,4.78,20221202_164216_045738_2.txt
38686012,38689429,MAL,32.38,16.52,10.92,20221202_164216_045738_2.txt
38688589,38689024,FEM,10.6,5.15,3.21,20221202_164216_045738_2.txt
38701366,38702564,MAL,14.41,6.93,4.56,20221202_164216_045738_2.txt
38702510,38704609,FEM,21.84,10.66,7.13,20221202_164216_045738_2.txt
38702975,38703512,MAL,11.06,5.34,3.38,20221202_164216_045738_2.txt
38708570,38709991,FEM,13.91,6.61,4.38,20221202_164216_045738_2.txt
38719492,38720991,MAL,18.07,8.92,5.88,20221202_164216_045738_2.txt
38724082,38724284,FEM,9.21,4.43,2.71,20221202_164216_045738_2.txt
38729912,38731993,FEM,24.09,11.96,7.67,20221202_164216_045738_2.txt
38731632,38731922,MAL,9.24,4.43,2.73,20221202_164216_045738_2.txt
38733483,38736510,FEM,23.82,11.76,8.05,20221202_164216_045738_2.txt
38734978,38735219,MAL,9.52,4.58,2.82,20221202_164216_045738_2.txt
38735329,38735668,MAL,9.4,4.49,2.8,20221202_164216_045738_2.txt
38741011,38742086,FEM,15.66,7.58,4.9,20221202_164216_045738_2.txt
38770512,38772583,FEM,20.61,10.14,6.77,20221202_164216_045738_2.txt
38784933,38785510,FEM,12.24,6.01,3.78,20221202_164216_045738_2.txt
38800492,38802512,FEM,19.66,9.54,6.39,20221202_164216_045738_2.txt
38803992,38804883,FEM,13.9,6.67,4.28,20221202_164216_045738_2.txt
38806744,38808114,FEM,16.38,8.03,5.19,20221202_164216_045738_2.txt
38810492,38812315,FEM,17.85,8.67,5.76,20221202_164216_045738_2.txt
38812454,38814520,FEM,19.3,9.36,6.28,20221202_164216_045738_2.txt
38814679,38814993,FEM,6.01,2.6,1.66,20221202_164216_045738_2.txt
38822728,38823204,FEM,10.82,5.18,3.29,20221202_164216_045738_2.txt
38827991,38831489,MAL,27.76,13.48,9.39,20221202_164216_045738_2.txt
38840492,38840845,FEM,11.52,5.69,3.51,20221202_164216_045738_2.txt
38840902,38842510,MAL,19.31,9.58,6.21,20221202_164216_045738_2.txt
38847757,38847900,MAL,11.6,5.76,3.5,20221202_164216_045738_2.txt
38850708,38850887,MAL,10.0,4.87,2.97,20221202_164216_045738_2.txt
38851113,38852493,MAL,17.26,8.58,5.54,20221202_164216_045738_2.txt
38853309,38854019,FEM,11.34,5.47,3.45,20221202_164216_045738_2.txt
38857963,38862146,FEM,45.76,23.08,14.82,20221202_164216_045738_2.txt
38861819,38865007,MAL,31.44,15.95,10.46,20221202_164216_045738_2.txt
38864492,38866993,FEM,22.32,11.01,7.41,20221202_164216_045738_2.txt
38867992,38871656,FEM,34.87,17.22,11.42,20221202_164216_045738_2.txt
38868211,38869023,MAL,10.31,4.83,3.13,20221202_164216_045738_2.txt
38872803,38877567,FEM,47.26,23.91,15.63,20221202_164216_045738_2.txt
38876011,38877893,MAL,19.54,9.54,6.33,20221202_164216_045738_2.txt
38877973,38878491,FEM,10.4,4.94,3.16,20221202_164216_045738_2.txt
38878009,38880966,MAL,25.31,12.36,8.43,20221202_164216_045738_2.txt
38879308,38879492,FEM,9.65,4.65,2.85,20221202_164216_045738_2.txt
38880446,38883993,FEM,29.5,14.67,9.98,20221202_164216_045738_2.txt
38883011,38885011,MAL,20.95,10.44,6.82,20221202_164216_045738_2.txt
38887528,38889398,MAL,19.23,9.49,6.28,20221202_164216_045738_2.txt
38888512,38889363,FEM,13.11,6.37,4.06,20221202_164216_045738_2.txt
38890358,38890461,MAL,11.34,5.63,3.4,20221202_164216_045738_2.txt
38890511,38891011,FEM,11.71,5.73,3.59,20221202_164216_045738_2.txt
38901023,38902550,FEM,16.14,7.81,5.19,20221202_164216_045738_2.txt
38903509,38903735,MAL,10.99,5.4,3.31,20221202_164216_045738_2.txt
38903551,38904174,FEM,11.02,5.25,3.33,20221202_164216_045738_2.txt
38903868,38906148,MAL,21.52,10.58,7.11,20221202_164216_045738_2.txt
38906300,38906405,MAL,11.59,5.76,3.49,20221202_164216_045738_2.txt
38911997,38912939,MAL,14.16,6.94,4.43,20221202_164216_045738_2.txt
38923742,38924776,MAL,14.43,7.12,4.54,20221202_164216_045738_2.txt
38928492,38929624,MAL,13.24,6.4,4.21,20221202_164216_045738_2.txt
38931130,38932072,MAL,12.55,6.05,3.89,20221202_164216_045738_2.txt
38931497,38934339,FEM,24.62,12.2,8.23,20221202_164216_045738_2.txt
38934511,38937061,FEM,24.23,11.87,8.0,20221202_164216_045738_2.txt
38956012,38957622,FEM,17.65,8.77,5.7,20221202_164216_045738_2.txt
38962477,38962624,MAL,7.79,3.64,2.23,20221202_164216_045738_2.txt
38963511,38965489,MAL,19.85,9.77,6.5,20221202_164216_045738_2.txt
38965209,38968511,FEM,28.67,14.45,9.66,20221202_164216_045738_2.txt
38968010,38969225,MAL,14.24,6.98,4.55,20221202_164216_045738_2.txt
38971493,38972458,FEM,14.13,6.78,4.43,20221202_164216_045738_2.txt
38973617,38975492,FEM,18.24,8.98,6.0,20221202_164216_045738_2.txt
38974993,38977619,MAL,24.4,11.99,8.07,20221202_164216_045738_2.txt
38976992,38977124,FEM,13.86,6.98,4.25,20221202_164216_045738_2.txt
38977492,38980492,FEM,26.37,13.02,8.79,20221202_164216_045738_2.txt
38980567,38981947,MAL,16.64,8.19,5.33,20221202_164216_045738_2.txt
38981923,38982696,FEM,11.5,5.44,3.51,20221202_164216_045738_2.txt
38982797,38982902,FEM,10.34,5.07,3.07,20221202_164216_045738_2.txt
38987992,38990488,MAL,28.46,14.22,9.14,20221202_164216_045738_2.txt
38991100,38991503,MAL,8.84,4.13,2.62,20221202_164216_045738_2.txt
39001011,39004928,FEM,34.19,17.25,11.61,20221202_164216_045738_2.txt
39005128,39005732,MAL,12.14,5.97,3.75,20221202_164216_045738_2.txt
39007292,39008337,MAL,14.77,7.12,4.6,20221202_164216_045738_2.txt
39010511,39015015,MAL,40.05,20.23,13.6,20221202_164216_045738_2.txt
39022963,39023667,MAL,14.02,6.96,4.34,20221202_164216_045738_2.txt
39026492,39027511,FEM,12.74,6.13,3.97,20221202_164216_045738_2.txt
39026644,39026988,MAL,9.49,4.55,2.83,20221202_164216_045738_2.txt
39031544,39031655,MAL,14.62,7.43,4.5,20221202_164216_045738_2.txt
39031991,39032732,MAL,13.35,6.54,4.18,20221202_164216_045738_2.txt
39035331,39038922,FEM,36.35,17.91,11.74,20221202_164216_045738_2.txt
39036011,39038448,MAL,26.21,12.69,8.28,20221202_164216_045738_2.txt
39038558,39038847,MAL,13.32,6.66,4.09,20221202_164216_045738_2.txt
39039206,39039489,MAL,12.05,6.0,3.67,20221202_164216_045738_2.txt
39039678,39042511,MAL,27.47,13.96,9.18,20221202_164216_045738_2.txt
39039924,39040992,FEM,14.16,6.88,4.4,20221202_164216_045738_2.txt
39041107,39041510,FEM,10.6,5.14,3.21,20221202_164216_045738_2.txt
39043190,39043511,FEM,10.38,5.06,3.12,20221202_164216_045738_2.txt
39044545,39044906,MAL,10.69,5.15,3.23,20221202_164216_045738_2.txt
39069010,39069493,FEM,11.68,5.62,3.53,20221202_164216_045738_2.txt
39070910,39071075,MAL,11.66,5.8,3.52,20221202_164216_045738_2.txt
39076494,39078511,FEM,20.39,10.21,6.69,20221202_164216_045738_2.txt
39080878,39082171,FEM,16.64,8.24,5.26,20221202_164216_045738_2.txt
39089010,39090731,FEM,18.57,9.12,6.03,20221202_164216_045738_2.txt
39108712,39109360,MAL,10.19,4.86,3.11,20221202_164216_045738_2.txt
39114011,39115395,MAL,17.33,8.59,5.56,20221202_164216_045738_2.txt
39122511,39125489,MAL,29.47,14.88,9.82,20221202_164216_045738_2.txt
39126935,39129870,FEM,27.55,13.76,9.17,20221202_164216_045738_2.txt
39135641,39135798,FEM,11.99,5.97,3.63,20221202_164216_045738_2.txt
39135644,39137213,MAL,20.31,10.05,6.43,20221202_164216_045738_2.txt
39135940,39138993,FEM,28.94,14.55,9.66,20221202_164216_045738_2.txt
39137384,39137615,MAL,9.82,4.75,2.92,20221202_164216_045738_2.txt
39138056,39138812,MAL,11.19,5.28,3.46,20221202_164216_045738_2.txt
39138949,39139060,MAL,12.22,6.11,3.7,20221202_164216_045738_2.txt
39139173,39139284,MAL,11.19,5.53,3.35,20221202_164216_045738_2.txt
39140493,39146511,FEM,54.01,27.91,18.46,20221202_164216_045738_2.txt
39140513,39140825,MAL,9.63,4.63,2.87,20221202_164216_045738_2.txt
39146514,39148080,MAL,17.54,8.7,5.66,20221202_164216_045738_2.txt
39148053,39148708,FEM,10.57,5.0,3.19,20221202_164216_045738_2.txt
39148993,39149238,FEM,10.96,5.37,3.3,20221202_164216_045738_2.txt
39150030,39154492,FEM,36.67,18.18,12.47,20221202_164216_045738_2.txt
39153491,39156490,MAL,24.09,11.42,8.09,20221202_164216_045738_2.txt
39159514,39161990,MAL,24.33,11.99,8.02,20221202_164216_045738_2.txt
39162077,39162544,FEM,10.3,4.98,3.12,20221202_164216_045738_2.txt
39163709,39163992,FEM,12.53,6.23,3.83,20221202_164216_045738_2.txt
39166023,39166217,MAL,10.88,5.33,3.26,20221202_164216_045738_2.txt
39166489,39167993,MAL,17.41,8.6,5.61,20221202_164216_045738_2.txt
39169875,39171031,FEM,14.0,6.49,4.36,20221202_164216_045738_2.txt
39172624,39173510,FEM,12.68,6.05,3.93,20221202_164216_045738_2.txt
39173510,39175807,MAL,21.67,10.76,7.16,20221202_164216_045738_2.txt
39173674,39173883,FEM,9.09,4.35,2.67,20221202_164216_045738_2.txt
39178492,39187510,FEM,79.68,40.55,27.04,20221202_164216_045738_2.txt
39187193,39188908,MAL,17.97,8.75,5.78,20221202_164216_045738_2.txt
39188011,39189116,FEM,12.23,5.72,3.81,20221202_164216_045738_2.txt
39189315,39189946,FEM,9.38,4.34,2.84,20221202_164216_045738_2.txt
39190156,39192670,MAL,22.67,11.1,7.53,20221202_164216_045738_2.txt
39202196,39203760,MAL,17.29,8.45,5.53,20221202_164216_045738_2.txt
39203492,39205932,FEM,25.01,12.6,8.25,20221202_164216_045738_2.txt
39208612,39208838,FEM,9.2,4.4,2.71,20221202_164216_045738_2.txt
39210991,39212014,FEM,12.86,6.11,3.96,20221202_164216_045738_2.txt
39212993,39215320,FEM,20.15,9.91,6.66,20221202_164216_045738_2.txt
39218015,39218866,MAL,13.04,6.28,3.99,20221202_164216_045738_2.txt
39225696,39226125,MAL,9.5,4.55,2.84,20221202_164216_045738_2.txt
39236726,39236993,FEM,5.07,2.08,1.34,20221202_164216_045738_2.txt
39240469,39243512,FEM,29.48,15.02,9.89,20221202_164216_045738_2.txt
39262129,39262885,FEM,9.48,4.41,2.84,20221202_164216_045738_2.txt
39264060,39266512,FEM,27.59,13.78,8.89,20221202_164216_045738_2.txt
39297071,39298993,FEM,20.1,9.97,6.58,20221202_164216_045738_2.txt
39322432,39325076,FEM,23.03,10.78,7.62,20221202_164216_045738_2.txt
39330979,39331522,FEM,6.34,2.65,1.81,20221202_164216_045738_2.txt
39340245,39341013,FEM,8.78,4.0,2.66,20221202_164216_045738_2.txt
39342385,39342839,FEM,9.1,4.26,2.72,20221202_164216_045738_2.txt
39343069,39343184,MAL,8.95,4.28,2.61,20221202_164216_045738_2.txt
39345492,39346724,FEM,11.5,5.01,3.54,20221202_164216_045738_2.txt
39345556,39346194,MAL,9.19,4.23,2.72,20221202_164216_045738_2.txt
39347146,39349085,FEM,18.03,8.63,5.83,20221202_164216_045738_2.txt
39350011,39351315,FEM,13.8,6.18,4.32,20221202_164216_045738_2.txt
39352549,39360492,FEM,63.93,31.12,21.56,20221202_164216_045738_2.txt
39355907,39356130,MAL,10.67,5.22,3.2,20221202_164216_045738_2.txt
39356253,39356511,MAL,10.34,5.02,3.09,20221202_164216_045738_2.txt
39360257,39361990,MAL,20.82,10.37,6.68,20221202_164216_045738_2.txt
39363224,39364009,FEM,9.98,4.51,3.01,20221202_164216_045738_2.txt
39365892,39366003,FEM,7.14,3.25,2.0,20221202_164216_045738_2.txt
39368445,39372939,FEM,40.47,19.53,13.11,20221202_164216_045738_2.txt
39376511,39379491,FEM,22.37,10.48,7.46,20221202_164216_045738_2.txt
39380200,39380367,FEM,9.72,4.69,2.87,20221202_164216_045738_2.txt
39381010,39384363,FEM,30.85,15.23,10.19,20221202_164216_045738_2.txt
39385583,39386299,MAL,11.54,5.53,3.52,20221202_164216_045738_2.txt
39386993,39387167,FEM,10.76,5.28,3.22,20221202_164216_045738_2.txt
39387799,39390011,FEM,19.24,9.15,6.28,20221202_164216_045738_2.txt
39388511,39389829,MAL,15.69,7.5,4.9,20221202_164216_045738_2.txt
39396105,39396512,FEM,8.85,4.15,2.63,20221202_164216_045738_2.txt
39398511,39399073,FEM,6.82,2.83,1.92,20221202_164216_045738_2.txt
39401961,39405511,FEM,28.72,14.18,9.72,20221202_164216_045738_2.txt
39409492,39412680,FEM,23.36,11.02,7.88,20221202_164216_045738_2.txt
39447493,39449729,FEM,17.1,7.56,5.58,20221202_164216_045738_2.txt
39453202,39456511,FEM,28.98,13.97,9.56,20221202_164216_045738_2.txt
39458640,39458780,FEM,7.65,3.57,2.18,20221202_164216_045738_2.txt
39460014,39460125,FEM,6.98,3.18,1.95,20221202_164216_045738_2.txt
39460510,39464648,FEM,30.0,14.48,10.19,20221202_164216_045738_2.txt
39466653,39467714,FEM,12.18,5.73,3.79,20221202_164216_045738_2.txt
39467901,39468244,MAL,5.66,2.38,1.55,20221202_164216_045738_2.txt
39480885,39481022,MAL,9.94,4.84,2.94,20221202_164216_045738_2.txt
39550044,39551580,MAL,12.18,5.5,3.92,20221202_164216_045738_2.txt
39566991,39569546,MAL,25.82,12.39,8.32,20221202_164216_045738_2.txt
39571492,39579511,FEM,65.96,33.42,22.72,20221202_164216_045738_2.txt
39579673,39579990,MAL,11.08,5.43,3.35,20221202_164216_045738_2.txt
39581595,39582206,FEM,10.5,4.87,3.16,20221202_164216_045738_2.txt
39583431,39583871,MAL,10.99,5.25,3.34,20221202_164216_045738_2.txt
39607539,39608519,FEM,13.31,6.46,4.15,20221202_164216_045738_2.txt
39612341,39613119,FEM,10.38,4.8,3.2,20221202_164216_045738_2.txt
39625053,39627510,FEM,22.78,11.05,7.45,20221202_164216_045738_2.txt
39627667,39627851,MAL,10.09,4.91,3.0,20221202_164216_045738_2.txt
39639011,39639112,MAL,10.11,4.95,2.99,20221202_164216_045738_2.txt
39645818,39645950,MAL,10.65,5.23,3.18,20221202_164216_045738_2.txt
39679961,39682148,MAL,21.8,10.92,7.19,20221202_164216_045738_2.txt
39683463,39685296,MAL,17.84,8.67,5.81,20221202_164216_045738_2.txt
39686129,39692017,MAL,50.26,25.69,17.29,20221202_164216_045738_2.txt
39718013,39724488,MAL,58.03,29.83,19.77,20221202_164216_045738_2.txt
39810778,39810900,MAL,13.05,6.52,3.97,20221202_164216_045738_2.txt
39834631,39835011,FEM,9.12,4.29,2.71,20221202_164216_045738_2.txt
39856470,39859037,FEM,26.27,13.09,8.58,20221202_164216_045738_2.txt
39887011,39888224,FEM,12.14,5.61,3.85,20221202_164216_045738_2.txt
39891493,39892993,FEM,14.97,7.23,4.8,20221202_164216_045738_2.txt
39897510,39897871,MAL,9.08,4.26,2.69,20221202_164216_045738_2.txt
39908992,39910511,MAL,12.54,5.8,4.04,20221202_164216_045738_2.txt
39997360,40000011,FEM,26.56,13.16,8.74,20221202_164216_045738_2.txt
40089575,40089992,FEM,6.07,2.62,1.7,20221202_164216_045738_2.txt
40099401,40100952,FEM,18.18,8.91,5.82,20221202_164216_045738_2.txt
40172011,40174210,FEM,15.58,7.05,5.11,20221202_164216_045738_2.txt
40180512,40182510,MAL,20.66,9.98,6.72,20221202_164216_045738_2.txt
40183054,40186993,FEM,29.45,14.17,10.03,20221202_164216_045738_2.txt
40190059,40195118,FEM,42.2,21.14,14.36,20221202_164216_045738_2.txt
40196491,40200511,FEM,33.86,17.08,11.51,20221202_164216_045738_2.txt
40198582,40198898,MAL,9.77,4.68,2.92,20221202_164216_045738_2.txt
40206505,40207983,FEM,15.14,7.2,4.85,20221202_164216_045738_2.txt
40213191,40214492,FEM,11.69,5.44,3.72,20221202_164216_045738_2.txt
40250993,40258367,FEM,58.83,28.48,19.87,20221202_164216_045738_2.txt
40296493,40298148,FEM,16.55,7.71,5.29,20221202_164216_045738_2.txt
40296547,40296938,MAL,10.06,4.78,3.02,20221202_164216_045738_2.txt
40298401,40299513,FEM,14.46,6.82,4.56,20221202_164216_045738_2.txt
40304625,40305578,FEM,13.67,6.42,4.22,20221202_164216_045738_2.txt
40333493,40334511,FEM,7.69,3.19,2.29,20221202_164216_045738_2.txt
40369906,40370493,FEM,11.8,5.73,3.64,20221202_164216_045738_2.txt
40377351,40377491,MAL,9.38,4.53,2.76,20221202_164216_045738_2.txt
40377773,40377992,FEM,8.23,3.89,2.39,20221202_164216_045738_2.txt
40379011,40380563,MAL,16.06,7.78,5.17,20221202_164216_045738_2.txt
40385665,40386001,MAL,6.14,2.6,1.71,20221202_164216_045738_2.txt
40385993,40386828,FEM,7.74,3.37,2.33,20221202_164216_045738_2.txt
40389111,40389526,FEM,4.23,1.53,1.09,20221202_164216_045738_2.txt
40389327,40390260,MAL,6.77,2.82,2.02,20221202_164216_045738_2.txt
40389742,40390051,FEM,4.34,1.68,1.11,20221202_164216_045738_2.txt
40395537,40396553,MAL,7.84,3.3,2.39,20221202_164216_045738_2.txt
40399513,40400625,MAL,9.29,4.04,2.84,20221202_164216_045738_2.txt
40399538,40400269,FEM,7.35,3.13,2.13,20221202_164216_045738_2.txt
40401992,40403666,MAL,11.77,5.1,3.76,20221202_164216_045738_2.txt
40406992,40409871,MAL,19.62,8.68,6.47,20221202_164216_045738_2.txt
40410492,40411958,MAL,10.74,4.57,3.38,20221202_164216_045738_2.txt
40414373,40416012,MAL,11.5,4.87,3.66,20221202_164216_045738_2.txt
40418511,40422541,MAL,23.83,10.26,8.06,20221202_164216_045738_2.txt
40424479,40426011,MAL,11.99,5.08,3.76,20221202_164216_045738_2.txt
40427294,40428389,MAL,10.66,4.71,3.24,20221202_164216_045738_2.txt
40432495,40434512,MAL,18.99,8.94,6.12,20221202_164216_045738_2.txt
40448467,40449942,FEM,16.44,7.83,5.18,20221202_164216_045738_2.txt
40448693,40449511,MAL,12.11,5.74,3.68,20221202_164216_045738_2.txt
40454141,40455579,FEM,12.11,5.49,3.83,20221202_164216_045738_2.txt
40459502,40461492,MAL,17.41,8.08,5.64,20221202_164216_045738_2.txt
40460992,40462992,FEM,17.42,8.16,5.69,20221202_164216_045738_2.txt
40463140,40470283,MAL,51.02,24.85,17.75,20221202_164216_045738_2.txt
40471898,40476233,MAL,30.35,14.14,10.4,20221202_164216_045738_2.txt
40477013,40482990,MAL,44.41,21.52,15.25,20221202_164216_045738_2.txt
40510992,40513628,FEM,22.9,10.74,7.57,20221202_164216_045738_2.txt
40512482,40512614,MAL,13.2,6.56,4.03,20221202_164216_045738_2.txt
40512832,40516492,MAL,29.32,13.95,9.89,20221202_164216_045738_2.txt
40515512,40516322,FEM,15.19,7.43,4.75,20221202_164216_045738_2.txt
40519511,40520972,FEM,17.46,8.26,5.57,20221202_164216_045738_2.txt
40541015,40544829,MAL,27.04,12.22,9.15,20221202_164216_045738_2.txt
40549935,40552991,MAL,25.91,12.21,8.65,20221202_164216_045738_2.txt
40556511,40562989,MAL,44.51,20.87,15.42,20221202_164216_045738_2.txt
40579206,40583433,FEM,37.62,18.49,12.64,20221202_164216_045738_2.txt
40583012,40583387,MAL,13.33,6.64,4.11,20221202_164216_045738_2.txt
40584282,40584667,MAL,12.25,5.99,3.75,20221202_164216_045738_2.txt
40587343,40588094,MAL,8.94,3.97,2.71,20221202_164216_045738_2.txt
40595521,40600151,MAL,34.08,16.24,11.64,20221202_164216_045738_2.txt
40604590,40604988,MAL,8.3,3.77,2.44,20221202_164216_045738_2.txt
40606772,40608598,MAL,17.93,8.59,5.83,20221202_164216_045738_2.txt
40630511,40648701,MAL,153.87,75.57,51.72,20221202_164216_045738_2.txt
40647511,40651011,FEM,33.62,16.76,10.92,20221202_164216_045738_2.txt
40649776,40662512,MAL,108.96,53.36,36.42,20221202_164216_045738_2.txt
40664511,40670492,MAL,44.03,20.76,14.86,20221202_164216_045738_2.txt
40680470,40681511,MAL,11.22,5.35,3.52,20221202_164216_045738_2.txt
40687451,40688288,MAL,10.93,5.1,3.34,20221202_164216_045738_2.txt
40694582,40696118,MAL,12.49,5.81,4.03,20221202_164216_045738_2.txt
40698867,40698970,MAL,8.91,4.27,2.59,20221202_164216_045738_2.txt
40717492,40719009,FEM,17.7,8.76,5.71,20221202_164216_045738_2.txt
40738629,40739815,MAL,13.59,6.36,4.28,20221202_164216_045738_2.txt
40740008,40742511,MAL,20.37,9.54,6.76,20221202_164216_045738_2.txt
40742963,40744605,FEM,14.21,6.5,4.46,20221202_164216_045738_2.txt
40745347,40748511,MAL,20.63,9.1,6.91,20221202_164216_045738_2.txt
40747492,40748493,FEM,9.61,4.04,2.87,20221202_164216_045738_2.txt
40752442,40754251,MAL,17.77,8.28,5.73,20221202_164216_045738_2.txt
40757511,40761488,MAL,32.0,15.63,10.88,20221202_164216_045738_2.txt
40761993,40764011,MAL,20.98,10.47,6.89,20221202_164216_045738_2.txt
40773491,40777418,MAL,28.74,13.27,9.68,20221202_164216_045738_2.txt
40779992,40784511,MAL,32.04,14.94,10.88,20221202_164216_045738_2.txt
40785512,40785925,MAL,11.87,5.85,3.63,20221202_164216_045738_2.txt
40790623,40791728,MAL,13.69,6.34,4.35,20221202_164216_045738_2.txt
40797059,40797339,MAL,5.51,2.29,1.49,20221202_164216_045738_2.txt
40799992,40801988,MAL,15.84,7.21,5.17,20221202_164216_045738_2.txt
40803708,40806162,MAL,14.57,6.04,4.82,20221202_164216_045738_2.txt
40816648,40817488,MAL,4.05,0.86,1.1,20221202_164216_045738_2.txt
40817010,40821241,FEM,13.48,3.45,4.76,20221202_164216_045738_2.txt
40817893,40818045,MAL,6.27,2.71,1.72,20221202_164216_045738_2.txt
40821486,40825492,FEM,31.55,15.15,10.64,20221202_164216_045738_2.txt
40824554,40827993,MAL,35.78,17.79,11.68,20221202_164216_045738_2.txt
40827011,40829011,FEM,18.5,8.7,6.0,20221202_164216_045738_2.txt
40832991,40833701,MAL,4.94,1.51,1.37,20221202_164216_045738_2.txt
40835752,40837510,FEM,4.09,0.0,1.26,20221202_164216_045738_2.txt
40850448,40850657,MAL,9.14,4.35,2.69,20221202_164216_045738_2.txt
40858493,40859492,FEM,13.73,6.6,4.3,20221202_164216_045738_2.txt
40859478,40860334,MAL,12.38,5.93,3.82,20221202_164216_045738_2.txt
40861493,40864492,MAL,21.38,9.68,7.18,20221202_164216_045738_2.txt
40863992,40864832,FEM,11.98,5.61,3.74,20221202_164216_045738_2.txt
40892990,40894470,MAL,4.64,0.56,1.4,20221202_164216_045738_2.txt
40903205,40904990,MAL,16.29,7.47,5.34,20221202_164216_045738_2.txt
40931992,40934493,MAL,18.47,8.25,6.08,20221202_164216_045738_2.txt
40968011,40969807,MAL,6.44,1.32,2.05,20221202_164216_045738_2.txt
40973281,40975011,MAL,6.99,1.8,2.22,20221202_164216_045738_2.txt
40986491,40987338,MAL,7.01,2.72,2.09,20221202_164216_045738_2.txt
40992087,40994991,MAL,11.29,3.16,3.8,20221202_164216_045738_2.txt
41001861,41002509,FEM,7.07,2.97,2.07,20221202_164216_045738_2.txt
41010013,41010251,MAL,7.42,3.21,2.12,20221202_164216_045738_2.txt
41010389,41012498,MAL,5.96,0.73,1.95,20221202_164216_045738_2.txt
41022502,41022764,MAL,6.61,2.8,1.85,20221202_164216_045738_2.txt
41022992,41025263,MAL,4.3,0.0,1.42,20221202_164216_045738_2.txt
41040368,41042892,MAL,11.1,3.38,3.62,20221202_164216_045738_2.txt
41046914,41050011,MAL,10.27,2.32,3.44,20221202_164216_045738_2.txt
41055512,41058011,MAL,17.27,7.42,5.67,20221202_164216_045738_2.txt
41061079,41064491,MAL,23.48,10.43,7.9,20221202_164216_045738_2.txt
41065151,41065284,MAL,11.95,5.9,3.61,20221202_164216_045738_2.txt
41076511,41079511,MAL,4.82,0.0,1.71,20221202_164216_045738_2.txt
41117006,41119644,MAL,12.1,4.38,4.08,20221202_164216_045738_2.txt
41118013,41119512,FEM,9.07,3.57,2.88,20221202_164216_045738_2.txt
41132737,41133493,FEM,8.47,3.9,2.56,20221202_164216_045738_2.txt
41136512,41137180,FEM,8.54,3.85,2.57,20221202_164216_045738_2.txt
41149510,41152986,MAL,26.97,12.9,9.07,20221202_164216_045738_2.txt
41152511,41154207,FEM,18.22,8.85,5.91,20221202_164216_045738_2.txt
41158793,41162487,MAL,34.56,17.14,11.32,20221202_164216_045738_2.txt
41159510,41160597,FEM,11.67,5.48,3.57,20221202_164216_045738_2.txt
41160992,41162680,FEM,15.25,7.25,4.92,20221202_164216_045738_2.txt
41164667,41168012,MAL,27.59,13.69,9.31,20221202_164216_045738_2.txt
41169011,41175042,MAL,66.75,33.25,21.44,20221202_164216_045738_2.txt
41181991,41187396,MAL,41.07,19.88,13.99,20221202_164216_045738_2.txt
41185493,41186485,FEM,11.32,5.3,3.49,20221202_164216_045738_2.txt
41189634,41189853,FEM,9.11,4.35,2.68,20221202_164216_045738_2.txt
41189992,41190323,FEM,10.27,4.94,3.08,20221202_164216_045738_2.txt
41193377,41199511,FEM,47.82,24.08,16.52,20221202_164216_045738_2.txt
41200010,41202010,MAL,21.56,10.4,6.97,20221202_164216_045738_2.txt
41220851,41222866,FEM,22.47,10.9,7.17,20221202_164216_045738_2.txt
41225655,41226095,FEM,3.9,1.28,0.98,20221202_164216_045738_2.txt
41243705,41245492,FEM,18.23,8.94,5.88,20221202_164216_045738_2.txt
41247431,41248344,FEM,7.95,3.58,2.41,20221202_164216_045738_2.txt
41275011,41276010,FEM,9.91,4.21,3.02,20221202_164216_045738_2.txt
41329057,41329992,FEM,8.39,3.71,2.56,20221202_164216_045738_2.txt
41386732,41386992,FEM,5.66,2.42,1.54,20221202_164216_045738_2.txt
41387097,41387203,FEM,6.56,2.96,1.81,20221202_164216_045738_2.txt
41387684,41387829,FEM,9.01,4.32,2.63,20221202_164216_045738_2.txt
41387993,41388231,FEM,10.34,4.92,3.09,20221202_164216_045738_2.txt
41388511,41389993,FEM,17.04,7.96,5.43,20221202_164216_045738_2.txt
41392492,41393032,FEM,13.5,6.68,4.19,20221202_164216_045738_2.txt
41394557,41395699,FEM,17.32,8.45,5.46,20221202_164216_045738_2.txt
41394893,41395224,MAL,13.42,6.72,4.13,20221202_164216_045738_2.txt
41397593,41398011,FEM,12.95,6.38,3.99,20221202_164216_045738_2.txt
41435493,41437511,FEM,16.03,7.61,5.24,20221202_164216_045738_2.txt
41452668,41454578,FEM,22.23,10.96,7.13,20221202_164216_045738_2.txt
41489331,41490011,FEM,10.7,5.12,3.29,20221202_164216_045738_2.txt
41497054,41498504,FEM,14.39,7.02,4.65,20221202_164216_045738_2.txt
41519927,41521272,FEM,14.58,6.88,4.64,20221202_164216_045738_2.txt
41524491,41525605,FEM,14.42,7.04,4.55,20221202_164216_045738_2.txt
41535722,41536530,MAL,12.13,5.79,3.73,20221202_164216_045738_2.txt
41536010,41537946,FEM,18.39,8.67,5.95,20221202_164216_045738_2.txt
41536874,41536975,MAL,10.85,5.29,3.24,20221202_164216_045738_2.txt
41539510,41542011,FEM,16.14,7.21,5.35,20221202_164216_045738_2.txt
41545472,41546010,FEM,9.15,4.29,2.75,20221202_164216_045738_2.txt
41550492,41553632,FEM,31.03,15.13,10.05,20221202_164216_045738_2.txt
41551780,41552602,MAL,11.05,5.16,3.38,20221202_164216_045738_2.txt
41556731,41557011,FEM,10.5,5.12,3.15,20221202_164216_045738_2.txt
41562492,41563511,FEM,8.1,3.52,2.43,20221202_164216_045738_2.txt
41571227,41572658,FEM,15.41,7.4,4.88,20221202_164216_045738_2.txt
41585992,41586107,FEM,12.98,6.54,3.95,20221202_164216_045738_2.txt
41602105,41603372,FEM,13.05,5.92,4.17,20221202_164216_045738_2.txt
41606973,41607695,FEM,12.87,6.26,3.96,20221202_164216_045738_2.txt
41612493,41614511,FEM,14.95,6.47,4.88,20221202_164216_045738_2.txt
41634057,41634165,FEM,12.51,6.26,3.79,20221202_164216_045738_2.txt
41634147,41634538,MAL,10.54,5.01,3.18,20221202_164216_045738_2.txt
41634386,41635285,FEM,12.85,6.07,3.99,20221202_164216_045738_2.txt
41634653,41634849,MAL,10.64,5.19,3.19,20221202_164216_045738_2.txt
41635266,41635389,MAL,12.8,6.38,3.89,20221202_164216_045738_2.txt
41635492,41637502,MAL,18.5,8.52,6.0,20221202_164216_045738_2.txt
41700997,41702042,FEM,13.76,6.63,4.31,20221202_164216_045738_2.txt
41703459,41704277,FEM,13.25,6.44,4.11,20221202_164216_045738_2.txt
41730383,41731431,FEM,13.35,6.18,4.13,20221202_164216_045738_2.txt
41732334,41734163,FEM,17.21,8.29,5.6,20221202_164216_045738_2.txt
41757645,41758227,FEM,9.77,4.57,2.91,20221202_164216_045738_2.txt
41779164,41780539,FEM,15.98,7.66,5.06,20221202_164216_045738_2.txt
41818992,41821285,FEM,20.53,9.73,6.68,20221202_164216_045738_2.txt
41825511,41827492,FEM,18.42,8.47,5.92,20221202_164216_045738_2.txt
41829510,41832011,FEM,19.25,8.85,6.34,20221202_164216_045738_2.txt
41834588,41836492,FEM,20.1,9.69,6.47,20221202_164216_045738_2.txt
41839511,41844012,FEM,34.9,16.49,11.73,20221202_164216_045738_2.txt
41848029,41849863,FEM,14.91,6.79,4.83,20221202_164216_045738_2.txt
41851817,41853472,FEM,17.74,8.38,5.69,20221202_164216_045738_2.txt
41861423,41863011,FEM,15.04,7.23,4.83,20221202_164216_045738_2.txt
41867992,41870147,FEM,17.2,7.54,5.54,20221202_164216_045738_2.txt
41870501,41872244,FEM,13.67,5.87,4.35,20221202_164216_045738_2.txt
41872788,41873510,FEM,5.25,1.82,1.43,20221202_164216_045738_2.txt
41892010,41894511,FEM,24.3,11.94,7.91,20221202_164216_045738_2.txt
41897010,41897567,FEM,11.29,5.5,3.46,20221202_164216_045738_2.txt
41899081,41899410,FEM,8.18,3.78,2.39,20221202_164216_045738_2.txt
41911493,41913214,FEM,16.59,7.69,5.37,20221202_164216_045738_2.txt
41917011,41921992,FEM,39.44,19.08,13.37,20221202_164216_045738_2.txt
41923413,41924512,FEM,9.97,4.57,3.12,20221202_164216_045738_2.txt
41934011,41934205,FEM,15.82,8.07,4.91,20221202_164216_045738_2.txt
41934559,41935025,FEM,11.76,5.54,3.6,20221202_164216_045738_2.txt
41943884,41945011,FEM,16.3,8.05,5.12,20221202_164216_045738_2.txt
41948511,41951069,FEM,25.34,12.08,8.16,20221202_164216_045738_2.txt
41973491,41976346,FEM,26.18,12.51,8.49,20221202_164216_045738_2.txt
41978491,41979433,FEM,13.53,6.48,4.22,20221202_164216_045738_2.txt
41996637,41996959,FEM,10.75,5.25,3.24,20221202_164216_045738_2.txt
42005285,42006767,FEM,15.99,7.73,5.13,20221202_164216_045738_2.txt
42007145,42008991,MAL,20.43,10.08,6.67,20221202_164216_045738_2.txt
42010858,42012608,FEM,18.44,9.06,5.99,20221202_164216_045738_2.txt
42013202,42015492,FEM,22.6,11.18,7.47,20221202_164216_045738_2.txt
42015596,42015706,FEM,12.19,6.09,3.69,20221202_164216_045738_2.txt
42016011,42016257,FEM,12.66,6.29,3.87,20221202_164216_045738_2.txt
42016492,42016772,FEM,14.38,7.21,4.44,20221202_164216_045738_2.txt
42016992,42020166,FEM,29.73,14.57,9.78,20221202_164216_045738_2.txt
42018510,42018630,MAL,8.8,4.21,2.56,20221202_164216_045738_2.txt
42018991,42020010,MAL,14.29,6.87,4.49,20221202_164216_045738_2.txt
42020492,42022536,FEM,15.79,6.97,5.16,20221202_164216_045738_2.txt
42024727,42028834,FEM,36.31,17.66,11.92,20221202_164216_045738_2.txt
42028990,42030964,FEM,19.08,9.14,6.19,20221202_164216_045738_2.txt
42031011,42033947,MAL,25.79,12.62,8.59,20221202_164216_045738_2.txt
42033084,42034113,FEM,13.84,6.86,4.39,20221202_164216_045738_2.txt
42035122,42037169,FEM,17.56,8.38,5.75,20221202_164216_045738_2.txt
42037321,42037888,FEM,10.39,4.99,3.16,20221202_164216_045738_2.txt
42039893,42041592,FEM,15.73,7.29,4.98,20221202_164216_045738_2.txt
42042993,42048320,FEM,36.19,16.96,12.4,20221202_164216_045738_2.txt
42043055,42043551,MAL,11.42,5.56,3.49,20221202_164216_045738_2.txt
42050991,42054957,FEM,38.7,19.15,12.69,20221202_164216_045738_2.txt
42053062,42054206,MAL,13.53,6.31,4.2,20221202_164216_045738_2.txt
42056211,42059686,FEM,28.37,14.05,9.59,20221202_164216_045738_2.txt
42060168,42065204,FEM,41.78,20.82,14.27,20221202_164216_045738_2.txt
42066424,42069011,FEM,26.08,12.73,8.41,20221202_164216_045738_2.txt
42069117,42069240,FEM,9.02,4.33,2.63,20221202_164216_045738_2.txt
42071243,42072880,FEM,15.53,7.47,5.0,20221202_164216_045738_2.txt
42073376,42079510,FEM,59.16,29.89,19.67,20221202_164216_045738_2.txt
42073680,42075351,MAL,21.39,10.49,6.7,20221202_164216_045738_2.txt
42081992,42085492,FEM,34.29,16.94,11.2,20221202_164216_045738_2.txt
42087165,42090496,FEM,30.18,14.26,9.8,20221202_164216_045738_2.txt
42095992,42097511,FEM,10.57,4.37,3.33,20221202_164216_045738_2.txt
42127140,42128309,FEM,12.07,5.38,3.72,20221202_164216_045738_2.txt
42129492,42130427,FEM,6.99,3.03,2.09,20221202_164216_045738_2.txt
42131991,42134011,FEM,18.21,8.36,5.75,20221202_164216_045738_2.txt
42136875,42137835,FEM,12.25,5.72,3.85,20221202_164216_045738_2.txt
42138736,42138856,FEM,14.29,7.23,4.39,20221202_164216_045738_2.txt
42139072,42141227,FEM,19.54,9.04,6.22,20221202_164216_045738_2.txt
42145046,42146178,FEM,12.34,5.64,3.8,20221202_164216_045738_2.txt
42148218,42152087,MAL,26.11,11.77,8.85,20221202_164216_045738_2.txt
42152511,42154281,FEM,19.45,9.36,6.28,20221202_164216_045738_2.txt
42156442,42159755,FEM,27.13,13.24,9.15,20221202_164216_045738_2.txt
42159525,42162492,MAL,26.2,12.56,8.68,20221202_164216_045738_2.txt
42164903,42167419,FEM,23.17,11.1,7.65,20221202_164216_045738_2.txt
42171492,42172263,FEM,12.52,6.0,3.85,20221202_164216_045738_2.txt
42171492,42173510,MAL,23.14,11.16,7.29,20221202_164216_045738_2.txt
42172480,42173457,FEM,14.22,6.74,4.35,20221202_164216_045738_2.txt
42177085,42177492,FEM,5.4,2.25,1.48,20221202_164216_045738_2.txt
42178835,42179753,MAL,12.95,6.23,4.02,20221202_164216_045738_2.txt
42179493,42181059,FEM,13.44,6.05,4.24,20221202_164216_045738_2.txt
42180662,42182981,MAL,20.38,9.54,6.52,20221202_164216_045738_2.txt
42182011,42186142,FEM,26.46,11.97,9.01,20221202_164216_045738_2.txt
42184733,42186382,MAL,18.21,8.55,5.63,20221202_164216_045738_2.txt
42186266,42186492,FEM,6.59,2.96,1.84,20221202_164216_045738_2.txt
42187827,42188991,FEM,10.67,4.8,3.31,20221202_164216_045738_2.txt
42189491,42191356,FEM,18.42,8.94,5.95,20221202_164216_045738_2.txt
42191977,42193820,FEM,18.88,9.02,6.1,20221202_164216_045738_2.txt
42194993,42196512,FEM,15.08,6.85,4.78,20221202_164216_045738_2.txt
42195551,42195667,MAL,10.33,5.03,3.07,20221202_164216_045738_2.txt
42199176,42200381,FEM,14.84,7.06,4.75,20221202_164216_045738_2.txt
42201434,42203955,FEM,22.67,10.66,7.48,20221202_164216_045738_2.txt
42213378,42216407,FEM,23.94,10.9,7.78,20221202_164216_045738_2.txt
42217991,42219800,FEM,17.02,7.93,5.43,20221202_164216_045738_2.txt
42225018,42226550,MAL,16.09,7.78,5.12,20221202_164216_045738_2.txt
42225992,42226885,FEM,11.89,5.82,3.72,20221202_164216_045738_2.txt
42240042,42242632,FEM,23.93,11.43,7.91,20221202_164216_045738_2.txt
42251190,42254492,FEM,27.3,12.94,9.15,20221202_164216_045738_2.txt
42257012,42259012,FEM,14.46,6.25,4.71,20221202_164216_045738_2.txt
42268510,42271576,FEM,23.88,11.5,8.03,20221202_164216_045738_2.txt
42278191,42279278,FEM,12.97,6.19,4.06,20221202_164216_045738_2.txt
42280800,42282493,FEM,18.54,8.79,5.96,20221202_164216_045738_2.txt
42309493,42311444,FEM,16.64,7.36,5.32,20221202_164216_045738_2.txt
42309992,42310966,MAL,13.42,6.13,4.03,20221202_164216_045738_2.txt
42312512,42312736,FEM,8.19,3.81,2.37,20221202_164216_045738_2.txt
42315011,42317043,FEM,20.4,9.82,6.64,20221202_164216_045738_2.txt
42319815,42320623,FEM,12.69,5.99,3.92,20221202_164216_045738_2.txt
42325011,42327880,MAL,23.26,11.18,7.79,20221202_164216_045738_2.txt
42331184,42332399,FEM,11.38,5.31,3.55,20221202_164216_045738_2.txt
42333011,42336432,FEM,28.25,13.83,9.49,20221202_164216_045738_2.txt
42333789,42334094,MAL,9.84,4.74,2.94,20221202_164216_045738_2.txt
42336820,42342492,FEM,43.43,21.03,14.87,20221202_164216_045738_2.txt
42345290,42345447,FEM,9.4,4.54,2.76,20221202_164216_045738_2.txt
42345678,42346788,FEM,13.57,6.6,4.32,20221202_164216_045738_2.txt
42354819,42358000,MAL,25.81,12.62,8.69,20221202_164216_045738_2.txt
42357492,42360869,FEM,28.39,13.78,9.58,20221202_164216_045738_2.txt
42364492,42366115,FEM,18.21,8.71,5.79,20221202_164216_045738_2.txt
42369510,42370953,FEM,14.25,6.58,4.49,20221202_164216_045738_2.txt
42370437,42372511,MAL,19.34,8.99,6.19,20221202_164216_045738_2.txt
42374640,42374989,MAL,6.27,2.7,1.76,20221202_164216_045738_2.txt
42377511,42378512,MAL,12.51,5.77,3.84,20221202_164216_045738_2.txt
42378074,42378511,FEM,10.1,4.78,3.05,20221202_164216_045738_2.txt
42380511,42382762,MAL,20.76,9.88,6.8,20221202_164216_045738_2.txt
42393129,42397012,MAL,35.28,17.1,11.59,20221202_164216_045738_2.txt
42396338,42396449,FEM,10.23,5.0,3.03,20221202_164216_045738_2.txt
42400992,42402512,MAL,8.9,3.43,2.78,20221202_164216_045738_2.txt
42409992,42412834,MAL,22.23,10.52,7.33,20221202_164216_045738_2.txt
42414481,42415993,FEM,8.97,3.68,2.8,20221202_164216_045738_2.txt
42429010,42430139,FEM,9.15,4.13,2.79,20221202_164216_045738_2.txt
42437257,42437512,FEM,4.41,1.73,1.12,20221202_164216_045738_2.txt
42437827,42438016,MAL,6.19,2.75,1.7,20221202_164216_045738_2.txt
42455004,42455232,MAL,6.59,2.93,1.84,20221202_164216_045738_2.txt
42456482,42458163,FEM,11.42,5.18,3.64,20221202_164216_045738_2.txt
42459010,42460426,FEM,11.2,5.11,3.53,20221202_164216_045738_2.txt
42470620,42470802,MAL,5.97,2.61,1.63,20221202_164216_045738_2.txt
42492128,42492371,MAL,12.49,6.13,3.81,20221202_164216_045738_2.txt
42494272,42495489,FEM,14.27,6.67,4.51,20221202_164216_045738_2.txt
42515992,42517511,FEM,19.16,9.27,6.19,20221202_164216_045738_2.txt
42517416,42517541,MAL,16.16,8.28,5.01,20221202_164216_045738_2.txt
42517659,42517779,FEM,15.43,7.89,4.76,20221202_164216_045738_2.txt
42517697,42518131,MAL,14.79,7.44,4.61,20221202_164216_045738_2.txt
42522287,42522395,FEM,14.44,7.35,4.43,20221202_164216_045738_2.txt
42522511,42526492,FEM,31.36,14.98,10.67,20221202_164216_045738_2.txt
42527012,42529277,FEM,24.51,12.25,8.1,20221202_164216_045738_2.txt
42530739,42531011,FEM,12.72,6.35,3.89,20221202_164216_045738_2.txt
42531738,42531922,MAL,11.91,5.94,3.61,20221202_164216_045738_2.txt
42539170,42540398,FEM,18.39,9.08,5.83,20221202_164216_045738_2.txt
42553492,42554726,FEM,14.95,7.39,4.8,20221202_164216_045738_2.txt
42556511,42557918,FEM,15.76,7.44,4.99,20221202_164216_045738_2.txt
42557128,42557751,MAL,11.35,5.44,3.49,20221202_164216_045738_2.txt
42558488,42561191,FEM,21.71,10.18,7.19,20221202_164216_045738_2.txt
42559658,42561011,MAL,13.9,6.4,4.36,20221202_164216_045738_2.txt
42563492,42564626,FEM,15.63,7.63,4.95,20221202_164216_045738_2.txt
42566992,42568583,FEM,17.44,8.29,5.58,20221202_164216_045738_2.txt
42592961,42594512,FEM,18.01,8.51,5.76,20221202_164216_045738_2.txt
42626690,42626992,FEM,7.21,3.28,2.06,20221202_164216_045738_2.txt
42628228,42628410,FEM,9.25,4.42,2.72,20221202_164216_045738_2.txt
42629510,42629660,FEM,11.52,5.68,3.47,20221202_164216_045738_2.txt
42636944,42639283,MAL,17.58,8.09,5.8,20221202_164216_045738_2.txt
42640859,42642192,FEM,17.42,8.5,5.58,20221202_164216_045738_2.txt
42653512,42655365,FEM,17.78,8.46,5.79,20221202_164216_045738_2.txt
42658574,42658709,MAL,8.13,3.79,2.34,20221202_164216_045738_2.txt
42658993,42659315,MAL,10.05,4.83,3.01,20221202_164216_045738_2.txt
42659047,42660011,FEM,12.45,5.82,3.87,20221202_164216_045738_2.txt
42686016,42686141,MAL,11.53,5.72,3.47,20221202_164216_045738_2.txt
42686251,42686396,MAL,13.23,6.62,4.04,20221202_164216_045738_2.txt
42696511,42697010,FEM,12.74,6.35,3.94,20221202_164216_045738_2.txt
42698699,42700493,MAL,13.42,6.06,4.27,20221202_164216_045738_2.txt
42718394,42719886,FEM,14.86,6.77,4.7,20221202_164216_045738_2.txt
42725333,42729393,FEM,31.36,14.85,10.63,20221202_164216_045738_2.txt
42733511,42734728,FEM,14.31,6.86,4.53,20221202_164216_045738_2.txt
42739993,42740511,FEM,10.33,4.83,3.08,20221202_164216_045738_2.txt
42755992,42757011,FEM,13.46,6.32,4.26,20221202_164216_045738_2.txt
42759012,42759169,FEM,12.05,6.01,3.65,20221202_164216_045738_2.txt
42759686,42760118,FEM,12.84,6.36,3.96,20221202_164216_045738_2.txt
42788993,42790993,FEM,16.86,7.94,5.46,20221202_164216_045738_2.txt
42792406,42794276,FEM,23.59,11.58,7.52,20221202_164216_045738_2.txt
42810292,42810994,FEM,11.36,5.25,3.46,20221202_164216_045738_2.txt
42815480,42816992,FEM,15.94,7.53,5.07,20221202_164216_045738_2.txt
42818510,42823510,FEM,38.22,18.44,13.02,20221202_164216_045738_2.txt
42820620,42823511,MAL,26.0,12.26,8.54,20221202_164216_045738_2.txt
42825711,42826192,FEM,11.84,5.76,3.63,20221202_164216_045738_2.txt
42835142,42835773,FEM,8.57,3.81,2.57,20221202_164216_045738_2.txt
42835286,42835696,MAL,7.41,3.27,2.15,20221202_164216_045738_2.txt
42837108,42838664,FEM,14.05,6.55,4.5,20221202_164216_045738_2.txt
42848992,42849794,MAL,13.39,6.49,4.2,20221202_164216_045738_2.txt
42874874,42875512,MAL,11.66,5.68,3.6,20221202_164216_045738_2.txt
42877716,42882011,MAL,41.45,20.42,13.72,20221202_164216_045738_2.txt
42945992,42947720,FEM,20.96,10.41,6.83,20221202_164216_045738_2.txt
42950491,42952992,FEM,25.68,12.96,8.53,20221202_164216_045738_2.txt
42959562,42960299,FEM,12.71,6.14,3.91,20221202_164216_045738_2.txt
42964992,42965488,MAL,11.46,5.59,3.51,20221202_164216_045738_2.txt
42974454,42975515,FEM,15.09,7.37,4.76,20221202_164216_045738_2.txt
43000516,43000864,MAL,12.44,6.15,3.81,20221202_164216_045738_2.txt
43000991,43001237,MAL,12.14,5.98,3.69,20221202_164216_045738_2.txt
43001493,43003992,MAL,23.34,11.26,7.7,20221202_164216_045738_2.txt
43006550,43007340,MAL,14.95,7.42,4.67,20221202_164216_045738_2.txt
43028574,43029919,MAL,17.9,8.77,5.69,20221202_164216_045738_2.txt
43050511,43052992,FEM,24.18,11.81,7.92,20221202_164216_045738_2.txt
43060013,43060862,MAL,12.32,5.85,3.8,20221202_164216_045738_2.txt
43062864,43064177,FEM,12.08,5.57,3.8,20221202_164216_045738_2.txt
43076222,43077098,FEM,16.62,8.22,5.19,20221202_164216_045738_2.txt
43091492,43093011,FEM,19.98,9.79,6.36,20221202_164216_045738_2.txt
43096798,43101369,FEM,39.12,19.63,13.36,20221202_164216_045738_2.txt
43103993,43107491,FEM,32.7,15.91,10.83,20221202_164216_045738_2.txt
43109302,43111992,FEM,25.57,12.63,8.53,20221202_164216_045738_2.txt
43113369,43113480,FEM,13.59,6.87,4.15,20221202_164216_045738_2.txt
43113992,43115361,FEM,19.21,9.59,6.18,20221202_164216_045738_2.txt
43119543,43122140,FEM,27.45,13.59,9.03,20221202_164216_045738_2.txt
43276012,43276663,FEM,13.51,6.63,4.17,20221202_164216_045738_2.txt
43279512,43281011,FEM,19.69,9.72,6.37,20221202_164216_045738_2.txt
43281334,43281493,FEM,13.27,6.7,4.05,20221202_164216_045738_2.txt
43282055,43282187,FEM,12.23,6.09,3.7,20221202_164216_045738_2.txt
43292797,43294991,FEM,18.66,8.75,6.14,20221202_164216_045738_2.txt
43296944,43300017,FEM,28.45,14.18,9.23,20221202_164216_045738_2.txt
43301221,43301884,FEM,6.76,2.88,1.92,20221202_164216_045738_2.txt
43302084,43303012,FEM,7.99,3.57,2.37,20221202_164216_045738_2.txt
43315562,43315744,MAL,7.35,3.36,2.09,20221202_164216_045738_2.txt
43320493,43321910,FEM,8.91,3.81,2.76,20221202_164216_045738_2.txt
43323491,43326044,FEM,22.97,11.06,7.38,20221202_164216_045738_2.txt
43329492,43330199,FEM,7.95,3.46,2.38,20221202_164216_045738_2.txt
43332013,43335837,FEM,31.67,15.56,10.75,20221202_164216_045738_2.txt
43334511,43336278,MAL,20.94,10.47,6.83,20221202_164216_045738_2.txt
43339803,43341745,FEM,17.46,8.27,5.7,20221202_164216_045738_2.txt
43343270,43343861,FEM,5.6,2.3,1.57,20221202_164216_045738_2.txt
43346284,43346448,FEM,6.01,2.65,1.64,20221202_164216_045738_2.txt
43346635,43348510,FEM,14.42,6.6,4.67,20221202_164216_045738_2.txt
43352992,43355010,FEM,21.22,10.18,6.75,20221202_164216_045738_2.txt
43354497,43356358,MAL,20.21,9.69,6.44,20221202_164216_045738_2.txt
43374511,43376911,MAL,25.81,12.34,8.19,20221202_164216_045738_2.txt
43375033,43376945,FEM,22.73,10.8,7.08,20221202_164216_045738_2.txt
43379972,43380404,FEM,11.01,5.38,3.35,20221202_164216_045738_2.txt
43387547,43389069,FEM,12.27,5.56,3.9,20221202_164216_045738_2.txt
43390011,43391666,FEM,14.01,6.47,4.5,20221202_164216_045738_2.txt
43392011,43394011,FEM,17.86,8.52,5.84,20221202_164216_045738_2.txt
43397011,43397870,FEM,12.85,5.99,3.98,20221202_164216_045738_2.txt
43402510,43404511,FEM,17.48,8.38,5.71,20221202_164216_045738_2.txt
43406396,43410492,FEM,36.22,17.76,11.94,20221202_164216_045738_2.txt
43413011,43415011,FEM,17.59,8.06,5.65,20221202_164216_045738_2.txt
43413540,43414485,MAL,14.25,6.72,4.25,20221202_164216_045738_2.txt
43416155,43418242,FEM,18.15,8.71,5.95,20221202_164216_045738_2.txt
43419993,43424144,FEM,35.22,16.9,11.62,20221202_164216_045738_2.txt
43423226,43423817,MAL,10.95,5.26,3.3,20221202_164216_045738_2.txt
43425406,43427159,FEM,14.45,6.68,4.61,20221202_164216_045738_2.txt
43429250,43430386,MAL,13.05,6.03,4.09,20221202_164216_045738_2.txt
43429492,43431011,FEM,16.81,8.04,5.36,20221202_164216_045738_2.txt
43440616,43442012,FEM,14.01,6.68,4.46,20221202_164216_045738_2.txt
43450493,43452992,FEM,23.37,11.35,7.66,20221202_164216_045738_2.txt
43453857,43455261,FEM,12.5,5.83,3.96,20221202_164216_045738_2.txt
43459011,43459171,FEM,8.36,3.97,2.42,20221202_164216_045738_2.txt
43459013,43459885,MAL,12.83,6.11,3.92,20221202_164216_045738_2.txt
43459511,43459771,FEM,9.12,4.33,2.69,20221202_164216_045738_2.txt
43460012,43463512,FEM,28.76,13.64,9.46,20221202_164216_045738_2.txt
43473512,43474992,FEM,15.95,7.7,5.17,20221202_164216_045738_2.txt
43496426,43496991,FEM,7.36,3.18,2.15,20221202_164216_045738_2.txt
43505939,43508492,FEM,18.45,8.37,6.13,20221202_164216_045738_2.txt
43511511,43516059,FEM,48.01,23.31,15.32,20221202_164216_045738_2.txt
43518782,43522736,FEM,35.24,16.56,11.38,20221202_164216_045738_2.txt
43525370,43529055,FEM,35.21,17.17,11.49,20221202_164216_045738_2.txt
43527864,43528490,MAL,12.32,5.86,3.71,20221202_164216_045738_2.txt
43531511,43535510,FEM,34.41,16.11,11.16,20221202_164216_045738_2.txt
43541511,43544641,FEM,31.01,14.69,9.94,20221202_164216_045738_2.txt
43541700,43541897,MAL,11.38,5.62,3.43,20221202_164216_045738_2.txt
43546172,43546420,FEM,7.88,3.58,2.27,20221202_164216_045738_2.txt
43546688,43546894,FEM,8.62,4.06,2.51,20221202_164216_045738_2.txt
43547510,43550893,FEM,25.75,12.36,8.65,20221202_164216_045738_2.txt
43551511,43554805,FEM,29.62,13.96,9.61,20221202_164216_045738_2.txt
43563511,43565755,FEM,19.61,8.9,6.25,20221202_164216_045738_2.txt
43666325,43666992,FEM,7.62,3.32,2.21,20221202_164216_045738_2.txt
43788126,43788295,MAL,10.75,5.29,3.22,20221202_164216_045738_2.txt
43788126,43788511,FEM,11.21,5.48,3.41,20221202_164216_045738_2.txt
43794014,43794871,FEM,13.17,6.41,4.09,20221202_164216_045738_2.txt
43803246,43804844,FEM,18.32,8.93,5.87,20221202_164216_045738_2.txt
43808011,43812336,FEM,41.01,20.7,13.74,20221202_164216_045738_2.txt
43811013,43812473,MAL,19.13,9.45,6.12,20221202_164216_045738_2.txt
43828918,43830231,FEM,19.25,9.62,6.03,20221202_164216_045738_2.txt
43834011,43836011,FEM,21.44,10.17,6.77,20221202_164216_045738_2.txt
43835318,43835816,MAL,11.13,5.4,3.4,20221202_164216_045738_2.txt
43842011,43843145,FEM,12.14,5.75,3.79,20221202_164216_045738_2.txt
43845011,43846888,FEM,17.27,8.01,5.57,20221202_164216_045738_2.txt
43847971,43852181,FEM,36.1,17.33,11.97,20221202_164216_045738_2.txt
43859762,43861844,FEM,21.56,10.35,6.82,20221202_164216_045738_2.txt
43861117,43861328,MAL,8.1,3.78,2.34,20221202_164216_045738_2.txt
43862676,43864585,MAL,20.07,9.79,6.56,20221202_164216_045738_2.txt
43885727,43885992,FEM,7.06,3.2,2.0,20221202_164216_045738_2.txt
43895010,43895491,FEM,7.73,3.51,2.26,20221202_164216_045738_2.txt
43896624,43896968,FEM,7.52,3.47,2.17,20221202_164216_045738_2.txt
43931172,43932492,FEM,14.79,7.08,4.65,20221202_164216_045738_2.txt
43935576,43937512,FEM,15.49,6.77,4.99,20221202_164216_045738_2.txt
43938998,43940405,FEM,13.45,6.19,4.27,20221202_164216_045738_2.txt
43940510,43942314,FEM,16.41,7.77,5.32,20221202_164216_045738_2.txt
43941099,43941491,MAL,7.23,3.29,2.08,20221202_164216_045738_2.txt
43945877,43947993,FEM,18.3,8.54,5.85,20221202_164216_045738_2.txt
43949264,43950433,FEM,14.33,6.7,4.47,20221202_164216_045738_2.txt
43965011,43965139,FEM,9.37,4.45,2.75,20221202_164216_045738_2.txt
43965511,43967533,FEM,12.68,5.08,4.12,20221202_164216_045738_2.txt
43984254,43985511,MAL,8.98,3.59,2.81,20221202_164216_045738_2.txt
44005802,44008596,FEM,23.17,11.03,7.69,20221202_164216_045738_2.txt
44007477,44008118,MAL,11.14,5.35,3.43,20221202_164216_045738_2.txt
44016492,44016654,FEM,13.41,6.76,4.1,20221202_164216_045738_2.txt
44037044,44038510,FEM,12.44,5.73,4.0,20221202_164216_045738_2.txt
44046992,44047613,FEM,11.48,5.57,3.54,20221202_164216_045738_2.txt
44050508,44051492,FEM,11.99,5.46,3.72,20221202_164216_045738_2.txt
44066762,44068363,FEM,16.24,7.37,5.18,20221202_164216_045738_2.txt
44070011,44070991,FEM,14.66,7.15,4.6,20221202_164216_045738_2.txt
44071992,44073011,FEM,14.24,6.97,4.52,20221202_164216_045738_2.txt
44076425,44077240,FEM,11.54,5.43,3.59,20221202_164216_045738_2.txt
44077492,44077846,FEM,8.23,3.85,2.41,20221202_164216_045738_2.txt
44081992,44082913,FEM,12.47,6.03,3.86,20221202_164216_045738_2.txt
44086587,44087522,FEM,11.4,5.38,3.51,20221202_164216_045738_2.txt
44088011,44089010,FEM,14.55,6.86,4.52,20221202_164216_045738_2.txt
44091994,44093992,FEM,17.6,8.32,5.7,20221202_164216_045738_2.txt
44102510,44104601,FEM,23.55,11.49,7.54,20221202_164216_045738_2.txt
44107696,44110568,FEM,33.19,16.49,10.73,20221202_164216_045738_2.txt
44111356,44111992,FEM,14.53,7.1,4.5,20221202_164216_045738_2.txt
44114492,44115645,FEM,12.46,5.63,3.95,20221202_164216_045738_2.txt
44138512,44140446,FEM,25.01,12.35,8.0,20221202_164216_045738_2.txt
44141370,44142587,FEM,17.33,8.53,5.43,20221202_164216_045738_2.txt
44143010,44151495,FEM,72.27,36.77,24.74,20221202_164216_045738_2.txt
44143081,44143991,MAL,13.1,6.34,4.13,20221202_164216_045738_2.txt
44151991,44166011,FEM,121.83,61.68,41.5,20221202_164216_045738_2.txt
44152288,44153319,MAL,12.98,6.38,4.11,20221202_164216_045738_2.txt
44154747,44154892,MAL,10.79,5.32,3.22,20221202_164216_045738_2.txt
44155751,44155987,MAL,11.5,5.64,3.48,20221202_164216_045738_2.txt
44166509,44166705,FEM,13.0,6.5,3.97,20221202_164216_045738_2.txt
44169013,44169248,FEM,11.1,5.47,3.34,20221202_164216_045738_2.txt
44171458,44172492,FEM,13.99,6.77,4.39,20221202_164216_045738_2.txt
44172915,44173396,FEM,10.81,5.18,3.29,20221202_164216_045738_2.txt
44182488,44184511,FEM,18.74,9.03,6.03,20221202_164216_045738_2.txt
44183323,44183450,MAL,8.14,3.84,2.34,20221202_164216_045738_2.txt
44185757,44185993,FEM,6.8,3.05,1.91,20221202_164216_045738_2.txt
44187778,44189626,FEM,20.8,10.04,6.58,20221202_164216_045738_2.txt
44188337,44188838,MAL,10.51,5.04,3.14,20221202_164216_045738_2.txt
44192512,44194512,FEM,23.99,11.83,7.67,20221202_164216_045738_2.txt
44202491,44206063,FEM,30.76,14.63,10.09,20221202_164216_045738_2.txt
44204780,44204986,MAL,8.78,4.18,2.57,20221202_164216_045738_2.txt
44205269,44205504,MAL,8.04,3.78,2.32,20221202_164216_045738_2.txt
44216992,44217527,FEM,10.61,5.06,3.23,20221202_164216_045738_2.txt
44218126,44219672,FEM,17.28,8.61,5.57,20221202_164216_045738_2.txt
44220200,44221726,FEM,14.8,7.1,4.74,20221202_164216_045738_2.txt
44222330,44223511,FEM,15.28,7.68,4.9,20221202_164216_045738_2.txt
44240708,44243022,FEM,26.9,13.39,8.59,20221202_164216_045738_2.txt
44243935,44246763,FEM,29.27,14.5,9.52,20221202_164216_045738_2.txt
44248339,44251228,FEM,29.54,14.28,9.57,20221202_164216_045738_2.txt
44252011,44252241,FEM,12.46,6.21,3.8,20221202_164216_045738_2.txt
44253255,44254693,FEM,17.52,8.73,5.63,20221202_164216_045738_2.txt
44275753,44276511,FEM,12.69,6.27,3.96,20221202_164216_045738_2.txt
44278512,44279511,FEM,13.0,6.12,4.05,20221202_164216_045738_2.txt
44283051,44283993,FEM,14.38,7.08,4.51,20221202_164216_045738_2.txt
44287010,44288557,MAL,19.49,9.71,6.2,20221202_164216_045738_2.txt
44287729,44287840,FEM,9.04,4.35,2.64,20221202_164216_045738_2.txt
44288338,44288476,FEM,14.16,7.18,4.35,20221202_164216_045738_2.txt
44292428,44295143,FEM,30.32,15.19,9.85,20221202_164216_045738_2.txt
44299150,44299515,FEM,11.08,5.46,3.36,20221202_164216_045738_2.txt
44300373,44301225,FEM,12.92,6.26,4.05,20221202_164216_045738_2.txt
44301345,44304619,FEM,33.65,17.26,11.16,20221202_164216_045738_2.txt
44302778,44303011,MAL,8.17,3.86,2.37,20221202_164216_045738_2.txt
44313011,44314925,FEM,23.97,11.75,7.65,20221202_164216_045738_2.txt
44316059,44316992,FEM,10.52,4.81,3.22,20221202_164216_045738_2.txt
44317992,44318866,FEM,16.78,8.32,5.29,20221202_164216_045738_2.txt
44319347,44320356,FEM,18.12,8.99,5.71,20221202_164216_045738_2.txt
44323484,44325312,FEM,20.58,10.25,6.66,20221202_164216_045738_2.txt
44327721,44329528,FEM,20.92,10.37,6.83,20221202_164216_045738_2.txt
44330286,44332292,FEM,22.27,11.12,7.31,20221202_164216_045738_2.txt
44335976,44337685,FEM,22.12,10.84,7.05,20221202_164216_045738_2.txt
44341493,44343012,FEM,17.5,8.45,5.59,20221202_164216_045738_2.txt
44343926,44345511,FEM,18.67,9.34,6.04,20221202_164216_045738_2.txt
44346391,44347159,FEM,16.92,8.4,5.27,20221202_164216_045738_2.txt
44347492,44349558,FEM,23.65,11.48,7.57,20221202_164216_045738_2.txt
44350566,44352117,FEM,20.73,10.3,6.67,20221202_164216_045738_2.txt
44354564,44355661,FEM,17.76,8.85,5.65,20221202_164216_045738_2.txt
44367492,44369816,FEM,27.66,13.55,8.85,20221202_164216_045738_2.txt
44373565,44373761,FEM,12.12,6.04,3.68,20221202_164216_045738_2.txt
44373698,44373992,MAL,11.66,5.78,3.54,20221202_164216_045738_2.txt
44376280,44377011,FEM,17.26,8.67,5.43,20221202_164216_045738_2.txt
44385992,44386512,FEM,12.7,6.26,3.93,20221202_164216_045738_2.txt
44388383,44393010,FEM,39.79,19.84,13.54,20221202_164216_045738_2.txt
44394021,44394510,FEM,9.84,4.75,2.97,20221202_164216_045738_2.txt
44398702,44398992,FEM,11.47,5.63,3.48,20221202_164216_045738_2.txt
44401578,44402378,FEM,12.72,6.25,3.98,20221202_164216_045738_2.txt
44405869,44410486,FEM,38.37,18.91,13.06,20221202_164216_045738_2.txt
44407270,44407511,MAL,12.23,6.06,3.72,20221202_164216_045738_2.txt
44413993,44414511,FEM,12.38,6.02,3.82,20221202_164216_045738_2.txt
44415511,44416421,FEM,14.79,7.18,4.63,20221202_164216_045738_2.txt
44416937,44419057,FEM,22.19,10.84,7.25,20221202_164216_045738_2.txt
44443991,44444455,FEM,11.12,5.38,3.34,20221202_164216_045738_2.txt
44444936,44445383,MAL,12.07,5.91,3.7,20221202_164216_045738_2.txt
44446011,44446333,FEM,12.28,6.06,3.75,20221202_164216_045738_2.txt
44446958,44448014,FEM,15.13,7.38,4.77,20221202_164216_045738_2.txt
44474138,44474315,FEM,12.07,6.0,3.66,20221202_164216_045738_2.txt
44474493,44476012,FEM,17.39,8.33,5.6,20221202_164216_045738_2.txt
44476450,44477010,FEM,10.78,5.14,3.29,20221202_164216_045738_2.txt
44483848,44484010,FEM,11.83,5.88,3.58,20221202_164216_045738_2.txt
44490492,44492507,FEM,20.86,10.3,6.84,20221202_164216_045738_2.txt
