segment_onset,segment_offset,speaker_type,phonemes,syllables,words,raw_filename
3974,5511,FEM,9.94,4.33,3.13,20230228_112602_025480_1.txt
12130,20983,FEM,75.24,36.12,24.79,20230228_112602_025480_1.txt
23360,25596,FEM,17.65,8.4,5.81,20230228_112602_025480_1.txt
31492,32736,FEM,15.24,7.06,4.68,20230228_112602_025480_1.txt
33721,36821,FEM,20.27,8.85,6.78,20230228_112602_025480_1.txt
37960,38352,MAL,10.2,4.91,3.07,20230228_112602_025480_1.txt
41811,47491,FEM,45.11,21.77,15.17,20230228_112602_025480_1.txt
68934,71612,FEM,18.8,8.33,6.27,20230228_112602_025480_1.txt
86255,86771,MAL,9.94,4.59,2.95,20230228_112602_025480_1.txt
87492,89492,FEM,23.54,11.59,7.52,20230228_112602_025480_1.txt
89492,90780,MAL,15.42,7.29,4.86,20230228_112602_025480_1.txt
94139,96417,MAL,15.86,7.11,5.17,20230228_112602_025480_1.txt
94230,94365,FEM,8.05,3.75,2.31,20230228_112602_025480_1.txt
94541,94993,FEM,7.39,3.2,2.15,20230228_112602_025480_1.txt
97767,98420,MAL,8.94,4.0,2.7,20230228_112602_025480_1.txt
99510,101832,MAL,15.61,6.71,5.09,20230228_112602_025480_1.txt
106483,108493,MAL,9.98,3.49,3.22,20230228_112602_025480_1.txt
114510,117492,MAL,21.25,9.75,7.13,20230228_112602_025480_1.txt
119710,122493,MAL,20.99,9.66,6.91,20230228_112602_025480_1.txt
141991,144510,MAL,14.98,6.18,4.97,20230228_112602_025480_1.txt
147012,150011,MAL,18.55,8.15,6.24,20230228_112602_025480_1.txt
153012,158490,MAL,34.65,16.06,11.97,20230228_112602_025480_1.txt
159138,161988,MAL,20.91,9.78,6.95,20230228_112602_025480_1.txt
164012,165993,MAL,19.69,9.4,6.29,20230228_112602_025480_1.txt
171372,173302,MAL,18.24,8.44,5.8,20230228_112602_025480_1.txt
174180,174283,MAL,6.43,2.89,1.77,20230228_112602_025480_1.txt
174493,179053,MAL,46.55,22.73,14.99,20230228_112602_025480_1.txt
182068,185011,MAL,22.88,10.95,7.67,20230228_112602_025480_1.txt
199152,199910,MAL,11.25,5.36,3.48,20230228_112602_025480_1.txt
199169,199842,FEM,10.81,5.15,3.32,20230228_112602_025480_1.txt
201992,206903,MAL,37.36,17.18,12.3,20230228_112602_025480_1.txt
210198,212186,MAL,11.08,4.16,3.47,20230228_112602_025480_1.txt
217510,217685,MAL,5.58,2.37,1.5,20230228_112602_025480_1.txt
217912,220001,MAL,17.12,8.01,5.51,20230228_112602_025480_1.txt
221061,223105,MAL,18.77,9.07,6.15,20230228_112602_025480_1.txt
225011,226511,MAL,16.09,7.66,5.17,20230228_112602_025480_1.txt
230011,232011,MAL,14.79,6.38,4.82,20230228_112602_025480_1.txt
234011,236809,MAL,23.8,11.58,7.95,20230228_112602_025480_1.txt
238991,241011,MAL,15.95,7.27,5.21,20230228_112602_025480_1.txt
242011,246491,MAL,38.7,18.62,12.78,20230228_112602_025480_1.txt
249380,255234,MAL,51.45,25.04,17.0,20230228_112602_025480_1.txt
260233,262499,MAL,23.21,10.92,7.3,20230228_112602_025480_1.txt
274310,275638,MAL,9.89,4.05,3.02,20230228_112602_025480_1.txt
276765,279308,MAL,23.22,10.65,7.3,20230228_112602_025480_1.txt
280898,284524,MAL,31.57,14.93,10.26,20230228_112602_025480_1.txt
284690,284933,FEM,7.87,3.59,2.27,20230228_112602_025480_1.txt
284870,284992,MAL,8.42,3.95,2.43,20230228_112602_025480_1.txt
286511,288992,MAL,15.99,6.67,5.25,20230228_112602_025480_1.txt
289853,291510,MAL,15.56,7.06,4.91,20230228_112602_025480_1.txt
294992,299493,MAL,32.28,15.33,10.96,20230228_112602_025480_1.txt
301011,304511,MAL,27.99,13.28,9.36,20230228_112602_025480_1.txt
307992,308161,MAL,12.74,6.38,3.88,20230228_112602_025480_1.txt
308138,308541,FEM,11.29,5.52,3.44,20230228_112602_025480_1.txt
311011,315992,MAL,38.42,18.01,12.82,20230228_112602_025480_1.txt
324010,326992,FEM,22.08,10.26,7.41,20230228_112602_025480_1.txt
332103,337417,MAL,44.0,22.04,14.95,20230228_112602_025480_1.txt
338511,339989,MAL,13.47,6.06,4.24,20230228_112602_025480_1.txt
343595,343992,FEM,4.71,1.87,1.24,20230228_112602_025480_1.txt
344844,348219,MAL,27.04,12.8,8.92,20230228_112602_025480_1.txt
352991,355510,MAL,20.96,10.18,6.96,20230228_112602_025480_1.txt
356333,357894,FEM,14.88,6.8,4.67,20230228_112602_025480_1.txt
357048,361490,MAL,31.22,14.54,10.54,20230228_112602_025480_1.txt
363493,369011,MAL,40.37,19.07,13.62,20230228_112602_025480_1.txt
371496,372492,FEM,12.77,6.06,3.98,20230228_112602_025480_1.txt
372146,375486,MAL,28.35,13.51,9.25,20230228_112602_025480_1.txt
380492,382881,MAL,20.6,9.8,6.71,20230228_112602_025480_1.txt
386615,388292,MAL,15.37,7.17,4.9,20230228_112602_025480_1.txt
398498,400778,MAL,18.11,8.57,5.97,20230228_112602_025480_1.txt
403010,406019,MAL,19.86,9.02,6.68,20230228_112602_025480_1.txt
408090,409011,FEM,8.86,3.9,2.72,20230228_112602_025480_1.txt
411492,412101,FEM,6.79,2.84,1.92,20230228_112602_025480_1.txt
413993,418011,MAL,27.3,12.3,9.11,20230228_112602_025480_1.txt
423353,423988,MAL,6.35,2.57,1.83,20230228_112602_025480_1.txt
425993,427974,FEM,16.77,7.84,5.42,20230228_112602_025480_1.txt
430741,432989,MAL,19.05,8.92,6.07,20230228_112602_025480_1.txt
433591,433984,MAL,4.98,2.03,1.33,20230228_112602_025480_1.txt
434044,434162,FEM,10.07,4.9,2.98,20230228_112602_025480_1.txt
434555,434936,FEM,4.98,1.95,1.33,20230228_112602_025480_1.txt
436372,437425,FEM,11.72,5.48,3.69,20230228_112602_025480_1.txt
437115,438104,MAL,11.77,5.43,3.64,20230228_112602_025480_1.txt
441011,443500,MAL,19.88,9.22,6.49,20230228_112602_025480_1.txt
443004,445034,FEM,17.69,8.38,5.79,20230228_112602_025480_1.txt
453131,454653,FEM,15.7,7.51,4.99,20230228_112602_025480_1.txt
457993,459011,FEM,9.04,3.95,2.74,20230228_112602_025480_1.txt
470743,471485,MAL,10.45,4.77,3.16,20230228_112602_025480_1.txt
491522,492732,MAL,14.64,7.11,4.64,20230228_112602_025480_1.txt
515391,517890,FEM,19.16,8.74,6.31,20230228_112602_025480_1.txt
517011,517721,MAL,9.05,4.03,2.74,20230228_112602_025480_1.txt
527597,530511,FEM,24.66,11.96,8.16,20230228_112602_025480_1.txt
537492,546334,FEM,71.02,35.12,24.18,20230228_112602_025480_1.txt
539193,540411,MAL,14.74,6.85,4.46,20230228_112602_025480_1.txt
540543,540658,MAL,12.36,6.17,3.74,20230228_112602_025480_1.txt
563011,566992,FEM,31.81,15.8,10.82,20230228_112602_025480_1.txt
571998,573011,FEM,10.26,4.61,3.15,20230228_112602_025480_1.txt
573168,573296,FEM,7.35,3.32,2.08,20230228_112602_025480_1.txt
574825,576992,FEM,14.86,6.72,4.87,20230228_112602_025480_1.txt
578676,580993,FEM,17.84,8.54,5.89,20230228_112602_025480_1.txt
582257,585725,FEM,30.28,15.24,10.17,20230228_112602_025480_1.txt
587689,592589,FEM,39.2,19.43,13.28,20230228_112602_025480_1.txt
592019,592240,MAL,7.05,3.22,1.99,20230228_112602_025480_1.txt
594992,596011,FEM,11.16,5.23,3.45,20230228_112602_025480_1.txt
596496,597984,MAL,15.87,7.78,5.09,20230228_112602_025480_1.txt
597512,600921,FEM,31.54,15.19,10.27,20230228_112602_025480_1.txt
599511,600750,MAL,12.95,5.81,4.02,20230228_112602_025480_1.txt
602159,603992,FEM,14.29,6.53,4.57,20230228_112602_025480_1.txt
607974,611012,FEM,24.31,11.92,8.17,20230228_112602_025480_1.txt
611175,611511,FEM,8.48,3.97,2.49,20230228_112602_025480_1.txt
611818,614992,FEM,26.1,12.93,8.78,20230228_112602_025480_1.txt
615686,617993,FEM,19.73,9.62,6.52,20230228_112602_025480_1.txt
618182,618331,FEM,5.14,2.13,1.35,20230228_112602_025480_1.txt
618492,620880,FEM,15.21,6.71,5.03,20230228_112602_025480_1.txt
619491,619747,MAL,4.61,1.75,1.19,20230228_112602_025480_1.txt
622495,628992,FEM,52.02,25.26,17.45,20230228_112602_025480_1.txt
629362,629473,FEM,8.7,4.13,2.52,20230228_112602_025480_1.txt
632394,634049,MAL,16.52,7.73,5.18,20230228_112602_025480_1.txt
636512,639960,FEM,22.44,10.41,7.56,20230228_112602_025480_1.txt
642492,646211,FEM,28.85,14.17,9.79,20230228_112602_025480_1.txt
648010,651064,FEM,24.49,11.96,8.23,20230228_112602_025480_1.txt
651238,656328,FEM,38.89,19.4,13.37,20230228_112602_025480_1.txt
657776,657992,FEM,7.45,3.41,2.13,20230228_112602_025480_1.txt
659048,660012,FEM,10.18,4.73,3.16,20230228_112602_025480_1.txt
662329,662511,MAL,4.63,1.86,1.18,20230228_112602_025480_1.txt
662619,662752,MAL,4.97,2.06,1.28,20230228_112602_025480_1.txt
663488,664506,FEM,8.64,3.76,2.61,20230228_112602_025480_1.txt
665511,665703,FEM,8.07,3.77,2.33,20230228_112602_025480_1.txt
665867,669284,FEM,25.73,12.34,8.6,20230228_112602_025480_1.txt
670245,671536,FEM,9.3,4.1,2.92,20230228_112602_025480_1.txt
670680,670859,MAL,6.03,2.65,1.65,20230228_112602_025480_1.txt
675010,676367,FEM,13.34,6.41,4.23,20230228_112602_025480_1.txt
677999,680923,FEM,26.99,12.94,8.72,20230228_112602_025480_1.txt
683159,683694,FEM,6.52,2.75,1.87,20230228_112602_025480_1.txt
684327,689093,FEM,36.62,17.13,12.08,20230228_112602_025480_1.txt
687992,689553,MAL,15.06,6.76,4.68,20230228_112602_025480_1.txt
691850,695036,FEM,33.75,16.17,10.65,20230228_112602_025480_1.txt
693492,693829,MAL,8.47,3.94,2.48,20230228_112602_025480_1.txt
693949,694470,MAL,9.61,4.37,2.79,20230228_112602_025480_1.txt
696138,698668,FEM,20.73,9.82,6.78,20230228_112602_025480_1.txt
700010,703049,FEM,24.42,11.37,7.89,20230228_112602_025480_1.txt
704192,706117,FEM,15.82,7.55,5.15,20230228_112602_025480_1.txt
707594,715257,FEM,67.36,33.82,22.71,20230228_112602_025480_1.txt
715510,717216,FEM,17.4,8.22,5.48,20230228_112602_025480_1.txt
720878,722139,FEM,13.14,6.18,4.09,20230228_112602_025480_1.txt
724405,726391,FEM,19.25,9.0,6.04,20230228_112602_025480_1.txt
727434,732326,FEM,34.85,16.06,11.73,20230228_112602_025480_1.txt
734493,737011,FEM,24.46,11.45,7.76,20230228_112602_025480_1.txt
741493,742651,MAL,12.48,5.95,3.91,20230228_112602_025480_1.txt
743939,745011,MAL,11.5,5.41,3.57,20230228_112602_025480_1.txt
749512,752492,FEM,24.54,12.14,8.23,20230228_112602_025480_1.txt
753465,756492,FEM,22.74,10.95,7.64,20230228_112602_025480_1.txt
757348,760492,FEM,25.68,12.75,8.64,20230228_112602_025480_1.txt
761511,763597,FEM,18.05,8.69,5.92,20230228_112602_025480_1.txt
764615,764733,MAL,9.07,4.36,2.65,20230228_112602_025480_1.txt
765128,765231,FEM,8.63,4.11,2.5,20230228_112602_025480_1.txt
765664,766066,FEM,7.91,3.64,2.31,20230228_112602_025480_1.txt
766508,767001,FEM,9.68,4.6,2.91,20230228_112602_025480_1.txt
768849,773230,FEM,40.31,19.97,13.25,20230228_112602_025480_1.txt
769421,770137,MAL,8.67,3.79,2.51,20230228_112602_025480_1.txt
773985,776511,FEM,23.35,11.53,7.65,20230228_112602_025480_1.txt
778493,780562,FEM,19.06,9.37,6.25,20230228_112602_025480_1.txt
781513,781731,MAL,6.44,2.84,1.79,20230228_112602_025480_1.txt
786491,787991,FEM,11.39,4.76,3.6,20230228_112602_025480_1.txt
791011,797511,FEM,50.19,25.45,17.32,20230228_112602_025480_1.txt
793992,794335,MAL,4.32,1.66,1.1,20230228_112602_025480_1.txt
794453,796763,MAL,16.49,7.79,5.44,20230228_112602_025480_1.txt
797293,797428,MAL,6.87,3.14,1.92,20230228_112602_025480_1.txt
797992,803492,FEM,43.31,21.62,14.7,20230228_112602_025480_1.txt
799126,799865,MAL,7.37,3.14,2.13,20230228_112602_025480_1.txt
799991,800337,MAL,6.06,2.65,1.69,20230228_112602_025480_1.txt
800866,800987,MAL,6.18,2.74,1.69,20230228_112602_025480_1.txt
801789,801961,MAL,3.47,1.21,0.79,20230228_112602_025480_1.txt
803054,804186,MAL,8.56,3.7,2.6,20230228_112602_025480_1.txt
805042,805206,FEM,6.48,2.91,1.79,20230228_112602_025480_1.txt
805481,806607,MAL,8.85,3.7,2.64,20230228_112602_025480_1.txt
806510,811586,FEM,39.13,19.55,13.45,20230228_112602_025480_1.txt
812992,814006,FEM,11.16,5.14,3.39,20230228_112602_025480_1.txt
812992,815650,MAL,23.81,11.52,7.72,20230228_112602_025480_1.txt
814357,814511,FEM,6.48,2.9,1.79,20230228_112602_025480_1.txt
819072,819492,FEM,9.04,4.28,2.69,20230228_112602_025480_1.txt
819766,819899,FEM,9.7,4.7,2.86,20230228_112602_025480_1.txt
825512,827242,FEM,18.72,9.36,6.14,20230228_112602_025480_1.txt
828301,831720,FEM,26.21,12.77,8.86,20230228_112602_025480_1.txt
833436,837066,FEM,28.48,14.08,9.65,20230228_112602_025480_1.txt
837182,842417,FEM,40.69,20.41,13.99,20230228_112602_025480_1.txt
842729,843492,FEM,10.05,4.63,3.03,20230228_112602_025480_1.txt
845024,846281,FEM,12.49,5.88,3.93,20230228_112602_025480_1.txt
852510,854493,FEM,17.22,8.35,5.62,20230228_112602_025480_1.txt
962234,964011,FEM,16.66,7.91,5.4,20230228_112602_025480_1.txt
969130,970011,MAL,12.33,5.71,3.81,20230228_112602_025480_1.txt
970091,970484,FEM,10.19,4.84,3.07,20230228_112602_025480_1.txt
970388,970511,MAL,13.05,6.56,3.97,20230228_112602_025480_1.txt
972559,973064,FEM,7.83,3.48,2.3,20230228_112602_025480_1.txt
974383,975684,MAL,13.77,6.46,4.36,20230228_112602_025480_1.txt
978625,980010,MAL,13.65,6.41,4.34,20230228_112602_025480_1.txt
979992,982493,FEM,19.24,9.07,6.39,20230228_112602_025480_1.txt
980129,980232,MAL,4.2,1.64,1.02,20230228_112602_025480_1.txt
980340,980489,MAL,8.9,4.25,2.6,20230228_112602_025480_1.txt
993992,994885,FEM,8.94,4.03,2.74,20230228_112602_025480_1.txt
995180,998256,MAL,24.4,11.82,8.2,20230228_112602_025480_1.txt
1012942,1014511,FEM,14.01,6.32,4.43,20230228_112602_025480_1.txt
1012993,1013501,MAL,7.46,3.27,2.18,20230228_112602_025480_1.txt
1013604,1013832,MAL,8.17,3.74,2.37,20230228_112602_025480_1.txt
1014491,1016317,MAL,15.17,6.85,4.91,20230228_112602_025480_1.txt
1027492,1030789,FEM,25.93,12.53,8.75,20230228_112602_025480_1.txt
1030992,1031993,FEM,10.88,4.83,3.35,20230228_112602_025480_1.txt
1045433,1050992,FEM,36.76,16.93,12.52,20230228_112602_025480_1.txt
1052787,1052979,MAL,4.07,1.57,1.0,20230228_112602_025480_1.txt
1054156,1055290,MAL,14.11,6.77,4.45,20230228_112602_025480_1.txt
1059726,1060185,MAL,9.35,4.37,2.8,20230228_112602_025480_1.txt
1070342,1075955,FEM,35.82,16.61,12.43,20230228_112602_025480_1.txt
1076492,1076700,FEM,8.34,3.88,2.42,20230228_112602_025480_1.txt
1079246,1080761,MAL,14.37,6.75,4.6,20230228_112602_025480_1.txt
1085147,1085343,MAL,9.02,4.3,2.64,20230228_112602_025480_1.txt
1090511,1092492,MAL,16.27,7.14,5.2,20230228_112602_025480_1.txt
1098247,1099751,MAL,14.73,6.91,4.77,20230228_112602_025480_1.txt
1101070,1101200,MAL,11.51,5.68,3.46,20230228_112602_025480_1.txt
1101480,1102962,MAL,13.9,6.57,4.43,20230228_112602_025480_1.txt
1104492,1104765,MAL,7.68,3.55,2.21,20230228_112602_025480_1.txt
1108011,1114493,MAL,46.71,22.84,16.15,20230228_112602_025480_1.txt
1117834,1120623,FEM,16.53,6.8,5.48,20230228_112602_025480_1.txt
1118009,1120010,MAL,13.31,5.53,4.27,20230228_112602_025480_1.txt
1121487,1122366,FEM,9.81,4.38,2.97,20230228_112602_025480_1.txt
1121992,1122137,MAL,8.02,3.76,2.3,20230228_112602_025480_1.txt
1128124,1130991,MAL,23.47,11.02,7.75,20230228_112602_025480_1.txt
1128256,1128599,FEM,10.9,5.26,3.3,20230228_112602_025480_1.txt
1131511,1135011,MAL,30.51,14.55,10.1,20230228_112602_025480_1.txt
1142689,1146484,MAL,30.92,14.86,10.18,20230228_112602_025480_1.txt
1146012,1147618,FEM,13.3,5.95,4.26,20230228_112602_025480_1.txt
1148425,1149512,MAL,11.4,5.1,3.54,20230228_112602_025480_1.txt
1158400,1160687,FEM,17.42,7.94,5.74,20230228_112602_025480_1.txt
1160637,1160823,MAL,9.77,4.7,2.89,20230228_112602_025480_1.txt
1160850,1162510,FEM,16.54,8.01,5.34,20230228_112602_025480_1.txt
1167202,1169870,MAL,19.46,8.87,6.49,20230228_112602_025480_1.txt
1171198,1173012,MAL,15.42,6.88,4.89,20230228_112602_025480_1.txt
1177559,1177731,MAL,8.43,3.98,2.44,20230228_112602_025480_1.txt
1185707,1187511,FEM,15.95,7.39,5.17,20230228_112602_025480_1.txt
1193992,1197008,FEM,23.57,11.13,7.86,20230228_112602_025480_1.txt
1198069,1201010,MAL,22.32,10.33,7.43,20230228_112602_025480_1.txt
1206131,1207020,MAL,6.94,2.71,2.07,20230228_112602_025480_1.txt
1208515,1211510,MAL,26.54,12.99,8.8,20230228_112602_025480_1.txt
1221991,1224522,FEM,17.38,7.54,5.66,20230228_112602_025480_1.txt
1225223,1228993,FEM,25.93,11.86,8.72,20230228_112602_025480_1.txt
1231011,1233375,MAL,20.8,10.0,6.88,20230228_112602_025480_1.txt
1233510,1233792,MAL,8.66,4.02,2.54,20230228_112602_025480_1.txt
1236992,1238045,MAL,9.96,4.32,3.0,20230228_112602_025480_1.txt
1255630,1259845,FEM,29.79,14.43,10.14,20230228_112602_025480_1.txt
1261160,1264430,FEM,23.0,10.89,7.72,20230228_112602_025480_1.txt
1262993,1264404,MAL,10.73,4.79,3.37,20230228_112602_025480_1.txt
1275991,1277921,FEM,19.85,9.61,6.44,20230228_112602_025480_1.txt
1286012,1288511,FEM,22.53,10.74,7.38,20230228_112602_025480_1.txt
1298518,1298660,FEM,9.57,4.58,2.82,20230228_112602_025480_1.txt
1298619,1299382,MAL,12.14,5.74,3.73,20230228_112602_025480_1.txt
1302510,1305492,FEM,21.1,9.55,7.03,20230228_112602_025480_1.txt
1304993,1305918,MAL,9.41,4.01,2.84,20230228_112602_025480_1.txt
1313992,1315058,MAL,15.3,7.46,4.83,20230228_112602_025480_1.txt
1315492,1316759,MAL,16.44,7.81,5.19,20230228_112602_025480_1.txt
1322366,1324985,FEM,18.74,8.44,6.13,20230228_112602_025480_1.txt
1323511,1324782,MAL,10.53,4.62,3.28,20230228_112602_025480_1.txt
1331621,1334326,FEM,18.34,8.1,6.12,20230228_112602_025480_1.txt
1335572,1337828,MAL,18.82,9.09,6.2,20230228_112602_025480_1.txt
1340788,1342077,FEM,12.16,5.57,3.82,20230228_112602_025480_1.txt
1341993,1344485,MAL,20.68,9.58,6.76,20230228_112602_025480_1.txt
1342232,1342510,FEM,9.4,4.48,2.79,20230228_112602_025480_1.txt
1348491,1349492,FEM,10.08,4.35,3.03,20230228_112602_025480_1.txt
1355493,1358046,FEM,19.33,8.94,6.42,20230228_112602_025480_1.txt
1365491,1366401,FEM,9.96,4.36,2.97,20230228_112602_025480_1.txt
1366581,1368370,MAL,17.24,8.36,5.6,20230228_112602_025480_1.txt
1371011,1373223,MAL,20.16,9.63,6.64,20230228_112602_025480_1.txt
1373698,1374623,MAL,13.15,6.34,4.14,20230228_112602_025480_1.txt
1379511,1384209,MAL,32.87,15.51,11.29,20230228_112602_025480_1.txt
1390704,1390810,MAL,12.46,6.24,3.78,20230228_112602_025480_1.txt
1396330,1399523,FEM,26.6,12.62,8.69,20230228_112602_025480_1.txt
1397954,1399074,MAL,11.51,5.1,3.47,20230228_112602_025480_1.txt
1400492,1402431,MAL,16.41,7.67,5.3,20230228_112602_025480_1.txt
1401992,1404511,FEM,21.0,9.57,6.71,20230228_112602_025480_1.txt
1403512,1406511,MAL,24.32,11.22,7.9,20230228_112602_025480_1.txt
1416511,1419179,FEM,20.03,9.11,6.62,20230228_112602_025480_1.txt
1427566,1429490,MAL,13.21,5.82,4.28,20230228_112602_025480_1.txt
1431010,1433992,MAL,22.92,10.65,7.64,20230228_112602_025480_1.txt
1435401,1436027,MAL,11.35,5.35,3.44,20230228_112602_025480_1.txt
1453992,1456010,FEM,16.95,7.79,5.49,20230228_112602_025480_1.txt
1461697,1461989,MAL,9.65,4.6,2.87,20230228_112602_025480_1.txt
1465606,1466107,MAL,9.22,4.31,2.76,20230228_112602_025480_1.txt
1467013,1471488,MAL,36.09,18.11,12.28,20230228_112602_025480_1.txt
1472426,1476010,MAL,24.95,11.31,8.36,20230228_112602_025480_1.txt
1506011,1506202,MAL,8.9,4.24,2.6,20230228_112602_025480_1.txt
1506492,1507511,MAL,11.4,5.4,3.58,20230228_112602_025480_1.txt
1513711,1515987,FEM,20.67,10.24,6.82,20230228_112602_025480_1.txt
1518991,1523254,FEM,35.47,17.73,11.93,20230228_112602_025480_1.txt
1524287,1525728,FEM,12.11,5.54,3.78,20230228_112602_025480_1.txt
1526366,1530595,FEM,27.61,13.05,9.47,20230228_112602_025480_1.txt
1531442,1533592,FEM,17.08,8.15,5.61,20230228_112602_025480_1.txt
1541012,1542111,FEM,10.26,4.64,3.16,20230228_112602_025480_1.txt
1550512,1551012,FEM,7.73,3.48,2.27,20230228_112602_025480_1.txt
1552377,1553518,FEM,11.25,5.21,3.5,20230228_112602_025480_1.txt
1555823,1556896,FEM,12.19,5.76,3.8,20230228_112602_025480_1.txt
1558342,1560375,FEM,16.86,7.8,5.41,20230228_112602_025480_1.txt
1561133,1564164,MAL,28.03,14.19,9.41,20230228_112602_025480_1.txt
1565069,1566993,FEM,17.2,8.35,5.61,20230228_112602_025480_1.txt
1571697,1573511,MAL,16.94,8.18,5.5,20230228_112602_025480_1.txt
1577492,1579369,MAL,19.35,9.51,6.27,20230228_112602_025480_1.txt
1580492,1583843,MAL,29.65,14.78,9.95,20230228_112602_025480_1.txt
1587492,1588214,MAL,12.86,6.16,3.96,20230228_112602_025480_1.txt
1590108,1591515,MAL,17.93,8.8,5.66,20230228_112602_025480_1.txt
1593668,1595134,MAL,15.47,7.47,4.96,20230228_112602_025480_1.txt
1596993,1599492,MAL,22.95,11.31,7.62,20230228_112602_025480_1.txt
1604991,1607045,MAL,22.8,11.18,7.23,20230228_112602_025480_1.txt
1605069,1605182,FEM,12.34,6.17,3.74,20230228_112602_025480_1.txt
1608992,1611106,FEM,21.17,10.49,6.91,20230228_112602_025480_1.txt
1615493,1617511,MAL,20.1,9.87,6.54,20230228_112602_025480_1.txt
1627511,1631011,FEM,27.19,13.3,9.15,20230228_112602_025480_1.txt
1633169,1635356,FEM,17.04,8.15,5.6,20230228_112602_025480_1.txt
1636359,1637012,MAL,8.42,3.81,2.52,20230228_112602_025480_1.txt
1639999,1641114,MAL,10.9,5.12,3.43,20230228_112602_025480_1.txt
1649511,1653991,MAL,38.27,18.84,12.69,20230228_112602_025480_1.txt
1680635,1680814,FEM,7.78,3.62,2.23,20230228_112602_025480_1.txt
1693580,1694245,MAL,9.06,4.24,2.74,20230228_112602_025480_1.txt
1722992,1725938,MAL,29.04,14.92,9.73,20230228_112602_025480_1.txt
1726503,1727490,MAL,14.33,7.0,4.39,20230228_112602_025480_1.txt
1735887,1736511,FEM,10.87,5.27,3.34,20230228_112602_025480_1.txt
1738511,1739010,FEM,10.68,5.22,3.25,20230228_112602_025480_1.txt
1739991,1740511,FEM,10.4,5.04,3.16,20230228_112602_025480_1.txt
1741510,1745778,MAL,41.96,21.95,14.2,20230228_112602_025480_1.txt
1769511,1771953,FEM,24.11,12.43,7.95,20230228_112602_025480_1.txt
1786492,1788723,MAL,28.33,14.45,9.05,20230228_112602_025480_1.txt
1790719,1790928,MAL,8.41,3.99,2.44,20230228_112602_025480_1.txt
1797992,1799011,FEM,13.24,6.43,4.03,20230228_112602_025480_1.txt
1808497,1810011,MAL,16.04,7.99,5.1,20230228_112602_025480_1.txt
1916074,1917093,MAL,12.27,5.99,3.81,20230228_112602_025480_1.txt
1921330,1922947,MAL,17.17,8.63,5.55,20230228_112602_025480_1.txt
1929437,1934992,FEM,67.03,34.57,21.72,20230228_112602_025480_1.txt
1952011,1954409,MAL,26.71,13.63,8.65,20230228_112602_025480_1.txt
2026839,2027229,MAL,5.73,2.47,1.58,20230228_112602_025480_1.txt
2073747,2076768,MAL,32.91,16.98,10.87,20230228_112602_025480_1.txt
2077010,2082142,MAL,58.14,30.1,19.1,20230228_112602_025480_1.txt
2083475,2083581,MAL,11.43,5.68,3.43,20230228_112602_025480_1.txt
2083867,2087529,MAL,45.62,23.36,14.68,20230228_112602_025480_1.txt
2087822,2087989,MAL,11.83,5.9,3.58,20230228_112602_025480_1.txt
2088273,2091493,FEM,38.33,19.64,12.45,20230228_112602_025480_1.txt
2090325,2094792,MAL,50.02,25.94,16.5,20230228_112602_025480_1.txt
2097228,2097395,MAL,8.41,4.0,2.44,20230228_112602_025480_1.txt
2106616,2107495,FEM,10.97,5.29,3.36,20230228_112602_025480_1.txt
2107856,2107959,FEM,8.26,3.92,2.38,20230228_112602_025480_1.txt
2110038,2110429,FEM,7.1,3.23,2.04,20230228_112602_025480_1.txt
2118992,2121204,MAL,21.81,11.14,7.14,20230228_112602_025480_1.txt
2154472,2155012,MAL,7.13,3.25,2.07,20230228_112602_025480_1.txt
2233492,2243992,MAL,132.56,68.67,42.8,20230228_112602_025480_1.txt
2246511,2250490,MAL,38.31,20.03,12.99,20230228_112602_025480_1.txt
2250470,2252581,FEM,24.43,12.24,7.79,20230228_112602_025480_1.txt
2251964,2252933,MAL,12.81,6.26,3.99,20230228_112602_025480_1.txt
2253992,2254167,FEM,8.54,4.07,2.48,20230228_112602_025480_1.txt
2340686,2341037,FEM,6.24,2.77,1.75,20230228_112602_025480_1.txt
2341244,2341354,FEM,6.53,2.96,1.8,20230228_112602_025480_1.txt
2370511,2376993,MAL,74.22,38.72,24.38,20230228_112602_025480_1.txt
2378310,2384422,MAL,65.79,34.18,21.82,20230228_112602_025480_1.txt
2386432,2388992,MAL,31.4,15.95,10.03,20230228_112602_025480_1.txt
2449011,2449941,FEM,11.89,5.85,3.73,20230228_112602_025480_1.txt
2450512,2463511,MAL,131.76,69.61,44.7,20230228_112602_025480_1.txt
2490369,2491787,FEM,13.54,6.66,4.31,20230228_112602_025480_1.txt
2494405,2494970,FEM,7.25,3.32,2.12,20230228_112602_025480_1.txt
2533682,2534993,FEM,15.88,8.01,5.12,20230228_112602_025480_1.txt
2542092,2542242,MAL,10.91,5.38,3.26,20230228_112602_025480_1.txt
2542150,2542992,FEM,12.62,6.17,3.9,20230228_112602_025480_1.txt
2542676,2550511,MAL,93.36,48.52,30.4,20230228_112602_025480_1.txt
2555558,2555934,FEM,7.83,3.65,2.28,20230228_112602_025480_1.txt
2559492,2564492,FEM,56.78,29.41,18.53,20230228_112602_025480_1.txt
2573512,2575551,MAL,24.02,12.16,7.69,20230228_112602_025480_1.txt
2575729,2575992,MAL,8.72,4.16,2.56,20230228_112602_025480_1.txt
2576510,2579586,MAL,36.38,18.57,11.72,20230228_112602_025480_1.txt
2583510,2586175,MAL,28.27,14.57,9.37,20230228_112602_025480_1.txt
2586565,2586990,MAL,9.78,4.72,2.94,20230228_112602_025480_1.txt
2592980,2594428,MAL,19.55,9.88,6.21,20230228_112602_025480_1.txt
2598510,2598680,MAL,10.22,5.0,3.04,20230228_112602_025480_1.txt
2599793,2601511,MAL,22.27,11.22,7.11,20230228_112602_025480_1.txt
2603370,2603486,MAL,12.14,6.08,3.67,20230228_112602_025480_1.txt
2604044,2606990,MAL,33.65,17.31,10.95,20230228_112602_025480_1.txt
2613377,2616011,MAL,32.12,16.26,10.17,20230228_112602_025480_1.txt
2630870,2631852,FEM,10.95,5.26,3.37,20230228_112602_025480_1.txt
2644483,2647011,MAL,25.83,13.29,8.48,20230228_112602_025480_1.txt
2650730,2652271,MAL,19.09,9.44,5.91,20230228_112602_025480_1.txt
2757491,2758693,MAL,14.98,7.42,4.7,20230228_112602_025480_1.txt
2765698,2765887,MAL,9.11,4.38,2.67,20230228_112602_025480_1.txt
2766493,2767592,MAL,14.48,7.21,4.57,20230228_112602_025480_1.txt
2771552,2771937,MAL,9.59,4.64,2.87,20230228_112602_025480_1.txt
2777255,2779025,FEM,19.11,9.36,6.06,20230228_112602_025480_1.txt
2779532,2782988,MAL,40.36,20.57,13.0,20230228_112602_025480_1.txt
2783627,2784923,MAL,16.08,7.93,5.02,20230228_112602_025480_1.txt
2783992,2787082,FEM,34.16,17.5,11.14,20230228_112602_025480_1.txt
2787276,2787993,FEM,13.13,6.48,4.05,20230228_112602_025480_1.txt
2787458,2789491,MAL,25.79,13.06,8.28,20230228_112602_025480_1.txt
2797377,2798492,FEM,14.33,7.05,4.57,20230228_112602_025480_1.txt
2800688,2806491,MAL,60.32,31.0,19.94,20230228_112602_025480_1.txt
2807112,2807223,MAL,7.65,3.58,2.17,20230228_112602_025480_1.txt
2807435,2809541,MAL,23.27,11.55,7.4,20230228_112602_025480_1.txt
2813834,2814988,MAL,12.18,5.77,3.75,20230228_112602_025480_1.txt
2814121,2814492,FEM,5.73,2.46,1.58,20230228_112602_025480_1.txt
2823992,2828685,MAL,41.04,21.09,13.96,20230228_112602_025480_1.txt
2855476,2858412,MAL,25.57,13.0,8.57,20230228_112602_025480_1.txt
2859011,2860830,FEM,21.2,10.57,6.72,20230228_112602_025480_1.txt
2861514,2862634,MAL,12.77,6.2,4.0,20230228_112602_025480_1.txt
2864282,2868011,MAL,37.24,18.73,12.12,20230228_112602_025480_1.txt
2872493,2875485,MAL,26.23,13.06,8.69,20230228_112602_025480_1.txt
2880993,2882512,MAL,16.91,8.1,5.24,20230228_112602_025480_1.txt
2881848,2884492,FEM,28.36,14.21,9.19,20230228_112602_025480_1.txt
2886011,2889491,MAL,36.02,18.18,11.67,20230228_112602_025480_1.txt
2893504,2895988,MAL,23.59,11.79,7.73,20230228_112602_025480_1.txt
2896209,2899822,MAL,31.07,15.82,10.57,20230228_112602_025480_1.txt
2901324,2902510,FEM,11.84,5.6,3.7,20230228_112602_025480_1.txt
2901653,2909491,MAL,66.93,34.99,23.12,20230228_112602_025480_1.txt
2903511,2904005,FEM,8.1,3.74,2.39,20230228_112602_025480_1.txt
2930511,2934072,MAL,32.26,16.43,10.85,20230228_112602_025480_1.txt
2933992,2935518,FEM,18.47,9.11,5.86,20230228_112602_025480_1.txt
2934242,2935540,MAL,16.11,7.89,5.09,20230228_112602_025480_1.txt
2939993,2941481,MAL,16.31,8.04,5.24,20230228_112602_025480_1.txt
2942028,2943580,MAL,17.4,8.61,5.61,20230228_112602_025480_1.txt
2943898,2944011,MAL,10.35,5.08,3.07,20230228_112602_025480_1.txt
2946481,2951991,MAL,46.37,23.79,15.93,20230228_112602_025480_1.txt
2950649,2951012,FEM,5.84,2.51,1.61,20230228_112602_025480_1.txt
3075492,3077991,FEM,22.6,11.31,7.45,20230228_112602_025480_1.txt
3101011,3103492,MAL,23.57,11.88,7.77,20230228_112602_025480_1.txt
3105268,3105386,FEM,5.86,2.58,1.58,20230228_112602_025480_1.txt
3129675,3131011,FEM,14.98,7.29,4.72,20230228_112602_025480_1.txt
3142106,3143778,MAL,16.87,8.3,5.4,20230228_112602_025480_1.txt
3236993,3238011,FEM,9.69,4.47,2.96,20230228_112602_025480_1.txt
3252511,3256011,FEM,28.85,14.47,9.71,20230228_112602_025480_1.txt
3291481,3294247,MAL,23.1,11.36,7.72,20230228_112602_025480_1.txt
3310659,3310789,MAL,9.17,4.39,2.68,20230228_112602_025480_1.txt
3311564,3311871,MAL,8.15,3.81,2.37,20230228_112602_025480_1.txt
3313992,3314491,FEM,10.75,5.2,3.27,20230228_112602_025480_1.txt
3314562,3316012,MAL,15.21,7.4,4.87,20230228_112602_025480_1.txt
3316530,3318992,FEM,20.19,9.77,6.7,20230228_112602_025480_1.txt
3318469,3319993,MAL,13.92,6.46,4.4,20230228_112602_025480_1.txt
3335055,3336511,FEM,11.01,5.1,3.47,20230228_112602_025480_1.txt
3338493,3340493,FEM,15.69,7.65,5.12,20230228_112602_025480_1.txt
3341184,3341302,MAL,4.69,1.92,1.19,20230228_112602_025480_1.txt
3342492,3344492,MAL,15.39,7.41,5.02,20230228_112602_025480_1.txt
3344011,3346466,FEM,18.77,9.25,6.22,20230228_112602_025480_1.txt
3344919,3346522,MAL,12.31,5.81,3.93,20230228_112602_025480_1.txt
3346792,3346912,FEM,4.77,1.97,1.22,20230228_112602_025480_1.txt
3346824,3347750,MAL,6.83,2.98,2.04,20230228_112602_025480_1.txt
3348689,3349492,FEM,5.69,2.35,1.64,20230228_112602_025480_1.txt
3350040,3352492,FEM,18.86,9.3,6.25,20230228_112602_025480_1.txt
3351092,3352813,MAL,12.85,6.06,4.13,20230228_112602_025480_1.txt
3354510,3357492,FEM,22.43,11.14,7.53,20230228_112602_025480_1.txt
3358014,3359511,FEM,11.58,5.42,3.66,20230228_112602_025480_1.txt
3361492,3371011,FEM,78.39,40.99,27.22,20230228_112602_025480_1.txt
3363088,3364011,MAL,7.34,3.17,2.16,20230228_112602_025480_1.txt
3373994,3376525,MAL,19.46,9.58,6.47,20230228_112602_025480_1.txt
3374344,3374467,FEM,5.7,2.44,1.53,20230228_112602_025480_1.txt
3378248,3379011,MAL,6.74,2.88,1.93,20230228_112602_025480_1.txt
3378993,3379992,FEM,7.93,3.48,2.37,20230228_112602_025480_1.txt
3380537,3382203,MAL,13.14,6.3,4.21,20230228_112602_025480_1.txt
3383011,3385011,FEM,14.33,6.78,4.67,20230228_112602_025480_1.txt
3384923,3388455,MAL,27.84,13.96,9.37,20230228_112602_025480_1.txt
3388920,3390157,MAL,9.76,4.48,3.02,20230228_112602_025480_1.txt
3392332,3395992,FEM,28.85,14.67,9.78,20230228_112602_025480_1.txt
3396269,3397432,MAL,9.0,4.06,2.75,20230228_112602_025480_1.txt
3397783,3399270,MAL,11.99,5.67,3.8,20230228_112602_025480_1.txt
3400441,3400935,MAL,4.48,1.74,1.18,20230228_112602_025480_1.txt
3404012,3404292,FEM,4.15,1.59,1.04,20230228_112602_025480_1.txt
3404492,3408245,FEM,28.57,14.37,9.71,20230228_112602_025480_1.txt
3405201,3405368,MAL,3.69,1.36,0.86,20230228_112602_025480_1.txt
3408492,3410011,MAL,11.58,5.42,3.67,20230228_112602_025480_1.txt
3408517,3408944,FEM,4.35,1.65,1.13,20230228_112602_025480_1.txt
3409548,3410010,FEM,5.05,2.06,1.37,20230228_112602_025480_1.txt
3412493,3416011,FEM,27.64,13.87,9.31,20230228_112602_025480_1.txt
3414256,3414948,MAL,5.41,2.2,1.53,20230228_112602_025480_1.txt
3418674,3418876,FEM,4.96,2.05,1.29,20230228_112602_025480_1.txt
3418855,3419051,MAL,3.61,1.31,0.84,20230228_112602_025480_1.txt
3419415,3420616,MAL,9.65,4.39,2.97,20230228_112602_025480_1.txt
3423949,3424381,MAL,4.7,1.85,1.25,20230228_112602_025480_1.txt
3429493,3431258,FEM,13.51,6.42,4.35,20230228_112602_025480_1.txt
3430991,3433487,MAL,19.11,9.41,6.34,20230228_112602_025480_1.txt
3433622,3433993,MAL,5.42,2.27,1.48,20230228_112602_025480_1.txt
3434238,3437053,MAL,21.36,10.64,7.15,20230228_112602_025480_1.txt
3436511,3438492,FEM,15.08,7.3,4.91,20230228_112602_025480_1.txt
3439314,3442638,FEM,26.46,13.46,8.93,20230228_112602_025480_1.txt
3442770,3444928,MAL,16.4,7.97,5.38,20230228_112602_025480_1.txt
3443028,3443192,FEM,3.81,1.43,0.91,20230228_112602_025480_1.txt
3447519,3447683,FEM,3.61,1.32,0.84,20230228_112602_025480_1.txt
3447993,3448359,FEM,4.58,1.82,1.2,20230228_112602_025480_1.txt
3448492,3450011,FEM,11.89,5.65,3.77,20230228_112602_025480_1.txt
3453011,3453235,FEM,4.19,1.62,1.04,20230228_112602_025480_1.txt
3453492,3455622,FEM,16.26,7.91,5.33,20230228_112602_025480_1.txt
3455803,3455967,FEM,4.78,1.95,1.23,20230228_112602_025480_1.txt
3456992,3458992,FEM,15.12,7.3,4.93,20230228_112602_025480_1.txt
3471417,3472492,MAL,10.36,4.76,3.19,20230228_112602_025480_1.txt
3473992,3476518,MAL,21.57,10.77,7.17,20230228_112602_025480_1.txt
3477247,3477375,MAL,5.8,2.54,1.56,20230228_112602_025480_1.txt
3487450,3488174,MAL,9.05,4.16,2.69,20230228_112602_025480_1.txt
3490984,3493512,FEM,21.93,10.84,7.24,20230228_112602_025480_1.txt
3496689,3497951,MAL,13.95,6.74,4.36,20230228_112602_025480_1.txt
3497474,3498512,FEM,13.0,6.22,4.01,20230228_112602_025480_1.txt
3498235,3500328,MAL,19.58,9.49,6.38,20230228_112602_025480_1.txt
3512992,3514139,MAL,10.52,4.87,3.25,20230228_112602_025480_1.txt
3517703,3518511,MAL,9.47,4.48,2.9,20230228_112602_025480_1.txt
3534492,3536152,MAL,13.91,6.62,4.47,20230228_112602_025480_1.txt
3622492,3623734,MAL,9.8,4.47,3.03,20230228_112602_025480_1.txt
3643073,3643512,MAL,6.41,2.82,1.82,20230228_112602_025480_1.txt
3649511,3649982,MAL,6.14,2.64,1.73,20230228_112602_025480_1.txt
3653201,3653535,MAL,5.84,2.53,1.61,20230228_112602_025480_1.txt
3653839,3653971,MAL,7.46,3.46,2.11,20230228_112602_025480_1.txt
3655518,3656495,FEM,8.86,4.02,2.67,20230228_112602_025480_1.txt
3657668,3658017,MAL,6.54,2.91,1.84,20230228_112602_025480_1.txt
3668907,3670377,FEM,15.33,7.42,4.91,20230228_112602_025480_1.txt
3672167,3672493,FEM,8.58,3.96,2.52,20230228_112602_025480_1.txt
3679123,3680802,MAL,16.95,8.35,5.49,20230228_112602_025480_1.txt
3684493,3686489,FEM,15.49,7.15,5.05,20230228_112602_025480_1.txt
3688397,3688510,FEM,8.47,4.02,2.45,20230228_112602_025480_1.txt
3688796,3688899,FEM,7.65,3.57,2.17,20230228_112602_025480_1.txt
3690340,3690985,MAL,9.45,4.46,2.86,20230228_112602_025480_1.txt
3694511,3694702,MAL,8.09,3.8,2.33,20230228_112602_025480_1.txt
3694992,3696043,MAL,12.86,6.19,4.02,20230228_112602_025480_1.txt
3696509,3698937,FEM,20.92,10.09,6.88,20230228_112602_025480_1.txt
3703477,3704989,MAL,15.6,7.6,5.01,20230228_112602_025480_1.txt
3705531,3705835,MAL,6.51,2.86,1.83,20230228_112602_025480_1.txt
3706231,3706704,MAL,6.78,2.98,1.95,20230228_112602_025480_1.txt
3706847,3706985,MAL,9.06,4.33,2.65,20230228_112602_025480_1.txt
3708416,3708985,MAL,9.68,4.53,2.87,20230228_112602_025480_1.txt
3714775,3715853,MAL,13.62,6.48,4.17,20230228_112602_025480_1.txt
3787147,3787334,FEM,6.36,2.79,1.76,20230228_112602_025480_1.txt
3909512,3909984,MAL,8.73,4.11,2.6,20230228_112602_025480_1.txt
3914372,3916267,MAL,18.27,8.96,5.96,20230228_112602_025480_1.txt
3919992,3922371,MAL,21.92,10.79,7.26,20230228_112602_025480_1.txt
3931252,3932491,MAL,13.59,6.51,4.29,20230228_112602_025480_1.txt
3936992,3937115,MAL,9.83,4.78,2.9,20230228_112602_025480_1.txt
3939207,3940513,MAL,13.4,6.48,4.29,20230228_112602_025480_1.txt
3940993,3942490,MAL,15.75,7.69,5.05,20230228_112602_025480_1.txt
3953784,3954557,MAL,10.8,5.09,3.34,20230228_112602_025480_1.txt
3955188,3955993,MAL,10.3,4.83,3.17,20230228_112602_025480_1.txt
3961123,3962163,MAL,12.17,5.82,3.79,20230228_112602_025480_1.txt
3964763,3966521,MAL,16.63,8.1,5.39,20230228_112602_025480_1.txt
3967491,3967991,MAL,8.3,3.84,2.46,20230228_112602_025480_1.txt
3968175,3969987,MAL,17.96,8.94,5.84,20230228_112602_025480_1.txt
3972453,3978477,MAL,49.41,25.21,17.03,20230228_112602_025480_1.txt
3981012,3981771,MAL,10.71,5.06,3.25,20230228_112602_025480_1.txt
3983091,3983277,MAL,7.4,3.42,2.1,20230228_112602_025480_1.txt
3984491,3986011,FEM,15.84,7.76,5.09,20230228_112602_025480_1.txt
3985011,3985347,MAL,8.09,3.75,2.36,20230228_112602_025480_1.txt
3988828,3991130,FEM,22.1,10.87,7.25,20230228_112602_025480_1.txt
3991511,3993821,FEM,22.08,11.01,7.3,20230228_112602_025480_1.txt
4014006,4014175,MAL,4.26,1.68,1.05,20230228_112602_025480_1.txt
4018115,4019222,MAL,8.57,3.92,2.65,20230228_112602_025480_1.txt
4034011,4035511,FEM,12.74,6.14,4.11,20230228_112602_025480_1.txt
4055800,4056475,MAL,7.71,3.45,2.24,20230228_112602_025480_1.txt
4058986,4060388,MAL,12.55,6.01,3.97,20230228_112602_025480_1.txt
4060646,4060762,MAL,6.5,2.93,1.79,20230228_112602_025480_1.txt
4064248,4066011,MAL,16.92,8.26,5.44,20230228_112602_025480_1.txt
4069599,4069702,MAL,5.91,2.61,1.59,20230228_112602_025480_1.txt
4070966,4075512,MAL,37.12,18.91,12.69,20230228_112602_025480_1.txt
4077493,4077923,MAL,5.81,2.47,1.62,20230228_112602_025480_1.txt
4078510,4079730,FEM,11.15,5.18,3.47,20230228_112602_025480_1.txt
4080599,4080748,MAL,6.17,2.74,1.69,20230228_112602_025480_1.txt
4082511,4083551,MAL,10.47,4.93,3.22,20230228_112602_025480_1.txt
4084992,4086202,MAL,11.79,5.61,3.69,20230228_112602_025480_1.txt
4088848,4090448,MAL,14.76,7.19,4.74,20230228_112602_025480_1.txt
4091297,4093194,MAL,16.3,7.77,5.25,20230228_112602_025480_1.txt
4095350,4096091,MAL,8.59,3.97,2.59,20230228_112602_025480_1.txt
4097285,4098294,MAL,9.62,4.45,2.93,20230228_112602_025480_1.txt
4098511,4098720,MAL,6.56,2.94,1.83,20230228_112602_025480_1.txt
4098992,4100956,MAL,17.65,8.73,5.77,20230228_112602_025480_1.txt
4101929,4102076,MAL,7.39,3.42,2.09,20230228_112602_025480_1.txt
4102421,4105992,MAL,30.02,15.21,10.16,20230228_112602_025480_1.txt
4106548,4107490,MAL,8.52,3.81,2.55,20230228_112602_025480_1.txt
4110170,4110406,MAL,7.65,3.55,2.2,20230228_112602_025480_1.txt
4111109,4114962,MAL,32.77,16.83,11.12,20230228_112602_025480_1.txt
4115281,4116013,MAL,9.26,4.29,2.76,20230228_112602_025480_1.txt
4117615,4117878,MAL,6.25,2.77,1.73,20230228_112602_025480_1.txt
4118037,4119988,MAL,16.86,8.25,5.5,20230228_112602_025480_1.txt
4122492,4124760,MAL,19.04,9.42,6.28,20230228_112602_025480_1.txt
4125468,4126268,MAL,9.21,4.29,2.81,20230228_112602_025480_1.txt
4127456,4132731,MAL,44.59,23.11,15.3,20230228_112602_025480_1.txt
4133190,4134118,MAL,10.01,4.66,3.05,20230228_112602_025480_1.txt
4137492,4138491,MAL,10.84,5.1,3.33,20230228_112602_025480_1.txt
4139011,4142003,MAL,24.74,12.32,8.3,20230228_112602_025480_1.txt
4142991,4145111,MAL,18.07,8.88,5.93,20230228_112602_025480_1.txt
4145492,4145811,MAL,6.49,2.89,1.82,20230228_112602_025480_1.txt
4146196,4146836,MAL,8.93,4.19,2.69,20230228_112602_025480_1.txt
4149185,4149990,MAL,10.04,4.76,3.09,20230228_112602_025480_1.txt
4150676,4150779,MAL,7.93,3.73,2.27,20230228_112602_025480_1.txt
4158511,4160566,MAL,19.25,9.28,6.21,20230228_112602_025480_1.txt
4161058,4164487,MAL,33.37,16.29,10.83,20230228_112602_025480_1.txt
4161191,4161807,FEM,10.1,4.82,3.08,20230228_112602_025480_1.txt
4162779,4162944,FEM,8.53,4.05,2.48,20230228_112602_025480_1.txt
4167474,4168660,MAL,11.5,5.41,3.64,20230228_112602_025480_1.txt
4169991,4171510,MAL,13.64,6.33,4.3,20230228_112602_025480_1.txt
4173771,4174510,FEM,7.43,3.31,2.21,20230228_112602_025480_1.txt
4174511,4175012,MAL,7.29,3.22,2.07,20230228_112602_025480_1.txt
4182854,4183509,MAL,9.58,4.47,2.86,20230228_112602_025480_1.txt
4192992,4193107,FEM,8.14,3.84,2.34,20230228_112602_025480_1.txt
4194033,4195018,MAL,9.02,4.16,2.78,20230228_112602_025480_1.txt
4194167,4194493,FEM,5.82,2.5,1.6,20230228_112602_025480_1.txt
4197012,4199962,FEM,25.13,12.59,8.42,20230228_112602_025480_1.txt
4201608,4202992,MAL,13.32,6.47,4.28,20230228_112602_025480_1.txt
4213191,4213601,MAL,8.05,3.74,2.36,20230228_112602_025480_1.txt
4219140,4221011,FEM,16.03,7.84,5.21,20230228_112602_025480_1.txt
4222270,4222400,MAL,7.19,3.32,2.03,20230228_112602_025480_1.txt
4222928,4223483,MAL,7.37,3.28,2.11,20230228_112602_025480_1.txt
4225492,4226999,MAL,15.73,7.64,5.05,20230228_112602_025480_1.txt
4233911,4234714,MAL,10.63,5.02,3.23,20230228_112602_025480_1.txt
4240912,4241557,MAL,9.21,4.34,2.79,20230228_112602_025480_1.txt
4242952,4244518,MAL,16.52,8.09,5.27,20230228_112602_025480_1.txt
4248280,4249083,MAL,9.27,4.23,2.78,20230228_112602_025480_1.txt
4251955,4252510,FEM,7.61,3.42,2.24,20230228_112602_025480_1.txt
4253335,4255370,MAL,18.43,9.05,6.04,20230228_112602_025480_1.txt
4259593,4261993,MAL,19.46,9.32,6.44,20230228_112602_025480_1.txt
4265423,4267208,MAL,17.64,8.77,5.73,20230228_112602_025480_1.txt
4267807,4269489,MAL,15.93,7.79,5.14,20230228_112602_025480_1.txt
4282050,4283511,FEM,12.04,5.34,3.76,20230228_112602_025480_1.txt
4305236,4305992,FEM,7.69,3.45,2.3,20230228_112602_025480_1.txt
4308881,4308992,MAL,7.01,3.22,1.96,20230228_112602_025480_1.txt
4314349,4314619,FEM,6.48,2.89,1.81,20230228_112602_025480_1.txt
4317011,4320572,MAL,29.55,14.75,9.95,20230228_112602_025480_1.txt
4331991,4333510,FEM,14.05,6.4,4.49,20230228_112602_025480_1.txt
4333993,4334440,MAL,9.15,4.29,2.73,20230228_112602_025480_1.txt
4344011,4345992,MAL,17.43,8.18,5.69,20230228_112602_025480_1.txt
4354579,4355490,MAL,11.57,5.44,3.56,20230228_112602_025480_1.txt
4361617,4363075,FEM,13.3,6.09,4.23,20230228_112602_025480_1.txt
4370315,4370507,MAL,9.54,4.59,2.82,20230228_112602_025480_1.txt
4371978,4372201,MAL,8.44,3.91,2.46,20230228_112602_025480_1.txt
4372081,4373514,FEM,14.43,6.71,4.55,20230228_112602_025480_1.txt
4372584,4372972,MAL,8.77,4.1,2.6,20230228_112602_025480_1.txt
4373690,4375511,MAL,16.56,7.85,5.38,20230228_112602_025480_1.txt
4376012,4376223,FEM,11.01,5.4,3.31,20230228_112602_025480_1.txt
4376781,4376992,FEM,9.84,4.74,2.92,20230228_112602_025480_1.txt
4378992,4379708,FEM,10.33,4.82,3.12,20230228_112602_025480_1.txt
4380585,4380752,MAL,8.21,3.87,2.37,20230228_112602_025480_1.txt
4389577,4390773,MAL,15.61,7.59,4.9,20230228_112602_025480_1.txt
4391639,4394057,MAL,21.29,10.26,7.06,20230228_112602_025480_1.txt
4394648,4399834,MAL,43.44,21.99,14.9,20230228_112602_025480_1.txt
4396923,4397343,FEM,10.16,4.86,3.06,20230228_112602_025480_1.txt
4399512,4403012,FEM,30.65,15.22,10.3,20230228_112602_025480_1.txt
4404245,4404539,MAL,9.01,4.28,2.66,20230228_112602_025480_1.txt
4404512,4406010,FEM,17.06,8.37,5.44,20230228_112602_025480_1.txt
4407011,4408807,MAL,17.11,8.24,5.56,20230228_112602_025480_1.txt
4414001,4414468,FEM,10.4,4.89,3.1,20230228_112602_025480_1.txt
4417011,4417207,MAL,9.88,4.78,2.93,20230228_112602_025480_1.txt
4417399,4419547,MAL,20.09,9.7,6.61,20230228_112602_025480_1.txt
4419750,4421490,MAL,16.93,8.0,5.49,20230228_112602_025480_1.txt
4422492,4422804,MAL,10.14,4.82,3.04,20230228_112602_025480_1.txt
4422507,4424692,FEM,20.23,9.76,6.66,20230228_112602_025480_1.txt
4424510,4427335,MAL,26.44,13.13,8.84,20230228_112602_025480_1.txt
4429956,4430879,MAL,12.01,5.71,3.76,20230228_112602_025480_1.txt
4431581,4431824,MAL,10.84,5.28,3.26,20230228_112602_025480_1.txt
4431962,4432402,MAL,10.12,4.77,3.05,20230228_112602_025480_1.txt
4432624,4434511,MAL,18.47,8.87,6.03,20230228_112602_025480_1.txt
4435702,4435837,FEM,10.39,5.08,3.09,20230228_112602_025480_1.txt
4447992,4448490,MAL,10.09,4.76,3.05,20230228_112602_025480_1.txt
4448684,4451300,MAL,23.52,11.39,7.78,20230228_112602_025480_1.txt
4513492,4515419,FEM,17.32,8.29,5.65,20230228_112602_025480_1.txt
4517512,4521442,FEM,46.35,23.44,14.87,20230228_112602_025480_1.txt
4556944,4557180,MAL,9.1,4.35,2.68,20230228_112602_025480_1.txt
4556989,4558992,FEM,20.45,10.06,6.65,20230228_112602_025480_1.txt
4568992,4569763,FEM,6.83,2.66,2.01,20230228_112602_025480_1.txt
4570992,4573149,FEM,20.73,9.84,6.61,20230228_112602_025480_1.txt
4575012,4575859,FEM,4.48,1.12,1.24,20230228_112602_025480_1.txt
4579011,4580712,FEM,11.0,4.37,3.45,20230228_112602_025480_1.txt
4585823,4585943,FEM,9.1,4.37,2.66,20230228_112602_025480_1.txt
4586765,4587492,FEM,12.04,5.81,3.69,20230228_112602_025480_1.txt
4596492,4601283,FEM,39.25,19.05,13.23,20230228_112602_025480_1.txt
4597925,4599012,MAL,14.17,6.82,4.46,20230228_112602_025480_1.txt
4599796,4602511,MAL,23.94,11.53,7.94,20230228_112602_025480_1.txt
4602439,4603862,FEM,17.05,8.28,5.42,20230228_112602_025480_1.txt
4603046,4603176,MAL,11.63,5.76,3.5,20230228_112602_025480_1.txt
4617992,4621004,FEM,25.39,12.31,8.47,20230228_112602_025480_1.txt
4635559,4639417,MAL,32.21,15.93,10.88,20230228_112602_025480_1.txt
4641600,4642056,MAL,9.71,4.58,2.92,20230228_112602_025480_1.txt
4652713,4653960,FEM,12.36,5.66,3.88,20230228_112602_025480_1.txt
4665992,4668093,MAL,19.33,9.44,6.35,20230228_112602_025480_1.txt
4683864,4684492,MAL,8.7,3.95,2.56,20230228_112602_025480_1.txt
4700965,4701113,MAL,8.19,3.86,2.36,20230228_112602_025480_1.txt
4721755,4723011,MAL,15.08,7.08,4.58,20230228_112602_025480_1.txt
4727415,4728082,MAL,8.53,3.86,2.51,20230228_112602_025480_1.txt
4733994,4734151,FEM,7.65,3.56,2.18,20230228_112602_025480_1.txt
4734526,4734661,FEM,6.11,2.72,1.67,20230228_112602_025480_1.txt
4734796,4734906,MAL,7.21,3.33,2.03,20230228_112602_025480_1.txt
4734848,4735010,FEM,7.91,3.7,2.27,20230228_112602_025480_1.txt
4737709,4738052,MAL,6.08,2.64,1.69,20230228_112602_025480_1.txt
4739437,4740861,FEM,13.89,6.61,4.37,20230228_112602_025480_1.txt
4745110,4745380,MAL,6.4,2.85,1.78,20230228_112602_025480_1.txt
4755952,4756328,FEM,4.31,1.48,1.11,20230228_112602_025480_1.txt
4778720,4778987,MAL,8.6,4.04,2.52,20230228_112602_025480_1.txt
4783492,4787412,MAL,35.09,17.83,11.8,20230228_112602_025480_1.txt
4793592,4794896,MAL,11.66,5.29,3.66,20230228_112602_025480_1.txt
4804476,4805951,MAL,14.22,6.83,4.54,20230228_112602_025480_1.txt
4820492,4821010,FEM,5.11,2.04,1.4,20230228_112602_025480_1.txt
4821188,4821298,FEM,8.53,4.06,2.47,20230228_112602_025480_1.txt
4842011,4843992,FEM,17.2,8.14,5.57,20230228_112602_025480_1.txt
4844477,4844725,MAL,7.22,3.3,2.05,20230228_112602_025480_1.txt
4848441,4854492,MAL,49.75,25.72,17.15,20230228_112602_025480_1.txt
4855012,4860750,MAL,45.97,23.27,15.68,20230228_112602_025480_1.txt
4860906,4872492,MAL,99.01,51.32,34.07,20230228_112602_025480_1.txt
4874354,4875991,MAL,13.48,6.26,4.27,20230228_112602_025480_1.txt
4878492,4886173,MAL,60.87,31.02,20.97,20230228_112602_025480_1.txt
4886907,4887405,MAL,6.24,2.66,1.77,20230228_112602_025480_1.txt
4887528,4890400,MAL,23.02,11.49,7.71,20230228_112602_025480_1.txt
4891512,4897678,MAL,47.94,24.17,16.46,20230228_112602_025480_1.txt
4899493,4901221,MAL,13.97,6.72,4.5,20230228_112602_025480_1.txt
4902512,4904061,MAL,12.82,6.12,4.09,20230228_112602_025480_1.txt
4915011,4917017,MAL,15.23,7.23,4.97,20230228_112602_025480_1.txt
4918661,4919373,MAL,6.55,2.79,1.86,20230228_112602_025480_1.txt
4919498,4919702,MAL,5.18,2.18,1.37,20230228_112602_025480_1.txt
4919992,4922489,MAL,19.62,9.6,6.51,20230228_112602_025480_1.txt
4928270,4928525,MAL,5.25,2.21,1.4,20230228_112602_025480_1.txt
4928759,4928963,MAL,5.1,2.13,1.34,20230228_112602_025480_1.txt
4931780,4932492,MAL,6.69,2.85,1.96,20230228_112602_025480_1.txt
4932834,4932977,MAL,8.55,4.06,2.48,20230228_112602_025480_1.txt
4933092,4933298,MAL,5.19,2.17,1.37,20230228_112602_025480_1.txt
4934012,4937514,MAL,26.62,13.25,9.01,20230228_112602_025480_1.txt
4939054,4939488,MAL,5.77,2.44,1.6,20230228_112602_025480_1.txt
4945011,4945602,MAL,8.6,3.91,2.52,20230228_112602_025480_1.txt
4958260,4959011,FEM,5.38,2.15,1.53,20230228_112602_025480_1.txt
4979730,4980154,MAL,7.58,3.48,2.21,20230228_112602_025480_1.txt
4990012,4992992,MAL,26.76,13.47,8.92,20230228_112602_025480_1.txt
4997764,4998377,MAL,8.7,4.08,2.61,20230228_112602_025480_1.txt
5001991,5003991,MAL,20.36,10.27,6.67,20230228_112602_025480_1.txt
5016317,5016673,MAL,8.14,3.8,2.38,20230228_112602_025480_1.txt
5020350,5022981,MAL,23.91,12.06,7.97,20230228_112602_025480_1.txt
5037166,5037384,MAL,8.25,3.89,2.39,20230228_112602_025480_1.txt
5037491,5038492,FEM,11.3,5.33,3.49,20230228_112602_025480_1.txt
5040492,5042085,MAL,15.54,7.49,5.0,20230228_112602_025480_1.txt
5042388,5042496,MAL,11.6,5.76,3.49,20230228_112602_025480_1.txt
5042682,5042965,MAL,9.61,4.57,2.86,20230228_112602_025480_1.txt
5125518,5127027,FEM,13.59,6.64,4.39,20230228_112602_025480_1.txt
5156801,5157817,FEM,10.2,4.64,3.12,20230228_112602_025480_1.txt
5165135,5165559,MAL,7.72,3.55,2.25,20230228_112602_025480_1.txt
5259511,5267857,MAL,65.83,33.85,22.89,20230228_112602_025480_1.txt
5270201,5270422,MAL,6.51,2.9,1.81,20230228_112602_025480_1.txt
5271510,5273044,MAL,12.88,6.21,4.16,20230228_112602_025480_1.txt
5275010,5275307,MAL,8.62,4.05,2.53,20230228_112602_025480_1.txt
5275518,5275712,MAL,8.87,4.2,2.6,20230228_112602_025480_1.txt
5276051,5276441,MAL,5.9,2.52,1.64,20230228_112602_025480_1.txt
5285491,5291301,MAL,48.7,25.06,16.65,20230228_112602_025480_1.txt
5293011,5296205,MAL,24.91,12.31,8.39,20230228_112602_025480_1.txt
5297392,5298568,MAL,11.45,5.38,3.57,20230228_112602_025480_1.txt
5301593,5302167,MAL,6.72,2.94,1.94,20230228_112602_025480_1.txt
5309388,5312010,MAL,21.82,10.79,7.27,20230228_112602_025480_1.txt
5313276,5314209,MAL,10.01,4.64,3.05,20230228_112602_025480_1.txt
5320247,5321798,MAL,14.27,6.77,4.52,20230228_112602_025480_1.txt
5326810,5327195,MAL,5.62,2.38,1.54,20230228_112602_025480_1.txt
5328172,5329790,MAL,13.94,6.75,4.53,20230228_112602_025480_1.txt
5371491,5372546,MAL,7.51,3.32,2.29,20230228_112602_025480_1.txt
5395493,5396085,MAL,6.78,2.95,1.97,20230228_112602_025480_1.txt
5405869,5407550,MAL,17.94,8.73,5.76,20230228_112602_025480_1.txt
5405989,5406735,FEM,12.3,5.92,3.78,20230228_112602_025480_1.txt
5406851,5406971,FEM,12.36,6.18,3.74,20230228_112602_025480_1.txt
5410511,5411012,MAL,7.79,3.48,2.29,20230228_112602_025480_1.txt
5422349,5423971,MAL,16.61,8.02,5.31,20230228_112602_025480_1.txt
5422511,5423545,FEM,11.44,5.47,3.59,20230228_112602_025480_1.txt
5423821,5423924,FEM,9.44,4.56,2.77,20230228_112602_025480_1.txt
5424200,5424563,MAL,9.19,4.34,2.73,20230228_112602_025480_1.txt
5425223,5425444,MAL,7.88,3.67,2.27,20230228_112602_025480_1.txt
5425566,5426800,MAL,12.78,6.02,4.02,20230228_112602_025480_1.txt
5426511,5430524,FEM,36.12,17.41,11.79,20230228_112602_025480_1.txt
5428492,5429302,MAL,10.78,5.11,3.28,20230228_112602_025480_1.txt
5431565,5432478,MAL,6.92,2.53,2.07,20230228_112602_025480_1.txt
5432014,5432242,FEM,6.97,3.03,1.97,20230228_112602_025480_1.txt
5432481,5435512,FEM,15.62,5.8,5.21,20230228_112602_025480_1.txt
5433991,5435515,MAL,14.17,6.33,4.48,20230228_112602_025480_1.txt
5438011,5439992,FEM,20.01,9.89,6.55,20230228_112602_025480_1.txt
5441806,5442511,FEM,11.11,5.34,3.43,20230228_112602_025480_1.txt
5444429,5444934,MAL,7.6,3.4,2.23,20230228_112602_025480_1.txt
5445122,5445405,MAL,6.19,2.71,1.72,20230228_112602_025480_1.txt
5449869,5450490,MAL,9.28,4.28,2.75,20230228_112602_025480_1.txt
5456094,5456200,FEM,8.16,3.8,2.34,20230228_112602_025480_1.txt
5459154,5460011,FEM,10.41,4.86,3.17,20230228_112602_025480_1.txt
5464913,5466687,MAL,17.07,8.28,5.54,20230228_112602_025480_1.txt
5470568,5472056,MAL,14.65,6.95,4.63,20230228_112602_025480_1.txt
5472186,5473247,MAL,13.93,6.59,4.27,20230228_112602_025480_1.txt
5472993,5477993,FEM,20.92,6.76,7.1,20230228_112602_025480_1.txt
5476992,5479140,MAL,12.45,4.59,3.96,20230228_112602_025480_1.txt
5484515,5484712,FEM,9.72,4.69,2.88,20230228_112602_025480_1.txt
5485992,5487011,FEM,10.88,4.99,3.4,20230228_112602_025480_1.txt
5488217,5488546,MAL,7.82,3.61,2.27,20230228_112602_025480_1.txt
5492991,5493286,FEM,7.27,3.31,2.08,20230228_112602_025480_1.txt
5516200,5518011,FEM,16.36,7.82,5.26,20230228_112602_025480_1.txt
5517492,5519836,MAL,19.92,9.64,6.59,20230228_112602_025480_1.txt
5527492,5528992,FEM,13.81,6.56,4.41,20230228_112602_025480_1.txt
5531993,5533512,FEM,14.35,6.89,4.59,20230228_112602_025480_1.txt
5537444,5538310,MAL,9.89,4.56,3.0,20230228_112602_025480_1.txt
5553534,5554374,MAL,7.86,3.52,2.37,20230228_112602_025480_1.txt
5568671,5568906,MAL,6.99,3.17,1.97,20230228_112602_025480_1.txt
5578991,5579877,MAL,10.33,4.81,3.15,20230228_112602_025480_1.txt
5581011,5583510,FEM,23.19,11.52,7.7,20230228_112602_025480_1.txt
5585525,5587673,FEM,22.28,11.24,7.34,20230228_112602_025480_1.txt
5591492,5594469,FEM,24.26,12.05,8.14,20230228_112602_025480_1.txt
5595510,5598677,FEM,25.41,12.57,8.55,20230228_112602_025480_1.txt
5599336,5599484,MAL,6.98,3.19,1.96,20230228_112602_025480_1.txt
5602492,5602857,FEM,9.38,4.48,2.79,20230228_112602_025480_1.txt
5603264,5604190,MAL,9.37,4.23,2.83,20230228_112602_025480_1.txt
5604694,5604962,FEM,6.62,2.91,1.86,20230228_112602_025480_1.txt
5622510,5624584,FEM,17.14,8.18,5.56,20230228_112602_025480_1.txt
5626614,5628492,MAL,14.65,7.05,4.75,20230228_112602_025480_1.txt
5633032,5633748,MAL,6.59,2.81,1.87,20230228_112602_025480_1.txt
5636469,5638322,MAL,13.79,6.47,4.46,20230228_112602_025480_1.txt
5639763,5640511,MAL,7.51,3.17,2.13,20230228_112602_025480_1.txt
5642075,5642902,MAL,8.39,3.72,2.49,20230228_112602_025480_1.txt
5645884,5646999,MAL,9.59,4.37,2.94,20230228_112602_025480_1.txt
5648682,5649784,MAL,9.4,4.26,2.87,20230228_112602_025480_1.txt
5651756,5651866,MAL,6.23,2.76,1.7,20230228_112602_025480_1.txt
5655508,5656490,MAL,8.76,4.01,2.69,20230228_112602_025480_1.txt
5663577,5663925,MAL,4.74,1.89,1.25,20230228_112602_025480_1.txt
5666031,5666330,MAL,6.78,3.02,1.92,20230228_112602_025480_1.txt
5669615,5669775,MAL,6.56,2.96,1.82,20230228_112602_025480_1.txt
5678011,5678666,MAL,8.01,3.6,2.33,20230228_112602_025480_1.txt
5681489,5682107,MAL,8.07,3.69,2.4,20230228_112602_025480_1.txt
5686991,5688891,MAL,14.8,7.02,4.81,20230228_112602_025480_1.txt
5693993,5697400,FEM,27.26,13.48,9.16,20230228_112602_025480_1.txt
5696533,5696943,MAL,5.46,2.32,1.5,20230228_112602_025480_1.txt
5698492,5702174,FEM,31.27,15.24,10.33,20230228_112602_025480_1.txt
5703011,5705534,MAL,23.66,11.63,7.65,20230228_112602_025480_1.txt
5720590,5722490,MAL,15.77,7.63,5.13,20230228_112602_025480_1.txt
5733511,5734493,FEM,8.54,3.85,2.57,20230228_112602_025480_1.txt
5734780,5734967,FEM,5.15,2.17,1.36,20230228_112602_025480_1.txt
5743011,5743321,MAL,4.58,1.83,1.19,20230228_112602_025480_1.txt
5743474,5744525,MAL,8.82,4.06,2.72,20230228_112602_025480_1.txt
5748992,5750511,FEM,12.63,6.05,4.02,20230228_112602_025480_1.txt
5766992,5768398,MAL,14.07,6.56,4.43,20230228_112602_025480_1.txt
5774993,5776488,MAL,13.54,6.44,4.32,20230228_112602_025480_1.txt
5778079,5778206,MAL,6.63,2.99,1.84,20230228_112602_025480_1.txt
5779996,5780268,MAL,7.0,3.18,1.98,20230228_112602_025480_1.txt
5824459,5825650,MAL,15.81,7.7,4.92,20230228_112602_025480_1.txt
5831992,5832493,FEM,9.3,4.4,2.79,20230228_112602_025480_1.txt
5851158,5853210,MAL,16.73,8.18,5.48,20230228_112602_025480_1.txt
5932865,5934011,MAL,9.49,4.35,2.91,20230228_112602_025480_1.txt
5936512,5937793,MAL,9.05,4.14,2.84,20230228_112602_025480_1.txt
5942143,5942288,MAL,5.12,2.16,1.34,20230228_112602_025480_1.txt
6013207,6013492,FEM,8.02,3.73,2.33,20230228_112602_025480_1.txt
6014993,6016993,FEM,19.63,9.52,6.32,20230228_112602_025480_1.txt
6028511,6029638,MAL,11.97,5.74,3.73,20230228_112602_025480_1.txt
6088471,6089532,MAL,10.91,5.17,3.37,20230228_112602_025480_1.txt
6091202,6091511,FEM,7.42,3.41,2.13,20230228_112602_025480_1.txt
6182841,6182989,MAL,7.01,3.21,1.97,20230228_112602_025480_1.txt
6245330,6245490,MAL,9.84,4.79,2.91,20230228_112602_025480_1.txt
6311282,6313260,MAL,16.44,8.01,5.37,20230228_112602_025480_1.txt
6323807,6323981,MAL,7.03,3.22,1.98,20230228_112602_025480_1.txt
6333101,6333913,MAL,10.39,4.97,3.2,20230228_112602_025480_1.txt
6344509,6345265,MAL,10.92,5.32,3.37,20230228_112602_025480_1.txt
6346299,6346728,MAL,8.88,4.22,2.64,20230228_112602_025480_1.txt
6348491,6349817,FEM,16.45,8.01,5.05,20230228_112602_025480_1.txt
6356510,6358945,MAL,24.25,12.33,7.99,20230228_112602_025480_1.txt
6362626,6362737,MAL,8.6,4.11,2.49,20230228_112602_025480_1.txt
6363510,6365980,MAL,24.28,12.41,8.06,20230228_112602_025480_1.txt
6368114,6369329,MAL,14.15,6.98,4.47,20230228_112602_025480_1.txt
6370340,6373592,MAL,31.4,16.19,10.51,20230228_112602_025480_1.txt
6382461,6383507,MAL,12.05,5.88,3.8,20230228_112602_025480_1.txt
6397773,6398534,MAL,8.09,3.65,2.43,20230228_112602_025480_1.txt
6401059,6402033,MAL,10.21,4.68,3.12,20230228_112602_025480_1.txt
6404010,6406521,MAL,21.88,10.91,7.27,20230228_112602_025480_1.txt
6412591,6412712,MAL,7.48,3.48,2.12,20230228_112602_025480_1.txt
6417827,6418865,MAL,11.72,5.61,3.63,20230228_112602_025480_1.txt
6428455,6428904,MAL,6.77,3.0,1.94,20230228_112602_025480_1.txt
6431010,6434512,MAL,30.46,15.52,10.24,20230228_112602_025480_1.txt
6442791,6443809,MAL,10.38,4.83,3.19,20230228_112602_025480_1.txt
6444664,6444904,MAL,5.2,2.18,1.38,20230228_112602_025480_1.txt
6451993,6455493,MAL,27.89,14.04,9.39,20230228_112602_025480_1.txt
6463773,6464510,MAL,10.34,4.9,3.12,20230228_112602_025480_1.txt
6467042,6467992,MAL,12.07,5.83,3.74,20230228_112602_025480_1.txt
6470012,6472428,MAL,22.11,11.16,7.33,20230228_112602_025480_1.txt
6475088,6475447,MAL,5.76,2.49,1.59,20230228_112602_025480_1.txt
6478010,6478739,MAL,9.32,4.4,2.84,20230228_112602_025480_1.txt
6479013,6479437,MAL,7.59,3.48,2.21,20230228_112602_025480_1.txt
6481109,6482613,MAL,16.07,7.91,5.16,20230228_112602_025480_1.txt
6503549,6504340,MAL,8.74,3.97,2.55,20230228_112602_025480_1.txt
6504465,6507977,MAL,30.32,15.48,10.25,20230228_112602_025480_1.txt
6517010,6517518,MAL,5.89,2.53,1.66,20230228_112602_025480_1.txt
6524528,6525274,MAL,8.31,3.83,2.5,20230228_112602_025480_1.txt
6526511,6526864,MAL,5.91,2.57,1.64,20230228_112602_025480_1.txt
6527039,6527253,MAL,5.89,2.58,1.61,20230228_112602_025480_1.txt
6533389,6535984,MAL,22.89,11.61,7.57,20230228_112602_025480_1.txt
6543992,6545384,MAL,13.54,6.52,4.25,20230228_112602_025480_1.txt
6551049,6553491,MAL,22.44,11.37,7.39,20230228_112602_025480_1.txt
6554512,6556991,MAL,21.73,11.04,7.21,20230228_112602_025480_1.txt
6558874,6560011,MAL,11.36,5.43,3.53,20230228_112602_025480_1.txt
6562011,6569721,MAL,68.13,36.09,23.55,20230228_112602_025480_1.txt
6617992,6619762,FEM,14.65,7.19,4.73,20230228_112602_025480_1.txt
6627493,6629493,FEM,16.36,8.07,5.34,20230228_112602_025480_1.txt
6638186,6638591,MAL,4.67,1.88,1.23,20230228_112602_025480_1.txt
6638768,6639011,MAL,4.99,2.08,1.31,20230228_112602_025480_1.txt
6672011,6673528,MAL,13.61,6.69,4.4,20230228_112602_025480_1.txt
6687492,6691836,MAL,38.18,19.75,13.01,20230228_112602_025480_1.txt
6691511,6693011,FEM,16.6,8.2,5.28,20230228_112602_025480_1.txt
6692510,6695598,MAL,28.56,14.71,9.59,20230228_112602_025480_1.txt
6697151,6698643,MAL,14.25,6.92,4.5,20230228_112602_025480_1.txt
6698187,6699773,FEM,16.9,8.2,5.24,20230228_112602_025480_1.txt
6698822,6698960,MAL,4.52,1.83,1.14,20230228_112602_025480_1.txt
6699404,6701977,MAL,25.36,12.65,8.17,20230228_112602_025480_1.txt
6701010,6702704,FEM,16.76,8.15,5.27,20230228_112602_025480_1.txt
6702477,6703382,MAL,9.39,4.37,2.84,20230228_112602_025480_1.txt
6705992,6706864,MAL,9.74,4.57,2.95,20230228_112602_025480_1.txt
6707507,6712465,MAL,54.78,27.79,17.64,20230228_112602_025480_1.txt
6711512,6714295,FEM,29.32,14.49,9.37,20230228_112602_025480_1.txt
6715511,6719510,MAL,34.96,17.98,11.82,20230228_112602_025480_1.txt
6721512,6726026,MAL,39.05,20.15,13.27,20230228_112602_025480_1.txt
6728511,6738491,MAL,92.9,47.75,31.34,20230228_112602_025480_1.txt
6738209,6739510,FEM,14.05,6.7,4.4,20230228_112602_025480_1.txt
6746542,6746743,MAL,8.11,3.82,2.34,20230228_112602_025480_1.txt
6757511,6760511,MAL,26.14,13.25,8.82,20230228_112602_025480_1.txt
6780701,6783990,MAL,30.99,15.32,10.06,20230228_112602_025480_1.txt
6781226,6781992,FEM,8.31,3.58,2.35,20230228_112602_025480_1.txt
6786465,6788407,MAL,16.77,8.2,5.52,20230228_112602_025480_1.txt
6790839,6793988,MAL,26.28,13.2,8.79,20230228_112602_025480_1.txt
6794511,6795792,FEM,13.14,6.18,4.09,20230228_112602_025480_1.txt
6798716,6799533,FEM,8.87,3.94,2.65,20230228_112602_025480_1.txt
6801823,6804493,MAL,22.69,10.89,7.41,20230228_112602_025480_1.txt
6813923,6814078,MAL,6.82,3.06,1.91,20230228_112602_025480_1.txt
6820013,6822490,MAL,22.09,10.88,7.33,20230228_112602_025480_1.txt
6828707,6829129,MAL,6.68,2.98,1.91,20230228_112602_025480_1.txt
6831992,6833153,FEM,15.01,7.24,4.65,20230228_112602_025480_1.txt
6835011,6835571,FEM,9.83,4.68,2.97,20230228_112602_025480_1.txt
6843992,6849048,FEM,43.27,22.0,14.72,20230228_112602_025480_1.txt
6866993,6867157,MAL,4.06,1.57,0.99,20230228_112602_025480_1.txt
6908333,6908492,FEM,7.73,3.61,2.21,20230228_112602_025480_1.txt
6909295,6909423,MAL,9.27,4.47,2.72,20230228_112602_025480_1.txt
6910009,6911992,FEM,18.21,8.73,5.9,20230228_112602_025480_1.txt
6913492,6915654,FEM,23.52,11.39,7.44,20230228_112602_025480_1.txt
6913493,6914511,MAL,14.88,7.07,4.47,20230228_112602_025480_1.txt
6914683,6914793,MAL,9.85,4.76,2.91,20230228_112602_025480_1.txt
6919012,6920512,FEM,14.29,6.85,4.57,20230228_112602_025480_1.txt
6928011,6930645,FEM,21.32,10.36,7.05,20230228_112602_025480_1.txt
6936712,6938011,FEM,14.43,6.95,4.53,20230228_112602_025480_1.txt
6938801,6940510,MAL,15.46,7.39,4.99,20230228_112602_025480_1.txt
6947478,6948489,MAL,9.76,4.48,2.98,20230228_112602_025480_1.txt
6981491,6982510,FEM,10.01,4.53,3.06,20230228_112602_025480_1.txt
6986046,6986439,MAL,7.26,3.29,2.09,20230228_112602_025480_1.txt
7010297,7011107,FEM,7.65,3.19,2.24,20230228_112602_025480_1.txt
7021463,7022492,FEM,8.23,3.46,2.47,20230228_112602_025480_1.txt
7028492,7030011,FEM,12.54,5.77,3.99,20230228_112602_025480_1.txt
7038492,7039289,FEM,7.67,3.25,2.25,20230228_112602_025480_1.txt
7047084,7047992,FEM,9.9,4.55,2.95,20230228_112602_025480_1.txt
7049479,7050378,MAL,8.43,3.77,2.52,20230228_112602_025480_1.txt
7053504,7056493,FEM,25.49,12.6,8.45,20230228_112602_025480_1.txt
7068992,7069478,FEM,7.51,3.37,2.19,20230228_112602_025480_1.txt
7072491,7074010,FEM,13.69,6.49,4.32,20230228_112602_025480_1.txt
7082839,7083534,FEM,8.54,3.8,2.47,20230228_112602_025480_1.txt
7096992,7098992,FEM,18.82,9.18,6.06,20230228_112602_025480_1.txt
7107510,7109010,FEM,16.83,7.94,5.15,20230228_112602_025480_1.txt
7129510,7131511,FEM,17.18,8.15,5.51,20230228_112602_025480_1.txt
7134927,7136287,FEM,11.17,5.07,3.51,20230228_112602_025480_1.txt
7135282,7135645,MAL,5.42,2.23,1.47,20230228_112602_025480_1.txt
7139011,7141834,FEM,21.75,10.32,7.17,20230228_112602_025480_1.txt
7158011,7158337,FEM,5.91,2.52,1.63,20230228_112602_025480_1.txt
7158645,7160005,FEM,8.95,3.69,2.76,20230228_112602_025480_1.txt
7164443,7166510,FEM,16.84,7.94,5.46,20230228_112602_025480_1.txt
7170662,7171099,MAL,6.88,3.06,1.97,20230228_112602_025480_1.txt
7171011,7179092,FEM,61.11,30.73,21.17,20230228_112602_025480_1.txt
7179644,7181677,FEM,15.41,7.05,4.98,20230228_112602_025480_1.txt
7184492,7185508,FEM,9.59,4.28,2.92,20230228_112602_025480_1.txt
7196158,7196703,FEM,6.41,2.71,1.78,20230228_112602_025480_1.txt
7198448,7201511,FEM,30.11,14.93,9.68,20230228_112602_025480_1.txt
7203381,7203751,MAL,4.88,1.99,1.3,20230228_112602_025480_1.txt
7206865,7208252,FEM,13.75,6.49,4.21,20230228_112602_025480_1.txt
7207495,7207853,MAL,4.24,1.63,1.08,20230228_112602_025480_1.txt
7209005,7209177,MAL,7.07,3.24,1.99,20230228_112602_025480_1.txt
7218283,7219991,MAL,17.85,8.86,5.74,20230228_112602_025480_1.txt
7222480,7222784,MAL,6.06,2.66,1.68,20230228_112602_025480_1.txt
7222993,7223250,MAL,6.38,2.84,1.78,20230228_112602_025480_1.txt
7238511,7240492,FEM,16.73,8.11,5.46,20230228_112602_025480_1.txt
7248535,7251009,MAL,22.44,11.07,7.24,20230228_112602_025480_1.txt
7251512,7252248,MAL,8.35,3.76,2.46,20230228_112602_025480_1.txt
7252991,7253097,MAL,5.74,2.51,1.54,20230228_112602_025480_1.txt
7252991,7255492,FEM,23.95,11.79,7.64,20230228_112602_025480_1.txt
7254239,7254340,MAL,4.07,1.58,0.98,20230228_112602_025480_1.txt
7255011,7257230,MAL,18.34,9.07,6.04,20230228_112602_025480_1.txt
7276880,7278622,FEM,13.89,6.53,4.48,20230228_112602_025480_1.txt
7291510,7293491,FEM,19.63,9.72,6.32,20230228_112602_025480_1.txt
7304492,7305218,MAL,11.08,5.27,3.32,20230228_112602_025480_1.txt
7315512,7317512,FEM,18.62,9.11,6.04,20230228_112602_025480_1.txt
7317559,7322515,MAL,43.74,22.66,14.96,20230228_112602_025480_1.txt
7322648,7323011,MAL,8.37,3.9,2.46,20230228_112602_025480_1.txt
7322992,7323304,FEM,8.84,4.17,2.6,20230228_112602_025480_1.txt
7323166,7324518,MAL,15.95,7.7,4.94,20230228_112602_025480_1.txt
7323696,7324012,FEM,6.82,3.07,1.93,20230228_112602_025480_1.txt
7327493,7329493,FEM,20.55,10.26,6.68,20230228_112602_025480_1.txt
7328011,7330490,MAL,27.82,13.9,8.92,20230228_112602_025480_1.txt
7329709,7331105,FEM,16.73,8.14,5.26,20230228_112602_025480_1.txt
7332633,7332820,MAL,9.03,4.33,2.65,20230228_112602_025480_1.txt
7332992,7336510,FEM,30.13,15.3,10.19,20230228_112602_025480_1.txt
7336533,7336825,MAL,7.38,3.37,2.11,20230228_112602_025480_1.txt
7340011,7340178,MAL,8.02,3.76,2.31,20230228_112602_025480_1.txt
7343511,7345124,FEM,18.16,8.86,5.66,20230228_112602_025480_1.txt
7344511,7347916,MAL,37.17,18.76,11.99,20230228_112602_025480_1.txt
7347490,7349010,FEM,16.19,7.91,5.15,20230228_112602_025480_1.txt
7351493,7353511,MAL,20.15,10.12,6.61,20230228_112602_025480_1.txt
7359144,7359512,FEM,6.64,2.92,1.88,20230228_112602_025480_1.txt
7360860,7364203,FEM,32.18,15.84,10.42,20230228_112602_025480_1.txt
7366391,7368126,MAL,17.82,8.73,5.73,20230228_112602_025480_1.txt
7369471,7371207,FEM,17.42,8.56,5.65,20230228_112602_025480_1.txt
7372004,7375992,FEM,35.12,17.75,11.82,20230228_112602_025480_1.txt
7378798,7380377,FEM,18.34,8.9,5.72,20230228_112602_025480_1.txt
7378992,7379125,MAL,8.74,4.18,2.54,20230228_112602_025480_1.txt
7379492,7382433,MAL,30.91,15.42,9.98,20230228_112602_025480_1.txt
7384299,7392492,MAL,77.76,40.65,26.42,20230228_112602_025480_1.txt
7392868,7396106,MAL,30.49,15.58,10.21,20230228_112602_025480_1.txt
7400492,7400976,MAL,10.01,4.74,2.97,20230228_112602_025480_1.txt
7400511,7403511,FEM,26.95,13.62,9.04,20230228_112602_025480_1.txt
7404996,7405853,MAL,11.8,5.69,3.63,20230228_112602_025480_1.txt
7408846,7413492,FEM,40.08,20.56,13.69,20230228_112602_025480_1.txt
7415442,7417990,MAL,25.81,13.08,8.53,20230228_112602_025480_1.txt
7421510,7424488,MAL,25.59,12.89,8.58,20230228_112602_025480_1.txt
7426264,7426392,MAL,7.68,3.57,2.19,20230228_112602_025480_1.txt
7435611,7436011,FEM,6.65,2.97,1.89,20230228_112602_025480_1.txt
7438011,7441491,MAL,27.47,13.84,9.29,20230228_112602_025480_1.txt
7442493,7445352,MAL,23.62,11.77,7.85,20230228_112602_025480_1.txt
7447748,7449066,MAL,11.86,5.61,3.73,20230228_112602_025480_1.txt
7452832,7456155,FEM,31.51,16.19,10.51,20230228_112602_025480_1.txt
7473992,7475339,FEM,15.26,7.56,4.86,20230228_112602_025480_1.txt
7505020,7505179,MAL,10.06,4.92,2.99,20230228_112602_025480_1.txt
7505288,7505885,MAL,11.14,5.4,3.37,20230228_112602_025480_1.txt
7509524,7509676,FEM,8.33,3.95,2.41,20230228_112602_025480_1.txt
7510011,7512011,FEM,24.18,12.1,7.63,20230228_112602_025480_1.txt
7519011,7520491,MAL,17.02,8.6,5.47,20230228_112602_025480_1.txt
7520669,7520821,MAL,8.84,4.24,2.58,20230228_112602_025480_1.txt
7534492,7535494,FEM,12.35,6.01,3.84,20230228_112602_025480_1.txt
7537011,7539510,MAL,30.34,15.55,9.82,20230228_112602_025480_1.txt
7541512,7543010,MAL,18.39,9.21,5.83,20230228_112602_025480_1.txt
7560010,7561011,FEM,12.84,6.24,3.95,20230228_112602_025480_1.txt
7564470,7564991,FEM,8.73,4.07,2.55,20230228_112602_025480_1.txt
7567493,7569405,FEM,21.43,10.78,6.81,20230228_112602_025480_1.txt
7576011,7578011,FEM,23.28,11.65,7.33,20230228_112602_025480_1.txt
7606992,7607606,FEM,6.94,3.04,1.97,20230228_112602_025480_1.txt
7608126,7608241,FEM,7.2,3.33,2.02,20230228_112602_025480_1.txt
7610012,7610488,MAL,7.37,3.32,2.09,20230228_112602_025480_1.txt
7659117,7659368,MAL,7.63,3.56,2.19,20230228_112602_025480_1.txt
7659530,7659704,MAL,7.98,3.76,2.29,20230228_112602_025480_1.txt
7669922,7670140,MAL,7.93,3.72,2.29,20230228_112602_025480_1.txt
7670557,7670675,MAL,9.46,4.59,2.78,20230228_112602_025480_1.txt
7670916,7672968,MAL,23.03,11.66,7.41,20230228_112602_025480_1.txt
7673159,7673684,MAL,9.55,4.6,2.88,20230228_112602_025480_1.txt
7674153,7680493,MAL,72.48,37.7,23.77,20230228_112602_025480_1.txt
7682828,7684151,MAL,16.64,8.32,5.27,20230228_112602_025480_1.txt
7682992,7686460,FEM,39.4,20.17,12.79,20230228_112602_025480_1.txt
7686110,7689490,MAL,39.93,20.43,12.9,20230228_112602_025480_1.txt
7690316,7692132,MAL,24.73,12.3,7.68,20230228_112602_025480_1.txt
7693048,7693271,MAL,7.73,3.6,2.22,20230228_112602_025480_1.txt
7695149,7696987,FEM,18.07,9.06,5.88,20230228_112602_025480_1.txt
7698098,7698511,FEM,9.03,4.3,2.68,20230228_112602_025480_1.txt
7698706,7700493,MAL,22.57,11.26,7.06,20230228_112602_025480_1.txt
7701991,7703992,FEM,21.92,11.06,7.04,20230228_112602_025480_1.txt
7712013,7713150,FEM,12.67,6.06,3.86,20230228_112602_025480_1.txt
7717319,7717989,MAL,8.48,3.97,2.55,20230228_112602_025480_1.txt
7764815,7765919,MAL,13.43,6.58,4.16,20230228_112602_025480_1.txt
7887346,7887454,MAL,6.83,3.12,1.9,20230228_112602_025480_1.txt
7887569,7887775,MAL,6.29,2.82,1.74,20230228_112602_025480_1.txt
8021106,8021459,MAL,6.33,2.83,1.78,20230228_112602_025480_1.txt
8022011,8023192,MAL,13.07,6.43,4.11,20230228_112602_025480_1.txt
8031155,8031263,MAL,9.22,4.45,2.7,20230228_112602_025480_1.txt
8031629,8031788,MAL,9.08,4.37,2.66,20230228_112602_025480_1.txt
8032389,8033844,MAL,17.83,8.91,5.64,20230228_112602_025480_1.txt
8034410,8038068,MAL,44.78,23.01,14.41,20230228_112602_025480_1.txt
8038170,8039230,MAL,11.63,5.68,3.66,20230228_112602_025480_1.txt
8044523,8047321,MAL,29.51,15.25,9.81,20230228_112602_025480_1.txt
8047531,8048992,FEM,18.32,9.13,5.8,20230228_112602_025480_1.txt
8058015,8058170,MAL,7.91,3.7,2.27,20230228_112602_025480_1.txt
8058061,8058275,FEM,8.17,3.84,2.37,20230228_112602_025480_1.txt
8063886,8064095,MAL,10.43,5.11,3.12,20230228_112602_025480_1.txt
8064736,8066010,FEM,16.76,8.43,5.35,20230228_112602_025480_1.txt
8064959,8065079,MAL,10.9,5.38,3.26,20230228_112602_025480_1.txt
8066491,8070636,MAL,49.23,25.34,15.97,20230228_112602_025480_1.txt
8070003,8072499,FEM,31.08,15.85,9.96,20230228_112602_025480_1.txt
8071993,8075976,MAL,45.93,23.74,14.95,20230228_112602_025480_1.txt
8081114,8081278,MAL,8.51,4.06,2.47,20230228_112602_025480_1.txt
8081468,8082487,MAL,12.76,6.27,3.98,20230228_112602_025480_1.txt
8089991,8090514,MAL,9.34,4.42,2.76,20230228_112602_025480_1.txt
8174041,8174183,MAL,9.55,4.64,2.81,20230228_112602_025480_1.txt
8174491,8175277,MAL,12.44,6.11,3.83,20230228_112602_025480_1.txt
8179010,8183462,MAL,49.77,25.89,16.41,20230228_112602_025480_1.txt
8184029,8184512,FEM,10.93,5.3,3.28,20230228_112602_025480_1.txt
8184584,8184700,MAL,11.7,5.83,3.52,20230228_112602_025480_1.txt
8184616,8184910,FEM,10.96,5.4,3.31,20230228_112602_025480_1.txt
8185254,8185411,FEM,11.92,5.95,3.6,20230228_112602_025480_1.txt
8185286,8186781,MAL,20.37,10.22,6.43,20230228_112602_025480_1.txt
8185847,8186011,FEM,9.96,4.85,2.95,20230228_112602_025480_1.txt
8186125,8187180,FEM,14.46,7.17,4.55,20230228_112602_025480_1.txt
8187013,8189011,MAL,24.72,12.51,7.92,20230228_112602_025480_1.txt
8187370,8187492,FEM,9.37,4.53,2.75,20230228_112602_025480_1.txt
8189444,8190990,FEM,17.97,9.09,5.8,20230228_112602_025480_1.txt
8193462,8194613,MAL,13.99,6.95,4.41,20230228_112602_025480_1.txt
8369492,8369593,MAL,9.12,4.4,2.66,20230228_112602_025480_1.txt
8369921,8370024,MAL,9.61,4.67,2.83,20230228_112602_025480_1.txt
8372494,8373213,FEM,11.66,5.69,3.56,20230228_112602_025480_1.txt
8378920,8379835,MAL,12.21,5.99,3.78,20230228_112602_025480_1.txt
8384514,8384742,MAL,9.19,4.43,2.71,20230228_112602_025480_1.txt
8386970,8387996,MAL,15.21,7.51,4.69,20230228_112602_025480_1.txt
8388115,8388493,MAL,9.59,4.64,2.87,20230228_112602_025480_1.txt
8388524,8389012,FEM,8.93,4.26,2.66,20230228_112602_025480_1.txt
8389224,8391500,FEM,27.5,14.0,8.79,20230228_112602_025480_1.txt
8390503,8391271,MAL,11.42,5.56,3.49,20230228_112602_025480_1.txt
8391764,8391914,FEM,7.99,3.76,2.29,20230228_112602_025480_1.txt
8394492,8395992,FEM,19.19,9.61,6.04,20230228_112602_025480_1.txt
8396060,8396934,MAL,13.05,6.38,4.0,20230228_112602_025480_1.txt
8397511,8399492,FEM,24.63,12.57,7.94,20230228_112602_025480_1.txt
8401492,8402010,FEM,10.44,5.03,3.12,20230228_112602_025480_1.txt
8402392,8402512,FEM,8.93,4.29,2.6,20230228_112602_025480_1.txt
8408991,8411554,MAL,27.73,14.2,9.02,20230228_112602_025480_1.txt
8413862,8414539,MAL,9.56,4.6,2.91,20230228_112602_025480_1.txt
8416013,8419992,FEM,47.37,24.45,15.32,20230228_112602_025480_1.txt
8425186,8425404,MAL,8.62,4.11,2.52,20230228_112602_025480_1.txt
8425634,8429335,MAL,42.96,22.19,13.96,20230228_112602_025480_1.txt
8426157,8427073,FEM,13.88,6.77,4.23,20230228_112602_025480_1.txt
8427232,8427494,FEM,9.18,4.42,2.71,20230228_112602_025480_1.txt
8427638,8427943,FEM,9.13,4.38,2.7,20230228_112602_025480_1.txt
8430991,8431833,MAL,12.68,6.24,3.92,20230228_112602_025480_1.txt
8432964,8434010,MAL,15.61,7.74,4.83,20230228_112602_025480_1.txt
8437173,8438491,MAL,18.63,9.26,5.77,20230228_112602_025480_1.txt
8444166,8446210,MAL,26.01,13.2,8.3,20230228_112602_025480_1.txt
8448022,8448225,MAL,8.27,3.91,2.4,20230228_112602_025480_1.txt
8448482,8450492,MAL,26.02,13.12,8.25,20230228_112602_025480_1.txt
8452698,8453523,FEM,12.0,5.86,3.69,20230228_112602_025480_1.txt
8455011,8455423,FEM,9.82,4.74,2.95,20230228_112602_025480_1.txt
8457942,8461219,MAL,37.67,19.48,12.34,20230228_112602_025480_1.txt
8467586,8467873,MAL,8.32,3.92,2.43,20230228_112602_025480_1.txt
8469080,8471800,FEM,33.83,16.9,10.65,20230228_112602_025480_1.txt
8471491,8473059,MAL,16.21,7.88,5.06,20230228_112602_025480_1.txt
8473300,8473472,MAL,4.42,1.77,1.11,20230228_112602_025480_1.txt
8474492,8477511,MAL,27.15,13.77,9.06,20230228_112602_025480_1.txt
8484443,8492987,MAL,87.08,45.03,28.9,20230228_112602_025480_1.txt
8497511,8500015,MAL,21.87,11.03,7.26,20230228_112602_025480_1.txt
8499511,8502493,FEM,27.35,14.05,9.17,20230228_112602_025480_1.txt
8505493,8507012,MAL,13.42,6.55,4.28,20230228_112602_025480_1.txt
8608997,8611010,MAL,20.61,10.39,6.76,20230228_112602_025480_1.txt
8621512,8623010,MAL,15.79,7.9,5.07,20230228_112602_025480_1.txt
8626492,8630407,FEM,40.68,20.67,13.35,20230228_112602_025480_1.txt
8631698,8631850,MAL,7.13,3.28,2.01,20230228_112602_025480_1.txt
8631993,8633302,MAL,13.14,6.3,4.15,20230228_112602_025480_1.txt
8636993,8639988,MAL,29.51,15.05,9.84,20230228_112602_025480_1.txt
8640862,8642831,MAL,18.91,9.41,6.19,20230228_112602_025480_1.txt
8654437,8655942,MAL,14.07,6.82,4.55,20230228_112602_025480_1.txt
8671325,8671511,MAL,9.8,4.76,2.9,20230228_112602_025480_1.txt
8672314,8673510,MAL,13.04,6.24,4.05,20230228_112602_025480_1.txt
8677010,8679199,MAL,23.2,11.72,7.6,20230228_112602_025480_1.txt
8679012,8679564,FEM,10.86,5.22,3.27,20230228_112602_025480_1.txt
8680149,8680989,MAL,12.58,6.12,3.89,20230228_112602_025480_1.txt
8684889,8688412,FEM,32.34,16.61,10.92,20230228_112602_025480_1.txt
8691015,8696403,FEM,45.95,23.36,15.56,20230228_112602_025480_1.txt
8696511,8698246,MAL,18.36,9.15,5.96,20230228_112602_025480_1.txt
8700370,8702992,FEM,24.04,11.9,7.9,20230228_112602_025480_1.txt
8709085,8710042,FEM,15.69,7.62,4.79,20230228_112602_025480_1.txt
8717011,8718511,MAL,17.4,8.56,5.45,20230228_112602_025480_1.txt
8720600,8721938,MAL,14.45,7.03,4.54,20230228_112602_025480_1.txt
8722588,8723992,FEM,17.05,8.31,5.26,20230228_112602_025480_1.txt
8733493,8733621,FEM,7.53,3.51,2.14,20230228_112602_025480_1.txt
8733752,8733885,FEM,7.76,3.63,2.21,20230228_112602_025480_1.txt
8777293,8779679,MAL,24.65,12.63,8.17,20230228_112602_025480_1.txt
8791001,8792493,FEM,20.01,10.03,6.37,20230228_112602_025480_1.txt
8807216,8807373,MAL,7.97,3.75,2.29,20230228_112602_025480_1.txt
8812660,8812992,FEM,5.99,2.63,1.66,20230228_112602_025480_1.txt
8824702,8825478,MAL,9.62,4.53,2.89,20230228_112602_025480_1.txt
8826192,8826511,MAL,7.64,3.55,2.21,20230228_112602_025480_1.txt
8919941,8921991,MAL,18.44,9.18,6.04,20230228_112602_025480_1.txt
8925992,8927151,MAL,12.0,5.77,3.75,20230228_112602_025480_1.txt
8926991,8927725,FEM,10.26,4.81,3.04,20230228_112602_025480_1.txt
8927356,8927508,MAL,8.2,3.88,2.37,20230228_112602_025480_1.txt
8954513,8955109,MAL,9.08,4.22,2.68,20230228_112602_025480_1.txt
8966592,8967117,MAL,6.8,3.0,1.91,20230228_112602_025480_1.txt
8970510,8973683,FEM,26.66,13.55,8.97,20230228_112602_025480_1.txt
8977014,8977193,FEM,5.4,2.3,1.44,20230228_112602_025480_1.txt
8978492,8978944,FEM,7.2,3.27,2.08,20230228_112602_025480_1.txt
8990511,8990843,FEM,5.84,2.53,1.61,20230228_112602_025480_1.txt
8991010,8993455,FEM,24.34,12.12,7.81,20230228_112602_025480_1.txt
9026333,9027956,MAL,16.85,8.25,5.39,20230228_112602_025480_1.txt
9039705,9040539,MAL,11.62,5.52,3.51,20230228_112602_025480_1.txt
9040356,9040511,FEM,8.28,3.91,2.39,20230228_112602_025480_1.txt
9115492,9119007,FEM,33.23,16.58,10.9,20230228_112602_025480_1.txt
9119721,9124011,FEM,37.8,19.28,12.77,20230228_112602_025480_1.txt
9126866,9128336,FEM,16.14,7.82,5.07,20230228_112602_025480_1.txt
9132298,9133511,FEM,13.91,6.62,4.29,20230228_112602_025480_1.txt
9157833,9160492,FEM,23.09,11.39,7.59,20230228_112602_025480_1.txt
9160678,9162315,FEM,16.85,8.22,5.39,20230228_112602_025480_1.txt
9177508,9179923,FEM,24.1,11.91,7.78,20230228_112602_025480_1.txt
9181819,9185066,FEM,30.86,15.38,10.07,20230228_112602_025480_1.txt
9188502,9192493,FEM,33.79,17.18,11.48,20230228_112602_025480_1.txt
9195122,9196148,FEM,10.2,4.75,3.13,20230228_112602_025480_1.txt
9197300,9199489,MAL,18.19,8.92,5.98,20230228_112602_025480_1.txt
9200491,9201991,FEM,13.24,6.31,4.22,20230228_112602_025480_1.txt
9202251,9203785,FEM,13.71,6.48,4.33,20230228_112602_025480_1.txt
9205282,9205803,MAL,6.64,2.88,1.85,20230228_112602_025480_1.txt
9209476,9209650,FEM,6.77,3.07,1.89,20230228_112602_025480_1.txt
9225826,9227566,FEM,14.88,7.11,4.8,20230228_112602_025480_1.txt
9233325,9233436,FEM,9.34,4.51,2.74,20230228_112602_025480_1.txt
9236477,9238011,FEM,15.33,7.4,4.87,20230228_112602_025480_1.txt
9244437,9246511,FEM,20.73,10.05,6.55,20230228_112602_025480_1.txt
9248011,9250271,FEM,20.28,9.97,6.69,20230228_112602_025480_1.txt
9264491,9264977,MAL,7.04,3.17,2.04,20230228_112602_025480_1.txt
9289576,9290170,MAL,9.17,4.26,2.71,20230228_112602_025480_1.txt
9303491,9304973,MAL,13.06,6.11,4.16,20230228_112602_025480_1.txt
9304991,9307011,FEM,19.38,9.49,6.25,20230228_112602_025480_1.txt
9311510,9312492,FEM,11.88,5.74,3.68,20230228_112602_025480_1.txt
9335491,9336343,MAL,11.84,5.58,3.54,20230228_112602_025480_1.txt
9337012,9338159,FEM,13.04,6.36,4.15,20230228_112602_025480_1.txt
9346992,9348490,MAL,13.64,6.4,4.3,20230228_112602_025480_1.txt
9351074,9354446,MAL,27.11,13.53,9.15,20230228_112602_025480_1.txt
9352122,9353464,FEM,12.22,5.75,3.85,20230228_112602_025480_1.txt
9354493,9357556,FEM,27.82,13.99,9.24,20230228_112602_025480_1.txt
9354626,9354931,MAL,5.56,2.36,1.51,20230228_112602_025480_1.txt
9359493,9359878,MAL,6.95,3.1,1.99,20230228_112602_025480_1.txt
9359580,9359740,FEM,7.8,3.63,2.23,20230228_112602_025480_1.txt
9359869,9360451,FEM,8.05,3.71,2.39,20230228_112602_025480_1.txt
9360063,9363446,MAL,28.74,14.45,9.7,20230228_112602_025480_1.txt
9361276,9361691,FEM,8.1,3.77,2.38,20230228_112602_025480_1.txt
9362491,9363672,FEM,12.44,5.9,3.9,20230228_112602_025480_1.txt
9364113,9364709,FEM,7.37,3.3,2.16,20230228_112602_025480_1.txt
9365492,9369259,FEM,34.3,17.38,11.46,20230228_112602_025480_1.txt
9371347,9375188,FEM,37.92,18.93,12.36,20230228_112602_025480_1.txt
9374511,9380745,MAL,63.52,32.62,21.03,20230228_112602_025480_1.txt
9379765,9380631,FEM,12.4,5.9,3.73,20230228_112602_025480_1.txt
9384584,9385991,FEM,14.14,6.94,4.5,20230228_112602_025480_1.txt
9388286,9395510,FEM,62.34,32.17,21.33,20230228_112602_025480_1.txt
9397011,9401874,FEM,42.06,21.78,14.39,20230228_112602_025480_1.txt
9412492,9417609,FEM,45.57,23.45,15.49,20230228_112602_025480_1.txt
9418493,9423493,FEM,48.47,24.62,16.07,20230228_112602_025480_1.txt
9423010,9426488,MAL,32.37,16.05,10.61,20230228_112602_025480_1.txt
9425511,9426854,FEM,12.74,5.98,4.03,20230228_112602_025480_1.txt
9430889,9433113,FEM,18.62,8.97,6.08,20230228_112602_025480_1.txt
9433341,9433530,FEM,9.17,4.39,2.69,20230228_112602_025480_1.txt
9434249,9435558,FEM,12.98,6.18,4.1,20230228_112602_025480_1.txt
9436028,9436779,FEM,9.35,4.34,2.8,20230228_112602_025480_1.txt
9438010,9440511,FEM,21.19,10.55,7.04,20230228_112602_025480_1.txt
9442688,9443010,FEM,6.25,2.76,1.74,20230228_112602_025480_1.txt
9444992,9447012,FEM,20.02,9.77,6.3,20230228_112602_025480_1.txt
9465495,9467535,FEM,21.05,10.31,6.6,20230228_112602_025480_1.txt
9489493,9491493,FEM,21.34,10.39,6.58,20230228_112602_025480_1.txt
9492500,9493308,FEM,7.02,3.07,2.03,20230228_112602_025480_1.txt
9495313,9496968,FEM,17.41,8.32,5.32,20230228_112602_025480_1.txt
9501011,9502992,FEM,18.8,9.32,6.15,20230228_112602_025480_1.txt
9506511,9509010,FEM,24.6,12.08,7.86,20230228_112602_025480_1.txt
9511972,9512512,FEM,4.68,1.73,1.21,20230228_112602_025480_1.txt
9513975,9517239,FEM,30.1,15.0,9.82,20230228_112602_025480_1.txt
9518069,9518511,FEM,5.18,2.13,1.41,20230228_112602_025480_1.txt
9520826,9521147,FEM,4.48,1.75,1.15,20230228_112602_025480_1.txt
9521422,9523352,FEM,14.88,7.02,4.84,20230228_112602_025480_1.txt
9524010,9526460,FEM,22.49,10.98,7.2,20230228_112602_025480_1.txt
9527993,9530426,FEM,22.4,10.75,7.16,20230228_112602_025480_1.txt
9535011,9537044,FEM,21.56,10.49,6.71,20230228_112602_025480_1.txt
9543589,9546512,FEM,27.63,13.91,9.04,20230228_112602_025480_1.txt
9548148,9550634,FEM,24.61,12.23,7.91,20230228_112602_025480_1.txt
9557011,9558923,FEM,16.92,8.2,5.46,20230228_112602_025480_1.txt
9560492,9561511,FEM,10.07,4.72,3.08,20230228_112602_025480_1.txt
9571510,9573010,FEM,18.69,9.14,5.77,20230228_112602_025480_1.txt
9574991,9577951,MAL,31.16,16.08,10.33,20230228_112602_025480_1.txt
9579251,9579398,MAL,10.12,4.94,3.0,20230228_112602_025480_1.txt
9581993,9584011,MAL,23.39,11.93,7.64,20230228_112602_025480_1.txt
9585992,9587490,MAL,18.61,9.42,5.96,20230228_112602_025480_1.txt
9588284,9588721,MAL,9.7,4.69,2.91,20230228_112602_025480_1.txt
9590736,9590857,MAL,9.59,4.66,2.82,20230228_112602_025480_1.txt
9591024,9591572,MAL,9.7,4.68,2.93,20230228_112602_025480_1.txt
9592511,9594318,MAL,21.3,10.81,6.85,20230228_112602_025480_1.txt
9594448,9595508,MAL,15.21,7.49,4.7,20230228_112602_025480_1.txt
9597474,9597648,MAL,9.39,4.54,2.77,20230228_112602_025480_1.txt
9598043,9598519,MAL,10.75,5.21,3.22,20230228_112602_025480_1.txt
9620392,9621045,FEM,9.28,4.37,2.76,20230228_112602_025480_1.txt
9622511,9623135,FEM,9.82,4.67,2.93,20230228_112602_025480_1.txt
9624562,9624667,MAL,8.2,3.89,2.36,20230228_112602_025480_1.txt
9624786,9624943,MAL,7.55,3.52,2.15,20230228_112602_025480_1.txt
9718510,9719663,MAL,14.12,6.89,4.35,20230228_112602_025480_1.txt
9719862,9720010,MAL,6.12,2.73,1.67,20230228_112602_025480_1.txt
9754233,9754397,MAL,7.58,3.53,2.16,20230228_112602_025480_1.txt
9754511,9764337,MAL,123.83,64.31,39.99,20230228_112602_025480_1.txt
9786992,9790011,MAL,33.54,17.16,10.82,20230228_112602_025480_1.txt
9791511,9794991,MAL,37.83,19.54,12.32,20230228_112602_025480_1.txt
9795011,9796511,FEM,15.8,7.88,5.02,20230228_112602_025480_1.txt
9801511,9803760,MAL,20.92,10.74,6.91,20230228_112602_025480_1.txt
9804993,9805519,FEM,7.14,3.26,2.07,20230228_112602_025480_1.txt
9808314,9809428,MAL,12.61,6.13,3.89,20230228_112602_025480_1.txt
9813012,9814902,MAL,23.14,11.7,7.37,20230228_112602_025480_1.txt
9813992,9814993,FEM,15.23,7.5,4.69,20230228_112602_025480_1.txt
9815030,9816893,MAL,23.68,12.04,7.6,20230228_112602_025480_1.txt
9819510,9820388,MAL,14.4,7.03,4.39,20230228_112602_025480_1.txt
9824492,9825633,FEM,15.97,7.97,5.07,20230228_112602_025480_1.txt
9837983,9840011,MAL,22.37,11.3,7.3,20230228_112602_025480_1.txt
9837992,9838345,FEM,10.73,5.25,3.24,20230228_112602_025480_1.txt
9840012,9843011,FEM,32.87,16.79,10.69,20230228_112602_025480_1.txt
9842011,9842799,MAL,11.5,5.58,3.52,20230228_112602_025480_1.txt
9848960,9853002,FEM,40.9,20.86,13.44,20230228_112602_025480_1.txt
9851068,9851227,MAL,9.08,4.35,2.66,20230228_112602_025480_1.txt
9851399,9852309,MAL,11.11,5.33,3.41,20230228_112602_025480_1.txt
9855376,9858802,FEM,37.68,18.78,11.95,20230228_112602_025480_1.txt
9863510,9863969,MAL,6.73,3.0,1.93,20230228_112602_025480_1.txt
9866175,9868927,FEM,32.03,15.85,10.11,20230228_112602_025480_1.txt
9869313,9872550,FEM,33.44,16.76,10.82,20230228_112602_025480_1.txt
9874442,9878257,FEM,30.22,15.09,10.21,20230228_112602_025480_1.txt
9890011,9891628,FEM,19.96,10.04,6.48,20230228_112602_025480_1.txt
9917500,9921415,FEM,38.01,18.82,12.46,20230228_112602_025480_1.txt
9920492,9921285,MAL,12.72,6.16,3.93,20230228_112602_025480_1.txt
9923207,9925011,FEM,15.64,7.5,5.02,20230228_112602_025480_1.txt
9928857,9929544,FEM,8.53,3.89,2.51,20230228_112602_025480_1.txt
9930492,9933992,FEM,31.97,16.01,10.58,20230228_112602_025480_1.txt
9952747,9955665,FEM,25.22,12.59,8.39,20230228_112602_025480_1.txt
9960553,9961189,FEM,8.71,3.92,2.56,20230228_112602_025480_1.txt
9960599,9960813,MAL,6.65,2.96,1.86,20230228_112602_025480_1.txt
9963351,9963724,MAL,8.34,3.88,2.45,20230228_112602_025480_1.txt
9966993,9968841,FEM,14.43,6.23,4.57,20230228_112602_025480_1.txt
9986993,9988210,FEM,10.26,4.45,3.18,20230228_112602_025480_1.txt
9988802,9989399,FEM,6.61,2.83,1.91,20230228_112602_025480_1.txt
9993993,9995851,FEM,14.3,6.53,4.63,20230228_112602_025480_1.txt
10017511,10017813,MAL,8.8,4.15,2.59,20230228_112602_025480_1.txt
10055492,10060251,MAL,32.08,14.95,11.04,20230228_112602_025480_1.txt
10088631,10089701,MAL,12.83,6.14,4.01,20230228_112602_025480_1.txt
10089826,10090226,MAL,9.21,4.29,2.74,20230228_112602_025480_1.txt
10130493,10135132,FEM,33.74,16.14,11.47,20230228_112602_025480_1.txt
10136046,10138491,FEM,17.42,7.93,5.77,20230228_112602_025480_1.txt
10146323,10146991,FEM,8.46,3.81,2.54,20230228_112602_025480_1.txt
10158905,10159511,MAL,9.1,4.11,2.74,20230228_112602_025480_1.txt
10180510,10180613,FEM,4.44,1.78,1.1,20230228_112602_025480_1.txt
10180789,10181035,FEM,5.37,2.24,1.44,20230228_112602_025480_1.txt
10181140,10181359,FEM,8.02,3.73,2.32,20230228_112602_025480_1.txt
10192439,10195600,FEM,23.57,11.06,7.89,20230228_112602_025480_1.txt
10198146,10200510,FEM,15.75,6.74,5.2,20230228_112602_025480_1.txt
10202510,10204962,FEM,19.31,8.8,6.35,20230228_112602_025480_1.txt
10209022,10210904,FEM,17.01,7.99,5.54,20230228_112602_025480_1.txt
10212283,10212511,FEM,9.24,4.4,2.72,20230228_112602_025480_1.txt
10214512,10215374,FEM,8.64,3.7,2.63,20230228_112602_025480_1.txt
10218493,10221917,FEM,28.56,13.09,9.17,20230228_112602_025480_1.txt
10222330,10223012,FEM,8.06,3.4,2.41,20230228_112602_025480_1.txt
10240012,10240599,FEM,7.27,3.11,2.13,20230228_112602_025480_1.txt
10242492,10244014,FEM,12.84,5.74,4.09,20230228_112602_025480_1.txt
10254352,10256510,FEM,20.01,9.48,6.48,20230228_112602_025480_1.txt
10260169,10260993,FEM,12.8,6.17,3.96,20230228_112602_025480_1.txt
10273492,10274012,FEM,9.84,4.54,2.97,20230228_112602_025480_1.txt
10275010,10276638,FEM,16.72,8.02,5.4,20230228_112602_025480_1.txt
10276291,10281084,MAL,33.53,15.94,11.58,20230228_112602_025480_1.txt
10284369,10287739,MAL,27.38,13.16,9.24,20230228_112602_025480_1.txt
10287511,10291011,FEM,27.14,13.0,9.18,20230228_112602_025480_1.txt
10287842,10288510,MAL,12.38,5.98,3.84,20230228_112602_025480_1.txt
10397410,10398789,MAL,13.77,6.25,4.37,20230228_112602_025480_1.txt
10399107,10400992,FEM,14.96,6.71,4.86,20230228_112602_025480_1.txt
10403512,10404712,MAL,10.24,4.25,3.22,20230228_112602_025480_1.txt
10406011,10408011,FEM,10.4,3.88,3.36,20230228_112602_025480_1.txt
10422616,10423991,FEM,12.06,5.23,3.75,20230228_112602_025480_1.txt
10423060,10423877,MAL,9.31,4.11,2.8,20230228_112602_025480_1.txt
10425483,10429511,FEM,31.28,14.61,10.34,20230228_112602_025480_1.txt
10428315,10428511,MAL,8.65,4.08,2.52,20230228_112602_025480_1.txt
10433092,10433492,FEM,6.99,3.11,2.0,20230228_112602_025480_1.txt
10445492,10450511,FEM,35.23,16.8,12.13,20230228_112602_025480_1.txt
10463992,10464491,FEM,7.24,3.17,2.05,20230228_112602_025480_1.txt
10466930,10468643,FEM,16.53,8.08,5.35,20230228_112602_025480_1.txt
10469512,10470307,MAL,11.9,5.73,3.65,20230228_112602_025480_1.txt
10494011,10496952,FEM,20.4,9.03,6.79,20230228_112602_025480_1.txt
10494088,10494206,MAL,10.68,5.24,3.19,20230228_112602_025480_1.txt
10517479,10520754,FEM,21.42,9.85,7.24,20230228_112602_025480_1.txt
10519814,10520081,MAL,8.9,4.2,2.62,20230228_112602_025480_1.txt
10534011,10537511,MAL,25.66,12.27,8.69,20230228_112602_025480_1.txt
10545992,10546687,MAL,9.72,4.5,2.91,20230228_112602_025480_1.txt
10546836,10546983,MAL,6.37,2.85,1.75,20230228_112602_025480_1.txt
10550993,10552750,MAL,17.14,8.11,5.51,20230228_112602_025480_1.txt
10556992,10558659,FEM,12.06,5.09,3.85,20230228_112602_025480_1.txt
10565512,10567493,FEM,14.32,6.19,4.66,20230228_112602_025480_1.txt
10570019,10570144,MAL,9.39,4.52,2.76,20230228_112602_025480_1.txt
10577321,10577977,FEM,6.24,2.55,1.8,20230228_112602_025480_1.txt
10599296,10600546,MAL,12.4,5.61,3.9,20230228_112602_025480_1.txt
10599512,10599747,FEM,9.41,4.45,2.78,20230228_112602_025480_1.txt
10599861,10600256,FEM,8.7,3.99,2.57,20230228_112602_025480_1.txt
10600929,10601371,FEM,5.03,1.88,1.36,20230228_112602_025480_1.txt
10601766,10607509,FEM,34.22,15.02,11.76,20230228_112602_025480_1.txt
10605099,10606012,MAL,9.65,4.16,2.92,20230228_112602_025480_1.txt
10613511,10615990,MAL,19.76,9.01,6.45,20230228_112602_025480_1.txt
10616493,10618871,FEM,14.59,6.23,4.82,20230228_112602_025480_1.txt
10619981,10622990,MAL,20.89,9.52,7.02,20230228_112602_025480_1.txt
10627153,10629377,MAL,18.36,8.4,6.05,20230228_112602_025480_1.txt
10628992,10630992,FEM,19.73,9.17,6.25,20230228_112602_025480_1.txt
10629682,10629834,MAL,9.59,4.62,2.83,20230228_112602_025480_1.txt
10642622,10645158,FEM,19.25,8.79,6.34,20230228_112602_025480_1.txt
10649343,10651596,FEM,19.2,8.59,6.12,20230228_112602_025480_1.txt
10659992,10661490,FEM,11.52,4.99,3.65,20230228_112602_025480_1.txt
10665697,10666846,FEM,6.79,2.36,2.01,20230228_112602_025480_1.txt
10670511,10673847,FEM,24.35,11.39,8.12,20230228_112602_025480_1.txt
10675493,10676689,FEM,3.72,0.45,1.05,20230228_112602_025480_1.txt
10677066,10678011,MAL,7.65,2.9,2.31,20230228_112602_025480_1.txt
10685491,10686510,FEM,12.16,5.63,3.78,20230228_112602_025480_1.txt
10685512,10688344,MAL,25.65,12.56,8.52,20230228_112602_025480_1.txt
10710095,10712511,FEM,13.08,4.87,4.26,20230228_112602_025480_1.txt
10729019,10729993,FEM,11.29,5.02,3.43,20230228_112602_025480_1.txt
10730991,10732405,MAL,13.67,6.38,4.35,20230228_112602_025480_1.txt
10739866,10742873,FEM,23.3,10.78,7.72,20230228_112602_025480_1.txt
10742039,10742169,MAL,10.37,5.06,3.08,20230228_112602_025480_1.txt
10743779,10745391,FEM,14.2,6.42,4.56,20230228_112602_025480_1.txt
10755867,10756493,FEM,8.68,3.94,2.61,20230228_112602_025480_1.txt
10815061,10819492,FEM,36.76,17.89,12.23,20230228_112602_025480_1.txt
10826561,10826952,MAL,6.26,2.73,1.76,20230228_112602_025480_1.txt
10828254,10828519,FEM,9.49,4.52,2.81,20230228_112602_025480_1.txt
10893790,10894506,FEM,11.92,5.78,3.7,20230228_112602_025480_1.txt
10915270,10915378,FEM,9.51,4.59,2.79,20230228_112602_025480_1.txt
10915518,10915656,FEM,6.47,2.89,1.78,20230228_112602_025480_1.txt
11028464,11028990,MAL,12.72,6.2,3.93,20230228_112602_025480_1.txt
11038493,11039374,FEM,10.44,4.73,3.23,20230228_112602_025480_1.txt
11044510,11046992,MAL,21.39,9.97,7.05,20230228_112602_025480_1.txt
11048010,11048464,FEM,11.26,5.43,3.38,20230228_112602_025480_1.txt
11055493,11057012,FEM,18.65,9.16,5.97,20230228_112602_025480_1.txt
11062511,11062779,FEM,10.52,5.14,3.16,20230228_112602_025480_1.txt
11065012,11067376,FEM,23.93,11.79,7.92,20230228_112602_025480_1.txt
11067585,11069222,FEM,16.05,7.61,5.18,20230228_112602_025480_1.txt
11096992,11099010,MAL,14.78,6.59,4.77,20230228_112602_025480_1.txt
11097992,11098510,FEM,7.91,3.57,2.33,20230228_112602_025480_1.txt
11099462,11099886,FEM,4.81,1.87,1.28,20230228_112602_025480_1.txt
11111729,11115168,FEM,23.65,10.89,8.01,20230228_112602_025480_1.txt
11120011,11121992,FEM,19.21,9.29,6.24,20230228_112602_025480_1.txt
11121992,11123642,MAL,19.13,9.14,5.99,20230228_112602_025480_1.txt
11123669,11124309,FEM,8.94,4.06,2.64,20230228_112602_025480_1.txt
11128511,11130339,MAL,17.45,8.31,5.57,20230228_112602_025480_1.txt
11130011,11131493,FEM,13.94,6.57,4.45,20230228_112602_025480_1.txt
11135510,11137338,MAL,17.19,8.14,5.54,20230228_112602_025480_1.txt
11141493,11142791,FEM,13.32,6.27,4.21,20230228_112602_025480_1.txt
11146591,11147421,MAL,9.49,4.32,2.86,20230228_112602_025480_1.txt
11152011,11153248,FEM,12.26,5.75,3.85,20230228_112602_025480_1.txt
11156805,11160148,FEM,26.3,12.81,8.88,20230228_112602_025480_1.txt
11160511,11162553,FEM,19.06,9.08,6.25,20230228_112602_025480_1.txt
11191492,11196349,MAL,35.28,17.04,12.12,20230228_112602_025480_1.txt
11191547,11191977,FEM,8.5,3.9,2.51,20230228_112602_025480_1.txt
11198628,11199845,FEM,12.41,5.77,3.9,20230228_112602_025480_1.txt
11202320,11203906,MAL,18.75,8.91,5.86,20230228_112602_025480_1.txt
11204992,11206011,FEM,14.14,6.86,4.44,20230228_112602_025480_1.txt
11205095,11205233,MAL,12.94,6.49,3.94,20230228_112602_025480_1.txt
11205700,11208375,MAL,24.89,12.32,8.3,20230228_112602_025480_1.txt
11206532,11206687,FEM,10.48,5.13,3.12,20230228_112602_025480_1.txt
11209015,11211396,MAL,23.67,11.37,7.58,20230228_112602_025480_1.txt
11209205,11210511,FEM,16.38,7.77,5.02,20230228_112602_025480_1.txt
11215511,11217025,MAL,12.38,5.61,3.93,20230228_112602_025480_1.txt
11220117,11221455,MAL,12.4,5.52,3.91,20230228_112602_025480_1.txt
11236266,11238816,MAL,19.33,8.99,6.42,20230228_112602_025480_1.txt
11240843,11240993,MAL,6.89,3.13,1.93,20230228_112602_025480_1.txt
11243166,11246345,MAL,27.4,12.9,8.9,20230228_112602_025480_1.txt
11252161,11253492,FEM,13.19,6.0,4.12,20230228_112602_025480_1.txt
11255512,11261511,MAL,40.97,18.51,13.69,20230228_112602_025480_1.txt
11264354,11265510,FEM,9.51,4.05,2.87,20230228_112602_025480_1.txt
11264753,11265582,MAL,7.57,3.19,2.22,20230228_112602_025480_1.txt
11267304,11270011,MAL,17.53,7.19,5.64,20230228_112602_025480_1.txt
11270239,11270426,MAL,7.12,3.21,2.01,20230228_112602_025480_1.txt
11271013,11273990,MAL,23.14,11.1,7.76,20230228_112602_025480_1.txt
11277876,11279871,MAL,19.62,9.26,6.16,20230228_112602_025480_1.txt
11277993,11279513,FEM,16.83,7.93,5.15,20230228_112602_025480_1.txt
11283719,11285585,MAL,17.28,8.24,5.52,20230228_112602_025480_1.txt
11286992,11293992,MAL,63.28,30.93,20.81,20230228_112602_025480_1.txt
11287412,11287537,FEM,8.47,4.03,2.45,20230228_112602_025480_1.txt
11287662,11287991,FEM,5.43,2.28,1.47,20230228_112602_025480_1.txt
11294125,11296844,MAL,20.53,9.29,6.64,20230228_112602_025480_1.txt
11296388,11296645,FEM,6.58,2.94,1.84,20230228_112602_025480_1.txt
11296819,11297011,FEM,4.04,1.49,0.98,20230228_112602_025480_1.txt
11301324,11305280,MAL,34.95,16.82,11.44,20230228_112602_025480_1.txt
11308191,11310788,MAL,22.46,10.67,7.42,20230228_112602_025480_1.txt
11318206,11319082,FEM,11.71,5.38,3.6,20230228_112602_025480_1.txt
11321038,11321222,FEM,9.64,4.62,2.85,20230228_112602_025480_1.txt
11321780,11323435,FEM,13.44,6.12,4.26,20230228_112602_025480_1.txt
11331924,11334722,MAL,20.77,9.71,6.89,20230228_112602_025480_1.txt
11356011,11359992,FEM,23.93,10.67,8.15,20230228_112602_025480_1.txt
11359774,11360537,MAL,7.12,2.89,2.06,20230228_112602_025480_1.txt
11389493,11390011,FEM,4.39,1.69,1.16,20230228_112602_025480_1.txt
11408992,11409491,FEM,6.51,2.82,1.86,20230228_112602_025480_1.txt
11419029,11419562,FEM,7.79,3.43,2.29,20230228_112602_025480_1.txt
11452069,11452177,MAL,7.2,3.32,2.03,20230228_112602_025480_1.txt
11454951,11456993,FEM,16.24,7.37,5.31,20230228_112602_025480_1.txt
11457511,11459033,FEM,13.83,6.29,4.42,20230228_112602_025480_1.txt
11469853,11470493,FEM,15.0,7.54,4.71,20230228_112602_025480_1.txt
11476472,11477287,MAL,10.81,4.92,3.34,20230228_112602_025480_1.txt
11601821,11602511,FEM,7.95,3.53,2.37,20230228_112602_025480_1.txt
11609492,11609801,FEM,7.61,3.41,2.19,20230228_112602_025480_1.txt
11618384,11618563,FEM,6.23,2.76,1.71,20230228_112602_025480_1.txt
11655117,11656992,FEM,15.55,7.48,5.05,20230228_112602_025480_1.txt
11660510,11660788,FEM,7.68,3.56,2.21,20230228_112602_025480_1.txt
11663570,11664866,FEM,10.32,4.5,3.21,20230228_112602_025480_1.txt
11666492,11667349,FEM,9.07,4.07,2.72,20230228_112602_025480_1.txt
11666526,11666968,MAL,7.05,3.09,1.98,20230228_112602_025480_1.txt
11673992,11675146,FEM,8.87,3.69,2.7,20230228_112602_025480_1.txt
11680873,11682510,FEM,14.36,6.65,4.56,20230228_112602_025480_1.txt
11684154,11688992,FEM,40.9,20.34,13.79,20230228_112602_025480_1.txt
11684555,11685873,MAL,12.92,5.9,4.03,20230228_112602_025480_1.txt
11699772,11701299,FEM,13.78,6.3,4.35,20230228_112602_025480_1.txt
11701295,11701921,MAL,10.73,5.06,3.24,20230228_112602_025480_1.txt
11701866,11701993,FEM,5.33,2.28,1.41,20230228_112602_025480_1.txt
11708511,11708616,FEM,7.8,3.66,2.22,20230228_112602_025480_1.txt
11708920,11709273,FEM,8.95,4.24,2.65,20230228_112602_025480_1.txt
11714492,11715599,FEM,9.36,3.95,2.91,20230228_112602_025480_1.txt
11723403,11725492,FEM,17.49,8.01,5.63,20230228_112602_025480_1.txt
11724510,11724640,MAL,8.15,3.8,2.34,20230228_112602_025480_1.txt
11739460,11740511,FEM,12.17,5.85,3.84,20230228_112602_025480_1.txt
11742992,11743512,FEM,10.09,4.82,3.06,20230228_112602_025480_1.txt
11778045,11779511,FEM,8.34,3.09,2.58,20230228_112602_025480_1.txt
11789493,11792109,FEM,19.04,8.42,6.23,20230228_112602_025480_1.txt
11813492,11814010,FEM,5.55,2.17,1.54,20230228_112602_025480_1.txt
11863493,11866045,FEM,18.0,8.15,5.98,20230228_112602_025480_1.txt
11879511,11882012,FEM,15.35,6.48,5.04,20230228_112602_025480_1.txt
11889011,11890511,FEM,14.12,6.53,4.51,20230228_112602_025480_1.txt
11894339,11895102,FEM,7.36,3.06,2.19,20230228_112602_025480_1.txt
11961461,11962899,FEM,12.52,5.7,3.97,20230228_112602_025480_1.txt
11969895,11973511,FEM,23.94,10.78,8.09,20230228_112602_025480_1.txt
11972701,11972929,MAL,6.78,3.06,1.9,20230228_112602_025480_1.txt
11991567,11991688,FEM,10.35,5.06,3.08,20230228_112602_025480_1.txt
12011492,12011696,MAL,10.38,5.07,3.1,20230228_112602_025480_1.txt
12015511,12018263,FEM,17.82,7.55,5.9,20230228_112602_025480_1.txt
12023492,12024992,FEM,13.59,6.43,4.34,20230228_112602_025480_1.txt
12052582,12053510,FEM,11.12,5.15,3.47,20230228_112602_025480_1.txt
12064931,12067010,FEM,17.88,8.48,5.86,20230228_112602_025480_1.txt
12071450,12071784,FEM,10.71,5.21,3.23,20230228_112602_025480_1.txt
12071511,12073490,MAL,21.13,10.37,6.93,20230228_112602_025480_1.txt
12073511,12076516,FEM,25.9,12.63,8.69,20230228_112602_025480_1.txt
12075669,12075964,MAL,10.87,5.31,3.28,20230228_112602_025480_1.txt
12096299,12096993,FEM,6.82,2.9,2.0,20230228_112602_025480_1.txt
12097961,12100992,FEM,23.43,11.03,7.76,20230228_112602_025480_1.txt
12102011,12104330,FEM,16.19,7.13,5.34,20230228_112602_025480_1.txt
12133810,12135265,FEM,15.74,7.46,5.04,20230228_112602_025480_1.txt
12151966,12152808,FEM,8.66,3.8,2.58,20230228_112602_025480_1.txt
12160493,12162852,FEM,15.5,6.79,5.12,20230228_112602_025480_1.txt
12161057,12161227,MAL,6.86,3.07,1.92,20230228_112602_025480_1.txt
12168821,12175055,FEM,43.57,19.85,14.59,20230228_112602_025480_1.txt
12191891,12193845,FEM,16.17,7.53,5.27,20230228_112602_025480_1.txt
12197491,12197822,FEM,6.87,3.03,1.95,20230228_112602_025480_1.txt
12197959,12200043,FEM,18.68,9.05,6.13,20230228_112602_025480_1.txt
12214493,12215885,FEM,17.63,8.78,5.66,20230228_112602_025480_1.txt
12222011,12223511,FEM,15.89,7.62,5.1,20230228_112602_025480_1.txt
12234880,12235022,MAL,10.82,5.32,3.23,20230228_112602_025480_1.txt
12235212,12235492,MAL,9.21,4.37,2.72,20230228_112602_025480_1.txt
12249637,12250952,MAL,15.41,7.45,4.91,20230228_112602_025480_1.txt
12254969,12255492,FEM,7.19,3.1,2.09,20230228_112602_025480_1.txt
12269477,12272012,FEM,21.35,10.13,7.04,20230228_112602_025480_1.txt
12274482,12275012,FEM,10.76,5.15,3.28,20230228_112602_025480_1.txt
12275655,12275898,MAL,11.46,5.64,3.46,20230228_112602_025480_1.txt
12295895,12296096,MAL,8.42,3.88,2.45,20230228_112602_025480_1.txt
12320800,12322010,FEM,12.2,5.64,3.88,20230228_112602_025480_1.txt
12387239,12387992,FEM,7.48,3.22,2.18,20230228_112602_025480_1.txt
12395008,12397715,FEM,20.21,9.34,6.74,20230228_112602_025480_1.txt
12401785,12403511,FEM,17.99,8.76,5.84,20230228_112602_025480_1.txt
12413274,12417059,MAL,33.57,16.93,11.38,20230228_112602_025480_1.txt
12426681,12426990,MAL,10.35,4.99,3.11,20230228_112602_025480_1.txt
12426770,12427511,FEM,11.75,5.59,3.6,20230228_112602_025480_1.txt
12442012,12443244,FEM,11.38,5.02,3.55,20230228_112602_025480_1.txt
12482492,12483289,FEM,9.64,4.36,2.95,20230228_112602_025480_1.txt
12486604,12488408,MAL,14.58,6.53,4.72,20230228_112602_025480_1.txt
12493992,12496704,FEM,20.89,9.84,6.97,20230228_112602_025480_1.txt
12518992,12519510,FEM,6.83,2.96,1.97,20230228_112602_025480_1.txt
12519119,12520717,MAL,14.24,6.7,4.57,20230228_112602_025480_1.txt
12524510,12524615,MAL,9.47,4.58,2.78,20230228_112602_025480_1.txt
12560309,12561089,MAL,11.22,5.22,3.42,20230228_112602_025480_1.txt
12563473,12567282,FEM,32.63,16.01,11.02,20230228_112602_025480_1.txt
12598492,12601011,FEM,20.47,9.66,6.8,20230228_112602_025480_1.txt
12708492,12708786,FEM,10.61,5.11,3.19,20230228_112602_025480_1.txt
12757011,12758990,MAL,17.12,8.17,5.64,20230228_112602_025480_1.txt
12776451,12777011,FEM,8.89,4.06,2.66,20230228_112602_025480_1.txt
12777220,12779088,MAL,16.68,7.98,5.38,20230228_112602_025480_1.txt
12812992,12814377,FEM,13.33,6.24,4.23,20230228_112602_025480_1.txt
12822970,12826320,FEM,26.64,12.86,8.84,20230228_112602_025480_1.txt
12827012,12833492,FEM,41.08,19.02,14.23,20230228_112602_025480_1.txt
12842825,12843510,FEM,6.0,2.36,1.72,20230228_112602_025480_1.txt
12845262,12845969,FEM,8.53,3.79,2.57,20230228_112602_025480_1.txt
12847170,12854492,FEM,48.45,22.98,16.77,20230228_112602_025480_1.txt
12857493,12861992,FEM,28.74,13.02,9.78,20230228_112602_025480_1.txt
12862660,12862884,MAL,9.9,4.78,2.94,20230228_112602_025480_1.txt
12863492,12865510,FEM,14.98,6.72,4.89,20230228_112602_025480_1.txt
12868991,12871404,FEM,16.77,7.43,5.5,20230228_112602_025480_1.txt
12873011,12874992,FEM,15.77,7.36,5.14,20230228_112602_025480_1.txt
12876393,12878011,FEM,13.97,6.46,4.48,20230228_112602_025480_1.txt
12889916,12899511,FEM,64.2,31.0,22.51,20230228_112602_025480_1.txt
12898011,12899434,MAL,13.79,6.5,4.39,20230228_112602_025480_1.txt
12907277,12908511,FEM,10.94,4.88,3.41,20230228_112602_025480_1.txt
12911113,12916808,FEM,41.27,20.25,14.21,20230228_112602_025480_1.txt
12913319,12913493,MAL,7.18,3.29,2.03,20230228_112602_025480_1.txt
12917608,12920077,FEM,22.0,10.4,7.04,20230228_112602_025480_1.txt
12919492,12922011,MAL,22.16,10.92,7.36,20230228_112602_025480_1.txt
12923493,12924426,FEM,7.38,2.89,2.22,20230228_112602_025480_1.txt
12928262,12929013,FEM,10.21,4.67,3.03,20230228_112602_025480_1.txt
12928275,12931653,MAL,29.12,14.31,9.72,20230228_112602_025480_1.txt
12939510,12941493,FEM,18.3,8.84,5.99,20230228_112602_025480_1.txt
12942588,12942841,MAL,9.7,4.67,2.88,20230228_112602_025480_1.txt
12962492,12964492,FEM,17.46,8.18,5.66,20230228_112602_025480_1.txt
12976991,12979063,MAL,20.38,10.0,6.64,20230228_112602_025480_1.txt
12978993,12979634,FEM,9.03,4.13,2.72,20230228_112602_025480_1.txt
12979205,12979556,MAL,8.71,4.06,2.57,20230228_112602_025480_1.txt
12989604,12993492,FEM,34.44,17.09,11.52,20230228_112602_025480_1.txt
12992511,12995489,MAL,30.07,15.09,9.92,20230228_112602_025480_1.txt
12996492,12997992,FEM,15.59,7.42,4.95,20230228_112602_025480_1.txt
12999493,13000993,FEM,8.99,3.36,2.8,20230228_112602_025480_1.txt
13002981,13003934,MAL,9.84,4.36,2.99,20230228_112602_025480_1.txt
13003986,13005044,FEM,13.4,6.48,4.2,20230228_112602_025480_1.txt
13006573,13009970,MAL,29.88,14.85,10.03,20230228_112602_025480_1.txt
13010011,13010699,FEM,11.19,5.21,3.35,20230228_112602_025480_1.txt
13013620,13016080,MAL,23.78,11.72,7.79,20230228_112602_025480_1.txt
13019582,13020993,FEM,12.27,5.73,3.88,20230228_112602_025480_1.txt
13020261,13021356,MAL,10.35,4.73,3.19,20230228_112602_025480_1.txt
13024493,13025826,FEM,12.94,5.96,4.04,20230228_112602_025480_1.txt
13028011,13028723,MAL,8.11,3.71,2.43,20230228_112602_025480_1.txt
13028879,13029036,MAL,8.0,3.75,2.3,20230228_112602_025480_1.txt
13033987,13036130,MAL,18.39,8.84,5.99,20230228_112602_025480_1.txt
13035992,13036173,FEM,9.44,4.54,2.78,20230228_112602_025480_1.txt
13036378,13036486,MAL,7.71,3.59,2.19,20230228_112602_025480_1.txt
13036513,13036766,FEM,9.9,4.77,2.95,20230228_112602_025480_1.txt
13036987,13038492,FEM,13.17,6.21,4.2,20230228_112602_025480_1.txt
13038011,13039511,MAL,14.09,6.68,4.5,20230228_112602_025480_1.txt
13039010,13045492,FEM,48.56,23.88,16.72,20230228_112602_025480_1.txt
13046770,13049993,FEM,21.72,9.86,7.23,20230228_112602_025480_1.txt
13048992,13050842,MAL,18.06,8.46,5.78,20230228_112602_025480_1.txt
13053493,13055224,FEM,16.03,7.35,5.13,20230228_112602_025480_1.txt
13057991,13058381,MAL,11.46,5.62,3.49,20230228_112602_025480_1.txt
13058511,13061832,FEM,28.37,13.97,9.51,20230228_112602_025480_1.txt
13059011,13060035,MAL,13.25,6.36,4.14,20230228_112602_025480_1.txt
13062992,13064107,MAL,13.76,6.65,4.33,20230228_112602_025480_1.txt
13071657,13073542,FEM,18.88,9.18,6.11,20230228_112602_025480_1.txt
13077511,13081352,FEM,35.35,17.62,11.71,20230228_112602_025480_1.txt
13081510,13083079,MAL,18.3,9.06,5.92,20230228_112602_025480_1.txt
13083375,13083481,MAL,12.94,6.52,3.93,20230228_112602_025480_1.txt
13083491,13084282,FEM,12.74,6.18,3.93,20230228_112602_025480_1.txt
13086510,13094011,FEM,56.33,27.75,19.43,20230228_112602_025480_1.txt
13092870,13093901,MAL,13.3,6.42,4.16,20230228_112602_025480_1.txt
13097492,13100010,FEM,20.07,9.45,6.61,20230228_112602_025480_1.txt
13100056,13100655,MAL,9.68,4.51,2.93,20230228_112602_025480_1.txt
13100884,13100989,MAL,11.57,5.75,3.48,20230228_112602_025480_1.txt
13101613,13103321,MAL,20.09,9.82,6.32,20230228_112602_025480_1.txt
13101959,13104011,FEM,22.58,11.0,7.16,20230228_112602_025480_1.txt
13105542,13105787,FEM,9.47,4.52,2.8,20230228_112602_025480_1.txt
13116492,13119246,FEM,27.12,13.29,8.84,20230228_112602_025480_1.txt
13117493,13119012,MAL,16.93,8.2,5.4,20230228_112602_025480_1.txt
13122493,13123998,FEM,15.09,7.17,4.89,20230228_112602_025480_1.txt
13139992,13143465,MAL,33.44,16.85,11.12,20230228_112602_025480_1.txt
13143067,13143237,FEM,9.53,4.6,2.81,20230228_112602_025480_1.txt
13143654,13144052,FEM,11.0,5.29,3.34,20230228_112602_025480_1.txt
13145321,13147123,FEM,17.56,8.49,5.76,20230228_112602_025480_1.txt
13152355,13154159,MAL,20.84,10.21,6.7,20230228_112602_025480_1.txt
13165511,13167288,MAL,17.44,8.37,5.61,20230228_112602_025480_1.txt
13168219,13173012,MAL,37.82,18.58,12.8,20230228_112602_025480_1.txt
13168324,13168525,FEM,7.29,3.34,2.07,20230228_112602_025480_1.txt
13169010,13169992,FEM,10.94,5.02,3.37,20230228_112602_025480_1.txt
13172532,13172821,FEM,11.25,5.53,3.4,20230228_112602_025480_1.txt
13176864,13179512,MAL,25.46,12.3,8.22,20230228_112602_025480_1.txt
13178990,13179555,FEM,9.43,4.33,2.79,20230228_112602_025480_1.txt
13179699,13179815,MAL,12.75,6.38,3.87,20230228_112602_025480_1.txt
13182094,13184139,FEM,22.23,10.91,7.09,20230228_112602_025480_1.txt
13183773,13184041,MAL,9.2,4.39,2.72,20230228_112602_025480_1.txt
13188813,13195011,FEM,44.69,21.59,15.38,20230228_112602_025480_1.txt
13196662,13198800,MAL,20.89,10.0,6.82,20230228_112602_025480_1.txt
13203528,13204578,MAL,13.15,6.24,4.11,20230228_112602_025480_1.txt
13204578,13205402,FEM,13.6,6.59,4.23,20230228_112602_025480_1.txt
13212912,13217492,FEM,40.06,20.07,13.51,20230228_112602_025480_1.txt
13216782,13220602,MAL,41.23,20.85,13.46,20230228_112602_025480_1.txt
13219011,13219352,FEM,10.89,5.34,3.29,20230228_112602_025480_1.txt
13219991,13220811,FEM,15.35,7.5,4.7,20230228_112602_025480_1.txt
13224504,13227992,MAL,36.53,18.48,12.05,20230228_112602_025480_1.txt
13231492,13232693,MAL,14.17,6.82,4.43,20230228_112602_025480_1.txt
13235770,13240493,MAL,45.09,22.75,14.95,20230228_112602_025480_1.txt
13236991,13237509,FEM,8.32,3.78,2.41,20230228_112602_025480_1.txt
13245427,13246011,FEM,12.18,5.92,3.71,20230228_112602_025480_1.txt
13245716,13248510,MAL,25.94,12.97,8.62,20230228_112602_025480_1.txt
13247982,13249150,FEM,17.33,8.6,5.47,20230228_112602_025480_1.txt
13249847,13250993,FEM,14.09,6.8,4.39,20230228_112602_025480_1.txt
13250512,13251491,MAL,12.77,6.1,3.92,20230228_112602_025480_1.txt
13259427,13259992,FEM,13.43,6.66,4.18,20230228_112602_025480_1.txt
13261708,13264719,FEM,29.21,14.49,9.58,20230228_112602_025480_1.txt
13261992,13265563,MAL,31.75,15.81,10.63,20230228_112602_025480_1.txt
13266141,13268012,MAL,19.8,9.65,6.41,20230228_112602_025480_1.txt
13267992,13268895,FEM,13.32,6.42,4.14,20230228_112602_025480_1.txt
13275011,13279491,MAL,42.12,21.44,14.08,20230228_112602_025480_1.txt
13278749,13281368,FEM,28.49,14.1,9.12,20230228_112602_025480_1.txt
13279761,13280473,MAL,11.34,5.34,3.4,20230228_112602_025480_1.txt
13288492,13289067,MAL,11.91,5.79,3.67,20230228_112602_025480_1.txt
13294992,13295147,FEM,10.01,4.87,2.97,20230228_112602_025480_1.txt
13295981,13298458,MAL,23.44,11.49,7.68,20230228_112602_025480_1.txt
13298011,13298116,FEM,14.23,7.2,4.36,20230228_112602_025480_1.txt
13298239,13305424,FEM,62.01,30.68,20.79,20230228_112602_025480_1.txt
13304010,13304989,MAL,12.98,6.19,3.99,20230228_112602_025480_1.txt
13306883,13308461,FEM,17.63,8.69,5.69,20230228_112602_025480_1.txt
13307649,13308807,MAL,16.12,7.98,5.12,20230228_112602_025480_1.txt
13309010,13311513,FEM,26.91,13.33,8.68,20230228_112602_025480_1.txt
13322791,13322902,MAL,12.93,6.51,3.93,20230228_112602_025480_1.txt
13327511,13329647,MAL,20.08,9.62,6.55,20230228_112602_025480_1.txt
13329318,13331512,FEM,19.44,9.25,6.35,20230228_112602_025480_1.txt
13333992,13336992,MAL,26.76,13.08,8.87,20230228_112602_025480_1.txt
13336010,13338899,FEM,29.62,14.76,9.65,20230228_112602_025480_1.txt
13337511,13341451,MAL,35.75,17.76,11.92,20230228_112602_025480_1.txt
13339743,13342991,FEM,26.63,12.67,8.87,20230228_112602_025480_1.txt
13342011,13344073,MAL,17.76,8.32,5.82,20230228_112602_025480_1.txt
13348493,13355511,FEM,67.51,33.57,22.23,20230228_112602_025480_1.txt
13353010,13354395,MAL,17.6,8.44,5.44,20230228_112602_025480_1.txt
13354735,13364490,MAL,90.09,45.49,30.21,20230228_112602_025480_1.txt
13369992,13375711,MAL,45.94,22.98,15.72,20230228_112602_025480_1.txt
13379914,13381510,FEM,15.82,7.43,5.04,20230228_112602_025480_1.txt
13381058,13384992,MAL,36.03,18.25,12.12,20230228_112602_025480_1.txt
13386492,13394511,FEM,69.34,34.73,23.42,20230228_112602_025480_1.txt
13386803,13388158,MAL,15.41,7.29,4.76,20230228_112602_025480_1.txt
13388510,13388920,MAL,10.19,4.84,3.07,20230228_112602_025480_1.txt
13392493,13394511,MAL,20.49,10.03,6.67,20230228_112602_025480_1.txt
13399516,13402533,MAL,30.09,15.21,9.98,20230228_112602_025480_1.txt
13402289,13403011,FEM,14.38,7.13,4.47,20230228_112602_025480_1.txt
13402640,13402753,MAL,14.3,7.27,4.39,20230228_112602_025480_1.txt
13410367,13415468,FEM,52.15,26.05,17.0,20230228_112602_025480_1.txt
13411006,13413002,MAL,21.26,10.25,6.71,20230228_112602_025480_1.txt
13414992,13416838,MAL,19.04,9.33,6.21,20230228_112602_025480_1.txt
13423484,13425408,MAL,20.32,10.07,6.65,20230228_112602_025480_1.txt
13424196,13424449,FEM,9.88,4.79,2.94,20230228_112602_025480_1.txt
13425991,13430740,FEM,41.63,20.49,13.86,20230228_112602_025480_1.txt
13430011,13430578,MAL,9.9,4.59,3.0,20230228_112602_025480_1.txt
13431992,13434216,FEM,22.59,11.04,7.35,20230228_112602_025480_1.txt
13434010,13437415,MAL,33.2,16.54,10.92,20230228_112602_025480_1.txt
13436776,13439940,FEM,35.16,17.41,11.27,20230228_112602_025480_1.txt
13440011,13447915,MAL,65.39,32.54,22.25,20230228_112602_025480_1.txt
13447148,13448400,FEM,15.68,7.58,4.94,20230228_112602_025480_1.txt
13451010,13454512,FEM,28.39,13.68,9.5,20230228_112602_025480_1.txt
13453314,13460511,MAL,61.03,30.35,20.62,20230228_112602_025480_1.txt
13454660,13455011,FEM,10.32,4.95,3.1,20230228_112602_025480_1.txt
13459446,13462347,FEM,29.74,14.36,9.53,20230228_112602_025480_1.txt
13461010,13461518,MAL,11.53,5.59,3.48,20230228_112602_025480_1.txt
13464011,13465992,MAL,19.78,9.71,6.53,20230228_112602_025480_1.txt
13467880,13470015,FEM,15.35,6.89,5.03,20230228_112602_025480_1.txt
13470992,13472492,FEM,13.34,6.1,4.25,20230228_112602_025480_1.txt
13471463,13476490,MAL,42.11,21.31,14.43,20230228_112602_025480_1.txt
13473182,13473876,FEM,11.11,5.17,3.37,20230228_112602_025480_1.txt
13476373,13479510,FEM,30.61,14.91,9.91,20230228_112602_025480_1.txt
13478348,13479409,MAL,13.37,6.29,4.08,20230228_112602_025480_1.txt
13482428,13487376,MAL,41.36,20.66,14.06,20230228_112602_025480_1.txt
13482492,13482873,FEM,9.99,4.79,3.0,20230228_112602_025480_1.txt
13484267,13485011,FEM,12.39,5.96,3.81,20230228_112602_025480_1.txt
13487322,13489116,FEM,17.82,8.48,5.69,20230228_112602_025480_1.txt
13499123,13501460,MAL,26.49,13.21,8.51,20230228_112602_025480_1.txt
13500535,13500869,FEM,9.82,4.72,2.94,20230228_112602_025480_1.txt
13503993,13508512,MAL,38.69,19.36,13.1,20230228_112602_025480_1.txt
13504185,13504396,FEM,9.96,4.82,2.96,20230228_112602_025480_1.txt
13504511,13506011,FEM,16.51,7.89,5.2,20230228_112602_025480_1.txt
13515512,13520509,FEM,41.5,20.66,14.12,20230228_112602_025480_1.txt
13520358,13521414,MAL,15.69,7.6,4.9,20230228_112602_025480_1.txt
13521171,13525018,FEM,27.29,12.6,9.19,20230228_112602_025480_1.txt
13526492,13528333,FEM,17.69,8.25,5.65,20230228_112602_025480_1.txt
13526843,13528011,MAL,13.74,6.35,4.22,20230228_112602_025480_1.txt
13531011,13532476,FEM,19.44,9.62,6.17,20230228_112602_025480_1.txt
13533510,13535704,FEM,23.39,11.52,7.61,20230228_112602_025480_1.txt
13535512,13538992,MAL,32.65,16.53,10.97,20230228_112602_025480_1.txt
13543730,13544493,FEM,9.62,4.35,2.89,20230228_112602_025480_1.txt
13544174,13548202,MAL,34.21,16.89,11.53,20230228_112602_025480_1.txt
13547491,13548011,FEM,13.37,6.63,4.15,20230228_112602_025480_1.txt
13548511,13553919,MAL,41.71,20.35,14.2,20230228_112602_025480_1.txt
13561992,13563011,FEM,12.92,6.14,4.03,20230228_112602_025480_1.txt
13562512,13565874,MAL,31.34,15.1,10.19,20230228_112602_025480_1.txt
13569891,13570748,FEM,9.27,4.22,2.79,20230228_112602_025480_1.txt
13572011,13573717,FEM,16.18,7.6,5.13,20230228_112602_025480_1.txt
13581037,13583548,MAL,20.14,9.57,6.69,20230228_112602_025480_1.txt
13585011,13587510,MAL,22.97,11.2,7.52,20230228_112602_025480_1.txt
13588511,13592521,MAL,33.66,16.49,11.34,20230228_112602_025480_1.txt
13589195,13589345,FEM,8.3,3.93,2.4,20230228_112602_025480_1.txt
13590011,13590799,FEM,12.53,5.9,3.81,20230228_112602_025480_1.txt
13601064,13602424,MAL,14.43,6.9,4.54,20230228_112602_025480_1.txt
13601095,13603854,FEM,25.96,12.92,8.56,20230228_112602_025480_1.txt
13605319,13605991,MAL,7.1,3.06,2.09,20230228_112602_025480_1.txt
13608010,13613493,FEM,47.31,23.38,15.82,20230228_112602_025480_1.txt
13612511,13616492,MAL,31.49,15.12,10.61,20230228_112602_025480_1.txt
13616512,13619922,FEM,28.06,13.48,9.37,20230228_112602_025480_1.txt
13636510,13638511,FEM,21.54,10.4,6.86,20230228_112602_025480_1.txt
13662511,13664492,FEM,15.28,6.83,4.93,20230228_112602_025480_1.txt
13663510,13663812,MAL,7.04,3.18,2.0,20230228_112602_025480_1.txt
13666492,13669266,FEM,25.62,12.49,8.35,20230228_112602_025480_1.txt
13666553,13669196,MAL,24.51,11.9,7.96,20230228_112602_025480_1.txt
13678264,13680016,FEM,18.96,9.43,6.17,20230228_112602_025480_1.txt
13701374,13703492,FEM,22.58,11.18,7.33,20230228_112602_025480_1.txt
13702088,13702709,MAL,11.67,5.63,3.55,20230228_112602_025480_1.txt
13702978,13703322,MAL,11.72,5.74,3.57,20230228_112602_025480_1.txt
13703659,13703784,MAL,11.2,5.54,3.36,20230228_112602_025480_1.txt
13704512,13707506,MAL,26.31,12.75,8.72,20230228_112602_025480_1.txt
13707390,13709083,FEM,18.69,8.96,5.86,20230228_112602_025480_1.txt
13708022,13711475,MAL,33.79,16.79,11.08,20230228_112602_025480_1.txt
13712492,13716016,MAL,32.77,16.56,11.01,20230228_112602_025480_1.txt
13715860,13717117,FEM,14.37,6.87,4.5,20230228_112602_025480_1.txt
13721086,13721511,FEM,9.96,4.74,3.0,20230228_112602_025480_1.txt
13721235,13722489,MAL,12.2,5.55,3.83,20230228_112602_025480_1.txt
13727472,13728258,FEM,10.0,4.52,3.02,20230228_112602_025480_1.txt
13731798,13734631,FEM,27.96,13.75,9.03,20230228_112602_025480_1.txt
13734510,13738754,MAL,35.41,17.87,12.07,20230228_112602_025480_1.txt
13738511,13738671,FEM,9.24,4.44,2.71,20230228_112602_025480_1.txt
13744991,13747991,FEM,24.79,11.96,8.27,20230228_112602_025480_1.txt
13750992,13755012,FEM,33.44,16.41,11.21,20230228_112602_025480_1.txt
13753444,13754667,MAL,13.63,6.56,4.3,20230228_112602_025480_1.txt
13759472,13763095,MAL,32.22,16.08,10.79,20230228_112602_025480_1.txt
13762972,13764374,FEM,13.81,6.37,4.34,20230228_112602_025480_1.txt
13763250,13763377,MAL,8.93,4.26,2.6,20230228_112602_025480_1.txt
13763993,13764305,MAL,8.14,3.73,2.37,20230228_112602_025480_1.txt
13765084,13765293,MAL,9.68,4.66,2.87,20230228_112602_025480_1.txt
13765715,13766513,MAL,9.54,4.3,2.92,20230228_112602_025480_1.txt
13767460,13769411,FEM,16.79,8.05,5.42,20230228_112602_025480_1.txt
13768576,13770991,MAL,20.34,9.79,6.69,20230228_112602_025480_1.txt
13775660,13782982,MAL,57.34,28.82,19.84,20230228_112602_025480_1.txt
13783492,13785127,FEM,16.08,7.65,5.13,20230228_112602_025480_1.txt
13784011,13787492,MAL,27.72,13.34,9.27,20230228_112602_025480_1.txt
13804369,13804492,FEM,8.73,4.16,2.53,20230228_112602_025480_1.txt
13805492,13807502,MAL,17.87,8.47,5.79,20230228_112602_025480_1.txt
13809992,13810875,FEM,11.21,5.15,3.44,20230228_112602_025480_1.txt
13818492,13820011,FEM,14.4,6.8,4.5,20230228_112602_025480_1.txt
13878511,13880286,FEM,21.39,10.73,6.93,20230228_112602_025480_1.txt
13894102,13894492,FEM,7.07,3.14,2.03,20230228_112602_025480_1.txt
13896849,13896991,MAL,10.13,4.92,3.0,20230228_112602_025480_1.txt
13897945,13898387,MAL,9.08,4.31,2.71,20230228_112602_025480_1.txt
13914420,13917012,FEM,20.39,9.56,6.73,20230228_112602_025480_1.txt
13916510,13918518,MAL,18.98,9.01,6.11,20230228_112602_025480_1.txt
13930512,13933011,FEM,21.03,9.52,6.72,20230228_112602_025480_1.txt
13936492,13941136,FEM,25.45,11.02,8.81,20230228_112602_025480_1.txt
13947992,13949666,MAL,14.22,6.33,4.42,20230228_112602_025480_1.txt
13948504,13948620,FEM,7.66,3.55,2.18,20230228_112602_025480_1.txt
13948762,13950011,FEM,10.55,4.67,3.28,20230228_112602_025480_1.txt
13953511,13956648,FEM,21.92,9.56,7.17,20230228_112602_025480_1.txt
13960991,13963146,FEM,14.18,5.93,4.53,20230228_112602_025480_1.txt
13965029,13967010,FEM,11.98,4.78,3.88,20230228_112602_025480_1.txt
13968011,13970515,FEM,20.32,9.1,6.48,20230228_112602_025480_1.txt
13972856,13974348,FEM,9.81,4.15,3.08,20230228_112602_025480_1.txt
13973973,13974100,MAL,4.86,2.0,1.25,20230228_112602_025480_1.txt
13975511,13978495,FEM,28.99,13.83,9.35,20230228_112602_025480_1.txt
13979993,13986083,FEM,41.38,19.09,14.05,20230228_112602_025480_1.txt
13987011,13989598,FEM,16.88,7.54,5.62,20230228_112602_025480_1.txt
13991992,13995936,FEM,22.8,9.61,7.65,20230228_112602_025480_1.txt
13996992,13999095,FEM,16.03,7.17,5.2,20230228_112602_025480_1.txt
13999973,14001011,FEM,10.18,4.34,3.12,20230228_112602_025480_1.txt
14002217,14003640,FEM,12.09,5.28,3.82,20230228_112602_025480_1.txt
14006010,14007573,FEM,12.88,5.69,4.11,20230228_112602_025480_1.txt
14008857,14012492,FEM,28.76,12.96,9.38,20230228_112602_025480_1.txt
14009534,14009758,MAL,8.47,3.91,2.47,20230228_112602_025480_1.txt
14013366,14016010,FEM,19.93,8.89,6.53,20230228_112602_025480_1.txt
14017754,14019963,FEM,17.15,7.83,5.64,20230228_112602_025480_1.txt
14021993,14022838,FEM,9.94,4.43,3.01,20230228_112602_025480_1.txt
14025992,14027992,FEM,18.77,8.8,5.99,20230228_112602_025480_1.txt
14027511,14027889,MAL,10.15,4.89,3.05,20230228_112602_025480_1.txt
14031492,14035574,FEM,27.6,12.44,9.28,20230228_112602_025480_1.txt
14034986,14035511,MAL,11.67,5.56,3.53,20230228_112602_025480_1.txt
14040599,14041596,FEM,8.06,3.3,2.46,20230228_112602_025480_1.txt
14042492,14044004,FEM,7.3,2.42,2.24,20230228_112602_025480_1.txt
14044992,14046112,MAL,16.69,8.16,5.3,20230228_112602_025480_1.txt
14046099,14048512,FEM,15.61,6.76,5.16,20230228_112602_025480_1.txt
14049008,14049207,MAL,11.64,5.76,3.52,20230228_112602_025480_1.txt
14055010,14058763,FEM,26.77,12.47,9.0,20230228_112602_025480_1.txt
14060343,14063672,FEM,25.33,11.47,8.34,20230228_112602_025480_1.txt
14060513,14061169,MAL,9.27,4.08,2.75,20230228_112602_025480_1.txt
14062511,14062759,MAL,10.42,5.03,3.12,20230228_112602_025480_1.txt
14064560,14067263,FEM,18.94,8.62,6.32,20230228_112602_025480_1.txt
14069484,14071791,FEM,12.72,5.19,4.18,20230228_112602_025480_1.txt
14072682,14073558,MAL,16.27,8.09,5.17,20230228_112602_025480_1.txt
14076475,14077432,MAL,15.45,7.61,4.86,20230228_112602_025480_1.txt
14077147,14077512,FEM,12.57,6.24,3.86,20230228_112602_025480_1.txt
14079972,14081568,FEM,18.67,9.05,5.99,20230228_112602_025480_1.txt
14080492,14080607,MAL,13.77,6.97,4.21,20230228_112602_025480_1.txt
14080731,14082511,MAL,21.84,10.58,6.92,20230228_112602_025480_1.txt
14081703,14082467,FEM,14.86,7.28,4.63,20230228_112602_025480_1.txt
14084731,14088001,FEM,25.64,11.85,8.54,20230228_112602_025480_1.txt
14088409,14093330,FEM,29.17,12.71,9.99,20230228_112602_025480_1.txt
14094493,14099512,FEM,32.63,14.22,10.95,20230228_112602_025480_1.txt
14101727,14103053,MAL,18.69,9.17,6.01,20230228_112602_025480_1.txt
14112402,14116012,FEM,34.98,17.06,11.4,20230228_112602_025480_1.txt
14128992,14134301,FEM,37.22,17.63,12.74,20230228_112602_025480_1.txt
14147335,14148992,FEM,14.78,6.7,4.7,20230228_112602_025480_1.txt
14149893,14151992,FEM,17.21,7.83,5.59,20230228_112602_025480_1.txt
14153500,14156851,FEM,29.97,14.08,9.58,20230228_112602_025480_1.txt
14158155,14160182,FEM,15.76,7.28,5.1,20230228_112602_025480_1.txt
14166598,14167953,FEM,14.2,6.64,4.46,20230228_112602_025480_1.txt
14169511,14171993,FEM,24.08,11.61,7.73,20230228_112602_025480_1.txt
14175953,14176510,FEM,12.31,5.98,3.75,20230228_112602_025480_1.txt
14182493,14187689,FEM,43.97,21.28,14.66,20230228_112602_025480_1.txt
24256193,24258142,FEM,21.92,10.5,6.98,20230228_112602_025480_1.txt
24259993,24263115,FEM,26.07,12.11,8.55,20230228_112602_025480_1.txt
24268992,24270642,FEM,15.83,7.24,5.05,20230228_112602_025480_1.txt
24270558,24271274,MAL,10.29,4.66,3.15,20230228_112602_025480_1.txt
24282374,24283650,MAL,11.6,4.87,3.63,20230228_112602_025480_1.txt
24295511,24297992,FEM,25.66,12.37,8.31,20230228_112602_025480_1.txt
24303225,24305992,FEM,27.32,13.3,8.96,20230228_112602_025480_1.txt
24321345,24322582,FEM,16.04,7.61,5.11,20230228_112602_025480_1.txt
24326543,24328843,FEM,25.85,12.42,8.29,20230228_112602_025480_1.txt
24327272,24328465,MAL,18.02,8.55,5.55,20230228_112602_025480_1.txt
24329741,24331744,FEM,16.94,7.72,5.53,20230228_112602_025480_1.txt
24334511,24335734,FEM,10.98,4.96,3.47,20230228_112602_025480_1.txt
24342512,24344988,MAL,26.36,12.98,8.65,20230228_112602_025480_1.txt
24342992,24343491,FEM,11.72,5.59,3.54,20230228_112602_025480_1.txt
24343826,24344012,FEM,13.26,6.66,4.06,20230228_112602_025480_1.txt
24346492,24349798,FEM,24.53,11.44,8.23,20230228_112602_025480_1.txt
24352010,24353991,FEM,15.43,6.45,4.97,20230228_112602_025480_1.txt
24356492,24359244,FEM,20.8,9.26,6.84,20230228_112602_025480_1.txt
24358128,24359488,MAL,12.23,5.27,3.86,20230228_112602_025480_1.txt
24361012,24363331,FEM,17.72,7.88,5.85,20230228_112602_025480_1.txt
24365510,24368011,FEM,15.89,6.16,5.16,20230228_112602_025480_1.txt
24373388,24376993,FEM,34.5,16.42,11.18,20230228_112602_025480_1.txt
24387812,24388531,FEM,10.24,4.5,3.09,20230228_112602_025480_1.txt
24389039,24389419,FEM,8.99,4.16,2.66,20230228_112602_025480_1.txt
24389900,24390011,FEM,11.24,5.54,3.37,20230228_112602_025480_1.txt
24396928,24399356,MAL,26.54,12.95,8.54,20230228_112602_025480_1.txt
24396930,24397991,FEM,15.61,7.53,4.83,20230228_112602_025480_1.txt
24398175,24398492,FEM,11.35,5.5,3.44,20230228_112602_025480_1.txt
24404606,24404992,FEM,10.18,4.89,3.06,20230228_112602_025480_1.txt
24409628,24410011,MAL,10.58,5.09,3.2,20230228_112602_025480_1.txt
24409703,24409862,FEM,9.73,4.68,2.87,20230228_112602_025480_1.txt
24411512,24413512,MAL,19.45,9.33,6.37,20230228_112602_025480_1.txt
24417614,24419165,FEM,19.72,9.77,6.33,20230228_112602_025480_1.txt
24420376,24423505,FEM,30.33,14.57,9.87,20230228_112602_025480_1.txt
24423886,24438992,FEM,139.39,68.56,46.21,20230228_112602_025480_1.txt
24439835,24439948,MAL,14.23,7.22,4.36,20230228_112602_025480_1.txt
24440241,24440815,MAL,11.33,5.35,3.48,20230228_112602_025480_1.txt
24440510,24444012,FEM,27.21,13.14,9.21,20230228_112602_025480_1.txt
24445716,24447189,FEM,19.32,9.42,6.08,20230228_112602_025480_1.txt
24445748,24447012,MAL,17.89,8.71,5.57,20230228_112602_025480_1.txt
24449830,24450537,FEM,15.19,7.55,4.73,20230228_112602_025480_1.txt
24450841,24450944,FEM,14.58,7.43,4.48,20230228_112602_025480_1.txt
24452916,24454511,FEM,17.84,8.59,5.66,20230228_112602_025480_1.txt
24456701,24459492,FEM,27.45,12.95,8.8,20230228_112602_025480_1.txt
24459874,24461241,MAL,15.24,7.16,4.86,20230228_112602_025480_1.txt
24461408,24461511,MAL,12.47,6.24,3.78,20230228_112602_025480_1.txt
24461492,24462687,FEM,13.83,6.38,4.26,20230228_112602_025480_1.txt
24463011,24463694,FEM,6.24,2.49,1.8,20230228_112602_025480_1.txt
24464005,24466560,FEM,14.9,6.32,4.95,20230228_112602_025480_1.txt
24472270,24473463,FEM,12.61,5.67,4.01,20230228_112602_025480_1.txt
24478492,24479493,FEM,13.67,6.51,4.17,20230228_112602_025480_1.txt
24482007,24483511,FEM,15.75,7.31,4.95,20230228_112602_025480_1.txt
24484807,24490290,FEM,53.16,25.85,17.19,20230228_112602_025480_1.txt
24501196,24505227,FEM,31.2,14.26,10.05,20230228_112602_025480_1.txt
24507492,24509053,MAL,13.23,5.76,4.17,20230228_112602_025480_1.txt
24514010,24516010,FEM,17.04,7.9,5.52,20230228_112602_025480_1.txt
24520492,24522991,FEM,16.83,7.26,5.48,20230228_112602_025480_1.txt
24537992,24538670,FEM,3.26,0.88,0.81,20230228_112602_025480_1.txt
24541010,24542125,FEM,9.22,3.94,2.76,20230228_112602_025480_1.txt
24543982,24544991,FEM,4.53,1.34,1.29,20230228_112602_025480_1.txt
24545946,24550553,FEM,34.46,16.19,11.39,20230228_112602_025480_1.txt
24570479,24571740,FEM,14.79,7.04,4.54,20230228_112602_025480_1.txt
24577511,24578613,FEM,6.89,2.66,2.04,20230228_112602_025480_1.txt
24578512,24579200,MAL,11.24,5.2,3.36,20230228_112602_025480_1.txt
24597219,24597789,FEM,3.7,1.16,0.94,20230228_112602_025480_1.txt
24599356,24600512,MAL,15.75,7.44,4.79,20230228_112602_025480_1.txt
24600071,24600392,FEM,9.31,4.43,2.76,20230228_112602_025480_1.txt
24607992,24608250,MAL,8.77,4.13,2.57,20230228_112602_025480_1.txt
24607992,24612791,FEM,34.32,15.83,11.43,20230228_112602_025480_1.txt
24611428,24613011,MAL,13.21,5.75,4.12,20230228_112602_025480_1.txt
24639512,24642333,FEM,24.48,12.15,8.19,20230228_112602_025480_1.txt
24643374,24645725,MAL,23.06,11.39,7.53,20230228_112602_025480_1.txt
24643491,24643992,FEM,10.58,5.03,3.17,20230228_112602_025480_1.txt
24651010,24653492,FEM,23.14,11.34,7.42,20230228_112602_025480_1.txt
24652510,24657492,MAL,43.64,21.97,14.62,20230228_112602_025480_1.txt
24656375,24656502,FEM,7.98,3.75,2.29,20230228_112602_025480_1.txt
24657367,24660492,FEM,29.9,14.42,9.52,20230228_112602_025480_1.txt
24663457,24664510,FEM,12.32,5.72,3.68,20230228_112602_025480_1.txt
24693012,24693511,FEM,12.7,6.3,3.92,20230228_112602_025480_1.txt
24750735,24751496,MAL,14.25,6.96,4.38,20230228_112602_025480_1.txt
24752512,24756213,FEM,29.49,14.5,9.9,20230228_112602_025480_1.txt
24755510,24756875,MAL,14.18,6.65,4.56,20230228_112602_025480_1.txt
24757993,24758511,FEM,7.63,3.39,2.24,20230228_112602_025480_1.txt
24760492,24762949,FEM,18.44,8.75,6.06,20230228_112602_025480_1.txt
24769464,24771249,FEM,18.87,9.02,5.93,20230228_112602_025480_1.txt
24773165,24773492,FEM,7.2,3.28,2.06,20230228_112602_025480_1.txt
24775370,24775637,FEM,9.43,4.51,2.79,20230228_112602_025480_1.txt
24779989,24782492,MAL,21.96,10.66,7.29,20230228_112602_025480_1.txt
24785946,24786751,FEM,9.01,3.89,2.74,20230228_112602_025480_1.txt
24789053,24790992,FEM,17.03,8.09,5.5,20230228_112602_025480_1.txt
24791427,24792537,FEM,10.63,4.57,3.18,20230228_112602_025480_1.txt
24798557,24799669,MAL,14.74,7.15,4.65,20230228_112602_025480_1.txt
24798992,24801317,FEM,24.69,11.77,7.8,20230228_112602_025480_1.txt
24804468,24806969,FEM,16.58,7.35,5.4,20230228_112602_025480_1.txt
24810511,24816483,FEM,50.29,24.28,16.63,20230228_112602_025480_1.txt
24816707,24817492,FEM,8.34,3.69,2.47,20230228_112602_025480_1.txt
24818597,24819338,FEM,11.25,5.22,3.43,20230228_112602_025480_1.txt
24819951,24822199,MAL,18.39,8.55,6.06,20230228_112602_025480_1.txt
24820266,24821596,FEM,13.85,6.49,4.39,20230228_112602_025480_1.txt
24824991,24825605,FEM,11.98,5.79,3.65,20230228_112602_025480_1.txt
24828513,24828835,FEM,6.11,2.67,1.7,20230228_112602_025480_1.txt
24834992,24836011,MAL,10.22,4.62,3.13,20230228_112602_025480_1.txt
24835012,24841511,FEM,49.32,24.63,17.03,20230228_112602_025480_1.txt
24839015,24839572,MAL,9.96,4.69,2.97,20230228_112602_025480_1.txt
24841271,24842154,MAL,11.27,5.27,3.41,20230228_112602_025480_1.txt
24843741,24844127,FEM,7.46,3.35,2.16,20230228_112602_025480_1.txt
24844011,24845989,MAL,17.8,8.64,5.82,20230228_112602_025480_1.txt
24845010,24846097,FEM,12.71,6.08,3.97,20230228_112602_025480_1.txt
24846305,24846965,MAL,10.91,5.23,3.35,20230228_112602_025480_1.txt
24846510,24848010,FEM,13.97,6.52,4.46,20230228_112602_025480_1.txt
24851532,24852511,FEM,12.04,5.63,3.73,20230228_112602_025480_1.txt
24854119,24863669,MAL,78.86,38.88,26.7,20230228_112602_025480_1.txt
24854700,24856011,FEM,12.28,5.76,3.87,20230228_112602_025480_1.txt
24862825,24863684,FEM,13.7,6.62,4.26,20230228_112602_025480_1.txt
24863795,24864105,MAL,10.73,5.14,3.23,20230228_112602_025480_1.txt
24864011,24864377,FEM,9.38,4.38,2.79,20230228_112602_025480_1.txt
24864302,24866011,MAL,17.0,7.99,5.5,20230228_112602_025480_1.txt
24866993,24871792,FEM,40.36,19.64,13.39,20230228_112602_025480_1.txt
24869111,24869951,MAL,9.94,4.46,2.95,20230228_112602_025480_1.txt
24870134,24873992,MAL,26.82,12.3,9.03,20230228_112602_025480_1.txt
24874071,24876995,FEM,23.48,11.08,7.71,20230228_112602_025480_1.txt
24880537,24884633,FEM,35.32,17.29,11.69,20230228_112602_025480_1.txt
24881081,24881957,MAL,9.72,4.41,2.94,20230228_112602_025480_1.txt
24886882,24887992,FEM,10.2,4.48,3.14,20230228_112602_025480_1.txt
24890694,24895492,FEM,34.01,16.38,11.69,20230228_112602_025480_1.txt
24891347,24891487,MAL,7.13,3.27,2.01,20230228_112602_025480_1.txt
24891867,24893489,MAL,15.7,7.3,5.01,20230228_112602_025480_1.txt
24898992,24901012,FEM,18.77,8.9,5.88,20230228_112602_025480_1.txt
24902486,24908601,FEM,50.06,25.2,17.1,20230228_112602_025480_1.txt
24932991,24936010,MAL,22.43,10.42,7.48,20230228_112602_025480_1.txt
24937561,24937691,MAL,11.51,5.7,3.46,20230228_112602_025480_1.txt
24937991,24940990,MAL,24.75,12.03,8.31,20230228_112602_025480_1.txt
24942992,24945869,MAL,21.8,10.18,7.25,20230228_112602_025480_1.txt
24984011,24986988,MAL,23.83,10.95,7.63,20230228_112602_025480_1.txt
24989577,24990512,MAL,7.46,3.08,2.2,20230228_112602_025480_1.txt
25006524,25008043,MAL,13.02,6.08,4.15,20230228_112602_025480_1.txt
25008183,25008291,MAL,7.78,3.63,2.22,20230228_112602_025480_1.txt
25010492,25012011,MAL,14.36,6.85,4.54,20230228_112602_025480_1.txt
25019383,25025122,FEM,50.57,26.33,17.37,20230228_112602_025480_1.txt
25024511,25028510,MAL,41.82,21.48,13.79,20230228_112602_025480_1.txt
25049890,25049993,FEM,9.94,4.84,2.93,20230228_112602_025480_1.txt
25068493,25071016,FEM,30.03,15.0,9.67,20230228_112602_025480_1.txt
25070143,25071010,MAL,16.23,7.96,5.0,20230228_112602_025480_1.txt
25073975,25075534,MAL,18.33,8.74,5.71,20230228_112602_025480_1.txt
25087018,25087740,FEM,9.38,4.45,2.85,20230228_112602_025480_1.txt
25087349,25087511,MAL,8.5,4.04,2.47,20230228_112602_025480_1.txt
25093463,25096416,MAL,31.84,16.05,10.34,20230228_112602_025480_1.txt
25111306,25113888,FEM,29.23,14.93,9.41,20230228_112602_025480_1.txt
25114511,25117024,MAL,24.56,12.66,8.11,20230228_112602_025480_1.txt
25119538,25119646,MAL,6.73,3.07,1.87,20230228_112602_025480_1.txt
25120010,25124458,MAL,47.22,24.34,15.46,20230228_112602_025480_1.txt
25151511,25152010,FEM,6.28,2.79,1.79,20230228_112602_025480_1.txt
25161185,25161337,FEM,8.92,4.27,2.6,20230228_112602_025480_1.txt
25161236,25162539,MAL,14.86,7.31,4.73,20230228_112602_025480_1.txt
25162770,25162932,MAL,8.25,3.9,2.38,20230228_112602_025480_1.txt
25162993,25164011,FEM,13.07,6.43,4.08,20230228_112602_025480_1.txt
25170770,25171511,MAL,8.88,4.11,2.64,20230228_112602_025480_1.txt
25241654,25242012,FEM,5.4,2.31,1.47,20230228_112602_025480_1.txt
25305011,25306012,FEM,12.49,6.09,3.89,20230228_112602_025480_1.txt
25312345,25314491,FEM,24.75,12.37,7.85,20230228_112602_025480_1.txt
25323992,25326913,FEM,33.23,16.88,10.7,20230228_112602_025480_1.txt
25327335,25328489,MAL,14.89,7.31,4.6,20230228_112602_025480_1.txt
25344154,25344286,FEM,7.24,3.35,2.04,20230228_112602_025480_1.txt
25379428,25380992,FEM,13.97,6.92,4.47,20230228_112602_025480_1.txt
25387958,25390010,FEM,24.33,12.35,7.85,20230228_112602_025480_1.txt
25389052,25389190,MAL,10.32,5.06,3.07,20230228_112602_025480_1.txt
25392992,25394988,MAL,21.4,10.9,7.02,20230228_112602_025480_1.txt
25479294,25480430,MAL,15.83,7.79,4.92,20230228_112602_025480_1.txt
25480897,25481488,MAL,10.46,5.01,3.14,20230228_112602_025480_1.txt
25497499,25498797,MAL,13.09,6.37,4.08,20230228_112602_025480_1.txt
25506993,25507751,FEM,8.72,4.06,2.59,20230228_112602_025480_1.txt
25590507,25590996,FEM,6.79,3.0,1.9,20230228_112602_025480_1.txt
25620492,25621140,FEM,5.97,2.6,1.71,20230228_112602_025480_1.txt
25677685,25679398,MAL,20.85,10.54,6.63,20230228_112602_025480_1.txt
25685591,25685746,MAL,8.76,4.19,2.55,20230228_112602_025480_1.txt
25702763,25704505,MAL,19.71,9.9,6.26,20230228_112602_025480_1.txt
25704717,25706192,FEM,17.55,8.77,5.54,20230228_112602_025480_1.txt
25724724,25726511,FEM,22.71,11.37,7.16,20230228_112602_025480_1.txt
25766615,25767012,FEM,8.64,4.05,2.55,20230228_112602_025480_1.txt
25768511,25768881,FEM,5.27,2.23,1.42,20230228_112602_025480_1.txt
25781011,25781360,FEM,6.3,2.59,1.76,20230228_112602_025480_1.txt
25783512,25787366,FEM,22.87,9.86,7.72,20230228_112602_025480_1.txt
25788819,25795488,MAL,57.12,27.35,18.71,20230228_112602_025480_1.txt
25795233,25798510,FEM,25.47,11.8,8.33,20230228_112602_025480_1.txt
25797511,25801492,MAL,33.26,15.44,10.72,20230228_112602_025480_1.txt
25806011,25808492,FEM,21.47,10.29,7.07,20230228_112602_025480_1.txt
25810409,25810871,FEM,8.39,3.83,2.48,20230228_112602_025480_1.txt
25810469,25813010,MAL,19.95,9.08,6.37,20230228_112602_025480_1.txt
25813284,25815481,FEM,16.21,7.46,5.33,20230228_112602_025480_1.txt
25813353,25813483,MAL,7.42,3.42,2.1,20230228_112602_025480_1.txt
25815453,25824162,MAL,75.01,35.84,24.53,20230228_112602_025480_1.txt
25819742,25820328,FEM,6.51,2.66,1.82,20230228_112602_025480_1.txt
25820605,25822736,FEM,16.09,6.87,4.96,20230228_112602_025480_1.txt
25823510,25823826,FEM,6.76,2.96,1.91,20230228_112602_025480_1.txt
25824238,25827299,FEM,21.26,9.63,6.99,20230228_112602_025480_1.txt
25830679,25835510,MAL,42.57,21.11,14.08,20230228_112602_025480_1.txt
25834280,25834633,FEM,5.19,2.13,1.4,20230228_112602_025480_1.txt
25837010,25839492,FEM,20.74,9.97,6.78,20230228_112602_025480_1.txt
25838310,25842011,MAL,33.65,16.45,10.92,20230228_112602_025480_1.txt
25841864,25843843,FEM,13.2,5.99,4.29,20230228_112602_025480_1.txt
25843511,25848511,MAL,39.05,19.2,13.2,20230228_112602_025480_1.txt
25848511,25850492,FEM,17.5,8.11,5.51,20230228_112602_025480_1.txt
25849511,25857510,MAL,53.88,24.58,18.22,20230228_112602_025480_1.txt
25852589,25852935,FEM,4.37,1.62,1.12,20230228_112602_025480_1.txt
25866937,25867992,FEM,13.58,6.4,4.15,20230228_112602_025480_1.txt
25882991,25894262,MAL,87.87,43.99,30.3,20230228_112602_025480_1.txt
25893992,25894191,FEM,3.79,1.41,0.91,20230228_112602_025480_1.txt
25894296,25894510,FEM,3.85,1.43,0.93,20230228_112602_025480_1.txt
25895587,25897678,MAL,15.64,7.56,5.12,20230228_112602_025480_1.txt
25901038,25901219,MAL,3.55,1.27,0.82,20230228_112602_025480_1.txt
25901562,25901785,MAL,7.02,3.19,1.98,20230228_112602_025480_1.txt
25902199,25903493,FEM,11.59,5.28,3.48,20230228_112602_025480_1.txt
25902288,25903027,MAL,6.89,2.9,1.92,20230228_112602_025480_1.txt
25904888,25909259,MAL,40.96,20.44,13.36,20230228_112602_025480_1.txt
25911704,25913241,MAL,13.46,6.55,4.3,20230228_112602_025480_1.txt
25919286,25920589,MAL,10.37,4.75,3.23,20230228_112602_025480_1.txt
25921497,25921877,MAL,3.52,1.2,0.84,20230228_112602_025480_1.txt
25926215,25927381,FEM,10.0,4.59,3.08,20230228_112602_025480_1.txt
25927174,25927490,MAL,5.26,2.21,1.41,20230228_112602_025480_1.txt
25928993,25929427,MAL,3.35,1.11,0.8,20230228_112602_025480_1.txt
25929592,25929857,MAL,5.04,2.1,1.33,20230228_112602_025480_1.txt
25930103,25931715,MAL,13.89,6.78,4.46,20230228_112602_025480_1.txt
25933915,25935489,MAL,13.14,6.13,4.09,20230228_112602_025480_1.txt
25934993,25936510,FEM,14.18,6.73,4.43,20230228_112602_025480_1.txt
25937587,25939492,MAL,14.3,6.78,4.64,20230228_112602_025480_1.txt
25944010,25949012,MAL,46.65,23.2,15.26,20230228_112602_025480_1.txt
25949012,25949147,FEM,3.88,1.45,0.92,20230228_112602_025480_1.txt
25953698,25954716,MAL,9.7,4.45,2.91,20230228_112602_025480_1.txt
25955525,25955702,MAL,5.19,2.19,1.37,20230228_112602_025480_1.txt
25956015,25956204,FEM,6.05,2.66,1.66,20230228_112602_025480_1.txt
25956492,25956725,FEM,6.04,2.64,1.66,20230228_112602_025480_1.txt
25957974,25958931,MAL,8.73,3.88,2.57,20230228_112602_025480_1.txt
25975011,25978489,MAL,27.14,13.24,9.13,20230228_112602_025480_1.txt
25978011,25980492,FEM,22.66,11.03,7.47,20230228_112602_025480_1.txt
25982628,25984604,MAL,15.51,7.25,5.0,20230228_112602_025480_1.txt
25985607,25985749,MAL,5.48,2.35,1.46,20230228_112602_025480_1.txt
25985861,25990019,MAL,37.16,18.48,12.22,20230228_112602_025480_1.txt
25991511,25993501,MAL,17.17,8.01,5.51,20230228_112602_025480_1.txt
25998492,25998664,FEM,4.33,1.71,1.08,20230228_112602_025480_1.txt
25998778,25999677,FEM,9.93,4.58,2.96,20230228_112602_025480_1.txt
26002011,26004370,FEM,19.57,9.42,6.42,20230228_112602_025480_1.txt
26005013,26008091,MAL,24.7,11.98,8.2,20230228_112602_025480_1.txt
26013511,26029011,MAL,139.82,70.0,46.8,20230228_112602_025480_1.txt
26028511,26030011,FEM,16.12,7.65,5.07,20230228_112602_025480_1.txt
26029915,26032490,MAL,26.5,13.02,8.55,20230228_112602_025480_1.txt
26044413,26045493,FEM,9.1,4.07,2.77,20230228_112602_025480_1.txt
26044511,26050012,MAL,52.88,26.6,17.36,20230228_112602_025480_1.txt
26048993,26050993,FEM,17.79,8.46,5.61,20230228_112602_025480_1.txt
26050992,26061333,MAL,96.56,48.11,31.89,20230228_112602_025480_1.txt
26058979,26059686,FEM,6.3,2.5,1.82,20230228_112602_025480_1.txt
26061431,26061672,FEM,3.87,1.43,0.94,20230228_112602_025480_1.txt
26062049,26062515,FEM,3.89,1.41,0.98,20230228_112602_025480_1.txt
26063335,26069511,MAL,55.93,27.83,18.44,20230228_112602_025480_1.txt
26068988,26071511,FEM,19.55,9.44,6.49,20230228_112602_025480_1.txt
26073898,26076708,FEM,21.36,10.06,6.99,20230228_112602_025480_1.txt
26077277,26079812,FEM,20.24,9.56,6.62,20230228_112602_025480_1.txt
26078522,26079322,MAL,11.37,5.34,3.42,20230228_112602_025480_1.txt
26080491,26086492,FEM,48.14,23.48,16.13,20230228_112602_025480_1.txt
26084732,26084843,MAL,9.03,4.33,2.63,20230228_112602_025480_1.txt
26088704,26089988,MAL,11.27,5.3,3.58,20230228_112602_025480_1.txt
26089493,26092993,FEM,24.4,11.6,8.27,20230228_112602_025480_1.txt
26093991,26094992,FEM,8.26,3.52,2.42,20230228_112602_025480_1.txt
26094386,26094934,MAL,5.89,2.35,1.56,20230228_112602_025480_1.txt
26096909,26099305,FEM,19.3,8.92,6.12,20230228_112602_025480_1.txt
26100011,26102993,FEM,21.75,9.97,7.09,20230228_112602_025480_1.txt
26105061,26109634,FEM,40.04,20.13,13.35,20230228_112602_025480_1.txt
26110510,26110923,FEM,4.79,1.91,1.27,20230228_112602_025480_1.txt
26111968,26113713,FEM,13.39,6.13,4.26,20230228_112602_025480_1.txt
26115116,26122688,FEM,60.31,29.63,20.34,20230228_112602_025480_1.txt
26125676,26133493,FEM,72.26,35.56,23.68,20230228_112602_025480_1.txt
26132012,26134079,MAL,20.14,9.55,6.35,20230228_112602_025480_1.txt
26134993,26135992,FEM,6.68,2.61,1.95,20230228_112602_025480_1.txt
26136658,26143126,FEM,47.87,22.99,16.17,20230228_112602_025480_1.txt
26144422,26147313,FEM,21.12,9.69,6.81,20230228_112602_025480_1.txt
26148511,26153676,FEM,33.22,15.17,11.23,20230228_112602_025480_1.txt
26155653,26157108,MAL,12.06,5.42,3.87,20230228_112602_025480_1.txt
26156026,26156492,FEM,6.81,2.87,1.95,20230228_112602_025480_1.txt
26158992,26167865,FEM,62.87,30.53,21.78,20230228_112602_025480_1.txt
26160288,26160992,MAL,9.59,4.39,2.87,20230228_112602_025480_1.txt
26166011,26173903,MAL,57.05,28.06,19.84,20230228_112602_025480_1.txt
26173010,26173231,FEM,8.96,4.2,2.63,20230228_112602_025480_1.txt
26173387,26183434,FEM,67.85,32.39,23.59,20230228_112602_025480_1.txt
26176028,26176465,MAL,9.22,4.32,2.75,20230228_112602_025480_1.txt
26182000,26189128,MAL,53.88,26.94,18.71,20230228_112602_025480_1.txt
26187003,26187335,FEM,9.05,4.27,2.68,20230228_112602_025480_1.txt
26187617,26187809,FEM,8.52,4.02,2.48,20230228_112602_025480_1.txt
26188363,26198010,FEM,71.11,35.18,24.71,20230228_112602_025480_1.txt
26190967,26191267,MAL,9.79,4.69,2.92,20230228_112602_025480_1.txt
26195152,26195301,MAL,10.98,5.4,3.29,20230228_112602_025480_1.txt
26201477,26204511,FEM,23.95,11.38,7.99,20230228_112602_025480_1.txt
26204055,26207224,MAL,23.39,11.16,7.88,20230228_112602_025480_1.txt
26206511,26213492,FEM,44.13,20.64,15.43,20230228_112602_025480_1.txt
26214511,26220512,FEM,43.87,21.29,14.97,20230228_112602_025480_1.txt
26221011,26221129,FEM,7.74,3.62,2.21,20230228_112602_025480_1.txt
26221492,26229492,FEM,63.58,30.01,21.13,20230228_112602_025480_1.txt
26223092,26223510,MAL,9.64,4.5,2.89,20230228_112602_025480_1.txt
26223809,26223976,MAL,9.49,4.52,2.8,20230228_112602_025480_1.txt
26228510,26230284,MAL,16.69,7.59,5.25,20230228_112602_025480_1.txt
26233011,26235903,FEM,19.71,9.08,6.61,20230228_112602_025480_1.txt
26236011,26238011,MAL,18.23,8.64,5.96,20230228_112602_025480_1.txt
26241513,26243050,FEM,10.54,4.67,3.38,20230228_112602_025480_1.txt
26246492,26249992,FEM,24.24,11.35,8.17,20230228_112602_025480_1.txt
26249503,26252492,MAL,22.82,10.85,7.66,20230228_112602_025480_1.txt
26252011,26254848,FEM,22.18,10.48,7.37,20230228_112602_025480_1.txt
26257510,26259925,FEM,21.69,10.48,7.13,20230228_112602_025480_1.txt
26262492,26266993,MAL,35.9,17.44,12.11,20230228_112602_025480_1.txt
26266736,26270011,FEM,27.7,13.31,9.12,20230228_112602_025480_1.txt
26269513,26272341,MAL,21.86,10.3,7.26,20230228_112602_025480_1.txt
26275011,26279260,MAL,27.06,12.37,9.29,20230228_112602_025480_1.txt
26279895,26281993,FEM,16.85,7.57,5.36,20230228_112602_025480_1.txt
26282554,26284488,MAL,14.55,6.65,4.68,20230228_112602_025480_1.txt
26283785,26285570,FEM,12.57,5.45,3.99,20230228_112602_025480_1.txt
26285011,26285119,MAL,6.61,2.99,1.83,20230228_112602_025480_1.txt
26285511,26287546,MAL,13.52,5.71,4.45,20230228_112602_025480_1.txt
26288135,26288511,MAL,7.48,3.31,2.16,20230228_112602_025480_1.txt
26288191,26290493,FEM,16.46,7.62,5.43,20230228_112602_025480_1.txt
26295712,26295859,FEM,7.85,3.64,2.25,20230228_112602_025480_1.txt
26296491,26297220,MAL,9.38,4.25,2.85,20230228_112602_025480_1.txt
26296993,26300992,FEM,25.16,11.48,8.61,20230228_112602_025480_1.txt
26301814,26302992,MAL,14.58,6.99,4.56,20230228_112602_025480_1.txt
26303511,26306272,FEM,23.05,11.24,7.7,20230228_112602_025480_1.txt
26307383,26310621,FEM,25.27,12.1,8.41,20230228_112602_025480_1.txt
26310420,26310597,MAL,9.86,4.78,2.92,20230228_112602_025480_1.txt
26312492,26313204,FEM,8.18,3.65,2.45,20230228_112602_025480_1.txt
26313434,26316510,FEM,21.88,10.22,7.31,20230228_112602_025480_1.txt
26318993,26321492,FEM,19.12,8.91,6.29,20230228_112602_025480_1.txt
26326448,26328517,FEM,14.42,6.44,4.66,20230228_112602_025480_1.txt
26332471,26338686,FEM,42.17,20.23,14.6,20230228_112602_025480_1.txt
26340491,26344011,FEM,27.61,13.42,9.34,20230228_112602_025480_1.txt
26345010,26346991,MAL,17.88,8.43,5.79,20230228_112602_025480_1.txt
26347121,26348228,FEM,9.43,4.19,2.94,20230228_112602_025480_1.txt
26353510,26357487,FEM,31.82,15.3,10.61,20230228_112602_025480_1.txt
26360691,26362154,MAL,14.64,6.95,4.63,20230228_112602_025480_1.txt
26362511,26363890,MAL,13.79,6.55,4.38,20230228_112602_025480_1.txt
26364742,26365510,FEM,7.75,3.26,2.27,20230228_112602_025480_1.txt
26367341,26367992,FEM,7.09,3.1,2.08,20230228_112602_025480_1.txt
26371511,26374012,FEM,24.0,11.26,7.6,20230228_112602_025480_1.txt
26371592,26372010,MAL,8.02,3.71,2.35,20230228_112602_025480_1.txt
26373455,26375510,MAL,14.95,6.37,4.83,20230228_112602_025480_1.txt
26376415,26376992,FEM,11.9,5.75,3.67,20230228_112602_025480_1.txt
26378175,26378632,FEM,8.68,3.98,2.58,20230228_112602_025480_1.txt
26380011,26380159,FEM,9.96,4.78,2.95,20230228_112602_025480_1.txt
26380358,26382992,FEM,29.73,14.75,9.48,20230228_112602_025480_1.txt
26380492,26381110,MAL,10.03,4.7,3.0,20230228_112602_025480_1.txt
26382007,26383629,MAL,20.35,9.9,6.35,20230228_112602_025480_1.txt
26383148,26392510,FEM,79.63,39.79,26.92,20230228_112602_025480_1.txt
26383777,26383880,MAL,9.88,4.79,2.91,20230228_112602_025480_1.txt
26386513,26387888,MAL,15.45,7.24,4.78,20230228_112602_025480_1.txt
26391781,26395510,MAL,34.82,17.3,11.52,20230228_112602_025480_1.txt
26394044,26399491,FEM,43.72,20.94,14.56,20230228_112602_025480_1.txt
26397058,26397304,MAL,8.22,3.83,2.39,20230228_112602_025480_1.txt
26397487,26401076,MAL,30.62,14.59,10.04,20230228_112602_025480_1.txt
26400259,26416574,FEM,112.93,55.39,39.76,20230228_112602_025480_1.txt
26417629,26417734,FEM,9.74,4.72,2.87,20230228_112602_025480_1.txt
26417867,26424492,FEM,53.6,26.53,18.26,20230228_112602_025480_1.txt
26419956,26421011,MAL,16.66,8.16,5.23,20230228_112602_025480_1.txt
26425543,26425978,FEM,7.42,3.37,2.15,20230228_112602_025480_1.txt
26427239,26429531,FEM,23.28,11.16,7.48,20230228_112602_025480_1.txt
26431491,26436758,FEM,41.29,19.36,13.62,20230228_112602_025480_1.txt
26436866,26438493,FEM,14.25,6.57,4.58,20230228_112602_025480_1.txt
26439316,26441490,MAL,21.64,10.8,7.13,20230228_112602_025480_1.txt
26441011,26443790,FEM,24.64,11.85,8.07,20230228_112602_025480_1.txt
26451470,26452012,MAL,9.16,4.26,2.75,20230228_112602_025480_1.txt
26451993,26453156,FEM,10.74,4.87,3.33,20230228_112602_025480_1.txt
26461841,26466566,FEM,39.07,19.52,13.21,20230228_112602_025480_1.txt
26465800,26465913,MAL,8.95,4.22,2.61,20230228_112602_025480_1.txt
26468655,26468827,FEM,10.25,5.0,3.05,20230228_112602_025480_1.txt
26477700,26478491,FEM,12.04,5.75,3.65,20230228_112602_025480_1.txt
26487515,26488414,FEM,9.11,4.23,2.79,20230228_112602_025480_1.txt
26489383,26495993,FEM,54.59,27.94,18.8,20230228_112602_025480_1.txt
26504240,26507512,MAL,28.31,14.48,9.54,20230228_112602_025480_1.txt
26515161,26517011,MAL,18.32,9.21,5.97,20230228_112602_025480_1.txt
26524277,26524483,MAL,7.08,3.25,2.0,20230228_112602_025480_1.txt
26529785,26530607,MAL,9.63,4.55,2.96,20230228_112602_025480_1.txt
26530802,26530905,MAL,10.08,4.93,2.98,20230228_112602_025480_1.txt
26535571,26537282,FEM,15.14,7.19,4.83,20230228_112602_025480_1.txt
26537492,26537622,FEM,8.19,3.86,2.36,20230228_112602_025480_1.txt
26540040,26541493,FEM,11.36,5.03,3.58,20230228_112602_025480_1.txt
26545779,26545998,FEM,7.8,3.63,2.24,20230228_112602_025480_1.txt
26548992,26549491,FEM,6.79,2.95,1.95,20230228_112602_025480_1.txt
26552254,26553511,FEM,10.54,4.64,3.28,20230228_112602_025480_1.txt
26557511,26562543,FEM,45.65,23.08,15.19,20230228_112602_025480_1.txt
26563270,26563488,MAL,4.55,1.83,1.16,20230228_112602_025480_1.txt
26565398,26566429,MAL,8.47,3.77,2.55,20230228_112602_025480_1.txt
26568754,26569167,MAL,5.46,2.32,1.5,20230228_112602_025480_1.txt
26573052,26575992,FEM,27.03,13.48,8.84,20230228_112602_025480_1.txt
26582595,26584050,MAL,12.82,6.21,4.12,20230228_112602_025480_1.txt
26589787,26589898,MAL,6.58,2.98,1.82,20230228_112602_025480_1.txt
26591993,26593512,FEM,15.01,7.39,4.81,20230228_112602_025480_1.txt
26594330,26595189,MAL,8.25,3.76,2.5,20230228_112602_025480_1.txt
26594938,26595493,FEM,6.86,2.97,1.93,20230228_112602_025480_1.txt
26599065,26599170,MAL,4.39,1.76,1.09,20230228_112602_025480_1.txt
26599511,26601480,MAL,16.47,8.09,5.37,20230228_112602_025480_1.txt
26605152,26605511,MAL,5.33,2.24,1.44,20230228_112602_025480_1.txt
26606267,26606377,FEM,8.1,3.83,2.32,20230228_112602_025480_1.txt
26609011,26610128,MAL,9.41,4.44,2.93,20230228_112602_025480_1.txt
26615429,26616038,MAL,6.59,2.91,1.91,20230228_112602_025480_1.txt
26616570,26616705,MAL,4.75,1.96,1.21,20230228_112602_025480_1.txt
26635011,26637294,FEM,24.22,12.17,7.8,20230228_112602_025480_1.txt
26644564,26646012,FEM,15.88,7.61,4.98,20230228_112602_025480_1.txt
26645844,26645966,MAL,5.33,2.29,1.4,20230228_112602_025480_1.txt
26650296,26650929,MAL,8.95,4.25,2.7,20230228_112602_025480_1.txt
26657011,26660011,FEM,30.4,15.05,9.82,20230228_112602_025480_1.txt
26666057,26666249,MAL,6.14,2.71,1.68,20230228_112602_025480_1.txt
26668634,26668992,FEM,9.64,4.57,2.83,20230228_112602_025480_1.txt
26678511,26682510,FEM,33.49,16.7,11.28,20230228_112602_025480_1.txt
26684492,26685511,FEM,15.3,7.35,4.77,20230228_112602_025480_1.txt
26686992,26689010,FEM,15.57,7.13,4.98,20230228_112602_025480_1.txt
26689856,26691511,FEM,13.57,6.3,4.3,20230228_112602_025480_1.txt
26692129,26692541,FEM,4.38,1.7,1.14,20230228_112602_025480_1.txt
26693273,26693580,FEM,4.22,1.63,1.06,20230228_112602_025480_1.txt
26693805,26694333,FEM,6.36,2.73,1.76,20230228_112602_025480_1.txt
26694492,26695754,FEM,12.94,6.23,4.08,20230228_112602_025480_1.txt
26694512,26694634,MAL,5.69,2.48,1.52,20230228_112602_025480_1.txt
26696010,26700492,FEM,36.55,18.37,12.43,20230228_112602_025480_1.txt
26700982,26702492,FEM,11.83,5.44,3.75,20230228_112602_025480_1.txt
26704662,26705160,MAL,5.19,2.11,1.42,20230228_112602_025480_1.txt
26706011,26706512,FEM,5.51,2.27,1.53,20230228_112602_025480_1.txt
26707512,26714991,FEM,63.81,32.12,21.6,20230228_112602_025480_1.txt
26718277,26718800,FEM,8.52,3.87,2.48,20230228_112602_025480_1.txt
26720817,26721492,FEM,6.5,2.71,1.89,20230228_112602_025480_1.txt
26722690,26728642,FEM,48.3,23.67,16.17,20230228_112602_025480_1.txt
26723512,26724140,MAL,7.45,3.14,2.14,20230228_112602_025480_1.txt
26727344,26727457,MAL,5.86,2.57,1.58,20230228_112602_025480_1.txt
26730511,26730805,FEM,5.85,2.49,1.61,20230228_112602_025480_1.txt
26731492,26732493,FEM,8.36,3.73,2.51,20230228_112602_025480_1.txt
26734094,26734212,MAL,6.47,2.89,1.78,20230228_112602_025480_1.txt
26736058,26736291,FEM,6.4,2.8,1.78,20230228_112602_025480_1.txt
26739011,26740992,FEM,15.25,7.36,4.97,20230228_112602_025480_1.txt
26741273,26742512,FEM,9.06,3.99,2.78,20230228_112602_025480_1.txt
26749514,26750451,FEM,10.03,4.55,3.05,20230228_112602_025480_1.txt
26753176,26753319,FEM,8.11,3.74,2.33,20230228_112602_025480_1.txt
26753448,26756492,FEM,23.84,11.09,7.9,20230228_112602_025480_1.txt
26757511,26758510,FEM,10.94,5.05,3.37,20230228_112602_025480_1.txt
26760011,26761386,FEM,15.08,7.03,4.76,20230228_112602_025480_1.txt
26761521,26762738,MAL,8.72,3.36,2.67,20230228_112602_025480_1.txt
26764720,26765970,MAL,17.84,8.69,5.66,20230228_112602_025480_1.txt
26772512,26772774,FEM,7.85,3.57,2.27,20230228_112602_025480_1.txt
26775740,26778445,FEM,22.44,11.05,7.49,20230228_112602_025480_1.txt
26781413,26782422,FEM,8.25,3.6,2.47,20230228_112602_025480_1.txt
26782571,26782993,FEM,4.77,1.91,1.27,20230228_112602_025480_1.txt
26784511,26785515,MAL,8.15,3.56,2.44,20230228_112602_025480_1.txt
26787993,26788459,MAL,4.3,1.66,1.12,20230228_112602_025480_1.txt
26788188,26788515,FEM,3.77,1.37,0.92,20230228_112602_025480_1.txt
26795127,26795991,FEM,7.54,3.24,2.21,20230228_112602_025480_1.txt
26800941,26803661,FEM,24.14,11.23,7.69,20230228_112602_025480_1.txt
26804478,26806422,FEM,16.23,7.62,5.29,20230228_112602_025480_1.txt
26807596,26813011,FEM,38.08,17.95,12.89,20230228_112602_025480_1.txt
26813604,26814561,MAL,15.35,7.42,4.72,20230228_112602_025480_1.txt
26814545,26820510,FEM,52.06,25.85,17.38,20230228_112602_025480_1.txt
26815077,26815455,MAL,8.99,4.13,2.61,20230228_112602_025480_1.txt
26821319,26822350,FEM,7.84,3.34,2.34,20230228_112602_025480_1.txt
26828685,26830011,FEM,9.8,4.41,3.04,20230228_112602_025480_1.txt
26833012,26834961,MAL,15.44,7.48,5.03,20230228_112602_025480_1.txt
26835011,26835909,FEM,7.86,3.45,2.33,20230228_112602_025480_1.txt
26841566,26847012,FEM,38.82,19.05,13.4,20230228_112602_025480_1.txt
26846611,26847544,MAL,9.08,4.06,2.79,20230228_112602_025480_1.txt
26847204,26847511,FEM,8.44,3.94,2.47,20230228_112602_025480_1.txt
26853763,26853869,MAL,6.21,2.75,1.69,20230228_112602_025480_1.txt
26853992,26859296,FEM,41.99,20.07,13.96,20230228_112602_025480_1.txt
26860511,26865091,FEM,38.86,18.9,12.9,20230228_112602_025480_1.txt
26867012,26872709,FEM,43.93,21.76,15.1,20230228_112602_025480_1.txt
26871512,26872489,MAL,13.91,6.63,4.3,20230228_112602_025480_1.txt
26874475,26876510,FEM,16.61,7.69,5.38,20230228_112602_025480_1.txt
26877066,26877512,FEM,7.27,3.29,2.1,20230228_112602_025480_1.txt
26878709,26880040,MAL,10.87,4.86,3.4,20230228_112602_025480_1.txt
26880579,26881510,FEM,10.87,4.95,3.28,20230228_112602_025480_1.txt
26881011,26881511,MAL,7.93,3.56,2.33,20230228_112602_025480_1.txt
26883279,26887526,FEM,30.63,13.97,10.11,20230228_112602_025480_1.txt
26886492,26889756,MAL,24.24,11.84,8.18,20230228_112602_025480_1.txt
26889492,26890992,FEM,13.1,6.15,4.07,20230228_112602_025480_1.txt
26895942,26899018,FEM,30.04,14.58,9.66,20230228_112602_025480_1.txt
26906730,26907473,MAL,5.61,2.3,1.6,20230228_112602_025480_1.txt
26917010,26925491,FEM,76.4,38.14,25.43,20230228_112602_025480_1.txt
26926221,26929363,FEM,27.32,13.49,8.92,20230228_112602_025480_1.txt
26934604,26935510,FEM,7.36,3.17,2.16,20230228_112602_025480_1.txt
26939804,26940265,MAL,4.0,1.48,1.02,20230228_112602_025480_1.txt
26941466,26942782,MAL,10.26,4.75,3.2,20230228_112602_025480_1.txt
26944800,26946543,FEM,13.39,6.35,4.31,20230228_112602_025480_1.txt
26948288,26949032,FEM,5.8,2.39,1.67,20230228_112602_025480_1.txt
26949216,26953382,FEM,34.49,17.41,11.69,20230228_112602_025480_1.txt
26953992,26954478,MAL,4.5,1.75,1.19,20230228_112602_025480_1.txt
26955575,26955990,MAL,4.77,1.9,1.27,20230228_112602_025480_1.txt
26958358,26960012,FEM,11.81,5.39,3.77,20230228_112602_025480_1.txt
26965511,26966260,FEM,10.13,4.71,3.06,20230228_112602_025480_1.txt
26967511,26970493,FEM,27.13,13.48,8.99,20230228_112602_025480_1.txt
26970420,26970631,MAL,8.64,4.09,2.52,20230228_112602_025480_1.txt
26971245,26972234,MAL,7.66,3.44,2.33,20230228_112602_025480_1.txt
26972511,26977054,FEM,32.4,15.75,11.12,20230228_112602_025480_1.txt
26977904,26980380,FEM,20.14,9.5,6.58,20230228_112602_025480_1.txt
26977958,26978274,MAL,6.53,2.91,1.84,20230228_112602_025480_1.txt
26982659,26983121,MAL,5.22,2.11,1.37,20230228_112602_025480_1.txt
26986731,26987580,MAL,7.71,3.43,2.27,20230228_112602_025480_1.txt
26988992,26990011,FEM,9.7,4.19,2.9,20230228_112602_025480_1.txt
27036511,27041511,FEM,38.06,18.73,12.97,20230228_112602_025480_1.txt
27048992,27049915,FEM,11.95,5.66,3.69,20230228_112602_025480_1.txt
27051832,27057276,FEM,42.26,20.82,14.44,20230228_112602_025480_1.txt
27058011,27062552,FEM,33.84,16.33,11.54,20230228_112602_025480_1.txt
27063394,27074218,FEM,75.73,36.74,26.34,20230228_112602_025480_1.txt
27067348,27067510,MAL,8.17,3.85,2.36,20230228_112602_025480_1.txt
27077011,27086453,FEM,89.62,44.89,29.63,20230228_112602_025480_1.txt
27087143,27088046,MAL,7.11,2.86,2.08,20230228_112602_025480_1.txt
27088248,27091525,FEM,27.41,13.23,8.98,20230228_112602_025480_1.txt
27091628,27092511,FEM,7.15,3.02,2.14,20230228_112602_025480_1.txt
27094358,27097468,FEM,22.02,10.59,7.41,20230228_112602_025480_1.txt
27098189,27103645,FEM,44.96,22.4,15.14,20230228_112602_025480_1.txt
27103223,27105361,MAL,19.03,9.06,6.2,20230228_112602_025480_1.txt
27104966,27109737,FEM,42.69,21.16,14.16,20230228_112602_025480_1.txt
27108511,27108832,MAL,7.47,3.3,2.15,20230228_112602_025480_1.txt
27110314,27111522,FEM,11.47,5.21,3.47,20230228_112602_025480_1.txt
27112151,27114063,FEM,18.47,8.79,5.77,20230228_112602_025480_1.txt
27115025,27117943,FEM,25.24,11.89,8.03,20230228_112602_025480_1.txt
27116674,27117977,MAL,12.48,5.58,3.72,20230228_112602_025480_1.txt
27118513,27119914,FEM,10.0,4.41,3.12,20230228_112602_025480_1.txt
27121147,27124991,FEM,30.52,14.4,10.0,20230228_112602_025480_1.txt
27125258,27132492,FEM,64.09,31.4,21.12,20230228_112602_025480_1.txt
27132879,27138993,FEM,57.72,28.39,18.81,20230228_112602_025480_1.txt
27139094,27139327,MAL,5.2,2.18,1.38,20230228_112602_025480_1.txt
27139447,27139584,MAL,5.01,2.09,1.3,20230228_112602_025480_1.txt
27140510,27144076,FEM,33.13,16.24,10.72,20230228_112602_025480_1.txt
27143667,27144848,MAL,12.38,5.65,3.72,20230228_112602_025480_1.txt
27144521,27160508,FEM,153.86,78.75,51.56,20230228_112602_025480_1.txt
27146242,27146345,MAL,6.5,2.94,1.79,20230228_112602_025480_1.txt
27149992,27150097,MAL,6.96,3.19,1.94,20230228_112602_025480_1.txt
27154708,27155032,MAL,7.55,3.41,2.18,20230228_112602_025480_1.txt
27159921,27161710,MAL,20.1,9.74,6.29,20230228_112602_025480_1.txt
27160844,27167992,FEM,70.3,35.38,23.07,20230228_112602_025480_1.txt
27169511,27185993,FEM,150.85,76.47,50.69,20230228_112602_025480_1.txt
27171813,27171972,MAL,4.09,1.58,1.0,20230228_112602_025480_1.txt
27186413,27193342,FEM,62.59,30.77,20.57,20230228_112602_025480_1.txt
27193992,27197441,FEM,30.72,14.98,10.0,20230228_112602_025480_1.txt
27198492,27200173,FEM,14.38,6.64,4.58,20230228_112602_025480_1.txt
27200669,27203587,FEM,23.56,11.35,7.79,20230228_112602_025480_1.txt
27203511,27207863,MAL,35.19,17.67,11.96,20230228_112602_025480_1.txt
27207011,27207335,FEM,7.29,3.33,2.09,20230228_112602_025480_1.txt
27207490,27209422,FEM,14.64,6.86,4.76,20230228_112602_025480_1.txt
27209512,27218992,MAL,77.91,40.2,27.0,20230228_112602_025480_1.txt
27219011,27221993,FEM,25.44,12.69,8.48,20230228_112602_025480_1.txt
27221493,27223992,MAL,22.8,11.44,7.57,20230228_112602_025480_1.txt
27223918,27227924,FEM,34.37,17.25,11.58,20230228_112602_025480_1.txt
27227819,27228217,MAL,9.09,4.29,2.7,20230228_112602_025480_1.txt
27228479,27231486,MAL,28.33,13.92,9.24,20230228_112602_025480_1.txt
27230943,27236657,FEM,52.76,25.69,17.09,20230228_112602_025480_1.txt
27235624,27235803,MAL,4.8,1.89,1.24,20230228_112602_025480_1.txt
27235953,27249296,MAL,107.86,55.83,37.68,20230228_112602_025480_1.txt
27236829,27236993,FEM,8.18,3.85,2.36,20230228_112602_025480_1.txt
27240747,27241354,FEM,8.04,3.59,2.33,20230228_112602_025480_1.txt
27243511,27243616,FEM,8.06,3.8,2.31,20230228_112602_025480_1.txt
27249600,27255012,FEM,49.15,24.48,16.21,20230228_112602_025480_1.txt
27252168,27252350,MAL,8.42,3.99,2.44,20230228_112602_025480_1.txt
27257150,27259992,FEM,20.72,9.77,6.83,20230228_112602_025480_1.txt
27259806,27260692,MAL,8.77,3.85,2.62,20230228_112602_025480_1.txt
27271510,27276492,FEM,35.37,17.02,12.18,20230228_112602_025480_1.txt
27277511,27278216,FEM,11.57,5.51,3.53,20230228_112602_025480_1.txt
27278481,27280493,FEM,18.2,8.73,5.96,20230228_112602_025480_1.txt
27279992,27283519,MAL,30.89,15.12,10.28,20230228_112602_025480_1.txt
27286661,27286776,FEM,12.05,6.02,3.64,20230228_112602_025480_1.txt
27287170,27287305,FEM,9.54,4.6,2.81,20230228_112602_025480_1.txt
27288071,27288457,MAL,10.39,4.97,3.13,20230228_112602_025480_1.txt
27289362,27290005,MAL,11.72,5.61,3.57,20230228_112602_025480_1.txt
27292381,27294992,MAL,24.07,11.97,8.01,20230228_112602_025480_1.txt
27295993,27297512,FEM,18.94,9.06,5.91,20230228_112602_025480_1.txt
27298514,27303011,MAL,43.57,21.99,14.46,20230228_112602_025480_1.txt
27314511,27319418,FEM,37.38,18.53,12.83,20230228_112602_025480_1.txt
27317760,27318011,MAL,7.77,3.6,2.24,20230228_112602_025480_1.txt
27320228,27320425,MAL,9.37,4.49,2.76,20230228_112602_025480_1.txt
27321258,27341493,FEM,153.23,76.49,53.27,20230228_112602_025480_1.txt
27322120,27323075,MAL,8.68,3.74,2.66,20230228_112602_025480_1.txt
27341072,27342496,MAL,17.06,8.43,5.42,20230228_112602_025480_1.txt
27343686,27345740,FEM,21.57,10.76,7.03,20230228_112602_025480_1.txt
27346564,27350553,MAL,31.19,15.1,10.51,20230228_112602_025480_1.txt
27346602,27347510,FEM,12.89,6.16,4.0,20230228_112602_025480_1.txt
27351010,27354490,MAL,20.71,8.83,6.99,20230228_112602_025480_1.txt
27356010,27363511,FEM,47.04,21.97,16.43,20230228_112602_025480_1.txt
27381024,27381529,FEM,8.16,3.64,2.41,20230228_112602_025480_1.txt
27388010,27398510,FEM,51.25,21.46,18.34,20230228_112602_025480_1.txt
27401492,27402774,FEM,9.47,3.97,2.98,20230228_112602_025480_1.txt
27410714,27411323,FEM,11.4,5.45,3.45,20230228_112602_025480_1.txt
27422418,27424229,FEM,14.24,6.44,4.6,20230228_112602_025480_1.txt
27422515,27423009,MAL,8.78,4.03,2.61,20230228_112602_025480_1.txt
27425993,27432493,FEM,49.39,23.09,16.42,20230228_112602_025480_1.txt
27435011,27436990,MAL,12.03,4.86,3.89,20230228_112602_025480_1.txt
27438266,27446116,FEM,48.47,22.73,17.02,20230228_112602_025480_1.txt
27445576,27445871,MAL,7.67,3.5,2.21,20230228_112602_025480_1.txt
27450510,27452992,FEM,20.45,9.58,6.68,20230228_112602_025480_1.txt
27454493,27454842,MAL,9.43,4.46,2.81,20230228_112602_025480_1.txt
27455993,27457144,FEM,16.85,8.29,5.31,20230228_112602_025480_1.txt
27456371,27458011,MAL,21.36,10.66,6.84,20230228_112602_025480_1.txt
27457407,27457512,FEM,13.15,6.63,4.01,20230228_112602_025480_1.txt
27457893,27458011,FEM,13.37,6.75,4.08,20230228_112602_025480_1.txt
27463318,27463510,FEM,6.21,2.74,1.71,20230228_112602_025480_1.txt
27463511,27466624,MAL,25.44,12.39,8.55,20230228_112602_025480_1.txt
27465991,27466361,FEM,9.83,4.69,2.94,20230228_112602_025480_1.txt
27479373,27480991,FEM,14.71,6.86,4.67,20230228_112602_025480_1.txt
27480541,27480676,MAL,6.6,2.98,1.83,20230228_112602_025480_1.txt
27481584,27483493,FEM,16.09,7.47,5.19,20230228_112602_025480_1.txt
27485892,27486167,FEM,7.22,3.28,2.06,20230228_112602_025480_1.txt
27489093,27489395,FEM,7.32,3.3,2.1,20230228_112602_025480_1.txt
27489255,27491101,MAL,16.39,7.93,5.38,20230228_112602_025480_1.txt
27491383,27491489,MAL,10.58,5.2,3.15,20230228_112602_025480_1.txt
27492011,27494512,MAL,18.85,8.95,6.26,20230228_112602_025480_1.txt
27496992,27498796,FEM,17.81,8.52,5.74,20230228_112602_025480_1.txt
27499011,27501492,FEM,22.12,10.7,7.34,20230228_112602_025480_1.txt
27514679,27516000,FEM,15.09,7.23,4.8,20230228_112602_025480_1.txt
27524858,27526011,FEM,11.2,5.11,3.48,20230228_112602_025480_1.txt
27531338,27538010,FEM,50.1,25.05,17.37,20230228_112602_025480_1.txt
27533021,27534012,MAL,11.94,5.6,3.7,20230228_112602_025480_1.txt
27537678,27539511,MAL,17.43,8.04,5.41,20230228_112602_025480_1.txt
27540511,27541895,MAL,16.32,7.67,4.96,20230228_112602_025480_1.txt
27540516,27544011,FEM,34.56,16.92,11.13,20230228_112602_025480_1.txt
27547493,27550512,FEM,25.05,12.23,8.36,20230228_112602_025480_1.txt
27558011,27558492,FEM,8.12,3.73,2.39,20230228_112602_025480_1.txt
27563510,27570473,FEM,53.17,26.83,18.44,20230228_112602_025480_1.txt
27569492,27571628,MAL,18.6,8.9,6.06,20230228_112602_025480_1.txt
27575492,27578378,FEM,25.33,12.58,8.43,20230228_112602_025480_1.txt
27581480,27583174,MAL,17.22,8.45,5.58,20230228_112602_025480_1.txt
27583168,27587491,FEM,32.36,15.66,11.01,20230228_112602_025480_1.txt
27588941,27589454,MAL,8.82,4.11,2.63,20230228_112602_025480_1.txt
27589005,27591492,FEM,23.63,11.4,7.64,20230228_112602_025480_1.txt
27594022,27594910,FEM,8.01,3.43,2.37,20230228_112602_025480_1.txt
27596511,27599808,MAL,32.16,15.68,10.25,20230228_112602_025480_1.txt
27596582,27599493,FEM,28.84,13.9,9.08,20230228_112602_025480_1.txt
27601493,27602796,MAL,8.52,3.69,2.66,20230228_112602_025480_1.txt
27613104,27613236,MAL,3.89,1.47,0.93,20230228_112602_025480_1.txt
27613492,27617510,MAL,32.52,16.06,10.91,20230228_112602_025480_1.txt
27620875,27623811,MAL,25.15,11.95,8.06,20230228_112602_025480_1.txt
27620992,27621191,FEM,3.19,1.07,0.7,20230228_112602_025480_1.txt
27621623,27621743,FEM,5.3,2.26,1.39,20230228_112602_025480_1.txt
27623012,27624011,FEM,9.74,4.21,2.86,20230228_112602_025480_1.txt
27632463,27632969,FEM,5.91,2.5,1.66,20230228_112602_025480_1.txt
27633012,27636141,MAL,30.61,15.08,9.81,20230228_112602_025480_1.txt
27633256,27634010,FEM,7.81,3.41,2.23,20230228_112602_025480_1.txt
27661919,27664011,FEM,23.35,11.79,7.58,20230228_112602_025480_1.txt
27678184,27683010,MAL,50.98,26.26,16.83,20230228_112602_025480_1.txt
27686939,27687992,FEM,13.78,6.75,4.27,20230228_112602_025480_1.txt
27687018,27688992,MAL,23.95,12.05,7.61,20230228_112602_025480_1.txt
27691568,27691678,MAL,11.37,5.65,3.41,20230228_112602_025480_1.txt
27691799,27699133,MAL,80.96,42.4,26.81,20230228_112602_025480_1.txt
27705491,27707315,MAL,21.9,11.04,6.95,20230228_112602_025480_1.txt
27711123,27712988,MAL,20.99,10.73,6.81,20230228_112602_025480_1.txt
27725492,27727920,MAL,29.84,15.15,9.49,20230228_112602_025480_1.txt
27746992,27751410,MAL,47.02,24.47,15.49,20230228_112602_025480_1.txt
27753054,27753351,MAL,6.77,3.07,1.91,20230228_112602_025480_1.txt
27759502,27760012,FEM,8.3,3.9,2.46,20230228_112602_025480_1.txt
27760011,27760441,MAL,7.73,3.59,2.25,20230228_112602_025480_1.txt
27760355,27760991,FEM,9.59,4.54,2.86,20230228_112602_025480_1.txt
27761813,27762977,MAL,12.31,6.08,3.9,20230228_112602_025480_1.txt
27774492,27777254,FEM,29.74,15.19,9.67,20230228_112602_025480_1.txt
27812511,27814011,FEM,15.18,7.46,4.76,20230228_112602_025480_1.txt
27819698,27819858,MAL,5.52,2.39,1.47,20230228_112602_025480_1.txt
27870556,27871869,MAL,15.89,7.99,5.07,20230228_112602_025480_1.txt
27883963,27888383,MAL,47.06,24.47,15.56,20230228_112602_025480_1.txt
27889130,27890458,FEM,16.46,8.16,5.16,20230228_112602_025480_1.txt
27891493,27894996,MAL,42.47,21.73,13.61,20230228_112602_025480_1.txt
27900178,27902492,FEM,27.25,13.87,8.76,20230228_112602_025480_1.txt
27900622,27901022,MAL,9.05,4.33,2.69,20230228_112602_025480_1.txt
27901177,27901287,MAL,10.31,5.06,3.06,20230228_112602_025480_1.txt
27939418,27943652,MAL,44.5,23.28,14.83,20230228_112602_025480_1.txt
27944011,27946991,FEM,30.28,15.72,10.09,20230228_112602_025480_1.txt
27953993,27956023,MAL,24.03,12.06,7.59,20230228_112602_025480_1.txt
27957061,27958190,FEM,12.77,6.26,4.0,20230228_112602_025480_1.txt
28000119,28007536,MAL,88.95,46.11,28.91,20230228_112602_025480_1.txt
28051949,28054490,MAL,27.39,13.96,8.85,20230228_112602_025480_1.txt
28106992,28107421,MAL,6.11,2.69,1.72,20230228_112602_025480_1.txt
28153194,28154019,MAL,11.12,5.32,3.35,20230228_112602_025480_1.txt
28161513,28163832,MAL,21.39,10.98,7.07,20230228_112602_025480_1.txt
28165523,28166011,FEM,5.76,2.5,1.61,20230228_112602_025480_1.txt
28209133,28209482,MAL,7.68,3.58,2.23,20230228_112602_025480_1.txt
28214043,28214991,FEM,11.32,5.48,3.49,20230228_112602_025480_1.txt
28215834,28216138,MAL,6.72,3.04,1.9,20230228_112602_025480_1.txt
28217487,28218511,MAL,11.58,5.6,3.58,20230228_112602_025480_1.txt
28228498,28229865,FEM,15.67,7.74,4.9,20230228_112602_025480_1.txt
28231492,28233510,MAL,20.45,10.4,6.65,20230228_112602_025480_1.txt
28285725,28287846,MAL,28.53,14.42,9.0,20230228_112602_025480_1.txt
28289594,28290529,FEM,14.9,7.34,4.57,20230228_112602_025480_1.txt
28296857,28298011,FEM,15.89,7.91,4.99,20230228_112602_025480_1.txt
28307141,28307772,MAL,10.34,4.95,3.11,20230228_112602_025480_1.txt
28323829,28324168,MAL,9.76,4.73,2.92,20230228_112602_025480_1.txt
28328992,28335798,MAL,69.97,36.73,23.54,20230228_112602_025480_1.txt
28344970,28346011,MAL,15.87,7.84,4.91,20230228_112602_025480_1.txt
28380993,28387250,FEM,75.39,38.77,24.41,20230228_112602_025480_1.txt
28404493,28405436,FEM,15.36,7.7,4.83,20230228_112602_025480_1.txt
28404852,28404990,MAL,11.81,5.89,3.57,20230228_112602_025480_1.txt
28410492,28413011,MAL,28.56,14.61,9.34,20230228_112602_025480_1.txt
28413511,28413670,MAL,6.54,2.95,1.81,20230228_112602_025480_1.txt
28413776,28418023,MAL,45.62,23.62,15.05,20230228_112602_025480_1.txt
28418462,28418607,MAL,8.86,4.25,2.58,20230228_112602_025480_1.txt
28418745,28419989,MAL,14.93,7.43,4.74,20230228_112602_025480_1.txt
28426012,28429492,MAL,39.82,20.36,12.93,20230228_112602_025480_1.txt
28429010,28430692,FEM,20.32,10.25,6.56,20230228_112602_025480_1.txt
28442855,28445990,MAL,30.21,14.92,9.78,20230228_112602_025480_1.txt
28448516,28448653,MAL,6.14,2.73,1.68,20230228_112602_025480_1.txt
28450970,28455489,MAL,37.42,18.36,12.42,20230228_112602_025480_1.txt
28454406,28455511,FEM,9.33,4.13,2.85,20230228_112602_025480_1.txt
28458511,28461010,FEM,28.17,13.9,8.99,20230228_112602_025480_1.txt
28459510,28461511,MAL,24.25,12.04,7.71,20230228_112602_025480_1.txt
28465012,28466116,FEM,10.17,4.79,3.13,20230228_112602_025480_1.txt
28481549,28484011,MAL,19.87,9.55,6.54,20230228_112602_025480_1.txt
28482973,28483346,FEM,4.97,1.82,1.33,20230228_112602_025480_1.txt
28484268,28485539,FEM,10.49,4.88,3.26,20230228_112602_025480_1.txt
28486991,28489109,FEM,24.44,12.21,7.79,20230228_112602_025480_1.txt
28488512,28491283,MAL,25.3,12.77,8.4,20230228_112602_025480_1.txt
28492128,28494489,MAL,18.08,8.57,5.92,20230228_112602_025480_1.txt
28494167,28496011,FEM,14.57,6.78,4.67,20230228_112602_025480_1.txt
28497130,28498671,FEM,13.81,6.29,4.36,20230228_112602_025480_1.txt
28501511,28503511,FEM,21.01,10.12,6.68,20230228_112602_025480_1.txt
28507327,28508510,FEM,13.93,6.7,4.39,20230228_112602_025480_1.txt
28510993,28514268,FEM,34.83,17.46,11.24,20230228_112602_025480_1.txt
28521116,28522010,FEM,11.81,5.55,3.64,20230228_112602_025480_1.txt
28523959,28525510,MAL,17.24,8.2,5.4,20230228_112602_025480_1.txt
28528011,28533581,FEM,44.42,22.31,15.24,20230228_112602_025480_1.txt
28530188,28530956,MAL,11.78,5.64,3.61,20230228_112602_025480_1.txt
28536541,28536644,MAL,10.14,4.95,3.0,20230228_112602_025480_1.txt
28537608,28539790,MAL,19.3,9.48,6.4,20230228_112602_025480_1.txt
28539709,28541909,FEM,20.54,10.09,6.77,20230228_112602_025480_1.txt
28546511,28549493,FEM,29.83,14.65,9.63,20230228_112602_025480_1.txt
28553268,28554503,FEM,12.8,6.04,3.92,20230228_112602_025480_1.txt
28554505,28555465,MAL,9.33,4.28,2.82,20230228_112602_025480_1.txt
28555001,28555197,FEM,6.41,2.87,1.78,20230228_112602_025480_1.txt
28556493,28559401,FEM,28.55,14.25,9.24,20230228_112602_025480_1.txt
28558391,28558497,MAL,6.08,2.7,1.65,20230228_112602_025480_1.txt
28560011,28561297,FEM,13.7,6.53,4.18,20230228_112602_025480_1.txt
28560276,28560386,MAL,6.28,2.82,1.72,20230228_112602_025480_1.txt
28562492,28564492,FEM,19.62,9.44,6.16,20230228_112602_025480_1.txt
28567704,28571619,FEM,32.18,15.82,10.67,20230228_112602_025480_1.txt
28575433,28578011,FEM,22.05,10.57,7.12,20230228_112602_025480_1.txt
28590492,28590824,FEM,7.4,3.36,2.13,20230228_112602_025480_1.txt
28606051,28606265,MAL,7.01,3.14,1.98,20230228_112602_025480_1.txt
28607992,28609307,FEM,12.84,5.9,4.05,20230228_112602_025480_1.txt
28612631,28615361,FEM,22.41,10.75,7.43,20230228_112602_025480_1.txt
28616399,28619011,FEM,23.53,11.58,7.78,20230228_112602_025480_1.txt
28640010,28640526,FEM,8.48,3.89,2.47,20230228_112602_025480_1.txt
28643510,28645491,FEM,19.38,9.41,6.19,20230228_112602_025480_1.txt
28662992,28663510,FEM,7.69,3.45,2.21,20230228_112602_025480_1.txt
28669530,28669726,FEM,6.98,3.17,1.97,20230228_112602_025480_1.txt
28672993,28685011,MAL,119.92,61.36,39.85,20230228_112602_025480_1.txt
28676486,28676753,FEM,5.46,2.33,1.47,20230228_112602_025480_1.txt
28684397,28684907,FEM,5.74,2.37,1.61,20230228_112602_025480_1.txt
28685780,28686325,MAL,7.98,3.59,2.31,20230228_112602_025480_1.txt
28686290,28686492,FEM,6.7,3.0,1.87,20230228_112602_025480_1.txt
28689491,28690510,FEM,12.56,5.99,3.86,20230228_112602_025480_1.txt
28706327,28707490,MAL,13.74,6.57,4.22,20230228_112602_025480_1.txt
28707602,28707744,MAL,8.09,3.81,2.33,20230228_112602_025480_1.txt
28711471,28712563,MAL,9.99,4.59,3.07,20230228_112602_025480_1.txt
28714412,28717490,MAL,27.89,13.89,9.16,20230228_112602_025480_1.txt
28723012,28725511,MAL,21.66,10.82,7.19,20230228_112602_025480_1.txt
28725673,28725816,MAL,7.93,3.71,2.27,20230228_112602_025480_1.txt
28730703,28731844,MAL,12.63,6.1,3.96,20230228_112602_025480_1.txt
28733159,28737244,MAL,33.51,16.78,11.3,20230228_112602_025480_1.txt
28738012,28738159,MAL,7.85,3.68,2.25,20230228_112602_025480_1.txt
28738493,28741622,MAL,27.77,13.95,9.23,20230228_112602_025480_1.txt
28741804,28743132,FEM,13.66,6.51,4.28,20230228_112602_025480_1.txt
28745690,28750536,MAL,49.52,24.9,16.08,20230228_112602_025480_1.txt
28754695,28757049,MAL,21.29,10.61,6.99,20230228_112602_025480_1.txt
28762779,28762885,FEM,8.77,4.2,2.54,20230228_112602_025480_1.txt
28762992,28764035,FEM,11.22,5.34,3.47,20230228_112602_025480_1.txt
28768510,28771990,MAL,34.17,17.29,11.16,20230228_112602_025480_1.txt
28799965,28800527,FEM,9.59,4.5,2.84,20230228_112602_025480_1.txt
28809020,28809395,FEM,9.74,4.68,2.92,20230228_112602_025480_1.txt
28821636,28822492,FEM,12.01,5.71,3.65,20230228_112602_025480_1.txt
28824701,28824914,MAL,8.27,3.91,2.4,20230228_112602_025480_1.txt
28826319,28827627,MAL,15.6,7.75,4.97,20230228_112602_025480_1.txt
28832011,28832789,FEM,10.83,5.23,3.35,20230228_112602_025480_1.txt
28837912,28838783,MAL,10.01,4.69,3.04,20230228_112602_025480_1.txt
28846007,28846159,MAL,10.8,5.31,3.23,20230228_112602_025480_1.txt
28846312,28847466,MAL,15.56,7.68,4.88,20230228_112602_025480_1.txt
28879298,28880844,MAL,17.01,8.43,5.43,20230228_112602_025480_1.txt
28883952,28885403,MAL,12.91,5.91,4.0,20230228_112602_025480_1.txt
28884819,28887011,FEM,17.64,8.34,5.75,20230228_112602_025480_1.txt
28888491,28889605,MAL,12.37,5.93,3.86,20230228_112602_025480_1.txt
28890012,28891511,MAL,14.11,6.6,4.4,20230228_112602_025480_1.txt
28891829,28891932,MAL,5.06,2.13,1.31,20230228_112602_025480_1.txt
28892168,28892349,FEM,5.75,2.49,1.55,20230228_112602_025480_1.txt
28892482,28893992,FEM,13.94,6.47,4.29,20230228_112602_025480_1.txt
28892508,28893237,MAL,7.28,3.11,2.1,20230228_112602_025480_1.txt
28893350,28893767,MAL,5.2,2.08,1.36,20230228_112602_025480_1.txt
28894296,28896010,FEM,14.14,6.77,4.56,20230228_112602_025480_1.txt
28894340,28894964,MAL,5.2,2.11,1.44,20230228_112602_025480_1.txt
28896299,28896439,FEM,6.99,3.2,1.96,20230228_112602_025480_1.txt
28906956,28907511,FEM,8.52,3.93,2.54,20230228_112602_025480_1.txt
28907089,28907268,MAL,7.93,3.69,2.28,20230228_112602_025480_1.txt
28907378,28913367,MAL,49.57,25.27,16.92,20230228_112602_025480_1.txt
28913461,28915631,FEM,16.67,7.98,5.53,20230228_112602_025480_1.txt
28914992,28918490,MAL,28.02,13.79,9.37,20230228_112602_025480_1.txt
28917003,28918510,FEM,13.24,6.16,4.22,20230228_112602_025480_1.txt
28922748,28922891,FEM,7.93,3.71,2.27,20230228_112602_025480_1.txt
28923510,28927987,MAL,40.29,19.85,13.21,20230228_112602_025480_1.txt
28926575,28926729,FEM,6.36,2.85,1.75,20230228_112602_025480_1.txt
28928193,28928414,FEM,6.19,2.72,1.71,20230228_112602_025480_1.txt
28928603,28930361,FEM,13.93,6.61,4.49,20230228_112602_025480_1.txt
28929511,28930248,MAL,7.9,3.53,2.37,20230228_112602_025480_1.txt
28932242,28934702,MAL,23.65,11.64,7.53,20230228_112602_025480_1.txt
28932382,28938997,FEM,58.23,29.45,19.54,20230228_112602_025480_1.txt
28934888,28935490,MAL,5.47,2.14,1.53,20230228_112602_025480_1.txt
28938011,28943511,MAL,44.92,23.05,15.45,20230228_112602_025480_1.txt
28944010,28945838,FEM,14.22,6.6,4.6,20230228_112602_025480_1.txt
28945028,28948992,MAL,34.25,17.57,11.69,20230228_112602_025480_1.txt
28948492,28954638,FEM,47.8,23.94,16.46,20230228_112602_025480_1.txt
28949255,28949991,MAL,9.64,4.31,2.84,20230228_112602_025480_1.txt
28963992,28967237,MAL,28.96,14.72,9.75,20230228_112602_025480_1.txt
28967458,28967578,MAL,8.98,4.31,2.62,20230228_112602_025480_1.txt
28977605,28977990,FEM,7.2,3.26,2.07,20230228_112602_025480_1.txt
28979011,28980324,FEM,14.45,7.02,4.54,20230228_112602_025480_1.txt
28992511,28994511,MAL,18.13,8.9,5.93,20230228_112602_025480_1.txt
29006492,29010000,FEM,27.69,13.78,9.37,20230228_112602_025480_1.txt
29020493,29022857,MAL,25.32,12.55,8.12,20230228_112602_025480_1.txt
29024511,29027012,MAL,23.15,11.58,7.69,20230228_112602_025480_1.txt
29024992,29025493,FEM,8.73,4.08,2.6,20230228_112602_025480_1.txt
29038932,29041907,FEM,23.88,11.55,7.96,20230228_112602_025480_1.txt
29040544,29041641,MAL,11.55,5.37,3.59,20230228_112602_025480_1.txt
29043512,29046511,MAL,26.03,12.91,8.73,20230228_112602_025480_1.txt
29046740,29047052,MAL,8.14,3.76,2.37,20230228_112602_025480_1.txt
29051227,29054472,MAL,30.55,15.51,10.17,20230228_112602_025480_1.txt
29059493,29062493,FEM,24.82,12.26,8.28,20230228_112602_025480_1.txt
29061933,29064000,MAL,18.48,8.99,6.06,20230228_112602_025480_1.txt
29064012,29067368,FEM,27.96,13.84,9.33,20230228_112602_025480_1.txt
29065988,29067358,MAL,15.11,7.24,4.72,20230228_112602_025480_1.txt
29071292,29072512,FEM,14.71,7.14,4.61,20230228_112602_025480_1.txt
29077944,29079518,MAL,17.86,8.85,5.72,20230228_112602_025480_1.txt
29089744,29090510,MAL,8.77,4.07,2.66,20230228_112602_025480_1.txt
29090011,29090414,FEM,7.02,3.16,2.01,20230228_112602_025480_1.txt
29090620,29090725,MAL,9.28,4.48,2.72,20230228_112602_025480_1.txt
29095492,29099993,MAL,38.04,19.58,12.99,20230228_112602_025480_1.txt
29099792,29100011,FEM,6.96,3.17,1.96,20230228_112602_025480_1.txt
29102974,29103259,MAL,7.17,3.28,2.05,20230228_112602_025480_1.txt
29104010,29104339,MAL,7.71,3.56,2.23,20230228_112602_025480_1.txt
29104512,29111446,MAL,61.07,32.04,21.07,20230228_112602_025480_1.txt
29113511,29117959,MAL,40.96,21.17,13.9,20230228_112602_025480_1.txt
29124510,29135013,FEM,83.09,42.6,28.9,20230228_112602_025480_1.txt
29136321,29139480,FEM,24.02,11.6,8.04,20230228_112602_025480_1.txt
29138422,29139023,MAL,8.0,3.61,2.32,20230228_112602_025480_1.txt
29143123,29143412,MAL,9.09,4.34,2.69,20230228_112602_025480_1.txt
29143949,29146011,FEM,17.71,8.52,5.75,20230228_112602_025480_1.txt
29147999,29153993,FEM,46.19,23.23,15.9,20230228_112602_025480_1.txt
29154666,29154992,FEM,3.99,1.48,0.99,20230228_112602_025480_1.txt
29158512,29161992,FEM,29.21,14.53,9.72,20230228_112602_025480_1.txt
29161013,29164493,MAL,28.96,14.55,9.74,20230228_112602_025480_1.txt
29166909,29169715,FEM,23.97,11.77,7.91,20230228_112602_025480_1.txt
29170010,29173993,FEM,30.36,15.06,10.34,20230228_112602_025480_1.txt
29173011,29174482,MAL,14.85,7.22,4.75,20230228_112602_025480_1.txt
29179992,29182849,MAL,26.33,13.3,8.81,20230228_112602_025480_1.txt
29183500,29186011,MAL,23.78,11.99,7.9,20230228_112602_025480_1.txt
29186119,29186478,MAL,9.62,4.62,2.87,20230228_112602_025480_1.txt
29187238,29187483,MAL,9.41,4.51,2.78,20230228_112602_025480_1.txt
29188512,29189538,MAL,12.96,6.29,4.04,20230228_112602_025480_1.txt
29189126,29189511,FEM,8.9,4.22,2.64,20230228_112602_025480_1.txt
29190107,29190488,MAL,8.81,4.17,2.61,20230228_112602_025480_1.txt
29194757,29197491,MAL,24.73,12.47,8.26,20230228_112602_025480_1.txt
29196965,29198423,FEM,15.29,7.38,4.84,20230228_112602_025480_1.txt
29198053,29199992,MAL,18.94,9.36,6.14,20230228_112602_025480_1.txt
29206612,29211491,FEM,41.28,20.97,14.02,20230228_112602_025480_1.txt
29207993,29209424,MAL,15.03,7.18,4.7,20230228_112602_025480_1.txt
29209591,29209876,MAL,7.17,3.26,2.04,20230228_112602_025480_1.txt
29210510,29210783,MAL,7.02,3.19,1.99,20230228_112602_025480_1.txt
29225094,29226829,MAL,16.91,8.39,5.48,20230228_112602_025480_1.txt
29236991,29239011,FEM,16.83,7.98,5.45,20230228_112602_025480_1.txt
29243492,29245522,FEM,19.82,9.71,6.34,20230228_112602_025480_1.txt
29247313,29249227,FEM,16.92,8.21,5.46,20230228_112602_025480_1.txt
29249853,29249991,MAL,7.06,3.24,1.98,20230228_112602_025480_1.txt
29250512,29253988,MAL,29.79,15.18,10.06,20230228_112602_025480_1.txt
29254993,29259564,MAL,40.79,21.01,13.81,20230228_112602_025480_1.txt
29261993,29263853,FEM,16.66,8.07,5.42,20230228_112602_025480_1.txt
29265087,29266616,FEM,14.92,7.15,4.78,20230228_112602_025480_1.txt
29265999,29267324,MAL,15.82,7.45,4.84,20230228_112602_025480_1.txt
29266886,29266992,FEM,10.18,4.98,3.02,20230228_112602_025480_1.txt
29267330,29267492,FEM,7.35,3.38,2.08,20230228_112602_025480_1.txt
29267492,29267602,MAL,8.88,4.25,2.59,20230228_112602_025480_1.txt
29267703,29267841,MAL,9.37,4.47,2.75,20230228_112602_025480_1.txt
29267992,29270896,FEM,25.46,12.66,8.47,20230228_112602_025480_1.txt
29268692,29270474,MAL,18.82,9.11,5.97,20230228_112602_025480_1.txt
29270773,29271993,MAL,16.72,8.24,5.23,20230228_112602_025480_1.txt
29272246,29274097,FEM,17.41,8.39,5.56,20230228_112602_025480_1.txt
29273417,29274723,MAL,12.31,5.72,3.88,20230228_112602_025480_1.txt
29281535,29283874,FEM,22.32,11.27,7.38,20230228_112602_025480_1.txt
29284799,29286510,MAL,16.97,8.29,5.44,20230228_112602_025480_1.txt
29302898,29304172,FEM,13.37,6.24,4.12,20230228_112602_025480_1.txt
29303665,29305010,MAL,14.5,7.0,4.56,20230228_112602_025480_1.txt
29306991,29309676,MAL,26.23,13.38,8.7,20230228_112602_025480_1.txt
29315010,29317492,FEM,27.54,13.61,8.78,20230228_112602_025480_1.txt
29317010,29318441,MAL,16.41,7.92,5.16,20230228_112602_025480_1.txt
29324492,29326628,MAL,21.49,10.84,7.02,20230228_112602_025480_1.txt
29325993,29328011,FEM,19.88,9.89,6.47,20230228_112602_025480_1.txt
29330993,29331945,MAL,10.84,5.12,3.33,20230228_112602_025480_1.txt
29336749,29339066,FEM,24.05,12.05,7.69,20230228_112602_025480_1.txt
29356152,29356289,FEM,4.34,1.72,1.08,20230228_112602_025480_1.txt
29356992,29357171,FEM,5.96,2.63,1.62,20230228_112602_025480_1.txt
29357492,29360992,FEM,29.1,14.72,9.79,20230228_112602_025480_1.txt
29361751,29361932,MAL,4.31,1.69,1.07,20230228_112602_025480_1.txt
29362492,29362669,MAL,5.23,2.21,1.38,20230228_112602_025480_1.txt
29362883,29363688,MAL,8.75,4.01,2.61,20230228_112602_025480_1.txt
29362993,29364780,FEM,14.57,6.98,4.71,20230228_112602_025480_1.txt
29364491,29366486,MAL,18.68,9.11,6.01,20230228_112602_025480_1.txt
29372632,29376010,FEM,32.11,15.84,10.4,20230228_112602_025480_1.txt
29383457,29384534,FEM,10.32,4.62,3.07,20230228_112602_025480_1.txt
29402538,29403174,MAL,7.19,3.01,1.95,20230228_112602_025480_1.txt
29403516,29404198,FEM,7.49,3.29,2.16,20230228_112602_025480_1.txt
29408992,29410777,FEM,17.51,8.58,5.64,20230228_112602_025480_1.txt
29410511,29413304,MAL,23.22,11.6,7.76,20230228_112602_025480_1.txt
29416492,29418512,MAL,17.44,8.49,5.76,20230228_112602_025480_1.txt
29419011,29421993,FEM,24.23,11.8,8.08,20230228_112602_025480_1.txt
29424011,29427511,MAL,32.8,16.79,11.02,20230228_112602_025480_1.txt
29429492,29432011,MAL,24.0,12.17,7.97,20230228_112602_025480_1.txt
29440493,29443556,MAL,28.62,14.43,9.5,20230228_112602_025480_1.txt
29446991,29451510,FEM,45.61,23.08,14.99,20230228_112602_025480_1.txt
29449352,29450015,MAL,10.64,5.06,3.21,20230228_112602_025480_1.txt
29454761,29455512,MAL,8.82,4.05,2.62,20230228_112602_025480_1.txt
29454960,29458936,FEM,34.51,17.3,11.51,20230228_112602_025480_1.txt
29459258,29460993,FEM,18.73,9.22,5.98,20230228_112602_025480_1.txt
29460493,29463011,MAL,23.28,11.63,7.68,20230228_112602_025480_1.txt
29464511,29464739,FEM,7.49,3.45,2.14,20230228_112602_025480_1.txt
29467439,29468992,FEM,16.21,7.84,5.16,20230228_112602_025480_1.txt
29472036,29476110,FEM,28.8,13.83,9.83,20230228_112602_025480_1.txt
29479493,29482993,FEM,27.95,13.91,9.46,20230228_112602_025480_1.txt
29482149,29485330,MAL,25.73,12.64,8.56,20230228_112602_025480_1.txt
29485492,29494616,FEM,67.33,33.82,23.47,20230228_112602_025480_1.txt
29495413,29496250,FEM,9.31,4.28,2.8,20230228_112602_025480_1.txt
29499628,29506511,FEM,54.95,27.49,18.71,20230228_112602_025480_1.txt
29514368,29515510,FEM,9.7,4.3,2.98,20230228_112602_025480_1.txt
29517006,29519492,FEM,17.91,8.29,5.89,20230228_112602_025480_1.txt
29521960,29525610,FEM,31.78,16.1,10.7,20230228_112602_025480_1.txt
29529492,29531993,FEM,22.12,10.87,7.29,20230228_112602_025480_1.txt
29532563,29535511,FEM,29.93,14.92,9.71,20230228_112602_025480_1.txt
29536993,29538512,FEM,17.27,8.42,5.46,20230228_112602_025480_1.txt
29540384,29541123,FEM,9.98,4.61,3.0,20230228_112602_025480_1.txt
29542511,29544992,FEM,26.47,13.17,8.47,20230228_112602_025480_1.txt
29550012,29552012,FEM,18.85,9.33,6.17,20230228_112602_025480_1.txt
29553512,29561193,FEM,64.09,33.34,22.2,20230228_112602_025480_1.txt
29566492,29568500,MAL,19.51,9.66,6.34,20230228_112602_025480_1.txt
29568491,29573991,FEM,45.85,23.53,15.76,20230228_112602_025480_1.txt
29576991,29578319,FEM,15.31,7.51,4.83,20230228_112602_025480_1.txt
29589492,29591797,FEM,20.52,10.07,6.73,20230228_112602_025480_1.txt
29594850,29595844,FEM,13.2,6.37,4.07,20230228_112602_025480_1.txt
29595733,29596487,MAL,9.84,4.61,2.96,20230228_112602_025480_1.txt
29603046,29603245,FEM,7.78,3.63,2.23,20230228_112602_025480_1.txt
29603394,29605832,FEM,21.34,10.55,7.02,20230228_112602_025480_1.txt
29609353,29610492,FEM,11.81,5.58,3.68,20230228_112602_025480_1.txt
29612176,29615993,FEM,34.5,17.42,11.54,20230228_112602_025480_1.txt
29622011,29624203,FEM,22.19,10.87,7.11,20230228_112602_025480_1.txt
29626297,29627552,FEM,14.41,6.93,4.46,20230228_112602_025480_1.txt
29630014,29634499,FEM,45.26,22.67,14.76,20230228_112602_025480_1.txt
29633553,29634090,MAL,8.8,4.05,2.58,20230228_112602_025480_1.txt
29634687,29638992,FEM,36.86,18.79,12.51,20230228_112602_025480_1.txt
29639512,29641993,FEM,22.61,11.19,7.4,20230228_112602_025480_1.txt
29647011,29651193,FEM,36.59,18.53,12.29,20230228_112602_025480_1.txt
29656010,29658573,MAL,26.19,13.24,8.66,20230228_112602_025480_1.txt
29658118,29658511,FEM,10.77,5.18,3.21,20230228_112602_025480_1.txt
29662900,29665511,FEM,21.59,10.29,7.08,20230228_112602_025480_1.txt
29665238,29665592,MAL,7.55,3.4,2.18,20230228_112602_025480_1.txt
29680526,29683855,FEM,27.4,13.24,9.09,20230228_112602_025480_1.txt
29685992,29686478,FEM,8.53,3.94,2.53,20230228_112602_025480_1.txt
29686814,29688598,FEM,16.3,7.46,5.02,20230228_112602_025480_1.txt
29692119,29695600,FEM,29.35,13.87,9.5,20230228_112602_025480_1.txt
29697011,29698989,FEM,21.93,10.69,6.98,20230228_112602_025480_1.txt
29701073,29701605,MAL,9.42,4.42,2.84,20230228_112602_025480_1.txt
29705145,29707762,FEM,22.5,11.11,7.49,20230228_112602_025480_1.txt
29710010,29711476,FEM,13.44,6.33,4.28,20230228_112602_025480_1.txt
29711510,29713969,MAL,20.36,10.01,6.81,20230228_112602_025480_1.txt
29717307,29717493,FEM,7.19,3.29,2.03,20230228_112602_025480_1.txt
29722592,29722708,MAL,8.07,3.81,2.32,20230228_112602_025480_1.txt
29724492,29728226,FEM,29.19,14.36,9.86,20230228_112602_025480_1.txt
29727493,29728212,MAL,7.25,3.12,2.14,20230228_112602_025480_1.txt
29733011,29733841,FEM,10.85,5.06,3.26,20230228_112602_025480_1.txt
29736727,29738259,FEM,15.4,7.39,4.89,20230228_112602_025480_1.txt
29740993,29743128,FEM,19.99,9.99,6.63,20230228_112602_025480_1.txt
29749818,29753492,FEM,30.52,15.3,10.34,20230228_112602_025480_1.txt
29754511,29759493,FEM,42.48,21.89,14.55,20230228_112602_025480_1.txt
29757993,29758096,MAL,7.78,3.64,2.21,20230228_112602_025480_1.txt
29758590,29758809,MAL,6.87,3.12,1.93,20230228_112602_025480_1.txt
29758931,29760435,MAL,16.49,8.18,5.3,20230228_112602_025480_1.txt
29760821,29765173,FEM,40.44,20.83,13.66,20230228_112602_025480_1.txt
29765392,29767405,FEM,19.27,9.5,6.26,20230228_112602_025480_1.txt
29766359,29768507,MAL,20.55,10.32,6.76,20230228_112602_025480_1.txt
29768281,29770515,FEM,21.76,10.93,7.13,20230228_112602_025480_1.txt
29769120,29772011,MAL,28.83,14.67,9.54,20230228_112602_025480_1.txt
29781010,29785992,FEM,57.15,29.09,18.49,20230228_112602_025480_1.txt
29782991,29783980,MAL,13.14,6.41,4.1,20230228_112602_025480_1.txt
29785150,29787877,MAL,29.1,14.43,9.34,20230228_112602_025480_1.txt
29787991,29789030,MAL,12.77,6.05,3.88,20230228_112602_025480_1.txt
29789451,29790492,FEM,12.11,5.73,3.71,20230228_112602_025480_1.txt
29789993,29792340,MAL,23.79,11.74,7.67,20230228_112602_025480_1.txt
29794151,29795990,MAL,18.69,9.26,6.09,20230228_112602_025480_1.txt
29795492,29798511,FEM,26.84,13.56,9.01,20230228_112602_025480_1.txt
29799294,29800511,MAL,15.81,7.75,4.92,20230228_112602_025480_1.txt
29800011,29805563,FEM,58.1,29.92,19.21,20230228_112602_025480_1.txt
29800720,29800830,MAL,10.23,5.01,3.03,20230228_112602_025480_1.txt
29812492,29817647,FEM,44.58,23.09,15.28,20230228_112602_025480_1.txt
29827442,29828929,FEM,20.93,10.43,6.57,20230228_112602_025480_1.txt
29830503,29832511,MAL,22.51,11.42,7.39,20230228_112602_025480_1.txt
29831291,29831416,FEM,9.85,4.79,2.91,20230228_112602_025480_1.txt
29833743,29839244,FEM,53.92,28.02,18.18,20230228_112602_025480_1.txt
29841796,29841992,FEM,9.09,4.36,2.67,20230228_112602_025480_1.txt
29843011,29845406,MAL,26.74,13.43,8.6,20230228_112602_025480_1.txt
29847634,29848822,MAL,14.98,7.44,4.74,20230228_112602_025480_1.txt
29849010,29852704,MAL,38.42,19.83,12.77,20230228_112602_025480_1.txt
29852045,29853049,FEM,14.9,7.29,4.58,20230228_112602_025480_1.txt
29856492,29859492,FEM,29.79,15.21,9.88,20230228_112602_025480_1.txt
29858510,29859511,MAL,13.12,6.41,4.09,20230228_112602_025480_1.txt
29869990,29872511,FEM,29.32,14.67,9.33,20230228_112602_025480_1.txt
29871492,29872418,MAL,15.62,7.63,4.76,20230228_112602_025480_1.txt
29876540,29877522,FEM,14.4,7.06,4.47,20230228_112602_025480_1.txt
29878328,29879511,FEM,16.94,8.39,5.29,20230228_112602_025480_1.txt
29881204,29882804,MAL,19.95,9.79,6.21,20230228_112602_025480_1.txt
29881474,29884493,FEM,33.86,17.05,10.87,20230228_112602_025480_1.txt
29885223,29885345,FEM,7.78,3.64,2.22,20230228_112602_025480_1.txt
29885493,29887651,FEM,19.92,9.92,6.55,20230228_112602_025480_1.txt
29888492,29891715,FEM,34.1,17.16,11.04,20230228_112602_025480_1.txt
29899511,29900991,FEM,17.32,8.6,5.52,20230228_112602_025480_1.txt
29904491,29904658,MAL,8.7,4.15,2.54,20230228_112602_025480_1.txt
29905011,29909002,FEM,36.78,19.04,12.43,20230228_112602_025480_1.txt
29908015,29909076,MAL,13.02,6.35,4.07,20230228_112602_025480_1.txt
29910509,29911992,FEM,16.66,8.25,5.3,20230228_112602_025480_1.txt
29916145,29916375,MAL,8.22,3.87,2.38,20230228_112602_025480_1.txt
29916596,29917438,FEM,11.51,5.53,3.53,20230228_112602_025480_1.txt
29917510,29919488,MAL,20.05,10.17,6.62,20230228_112602_025480_1.txt
29921493,29923012,FEM,16.8,8.2,5.3,20230228_112602_025480_1.txt
29930447,29931991,MAL,17.48,8.83,5.69,20230228_112602_025480_1.txt
29933700,29941491,FEM,70.77,36.91,24.18,20230228_112602_025480_1.txt
29955651,29956012,FEM,8.38,3.93,2.46,20230228_112602_025480_1.txt
29957546,29958992,FEM,14.01,6.77,4.41,20230228_112602_025480_1.txt
29971492,29983426,FEM,138.96,71.73,45.33,20230228_112602_025480_1.txt
29974200,29974787,MAL,10.59,5.08,3.18,20230228_112602_025480_1.txt
29974949,29975349,MAL,8.37,3.94,2.46,20230228_112602_025480_1.txt
29985566,29985993,FEM,6.94,3.12,1.99,20230228_112602_025480_1.txt
29986391,29990056,FEM,31.51,16.14,10.67,20230228_112602_025480_1.txt
29989794,29990383,MAL,9.77,4.61,2.91,20230228_112602_025480_1.txt
29990485,29991511,FEM,11.85,5.69,3.68,20230228_112602_025480_1.txt
29994992,29999493,FEM,39.77,20.43,13.46,20230228_112602_025480_1.txt
30000520,30000743,MAL,11.29,5.57,3.41,20230228_112602_025480_1.txt
30000827,30000947,FEM,12.15,6.07,3.68,20230228_112602_025480_1.txt
30000944,30001233,MAL,11.42,5.63,3.46,20230228_112602_025480_1.txt
30001492,30003441,FEM,21.03,10.51,6.89,20230228_112602_025480_1.txt
30002992,30003861,MAL,13.91,6.81,4.33,20230228_112602_025480_1.txt
30005215,30006727,FEM,18.23,9.07,5.83,20230228_112602_025480_1.txt
30008510,30011359,FEM,25.54,12.79,8.49,20230228_112602_025480_1.txt
30014666,30015640,MAL,15.36,7.64,4.83,20230228_112602_025480_1.txt
30018895,30020456,FEM,21.16,10.43,6.6,20230228_112602_025480_1.txt
30024353,30025504,MAL,17.08,8.57,5.44,20230228_112602_025480_1.txt
30026032,30026380,MAL,11.72,5.8,3.57,20230228_112602_025480_1.txt
30035760,30038018,FEM,24.42,12.08,7.81,20230228_112602_025480_1.txt
30039044,30046425,FEM,84.12,43.6,27.51,20230228_112602_025480_1.txt
30045992,30047350,MAL,16.57,8.12,5.15,20230228_112602_025480_1.txt
30046616,30049848,FEM,34.87,17.82,11.35,20230228_112602_025480_1.txt
30048589,30049512,MAL,11.81,5.65,3.59,20230228_112602_025480_1.txt
30051493,30055128,FEM,41.57,21.22,13.38,20230228_112602_025480_1.txt
30056010,30060713,FEM,50.2,25.99,16.54,20230228_112602_025480_1.txt
30063992,30067448,FEM,37.51,19.17,12.21,20230228_112602_025480_1.txt
30066512,30066714,MAL,7.85,3.68,2.26,20230228_112602_025480_1.txt
30069492,30073701,FEM,44.39,22.91,14.63,20230228_112602_025480_1.txt
30074387,30077133,FEM,26.36,13.49,8.75,20230228_112602_025480_1.txt
30077303,30083444,FEM,75.19,38.43,24.06,20230228_112602_025480_1.txt
30085493,30089511,FEM,42.99,21.67,13.92,20230228_112602_025480_1.txt
30092492,30095011,FEM,27.67,13.89,8.94,20230228_112602_025480_1.txt
30093577,30094109,MAL,10.6,5.09,3.18,20230228_112602_025480_1.txt
30099549,30102011,FEM,24.25,12.24,8.0,20230228_112602_025480_1.txt
30112511,30112673,FEM,7.97,3.74,2.29,20230228_112602_025480_1.txt
30112832,30116050,FEM,30.53,15.33,10.01,20230228_112602_025480_1.txt
30115162,30116988,MAL,21.14,10.36,6.59,20230228_112602_025480_1.txt
30118026,30120491,FEM,24.67,12.2,7.87,20230228_112602_025480_1.txt
30124492,30126011,MAL,20.46,10.11,6.36,20230228_112602_025480_1.txt
30130868,30134660,FEM,39.4,20.06,12.9,20230228_112602_025480_1.txt
30133991,30136991,MAL,31.11,15.66,10.16,20230228_112602_025480_1.txt
30136836,30137052,FEM,10.15,4.94,3.02,20230228_112602_025480_1.txt
30138590,30138970,MAL,7.44,3.41,2.15,20230228_112602_025480_1.txt
30139088,30139427,MAL,8.15,3.81,2.38,20230228_112602_025480_1.txt
30140492,30141371,FEM,9.97,4.61,2.97,20230228_112602_025480_1.txt
30140802,30140949,MAL,5.79,2.53,1.56,20230228_112602_025480_1.txt
30141067,30141329,MAL,6.32,2.81,1.76,20230228_112602_025480_1.txt
30141492,30141644,MAL,5.85,2.56,1.58,20230228_112602_025480_1.txt
30151992,30153492,FEM,17.29,8.39,5.46,20230228_112602_025480_1.txt
30154106,30155102,FEM,12.43,6.01,3.92,20230228_112602_025480_1.txt
30157429,30159621,FEM,23.09,11.36,7.36,20230228_112602_025480_1.txt
30160242,30160379,FEM,7.15,3.29,2.01,20230228_112602_025480_1.txt
30162073,30162353,FEM,7.96,3.65,2.25,20230228_112602_025480_1.txt
30163992,30166049,FEM,20.27,10.16,6.6,20230228_112602_025480_1.txt
30166439,30167492,FEM,10.64,5.09,3.33,20230228_112602_025480_1.txt
30168413,30170610,FEM,23.34,11.7,7.54,20230228_112602_025480_1.txt
30172492,30173493,FEM,13.87,6.89,4.4,20230228_112602_025480_1.txt
30173980,30176992,FEM,29.85,15.21,9.9,20230228_112602_025480_1.txt
30180492,30182492,FEM,22.49,11.16,7.17,20230228_112602_025480_1.txt
30185251,30186365,FEM,14.41,7.1,4.54,20230228_112602_025480_1.txt
30186545,30190992,FEM,44.85,23.07,14.93,20230228_112602_025480_1.txt
30189837,30192491,MAL,31.7,15.93,10.14,20230228_112602_025480_1.txt
30193557,30194588,FEM,12.31,5.88,3.83,20230228_112602_025480_1.txt
30200367,30201979,FEM,15.82,7.76,5.1,20230228_112602_025480_1.txt
30204993,30208012,FEM,28.45,14.66,9.54,20230228_112602_025480_1.txt
30216011,30220993,FEM,49.19,25.18,16.36,20230228_112602_025480_1.txt
30221816,30223726,FEM,18.65,9.33,6.09,20230228_112602_025480_1.txt
30225386,30225489,MAL,8.77,4.2,2.55,20230228_112602_025480_1.txt
30225800,30227992,FEM,24.02,12.06,7.66,20230228_112602_025480_1.txt
30231606,30234492,FEM,31.1,15.71,10.09,20230228_112602_025480_1.txt
30238498,30240557,FEM,21.77,10.94,7.1,20230228_112602_025480_1.txt
30241166,30242489,MAL,15.75,7.71,4.97,20230228_112602_025480_1.txt
30241434,30242011,FEM,11.18,5.31,3.32,20230228_112602_025480_1.txt
30243100,30249511,FEM,67.33,34.2,22.07,20230228_112602_025480_1.txt
30251492,30262594,FEM,126.42,65.32,41.38,20230228_112602_025480_1.txt
30263011,30268556,FEM,54.67,28.3,18.33,20230228_112602_025480_1.txt
30263318,30263426,MAL,9.71,4.72,2.86,20230228_112602_025480_1.txt
30265925,30267559,MAL,19.97,9.88,6.27,20230228_112602_025480_1.txt
30267808,30267989,MAL,10.72,5.26,3.21,20230228_112602_025480_1.txt
30268740,30269088,FEM,10.66,5.2,3.22,20230228_112602_025480_1.txt
30274101,30276006,FEM,21.1,10.55,6.8,20230228_112602_025480_1.txt
30279356,30280483,FEM,13.61,6.59,4.28,20230228_112602_025480_1.txt
30282992,30285147,FEM,22.03,11.12,7.21,20230228_112602_025480_1.txt
30283492,30285311,MAL,19.33,9.68,6.25,20230228_112602_025480_1.txt
30286644,30288492,FEM,21.74,10.75,6.85,20230228_112602_025480_1.txt
30288011,30289931,MAL,21.72,10.8,6.96,20230228_112602_025480_1.txt
30293403,30296493,FEM,34.47,17.33,11.08,20230228_112602_025480_1.txt
30301840,30304992,FEM,31.42,16.05,10.45,20230228_112602_025480_1.txt
30311314,30312671,FEM,12.63,5.82,3.99,20230228_112602_025480_1.txt
30312848,30312951,FEM,8.17,3.86,2.34,20230228_112602_025480_1.txt
30313511,30315011,FEM,15.88,7.73,5.1,20230228_112602_025480_1.txt
30318366,30319993,FEM,17.75,8.78,5.69,20230228_112602_025480_1.txt
30321493,30323012,FEM,17.91,8.83,5.67,20230228_112602_025480_1.txt
30322011,30324078,MAL,21.09,10.61,6.93,20230228_112602_025480_1.txt
30328012,30330992,FEM,32.36,16.44,10.52,20230228_112602_025480_1.txt
30330010,30331330,MAL,18.15,8.98,5.67,20230228_112602_025480_1.txt
30333511,30335511,FEM,19.08,9.51,6.25,20230228_112602_025480_1.txt
30334993,30335715,MAL,11.05,5.37,3.41,20230228_112602_025480_1.txt
30338790,30341011,FEM,26.12,13.04,8.32,20230228_112602_025480_1.txt
30343525,30347399,FEM,35.71,18.43,12.1,20230228_112602_025480_1.txt
30352492,30353091,FEM,10.84,5.21,3.27,20230228_112602_025480_1.txt
30353511,30355992,FEM,24.0,12.15,7.92,20230228_112602_025480_1.txt
30356530,30357217,MAL,9.28,4.3,2.76,20230228_112602_025480_1.txt
30361011,30363993,FEM,30.0,15.15,9.84,20230228_112602_025480_1.txt
30364511,30367511,FEM,26.6,13.39,8.87,20230228_112602_025480_1.txt
30368365,30372432,MAL,40.84,20.58,13.37,20230228_112602_025480_1.txt
30377492,30379492,FEM,23.98,11.92,7.62,20230228_112602_025480_1.txt
30379011,30381235,MAL,23.38,11.79,7.66,20230228_112602_025480_1.txt
30379767,30379991,FEM,10.68,5.24,3.2,20230228_112602_025480_1.txt
30380533,30382511,FEM,19.82,9.8,6.44,20230228_112602_025480_1.txt
30382012,30382430,MAL,10.03,4.78,2.97,20230228_112602_025480_1.txt
30384335,30385010,FEM,10.68,5.09,3.23,20230228_112602_025480_1.txt
30384512,30384979,MAL,8.77,4.13,2.61,20230228_112602_025480_1.txt
30389128,30389906,FEM,12.39,5.97,3.76,20230228_112602_025480_1.txt
30391222,30393993,FEM,28.73,14.38,9.33,20230228_112602_025480_1.txt
30394492,30397496,FEM,30.58,15.12,9.83,20230228_112602_025480_1.txt
30397616,30397785,MAL,6.48,2.91,1.79,20230228_112602_025480_1.txt
30400491,30401019,MAL,8.29,3.78,2.41,20230228_112602_025480_1.txt
30400491,30401991,FEM,13.25,6.33,4.22,20230228_112602_025480_1.txt
30401615,30403340,MAL,15.51,7.53,5.01,20230228_112602_025480_1.txt
30412992,30413540,FEM,7.25,3.25,2.12,20230228_112602_025480_1.txt
30415510,30417569,MAL,23.49,11.6,7.47,20230228_112602_025480_1.txt
30422620,30423511,MAL,11.84,5.73,3.65,20230228_112602_025480_1.txt
30423733,30423942,MAL,7.2,3.3,2.04,20230228_112602_025480_1.txt
30429992,30431018,FEM,12.45,5.9,3.82,20230228_112602_025480_1.txt
30431702,30431844,MAL,9.99,4.86,2.96,20230228_112602_025480_1.txt
30437512,30439512,FEM,22.37,11.18,7.19,20230228_112602_025480_1.txt
30439088,30442752,MAL,38.77,19.6,12.62,20230228_112602_025480_1.txt
30439619,30439967,FEM,9.31,4.46,2.77,20230228_112602_025480_1.txt
30449993,30452011,FEM,19.83,9.94,6.45,20230228_112602_025480_1.txt
30458771,30463992,FEM,47.26,24.65,16.13,20230228_112602_025480_1.txt
30474011,30475992,FEM,18.79,9.35,6.15,20230228_112602_025480_1.txt
30476485,30477511,FEM,15.96,7.83,4.94,20230228_112602_025480_1.txt
30487511,30487632,FEM,8.11,3.83,2.33,20230228_112602_025480_1.txt
30487992,30489841,FEM,18.4,9.18,5.94,20230228_112602_025480_1.txt
30498935,30499492,FEM,8.48,3.88,2.47,20230228_112602_025480_1.txt
30511829,30514251,FEM,22.82,11.47,7.51,20230228_112602_025480_1.txt
30514010,30515512,MAL,16.61,8.34,5.39,20230228_112602_025480_1.txt
30515522,30519493,FEM,35.26,18.24,12.02,20230228_112602_025480_1.txt
30519065,30520483,MAL,14.75,7.26,4.76,20230228_112602_025480_1.txt
30524286,30527011,FEM,25.33,12.86,8.45,20230228_112602_025480_1.txt
30536622,30537267,FEM,8.16,3.73,2.43,20230228_112602_025480_1.txt
30536992,30538663,MAL,17.36,8.53,5.57,20230228_112602_025480_1.txt
30539334,30547493,FEM,71.91,37.9,24.89,20230228_112602_025480_1.txt
30549231,30550510,FEM,15.6,7.62,4.86,20230228_112602_025480_1.txt
30549623,30551511,MAL,21.98,10.88,6.93,20230228_112602_025480_1.txt
30555144,30555252,MAL,8.74,4.18,2.54,20230228_112602_025480_1.txt
30573511,30576992,FEM,34.13,17.5,11.3,20230228_112602_025480_1.txt
30586451,30587911,FEM,14.83,7.22,4.74,20230228_112602_025480_1.txt
30588992,30591010,FEM,19.49,9.64,6.33,20230228_112602_025480_1.txt
30594993,30598744,FEM,33.83,17.31,11.4,20230228_112602_025480_1.txt
30600011,30604625,FEM,48.28,24.85,15.94,20230228_112602_025480_1.txt
30606761,30607991,FEM,15.22,7.55,4.83,20230228_112602_025480_1.txt
30608010,30609991,MAL,22.54,11.4,7.29,20230228_112602_025480_1.txt
30611879,30616511,FEM,43.95,22.99,14.93,20230228_112602_025480_1.txt
30612492,30613197,MAL,11.37,5.5,3.46,20230228_112602_025480_1.txt
30613962,30614190,MAL,8.88,4.24,2.6,20230228_112602_025480_1.txt
30620992,30622492,FEM,17.81,8.85,5.69,20230228_112602_025480_1.txt
30626512,30628706,FEM,21.4,10.63,7.0,20230228_112602_025480_1.txt
30629645,30630818,FEM,13.84,6.82,4.42,20230228_112602_025480_1.txt
30631912,30632476,FEM,11.0,5.3,3.32,20230228_112602_025480_1.txt
30634775,30635492,FEM,9.85,4.71,3.01,20230228_112602_025480_1.txt
30634865,30638512,MAL,33.56,17.22,11.3,20230228_112602_025480_1.txt
30636272,30636726,FEM,8.54,4.0,2.53,20230228_112602_025480_1.txt
30637511,30638530,FEM,13.82,6.68,4.28,20230228_112602_025480_1.txt
30641304,30641589,FEM,8.94,4.26,2.63,20230228_112602_025480_1.txt
30649992,30651619,FEM,17.14,8.4,5.49,20230228_112602_025480_1.txt
30651723,30651880,FEM,9.29,4.48,2.73,20230228_112602_025480_1.txt
30657904,30660575,FEM,26.54,13.48,8.64,20230228_112602_025480_1.txt
30661161,30668513,FEM,69.83,35.81,23.37,20230228_112602_025480_1.txt
30671511,30673052,FEM,17.14,8.46,5.47,20230228_112602_025480_1.txt
30673991,30677886,FEM,40.96,20.82,13.38,20230228_112602_025480_1.txt
30679719,30679992,FEM,9.75,4.72,2.9,20230228_112602_025480_1.txt
30685028,30685433,FEM,9.02,4.27,2.68,20230228_112602_025480_1.txt
30685510,30686394,MAL,14.99,7.37,4.59,20230228_112602_025480_1.txt
30688003,30691493,FEM,37.07,18.85,12.07,20230228_112602_025480_1.txt
30690492,30691235,MAL,11.3,5.38,3.39,20230228_112602_025480_1.txt
30699493,30700202,FEM,9.99,4.7,3.0,20230228_112602_025480_1.txt
30704115,30705436,MAL,18.44,9.13,5.76,20230228_112602_025480_1.txt
30711817,30712777,FEM,13.06,6.38,4.07,20230228_112602_025480_1.txt
30712352,30712603,MAL,8.65,4.1,2.53,20230228_112602_025480_1.txt
30712881,30713318,MAL,10.99,5.32,3.29,20230228_112602_025480_1.txt
30717011,30718511,FEM,15.67,7.67,5.03,20230228_112602_025480_1.txt
30732492,30736213,FEM,37.62,19.27,12.4,20230228_112602_025480_1.txt
30736483,30737090,MAL,9.11,4.32,2.75,20230228_112602_025480_1.txt
30736670,30736839,FEM,8.58,4.09,2.5,20230228_112602_025480_1.txt
30746876,30748491,MAL,15.76,7.74,5.08,20230228_112602_025480_1.txt
30748992,30749903,MAL,12.99,6.28,3.98,20230228_112602_025480_1.txt
30757573,30763493,FEM,58.12,29.78,19.29,20230228_112602_025480_1.txt
30760563,30760732,MAL,3.75,1.39,0.89,20230228_112602_025480_1.txt
30762784,30763705,MAL,11.76,5.55,3.52,20230228_112602_025480_1.txt
30766454,30768182,MAL,18.87,9.32,6.08,20230228_112602_025480_1.txt
30768005,30769510,FEM,17.48,8.72,5.63,20230228_112602_025480_1.txt
30772992,30777992,FEM,44.66,23.25,15.33,20230228_112602_025480_1.txt
30775148,30775950,MAL,12.63,6.22,3.95,20230228_112602_025480_1.txt
30780010,30783512,MAL,32.4,16.5,10.83,20230228_112602_025480_1.txt
30790960,30793491,FEM,24.45,12.05,7.87,20230228_112602_025480_1.txt
30792270,30794611,MAL,22.68,11.21,7.3,20230228_112602_025480_1.txt
30793811,30793993,FEM,6.41,2.87,1.77,20230228_112602_025480_1.txt
30796396,30800481,MAL,37.11,18.85,12.4,20230228_112602_025480_1.txt
30796775,30796971,FEM,7.12,3.25,2.01,20230228_112602_025480_1.txt
30797510,30798082,FEM,7.59,3.44,2.23,20230228_112602_025480_1.txt
30814631,30818011,FEM,35.26,17.87,11.5,20230228_112602_025480_1.txt
30817606,30818249,MAL,9.82,4.67,2.99,20230228_112602_025480_1.txt
30819012,30820511,MAL,15.44,7.61,5.0,20230228_112602_025480_1.txt
30828001,30831300,FEM,34.38,17.5,11.3,20230228_112602_025480_1.txt
30838688,30842635,FEM,36.06,18.54,12.13,20230228_112602_025480_1.txt
30841447,30842205,MAL,10.13,4.78,3.06,20230228_112602_025480_1.txt
30847611,30852878,FEM,52.4,27.03,17.48,20230228_112602_025480_1.txt
30856985,30858598,FEM,19.25,9.62,6.14,20230228_112602_025480_1.txt
30859993,30861456,FEM,16.36,8.1,5.2,20230228_112602_025480_1.txt
30865531,30866684,FEM,14.28,7.05,4.51,20230228_112602_025480_1.txt
30866037,30866283,MAL,7.98,3.73,2.31,20230228_112602_025480_1.txt
30867011,30867301,FEM,9.4,4.51,2.79,20230228_112602_025480_1.txt
30869630,30870796,FEM,16.0,7.78,4.92,20230228_112602_025480_1.txt
30870492,30871486,MAL,13.26,6.41,4.09,20230228_112602_025480_1.txt
30871955,30872389,MAL,7.18,3.25,2.07,20230228_112602_025480_1.txt
30872492,30874011,MAL,20.37,10.0,6.33,20230228_112602_025480_1.txt
30878462,30882149,FEM,39.3,19.93,12.8,20230228_112602_025480_1.txt
30883012,30886492,FEM,32.09,16.38,10.78,20230228_112602_025480_1.txt
30901343,30904492,FEM,33.59,16.67,10.8,20230228_112602_025480_1.txt
30905513,30908012,FEM,23.21,11.69,7.66,20230228_112602_025480_1.txt
30913925,30915290,FEM,14.5,7.15,4.67,20230228_112602_025480_1.txt
30915496,30919608,FEM,39.23,20.07,13.11,20230228_112602_025480_1.txt
30922879,30922992,FEM,8.2,3.87,2.36,20230228_112602_025480_1.txt
30923497,30924231,FEM,10.54,4.99,3.19,20230228_112602_025480_1.txt
30924511,30929012,FEM,40.32,20.89,13.75,20230228_112602_025480_1.txt
30931011,30933011,FEM,18.86,9.37,6.17,20230228_112602_025480_1.txt
30934158,30935182,FEM,13.95,6.79,4.32,20230228_112602_025480_1.txt
30935491,30937482,FEM,21.19,10.73,6.95,20230228_112602_025480_1.txt
30938968,30941003,FEM,20.35,10.14,6.68,20230228_112602_025480_1.txt
30941317,30942387,FEM,15.17,7.46,4.74,20230228_112602_025480_1.txt
30943492,30946536,FEM,27.97,14.27,9.39,20230228_112602_025480_1.txt
30949493,30952493,FEM,29.3,14.81,9.67,20230228_112602_025480_1.txt
30951794,30953865,MAL,19.41,9.65,6.37,20230228_112602_025480_1.txt
30955492,30956012,FEM,9.46,4.42,2.79,20230228_112602_025480_1.txt
30955492,30956179,MAL,10.12,4.75,3.04,20230228_112602_025480_1.txt
30956297,30956447,MAL,8.51,4.04,2.47,20230228_112602_025480_1.txt
30958492,30960510,MAL,19.37,9.6,6.3,20230228_112602_025480_1.txt
30963492,30966442,FEM,31.33,15.73,10.12,20230228_112602_025480_1.txt
30973992,30974512,FEM,7.43,3.35,2.17,20230228_112602_025480_1.txt
30975875,30976039,FEM,10.13,4.95,3.01,20230228_112602_025480_1.txt
30976155,30976342,FEM,9.39,4.53,2.77,20230228_112602_025480_1.txt
30979117,30979600,MAL,9.92,4.77,2.99,20230228_112602_025480_1.txt
30983739,30983854,MAL,9.64,4.67,2.84,20230228_112602_025480_1.txt
30984010,30988492,FEM,40.2,20.87,13.7,20230228_112602_025480_1.txt
30989375,30990396,MAL,9.53,4.46,2.95,20230228_112602_025480_1.txt
30991656,30994137,FEM,22.45,11.32,7.45,20230228_112602_025480_1.txt
30998035,31000291,FEM,21.38,10.81,7.06,20230228_112602_025480_1.txt
30999556,30999689,MAL,9.66,4.69,2.85,20230228_112602_025480_1.txt
31002028,31002133,FEM,9.4,4.55,2.76,20230228_112602_025480_1.txt
31002652,31002762,FEM,9.79,4.76,2.89,20230228_112602_025480_1.txt
31003341,31004512,FEM,13.53,6.52,4.21,20230228_112602_025480_1.txt
31011004,31012011,FEM,8.75,3.89,2.64,20230228_112602_025480_1.txt
31021156,31022012,FEM,15.11,7.43,4.63,20230228_112602_025480_1.txt
31029382,31030992,FEM,18.75,9.35,6.02,20230228_112602_025480_1.txt
31035012,31038117,FEM,30.92,15.38,10.11,20230228_112602_025480_1.txt
31038410,31040207,FEM,21.0,10.6,6.8,20230228_112602_025480_1.txt
31039991,31041486,MAL,17.88,8.98,5.76,20230228_112602_025480_1.txt
31044492,31049671,FEM,45.63,23.43,15.47,20230228_112602_025480_1.txt
31049954,31051054,FEM,12.91,6.28,4.04,20230228_112602_025480_1.txt
31051245,31055022,FEM,32.42,16.57,10.99,20230228_112602_025480_1.txt
31054511,31055039,MAL,8.2,3.78,2.43,20230228_112602_025480_1.txt
31065010,31066510,MAL,14.31,6.98,4.58,20230228_112602_025480_1.txt
31068993,31070993,FEM,18.78,9.24,6.1,20230228_112602_025480_1.txt
31075010,31076991,FEM,17.51,8.67,5.72,20230228_112602_025480_1.txt
31088882,31088983,MAL,8.99,4.32,2.62,20230228_112602_025480_1.txt
31091133,31096992,FEM,49.12,25.43,16.91,20230228_112602_025480_1.txt
31106786,31110510,FEM,34.72,17.71,11.65,20230228_112602_025480_1.txt
31112549,31112881,MAL,9.58,4.61,2.86,20230228_112602_025480_1.txt
31112660,31112992,FEM,9.54,4.59,2.84,20230228_112602_025480_1.txt
31114010,31116057,FEM,20.3,10.15,6.66,20230228_112602_025480_1.txt
31117333,31122303,FEM,43.25,22.36,14.8,20230228_112602_025480_1.txt
31126474,31130511,FEM,36.38,18.69,12.3,20230228_112602_025480_1.txt
31140836,31142159,FEM,15.81,7.77,4.99,20230228_112602_025480_1.txt
31148992,31151992,FEM,26.15,13.05,8.72,20230228_112602_025480_1.txt
31153830,31154014,MAL,7.85,3.66,2.25,20230228_112602_025480_1.txt
31158010,31165492,FEM,63.26,32.72,21.79,20230228_112602_025480_1.txt
31172511,31174760,FEM,22.17,11.17,7.27,20230228_112602_025480_1.txt
31174789,31175067,MAL,9.05,4.32,2.67,20230228_112602_025480_1.txt
31181039,31183007,FEM,18.3,8.9,5.88,20230228_112602_025480_1.txt
31186092,31189511,FEM,29.69,15.13,10.02,20230228_112602_025480_1.txt
31192511,31192703,FEM,8.78,4.19,2.56,20230228_112602_025480_1.txt
31192992,31195508,FEM,26.95,13.64,8.75,20230228_112602_025480_1.txt
31197943,31200257,FEM,19.98,9.83,6.55,20230228_112602_025480_1.txt
31203492,31204197,FEM,8.3,3.78,2.49,20230228_112602_025480_1.txt
31216980,31221511,FEM,45.78,23.3,15.1,20230228_112602_025480_1.txt
31222724,31222992,MAL,8.06,3.77,2.34,20230228_112602_025480_1.txt
31225510,31226237,FEM,9.44,4.37,2.82,20230228_112602_025480_1.txt
31228305,31234756,FEM,53.33,27.52,18.41,20230228_112602_025480_1.txt
31235993,31239889,FEM,33.97,17.52,11.53,20230228_112602_025480_1.txt
31241354,31242491,FEM,13.13,6.32,4.07,20230228_112602_025480_1.txt
31251493,31252030,FEM,8.83,4.13,2.64,20230228_112602_025480_1.txt
31254145,31255510,FEM,16.56,8.16,5.25,20230228_112602_025480_1.txt
31257993,31261493,FEM,31.61,16.31,10.68,20230228_112602_025480_1.txt
31260992,31261205,MAL,8.71,4.15,2.55,20230228_112602_025480_1.txt
31265268,31266151,FEM,11.71,5.57,3.55,20230228_112602_025480_1.txt
31267121,31274492,FEM,65.12,34.32,22.49,20230228_112602_025480_1.txt
31275475,31285357,FEM,95.3,49.75,32.23,20230228_112602_025480_1.txt
31287511,31290511,FEM,28.33,14.17,9.29,20230228_112602_025480_1.txt
31305493,31324020,FEM,162.51,86.46,56.82,20230228_112602_025480_1.txt
31315012,31316647,MAL,20.8,10.26,6.5,20230228_112602_025480_1.txt
31332493,31334159,FEM,15.72,7.72,5.07,20230228_112602_025480_1.txt
31340917,31342012,FEM,11.22,5.18,3.42,20230228_112602_025480_1.txt
31345512,31346992,FEM,14.37,6.97,4.59,20230228_112602_025480_1.txt
31349933,31350512,FEM,9.25,4.32,2.74,20230228_112602_025480_1.txt
31363441,31364992,FEM,15.82,7.73,5.03,20230228_112602_025480_1.txt
31369511,31369686,FEM,8.37,3.93,2.42,20230228_112602_025480_1.txt
31370492,31371493,FEM,10.2,4.71,3.12,20230228_112602_025480_1.txt
31375419,31377640,FEM,20.79,10.3,6.75,20230228_112602_025480_1.txt
31380510,31383082,FEM,24.54,12.42,8.11,20230228_112602_025480_1.txt
31387492,31391012,FEM,31.61,16.05,10.63,20230228_112602_025480_1.txt
31391803,31392044,FEM,9.62,4.64,2.85,20230228_112602_025480_1.txt
31393992,31396012,FEM,24.45,12.24,7.78,20230228_112602_025480_1.txt
31395013,31396090,MAL,15.2,7.43,4.69,20230228_112602_025480_1.txt
31397510,31399419,MAL,20.41,10.25,6.62,20230228_112602_025480_1.txt
31408167,31410663,FEM,25.22,12.4,8.11,20230228_112602_025480_1.txt
31412509,31419510,FEM,70.12,36.29,23.46,20230228_112602_025480_1.txt
31419557,31425011,MAL,61.22,31.62,20.08,20230228_112602_025480_1.txt
31427534,31429510,MAL,19.54,9.79,6.45,20230228_112602_025480_1.txt
31441510,31441632,FEM,7.98,3.74,2.29,20230228_112602_025480_1.txt
31442000,31442211,FEM,8.1,3.81,2.34,20230228_112602_025480_1.txt
31442428,31443010,FEM,9.39,4.42,2.83,20230228_112602_025480_1.txt
31443952,31446617,FEM,24.66,12.38,8.17,20230228_112602_025480_1.txt
31448265,31450066,FEM,18.19,9.11,5.92,20230228_112602_025480_1.txt
31450511,31451993,FEM,14.37,7.0,4.65,20230228_112602_025480_1.txt
31452123,31454492,FEM,21.91,10.97,7.25,20230228_112602_025480_1.txt
31456956,31457493,FEM,6.27,2.73,1.79,20230228_112602_025480_1.txt
31460437,31465493,FEM,49.63,25.28,16.42,20230228_112602_025480_1.txt
31465135,31466276,MAL,14.16,6.92,4.41,20230228_112602_025480_1.txt
31466831,31468088,FEM,13.31,6.42,4.15,20230228_112602_025480_1.txt
31472985,31473370,MAL,5.73,2.48,1.58,20230228_112602_025480_1.txt
31479474,31481381,FEM,16.6,8.26,5.41,20230228_112602_025480_1.txt
31487513,31487736,FEM,6.61,2.98,1.85,20230228_112602_025480_1.txt
31487923,31492010,FEM,35.82,18.37,12.13,20230228_112602_025480_1.txt
31492049,31493814,MAL,17.73,8.86,5.81,20230228_112602_025480_1.txt
31495024,31495459,MAL,6.37,2.78,1.8,20230228_112602_025480_1.txt
31495510,31495684,FEM,5.88,2.55,1.59,20230228_112602_025480_1.txt
31495988,31498776,FEM,25.91,12.72,8.45,20230228_112602_025480_1.txt
31500993,31503010,FEM,20.21,10.08,6.58,20230228_112602_025480_1.txt
31502491,31503774,MAL,16.49,8.1,5.16,20230228_112602_025480_1.txt
31503855,31504511,FEM,9.91,4.67,2.97,20230228_112602_025480_1.txt
31524992,31526919,FEM,20.66,10.14,6.55,20230228_112602_025480_1.txt
31527235,31534491,FEM,73.75,37.7,24.35,20230228_112602_025480_1.txt
31529993,31531218,MAL,14.79,7.24,4.63,20230228_112602_025480_1.txt
31548305,31549478,MAL,14.4,7.02,4.5,20230228_112602_025480_1.txt
31554502,31558964,FEM,45.81,22.87,14.88,20230228_112602_025480_1.txt
31559905,31561873,MAL,21.24,10.69,6.91,20230228_112602_025480_1.txt
31565992,31567492,FEM,15.98,7.87,5.13,20230228_112602_025480_1.txt
31571492,31573308,FEM,19.95,10.11,6.51,20230228_112602_025480_1.txt
31572511,31573125,MAL,11.94,5.83,3.64,20230228_112602_025480_1.txt
31573511,31575089,FEM,19.36,9.72,6.22,20230228_112602_025480_1.txt
31577410,31579126,FEM,15.76,7.72,5.1,20230228_112602_025480_1.txt
31593011,31595493,FEM,22.37,11.19,7.37,20230228_112602_025480_1.txt
31597034,31597986,FEM,11.7,5.64,3.67,20230228_112602_025480_1.txt
31603011,31608993,FEM,65.08,33.25,21.24,20230228_112602_025480_1.txt
31613492,31614012,MAL,10.99,5.3,3.3,20230228_112602_025480_1.txt
31614992,31617700,FEM,24.11,12.08,7.99,20230228_112602_025480_1.txt
31619329,31625637,FEM,65.85,33.92,21.77,20230228_112602_025480_1.txt
31626011,31636492,FEM,114.71,59.37,37.8,20230228_112602_025480_1.txt
31637993,31639267,MAL,13.89,6.73,4.35,20230228_112602_025480_1.txt
31639515,31639783,FEM,7.89,3.68,2.28,20230228_112602_025480_1.txt
31639992,31640510,FEM,7.73,3.53,2.27,20230228_112602_025480_1.txt
31642032,31644958,FEM,24.75,12.43,8.29,20230228_112602_025480_1.txt
31646492,31656826,FEM,99.22,51.77,33.61,20230228_112602_025480_1.txt
31657242,31659380,FEM,24.64,12.47,7.91,20230228_112602_025480_1.txt
31659930,31660511,FEM,10.47,5.04,3.14,20230228_112602_025480_1.txt
31663361,31666415,FEM,28.6,14.59,9.54,20230228_112602_025480_1.txt
31673378,31679993,FEM,52.94,26.82,18.2,20230228_112602_025480_1.txt
31684510,31684820,FEM,5.1,2.1,1.36,20230228_112602_025480_1.txt
31684956,31696959,FEM,90.66,44.94,31.3,20230228_112602_025480_1.txt
31698010,31700011,FEM,9.75,3.66,3.14,20230228_112602_025480_1.txt
31700276,31701656,FEM,10.21,4.53,3.19,20230228_112602_025480_1.txt
31701696,31702511,MAL,11.8,5.6,3.57,20230228_112602_025480_1.txt
31703511,31704623,FEM,11.37,5.05,3.48,20230228_112602_025480_1.txt
31707931,31709669,MAL,16.85,8.22,5.46,20230228_112602_025480_1.txt
31712140,31713993,FEM,15.93,7.45,5.07,20230228_112602_025480_1.txt
31717313,31717510,FEM,7.51,3.47,2.14,20230228_112602_025480_1.txt
31721492,31727648,FEM,53.37,27.68,18.32,20230228_112602_025480_1.txt
31728966,31734071,FEM,46.82,23.19,15.44,20230228_112602_025480_1.txt
31741721,31741991,FEM,6.1,2.66,1.69,20230228_112602_025480_1.txt
31745459,31746623,FEM,9.89,4.43,3.05,20230228_112602_025480_1.txt
31749511,31751625,FEM,19.57,9.46,6.27,20230228_112602_025480_1.txt
31760404,31761666,FEM,12.39,5.81,3.9,20230228_112602_025480_1.txt
31762037,31762400,MAL,9.05,4.27,2.68,20230228_112602_025480_1.txt
31765846,31767237,FEM,11.22,5.05,3.42,20230228_112602_025480_1.txt
31768392,31769759,FEM,12.47,5.76,3.83,20230228_112602_025480_1.txt
31773965,31777512,FEM,31.19,15.87,10.44,20230228_112602_025480_1.txt
31777120,31778823,MAL,16.62,8.18,5.38,20230228_112602_025480_1.txt
31782491,31783011,FEM,8.79,4.12,2.62,20230228_112602_025480_1.txt
31798614,31799991,MAL,18.05,9.12,5.8,20230228_112602_025480_1.txt
31798681,31799491,FEM,14.85,7.36,4.58,20230228_112602_025480_1.txt
31802370,31803254,MAL,11.48,5.58,3.58,20230228_112602_025480_1.txt
31808013,31810583,MAL,31.17,15.77,9.95,20230228_112602_025480_1.txt
31811042,31811742,MAL,11.36,5.55,3.51,20230228_112602_025480_1.txt
31826483,31827226,FEM,12.5,6.12,3.84,20230228_112602_025480_1.txt
31836491,31838511,MAL,24.67,12.65,8.06,20230228_112602_025480_1.txt
31842011,31845347,MAL,32.2,16.66,10.84,20230228_112602_025480_1.txt
31846871,31847382,FEM,10.68,5.16,3.2,20230228_112602_025480_1.txt
31847084,31849479,MAL,30.41,15.42,9.67,20230228_112602_025480_1.txt
31872493,31873011,FEM,6.54,2.93,1.87,20230228_112602_025480_1.txt
31893492,31893698,MAL,5.73,2.5,1.55,20230228_112602_025480_1.txt
31903971,31905510,FEM,14.74,7.35,4.72,20230228_112602_025480_1.txt
31910993,31911511,FEM,6.84,3.1,1.97,20230228_112602_025480_1.txt
31915013,31918493,MAL,36.18,18.9,12.14,20230228_112602_025480_1.txt
31919493,31921493,MAL,23.39,11.92,7.63,20230228_112602_025480_1.txt
31928138,31928239,MAL,11.17,5.54,3.35,20230228_112602_025480_1.txt
31956672,31956988,MAL,7.19,3.3,2.06,20230228_112602_025480_1.txt
31974389,31974688,MAL,7.6,3.53,2.19,20230228_112602_025480_1.txt
31978830,31980992,MAL,22.72,11.58,7.38,20230228_112602_025480_1.txt
32010069,32011412,MAL,14.14,7.02,4.49,20230228_112602_025480_1.txt
32067584,32069511,MAL,19.91,10.09,6.46,20230228_112602_025480_1.txt
32099136,32101011,FEM,18.69,9.29,6.05,20230228_112602_025480_1.txt
32109991,32110661,MAL,11.94,5.76,3.59,20230228_112602_025480_1.txt
32111846,32113196,FEM,17.26,8.54,5.43,20230228_112602_025480_1.txt
32128863,32130157,FEM,15.56,7.6,4.85,20230228_112602_025480_1.txt
32135493,32137511,FEM,24.28,12.14,7.72,20230228_112602_025480_1.txt
32143097,32145043,FEM,19.27,9.7,6.25,20230228_112602_025480_1.txt
32145351,32145491,FEM,7.55,3.52,2.15,20230228_112602_025480_1.txt
32145512,32148781,MAL,34.59,17.79,11.31,20230228_112602_025480_1.txt
32158122,32158240,FEM,6.79,3.1,1.89,20230228_112602_025480_1.txt
32379593,32379957,MAL,6.92,3.14,1.97,20230228_112602_025480_1.txt
32383493,32383638,FEM,7.63,3.56,2.17,20230228_112602_025480_1.txt
32384011,32385597,FEM,17.09,8.59,5.52,20230228_112602_025480_1.txt
32385337,32387890,MAL,26.13,13.39,8.64,20230228_112602_025480_1.txt
32388992,32390011,FEM,14.23,6.98,4.41,20230228_112602_025480_1.txt
32388992,32391010,MAL,25.44,12.78,8.05,20230228_112602_025480_1.txt
32390162,32390511,FEM,9.11,4.35,2.7,20230228_112602_025480_1.txt
32393363,32394387,MAL,15.62,7.66,4.82,20230228_112602_025480_1.txt
32393950,32394693,FEM,13.73,6.73,4.2,20230228_112602_025480_1.txt
32397511,32399944,MAL,25.32,13.02,8.4,20230228_112602_025480_1.txt
32401492,32404025,MAL,26.85,13.83,8.93,20230228_112602_025480_1.txt
32422511,32424531,FEM,22.1,11.22,7.26,20230228_112602_025480_1.txt
32435512,32437993,FEM,27.02,13.55,8.71,20230228_112602_025480_1.txt
32441145,32443992,FEM,28.67,14.34,9.32,20230228_112602_025480_1.txt
32441842,32441948,MAL,8.92,4.28,2.6,20230228_112602_025480_1.txt
32446263,32454083,FEM,67.64,34.95,23.19,20230228_112602_025480_1.txt
32458705,32460230,FEM,15.72,7.67,5.0,20230228_112602_025480_1.txt
32485170,32485511,FEM,7.01,3.14,2.0,20230228_112602_025480_1.txt
32486974,32488218,MAL,9.98,4.57,3.09,20230228_112602_025480_1.txt
32494051,32495492,FEM,13.02,6.03,3.98,20230228_112602_025480_1.txt
32495271,32496319,MAL,9.73,4.35,2.92,20230228_112602_025480_1.txt
32495810,32495980,FEM,6.24,2.77,1.71,20230228_112602_025480_1.txt
32501512,32503518,MAL,17.55,8.24,5.69,20230228_112602_025480_1.txt
32506412,32507011,FEM,6.31,2.63,1.76,20230228_112602_025480_1.txt
32506718,32506838,MAL,5.99,2.65,1.62,20230228_112602_025480_1.txt
32512511,32515491,MAL,24.79,11.85,7.95,20230228_112602_025480_1.txt
32531993,32534561,MAL,21.06,10.01,6.95,20230228_112602_025480_1.txt
32537511,32541490,MAL,34.02,16.29,11.19,20230228_112602_025480_1.txt
32564121,32564378,MAL,12.28,6.13,3.74,20230228_112602_025480_1.txt
32631145,32631499,FEM,8.28,3.81,2.43,20230228_112602_025480_1.txt
32632922,32636722,FEM,31.92,15.63,10.72,20230228_112602_025480_1.txt
32638582,32639993,FEM,12.04,5.63,3.86,20230228_112602_025480_1.txt
32702159,32702518,MAL,3.57,1.21,0.86,20230228_112602_025480_1.txt
32704012,32704537,FEM,6.57,2.86,1.89,20230228_112602_025480_1.txt
32746489,32748293,FEM,20.46,9.77,6.41,20230228_112602_025480_1.txt
32749491,32750016,FEM,11.47,5.58,3.52,20230228_112602_025480_1.txt
32758904,32759662,FEM,10.17,4.72,3.12,20230228_112602_025480_1.txt
32760992,32764492,FEM,26.33,12.27,8.81,20230228_112602_025480_1.txt
32938512,32939909,MAL,17.36,8.59,5.57,20230228_112602_025480_1.txt
32952511,32953944,MAL,14.57,6.97,4.65,20230228_112602_025480_1.txt
32961492,32963512,FEM,15.37,7.07,5.02,20230228_112602_025480_1.txt
32961531,32961637,MAL,7.76,3.6,2.21,20230228_112602_025480_1.txt
32962013,32962713,MAL,7.12,3.06,2.1,20230228_112602_025480_1.txt
32979992,32986008,FEM,45.21,21.4,15.26,20230228_112602_025480_1.txt
32990466,32990606,MAL,7.83,3.63,2.24,20230228_112602_025480_1.txt
32990507,32990887,FEM,6.74,2.95,1.92,20230228_112602_025480_1.txt
32993506,32996454,FEM,15.42,6.31,5.19,20230228_112602_025480_1.txt
32997081,32998679,FEM,10.33,4.19,3.21,20230228_112602_025480_1.txt
32999010,33001492,FEM,15.26,6.69,5.06,20230228_112602_025480_1.txt
33002120,33003166,FEM,11.99,5.36,3.62,20230228_112602_025480_1.txt
33004959,33007492,FEM,16.75,7.44,5.51,20230228_112602_025480_1.txt
33007255,33007385,MAL,9.54,4.59,2.81,20230228_112602_025480_1.txt
33010511,33012258,FEM,14.54,6.82,4.69,20230228_112602_025480_1.txt
33020511,33022936,FEM,22.46,10.86,7.34,20230228_112602_025480_1.txt
33041420,33042991,FEM,15.65,7.52,5.03,20230228_112602_025480_1.txt
33081551,33082665,FEM,13.6,6.41,4.27,20230228_112602_025480_1.txt
33083729,33084011,FEM,6.37,2.71,1.78,20230228_112602_025480_1.txt
33085640,33086992,FEM,12.28,5.69,3.87,20230228_112602_025480_1.txt
33088011,33090033,FEM,19.64,9.31,6.33,20230228_112602_025480_1.txt
33093993,33096712,FEM,25.45,12.11,8.23,20230228_112602_025480_1.txt
33100512,33103578,MAL,24.29,11.4,8.06,20230228_112602_025480_1.txt
33104936,33110783,FEM,36.72,17.01,12.72,20230228_112602_025480_1.txt
33111234,33111455,FEM,6.41,2.81,1.78,20230228_112602_025480_1.txt
33111857,33114513,FEM,21.19,10.0,6.96,20230228_112602_025480_1.txt
33114012,33114587,MAL,10.78,5.11,3.24,20230228_112602_025480_1.txt
33121688,33122992,FEM,9.01,3.71,2.83,20230228_112602_025480_1.txt
33126717,33129513,FEM,21.03,10.04,7.08,20230228_112602_025480_1.txt
33132993,33139493,FEM,49.8,24.49,17.13,20230228_112602_025480_1.txt
33143011,33146492,FEM,24.31,11.13,8.08,20230228_112602_025480_1.txt
33147676,33149993,FEM,16.24,7.33,5.35,20230228_112602_025480_1.txt
33163012,33164630,FEM,17.56,8.48,5.57,20230228_112602_025480_1.txt
33164993,33167070,MAL,18.7,9.23,6.19,20230228_112602_025480_1.txt
33179011,33180531,MAL,11.86,5.03,3.76,20230228_112602_025480_1.txt
33181689,33183010,MAL,7.05,2.3,2.18,20230228_112602_025480_1.txt
33189011,33191016,MAL,20.74,10.09,6.7,20230228_112602_025480_1.txt
33193493,33196510,MAL,25.83,12.29,8.62,20230228_112602_025480_1.txt
33196470,33198942,FEM,17.97,8.11,5.9,20230228_112602_025480_1.txt
33206510,33208989,MAL,23.74,11.72,7.88,20230228_112602_025480_1.txt
33216580,33218011,MAL,16.23,7.95,5.2,20230228_112602_025480_1.txt
33217184,33217493,FEM,9.5,4.55,2.83,20230228_112602_025480_1.txt
33225010,33228510,FEM,29.06,14.28,9.77,20230228_112602_025480_1.txt
33230010,33231492,FEM,13.99,6.45,4.46,20230228_112602_025480_1.txt
33232012,33233917,FEM,15.12,7.07,4.91,20230228_112602_025480_1.txt
33245637,33247083,FEM,12.06,5.33,3.76,20230228_112602_025480_1.txt
33245937,33247024,MAL,11.23,4.97,3.43,20230228_112602_025480_1.txt
33249493,33250397,FEM,13.38,6.35,4.16,20230228_112602_025480_1.txt
33256096,33256990,MAL,11.66,5.54,3.59,20230228_112602_025480_1.txt
33297011,33300511,MAL,26.59,12.86,8.95,20230228_112602_025480_1.txt
33300781,33300987,MAL,5.35,2.28,1.43,20230228_112602_025480_1.txt
33341841,33341973,FEM,7.48,3.47,2.12,20230228_112602_025480_1.txt
33486995,33487123,MAL,5.69,2.46,1.52,20230228_112602_025480_1.txt
33487493,33487854,MAL,5.86,2.5,1.62,20230228_112602_025480_1.txt
33487992,33490943,MAL,22.55,10.77,7.56,20230228_112602_025480_1.txt
33502012,33504503,MAL,18.16,8.4,6.02,20230228_112602_025480_1.txt
33508478,33509011,FEM,4.62,1.75,1.24,20230228_112602_025480_1.txt
33510513,33512992,MAL,17.85,8.29,5.92,20230228_112602_025480_1.txt
33519508,33520352,FEM,7.07,2.94,2.11,20230228_112602_025480_1.txt
33526047,33526511,FEM,8.28,3.79,2.44,20230228_112602_025480_1.txt
33532832,33535991,FEM,24.97,12.19,8.35,20230228_112602_025480_1.txt
33538011,33539732,FEM,13.11,5.64,4.16,20230228_112602_025480_1.txt
33540114,33540430,FEM,4.75,1.81,1.24,20230228_112602_025480_1.txt
33558734,33562011,FEM,29.41,14.0,9.48,20230228_112602_025480_1.txt
33564583,33575511,FEM,82.89,39.47,27.95,20230228_112602_025480_1.txt
33576992,33581992,FEM,38.56,18.17,12.82,20230228_112602_025480_1.txt
33583511,33586029,FEM,23.32,11.06,7.48,20230228_112602_025480_1.txt
33589011,33593493,FEM,30.55,13.84,10.22,20230228_112602_025480_1.txt
33598927,33600431,FEM,11.67,5.14,3.7,20230228_112602_025480_1.txt
33604106,33606070,FEM,15.93,7.37,5.14,20230228_112602_025480_1.txt
33604198,33604313,MAL,8.13,3.82,2.33,20230228_112602_025480_1.txt
33608491,33609581,FEM,10.55,4.7,3.25,20230228_112602_025480_1.txt
33618512,33622641,FEM,25.77,11.41,8.73,20230228_112602_025480_1.txt
33621510,33622511,MAL,10.52,4.79,3.23,20230228_112602_025480_1.txt
33628232,33629730,MAL,13.92,6.28,4.34,20230228_112602_025480_1.txt
33628400,33630268,FEM,16.91,7.86,5.4,20230228_112602_025480_1.txt
33631642,33632609,FEM,9.85,4.19,3.0,20230228_112602_025480_1.txt
33633576,33636274,FEM,16.65,6.79,5.5,20230228_112602_025480_1.txt
33638298,33639407,FEM,8.37,3.55,2.53,20230228_112602_025480_1.txt
33640458,33641511,MAL,10.79,4.83,3.22,20230228_112602_025480_1.txt
33641011,33643011,FEM,20.17,9.33,6.24,20230228_112602_025480_1.txt
33646492,33646806,FEM,7.55,3.43,2.17,20230228_112602_025480_1.txt
33646499,33646712,MAL,6.91,3.11,1.94,20230228_112602_025480_1.txt
33659624,33663195,FEM,27.5,12.85,9.11,20230228_112602_025480_1.txt
33661513,33662929,MAL,13.79,6.14,4.28,20230228_112602_025480_1.txt
33665993,33666587,FEM,11.77,5.69,3.58,20230228_112602_025480_1.txt
33666067,33667378,MAL,16.83,8.11,5.22,20230228_112602_025480_1.txt
33668501,33669412,MAL,12.92,6.19,4.01,20230228_112602_025480_1.txt
33672012,33673553,MAL,16.67,8.02,5.32,20230228_112602_025480_1.txt
33675947,33676590,FEM,8.82,4.01,2.6,20230228_112602_025480_1.txt
33683089,33683324,MAL,9.56,4.56,2.83,20230228_112602_025480_1.txt
33683511,33686533,FEM,26.38,12.46,8.48,20230228_112602_025480_1.txt
33691511,33693492,FEM,14.19,6.12,4.56,20230228_112602_025480_1.txt
33694232,33695386,FEM,13.66,6.61,4.35,20230228_112602_025480_1.txt
33695011,33697289,MAL,20.48,9.82,6.66,20230228_112602_025480_1.txt
33696511,33698504,FEM,19.42,9.28,6.26,20230228_112602_025480_1.txt
33701010,33705966,FEM,33.36,15.69,11.5,20230228_112602_025480_1.txt
33703106,33704010,MAL,10.43,4.77,3.24,20230228_112602_025480_1.txt
33706270,33708236,FEM,14.55,6.68,4.73,20230228_112602_025480_1.txt
33708899,33710991,FEM,14.45,6.52,4.72,20230228_112602_025480_1.txt
33712148,33714340,FEM,17.11,7.93,5.52,20230228_112602_025480_1.txt
33713547,33713658,MAL,5.73,2.5,1.54,20230228_112602_025480_1.txt
33715992,33718704,FEM,21.64,10.13,7.12,20230228_112602_025480_1.txt
33720496,33721973,FEM,14.23,6.74,4.55,20230228_112602_025480_1.txt
33727951,33732011,FEM,31.12,14.77,10.34,20230228_112602_025480_1.txt
33731324,33731817,MAL,9.83,4.49,2.96,20230228_112602_025480_1.txt
33731993,33733313,MAL,15.62,7.61,4.98,20230228_112602_025480_1.txt
33732376,33732492,FEM,10.43,5.12,3.1,20230228_112602_025480_1.txt
33733992,33735944,FEM,19.37,9.32,6.28,20230228_112602_025480_1.txt
33735081,33737135,MAL,19.27,9.33,6.32,20230228_112602_025480_1.txt
33740099,33741510,FEM,12.46,5.61,3.89,20230228_112602_025480_1.txt
33740324,33744511,MAL,33.05,16.26,11.22,20230228_112602_025480_1.txt
33747261,33750992,FEM,28.02,13.17,9.31,20230228_112602_025480_1.txt
33747742,33748491,MAL,7.86,3.3,2.25,20230228_112602_025480_1.txt
33751247,33754992,MAL,28.89,13.94,9.81,20230228_112602_025480_1.txt
33751348,33752256,FEM,9.12,3.98,2.8,20230228_112602_025480_1.txt
33754992,33758212,FEM,23.45,11.01,7.81,20230228_112602_025480_1.txt
33756510,33756743,MAL,3.88,1.44,0.94,20230228_112602_025480_1.txt
33759821,33763137,FEM,25.92,11.85,8.33,20230228_112602_025480_1.txt
33762842,33765493,MAL,21.92,10.48,7.3,20230228_112602_025480_1.txt
33768983,33769137,MAL,9.93,4.79,2.94,20230228_112602_025480_1.txt
33771119,33778581,FEM,57.98,28.68,19.81,20230228_112602_025480_1.txt
33779595,33780984,MAL,16.45,7.96,5.22,20230228_112602_025480_1.txt
33784012,33786354,FEM,17.64,8.14,5.82,20230228_112602_025480_1.txt
33787538,33793012,FEM,40.41,18.99,13.62,20230228_112602_025480_1.txt
33794180,33795510,FEM,13.62,6.31,4.21,20230228_112602_025480_1.txt
33794346,33794523,MAL,5.58,2.41,1.5,20230228_112602_025480_1.txt
33798992,33801992,FEM,23.8,11.22,7.88,20230228_112602_025480_1.txt
33803234,33805244,FEM,13.91,6.27,4.58,20230228_112602_025480_1.txt
33805490,33807432,FEM,14.02,6.16,4.5,20230228_112602_025480_1.txt
33810031,33811457,FEM,9.47,3.91,2.95,20230228_112602_025480_1.txt
33810173,33810634,MAL,8.68,4.06,2.58,20230228_112602_025480_1.txt
33815215,33816568,FEM,8.09,2.99,2.53,20230228_112602_025480_1.txt
33842151,33843808,MAL,17.77,8.76,5.81,20230228_112602_025480_1.txt
33844456,33845511,FEM,12.86,6.05,4.02,20230228_112602_025480_1.txt
33844542,33847492,MAL,25.4,12.35,8.51,20230228_112602_025480_1.txt
33852772,33854510,FEM,15.0,7.09,4.85,20230228_112602_025480_1.txt
33855010,33857062,MAL,20.9,10.23,6.86,20230228_112602_025480_1.txt
33856851,33860616,FEM,28.31,13.67,9.57,20230228_112602_025480_1.txt
33863702,33866620,FEM,23.18,10.36,7.45,20230228_112602_025480_1.txt
33873461,33879011,FEM,36.2,16.19,12.23,20230228_112602_025480_1.txt
33882489,33884992,FEM,17.21,7.61,5.6,20230228_112602_025480_1.txt
33886058,33887376,MAL,14.72,6.94,4.63,20230228_112602_025480_1.txt
33886991,33888511,FEM,12.03,5.41,3.82,20230228_112602_025480_1.txt
33890010,33891350,MAL,13.44,6.1,4.2,20230228_112602_025480_1.txt
33890493,33894992,FEM,35.08,16.52,11.63,20230228_112602_025480_1.txt
33896948,33898759,FEM,16.8,7.87,5.41,20230228_112602_025480_1.txt
33938992,33940620,FEM,10.83,4.44,3.39,20230228_112602_025480_1.txt
33943992,33954492,FEM,69.6,32.88,24.19,20230228_112602_025480_1.txt
33952772,33953218,MAL,6.13,2.56,1.67,20230228_112602_025480_1.txt
33953366,33953491,MAL,8.11,3.78,2.33,20230228_112602_025480_1.txt
33965511,33970872,FEM,36.49,17.12,12.45,20230228_112602_025480_1.txt
33976697,33985560,FEM,57.85,27.58,20.21,20230228_112602_025480_1.txt
33976778,33976960,MAL,4.9,2.03,1.27,20230228_112602_025480_1.txt
33977991,33978334,MAL,5.75,2.35,1.58,20230228_112602_025480_1.txt
33978992,33979448,MAL,5.97,2.52,1.67,20230228_112602_025480_1.txt
33987011,33989993,FEM,16.89,6.74,5.58,20230228_112602_025480_1.txt
33995012,33997187,FEM,16.9,7.76,5.55,20230228_112602_025480_1.txt
34001259,34008154,FEM,48.84,22.85,16.51,20230228_112602_025480_1.txt
34002774,34004011,MAL,11.56,5.28,3.56,20230228_112602_025480_1.txt
34015661,34016491,FEM,8.89,3.88,2.6,20230228_112602_025480_1.txt
34015992,34016203,MAL,5.24,2.21,1.39,20230228_112602_025480_1.txt
34019038,34019511,FEM,8.31,3.73,2.4,20230228_112602_025480_1.txt
34020123,34024617,FEM,34.88,16.25,11.51,20230228_112602_025480_1.txt
34028492,34032993,FEM,31.69,14.99,10.76,20230228_112602_025480_1.txt
34035206,34039511,FEM,34.39,16.26,11.26,20230228_112602_025480_1.txt
34038993,34041511,MAL,19.14,8.9,6.3,20230228_112602_025480_1.txt
34044492,34045790,MAL,12.43,5.81,3.91,20230228_112602_025480_1.txt
34045780,34056361,FEM,66.15,30.31,22.9,20230228_112602_025480_1.txt
34059012,34060882,FEM,13.96,6.49,4.52,20230228_112602_025480_1.txt
34060011,34062512,MAL,16.99,7.47,5.58,20230228_112602_025480_1.txt
34062991,34066012,FEM,23.8,11.14,7.78,20230228_112602_025480_1.txt
34069940,34072512,FEM,19.89,9.12,6.51,20230228_112602_025480_1.txt
34071511,34074930,MAL,26.09,12.34,8.77,20230228_112602_025480_1.txt
34073047,34075771,FEM,19.08,8.47,6.32,20230228_112602_025480_1.txt
34077245,34079493,FEM,14.53,6.08,4.67,20230228_112602_025480_1.txt
34081133,34081425,FEM,3.82,1.35,0.93,20230228_112602_025480_1.txt
34083992,34084993,FEM,8.05,3.25,2.41,20230228_112602_025480_1.txt
34088992,34090511,FEM,12.52,5.7,3.98,20230228_112602_025480_1.txt
34095511,34097997,MAL,22.34,10.71,7.31,20230228_112602_025480_1.txt
34097478,34099511,FEM,18.12,8.43,5.83,20230228_112602_025480_1.txt
34103433,34105510,MAL,17.64,8.18,5.73,20230228_112602_025480_1.txt
34115992,34118012,FEM,11.69,4.75,3.84,20230228_112602_025480_1.txt
34461307,34461511,FEM,6.93,3.12,1.95,20230228_112602_025480_1.txt
34859125,34860011,FEM,13.2,6.27,4.1,20230228_112602_025480_1.txt
34905406,34906162,MAL,11.47,5.4,3.5,20230228_112602_025480_1.txt
34930992,34931681,FEM,10.95,5.17,3.37,20230228_112602_025480_1.txt
34964013,34968060,MAL,35.99,17.47,11.75,20230228_112602_025480_1.txt
34967012,34967511,FEM,5.75,2.37,1.61,20230228_112602_025480_1.txt
34969226,34970993,MAL,11.28,4.61,3.5,20230228_112602_025480_1.txt
34974511,34977012,MAL,21.63,10.39,7.08,20230228_112602_025480_1.txt
34991492,34991649,FEM,6.92,3.12,1.94,20230228_112602_025480_1.txt
34992010,34992170,FEM,7.21,3.31,2.04,20230228_112602_025480_1.txt
34994499,34995014,FEM,7.48,3.28,2.18,20230228_112602_025480_1.txt
34995491,34997492,MAL,15.94,7.36,5.1,20230228_112602_025480_1.txt
34999398,35000993,FEM,14.61,6.89,4.64,20230228_112602_025480_1.txt
35000574,35000836,MAL,6.15,2.7,1.7,20230228_112602_025480_1.txt
35001013,35005677,MAL,32.78,14.89,10.84,20230228_112602_025480_1.txt
35015460,35016493,MAL,4.53,1.13,1.29,20230228_112602_025480_1.txt
35019575,35020010,MAL,10.19,4.9,3.08,20230228_112602_025480_1.txt
35026511,35030576,FEM,28.35,13.14,9.47,20230228_112602_025480_1.txt
35029992,35031663,MAL,17.87,8.45,5.58,20230228_112602_025480_1.txt
35030684,35033011,FEM,19.46,9.33,6.38,20230228_112602_025480_1.txt
35032510,35033988,MAL,14.79,6.88,4.68,20230228_112602_025480_1.txt
35034736,35034839,FEM,9.99,4.85,2.95,20230228_112602_025480_1.txt
35034944,35035511,FEM,9.41,4.34,2.84,20230228_112602_025480_1.txt
35037492,35039492,FEM,19.32,9.18,6.27,20230228_112602_025480_1.txt
35040365,35040510,FEM,11.68,5.79,3.52,20230228_112602_025480_1.txt
35044692,35044825,FEM,10.61,5.18,3.16,20230228_112602_025480_1.txt
35045706,35046256,MAL,6.93,3.04,2.01,20230228_112602_025480_1.txt
35050752,35051771,MAL,10.58,4.95,3.3,20230228_112602_025480_1.txt
35055978,35057011,FEM,11.72,5.38,3.58,20230228_112602_025480_1.txt
35079313,35080597,FEM,9.06,3.77,2.74,20230228_112602_025480_1.txt
35080049,35080414,MAL,4.22,1.59,1.08,20230228_112602_025480_1.txt
35081758,35085364,MAL,28.88,13.99,9.68,20230228_112602_025480_1.txt
35088269,35088993,FEM,10.98,5.15,3.33,20230228_112602_025480_1.txt
35088331,35088827,MAL,9.47,4.47,2.84,20230228_112602_025480_1.txt
35093544,35095512,MAL,18.53,8.73,6.01,20230228_112602_025480_1.txt
35096078,35099011,FEM,19.57,8.54,6.52,20230228_112602_025480_1.txt
35098491,35102990,MAL,32.34,15.08,10.98,20230228_112602_025480_1.txt
35106845,35109351,MAL,20.22,9.87,6.71,20230228_112602_025480_1.txt
35111510,35112290,MAL,8.2,3.65,2.42,20230228_112602_025480_1.txt
35115385,35117493,FEM,16.96,7.8,5.56,20230228_112602_025480_1.txt
35122493,35123099,FEM,9.65,4.41,2.92,20230228_112602_025480_1.txt
35123492,35126330,FEM,25.72,12.39,8.5,20230228_112602_025480_1.txt
35140492,35143324,FEM,25.11,12.15,8.34,20230228_112602_025480_1.txt
35142776,35142889,MAL,10.53,5.17,3.13,20230228_112602_025480_1.txt
35144992,35148551,MAL,24.35,10.94,8.21,20230228_112602_025480_1.txt
35147993,35149012,FEM,10.71,4.82,3.29,20230228_112602_025480_1.txt
35148992,35149314,MAL,8.91,4.2,2.63,20230228_112602_025480_1.txt
35161536,35166477,MAL,38.6,18.99,13.14,20230228_112602_025480_1.txt
35168855,35169376,FEM,9.24,4.27,2.77,20230228_112602_025480_1.txt
35174993,35175653,MAL,11.85,5.6,3.67,20230228_112602_025480_1.txt
35175155,35175871,FEM,11.51,5.35,3.56,20230228_112602_025480_1.txt
35183594,35184237,FEM,10.95,5.15,3.36,20230228_112602_025480_1.txt
35191927,35195496,FEM,32.42,15.62,10.59,20230228_112602_025480_1.txt
35193511,35193854,MAL,7.11,3.22,2.03,20230228_112602_025480_1.txt
35194149,35198489,MAL,36.4,17.77,12.25,20230228_112602_025480_1.txt
35200108,35202492,MAL,22.64,11.04,7.45,20230228_112602_025480_1.txt
35205492,35217011,MAL,87.86,43.41,30.34,20230228_112602_025480_1.txt
35216470,35217423,FEM,14.03,6.77,4.34,20230228_112602_025480_1.txt
35217977,35219249,FEM,12.54,5.76,3.95,20230228_112602_025480_1.txt
35218511,35224367,MAL,44.41,21.97,15.34,20230228_112602_025480_1.txt
35225550,35226066,MAL,8.57,3.96,2.55,20230228_112602_025480_1.txt
35227011,35233785,MAL,55.47,27.98,19.02,20230228_112602_025480_1.txt
35237511,35242435,FEM,38.85,19.0,13.22,20230228_112602_025480_1.txt
35238162,35238991,MAL,10.38,4.76,3.15,20230228_112602_025480_1.txt
35239506,35240394,MAL,12.31,5.79,3.8,20230228_112602_025480_1.txt
35240736,35242366,MAL,16.51,7.86,5.33,20230228_112602_025480_1.txt
35245122,35246035,FEM,13.85,6.69,4.32,20230228_112602_025480_1.txt
35247493,35248490,MAL,13.18,6.25,4.11,20230228_112602_025480_1.txt
35250010,35250167,MAL,9.39,4.53,2.76,20230228_112602_025480_1.txt
35250491,35252511,MAL,19.16,9.0,6.23,20230228_112602_025480_1.txt
35253087,35262485,MAL,74.16,37.78,25.84,20230228_112602_025480_1.txt
35259607,35260491,FEM,11.73,5.48,3.56,20230228_112602_025480_1.txt
35264607,35266011,FEM,13.63,6.24,4.28,20230228_112602_025480_1.txt
35264735,35265010,MAL,7.62,3.49,2.19,20230228_112602_025480_1.txt
35265918,35266444,MAL,8.78,4.05,2.62,20230228_112602_025480_1.txt
35267010,35269172,MAL,19.7,9.15,6.38,20230228_112602_025480_1.txt
35276207,35278527,FEM,19.07,8.71,6.19,20230228_112602_025480_1.txt
35279510,35285037,MAL,42.82,21.35,14.75,20230228_112602_025480_1.txt
35282584,35282992,FEM,8.94,4.16,2.65,20230228_112602_025480_1.txt
35285011,35286800,FEM,16.01,7.52,5.19,20230228_112602_025480_1.txt
35290801,35292492,FEM,16.23,7.63,5.14,20230228_112602_025480_1.txt
35291511,35293610,MAL,22.08,10.47,6.95,20230228_112602_025480_1.txt
35300991,35301114,MAL,9.79,4.73,2.89,20230228_112602_025480_1.txt
35301396,35301826,MAL,10.2,4.86,3.08,20230228_112602_025480_1.txt
35301511,35301656,FEM,11.94,5.93,3.61,20230228_112602_025480_1.txt
35301820,35303359,FEM,16.14,7.68,5.14,20230228_112602_025480_1.txt
35304491,35306243,MAL,18.96,9.38,6.06,20230228_112602_025480_1.txt
35304635,35304740,FEM,10.6,5.21,3.16,20230228_112602_025480_1.txt
35306321,35306512,FEM,9.37,4.47,2.76,20230228_112602_025480_1.txt
35306699,35307458,FEM,10.83,5.13,3.34,20230228_112602_025480_1.txt
35307144,35308389,MAL,15.99,7.94,5.09,20230228_112602_025480_1.txt
35309137,35310661,FEM,15.74,7.45,5.0,20230228_112602_025480_1.txt
35310511,35312551,MAL,19.59,9.54,6.43,20230228_112602_025480_1.txt
35312011,35315492,FEM,31.18,15.22,10.37,20230228_112602_025480_1.txt
35314797,35317484,MAL,25.17,12.36,8.23,20230228_112602_025480_1.txt
35318098,35318673,FEM,7.88,3.45,2.33,20230228_112602_025480_1.txt
35325074,35325511,FEM,12.52,6.2,3.85,20230228_112602_025480_1.txt
35334225,35334939,MAL,13.26,6.52,4.15,20230228_112602_025480_1.txt
35336112,35339490,MAL,28.87,14.07,9.59,20230228_112602_025480_1.txt
35338764,35338992,FEM,8.1,3.79,2.34,20230228_112602_025480_1.txt
35340011,35343356,FEM,25.91,12.45,8.65,20230228_112602_025480_1.txt
35345511,35347519,MAL,17.99,8.59,5.89,20230228_112602_025480_1.txt
35351512,35354011,MAL,23.88,11.76,7.83,20230228_112602_025480_1.txt
35354613,35355573,FEM,15.98,7.95,5.04,20230228_112602_025480_1.txt
35366868,35368000,FEM,15.65,7.6,4.91,20230228_112602_025480_1.txt
35371011,35371355,FEM,8.39,3.88,2.46,20230228_112602_025480_1.txt
35371468,35372686,FEM,12.58,6.05,3.95,20230228_112602_025480_1.txt
35380513,35382491,MAL,18.78,8.98,6.14,20230228_112602_025480_1.txt
35383360,35383476,MAL,10.92,5.39,3.26,20230228_112602_025480_1.txt
35385992,35386886,FEM,12.85,6.19,3.99,20230228_112602_025480_1.txt
35402314,35403549,FEM,13.9,6.5,4.34,20230228_112602_025480_1.txt
35406499,35408870,MAL,23.89,11.86,7.86,20230228_112602_025480_1.txt
35430492,35431106,MAL,8.92,4.07,2.68,20230228_112602_025480_1.txt
35439992,35442473,FEM,22.44,10.98,7.4,20230228_112602_025480_1.txt
35442323,35444437,MAL,19.64,9.49,6.45,20230228_112602_025480_1.txt
35451791,35451897,FEM,5.9,2.53,1.59,20230228_112602_025480_1.txt
35455804,35456493,FEM,11.13,5.18,3.38,20230228_112602_025480_1.txt
35455865,35457822,MAL,17.59,8.28,5.69,20230228_112602_025480_1.txt
35461220,35462735,FEM,15.84,7.35,5.04,20230228_112602_025480_1.txt
35462510,35465220,MAL,21.97,10.52,7.33,20230228_112602_025480_1.txt
35464508,35465294,FEM,11.93,5.58,3.66,20230228_112602_025480_1.txt
35465511,35468992,FEM,27.13,12.85,9.13,20230228_112602_025480_1.txt
35473305,35477991,MAL,46.94,23.27,15.24,20230228_112602_025480_1.txt
35477511,35479992,FEM,19.8,9.43,6.62,20230228_112602_025480_1.txt
35481512,35487511,MAL,50.71,25.32,17.14,20230228_112602_025480_1.txt
35499615,35501491,FEM,18.95,9.04,6.13,20230228_112602_025480_1.txt
35502602,35502867,FEM,4.92,2.02,1.29,20230228_112602_025480_1.txt
35505165,35507992,FEM,23.73,11.23,7.72,20230228_112602_025480_1.txt
35517099,35519315,FEM,26.3,13.0,8.37,20230228_112602_025480_1.txt
35523779,35524689,MAL,12.09,5.72,3.74,20230228_112602_025480_1.txt
35531511,35535099,MAL,35.33,17.54,11.56,20230228_112602_025480_1.txt
35537886,35540318,MAL,21.97,10.43,7.12,20230228_112602_025480_1.txt
35538016,35538257,FEM,6.44,2.82,1.79,20230228_112602_025480_1.txt
35545665,35548819,MAL,27.93,13.99,9.39,20230228_112602_025480_1.txt
35549992,35551653,MAL,18.09,8.7,5.76,20230228_112602_025480_1.txt
35550314,35551510,FEM,14.48,6.88,4.53,20230228_112602_025480_1.txt
35554511,35556514,FEM,18.43,8.71,5.93,20230228_112602_025480_1.txt
35556484,35557270,MAL,13.58,6.53,4.16,20230228_112602_025480_1.txt
35556732,35556992,FEM,10.79,5.25,3.24,20230228_112602_025480_1.txt
35559501,35560436,MAL,12.08,5.77,3.74,20230228_112602_025480_1.txt
35559608,35560237,FEM,9.13,4.28,2.76,20230228_112602_025480_1.txt
35561668,35561948,FEM,6.28,2.69,1.75,20230228_112602_025480_1.txt
35562498,35566951,MAL,39.66,20.3,13.52,20230228_112602_025480_1.txt
35567129,35570015,MAL,28.88,14.61,9.61,20230228_112602_025480_1.txt
35569511,35570635,FEM,17.37,8.62,5.48,20230228_112602_025480_1.txt
35573194,35577980,FEM,41.3,20.57,13.86,20230228_112602_025480_1.txt
35577034,35577159,MAL,10.43,5.08,3.1,20230228_112602_025480_1.txt
35578084,35578256,MAL,11.29,5.58,3.4,20230228_112602_025480_1.txt
35578492,35580347,MAL,19.72,9.72,6.38,20230228_112602_025480_1.txt
35578811,35579992,FEM,14.7,7.13,4.6,20230228_112602_025480_1.txt
35584849,35585720,MAL,12.24,5.86,3.78,20230228_112602_025480_1.txt
35584928,35585510,FEM,10.52,4.98,3.16,20230228_112602_025480_1.txt
35586010,35587461,MAL,18.01,8.95,5.75,20230228_112602_025480_1.txt
35586771,35587578,FEM,14.45,7.1,4.45,20230228_112602_025480_1.txt
35593511,35597237,MAL,32.75,16.19,10.93,20230228_112602_025480_1.txt
35593702,35594492,FEM,10.36,4.79,3.14,20230228_112602_025480_1.txt
35600992,35601684,FEM,8.69,3.94,2.57,20230228_112602_025480_1.txt
35601140,35602701,MAL,13.8,6.46,4.42,20230228_112602_025480_1.txt
35611687,35612910,FEM,9.31,3.81,2.86,20230228_112602_025480_1.txt
35614510,35615931,FEM,13.4,6.14,4.2,20230228_112602_025480_1.txt
35616512,35621114,MAL,37.04,18.51,12.67,20230228_112602_025480_1.txt
35621495,35622433,MAL,12.29,5.86,3.81,20230228_112602_025480_1.txt
35623604,35625990,MAL,22.09,10.7,7.21,20230228_112602_025480_1.txt
35625992,35626368,FEM,11.26,5.5,3.42,20230228_112602_025480_1.txt
35636012,35641491,FEM,45.15,21.61,14.99,20230228_112602_025480_1.txt
35646991,35648781,MAL,16.67,8.08,5.46,20230228_112602_025480_1.txt
35654914,35656011,FEM,14.61,7.09,4.61,20230228_112602_025480_1.txt
35654982,35655714,MAL,11.98,5.72,3.67,20230228_112602_025480_1.txt
35672012,35674629,MAL,24.76,12.15,8.14,20230228_112602_025480_1.txt
35672334,35673011,FEM,10.88,5.07,3.24,20230228_112602_025480_1.txt
35673254,35673510,FEM,10.57,5.16,3.17,20230228_112602_025480_1.txt
35679692,35681493,FEM,20.35,9.79,6.38,20230228_112602_025480_1.txt
35687512,35689269,FEM,16.62,8.01,5.39,20230228_112602_025480_1.txt
35694520,35694643,MAL,9.67,4.68,2.85,20230228_112602_025480_1.txt
35702897,35706770,FEM,32.75,15.69,10.8,20230228_112602_025480_1.txt
35706253,35706488,MAL,7.23,3.28,2.06,20230228_112602_025480_1.txt
35707610,35708386,MAL,10.8,4.92,3.23,20230228_112602_025480_1.txt
35708347,35708512,FEM,8.66,4.08,2.52,20230228_112602_025480_1.txt
35709788,35710674,FEM,8.31,3.71,2.53,20230228_112602_025480_1.txt
35715506,35715783,MAL,5.07,2.06,1.34,20230228_112602_025480_1.txt
35716064,35716584,MAL,7.56,3.44,2.21,20230228_112602_025480_1.txt
35728277,35729011,FEM,10.46,4.82,3.16,20230228_112602_025480_1.txt
35729593,35732985,MAL,31.03,15.27,10.31,20230228_112602_025480_1.txt
35731117,35731330,FEM,10.99,5.4,3.3,20230228_112602_025480_1.txt
35734510,35735386,FEM,9.92,4.49,3.01,20230228_112602_025480_1.txt
35735227,35738011,MAL,24.31,11.44,7.91,20230228_112602_025480_1.txt
35735492,35736093,FEM,11.09,5.26,3.35,20230228_112602_025480_1.txt
35736992,35737476,FEM,9.0,4.11,2.69,20230228_112602_025480_1.txt
35740837,35740960,MAL,7.11,3.24,2.0,20230228_112602_025480_1.txt
35779840,35782493,FEM,20.27,9.26,6.65,20230228_112602_025480_1.txt
35781197,35781315,MAL,10.47,5.13,3.11,20230228_112602_025480_1.txt
35782513,35783232,MAL,12.83,6.07,3.9,20230228_112602_025480_1.txt
35795250,35797150,FEM,15.57,7.5,5.06,20230228_112602_025480_1.txt
35797471,35797992,FEM,7.01,3.13,2.03,20230228_112602_025480_1.txt
35811492,35812893,FEM,14.73,6.93,4.65,20230228_112602_025480_1.txt
35814445,35815510,MAL,13.69,6.54,4.24,20230228_112602_025480_1.txt
35814493,35815511,FEM,13.31,6.34,4.11,20230228_112602_025480_1.txt
35829111,35831642,MAL,23.02,11.15,7.6,20230228_112602_025480_1.txt
35831511,35833150,FEM,17.33,8.2,5.55,20230228_112602_025480_1.txt
35831815,35831991,MAL,10.02,4.81,2.97,20230228_112602_025480_1.txt
35834223,35836540,FEM,16.11,7.45,5.31,20230228_112602_025480_1.txt
35837011,35838965,MAL,18.96,9.08,6.15,20230228_112602_025480_1.txt
35840659,35842465,MAL,16.9,8.14,5.49,20230228_112602_025480_1.txt
35842011,35845676,FEM,31.94,15.8,10.71,20230228_112602_025480_1.txt
35844513,35845453,MAL,13.16,6.32,4.1,20230228_112602_025480_1.txt
35879993,35881014,FEM,10.81,4.81,3.28,20230228_112602_025480_1.txt
35880204,35880351,MAL,9.23,4.38,2.71,20230228_112602_025480_1.txt
35880607,35883245,MAL,22.52,10.72,7.4,20230228_112602_025480_1.txt
35883820,35884014,MAL,4.0,1.52,0.97,20230228_112602_025480_1.txt
35888366,35890045,FEM,15.24,6.94,4.86,20230228_112602_025480_1.txt
35889991,35891511,MAL,14.4,6.57,4.55,20230228_112602_025480_1.txt
35896400,35897510,MAL,15.64,7.44,4.85,20230228_112602_025480_1.txt
35902664,35904846,FEM,14.83,6.44,4.81,20230228_112602_025480_1.txt
35911011,35914150,FEM,24.23,10.86,7.84,20230228_112602_025480_1.txt
35912511,35914300,MAL,15.5,6.88,4.91,20230228_112602_025480_1.txt
35914698,35916492,FEM,16.39,7.58,5.27,20230228_112602_025480_1.txt
35915076,35919511,MAL,32.72,15.69,11.15,20230228_112602_025480_1.txt
35916807,35917011,FEM,9.3,4.45,2.74,20230228_112602_025480_1.txt
35928993,35931902,FEM,19.72,8.33,6.4,20230228_112602_025480_1.txt
35931013,35934493,MAL,26.8,12.67,8.96,20230228_112602_025480_1.txt
35940512,35943902,FEM,31.31,15.22,10.24,20230228_112602_025480_1.txt
35950400,35952518,FEM,19.03,9.37,6.25,20230228_112602_025480_1.txt
35960993,35962154,FEM,12.68,5.86,3.97,20230228_112602_025480_1.txt
35969992,35973011,FEM,25.55,12.48,8.52,20230228_112602_025480_1.txt
35974992,35975429,FEM,10.85,5.25,3.29,20230228_112602_025480_1.txt
35975013,35975280,MAL,10.02,4.83,2.99,20230228_112602_025480_1.txt
35978744,35978857,MAL,8.55,4.06,2.47,20230228_112602_025480_1.txt
35990492,35991010,FEM,9.99,4.8,3.02,20230228_112602_025480_1.txt
36000492,36002011,FEM,15.54,7.39,4.99,20230228_112602_025480_1.txt
36013992,36015369,FEM,13.47,6.18,4.22,20230228_112602_025480_1.txt
36035769,36036510,FEM,11.75,5.56,3.59,20230228_112602_025480_1.txt
36052012,36053516,FEM,10.89,4.58,3.43,20230228_112602_025480_1.txt
36058480,36059487,FEM,12.98,6.09,3.99,20230228_112602_025480_1.txt
36061511,36062777,FEM,12.97,5.95,4.04,20230228_112602_025480_1.txt
36061809,36062616,MAL,10.24,4.61,3.05,20230228_112602_025480_1.txt
36063993,36066992,FEM,21.05,9.79,7.07,20230228_112602_025480_1.txt
36067484,36070397,FEM,18.58,8.02,6.13,20230228_112602_025480_1.txt
36073090,36075512,FEM,15.89,6.85,5.2,20230228_112602_025480_1.txt
36076382,36076767,MAL,9.08,4.24,2.7,20230228_112602_025480_1.txt
36078510,36080054,FEM,14.35,6.71,4.54,20230228_112602_025480_1.txt
36116314,36116474,FEM,9.3,4.46,2.73,20230228_112602_025480_1.txt
36129512,36132889,FEM,34.34,16.67,10.98,20230228_112602_025480_1.txt
36135227,36137127,FEM,17.37,8.17,5.61,20230228_112602_025480_1.txt
36141491,36145492,FEM,31.76,15.66,10.81,20230228_112602_025480_1.txt
36151115,36152511,FEM,12.2,5.67,3.91,20230228_112602_025480_1.txt
36160511,36162229,FEM,18.75,9.16,6.04,20230228_112602_025480_1.txt
36262991,36267330,FEM,34.4,16.87,11.69,20230228_112602_025480_1.txt
36269461,36270492,FEM,15.79,7.78,4.94,20230228_112602_025480_1.txt
36287011,36287379,FEM,9.08,4.29,2.69,20230228_112602_025480_1.txt
36287492,36288030,FEM,11.47,5.52,3.52,20230228_112602_025480_1.txt
36309224,36311514,FEM,23.75,11.89,7.8,20230228_112602_025480_1.txt
36319556,36321492,FEM,23.18,11.5,7.39,20230228_112602_025480_1.txt
36321011,36321944,MAL,16.93,8.39,5.25,20230228_112602_025480_1.txt
36321612,36322012,FEM,12.39,6.14,3.8,20230228_112602_025480_1.txt
36375991,36378840,FEM,25.32,12.33,8.37,20230228_112602_025480_1.txt
36379560,36381701,FEM,15.95,7.37,5.23,20230228_112602_025480_1.txt
36384491,36386666,FEM,18.35,8.71,5.98,20230228_112602_025480_1.txt
36387694,36390991,FEM,29.73,14.39,9.7,20230228_112602_025480_1.txt
36396628,36398493,FEM,15.89,7.6,5.16,20230228_112602_025480_1.txt
36399993,36402011,FEM,17.0,8.15,5.51,20230228_112602_025480_1.txt
36419909,36422148,FEM,19.91,9.74,6.57,20230228_112602_025480_1.txt
36427492,36429492,FEM,17.98,8.7,5.88,20230228_112602_025480_1.txt
36434453,36444011,FEM,65.18,31.75,22.82,20230228_112602_025480_1.txt
36436011,36436517,MAL,7.33,3.2,2.14,20230228_112602_025480_1.txt
36447011,36450322,FEM,24.68,12.02,8.34,20230228_112602_025480_1.txt
36454619,36454779,FEM,7.69,3.54,2.19,20230228_112602_025480_1.txt
36456335,36458510,FEM,17.39,8.19,5.72,20230228_112602_025480_1.txt
36461143,36461529,FEM,6.68,2.96,1.9,20230228_112602_025480_1.txt
36534491,36536013,FEM,15.46,7.34,4.96,20230228_112602_025480_1.txt
36539166,36543012,FEM,29.89,14.43,10.11,20230228_112602_025480_1.txt
36550011,36552492,FEM,20.78,10.04,6.9,20230228_112602_025480_1.txt
36558047,36559510,FEM,15.02,7.05,4.65,20230228_112602_025480_1.txt
36563182,36564245,FEM,11.86,5.51,3.68,20230228_112602_025480_1.txt
36566812,36567330,FEM,8.26,3.78,2.45,20230228_112602_025480_1.txt
36570099,36570344,FEM,6.99,3.13,1.98,20230228_112602_025480_1.txt
36590344,36590511,FEM,9.64,4.65,2.85,20230228_112602_025480_1.txt
36613495,36615399,FEM,19.34,9.51,6.26,20230228_112602_025480_1.txt
36625696,36626012,FEM,7.68,3.54,2.22,20230228_112602_025480_1.txt
36652011,36653992,FEM,17.42,8.37,5.69,20230228_112602_025480_1.txt
36655136,36660362,FEM,43.74,22.14,14.85,20230228_112602_025480_1.txt
36661359,36662719,MAL,12.44,5.62,3.93,20230228_112602_025480_1.txt
36661493,36661992,FEM,7.42,3.28,2.16,20230228_112602_025480_1.txt
36668175,36668992,FEM,6.53,2.82,1.92,20230228_112602_025480_1.txt
36689011,36691011,FEM,16.04,7.59,5.23,20230228_112602_025480_1.txt
36715526,36715992,FEM,6.15,2.63,1.74,20230228_112602_025480_1.txt
36796012,36797511,FEM,16.1,7.84,5.22,20230228_112602_025480_1.txt
36808644,36809950,FEM,17.43,8.47,5.42,20230228_112602_025480_1.txt
36827533,36830481,FEM,26.75,13.44,8.96,20230228_112602_025480_1.txt
36847492,36848120,FEM,6.06,2.52,1.73,20230228_112602_025480_1.txt
36881013,36881411,FEM,9.97,4.7,2.99,20230228_112602_025480_1.txt
36918511,36918762,FEM,11.59,5.74,3.51,20230228_112602_025480_1.txt
36923992,36924512,FEM,11.12,5.29,3.35,20230228_112602_025480_1.txt
36937011,36938918,FEM,20.95,10.39,6.75,20230228_112602_025480_1.txt
36940676,36941920,FEM,15.58,7.65,4.9,20230228_112602_025480_1.txt
36950275,36952511,FEM,22.73,11.04,7.24,20230228_112602_025480_1.txt
36961512,36963993,FEM,25.0,12.23,8.04,20230228_112602_025480_1.txt
36977511,36985051,FEM,60.41,30.79,20.9,20230228_112602_025480_1.txt
36990533,36990666,FEM,8.74,4.18,2.54,20230228_112602_025480_1.txt
36990923,36992103,FEM,10.06,4.61,3.16,20230228_112602_025480_1.txt
36993370,36994337,FEM,10.41,4.7,3.13,20230228_112602_025480_1.txt
36997518,36999011,FEM,13.35,6.26,4.25,20230228_112602_025480_1.txt
37013019,37014992,FEM,20.19,9.66,6.46,20230228_112602_025480_1.txt
37016492,37026819,FEM,81.52,41.63,28.4,20230228_112602_025480_1.txt
37029260,37029992,FEM,8.98,4.08,2.67,20230228_112602_025480_1.txt
37035257,37035492,FEM,5.12,2.1,1.35,20230228_112602_025480_1.txt
37037939,37040084,FEM,18.26,8.84,5.95,20230228_112602_025480_1.txt
37057984,37061492,FEM,32.16,15.69,10.49,20230228_112602_025480_1.txt
37065011,37068669,FEM,32.99,15.96,10.74,20230228_112602_025480_1.txt
37073261,37074992,FEM,15.86,7.65,5.13,20230228_112602_025480_1.txt
37086992,37091010,FEM,34.01,17.15,11.51,20230228_112602_025480_1.txt
37096313,37096492,FEM,7.2,3.31,2.04,20230228_112602_025480_1.txt
37108992,37110011,FEM,11.6,5.55,3.59,20230228_112602_025480_1.txt
37112511,37117493,FEM,44.84,23.37,15.28,20230228_112602_025480_1.txt
37115253,37115376,MAL,8.54,4.06,2.47,20230228_112602_025480_1.txt
37118010,37120430,FEM,21.88,10.95,7.2,20230228_112602_025480_1.txt
37132714,37134511,FEM,14.09,6.13,4.29,20230228_112602_025480_1.txt
37137012,37145993,FEM,66.81,32.47,22.95,20230228_112602_025480_1.txt
37147356,37149099,MAL,11.81,4.87,3.83,20230228_112602_025480_1.txt
37149130,37151496,FEM,15.9,6.8,5.2,20230228_112602_025480_1.txt
37151833,37153070,FEM,10.84,4.79,3.38,20230228_112602_025480_1.txt
37157128,37159371,FEM,14.47,6.37,4.7,20230228_112602_025480_1.txt
37161582,37163015,FEM,12.34,5.49,3.91,20230228_112602_025480_1.txt
37169202,37169344,FEM,7.4,3.4,2.1,20230228_112602_025480_1.txt
37170993,37171621,FEM,7.16,3.05,2.1,20230228_112602_025480_1.txt
37203732,37205992,FEM,17.62,8.08,5.75,20230228_112602_025480_1.txt
37204265,37204380,MAL,6.72,3.03,1.87,20230228_112602_025480_1.txt
37212510,37214672,FEM,22.8,11.21,7.3,20230228_112602_025480_1.txt
37214090,37214374,MAL,8.88,4.21,2.61,20230228_112602_025480_1.txt
37219024,37219993,FEM,14.32,6.9,4.38,20230228_112602_025480_1.txt
37219109,37219215,MAL,9.42,4.56,2.76,20230228_112602_025480_1.txt
37227492,37229615,FEM,20.22,9.42,6.44,20230228_112602_025480_1.txt
37235820,37236492,MAL,11.33,5.32,3.44,20230228_112602_025480_1.txt
37246684,37251492,FEM,48.39,24.85,16.07,20230228_112602_025480_1.txt
37247683,37248010,MAL,8.27,3.89,2.42,20230228_112602_025480_1.txt
37250511,37251598,MAL,14.35,6.99,4.47,20230228_112602_025480_1.txt
37257992,37259808,FEM,16.72,8.0,5.38,20230228_112602_025480_1.txt
37264406,37266011,FEM,18.25,9.09,5.91,20230228_112602_025480_1.txt
37270366,37274011,FEM,41.68,21.23,13.53,20230228_112602_025480_1.txt
37273218,37273336,MAL,10.32,5.06,3.06,20230228_112602_025480_1.txt
37279563,37281011,FEM,17.08,8.48,5.44,20230228_112602_025480_1.txt
37282992,37285992,FEM,24.48,11.51,7.9,20230228_112602_025480_1.txt
37299358,37300511,FEM,14.49,6.84,4.52,20230228_112602_025480_1.txt
37312512,37314127,FEM,18.45,8.82,5.71,20230228_112602_025480_1.txt
37313150,37313260,MAL,6.34,2.84,1.74,20230228_112602_025480_1.txt
37315515,37316371,FEM,13.08,6.19,4.0,20230228_112602_025480_1.txt
37323808,37326493,FEM,32.68,16.46,10.42,20230228_112602_025480_1.txt
37333040,37333415,MAL,11.12,5.46,3.38,20230228_112602_025480_1.txt
37334010,37334346,MAL,9.72,4.69,2.9,20230228_112602_025480_1.txt
37334491,37336325,MAL,21.85,10.93,7.04,20230228_112602_025480_1.txt
37336511,37339263,FEM,31.05,15.43,9.89,20230228_112602_025480_1.txt
37349492,37350511,FEM,15.75,7.73,4.87,20230228_112602_025480_1.txt
37350408,37354510,MAL,38.77,20.03,13.11,20230228_112602_025480_1.txt
37357021,37357851,FEM,15.38,7.69,4.82,20230228_112602_025480_1.txt
37390376,37391576,FEM,18.68,9.34,5.87,20230228_112602_025480_1.txt
37393010,37394510,FEM,21.53,10.8,6.82,20230228_112602_025480_1.txt
37434012,37435492,FEM,18.75,9.31,5.95,20230228_112602_025480_1.txt
37447512,37450492,FEM,32.76,16.62,10.65,20230228_112602_025480_1.txt
37449010,37449170,MAL,8.32,3.94,2.4,20230228_112602_025480_1.txt
37449348,37449989,MAL,11.89,5.77,3.62,20230228_112602_025480_1.txt
37467492,37467981,MAL,11.22,5.42,3.37,20230228_112602_025480_1.txt
37472993,37477764,MAL,49.59,25.4,16.41,20230228_112602_025480_1.txt
37477114,37480570,FEM,32.53,16.66,10.98,20230228_112602_025480_1.txt
37480492,37482510,MAL,21.69,10.68,7.02,20230228_112602_025480_1.txt
37489993,37490460,MAL,6.17,2.57,1.74,20230228_112602_025480_1.txt
37501993,37504047,FEM,22.49,11.33,7.34,20230228_112602_025480_1.txt
37511947,37513640,FEM,20.13,10.08,6.49,20230228_112602_025480_1.txt
37514011,37516502,MAL,24.2,12.3,8.04,20230228_112602_025480_1.txt
37521455,37523990,MAL,25.64,13.07,8.52,20230228_112602_025480_1.txt
37524011,37525396,FEM,15.88,7.84,5.08,20230228_112602_025480_1.txt
37527693,37529536,MAL,20.02,9.99,6.48,20230228_112602_025480_1.txt
37530511,37532968,MAL,24.68,12.56,8.19,20230228_112602_025480_1.txt
37548212,37550011,FEM,16.31,8.09,5.35,20230228_112602_025480_1.txt
37555029,37559795,MAL,43.58,22.66,14.88,20230228_112602_025480_1.txt
37559511,37561629,FEM,22.51,11.4,7.41,20230228_112602_025480_1.txt
37576011,37579153,MAL,29.16,14.94,9.8,20230228_112602_025480_1.txt
37579300,37579469,MAL,6.59,2.97,1.83,20230228_112602_025480_1.txt
37580492,37585011,FEM,34.06,16.68,11.66,20230228_112602_025480_1.txt
37588997,37590492,FEM,9.35,3.89,2.97,20230228_112602_025480_1.txt
37591992,37592436,FEM,9.47,4.45,2.84,20230228_112602_025480_1.txt
37593511,37595990,MAL,22.13,10.72,7.35,20230228_112602_025480_1.txt
37599682,37599972,FEM,9.39,4.49,2.78,20230228_112602_025480_1.txt
37603194,37603334,MAL,5.5,2.37,1.46,20230228_112602_025480_1.txt
37631966,37633993,FEM,19.56,9.64,6.41,20230228_112602_025480_1.txt
37635511,37637011,MAL,15.43,7.42,4.95,20230228_112602_025480_1.txt
37641011,37647609,MAL,48.6,23.77,16.8,20230228_112602_025480_1.txt
37650511,37651917,FEM,13.85,6.5,4.41,20230228_112602_025480_1.txt
37651422,37651987,MAL,10.3,4.89,3.13,20230228_112602_025480_1.txt
37654710,37654858,MAL,10.94,5.34,3.28,20230228_112602_025480_1.txt
37654976,37657011,MAL,19.31,9.27,6.33,20230228_112602_025480_1.txt
37658993,37664511,FEM,36.29,16.89,12.52,20230228_112602_025480_1.txt
37663660,37664710,MAL,11.32,5.12,3.5,20230228_112602_025480_1.txt
37664924,37665029,MAL,11.18,5.5,3.35,20230228_112602_025480_1.txt
37667012,37668492,FEM,11.96,5.24,3.79,20230228_112602_025480_1.txt
37683628,37687011,FEM,27.12,12.89,9.05,20230228_112602_025480_1.txt
37695898,37697574,MAL,16.7,8.01,5.4,20230228_112602_025480_1.txt
37695993,37696162,FEM,10.48,5.12,3.13,20230228_112602_025480_1.txt
37696784,37696906,FEM,11.33,5.61,3.4,20230228_112602_025480_1.txt
37699511,37700550,MAL,12.84,6.2,4.06,20230228_112602_025480_1.txt
37702884,37703991,FEM,14.33,6.91,4.52,20230228_112602_025480_1.txt
37702984,37703497,MAL,10.29,4.88,3.12,20230228_112602_025480_1.txt
37708492,37716801,MAL,65.05,32.44,22.47,20230228_112602_025480_1.txt
37740992,37743012,FEM,18.72,8.97,6.13,20230228_112602_025480_1.txt
37743511,37748489,MAL,39.23,19.43,13.46,20230228_112602_025480_1.txt
37748511,37751493,FEM,25.25,12.23,8.47,20230228_112602_025480_1.txt
37757991,37760671,FEM,19.93,9.19,6.65,20230228_112602_025480_1.txt
37760658,37760930,MAL,9.7,4.66,2.88,20230228_112602_025480_1.txt
37762011,37764492,FEM,22.92,11.11,7.55,20230228_112602_025480_1.txt
37763992,37773005,MAL,78.67,38.83,26.28,20230228_112602_025480_1.txt
37774011,37776011,FEM,19.09,9.02,6.15,20230228_112602_025480_1.txt
37775511,37777246,MAL,18.23,8.77,5.87,20230228_112602_025480_1.txt
37798512,37798865,FEM,9.68,4.55,2.89,20230228_112602_025480_1.txt
37798993,37800610,FEM,15.2,7.14,4.89,20230228_112602_025480_1.txt
37801839,37803010,FEM,13.86,6.51,4.32,20230228_112602_025480_1.txt
37801914,37806079,MAL,34.18,16.86,11.59,20230228_112602_025480_1.txt
37817606,37818511,MAL,12.54,5.98,3.88,20230228_112602_025480_1.txt
37818441,37820010,FEM,15.67,7.38,5.04,20230228_112602_025480_1.txt
37821511,37826012,MAL,35.32,17.58,12.08,20230228_112602_025480_1.txt
37832992,37834988,FEM,19.28,9.36,6.32,20230228_112602_025480_1.txt
37834499,37835974,MAL,14.83,6.93,4.74,20230228_112602_025480_1.txt
37835257,37836664,FEM,14.72,6.97,4.7,20230228_112602_025480_1.txt
37836107,37836220,MAL,10.39,5.08,3.09,20230228_112602_025480_1.txt
37843222,37845450,MAL,20.8,10.05,6.86,20230228_112602_025480_1.txt
37845520,37848495,FEM,25.48,12.53,8.54,20230228_112602_025480_1.txt
37847513,37851511,MAL,33.5,16.75,11.39,20230228_112602_025480_1.txt
37851992,37854068,FEM,19.77,9.46,6.44,20230228_112602_025480_1.txt
37852221,37852346,MAL,10.82,5.32,3.23,20230228_112602_025480_1.txt
37853180,37853521,MAL,9.57,4.52,2.85,20230228_112602_025480_1.txt
37854376,37855510,MAL,13.92,6.65,4.38,20230228_112602_025480_1.txt
37857584,37858990,MAL,15.29,7.1,4.83,20230228_112602_025480_1.txt
37858769,37860492,FEM,17.5,8.33,5.62,20230228_112602_025480_1.txt
37859252,37860011,MAL,11.8,5.58,3.61,20230228_112602_025480_1.txt
37860215,37860345,MAL,10.05,4.9,2.98,20230228_112602_025480_1.txt
37860510,37862847,MAL,20.1,9.68,6.7,20230228_112602_025480_1.txt
37864403,37865510,FEM,14.0,6.71,4.4,20230228_112602_025480_1.txt
37868597,37870511,MAL,19.09,9.15,6.18,20230228_112602_025480_1.txt
37871506,37874992,MAL,27.8,13.7,9.4,20230228_112602_025480_1.txt
37878968,37879130,FEM,12.27,6.08,3.72,20230228_112602_025480_1.txt
37879993,37880511,FEM,10.95,5.22,3.34,20230228_112602_025480_1.txt
37880978,37881396,FEM,11.14,5.37,3.39,20230228_112602_025480_1.txt
37881957,37883035,MAL,13.04,6.15,4.08,20230228_112602_025480_1.txt
37883511,37886334,FEM,23.43,11.29,7.83,20230228_112602_025480_1.txt
37887323,37888012,MAL,7.11,3.03,2.09,20230228_112602_025480_1.txt
37893164,37893799,FEM,11.39,5.39,3.46,20230228_112602_025480_1.txt
37903135,37904510,FEM,13.44,6.21,4.26,20230228_112602_025480_1.txt
37937511,37939492,FEM,22.22,10.72,7.13,20230228_112602_025480_1.txt
37945511,37948491,FEM,28.64,14.08,9.49,20230228_112602_025480_1.txt
37948682,37948792,FEM,12.75,6.4,3.87,20230228_112602_025480_1.txt
37956030,37956415,MAL,12.47,6.1,3.77,20230228_112602_025480_1.txt
37971259,37974955,MAL,33.36,16.37,10.92,20230228_112602_025480_1.txt
37973975,37974512,FEM,6.5,2.84,1.86,20230228_112602_025480_1.txt
37975510,37978492,MAL,23.59,11.47,7.92,20230228_112602_025480_1.txt
38006439,38008040,MAL,18.82,9.32,5.94,20230228_112602_025480_1.txt
38006992,38007492,FEM,9.56,4.45,2.77,20230228_112602_025480_1.txt
38009491,38012810,MAL,33.29,17.03,11.05,20230228_112602_025480_1.txt
38015011,38017458,MAL,23.36,11.83,7.7,20230228_112602_025480_1.txt
38018371,38022011,MAL,34.72,18.01,11.74,20230228_112602_025480_1.txt
38023012,38024848,MAL,18.7,9.34,6.09,20230228_112602_025480_1.txt
38025769,38027929,MAL,20.58,10.21,6.67,20230228_112602_025480_1.txt
38029314,38029491,FEM,7.56,3.51,2.15,20230228_112602_025480_1.txt
38029608,38033491,MAL,37.09,18.57,12.25,20230228_112602_025480_1.txt
38038337,38043286,MAL,49.74,25.85,16.64,20230228_112602_025480_1.txt
38042965,38044011,FEM,9.67,4.49,3.01,20230228_112602_025480_1.txt
38043508,38045492,MAL,21.88,10.94,7.02,20230228_112602_025480_1.txt
38055992,38057205,MAL,17.23,8.63,5.45,20230228_112602_025480_1.txt
38068469,38069601,FEM,14.27,6.98,4.45,20230228_112602_025480_1.txt
38091139,38091510,FEM,6.95,3.15,1.99,20230228_112602_025480_1.txt
38108411,38110011,MAL,16.38,8.13,5.28,20230228_112602_025480_1.txt
38111489,38112010,FEM,9.06,4.23,2.66,20230228_112602_025480_1.txt
38165305,38167992,MAL,27.72,14.21,9.19,20230228_112602_025480_1.txt
38169552,38170249,FEM,11.52,5.51,3.46,20230228_112602_025480_1.txt
38194013,38196092,MAL,26.4,13.37,8.44,20230228_112602_025480_1.txt
38197583,38197937,FEM,9.52,4.59,2.84,20230228_112602_025480_1.txt
38283992,38285170,FEM,18.35,9.11,5.71,20230228_112602_025480_1.txt
38284245,38291489,MAL,74.08,38.73,24.88,20230228_112602_025480_1.txt
38292024,38292991,FEM,13.91,6.86,4.35,20230228_112602_025480_1.txt
38292683,38292794,MAL,9.97,4.86,2.95,20230228_112602_025480_1.txt
38292993,38294512,MAL,19.32,9.65,6.14,20230228_112602_025480_1.txt
38340010,38342992,MAL,30.19,15.57,10.06,20230228_112602_025480_1.txt
38347000,38347852,FEM,13.93,6.83,4.29,20230228_112602_025480_1.txt
38457511,38458942,MAL,19.0,9.57,6.07,20230228_112602_025480_1.txt
38598512,38600923,MAL,25.31,12.97,8.34,20230228_112602_025480_1.txt
38604011,38607011,MAL,29.12,14.99,9.76,20230228_112602_025480_1.txt
38679771,38681901,FEM,22.79,11.63,7.51,20230228_112602_025480_1.txt
38681513,38684549,MAL,31.72,16.47,10.63,20230228_112602_025480_1.txt
38755010,38759382,MAL,44.76,22.74,14.78,20230228_112602_025480_1.txt
38763492,38764012,FEM,12.91,6.37,3.94,20230228_112602_025480_1.txt
38766011,38769988,MAL,41.68,21.31,13.69,20230228_112602_025480_1.txt
38769140,38769315,FEM,10.76,5.29,3.22,20230228_112602_025480_1.txt
38769443,38772926,FEM,32.62,16.72,10.96,20230228_112602_025480_1.txt
38805510,38807491,MAL,19.9,10.13,6.57,20230228_112602_025480_1.txt
38849566,38850992,FEM,18.78,9.45,6.0,20230228_112602_025480_1.txt
38850492,38852564,MAL,21.47,11.0,7.11,20230228_112602_025480_1.txt
38883000,38885173,MAL,24.1,12.37,7.95,20230228_112602_025480_1.txt
38883945,38884510,FEM,12.47,6.14,3.8,20230228_112602_025480_1.txt
38887096,38890991,MAL,41.76,21.49,13.76,20230228_112602_025480_1.txt
38918377,38920929,FEM,30.74,15.71,9.96,20230228_112602_025480_1.txt
38921013,38924992,MAL,41.43,21.34,13.71,20230228_112602_025480_1.txt
38941511,38948492,MAL,73.2,37.96,24.33,20230228_112602_025480_1.txt
38953511,38962510,MAL,102.72,53.12,33.61,20230228_112602_025480_1.txt
39046011,39050373,MAL,48.18,24.67,15.66,20230228_112602_025480_1.txt
39052510,39058015,MAL,56.56,29.34,18.85,20230228_112602_025480_1.txt
39064258,39067849,MAL,38.83,19.93,12.73,20230228_112602_025480_1.txt
39069609,39071621,FEM,25.34,12.83,8.13,20230228_112602_025480_1.txt
39088513,39092546,MAL,42.96,22.26,14.23,20230228_112602_025480_1.txt
39094993,39097011,MAL,22.6,11.37,7.27,20230228_112602_025480_1.txt
39098504,39101511,MAL,30.55,15.55,10.03,20230228_112602_025480_1.txt
39106989,39114011,MAL,73.21,37.76,24.23,20230228_112602_025480_1.txt
39116491,39118529,MAL,22.08,11.0,7.1,20230228_112602_025480_1.txt
39118741,39118979,FEM,7.63,3.53,2.19,20230228_112602_025480_1.txt
39121687,39121992,FEM,7.59,3.51,2.19,20230228_112602_025480_1.txt
39124492,39127341,MAL,32.08,15.92,10.2,20230228_112602_025480_1.txt
39142511,39144934,FEM,23.22,11.55,7.64,20230228_112602_025480_1.txt
39146363,39147492,FEM,13.69,6.39,4.2,20230228_112602_025480_1.txt
39150808,39150923,MAL,8.58,4.09,2.49,20230228_112602_025480_1.txt
39151154,39152830,FEM,20.77,10.11,6.49,20230228_112602_025480_1.txt
39151939,39152219,MAL,8.07,3.77,2.34,20230228_112602_025480_1.txt
39154011,39155704,FEM,14.29,6.49,4.49,20230228_112602_025480_1.txt
39156708,39157461,FEM,11.89,5.69,3.59,20230228_112602_025480_1.txt
39159305,39160010,MAL,10.73,5.06,3.3,20230228_112602_025480_1.txt
39159511,39164143,FEM,38.28,18.78,12.93,20230228_112602_025480_1.txt
39165000,39165511,FEM,11.13,5.37,3.4,20230228_112602_025480_1.txt
39168554,39168854,MAL,12.38,6.13,3.78,20230228_112602_025480_1.txt
39170193,39172996,MAL,25.34,12.56,8.47,20230228_112602_025480_1.txt
39176431,39177091,FEM,10.35,4.73,3.16,20230228_112602_025480_1.txt
39182984,39184511,FEM,15.78,7.67,5.12,20230228_112602_025480_1.txt
39188494,39189765,FEM,9.19,3.98,2.83,20230228_112602_025480_1.txt
39205362,39205511,FEM,7.96,3.7,2.28,20230228_112602_025480_1.txt
39207950,39208053,MAL,10.7,5.26,3.19,20230228_112602_025480_1.txt
39209540,39211511,FEM,19.86,9.66,6.35,20230228_112602_025480_1.txt
39214511,39215971,FEM,11.41,5.16,3.66,20230228_112602_025480_1.txt
39219010,39222338,FEM,32.35,15.67,10.42,20230228_112602_025480_1.txt
39260351,39262680,FEM,22.2,10.98,7.34,20230228_112602_025480_1.txt
39263689,39264138,MAL,9.91,4.7,2.98,20230228_112602_025480_1.txt
39269868,39273010,MAL,32.81,16.52,10.75,20230228_112602_025480_1.txt
39276078,39278727,FEM,22.61,10.71,7.43,20230228_112602_025480_1.txt
39280283,39281194,FEM,13.19,6.41,4.16,20230228_112602_025480_1.txt
39283716,39284295,MAL,9.99,4.69,2.98,20230228_112602_025480_1.txt
39285255,39285456,MAL,9.43,4.54,2.78,20230228_112602_025480_1.txt
39286158,39286342,MAL,9.18,4.4,2.7,20230228_112602_025480_1.txt
39286443,39287057,MAL,9.47,4.44,2.87,20230228_112602_025480_1.txt
39289523,39291011,FEM,17.85,8.68,5.7,20230228_112602_025480_1.txt
39289777,39289973,MAL,10.9,5.36,3.27,20230228_112602_025480_1.txt
39290159,39290991,MAL,13.96,6.66,4.29,20230228_112602_025480_1.txt
39291328,39292627,MAL,11.76,5.45,3.69,20230228_112602_025480_1.txt
39297970,39299880,FEM,18.35,9.06,5.99,20230228_112602_025480_1.txt
39303036,39307493,MAL,43.95,22.03,14.53,20230228_112602_025480_1.txt
39308510,39313991,MAL,46.84,23.42,15.87,20230228_112602_025480_1.txt
39316735,39318026,FEM,16.57,8.14,5.29,20230228_112602_025480_1.txt
39317312,39317990,MAL,11.87,5.67,3.62,20230228_112602_025480_1.txt
39319577,39320390,MAL,11.77,5.59,3.61,20230228_112602_025480_1.txt
39321001,39321511,FEM,10.92,5.25,3.33,20230228_112602_025480_1.txt
39326561,39327511,FEM,10.49,4.89,3.21,20230228_112602_025480_1.txt
39327103,39328510,MAL,16.2,7.95,5.19,20230228_112602_025480_1.txt
39327635,39327755,FEM,10.9,5.37,3.26,20230228_112602_025480_1.txt
39333244,39336378,MAL,31.64,15.78,10.41,20230228_112602_025480_1.txt
39337012,39339511,MAL,28.29,14.27,9.19,20230228_112602_025480_1.txt
39338394,39342512,FEM,31.42,15.29,10.71,20230228_112602_025480_1.txt
39339744,39339990,MAL,9.41,4.48,2.78,20230228_112602_025480_1.txt
39344506,39346502,FEM,19.23,9.24,6.24,20230228_112602_025480_1.txt
39352694,39353791,MAL,12.66,5.89,3.91,20230228_112602_025480_1.txt
39353011,39354992,FEM,21.81,10.45,6.89,20230228_112602_025480_1.txt
39354010,39354353,MAL,9.46,4.46,2.82,20230228_112602_025480_1.txt
39354491,39358511,MAL,41.49,20.79,13.58,20230228_112602_025480_1.txt
39359240,39359412,FEM,6.82,3.07,1.91,20230228_112602_025480_1.txt
39364421,39366483,MAL,19.71,9.45,6.41,20230228_112602_025480_1.txt
39366982,39372053,MAL,36.79,18.05,12.72,20230228_112602_025480_1.txt
39372510,39375040,MAL,20.0,9.44,6.54,20230228_112602_025480_1.txt
39379993,39381714,MAL,13.18,6.1,4.18,20230228_112602_025480_1.txt
39385013,39386052,MAL,12.18,5.85,3.79,20230228_112602_025480_1.txt
39386993,39387492,FEM,8.71,4.05,2.59,20230228_112602_025480_1.txt
39393511,39398990,MAL,51.8,26.78,17.52,20230228_112602_025480_1.txt
39400724,39402511,FEM,22.02,10.84,6.98,20230228_112602_025480_1.txt
39401736,39402305,MAL,12.26,5.92,3.73,20230228_112602_025480_1.txt
39403117,39409955,MAL,66.32,34.24,22.33,20230228_112602_025480_1.txt
39406586,39408343,FEM,20.13,10.0,6.45,20230228_112602_025480_1.txt
39411689,39413512,FEM,18.6,8.95,5.95,20230228_112602_025480_1.txt
39412492,39413437,MAL,11.18,5.14,3.44,20230228_112602_025480_1.txt
39414830,39417358,FEM,27.44,13.52,8.81,20230228_112602_025480_1.txt
39416789,39418293,MAL,16.72,8.14,5.33,20230228_112602_025480_1.txt
39422278,39422511,FEM,10.68,5.22,3.2,20230228_112602_025480_1.txt
39425375,39427847,FEM,26.38,13.1,8.5,20230228_112602_025480_1.txt
39426990,39428834,MAL,20.52,10.26,6.65,20230228_112602_025480_1.txt
39428277,39429991,FEM,19.0,9.45,6.17,20230228_112602_025480_1.txt
39429006,39431159,MAL,21.75,10.83,7.16,20230228_112602_025480_1.txt
39430722,39432011,FEM,17.09,8.32,5.36,20230228_112602_025480_1.txt
39448014,39450010,MAL,19.29,9.47,6.21,20230228_112602_025480_1.txt
39449368,39450301,FEM,8.16,3.51,2.38,20230228_112602_025480_1.txt
39455513,39457992,MAL,22.52,11.37,7.53,20230228_112602_025480_1.txt
39458510,39459696,MAL,13.62,6.57,4.24,20230228_112602_025480_1.txt
39459523,39460438,FEM,9.66,4.34,2.87,20230228_112602_025480_1.txt
39461511,39466408,MAL,47.43,24.13,15.71,20230228_112602_025480_1.txt
39493828,39498988,MAL,60.82,31.09,19.63,20230228_112602_025480_1.txt
39497770,39498275,FEM,10.03,4.78,2.98,20230228_112602_025480_1.txt
39525011,39527541,MAL,24.79,12.59,8.24,20230228_112602_025480_1.txt
39527715,39527921,MAL,11.53,5.7,3.48,20230228_112602_025480_1.txt
39533258,39535766,FEM,29.84,15.17,9.65,20230228_112602_025480_1.txt
39538031,39539614,FEM,15.78,7.78,5.08,20230228_112602_025480_1.txt
39562417,39563011,MAL,9.05,4.27,2.72,20230228_112602_025480_1.txt
39581647,39581929,FEM,10.32,5.04,3.09,20230228_112602_025480_1.txt
39582673,39582808,FEM,11.53,5.73,3.47,20230228_112602_025480_1.txt
39583991,39584906,MAL,15.73,7.76,4.84,20230228_112602_025480_1.txt
39585011,39585512,FEM,12.49,6.15,3.8,20230228_112602_025480_1.txt
39586011,39589484,MAL,34.98,18.16,11.74,20230228_112602_025480_1.txt
39594012,39599493,MAL,59.58,30.03,19.28,20230228_112602_025480_1.txt
39607491,39610117,FEM,25.98,13.2,8.65,20230228_112602_025480_1.txt
39609493,39610732,MAL,15.56,7.69,4.95,20230228_112602_025480_1.txt
39616121,39617992,FEM,24.72,12.37,7.84,20230228_112602_025480_1.txt
39617011,39618400,MAL,18.4,9.24,5.92,20230228_112602_025480_1.txt
39624171,39627490,MAL,36.8,18.61,11.9,20230228_112602_025480_1.txt
39628015,39630511,MAL,26.92,13.39,8.63,20230228_112602_025480_1.txt
39630718,39630985,MAL,10.21,4.96,3.05,20230228_112602_025480_1.txt
39639993,39648009,MAL,77.71,41.08,26.58,20230228_112602_025480_1.txt
39650712,39655557,MAL,46.39,23.97,15.56,20230228_112602_025480_1.txt
39656804,39661011,FEM,44.88,22.99,14.79,20230228_112602_025480_1.txt
39660486,39663991,MAL,34.93,18.08,11.73,20230228_112602_025480_1.txt
39668967,39676991,MAL,84.81,42.99,27.74,20230228_112602_025480_1.txt
39686011,39689492,MAL,34.09,17.51,11.39,20230228_112602_025480_1.txt
39689949,39691010,FEM,16.12,7.88,4.95,20230228_112602_025480_1.txt
39690015,39694188,MAL,43.36,22.13,14.28,20230228_112602_025480_1.txt
39698993,39702012,MAL,30.33,15.2,9.96,20230228_112602_025480_1.txt
39721512,39722553,MAL,11.98,5.79,3.72,20230228_112602_025480_1.txt
39724493,39727512,MAL,32.71,16.81,10.75,20230228_112602_025480_1.txt
39771493,39772553,MAL,12.78,5.85,3.94,20230228_112602_025480_1.txt
39772492,39773096,FEM,9.62,4.45,2.91,20230228_112602_025480_1.txt
39774011,39777482,MAL,28.75,14.38,9.72,20230228_112602_025480_1.txt
39784993,39786492,FEM,14.47,6.83,4.58,20230228_112602_025480_1.txt
39801659,39804011,FEM,21.46,10.54,7.1,20230228_112602_025480_1.txt
39808010,39808413,FEM,7.22,3.23,2.08,20230228_112602_025480_1.txt
39815493,39816421,MAL,11.65,5.59,3.64,20230228_112602_025480_1.txt
39826492,39827992,FEM,16.22,7.94,5.21,20230228_112602_025480_1.txt
39842808,39845199,FEM,24.32,12.21,8.06,20230228_112602_025480_1.txt
39846376,39848558,FEM,23.16,11.67,7.64,20230228_112602_025480_1.txt
39848718,39851224,MAL,26.66,13.69,8.86,20230228_112602_025480_1.txt
39854732,39855512,FEM,11.83,5.59,3.63,20230228_112602_025480_1.txt
39866315,39866739,FEM,6.11,2.56,1.71,20230228_112602_025480_1.txt
39868492,39869992,FEM,16.62,7.76,5.13,20230228_112602_025480_1.txt
39876479,39876736,MAL,3.95,1.45,0.97,20230228_112602_025480_1.txt
39883992,39886165,FEM,16.9,8.05,5.55,20230228_112602_025480_1.txt
39888145,39891012,FEM,31.2,15.44,10.01,20230228_112602_025480_1.txt
39895549,39898043,MAL,25.6,13.0,8.5,20230228_112602_025480_1.txt
39900975,39902993,FEM,21.79,10.71,7.05,20230228_112602_025480_1.txt
39905958,39906555,MAL,11.08,5.33,3.4,20230228_112602_025480_1.txt
39905992,39908493,FEM,26.79,13.07,8.58,20230228_112602_025480_1.txt
39907148,39907345,MAL,11.45,5.6,3.45,20230228_112602_025480_1.txt
39907492,39907936,MAL,11.01,5.33,3.3,20230228_112602_025480_1.txt
39910085,39913674,FEM,36.41,18.32,12.03,20230228_112602_025480_1.txt
39912013,39914011,MAL,24.97,12.5,8.0,20230228_112602_025480_1.txt
39923255,39926239,MAL,33.44,16.47,10.62,20230228_112602_025480_1.txt
39923515,39923959,FEM,9.85,4.67,2.91,20230228_112602_025480_1.txt
39924336,39930516,FEM,61.25,30.27,20.0,20230228_112602_025480_1.txt
39936831,39940489,MAL,36.87,18.71,12.3,20230228_112602_025480_1.txt
39942096,39944646,MAL,26.45,13.0,8.58,20230228_112602_025480_1.txt
39945211,39946013,MAL,12.16,5.8,3.74,20230228_112602_025480_1.txt
39947511,39952462,FEM,55.29,27.62,17.81,20230228_112602_025480_1.txt
39952103,39954012,MAL,21.28,10.54,6.91,20230228_112602_025480_1.txt
39953220,39955993,FEM,30.13,14.91,9.69,20230228_112602_025480_1.txt
39959980,39962437,FEM,26.65,12.98,8.48,20230228_112602_025480_1.txt
39959992,39964992,MAL,49.48,24.65,16.25,20230228_112602_025480_1.txt
39964980,39967511,FEM,26.55,12.9,8.51,20230228_112602_025480_1.txt
39969992,39973510,FEM,35.34,17.44,11.45,20230228_112602_025480_1.txt
39971492,39971927,MAL,8.06,3.67,2.31,20230228_112602_025480_1.txt
39974749,39975279,MAL,11.63,5.7,3.57,20230228_112602_025480_1.txt
39976482,39981011,FEM,45.18,22.33,14.69,20230228_112602_025480_1.txt
39986033,39989560,MAL,33.51,16.7,11.05,20230228_112602_025480_1.txt
39988362,39988725,FEM,8.93,4.22,2.64,20230228_112602_025480_1.txt
39990491,39993510,FEM,25.28,12.22,8.33,20230228_112602_025480_1.txt
39994012,39996012,MAL,22.18,11.08,7.28,20230228_112602_025480_1.txt
39999012,40001992,FEM,27.21,12.68,8.7,20230228_112602_025480_1.txt
40006011,40007653,FEM,9.83,3.84,3.11,20230228_112602_025480_1.txt
40013455,40015927,MAL,16.44,7.33,5.4,20230228_112602_025480_1.txt
40014876,40017925,FEM,21.39,9.33,6.88,20230228_112602_025480_1.txt
40019493,40021491,MAL,11.25,4.52,3.64,20230228_112602_025480_1.txt
40023511,40023629,FEM,5.33,2.25,1.4,20230228_112602_025480_1.txt
40023789,40024623,FEM,5.05,1.71,1.43,20230228_112602_025480_1.txt
40034010,40034511,FEM,4.2,1.45,1.09,20230228_112602_025480_1.txt
40037011,40043511,MAL,56.81,27.24,18.52,20230228_112602_025480_1.txt
40047991,40049010,FEM,5.81,2.02,1.66,20230228_112602_025480_1.txt
40051992,40054010,FEM,11.09,4.49,3.59,20230228_112602_025480_1.txt
40052991,40055988,MAL,17.79,7.68,5.99,20230228_112602_025480_1.txt
40057856,40058570,MAL,9.28,4.08,2.77,20230228_112602_025480_1.txt
40059193,40059993,FEM,4.37,1.43,1.2,20230228_112602_025480_1.txt
40060263,40060452,FEM,8.14,3.76,2.35,20230228_112602_025480_1.txt
40063012,40064511,FEM,8.78,3.43,2.73,20230228_112602_025480_1.txt
40066068,40067594,MAL,13.5,6.16,4.26,20230228_112602_025480_1.txt
40067011,40068018,FEM,10.1,4.49,3.09,20230228_112602_025480_1.txt
40069522,40071309,MAL,12.93,5.79,4.16,20230228_112602_025480_1.txt
40071481,40074491,FEM,16.09,6.59,5.37,20230228_112602_025480_1.txt
40075511,40081485,MAL,47.31,23.14,15.9,20230228_112602_025480_1.txt
40082600,40084242,FEM,10.55,4.49,3.35,20230228_112602_025480_1.txt
40084271,40089992,MAL,45.94,21.81,15.14,20230228_112602_025480_1.txt
40090012,40090719,FEM,5.33,1.97,1.5,20230228_112602_025480_1.txt
40092378,40092491,FEM,11.03,5.43,3.3,20230228_112602_025480_1.txt
40093846,40101011,MAL,60.95,29.78,20.17,20230228_112602_025480_1.txt
40100088,40101136,FEM,9.22,4.08,2.8,20230228_112602_025480_1.txt
40101991,40103619,FEM,11.36,4.56,3.56,20230228_112602_025480_1.txt
40103011,40106113,MAL,23.39,10.89,7.76,20230228_112602_025480_1.txt
40105388,40107011,FEM,13.45,6.04,4.26,20230228_112602_025480_1.txt
40106570,40110065,MAL,26.02,12.31,8.71,20230228_112602_025480_1.txt
40113584,40117111,MAL,26.8,12.75,8.97,20230228_112602_025480_1.txt
40122106,40122229,MAL,10.48,5.13,3.12,20230228_112602_025480_1.txt
40123904,40124250,MAL,9.44,4.42,2.81,20230228_112602_025480_1.txt
40125478,40125853,MAL,9.5,4.54,2.83,20230228_112602_025480_1.txt
40125512,40127512,FEM,14.95,6.85,4.82,20230228_112602_025480_1.txt
40126511,40129012,MAL,20.51,9.65,6.7,20230228_112602_025480_1.txt
40130238,40131851,MAL,13.7,6.21,4.44,20230228_112602_025480_1.txt
40132010,40141490,FEM,61.79,29.57,21.73,20230228_112602_025480_1.txt
40142512,40145485,MAL,25.58,12.53,8.58,20230228_112602_025480_1.txt
40151246,40151430,FEM,11.46,5.63,3.46,20230228_112602_025480_1.txt
40165511,40167058,FEM,12.7,5.57,4.1,20230228_112602_025480_1.txt
40169027,40171452,FEM,18.37,8.69,6.08,20230228_112602_025480_1.txt
40176440,40176570,MAL,6.86,3.11,1.91,20230228_112602_025480_1.txt
40176511,40176773,FEM,7.15,3.25,2.03,20230228_112602_025480_1.txt
40195492,40196970,FEM,16.76,8.17,5.33,20230228_112602_025480_1.txt
40195580,40195838,MAL,8.87,4.22,2.61,20230228_112602_025480_1.txt
40196010,40196542,MAL,10.79,5.12,3.24,20230228_112602_025480_1.txt
40196667,40196977,MAL,11.36,5.59,3.44,20230228_112602_025480_1.txt
40200206,40200437,MAL,7.57,3.45,2.17,20230228_112602_025480_1.txt
40201512,40202011,FEM,8.11,3.74,2.39,20230228_112602_025480_1.txt
40207396,40207789,MAL,7.92,3.57,2.31,20230228_112602_025480_1.txt
40207415,40208007,FEM,8.76,3.87,2.57,20230228_112602_025480_1.txt
40208763,40208959,MAL,7.87,3.65,2.26,20230228_112602_025480_1.txt
40208867,40208997,FEM,8.31,3.91,2.4,20230228_112602_025480_1.txt
40214224,40214492,FEM,10.58,5.08,3.18,20230228_112602_025480_1.txt
40236492,40237493,FEM,9.6,4.02,2.97,20230228_112602_025480_1.txt
40237216,40239472,MAL,15.37,6.5,5.05,20230228_112602_025480_1.txt
40240992,40242620,MAL,14.52,6.9,4.67,20230228_112602_025480_1.txt
40249013,40253623,MAL,31.97,14.85,10.87,20230228_112602_025480_1.txt
40259614,40260318,MAL,10.3,4.85,3.16,20230228_112602_025480_1.txt
40267992,40268491,FEM,10.64,5.01,3.18,20230228_112602_025480_1.txt
40271551,40274231,MAL,21.6,10.25,7.2,20230228_112602_025480_1.txt
40287088,40287260,MAL,6.77,3.01,1.89,20230228_112602_025480_1.txt
40289567,40292512,MAL,23.58,11.18,7.85,20230228_112602_025480_1.txt
40291511,40292817,FEM,13.01,5.95,4.06,20230228_112602_025480_1.txt
40303173,40304491,FEM,17.31,8.39,5.49,20230228_112602_025480_1.txt
40305992,40308493,MAL,28.25,14.17,9.28,20230228_112602_025480_1.txt
40312011,40312723,FEM,13.04,6.2,3.97,20230228_112602_025480_1.txt
40314255,40315510,MAL,14.45,7.03,4.63,20230228_112602_025480_1.txt
40325011,40327875,MAL,20.71,9.72,6.94,20230228_112602_025480_1.txt
40342064,40345481,MAL,25.16,12.24,8.57,20230228_112602_025480_1.txt
40346512,40351391,MAL,37.44,18.22,12.8,20230228_112602_025480_1.txt
40350317,40350493,FEM,7.95,3.72,2.29,20230228_112602_025480_1.txt
40354492,40356510,MAL,15.37,7.33,5.07,20230228_112602_025480_1.txt
40356775,40356989,MAL,6.34,2.82,1.75,20230228_112602_025480_1.txt
40357285,40357511,MAL,6.1,2.65,1.68,20230228_112602_025480_1.txt
40357729,40358185,MAL,5.74,2.43,1.6,20230228_112602_025480_1.txt
40359511,40362213,MAL,22.36,10.74,7.4,20230228_112602_025480_1.txt
40363932,40365582,FEM,12.65,5.58,4.0,20230228_112602_025480_1.txt
40366492,40367871,MAL,19.88,10.0,6.3,20230228_112602_025480_1.txt
40369062,40370193,FEM,13.38,6.47,4.2,20230228_112602_025480_1.txt
40371306,40372511,MAL,17.18,8.58,5.43,20230228_112602_025480_1.txt
40372687,40372886,MAL,11.78,5.86,3.56,20230228_112602_025480_1.txt
40380488,40383011,FEM,29.05,14.41,9.34,20230228_112602_025480_1.txt
40446920,40448493,FEM,18.7,9.28,6.0,20230228_112602_025480_1.txt
40458992,40462893,FEM,30.3,14.58,10.09,20230228_112602_025480_1.txt
40461301,40462808,MAL,11.56,5.04,3.61,20230228_112602_025480_1.txt
