segment_onset,segment_offset,speaker_type,lena_speaker,words,lena_block_number,lena_block_type,lena_conv_status,lena_response_count,lena_conv_turn_type,lena_conv_floor_type,utterances_count,utterances_length,average_db,peak_db,utterances,non_speech_length,child_cry_vfx_len,cries,vfxs
0,980,NA,SIL,0.0,1,pause,NA,NA,NA,NA,0.0,0,-27.76,-10.79,[],0,0,[],[]
980,3880,NA,NOF,0.0,1,pause,NA,NA,NA,NA,0.0,0,-21.73,-5.35,[],0,0,[],[]
3880,4680,NA,SIL,0.0,1,pause,NA,NA,NA,NA,0.0,0,-51.19,-46.12,[],0,0,[],[]
4680,5750,NA,NON,0.0,1,pause,NA,NA,NA,NA,0.0,0,-16.77,-4.88,[],0,0,[],[]
5750,6900,NA,OLF,0.0,1,pause,NA,NA,NA,NA,0.0,0,-14.68,-5.0,[],0,0,[],[]
6900,7700,NA,SIL,0.0,1,pause,NA,NA,NA,NA,0.0,0,-38.53,-25.83,[],0,0,[],[]
7700,9910,NA,NOF,0.0,1,pause,NA,NA,NA,NA,0.0,0,-32.97,-19.2,[],0,0,[],[]
9910,10710,OCH,CXN,0.0,1,XM,BC,0,NT,FI,0.0,0,-39.32,-25.8,[],0,0,[],[]
10710,11760,NA,OLN,0.0,1,XM,NA,NA,NA,NA,0.0,0,-41.16,-35.86,[],0,0,[],[]
11760,12640,OCH,CXN,0.0,1,XM,RC,0,NT,FH,0.0,0,-27.5,-18.76,[],0,0,[],[]
12640,13730,NA,OLN,0.0,1,XM,NA,NA,NA,NA,0.0,0,-29.21,-15.58,[],0,0,[],[]
13730,14530,NA,TVF,0.0,1,XM,NA,NA,NA,NA,0.0,0,-38.87,-31.09,[],0,0,[],[]
14530,15530,NA,MAF,0.0,1,XM,NA,NA,NA,NA,0.0,0,-38.83,-32.44,[],0,0,[],[]
15530,16330,NA,OLN,0.0,1,XM,NA,NA,NA,NA,0.0,0,-28.84,-16.23,[],0,0,[],[]
16330,18840,OCH,CXN,0.0,1,XM,EC,0,NT,FH,0.0,0,-33.01,-23.11,[],0,0,[],[]
18840,21070,NA,SIL,0.0,2,pause,NA,NA,NA,NA,0.0,0,-51.31,-39.18,[],0,0,[],[]
21070,22110,NA,NOF,0.0,2,pause,NA,NA,NA,NA,0.0,0,-50.52,-38.99,[],0,0,[],[]
22110,22990,NA,SIL,0.0,2,pause,NA,NA,NA,NA,0.0,0,-51.98,-42.39,[],0,0,[],[]
22990,23790,NA,CHF,0.0,2,pause,NA,NA,NA,NA,0.0,0,-46.3,-39.75,[],0,800,[],"[{'start': 22.99, 'end': 23.79}]"
23790,24590,NA,SIL,0.0,2,pause,NA,NA,NA,NA,0.0,0,-52.52,-42.03,[],0,0,[],[]
24590,25590,NA,NOF,0.0,2,pause,NA,NA,NA,NA,0.0,0,-34.48,-16.64,[],0,0,[],[]
25590,26930,NA,SIL,0.0,2,pause,NA,NA,NA,NA,0.0,0,-51.67,-45.75,[],0,0,[],[]
26930,28560,OCH,CXN,0.0,2,XM,BC,0,NT,FI,0.0,0,-29.29,-14.1,[],0,0,[],[]
28560,29990,NA,TVN,0.0,2,XM,NA,NA,NA,NA,0.0,0,-39.92,-33.58,[],0,0,[],[]
29990,30790,OCH,CXN,0.0,2,XM,RC,0,NT,FH,0.0,0,-37.67,-31.35,[],0,0,[],[]
30790,31650,NA,CHF,0.0,2,XM,NA,NA,NA,NA,0.0,0,-34.03,-16.7,[],0,90,[],"[{'start': 31.22, 'end': 31.31}]"
31650,32250,OCH,CXN,0.0,2,XM,RC,0,NT,FH,0.0,0,-28.33,-22.11,[],0,0,[],[]
32250,33050,NA,OLN,0.0,2,XM,NA,NA,NA,NA,0.0,0,-32.27,-23.14,[],0,0,[],[]
33050,33860,NA,CXF,0.0,2,XM,NA,NA,NA,NA,0.0,0,-50.45,-41.71,[],0,0,[],[]
33860,35190,NA,OLF,0.0,2,XM,NA,NA,NA,NA,0.0,0,-32.86,-18.17,[],0,0,[],[]
35190,38160,OCH,CXN,0.0,2,XM,EC,0,NT,FH,0.0,0,-34.83,-25.73,[],0,0,[],[]
38160,39510,NA,TVF,0.0,3,pause,NA,NA,NA,NA,0.0,0,-41.18,-34.52,[],0,0,[],[]
39510,40610,NA,MAF,0.0,3,pause,NA,NA,NA,NA,0.0,0,-35.34,-22.84,[],0,0,[],[]
40610,41410,NA,OLF,0.0,3,pause,NA,NA,NA,NA,0.0,0,-35.88,-23.44,[],0,0,[],[]
41410,42410,NA,MAF,0.0,3,pause,NA,NA,NA,NA,0.0,0,-34.53,-20.0,[],0,0,[],[]
42410,43270,NA,NOF,0.0,3,pause,NA,NA,NA,NA,0.0,0,-38.18,-23.32,[],0,0,[],[]
43270,45990,NA,SIL,0.0,3,pause,NA,NA,NA,NA,0.0,0,-48.16,-28.79,[],0,0,[],[]
45990,46790,NA,NOF,0.0,3,pause,NA,NA,NA,NA,0.0,0,-50.72,-44.17,[],0,0,[],[]
46790,49260,NA,SIL,0.0,3,pause,NA,NA,NA,NA,0.0,0,-53.08,-45.96,[],0,0,[],[]
49260,50060,NA,NOF,0.0,3,pause,NA,NA,NA,NA,0.0,0,-51.83,-46.15,[],0,0,[],[]
50060,52530,OCH,CXN,0.0,3,XM,BC,0,NT,FI,0.0,0,-30.13,-20.17,[],0,0,[],[]
52530,53490,OCH,CXN,0.0,3,XM,EC,0,NT,FH,0.0,0,-34.57,-24.18,[],0,0,[],[]
53490,58210,NA,SIL,0.0,4,pause,NA,NA,NA,NA,0.0,0,-52.01,-31.59,[],0,0,[],[]
58210,59740,NA,NOF,0.0,4,pause,NA,NA,NA,NA,0.0,0,-50.34,-36.37,[],0,0,[],[]
59740,61460,NA,SIL,0.0,4,pause,NA,NA,NA,NA,0.0,0,-54.89,-46.69,[],0,0,[],[]
61460,64060,OCH,CXN,0.0,4,XM,BC,0,NT,FI,0.0,0,-31.57,-11.9,[],0,0,[],[]
64060,65060,NA,TVF,0.0,4,XM,NA,NA,NA,NA,0.0,0,-36.58,-30.33,[],0,0,[],[]
65060,65860,OCH,CXN,0.0,4,XM,EC,0,NT,FH,0.0,0,-31.14,-17.76,[],0,0,[],[]
65860,67620,NA,SIL,0.0,5,pause,NA,NA,NA,NA,0.0,0,-52.9,-43.94,[],0,0,[],[]
67620,68420,NA,NOF,0.0,5,pause,NA,NA,NA,NA,0.0,0,-51.0,-48.46,[],0,0,[],[]
68420,73970,NA,SIL,0.0,5,pause,NA,NA,NA,NA,0.0,0,-53.87,-45.4,[],0,0,[],[]
73970,74770,OCH,CXN,0.0,5,XM,EC,0,NT,FI,0.0,0,-31.52,-27.9,[],0,0,[],[]
74770,75600,NA,OLN,0.0,6,pause,NA,NA,NA,NA,0.0,0,-34.45,-28.32,[],0,0,[],[]
75600,79730,NA,SIL,0.0,6,pause,NA,NA,NA,NA,0.0,0,-53.49,-45.04,[],0,0,[],[]
79730,81190,NA,NOF,0.0,6,pause,NA,NA,NA,NA,0.0,0,-33.71,-15.95,[],0,0,[],[]
81190,82030,NA,SIL,0.0,6,pause,NA,NA,NA,NA,0.0,0,-49.66,-35.77,[],0,0,[],[]
82030,82840,NA,OLF,0.0,6,pause,NA,NA,NA,NA,0.0,0,-38.21,-31.2,[],0,0,[],[]
82840,87130,OCH,CXN,0.0,6,XIOCC,BC,0,NT,FI,0.0,0,-33.92,-22.11,[],0,0,[],[]
87130,88180,NA,OLF,0.0,6,XIOCC,NA,NA,NA,NA,0.0,0,-36.76,-20.11,[],0,0,[],[]
88180,89060,OCH,CXN,0.0,6,XIOCC,RC,0,NT,FH,0.0,0,-31.5,-24.42,[],0,0,[],[]
89060,91000,NA,OLN,0.0,6,XIOCC,NA,NA,NA,NA,0.0,0,-33.29,-22.67,[],0,0,[],[]
91000,92200,OCH,CXN,0.0,6,XIOCC,RC,0,NT,FH,0.0,0,-30.66,-23.94,[],0,0,[],[]
92200,93000,NA,OLN,0.0,6,XIOCC,NA,NA,NA,NA,0.0,0,-24.95,-19.35,[],0,0,[],[]
93000,94370,NA,CXF,0.0,6,XIOCC,NA,NA,NA,NA,0.0,0,-34.2,-17.29,[],0,0,[],[]
94370,95220,NA,OLF,0.0,6,XIOCC,NA,NA,NA,NA,0.0,0,-34.71,-19.15,[],0,0,[],[]
95220,96160,OCH,CXN,0.0,6,XIOCC,RC,0,NT,FH,0.0,0,-35.03,-20.27,[],0,0,[],[]
96160,97300,NA,FAF,0.0,6,XIOCC,NA,NA,NA,NA,0.0,0,-39.34,-22.81,[],0,0,[],[]
97300,101380,OCH,CXN,0.0,6,XIOCC,RC,0,NT,FH,0.0,0,-32.31,-18.74,[],0,0,[],[]
101380,102320,NA,OLN,0.0,6,XIOCC,NA,NA,NA,NA,0.0,0,-30.24,-24.64,[],0,0,[],[]
102320,103210,OCH,CXN,0.0,6,XIOCC,RC,0,NT,FH,0.0,0,-29.94,-19.93,[],0,0,[],[]
103210,104400,CHI,CHN,0.0,6,XIOCC,RC,0,NT,FI,1.0,1190,-26.94,-20.99,"[{'Canonical-syllable': '0', 'Growl': '1', 'High-freq-energy': '0', 'Long-island': '0', 'Low-tilt-spectrum': '0', 'Medium-island': '0', 'Short-island': '0', 'Squeal': '0', 'Typical-entropy': '1', 'Voicing-quality': '1', 'Wide-band': '0', 'Xlong-island': '1', 'seq': '1', 'end': 104.4, 'start': 103.21}]",0,0,[],[]
104400,106430,OCH,CXN,0.0,6,XIOCC,RC,0,NT,FI,0.0,0,-28.93,-18.86,[],0,0,[],[]
106430,107280,NA,OLN,0.0,6,XIOCC,NA,NA,NA,NA,0.0,0,-29.48,-22.67,[],0,0,[],[]
107280,108190,OCH,CXN,0.0,6,XIOCC,EC,0,NT,FH,0.0,0,-26.87,-21.65,[],0,0,[],[]
108190,108990,NA,NON,0.0,7,pause,NA,NA,NA,NA,0.0,0,-39.7,-31.56,[],0,0,[],[]
108990,113310,NA,SIL,0.0,7,pause,NA,NA,NA,NA,0.0,0,-53.91,-46.27,[],0,0,[],[]
113310,114400,NA,OLF,0.0,7,pause,NA,NA,NA,NA,0.0,0,-34.64,-21.67,[],0,0,[],[]
114400,115550,OCH,CXN,0.0,7,XM,BC,0,NT,FI,0.0,0,-30.52,-18.97,[],0,0,[],[]
115550,116350,NA,OLF,0.0,7,XM,NA,NA,NA,NA,0.0,0,-41.03,-34.16,[],0,0,[],[]
116350,118120,OCH,CXN,0.0,7,XM,EC,0,NT,FH,0.0,0,-37.88,-30.7,[],0,0,[],[]
118120,119830,NA,SIL,0.0,8,pause,NA,NA,NA,NA,0.0,0,-54.08,-49.83,[],0,0,[],[]
119830,121910,NA,NOF,0.0,8,pause,NA,NA,NA,NA,0.0,0,-45.62,-34.36,[],0,0,[],[]
121910,123710,NA,SIL,0.0,8,pause,NA,NA,NA,NA,0.0,0,-54.57,-49.53,[],0,0,[],[]
123710,124900,NA,CXF,0.0,8,pause,NA,NA,NA,NA,0.0,0,-51.01,-36.33,[],0,0,[],[]
124900,127900,NA,SIL,0.0,8,pause,NA,NA,NA,NA,0.0,0,-53.7,-47.41,[],0,0,[],[]
127900,128700,NA,FAF,0.0,8,pause,NA,NA,NA,NA,0.0,0,-52.32,-47.88,[],0,0,[],[]
128700,130000,NA,SIL,0.0,8,pause,NA,NA,NA,NA,0.0,0,-53.67,-49.22,[],0,0,[],[]
130000,132770,OCH,CXN,0.0,8,XM,EC,0,NT,FI,0.0,0,-35.61,-25.16,[],0,0,[],[]
132770,133770,NA,FAF,0.0,9,pause,NA,NA,NA,NA,0.0,0,-47.95,-42.56,[],0,0,[],[]
133770,134630,NA,SIL,0.0,9,pause,NA,NA,NA,NA,0.0,0,-53.57,-49.55,[],0,0,[],[]
134630,135430,NA,NOF,0.0,9,pause,NA,NA,NA,NA,0.0,0,-52.16,-47.84,[],0,0,[],[]
135430,138350,NA,SIL,0.0,9,pause,NA,NA,NA,NA,0.0,0,-53.65,-47.78,[],0,0,[],[]
138350,140370,NA,NON,0.0,9,pause,NA,NA,NA,NA,0.0,0,-33.08,-18.52,[],0,0,[],[]
140370,141170,NA,CXF,0.0,9,pause,NA,NA,NA,NA,0.0,0,-35.09,-31.1,[],0,0,[],[]
141170,141770,OCH,CXN,0.0,9,XIOCA,BC,0,NT,FI,0.0,0,-42.66,-35.49,[],0,0,[],[]
141770,143200,OCH,CXN,0.0,9,XIOCA,RC,0,NT,FH,0.0,0,-32.42,-22.64,[],0,0,[],[]
143200,144010,NA,OLN,0.0,9,XIOCA,NA,NA,NA,NA,0.0,0,-34.36,-26.44,[],0,0,[],[]
144010,144870,OCH,CXN,0.0,9,XIOCA,RC,0,NT,FH,0.0,0,-35.82,-30.85,[],0,0,[],[]
144870,145740,NA,OLF,0.0,9,XIOCA,NA,NA,NA,NA,0.0,0,-37.7,-30.76,[],0,0,[],[]
145740,147140,NA,NON,0.0,9,XIOCA,NA,NA,NA,NA,0.0,0,-27.47,-7.04,[],0,0,[],[]
147140,148030,NA,OLN,0.0,9,XIOCA,NA,NA,NA,NA,0.0,0,-30.42,-19.19,[],0,0,[],[]
148030,148940,NA,NOF,0.0,9,XIOCA,NA,NA,NA,NA,0.0,0,-33.0,-23.58,[],0,0,[],[]
148940,149740,NA,OLN,0.0,9,XIOCA,NA,NA,NA,NA,0.0,0,-27.45,-19.7,[],0,0,[],[]
149740,150930,MAL,MAN,3.73,9,XIOCA,RC,0,NT,FI,0.0,0,-31.79,-21.76,[],0,0,[],[]
150930,152070,OCH,CXN,0.0,9,XIOCA,RC,0,NT,FI,0.0,0,-23.95,-17.23,[],0,0,[],[]
152070,153100,NA,OLN,0.0,9,XIOCA,NA,NA,NA,NA,0.0,0,-27.82,-19.32,[],0,0,[],[]
153100,154140,OCH,CXN,0.0,9,XIOCA,RC,0,NT,FH,0.0,0,-34.48,-28.57,[],0,0,[],[]
154140,155720,NA,OLN,0.0,9,XIOCA,NA,NA,NA,NA,0.0,0,-29.51,-14.47,[],0,0,[],[]
155720,156720,NA,FAF,0.0,9,XIOCA,NA,NA,NA,NA,0.0,0,-41.16,-31.87,[],0,0,[],[]
156720,161150,OCH,CXN,0.0,9,XIOCA,EC,0,NT,FH,0.0,0,-33.03,-19.97,[],0,0,[],[]
161150,162910,NA,NOF,0.0,10,pause,NA,NA,NA,NA,0.0,0,-37.42,-21.52,[],0,0,[],[]
162910,163710,NA,OLN,0.0,10,pause,NA,NA,NA,NA,0.0,0,-28.97,-20.61,[],0,0,[],[]
163710,164510,NA,NON,0.0,10,pause,NA,NA,NA,NA,0.0,0,-31.58,-23.84,[],0,0,[],[]
164510,166580,NA,OLN,0.0,10,pause,NA,NA,NA,NA,0.0,0,-31.03,-17.04,[],0,0,[],[]
166580,167440,OCH,CXN,0.0,10,XM,EC,0,NT,FI,0.0,0,-36.46,-28.15,[],0,0,[],[]
167440,168240,NA,CXF,0.0,11,pause,NA,NA,NA,NA,0.0,0,-41.95,-35.17,[],0,0,[],[]
168240,169970,NA,SIL,0.0,11,pause,NA,NA,NA,NA,0.0,0,-52.53,-46.81,[],0,0,[],[]
169970,171090,NA,FAF,0.0,11,pause,NA,NA,NA,NA,0.0,0,-44.96,-38.85,[],0,0,[],[]
171090,171890,NA,SIL,0.0,11,pause,NA,NA,NA,NA,0.0,0,-53.36,-45.41,[],0,0,[],[]
171890,173620,NA,NOF,0.0,11,pause,NA,NA,NA,NA,0.0,0,-46.83,-37.72,[],0,0,[],[]
173620,176860,NA,SIL,0.0,11,pause,NA,NA,NA,NA,0.0,0,-53.72,-46.27,[],0,0,[],[]
176860,179970,OCH,CXN,0.0,11,XM,EC,0,NT,FI,0.0,0,-34.04,-23.5,[],0,0,[],[]
179970,181580,NA,NOF,0.0,12,pause,NA,NA,NA,NA,0.0,0,-47.03,-34.82,[],0,0,[],[]
181580,183120,NA,SIL,0.0,12,pause,NA,NA,NA,NA,0.0,0,-51.99,-43.54,[],0,0,[],[]
183120,183930,NA,NOF,0.0,12,pause,NA,NA,NA,NA,0.0,0,-51.54,-47.0,[],0,0,[],[]
183930,189520,NA,SIL,0.0,12,pause,NA,NA,NA,NA,0.0,0,-53.75,-46.55,[],0,0,[],[]
189520,192060,OCH,CXN,0.0,12,XM,EC,0,NT,FI,0.0,0,-37.95,-22.61,[],0,0,[],[]
192060,193060,NA,TVF,0.0,13,pause,NA,NA,NA,NA,0.0,0,-40.37,-33.56,[],0,0,[],[]
193060,193870,NA,CXF,0.0,13,pause,NA,NA,NA,NA,0.0,0,-38.01,-31.24,[],0,0,[],[]
193870,195870,NA,SIL,0.0,13,pause,NA,NA,NA,NA,0.0,0,-53.58,-46.22,[],0,0,[],[]
195870,197230,NA,NOF,0.0,13,pause,NA,NA,NA,NA,0.0,0,-31.63,-19.45,[],0,0,[],[]
197230,200520,NA,SIL,0.0,13,pause,NA,NA,NA,NA,0.0,0,-51.98,-41.45,[],0,0,[],[]
200520,201560,NA,NOF,0.0,13,pause,NA,NA,NA,NA,0.0,0,-35.65,-21.15,[],0,0,[],[]
201560,203110,NA,OLN,0.0,13,pause,NA,NA,NA,NA,0.0,0,-18.01,-3.1,[],0,0,[],[]
203110,204190,OCH,CXN,0.0,13,XIOCC,BC,0,NT,FI,0.0,0,-35.59,-25.52,[],0,0,[],[]
204190,204790,CHI,CHN,0.0,13,XIOCC,RC,0,NT,FI,1.0,600,-37.49,-28.61,"[{'Canonical-syllable': '0', 'Growl': '1', 'High-freq-energy': '0', 'Long-island': '0', 'Low-tilt-spectrum': '2', 'Medium-island': '0', 'Short-island': '2', 'Squeal': '1', 'Typical-entropy': '1', 'Voicing-quality': '0', 'Wide-band': '1', 'Xlong-island': '0', 'seq': '1', 'end': 204.79, 'start': 204.19}]",0,0,[],[]
204790,205610,NA,NOF,0.0,13,XIOCC,NA,NA,NA,NA,0.0,0,-20.88,-6.43,[],0,0,[],[]
205610,207490,OCH,CXN,0.0,13,XIOCC,RC,0,NT,FI,0.0,0,-31.48,-27.12,[],0,0,[],[]
207490,209520,NA,OLN,0.0,13,XIOCC,NA,NA,NA,NA,0.0,0,-36.18,-30.12,[],0,0,[],[]
209520,210830,OCH,CXN,0.0,13,XIOCC,RC,0,NT,FH,0.0,0,-32.7,-26.27,[],0,0,[],[]
210830,211480,OCH,CXN,0.0,13,XIOCC,RC,0,NT,FH,0.0,0,-37.79,-27.79,[],0,0,[],[]
211480,213400,OCH,CXN,0.0,13,XIOCC,RC,0,NT,FH,0.0,0,-33.12,-23.17,[],0,0,[],[]
213400,214460,NA,FAF,0.0,13,XIOCC,NA,NA,NA,NA,0.0,0,-42.29,-28.99,[],0,0,[],[]
214460,219840,OCH,CXN,0.0,13,XIOCC,RC,0,NT,FH,0.0,0,-28.55,-18.45,[],0,0,[],[]
219840,221510,NA,OLN,0.0,13,XIOCC,NA,NA,NA,NA,0.0,0,-33.34,-25.57,[],0,0,[],[]
221510,222310,OCH,CXN,0.0,13,XIOCC,RC,0,NT,FH,0.0,0,-31.11,-24.34,[],0,0,[],[]
222310,224480,NA,OLN,0.0,13,XIOCC,NA,NA,NA,NA,0.0,0,-29.9,-16.45,[],0,0,[],[]
224480,226610,OCH,CXN,0.0,13,XIOCC,RC,0,NT,FH,0.0,0,-30.82,-19.04,[],0,0,[],[]
226610,227610,NA,TVN,0.0,13,XIOCC,NA,NA,NA,NA,0.0,0,-38.5,-32.98,[],0,0,[],[]
227610,231150,OCH,CXN,0.0,13,XIOCC,RC,0,NT,FH,0.0,0,-28.84,-20.34,[],0,0,[],[]
231150,231950,NA,NON,0.0,13,XIOCC,NA,NA,NA,NA,0.0,0,-49.11,-43.09,[],0,0,[],[]
231950,234410,NA,SIL,0.0,13,XIOCC,NA,NA,NA,NA,0.0,0,-51.99,-39.21,[],0,0,[],[]
234410,235210,NA,OLF,0.0,13,XIOCC,NA,NA,NA,NA,0.0,0,-38.64,-33.21,[],0,0,[],[]
235210,236010,OCH,CXN,0.0,13,XIOCC,RC,0,NT,FH,0.0,0,-35.98,-31.7,[],0,0,[],[]
236010,237010,NA,TVN,0.0,13,XIOCC,NA,NA,NA,NA,0.0,0,-40.2,-33.81,[],0,0,[],[]
237010,239160,NA,OLN,0.0,13,XIOCC,NA,NA,NA,NA,0.0,0,-29.93,-22.71,[],0,0,[],[]
239160,239960,NA,NON,0.0,13,XIOCC,NA,NA,NA,NA,0.0,0,-35.22,-31.79,[],0,0,[],[]
239960,242980,OCH,CXN,0.0,13,XIOCC,RC,0,NT,FH,0.0,0,-28.22,-23.56,[],0,0,[],[]
242980,244440,NA,OLN,0.0,13,XIOCC,NA,NA,NA,NA,0.0,0,-32.88,-27.11,[],0,0,[],[]
244440,248130,OCH,CXN,0.0,13,XIOCC,RC,0,NT,FH,0.0,0,-29.21,-23.13,[],0,0,[],[]
248130,248960,NA,OLN,0.0,13,XIOCC,NA,NA,NA,NA,0.0,0,-33.37,-27.15,[],0,0,[],[]
248960,250500,NA,TVN,0.0,13,XIOCC,NA,NA,NA,NA,0.0,0,-35.83,-29.03,[],0,0,[],[]
250500,251380,OCH,CXN,0.0,13,XIOCC,EC,0,NT,FH,0.0,0,-34.5,-29.94,[],0,0,[],[]
251380,253320,NA,TVN,0.0,14,pause,NA,NA,NA,NA,0.0,0,-37.83,-31.07,[],0,0,[],[]
253320,254220,NA,MAF,0.0,14,pause,NA,NA,NA,NA,0.0,0,-37.7,-34.18,[],0,0,[],[]
254220,255740,NA,TVN,0.0,14,pause,NA,NA,NA,NA,0.0,0,-39.35,-33.23,[],0,0,[],[]
255740,258780,NA,SIL,0.0,14,pause,NA,NA,NA,NA,0.0,0,-50.48,-40.63,[],0,0,[],[]
258780,260130,NA,NON,0.0,14,pause,NA,NA,NA,NA,0.0,0,-36.7,-27.74,[],0,0,[],[]
260130,261200,NA,OLN,0.0,14,pause,NA,NA,NA,NA,0.0,0,-33.09,-23.83,[],0,0,[],[]
261200,262250,OCH,CXN,0.0,14,XIOCAC,BC,0,NT,FI,0.0,0,-29.93,-20.57,[],0,0,[],[]
262250,263880,NA,NOF,0.0,14,XIOCAC,NA,NA,NA,NA,0.0,0,-34.31,-16.1,[],0,0,[],[]
263880,264680,OCH,CXN,0.0,14,XIOCAC,RC,0,NT,FH,0.0,0,-34.86,-26.06,[],0,0,[],[]
264680,265480,NA,OLN,0.0,14,XIOCAC,NA,NA,NA,NA,0.0,0,-32.01,-23.35,[],0,0,[],[]
265480,267610,OCH,CXN,0.0,14,XIOCAC,RC,0,NT,FH,0.0,0,-28.75,-21.42,[],0,0,[],[]
267610,268500,NA,SIL,0.0,14,XIOCAC,NA,NA,NA,NA,0.0,0,-46.58,-34.21,[],0,0,[],[]
268500,269700,OCH,CXN,0.0,14,XIOCAC,RC,0,NT,FH,0.0,0,-36.62,-25.28,[],0,0,[],[]
269700,270300,NA,CXF,0.0,14,XIOCAC,NA,NA,NA,NA,0.0,0,-45.37,-34.67,[],0,0,[],[]
270300,271660,OCH,CXN,0.0,14,XIOCAC,RC,0,NT,FH,0.0,0,-32.38,-23.45,[],0,0,[],[]
271660,272480,NA,OLF,0.0,14,XIOCAC,NA,NA,NA,NA,0.0,0,-41.92,-35.25,[],0,0,[],[]
272480,274140,OCH,CXN,0.0,14,XIOCAC,RC,0,NT,FH,0.0,0,-36.38,-29.99,[],0,0,[],[]
274140,275580,NA,NOF,0.0,14,XIOCAC,NA,NA,NA,NA,0.0,0,-32.74,-18.55,[],0,0,[],[]
275580,276420,NA,OLN,0.0,14,XIOCAC,NA,NA,NA,NA,0.0,0,-25.61,-11.08,[],0,0,[],[]
276420,277040,CHI,CHN,0.0,14,XIOCAC,RC,0,NT,FI,1.0,530,-34.31,-24.85,"[{'Canonical-syllable': '1', 'Growl': '1', 'High-freq-energy': '0', 'Long-island': '0', 'Low-tilt-spectrum': '1', 'Medium-island': '1', 'Short-island': '1', 'Squeal': '0', 'Typical-entropy': '1', 'Voicing-quality': '2', 'Wide-band': '0', 'Xlong-island': '0', 'seq': '1', 'end': 276.95, 'start': 276.42}]",0,0,[],[]
277040,278620,OCH,CXN,0.0,14,XIOCAC,RC,0,NT,FI,0.0,0,-33.27,-24.28,[],0,0,[],[]
278620,279770,NA,SIL,0.0,14,XIOCAC,NA,NA,NA,NA,0.0,0,-52.42,-46.63,[],0,0,[],[]
279770,281150,OCH,CXN,0.0,14,XIOCAC,RC,0,NT,FH,0.0,0,-37.26,-28.51,[],0,0,[],[]
281150,281810,CHI,CHN,0.0,14,XIOCAC,RC,0,NT,FI,1.0,340,-30.1,-22.98,"[{'Canonical-syllable': '0', 'Growl': '0', 'High-freq-energy': '0', 'Long-island': '0', 'Low-tilt-spectrum': '0', 'Medium-island': '1', 'Short-island': '0', 'Squeal': '0', 'Typical-entropy': '0', 'Voicing-quality': '1', 'Wide-band': '0', 'Xlong-island': '0', 'seq': '1', 'end': 281.49, 'start': 281.15}]",0,0,[],[]
281810,282640,NA,OLF,0.0,14,XIOCAC,NA,NA,NA,NA,0.0,0,-38.42,-31.53,[],0,0,[],[]
282640,284660,OCH,CXN,0.0,14,XIOCAC,RC,0,NT,FI,0.0,0,-32.06,-21.85,[],0,0,[],[]
284660,285660,MAL,MAN,4.7,14,XIOCAC,RC,0,NT,FI,0.0,0,-35.19,-27.41,[],0,0,[],[]
285660,287290,OCH,CXN,0.0,14,XIOCAC,RC,0,NT,FI,0.0,0,-24.44,-18.49,[],0,0,[],[]
287290,288090,NA,OLN,0.0,14,XIOCAC,NA,NA,NA,NA,0.0,0,-32.38,-26.61,[],0,0,[],[]
288090,288900,OCH,CXN,0.0,14,XIOCAC,RC,0,NT,FH,0.0,0,-32.71,-26.62,[],0,0,[],[]
288900,290880,NA,OLN,0.0,14,XIOCAC,NA,NA,NA,NA,0.0,0,-26.4,-10.29,[],0,0,[],[]
290880,291510,OCH,CXN,0.0,14,XIOCAC,RC,0,NT,FH,0.0,0,-35.54,-25.51,[],0,0,[],[]
291510,292430,NA,OLN,0.0,14,XIOCAC,NA,NA,NA,NA,0.0,0,-37.71,-31.61,[],0,0,[],[]
292430,293480,OCH,CXN,0.0,14,XIOCAC,RC,0,NT,FH,0.0,0,-37.12,-29.16,[],0,0,[],[]
293480,296050,NA,OLN,0.0,14,XIOCAC,NA,NA,NA,NA,0.0,0,-30.62,-19.87,[],0,0,[],[]
296050,297120,NA,NON,0.0,14,XIOCAC,NA,NA,NA,NA,0.0,0,-35.03,-18.96,[],0,0,[],[]
297120,297930,NA,CXF,0.0,14,XIOCAC,NA,NA,NA,NA,0.0,0,-44.07,-39.69,[],0,0,[],[]
297930,301040,FEM,FAN,7.8,14,XIOCAC,EC,0,NT,FI,0.0,0,-33.24,-21.06,[],0,0,[],[]
301040,302060,NA,SIL,0.0,15,pause,NA,NA,NA,NA,0.0,0,-49.15,-44.31,[],0,0,[],[]
302060,303800,NA,FAF,0.0,15,pause,NA,NA,NA,NA,0.0,0,-39.68,-31.69,[],0,0,[],[]
303800,304630,NA,NOF,0.0,15,pause,NA,NA,NA,NA,0.0,0,-42.32,-30.44,[],0,0,[],[]
304630,305870,NA,SIL,0.0,15,pause,NA,NA,NA,NA,0.0,0,-47.83,-41.81,[],0,0,[],[]
305870,306870,FEM,FAN,0.0,15,pause,NA,NA,NA,NA,0.0,0,-39.39,-31.09,[],1000,0,[],[]
306870,307680,NA,MAF,0.0,15,pause,NA,NA,NA,NA,0.0,0,-48.65,-36.04,[],0,0,[],[]
307680,308630,NA,OLF,0.0,15,pause,NA,NA,NA,NA,0.0,0,-30.38,-13.95,[],0,0,[],[]
308630,310390,NA,NOF,0.0,15,pause,NA,NA,NA,NA,0.0,0,-44.63,-37.05,[],0,0,[],[]
310390,311190,NA,OLF,0.0,15,pause,NA,NA,NA,NA,0.0,0,-45.73,-40.08,[],0,0,[],[]
311190,311990,NA,CXF,0.0,15,pause,NA,NA,NA,NA,0.0,0,-47.47,-43.61,[],0,0,[],[]
311990,313890,NA,SIL,0.0,15,pause,NA,NA,NA,NA,0.0,0,-50.85,-42.25,[],0,0,[],[]
313890,314850,OCH,CXN,0.0,15,XM,EC,0,NT,FI,0.0,0,-39.28,-30.5,[],0,0,[],[]
314850,315930,NA,SIL,0.0,16,pause,NA,NA,NA,NA,0.0,0,-51.99,-46.83,[],0,0,[],[]
315930,318150,NA,NOF,0.0,16,pause,NA,NA,NA,NA,0.0,0,-49.15,-35.82,[],0,0,[],[]
318150,320200,NA,CXF,0.0,16,pause,NA,NA,NA,NA,0.0,0,-46.0,-37.51,[],0,0,[],[]
320200,321540,MAL,MAN,7.38,16,AMM,EC,0,NT,FI,0.0,0,-35.83,-24.63,[],0,0,[],[]
321540,322460,NA,NOF,0.0,17,pause,NA,NA,NA,NA,0.0,0,-44.17,-37.95,[],0,0,[],[]
322460,323260,NA,SIL,0.0,17,pause,NA,NA,NA,NA,0.0,0,-52.53,-49.12,[],0,0,[],[]
323260,324060,NA,FAF,0.0,17,pause,NA,NA,NA,NA,0.0,0,-52.11,-47.64,[],0,0,[],[]
324060,325210,NA,SIL,0.0,17,pause,NA,NA,NA,NA,0.0,0,-52.77,-48.62,[],0,0,[],[]
325210,326010,NA,NOF,0.0,17,pause,NA,NA,NA,NA,0.0,0,-49.27,-43.02,[],0,0,[],[]
326010,328490,NA,SIL,0.0,17,pause,NA,NA,NA,NA,0.0,0,-52.71,-45.72,[],0,0,[],[]
328490,330620,OCH,CXN,0.0,17,XM,EC,0,NT,FI,0.0,0,-40.7,-31.82,[],0,0,[],[]
330620,340120,NA,NOF,0.0,18,pause,NA,NA,NA,NA,0.0,0,-37.38,-18.97,[],0,0,[],[]
340120,344100,NA,OLF,0.0,18,pause,NA,NA,NA,NA,0.0,0,-38.99,-19.1,[],0,0,[],[]
344100,344900,NA,SIL,0.0,18,pause,NA,NA,NA,NA,0.0,0,-45.96,-32.19,[],0,0,[],[]
344900,345790,NA,FAF,0.0,18,pause,NA,NA,NA,NA,0.0,0,-45.15,-34.93,[],0,0,[],[]
345790,346810,NA,SIL,0.0,18,pause,NA,NA,NA,NA,0.0,0,-45.15,-32.1,[],0,0,[],[]
346810,347780,NA,NOF,0.0,18,pause,NA,NA,NA,NA,0.0,0,-42.99,-29.94,[],0,0,[],[]
347780,348580,NA,SIL,0.0,18,pause,NA,NA,NA,NA,0.0,0,-48.15,-37.36,[],0,0,[],[]
348580,349660,NA,FAF,0.0,18,pause,NA,NA,NA,NA,0.0,0,-46.43,-34.74,[],0,0,[],[]
349660,350470,NA,SIL,0.0,18,pause,NA,NA,NA,NA,0.0,0,-46.1,-31.05,[],0,0,[],[]
350470,352650,NA,NOF,0.0,18,pause,NA,NA,NA,NA,0.0,0,-43.38,-24.05,[],0,0,[],[]
352650,353620,NA,CXF,0.0,18,pause,NA,NA,NA,NA,0.0,0,-42.73,-38.46,[],0,0,[],[]
353620,354420,NA,NOF,0.0,18,pause,NA,NA,NA,NA,0.0,0,-41.63,-28.71,[],0,0,[],[]
354420,355220,NA,SIL,0.0,18,pause,NA,NA,NA,NA,0.0,0,-51.32,-39.16,[],0,0,[],[]
355220,356500,NA,NOF,0.0,18,pause,NA,NA,NA,NA,0.0,0,-48.99,-39.39,[],0,0,[],[]
356500,357410,NA,SIL,0.0,18,pause,NA,NA,NA,NA,0.0,0,-52.04,-47.3,[],0,0,[],[]
357410,365020,NA,NOF,0.0,18,pause,NA,NA,NA,NA,0.0,0,-43.84,-27.3,[],0,0,[],[]
365020,365830,NA,SIL,0.0,18,pause,NA,NA,NA,NA,0.0,0,-51.33,-46.57,[],0,0,[],[]
365830,367110,NA,NOF,0.0,18,pause,NA,NA,NA,NA,0.0,0,-48.27,-39.94,[],0,0,[],[]
367110,367970,NA,SIL,0.0,18,pause,NA,NA,NA,NA,0.0,0,-49.84,-39.24,[],0,0,[],[]
367970,369190,NA,NOF,0.0,18,pause,NA,NA,NA,NA,0.0,0,-48.47,-41.4,[],0,0,[],[]
369190,378110,NA,SIL,0.0,18,pause,NA,NA,NA,NA,0.0,0,-51.99,-40.11,[],0,0,[],[]
378110,379510,NA,NOF,0.0,18,pause,NA,NA,NA,NA,0.0,0,-50.79,-42.43,[],0,0,[],[]
379510,380320,NA,SIL,0.0,18,pause,NA,NA,NA,NA,0.0,0,-52.38,-47.76,[],0,0,[],[]
380320,381700,NA,NOF,0.0,18,pause,NA,NA,NA,NA,0.0,0,-51.11,-40.15,[],0,0,[],[]
381700,383790,NA,SIL,0.0,18,pause,NA,NA,NA,NA,0.0,0,-52.36,-43.39,[],0,0,[],[]
383790,388530,NA,NOF,0.0,18,pause,NA,NA,NA,NA,0.0,0,-50.94,-35.1,[],0,0,[],[]
388530,390730,NA,SIL,0.0,18,pause,NA,NA,NA,NA,0.0,0,-53.13,-47.34,[],0,0,[],[]
390730,391560,NA,NOF,0.0,18,pause,NA,NA,NA,NA,0.0,0,-51.79,-46.76,[],0,0,[],[]
391560,392930,NA,SIL,0.0,18,pause,NA,NA,NA,NA,0.0,0,-55.01,-47.09,[],0,0,[],[]
392930,395080,NA,NOF,0.0,18,pause,NA,NA,NA,NA,0.0,0,-46.34,-28.21,[],0,0,[],[]
395080,396200,NA,SIL,0.0,18,pause,NA,NA,NA,NA,0.0,0,-53.9,-49.0,[],0,0,[],[]
396200,397160,NA,CXF,0.0,18,pause,NA,NA,NA,NA,0.0,0,-45.07,-35.72,[],0,0,[],[]
397160,398640,NA,SIL,0.0,18,pause,NA,NA,NA,NA,0.0,0,-48.92,-43.38,[],0,0,[],[]
398640,402950,NA,CXF,0.0,18,pause,NA,NA,NA,NA,0.0,0,-39.54,-29.52,[],0,0,[],[]
402950,404090,NA,TVN,0.0,18,pause,NA,NA,NA,NA,0.0,0,-44.32,-38.31,[],0,0,[],[]
404090,405120,NA,CXF,0.0,18,pause,NA,NA,NA,NA,0.0,0,-45.11,-39.06,[],0,0,[],[]
405120,406030,NA,NOF,0.0,18,pause,NA,NA,NA,NA,0.0,0,-51.3,-42.81,[],0,0,[],[]
406030,408190,NA,SIL,0.0,18,pause,NA,NA,NA,NA,0.0,0,-52.26,-41.8,[],0,0,[],[]
408190,408990,NA,NOF,0.0,18,pause,NA,NA,NA,NA,0.0,0,-51.13,-45.69,[],0,0,[],[]
408990,410080,NA,SIL,0.0,18,pause,NA,NA,NA,NA,0.0,0,-50.37,-34.95,[],0,0,[],[]
410080,411080,NA,TVF,0.0,18,pause,NA,NA,NA,NA,0.0,0,-52.64,-45.89,[],0,0,[],[]
411080,414160,NA,SIL,0.0,18,pause,NA,NA,NA,NA,0.0,0,-54.82,-47.84,[],0,0,[],[]
414160,416000,OCH,CXN,0.0,18,XM,EC,0,NT,FI,0.0,0,-37.71,-30.89,[],0,0,[],[]
416000,417000,NA,TVN,0.0,19,pause,NA,NA,NA,NA,0.0,0,-42.04,-35.61,[],0,0,[],[]
417000,418410,NA,MAF,0.0,19,pause,NA,NA,NA,NA,0.0,0,-42.17,-36.87,[],0,0,[],[]
418410,422460,NA,NOF,0.0,19,pause,NA,NA,NA,NA,0.0,0,-48.42,-40.2,[],0,0,[],[]
422460,423570,NA,OLN,0.0,19,pause,NA,NA,NA,NA,0.0,0,-28.83,-22.15,[],0,0,[],[]
423570,424370,NA,CHF,0.0,19,pause,NA,NA,NA,NA,0.0,0,-42.92,-33.38,[],0,800,[],"[{'start': 423.57, 'end': 424.37}]"
424370,424970,CHI,CHN,0.0,19,CIC,BC,0,TIFI,FI,1.0,600,-38.31,-27.95,"[{'Canonical-syllable': '0', 'Growl': '2', 'High-freq-energy': '1', 'Long-island': '0', 'Low-tilt-spectrum': '1', 'Medium-island': '0', 'Short-island': '2', 'Squeal': '0', 'Typical-entropy': '2', 'Voicing-quality': '0', 'Wide-band': '0', 'Xlong-island': '0', 'seq': '1', 'end': 424.97, 'start': 424.37}]",0,0,[],[]
424970,426510,NA,NOF,0.0,19,CIC,NA,NA,NA,NA,0.0,0,-50.0,-40.02,[],0,0,[],[]
426510,427310,NA,OLF,0.0,19,CIC,NA,NA,NA,NA,0.0,0,-40.9,-29.96,[],0,0,[],[]
427310,429480,NA,SIL,0.0,19,CIC,NA,NA,NA,NA,0.0,0,-49.05,-40.09,[],0,0,[],[]
429480,430780,FEM,FAN,3.3,19,CIC,RC,1,TIFR,FI,0.0,0,-37.01,-30.51,[],0,0,[],[]
430780,432010,FEM,FAN,2.75,19,CIC,RC,1,NT,FH,0.0,0,-30.32,-23.69,[],0,0,[],[]
432010,432840,NA,OLN,0.0,19,CIC,NA,NA,NA,NA,0.0,0,-27.35,-19.58,[],0,0,[],[]
432840,434850,FEM,FAN,6.72,19,CIC,RC,1,NT,FH,0.0,0,-32.01,-22.86,[],0,0,[],[]
434850,435790,NA,NOF,0.0,19,CIC,NA,NA,NA,NA,0.0,0,-22.41,-5.53,[],0,0,[],[]
435790,439980,CHI,CHN,0.0,19,CIC,RC,1,TIFI,FI,4.0,2650,-18.26,-5.57,"[{'Canonical-syllable': '0', 'Growl': '1', 'High-freq-energy': '0', 'Long-island': '0', 'Low-tilt-spectrum': '0', 'Medium-island': '0', 'Short-island': '1', 'Squeal': '0', 'Typical-entropy': '1', 'Voicing-quality': '1', 'Wide-band': '0', 'Xlong-island': '0', 'seq': '1', 'end': 435.91, 'start': 435.79}, {'Canonical-syllable': '0', 'Growl': '0', 'High-freq-energy': '0', 'Long-island': '0', 'Low-tilt-spectrum': '1', 'Medium-island': '1', 'Short-island': '0', 'Squeal': '0', 'Typical-entropy': '1', 'Voicing-quality': '1', 'Wide-band': '0', 'Xlong-island': '0', 'seq': '2', 'end': 436.73, 'start': 436.36}, {'Canonical-syllable': '0', 'Growl': '0', 'High-freq-energy': '0', 'Long-island': '1', 'Low-tilt-spectrum': '0', 'Medium-island': '0', 'Short-island': '0', 'Squeal': '0', 'Typical-entropy': '0', 'Voicing-quality': '1', 'Wide-band': '0', 'Xlong-island': '0', 'seq': '3', 'end': 437.8, 'start': 437.18}, {'Canonical-syllable': '0', 'Growl': '0', 'High-freq-energy': '0', 'Long-island': '2', 'Low-tilt-spectrum': '0', 'Medium-island': '0', 'Short-island': '0', 'Squeal': '0', 'Typical-entropy': '1', 'Voicing-quality': '2', 'Wide-band': '0', 'Xlong-island': '0', 'seq': '4', 'end': 439.79, 'start': 438.25}]",0,0,[],[]
439980,441060,FEM,FAN,3.46,19,CIC,RC,2,TIFR,FI,0.0,0,-32.26,-25.84,[],0,0,[],[]
441060,441860,NA,NOF,0.0,19,CIC,NA,NA,NA,NA,0.0,0,-34.14,-24.13,[],0,0,[],[]
441860,443610,CHI,CHN,0.0,19,CIC,NA,NA,NA,NA,0.0,0,-27.34,-16.11,[],0,1240,"[{'start': 441.86, 'end': 442.53}, {'start': 443.04, 'end': 443.29}]","[{'start': 443.29, 'end': 443.61}]"
443610,445120,NA,NOF,0.0,19,CIC,NA,NA,NA,NA,0.0,0,-43.11,-22.51,[],0,0,[],[]
445120,445960,CHI,CHN,0.0,19,CIC,EC,2,TIFE,FI,1.0,720,-19.36,-8.43,"[{'Canonical-syllable': '0', 'Growl': '0', 'High-freq-energy': '0', 'Long-island': '0', 'Low-tilt-spectrum': '0', 'Medium-island': '1', 'Short-island': '0', 'Squeal': '0', 'Typical-entropy': '1', 'Voicing-quality': '2', 'Wide-band': '0', 'Xlong-island': '0', 'seq': '1', 'end': 445.84, 'start': 445.12}]",0,0,[],[]
445960,447010,NA,OLF,0.0,20,pause,NA,NA,NA,NA,0.0,0,-42.6,-36.18,[],0,0,[],[]
447010,448630,NA,SIL,0.0,20,pause,NA,NA,NA,NA,0.0,0,-54.65,-50.48,[],0,0,[],[]
448630,450930,NA,NOF,0.0,20,pause,NA,NA,NA,NA,0.0,0,-51.32,-43.84,[],0,0,[],[]
450930,456430,NA,SIL,0.0,20,pause,NA,NA,NA,NA,0.0,0,-54.37,-46.94,[],0,0,[],[]
456430,457230,NA,NOF,0.0,20,pause,NA,NA,NA,NA,0.0,0,-51.61,-45.86,[],0,0,[],[]
457230,458030,NA,SIL,0.0,20,pause,NA,NA,NA,NA,0.0,0,-53.75,-47.41,[],0,0,[],[]
458030,459120,NA,NOF,0.0,20,pause,NA,NA,NA,NA,0.0,0,-51.05,-40.91,[],0,0,[],[]
459120,459930,NA,SIL,0.0,20,pause,NA,NA,NA,NA,0.0,0,-52.55,-44.43,[],0,0,[],[]
459930,460930,FEM,FAN,1.02,20,AMF,EC,0,NT,FI,0.0,0,-34.86,-27.22,[],0,0,[],[]
460930,461530,NA,CHF,0.0,21,pause,NA,NA,NA,NA,0.0,0,-35.14,-25.7,[],0,260,[],"[{'start': 461.27, 'end': 461.53}]"
461530,462560,NA,NOF,0.0,21,pause,NA,NA,NA,NA,0.0,0,-40.85,-28.91,[],0,0,[],[]
462560,463560,NA,FAF,0.0,21,pause,NA,NA,NA,NA,0.0,0,-36.41,-26.8,[],0,0,[],[]
463560,466150,NA,NOF,0.0,21,pause,NA,NA,NA,NA,0.0,0,-39.22,-24.06,[],0,0,[],[]
466150,467580,NA,CHF,0.0,21,pause,NA,NA,NA,NA,0.0,0,-27.78,-18.25,[],0,1250,[],"[{'start': 466.15, 'end': 467.4}]"
467580,468180,CHI,CHN,0.0,21,pause,NA,NA,NA,NA,0.0,0,-29.93,-23.82,[],0,380,"[{'start': 467.8, 'end': 468.18}]",[]
468180,470970,NA,NOF,0.0,21,pause,NA,NA,NA,NA,0.0,0,-35.14,-21.21,[],0,0,[],[]
470970,471790,NA,SIL,0.0,21,pause,NA,NA,NA,NA,0.0,0,-51.92,-47.79,[],0,0,[],[]
471790,472610,NA,FAF,0.0,21,pause,NA,NA,NA,NA,0.0,0,-31.77,-23.56,[],0,0,[],[]
472610,475310,NA,SIL,0.0,21,pause,NA,NA,NA,NA,0.0,0,-49.42,-34.85,[],0,0,[],[]
475310,477270,NA,CHF,0.0,21,pause,NA,NA,NA,NA,0.0,0,-30.38,-21.19,[],0,190,"[{'start': 476.91, 'end': 477.1}]",[]
477270,478070,NA,SIL,0.0,21,pause,NA,NA,NA,NA,0.0,0,-54.14,-49.16,[],0,0,[],[]
478070,478670,NA,NOF,0.0,21,pause,NA,NA,NA,NA,0.0,0,-33.63,-24.33,[],0,0,[],[]
478670,479490,NA,SIL,0.0,21,pause,NA,NA,NA,NA,0.0,0,-55.18,-51.77,[],0,0,[],[]
479490,480430,NA,CHF,0.0,21,pause,NA,NA,NA,NA,0.0,0,-33.01,-22.01,[],0,940,[],"[{'start': 479.49, 'end': 480.43}]"
480430,481860,FEM,FAN,5.35,21,AMF,BC,0,NT,FI,0.0,0,-35.59,-28.14,[],0,0,[],[]
481860,483290,NA,NOF,0.0,21,AMF,NA,NA,NA,NA,0.0,0,-50.12,-44.03,[],0,0,[],[]
483290,484350,FEM,FAN,2.27,21,AMF,EC,0,NT,FH,0.0,0,-29.3,-13.79,[],0,0,[],[]
484350,485190,NA,NOF,0.0,22,pause,NA,NA,NA,NA,0.0,0,-39.07,-28.07,[],0,0,[],[]
485190,486810,NA,SIL,0.0,22,pause,NA,NA,NA,NA,0.0,0,-53.85,-45.89,[],0,0,[],[]
486810,487660,NA,NOF,0.0,22,pause,NA,NA,NA,NA,0.0,0,-30.32,-18.93,[],0,0,[],[]
487660,488330,NA,CHF,0.0,22,pause,NA,NA,NA,NA,0.0,0,-26.01,-17.05,[],0,670,"[{'start': 487.66, 'end': 488.21}]","[{'start': 488.21, 'end': 488.33}]"
488330,489660,NA,NOF,0.0,22,pause,NA,NA,NA,NA,0.0,0,-32.21,-16.81,[],0,0,[],[]
489660,490460,NA,SIL,0.0,22,pause,NA,NA,NA,NA,0.0,0,-52.02,-47.38,[],0,0,[],[]
490460,492410,NA,NOF,0.0,22,pause,NA,NA,NA,NA,0.0,0,-50.34,-44.7,[],0,0,[],[]
492410,495880,NA,SIL,0.0,22,pause,NA,NA,NA,NA,0.0,0,-53.85,-47.33,[],0,0,[],[]
495880,496680,NA,NOF,0.0,22,pause,NA,NA,NA,NA,0.0,0,-51.28,-46.38,[],0,0,[],[]
496680,498320,NA,SIL,0.0,22,pause,NA,NA,NA,NA,0.0,0,-52.87,-46.65,[],0,0,[],[]
498320,499170,NA,NOF,0.0,22,pause,NA,NA,NA,NA,0.0,0,-52.23,-47.97,[],0,0,[],[]
499170,500030,NA,SIL,0.0,22,pause,NA,NA,NA,NA,0.0,0,-51.09,-36.94,[],0,0,[],[]
500030,501060,MAL,MAN,5.49,22,AMM,EC,0,NT,FI,0.0,0,-36.58,-29.81,[],0,0,[],[]
501060,502660,NA,SIL,0.0,23,pause,NA,NA,NA,NA,0.0,0,-54.26,-47.87,[],0,0,[],[]
502660,507180,NA,NOF,0.0,23,pause,NA,NA,NA,NA,0.0,0,-46.52,-34.21,[],0,0,[],[]
507180,512230,NA,SIL,0.0,23,pause,NA,NA,NA,NA,0.0,0,-52.84,-44.24,[],0,0,[],[]
512230,514530,NA,NOF,0.0,23,pause,NA,NA,NA,NA,0.0,0,-45.06,-31.6,[],0,0,[],[]
514530,516320,FEM,FAN,7.17,23,AMF,EC,0,NT,FI,0.0,0,-34.8,-28.75,[],0,0,[],[]
516320,519450,NA,SIL,0.0,24,pause,NA,NA,NA,NA,0.0,0,-47.97,-41.51,[],0,0,[],[]
519450,520650,NA,NOF,0.0,24,pause,NA,NA,NA,NA,0.0,0,-48.5,-36.4,[],0,0,[],[]
520650,521660,FEM,FAN,0.0,24,pause,NA,NA,NA,NA,0.0,0,-35.43,-21.92,[],1010,0,[],[]
521660,522750,NA,NOF,0.0,24,pause,NA,NA,NA,NA,0.0,0,-48.26,-41.17,[],0,0,[],[]
522750,523750,FEM,FAN,12.12,24,AMF,BC,0,NT,FI,0.0,0,-37.76,-27.6,[],0,0,[],[]
523750,526130,NA,SIL,0.0,24,AMF,NA,NA,NA,NA,0.0,0,-53.46,-48.25,[],0,0,[],[]
526130,527130,FEM,FAN,4.48,24,AMF,RC,0,NT,FH,0.0,0,-31.72,-24.89,[],0,0,[],[]
527130,528370,NA,SIL,0.0,24,AMF,NA,NA,NA,NA,0.0,0,-51.18,-39.08,[],0,0,[],[]
528370,529450,FEM,FAN,2.27,24,AMF,EC,0,NT,FH,0.0,0,-30.83,-25.25,[],0,0,[],[]
529450,530600,NA,NOF,0.0,25,pause,NA,NA,NA,NA,0.0,0,-50.73,-46.15,[],0,0,[],[]
530600,531400,NA,SIL,0.0,25,pause,NA,NA,NA,NA,0.0,0,-51.84,-46.45,[],0,0,[],[]
531400,532890,NA,NOF,0.0,25,pause,NA,NA,NA,NA,0.0,0,-50.13,-43.25,[],0,0,[],[]
532890,534610,NA,SIL,0.0,25,pause,NA,NA,NA,NA,0.0,0,-52.78,-42.51,[],0,0,[],[]
534610,535410,NA,NOF,0.0,25,pause,NA,NA,NA,NA,0.0,0,-52.28,-46.62,[],0,0,[],[]
535410,537120,FEM,FAN,5.79,25,AMF,EC,0,NT,FI,0.0,0,-35.86,-27.3,[],0,0,[],[]
537120,542020,NA,SIL,0.0,26,pause,NA,NA,NA,NA,0.0,0,-52.64,-41.89,[],0,0,[],[]
542020,542820,NA,NOF,0.0,26,pause,NA,NA,NA,NA,0.0,0,-48.18,-41.48,[],0,0,[],[]
542820,543730,NA,SIL,0.0,26,pause,NA,NA,NA,NA,0.0,0,-51.75,-44.97,[],0,0,[],[]
543730,547550,NA,NOF,0.0,26,pause,NA,NA,NA,NA,0.0,0,-42.21,-34.15,[],0,0,[],[]
547550,549260,NA,SIL,0.0,26,pause,NA,NA,NA,NA,0.0,0,-51.68,-45.75,[],0,0,[],[]
549260,550060,NA,NOF,0.0,26,pause,NA,NA,NA,NA,0.0,0,-49.53,-44.92,[],0,0,[],[]
550060,550870,NA,SIL,0.0,26,pause,NA,NA,NA,NA,0.0,0,-51.72,-40.38,[],0,0,[],[]
550870,552700,NA,NOF,0.0,26,pause,NA,NA,NA,NA,0.0,0,-38.12,-22.9,[],0,0,[],[]
552700,554470,FEM,FAN,4.77,26,AMF,EC,0,NT,FI,0.0,0,-36.08,-30.33,[],0,0,[],[]
554470,555420,NA,SIL,0.0,27,pause,NA,NA,NA,NA,0.0,0,-52.57,-39.9,[],0,0,[],[]
555420,556330,NA,NOF,0.0,27,pause,NA,NA,NA,NA,0.0,0,-49.14,-40.01,[],0,0,[],[]
556330,563220,NA,SIL,0.0,27,pause,NA,NA,NA,NA,0.0,0,-50.4,-26.84,[],0,0,[],[]
563220,565160,FEM,FAN,6.93,27,AMF,EC,0,NT,FI,0.0,0,-35.64,-27.85,[],0,0,[],[]
565160,565960,NA,SIL,0.0,28,pause,NA,NA,NA,NA,0.0,0,-53.62,-42.89,[],0,0,[],[]
565960,566760,NA,NOF,0.0,28,pause,NA,NA,NA,NA,0.0,0,-51.48,-47.45,[],0,0,[],[]
566760,573390,NA,SIL,0.0,28,pause,NA,NA,NA,NA,0.0,0,-53.31,-40.36,[],0,0,[],[]
573390,574690,NA,NOF,0.0,28,pause,NA,NA,NA,NA,0.0,0,-50.1,-43.92,[],0,0,[],[]
574690,576800,NA,SIL,0.0,28,pause,NA,NA,NA,NA,0.0,0,-53.82,-47.84,[],0,0,[],[]
576800,578300,NA,NOF,0.0,28,pause,NA,NA,NA,NA,0.0,0,-47.91,-39.75,[],0,0,[],[]
578300,580090,NA,SIL,0.0,28,pause,NA,NA,NA,NA,0.0,0,-54.47,-47.8,[],0,0,[],[]
580090,581100,NA,MAF,0.0,28,pause,NA,NA,NA,NA,0.0,0,-45.06,-37.86,[],0,0,[],[]
581100,583150,FEM,FAN,6.42,28,AMF,EC,0,NT,FI,0.0,0,-37.23,-27.87,[],0,0,[],[]
583150,585580,NA,NOF,0.0,29,pause,NA,NA,NA,NA,0.0,0,-48.22,-43.18,[],0,0,[],[]
585580,586830,NA,SIL,0.0,29,pause,NA,NA,NA,NA,0.0,0,-53.29,-47.83,[],0,0,[],[]
586830,587690,NA,NOF,0.0,29,pause,NA,NA,NA,NA,0.0,0,-42.77,-35.13,[],0,0,[],[]
587690,588490,NA,SIL,0.0,29,pause,NA,NA,NA,NA,0.0,0,-51.02,-40.52,[],0,0,[],[]
588490,590610,NA,NOF,0.0,29,pause,NA,NA,NA,NA,0.0,0,-43.45,-34.14,[],0,0,[],[]
590610,591410,NA,SIL,0.0,29,pause,NA,NA,NA,NA,0.0,0,-52.35,-47.04,[],0,0,[],[]
591410,593050,NA,OLF,0.0,29,pause,NA,NA,NA,NA,0.0,0,-33.92,-26.51,[],0,0,[],[]
593050,593650,NA,FAF,0.0,29,pause,NA,NA,NA,NA,0.0,0,-37.68,-29.25,[],0,0,[],[]
593650,594450,NA,SIL,0.0,29,pause,NA,NA,NA,NA,0.0,0,-48.5,-40.93,[],0,0,[],[]
594450,596910,NA,NOF,0.0,29,pause,NA,NA,NA,NA,0.0,0,-43.66,-36.07,[],0,0,[],[]
596910,597720,NA,OLF,0.0,29,pause,NA,NA,NA,NA,0.0,0,-39.03,-30.45,[],0,0,[],[]
597720,599930,NA,NOF,0.0,29,pause,NA,NA,NA,NA,0.0,0,-43.98,-33.88,[],0,0,[],[]
599930,600530,FEM,FAN,0.0,29,pause,NA,NA,NA,NA,0.0,0,-32.71,-24.77,[],600,0,[],[]
600530,602390,NA,OLN,0.0,29,pause,NA,NA,NA,NA,0.0,0,-29.75,-15.8,[],0,0,[],[]
602390,604130,CHI,CHN,0.0,29,CIC,BC,0,TIFI,FI,2.0,1060,-25.63,-17.98,"[{'Canonical-syllable': '0', 'Growl': '1', 'High-freq-energy': '0', 'Long-island': '0', 'Low-tilt-spectrum': '1', 'Medium-island': '0', 'Short-island': '1', 'Squeal': '0', 'Typical-entropy': '1', 'Voicing-quality': '0', 'Wide-band': '0', 'Xlong-island': '0', 'seq': '1', 'end': 602.52, 'start': 602.39}, {'Canonical-syllable': '0', 'Growl': '0', 'High-freq-energy': '0', 'Long-island': '0', 'Low-tilt-spectrum': '0', 'Medium-island': '1', 'Short-island': '1', 'Squeal': '0', 'Typical-entropy': '0', 'Voicing-quality': '2', 'Wide-band': '0', 'Xlong-island': '0', 'seq': '2', 'end': 603.89, 'start': 602.96}]",0,0,[],[]
604130,606610,FEM,FAN,5.14,29,CIC,RC,1,TIFR,FI,0.0,0,-19.54,-11.59,[],0,0,[],[]
606610,607410,NA,CHF,0.0,29,CIC,RC,1,TIFI,FI,1.0,160,-41.46,-25.9,"[{'Canonical-syllable': '0', 'Growl': '1', 'High-freq-energy': '0', 'Long-island': '0', 'Low-tilt-spectrum': '1', 'Medium-island': '0', 'Short-island': '1', 'Squeal': '0', 'Typical-entropy': '0', 'Voicing-quality': '0', 'Wide-band': '0', 'Xlong-island': '0', 'seq': '1', 'end': 606.77, 'start': 606.61}]",0,0,[],[]
607410,608430,FEM,FAN,7.85,29,CIC,EC,2,TIFR,FI,0.0,0,-24.01,-15.49,[],0,0,[],[]
608430,609300,NA,CHF,0.0,30,pause,NA,NA,NA,NA,0.0,0,-38.15,-31.31,[],0,870,[],"[{'start': 608.43, 'end': 609.3}]"
609300,611920,NA,SIL,0.0,30,pause,NA,NA,NA,NA,0.0,0,-42.17,-22.86,[],0,0,[],[]
611920,614730,NA,CHF,0.0,30,pause,NA,NA,NA,NA,0.0,0,-29.48,-15.84,[],0,700,"[{'start': 614.03, 'end': 614.35}]","[{'start': 614.35, 'end': 614.73}]"
614730,619300,NA,NOF,0.0,30,pause,NA,NA,NA,NA,0.0,0,-32.89,-17.5,[],0,0,[],[]
619300,622270,NA,SIL,0.0,30,pause,NA,NA,NA,NA,0.0,0,-50.75,-41.55,[],0,0,[],[]
622270,623220,NA,NOF,0.0,30,pause,NA,NA,NA,NA,0.0,0,-39.57,-26.54,[],0,0,[],[]
623220,623830,NA,CHF,0.0,30,pause,NA,NA,NA,NA,0.0,0,-31.6,-20.59,[],0,80,[],"[{'start': 623.75, 'end': 623.83}]"
623830,627470,NA,NOF,0.0,30,pause,NA,NA,NA,NA,0.0,0,-32.31,-17.88,[],0,0,[],[]
627470,628270,NA,SIL,0.0,30,pause,NA,NA,NA,NA,0.0,0,-53.65,-50.12,[],0,0,[],[]
628270,635410,NA,NOF,0.0,30,pause,NA,NA,NA,NA,0.0,0,-39.1,-19.36,[],0,0,[],[]
635410,636430,NA,SIL,0.0,30,pause,NA,NA,NA,NA,0.0,0,-49.02,-37.53,[],0,0,[],[]
636430,639040,NA,NOF,0.0,30,pause,NA,NA,NA,NA,0.0,0,-19.88,-4.23,[],0,0,[],[]
639040,640240,NA,OLF,0.0,30,pause,NA,NA,NA,NA,0.0,0,-13.97,-4.52,[],0,0,[],[]
640240,644260,NA,NOF,0.0,30,pause,NA,NA,NA,NA,0.0,0,-19.95,-3.36,[],0,0,[],[]
644260,645100,NA,CHF,0.0,30,pause,NA,NA,NA,NA,0.0,0,-12.52,-4.45,[],0,840,[],"[{'start': 644.26, 'end': 645.1}]"
645100,646030,NA,OLF,0.0,30,pause,NA,NA,NA,NA,0.0,0,-12.65,-4.83,[],0,0,[],[]
646030,649000,NA,NOF,0.0,30,pause,NA,NA,NA,NA,0.0,0,-15.16,-4.64,[],0,0,[],[]
649000,649820,NA,OLF,0.0,30,pause,NA,NA,NA,NA,0.0,0,-13.67,-5.5,[],0,0,[],[]
649820,650960,NA,NOF,0.0,30,pause,NA,NA,NA,NA,0.0,0,-13.72,-2.92,[],0,0,[],[]
650960,651810,NA,CHF,0.0,30,pause,NA,NA,NA,NA,0.0,0,-11.9,-3.82,[],0,850,[],"[{'start': 650.96, 'end': 651.81}]"
651810,653300,NA,NOF,0.0,30,pause,NA,NA,NA,NA,0.0,0,-17.69,-4.42,[],0,0,[],[]
653300,653930,NA,CHF,0.0,30,pause,NA,NA,NA,NA,0.0,0,-13.8,-4.13,[],0,170,"[{'start': 653.76, 'end': 653.93}]",[]
653930,655030,NA,NOF,0.0,30,pause,NA,NA,NA,NA,0.0,0,-17.52,-3.14,[],0,0,[],[]
655030,655630,NA,CHF,0.0,30,CM,EC,0,NT,FI,1.0,600,-22.82,-15.57,"[{'Canonical-syllable': '0', 'Growl': '1', 'High-freq-energy': '0', 'Long-island': '0', 'Low-tilt-spectrum': '1', 'Medium-island': '1', 'Short-island': '0', 'Squeal': '0', 'Typical-entropy': '1', 'Voicing-quality': '1', 'Wide-band': '0', 'Xlong-island': '0', 'seq': '1', 'end': 655.63, 'start': 655.03}]",0,0,[],[]
655630,658310,NA,NOF,0.0,31,pause,NA,NA,NA,NA,0.0,0,-30.03,-16.67,[],0,0,[],[]
658310,659160,NA,OLF,0.0,31,pause,NA,NA,NA,NA,0.0,0,-37.69,-30.0,[],0,0,[],[]
659160,662760,NA,SIL,0.0,31,pause,NA,NA,NA,NA,0.0,0,-43.63,-36.18,[],0,0,[],[]
662760,663980,NA,NOF,0.0,31,pause,NA,NA,NA,NA,0.0,0,-44.09,-29.26,[],0,0,[],[]
663980,664970,NA,CXF,0.0,31,pause,NA,NA,NA,NA,0.0,0,-44.5,-39.37,[],0,0,[],[]
664970,665770,NA,SIL,0.0,31,pause,NA,NA,NA,NA,0.0,0,-44.79,-31.65,[],0,0,[],[]
665770,673150,NA,NOF,0.0,31,pause,NA,NA,NA,NA,0.0,0,-18.38,-3.1,[],0,0,[],[]
673150,673830,NA,CHF,0.0,31,pause,NA,NA,NA,NA,0.0,0,-27.94,-19.64,[],0,120,"[{'start': 673.71, 'end': 673.83}]",[]
673830,674700,NA,NOF,0.0,31,pause,NA,NA,NA,NA,0.0,0,-31.71,-22.16,[],0,0,[],[]
674700,676290,NA,CXF,0.0,31,pause,NA,NA,NA,NA,0.0,0,-37.08,-24.56,[],0,0,[],[]
676290,677570,NA,OLF,0.0,31,pause,NA,NA,NA,NA,0.0,0,-43.68,-37.54,[],0,0,[],[]
677570,678940,NA,SIL,0.0,31,pause,NA,NA,NA,NA,0.0,0,-46.58,-41.81,[],0,0,[],[]
678940,679740,NA,NOF,0.0,31,pause,NA,NA,NA,NA,0.0,0,-42.91,-32.68,[],0,0,[],[]
679740,680630,NA,SIL,0.0,31,pause,NA,NA,NA,NA,0.0,0,-44.01,-34.46,[],0,0,[],[]
680630,683600,NA,NOF,0.0,31,pause,NA,NA,NA,NA,0.0,0,-37.19,-23.88,[],0,0,[],[]
683600,686120,NA,SIL,0.0,31,pause,NA,NA,NA,NA,0.0,0,-49.03,-42.05,[],0,0,[],[]
686120,687010,NA,CXF,0.0,31,pause,NA,NA,NA,NA,0.0,0,-44.6,-33.03,[],0,0,[],[]
687010,690070,NA,SIL,0.0,31,pause,NA,NA,NA,NA,0.0,0,-49.04,-41.55,[],0,0,[],[]
690070,694570,NA,NOF,0.0,31,pause,NA,NA,NA,NA,0.0,0,-30.05,-18.0,[],0,0,[],[]
694570,698340,NA,SIL,0.0,31,pause,NA,NA,NA,NA,0.0,0,-51.55,-43.74,[],0,0,[],[]
698340,699480,NA,CXF,0.0,31,pause,NA,NA,NA,NA,0.0,0,-43.68,-39.9,[],0,0,[],[]
699480,701530,NA,SIL,0.0,31,pause,NA,NA,NA,NA,0.0,0,-49.96,-36.46,[],0,0,[],[]
701530,706990,NA,NOF,0.0,31,pause,NA,NA,NA,NA,0.0,0,-33.06,-21.06,[],0,0,[],[]
706990,713300,NA,SIL,0.0,31,pause,NA,NA,NA,NA,0.0,0,-51.61,-44.56,[],0,0,[],[]
713300,718150,NA,NOF,0.0,31,pause,NA,NA,NA,NA,0.0,0,-23.7,-4.22,[],0,0,[],[]
718150,718950,NA,SIL,0.0,31,pause,NA,NA,NA,NA,0.0,0,-45.4,-34.78,[],0,0,[],[]
718950,720090,NA,CHF,0.0,31,pause,NA,NA,NA,NA,0.0,0,-30.41,-19.18,[],0,1140,[],"[{'start': 718.95, 'end': 720.09}]"
720090,721690,NA,SIL,0.0,31,pause,NA,NA,NA,NA,0.0,0,-50.15,-40.41,[],0,0,[],[]
721690,722500,NA,MAF,0.0,31,pause,NA,NA,NA,NA,0.0,0,-47.95,-40.23,[],0,0,[],[]
722500,725380,NA,SIL,0.0,31,pause,NA,NA,NA,NA,0.0,0,-48.41,-41.98,[],0,0,[],[]
725380,726260,NA,NOF,0.0,31,pause,NA,NA,NA,NA,0.0,0,-47.79,-44.01,[],0,0,[],[]
726260,728470,NA,SIL,0.0,31,pause,NA,NA,NA,NA,0.0,0,-47.74,-38.37,[],0,0,[],[]
728470,729490,NA,MAF,0.0,31,pause,NA,NA,NA,NA,0.0,0,-44.96,-39.23,[],0,0,[],[]
729490,732950,NA,SIL,0.0,31,pause,NA,NA,NA,NA,0.0,0,-49.57,-43.06,[],0,0,[],[]
732950,733950,NA,MAF,0.0,31,pause,NA,NA,NA,NA,0.0,0,-45.95,-41.6,[],0,0,[],[]
733950,736820,NA,SIL,0.0,31,pause,NA,NA,NA,NA,0.0,0,-49.16,-43.43,[],0,0,[],[]
736820,737420,NA,MAF,0.0,31,pause,NA,NA,NA,NA,0.0,0,-46.26,-42.11,[],0,0,[],[]
737420,739940,NA,SIL,0.0,31,pause,NA,NA,NA,NA,0.0,0,-48.82,-42.23,[],0,0,[],[]
739940,740540,NA,MAF,0.0,31,pause,NA,NA,NA,NA,0.0,0,-48.75,-45.69,[],0,0,[],[]
740540,742570,NA,SIL,0.0,31,pause,NA,NA,NA,NA,0.0,0,-49.35,-42.72,[],0,0,[],[]
742570,743370,NA,MAF,0.0,31,pause,NA,NA,NA,NA,0.0,0,-46.73,-41.75,[],0,0,[],[]
743370,744340,NA,SIL,0.0,31,pause,NA,NA,NA,NA,0.0,0,-49.3,-42.54,[],0,0,[],[]
744340,745140,NA,NOF,0.0,31,pause,NA,NA,NA,NA,0.0,0,-31.84,-19.75,[],0,0,[],[]
745140,745740,NA,CHF,0.0,31,pause,NA,NA,NA,NA,0.0,0,-23.64,-15.24,[],0,600,[],"[{'start': 745.14, 'end': 745.74}]"
745740,747790,NA,NOF,0.0,31,pause,NA,NA,NA,NA,0.0,0,-28.07,-16.66,[],0,0,[],[]
747790,748430,NA,CHF,0.0,31,pause,NA,NA,NA,NA,0.0,0,-23.11,-15.8,[],0,640,[],"[{'start': 747.79, 'end': 748.43}]"
748430,749270,NA,NOF,0.0,31,pause,NA,NA,NA,NA,0.0,0,-38.46,-23.55,[],0,0,[],[]
749270,752210,NA,SIL,0.0,31,pause,NA,NA,NA,NA,0.0,0,-49.53,-38.4,[],0,0,[],[]
752210,752810,NA,MAF,0.0,31,pause,NA,NA,NA,NA,0.0,0,-46.23,-38.1,[],0,0,[],[]
752810,754230,NA,SIL,0.0,31,pause,NA,NA,NA,NA,0.0,0,-48.1,-42.23,[],0,0,[],[]
754230,756660,NA,NOF,0.0,31,pause,NA,NA,NA,NA,0.0,0,-45.98,-38.75,[],0,0,[],[]
756660,761910,NA,SIL,0.0,31,pause,NA,NA,NA,NA,0.0,0,-48.71,-38.34,[],0,0,[],[]
761910,762710,NA,CXF,0.0,31,pause,NA,NA,NA,NA,0.0,0,-47.29,-43.44,[],0,0,[],[]
762710,778420,NA,SIL,0.0,31,pause,NA,NA,NA,NA,0.0,0,-48.51,-38.93,[],0,0,[],[]
778420,779290,NA,TVF,0.0,31,pause,NA,NA,NA,NA,0.0,0,-47.2,-43.07,[],0,0,[],[]
779290,782410,NA,SIL,0.0,31,pause,NA,NA,NA,NA,0.0,0,-48.06,-43.23,[],0,0,[],[]
782410,783210,NA,NOF,0.0,31,pause,NA,NA,NA,NA,0.0,0,-45.39,-35.46,[],0,0,[],[]
783210,784030,NA,OLF,0.0,31,pause,NA,NA,NA,NA,0.0,0,-21.68,-11.72,[],0,0,[],[]
784030,785790,NA,NOF,0.0,31,pause,NA,NA,NA,NA,0.0,0,-24.81,-13.87,[],0,0,[],[]
785790,786790,NA,CHF,0.0,31,pause,NA,NA,NA,NA,0.0,0,-23.84,-14.09,[],0,1000,[],"[{'start': 785.79, 'end': 786.79}]"
786790,789450,NA,NOF,0.0,31,pause,NA,NA,NA,NA,0.0,0,-28.5,-16.68,[],0,0,[],[]
789450,790940,NA,SIL,0.0,31,pause,NA,NA,NA,NA,0.0,0,-40.2,-23.53,[],0,0,[],[]
790940,791740,NA,NOF,0.0,31,pause,NA,NA,NA,NA,0.0,0,-29.49,-17.95,[],0,0,[],[]
791740,792540,NA,SIL,0.0,31,pause,NA,NA,NA,NA,0.0,0,-43.83,-32.94,[],0,0,[],[]
792540,795690,NA,NOF,0.0,31,pause,NA,NA,NA,NA,0.0,0,-19.73,-4.56,[],0,0,[],[]
795690,796490,NA,OLF,0.0,31,pause,NA,NA,NA,NA,0.0,0,-24.85,-14.93,[],0,0,[],[]
796490,798420,CHI,CHN,0.0,31,CM,BC,0,NT,FI,1.0,1930,-21.26,-16.48,"[{'Canonical-syllable': '0', 'Growl': '0', 'High-freq-energy': '0', 'Long-island': '0', 'Low-tilt-spectrum': '0', 'Medium-island': '0', 'Short-island': '0', 'Squeal': '0', 'Typical-entropy': '0', 'Voicing-quality': '1', 'Wide-band': '0', 'Xlong-island': '1', 'seq': '1', 'end': 798.42, 'start': 796.49}]",0,0,[],[]
798420,799240,NA,OLF,0.0,31,CM,NA,NA,NA,NA,0.0,0,-38.78,-30.03,[],0,0,[],[]
799240,799840,CHI,CHN,0.0,31,CM,RC,0,NT,FH,1.0,600,-20.73,-14.13,"[{'Canonical-syllable': '1', 'Growl': '0', 'High-freq-energy': '0', 'Long-island': '0', 'Low-tilt-spectrum': '1', 'Medium-island': '1', 'Short-island': '0', 'Squeal': '0', 'Typical-entropy': '1', 'Voicing-quality': '1', 'Wide-band': '0', 'Xlong-island': '0', 'seq': '1', 'end': 799.84, 'start': 799.24}]",0,0,[],[]
799840,800640,NA,OLN,0.0,31,CM,NA,NA,NA,NA,0.0,0,-22.17,-8.22,[],0,0,[],[]
800640,802010,CHI,CHN,0.0,31,CM,RC,0,NT,FH,1.0,1370,-13.64,-6.1,"[{'Canonical-syllable': '0', 'Growl': '0', 'High-freq-energy': '0', 'Long-island': '0', 'Low-tilt-spectrum': '0', 'Medium-island': '0', 'Short-island': '0', 'Squeal': '0', 'Typical-entropy': '1', 'Voicing-quality': '1', 'Wide-band': '0', 'Xlong-island': '1', 'seq': '1', 'end': 802.01, 'start': 800.64}]",0,0,[],[]
802010,805480,NA,OLN,0.0,31,CM,NA,NA,NA,NA,0.0,0,-20.07,-5.16,[],0,0,[],[]
805480,806870,CHI,CHN,0.0,31,CM,RC,0,NT,FH,2.0,1070,-19.81,-11.39,"[{'Canonical-syllable': '1', 'Growl': '0', 'High-freq-energy': '0', 'Long-island': '0', 'Low-tilt-spectrum': '0', 'Medium-island': '1', 'Short-island': '0', 'Squeal': '0', 'Typical-entropy': '0', 'Voicing-quality': '1', 'Wide-band': '0', 'Xlong-island': '0', 'seq': '1', 'end': 805.93, 'start': 805.57}, {'Canonical-syllable': '0', 'Growl': '1', 'High-freq-energy': '0', 'Long-island': '0', 'Low-tilt-spectrum': '0', 'Medium-island': '0', 'Short-island': '2', 'Squeal': '0', 'Typical-entropy': '0', 'Voicing-quality': '2', 'Wide-band': '0', 'Xlong-island': '0', 'seq': '2', 'end': 806.87, 'start': 806.25}]",0,0,[],[]
806870,807670,NA,OLN,0.0,31,CM,NA,NA,NA,NA,0.0,0,-16.9,-8.8,[],0,0,[],[]
807670,808560,NA,NOF,0.0,31,CM,NA,NA,NA,NA,0.0,0,-34.9,-24.42,[],0,0,[],[]
808560,811010,CHI,CHN,0.0,31,CM,RC,0,NT,FH,1.0,2380,-14.5,-11.52,"[{'Canonical-syllable': '0', 'Growl': '0', 'High-freq-energy': '0', 'Long-island': '0', 'Low-tilt-spectrum': '0', 'Medium-island': '0', 'Short-island': '0', 'Squeal': '0', 'Typical-entropy': '0', 'Voicing-quality': '1', 'Wide-band': '0', 'Xlong-island': '1', 'seq': '1', 'end': 810.94, 'start': 808.56}]",0,0,[],[]
811010,812490,NA,NOF,0.0,31,CM,NA,NA,NA,NA,0.0,0,-27.35,-13.12,[],0,0,[],[]
812490,813090,CHI,CHN,0.0,31,CM,RC,0,NT,FH,1.0,600,-13.06,-3.77,"[{'Canonical-syllable': '0', 'Growl': '2', 'High-freq-energy': '0', 'Long-island': '0', 'Low-tilt-spectrum': '1', 'Medium-island': '0', 'Short-island': '2', 'Squeal': '0', 'Typical-entropy': '2', 'Voicing-quality': '2', 'Wide-band': '0', 'Xlong-island': '0', 'seq': '1', 'end': 813.09, 'start': 812.49}]",0,0,[],[]
813090,813980,NA,OLN,0.0,31,CM,NA,NA,NA,NA,0.0,0,-25.68,-17.76,[],0,0,[],[]
813980,815050,NA,NOF,0.0,31,CM,NA,NA,NA,NA,0.0,0,-40.08,-32.09,[],0,0,[],[]
815050,815970,CHI,CHN,0.0,31,CM,RC,0,NT,FH,1.0,920,-26.86,-17.95,"[{'Canonical-syllable': '0', 'Growl': '1', 'High-freq-energy': '0', 'Long-island': '0', 'Low-tilt-spectrum': '1', 'Medium-island': '2', 'Short-island': '0', 'Squeal': '0', 'Typical-entropy': '2', 'Voicing-quality': '2', 'Wide-band': '1', 'Xlong-island': '0', 'seq': '1', 'end': 815.97, 'start': 815.05}]",0,0,[],[]
815970,816860,NA,OLN,0.0,31,CM,NA,NA,NA,NA,0.0,0,-23.31,-16.45,[],0,0,[],[]
816860,818380,CHI,CHN,0.0,31,CM,RC,0,NT,FH,1.0,1520,-22.68,-15.16,"[{'Canonical-syllable': '0', 'Growl': '3', 'High-freq-energy': '0', 'Long-island': '0', 'Low-tilt-spectrum': '1', 'Medium-island': '3', 'Short-island': '1', 'Squeal': '0', 'Typical-entropy': '2', 'Voicing-quality': '4', 'Wide-band': '0', 'Xlong-island': '0', 'seq': '1', 'end': 818.38, 'start': 816.86}]",0,0,[],[]
818380,819200,NA,OLF,0.0,31,CM,NA,NA,NA,NA,0.0,0,-38.09,-27.86,[],0,0,[],[]
819200,820250,CHI,CHN,0.0,31,CM,RC,0,NT,FH,1.0,430,-21.32,-10.94,"[{'Canonical-syllable': '0', 'Growl': '0', 'High-freq-energy': '0', 'Long-island': '0', 'Low-tilt-spectrum': '0', 'Medium-island': '1', 'Short-island': '0', 'Squeal': '0', 'Typical-entropy': '0', 'Voicing-quality': '1', 'Wide-band': '0', 'Xlong-island': '0', 'seq': '1', 'end': 819.63, 'start': 819.2}]",0,0,[],[]
820250,820880,CHI,CHN,0.0,31,CM,EC,0,NT,FH,1.0,630,-21.5,-18.47,"[{'Canonical-syllable': '0', 'Growl': '1', 'High-freq-energy': '0', 'Long-island': '0', 'Low-tilt-spectrum': '0', 'Medium-island': '1', 'Short-island': '0', 'Squeal': '0', 'Typical-entropy': '1', 'Voicing-quality': '1', 'Wide-band': '0', 'Xlong-island': '0', 'seq': '1', 'end': 820.88, 'start': 820.25}]",0,0,[],[]
820880,834070,NA,NOF,0.0,32,pause,NA,NA,NA,NA,0.0,0,-16.17,-2.41,[],0,0,[],[]
834070,834870,NA,OLF,0.0,32,pause,NA,NA,NA,NA,0.0,0,-18.21,-8.13,[],0,0,[],[]
834870,839290,NA,NOF,0.0,32,pause,NA,NA,NA,NA,0.0,0,-15.3,-2.91,[],0,0,[],[]
839290,839930,CHI,CHN,0.0,32,CM,EC,0,NT,FI,1.0,640,-18.87,-6.81,"[{'Canonical-syllable': '0', 'Growl': '1', 'High-freq-energy': '1', 'Long-island': '0', 'Low-tilt-spectrum': '2', 'Medium-island': '0', 'Short-island': '1', 'Squeal': '0', 'Typical-entropy': '2', 'Voicing-quality': '1', 'Wide-band': '1', 'Xlong-island': '0', 'seq': '1', 'end': 839.93, 'start': 839.37}]",0,0,[],[]
839930,850130,NA,NOF,0.0,33,pause,NA,NA,NA,NA,0.0,0,-15.65,-2.49,[],0,0,[],[]
850130,851100,NA,OLF,0.0,33,pause,NA,NA,NA,NA,0.0,0,-17.13,-6.99,[],0,0,[],[]
851100,858240,NA,NOF,0.0,33,pause,NA,NA,NA,NA,0.0,0,-18.74,-4.17,[],0,0,[],[]
858240,858840,CHI,CHN,0.0,33,CM,EC,0,NT,FI,1.0,130,-31.08,-18.36,"[{'Canonical-syllable': '0', 'Growl': '1', 'High-freq-energy': '1', 'Long-island': '0', 'Low-tilt-spectrum': '1', 'Medium-island': '0', 'Short-island': '1', 'Squeal': '0', 'Typical-entropy': '1', 'Voicing-quality': '0', 'Wide-band': '0', 'Xlong-island': '0', 'seq': '1', 'end': 858.72, 'start': 858.59}]",0,0,[],[]
858840,866840,NA,NOF,0.0,34,pause,NA,NA,NA,NA,0.0,0,-12.49,-3.14,[],0,0,[],[]
866840,867720,NA,SIL,0.0,34,pause,NA,NA,NA,NA,0.0,0,-32.32,-31.26,[],0,0,[],[]
867720,870850,NA,NOF,0.0,34,pause,NA,NA,NA,NA,0.0,0,-27.85,-18.23,[],0,0,[],[]
870850,871560,CHI,CHN,0.0,34,pause,NA,NA,NA,NA,0.0,0,-14.9,-5.4,[],0,430,[],"[{'start': 871.04, 'end': 871.47}]"
871560,877000,NA,NOF,0.0,34,pause,NA,NA,NA,NA,0.0,0,-15.74,-3.38,[],0,0,[],[]
877000,877800,NA,OLF,0.0,34,pause,NA,NA,NA,NA,0.0,0,-11.29,-5.02,[],0,0,[],[]
877800,883910,NA,NOF,0.0,34,pause,NA,NA,NA,NA,0.0,0,-19.53,-2.75,[],0,0,[],[]
883910,884550,NA,CHF,0.0,34,pause,NA,NA,NA,NA,0.0,0,-11.69,-2.53,[],0,300,[],"[{'start': 884.25, 'end': 884.55}]"
884550,886440,NA,NOF,0.0,34,pause,NA,NA,NA,NA,0.0,0,-16.46,-3.19,[],0,0,[],[]
886440,887240,NA,OLN,0.0,34,pause,NA,NA,NA,NA,0.0,0,-14.84,-2.99,[],0,0,[],[]
887240,888260,CHI,CHN,0.0,34,CM,EC,0,NT,FI,1.0,930,-16.45,-3.79,"[{'Canonical-syllable': '0', 'Growl': '2', 'High-freq-energy': '0', 'Long-island': '0', 'Low-tilt-spectrum': '1', 'Medium-island': '1', 'Short-island': '2', 'Squeal': '1', 'Typical-entropy': '3', 'Voicing-quality': '2', 'Wide-band': '1', 'Xlong-island': '0', 'seq': '1', 'end': 888.17, 'start': 887.24}]",0,0,[],[]
888260,894800,NA,NOF,0.0,35,pause,NA,NA,NA,NA,0.0,0,-17.31,-2.93,[],0,0,[],[]
894800,895610,NA,OLN,0.0,35,pause,NA,NA,NA,NA,0.0,0,-20.89,-8.63,[],0,0,[],[]
895610,896570,CHI,CHN,0.0,35,pause,NA,NA,NA,NA,0.0,0,-36.71,-26.62,[],0,400,[],"[{'start': 895.8, 'end': 896.2}]"
896570,897510,NA,SIL,0.0,35,pause,NA,NA,NA,NA,0.0,0,-43.51,-39.83,[],0,0,[],[]
897510,898120,NA,OLF,0.0,35,pause,NA,NA,NA,NA,0.0,0,-33.58,-22.6,[],0,0,[],[]
898120,900190,NA,NOF,0.0,35,pause,NA,NA,NA,NA,0.0,0,-33.37,-18.02,[],0,0,[],[]
900190,902660,CHI,CHN,0.0,35,CM,EC,0,NT,FI,3.0,1820,-21.98,-11.02,"[{'Canonical-syllable': '0', 'Growl': '1', 'High-freq-energy': '0', 'Long-island': '0', 'Low-tilt-spectrum': '0', 'Medium-island': '0', 'Short-island': '0', 'Squeal': '0', 'Typical-entropy': '0', 'Voicing-quality': '1', 'Wide-band': '1', 'Xlong-island': '0', 'seq': '1', 'end': 900.48, 'start': 900.39}, {'Canonical-syllable': '0', 'Growl': '0', 'High-freq-energy': '0', 'Long-island': '1', 'Low-tilt-spectrum': '0', 'Medium-island': '0', 'Short-island': '0', 'Squeal': '0', 'Typical-entropy': '0', 'Voicing-quality': '1', 'Wide-band': '0', 'Xlong-island': '0', 'seq': '2', 'end': 901.53, 'start': 900.81}, {'Canonical-syllable': '0', 'Growl': '1', 'High-freq-energy': '0', 'Long-island': '0', 'Low-tilt-spectrum': '0', 'Medium-island': '1', 'Short-island': '0', 'Squeal': '0', 'Typical-entropy': '0', 'Voicing-quality': '2', 'Wide-band': '0', 'Xlong-island': '0', 'seq': '3', 'end': 902.66, 'start': 901.85}]",0,0,[],[]
902660,903780,NA,NOF,0.0,36,pause,NA,NA,NA,NA,0.0,0,-47.12,-44.13,[],0,0,[],[]
903780,913190,NA,SIL,0.0,36,pause,NA,NA,NA,NA,0.0,0,-48.04,-38.21,[],0,0,[],[]
913190,914010,NA,CHF,0.0,36,pause,NA,NA,NA,NA,0.0,0,-47.03,-39.0,[],0,820,[],"[{'start': 913.19, 'end': 914.01}]"
914010,914970,NA,SIL,0.0,36,pause,NA,NA,NA,NA,0.0,0,-49.42,-44.95,[],0,0,[],[]
914970,917440,NA,NOF,0.0,36,pause,NA,NA,NA,NA,0.0,0,-43.46,-31.49,[],0,0,[],[]
917440,920590,NA,SIL,0.0,36,pause,NA,NA,NA,NA,0.0,0,-47.05,-28.43,[],0,0,[],[]
920590,922520,NA,NOF,0.0,36,pause,NA,NA,NA,NA,0.0,0,-46.72,-30.26,[],0,0,[],[]
922520,923640,NA,SIL,0.0,36,pause,NA,NA,NA,NA,0.0,0,-49.12,-42.78,[],0,0,[],[]
923640,924940,NA,NOF,0.0,36,pause,NA,NA,NA,NA,0.0,0,-44.96,-28.09,[],0,0,[],[]
924940,925740,NA,SIL,0.0,36,pause,NA,NA,NA,NA,0.0,0,-47.67,-35.36,[],0,0,[],[]
925740,929220,NA,NOF,0.0,36,pause,NA,NA,NA,NA,0.0,0,-37.11,-22.31,[],0,0,[],[]
929220,930140,NA,SIL,0.0,36,pause,NA,NA,NA,NA,0.0,0,-39.83,-27.61,[],0,0,[],[]
930140,936860,NA,NOF,0.0,36,pause,NA,NA,NA,NA,0.0,0,-35.58,-18.37,[],0,0,[],[]
936860,937940,NA,SIL,0.0,36,pause,NA,NA,NA,NA,0.0,0,-44.39,-31.55,[],0,0,[],[]
937940,942130,NA,NOF,0.0,36,pause,NA,NA,NA,NA,0.0,0,-35.52,-17.4,[],0,0,[],[]
942130,943840,NA,SIL,0.0,36,pause,NA,NA,NA,NA,0.0,0,-48.62,-37.68,[],0,0,[],[]
943840,945680,NA,NOF,0.0,36,pause,NA,NA,NA,NA,0.0,0,-47.0,-40.77,[],0,0,[],[]
945680,949670,NA,SIL,0.0,36,pause,NA,NA,NA,NA,0.0,0,-48.62,-35.73,[],0,0,[],[]
949670,951720,NA,NOF,0.0,36,pause,NA,NA,NA,NA,0.0,0,-42.55,-30.99,[],0,0,[],[]
951720,952520,NA,SIL,0.0,36,pause,NA,NA,NA,NA,0.0,0,-43.67,-31.1,[],0,0,[],[]
952520,954740,NA,NON,0.0,36,pause,NA,NA,NA,NA,0.0,0,-33.47,-15.08,[],0,0,[],[]
954740,956280,NA,CXF,0.0,36,pause,NA,NA,NA,NA,0.0,0,-37.22,-27.9,[],0,0,[],[]
956280,957480,NA,OLN,0.0,36,pause,NA,NA,NA,NA,0.0,0,-26.2,-14.77,[],0,0,[],[]
957480,959100,NA,NOF,0.0,36,pause,NA,NA,NA,NA,0.0,0,-43.86,-39.79,[],0,0,[],[]
959100,961580,NA,SIL,0.0,36,pause,NA,NA,NA,NA,0.0,0,-43.36,-37.64,[],0,0,[],[]
961580,962970,NA,TVF,0.0,36,pause,NA,NA,NA,NA,0.0,0,-42.68,-37.43,[],0,0,[],[]
962970,963920,NA,SIL,0.0,36,pause,NA,NA,NA,NA,0.0,0,-43.74,-38.04,[],0,0,[],[]
963920,964830,NA,OLF,0.0,36,pause,NA,NA,NA,NA,0.0,0,-42.42,-37.69,[],0,0,[],[]
964830,965980,NA,TVF,0.0,36,pause,NA,NA,NA,NA,0.0,0,-42.41,-37.07,[],0,0,[],[]
965980,970160,NA,SIL,0.0,36,pause,NA,NA,NA,NA,0.0,0,-43.27,-38.35,[],0,0,[],[]
970160,971160,NA,TVF,0.0,36,pause,NA,NA,NA,NA,0.0,0,-41.91,-38.85,[],0,0,[],[]
971160,973330,NA,SIL,0.0,36,pause,NA,NA,NA,NA,0.0,0,-42.64,-37.16,[],0,0,[],[]
973330,975860,NA,TVF,0.0,36,pause,NA,NA,NA,NA,0.0,0,-42.33,-37.42,[],0,0,[],[]
975860,976780,NA,SIL,0.0,36,pause,NA,NA,NA,NA,0.0,0,-42.55,-37.35,[],0,0,[],[]
976780,977580,NA,TVF,0.0,36,pause,NA,NA,NA,NA,0.0,0,-42.93,-37.01,[],0,0,[],[]
977580,978450,NA,SIL,0.0,36,pause,NA,NA,NA,NA,0.0,0,-43.33,-38.95,[],0,0,[],[]
978450,980450,NA,TVF,0.0,36,pause,NA,NA,NA,NA,0.0,0,-42.07,-36.51,[],0,0,[],[]
980450,982740,NA,SIL,0.0,36,pause,NA,NA,NA,NA,0.0,0,-44.15,-39.21,[],0,0,[],[]
982740,983750,NA,TVF,0.0,36,pause,NA,NA,NA,NA,0.0,0,-43.49,-38.75,[],0,0,[],[]
983750,988260,NA,SIL,0.0,36,pause,NA,NA,NA,NA,0.0,0,-43.62,-36.51,[],0,0,[],[]
988260,989170,OCH,CXN,0.0,36,XM,EC,0,NT,FI,0.0,0,-39.75,-33.47,[],0,0,[],[]
989170,990220,NA,TVF,0.0,37,pause,NA,NA,NA,NA,0.0,0,-40.71,-34.08,[],0,0,[],[]
990220,995090,NA,SIL,0.0,37,pause,NA,NA,NA,NA,0.0,0,-43.54,-36.49,[],0,0,[],[]
995090,996120,NA,TVF,0.0,37,pause,NA,NA,NA,NA,0.0,0,-42.76,-38.42,[],0,0,[],[]
996120,999650,NA,SIL,0.0,37,pause,NA,NA,NA,NA,0.0,0,-43.64,-36.8,[],0,0,[],[]
999650,1001370,NA,TVF,0.0,37,pause,NA,NA,NA,NA,0.0,0,-42.05,-32.61,[],0,0,[],[]
1001370,1002260,NA,SIL,0.0,37,pause,NA,NA,NA,NA,0.0,0,-43.21,-38.16,[],0,0,[],[]
1002260,1003750,NA,TVF,0.0,37,pause,NA,NA,NA,NA,0.0,0,-43.16,-37.71,[],0,0,[],[]
1003750,1009060,NA,SIL,0.0,37,pause,NA,NA,NA,NA,0.0,0,-43.31,-36.91,[],0,0,[],[]
1009060,1009660,NA,MAF,0.0,37,pause,NA,NA,NA,NA,0.0,0,-41.87,-38.16,[],0,0,[],[]
1009660,1012300,NA,SIL,0.0,37,pause,NA,NA,NA,NA,0.0,0,-43.83,-37.79,[],0,0,[],[]
1012300,1013660,NA,TVF,0.0,37,pause,NA,NA,NA,NA,0.0,0,-42.12,-38.02,[],0,0,[],[]
1013660,1031700,NA,SIL,0.0,37,pause,NA,NA,NA,NA,0.0,0,-43.69,-35.02,[],0,0,[],[]
1031700,1039650,NA,NON,0.0,37,pause,NA,NA,NA,NA,0.0,0,-43.87,-36.82,[],0,0,[],[]
1039650,1058610,NA,SIL,0.0,37,pause,NA,NA,NA,NA,0.0,0,-43.79,-36.76,[],0,0,[],[]
1058610,1059610,NA,TVF,0.0,37,pause,NA,NA,NA,NA,0.0,0,-43.2,-37.31,[],0,0,[],[]
1059610,1068050,NA,SIL,0.0,37,pause,NA,NA,NA,NA,0.0,0,-43.74,-37.99,[],0,0,[],[]
1068050,1069880,NA,NOF,0.0,37,pause,NA,NA,NA,NA,0.0,0,-44.01,-38.53,[],0,0,[],[]
1069880,1073150,NA,SIL,0.0,37,pause,NA,NA,NA,NA,0.0,0,-45.03,-38.92,[],0,0,[],[]
1073150,1074010,NA,NOF,0.0,37,pause,NA,NA,NA,NA,0.0,0,-43.75,-39.13,[],0,0,[],[]
1074010,1074850,NA,SIL,0.0,37,pause,NA,NA,NA,NA,0.0,0,-41.47,-30.06,[],0,0,[],[]
1074850,1078910,NA,NOF,0.0,37,pause,NA,NA,NA,NA,0.0,0,-40.83,-25.08,[],0,0,[],[]
1078910,1079750,NA,OLF,0.0,37,pause,NA,NA,NA,NA,0.0,0,-31.33,-19.24,[],0,0,[],[]
1079750,1081140,NA,NON,0.0,37,pause,NA,NA,NA,NA,0.0,0,-37.2,-30.61,[],0,0,[],[]
1081140,1082170,NA,MAF,0.0,37,pause,NA,NA,NA,NA,0.0,0,-41.83,-36.56,[],0,0,[],[]
1082170,1082980,NA,NOF,0.0,37,pause,NA,NA,NA,NA,0.0,0,-40.42,-34.97,[],0,0,[],[]
1082980,1084000,NA,OLN,0.0,37,pause,NA,NA,NA,NA,0.0,0,-39.32,-29.53,[],0,0,[],[]
1084000,1084820,NA,CXF,0.0,37,pause,NA,NA,NA,NA,0.0,0,-40.84,-34.19,[],0,0,[],[]
1084820,1086300,NA,SIL,0.0,37,pause,NA,NA,NA,NA,0.0,0,-44.24,-38.35,[],0,0,[],[]
1086300,1087320,NA,TVF,0.0,37,pause,NA,NA,NA,NA,0.0,0,-42.62,-37.38,[],0,0,[],[]
1087320,1088540,NA,MAF,0.0,37,pause,NA,NA,NA,NA,0.0,0,-40.2,-31.48,[],0,0,[],[]
1088540,1089540,NA,TVF,0.0,37,pause,NA,NA,NA,NA,0.0,0,-41.32,-32.13,[],0,0,[],[]
1089540,1090390,NA,SIL,0.0,37,pause,NA,NA,NA,NA,0.0,0,-41.83,-33.6,[],0,0,[],[]
1090390,1091620,NA,CXF,0.0,37,pause,NA,NA,NA,NA,0.0,0,-39.88,-34.21,[],0,0,[],[]
1091620,1093170,NA,OLF,0.0,37,pause,NA,NA,NA,NA,0.0,0,-37.79,-25.76,[],0,0,[],[]
1093170,1109060,NA,SIL,0.0,37,pause,NA,NA,NA,NA,0.0,0,-44.92,-37.0,[],0,0,[],[]
1109060,1109870,NA,NOF,0.0,37,pause,NA,NA,NA,NA,0.0,0,-38.87,-31.19,[],0,0,[],[]
1109870,1110740,NA,OLN,0.0,37,pause,NA,NA,NA,NA,0.0,0,-35.42,-26.79,[],0,0,[],[]
1110740,1112340,NA,NOF,0.0,37,pause,NA,NA,NA,NA,0.0,0,-40.2,-28.78,[],0,0,[],[]
1112340,1113850,NA,SIL,0.0,37,pause,NA,NA,NA,NA,0.0,0,-44.12,-37.44,[],0,0,[],[]
1113850,1116070,NA,TVF,0.0,37,pause,NA,NA,NA,NA,0.0,0,-43.98,-36.74,[],0,0,[],[]
1116070,1116870,NA,CXF,0.0,37,pause,NA,NA,NA,NA,0.0,0,-40.14,-30.72,[],0,0,[],[]
1116870,1118160,NA,TVN,0.0,37,pause,NA,NA,NA,NA,0.0,0,-43.68,-37.93,[],0,0,[],[]
1118160,1119100,NA,SIL,0.0,37,pause,NA,NA,NA,NA,0.0,0,-43.94,-39.96,[],0,0,[],[]
1119100,1119910,NA,TVF,0.0,37,pause,NA,NA,NA,NA,0.0,0,-34.68,-26.49,[],0,0,[],[]
1119910,1120780,NA,NOF,0.0,37,pause,NA,NA,NA,NA,0.0,0,-41.46,-30.03,[],0,0,[],[]
1120780,1128190,NA,SIL,0.0,37,pause,NA,NA,NA,NA,0.0,0,-47.62,-39.29,[],0,0,[],[]
1128190,1129720,NA,TVF,0.0,37,pause,NA,NA,NA,NA,0.0,0,-43.27,-38.31,[],0,0,[],[]
1129720,1131110,NA,MAF,0.0,37,pause,NA,NA,NA,NA,0.0,0,-44.91,-36.7,[],0,0,[],[]
1131110,1132410,NA,SIL,0.0,37,pause,NA,NA,NA,NA,0.0,0,-48.39,-43.73,[],0,0,[],[]
1132410,1133410,NA,TVF,0.0,37,pause,NA,NA,NA,NA,0.0,0,-46.77,-38.94,[],0,0,[],[]
1133410,1134760,NA,MAF,0.0,37,pause,NA,NA,NA,NA,0.0,0,-46.3,-40.47,[],0,0,[],[]
1134760,1139730,NA,SIL,0.0,37,pause,NA,NA,NA,NA,0.0,0,-49.26,-42.83,[],0,0,[],[]
1139730,1140730,NA,TVF,0.0,37,pause,NA,NA,NA,NA,0.0,0,-48.6,-44.99,[],0,0,[],[]
1140730,1144750,NA,SIL,0.0,37,pause,NA,NA,NA,NA,0.0,0,-48.95,-41.77,[],0,0,[],[]
1144750,1146720,NA,TVF,0.0,37,pause,NA,NA,NA,NA,0.0,0,-48.72,-41.47,[],0,0,[],[]
1146720,1147720,NA,MAF,0.0,37,pause,NA,NA,NA,NA,0.0,0,-43.56,-36.33,[],0,0,[],[]
1147720,1148570,NA,NOF,0.0,37,pause,NA,NA,NA,NA,0.0,0,-40.26,-31.65,[],0,0,[],[]
1148570,1151870,NA,SIL,0.0,37,pause,NA,NA,NA,NA,0.0,0,-48.84,-44.29,[],0,0,[],[]
1151870,1153920,NA,NOF,0.0,37,pause,NA,NA,NA,NA,0.0,0,-47.38,-39.59,[],0,0,[],[]
1153920,1158500,NA,SIL,0.0,37,pause,NA,NA,NA,NA,0.0,0,-49.53,-42.43,[],0,0,[],[]
1158500,1159420,NA,MAF,0.0,37,pause,NA,NA,NA,NA,0.0,0,-45.22,-39.71,[],0,0,[],[]
1159420,1163170,NA,NOF,0.0,37,pause,NA,NA,NA,NA,0.0,0,-43.54,-28.27,[],0,0,[],[]
1163170,1163970,NA,SIL,0.0,37,pause,NA,NA,NA,NA,0.0,0,-48.9,-44.85,[],0,0,[],[]
1163970,1164800,NA,NOF,0.0,37,pause,NA,NA,NA,NA,0.0,0,-42.18,-29.21,[],0,0,[],[]
1164800,1166130,NA,SIL,0.0,37,pause,NA,NA,NA,NA,0.0,0,-49.34,-43.89,[],0,0,[],[]
1166130,1167550,NA,NOF,0.0,37,pause,NA,NA,NA,NA,0.0,0,-49.26,-42.64,[],0,0,[],[]
1167550,1169270,NA,SIL,0.0,37,pause,NA,NA,NA,NA,0.0,0,-49.7,-44.77,[],0,0,[],[]
1169270,1172050,NA,NOF,0.0,37,pause,NA,NA,NA,NA,0.0,0,-46.42,-36.86,[],0,0,[],[]
1172050,1182240,NA,SIL,0.0,37,pause,NA,NA,NA,NA,0.0,0,-47.64,-39.91,[],0,0,[],[]
1182240,1183600,NA,NOF,0.0,37,pause,NA,NA,NA,NA,0.0,0,-43.2,-32.65,[],0,0,[],[]
1183600,1185980,NA,SIL,0.0,37,pause,NA,NA,NA,NA,0.0,0,-48.31,-44.03,[],0,0,[],[]
1185980,1189050,NA,NOF,0.0,37,pause,NA,NA,NA,NA,0.0,0,-43.12,-35.25,[],0,0,[],[]
1189050,1190460,NA,FAF,0.0,37,pause,NA,NA,NA,NA,0.0,0,-37.61,-31.93,[],0,0,[],[]
1190460,1191940,NA,NOF,0.0,37,pause,NA,NA,NA,NA,0.0,0,-40.22,-26.46,[],0,0,[],[]
1191940,1193090,FEM,FAN,4.28,37,AIOCF,BC,0,NT,FI,0.0,0,-34.59,-27.38,[],0,0,[],[]
1193090,1193690,OCH,CXN,0.0,37,AIOCF,EC,0,NT,FI,0.0,0,-29.21,-24.73,[],0,0,[],[]
1193690,1195290,NA,OLF,0.0,38,pause,NA,NA,NA,NA,0.0,0,-33.92,-23.34,[],0,0,[],[]
1195290,1197050,NA,SIL,0.0,38,pause,NA,NA,NA,NA,0.0,0,-47.3,-41.1,[],0,0,[],[]
1197050,1197850,NA,MAF,0.0,38,pause,NA,NA,NA,NA,0.0,0,-44.55,-34.84,[],0,0,[],[]
1197850,1200130,NA,SIL,0.0,38,pause,NA,NA,NA,NA,0.0,0,-47.25,-41.17,[],0,0,[],[]
1200130,1201290,NA,TVF,0.0,38,pause,NA,NA,NA,NA,0.0,0,-38.07,-31.98,[],0,0,[],[]
1201290,1205720,NA,NOF,0.0,38,pause,NA,NA,NA,NA,0.0,0,-40.75,-25.5,[],0,0,[],[]
1205720,1207170,NA,MAF,0.0,38,pause,NA,NA,NA,NA,0.0,0,-38.48,-29.52,[],0,0,[],[]
1207170,1208780,NA,TVF,0.0,38,pause,NA,NA,NA,NA,0.0,0,-44.76,-34.03,[],0,0,[],[]
1208780,1209580,NA,SIL,0.0,38,pause,NA,NA,NA,NA,0.0,0,-49.54,-45.26,[],0,0,[],[]
1209580,1210930,NA,TVF,0.0,38,pause,NA,NA,NA,NA,0.0,0,-44.58,-35.17,[],0,0,[],[]
1210930,1211730,NA,SIL,0.0,38,pause,NA,NA,NA,NA,0.0,0,-46.65,-42.12,[],0,0,[],[]
1211730,1212530,NA,NOF,0.0,38,pause,NA,NA,NA,NA,0.0,0,-43.54,-32.82,[],0,0,[],[]
1212530,1213330,NA,SIL,0.0,38,pause,NA,NA,NA,NA,0.0,0,-46.18,-36.96,[],0,0,[],[]
1213330,1214870,NA,NOF,0.0,38,pause,NA,NA,NA,NA,0.0,0,-38.15,-26.64,[],0,0,[],[]
1214870,1215560,CHI,CHN,0.0,38,CIC,BC,0,TIFI,FI,1.0,450,-16.82,-11.79,"[{'Canonical-syllable': '0', 'Growl': '0', 'High-freq-energy': '0', 'Long-island': '0', 'Low-tilt-spectrum': '0', 'Medium-island': '1', 'Short-island': '0', 'Squeal': '0', 'Typical-entropy': '0', 'Voicing-quality': '1', 'Wide-band': '0', 'Xlong-island': '0', 'seq': '1', 'end': 1215.32, 'start': 1214.87}]",0,0,[],[]
1215560,1216730,FEM,FAN,4.8,38,CIC,EC,1,TIFR,FI,0.0,0,-19.64,-12.09,[],0,0,[],[]
1216730,1218520,NA,MAF,0.0,39,pause,NA,NA,NA,NA,0.0,0,-45.44,-39.04,[],0,0,[],[]
1218520,1219370,NA,SIL,0.0,39,pause,NA,NA,NA,NA,0.0,0,-44.25,-28.26,[],0,0,[],[]
1219370,1220370,NA,MAF,0.0,39,pause,NA,NA,NA,NA,0.0,0,-40.63,-26.41,[],0,0,[],[]
1220370,1221530,NA,SIL,0.0,39,pause,NA,NA,NA,NA,0.0,0,-44.22,-30.75,[],0,0,[],[]
1221530,1223020,NA,TVF,0.0,39,pause,NA,NA,NA,NA,0.0,0,-45.64,-41.99,[],0,0,[],[]
1223020,1224020,NA,MAF,0.0,39,pause,NA,NA,NA,NA,0.0,0,-44.99,-37.11,[],0,0,[],[]
1224020,1226830,NA,TVF,0.0,39,pause,NA,NA,NA,NA,0.0,0,-45.48,-34.17,[],0,0,[],[]
1226830,1228530,NA,SIL,0.0,39,pause,NA,NA,NA,NA,0.0,0,-43.13,-28.08,[],0,0,[],[]
1228530,1229530,NA,MAF,0.0,39,pause,NA,NA,NA,NA,0.0,0,-39.59,-31.22,[],0,0,[],[]
1229530,1233200,NA,SIL,0.0,39,pause,NA,NA,NA,NA,0.0,0,-47.71,-41.91,[],0,0,[],[]
1233200,1234000,NA,MAF,0.0,39,pause,NA,NA,NA,NA,0.0,0,-44.95,-36.65,[],0,0,[],[]
1234000,1238170,NA,SIL,0.0,39,pause,NA,NA,NA,NA,0.0,0,-46.5,-35.15,[],0,0,[],[]
1238170,1239180,NA,MAF,0.0,39,pause,NA,NA,NA,NA,0.0,0,-43.61,-38.45,[],0,0,[],[]
1239180,1239980,NA,NOF,0.0,39,pause,NA,NA,NA,NA,0.0,0,-45.52,-39.55,[],0,0,[],[]
1239980,1241170,NA,SIL,0.0,39,pause,NA,NA,NA,NA,0.0,0,-46.16,-31.38,[],0,0,[],[]
1241170,1242170,NA,MAF,0.0,39,pause,NA,NA,NA,NA,0.0,0,-36.26,-29.62,[],0,0,[],[]
1242170,1242990,NA,NOF,0.0,39,pause,NA,NA,NA,NA,0.0,0,-44.94,-35.98,[],0,0,[],[]
1242990,1245490,NA,SIL,0.0,39,pause,NA,NA,NA,NA,0.0,0,-47.61,-30.71,[],0,0,[],[]
1245490,1246300,NA,MAF,0.0,39,pause,NA,NA,NA,NA,0.0,0,-39.6,-26.5,[],0,0,[],[]
1246300,1247180,NA,SIL,0.0,39,pause,NA,NA,NA,NA,0.0,0,-48.88,-41.12,[],0,0,[],[]
1247180,1247780,CHI,CHN,0.0,39,pause,NA,NA,NA,NA,0.0,0,-34.14,-22.98,[],0,410,"[{'start': 1247.29, 'end': 1247.59}]","[{'start': 1247.59, 'end': 1247.7}]"
1247780,1249890,NA,NOF,0.0,39,pause,NA,NA,NA,NA,0.0,0,-46.32,-39.73,[],0,0,[],[]
1249890,1252980,NA,SIL,0.0,39,pause,NA,NA,NA,NA,0.0,0,-49.5,-41.8,[],0,0,[],[]
1252980,1254610,NA,NOF,0.0,39,pause,NA,NA,NA,NA,0.0,0,-43.66,-25.8,[],0,0,[],[]
1254610,1256370,NA,SIL,0.0,39,pause,NA,NA,NA,NA,0.0,0,-49.78,-43.82,[],0,0,[],[]
1256370,1257370,NA,FAF,0.0,39,pause,NA,NA,NA,NA,0.0,0,-40.88,-25.43,[],0,0,[],[]
1257370,1259020,NA,NOF,0.0,39,pause,NA,NA,NA,NA,0.0,0,-44.65,-29.42,[],0,0,[],[]
1259020,1259840,NA,SIL,0.0,39,pause,NA,NA,NA,NA,0.0,0,-48.62,-43.87,[],0,0,[],[]
1259840,1260640,NA,NOF,0.0,39,pause,NA,NA,NA,NA,0.0,0,-48.08,-44.83,[],0,0,[],[]
1260640,1263150,NA,SIL,0.0,39,pause,NA,NA,NA,NA,0.0,0,-50.04,-43.76,[],0,0,[],[]
1263150,1264050,NA,NOF,0.0,39,pause,NA,NA,NA,NA,0.0,0,-49.1,-43.76,[],0,0,[],[]
1264050,1264970,NA,SIL,0.0,39,pause,NA,NA,NA,NA,0.0,0,-50.24,-45.42,[],0,0,[],[]
1264970,1268630,NA,NOF,0.0,39,pause,NA,NA,NA,NA,0.0,0,-44.35,-30.49,[],0,0,[],[]
1268630,1270310,NA,SIL,0.0,39,pause,NA,NA,NA,NA,0.0,0,-47.04,-36.07,[],0,0,[],[]
1270310,1271160,FEM,FAN,2.95,39,AMF,EC,0,NT,FI,0.0,0,-36.44,-19.33,[],0,0,[],[]
1271160,1282420,NA,SIL,0.0,40,pause,NA,NA,NA,NA,0.0,0,-49.01,-36.15,[],0,0,[],[]
1282420,1283390,NA,NOF,0.0,40,pause,NA,NA,NA,NA,0.0,0,-41.39,-26.0,[],0,0,[],[]
1283390,1284450,NA,SIL,0.0,40,pause,NA,NA,NA,NA,0.0,0,-49.85,-44.84,[],0,0,[],[]
1284450,1285680,NA,NOF,0.0,40,pause,NA,NA,NA,NA,0.0,0,-49.4,-44.9,[],0,0,[],[]
1285680,1290140,NA,SIL,0.0,40,pause,NA,NA,NA,NA,0.0,0,-46.68,-26.99,[],0,0,[],[]
1290140,1291240,NA,TVF,0.0,40,pause,NA,NA,NA,NA,0.0,0,-47.44,-40.63,[],0,0,[],[]
1291240,1293290,NA,SIL,0.0,40,pause,NA,NA,NA,NA,0.0,0,-48.16,-36.69,[],0,0,[],[]
1293290,1294090,NA,NOF,0.0,40,pause,NA,NA,NA,NA,0.0,0,-45.78,-40.76,[],0,0,[],[]
1294090,1295680,NA,SIL,0.0,40,pause,NA,NA,NA,NA,0.0,0,-47.59,-39.18,[],0,0,[],[]
1295680,1296880,NA,TVF,0.0,40,pause,NA,NA,NA,NA,0.0,0,-48.88,-45.28,[],0,0,[],[]
1296880,1305970,NA,SIL,0.0,40,pause,NA,NA,NA,NA,0.0,0,-49.2,-39.66,[],0,0,[],[]
1305970,1306790,NA,MAF,0.0,40,pause,NA,NA,NA,NA,0.0,0,-44.79,-34.81,[],0,0,[],[]
1306790,1308760,NA,SIL,0.0,40,pause,NA,NA,NA,NA,0.0,0,-50.41,-45.61,[],0,0,[],[]
1308760,1309760,NA,FAF,0.0,40,pause,NA,NA,NA,NA,0.0,0,-46.87,-40.25,[],0,0,[],[]
1309760,1310560,NA,NOF,0.0,40,pause,NA,NA,NA,NA,0.0,0,-47.94,-39.16,[],0,0,[],[]
1310560,1312060,NA,TVF,0.0,40,pause,NA,NA,NA,NA,0.0,0,-50.03,-45.74,[],0,0,[],[]
1312060,1312880,NA,SIL,0.0,40,pause,NA,NA,NA,NA,0.0,0,-47.72,-42.69,[],0,0,[],[]
1312880,1314110,NA,TVF,0.0,40,pause,NA,NA,NA,NA,0.0,0,-48.3,-43.98,[],0,0,[],[]
1314110,1314910,NA,SIL,0.0,40,pause,NA,NA,NA,NA,0.0,0,-50.09,-45.89,[],0,0,[],[]
1314910,1316430,NA,TVF,0.0,40,pause,NA,NA,NA,NA,0.0,0,-41.18,-33.98,[],0,0,[],[]
1316430,1317650,NA,FAF,0.0,40,pause,NA,NA,NA,NA,0.0,0,-43.76,-37.97,[],0,0,[],[]
1317650,1318520,NA,SIL,0.0,40,pause,NA,NA,NA,NA,0.0,0,-49.45,-42.55,[],0,0,[],[]
1318520,1319520,NA,TVF,0.0,40,pause,NA,NA,NA,NA,0.0,0,-42.45,-37.92,[],0,0,[],[]
1319520,1320320,NA,NOF,0.0,40,pause,NA,NA,NA,NA,0.0,0,-48.32,-44.2,[],0,0,[],[]
1320320,1321350,NA,SIL,0.0,40,pause,NA,NA,NA,NA,0.0,0,-51.79,-47.68,[],0,0,[],[]
1321350,1322490,NA,TVF,0.0,40,pause,NA,NA,NA,NA,0.0,0,-47.8,-42.82,[],0,0,[],[]
1322490,1323490,NA,FAF,0.0,40,pause,NA,NA,NA,NA,0.0,0,-46.3,-40.84,[],0,0,[],[]
1323490,1325770,NA,SIL,0.0,40,pause,NA,NA,NA,NA,0.0,0,-50.6,-45.76,[],0,0,[],[]
1325770,1326780,NA,MAF,0.0,40,pause,NA,NA,NA,NA,0.0,0,-43.75,-37.68,[],0,0,[],[]
1326780,1327720,NA,NOF,0.0,40,pause,NA,NA,NA,NA,0.0,0,-44.09,-38.3,[],0,0,[],[]
1327720,1329190,NA,SIL,0.0,40,pause,NA,NA,NA,NA,0.0,0,-49.12,-40.51,[],0,0,[],[]
1329190,1330190,NA,TVF,0.0,40,pause,NA,NA,NA,NA,0.0,0,-43.78,-39.31,[],0,0,[],[]
1330190,1330990,NA,FAF,0.0,40,pause,NA,NA,NA,NA,0.0,0,-44.5,-40.02,[],0,0,[],[]
1330990,1332420,NA,TVF,0.0,40,pause,NA,NA,NA,NA,0.0,0,-49.26,-44.29,[],0,0,[],[]
1332420,1334120,NA,FAF,0.0,40,pause,NA,NA,NA,NA,0.0,0,-44.88,-38.51,[],0,0,[],[]
1334120,1335130,NA,TVF,0.0,40,pause,NA,NA,NA,NA,0.0,0,-48.25,-43.25,[],0,0,[],[]
1335130,1336470,NA,SIL,0.0,40,pause,NA,NA,NA,NA,0.0,0,-48.97,-42.07,[],0,0,[],[]
1336470,1337470,NA,TVF,0.0,40,pause,NA,NA,NA,NA,0.0,0,-47.23,-44.03,[],0,0,[],[]
1337470,1339950,NA,SIL,0.0,40,pause,NA,NA,NA,NA,0.0,0,-48.47,-41.31,[],0,0,[],[]
1339950,1340750,NA,NOF,0.0,40,pause,NA,NA,NA,NA,0.0,0,-48.57,-44.49,[],0,0,[],[]
1340750,1342980,NA,SIL,0.0,40,pause,NA,NA,NA,NA,0.0,0,-50.29,-41.82,[],0,0,[],[]
1342980,1343850,NA,FAF,0.0,40,pause,NA,NA,NA,NA,0.0,0,-45.62,-39.0,[],0,0,[],[]
1343850,1344730,NA,SIL,0.0,40,pause,NA,NA,NA,NA,0.0,0,-51.61,-49.2,[],0,0,[],[]
1344730,1345860,NA,TVF,0.0,40,pause,NA,NA,NA,NA,0.0,0,-49.74,-45.51,[],0,0,[],[]
1345860,1346740,NA,SIL,0.0,40,pause,NA,NA,NA,NA,0.0,0,-44.29,-37.61,[],0,0,[],[]
1346740,1347540,NA,FAF,0.0,40,pause,NA,NA,NA,NA,0.0,0,-47.54,-42.88,[],0,0,[],[]
1347540,1349370,NA,SIL,0.0,40,pause,NA,NA,NA,NA,0.0,0,-49.62,-44.28,[],0,0,[],[]
1349370,1350470,NA,FAF,0.0,40,pause,NA,NA,NA,NA,0.0,0,-46.79,-42.06,[],0,0,[],[]
1350470,1351470,NA,TVF,0.0,40,pause,NA,NA,NA,NA,0.0,0,-49.38,-43.89,[],0,0,[],[]
1351470,1353540,NA,SIL,0.0,40,pause,NA,NA,NA,NA,0.0,0,-46.2,-39.46,[],0,0,[],[]
1353540,1354540,NA,FAF,0.0,40,pause,NA,NA,NA,NA,0.0,0,-45.27,-40.76,[],0,0,[],[]
1354540,1356480,NA,SIL,0.0,40,pause,NA,NA,NA,NA,0.0,0,-49.37,-39.52,[],0,0,[],[]
1356480,1358290,NA,TVF,0.0,40,pause,NA,NA,NA,NA,0.0,0,-45.22,-37.2,[],0,0,[],[]
1358290,1360600,NA,SIL,0.0,40,pause,NA,NA,NA,NA,0.0,0,-48.08,-38.08,[],0,0,[],[]
1360600,1361440,NA,OLF,0.0,40,pause,NA,NA,NA,NA,0.0,0,-45.31,-39.5,[],0,0,[],[]
1361440,1362440,NA,MAF,0.0,40,pause,NA,NA,NA,NA,0.0,0,-42.01,-28.57,[],0,0,[],[]
1362440,1363570,NA,SIL,0.0,40,pause,NA,NA,NA,NA,0.0,0,-48.71,-37.15,[],0,0,[],[]
1363570,1366140,NA,NOF,0.0,40,pause,NA,NA,NA,NA,0.0,0,-44.0,-28.95,[],0,0,[],[]
1366140,1367710,NA,SIL,0.0,40,pause,NA,NA,NA,NA,0.0,0,-49.61,-44.95,[],0,0,[],[]
1367710,1368990,NA,NOF,0.0,40,pause,NA,NA,NA,NA,0.0,0,-45.59,-32.18,[],0,0,[],[]
1368990,1369790,NA,SIL,0.0,40,pause,NA,NA,NA,NA,0.0,0,-45.53,-37.36,[],0,0,[],[]
1369790,1371440,NA,NOF,0.0,40,pause,NA,NA,NA,NA,0.0,0,-44.88,-37.45,[],0,0,[],[]
1371440,1372470,NA,TVF,0.0,40,pause,NA,NA,NA,NA,0.0,0,-44.97,-36.96,[],0,0,[],[]
1372470,1373300,NA,SIL,0.0,40,pause,NA,NA,NA,NA,0.0,0,-50.3,-46.84,[],0,0,[],[]
1373300,1375010,NA,TVF,0.0,40,pause,NA,NA,NA,NA,0.0,0,-47.77,-41.54,[],0,0,[],[]
1375010,1376100,NA,SIL,0.0,40,pause,NA,NA,NA,NA,0.0,0,-51.01,-46.37,[],0,0,[],[]
1376100,1378150,NA,TVF,0.0,40,pause,NA,NA,NA,NA,0.0,0,-43.48,-27.97,[],0,0,[],[]
1378150,1379830,NA,TVN,0.0,40,pause,NA,NA,NA,NA,0.0,0,-47.91,-41.58,[],0,0,[],[]
1379830,1381010,NA,MAF,0.0,40,pause,NA,NA,NA,NA,0.0,0,-44.36,-37.99,[],0,0,[],[]
1381010,1382020,NA,TVF,0.0,40,pause,NA,NA,NA,NA,0.0,0,-45.79,-41.16,[],0,0,[],[]
1382020,1383160,NA,SIL,0.0,40,pause,NA,NA,NA,NA,0.0,0,-50.35,-43.14,[],0,0,[],[]
1383160,1386020,NA,TVF,0.0,40,pause,NA,NA,NA,NA,0.0,0,-45.43,-37.5,[],0,0,[],[]
1386020,1386940,NA,SIL,0.0,40,pause,NA,NA,NA,NA,0.0,0,-50.94,-43.03,[],0,0,[],[]
1386940,1389540,NA,TVF,0.0,40,pause,NA,NA,NA,NA,0.0,0,-46.39,-40.0,[],0,0,[],[]
1389540,1391170,NA,SIL,0.0,40,pause,NA,NA,NA,NA,0.0,0,-50.26,-43.01,[],0,0,[],[]
1391170,1395500,NA,TVF,0.0,40,pause,NA,NA,NA,NA,0.0,0,-46.21,-40.08,[],0,0,[],[]
1395500,1396500,NA,MAF,0.0,40,pause,NA,NA,NA,NA,0.0,0,-42.69,-35.87,[],0,0,[],[]
1396500,1398300,NA,NOF,0.0,40,pause,NA,NA,NA,NA,0.0,0,-43.95,-29.24,[],0,0,[],[]
1398300,1399400,NA,FAF,0.0,40,pause,NA,NA,NA,NA,0.0,0,-41.95,-34.62,[],0,0,[],[]
1399400,1400260,NA,NOF,0.0,40,pause,NA,NA,NA,NA,0.0,0,-47.33,-38.92,[],0,0,[],[]
1400260,1401080,NA,SIL,0.0,40,pause,NA,NA,NA,NA,0.0,0,-50.31,-45.62,[],0,0,[],[]
1401080,1402230,NA,MAF,0.0,40,pause,NA,NA,NA,NA,0.0,0,-48.31,-40.96,[],0,0,[],[]
1402230,1403540,NA,SIL,0.0,40,pause,NA,NA,NA,NA,0.0,0,-46.02,-27.9,[],0,0,[],[]
1403540,1405310,NA,NOF,0.0,40,pause,NA,NA,NA,NA,0.0,0,-46.61,-38.27,[],0,0,[],[]
1405310,1406360,NA,SIL,0.0,40,pause,NA,NA,NA,NA,0.0,0,-51.18,-47.42,[],0,0,[],[]
1406360,1407450,NA,TVF,0.0,40,pause,NA,NA,NA,NA,0.0,0,-47.38,-40.97,[],0,0,[],[]
1407450,1408330,NA,SIL,0.0,40,pause,NA,NA,NA,NA,0.0,0,-49.0,-43.64,[],0,0,[],[]
1408330,1409740,NA,TVF,0.0,40,pause,NA,NA,NA,NA,0.0,0,-49.3,-40.13,[],0,0,[],[]
1409740,1410750,NA,SIL,0.0,40,pause,NA,NA,NA,NA,0.0,0,-51.53,-48.25,[],0,0,[],[]
1410750,1411840,NA,TVF,0.0,40,pause,NA,NA,NA,NA,0.0,0,-49.71,-44.99,[],0,0,[],[]
1411840,1413490,NA,SIL,0.0,40,pause,NA,NA,NA,NA,0.0,0,-50.77,-46.44,[],0,0,[],[]
1413490,1415860,NA,TVF,0.0,40,pause,NA,NA,NA,NA,0.0,0,-47.97,-42.06,[],0,0,[],[]
1415860,1416720,NA,SIL,0.0,40,pause,NA,NA,NA,NA,0.0,0,-50.62,-47.07,[],0,0,[],[]
1416720,1417720,NA,TVF,0.0,40,pause,NA,NA,NA,NA,0.0,0,-50.4,-45.53,[],0,0,[],[]
1417720,1418520,NA,SIL,0.0,40,pause,NA,NA,NA,NA,0.0,0,-50.36,-43.48,[],0,0,[],[]
1418520,1420690,NA,TVF,0.0,40,pause,NA,NA,NA,NA,0.0,0,-49.22,-43.02,[],0,0,[],[]
1420690,1421530,NA,SIL,0.0,40,pause,NA,NA,NA,NA,0.0,0,-51.46,-47.86,[],0,0,[],[]
1421530,1424360,NA,TVF,0.0,40,pause,NA,NA,NA,NA,0.0,0,-48.87,-42.43,[],0,0,[],[]
1424360,1425300,NA,SIL,0.0,40,pause,NA,NA,NA,NA,0.0,0,-51.25,-46.74,[],0,0,[],[]
1425300,1428810,NA,TVF,0.0,40,pause,NA,NA,NA,NA,0.0,0,-49.88,-43.69,[],0,0,[],[]
1428810,1430280,NA,SIL,0.0,40,pause,NA,NA,NA,NA,0.0,0,-49.99,-43.77,[],0,0,[],[]
1430280,1431390,NA,TVF,0.0,40,pause,NA,NA,NA,NA,0.0,0,-49.14,-42.56,[],0,0,[],[]
1431390,1432200,NA,SIL,0.0,40,pause,NA,NA,NA,NA,0.0,0,-51.17,-45.96,[],0,0,[],[]
1432200,1434270,NA,TVF,0.0,40,pause,NA,NA,NA,NA,0.0,0,-48.92,-43.55,[],0,0,[],[]
1434270,1435630,NA,SIL,0.0,40,pause,NA,NA,NA,NA,0.0,0,-50.69,-46.19,[],0,0,[],[]
1435630,1437130,NA,TVF,0.0,40,pause,NA,NA,NA,NA,0.0,0,-50.06,-43.75,[],0,0,[],[]
1437130,1437930,NA,SIL,0.0,40,pause,NA,NA,NA,NA,0.0,0,-49.11,-44.14,[],0,0,[],[]
1437930,1441330,NA,NOF,0.0,40,pause,NA,NA,NA,NA,0.0,0,-46.43,-34.93,[],0,0,[],[]
1441330,1444660,NA,TVF,0.0,40,pause,NA,NA,NA,NA,0.0,0,-41.54,-30.37,[],0,0,[],[]
1444660,1445470,NA,SIL,0.0,40,pause,NA,NA,NA,NA,0.0,0,-51.09,-45.92,[],0,0,[],[]
1445470,1446510,NA,MAF,0.0,40,pause,NA,NA,NA,NA,0.0,0,-39.0,-33.69,[],0,0,[],[]
1446510,1448480,NA,TVF,0.0,40,pause,NA,NA,NA,NA,0.0,0,-49.58,-43.95,[],0,0,[],[]
1448480,1449310,NA,SIL,0.0,40,pause,NA,NA,NA,NA,0.0,0,-50.59,-45.74,[],0,0,[],[]
1449310,1450610,NA,MAF,0.0,40,pause,NA,NA,NA,NA,0.0,0,-45.05,-35.72,[],0,0,[],[]
1450610,1451520,NA,SIL,0.0,40,pause,NA,NA,NA,NA,0.0,0,-49.35,-44.32,[],0,0,[],[]
1451520,1452520,NA,MAF,0.0,40,pause,NA,NA,NA,NA,0.0,0,-44.8,-38.02,[],0,0,[],[]
1452520,1454710,NA,SIL,0.0,40,pause,NA,NA,NA,NA,0.0,0,-48.83,-34.92,[],0,0,[],[]
1454710,1456650,NA,TVF,0.0,40,pause,NA,NA,NA,NA,0.0,0,-48.99,-42.16,[],0,0,[],[]
1456650,1458110,NA,SIL,0.0,40,pause,NA,NA,NA,NA,0.0,0,-50.49,-45.64,[],0,0,[],[]
1458110,1459210,NA,MAF,0.0,40,pause,NA,NA,NA,NA,0.0,0,-46.13,-35.98,[],0,0,[],[]
1459210,1460540,NA,TVF,0.0,40,pause,NA,NA,NA,NA,0.0,0,-49.46,-43.66,[],0,0,[],[]
1460540,1461360,NA,SIL,0.0,40,pause,NA,NA,NA,NA,0.0,0,-50.72,-45.5,[],0,0,[],[]
1461360,1463010,NA,TVF,0.0,40,pause,NA,NA,NA,NA,0.0,0,-42.35,-34.48,[],0,0,[],[]
1463010,1463810,NA,SIL,0.0,40,pause,NA,NA,NA,NA,0.0,0,-50.15,-46.41,[],0,0,[],[]
1463810,1464810,NA,TVF,0.0,40,pause,NA,NA,NA,NA,0.0,0,-50.09,-45.27,[],0,0,[],[]
1464810,1467060,NA,SIL,0.0,40,pause,NA,NA,NA,NA,0.0,0,-48.63,-41.33,[],0,0,[],[]
1467060,1468060,NA,TVF,0.0,40,pause,NA,NA,NA,NA,0.0,0,-46.3,-41.19,[],0,0,[],[]
1468060,1468860,NA,SIL,0.0,40,pause,NA,NA,NA,NA,0.0,0,-48.99,-44.82,[],0,0,[],[]
1468860,1469860,NA,MAF,0.0,40,pause,NA,NA,NA,NA,0.0,0,-47.51,-43.02,[],0,0,[],[]
1469860,1471030,NA,SIL,0.0,40,pause,NA,NA,NA,NA,0.0,0,-47.44,-38.54,[],0,0,[],[]
1471030,1472030,NA,MAF,0.0,40,pause,NA,NA,NA,NA,0.0,0,-43.09,-36.92,[],0,0,[],[]
1472030,1474040,NA,TVF,0.0,40,pause,NA,NA,NA,NA,0.0,0,-45.64,-35.81,[],0,0,[],[]
1474040,1475440,NA,MAF,0.0,40,pause,NA,NA,NA,NA,0.0,0,-44.76,-33.83,[],0,0,[],[]
1475440,1476880,NA,NOF,0.0,40,pause,NA,NA,NA,NA,0.0,0,-35.23,-24.75,[],0,0,[],[]
1476880,1479190,NA,TVF,0.0,40,pause,NA,NA,NA,NA,0.0,0,-47.06,-36.57,[],0,0,[],[]
1479190,1481430,NA,SIL,0.0,40,pause,NA,NA,NA,NA,0.0,0,-48.96,-40.64,[],0,0,[],[]
1481430,1482750,NA,TVF,0.0,40,pause,NA,NA,NA,NA,0.0,0,-45.73,-37.86,[],0,0,[],[]
1482750,1483760,NA,MAF,0.0,40,pause,NA,NA,NA,NA,0.0,0,-44.9,-38.36,[],0,0,[],[]
1483760,1485220,NA,SIL,0.0,40,pause,NA,NA,NA,NA,0.0,0,-45.9,-32.29,[],0,0,[],[]
1485220,1486080,NA,MAF,0.0,40,pause,NA,NA,NA,NA,0.0,0,-47.42,-35.96,[],0,0,[],[]
1486080,1488640,NA,SIL,0.0,40,pause,NA,NA,NA,NA,0.0,0,-49.23,-43.09,[],0,0,[],[]
1488640,1489830,NA,MAF,0.0,40,pause,NA,NA,NA,NA,0.0,0,-39.84,-24.75,[],0,0,[],[]
1489830,1492150,NA,SIL,0.0,40,pause,NA,NA,NA,NA,0.0,0,-48.5,-42.39,[],0,0,[],[]
1492150,1493560,NA,MAF,0.0,40,pause,NA,NA,NA,NA,0.0,0,-46.49,-36.45,[],0,0,[],[]
1493560,1497510,NA,SIL,0.0,40,pause,NA,NA,NA,NA,0.0,0,-51.17,-42.54,[],0,0,[],[]
1497510,1498780,NA,TVF,0.0,40,pause,NA,NA,NA,NA,0.0,0,-43.04,-35.58,[],0,0,[],[]
1498780,1510700,NA,NOF,0.0,40,pause,NA,NA,NA,NA,0.0,0,-30.7,-5.21,[],0,0,[],[]
1510700,1511710,FEM,FAN,3.64,40,AMF,EC,0,NT,FI,0.0,0,-41.69,-32.32,[],0,0,[],[]
1511710,1514000,NA,SIL,0.0,41,pause,NA,NA,NA,NA,0.0,0,-50.13,-42.42,[],0,0,[],[]
1514000,1514840,NA,FAF,0.0,41,pause,NA,NA,NA,NA,0.0,0,-47.89,-40.1,[],0,0,[],[]
1514840,1516300,NA,NOF,0.0,41,pause,NA,NA,NA,NA,0.0,0,-49.11,-39.18,[],0,0,[],[]
1516300,1517100,NA,OLF,0.0,41,pause,NA,NA,NA,NA,0.0,0,-38.85,-24.38,[],0,0,[],[]
1517100,1520360,NA,NOF,0.0,41,pause,NA,NA,NA,NA,0.0,0,-42.79,-25.32,[],0,0,[],[]
1520360,1522070,FEM,FAN,2.52,41,AMF,EC,0,NT,FI,0.0,0,-35.18,-26.68,[],0,0,[],[]
1522070,1523070,NA,MAF,0.0,42,pause,NA,NA,NA,NA,0.0,0,-43.94,-32.68,[],0,0,[],[]
1523070,1524070,NA,NOF,0.0,42,pause,NA,NA,NA,NA,0.0,0,-21.26,-5.36,[],0,0,[],[]
1524070,1525690,NA,MAF,0.0,42,pause,NA,NA,NA,NA,0.0,0,-43.66,-27.21,[],0,0,[],[]
1525690,1526550,NA,OLF,0.0,42,pause,NA,NA,NA,NA,0.0,0,-18.37,-3.65,[],0,0,[],[]
1526550,1529200,NA,MAF,0.0,42,pause,NA,NA,NA,NA,0.0,0,-42.89,-24.8,[],0,0,[],[]
1529200,1530370,NA,NOF,0.0,42,pause,NA,NA,NA,NA,0.0,0,-20.16,-4.72,[],0,0,[],[]
1530370,1531480,NA,MAF,0.0,42,pause,NA,NA,NA,NA,0.0,0,-41.04,-30.17,[],0,0,[],[]
1531480,1532660,NA,NOF,0.0,42,pause,NA,NA,NA,NA,0.0,0,-22.22,-6.62,[],0,0,[],[]
1532660,1533670,NA,FAF,0.0,42,pause,NA,NA,NA,NA,0.0,0,-36.83,-30.0,[],0,0,[],[]
1533670,1534490,NA,MAF,0.0,42,pause,NA,NA,NA,NA,0.0,0,-46.24,-39.63,[],0,0,[],[]
1534490,1535670,NA,NOF,0.0,42,pause,NA,NA,NA,NA,0.0,0,-39.47,-28.13,[],0,0,[],[]
1535670,1536600,NA,OLF,0.0,42,pause,NA,NA,NA,NA,0.0,0,-22.82,-6.21,[],0,0,[],[]
1536600,1539740,NA,NOF,0.0,42,pause,NA,NA,NA,NA,0.0,0,-21.42,-3.16,[],0,0,[],[]
1539740,1540580,NA,SIL,0.0,42,pause,NA,NA,NA,NA,0.0,0,-47.01,-43.15,[],0,0,[],[]
1540580,1541760,NA,OLF,0.0,42,pause,NA,NA,NA,NA,0.0,0,-26.69,-8.64,[],0,0,[],[]
1541760,1545410,NA,NOF,0.0,42,pause,NA,NA,NA,NA,0.0,0,-40.13,-24.31,[],0,0,[],[]
1545410,1546880,NA,SIL,0.0,42,pause,NA,NA,NA,NA,0.0,0,-47.97,-39.75,[],0,0,[],[]
1546880,1547680,NA,OLF,0.0,42,pause,NA,NA,NA,NA,0.0,0,-48.51,-43.41,[],0,0,[],[]
1547680,1548480,NA,SIL,0.0,42,pause,NA,NA,NA,NA,0.0,0,-48.08,-41.8,[],0,0,[],[]
1548480,1551450,NA,NOF,0.0,42,pause,NA,NA,NA,NA,0.0,0,-42.1,-26.92,[],0,0,[],[]
1551450,1552480,OCH,CXN,0.0,42,XIC,BC,0,NT,FI,0.0,0,-20.33,-12.03,[],0,0,[],[]
1552480,1553480,FEM,FAN,9.34,42,XIC,RC,0,TIFI,FI,0.0,0,-31.25,-19.67,[],0,0,[],[]
1553480,1554080,CHI,CHN,0.0,42,XIC,RC,1,TIFR,FI,1.0,600,-15.58,-9.19,"[{'Canonical-syllable': '0', 'Growl': '0', 'High-freq-energy': '0', 'Long-island': '0', 'Low-tilt-spectrum': '0', 'Medium-island': '1', 'Short-island': '0', 'Squeal': '0', 'Typical-entropy': '0', 'Voicing-quality': '1', 'Wide-band': '0', 'Xlong-island': '0', 'seq': '1', 'end': 1554.08, 'start': 1553.48}]",0,0,[],[]
1554080,1555080,FEM,FAN,3.92,42,XIC,RC,1,TIFE,FI,0.0,0,-28.96,-16.85,[],0,0,[],[]
1555080,1557070,NA,NOF,0.0,42,XIC,NA,NA,NA,NA,0.0,0,-43.24,-33.39,[],0,0,[],[]
1557070,1557930,CHI,CHN,0.0,42,XIC,NA,NA,NA,NA,0.0,0,-15.39,-10.48,[],0,860,"[{'start': 1557.07, 'end': 1557.93}]",[]
1557930,1559230,OCH,CXN,0.0,42,XIC,EC,1,NT,FI,0.0,0,-19.17,-10.71,[],0,0,[],[]
1559230,1560070,NA,OLN,0.0,43,pause,NA,NA,NA,NA,0.0,0,-30.61,-22.59,[],0,0,[],[]
1560070,1560670,CHI,CHN,0.0,43,pause,NA,NA,NA,NA,0.0,0,-19.21,-13.41,[],0,310,"[{'start': 1560.28, 'end': 1560.59}]",[]
1560670,1561470,NA,MAF,0.0,43,pause,NA,NA,NA,NA,0.0,0,-45.08,-33.51,[],0,0,[],[]
1561470,1563140,NA,NOF,0.0,43,pause,NA,NA,NA,NA,0.0,0,-46.44,-34.84,[],0,0,[],[]
1563140,1564140,NA,MAF,0.0,43,pause,NA,NA,NA,NA,0.0,0,-48.52,-43.73,[],0,0,[],[]
1564140,1570000,NA,NOF,0.0,43,pause,NA,NA,NA,NA,0.0,0,-40.2,-22.47,[],0,0,[],[]
1570000,1570800,NA,SIL,0.0,43,pause,NA,NA,NA,NA,0.0,0,-51.87,-47.18,[],0,0,[],[]
1570800,1571600,NA,TVF,0.0,43,pause,NA,NA,NA,NA,0.0,0,-49.65,-39.11,[],0,0,[],[]
1571600,1572610,NA,SIL,0.0,43,pause,NA,NA,NA,NA,0.0,0,-50.13,-40.59,[],0,0,[],[]
1572610,1573540,NA,OLF,0.0,43,pause,NA,NA,NA,NA,0.0,0,-38.73,-24.89,[],0,0,[],[]
1573540,1574350,NA,NOF,0.0,43,pause,NA,NA,NA,NA,0.0,0,-45.84,-36.96,[],0,0,[],[]
1574350,1575370,NA,MAF,0.0,43,pause,NA,NA,NA,NA,0.0,0,-34.15,-19.52,[],0,0,[],[]
1575370,1576290,NA,NOF,0.0,43,pause,NA,NA,NA,NA,0.0,0,-24.77,-10.4,[],0,0,[],[]
1576290,1577350,NA,MAF,0.0,43,pause,NA,NA,NA,NA,0.0,0,-43.5,-28.32,[],0,0,[],[]
1577350,1578150,NA,SIL,0.0,43,pause,NA,NA,NA,NA,0.0,0,-50.27,-44.63,[],0,0,[],[]
1578150,1579150,NA,MAF,0.0,43,pause,NA,NA,NA,NA,0.0,0,-40.3,-29.79,[],0,0,[],[]
1579150,1582320,NA,NOF,0.0,43,pause,NA,NA,NA,NA,0.0,0,-35.43,-17.83,[],0,0,[],[]
1582320,1583350,NA,SIL,0.0,43,pause,NA,NA,NA,NA,0.0,0,-49.79,-43.33,[],0,0,[],[]
1583350,1584350,NA,TVF,0.0,43,pause,NA,NA,NA,NA,0.0,0,-48.96,-41.53,[],0,0,[],[]
1584350,1586950,NA,SIL,0.0,43,pause,NA,NA,NA,NA,0.0,0,-49.8,-42.55,[],0,0,[],[]
1586950,1588650,NA,NOF,0.0,43,pause,NA,NA,NA,NA,0.0,0,-44.54,-27.4,[],0,0,[],[]
1588650,1589450,NA,OLF,0.0,43,pause,NA,NA,NA,NA,0.0,0,-43.22,-35.34,[],0,0,[],[]
1589450,1591480,NA,NOF,0.0,43,pause,NA,NA,NA,NA,0.0,0,-38.82,-21.41,[],0,0,[],[]
1591480,1592290,NA,SIL,0.0,43,pause,NA,NA,NA,NA,0.0,0,-50.06,-41.97,[],0,0,[],[]
1592290,1593260,NA,OLF,0.0,43,pause,NA,NA,NA,NA,0.0,0,-23.24,-5.15,[],0,0,[],[]
1593260,1594060,NA,SIL,0.0,43,pause,NA,NA,NA,NA,0.0,0,-20.79,-2.08,[],0,0,[],[]
1594060,1594860,NA,NOF,0.0,43,pause,NA,NA,NA,NA,0.0,0,-24.28,-5.43,[],0,0,[],[]
1594860,1597170,NA,SIL,0.0,43,pause,NA,NA,NA,NA,0.0,0,-39.44,-18.9,[],0,0,[],[]
1597170,1598210,NA,NOF,0.0,43,pause,NA,NA,NA,NA,0.0,0,-47.35,-38.64,[],0,0,[],[]
1598210,1599920,NA,SIL,0.0,43,pause,NA,NA,NA,NA,0.0,0,-48.97,-41.25,[],0,0,[],[]
1599920,1600990,CHI,CHN,0.0,43,CIOCX,BC,0,NT,FI,1.0,380,-24.21,-16.83,"[{'Canonical-syllable': '0', 'Growl': '0', 'High-freq-energy': '0', 'Long-island': '0', 'Low-tilt-spectrum': '0', 'Medium-island': '1', 'Short-island': '0', 'Squeal': '0', 'Typical-entropy': '0', 'Voicing-quality': '1', 'Wide-band': '0', 'Xlong-island': '0', 'seq': '1', 'end': 1600.99, 'start': 1600.61}]",0,0,[],[]
1600990,1602070,OCH,CXN,0.0,43,CIOCX,EC,0,NT,FI,0.0,0,-25.13,-17.49,[],0,0,[],[]
1602070,1603990,NA,NOF,0.0,44,pause,NA,NA,NA,NA,0.0,0,-46.37,-35.48,[],0,0,[],[]
1603990,1605130,NA,SIL,0.0,44,pause,NA,NA,NA,NA,0.0,0,-49.05,-42.59,[],0,0,[],[]
1605130,1606110,NA,FAF,0.0,44,pause,NA,NA,NA,NA,0.0,0,-47.62,-40.68,[],0,0,[],[]
1606110,1607750,NA,SIL,0.0,44,pause,NA,NA,NA,NA,0.0,0,-49.92,-43.54,[],0,0,[],[]
1607750,1608550,NA,NOF,0.0,44,pause,NA,NA,NA,NA,0.0,0,-49.52,-43.11,[],0,0,[],[]
1608550,1612720,NA,SIL,0.0,44,pause,NA,NA,NA,NA,0.0,0,-50.06,-43.39,[],0,0,[],[]
1612720,1613330,NA,CXF,0.0,44,pause,NA,NA,NA,NA,0.0,0,-36.0,-31.51,[],0,0,[],[]
1613330,1621530,NA,SIL,0.0,44,pause,NA,NA,NA,NA,0.0,0,-49.91,-40.14,[],0,0,[],[]
1621530,1622820,NA,OLF,0.0,44,pause,NA,NA,NA,NA,0.0,0,-35.45,-15.95,[],0,0,[],[]
1622820,1624560,NA,SIL,0.0,44,pause,NA,NA,NA,NA,0.0,0,-49.89,-43.73,[],0,0,[],[]
1624560,1625360,NA,NOF,0.0,44,pause,NA,NA,NA,NA,0.0,0,-49.29,-44.38,[],0,0,[],[]
1625360,1627910,NA,SIL,0.0,44,pause,NA,NA,NA,NA,0.0,0,-50.04,-43.56,[],0,0,[],[]
1627910,1628910,NA,MAF,0.0,44,pause,NA,NA,NA,NA,0.0,0,-47.13,-44.39,[],0,0,[],[]
1628910,1630220,NA,SIL,0.0,44,pause,NA,NA,NA,NA,0.0,0,-47.81,-34.05,[],0,0,[],[]
1630220,1630820,NA,OLN,0.0,44,pause,NA,NA,NA,NA,0.0,0,-31.35,-24.49,[],0,0,[],[]
1630820,1631640,NA,SIL,0.0,44,pause,NA,NA,NA,NA,0.0,0,-48.54,-44.68,[],0,0,[],[]
1631640,1632460,NA,OLF,0.0,44,pause,NA,NA,NA,NA,0.0,0,-44.26,-30.08,[],0,0,[],[]
1632460,1634540,NA,SIL,0.0,44,pause,NA,NA,NA,NA,0.0,0,-47.97,-34.23,[],0,0,[],[]
1634540,1635520,NA,MAF,0.0,44,pause,NA,NA,NA,NA,0.0,0,-44.32,-31.66,[],0,0,[],[]
1635520,1636320,NA,SIL,0.0,44,pause,NA,NA,NA,NA,0.0,0,-40.71,-25.12,[],0,0,[],[]
1636320,1638280,NA,OLF,0.0,44,pause,NA,NA,NA,NA,0.0,0,-42.07,-30.12,[],0,0,[],[]
1638280,1639090,OCH,CXN,0.0,44,XIOCA,BC,0,NT,FI,0.0,0,-31.64,-22.5,[],0,0,[],[]
1639090,1640060,NA,NOF,0.0,44,XIOCA,NA,NA,NA,NA,0.0,0,-41.21,-25.7,[],0,0,[],[]
1640060,1641060,FEM,FAN,4.16,44,XIOCA,RC,0,NT,FI,0.0,0,-35.7,-28.67,[],0,0,[],[]
1641060,1643550,NA,OLF,0.0,44,XIOCA,NA,NA,NA,NA,0.0,0,-44.65,-29.46,[],0,0,[],[]
1643550,1644560,FEM,FAN,5.08,44,XIOCA,RC,0,NT,FH,0.0,0,-34.24,-26.03,[],0,0,[],[]
1644560,1645540,NA,SIL,0.0,44,XIOCA,NA,NA,NA,NA,0.0,0,-46.09,-32.68,[],0,0,[],[]
1645540,1646140,FEM,FAN,1.68,44,XIOCA,RC,0,NT,FH,0.0,0,-31.96,-26.44,[],0,0,[],[]
1646140,1647370,NA,OLF,0.0,44,XIOCA,NA,NA,NA,NA,0.0,0,-35.97,-24.09,[],0,0,[],[]
1647370,1648200,NA,NOF,0.0,44,XIOCA,NA,NA,NA,NA,0.0,0,-44.98,-36.6,[],0,0,[],[]
1648200,1649430,NA,SIL,0.0,44,XIOCA,NA,NA,NA,NA,0.0,0,-48.09,-38.28,[],0,0,[],[]
1649430,1650930,FEM,FAN,0.34,44,XIOCA,EC,0,NT,FH,0.0,0,-38.67,-28.84,[],0,0,[],[]
1650930,1651880,NA,NOF,0.0,45,pause,NA,NA,NA,NA,0.0,0,-46.33,-33.62,[],0,0,[],[]
1651880,1653420,NA,SIL,0.0,45,pause,NA,NA,NA,NA,0.0,0,-47.3,-39.59,[],0,0,[],[]
1653420,1659060,NA,NOF,0.0,45,pause,NA,NA,NA,NA,0.0,0,-39.95,-22.06,[],0,0,[],[]
1659060,1660270,NA,SIL,0.0,45,pause,NA,NA,NA,NA,0.0,0,-49.94,-44.68,[],0,0,[],[]
1660270,1662320,NA,NOF,0.0,45,pause,NA,NA,NA,NA,0.0,0,-39.55,-25.08,[],0,0,[],[]
1662320,1663170,NA,OLF,0.0,45,pause,NA,NA,NA,NA,0.0,0,-39.66,-30.32,[],0,0,[],[]
1663170,1664550,NA,NOF,0.0,45,pause,NA,NA,NA,NA,0.0,0,-42.78,-30.97,[],0,0,[],[]
1664550,1665440,NA,OLF,0.0,45,pause,NA,NA,NA,NA,0.0,0,-36.47,-24.44,[],0,0,[],[]
1665440,1666850,OCH,CXN,0.0,45,XM,EC,0,NT,FI,0.0,0,-16.26,-9.04,[],0,0,[],[]
1666850,1667650,NA,OLN,0.0,46,pause,NA,NA,NA,NA,0.0,0,-24.31,-16.86,[],0,0,[],[]
1667650,1668450,NA,NOF,0.0,46,pause,NA,NA,NA,NA,0.0,0,-39.39,-25.94,[],0,0,[],[]
1668450,1669250,NA,OLF,0.0,46,pause,NA,NA,NA,NA,0.0,0,-36.57,-27.6,[],0,0,[],[]
1669250,1672710,NA,NOF,0.0,46,pause,NA,NA,NA,NA,0.0,0,-44.81,-33.28,[],0,0,[],[]
1672710,1673310,NA,FAF,0.0,46,pause,NA,NA,NA,NA,0.0,0,-32.67,-24.69,[],0,0,[],[]
1673310,1674450,NA,SIL,0.0,46,pause,NA,NA,NA,NA,0.0,0,-50.67,-42.63,[],0,0,[],[]
1674450,1676400,NA,NON,0.0,46,pause,NA,NA,NA,NA,0.0,0,-31.49,-16.0,[],0,0,[],[]
1676400,1677430,NA,OLN,0.0,46,pause,NA,NA,NA,NA,0.0,0,-20.91,-4.64,[],0,0,[],[]
1677430,1684450,NA,NOF,0.0,46,pause,NA,NA,NA,NA,0.0,0,-40.66,-27.04,[],0,0,[],[]
1684450,1685420,NA,SIL,0.0,46,pause,NA,NA,NA,NA,0.0,0,-49.14,-44.11,[],0,0,[],[]
1685420,1686320,NA,NOF,0.0,46,pause,NA,NA,NA,NA,0.0,0,-28.51,-10.72,[],0,0,[],[]
1686320,1687320,NA,MAF,0.0,46,pause,NA,NA,NA,NA,0.0,0,-39.58,-25.73,[],0,0,[],[]
1687320,1688210,NA,SIL,0.0,46,pause,NA,NA,NA,NA,0.0,0,-50.87,-45.24,[],0,0,[],[]
1688210,1689080,NA,NOF,0.0,46,pause,NA,NA,NA,NA,0.0,0,-32.62,-15.95,[],0,0,[],[]
1689080,1691970,NA,SIL,0.0,46,pause,NA,NA,NA,NA,0.0,0,-51.06,-46.11,[],0,0,[],[]
1691970,1695060,NA,NOF,0.0,46,pause,NA,NA,NA,NA,0.0,0,-45.23,-28.95,[],0,0,[],[]
1695060,1696350,FEM,FAN,3.97,46,AICF,BC,0,TIFI,FI,0.0,0,-25.85,-12.68,[],0,0,[],[]
1696350,1697020,CHI,CHN,0.0,46,AICF,EC,1,TIFR,FI,1.0,230,-27.27,-18.18,"[{'Canonical-syllable': '1', 'Growl': '0', 'High-freq-energy': '0', 'Long-island': '0', 'Low-tilt-spectrum': '0', 'Medium-island': '0', 'Short-island': '1', 'Squeal': '0', 'Typical-entropy': '1', 'Voicing-quality': '1', 'Wide-band': '0', 'Xlong-island': '0', 'seq': '1', 'end': 1697.02, 'start': 1696.79}]",0,0,[],[]
1697020,1702570,NA,NOF,0.0,47,pause,NA,NA,NA,NA,0.0,0,-42.8,-24.58,[],0,0,[],[]
1702570,1703370,NA,SIL,0.0,47,pause,NA,NA,NA,NA,0.0,0,-51.33,-46.55,[],0,0,[],[]
1703370,1704170,NA,MAF,0.0,47,pause,NA,NA,NA,NA,0.0,0,-50.03,-41.57,[],0,0,[],[]
1704170,1706370,NA,SIL,0.0,47,pause,NA,NA,NA,NA,0.0,0,-52.51,-43.67,[],0,0,[],[]
1706370,1707880,NA,NOF,0.0,47,pause,NA,NA,NA,NA,0.0,0,-49.5,-43.3,[],0,0,[],[]
1707880,1709380,NA,SIL,0.0,47,pause,NA,NA,NA,NA,0.0,0,-51.04,-44.61,[],0,0,[],[]
1709380,1711580,NA,NOF,0.0,47,pause,NA,NA,NA,NA,0.0,0,-35.57,-13.71,[],0,0,[],[]
1711580,1712570,NA,OLF,0.0,47,pause,NA,NA,NA,NA,0.0,0,-44.84,-36.61,[],0,0,[],[]
1712570,1714230,NA,NOF,0.0,47,pause,NA,NA,NA,NA,0.0,0,-20.83,-2.7,[],0,0,[],[]
1714230,1715740,NA,OLN,0.0,47,pause,NA,NA,NA,NA,0.0,0,-14.61,-4.15,[],0,0,[],[]
1715740,1716860,NA,NOF,0.0,47,pause,NA,NA,NA,NA,0.0,0,-31.36,-21.52,[],0,0,[],[]
1716860,1717470,CHI,CHN,0.0,47,CM,EC,0,NT,FI,1.0,610,-27.74,-19.87,"[{'Canonical-syllable': '0', 'Growl': '1', 'High-freq-energy': '0', 'Long-island': '0', 'Low-tilt-spectrum': '0', 'Medium-island': '0', 'Short-island': '2', 'Squeal': '0', 'Typical-entropy': '1', 'Voicing-quality': '2', 'Wide-band': '0', 'Xlong-island': '0', 'seq': '1', 'end': 1717.47, 'start': 1716.86}]",0,0,[],[]
1717470,1719310,NA,OLF,0.0,48,pause,NA,NA,NA,NA,0.0,0,-41.47,-29.75,[],0,0,[],[]
1719310,1720440,NA,SIL,0.0,48,pause,NA,NA,NA,NA,0.0,0,-41.75,-26.4,[],0,0,[],[]
1720440,1722030,NA,FAF,0.0,48,pause,NA,NA,NA,NA,0.0,0,-35.62,-27.07,[],0,0,[],[]
1722030,1729260,NA,NOF,0.0,48,pause,NA,NA,NA,NA,0.0,0,-43.59,-26.71,[],0,0,[],[]
1729260,1730110,NA,OLF,0.0,48,pause,NA,NA,NA,NA,0.0,0,-43.82,-28.86,[],0,0,[],[]
1730110,1731910,NA,NOF,0.0,48,pause,NA,NA,NA,NA,0.0,0,-46.74,-37.88,[],0,0,[],[]
1731910,1732760,NA,SIL,0.0,48,pause,NA,NA,NA,NA,0.0,0,-50.04,-44.91,[],0,0,[],[]
1732760,1733890,NA,OLN,0.0,48,pause,NA,NA,NA,NA,0.0,0,-30.32,-21.73,[],0,0,[],[]
1733890,1736290,NA,NON,0.0,48,pause,NA,NA,NA,NA,0.0,0,-32.23,-19.27,[],0,0,[],[]
1736290,1737210,NA,OLF,0.0,48,pause,NA,NA,NA,NA,0.0,0,-35.44,-20.99,[],0,0,[],[]
1737210,1739160,NA,NOF,0.0,48,pause,NA,NA,NA,NA,0.0,0,-44.86,-29.81,[],0,0,[],[]
1739160,1740110,NA,OLF,0.0,48,pause,NA,NA,NA,NA,0.0,0,-38.3,-28.97,[],0,0,[],[]
1740110,1741030,NA,NOF,0.0,48,pause,NA,NA,NA,NA,0.0,0,-44.71,-34.45,[],0,0,[],[]
1741030,1741960,NA,OLF,0.0,48,pause,NA,NA,NA,NA,0.0,0,-33.14,-17.83,[],0,0,[],[]
1741960,1743490,NA,NOF,0.0,48,pause,NA,NA,NA,NA,0.0,0,-43.42,-32.74,[],0,0,[],[]
1743490,1744330,NA,OLF,0.0,48,pause,NA,NA,NA,NA,0.0,0,-37.88,-25.79,[],0,0,[],[]
1744330,1745130,NA,NOF,0.0,48,pause,NA,NA,NA,NA,0.0,0,-38.93,-23.84,[],0,0,[],[]
1745130,1745940,NA,OLF,0.0,48,pause,NA,NA,NA,NA,0.0,0,-31.89,-14.68,[],0,0,[],[]
1745940,1750670,NA,NOF,0.0,48,pause,NA,NA,NA,NA,0.0,0,-44.34,-26.69,[],0,0,[],[]
1750670,1751680,NA,OLF,0.0,48,pause,NA,NA,NA,NA,0.0,0,-44.64,-36.62,[],0,0,[],[]
1751680,1754050,NA,NOF,0.0,48,pause,NA,NA,NA,NA,0.0,0,-47.77,-37.22,[],0,0,[],[]
1754050,1754860,NA,OLF,0.0,48,pause,NA,NA,NA,NA,0.0,0,-41.24,-32.31,[],0,0,[],[]
1754860,1755830,NA,NOF,0.0,48,pause,NA,NA,NA,NA,0.0,0,-46.55,-32.78,[],0,0,[],[]
1755830,1756850,NA,MAF,0.0,48,pause,NA,NA,NA,NA,0.0,0,-47.23,-35.7,[],0,0,[],[]
1756850,1761010,NA,OLF,0.0,48,pause,NA,NA,NA,NA,0.0,0,-45.58,-33.97,[],0,0,[],[]
1761010,1762020,NA,NOF,0.0,48,pause,NA,NA,NA,NA,0.0,0,-47.96,-38.49,[],0,0,[],[]
1762020,1762830,NA,OLF,0.0,48,pause,NA,NA,NA,NA,0.0,0,-45.88,-38.92,[],0,0,[],[]
1762830,1765830,NA,NOF,0.0,48,pause,NA,NA,NA,NA,0.0,0,-41.23,-24.67,[],0,0,[],[]
1765830,1767010,NA,SIL,0.0,48,pause,NA,NA,NA,NA,0.0,0,-50.85,-43.15,[],0,0,[],[]
1767010,1769990,NA,NOF,0.0,48,pause,NA,NA,NA,NA,0.0,0,-49.59,-35.16,[],0,0,[],[]
1769990,1770600,NA,OLN,0.0,48,pause,NA,NA,NA,NA,0.0,0,-32.6,-24.06,[],0,0,[],[]
1770600,1774480,NA,NOF,0.0,48,pause,NA,NA,NA,NA,0.0,0,-46.82,-28.73,[],0,0,[],[]
1774480,1778000,NA,SIL,0.0,48,pause,NA,NA,NA,NA,0.0,0,-52.17,-43.81,[],0,0,[],[]
1778000,1784140,NA,NOF,0.0,48,pause,NA,NA,NA,NA,0.0,0,-47.54,-34.15,[],0,0,[],[]
1784140,1784940,NA,SIL,0.0,48,pause,NA,NA,NA,NA,0.0,0,-51.19,-47.04,[],0,0,[],[]
1784940,1797190,NA,NOF,0.0,48,pause,NA,NA,NA,NA,0.0,0,-42.91,-23.47,[],0,0,[],[]
1797190,1797990,NA,OLN,0.0,48,pause,NA,NA,NA,NA,0.0,0,-37.94,-26.32,[],0,0,[],[]
1797990,1800490,NA,NOF,0.0,48,pause,NA,NA,NA,NA,0.0,0,-35.2,-13.35,[],0,0,[],[]
1800490,1801490,NA,FAF,0.0,48,pause,NA,NA,NA,NA,0.0,0,-39.45,-32.1,[],0,0,[],[]
1801490,1802550,NA,NOF,0.0,48,pause,NA,NA,NA,NA,0.0,0,-47.92,-40.95,[],0,0,[],[]
1802550,1803360,NA,SIL,0.0,48,pause,NA,NA,NA,NA,0.0,0,-51.56,-39.34,[],0,0,[],[]
1803360,1804460,NA,NOF,0.0,48,pause,NA,NA,NA,NA,0.0,0,-48.96,-37.39,[],0,0,[],[]
1804460,1805290,NA,SIL,0.0,48,pause,NA,NA,NA,NA,0.0,0,-49.72,-41.66,[],0,0,[],[]
1805290,1806190,NA,NOF,0.0,48,pause,NA,NA,NA,NA,0.0,0,-47.86,-36.12,[],0,0,[],[]
1806190,1806990,NA,SIL,0.0,48,pause,NA,NA,NA,NA,0.0,0,-51.59,-45.3,[],0,0,[],[]
1806990,1814020,NA,NOF,0.0,48,pause,NA,NA,NA,NA,0.0,0,-41.6,-21.66,[],0,0,[],[]
1814020,1814850,NA,OLF,0.0,48,pause,NA,NA,NA,NA,0.0,0,-43.49,-36.34,[],0,0,[],[]
1814850,1815830,NA,NOF,0.0,48,pause,NA,NA,NA,NA,0.0,0,-47.27,-41.81,[],0,0,[],[]
1815830,1816850,NA,MAF,0.0,48,pause,NA,NA,NA,NA,0.0,0,-48.94,-42.76,[],0,0,[],[]
1816850,1818380,NA,SIL,0.0,48,pause,NA,NA,NA,NA,0.0,0,-50.92,-45.33,[],0,0,[],[]
1818380,1819190,NA,OLF,0.0,48,pause,NA,NA,NA,NA,0.0,0,-47.05,-39.2,[],0,0,[],[]
1819190,1832510,NA,NOF,0.0,48,pause,NA,NA,NA,NA,0.0,0,-38.35,-9.72,[],0,0,[],[]
1832510,1833510,NA,MAF,0.0,48,pause,NA,NA,NA,NA,0.0,0,-44.42,-34.48,[],0,0,[],[]
1833510,1834700,NA,OLF,0.0,48,pause,NA,NA,NA,NA,0.0,0,-44.32,-33.13,[],0,0,[],[]
1834700,1836210,NA,SIL,0.0,48,pause,NA,NA,NA,NA,0.0,0,-48.06,-37.36,[],0,0,[],[]
1836210,1837330,NA,OLF,0.0,48,pause,NA,NA,NA,NA,0.0,0,-46.3,-30.52,[],0,0,[],[]
1837330,1838760,NA,SIL,0.0,48,pause,NA,NA,NA,NA,0.0,0,-50.25,-43.93,[],0,0,[],[]
1838760,1840800,NA,NOF,0.0,48,pause,NA,NA,NA,NA,0.0,0,-47.23,-33.34,[],0,0,[],[]
1840800,1841600,NA,SIL,0.0,48,pause,NA,NA,NA,NA,0.0,0,-51.75,-47.46,[],0,0,[],[]
1841600,1846990,NA,NOF,0.0,48,pause,NA,NA,NA,NA,0.0,0,-34.83,-10.11,[],0,0,[],[]
1846990,1847790,NA,OLF,0.0,48,pause,NA,NA,NA,NA,0.0,0,-38.6,-25.33,[],0,0,[],[]
1847790,1850320,NA,NOF,0.0,48,pause,NA,NA,NA,NA,0.0,0,-44.02,-32.47,[],0,0,[],[]
1850320,1851120,NA,OLF,0.0,48,pause,NA,NA,NA,NA,0.0,0,-45.39,-36.41,[],0,0,[],[]
1851120,1852580,NA,NOF,0.0,48,pause,NA,NA,NA,NA,0.0,0,-45.05,-36.2,[],0,0,[],[]
1852580,1853420,NA,OLF,0.0,48,pause,NA,NA,NA,NA,0.0,0,-43.85,-35.89,[],0,0,[],[]
1853420,1856170,NA,NOF,0.0,48,pause,NA,NA,NA,NA,0.0,0,-34.78,-16.87,[],0,0,[],[]
1856170,1856970,NA,OLF,0.0,48,pause,NA,NA,NA,NA,0.0,0,-46.08,-41.16,[],0,0,[],[]
1856970,1861060,NA,NOF,0.0,48,pause,NA,NA,NA,NA,0.0,0,-45.26,-29.81,[],0,0,[],[]
1861060,1865990,NA,SIL,0.0,48,pause,NA,NA,NA,NA,0.0,0,-52.98,-46.14,[],0,0,[],[]
1865990,1866590,NA,CHF,0.0,48,CM,EC,0,NT,FI,1.0,600,-47.14,-41.19,"[{'Canonical-syllable': '0', 'Growl': '1', 'High-freq-energy': '0', 'Long-island': '0', 'Low-tilt-spectrum': '1', 'Medium-island': '1', 'Short-island': '0', 'Squeal': '0', 'Typical-entropy': '0', 'Voicing-quality': '1', 'Wide-band': '0', 'Xlong-island': '0', 'seq': '1', 'end': 1866.59, 'start': 1865.99}]",0,0,[],[]
1866590,1877430,NA,SIL,0.0,49,pause,NA,NA,NA,NA,0.0,0,-50.86,-36.96,[],0,0,[],[]
1877430,1878500,NA,NOF,0.0,49,pause,NA,NA,NA,NA,0.0,0,-46.13,-39.49,[],0,0,[],[]
1878500,1883420,NA,SIL,0.0,49,pause,NA,NA,NA,NA,0.0,0,-49.95,-40.13,[],0,0,[],[]
1883420,1884430,FEM,FAN,2.93,49,AMF,EC,0,NT,FI,0.0,0,-38.86,-30.16,[],0,0,[],[]
1884430,1890760,NA,NOF,0.0,50,pause,NA,NA,NA,NA,0.0,0,-42.18,-19.07,[],0,0,[],[]
1890760,1891790,NA,OLF,0.0,50,pause,NA,NA,NA,NA,0.0,0,-37.43,-26.56,[],0,0,[],[]
1891790,1893500,NA,NOF,0.0,50,pause,NA,NA,NA,NA,0.0,0,-42.44,-28.71,[],0,0,[],[]
1893500,1894430,NA,OLF,0.0,50,pause,NA,NA,NA,NA,0.0,0,-41.13,-34.94,[],0,0,[],[]
1894430,1895780,NA,NOF,0.0,50,pause,NA,NA,NA,NA,0.0,0,-41.02,-28.44,[],0,0,[],[]
1895780,1897040,NA,SIL,0.0,50,pause,NA,NA,NA,NA,0.0,0,-51.31,-46.53,[],0,0,[],[]
1897040,1897840,NA,CXF,0.0,50,pause,NA,NA,NA,NA,0.0,0,-50.12,-41.14,[],0,0,[],[]
1897840,1899090,NA,SIL,0.0,50,pause,NA,NA,NA,NA,0.0,0,-49.68,-44.31,[],0,0,[],[]
1899090,1901670,NA,NOF,0.0,50,pause,NA,NA,NA,NA,0.0,0,-48.59,-40.85,[],0,0,[],[]
1901670,1902500,NA,OLF,0.0,50,pause,NA,NA,NA,NA,0.0,0,-40.69,-30.98,[],0,0,[],[]
1902500,1911240,NA,NOF,0.0,50,pause,NA,NA,NA,NA,0.0,0,-39.13,-21.35,[],0,0,[],[]
1911240,1912440,NA,SIL,0.0,50,pause,NA,NA,NA,NA,0.0,0,-52.51,-46.43,[],0,0,[],[]
1912440,1915010,NA,NOF,0.0,50,pause,NA,NA,NA,NA,0.0,0,-47.62,-37.17,[],0,0,[],[]
1915010,1916450,NA,SIL,0.0,50,pause,NA,NA,NA,NA,0.0,0,-51.07,-46.93,[],0,0,[],[]
1916450,1917310,NA,MAF,0.0,50,pause,NA,NA,NA,NA,0.0,0,-49.89,-43.8,[],0,0,[],[]
1917310,1918760,NA,SIL,0.0,50,pause,NA,NA,NA,NA,0.0,0,-50.12,-42.61,[],0,0,[],[]
1918760,1919600,NA,NOF,0.0,50,pause,NA,NA,NA,NA,0.0,0,-47.1,-30.62,[],0,0,[],[]
1919600,1922230,NA,SIL,0.0,50,pause,NA,NA,NA,NA,0.0,0,-49.93,-42.54,[],0,0,[],[]
1922230,1924030,NA,NOF,0.0,50,pause,NA,NA,NA,NA,0.0,0,-47.22,-36.68,[],0,0,[],[]
1924030,1924840,NA,SIL,0.0,50,pause,NA,NA,NA,NA,0.0,0,-50.31,-46.14,[],0,0,[],[]
1924840,1925670,NA,MAF,0.0,50,pause,NA,NA,NA,NA,0.0,0,-43.16,-35.86,[],0,0,[],[]
1925670,1926470,NA,SIL,0.0,50,pause,NA,NA,NA,NA,0.0,0,-49.02,-36.55,[],0,0,[],[]
1926470,1927270,NA,NOF,0.0,50,pause,NA,NA,NA,NA,0.0,0,-50.3,-44.71,[],0,0,[],[]
1927270,1929120,NA,SIL,0.0,50,pause,NA,NA,NA,NA,0.0,0,-50.76,-42.95,[],0,0,[],[]
1929120,1929920,NA,NOF,0.0,50,pause,NA,NA,NA,NA,0.0,0,-46.86,-36.76,[],0,0,[],[]
1929920,1931090,NA,MAF,0.0,50,pause,NA,NA,NA,NA,0.0,0,-43.26,-32.07,[],0,0,[],[]
1931090,1932150,NA,NOF,0.0,50,pause,NA,NA,NA,NA,0.0,0,-40.03,-23.55,[],0,0,[],[]
1932150,1933220,NA,SIL,0.0,50,pause,NA,NA,NA,NA,0.0,0,-49.85,-39.61,[],0,0,[],[]
1933220,1934750,NA,NOF,0.0,50,pause,NA,NA,NA,NA,0.0,0,-38.32,-20.92,[],0,0,[],[]
1934750,1937110,NA,SIL,0.0,50,pause,NA,NA,NA,NA,0.0,0,-49.91,-39.56,[],0,0,[],[]
1937110,1939060,NA,OLF,0.0,50,pause,NA,NA,NA,NA,0.0,0,-46.84,-36.82,[],0,0,[],[]
1939060,1939880,NA,SIL,0.0,50,pause,NA,NA,NA,NA,0.0,0,-50.48,-44.13,[],0,0,[],[]
1939880,1940950,NA,MAF,0.0,50,pause,NA,NA,NA,NA,0.0,0,-45.8,-40.65,[],0,0,[],[]
1940950,1943150,NA,SIL,0.0,50,pause,NA,NA,NA,NA,0.0,0,-49.06,-33.92,[],0,0,[],[]
1943150,1944000,NA,MAF,0.0,50,pause,NA,NA,NA,NA,0.0,0,-44.82,-31.64,[],0,0,[],[]
1944000,1953550,NA,SIL,0.0,50,pause,NA,NA,NA,NA,0.0,0,-50.28,-37.58,[],0,0,[],[]
1953550,1962380,NA,NOF,0.0,50,pause,NA,NA,NA,NA,0.0,0,-33.05,-13.83,[],0,0,[],[]
1962380,1963980,NA,SIL,0.0,50,pause,NA,NA,NA,NA,0.0,0,-52.8,-47.8,[],0,0,[],[]
1963980,1965370,NA,NOF,0.0,50,pause,NA,NA,NA,NA,0.0,0,-43.25,-30.29,[],0,0,[],[]
1965370,1967390,NA,SIL,0.0,50,pause,NA,NA,NA,NA,0.0,0,-49.78,-41.51,[],0,0,[],[]
1967390,1968840,NA,NOF,0.0,50,pause,NA,NA,NA,NA,0.0,0,-44.84,-29.64,[],0,0,[],[]
1968840,1973950,NA,SIL,0.0,50,pause,NA,NA,NA,NA,0.0,0,-47.65,-28.61,[],0,0,[],[]
1973950,1975940,NA,NOF,0.0,50,pause,NA,NA,NA,NA,0.0,0,-38.01,-22.03,[],0,0,[],[]
1975940,1976760,NA,SIL,0.0,50,pause,NA,NA,NA,NA,0.0,0,-45.56,-34.97,[],0,0,[],[]
1976760,1979240,NA,NOF,0.0,50,pause,NA,NA,NA,NA,0.0,0,-35.14,-16.62,[],0,0,[],[]
1979240,1980850,NA,OLN,0.0,50,pause,NA,NA,NA,NA,0.0,0,-20.21,-2.05,[],0,0,[],[]
1980850,1985080,NA,NOF,0.0,50,pause,NA,NA,NA,NA,0.0,0,-24.06,-5.3,[],0,0,[],[]
1985080,1985880,NA,OLF,0.0,50,pause,NA,NA,NA,NA,0.0,0,-45.7,-33.58,[],0,0,[],[]
1985880,1987150,NA,SIL,0.0,50,pause,NA,NA,NA,NA,0.0,0,-49.34,-43.3,[],0,0,[],[]
1987150,1987970,NA,NOF,0.0,50,pause,NA,NA,NA,NA,0.0,0,-42.79,-32.04,[],0,0,[],[]
1987970,1991660,NA,MAF,0.0,50,pause,NA,NA,NA,NA,0.0,0,-46.01,-32.16,[],0,0,[],[]
1991660,1993380,NA,FAF,0.0,50,pause,NA,NA,NA,NA,0.0,0,-41.5,-27.55,[],0,0,[],[]
1993380,1994910,NA,SIL,0.0,50,pause,NA,NA,NA,NA,0.0,0,-42.92,-28.96,[],0,0,[],[]
1994910,1998110,NA,OLF,0.0,50,pause,NA,NA,NA,NA,0.0,0,-41.5,-25.2,[],0,0,[],[]
1998110,1999260,NA,SIL,0.0,50,pause,NA,NA,NA,NA,0.0,0,-49.16,-39.28,[],0,0,[],[]
1999260,2003210,NA,OLF,0.0,50,pause,NA,NA,NA,NA,0.0,0,-34.74,-15.0,[],0,0,[],[]
2003210,2007840,NA,NOF,0.0,50,pause,NA,NA,NA,NA,0.0,0,-34.36,-16.43,[],0,0,[],[]
2007840,2008640,NA,SIL,0.0,50,pause,NA,NA,NA,NA,0.0,0,-51.07,-42.95,[],0,0,[],[]
2008640,2010200,NA,OLF,0.0,50,pause,NA,NA,NA,NA,0.0,0,-40.51,-25.57,[],0,0,[],[]
2010200,2011250,NA,SIL,0.0,50,pause,NA,NA,NA,NA,0.0,0,-38.02,-21.92,[],0,0,[],[]
2011250,2016740,NA,NOF,0.0,50,pause,NA,NA,NA,NA,0.0,0,-38.4,-18.36,[],0,0,[],[]
2016740,2017920,NA,OLF,0.0,50,pause,NA,NA,NA,NA,0.0,0,-35.99,-29.05,[],0,0,[],[]
2017920,2019310,NA,NOF,0.0,50,pause,NA,NA,NA,NA,0.0,0,-44.98,-36.07,[],0,0,[],[]
2019310,2020110,NA,OLF,0.0,50,pause,NA,NA,NA,NA,0.0,0,-40.82,-32.28,[],0,0,[],[]
2020110,2022990,NA,NOF,0.0,50,pause,NA,NA,NA,NA,0.0,0,-40.25,-21.72,[],0,0,[],[]
2022990,2023810,NA,SIL,0.0,50,pause,NA,NA,NA,NA,0.0,0,-46.66,-38.69,[],0,0,[],[]
2023810,2024620,NA,OLF,0.0,50,pause,NA,NA,NA,NA,0.0,0,-41.88,-34.74,[],0,0,[],[]
2024620,2029490,NA,NOF,0.0,50,pause,NA,NA,NA,NA,0.0,0,-35.7,-15.87,[],0,0,[],[]
2029490,2030690,NA,OLN,0.0,50,pause,NA,NA,NA,NA,0.0,0,-23.89,-6.25,[],0,0,[],[]
2030690,2032240,NA,FAF,0.0,50,pause,NA,NA,NA,NA,0.0,0,-36.34,-20.06,[],0,0,[],[]
2032240,2033550,NA,OLF,0.0,50,pause,NA,NA,NA,NA,0.0,0,-22.29,-5.24,[],0,0,[],[]
2033550,2035410,NA,NOF,0.0,50,pause,NA,NA,NA,NA,0.0,0,-35.5,-18.27,[],0,0,[],[]
2035410,2037050,FEM,FAN,6.74,50,AMF,EC,0,NT,FI,0.0,0,-34.66,-26.54,[],0,0,[],[]
2037050,2038410,NA,FAF,0.0,51,pause,NA,NA,NA,NA,0.0,0,-38.57,-28.74,[],0,0,[],[]
2038410,2041230,NA,NOF,0.0,51,pause,NA,NA,NA,NA,0.0,0,-42.38,-25.55,[],0,0,[],[]
2041230,2042030,NA,SIL,0.0,51,pause,NA,NA,NA,NA,0.0,0,-49.77,-43.46,[],0,0,[],[]
2042030,2048120,NA,NOF,0.0,51,pause,NA,NA,NA,NA,0.0,0,-44.1,-24.98,[],0,0,[],[]
2048120,2048920,NA,SIL,0.0,51,pause,NA,NA,NA,NA,0.0,0,-51.33,-45.65,[],0,0,[],[]
2048920,2050330,NA,NOF,0.0,51,pause,NA,NA,NA,NA,0.0,0,-37.32,-19.39,[],0,0,[],[]
2050330,2051130,NA,OLF,0.0,51,pause,NA,NA,NA,NA,0.0,0,-47.13,-40.52,[],0,0,[],[]
2051130,2051930,NA,SIL,0.0,51,pause,NA,NA,NA,NA,0.0,0,-49.55,-42.92,[],0,0,[],[]
2051930,2056610,NA,NOF,0.0,51,pause,NA,NA,NA,NA,0.0,0,-38.39,-19.26,[],0,0,[],[]
2056610,2057410,NA,OLF,0.0,51,pause,NA,NA,NA,NA,0.0,0,-43.92,-37.21,[],0,0,[],[]
2057410,2058550,NA,NOF,0.0,51,pause,NA,NA,NA,NA,0.0,0,-46.63,-32.55,[],0,0,[],[]
2058550,2059350,NA,FAF,0.0,51,pause,NA,NA,NA,NA,0.0,0,-43.77,-37.48,[],0,0,[],[]
2059350,2060380,NA,NOF,0.0,51,pause,NA,NA,NA,NA,0.0,0,-49.42,-43.46,[],0,0,[],[]
2060380,2061210,NA,SIL,0.0,51,pause,NA,NA,NA,NA,0.0,0,-50.51,-44.45,[],0,0,[],[]
2061210,2064250,NA,NOF,0.0,51,pause,NA,NA,NA,NA,0.0,0,-47.72,-36.35,[],0,0,[],[]
2064250,2065050,NA,SIL,0.0,51,pause,NA,NA,NA,NA,0.0,0,-49.4,-40.7,[],0,0,[],[]
2065050,2066640,NA,NOF,0.0,51,pause,NA,NA,NA,NA,0.0,0,-47.76,-36.38,[],0,0,[],[]
2066640,2069210,NA,SIL,0.0,51,pause,NA,NA,NA,NA,0.0,0,-51.2,-41.06,[],0,0,[],[]
2069210,2073150,NA,NOF,0.0,51,pause,NA,NA,NA,NA,0.0,0,-41.71,-22.86,[],0,0,[],[]
2073150,2074390,CHI,CHN,0.0,51,CIC,BC,0,NT,FI,1.0,1240,-14.67,-10.01,"[{'Canonical-syllable': '0', 'Growl': '0', 'High-freq-energy': '0', 'Long-island': '0', 'Low-tilt-spectrum': '0', 'Medium-island': '0', 'Short-island': '0', 'Squeal': '0', 'Typical-entropy': '0', 'Voicing-quality': '1', 'Wide-band': '0', 'Xlong-island': '1', 'seq': '1', 'end': 2074.39, 'start': 2073.15}]",0,0,[],[]
2074390,2075950,OCH,CXN,0.0,51,CIC,RC,0,NT,FI,0.0,0,-20.41,-9.01,[],0,0,[],[]
2075950,2077290,NA,NOF,0.0,51,CIC,NA,NA,NA,NA,0.0,0,-20.52,-3.76,[],0,0,[],[]
2077290,2078420,FEM,FAN,6.8,51,CIC,RC,0,NT,FI,0.0,0,-16.64,-8.95,[],0,0,[],[]
2078420,2079040,NA,OLF,0.0,51,CIC,NA,NA,NA,NA,0.0,0,-37.37,-28.81,[],0,0,[],[]
2079040,2080150,OCH,CXN,0.0,51,CIC,RC,0,NT,FI,0.0,0,-14.27,-10.12,[],0,0,[],[]
2080150,2080950,OCH,CXN,0.0,51,CIC,RC,0,NT,FH,0.0,0,-20.62,-16.52,[],0,0,[],[]
2080950,2082130,FEM,FAN,0.32,51,CIC,RC,0,NT,FI,0.0,0,-23.55,-14.21,[],0,0,[],[]
2082130,2083580,NA,MAF,0.0,51,CIC,NA,NA,NA,NA,0.0,0,-42.92,-29.09,[],0,0,[],[]
2083580,2084530,NA,OLF,0.0,51,CIC,NA,NA,NA,NA,0.0,0,-40.15,-25.23,[],0,0,[],[]
2084530,2086140,NA,NOF,0.0,51,CIC,NA,NA,NA,NA,0.0,0,-44.08,-29.9,[],0,0,[],[]
2086140,2086740,FEM,FAN,1.18,51,CIC,RC,0,TIFI,FH,0.0,0,-29.36,-22.22,[],0,0,[],[]
2086740,2088790,NA,NOF,0.0,51,CIC,NA,NA,NA,NA,0.0,0,-49.47,-40.84,[],0,0,[],[]
2088790,2089390,CHI,CHN,0.0,51,CIC,EC,1,TIFR,FI,1.0,440,-17.9,-9.7,"[{'Canonical-syllable': '0', 'Growl': '0', 'High-freq-energy': '0', 'Long-island': '0', 'Low-tilt-spectrum': '0', 'Medium-island': '1', 'Short-island': '0', 'Squeal': '0', 'Typical-entropy': '0', 'Voicing-quality': '1', 'Wide-band': '0', 'Xlong-island': '0', 'seq': '1', 'end': 2089.23, 'start': 2088.93}]",0,0,[],[]
2089390,2092870,NA,NOF,0.0,52,pause,NA,NA,NA,NA,0.0,0,-46.95,-33.2,[],0,0,[],[]
2092870,2094120,FEM,FAN,0.0,52,pause,NA,NA,NA,NA,0.0,0,-15.14,-11.83,[],1250,0,[],[]
2094120,2095030,FEM,FAN,0.0,52,pause,NA,NA,NA,NA,0.0,0,-23.02,-15.36,[],910,0,[],[]
2095030,2097570,FEM,FAN,5.36,52,AICF,BC,0,NT,FI,0.0,0,-21.89,-11.96,[],0,0,[],[]
2097570,2098500,NA,SIL,0.0,52,AICF,NA,NA,NA,NA,0.0,0,-51.04,-45.63,[],0,0,[],[]
2098500,2100060,NA,NOF,0.0,52,AICF,NA,NA,NA,NA,0.0,0,-47.42,-35.2,[],0,0,[],[]
2100060,2101140,FEM,FAN,4.65,52,AICF,RC,0,TIFI,FH,0.0,0,-24.73,-18.23,[],0,0,[],[]
2101140,2102160,CHI,CHN,0.0,52,AICF,EC,1,TIFR,FI,1.0,1020,-24.07,-21.03,"[{'Canonical-syllable': '0', 'Growl': '0', 'High-freq-energy': '0', 'Long-island': '0', 'Low-tilt-spectrum': '0', 'Medium-island': '0', 'Short-island': '0', 'Squeal': '0', 'Typical-entropy': '0', 'Voicing-quality': '1', 'Wide-band': '0', 'Xlong-island': '1', 'seq': '1', 'end': 2102.16, 'start': 2101.14}]",0,0,[],[]
2102160,2102960,NA,SIL,0.0,53,pause,NA,NA,NA,NA,0.0,0,-39.49,-26.86,[],0,0,[],[]
2102960,2103960,FEM,FAN,0.0,53,pause,NA,NA,NA,NA,0.0,0,-34.08,-26.24,[],1000,0,[],[]
2103960,2107490,NA,SIL,0.0,53,pause,NA,NA,NA,NA,0.0,0,-47.58,-28.89,[],0,0,[],[]
2107490,2109190,NA,MAF,0.0,53,pause,NA,NA,NA,NA,0.0,0,-47.12,-33.53,[],0,0,[],[]
2109190,2111810,FEM,FAN,9.99,53,AIOCF,BC,0,NT,FI,0.0,0,-38.19,-29.03,[],0,0,[],[]
2111810,2113050,NA,NOF,0.0,53,AIOCF,NA,NA,NA,NA,0.0,0,-49.42,-45.75,[],0,0,[],[]
2113050,2113850,NA,SIL,0.0,53,AIOCF,NA,NA,NA,NA,0.0,0,-50.51,-41.29,[],0,0,[],[]
2113850,2114660,NA,NOF,0.0,53,AIOCF,NA,NA,NA,NA,0.0,0,-47.03,-39.06,[],0,0,[],[]
2114660,2116100,OCH,CXN,0.0,53,AIOCF,RC,0,NT,FI,0.0,0,-23.05,-14.25,[],0,0,[],[]
2116100,2117190,FEM,FAN,6.3,53,AIOCF,EC,0,NT,FI,0.0,0,-31.9,-17.52,[],0,0,[],[]
2117190,2120000,NA,NOF,0.0,54,pause,NA,NA,NA,NA,0.0,0,-48.75,-40.55,[],0,0,[],[]
2120000,2120830,NA,SIL,0.0,54,pause,NA,NA,NA,NA,0.0,0,-52.81,-48.08,[],0,0,[],[]
2120830,2128640,NA,NOF,0.0,54,pause,NA,NA,NA,NA,0.0,0,-42.99,-26.11,[],0,0,[],[]
2128640,2130980,NA,SIL,0.0,54,pause,NA,NA,NA,NA,0.0,0,-50.16,-40.73,[],0,0,[],[]
2130980,2133230,NA,NOF,0.0,54,pause,NA,NA,NA,NA,0.0,0,-45.63,-27.8,[],0,0,[],[]
2133230,2136140,NA,SIL,0.0,54,pause,NA,NA,NA,NA,0.0,0,-51.07,-37.49,[],0,0,[],[]
2136140,2137650,NA,NOF,0.0,54,pause,NA,NA,NA,NA,0.0,0,-46.74,-30.48,[],0,0,[],[]
2137650,2138450,NA,SIL,0.0,54,pause,NA,NA,NA,NA,0.0,0,-50.24,-44.71,[],0,0,[],[]
2138450,2139430,NA,OLF,0.0,54,pause,NA,NA,NA,NA,0.0,0,-50.3,-44.78,[],0,0,[],[]
2139430,2144150,NA,SIL,0.0,54,pause,NA,NA,NA,NA,0.0,0,-50.73,-39.4,[],0,0,[],[]
2144150,2146480,NA,NOF,0.0,54,pause,NA,NA,NA,NA,0.0,0,-30.62,-7.05,[],0,0,[],[]
2146480,2153870,NA,SIL,0.0,54,pause,NA,NA,NA,NA,0.0,0,-51.19,-44.65,[],0,0,[],[]
2153870,2155910,NA,NOF,0.0,54,pause,NA,NA,NA,NA,0.0,0,-48.6,-42.12,[],0,0,[],[]
2155910,2156710,NA,SIL,0.0,54,pause,NA,NA,NA,NA,0.0,0,-49.94,-43.92,[],0,0,[],[]
2156710,2157920,NA,MAF,0.0,54,pause,NA,NA,NA,NA,0.0,0,-48.51,-44.06,[],0,0,[],[]
2157920,2162600,NA,SIL,0.0,54,pause,NA,NA,NA,NA,0.0,0,-50.32,-42.97,[],0,0,[],[]
2162600,2164100,NA,NOF,0.0,54,pause,NA,NA,NA,NA,0.0,0,-46.67,-34.9,[],0,0,[],[]
2164100,2165110,FEM,FAN,3.62,54,AMF,BC,0,NT,FI,0.0,0,-34.17,-27.23,[],0,0,[],[]
2165110,2167280,MAL,MAN,9.45,54,AMF,RC,0,NT,FI,0.0,0,-33.77,-18.54,[],0,0,[],[]
2167280,2168280,FEM,FAN,4.14,54,AMF,EC,0,NT,FI,0.0,0,-33.73,-19.95,[],0,0,[],[]
2168280,2169160,NA,OLF,0.0,55,pause,NA,NA,NA,NA,0.0,0,-39.79,-30.81,[],0,0,[],[]
2169160,2170040,NA,OLN,0.0,55,pause,NA,NA,NA,NA,0.0,0,-32.36,-18.84,[],0,0,[],[]
2170040,2175300,NA,NOF,0.0,55,pause,NA,NA,NA,NA,0.0,0,-45.26,-29.1,[],0,0,[],[]
2175300,2176110,NA,SIL,0.0,55,pause,NA,NA,NA,NA,0.0,0,-49.47,-38.83,[],0,0,[],[]
2176110,2176930,NA,NOF,0.0,55,pause,NA,NA,NA,NA,0.0,0,-49.14,-44.67,[],0,0,[],[]
2176930,2178180,NA,SIL,0.0,55,pause,NA,NA,NA,NA,0.0,0,-49.32,-39.37,[],0,0,[],[]
2178180,2181560,NA,NOF,0.0,55,pause,NA,NA,NA,NA,0.0,0,-45.38,-29.33,[],0,0,[],[]
2181560,2184230,NA,SIL,0.0,55,pause,NA,NA,NA,NA,0.0,0,-50.01,-44.18,[],0,0,[],[]
2184230,2185820,NA,NOF,0.0,55,pause,NA,NA,NA,NA,0.0,0,-47.28,-33.96,[],0,0,[],[]
2185820,2187560,NA,SIL,0.0,55,pause,NA,NA,NA,NA,0.0,0,-49.02,-43.43,[],0,0,[],[]
2187560,2191320,NA,NOF,0.0,55,pause,NA,NA,NA,NA,0.0,0,-47.64,-36.23,[],0,0,[],[]
2191320,2193530,NA,SIL,0.0,55,pause,NA,NA,NA,NA,0.0,0,-50.54,-43.65,[],0,0,[],[]
2193530,2194330,NA,NOF,0.0,55,pause,NA,NA,NA,NA,0.0,0,-50.59,-43.49,[],0,0,[],[]
2194330,2198560,NA,SIL,0.0,55,pause,NA,NA,NA,NA,0.0,0,-51.14,-41.63,[],0,0,[],[]
2198560,2199560,FEM,FAN,4.65,55,AMF,BC,0,NT,FI,0.0,0,-34.91,-20.31,[],0,0,[],[]
2199560,2201200,NA,SIL,0.0,55,AMF,NA,NA,NA,NA,0.0,0,-40.76,-23.4,[],0,0,[],[]
2201200,2203330,NA,NOF,0.0,55,AMF,NA,NA,NA,NA,0.0,0,-26.27,-8.16,[],0,0,[],[]
2203330,2204440,NA,OLF,0.0,55,AMF,NA,NA,NA,NA,0.0,0,-22.02,-7.8,[],0,0,[],[]
2204440,2205940,FEM,FAN,5.9,55,AMF,RC,0,NT,FH,0.0,0,-24.02,-9.12,[],0,0,[],[]
2205940,2207410,NA,OLN,0.0,55,AMF,NA,NA,NA,NA,0.0,0,-29.38,-13.27,[],0,0,[],[]
2207410,2210510,FEM,FAN,12.77,55,AMF,RC,0,NT,FH,0.0,0,-29.88,-23.5,[],0,0,[],[]
2210510,2211640,NA,NOF,0.0,55,AMF,NA,NA,NA,NA,0.0,0,-46.36,-37.41,[],0,0,[],[]
2211640,2212640,FEM,FAN,7.97,55,AMF,EC,0,NT,FH,0.0,0,-31.38,-25.79,[],0,0,[],[]
2212640,2213440,NA,OLF,0.0,56,pause,NA,NA,NA,NA,0.0,0,-45.01,-38.44,[],0,0,[],[]
2213440,2215020,NA,SIL,0.0,56,pause,NA,NA,NA,NA,0.0,0,-50.18,-42.55,[],0,0,[],[]
2215020,2216020,NA,TVN,0.0,56,pause,NA,NA,NA,NA,0.0,0,-43.2,-35.75,[],0,0,[],[]
2216020,2216820,NA,SIL,0.0,56,pause,NA,NA,NA,NA,0.0,0,-51.57,-48.31,[],0,0,[],[]
2216820,2217850,NA,TVN,0.0,56,pause,NA,NA,NA,NA,0.0,0,-39.21,-33.63,[],0,0,[],[]
2217850,2219300,NA,OLF,0.0,56,pause,NA,NA,NA,NA,0.0,0,-35.94,-24.02,[],0,0,[],[]
2219300,2220140,NA,NOF,0.0,56,pause,NA,NA,NA,NA,0.0,0,-41.07,-33.91,[],0,0,[],[]
2220140,2220740,FEM,FAN,7.97,56,AMF,EC,0,NT,FI,0.0,0,-36.28,-29.81,[],0,0,[],[]
2220740,2221580,NA,SIL,0.0,57,pause,NA,NA,NA,NA,0.0,0,-51.41,-46.26,[],0,0,[],[]
2221580,2224780,NA,NOF,0.0,57,pause,NA,NA,NA,NA,0.0,0,-44.25,-25.59,[],0,0,[],[]
2224780,2225660,NA,OLF,0.0,57,pause,NA,NA,NA,NA,0.0,0,-32.18,-19.67,[],0,0,[],[]
2225660,2227410,NA,NOF,0.0,57,pause,NA,NA,NA,NA,0.0,0,-33.91,-15.24,[],0,0,[],[]
2227410,2228300,NA,SIL,0.0,57,pause,NA,NA,NA,NA,0.0,0,-48.4,-43.19,[],0,0,[],[]
2228300,2231660,NA,NOF,0.0,57,pause,NA,NA,NA,NA,0.0,0,-44.3,-26.81,[],0,0,[],[]
2231660,2232660,CHI,CHN,0.0,57,CM,EC,0,NT,FI,1.0,500,-18.44,-11.42,"[{'Canonical-syllable': '1', 'Growl': '0', 'High-freq-energy': '0', 'Long-island': '0', 'Low-tilt-spectrum': '0', 'Medium-island': '1', 'Short-island': '0', 'Squeal': '0', 'Typical-entropy': '0', 'Voicing-quality': '1', 'Wide-band': '0', 'Xlong-island': '0', 'seq': '1', 'end': 2232.48, 'start': 2231.98}]",0,0,[],[]
2232660,2240650,NA,NOF,0.0,58,pause,NA,NA,NA,NA,0.0,0,-39.63,-23.1,[],0,0,[],[]
2240650,2241490,NA,SIL,0.0,58,pause,NA,NA,NA,NA,0.0,0,-52.09,-47.64,[],0,0,[],[]
2241490,2243590,FEM,FAN,7.17,58,AMF,BC,0,NT,FI,0.0,0,-33.11,-16.54,[],0,0,[],[]
2243590,2244530,NA,FAF,0.0,58,AMF,NA,NA,NA,NA,0.0,0,-47.98,-37.04,[],0,0,[],[]
2244530,2245530,FEM,FAN,6.55,58,AMF,EC,0,NT,FH,0.0,0,-36.47,-27.03,[],0,0,[],[]
2245530,2246330,NA,SIL,0.0,59,pause,NA,NA,NA,NA,0.0,0,-50.28,-44.02,[],0,0,[],[]
2246330,2247340,NA,TVF,0.0,59,pause,NA,NA,NA,NA,0.0,0,-41.55,-32.03,[],0,0,[],[]
2247340,2248390,NA,FAF,0.0,59,pause,NA,NA,NA,NA,0.0,0,-39.78,-33.97,[],0,0,[],[]
2248390,2250160,NA,NOF,0.0,59,pause,NA,NA,NA,NA,0.0,0,-45.54,-34.99,[],0,0,[],[]
2250160,2250960,NA,SIL,0.0,59,pause,NA,NA,NA,NA,0.0,0,-51.31,-45.97,[],0,0,[],[]
2250960,2262180,NA,NOF,0.0,59,pause,NA,NA,NA,NA,0.0,0,-40.5,-17.02,[],0,0,[],[]
2262180,2263190,FEM,FAN,5.82,59,AMF,EC,0,NT,FI,0.0,0,-32.38,-18.77,[],0,0,[],[]
2263190,2264720,NA,FAF,0.0,60,pause,NA,NA,NA,NA,0.0,0,-44.69,-34.32,[],0,0,[],[]
2264720,2265520,NA,SIL,0.0,60,pause,NA,NA,NA,NA,0.0,0,-52.32,-43.56,[],0,0,[],[]
2265520,2267650,NA,NOF,0.0,60,pause,NA,NA,NA,NA,0.0,0,-44.56,-31.13,[],0,0,[],[]
2267650,2268600,NA,MAF,0.0,60,pause,NA,NA,NA,NA,0.0,0,-46.7,-36.27,[],0,0,[],[]
2268600,2271850,NA,NOF,0.0,60,pause,NA,NA,NA,NA,0.0,0,-46.0,-32.68,[],0,0,[],[]
2271850,2273330,NA,SIL,0.0,60,pause,NA,NA,NA,NA,0.0,0,-49.89,-43.84,[],0,0,[],[]
2273330,2277460,NA,NOF,0.0,60,pause,NA,NA,NA,NA,0.0,0,-47.53,-36.02,[],0,0,[],[]
2277460,2278320,NA,SIL,0.0,60,pause,NA,NA,NA,NA,0.0,0,-47.71,-43.04,[],0,0,[],[]
2278320,2288810,NA,NOF,0.0,60,pause,NA,NA,NA,NA,0.0,0,-43.74,-26.89,[],0,0,[],[]
2288810,2289740,NA,SIL,0.0,60,pause,NA,NA,NA,NA,0.0,0,-48.85,-44.66,[],0,0,[],[]
2289740,2291340,NA,MAF,0.0,60,pause,NA,NA,NA,NA,0.0,0,-41.61,-34.74,[],0,0,[],[]
2291340,2296590,NA,NOF,0.0,60,pause,NA,NA,NA,NA,0.0,0,-45.95,-28.23,[],0,0,[],[]
2296590,2297390,NA,MAF,0.0,60,pause,NA,NA,NA,NA,0.0,0,-40.29,-30.86,[],0,0,[],[]
2297390,2298220,NA,SIL,0.0,60,pause,NA,NA,NA,NA,0.0,0,-49.74,-46.41,[],0,0,[],[]
2298220,2300160,NA,NOF,0.0,60,pause,NA,NA,NA,NA,0.0,0,-48.2,-35.96,[],0,0,[],[]
2300160,2301170,NA,FAF,0.0,60,pause,NA,NA,NA,NA,0.0,0,-39.56,-30.99,[],0,0,[],[]
2301170,2304530,NA,NOF,0.0,60,pause,NA,NA,NA,NA,0.0,0,-42.55,-28.24,[],0,0,[],[]
2304530,2306390,FEM,FAN,6.82,60,AMF,BC,0,NT,FI,0.0,0,-31.62,-22.99,[],0,0,[],[]
2306390,2307190,NA,SIL,0.0,60,AMF,NA,NA,NA,NA,0.0,0,-46.42,-32.52,[],0,0,[],[]
2307190,2308860,FEM,FAN,5.9,60,AMF,RC,0,NT,FH,0.0,0,-29.32,-18.72,[],0,0,[],[]
2308860,2310080,MAL,MAN,3.47,60,AMF,RC,0,NT,FI,0.0,0,-31.9,-21.82,[],0,0,[],[]
2310080,2311130,NA,SIL,0.0,60,AMF,NA,NA,NA,NA,0.0,0,-49.94,-45.26,[],0,0,[],[]
2311130,2312430,MAL,MAN,1.12,60,AMF,RC,0,NT,FH,0.0,0,-24.42,-14.41,[],0,0,[],[]
2312430,2314240,NA,NOF,0.0,60,AMF,NA,NA,NA,NA,0.0,0,-20.23,-3.47,[],0,0,[],[]
2314240,2315250,MAL,MAN,5.42,60,AMF,RC,0,NT,FH,0.0,0,-32.8,-25.67,[],0,0,[],[]
2315250,2316340,FEM,FAN,4.22,60,AMF,RC,0,NT,FI,0.0,0,-35.87,-28.8,[],0,0,[],[]
2316340,2317630,MAL,MAN,4.71,60,AMF,RC,0,NT,FI,0.0,0,-32.75,-25.19,[],0,0,[],[]
2317630,2319490,FEM,FAN,5.01,60,AMF,RC,0,NT,FI,0.0,0,-32.93,-22.45,[],0,0,[],[]
2319490,2320490,MAL,MAN,6.25,60,AMF,RC,0,NT,FI,0.0,0,-35.75,-28.53,[],0,0,[],[]
2320490,2321520,FEM,FAN,5.98,60,AMF,RC,0,NT,FI,0.0,0,-34.4,-29.56,[],0,0,[],[]
2321520,2322590,NA,OLN,0.0,60,AMF,NA,NA,NA,NA,0.0,0,-25.6,-6.95,[],0,0,[],[]
2322590,2323590,MAL,MAN,0.0,60,AMF,NA,NA,NA,NA,0.0,0,-34.96,-26.74,[],1000,0,[],[]
2323590,2325580,FEM,FAN,8.32,60,AMF,RC,0,NT,FH,0.0,0,-31.41,-20.48,[],0,0,[],[]
2325580,2326850,NA,MAF,0.0,60,AMF,NA,NA,NA,NA,0.0,0,-39.29,-33.2,[],0,0,[],[]
2326850,2327850,FEM,FAN,11.38,60,AMF,RC,0,NT,FH,0.0,0,-31.33,-19.82,[],0,0,[],[]
2327850,2329050,MAL,MAN,6.96,60,AMF,RC,0,NT,FI,0.0,0,-36.45,-30.11,[],0,0,[],[]
2329050,2332510,FEM,FAN,13.93,60,AMF,RC,0,NT,FI,0.0,0,-34.19,-24.59,[],0,0,[],[]
2332510,2334000,MAL,MAN,4.04,60,AMF,RC,0,NT,FI,0.0,0,-31.47,-23.31,[],0,0,[],[]
2334000,2335060,NA,NOF,0.0,60,AMF,NA,NA,NA,NA,0.0,0,-48.76,-40.57,[],0,0,[],[]
2335060,2336480,FEM,FAN,5.62,60,AMF,RC,0,NT,FI,0.0,0,-16.69,-2.86,[],0,0,[],[]
2336480,2337370,NA,OLF,0.0,60,AMF,NA,NA,NA,NA,0.0,0,-37.79,-31.23,[],0,0,[],[]
2337370,2339130,FEM,FAN,7.82,60,AMF,RC,0,NT,FH,0.0,0,-29.22,-19.71,[],0,0,[],[]
2339130,2340530,MAL,MAN,8.48,60,AMF,RC,0,NT,FI,0.0,0,-31.33,-24.14,[],0,0,[],[]
2340530,2342750,FEM,FAN,7.58,60,AMF,RC,0,NT,FI,0.0,0,-30.91,-22.0,[],0,0,[],[]
2342750,2344150,MAL,MAN,5.05,60,AMF,RC,0,NT,FI,0.0,0,-36.22,-29.6,[],0,0,[],[]
2344150,2345160,NA,FAF,0.0,60,AMF,NA,NA,NA,NA,0.0,0,-37.11,-31.08,[],0,0,[],[]
2345160,2346810,MAL,MAN,6.81,60,AMF,RC,0,NT,FH,0.0,0,-34.63,-24.63,[],0,0,[],[]
2346810,2349880,FEM,FAN,10.21,60,AMF,RC,0,NT,FI,0.0,0,-33.93,-20.3,[],0,0,[],[]
2349880,2350980,MAL,MAN,3.69,60,AMF,RC,0,NT,FI,0.0,0,-33.3,-19.46,[],0,0,[],[]
2350980,2352000,FEM,FAN,0.71,60,AMF,RC,0,NT,FI,0.0,0,-36.41,-29.56,[],0,0,[],[]
2352000,2353010,NA,MAF,0.0,60,AMF,NA,NA,NA,NA,0.0,0,-36.57,-30.76,[],0,0,[],[]
2353010,2353920,NA,OLF,0.0,60,AMF,NA,NA,NA,NA,0.0,0,-21.29,-3.55,[],0,0,[],[]
2353920,2355540,FEM,FAN,7.66,60,AMF,RC,0,NT,FH,0.0,0,-35.61,-29.53,[],0,0,[],[]
2355540,2356340,NA,NOF,0.0,60,AMF,NA,NA,NA,NA,0.0,0,-45.42,-39.18,[],0,0,[],[]
2356340,2357810,FEM,FAN,6.49,60,AMF,EC,0,NT,FH,0.0,0,-36.13,-28.85,[],0,0,[],[]
2357810,2358810,NA,MAF,0.0,61,pause,NA,NA,NA,NA,0.0,0,-37.59,-30.35,[],0,0,[],[]
2358810,2359610,NA,OLF,0.0,61,pause,NA,NA,NA,NA,0.0,0,-36.73,-29.16,[],0,0,[],[]
2359610,2362140,NA,MAF,0.0,61,pause,NA,NA,NA,NA,0.0,0,-37.31,-24.9,[],0,0,[],[]
2362140,2363460,NA,OLF,0.0,61,pause,NA,NA,NA,NA,0.0,0,-42.68,-26.09,[],0,0,[],[]
2363460,2365540,MAL,MAN,7.37,61,AMM,BC,0,NT,FI,0.0,0,-27.89,-19.16,[],0,0,[],[]
2365540,2366540,FEM,FAN,5.47,61,AMM,RC,0,NT,FI,0.0,0,-21.21,-6.72,[],0,0,[],[]
2366540,2367340,NA,OLN,0.0,61,AMM,NA,NA,NA,NA,0.0,0,-21.07,-5.71,[],0,0,[],[]
2367340,2368340,FEM,FAN,6.36,61,AMM,RC,0,NT,FH,0.0,0,-32.17,-27.8,[],0,0,[],[]
2368340,2369670,MAL,MAN,4.58,61,AMM,RC,0,NT,FI,0.0,0,-32.99,-26.28,[],0,0,[],[]
2369670,2372030,FEM,FAN,8.06,61,AMM,RC,0,NT,FI,0.0,0,-31.49,-18.22,[],0,0,[],[]
2372030,2372860,NA,OLF,0.0,61,AMM,NA,NA,NA,NA,0.0,0,-34.86,-26.34,[],0,0,[],[]
2372860,2373880,FEM,FAN,0.0,61,AMM,NA,NA,NA,NA,0.0,0,-33.97,-25.0,[],1020,0,[],[]
2373880,2375020,MAL,MAN,1.74,61,AMM,RC,0,NT,FI,0.0,0,-36.1,-26.52,[],0,0,[],[]
2375020,2375980,NA,OLF,0.0,61,AMM,NA,NA,NA,NA,0.0,0,-37.27,-27.09,[],0,0,[],[]
2375980,2377250,FEM,FAN,4.4,61,AMM,RC,0,NT,FI,0.0,0,-33.31,-21.78,[],0,0,[],[]
2377250,2378310,MAL,MAN,2.96,61,AMM,RC,0,NT,FI,0.0,0,-33.2,-24.8,[],0,0,[],[]
2378310,2379360,NA,OLF,0.0,61,AMM,NA,NA,NA,NA,0.0,0,-37.51,-26.0,[],0,0,[],[]
2379360,2380480,FEM,FAN,6.46,61,AMM,RC,0,NT,FI,0.0,0,-30.66,-23.12,[],0,0,[],[]
2380480,2381570,MAL,MAN,7.22,61,AMM,RC,0,NT,FI,0.0,0,-36.89,-26.32,[],0,0,[],[]
2381570,2382570,FEM,FAN,4.81,61,AMM,RC,0,NT,FI,0.0,0,-36.22,-24.31,[],0,0,[],[]
2382570,2383590,MAL,MAN,5.63,61,AMM,RC,0,NT,FI,0.0,0,-27.39,-19.4,[],0,0,[],[]
2383590,2384810,FEM,FAN,4.93,61,AMM,RC,0,NT,FI,0.0,0,-37.1,-23.99,[],0,0,[],[]
2384810,2385450,FEM,FAN,3.33,61,AMM,RC,0,NT,FH,0.0,0,-32.77,-27.89,[],0,0,[],[]
2385450,2387030,FEM,FAN,1.34,61,AMM,RC,0,NT,FH,0.0,0,-32.47,-27.8,[],0,0,[],[]
2387030,2388050,NA,MAF,0.0,61,AMM,NA,NA,NA,NA,0.0,0,-35.43,-28.01,[],0,0,[],[]
2388050,2389930,NA,OLN,0.0,61,AMM,NA,NA,NA,NA,0.0,0,-33.88,-26.92,[],0,0,[],[]
2389930,2391300,FEM,FAN,7.55,61,AMM,RC,0,NT,FH,0.0,0,-30.45,-20.11,[],0,0,[],[]
2391300,2392670,MAL,MAN,6.18,61,AMM,RC,0,NT,FI,0.0,0,-29.73,-20.0,[],0,0,[],[]
2392670,2393850,NA,OLN,0.0,61,AMM,NA,NA,NA,NA,0.0,0,-30.85,-21.66,[],0,0,[],[]
2393850,2395090,NA,SIL,0.0,61,AMM,NA,NA,NA,NA,0.0,0,-45.7,-37.82,[],0,0,[],[]
2395090,2397490,FEM,FAN,10.34,61,AMM,RC,0,NT,FI,0.0,0,-29.63,-19.29,[],0,0,[],[]
2397490,2398380,NA,OLN,0.0,61,AMM,NA,NA,NA,NA,0.0,0,-34.57,-27.66,[],0,0,[],[]
2398380,2400700,FEM,FAN,8.16,61,AMM,RC,0,NT,FH,0.0,0,-30.57,-22.36,[],0,0,[],[]
2400700,2401500,NA,FAF,0.0,61,AMM,NA,NA,NA,NA,0.0,0,-35.42,-27.22,[],0,0,[],[]
2401500,2402890,FEM,FAN,6.01,61,AMM,RC,0,NT,FH,0.0,0,-31.94,-25.51,[],0,0,[],[]
2402890,2403690,NA,OLN,0.0,61,AMM,NA,NA,NA,NA,0.0,0,-35.96,-27.08,[],0,0,[],[]
2403690,2408650,FEM,FAN,17.92,61,AMM,RC,0,NT,FH,0.0,0,-31.21,-23.04,[],0,0,[],[]
2408650,2410420,NA,OLN,0.0,61,AMM,NA,NA,NA,NA,0.0,0,-30.78,-17.22,[],0,0,[],[]
2410420,2414270,FEM,FAN,14.21,61,AMM,RC,0,NT,FH,0.0,0,-23.16,-2.93,[],0,0,[],[]
2414270,2415270,MAL,MAN,7.86,61,AMM,RC,0,NT,FI,0.0,0,-36.23,-26.83,[],0,0,[],[]
2415270,2417770,FEM,FAN,8.19,61,AMM,RC,0,NT,FI,0.0,0,-31.34,-21.72,[],0,0,[],[]
2417770,2418700,NA,NOF,0.0,61,AMM,NA,NA,NA,NA,0.0,0,-45.13,-32.51,[],0,0,[],[]
2418700,2422650,FEM,FAN,15.42,61,AMM,RC,0,NT,FH,0.0,0,-30.95,-22.83,[],0,0,[],[]
2422650,2423500,NA,OLN,0.0,61,AMM,NA,NA,NA,NA,0.0,0,-30.33,-24.29,[],0,0,[],[]
2423500,2428230,FEM,FAN,17.68,61,AMM,RC,0,NT,FH,0.0,0,-32.41,-22.19,[],0,0,[],[]
2428230,2429560,NA,OLF,0.0,61,AMM,NA,NA,NA,NA,0.0,0,-36.79,-20.37,[],0,0,[],[]
2429560,2431270,FEM,FAN,6.96,61,AMM,RC,0,NT,FH,0.0,0,-33.26,-27.07,[],0,0,[],[]
2431270,2432080,NA,OLN,0.0,61,AMM,NA,NA,NA,NA,0.0,0,-39.1,-31.21,[],0,0,[],[]
2432080,2435980,FEM,FAN,15.32,61,AMM,RC,0,NT,FH,0.0,0,-34.53,-25.46,[],0,0,[],[]
2435980,2437010,MAL,MAN,6.96,61,AMM,RC,0,NT,FI,0.0,0,-34.1,-28.62,[],0,0,[],[]
2437010,2437810,NA,OLF,0.0,61,AMM,NA,NA,NA,NA,0.0,0,-35.45,-18.83,[],0,0,[],[]
2437810,2439270,NA,MAF,0.0,61,AMM,NA,NA,NA,NA,0.0,0,-36.94,-27.41,[],0,0,[],[]
2439270,2440240,NA,OLN,0.0,61,AMM,NA,NA,NA,NA,0.0,0,-34.92,-27.74,[],0,0,[],[]
2440240,2442190,FEM,FAN,7.83,61,AMM,RC,0,NT,FI,0.0,0,-33.11,-26.54,[],0,0,[],[]
2442190,2444160,NA,OLN,0.0,61,AMM,NA,NA,NA,NA,0.0,0,-28.13,-7.65,[],0,0,[],[]
2444160,2445160,MAL,MAN,6.89,61,AMM,EC,0,NT,FI,0.0,0,-34.64,-29.91,[],0,0,[],[]
2445160,2446770,NA,OLF,0.0,62,pause,NA,NA,NA,NA,0.0,0,-36.16,-20.94,[],0,0,[],[]
2446770,2450310,NA,OLN,0.0,62,pause,NA,NA,NA,NA,0.0,0,-31.1,-19.11,[],0,0,[],[]
2450310,2451600,NA,MAF,0.0,62,pause,NA,NA,NA,NA,0.0,0,-40.81,-32.18,[],0,0,[],[]
2451600,2452640,FEM,FAN,4.12,62,AIOCF,BC,0,NT,FI,0.0,0,-29.09,-21.91,[],0,0,[],[]
2452640,2453450,NA,OLN,0.0,62,AIOCF,NA,NA,NA,NA,0.0,0,-30.07,-22.88,[],0,0,[],[]
2453450,2456000,FEM,FAN,10.25,62,AIOCF,RC,0,NT,FH,0.0,0,-31.7,-23.63,[],0,0,[],[]
2456000,2457020,MAL,MAN,3.62,62,AIOCF,RC,0,NT,FI,0.0,0,-36.72,-30.45,[],0,0,[],[]
2457020,2457820,OCH,CXN,0.0,62,AIOCF,EC,0,NT,FI,0.0,0,-32.99,-26.96,[],0,0,[],[]
2457820,2463710,NA,SIL,0.0,63,pause,NA,NA,NA,NA,0.0,0,-49.28,-29.66,[],0,0,[],[]
2463710,2466410,NA,NOF,0.0,63,pause,NA,NA,NA,NA,0.0,0,-44.24,-29.84,[],0,0,[],[]
2466410,2467210,NA,OLF,0.0,63,pause,NA,NA,NA,NA,0.0,0,-41.94,-35.95,[],0,0,[],[]
2467210,2470360,NA,MAF,0.0,63,pause,NA,NA,NA,NA,0.0,0,-42.84,-31.41,[],0,0,[],[]
2470360,2471360,FEM,FAN,8.66,63,AMF,EC,0,NT,FI,0.0,0,-34.46,-25.58,[],0,0,[],[]
2471360,2472520,NA,MAF,0.0,64,pause,NA,NA,NA,NA,0.0,0,-38.66,-31.67,[],0,0,[],[]
2472520,2473490,NA,OLF,0.0,64,pause,NA,NA,NA,NA,0.0,0,-38.67,-28.79,[],0,0,[],[]
2473490,2474500,NA,MAF,0.0,64,pause,NA,NA,NA,NA,0.0,0,-41.46,-34.02,[],0,0,[],[]
2474500,2475710,NA,OLF,0.0,64,pause,NA,NA,NA,NA,0.0,0,-45.25,-37.8,[],0,0,[],[]
2475710,2476520,NA,SIL,0.0,64,pause,NA,NA,NA,NA,0.0,0,-49.24,-44.69,[],0,0,[],[]
2476520,2480130,NA,NOF,0.0,64,pause,NA,NA,NA,NA,0.0,0,-47.81,-27.9,[],0,0,[],[]
2480130,2481720,NA,SIL,0.0,64,pause,NA,NA,NA,NA,0.0,0,-49.83,-43.62,[],0,0,[],[]
2481720,2482740,NA,OLN,0.0,64,pause,NA,NA,NA,NA,0.0,0,-35.67,-27.07,[],0,0,[],[]
2482740,2485110,NA,NOF,0.0,64,pause,NA,NA,NA,NA,0.0,0,-43.39,-31.92,[],0,0,[],[]
2485110,2485920,NA,OLF,0.0,64,pause,NA,NA,NA,NA,0.0,0,-26.76,-10.22,[],0,0,[],[]
2485920,2487290,NA,NOF,0.0,64,pause,NA,NA,NA,NA,0.0,0,-47.88,-41.33,[],0,0,[],[]
2487290,2488470,NA,SIL,0.0,64,pause,NA,NA,NA,NA,0.0,0,-51.6,-44.86,[],0,0,[],[]
2488470,2489870,NA,MAF,0.0,64,pause,NA,NA,NA,NA,0.0,0,-46.48,-37.45,[],0,0,[],[]
2489870,2490670,NA,SIL,0.0,64,pause,NA,NA,NA,NA,0.0,0,-48.91,-37.18,[],0,0,[],[]
2490670,2494360,NA,NOF,0.0,64,pause,NA,NA,NA,NA,0.0,0,-43.15,-32.92,[],0,0,[],[]
2494360,2495160,NA,SIL,0.0,64,pause,NA,NA,NA,NA,0.0,0,-49.92,-43.99,[],0,0,[],[]
2495160,2495980,NA,NOF,0.0,64,pause,NA,NA,NA,NA,0.0,0,-45.3,-37.05,[],0,0,[],[]
2495980,2496790,NA,SIL,0.0,64,pause,NA,NA,NA,NA,0.0,0,-50.69,-47.02,[],0,0,[],[]
2496790,2498660,NA,NOF,0.0,64,pause,NA,NA,NA,NA,0.0,0,-41.95,-28.02,[],0,0,[],[]
2498660,2499610,CHI,CHN,0.0,64,CM,BC,0,NT,FI,1.0,950,-33.15,-26.65,"[{'Canonical-syllable': '0', 'Growl': '1', 'High-freq-energy': '0', 'Long-island': '0', 'Low-tilt-spectrum': '1', 'Medium-island': '0', 'Short-island': '0', 'Squeal': '0', 'Typical-entropy': '1', 'Voicing-quality': '1', 'Wide-band': '0', 'Xlong-island': '1', 'seq': '1', 'end': 2499.61, 'start': 2498.66}]",0,0,[],[]
2499610,2501730,NA,NOF,0.0,64,CM,NA,NA,NA,NA,0.0,0,-42.4,-29.61,[],0,0,[],[]
2501730,2502620,NA,SIL,0.0,64,CM,NA,NA,NA,NA,0.0,0,-51.21,-45.61,[],0,0,[],[]
2502620,2503390,NA,CHF,0.0,64,CM,EC,0,NT,FH,1.0,770,-39.0,-31.84,"[{'Canonical-syllable': '0', 'Growl': '0', 'High-freq-energy': '0', 'Long-island': '1', 'Low-tilt-spectrum': '1', 'Medium-island': '0', 'Short-island': '0', 'Squeal': '0', 'Typical-entropy': '1', 'Voicing-quality': '1', 'Wide-band': '0', 'Xlong-island': '0', 'seq': '1', 'end': 2503.39, 'start': 2502.62}]",0,0,[],[]
2503390,2504590,NA,SIL,0.0,65,pause,NA,NA,NA,NA,0.0,0,-47.4,-40.36,[],0,0,[],[]
2504590,2505190,FEM,FAN,0.0,65,pause,NA,NA,NA,NA,0.0,0,-37.27,-25.57,[],600,0,[],[]
2505190,2507760,NA,NOF,0.0,65,pause,NA,NA,NA,NA,0.0,0,-27.04,-6.43,[],0,0,[],[]
2507760,2508930,NA,OLN,0.0,65,pause,NA,NA,NA,NA,0.0,0,-37.04,-30.04,[],0,0,[],[]
2508930,2510050,FEM,FAN,6.8,65,AMF,BC,0,NT,FI,0.0,0,-29.05,-20.65,[],0,0,[],[]
2510050,2511020,NA,OLN,0.0,65,AMF,NA,NA,NA,NA,0.0,0,-26.08,-18.7,[],0,0,[],[]
2511020,2511930,NA,CXF,0.0,65,AMF,NA,NA,NA,NA,0.0,0,-39.13,-22.57,[],0,0,[],[]
2511930,2512750,NA,OLF,0.0,65,AMF,NA,NA,NA,NA,0.0,0,-42.54,-34.15,[],0,0,[],[]
2512750,2513760,FEM,FAN,8.28,65,AMF,RC,0,NT,FH,0.0,0,-25.18,-17.42,[],0,0,[],[]
2513760,2515050,NA,OLF,0.0,65,AMF,NA,NA,NA,NA,0.0,0,-40.4,-33.11,[],0,0,[],[]
2515050,2515940,NA,NOF,0.0,65,AMF,NA,NA,NA,NA,0.0,0,-48.54,-43.28,[],0,0,[],[]
2515940,2518230,FEM,FAN,10.05,65,AMF,EC,0,NT,FH,0.0,0,-29.34,-20.46,[],0,0,[],[]
2518230,2520000,NA,OLF,0.0,66,pause,NA,NA,NA,NA,0.0,0,-37.57,-22.37,[],0,0,[],[]
2520000,2520920,NA,NOF,0.0,66,pause,NA,NA,NA,NA,0.0,0,-47.68,-40.76,[],0,0,[],[]
2520920,2521720,NA,OLF,0.0,66,pause,NA,NA,NA,NA,0.0,0,-45.75,-37.72,[],0,0,[],[]
2521720,2526790,NA,NOF,0.0,66,pause,NA,NA,NA,NA,0.0,0,-46.9,-36.22,[],0,0,[],[]
2526790,2527600,NA,OLF,0.0,66,pause,NA,NA,NA,NA,0.0,0,-43.01,-32.39,[],0,0,[],[]
2527600,2528690,NA,NOF,0.0,66,pause,NA,NA,NA,NA,0.0,0,-47.07,-42.42,[],0,0,[],[]
2528690,2532680,FEM,FAN,16.12,66,AICF,BC,0,NT,FI,0.0,0,-24.23,-7.12,[],0,0,[],[]
2532680,2533910,NA,MAF,0.0,66,AICF,NA,NA,NA,NA,0.0,0,-35.86,-26.27,[],0,0,[],[]
2533910,2535170,FEM,FAN,7.48,66,AICF,RC,0,NT,FH,0.0,0,-27.05,-17.58,[],0,0,[],[]
2535170,2536280,NA,OLN,0.0,66,AICF,NA,NA,NA,NA,0.0,0,-28.86,-19.93,[],0,0,[],[]
2536280,2537310,NA,NOF,0.0,66,AICF,NA,NA,NA,NA,0.0,0,-45.72,-35.2,[],0,0,[],[]
2537310,2539300,FEM,FAN,0.0,66,AICF,NA,NA,NA,NA,0.0,0,-27.36,-18.6,[],1990,0,[],[]
2539300,2540340,MAL,MAN,4.37,66,AICF,RC,0,NT,FI,0.0,0,-29.34,-18.8,[],0,0,[],[]
2540340,2542750,FEM,FAN,8.83,66,AICF,RC,0,NT,FI,0.0,0,-29.01,-19.59,[],0,0,[],[]
2542750,2543550,NA,OLN,0.0,66,AICF,NA,NA,NA,NA,0.0,0,-34.62,-26.59,[],0,0,[],[]
2543550,2544780,FEM,FAN,7.34,66,AICF,RC,0,TIFI,FH,0.0,0,-30.64,-25.6,[],0,0,[],[]
2544780,2545890,NA,OLN,0.0,66,AICF,NA,NA,NA,NA,0.0,0,-28.79,-21.48,[],0,0,[],[]
2545890,2546640,CHI,CHN,0.0,66,AICF,RC,1,TIFR,FI,1.0,750,-15.67,-11.93,"[{'Canonical-syllable': '0', 'Growl': '0', 'High-freq-energy': '0', 'Long-island': '1', 'Low-tilt-spectrum': '0', 'Medium-island': '0', 'Short-island': '0', 'Squeal': '0', 'Typical-entropy': '0', 'Voicing-quality': '1', 'Wide-band': '0', 'Xlong-island': '0', 'seq': '1', 'end': 2546.64, 'start': 2545.89}]",0,0,[],[]
2546640,2547440,NA,OLN,0.0,66,AICF,NA,NA,NA,NA,0.0,0,-25.59,-19.15,[],0,0,[],[]
2547440,2553140,FEM,FAN,21.92,66,AICF,RC,1,TIFE,FI,0.0,0,-29.96,-20.13,[],0,0,[],[]
2553140,2554730,NA,OLN,0.0,66,AICF,NA,NA,NA,NA,0.0,0,-25.15,-17.27,[],0,0,[],[]
2554730,2555920,FEM,FAN,4.69,66,AICF,RC,1,NT,FH,0.0,0,-32.25,-24.38,[],0,0,[],[]
2555920,2556970,NA,OLF,0.0,66,AICF,NA,NA,NA,NA,0.0,0,-39.57,-28.89,[],0,0,[],[]
2556970,2559290,FEM,FAN,10.95,66,AICF,RC,1,NT,FH,0.0,0,-31.36,-23.34,[],0,0,[],[]
2559290,2560120,NA,OLN,0.0,66,AICF,NA,NA,NA,NA,0.0,0,-22.41,-6.43,[],0,0,[],[]
2560120,2561220,FEM,FAN,4.64,66,AICF,RC,1,NT,FH,0.0,0,-25.62,-16.59,[],0,0,[],[]
2561220,2562030,NA,OLN,0.0,66,AICF,NA,NA,NA,NA,0.0,0,-19.49,-6.86,[],0,0,[],[]
2562030,2563150,FEM,FAN,6.16,66,AICF,RC,1,NT,FH,0.0,0,-24.76,-18.66,[],0,0,[],[]
2563150,2565220,NA,OLN,0.0,66,AICF,NA,NA,NA,NA,0.0,0,-20.23,-6.63,[],0,0,[],[]
2565220,2568070,FEM,FAN,12.56,66,AICF,RC,1,NT,FH,0.0,0,-19.63,-5.49,[],0,0,[],[]
2568070,2569140,NA,OLF,0.0,66,AICF,NA,NA,NA,NA,0.0,0,-16.37,-3.83,[],0,0,[],[]
2569140,2569960,NA,NOF,0.0,66,AICF,NA,NA,NA,NA,0.0,0,-22.98,-7.98,[],0,0,[],[]
2569960,2570960,FEM,FAN,9.03,66,AICF,RC,1,NT,FH,0.0,0,-29.14,-20.87,[],0,0,[],[]
2570960,2571930,NA,OLF,0.0,66,AICF,NA,NA,NA,NA,0.0,0,-33.52,-22.78,[],0,0,[],[]
2571930,2572730,NA,NOF,0.0,66,AICF,NA,NA,NA,NA,0.0,0,-42.72,-38.75,[],0,0,[],[]
2572730,2573530,NA,OLF,0.0,66,AICF,NA,NA,NA,NA,0.0,0,-43.89,-39.33,[],0,0,[],[]
2573530,2574870,NA,NOF,0.0,66,AICF,NA,NA,NA,NA,0.0,0,-44.16,-35.7,[],0,0,[],[]
2574870,2575880,FEM,FAN,2.73,66,AICF,RC,1,NT,FH,0.0,0,-29.98,-25.69,[],0,0,[],[]
2575880,2577480,MAL,MAN,8.59,66,AICF,EC,1,NT,FI,0.0,0,-31.41,-22.36,[],0,0,[],[]
2577480,2578620,NA,NOF,0.0,67,pause,NA,NA,NA,NA,0.0,0,-36.34,-18.65,[],0,0,[],[]
2578620,2579480,NA,OLN,0.0,67,pause,NA,NA,NA,NA,0.0,0,-24.8,-9.75,[],0,0,[],[]
2579480,2580390,NA,NOF,0.0,67,pause,NA,NA,NA,NA,0.0,0,-23.56,-8.11,[],0,0,[],[]
2580390,2583320,NA,OLF,0.0,67,pause,NA,NA,NA,NA,0.0,0,-32.49,-14.27,[],0,0,[],[]
2583320,2584120,NA,NOF,0.0,67,pause,NA,NA,NA,NA,0.0,0,-37.49,-26.4,[],0,0,[],[]
2584120,2585120,FEM,FAN,3.05,67,AIOCF,BC,0,NT,FI,0.0,0,-27.85,-18.63,[],0,0,[],[]
2585120,2587290,NA,OLN,0.0,67,AIOCF,NA,NA,NA,NA,0.0,0,-34.71,-22.06,[],0,0,[],[]
2587290,2588550,OCH,CXN,0.0,67,AIOCF,RC,0,NT,FI,0.0,0,-28.13,-22.29,[],0,0,[],[]
2588550,2591070,FEM,FAN,6.33,67,AIOCF,RC,0,NT,FI,0.0,0,-31.41,-21.79,[],0,0,[],[]
2591070,2591870,FEM,FAN,2.54,67,AIOCF,RC,0,NT,FH,0.0,0,-31.1,-24.48,[],0,0,[],[]
2591870,2593070,FEM,FAN,3.87,67,AIOCF,RC,0,NT,FH,0.0,0,-31.28,-25.16,[],0,0,[],[]
2593070,2594410,NA,OLF,0.0,67,AIOCF,NA,NA,NA,NA,0.0,0,-43.94,-30.96,[],0,0,[],[]
2594410,2595590,FEM,FAN,4.43,67,AIOCF,RC,0,NT,FH,0.0,0,-29.04,-15.13,[],0,0,[],[]
2595590,2596930,NA,OLN,0.0,67,AIOCF,NA,NA,NA,NA,0.0,0,-30.06,-16.54,[],0,0,[],[]
2596930,2601300,FEM,FAN,16.99,67,AIOCF,RC,0,NT,FH,0.0,0,-23.53,-4.34,[],0,0,[],[]
2601300,2602100,NA,SIL,0.0,67,AIOCF,NA,NA,NA,NA,0.0,0,-44.57,-38.39,[],0,0,[],[]
2602100,2603100,FEM,FAN,4.12,67,AIOCF,RC,0,NT,FH,0.0,0,-31.93,-22.32,[],0,0,[],[]
2603100,2605860,NA,OLN,0.0,67,AIOCF,NA,NA,NA,NA,0.0,0,-26.26,-9.3,[],0,0,[],[]
2605860,2606920,FEM,FAN,8.03,67,AIOCF,RC,0,NT,FH,0.0,0,-32.24,-22.21,[],0,0,[],[]
2606920,2607920,MAL,MAN,4.5,67,AIOCF,RC,0,NT,FI,0.0,0,-35.19,-24.81,[],0,0,[],[]
2607920,2609770,FEM,FAN,10.01,67,AIOCF,RC,0,NT,FI,0.0,0,-29.52,-21.37,[],0,0,[],[]
2609770,2610840,NA,OLN,0.0,67,AIOCF,NA,NA,NA,NA,0.0,0,-32.56,-24.3,[],0,0,[],[]
2610840,2613330,FEM,FAN,12.36,67,AIOCF,RC,0,NT,FH,0.0,0,-29.73,-20.39,[],0,0,[],[]
2613330,2613990,OCH,CXN,0.0,67,AIOCF,RC,0,NT,FI,0.0,0,-31.21,-17.74,[],0,0,[],[]
2613990,2619520,FEM,FAN,22.33,67,AIOCF,RC,0,NT,FI,0.0,0,-28.99,-18.5,[],0,0,[],[]
2619520,2620530,NA,MAF,0.0,67,AIOCF,NA,NA,NA,NA,0.0,0,-32.43,-27.06,[],0,0,[],[]
2620530,2623090,FEM,FAN,10.42,67,AIOCF,RC,0,NT,FH,0.0,0,-28.22,-17.82,[],0,0,[],[]
2623090,2624120,NA,OLN,0.0,67,AIOCF,NA,NA,NA,NA,0.0,0,-29.98,-22.42,[],0,0,[],[]
2624120,2625910,FEM,FAN,7.64,67,AIOCF,RC,0,NT,FH,0.0,0,-28.47,-21.96,[],0,0,[],[]
2625910,2627160,MAL,MAN,3.96,67,AIOCF,RC,0,NT,FI,0.0,0,-28.45,-21.39,[],0,0,[],[]
2627160,2628070,NA,OLN,0.0,67,AIOCF,NA,NA,NA,NA,0.0,0,-27.71,-14.98,[],0,0,[],[]
2628070,2629190,FEM,FAN,3.87,67,AIOCF,EC,0,NT,FI,0.0,0,-23.46,-11.59,[],0,0,[],[]
2629190,2634710,NA,OLN,0.0,68,pause,NA,NA,NA,NA,0.0,0,-23.37,-0.9,[],0,0,[],[]
2634710,2635710,NA,MAF,0.0,68,pause,NA,NA,NA,NA,0.0,0,-32.35,-13.61,[],0,0,[],[]
2635710,2637550,FEM,FAN,8.32,68,AICF,BC,0,NT,FI,0.0,0,-28.33,-18.84,[],0,0,[],[]
2637550,2639170,NA,OLF,0.0,68,AICF,NA,NA,NA,NA,0.0,0,-40.9,-26.41,[],0,0,[],[]
2639170,2641760,FEM,FAN,11.73,68,AICF,RC,0,NT,FH,0.0,0,-29.73,-22.32,[],0,0,[],[]
2641760,2642870,NA,OLF,0.0,68,AICF,NA,NA,NA,NA,0.0,0,-24.66,-8.0,[],0,0,[],[]
2642870,2643670,NA,NOF,0.0,68,AICF,NA,NA,NA,NA,0.0,0,-36.88,-25.51,[],0,0,[],[]
2643670,2644760,NA,OLN,0.0,68,AICF,NA,NA,NA,NA,0.0,0,-34.95,-24.95,[],0,0,[],[]
2644760,2645790,FEM,FAN,5.17,68,AICF,RC,0,NT,FH,0.0,0,-28.81,-19.12,[],0,0,[],[]
2645790,2646590,NA,OLF,0.0,68,AICF,NA,NA,NA,NA,0.0,0,-41.58,-35.15,[],0,0,[],[]
2646590,2647390,NA,MAF,0.0,68,AICF,NA,NA,NA,NA,0.0,0,-47.26,-40.42,[],0,0,[],[]
2647390,2648390,FEM,FAN,5.67,68,AICF,RC,0,NT,FH,0.0,0,-35.83,-29.92,[],0,0,[],[]
2648390,2652840,NA,OLF,0.0,68,AICF,NA,NA,NA,NA,0.0,0,-27.42,-5.17,[],0,0,[],[]
2652840,2654470,FEM,FAN,7.53,68,AICF,RC,0,NT,FH,0.0,0,-30.42,-24.47,[],0,0,[],[]
2654470,2657070,NA,OLN,0.0,68,AICF,NA,NA,NA,NA,0.0,0,-28.26,-17.49,[],0,0,[],[]
2657070,2659540,FEM,FAN,11.31,68,AICF,RC,0,NT,FH,0.0,0,-26.12,-17.34,[],0,0,[],[]
2659540,2660430,NA,OLF,0.0,68,AICF,NA,NA,NA,NA,0.0,0,-41.66,-33.21,[],0,0,[],[]
2660430,2667000,FEM,FAN,25.04,68,AICF,RC,0,NT,FH,0.0,0,-27.33,-18.01,[],0,0,[],[]
2667000,2667860,NA,OLN,0.0,68,AICF,NA,NA,NA,NA,0.0,0,-29.43,-20.59,[],0,0,[],[]
2667860,2669890,FEM,FAN,10.01,68,AICF,RC,0,NT,FH,0.0,0,-27.14,-16.04,[],0,0,[],[]
2669890,2670950,NA,OLN,0.0,68,AICF,NA,NA,NA,NA,0.0,0,-33.12,-26.94,[],0,0,[],[]
2670950,2671970,FEM,FAN,3.72,68,AICF,RC,0,NT,FH,0.0,0,-23.24,-12.98,[],0,0,[],[]
2671970,2672820,NA,OLF,0.0,68,AICF,NA,NA,NA,NA,0.0,0,-31.02,-19.78,[],0,0,[],[]
2672820,2673530,FEM,FAN,3.1,68,AICF,RC,0,NT,FH,0.0,0,-20.11,-10.78,[],0,0,[],[]
2673530,2674630,FEM,FAN,4.09,68,AICF,RC,0,NT,FH,0.0,0,-19.34,-7.75,[],0,0,[],[]
2674630,2675430,NA,OLF,0.0,68,AICF,NA,NA,NA,NA,0.0,0,-35.31,-28.01,[],0,0,[],[]
2675430,2676430,FEM,FAN,1.63,68,AICF,RC,0,NT,FH,0.0,0,-24.01,-11.29,[],0,0,[],[]
2676430,2677430,NA,MAF,0.0,68,AICF,NA,NA,NA,NA,0.0,0,-31.64,-15.91,[],0,0,[],[]
2677430,2678630,FEM,FAN,5.76,68,AICF,RC,0,NT,FH,0.0,0,-24.77,-13.7,[],0,0,[],[]
2678630,2679430,NA,SIL,0.0,68,AICF,NA,NA,NA,NA,0.0,0,-46.64,-41.45,[],0,0,[],[]
2679430,2681170,NA,NOF,0.0,68,AICF,NA,NA,NA,NA,0.0,0,-42.4,-33.25,[],0,0,[],[]
2681170,2682550,FEM,FAN,2.46,68,AICF,RC,0,TIFI,FH,0.0,0,-32.86,-23.52,[],0,0,[],[]
2682550,2684580,NA,NOF,0.0,68,AICF,NA,NA,NA,NA,0.0,0,-37.68,-18.06,[],0,0,[],[]
2684580,2685760,CHI,CHN,0.0,68,AICF,RC,1,TIFR,FI,2.0,860,-19.33,-7.82,"[{'Canonical-syllable': '1', 'Growl': '0', 'High-freq-energy': '0', 'Long-island': '0', 'Low-tilt-spectrum': '0', 'Medium-island': '1', 'Short-island': '0', 'Squeal': '0', 'Typical-entropy': '0', 'Voicing-quality': '1', 'Wide-band': '0', 'Xlong-island': '0', 'seq': '1', 'end': 2685.02, 'start': 2684.58}, {'Canonical-syllable': '1', 'Growl': '0', 'High-freq-energy': '0', 'Long-island': '0', 'Low-tilt-spectrum': '0', 'Medium-island': '1', 'Short-island': '0', 'Squeal': '0', 'Typical-entropy': '0', 'Voicing-quality': '1', 'Wide-band': '0', 'Xlong-island': '0', 'seq': '2', 'end': 2685.76, 'start': 2685.34}]",0,0,[],[]
2685760,2686680,NA,OLN,0.0,68,AICF,NA,NA,NA,NA,0.0,0,-23.14,-12.25,[],0,0,[],[]
2686680,2689430,FEM,FAN,10.43,68,AICF,EC,1,TIFE,FI,0.0,0,-21.49,-9.96,[],0,0,[],[]
2689430,2690520,NA,MAF,0.0,69,pause,NA,NA,NA,NA,0.0,0,-44.57,-39.23,[],0,0,[],[]
2690520,2691520,NA,SIL,0.0,69,pause,NA,NA,NA,NA,0.0,0,-45.64,-40.7,[],0,0,[],[]
2691520,2693920,NA,NOF,0.0,69,pause,NA,NA,NA,NA,0.0,0,-39.47,-20.22,[],0,0,[],[]
2693920,2694720,NA,OLF,0.0,69,pause,NA,NA,NA,NA,0.0,0,-36.27,-23.48,[],0,0,[],[]
2694720,2697270,NA,NOF,0.0,69,pause,NA,NA,NA,NA,0.0,0,-44.03,-29.17,[],0,0,[],[]
2697270,2699020,NA,SIL,0.0,69,pause,NA,NA,NA,NA,0.0,0,-49.0,-36.47,[],0,0,[],[]
2699020,2699860,NA,OLF,0.0,69,pause,NA,NA,NA,NA,0.0,0,-46.37,-40.64,[],0,0,[],[]
2699860,2700850,NA,SIL,0.0,69,pause,NA,NA,NA,NA,0.0,0,-46.79,-41.12,[],0,0,[],[]
2700850,2701670,NA,NOF,0.0,69,pause,NA,NA,NA,NA,0.0,0,-46.6,-40.91,[],0,0,[],[]
2701670,2702470,NA,OLF,0.0,69,pause,NA,NA,NA,NA,0.0,0,-38.27,-27.07,[],0,0,[],[]
2702470,2704130,NA,NOF,0.0,69,pause,NA,NA,NA,NA,0.0,0,-35.07,-18.18,[],0,0,[],[]
2704130,2705570,NA,OLN,0.0,69,pause,NA,NA,NA,NA,0.0,0,-23.3,-11.54,[],0,0,[],[]
2705570,2706370,NA,OLF,0.0,69,pause,NA,NA,NA,NA,0.0,0,-39.41,-26.45,[],0,0,[],[]
2706370,2706970,FEM,FAN,1.48,69,AMF,BC,0,NT,FI,0.0,0,-25.16,-12.29,[],0,0,[],[]
2706970,2710250,FEM,FAN,10.51,69,AMF,EC,0,NT,FH,0.0,0,-25.38,-13.3,[],0,0,[],[]
2710250,2711170,NA,NOF,0.0,70,pause,NA,NA,NA,NA,0.0,0,-45.12,-33.4,[],0,0,[],[]
2711170,2711970,NA,OLF,0.0,70,pause,NA,NA,NA,NA,0.0,0,-44.56,-35.53,[],0,0,[],[]
2711970,2713200,NA,FAF,0.0,70,pause,NA,NA,NA,NA,0.0,0,-38.73,-28.77,[],0,0,[],[]
2713200,2714630,NA,OLF,0.0,70,pause,NA,NA,NA,NA,0.0,0,-43.32,-32.91,[],0,0,[],[]
2714630,2715520,NA,SIL,0.0,70,pause,NA,NA,NA,NA,0.0,0,-48.09,-43.73,[],0,0,[],[]
2715520,2717200,NA,OLF,0.0,70,pause,NA,NA,NA,NA,0.0,0,-44.28,-32.35,[],0,0,[],[]
2717200,2718240,NA,NOF,0.0,70,pause,NA,NA,NA,NA,0.0,0,-41.51,-28.37,[],0,0,[],[]
2718240,2719090,NA,OLF,0.0,70,pause,NA,NA,NA,NA,0.0,0,-40.55,-27.33,[],0,0,[],[]
2719090,2719970,NA,SIL,0.0,70,pause,NA,NA,NA,NA,0.0,0,-47.58,-41.96,[],0,0,[],[]
2719970,2720970,NA,TVF,0.0,70,pause,NA,NA,NA,NA,0.0,0,-45.96,-37.04,[],0,0,[],[]
2720970,2722330,NA,SIL,0.0,70,pause,NA,NA,NA,NA,0.0,0,-48.91,-36.71,[],0,0,[],[]
2722330,2723960,NA,FAF,0.0,70,pause,NA,NA,NA,NA,0.0,0,-43.75,-34.69,[],0,0,[],[]
2723960,2725110,NA,OLF,0.0,70,pause,NA,NA,NA,NA,0.0,0,-44.34,-37.06,[],0,0,[],[]
2725110,2726090,NA,FAF,0.0,70,pause,NA,NA,NA,NA,0.0,0,-45.35,-36.08,[],0,0,[],[]
2726090,2727970,FEM,FAN,6.31,70,AMF,BC,0,NT,FI,0.0,0,-29.51,-20.98,[],0,0,[],[]
2727970,2729200,NA,SIL,0.0,70,AMF,NA,NA,NA,NA,0.0,0,-47.83,-38.14,[],0,0,[],[]
2729200,2732470,NA,OLF,0.0,70,AMF,NA,NA,NA,NA,0.0,0,-40.49,-23.65,[],0,0,[],[]
2732470,2738230,FEM,FAN,21.94,70,AMF,RC,0,NT,FH,0.0,0,-32.01,-20.88,[],0,0,[],[]
2738230,2741460,NA,NOF,0.0,70,AMF,NA,NA,NA,NA,0.0,0,-46.58,-32.63,[],0,0,[],[]
2741460,2742470,MAL,MAN,2.45,70,AMF,RC,0,NT,FI,0.0,0,-35.14,-25.97,[],0,0,[],[]
2742470,2744040,NA,OLN,0.0,70,AMF,NA,NA,NA,NA,0.0,0,-27.24,-10.76,[],0,0,[],[]
2744040,2745290,NA,NOF,0.0,70,AMF,NA,NA,NA,NA,0.0,0,-35.61,-17.29,[],0,0,[],[]
2745290,2749640,FEM,FAN,16.49,70,AMF,RC,0,NT,FI,0.0,0,-28.46,-21.33,[],0,0,[],[]
2749640,2750800,MAL,MAN,5.96,70,AMF,RC,0,NT,FI,0.0,0,-32.54,-23.64,[],0,0,[],[]
2750800,2751610,NA,OLN,0.0,70,AMF,NA,NA,NA,NA,0.0,0,-33.83,-28.53,[],0,0,[],[]
2751610,2752430,NA,NOF,0.0,70,AMF,NA,NA,NA,NA,0.0,0,-38.26,-29.53,[],0,0,[],[]
2752430,2753230,FEM,FAN,3.77,70,AMF,RC,0,NT,FI,0.0,0,-23.66,-13.82,[],0,0,[],[]
2753230,2754030,NA,NOF,0.0,70,AMF,NA,NA,NA,NA,0.0,0,-40.34,-29.28,[],0,0,[],[]
2754030,2757220,FEM,FAN,12.91,70,AMF,EC,0,NT,FH,0.0,0,-29.14,-18.01,[],0,0,[],[]
2757220,2758130,NA,OLN,0.0,71,pause,NA,NA,NA,NA,0.0,0,-25.93,-10.32,[],0,0,[],[]
2758130,2759090,NA,NOF,0.0,71,pause,NA,NA,NA,NA,0.0,0,-34.5,-20.29,[],0,0,[],[]
2759090,2759950,NA,OLF,0.0,71,pause,NA,NA,NA,NA,0.0,0,-32.8,-18.5,[],0,0,[],[]
2759950,2761320,NA,NOF,0.0,71,pause,NA,NA,NA,NA,0.0,0,-40.45,-30.05,[],0,0,[],[]
2761320,2763050,NA,OLN,0.0,71,pause,NA,NA,NA,NA,0.0,0,-34.73,-25.37,[],0,0,[],[]
2763050,2764060,FEM,FAN,6.75,71,AMF,BC,0,NT,FI,0.0,0,-27.78,-20.24,[],0,0,[],[]
2764060,2765140,MAL,MAN,3.13,71,AMF,EC,0,NT,FI,0.0,0,-27.08,-18.87,[],0,0,[],[]
2765140,2765940,NA,OLN,0.0,72,pause,NA,NA,NA,NA,0.0,0,-28.09,-20.93,[],0,0,[],[]
2765940,2768090,NA,OLF,0.0,72,pause,NA,NA,NA,NA,0.0,0,-42.09,-28.9,[],0,0,[],[]
2768090,2768930,NA,NOF,0.0,72,pause,NA,NA,NA,NA,0.0,0,-45.28,-40.58,[],0,0,[],[]
2768930,2770080,NA,FAF,0.0,72,pause,NA,NA,NA,NA,0.0,0,-37.6,-28.41,[],0,0,[],[]
2770080,2771660,MAL,MAN,0.0,72,pause,NA,NA,NA,NA,0.0,0,-33.78,-29.81,[],1580,0,[],[]
2771660,2772660,NA,NOF,0.0,72,pause,NA,NA,NA,NA,0.0,0,-42.04,-34.27,[],0,0,[],[]
2772660,2774210,NA,OLF,0.0,72,pause,NA,NA,NA,NA,0.0,0,-34.15,-23.28,[],0,0,[],[]
2774210,2775390,FEM,FAN,4.66,72,AICF,BC,0,NT,FI,0.0,0,-33.1,-23.41,[],0,0,[],[]
2775390,2777860,NA,NOF,0.0,72,AICF,NA,NA,NA,NA,0.0,0,-39.69,-26.5,[],0,0,[],[]
2777860,2780190,FEM,FAN,9.45,72,AICF,RC,0,NT,FH,0.0,0,-32.29,-23.04,[],0,0,[],[]
2780190,2781980,MAL,MAN,9.55,72,AICF,RC,0,NT,FI,0.0,0,-36.75,-26.08,[],0,0,[],[]
2781980,2782780,NA,OLF,0.0,72,AICF,NA,NA,NA,NA,0.0,0,-36.0,-26.31,[],0,0,[],[]
2782780,2784750,NA,SIL,0.0,72,AICF,NA,NA,NA,NA,0.0,0,-46.26,-41.72,[],0,0,[],[]
2784750,2787140,MAL,MAN,7.04,72,AICF,RC,0,TIMI,FH,0.0,0,-38.83,-30.04,[],0,0,[],[]
2787140,2789090,NA,SIL,0.0,72,AICF,NA,NA,NA,NA,0.0,0,-45.67,-40.2,[],0,0,[],[]
2789090,2790320,NA,NOF,0.0,72,AICF,NA,NA,NA,NA,0.0,0,-44.71,-35.86,[],0,0,[],[]
2790320,2790920,CHI,CHN,0.0,72,AICF,RC,1,TIMR,FI,1.0,410,-24.1,-17.17,"[{'Canonical-syllable': '0', 'Growl': '0', 'High-freq-energy': '0', 'Long-island': '0', 'Low-tilt-spectrum': '0', 'Medium-island': '1', 'Short-island': '0', 'Squeal': '0', 'Typical-entropy': '0', 'Voicing-quality': '1', 'Wide-band': '0', 'Xlong-island': '0', 'seq': '1', 'end': 2790.73, 'start': 2790.32}]",0,0,[],[]
2790920,2794630,FEM,FAN,12.46,72,AICF,RC,1,TIFE,FI,0.0,0,-21.66,-11.2,[],0,0,[],[]
2794630,2795320,FEM,FAN,2.89,72,AICF,RC,1,NT,FH,0.0,0,-24.59,-14.79,[],0,0,[],[]
2795320,2797110,NA,OLF,0.0,72,AICF,NA,NA,NA,NA,0.0,0,-30.91,-20.87,[],0,0,[],[]
2797110,2797910,NA,NOF,0.0,72,AICF,NA,NA,NA,NA,0.0,0,-36.42,-25.91,[],0,0,[],[]
2797910,2800130,FEM,FAN,8.08,72,AICF,EC,1,NT,FH,0.0,0,-33.41,-22.91,[],0,0,[],[]
2800130,2801300,NA,NOF,0.0,73,pause,NA,NA,NA,NA,0.0,0,-40.91,-30.52,[],0,0,[],[]
2801300,2803900,NA,OLF,0.0,73,pause,NA,NA,NA,NA,0.0,0,-32.24,-16.22,[],0,0,[],[]
2803900,2805120,NA,NOF,0.0,73,pause,NA,NA,NA,NA,0.0,0,-35.57,-16.82,[],0,0,[],[]
2805120,2805930,NA,OLF,0.0,73,pause,NA,NA,NA,NA,0.0,0,-40.48,-33.8,[],0,0,[],[]
2805930,2808700,NA,NOF,0.0,73,pause,NA,NA,NA,NA,0.0,0,-39.99,-29.05,[],0,0,[],[]
2808700,2810370,NA,OLN,0.0,73,pause,NA,NA,NA,NA,0.0,0,-34.84,-27.96,[],0,0,[],[]
2810370,2812540,NA,NOF,0.0,73,pause,NA,NA,NA,NA,0.0,0,-38.88,-21.69,[],0,0,[],[]
2812540,2813540,FEM,FAN,3.88,73,AMF,BC,0,NT,FI,0.0,0,-32.37,-25.9,[],0,0,[],[]
2813540,2814580,MAL,MAN,2.78,73,AMF,EC,0,NT,FI,0.0,0,-29.8,-21.75,[],0,0,[],[]
2814580,2817490,NA,OLN,0.0,74,pause,NA,NA,NA,NA,0.0,0,-32.97,-20.79,[],0,0,[],[]
2817490,2821300,NA,NOF,0.0,74,pause,NA,NA,NA,NA,0.0,0,-39.65,-25.06,[],0,0,[],[]
2821300,2823960,FEM,FAN,10.22,74,AMF,BC,0,NT,FI,0.0,0,-30.2,-21.99,[],0,0,[],[]
2823960,2824790,NA,OLN,0.0,74,AMF,NA,NA,NA,NA,0.0,0,-24.66,-10.42,[],0,0,[],[]
2824790,2827260,NA,NOF,0.0,74,AMF,NA,NA,NA,NA,0.0,0,-38.86,-26.23,[],0,0,[],[]
2827260,2830760,FEM,FAN,14.69,74,AMF,RC,0,NT,FH,0.0,0,-30.62,-16.92,[],0,0,[],[]
2830760,2832090,MAL,MAN,5.0,74,AMF,RC,0,NT,FI,0.0,0,-32.47,-26.99,[],0,0,[],[]
2832090,2833160,NA,OLN,0.0,74,AMF,NA,NA,NA,NA,0.0,0,-35.54,-27.12,[],0,0,[],[]
2833160,2834160,FEM,FAN,3.76,74,AMF,RC,0,NT,FI,0.0,0,-30.12,-16.47,[],0,0,[],[]
2834160,2835160,MAL,MAN,1.06,74,AMF,EC,0,NT,FI,0.0,0,-32.28,-22.85,[],0,0,[],[]
2835160,2836760,NA,OLN,0.0,75,pause,NA,NA,NA,NA,0.0,0,-24.57,-9.45,[],0,0,[],[]
2836760,2837780,NA,NOF,0.0,75,pause,NA,NA,NA,NA,0.0,0,-31.5,-14.33,[],0,0,[],[]
2837780,2839660,NA,OLF,0.0,75,pause,NA,NA,NA,NA,0.0,0,-33.96,-20.88,[],0,0,[],[]
2839660,2840900,NA,NOF,0.0,75,pause,NA,NA,NA,NA,0.0,0,-43.6,-34.98,[],0,0,[],[]
2840900,2841950,FEM,FAN,0.0,75,pause,NA,NA,NA,NA,0.0,0,-31.75,-27.5,[],1050,0,[],[]
2841950,2843960,NA,OLN,0.0,75,pause,NA,NA,NA,NA,0.0,0,-28.17,-15.57,[],0,0,[],[]
2843960,2845580,NA,NOF,0.0,75,pause,NA,NA,NA,NA,0.0,0,-38.26,-23.48,[],0,0,[],[]
2845580,2846580,FEM,FAN,6.55,75,AMF,BC,0,NT,FI,0.0,0,-33.07,-25.48,[],0,0,[],[]
2846580,2848090,MAL,MAN,9.68,75,AMF,EC,0,NT,FI,0.0,0,-31.34,-15.39,[],0,0,[],[]
2848090,2848890,NA,OLF,0.0,76,pause,NA,NA,NA,NA,0.0,0,-34.71,-24.81,[],0,0,[],[]
2848890,2849720,NA,NOF,0.0,76,pause,NA,NA,NA,NA,0.0,0,-39.19,-28.85,[],0,0,[],[]
2849720,2850660,NA,OLF,0.0,76,pause,NA,NA,NA,NA,0.0,0,-35.0,-22.59,[],0,0,[],[]
2850660,2852960,NA,NOF,0.0,76,pause,NA,NA,NA,NA,0.0,0,-31.75,-10.5,[],0,0,[],[]
2852960,2853930,NA,OLN,0.0,76,pause,NA,NA,NA,NA,0.0,0,-38.78,-32.23,[],0,0,[],[]
2853930,2855080,NA,FAF,0.0,76,pause,NA,NA,NA,NA,0.0,0,-41.97,-33.02,[],0,0,[],[]
2855080,2855880,NA,OLF,0.0,76,pause,NA,NA,NA,NA,0.0,0,-37.58,-31.04,[],0,0,[],[]
2855880,2857720,NA,NOF,0.0,76,pause,NA,NA,NA,NA,0.0,0,-43.47,-32.73,[],0,0,[],[]
2857720,2858570,NA,OLF,0.0,76,pause,NA,NA,NA,NA,0.0,0,-33.46,-20.4,[],0,0,[],[]
2858570,2860590,NA,NOF,0.0,76,pause,NA,NA,NA,NA,0.0,0,-33.91,-12.28,[],0,0,[],[]
2860590,2863840,NA,OLN,0.0,76,pause,NA,NA,NA,NA,0.0,0,-28.52,-15.57,[],0,0,[],[]
2863840,2864880,FEM,FAN,0.0,76,pause,NA,NA,NA,NA,0.0,0,-28.73,-17.42,[],1040,0,[],[]
2864880,2865830,OCH,CXN,0.0,76,XIOCA,BC,0,NT,FI,0.0,0,-22.12,-15.63,[],0,0,[],[]
2865830,2866850,MAL,MAN,5.94,76,XIOCA,RC,0,NT,FI,0.0,0,-30.96,-20.88,[],0,0,[],[]
2866850,2870080,FEM,FAN,12.65,76,XIOCA,EC,0,NT,FI,0.0,0,-26.31,-15.49,[],0,0,[],[]
2870080,2870880,NA,OLF,0.0,77,pause,NA,NA,NA,NA,0.0,0,-39.7,-30.24,[],0,0,[],[]
2870880,2871680,NA,OLN,0.0,77,pause,NA,NA,NA,NA,0.0,0,-20.25,-9.54,[],0,0,[],[]
2871680,2873720,NA,NOF,0.0,77,pause,NA,NA,NA,NA,0.0,0,-33.19,-18.79,[],0,0,[],[]
2873720,2874540,NA,SIL,0.0,77,pause,NA,NA,NA,NA,0.0,0,-46.73,-43.05,[],0,0,[],[]
2874540,2875340,NA,NOF,0.0,77,pause,NA,NA,NA,NA,0.0,0,-36.46,-25.58,[],0,0,[],[]
2875340,2876380,FEM,FAN,3.97,77,AMF,EC,0,NT,FI,0.0,0,-33.85,-27.04,[],0,0,[],[]
2876380,2877530,NA,MAF,0.0,78,pause,NA,NA,NA,NA,0.0,0,-41.67,-34.83,[],0,0,[],[]
2877530,2879160,NA,OLF,0.0,78,pause,NA,NA,NA,NA,0.0,0,-41.88,-35.48,[],0,0,[],[]
2879160,2881280,NA,MAF,0.0,78,pause,NA,NA,NA,NA,0.0,0,-39.01,-31.53,[],0,0,[],[]
2881280,2883040,NA,OLN,0.0,78,pause,NA,NA,NA,NA,0.0,0,-25.38,-9.47,[],0,0,[],[]
2883040,2883840,OCH,CXN,0.0,78,XIC,BC,0,NT,FI,0.0,0,-26.66,-18.05,[],0,0,[],[]
2883840,2888020,FEM,FAN,17.05,78,XIC,RC,0,NT,FI,0.0,0,-28.29,-18.51,[],0,0,[],[]
2888020,2888820,NA,NOF,0.0,78,XIC,NA,NA,NA,NA,0.0,0,-42.48,-32.9,[],0,0,[],[]
2888820,2892670,FEM,FAN,13.26,78,XIC,RC,0,NT,FH,0.0,0,-24.36,-8.03,[],0,0,[],[]
2892670,2893780,MAL,MAN,4.62,78,XIC,RC,0,NT,FI,0.0,0,-20.03,-10.42,[],0,0,[],[]
2893780,2896050,FEM,FAN,6.91,78,XIC,RC,0,NT,FI,0.0,0,-27.01,-20.06,[],0,0,[],[]
2896050,2897740,MAL,MAN,0.0,78,XIC,NA,NA,NA,NA,0.0,0,-34.15,-22.99,[],1690,0,[],[]
2897740,2898810,NA,FAF,0.0,78,XIC,NA,NA,NA,NA,0.0,0,-35.73,-24.27,[],0,0,[],[]
2898810,2899640,OCH,CXN,0.0,78,XIC,RC,0,NT,FI,0.0,0,-30.74,-24.82,[],0,0,[],[]
2899640,2905790,FEM,FAN,22.16,78,XIC,RC,0,NT,FI,0.0,0,-22.7,-10.4,[],0,0,[],[]
2905790,2907850,NA,OLN,0.0,78,XIC,NA,NA,NA,NA,0.0,0,-25.69,-12.04,[],0,0,[],[]
2907850,2908790,NA,NOF,0.0,78,XIC,NA,NA,NA,NA,0.0,0,-40.84,-32.17,[],0,0,[],[]
2908790,2909390,FEM,FAN,3.37,78,XIC,RC,0,NT,FH,0.0,0,-25.29,-20.85,[],0,0,[],[]
2909390,2910460,MAL,MAN,4.44,78,XIC,RC,0,NT,FI,0.0,0,-23.91,-17.26,[],0,0,[],[]
2910460,2912560,FEM,FAN,10.72,78,XIC,RC,0,NT,FI,0.0,0,-27.13,-18.54,[],0,0,[],[]
2912560,2913360,NA,OLN,0.0,78,XIC,NA,NA,NA,NA,0.0,0,-34.33,-26.01,[],0,0,[],[]
2913360,2916470,FEM,FAN,12.36,78,XIC,RC,0,TIFI,FH,0.0,0,-18.1,-8.65,[],0,0,[],[]
2916470,2918460,NA,OLN,0.0,78,XIC,NA,NA,NA,NA,0.0,0,-21.94,-8.58,[],0,0,[],[]
2918460,2919210,CHI,CHN,0.0,78,XIC,RC,1,TIFR,FI,1.0,750,-18.85,-14.14,"[{'Canonical-syllable': '0', 'Growl': '0', 'High-freq-energy': '0', 'Long-island': '1', 'Low-tilt-spectrum': '0', 'Medium-island': '0', 'Short-island': '0', 'Squeal': '0', 'Typical-entropy': '0', 'Voicing-quality': '1', 'Wide-band': '0', 'Xlong-island': '0', 'seq': '1', 'end': 2919.21, 'start': 2918.46}]",0,0,[],[]
2919210,2920290,FEM,FAN,2.48,78,XIC,RC,1,TIFE,FI,0.0,0,-30.56,-24.36,[],0,0,[],[]
2920290,2921090,NA,OLN,0.0,78,XIC,NA,NA,NA,NA,0.0,0,-34.02,-28.62,[],0,0,[],[]
2921090,2928810,FEM,FAN,29.96,78,XIC,RC,1,NT,FH,0.0,0,-20.31,-8.36,[],0,0,[],[]
2928810,2929410,OCH,CXN,0.0,78,XIC,RC,1,NT,FI,0.0,0,-15.4,-10.75,[],0,0,[],[]
2929410,2930420,OCH,CXN,0.0,78,XIC,RC,1,NT,FH,0.0,0,-15.77,-8.92,[],0,0,[],[]
2930420,2931540,MAL,MAN,5.06,78,XIC,RC,1,NT,FI,0.0,0,-27.74,-21.96,[],0,0,[],[]
2931540,2933940,FEM,FAN,9.17,78,XIC,RC,1,TIFI,FI,0.0,0,-34.9,-18.0,[],0,0,[],[]
2933940,2934540,CHI,CHN,0.0,78,XIC,RC,2,TIFR,FI,1.0,600,-15.36,-10.94,"[{'Canonical-syllable': '1', 'Growl': '0', 'High-freq-energy': '0', 'Long-island': '0', 'Low-tilt-spectrum': '1', 'Medium-island': '1', 'Short-island': '0', 'Squeal': '0', 'Typical-entropy': '0', 'Voicing-quality': '1', 'Wide-band': '0', 'Xlong-island': '0', 'seq': '1', 'end': 2934.54, 'start': 2933.94}]",0,0,[],[]
2934540,2935540,FEM,FAN,5.09,78,XIC,RC,2,TIFE,FI,0.0,0,-23.27,-17.89,[],0,0,[],[]
2935540,2936440,NA,OLN,0.0,78,XIC,NA,NA,NA,NA,0.0,0,-18.02,-10.71,[],0,0,[],[]
2936440,2938030,FEM,FAN,4.57,78,XIC,RC,2,NT,FH,0.0,0,-20.48,-7.16,[],0,0,[],[]
2938030,2939050,NA,NOF,0.0,78,XIC,NA,NA,NA,NA,0.0,0,-47.51,-42.01,[],0,0,[],[]
2939050,2940050,FEM,FAN,5.03,78,XIC,RC,2,NT,FH,0.0,0,-26.74,-19.65,[],0,0,[],[]
2940050,2941150,FEM,FAN,0.0,78,XIC,NA,NA,NA,NA,0.0,0,-23.62,-21.89,[],1100,0,[],[]
2941150,2943590,FEM,FAN,8.29,78,XIC,RC,2,NT,FH,0.0,0,-21.87,-9.98,[],0,0,[],[]
2943590,2944800,MAL,MAN,10.3,78,XIC,RC,2,NT,FI,0.0,0,-19.31,-10.49,[],0,0,[],[]
2944800,2948770,FEM,FAN,15.11,78,XIC,RC,2,NT,FI,0.0,0,-19.59,-7.25,[],0,0,[],[]
2948770,2949640,NA,OLF,0.0,78,XIC,NA,NA,NA,NA,0.0,0,-41.28,-30.0,[],0,0,[],[]
2949640,2950880,MAL,MAN,0.41,78,XIC,RC,2,NT,FI,0.0,0,-32.59,-22.85,[],0,0,[],[]
2950880,2951690,FEM,FAN,4.44,78,XIC,RC,2,NT,FI,0.0,0,-34.06,-25.43,[],0,0,[],[]
2951690,2952960,FEM,FAN,3.95,78,XIC,RC,2,NT,FH,0.0,0,-27.4,-21.89,[],0,0,[],[]
2952960,2954840,NA,SIL,0.0,78,XIC,NA,NA,NA,NA,0.0,0,-50.1,-41.59,[],0,0,[],[]
2954840,2956670,FEM,FAN,2.52,78,XIC,RC,2,NT,FH,0.0,0,-33.51,-23.21,[],0,0,[],[]
2956670,2957470,NA,NOF,0.0,78,XIC,NA,NA,NA,NA,0.0,0,-45.72,-39.5,[],0,0,[],[]
2957470,2958730,FEM,FAN,7.71,78,XIC,RC,2,NT,FH,0.0,0,-19.01,-10.87,[],0,0,[],[]
2958730,2959730,CHI,CHN,0.0,78,XIC,NA,NA,NA,NA,0.0,0,-15.35,-4.43,[],0,1000,"[{'start': 2958.73, 'end': 2959.73}]",[]
2959730,2960530,NA,OLN,0.0,78,XIC,NA,NA,NA,NA,0.0,0,-28.01,-18.64,[],0,0,[],[]
2960530,2961410,NA,OLF,0.0,78,XIC,NA,NA,NA,NA,0.0,0,-38.7,-23.53,[],0,0,[],[]
2961410,2962420,FEM,FAN,2.52,78,XIC,RC,2,NT,FH,0.0,0,-33.23,-24.1,[],0,0,[],[]
2962420,2964730,MAL,MAN,7.07,78,XIC,RC,2,NT,FI,0.0,0,-32.36,-15.21,[],0,0,[],[]
2964730,2966910,FEM,FAN,6.12,78,XIC,RC,2,NT,FI,0.0,0,-32.15,-25.48,[],0,0,[],[]
2966910,2967910,MAL,MAN,0.7,78,XIC,RC,2,NT,FI,0.0,0,-33.81,-26.55,[],0,0,[],[]
2967910,2969230,FEM,FAN,6.95,78,XIC,RC,2,NT,FI,0.0,0,-34.27,-27.46,[],0,0,[],[]
2969230,2970230,MAL,MAN,4.85,78,XIC,RC,2,NT,FI,0.0,0,-36.54,-28.88,[],0,0,[],[]
2970230,2972040,FEM,FAN,5.73,78,XIC,RC,2,NT,FI,0.0,0,-31.2,-25.14,[],0,0,[],[]
2972040,2972840,NA,OLN,0.0,78,XIC,NA,NA,NA,NA,0.0,0,-28.89,-18.8,[],0,0,[],[]
2972840,2974140,FEM,FAN,7.18,78,XIC,RC,2,TIFI,FH,0.0,0,-17.74,-11.59,[],0,0,[],[]
2974140,2974740,CHI,CHN,0.0,78,XIC,RC,3,TIFR,FI,1.0,600,-24.07,-15.46,"[{'Canonical-syllable': '1', 'Growl': '0', 'High-freq-energy': '0', 'Long-island': '0', 'Low-tilt-spectrum': '2', 'Medium-island': '0', 'Short-island': '2', 'Squeal': '0', 'Typical-entropy': '2', 'Voicing-quality': '2', 'Wide-band': '0', 'Xlong-island': '0', 'seq': '1', 'end': 2974.74, 'start': 2974.14}]",0,0,[],[]
2974740,2979630,FEM,FAN,19.55,78,XIC,RC,3,TIFE,FI,0.0,0,-27.43,-12.56,[],0,0,[],[]
2979630,2980630,MAL,MAN,3.06,78,XIC,RC,3,NT,FI,0.0,0,-30.97,-22.49,[],0,0,[],[]
2980630,2982600,FEM,FAN,7.98,78,XIC,RC,3,NT,FI,0.0,0,-28.14,-19.83,[],0,0,[],[]
2982600,2983650,NA,OLN,0.0,78,XIC,NA,NA,NA,NA,0.0,0,-28.44,-21.02,[],0,0,[],[]
2983650,2985130,FEM,FAN,5.89,78,XIC,RC,3,NT,FH,0.0,0,-27.93,-19.76,[],0,0,[],[]
2985130,2985750,NA,OLN,0.0,78,XIC,NA,NA,NA,NA,0.0,0,-33.16,-20.6,[],0,0,[],[]
2985750,2986750,FEM,FAN,0.0,78,XIC,NA,NA,NA,NA,0.0,0,-28.31,-21.56,[],1000,0,[],[]
2986750,2987640,NA,OLN,0.0,78,XIC,NA,NA,NA,NA,0.0,0,-30.68,-23.97,[],0,0,[],[]
2987640,2990930,FEM,FAN,14.42,78,XIC,RC,3,NT,FH,0.0,0,-29.11,-18.55,[],0,0,[],[]
2990930,2992100,NA,OLN,0.0,78,XIC,NA,NA,NA,NA,0.0,0,-28.1,-18.88,[],0,0,[],[]
2992100,2994140,FEM,FAN,8.55,78,XIC,RC,3,NT,FH,0.0,0,-28.65,-20.68,[],0,0,[],[]
2994140,2995360,NA,NOF,0.0,78,XIC,NA,NA,NA,NA,0.0,0,-44.78,-35.32,[],0,0,[],[]
2995360,2996710,FEM,FAN,8.05,78,XIC,RC,3,NT,FH,0.0,0,-29.12,-18.77,[],0,0,[],[]
2996710,2997510,NA,OLN,0.0,78,XIC,NA,NA,NA,NA,0.0,0,-31.43,-25.43,[],0,0,[],[]
2997510,2998980,FEM,FAN,6.56,78,XIC,RC,3,NT,FH,0.0,0,-26.92,-19.48,[],0,0,[],[]
2998980,3000200,NA,OLN,0.0,78,XIC,NA,NA,NA,NA,0.0,0,-33.16,-24.77,[],0,0,[],[]
3000200,3001710,FEM,FAN,6.58,78,XIC,RC,3,NT,FH,0.0,0,-33.12,-24.07,[],0,0,[],[]
3001710,3002750,MAL,MAN,8.77,78,XIC,EC,3,NT,FI,0.0,0,-28.42,-19.51,[],0,0,[],[]
3002750,3003620,NA,FAF,0.0,79,pause,NA,NA,NA,NA,0.0,0,-41.9,-25.96,[],0,0,[],[]
3003620,3004440,NA,SIL,0.0,79,pause,NA,NA,NA,NA,0.0,0,-46.57,-35.91,[],0,0,[],[]
3004440,3005240,NA,OLF,0.0,79,pause,NA,NA,NA,NA,0.0,0,-37.02,-21.38,[],0,0,[],[]
3005240,3006040,NA,NOF,0.0,79,pause,NA,NA,NA,NA,0.0,0,-36.85,-26.03,[],0,0,[],[]
3006040,3007220,NA,OLF,0.0,79,pause,NA,NA,NA,NA,0.0,0,-36.12,-18.86,[],0,0,[],[]
3007220,3008020,NA,NOF,0.0,79,pause,NA,NA,NA,NA,0.0,0,-33.19,-27.67,[],0,0,[],[]
3008020,3008820,NA,OLF,0.0,79,pause,NA,NA,NA,NA,0.0,0,-35.99,-28.09,[],0,0,[],[]
3008820,3009820,NA,MAF,0.0,79,pause,NA,NA,NA,NA,0.0,0,-37.55,-26.74,[],0,0,[],[]
3009820,3010430,CHI,CHN,0.0,79,pause,NA,NA,NA,NA,0.0,0,-29.89,-20.77,[],0,520,[],"[{'start': 3009.91, 'end': 3010.43}]"
3010430,3013010,NA,NOF,0.0,79,pause,NA,NA,NA,NA,0.0,0,-30.42,-7.31,[],0,0,[],[]
3013010,3013820,NA,OLF,0.0,79,pause,NA,NA,NA,NA,0.0,0,-38.53,-30.84,[],0,0,[],[]
3013820,3014860,FEM,FAN,5.66,79,AMF,EC,0,NT,FI,0.0,0,-32.53,-20.81,[],0,0,[],[]
3014860,3015660,NA,NOF,0.0,80,pause,NA,NA,NA,NA,0.0,0,-39.29,-23.5,[],0,0,[],[]
3015660,3016460,NA,SIL,0.0,80,pause,NA,NA,NA,NA,0.0,0,-49.67,-42.84,[],0,0,[],[]
3016460,3017260,NA,OLF,0.0,80,pause,NA,NA,NA,NA,0.0,0,-45.64,-39.25,[],0,0,[],[]
3017260,3018060,NA,SIL,0.0,80,pause,NA,NA,NA,NA,0.0,0,-48.15,-42.77,[],0,0,[],[]
3018060,3019030,NA,NOF,0.0,80,pause,NA,NA,NA,NA,0.0,0,-45.09,-32.18,[],0,0,[],[]
3019030,3020900,NA,OLF,0.0,80,pause,NA,NA,NA,NA,0.0,0,-40.91,-26.19,[],0,0,[],[]
3020900,3021920,FEM,FAN,0.0,80,pause,NA,NA,NA,NA,0.0,0,-32.71,-18.41,[],1020,0,[],[]
3021920,3023130,MAL,MAN,3.5,80,AMM,BC,0,NT,FI,0.0,0,-37.85,-26.89,[],0,0,[],[]
3023130,3023930,NA,NOF,0.0,80,AMM,NA,NA,NA,NA,0.0,0,-44.37,-38.63,[],0,0,[],[]
3023930,3028840,FEM,FAN,16.22,80,AMM,EC,0,NT,FI,0.0,0,-31.66,-18.16,[],0,0,[],[]
3028840,3032040,NA,NON,0.0,81,pause,NA,NA,NA,NA,0.0,0,-31.51,-17.18,[],0,0,[],[]
3032040,3032890,NA,OLN,0.0,81,pause,NA,NA,NA,NA,0.0,0,-32.3,-22.07,[],0,0,[],[]
3032890,3035520,NA,NOF,0.0,81,pause,NA,NA,NA,NA,0.0,0,-40.92,-23.72,[],0,0,[],[]
3035520,3036320,NA,SIL,0.0,81,pause,NA,NA,NA,NA,0.0,0,-47.69,-39.95,[],0,0,[],[]
3036320,3038150,NA,MAF,0.0,81,pause,NA,NA,NA,NA,0.0,0,-44.28,-32.09,[],0,0,[],[]
3038150,3039760,NA,NOF,0.0,81,pause,NA,NA,NA,NA,0.0,0,-46.16,-38.36,[],0,0,[],[]
3039760,3044950,NA,OLF,0.0,81,pause,NA,NA,NA,NA,0.0,0,-39.1,-24.9,[],0,0,[],[]
3044950,3045570,CHI,CHN,0.0,81,pause,NA,NA,NA,NA,0.0,0,-22.31,-14.14,[],0,370,[],"[{'start': 3044.95, 'end': 3045.32}]"
3045570,3047560,NA,OLF,0.0,81,pause,NA,NA,NA,NA,0.0,0,-33.27,-18.49,[],0,0,[],[]
3047560,3048980,FEM,FAN,5.1,81,AICF,BC,0,TIFI,FI,0.0,0,-31.81,-18.6,[],0,0,[],[]
3048980,3049780,NA,OLF,0.0,81,AICF,NA,NA,NA,NA,0.0,0,-30.71,-19.6,[],0,0,[],[]
3049780,3050450,CHI,CHN,0.0,81,AICF,RC,1,TIFR,FI,1.0,480,-26.86,-19.02,"[{'Canonical-syllable': '0', 'Growl': '1', 'High-freq-energy': '0', 'Long-island': '0', 'Low-tilt-spectrum': '1', 'Medium-island': '1', 'Short-island': '0', 'Squeal': '0', 'Typical-entropy': '1', 'Voicing-quality': '1', 'Wide-band': '0', 'Xlong-island': '0', 'seq': '1', 'end': 3050.26, 'start': 3049.78}]",0,0,[],[]
3050450,3051250,NA,CHF,0.0,81,AICF,NA,NA,NA,NA,0.0,0,-42.42,-29.49,[],0,800,[],"[{'start': 3050.45, 'end': 3051.25}]"
3051250,3053420,NA,OLF,0.0,81,AICF,NA,NA,NA,NA,0.0,0,-39.38,-24.98,[],0,0,[],[]
3053420,3054510,NA,OLN,0.0,81,AICF,NA,NA,NA,NA,0.0,0,-35.42,-25.09,[],0,0,[],[]
3054510,3056520,FEM,FAN,4.02,81,AICF,EC,1,TIFE,FI,0.0,0,-36.84,-30.82,[],0,0,[],[]
3056520,3057320,NA,OLF,0.0,82,pause,NA,NA,NA,NA,0.0,0,-38.24,-31.13,[],0,0,[],[]
3057320,3058150,NA,NOF,0.0,82,pause,NA,NA,NA,NA,0.0,0,-41.9,-31.27,[],0,0,[],[]
3058150,3058950,NA,OLF,0.0,82,pause,NA,NA,NA,NA,0.0,0,-44.32,-35.57,[],0,0,[],[]
3058950,3060630,NA,NOF,0.0,82,pause,NA,NA,NA,NA,0.0,0,-47.34,-40.64,[],0,0,[],[]
3060630,3061430,NA,SIL,0.0,82,pause,NA,NA,NA,NA,0.0,0,-48.32,-40.23,[],0,0,[],[]
3061430,3062830,NA,NOF,0.0,82,pause,NA,NA,NA,NA,0.0,0,-48.78,-43.7,[],0,0,[],[]
3062830,3064110,NA,SIL,0.0,82,pause,NA,NA,NA,NA,0.0,0,-51.44,-44.72,[],0,0,[],[]
3064110,3065110,NA,MAF,0.0,82,pause,NA,NA,NA,NA,0.0,0,-45.3,-38.76,[],0,0,[],[]
3065110,3066320,NA,NOF,0.0,82,pause,NA,NA,NA,NA,0.0,0,-39.83,-25.72,[],0,0,[],[]
3066320,3067320,NA,MAF,0.0,82,pause,NA,NA,NA,NA,0.0,0,-40.04,-32.57,[],0,0,[],[]
3067320,3068120,NA,OLF,0.0,82,pause,NA,NA,NA,NA,0.0,0,-38.81,-29.74,[],0,0,[],[]
3068120,3069430,CHI,CHN,0.0,82,CIC,BC,0,TIFI,FI,1.0,1310,-15.78,-12.02,"[{'Canonical-syllable': '0', 'Growl': '0', 'High-freq-energy': '0', 'Long-island': '0', 'Low-tilt-spectrum': '0', 'Medium-island': '0', 'Short-island': '0', 'Squeal': '0', 'Typical-entropy': '0', 'Voicing-quality': '1', 'Wide-band': '0', 'Xlong-island': '1', 'seq': '1', 'end': 3069.43, 'start': 3068.12}]",0,0,[],[]
3069430,3071770,FEM,FAN,10.94,82,CIC,RC,1,TIFR,FI,0.0,0,-17.56,-9.17,[],0,0,[],[]
3071770,3072850,NA,OLN,0.0,82,CIC,NA,NA,NA,NA,0.0,0,-18.44,-6.98,[],0,0,[],[]
3072850,3076520,CHI,CHN,0.0,82,CIC,RC,1,TIFE,FI,2.0,3270,-17.08,-4.27,"[{'Canonical-syllable': '0', 'Growl': '1', 'High-freq-energy': '0', 'Long-island': '1', 'Low-tilt-spectrum': '0', 'Medium-island': '1', 'Short-island': '0', 'Squeal': '0', 'Typical-entropy': '0', 'Voicing-quality': '2', 'Wide-band': '0', 'Xlong-island': '0', 'seq': '1', 'end': 3074.29, 'start': 3072.85}, {'Canonical-syllable': '3', 'Growl': '0', 'High-freq-energy': '0', 'Long-island': '0', 'Low-tilt-spectrum': '0', 'Medium-island': '1', 'Short-island': '4', 'Squeal': '0', 'Typical-entropy': '4', 'Voicing-quality': '7', 'Wide-band': '0', 'Xlong-island': '0', 'seq': '2', 'end': 3076.52, 'start': 3074.69}]",0,0,[],[]
3076520,3077320,OCH,CXN,0.0,82,CIC,RC,1,NT,FI,0.0,0,-15.37,-5.44,[],0,0,[],[]
3077320,3078240,OCH,CXN,0.0,82,CIC,RC,1,NT,FH,0.0,0,-13.97,-11.61,[],0,0,[],[]
3078240,3079560,MAL,MAN,4.48,82,CIC,RC,1,NT,FI,0.0,0,-25.53,-15.12,[],0,0,[],[]
3079560,3080560,FEM,FAN,0.0,82,CIC,NA,NA,NA,NA,0.0,0,-16.88,-9.12,[],1000,0,[],[]
3080560,3081440,NA,OLN,0.0,82,CIC,NA,NA,NA,NA,0.0,0,-19.72,-8.25,[],0,0,[],[]
3081440,3082490,FEM,FAN,6.37,82,CIC,RC,1,TIFI,FI,0.0,0,-15.62,-3.35,[],0,0,[],[]
3082490,3083320,CHI,CHN,0.0,82,CIC,RC,2,TIFR,FI,1.0,830,-15.55,-6.51,"[{'Canonical-syllable': '0', 'Growl': '1', 'High-freq-energy': '0', 'Long-island': '0', 'Low-tilt-spectrum': '0', 'Medium-island': '2', 'Short-island': '0', 'Squeal': '0', 'Typical-entropy': '0', 'Voicing-quality': '2', 'Wide-band': '2', 'Xlong-island': '0', 'seq': '1', 'end': 3083.32, 'start': 3082.65}]",0,0,[],[]
3083320,3084570,CHI,CHN,0.0,82,CIC,RC,2,NT,FH,2.0,690,-20.78,-8.99,"[{'Canonical-syllable': '0', 'Growl': '2', 'High-freq-energy': '0', 'Long-island': '0', 'Low-tilt-spectrum': '0', 'Medium-island': '0', 'Short-island': '0', 'Squeal': '0', 'Typical-entropy': '2', 'Voicing-quality': '2', 'Wide-band': '1', 'Xlong-island': '0', 'seq': '1', 'end': 3083.92, 'start': 3083.32}, {'Canonical-syllable': '0', 'Growl': '0', 'High-freq-energy': '0', 'Long-island': '0', 'Low-tilt-spectrum': '0', 'Medium-island': '0', 'Short-island': '0', 'Squeal': '0', 'Typical-entropy': '1', 'Voicing-quality': '1', 'Wide-band': '0', 'Xlong-island': '0', 'seq': '2', 'end': 3084.48, 'start': 3084.39}]",0,0,[],[]
3084570,3085390,CHI,CHN,0.0,82,CIC,RC,2,NT,FH,1.0,820,-29.69,-21.8,"[{'Canonical-syllable': '0', 'Growl': '1', 'High-freq-energy': '0', 'Long-island': '1', 'Low-tilt-spectrum': '0', 'Medium-island': '0', 'Short-island': '0', 'Squeal': '0', 'Typical-entropy': '1', 'Voicing-quality': '1', 'Wide-band': '0', 'Xlong-island': '0', 'seq': '1', 'end': 3085.39, 'start': 3084.57}]",0,0,[],[]
3085390,3086630,MAL,MAN,7.61,82,CIC,RC,2,TIMI,FI,0.0,0,-26.27,-21.34,[],0,0,[],[]
3086630,3087440,NA,OLN,0.0,82,CIC,NA,NA,NA,NA,0.0,0,-22.28,-6.62,[],0,0,[],[]
3087440,3088070,CHI,CHN,0.0,82,CIC,RC,3,TIMR,FI,1.0,630,-15.95,-6.25,"[{'Canonical-syllable': '0', 'Growl': '0', 'High-freq-energy': '0', 'Long-island': '0', 'Low-tilt-spectrum': '0', 'Medium-island': '1', 'Short-island': '0', 'Squeal': '0', 'Typical-entropy': '1', 'Voicing-quality': '1', 'Wide-band': '0', 'Xlong-island': '0', 'seq': '1', 'end': 3088.07, 'start': 3087.56}]",0,0,[],[]
3088070,3088870,OCH,CXN,0.0,82,CIC,RC,3,NT,FI,0.0,0,-25.95,-15.66,[],0,0,[],[]
3088870,3089610,CHI,CHN,0.0,82,CIC,RC,3,TIFI,FI,1.0,740,-15.82,-8.76,"[{'Canonical-syllable': '0', 'Growl': '0', 'High-freq-energy': '0', 'Long-island': '1', 'Low-tilt-spectrum': '0', 'Medium-island': '0', 'Short-island': '0', 'Squeal': '0', 'Typical-entropy': '0', 'Voicing-quality': '1', 'Wide-band': '0', 'Xlong-island': '0', 'seq': '1', 'end': 3089.61, 'start': 3088.96}]",0,0,[],[]
3089610,3091300,FEM,FAN,3.33,82,CIC,RC,4,TIFR,FI,0.0,0,-16.08,-10.83,[],0,0,[],[]
3091300,3091900,FEM,FAN,0.0,82,CIC,NA,NA,NA,NA,0.0,0,-21.68,-18.5,[],600,0,[],[]
3091900,3094660,NA,OLF,0.0,82,CIC,NA,NA,NA,NA,0.0,0,-39.84,-28.7,[],0,0,[],[]
3094660,3099540,FEM,FAN,20.49,82,CIC,RC,4,NT,FH,0.0,0,-18.02,-8.65,[],0,0,[],[]
3099540,3100370,NA,OLN,0.0,82,CIC,NA,NA,NA,NA,0.0,0,-17.89,-3.47,[],0,0,[],[]
3100370,3104000,FEM,FAN,13.49,82,CIC,RC,4,NT,FH,0.0,0,-19.01,-3.7,[],0,0,[],[]
3104000,3105000,NA,OLN,0.0,82,CIC,NA,NA,NA,NA,0.0,0,-23.33,-12.49,[],0,0,[],[]
3105000,3106520,CHI,CHN,0.0,82,CIC,RC,4,TIFI,FI,1.0,1170,-16.75,-9.82,"[{'Canonical-syllable': '0', 'Growl': '0', 'High-freq-energy': '0', 'Long-island': '0', 'Low-tilt-spectrum': '0', 'Medium-island': '0', 'Short-island': '0', 'Squeal': '0', 'Typical-entropy': '0', 'Voicing-quality': '1', 'Wide-band': '0', 'Xlong-island': '1', 'seq': '1', 'end': 3106.17, 'start': 3105.0}]",0,0,[],[]
3106520,3107360,CHI,CHN,0.0,82,CIC,NA,NA,NA,NA,0.0,0,-14.01,-6.25,[],0,840,"[{'start': 3106.52, 'end': 3107.36}]",[]
3107360,3108610,FEM,FAN,6.03,82,CIC,RC,5,TIFR,FI,0.0,0,-16.4,-11.21,[],0,0,[],[]
3108610,3109530,NA,OLN,0.0,82,CIC,NA,NA,NA,NA,0.0,0,-20.3,-9.32,[],0,0,[],[]
3109530,3110650,FEM,FAN,5.71,82,CIC,RC,5,NT,FH,0.0,0,-16.06,-2.65,[],0,0,[],[]
3110650,3112900,NA,OLN,0.0,82,CIC,NA,NA,NA,NA,0.0,0,-31.1,-19.46,[],0,0,[],[]
3112900,3114580,CHI,CHN,0.0,82,CIC,EC,5,TIFE,FI,2.0,600,-19.75,-5.84,"[{'Canonical-syllable': '0', 'Growl': '0', 'High-freq-energy': '0', 'Long-island': '0', 'Low-tilt-spectrum': '0', 'Medium-island': '1', 'Short-island': '0', 'Squeal': '0', 'Typical-entropy': '0', 'Voicing-quality': '1', 'Wide-band': '0', 'Xlong-island': '0', 'seq': '1', 'end': 3113.39, 'start': 3112.9}, {'Canonical-syllable': '0', 'Growl': '0', 'High-freq-energy': '0', 'Long-island': '0', 'Low-tilt-spectrum': '1', 'Medium-island': '0', 'Short-island': '0', 'Squeal': '0', 'Typical-entropy': '1', 'Voicing-quality': '0', 'Wide-band': '0', 'Xlong-island': '0', 'seq': '2', 'end': 3113.95, 'start': 3113.84}]",0,0,[],[]
3114580,3115960,NA,MAF,0.0,83,pause,NA,NA,NA,NA,0.0,0,-43.63,-30.02,[],0,0,[],[]
3115960,3117590,CHI,CHN,0.0,83,pause,NA,NA,NA,NA,0.0,0,-14.8,-4.48,[],0,1340,[],"[{'start': 3116.15, 'end': 3117.49}]"
3117590,3119660,CHI,CHN,0.0,83,pause,NA,NA,NA,NA,0.0,0,-16.52,-2.64,[],0,1930,"[{'start': 3117.73, 'end': 3119.66}]",[]
3119660,3120580,CHI,CHN,0.0,83,CIC,BC,0,TIFI,FI,1.0,920,-16.39,-8.15,"[{'Canonical-syllable': '1', 'Growl': '0', 'High-freq-energy': '0', 'Long-island': '0', 'Low-tilt-spectrum': '0', 'Medium-island': '0', 'Short-island': '1', 'Squeal': '0', 'Typical-entropy': '1', 'Voicing-quality': '3', 'Wide-band': '0', 'Xlong-island': '0', 'seq': '1', 'end': 3120.58, 'start': 3119.79}]",0,0,[],[]
3120580,3121380,NA,OLN,0.0,83,CIC,NA,NA,NA,NA,0.0,0,-16.7,-6.05,[],0,0,[],[]
3121380,3122590,FEM,FAN,3.56,83,CIC,RC,1,TIFR,FI,0.0,0,-17.84,-3.45,[],0,0,[],[]
3122590,3123540,NA,OLN,0.0,83,CIC,NA,NA,NA,NA,0.0,0,-25.54,-12.34,[],0,0,[],[]
3123540,3124630,FEM,FAN,7.89,83,CIC,RC,1,NT,FH,0.0,0,-19.24,-10.33,[],0,0,[],[]
3124630,3125230,CHI,CHN,0.0,83,CIC,RC,1,TIFE,FI,1.0,600,-15.07,-11.66,"[{'Canonical-syllable': '0', 'Growl': '0', 'High-freq-energy': '0', 'Long-island': '0', 'Low-tilt-spectrum': '0', 'Medium-island': '1', 'Short-island': '0', 'Squeal': '0', 'Typical-entropy': '0', 'Voicing-quality': '1', 'Wide-band': '0', 'Xlong-island': '0', 'seq': '1', 'end': 3125.23, 'start': 3124.63}]",0,0,[],[]
3125230,3127130,CHI,CHN,0.0,83,CIC,RC,1,NT,FH,1.0,1900,-15.7,-3.47,"[{'Canonical-syllable': '2', 'Growl': '1', 'High-freq-energy': '0', 'Long-island': '0', 'Low-tilt-spectrum': '0', 'Medium-island': '2', 'Short-island': '2', 'Squeal': '0', 'Typical-entropy': '0', 'Voicing-quality': '4', 'Wide-band': '1', 'Xlong-island': '0', 'seq': '1', 'end': 3127.13, 'start': 3125.4}]",0,0,[],[]
3127130,3127900,CHI,CHN,0.0,83,CIC,RC,1,TIFI,FH,1.0,770,-14.59,-3.53,"[{'Canonical-syllable': '1', 'Growl': '0', 'High-freq-energy': '0', 'Long-island': '0', 'Low-tilt-spectrum': '0', 'Medium-island': '0', 'Short-island': '2', 'Squeal': '0', 'Typical-entropy': '0', 'Voicing-quality': '2', 'Wide-band': '0', 'Xlong-island': '0', 'seq': '1', 'end': 3127.9, 'start': 3127.13}]",0,0,[],[]
3127900,3130060,FEM,FAN,10.63,83,CIC,RC,2,TIFR,FI,0.0,0,-17.3,-6.18,[],0,0,[],[]
3130060,3130660,CHI,CHN,0.0,83,CIC,RC,2,TIFE,FI,1.0,460,-14.41,-4.79,"[{'Canonical-syllable': '0', 'Growl': '0', 'High-freq-energy': '0', 'Long-island': '0', 'Low-tilt-spectrum': '0', 'Medium-island': '1', 'Short-island': '1', 'Squeal': '0', 'Typical-entropy': '0', 'Voicing-quality': '2', 'Wide-band': '0', 'Xlong-island': '0', 'seq': '1', 'end': 3130.52, 'start': 3130.06}]",0,0,[],[]
3130660,3133820,NA,OLN,0.0,83,CIC,NA,NA,NA,NA,0.0,0,-22.92,-6.88,[],0,0,[],[]
3133820,3134420,OCH,CXN,0.0,83,CIC,RC,2,NT,FI,0.0,0,-16.07,-11.11,[],0,0,[],[]
3134420,3136050,NA,OLN,0.0,83,CIC,NA,NA,NA,NA,0.0,0,-16.31,-2.46,[],0,0,[],[]
3136050,3136860,CHI,CHN,0.0,83,CIC,RC,2,NT,FI,1.0,520,-15.1,-5.94,"[{'Canonical-syllable': '0', 'Growl': '0', 'High-freq-energy': '0', 'Long-island': '0', 'Low-tilt-spectrum': '0', 'Medium-island': '1', 'Short-island': '0', 'Squeal': '0', 'Typical-entropy': '1', 'Voicing-quality': '1', 'Wide-band': '0', 'Xlong-island': '0', 'seq': '1', 'end': 3136.57, 'start': 3136.05}]",0,0,[],[]
3136860,3137660,NA,OLN,0.0,83,CIC,NA,NA,NA,NA,0.0,0,-11.76,-4.29,[],0,0,[],[]
3137660,3138950,CHI,CHN,0.0,83,CIC,RC,2,TIFI,FH,1.0,1290,-14.8,-3.64,"[{'Canonical-syllable': '0', 'Growl': '0', 'High-freq-energy': '0', 'Long-island': '0', 'Low-tilt-spectrum': '0', 'Medium-island': '2', 'Short-island': '0', 'Squeal': '0', 'Typical-entropy': '1', 'Voicing-quality': '2', 'Wide-band': '0', 'Xlong-island': '0', 'seq': '1', 'end': 3138.95, 'start': 3137.83}]",0,0,[],[]
3138950,3140430,NA,OLN,0.0,83,CIC,NA,NA,NA,NA,0.0,0,-18.43,-10.7,[],0,0,[],[]
3140430,3142150,FEM,FAN,6.18,83,CIC,RC,3,TIFR,FI,0.0,0,-18.92,-7.07,[],0,0,[],[]
3142150,3142950,NA,OLN,0.0,83,CIC,NA,NA,NA,NA,0.0,0,-33.62,-24.23,[],0,0,[],[]
3142950,3143820,NA,NOF,0.0,83,CIC,NA,NA,NA,NA,0.0,0,-46.14,-37.69,[],0,0,[],[]
3143820,3144970,FEM,FAN,5.59,83,CIC,RC,3,NT,FH,0.0,0,-22.4,-11.28,[],0,0,[],[]
3144970,3145570,CHI,CHN,0.0,83,CIC,RC,3,TIFI,FI,1.0,600,-18.58,-12.02,"[{'Canonical-syllable': '0', 'Growl': '0', 'High-freq-energy': '0', 'Long-island': '0', 'Low-tilt-spectrum': '0', 'Medium-island': '1', 'Short-island': '0', 'Squeal': '0', 'Typical-entropy': '0', 'Voicing-quality': '1', 'Wide-band': '0', 'Xlong-island': '0', 'seq': '1', 'end': 3145.57, 'start': 3145.05}]",0,0,[],[]
3145570,3146620,FEM,FAN,4.23,83,CIC,RC,4,TIFR,FI,0.0,0,-21.12,-10.25,[],0,0,[],[]
3146620,3147220,CHI,CHN,0.0,83,CIC,RC,4,TIFI,FI,1.0,600,-14.89,-12.03,"[{'Canonical-syllable': '0', 'Growl': '0', 'High-freq-energy': '0', 'Long-island': '0', 'Low-tilt-spectrum': '0', 'Medium-island': '1', 'Short-island': '0', 'Squeal': '0', 'Typical-entropy': '0', 'Voicing-quality': '1', 'Wide-band': '0', 'Xlong-island': '0', 'seq': '1', 'end': 3147.22, 'start': 3146.62}]",0,0,[],[]
3147220,3150000,FEM,FAN,13.66,83,CIC,RC,5,TIFR,FI,0.0,0,-16.51,-8.79,[],0,0,[],[]
3150000,3150870,CHI,CHN,0.0,83,CIC,RC,5,TIFI,FI,1.0,870,-16.24,-6.54,"[{'Canonical-syllable': '0', 'Growl': '0', 'High-freq-energy': '0', 'Long-island': '1', 'Low-tilt-spectrum': '1', 'Medium-island': '0', 'Short-island': '0', 'Squeal': '0', 'Typical-entropy': '1', 'Voicing-quality': '1', 'Wide-band': '0', 'Xlong-island': '0', 'seq': '1', 'end': 3150.87, 'start': 3150.0}]",0,0,[],[]
3150870,3151730,NA,OLF,0.0,83,CIC,NA,NA,NA,NA,0.0,0,-40.04,-27.59,[],0,0,[],[]
3151730,3153030,NA,OLN,0.0,83,CIC,NA,NA,NA,NA,0.0,0,-21.66,-9.26,[],0,0,[],[]
3153030,3154030,FEM,FAN,6.86,83,CIC,RC,6,TIFR,FI,0.0,0,-29.15,-17.41,[],0,0,[],[]
3154030,3157290,NA,OLN,0.0,83,CIC,NA,NA,NA,NA,0.0,0,-28.76,-11.34,[],0,0,[],[]
3157290,3159390,OCH,CXN,0.0,83,CIC,RC,6,NT,FI,0.0,0,-15.3,-5.42,[],0,0,[],[]
3159390,3160550,NA,OLN,0.0,83,CIC,NA,NA,NA,NA,0.0,0,-19.36,-3.98,[],0,0,[],[]
3160550,3161570,CHI,CHN,0.0,83,CIC,RC,6,TIMI,FI,1.0,300,-29.54,-17.04,"[{'Canonical-syllable': '1', 'Growl': '0', 'High-freq-energy': '0', 'Long-island': '0', 'Low-tilt-spectrum': '0', 'Medium-island': '0', 'Short-island': '1', 'Squeal': '0', 'Typical-entropy': '1', 'Voicing-quality': '1', 'Wide-band': '0', 'Xlong-island': '0', 'seq': '1', 'end': 3160.85, 'start': 3160.63}]",0,0,[],[]
3161570,3162570,MAL,MAN,2.21,83,CIC,RC,7,TIMR,FI,0.0,0,-32.44,-24.82,[],0,0,[],[]
3162570,3163490,NA,OLN,0.0,83,CIC,NA,NA,NA,NA,0.0,0,-23.72,-12.46,[],0,0,[],[]
3163490,3164090,CHI,CHN,0.0,83,CIC,NA,NA,NA,NA,0.0,0,-30.04,-21.26,[],0,600,[],"[{'start': 3163.49, 'end': 3164.09}]"
3164090,3165090,NA,OLN,0.0,83,CIC,NA,NA,NA,NA,0.0,0,-22.76,-11.76,[],0,0,[],[]
3165090,3167440,CHI,CHN,0.0,83,CIC,NA,NA,NA,NA,0.0,0,-15.05,-6.69,[],0,2180,"[{'start': 3165.09, 'end': 3166.95}, {'start': 3167.12, 'end': 3167.44}]",[]
3167440,3169250,CHI,CHN,0.0,83,CIC,RC,7,TIME,FI,1.0,1600,-17.34,-5.36,"[{'Canonical-syllable': '1', 'Growl': '0', 'High-freq-energy': '0', 'Long-island': '0', 'Low-tilt-spectrum': '0', 'Medium-island': '2', 'Short-island': '1', 'Squeal': '0', 'Typical-entropy': '2', 'Voicing-quality': '4', 'Wide-band': '1', 'Xlong-island': '0', 'seq': '1', 'end': 3169.04, 'start': 3167.72}]",0,0,[],[]
3169250,3169850,CHI,CHN,0.0,83,CIC,RC,7,TIFI,FH,1.0,600,-29.91,-22.17,"[{'Canonical-syllable': '0', 'Growl': '1', 'High-freq-energy': '0', 'Long-island': '0', 'Low-tilt-spectrum': '1', 'Medium-island': '1', 'Short-island': '0', 'Squeal': '0', 'Typical-entropy': '1', 'Voicing-quality': '1', 'Wide-band': '0', 'Xlong-island': '0', 'seq': '1', 'end': 3169.85, 'start': 3169.25}]",0,0,[],[]
3169850,3170760,NA,NOF,0.0,83,CIC,NA,NA,NA,NA,0.0,0,-33.2,-20.28,[],0,0,[],[]
3170760,3171630,NA,OLN,0.0,83,CIC,NA,NA,NA,NA,0.0,0,-30.89,-16.0,[],0,0,[],[]
3171630,3172630,NA,MAF,0.0,83,CIC,NA,NA,NA,NA,0.0,0,-32.65,-19.19,[],0,0,[],[]
3172630,3173510,NA,OLF,0.0,83,CIC,NA,NA,NA,NA,0.0,0,-35.42,-25.01,[],0,0,[],[]
3173510,3174950,FEM,FAN,6.34,83,CIC,RC,8,TIFR,FI,0.0,0,-15.12,-11.06,[],0,0,[],[]
3174950,3176100,NA,NOF,0.0,83,CIC,NA,NA,NA,NA,0.0,0,-39.59,-27.08,[],0,0,[],[]
3176100,3177020,OCH,CXN,0.0,83,CIC,RC,8,NT,FI,0.0,0,-15.78,-5.84,[],0,0,[],[]
3177020,3178290,NA,OLN,0.0,83,CIC,NA,NA,NA,NA,0.0,0,-16.57,-3.02,[],0,0,[],[]
3178290,3178890,OCH,CXN,0.0,83,CIC,RC,8,NT,FH,0.0,0,-17.71,-11.27,[],0,0,[],[]
3178890,3179950,NA,OLF,0.0,83,CIC,NA,NA,NA,NA,0.0,0,-40.75,-35.81,[],0,0,[],[]
3179950,3180900,NA,NOF,0.0,83,CIC,NA,NA,NA,NA,0.0,0,-33.84,-21.72,[],0,0,[],[]
3180900,3182440,NA,OLN,0.0,83,CIC,NA,NA,NA,NA,0.0,0,-31.87,-23.77,[],0,0,[],[]
3182440,3183440,FEM,FAN,2.3,83,CIC,EC,8,NT,FI,0.0,0,-29.73,-15.3,[],0,0,[],[]
3183440,3185250,NA,NOF,0.0,84,pause,NA,NA,NA,NA,0.0,0,-39.43,-30.16,[],0,0,[],[]
3185250,3187020,NA,OLN,0.0,84,pause,NA,NA,NA,NA,0.0,0,-29.41,-19.11,[],0,0,[],[]
3187020,3188490,NA,NOF,0.0,84,pause,NA,NA,NA,NA,0.0,0,-44.17,-28.74,[],0,0,[],[]
3188490,3189530,CHI,CHN,0.0,84,pause,NA,NA,NA,NA,0.0,0,-32.25,-25.22,[],0,1040,"[{'start': 3188.49, 'end': 3189.53}]",[]
3189530,3190380,NA,NOF,0.0,84,pause,NA,NA,NA,NA,0.0,0,-40.47,-34.68,[],0,0,[],[]
3190380,3191260,CHI,CHN,0.0,84,CIC,BC,0,NT,FI,1.0,880,-14.42,-9.18,"[{'Canonical-syllable': '0', 'Growl': '0', 'High-freq-energy': '0', 'Long-island': '1', 'Low-tilt-spectrum': '0', 'Medium-island': '0', 'Short-island': '0', 'Squeal': '0', 'Typical-entropy': '0', 'Voicing-quality': '1', 'Wide-band': '0', 'Xlong-island': '0', 'seq': '1', 'end': 3191.26, 'start': 3190.38}]",0,0,[],[]
3191260,3193640,OCH,CXN,0.0,84,CIC,RC,0,NT,FI,0.0,0,-16.74,-6.55,[],0,0,[],[]
3193640,3195470,NA,NOF,0.0,84,CIC,NA,NA,NA,NA,0.0,0,-41.11,-26.09,[],0,0,[],[]
3195470,3196670,NA,OLF,0.0,84,CIC,NA,NA,NA,NA,0.0,0,-33.73,-22.56,[],0,0,[],[]
3196670,3197490,NA,NOF,0.0,84,CIC,NA,NA,NA,NA,0.0,0,-46.92,-40.4,[],0,0,[],[]
3197490,3198630,OCH,CXN,0.0,84,CIC,RC,0,NT,FH,0.0,0,-17.75,-8.0,[],0,0,[],[]
3198630,3199350,OCH,CXN,0.0,84,CIC,RC,0,NT,FH,0.0,0,-15.75,-5.08,[],0,0,[],[]
3199350,3200530,OCH,CXN,0.0,84,CIC,RC,0,NT,FH,0.0,0,-16.74,-9.59,[],0,0,[],[]
3200530,3201470,NA,OLN,0.0,84,CIC,NA,NA,NA,NA,0.0,0,-14.33,-3.08,[],0,0,[],[]
3201470,3202070,CHI,CHN,0.0,84,CIC,RC,0,TIFI,FI,1.0,600,-15.52,-10.36,"[{'Canonical-syllable': '0', 'Growl': '0', 'High-freq-energy': '0', 'Long-island': '0', 'Low-tilt-spectrum': '1', 'Medium-island': '1', 'Short-island': '0', 'Squeal': '0', 'Typical-entropy': '0', 'Voicing-quality': '1', 'Wide-band': '0', 'Xlong-island': '0', 'seq': '1', 'end': 3202.07, 'start': 3201.47}]",0,0,[],[]
3202070,3203070,FEM,FAN,7.04,84,CIC,RC,1,TIFR,FI,0.0,0,-15.87,-7.36,[],0,0,[],[]
3203070,3203720,CHI,CHN,0.0,84,CIC,RC,1,TIFE,FI,1.0,650,-17.27,-9.79,"[{'Canonical-syllable': '1', 'Growl': '0', 'High-freq-energy': '0', 'Long-island': '0', 'Low-tilt-spectrum': '0', 'Medium-island': '0', 'Short-island': '2', 'Squeal': '0', 'Typical-entropy': '0', 'Voicing-quality': '2', 'Wide-band': '0', 'Xlong-island': '0', 'seq': '1', 'end': 3203.72, 'start': 3203.07}]",0,0,[],[]
3203720,3205690,OCH,CXN,0.0,84,CIC,RC,1,NT,FI,0.0,0,-16.49,-5.91,[],0,0,[],[]
3205690,3206490,NA,OLN,0.0,84,CIC,NA,NA,NA,NA,0.0,0,-17.14,-6.36,[],0,0,[],[]
3206490,3207490,MAL,MAN,4.81,84,CIC,RC,1,TIMI,FI,0.0,0,-25.53,-16.25,[],0,0,[],[]
3207490,3208490,FEM,FAN,0.0,84,CIC,NA,NA,NA,NA,0.0,0,-24.97,-19.05,[],1000,0,[],[]
3208490,3209220,CHI,CHN,0.0,84,CIC,RC,2,TIMR,FI,1.0,730,-14.78,-12.42,"[{'Canonical-syllable': '0', 'Growl': '0', 'High-freq-energy': '0', 'Long-island': '1', 'Low-tilt-spectrum': '0', 'Medium-island': '0', 'Short-island': '0', 'Squeal': '0', 'Typical-entropy': '0', 'Voicing-quality': '1', 'Wide-band': '0', 'Xlong-island': '0', 'seq': '1', 'end': 3209.22, 'start': 3208.49}]",0,0,[],[]
3209220,3212410,FEM,FAN,13.48,84,CIC,RC,2,TIFE,FI,0.0,0,-16.77,-5.34,[],0,0,[],[]
3212410,3213060,FEM,FAN,0.0,84,CIC,NA,NA,NA,NA,0.0,0,-21.04,-18.42,[],650,0,[],[]
3213060,3214230,NA,OLN,0.0,84,CIC,NA,NA,NA,NA,0.0,0,-23.15,-6.13,[],0,0,[],[]
3214230,3214830,CHI,CHN,0.0,84,CIC,NA,NA,NA,NA,0.0,0,-15.57,-3.85,[],0,80,"[{'start': 3214.36, 'end': 3214.44}]",[]
3214830,3215840,FEM,FAN,5.32,84,CIC,RC,2,TIFI,FH,0.0,0,-15.62,-4.72,[],0,0,[],[]
3215840,3216440,CHI,CHN,0.0,84,CIC,RC,3,TIFR,FI,1.0,390,-25.56,-17.1,"[{'Canonical-syllable': '0', 'Growl': '1', 'High-freq-energy': '0', 'Long-island': '0', 'Low-tilt-spectrum': '0', 'Medium-island': '1', 'Short-island': '0', 'Squeal': '0', 'Typical-entropy': '1', 'Voicing-quality': '1', 'Wide-band': '0', 'Xlong-island': '0', 'seq': '1', 'end': 3216.23, 'start': 3215.84}]",0,0,[],[]
3216440,3217660,OCH,CXN,0.0,84,CIC,RC,3,NT,FI,0.0,0,-18.2,-8.32,[],0,0,[],[]
3217660,3219580,NA,NOF,0.0,84,CIC,NA,NA,NA,NA,0.0,0,-40.18,-25.73,[],0,0,[],[]
3219580,3221620,OCH,CXN,0.0,84,CIC,RC,3,NT,FH,0.0,0,-15.5,-9.12,[],0,0,[],[]
3221620,3222690,OCH,CXN,0.0,84,CIC,RC,3,NT,FH,0.0,0,-16.11,-2.78,[],0,0,[],[]
3222690,3223330,CHI,CHN,0.0,84,CIC,RC,3,TIFI,FI,1.0,640,-16.04,-4.57,"[{'Canonical-syllable': '0', 'Growl': '0', 'High-freq-energy': '0', 'Long-island': '0', 'Low-tilt-spectrum': '0', 'Medium-island': '0', 'Short-island': '2', 'Squeal': '0', 'Typical-entropy': '2', 'Voicing-quality': '2', 'Wide-band': '0', 'Xlong-island': '0', 'seq': '1', 'end': 3223.33, 'start': 3222.93}]",0,0,[],[]
3223330,3224540,NA,OLN,0.0,84,CIC,NA,NA,NA,NA,0.0,0,-18.06,-4.35,[],0,0,[],[]
3224540,3226100,NA,NOF,0.0,84,CIC,NA,NA,NA,NA,0.0,0,-35.62,-19.43,[],0,0,[],[]
3226100,3227570,FEM,FAN,6.05,84,CIC,RC,4,TIFR,FI,0.0,0,-29.34,-23.27,[],0,0,[],[]
3227570,3228700,NA,OLF,0.0,84,CIC,NA,NA,NA,NA,0.0,0,-30.91,-16.19,[],0,0,[],[]
3228700,3229990,CHI,CHN,0.0,84,CIC,RC,4,TIFI,FI,1.0,1290,-15.37,-9.28,"[{'Canonical-syllable': '0', 'Growl': '0', 'High-freq-energy': '0', 'Long-island': '0', 'Low-tilt-spectrum': '0', 'Medium-island': '0', 'Short-island': '0', 'Squeal': '0', 'Typical-entropy': '0', 'Voicing-quality': '1', 'Wide-band': '0', 'Xlong-island': '1', 'seq': '1', 'end': 3229.99, 'start': 3228.7}]",0,0,[],[]
3229990,3232530,FEM,FAN,12.33,84,CIC,RC,5,TIFR,FI,0.0,0,-18.64,-8.3,[],0,0,[],[]
3232530,3233530,NA,OLN,0.0,84,CIC,NA,NA,NA,NA,0.0,0,-34.35,-25.96,[],0,0,[],[]
3233530,3234540,NA,NON,0.0,84,CIC,NA,NA,NA,NA,0.0,0,-30.56,-13.48,[],0,0,[],[]
3234540,3237470,FEM,FAN,11.58,84,CIC,RC,5,NT,FH,0.0,0,-17.49,-8.01,[],0,0,[],[]
3237470,3238070,CHI,CHN,0.0,84,CIC,RC,5,TIFE,FI,1.0,600,-14.34,-8.03,"[{'Canonical-syllable': '0', 'Growl': '0', 'High-freq-energy': '0', 'Long-island': '0', 'Low-tilt-spectrum': '0', 'Medium-island': '1', 'Short-island': '0', 'Squeal': '0', 'Typical-entropy': '0', 'Voicing-quality': '1', 'Wide-band': '0', 'Xlong-island': '0', 'seq': '1', 'end': 3238.07, 'start': 3237.47}]",0,0,[],[]
3238070,3240290,NA,NOF,0.0,84,CIC,NA,NA,NA,NA,0.0,0,-26.3,-10.58,[],0,0,[],[]
3240290,3241140,CHI,CHN,0.0,84,CIC,EC,5,NT,FH,1.0,850,-14.77,-11.22,"[{'Canonical-syllable': '0', 'Growl': '0', 'High-freq-energy': '0', 'Long-island': '1', 'Low-tilt-spectrum': '0', 'Medium-island': '0', 'Short-island': '0', 'Squeal': '0', 'Typical-entropy': '0', 'Voicing-quality': '1', 'Wide-band': '0', 'Xlong-island': '0', 'seq': '1', 'end': 3241.14, 'start': 3240.29}]",0,0,[],[]
3241140,3245560,NA,OLN,0.0,85,pause,NA,NA,NA,NA,0.0,0,-18.19,-1.23,[],0,0,[],[]
3245560,3246900,CHI,CHN,0.0,85,pause,NA,NA,NA,NA,0.0,0,-15.44,-4.54,[],0,1340,"[{'start': 3245.56, 'end': 3246.9}]",[]
3246900,3249520,OCH,CXN,0.0,85,XM,BC,0,NT,FI,0.0,0,-16.64,-4.24,[],0,0,[],[]
3249520,3250180,OCH,CXN,0.0,85,XM,RC,0,NT,FH,0.0,0,-16.36,-6.45,[],0,0,[],[]
3250180,3251460,OCH,CXN,0.0,85,XM,EC,0,NT,FH,0.0,0,-19.41,-5.13,[],0,0,[],[]
3251460,3253180,NA,NOF,0.0,86,pause,NA,NA,NA,NA,0.0,0,-20.01,-4.01,[],0,0,[],[]
3253180,3254350,NA,OLF,0.0,86,pause,NA,NA,NA,NA,0.0,0,-32.58,-23.86,[],0,0,[],[]
3254350,3256960,NA,NOF,0.0,86,pause,NA,NA,NA,NA,0.0,0,-24.06,-7.19,[],0,0,[],[]
3256960,3259150,NA,OLN,0.0,86,pause,NA,NA,NA,NA,0.0,0,-16.92,-1.55,[],0,0,[],[]
3259150,3260170,FEM,FAN,2.1,86,AMF,EC,0,NT,FI,0.0,0,-21.89,-3.53,[],0,0,[],[]
3260170,3261100,NA,OLF,0.0,87,pause,NA,NA,NA,NA,0.0,0,-32.8,-19.97,[],0,0,[],[]
3261100,3263120,NA,NOF,0.0,87,pause,NA,NA,NA,NA,0.0,0,-17.18,-4.0,[],0,0,[],[]
3263120,3264450,NA,OLF,0.0,87,pause,NA,NA,NA,NA,0.0,0,-19.2,-3.74,[],0,0,[],[]
3264450,3265290,NA,NOF,0.0,87,pause,NA,NA,NA,NA,0.0,0,-41.39,-28.14,[],0,0,[],[]
3265290,3266090,NA,SIL,0.0,87,pause,NA,NA,NA,NA,0.0,0,-44.47,-42.8,[],0,0,[],[]
3266090,3268140,NA,NOF,0.0,87,pause,NA,NA,NA,NA,0.0,0,-44.46,-33.12,[],0,0,[],[]
3268140,3273610,FEM,FAN,17.48,87,AMF,EC,0,NT,FI,0.0,0,-19.02,-5.41,[],0,0,[],[]
3273610,3274450,NA,NOF,0.0,88,pause,NA,NA,NA,NA,0.0,0,-41.19,-29.26,[],0,0,[],[]
3274450,3276550,NA,SIL,0.0,88,pause,NA,NA,NA,NA,0.0,0,-50.23,-39.04,[],0,0,[],[]
3276550,3277790,NA,OLF,0.0,88,pause,NA,NA,NA,NA,0.0,0,-49.25,-41.5,[],0,0,[],[]
3277790,3279820,NA,SIL,0.0,88,pause,NA,NA,NA,NA,0.0,0,-47.96,-33.53,[],0,0,[],[]
3279820,3280780,NA,FAF,0.0,88,pause,NA,NA,NA,NA,0.0,0,-44.0,-32.27,[],0,0,[],[]
3280780,3283810,NA,SIL,0.0,88,pause,NA,NA,NA,NA,0.0,0,-50.74,-41.56,[],0,0,[],[]
3283810,3286270,NA,NOF,0.0,88,pause,NA,NA,NA,NA,0.0,0,-33.41,-14.25,[],0,0,[],[]
3286270,3287070,NA,OLF,0.0,88,pause,NA,NA,NA,NA,0.0,0,-31.42,-16.39,[],0,0,[],[]
3287070,3291020,NA,NOF,0.0,88,pause,NA,NA,NA,NA,0.0,0,-24.18,-5.55,[],0,0,[],[]
3291020,3292010,NA,OLF,0.0,88,pause,NA,NA,NA,NA,0.0,0,-36.29,-18.46,[],0,0,[],[]
3292010,3293670,NA,NOF,0.0,88,pause,NA,NA,NA,NA,0.0,0,-39.96,-25.41,[],0,0,[],[]
3293670,3297400,OCH,CXN,0.0,88,XIOCC,BC,0,NT,FI,0.0,0,-17.01,-4.52,[],0,0,[],[]
3297400,3298300,CHI,CHN,0.0,88,XIOCC,EC,0,NT,FI,1.0,900,-16.61,-9.79,"[{'Canonical-syllable': '0', 'Growl': '0', 'High-freq-energy': '0', 'Long-island': '1', 'Low-tilt-spectrum': '0', 'Medium-island': '0', 'Short-island': '0', 'Squeal': '0', 'Typical-entropy': '0', 'Voicing-quality': '1', 'Wide-band': '0', 'Xlong-island': '0', 'seq': '1', 'end': 3298.3, 'start': 3297.4}]",0,0,[],[]
3298300,3302100,NA,OLN,0.0,89,pause,NA,NA,NA,NA,0.0,0,-21.35,-5.44,[],0,0,[],[]
3302100,3302710,FEM,FAN,0.0,89,pause,NA,NA,NA,NA,0.0,0,-26.31,-24.06,[],610,0,[],[]
3302710,3303610,NA,OLN,0.0,89,pause,NA,NA,NA,NA,0.0,0,-34.05,-25.73,[],0,0,[],[]
3303610,3304610,OCH,CXN,0.0,89,XIC,BC,0,NT,FI,0.0,0,-30.03,-23.24,[],0,0,[],[]
3304610,3305410,NA,FAF,0.0,89,XIC,NA,NA,NA,NA,0.0,0,-45.55,-35.82,[],0,0,[],[]
3305410,3306220,CHI,CHN,0.0,89,XIC,RC,0,NT,FI,1.0,810,-14.97,-9.71,"[{'Canonical-syllable': '0', 'Growl': '0', 'High-freq-energy': '0', 'Long-island': '0', 'Low-tilt-spectrum': '0', 'Medium-island': '1', 'Short-island': '1', 'Squeal': '0', 'Typical-entropy': '0', 'Voicing-quality': '2', 'Wide-band': '0', 'Xlong-island': '0', 'seq': '1', 'end': 3306.22, 'start': 3305.41}]",0,0,[],[]
3306220,3307990,CHI,CHN,0.0,89,XIC,RC,0,NT,FH,1.0,1770,-16.82,-7.83,"[{'Canonical-syllable': '0', 'Growl': '0', 'High-freq-energy': '0', 'Long-island': '0', 'Low-tilt-spectrum': '1', 'Medium-island': '2', 'Short-island': '1', 'Squeal': '0', 'Typical-entropy': '0', 'Voicing-quality': '3', 'Wide-band': '0', 'Xlong-island': '0', 'seq': '1', 'end': 3307.99, 'start': 3306.52}]",0,0,[],[]
3307990,3308670,CHI,CHN,0.0,89,XIC,NA,NA,NA,NA,0.0,0,-15.89,-8.86,[],0,360,"[{'start': 3308.31, 'end': 3308.67}]",[]
3308670,3309800,CHI,CHN,0.0,89,XIC,RC,0,TIFI,FH,1.0,1130,-19.94,-10.19,"[{'Canonical-syllable': '0', 'Growl': '0', 'High-freq-energy': '0', 'Long-island': '0', 'Low-tilt-spectrum': '1', 'Medium-island': '2', 'Short-island': '0', 'Squeal': '0', 'Typical-entropy': '1', 'Voicing-quality': '2', 'Wide-band': '0', 'Xlong-island': '0', 'seq': '1', 'end': 3309.8, 'start': 3308.67}]",0,0,[],[]
3309800,3311030,NA,OLF,0.0,89,XIC,NA,NA,NA,NA,0.0,0,-24.91,-7.13,[],0,0,[],[]
3311030,3313150,NA,NOF,0.0,89,XIC,NA,NA,NA,NA,0.0,0,-22.31,-7.19,[],0,0,[],[]
3313150,3314280,FEM,FAN,6.03,89,XIC,RC,1,TIFR,FI,0.0,0,-19.54,-9.62,[],0,0,[],[]
3314280,3315190,CHI,CHN,0.0,89,XIC,RC,1,TIFE,FI,1.0,910,-15.78,-12.95,"[{'Canonical-syllable': '0', 'Growl': '0', 'High-freq-energy': '0', 'Long-island': '1', 'Low-tilt-spectrum': '0', 'Medium-island': '0', 'Short-island': '0', 'Squeal': '0', 'Typical-entropy': '0', 'Voicing-quality': '1', 'Wide-band': '0', 'Xlong-island': '0', 'seq': '1', 'end': 3315.19, 'start': 3314.28}]",0,0,[],[]
3315190,3316960,NA,NOF,0.0,89,XIC,NA,NA,NA,NA,0.0,0,-45.12,-33.77,[],0,0,[],[]
3316960,3318150,FEM,FAN,0.0,89,XIC,NA,NA,NA,NA,0.0,0,-22.76,-8.52,[],1190,0,[],[]
3318150,3319330,CHI,CHN,0.0,89,XIC,RC,1,NT,FH,1.0,1180,-16.19,-12.57,"[{'Canonical-syllable': '0', 'Growl': '0', 'High-freq-energy': '0', 'Long-island': '0', 'Low-tilt-spectrum': '0', 'Medium-island': '0', 'Short-island': '0', 'Squeal': '0', 'Typical-entropy': '0', 'Voicing-quality': '1', 'Wide-band': '0', 'Xlong-island': '1', 'seq': '1', 'end': 3319.33, 'start': 3318.15}]",0,0,[],[]
3319330,3320140,NA,OLN,0.0,89,XIC,NA,NA,NA,NA,0.0,0,-33.38,-23.15,[],0,0,[],[]
3320140,3324130,CHI,CHN,0.0,89,XIC,RC,1,NT,FH,4.0,2180,-19.49,-9.69,"[{'Canonical-syllable': '0', 'Growl': '0', 'High-freq-energy': '0', 'Long-island': '0', 'Low-tilt-spectrum': '0', 'Medium-island': '1', 'Short-island': '0', 'Squeal': '0', 'Typical-entropy': '0', 'Voicing-quality': '1', 'Wide-band': '0', 'Xlong-island': '0', 'seq': '1', 'end': 3320.46, 'start': 3320.14}, {'Canonical-syllable': '0', 'Growl': '0', 'High-freq-energy': '0', 'Long-island': '0', 'Low-tilt-spectrum': '0', 'Medium-island': '0', 'Short-island': '1', 'Squeal': '0', 'Typical-entropy': '0', 'Voicing-quality': '1', 'Wide-band': '0', 'Xlong-island': '0', 'seq': '2', 'end': 3321.23, 'start': 3321.06}, {'Canonical-syllable': '2', 'Growl': '1', 'High-freq-energy': '0', 'Long-island': '0', 'Low-tilt-spectrum': '0', 'Medium-island': '3', 'Short-island': '0', 'Squeal': '0', 'Typical-entropy': '0', 'Voicing-quality': '3', 'Wide-band': '0', 'Xlong-island': '0', 'seq': '3', 'end': 3323.2, 'start': 3321.7}, {'Canonical-syllable': '1', 'Growl': '0', 'High-freq-energy': '0', 'Long-island': '0', 'Low-tilt-spectrum': '0', 'Medium-island': '0', 'Short-island': '1', 'Squeal': '0', 'Typical-entropy': '0', 'Voicing-quality': '1', 'Wide-band': '0', 'Xlong-island': '0', 'seq': '4', 'end': 3323.73, 'start': 3323.54}]",0,0,[],[]
3324130,3325230,CHI,CHN,0.0,89,XIC,RC,1,TIFI,FH,2.0,540,-16.51,-6.31,"[{'Canonical-syllable': '0', 'Growl': '0', 'High-freq-energy': '0', 'Long-island': '0', 'Low-tilt-spectrum': '0', 'Medium-island': '0', 'Short-island': '1', 'Squeal': '0', 'Typical-entropy': '0', 'Voicing-quality': '1', 'Wide-band': '1', 'Xlong-island': '0', 'seq': '1', 'end': 3324.32, 'start': 3324.13}, {'Canonical-syllable': '0', 'Growl': '0', 'High-freq-energy': '0', 'Long-island': '0', 'Low-tilt-spectrum': '0', 'Medium-island': '1', 'Short-island': '0', 'Squeal': '0', 'Typical-entropy': '0', 'Voicing-quality': '1', 'Wide-band': '0', 'Xlong-island': '0', 'seq': '2', 'end': 3325.23, 'start': 3324.88}]",0,0,[],[]
3325230,3326050,NA,OLF,0.0,89,XIC,NA,NA,NA,NA,0.0,0,-35.59,-27.79,[],0,0,[],[]
3326050,3327050,FEM,FAN,4.81,89,XIC,EC,2,TIFR,FI,0.0,0,-32.35,-23.42,[],0,0,[],[]
3327050,3328870,NA,NOF,0.0,90,pause,NA,NA,NA,NA,0.0,0,-47.89,-37.57,[],0,0,[],[]
3328870,3330530,NA,FAF,0.0,90,pause,NA,NA,NA,NA,0.0,0,-40.86,-31.02,[],0,0,[],[]
3330530,3331550,NA,OLF,0.0,90,pause,NA,NA,NA,NA,0.0,0,-38.4,-30.74,[],0,0,[],[]
3331550,3332420,NA,NOF,0.0,90,pause,NA,NA,NA,NA,0.0,0,-44.78,-34.15,[],0,0,[],[]
3332420,3333450,FEM,FAN,3.03,90,AMF,BC,0,NT,FI,0.0,0,-26.41,-9.9,[],0,0,[],[]
3333450,3334450,MAL,MAN,6.19,90,AMF,EC,0,NT,FI,0.0,0,-38.07,-32.12,[],0,0,[],[]
3334450,3340440,NA,NOF,0.0,91,pause,NA,NA,NA,NA,0.0,0,-44.81,-32.47,[],0,0,[],[]
3340440,3341040,OCH,CXN,0.0,91,XM,BC,0,NT,FI,0.0,0,-34.81,-30.17,[],0,0,[],[]
3341040,3344540,NA,NOF,0.0,91,XM,NA,NA,NA,NA,0.0,0,-38.84,-16.2,[],0,0,[],[]
3344540,3345150,OCH,CXN,0.0,91,XM,EC,0,NT,FH,0.0,0,-23.46,-17.73,[],0,0,[],[]
3345150,3351090,NA,NOF,0.0,92,pause,NA,NA,NA,NA,0.0,0,-42.03,-21.67,[],0,0,[],[]
3351090,3352450,CHI,CHN,0.0,92,CM,EC,0,NT,FI,1.0,1360,-16.57,-10.99,"[{'Canonical-syllable': '0', 'Growl': '0', 'High-freq-energy': '0', 'Long-island': '0', 'Low-tilt-spectrum': '0', 'Medium-island': '0', 'Short-island': '0', 'Squeal': '0', 'Typical-entropy': '0', 'Voicing-quality': '1', 'Wide-band': '0', 'Xlong-island': '1', 'seq': '1', 'end': 3352.45, 'start': 3351.09}]",0,0,[],[]
3352450,3355030,NA,NOF,0.0,93,pause,NA,NA,NA,NA,0.0,0,-37.83,-23.36,[],0,0,[],[]
3355030,3355830,NA,OLN,0.0,93,pause,NA,NA,NA,NA,0.0,0,-19.89,-9.37,[],0,0,[],[]
3355830,3356630,NA,NOF,0.0,93,pause,NA,NA,NA,NA,0.0,0,-39.6,-28.77,[],0,0,[],[]
3356630,3357250,CHI,CHN,0.0,93,pause,NA,NA,NA,NA,0.0,0,-30.27,-19.45,[],0,280,[],"[{'start': 3356.63, 'end': 3356.91}]"
3357250,3358700,NA,NOF,0.0,93,pause,NA,NA,NA,NA,0.0,0,-42.73,-30.06,[],0,0,[],[]
3358700,3359500,NA,SIL,0.0,93,pause,NA,NA,NA,NA,0.0,0,-48.19,-40.57,[],0,0,[],[]
3359500,3363960,NA,NOF,0.0,93,pause,NA,NA,NA,NA,0.0,0,-24.88,-3.59,[],0,0,[],[]
3363960,3364560,CHI,CHN,0.0,93,CM,EC,0,NT,FI,1.0,600,-20.85,-14.93,"[{'Canonical-syllable': '0', 'Growl': '0', 'High-freq-energy': '0', 'Long-island': '0', 'Low-tilt-spectrum': '0', 'Medium-island': '1', 'Short-island': '0', 'Squeal': '0', 'Typical-entropy': '0', 'Voicing-quality': '1', 'Wide-band': '0', 'Xlong-island': '0', 'seq': '1', 'end': 3364.56, 'start': 3364.08}]",0,0,[],[]
3364560,3380850,NA,NOF,0.0,94,pause,NA,NA,NA,NA,0.0,0,-42.89,-19.43,[],0,0,[],[]
3380850,3381660,NA,SIL,0.0,94,pause,NA,NA,NA,NA,0.0,0,-51.14,-48.53,[],0,0,[],[]
3381660,3382460,NA,CXF,0.0,94,pause,NA,NA,NA,NA,0.0,0,-35.44,-28.13,[],0,0,[],[]
3382460,3383540,NA,SIL,0.0,94,pause,NA,NA,NA,NA,0.0,0,-49.27,-44.83,[],0,0,[],[]
3383540,3384510,NA,NOF,0.0,94,pause,NA,NA,NA,NA,0.0,0,-39.35,-25.97,[],0,0,[],[]
3384510,3385310,NA,FAF,0.0,94,pause,NA,NA,NA,NA,0.0,0,-39.8,-28.39,[],0,0,[],[]
3385310,3386310,NA,NOF,0.0,94,pause,NA,NA,NA,NA,0.0,0,-43.96,-30.68,[],0,0,[],[]
3386310,3387130,NA,SIL,0.0,94,pause,NA,NA,NA,NA,0.0,0,-50.96,-47.83,[],0,0,[],[]
3387130,3389130,NA,NOF,0.0,94,pause,NA,NA,NA,NA,0.0,0,-45.68,-36.73,[],0,0,[],[]
3389130,3390220,NA,SIL,0.0,94,pause,NA,NA,NA,NA,0.0,0,-50.05,-47.16,[],0,0,[],[]
3390220,3391460,NA,NOF,0.0,94,pause,NA,NA,NA,NA,0.0,0,-44.92,-32.7,[],0,0,[],[]
3391460,3392080,NA,CHF,0.0,94,CM,EC,0,NT,FI,1.0,620,-35.96,-26.64,"[{'Canonical-syllable': '0', 'Growl': '1', 'High-freq-energy': '0', 'Long-island': '0', 'Low-tilt-spectrum': '1', 'Medium-island': '1', 'Short-island': '0', 'Squeal': '0', 'Typical-entropy': '1', 'Voicing-quality': '1', 'Wide-band': '0', 'Xlong-island': '0', 'seq': '1', 'end': 3392.08, 'start': 3391.46}]",0,0,[],[]
3392080,3392880,NA,SIL,0.0,95,pause,NA,NA,NA,NA,0.0,0,-48.44,-40.13,[],0,0,[],[]
3392880,3395250,NA,NOF,0.0,95,pause,NA,NA,NA,NA,0.0,0,-42.89,-25.26,[],0,0,[],[]
3395250,3398550,NA,SIL,0.0,95,pause,NA,NA,NA,NA,0.0,0,-49.47,-42.95,[],0,0,[],[]
3398550,3409170,NA,NOF,0.0,95,pause,NA,NA,NA,NA,0.0,0,-32.88,-9.23,[],0,0,[],[]
3409170,3409970,NA,SIL,0.0,95,pause,NA,NA,NA,NA,0.0,0,-47.33,-43.52,[],0,0,[],[]
3409970,3411100,NA,NOF,0.0,95,pause,NA,NA,NA,NA,0.0,0,-36.58,-20.04,[],0,0,[],[]
3411100,3412010,NA,SIL,0.0,95,pause,NA,NA,NA,NA,0.0,0,-49.12,-46.3,[],0,0,[],[]
3412010,3419970,NA,NOF,0.0,95,pause,NA,NA,NA,NA,0.0,0,-24.44,-5.21,[],0,0,[],[]
3419970,3420770,NA,OLN,0.0,95,pause,NA,NA,NA,NA,0.0,0,-27.98,-17.13,[],0,0,[],[]
3420770,3427980,NA,NOF,0.0,95,pause,NA,NA,NA,NA,0.0,0,-27.17,-5.44,[],0,0,[],[]
3427980,3428780,NA,SIL,0.0,95,pause,NA,NA,NA,NA,0.0,0,-49.22,-37.08,[],0,0,[],[]
3428780,3429890,NA,MAF,0.0,95,pause,NA,NA,NA,NA,0.0,0,-46.51,-38.89,[],0,0,[],[]
3429890,3433170,NA,SIL,0.0,95,pause,NA,NA,NA,NA,0.0,0,-49.26,-42.29,[],0,0,[],[]
3433170,3434010,NA,NOF,0.0,95,pause,NA,NA,NA,NA,0.0,0,-50.24,-45.33,[],0,0,[],[]
3434010,3438530,NA,SIL,0.0,95,pause,NA,NA,NA,NA,0.0,0,-51.9,-44.31,[],0,0,[],[]
3438530,3442380,NA,NOF,0.0,95,pause,NA,NA,NA,NA,0.0,0,-48.6,-37.49,[],0,0,[],[]
3442380,3443430,NA,SIL,0.0,95,pause,NA,NA,NA,NA,0.0,0,-50.02,-35.49,[],0,0,[],[]
3443430,3446030,NA,NOF,0.0,95,pause,NA,NA,NA,NA,0.0,0,-45.26,-29.01,[],0,0,[],[]
3446030,3446840,NA,MAF,0.0,95,pause,NA,NA,NA,NA,0.0,0,-37.05,-25.94,[],0,0,[],[]
3446840,3452920,NA,NOF,0.0,95,pause,NA,NA,NA,NA,0.0,0,-46.0,-33.72,[],0,0,[],[]
3452920,3454110,NA,SIL,0.0,95,pause,NA,NA,NA,NA,0.0,0,-48.17,-41.31,[],0,0,[],[]
3454110,3455230,NA,MAF,0.0,95,pause,NA,NA,NA,NA,0.0,0,-38.56,-28.86,[],0,0,[],[]
3455230,3456690,NA,NOF,0.0,95,pause,NA,NA,NA,NA,0.0,0,-45.95,-42.14,[],0,0,[],[]
3456690,3458330,FEM,FAN,4.8,95,AMF,EC,0,NT,FI,0.0,0,-38.78,-29.08,[],0,0,[],[]
3458330,3461000,NA,NOF,0.0,96,pause,NA,NA,NA,NA,0.0,0,-44.1,-25.34,[],0,0,[],[]
3461000,3461800,NA,OLF,0.0,96,pause,NA,NA,NA,NA,0.0,0,-41.56,-30.95,[],0,0,[],[]
3461800,3465620,NA,NOF,0.0,96,pause,NA,NA,NA,NA,0.0,0,-40.51,-17.62,[],0,0,[],[]
3465620,3466620,MAL,MAN,4.13,96,AMM,EC,0,NT,FI,0.0,0,-37.67,-26.73,[],0,0,[],[]
3466620,3470770,NA,NOF,0.0,97,pause,NA,NA,NA,NA,0.0,0,-41.53,-20.97,[],0,0,[],[]
3470770,3471690,NA,OLF,0.0,97,pause,NA,NA,NA,NA,0.0,0,-41.49,-30.36,[],0,0,[],[]
3471690,3473760,FEM,FAN,8.69,97,AMF,EC,0,NT,FI,0.0,0,-33.08,-14.89,[],0,0,[],[]
3473760,3474710,NA,OLF,0.0,98,pause,NA,NA,NA,NA,0.0,0,-26.89,-14.14,[],0,0,[],[]
3474710,3476030,NA,MAF,0.0,98,pause,NA,NA,NA,NA,0.0,0,-39.75,-31.25,[],0,0,[],[]
3476030,3478570,NA,NOF,0.0,98,pause,NA,NA,NA,NA,0.0,0,-48.09,-42.22,[],0,0,[],[]
3478570,3480320,NA,SIL,0.0,98,pause,NA,NA,NA,NA,0.0,0,-50.9,-46.07,[],0,0,[],[]
3480320,3481120,NA,OLF,0.0,98,pause,NA,NA,NA,NA,0.0,0,-43.44,-31.82,[],0,0,[],[]
3481120,3482540,NA,SIL,0.0,98,pause,NA,NA,NA,NA,0.0,0,-49.65,-39.54,[],0,0,[],[]
3482540,3483580,FEM,FAN,5.01,98,AICF,BC,0,NT,FI,0.0,0,-29.7,-22.21,[],0,0,[],[]
3483580,3484580,MAL,MAN,5.23,98,AICF,RC,0,NT,FI,0.0,0,-35.12,-26.94,[],0,0,[],[]
3484580,3485470,NA,OLF,0.0,98,AICF,NA,NA,NA,NA,0.0,0,-43.02,-33.0,[],0,0,[],[]
3485470,3487350,MAL,MAN,8.32,98,AICF,RC,0,TIMI,FH,0.0,0,-31.05,-22.67,[],0,0,[],[]
3487350,3488260,NA,NOF,0.0,98,AICF,NA,NA,NA,NA,0.0,0,-37.56,-22.5,[],0,0,[],[]
3488260,3489590,NA,OLF,0.0,98,AICF,NA,NA,NA,NA,0.0,0,-37.39,-28.33,[],0,0,[],[]
3489590,3490190,CHI,CHN,0.0,98,AICF,EC,1,TIMR,FI,1.0,470,-16.91,-8.56,"[{'Canonical-syllable': '1', 'Growl': '0', 'High-freq-energy': '0', 'Long-island': '0', 'Low-tilt-spectrum': '0', 'Medium-island': '1', 'Short-island': '0', 'Squeal': '0', 'Typical-entropy': '0', 'Voicing-quality': '1', 'Wide-band': '0', 'Xlong-island': '0', 'seq': '1', 'end': 3490.06, 'start': 3489.73}]",0,0,[],[]
3490190,3491910,NA,OLF,0.0,99,pause,NA,NA,NA,NA,0.0,0,-43.29,-29.75,[],0,0,[],[]
3491910,3492710,NA,SIL,0.0,99,pause,NA,NA,NA,NA,0.0,0,-49.33,-39.62,[],0,0,[],[]
3492710,3494720,NA,NOF,0.0,99,pause,NA,NA,NA,NA,0.0,0,-45.49,-33.72,[],0,0,[],[]
3494720,3495660,NA,OLF,0.0,99,pause,NA,NA,NA,NA,0.0,0,-42.13,-37.35,[],0,0,[],[]
3495660,3501540,NA,NOF,0.0,99,pause,NA,NA,NA,NA,0.0,0,-45.04,-28.8,[],0,0,[],[]
3501540,3502610,FEM,FAN,0.0,99,pause,NA,NA,NA,NA,0.0,0,-34.11,-29.94,[],1070,0,[],[]
3502610,3503420,NA,OLN,0.0,99,pause,NA,NA,NA,NA,0.0,0,-37.41,-32.4,[],0,0,[],[]
3503420,3504480,NA,NOF,0.0,99,pause,NA,NA,NA,NA,0.0,0,-37.53,-20.53,[],0,0,[],[]
3504480,3505590,NA,OLF,0.0,99,pause,NA,NA,NA,NA,0.0,0,-31.79,-24.36,[],0,0,[],[]
3505590,3506570,NA,SIL,0.0,99,pause,NA,NA,NA,NA,0.0,0,-50.32,-44.85,[],0,0,[],[]
3506570,3507570,NA,MAF,0.0,99,pause,NA,NA,NA,NA,0.0,0,-40.68,-29.25,[],0,0,[],[]
3507570,3509700,NA,NOF,0.0,99,pause,NA,NA,NA,NA,0.0,0,-45.17,-36.71,[],0,0,[],[]
3509700,3510500,NA,SIL,0.0,99,pause,NA,NA,NA,NA,0.0,0,-49.65,-46.56,[],0,0,[],[]
3510500,3511320,NA,NOF,0.0,99,pause,NA,NA,NA,NA,0.0,0,-36.58,-18.24,[],0,0,[],[]
3511320,3512320,FEM,FAN,0.96,99,AMF,BC,0,NT,FI,0.0,0,-26.53,-14.9,[],0,0,[],[]
3512320,3514200,NA,NOF,0.0,99,AMF,NA,NA,NA,NA,0.0,0,-41.63,-21.7,[],0,0,[],[]
3514200,3516480,FEM,FAN,5.94,99,AMF,EC,0,NT,FH,0.0,0,-37.19,-24.55,[],0,0,[],[]
3516480,3517620,NA,OLF,0.0,100,pause,NA,NA,NA,NA,0.0,0,-36.26,-20.85,[],0,0,[],[]
3517620,3519450,NA,NOF,0.0,100,pause,NA,NA,NA,NA,0.0,0,-47.91,-37.16,[],0,0,[],[]
3519450,3521130,NA,OLF,0.0,100,pause,NA,NA,NA,NA,0.0,0,-41.98,-28.85,[],0,0,[],[]
3521130,3522210,NA,NOF,0.0,100,pause,NA,NA,NA,NA,0.0,0,-35.98,-19.72,[],0,0,[],[]
3522210,3523010,NA,OLF,0.0,100,pause,NA,NA,NA,NA,0.0,0,-44.28,-33.15,[],0,0,[],[]
3523010,3524870,NA,NOF,0.0,100,pause,NA,NA,NA,NA,0.0,0,-37.41,-17.36,[],0,0,[],[]
3524870,3525770,NA,SIL,0.0,100,pause,NA,NA,NA,NA,0.0,0,-50.0,-44.08,[],0,0,[],[]
3525770,3526580,NA,MAF,0.0,100,pause,NA,NA,NA,NA,0.0,0,-45.66,-31.96,[],0,0,[],[]
3526580,3529440,NA,SIL,0.0,100,pause,NA,NA,NA,NA,0.0,0,-49.16,-40.12,[],0,0,[],[]
3529440,3530240,NA,OLF,0.0,100,pause,NA,NA,NA,NA,0.0,0,-42.82,-26.2,[],0,0,[],[]
3530240,3531160,NA,SIL,0.0,100,pause,NA,NA,NA,NA,0.0,0,-50.86,-44.32,[],0,0,[],[]
3531160,3531960,NA,FAF,0.0,100,pause,NA,NA,NA,NA,0.0,0,-46.89,-39.79,[],0,0,[],[]
3531960,3534730,NA,SIL,0.0,100,pause,NA,NA,NA,NA,0.0,0,-46.86,-29.26,[],0,0,[],[]
3534730,3537180,NA,NOF,0.0,100,pause,NA,NA,NA,NA,0.0,0,-45.61,-31.07,[],0,0,[],[]
3537180,3538100,NA,SIL,0.0,100,pause,NA,NA,NA,NA,0.0,0,-53.04,-48.57,[],0,0,[],[]
3538100,3539120,NA,MAF,0.0,100,pause,NA,NA,NA,NA,0.0,0,-46.7,-40.71,[],0,0,[],[]
3539120,3541090,NA,SIL,0.0,100,pause,NA,NA,NA,NA,0.0,0,-49.54,-41.98,[],0,0,[],[]
3541090,3541890,NA,NOF,0.0,100,pause,NA,NA,NA,NA,0.0,0,-44.38,-34.46,[],0,0,[],[]
3541890,3544700,NA,SIL,0.0,100,pause,NA,NA,NA,NA,0.0,0,-48.04,-32.75,[],0,0,[],[]
3544700,3547390,NA,NOF,0.0,100,pause,NA,NA,NA,NA,0.0,0,-38.11,-14.86,[],0,0,[],[]
3547390,3549430,NA,SIL,0.0,100,pause,NA,NA,NA,NA,0.0,0,-49.01,-39.27,[],0,0,[],[]
3549430,3550430,FEM,FAN,2.13,100,AMF,EC,0,NT,FI,0.0,0,-37.32,-29.34,[],0,0,[],[]
3550430,3552360,NA,SIL,0.0,101,pause,NA,NA,NA,NA,0.0,0,-50.53,-39.82,[],0,0,[],[]
3552360,3553920,NA,NOF,0.0,101,pause,NA,NA,NA,NA,0.0,0,-48.67,-42.97,[],0,0,[],[]
3553920,3555690,NA,SIL,0.0,101,pause,NA,NA,NA,NA,0.0,0,-51.13,-42.68,[],0,0,[],[]
3555690,3556660,NA,FAF,0.0,101,pause,NA,NA,NA,NA,0.0,0,-48.06,-31.85,[],0,0,[],[]
3556660,3557760,NA,SIL,0.0,101,pause,NA,NA,NA,NA,0.0,0,-49.15,-43.57,[],0,0,[],[]
3557760,3560070,NA,NOF,0.0,101,pause,NA,NA,NA,NA,0.0,0,-48.12,-41.09,[],0,0,[],[]
3560070,3561240,NA,MAF,0.0,101,pause,NA,NA,NA,NA,0.0,0,-47.4,-36.62,[],0,0,[],[]
3561240,3562060,NA,SIL,0.0,101,pause,NA,NA,NA,NA,0.0,0,-49.08,-42.11,[],0,0,[],[]
3562060,3562860,NA,NOF,0.0,101,pause,NA,NA,NA,NA,0.0,0,-48.16,-42.86,[],0,0,[],[]
3562860,3563680,NA,SIL,0.0,101,pause,NA,NA,NA,NA,0.0,0,-49.51,-41.39,[],0,0,[],[]
3563680,3566370,NA,OLF,0.0,101,pause,NA,NA,NA,NA,0.0,0,-47.23,-35.48,[],0,0,[],[]
3566370,3571970,FEM,FAN,21.58,101,AMF,EC,0,NT,FI,0.0,0,-34.51,-22.93,[],0,0,[],[]
3571970,3573350,NA,MAF,0.0,102,pause,NA,NA,NA,NA,0.0,0,-39.29,-30.04,[],0,0,[],[]
3573350,3575250,NA,OLF,0.0,102,pause,NA,NA,NA,NA,0.0,0,-44.17,-35.91,[],0,0,[],[]
3575250,3576340,NA,MAF,0.0,102,pause,NA,NA,NA,NA,0.0,0,-38.6,-31.92,[],0,0,[],[]
3576340,3577270,NA,NOF,0.0,102,pause,NA,NA,NA,NA,0.0,0,-42.89,-28.06,[],0,0,[],[]
3577270,3578270,NA,MAF,0.0,102,pause,NA,NA,NA,NA,0.0,0,-37.93,-31.29,[],0,0,[],[]
3578270,3579370,NA,OLF,0.0,102,pause,NA,NA,NA,NA,0.0,0,-43.83,-30.78,[],0,0,[],[]
3579370,3580970,NA,OLN,0.0,102,pause,NA,NA,NA,NA,0.0,0,-20.84,-8.35,[],0,0,[],[]
3580970,3583860,FEM,FAN,8.82,102,AMF,BC,0,NT,FI,0.0,0,-23.27,-6.48,[],0,0,[],[]
3583860,3584910,NA,OLF,0.0,102,AMF,NA,NA,NA,NA,0.0,0,-30.79,-15.68,[],0,0,[],[]
3584910,3586080,FEM,FAN,5.3,102,AMF,EC,0,NT,FH,0.0,0,-31.61,-18.78,[],0,0,[],[]
3586080,3587400,NA,NOF,0.0,103,pause,NA,NA,NA,NA,0.0,0,-41.74,-26.1,[],0,0,[],[]
3587400,3588210,NA,SIL,0.0,103,pause,NA,NA,NA,NA,0.0,0,-48.59,-41.63,[],0,0,[],[]
3588210,3590210,NA,NOF,0.0,103,pause,NA,NA,NA,NA,0.0,0,-47.1,-41.07,[],0,0,[],[]
3590210,3591010,NA,SIL,0.0,103,pause,NA,NA,NA,NA,0.0,0,-49.8,-46.63,[],0,0,[],[]
3591010,3591840,NA,NOF,0.0,103,pause,NA,NA,NA,NA,0.0,0,-48.41,-39.87,[],0,0,[],[]
3591840,3592650,NA,SIL,0.0,103,pause,NA,NA,NA,NA,0.0,0,-50.31,-42.1,[],0,0,[],[]
3592650,3594060,NA,OLF,0.0,103,pause,NA,NA,NA,NA,0.0,0,-46.73,-38.79,[],0,0,[],[]
3594060,3594670,NA,CHF,0.0,103,CM,EC,0,NT,FI,1.0,610,-40.29,-34.09,"[{'Canonical-syllable': '0', 'Growl': '1', 'High-freq-energy': '0', 'Long-island': '0', 'Low-tilt-spectrum': '1', 'Medium-island': '1', 'Short-island': '0', 'Squeal': '0', 'Typical-entropy': '0', 'Voicing-quality': '1', 'Wide-band': '0', 'Xlong-island': '0', 'seq': '1', 'end': 3594.67, 'start': 3594.06}]",0,0,[],[]
3594670,3600040,NA,SIL,0.0,104,pause,NA,NA,NA,NA,0.0,0,-49.17,-41.17,[],0,0,[],[]
3600040,3600990,NA,OLF,0.0,104,pause,NA,NA,NA,NA,0.0,0,-42.51,-34.77,[],0,0,[],[]
3600990,3609270,NA,NOF,0.0,104,pause,NA,NA,NA,NA,0.0,0,-42.14,-16.68,[],0,0,[],[]
3609270,3610070,NA,SIL,0.0,104,pause,NA,NA,NA,NA,0.0,0,-49.34,-45.19,[],0,0,[],[]
3610070,3613090,NA,OLF,0.0,104,pause,NA,NA,NA,NA,0.0,0,-43.76,-27.0,[],0,0,[],[]
3613090,3613690,FEM,FAN,1.18,104,AMF,EC,0,NT,FI,0.0,0,-36.33,-24.01,[],0,0,[],[]
3613690,3615680,NA,NOF,0.0,105,pause,NA,NA,NA,NA,0.0,0,-43.01,-25.17,[],0,0,[],[]
3615680,3620780,NA,SIL,0.0,105,pause,NA,NA,NA,NA,0.0,0,-50.77,-40.78,[],0,0,[],[]
3620780,3621580,NA,NOF,0.0,105,pause,NA,NA,NA,NA,0.0,0,-51.45,-47.84,[],0,0,[],[]
3621580,3625520,NA,SIL,0.0,105,pause,NA,NA,NA,NA,0.0,0,-50.2,-37.42,[],0,0,[],[]
3625520,3629780,NA,NOF,0.0,105,pause,NA,NA,NA,NA,0.0,0,-40.08,-17.72,[],0,0,[],[]
3629780,3634170,FEM,FAN,15.01,105,AMF,EC,0,NT,FI,0.0,0,-34.52,-17.96,[],0,0,[],[]
3634170,3635610,MAL,MAN,0.0,106,pause,NA,NA,NA,NA,0.0,0,-31.02,-25.02,[],1440,0,[],[]
3635610,3636640,NA,TVF,0.0,106,pause,NA,NA,NA,NA,0.0,0,-42.36,-34.82,[],0,0,[],[]
3636640,3637680,NA,FAF,0.0,106,pause,NA,NA,NA,NA,0.0,0,-48.77,-40.81,[],0,0,[],[]
3637680,3638680,NA,TVF,0.0,106,pause,NA,NA,NA,NA,0.0,0,-48.95,-44.2,[],0,0,[],[]
3638680,3639680,NA,SIL,0.0,106,pause,NA,NA,NA,NA,0.0,0,-48.6,-37.19,[],0,0,[],[]
3639680,3640560,NA,OLF,0.0,106,pause,NA,NA,NA,NA,0.0,0,-39.7,-28.02,[],0,0,[],[]
3640560,3641600,FEM,FAN,0.54,106,AMF,BC,0,NT,FI,0.0,0,-36.61,-27.16,[],0,0,[],[]
3641600,3642400,NA,OLF,0.0,106,AMF,NA,NA,NA,NA,0.0,0,-31.48,-12.67,[],0,0,[],[]
3642400,3643610,MAL,MAN,4.28,106,AMF,RC,0,NT,FI,0.0,0,-32.9,-26.12,[],0,0,[],[]
3643610,3644610,NA,TVN,0.0,106,AMF,NA,NA,NA,NA,0.0,0,-34.69,-27.96,[],0,0,[],[]
3644610,3646270,FEM,FAN,4.19,106,AMF,EC,0,NT,FI,0.0,0,-26.46,-5.99,[],0,0,[],[]
3646270,3647300,NA,TVF,0.0,107,pause,NA,NA,NA,NA,0.0,0,-43.17,-38.05,[],0,0,[],[]
3647300,3648100,NA,NOF,0.0,107,pause,NA,NA,NA,NA,0.0,0,-45.69,-40.1,[],0,0,[],[]
3648100,3653810,NA,OLF,0.0,107,pause,NA,NA,NA,NA,0.0,0,-41.98,-22.81,[],0,0,[],[]
3653810,3654610,NA,NOF,0.0,107,pause,NA,NA,NA,NA,0.0,0,-44.45,-38.42,[],0,0,[],[]
3654610,3657790,NA,OLF,0.0,107,pause,NA,NA,NA,NA,0.0,0,-44.42,-37.92,[],0,0,[],[]
3657790,3658970,NA,TVF,0.0,107,pause,NA,NA,NA,NA,0.0,0,-43.59,-38.96,[],0,0,[],[]
3658970,3660430,NA,OLF,0.0,107,pause,NA,NA,NA,NA,0.0,0,-44.69,-39.92,[],0,0,[],[]
3660430,3661900,NA,NOF,0.0,107,pause,NA,NA,NA,NA,0.0,0,-45.45,-38.98,[],0,0,[],[]
3661900,3664590,NA,OLN,0.0,107,pause,NA,NA,NA,NA,0.0,0,-37.99,-27.62,[],0,0,[],[]
3664590,3665580,NA,NOF,0.0,107,pause,NA,NA,NA,NA,0.0,0,-39.83,-29.39,[],0,0,[],[]
3665580,3666500,NA,OLN,0.0,107,pause,NA,NA,NA,NA,0.0,0,-37.0,-21.99,[],0,0,[],[]
3666500,3667380,NA,NOF,0.0,107,pause,NA,NA,NA,NA,0.0,0,-37.45,-25.94,[],0,0,[],[]
3667380,3668770,NA,OLF,0.0,107,pause,NA,NA,NA,NA,0.0,0,-33.46,-23.81,[],0,0,[],[]
3668770,3669570,OCH,CXN,0.0,107,XM,EC,0,NT,FI,0.0,0,-36.78,-33.54,[],0,0,[],[]
3669570,3695020,NA,OLN,0.0,108,pause,NA,NA,NA,NA,0.0,0,-31.26,-12.82,[],0,0,[],[]
3695020,3696020,NA,TVN,0.0,108,pause,NA,NA,NA,NA,0.0,0,-38.31,-33.61,[],0,0,[],[]
3696020,3704110,NA,OLN,0.0,108,pause,NA,NA,NA,NA,0.0,0,-30.68,-13.87,[],0,0,[],[]
3704110,3704920,NA,NOF,0.0,108,pause,NA,NA,NA,NA,0.0,0,-33.74,-19.43,[],0,0,[],[]
3704920,3706400,NA,OLF,0.0,108,pause,NA,NA,NA,NA,0.0,0,-24.94,-7.1,[],0,0,[],[]
3706400,3707510,NA,NOF,0.0,108,pause,NA,NA,NA,NA,0.0,0,-32.73,-19.73,[],0,0,[],[]
3707510,3712010,NA,OLF,0.0,108,pause,NA,NA,NA,NA,0.0,0,-36.0,-19.73,[],0,0,[],[]
3712010,3713510,NA,NOF,0.0,108,pause,NA,NA,NA,NA,0.0,0,-41.46,-27.24,[],0,0,[],[]
3713510,3714310,NA,OLF,0.0,108,pause,NA,NA,NA,NA,0.0,0,-45.03,-36.67,[],0,0,[],[]
3714310,3715360,NA,TVF,0.0,108,pause,NA,NA,NA,NA,0.0,0,-47.05,-41.42,[],0,0,[],[]
3715360,3716270,NA,TVF,0.0,108,pause,NA,NA,NA,NA,0.0,0,-47.86,-42.09,[],0,0,[],[]
3716270,3717500,NA,TVF,0.0,108,pause,NA,NA,NA,NA,0.0,0,-46.09,-40.01,[],0,0,[],[]
3717500,3719330,NA,TVF,0.0,108,pause,NA,NA,NA,NA,0.0,0,-43.17,-34.44,[],0,0,[],[]
3719330,3721040,NA,TVF,0.0,108,pause,NA,NA,NA,NA,0.0,0,-45.08,-38.42,[],0,0,[],[]
3721040,3721940,NA,NOF,0.0,108,pause,NA,NA,NA,NA,0.0,0,-46.33,-38.66,[],0,0,[],[]
3721940,3724490,NA,TVF,0.0,108,pause,NA,NA,NA,NA,0.0,0,-42.94,-38.57,[],0,0,[],[]
3724490,3725590,NA,OLF,0.0,108,pause,NA,NA,NA,NA,0.0,0,-47.43,-40.89,[],0,0,[],[]
3725590,3726590,NA,TVN,0.0,108,pause,NA,NA,NA,NA,0.0,0,-44.03,-39.41,[],0,0,[],[]
3726590,3727810,NA,OLF,0.0,108,pause,NA,NA,NA,NA,0.0,0,-41.76,-37.74,[],0,0,[],[]
3727810,3729070,NA,TVN,0.0,108,pause,NA,NA,NA,NA,0.0,0,-42.55,-39.27,[],0,0,[],[]
3729070,3730290,NA,OLF,0.0,108,pause,NA,NA,NA,NA,0.0,0,-42.79,-39.54,[],0,0,[],[]
3730290,3731940,NA,TVF,0.0,108,pause,NA,NA,NA,NA,0.0,0,-43.46,-40.31,[],0,0,[],[]
3731940,3733220,NA,OLF,0.0,108,pause,NA,NA,NA,NA,0.0,0,-45.11,-41.2,[],0,0,[],[]
3733220,3734250,NA,TVF,0.0,108,pause,NA,NA,NA,NA,0.0,0,-46.15,-42.26,[],0,0,[],[]
3734250,3735300,NA,TVF,0.0,108,pause,NA,NA,NA,NA,0.0,0,-45.52,-32.11,[],0,0,[],[]
3735300,3736200,NA,TVF,0.0,108,pause,NA,NA,NA,NA,0.0,0,-46.47,-42.53,[],0,0,[],[]
3736200,3737150,NA,FAF,0.0,108,pause,NA,NA,NA,NA,0.0,0,-47.63,-42.38,[],0,0,[],[]
3737150,3737950,NA,TVF,0.0,108,pause,NA,NA,NA,NA,0.0,0,-46.07,-39.44,[],0,0,[],[]
3737950,3738750,NA,NOF,0.0,108,pause,NA,NA,NA,NA,0.0,0,-43.51,-36.64,[],0,0,[],[]
3738750,3739770,NA,OLN,0.0,108,pause,NA,NA,NA,NA,0.0,0,-43.7,-38.05,[],0,0,[],[]
3739770,3741000,NA,TVN,0.0,108,pause,NA,NA,NA,NA,0.0,0,-41.97,-34.12,[],0,0,[],[]
3741000,3742880,NA,OLF,0.0,108,pause,NA,NA,NA,NA,0.0,0,-41.41,-36.54,[],0,0,[],[]
3742880,3743980,NA,TVF,0.0,108,pause,NA,NA,NA,NA,0.0,0,-44.93,-39.92,[],0,0,[],[]
3743980,3747180,NA,NOF,0.0,108,pause,NA,NA,NA,NA,0.0,0,-46.54,-37.31,[],0,0,[],[]
3747180,3753040,NA,OLF,0.0,108,pause,NA,NA,NA,NA,0.0,0,-42.51,-37.83,[],0,0,[],[]
3753040,3754050,NA,TVF,0.0,108,pause,NA,NA,NA,NA,0.0,0,-44.42,-39.52,[],0,0,[],[]
3754050,3756250,NA,OLF,0.0,108,pause,NA,NA,NA,NA,0.0,0,-42.79,-37.26,[],0,0,[],[]
3756250,3757050,NA,NON,0.0,108,pause,NA,NA,NA,NA,0.0,0,-18.03,-7.08,[],0,0,[],[]
3757050,3759810,NA,OLF,0.0,108,pause,NA,NA,NA,NA,0.0,0,-39.06,-26.54,[],0,0,[],[]
3759810,3762550,NA,NOF,0.0,108,pause,NA,NA,NA,NA,0.0,0,-38.3,-17.51,[],0,0,[],[]
3762550,3763350,NA,OLN,0.0,108,pause,NA,NA,NA,NA,0.0,0,-40.59,-36.17,[],0,0,[],[]
3763350,3764150,NA,OLF,0.0,108,pause,NA,NA,NA,NA,0.0,0,-42.37,-36.92,[],0,0,[],[]
3764150,3765010,NA,OLN,0.0,108,pause,NA,NA,NA,NA,0.0,0,-39.8,-33.59,[],0,0,[],[]
3765010,3766150,NA,TVF,0.0,108,pause,NA,NA,NA,NA,0.0,0,-46.35,-40.83,[],0,0,[],[]
3766150,3767690,NA,OLF,0.0,108,pause,NA,NA,NA,NA,0.0,0,-45.91,-36.86,[],0,0,[],[]
3767690,3768490,NA,NOF,0.0,108,pause,NA,NA,NA,NA,0.0,0,-43.43,-38.74,[],0,0,[],[]
3768490,3769290,NA,TVF,0.0,108,pause,NA,NA,NA,NA,0.0,0,-43.61,-37.04,[],0,0,[],[]
3769290,3770130,NA,NOF,0.0,108,pause,NA,NA,NA,NA,0.0,0,-36.05,-19.15,[],0,0,[],[]
3770130,3770940,NA,OLN,0.0,108,pause,NA,NA,NA,NA,0.0,0,-32.66,-22.04,[],0,0,[],[]
3770940,3773990,NA,NOF,0.0,108,pause,NA,NA,NA,NA,0.0,0,-32.79,-13.28,[],0,0,[],[]
3773990,3774790,NA,OLF,0.0,108,pause,NA,NA,NA,NA,0.0,0,-35.82,-21.16,[],0,0,[],[]
3774790,3777750,NA,NOF,0.0,108,pause,NA,NA,NA,NA,0.0,0,-44.2,-38.45,[],0,0,[],[]
3777750,3782180,NA,OLF,0.0,108,pause,NA,NA,NA,NA,0.0,0,-42.12,-27.62,[],0,0,[],[]
3782180,3783230,NA,FAF,0.0,108,pause,NA,NA,NA,NA,0.0,0,-46.12,-42.0,[],0,0,[],[]
3783230,3784140,NA,OLF,0.0,108,pause,NA,NA,NA,NA,0.0,0,-45.04,-42.12,[],0,0,[],[]
3784140,3785750,NA,TVF,0.0,108,pause,NA,NA,NA,NA,0.0,0,-46.37,-40.69,[],0,0,[],[]
3785750,3786760,NA,TVF,0.0,108,pause,NA,NA,NA,NA,0.0,0,-43.33,-39.09,[],0,0,[],[]
3786760,3788600,NA,FAF,0.0,108,pause,NA,NA,NA,NA,0.0,0,-45.12,-40.5,[],0,0,[],[]
3788600,3790390,NA,OLF,0.0,108,pause,NA,NA,NA,NA,0.0,0,-31.53,-13.11,[],0,0,[],[]
3790390,3791310,NA,NOF,0.0,108,pause,NA,NA,NA,NA,0.0,0,-42.36,-32.79,[],0,0,[],[]
3791310,3795800,NA,OLF,0.0,108,pause,NA,NA,NA,NA,0.0,0,-42.64,-23.21,[],0,0,[],[]
3795800,3796970,NA,NOF,0.0,108,pause,NA,NA,NA,NA,0.0,0,-44.49,-32.44,[],0,0,[],[]
3796970,3800660,NA,OLF,0.0,108,pause,NA,NA,NA,NA,0.0,0,-44.43,-26.97,[],0,0,[],[]
3800660,3801880,NA,OLN,0.0,108,pause,NA,NA,NA,NA,0.0,0,-44.24,-40.41,[],0,0,[],[]
3801880,3802880,NA,TVF,0.0,108,pause,NA,NA,NA,NA,0.0,0,-44.86,-40.93,[],0,0,[],[]
3802880,3803680,NA,NOF,0.0,108,pause,NA,NA,NA,NA,0.0,0,-19.1,-5.44,[],0,0,[],[]
3803680,3804480,NA,OLF,0.0,108,pause,NA,NA,NA,NA,0.0,0,-26.38,-7.89,[],0,0,[],[]
3804480,3805510,NA,NOF,0.0,108,pause,NA,NA,NA,NA,0.0,0,-39.75,-23.85,[],0,0,[],[]
3805510,3809440,NA,OLF,0.0,108,pause,NA,NA,NA,NA,0.0,0,-43.27,-24.74,[],0,0,[],[]
3809440,3811230,NA,NOF,0.0,108,pause,NA,NA,NA,NA,0.0,0,-30.98,-16.31,[],0,0,[],[]
3811230,3812930,NA,OLF,0.0,108,pause,NA,NA,NA,NA,0.0,0,-44.65,-39.79,[],0,0,[],[]
3812930,3813730,NA,NOF,0.0,108,pause,NA,NA,NA,NA,0.0,0,-45.48,-41.14,[],0,0,[],[]
3813730,3814900,NA,OLF,0.0,108,pause,NA,NA,NA,NA,0.0,0,-43.9,-40.61,[],0,0,[],[]
3814900,3815990,NA,MAF,0.0,108,pause,NA,NA,NA,NA,0.0,0,-45.08,-41.34,[],0,0,[],[]
3815990,3816810,NA,OLF,0.0,108,pause,NA,NA,NA,NA,0.0,0,-43.93,-39.99,[],0,0,[],[]
3816810,3817610,NA,TVF,0.0,108,pause,NA,NA,NA,NA,0.0,0,-45.09,-41.39,[],0,0,[],[]
3817610,3819680,NA,OLF,0.0,108,pause,NA,NA,NA,NA,0.0,0,-30.1,-8.61,[],0,0,[],[]
3819680,3820880,NA,TVF,0.0,108,pause,NA,NA,NA,NA,0.0,0,-45.1,-40.78,[],0,0,[],[]
3820880,3821860,NA,NOF,0.0,108,pause,NA,NA,NA,NA,0.0,0,-42.58,-37.34,[],0,0,[],[]
3821860,3832100,NA,OLF,0.0,108,pause,NA,NA,NA,NA,0.0,0,-31.81,-5.21,[],0,0,[],[]
3832100,3832910,NA,FAF,0.0,108,pause,NA,NA,NA,NA,0.0,0,-44.51,-37.89,[],0,0,[],[]
3832910,3833710,NA,OLF,0.0,108,pause,NA,NA,NA,NA,0.0,0,-42.01,-31.92,[],0,0,[],[]
3833710,3834560,NA,NOF,0.0,108,pause,NA,NA,NA,NA,0.0,0,-43.26,-35.34,[],0,0,[],[]
3834560,3835370,NA,FAF,0.0,108,pause,NA,NA,NA,NA,0.0,0,-44.96,-34.03,[],0,0,[],[]
3835370,3836400,NA,NOF,0.0,108,pause,NA,NA,NA,NA,0.0,0,-44.39,-28.44,[],0,0,[],[]
3836400,3837230,NA,OLN,0.0,108,pause,NA,NA,NA,NA,0.0,0,-42.49,-38.67,[],0,0,[],[]
3837230,3838910,NA,OLF,0.0,108,pause,NA,NA,NA,NA,0.0,0,-26.43,-7.18,[],0,0,[],[]
3838910,3840930,NA,NOF,0.0,108,pause,NA,NA,NA,NA,0.0,0,-41.19,-28.59,[],0,0,[],[]
3840930,3842060,NA,SIL,0.0,108,pause,NA,NA,NA,NA,0.0,0,-46.97,-31.25,[],0,0,[],[]
3842060,3842880,NA,TVN,0.0,108,pause,NA,NA,NA,NA,0.0,0,-44.42,-39.57,[],0,0,[],[]
3842880,3843710,NA,TVF,0.0,108,pause,NA,NA,NA,NA,0.0,0,-43.13,-35.11,[],0,0,[],[]
3843710,3844530,NA,OLN,0.0,108,pause,NA,NA,NA,NA,0.0,0,-39.35,-33.23,[],0,0,[],[]
3844530,3845410,NA,SIL,0.0,108,pause,NA,NA,NA,NA,0.0,0,-49.22,-44.63,[],0,0,[],[]
3845410,3847120,NA,OLN,0.0,108,pause,NA,NA,NA,NA,0.0,0,-31.22,-21.14,[],0,0,[],[]
3847120,3848120,NA,TVN,0.0,108,pause,NA,NA,NA,NA,0.0,0,-43.13,-31.46,[],0,0,[],[]
3848120,3850600,NA,OLF,0.0,108,pause,NA,NA,NA,NA,0.0,0,-28.62,-7.38,[],0,0,[],[]
3850600,3851640,NA,NOF,0.0,108,pause,NA,NA,NA,NA,0.0,0,-37.46,-31.95,[],0,0,[],[]
3851640,3853650,NA,OLN,0.0,108,pause,NA,NA,NA,NA,0.0,0,-40.5,-32.73,[],0,0,[],[]
3853650,3854650,NA,NOF,0.0,108,pause,NA,NA,NA,NA,0.0,0,-29.97,-21.21,[],0,0,[],[]
3854650,3855760,NA,TVF,0.0,108,pause,NA,NA,NA,NA,0.0,0,-44.17,-36.02,[],0,0,[],[]
3855760,3859200,NA,OLN,0.0,108,pause,NA,NA,NA,NA,0.0,0,-33.03,-17.91,[],0,0,[],[]
3859200,3860480,NA,NOF,0.0,108,pause,NA,NA,NA,NA,0.0,0,-42.45,-29.25,[],0,0,[],[]
3860480,3862210,NA,OLN,0.0,108,pause,NA,NA,NA,NA,0.0,0,-38.37,-28.91,[],0,0,[],[]
3862210,3863240,OCH,CXN,0.0,108,XM,BC,0,NT,FI,0.0,0,-39.42,-26.34,[],0,0,[],[]
3863240,3864040,NA,OLN,0.0,108,XM,NA,NA,NA,NA,0.0,0,-38.43,-29.07,[],0,0,[],[]
3864040,3864840,NA,OLF,0.0,108,XM,NA,NA,NA,NA,0.0,0,-44.37,-33.67,[],0,0,[],[]
3864840,3866490,OCH,CXN,0.0,108,XM,EC,0,NT,FH,0.0,0,-37.58,-27.15,[],0,0,[],[]
3866490,3867360,NA,OLF,0.0,109,pause,NA,NA,NA,NA,0.0,0,-39.86,-32.77,[],0,0,[],[]
3867360,3869750,NA,SIL,0.0,109,pause,NA,NA,NA,NA,0.0,0,-48.83,-43.49,[],0,0,[],[]
3869750,3870560,NA,OLF,0.0,109,pause,NA,NA,NA,NA,0.0,0,-39.19,-33.8,[],0,0,[],[]
3870560,3872210,NA,SIL,0.0,109,pause,NA,NA,NA,NA,0.0,0,-47.92,-35.15,[],0,0,[],[]
3872210,3873010,NA,TVF,0.0,109,pause,NA,NA,NA,NA,0.0,0,-35.11,-27.92,[],0,0,[],[]
3873010,3873840,NA,NON,0.0,109,pause,NA,NA,NA,NA,0.0,0,-34.28,-21.17,[],0,0,[],[]
3873840,3874680,NA,OLF,0.0,109,pause,NA,NA,NA,NA,0.0,0,-43.34,-37.35,[],0,0,[],[]
3874680,3875850,NA,NOF,0.0,109,pause,NA,NA,NA,NA,0.0,0,-44.93,-34.97,[],0,0,[],[]
3875850,3879380,NA,OLF,0.0,109,pause,NA,NA,NA,NA,0.0,0,-39.08,-18.56,[],0,0,[],[]
3879380,3880180,NA,NON,0.0,109,pause,NA,NA,NA,NA,0.0,0,-42.68,-35.82,[],0,0,[],[]
3880180,3881320,NA,OLF,0.0,109,pause,NA,NA,NA,NA,0.0,0,-42.39,-34.95,[],0,0,[],[]
3881320,3883840,NA,OLF,0.0,109,pause,NA,NA,NA,NA,0.0,0,-41.1,-31.97,[],0,0,[],[]
3883840,3884860,NA,NOF,0.0,109,pause,NA,NA,NA,NA,0.0,0,-43.64,-38.8,[],0,0,[],[]
3884860,3886010,NA,OLF,0.0,109,pause,NA,NA,NA,NA,0.0,0,-44.21,-39.04,[],0,0,[],[]
3886010,3886890,NA,TVF,0.0,109,pause,NA,NA,NA,NA,0.0,0,-43.38,-37.22,[],0,0,[],[]
3886890,3888200,NA,OLF,0.0,109,pause,NA,NA,NA,NA,0.0,0,-42.16,-26.78,[],0,0,[],[]
3888200,3889350,NA,TVN,0.0,109,pause,NA,NA,NA,NA,0.0,0,-42.83,-36.02,[],0,0,[],[]
3889350,3893250,NA,TVF,0.0,109,pause,NA,NA,NA,NA,0.0,0,-41.42,-33.03,[],0,0,[],[]
3893250,3894390,NA,TVF,0.0,109,pause,NA,NA,NA,NA,0.0,0,-40.44,-25.48,[],0,0,[],[]
3894390,3895200,NA,OLN,0.0,109,pause,NA,NA,NA,NA,0.0,0,-40.62,-32.83,[],0,0,[],[]
3895200,3896000,NA,NOF,0.0,109,pause,NA,NA,NA,NA,0.0,0,-40.8,-29.66,[],0,0,[],[]
3896000,3898040,NA,OLF,0.0,109,pause,NA,NA,NA,NA,0.0,0,-43.36,-31.22,[],0,0,[],[]
3898040,3898840,NA,TVF,0.0,109,pause,NA,NA,NA,NA,0.0,0,-44.54,-36.9,[],0,0,[],[]
3898840,3899840,NA,TVN,0.0,109,pause,NA,NA,NA,NA,0.0,0,-42.32,-36.95,[],0,0,[],[]
3899840,3900660,NA,NON,0.0,109,pause,NA,NA,NA,NA,0.0,0,-41.63,-36.35,[],0,0,[],[]
3900660,3901660,NA,TVN,0.0,109,pause,NA,NA,NA,NA,0.0,0,-42.99,-37.05,[],0,0,[],[]
3901660,3902460,NA,NOF,0.0,109,pause,NA,NA,NA,NA,0.0,0,-41.65,-35.32,[],0,0,[],[]
3902460,3903460,NA,TVF,0.0,109,pause,NA,NA,NA,NA,0.0,0,-45.71,-40.75,[],0,0,[],[]
3903460,3904630,NA,SIL,0.0,109,pause,NA,NA,NA,NA,0.0,0,-49.47,-40.8,[],0,0,[],[]
3904630,3909110,NA,NOF,0.0,109,pause,NA,NA,NA,NA,0.0,0,-25.75,-7.5,[],0,0,[],[]
3909110,3909940,NA,OLF,0.0,109,pause,NA,NA,NA,NA,0.0,0,-38.18,-29.76,[],0,0,[],[]
3909940,3910940,NA,FAF,0.0,109,pause,NA,NA,NA,NA,0.0,0,-39.05,-33.62,[],0,0,[],[]
3910940,3919940,NA,OLF,0.0,109,pause,NA,NA,NA,NA,0.0,0,-39.96,-30.1,[],0,0,[],[]
3919940,3922670,NA,NOF,0.0,109,pause,NA,NA,NA,NA,0.0,0,-42.3,-25.94,[],0,0,[],[]
3922670,3923640,NA,OLF,0.0,109,pause,NA,NA,NA,NA,0.0,0,-46.39,-42.82,[],0,0,[],[]
3923640,3924600,NA,NOF,0.0,109,pause,NA,NA,NA,NA,0.0,0,-46.78,-40.7,[],0,0,[],[]
3924600,3925650,NA,OLF,0.0,109,pause,NA,NA,NA,NA,0.0,0,-44.44,-36.81,[],0,0,[],[]
3925650,3926450,NA,FAF,0.0,109,pause,NA,NA,NA,NA,0.0,0,-46.52,-40.5,[],0,0,[],[]
3926450,3927250,NA,OLF,0.0,109,pause,NA,NA,NA,NA,0.0,0,-44.71,-39.56,[],0,0,[],[]
3927250,3930030,NA,NOF,0.0,109,pause,NA,NA,NA,NA,0.0,0,-46.75,-39.52,[],0,0,[],[]
3930030,3932230,NA,OLF,0.0,109,pause,NA,NA,NA,NA,0.0,0,-44.69,-40.14,[],0,0,[],[]
3932230,3935020,NA,NOF,0.0,109,pause,NA,NA,NA,NA,0.0,0,-46.03,-35.5,[],0,0,[],[]
3935020,3939670,NA,OLF,0.0,109,pause,NA,NA,NA,NA,0.0,0,-41.04,-21.94,[],0,0,[],[]
3939670,3940700,NA,NOF,0.0,109,pause,NA,NA,NA,NA,0.0,0,-43.82,-34.88,[],0,0,[],[]
3940700,3941700,NA,MAF,0.0,109,pause,NA,NA,NA,NA,0.0,0,-42.55,-35.59,[],0,0,[],[]
3941700,3950980,NA,OLF,0.0,109,pause,NA,NA,NA,NA,0.0,0,-43.98,-23.58,[],0,0,[],[]
3950980,3951980,NA,FAF,0.0,109,pause,NA,NA,NA,NA,0.0,0,-45.7,-41.37,[],0,0,[],[]
3951980,3954490,NA,OLF,0.0,109,pause,NA,NA,NA,NA,0.0,0,-46.43,-41.01,[],0,0,[],[]
3954490,3955480,NA,OLF,0.0,109,pause,NA,NA,NA,NA,0.0,0,-47.03,-40.31,[],0,0,[],[]
3955480,3957740,NA,OLF,0.0,109,pause,NA,NA,NA,NA,0.0,0,-44.97,-40.79,[],0,0,[],[]
3957740,3960630,NA,NOF,0.0,109,pause,NA,NA,NA,NA,0.0,0,-47.16,-42.17,[],0,0,[],[]
3960630,3961430,NA,FAF,0.0,109,pause,NA,NA,NA,NA,0.0,0,-44.59,-39.44,[],0,0,[],[]
3961430,3962570,NA,TVF,0.0,109,pause,NA,NA,NA,NA,0.0,0,-46.03,-41.76,[],0,0,[],[]
3962570,3963480,NA,CHF,0.0,109,pause,NA,NA,NA,NA,0.0,0,-44.51,-38.67,[],0,910,[],"[{'start': 3962.57, 'end': 3963.48}]"
3963480,3968230,NA,OLF,0.0,109,pause,NA,NA,NA,NA,0.0,0,-44.95,-39.48,[],0,0,[],[]
3968230,3969230,NA,TVF,0.0,109,pause,NA,NA,NA,NA,0.0,0,-45.83,-40.97,[],0,0,[],[]
3969230,3970770,NA,TVF,0.0,109,pause,NA,NA,NA,NA,0.0,0,-45.88,-41.21,[],0,0,[],[]
3970770,3972070,NA,NOF,0.0,109,pause,NA,NA,NA,NA,0.0,0,-47.08,-42.12,[],0,0,[],[]
3972070,3977930,NA,OLF,0.0,109,pause,NA,NA,NA,NA,0.0,0,-39.46,-24.89,[],0,0,[],[]
3977930,3978770,NA,NOF,0.0,109,pause,NA,NA,NA,NA,0.0,0,-47.07,-41.73,[],0,0,[],[]
3978770,3979830,NA,OLF,0.0,109,pause,NA,NA,NA,NA,0.0,0,-46.29,-42.71,[],0,0,[],[]
3979830,3980780,NA,NOF,0.0,109,pause,NA,NA,NA,NA,0.0,0,-38.11,-25.2,[],0,0,[],[]
3980780,3981870,FEM,FAN,3.14,109,AMF,EC,0,NT,FI,0.0,0,-29.2,-22.39,[],0,0,[],[]
3981870,3982870,NA,OLF,0.0,110,pause,NA,NA,NA,NA,0.0,0,-39.07,-29.26,[],0,0,[],[]
3982870,3983870,NA,MAF,0.0,110,pause,NA,NA,NA,NA,0.0,0,-43.81,-38.41,[],0,0,[],[]
3983870,3985890,NA,OLF,0.0,110,pause,NA,NA,NA,NA,0.0,0,-45.43,-42.15,[],0,0,[],[]
3985890,3987140,NA,FAF,0.0,110,pause,NA,NA,NA,NA,0.0,0,-45.13,-40.48,[],0,0,[],[]
3987140,3989230,NA,MAF,0.0,110,pause,NA,NA,NA,NA,0.0,0,-46.0,-40.9,[],0,0,[],[]
3989230,3994540,NA,OLF,0.0,110,pause,NA,NA,NA,NA,0.0,0,-42.12,-33.21,[],0,0,[],[]
3994540,3996010,NA,FAF,0.0,110,pause,NA,NA,NA,NA,0.0,0,-38.42,-31.89,[],0,0,[],[]
3996010,3997500,NA,NOF,0.0,110,pause,NA,NA,NA,NA,0.0,0,-44.96,-38.42,[],0,0,[],[]
3997500,3999790,NA,TVF,0.0,110,pause,NA,NA,NA,NA,0.0,0,-44.83,-38.36,[],0,0,[],[]
3999790,4001450,NA,MAF,0.0,110,pause,NA,NA,NA,NA,0.0,0,-43.81,-39.81,[],0,0,[],[]
4001450,4003120,NA,OLF,0.0,110,pause,NA,NA,NA,NA,0.0,0,-43.37,-37.73,[],0,0,[],[]
4003120,4004430,NA,NOF,0.0,110,pause,NA,NA,NA,NA,0.0,0,-45.99,-41.93,[],0,0,[],[]
4004430,4005280,NA,TVF,0.0,110,pause,NA,NA,NA,NA,0.0,0,-45.2,-41.96,[],0,0,[],[]
4005280,4006130,NA,CHF,0.0,110,pause,NA,NA,NA,NA,0.0,0,-44.19,-40.99,[],0,850,[],"[{'start': 4005.28, 'end': 4006.13}]"
4006130,4007130,NA,MAF,0.0,110,pause,NA,NA,NA,NA,0.0,0,-43.7,-38.58,[],0,0,[],[]
4007130,4008800,NA,TVF,0.0,110,pause,NA,NA,NA,NA,0.0,0,-44.32,-39.68,[],0,0,[],[]
4008800,4010870,NA,MAF,0.0,110,pause,NA,NA,NA,NA,0.0,0,-44.94,-40.32,[],0,0,[],[]
4010870,4011710,NA,NOF,0.0,110,pause,NA,NA,NA,NA,0.0,0,-47.88,-43.68,[],0,0,[],[]
4011710,4015710,NA,OLF,0.0,110,pause,NA,NA,NA,NA,0.0,0,-44.53,-40.21,[],0,0,[],[]
4015710,4016580,NA,NOF,0.0,110,pause,NA,NA,NA,NA,0.0,0,-44.93,-40.3,[],0,0,[],[]
4016580,4018070,NA,TVF,0.0,110,pause,NA,NA,NA,NA,0.0,0,-45.21,-42.29,[],0,0,[],[]
4018070,4019810,NA,SIL,0.0,110,pause,NA,NA,NA,NA,0.0,0,-49.83,-42.37,[],0,0,[],[]
4019810,4021100,NA,TVF,0.0,110,pause,NA,NA,NA,NA,0.0,0,-49.63,-44.57,[],0,0,[],[]
4021100,4021910,NA,OLF,0.0,110,pause,NA,NA,NA,NA,0.0,0,-45.75,-40.7,[],0,0,[],[]
4021910,4023610,NA,SIL,0.0,110,pause,NA,NA,NA,NA,0.0,0,-50.33,-44.12,[],0,0,[],[]
4023610,4025570,NA,OLF,0.0,110,pause,NA,NA,NA,NA,0.0,0,-47.67,-42.38,[],0,0,[],[]
4025570,4027140,NA,SIL,0.0,110,pause,NA,NA,NA,NA,0.0,0,-50.8,-48.07,[],0,0,[],[]
4027140,4034660,NA,TVN,0.0,110,pause,NA,NA,NA,NA,0.0,0,-45.46,-38.69,[],0,0,[],[]
4034660,4035630,NA,OLF,0.0,110,pause,NA,NA,NA,NA,0.0,0,-38.74,-30.38,[],0,0,[],[]
4035630,4036920,NA,TVF,0.0,110,pause,NA,NA,NA,NA,0.0,0,-46.47,-36.88,[],0,0,[],[]
4036920,4037900,NA,TVF,0.0,110,pause,NA,NA,NA,NA,0.0,0,-47.6,-42.67,[],0,0,[],[]
4037900,4041280,NA,TVF,0.0,110,pause,NA,NA,NA,NA,0.0,0,-43.55,-35.96,[],0,0,[],[]
4041280,4042200,NA,TVF,0.0,110,pause,NA,NA,NA,NA,0.0,0,-44.29,-39.25,[],0,0,[],[]
4042200,4044720,NA,TVN,0.0,110,pause,NA,NA,NA,NA,0.0,0,-43.96,-40.31,[],0,0,[],[]
4044720,4045520,NA,TVN,0.0,110,pause,NA,NA,NA,NA,0.0,0,-44.1,-40.59,[],0,0,[],[]
4045520,4046650,NA,TVN,0.0,110,pause,NA,NA,NA,NA,0.0,0,-46.4,-43.28,[],0,0,[],[]
4046650,4047700,NA,TVN,0.0,110,pause,NA,NA,NA,NA,0.0,0,-46.77,-41.53,[],0,0,[],[]
4047700,4048570,NA,TVF,0.0,110,pause,NA,NA,NA,NA,0.0,0,-46.53,-43.95,[],0,0,[],[]
4048570,4049380,NA,SIL,0.0,110,pause,NA,NA,NA,NA,0.0,0,-49.94,-45.63,[],0,0,[],[]
4049380,4050870,NA,MAF,0.0,110,pause,NA,NA,NA,NA,0.0,0,-41.53,-32.48,[],0,0,[],[]
4050870,4052190,NA,TVF,0.0,110,pause,NA,NA,NA,NA,0.0,0,-44.89,-34.12,[],0,0,[],[]
4052190,4054120,NA,TVF,0.0,110,pause,NA,NA,NA,NA,0.0,0,-45.07,-40.09,[],0,0,[],[]
4054120,4054920,NA,SIL,0.0,110,pause,NA,NA,NA,NA,0.0,0,-47.06,-41.58,[],0,0,[],[]
4054920,4057160,NA,TVN,0.0,110,pause,NA,NA,NA,NA,0.0,0,-45.96,-40.74,[],0,0,[],[]
4057160,4058430,NA,NOF,0.0,110,pause,NA,NA,NA,NA,0.0,0,-35.64,-17.14,[],0,0,[],[]
4058430,4061800,NA,TVF,0.0,110,pause,NA,NA,NA,NA,0.0,0,-41.09,-21.89,[],0,0,[],[]
4061800,4068440,NA,TVN,0.0,110,pause,NA,NA,NA,NA,0.0,0,-45.54,-40.97,[],0,0,[],[]
4068440,4072580,NA,OLF,0.0,110,pause,NA,NA,NA,NA,0.0,0,-24.84,-4.59,[],0,0,[],[]
4072580,4073620,NA,OLF,0.0,110,pause,NA,NA,NA,NA,0.0,0,-21.78,-7.19,[],0,0,[],[]
4073620,4074900,NA,OLF,0.0,110,pause,NA,NA,NA,NA,0.0,0,-17.31,-3.62,[],0,0,[],[]
4074900,4076770,NA,NOF,0.0,110,pause,NA,NA,NA,NA,0.0,0,-28.32,-11.41,[],0,0,[],[]
4076770,4078370,NA,OLF,0.0,110,pause,NA,NA,NA,NA,0.0,0,-35.99,-17.59,[],0,0,[],[]
4078370,4079380,NA,NOF,0.0,110,pause,NA,NA,NA,NA,0.0,0,-25.74,-8.54,[],0,0,[],[]
4079380,4082900,NA,OLN,0.0,110,pause,NA,NA,NA,NA,0.0,0,-30.13,-6.31,[],0,0,[],[]
4082900,4083930,NA,TVF,0.0,110,pause,NA,NA,NA,NA,0.0,0,-38.94,-35.0,[],0,0,[],[]
4083930,4087170,NA,OLN,0.0,110,pause,NA,NA,NA,NA,0.0,0,-36.15,-27.27,[],0,0,[],[]
4087170,4088310,NA,TVF,0.0,110,pause,NA,NA,NA,NA,0.0,0,-34.64,-21.06,[],0,0,[],[]
4088310,4092810,NA,OLF,0.0,110,pause,NA,NA,NA,NA,0.0,0,-35.6,-14.08,[],0,0,[],[]
4092810,4093700,NA,NOF,0.0,110,pause,NA,NA,NA,NA,0.0,0,-38.23,-21.5,[],0,0,[],[]
4093700,4094520,NA,SIL,0.0,110,pause,NA,NA,NA,NA,0.0,0,-47.16,-42.1,[],0,0,[],[]
4094520,4095880,NA,NOF,0.0,110,pause,NA,NA,NA,NA,0.0,0,-40.88,-29.72,[],0,0,[],[]
4095880,4096760,NA,OLN,0.0,110,pause,NA,NA,NA,NA,0.0,0,-37.74,-24.44,[],0,0,[],[]
4096760,4099580,NA,NOF,0.0,110,pause,NA,NA,NA,NA,0.0,0,-20.92,-4.33,[],0,0,[],[]
4099580,4103940,NA,OLF,0.0,110,pause,NA,NA,NA,NA,0.0,0,-24.14,-5.39,[],0,0,[],[]
4103940,4104550,NA,CHF,0.0,110,pause,NA,NA,NA,NA,0.0,0,-18.25,-4.6,[],0,190,[],"[{'start': 4104.36, 'end': 4104.55}]"
4104550,4106560,NA,OLF,0.0,110,pause,NA,NA,NA,NA,0.0,0,-26.35,-4.58,[],0,0,[],[]
4106560,4107360,NA,NOF,0.0,110,pause,NA,NA,NA,NA,0.0,0,-34.66,-19.01,[],0,0,[],[]
4107360,4108160,NA,OLN,0.0,110,pause,NA,NA,NA,NA,0.0,0,-39.12,-34.57,[],0,0,[],[]
4108160,4109160,NA,FAF,0.0,110,pause,NA,NA,NA,NA,0.0,0,-38.43,-33.27,[],0,0,[],[]
4109160,4113750,NA,OLF,0.0,110,pause,NA,NA,NA,NA,0.0,0,-29.75,-7.7,[],0,0,[],[]
4113750,4114790,NA,MAF,0.0,110,pause,NA,NA,NA,NA,0.0,0,-39.83,-33.84,[],0,0,[],[]
4114790,4117460,NA,OLN,0.0,110,pause,NA,NA,NA,NA,0.0,0,-36.42,-21.78,[],0,0,[],[]
4117460,4118370,NA,NOF,0.0,110,pause,NA,NA,NA,NA,0.0,0,-39.59,-27.48,[],0,0,[],[]
4118370,4119580,FEM,FAN,7.38,110,AMF,EC,0,NT,FI,0.0,0,-36.22,-21.4,[],0,0,[],[]
4119580,4121730,NA,OLN,0.0,111,pause,NA,NA,NA,NA,0.0,0,-20.69,-4.93,[],0,0,[],[]
4121730,4123380,NA,NOF,0.0,111,pause,NA,NA,NA,NA,0.0,0,-29.41,-15.81,[],0,0,[],[]
4123380,4124420,NA,OLF,0.0,111,pause,NA,NA,NA,NA,0.0,0,-25.33,-5.77,[],0,0,[],[]
4124420,4125470,NA,FAF,0.0,111,pause,NA,NA,NA,NA,0.0,0,-41.74,-35.12,[],0,0,[],[]
4125470,4127890,NA,NOF,0.0,111,pause,NA,NA,NA,NA,0.0,0,-45.92,-38.23,[],0,0,[],[]
4127890,4128890,NA,TVF,0.0,111,pause,NA,NA,NA,NA,0.0,0,-44.77,-41.29,[],0,0,[],[]
4128890,4134010,NA,NOF,0.0,111,pause,NA,NA,NA,NA,0.0,0,-46.19,-38.51,[],0,0,[],[]
4134010,4134820,NA,TVF,0.0,111,pause,NA,NA,NA,NA,0.0,0,-44.7,-37.29,[],0,0,[],[]
4134820,4149080,NA,NOF,0.0,111,pause,NA,NA,NA,NA,0.0,0,-46.41,-36.74,[],0,0,[],[]
4149080,4150090,NA,OLF,0.0,111,pause,NA,NA,NA,NA,0.0,0,-27.22,-9.18,[],0,0,[],[]
4150090,4151800,NA,NOF,0.0,111,pause,NA,NA,NA,NA,0.0,0,-38.34,-27.6,[],0,0,[],[]
4151800,4152790,NA,OLF,0.0,111,pause,NA,NA,NA,NA,0.0,0,-21.73,-7.06,[],0,0,[],[]
4152790,4153800,NA,NOF,0.0,111,pause,NA,NA,NA,NA,0.0,0,-33.41,-17.09,[],0,0,[],[]
4153800,4155840,NA,OLF,0.0,111,pause,NA,NA,NA,NA,0.0,0,-32.7,-18.66,[],0,0,[],[]
4155840,4156650,NA,NOF,0.0,111,pause,NA,NA,NA,NA,0.0,0,-37.2,-25.46,[],0,0,[],[]
4156650,4157650,NA,TVF,0.0,111,pause,NA,NA,NA,NA,0.0,0,-42.4,-37.82,[],0,0,[],[]
4157650,4158510,NA,NOF,0.0,111,pause,NA,NA,NA,NA,0.0,0,-45.0,-40.62,[],0,0,[],[]
4158510,4159320,NA,TVF,0.0,111,pause,NA,NA,NA,NA,0.0,0,-42.74,-38.45,[],0,0,[],[]
4159320,4160190,NA,NOF,0.0,111,pause,NA,NA,NA,NA,0.0,0,-42.07,-37.88,[],0,0,[],[]
4160190,4161380,NA,OLN,0.0,111,pause,NA,NA,NA,NA,0.0,0,-41.16,-27.94,[],0,0,[],[]
4161380,4162570,NA,TVF,0.0,111,pause,NA,NA,NA,NA,0.0,0,-42.59,-27.6,[],0,0,[],[]
4162570,4164140,NA,OLF,0.0,111,pause,NA,NA,NA,NA,0.0,0,-29.11,-12.41,[],0,0,[],[]
4164140,4164960,NA,NOF,0.0,111,pause,NA,NA,NA,NA,0.0,0,-23.34,-9.59,[],0,0,[],[]
4164960,4169330,NA,OLF,0.0,111,pause,NA,NA,NA,NA,0.0,0,-27.68,-7.2,[],0,0,[],[]
4169330,4170890,NA,NOF,0.0,111,pause,NA,NA,NA,NA,0.0,0,-27.76,-8.83,[],0,0,[],[]
4170890,4171760,NA,OLN,0.0,111,pause,NA,NA,NA,NA,0.0,0,-21.81,-5.49,[],0,0,[],[]
4171760,4172920,FEM,FAN,7.22,111,AMF,BC,0,NT,FI,0.0,0,-26.82,-18.09,[],0,0,[],[]
4172920,4175030,NA,TVF,0.0,111,AMF,NA,NA,NA,NA,0.0,0,-37.0,-22.96,[],0,0,[],[]
4175030,4176030,FEM,FAN,5.84,111,AMF,EC,0,NT,FH,0.0,0,-29.19,-21.08,[],0,0,[],[]
4176030,4176960,NA,OLF,0.0,112,pause,NA,NA,NA,NA,0.0,0,-26.22,-11.02,[],0,0,[],[]
4176960,4177830,NA,NOF,0.0,112,pause,NA,NA,NA,NA,0.0,0,-36.03,-18.41,[],0,0,[],[]
4177830,4181060,NA,OLN,0.0,112,pause,NA,NA,NA,NA,0.0,0,-24.72,-4.94,[],0,0,[],[]
4181060,4183460,NA,OLF,0.0,112,pause,NA,NA,NA,NA,0.0,0,-43.17,-26.72,[],0,0,[],[]
4183460,4184670,FEM,FAN,8.41,112,AMF,EC,0,NT,FI,0.0,0,-21.03,-6.73,[],0,0,[],[]
4184670,4186470,NA,NOF,0.0,113,pause,NA,NA,NA,NA,0.0,0,-41.42,-33.77,[],0,0,[],[]
4186470,4187940,NA,OLN,0.0,113,pause,NA,NA,NA,NA,0.0,0,-18.89,-5.58,[],0,0,[],[]
4187940,4188880,NA,NOF,0.0,113,pause,NA,NA,NA,NA,0.0,0,-38.23,-30.59,[],0,0,[],[]
4188880,4190380,NA,OLN,0.0,113,pause,NA,NA,NA,NA,0.0,0,-19.05,-5.47,[],0,0,[],[]
4190380,4192620,NA,NOF,0.0,113,pause,NA,NA,NA,NA,0.0,0,-44.08,-33.96,[],0,0,[],[]
4192620,4193620,NA,FAF,0.0,113,pause,NA,NA,NA,NA,0.0,0,-44.4,-38.92,[],0,0,[],[]
4193620,4194420,NA,NOF,0.0,113,pause,NA,NA,NA,NA,0.0,0,-43.36,-39.42,[],0,0,[],[]
4194420,4195220,NA,OLN,0.0,113,pause,NA,NA,NA,NA,0.0,0,-44.28,-40.56,[],0,0,[],[]
4195220,4197070,NA,FAF,0.0,113,pause,NA,NA,NA,NA,0.0,0,-46.18,-42.22,[],0,0,[],[]
4197070,4198230,NA,TVF,0.0,113,pause,NA,NA,NA,NA,0.0,0,-44.13,-39.87,[],0,0,[],[]
4198230,4199230,NA,TVF,0.0,113,pause,NA,NA,NA,NA,0.0,0,-44.43,-38.74,[],0,0,[],[]
4199230,4202920,NA,NOF,0.0,113,pause,NA,NA,NA,NA,0.0,0,-38.0,-17.5,[],0,0,[],[]
4202920,4203720,NA,OLF,0.0,113,pause,NA,NA,NA,NA,0.0,0,-38.14,-32.08,[],0,0,[],[]
4203720,4206560,NA,NOF,0.0,113,pause,NA,NA,NA,NA,0.0,0,-44.32,-34.05,[],0,0,[],[]
4206560,4208990,NA,SIL,0.0,113,pause,NA,NA,NA,NA,0.0,0,-48.22,-44.09,[],0,0,[],[]
4208990,4212960,NA,NOF,0.0,113,pause,NA,NA,NA,NA,0.0,0,-29.36,-8.18,[],0,0,[],[]
4212960,4214980,NA,TVF,0.0,113,pause,NA,NA,NA,NA,0.0,0,-46.8,-41.31,[],0,0,[],[]
4214980,4215850,NA,TVF,0.0,113,pause,NA,NA,NA,NA,0.0,0,-44.7,-40.63,[],0,0,[],[]
4215850,4217190,NA,TVF,0.0,113,pause,NA,NA,NA,NA,0.0,0,-46.19,-41.73,[],0,0,[],[]
4217190,4218300,NA,NOF,0.0,113,pause,NA,NA,NA,NA,0.0,0,-35.46,-17.65,[],0,0,[],[]
4218300,4219170,NA,OLF,0.0,113,pause,NA,NA,NA,NA,0.0,0,-42.66,-35.74,[],0,0,[],[]
4219170,4220510,NA,TVF,0.0,113,pause,NA,NA,NA,NA,0.0,0,-41.42,-33.66,[],0,0,[],[]
4220510,4221340,NA,TVF,0.0,113,pause,NA,NA,NA,NA,0.0,0,-42.37,-37.61,[],0,0,[],[]
4221340,4223800,NA,TVF,0.0,113,pause,NA,NA,NA,NA,0.0,0,-42.23,-36.04,[],0,0,[],[]
4223800,4224630,NA,OLF,0.0,113,pause,NA,NA,NA,NA,0.0,0,-40.77,-34.0,[],0,0,[],[]
4224630,4225740,MAL,MAN,1.4,113,AMM,EC,0,NT,FI,0.0,0,-36.2,-26.79,[],0,0,[],[]
4225740,4226740,NA,TVF,0.0,114,pause,NA,NA,NA,NA,0.0,0,-41.88,-38.26,[],0,0,[],[]
4226740,4228620,NA,OLF,0.0,114,pause,NA,NA,NA,NA,0.0,0,-40.88,-33.67,[],0,0,[],[]
4228620,4229740,NA,TVN,0.0,114,pause,NA,NA,NA,NA,0.0,0,-37.56,-30.68,[],0,0,[],[]
4229740,4232680,NA,OLF,0.0,114,pause,NA,NA,NA,NA,0.0,0,-38.82,-33.8,[],0,0,[],[]
4232680,4233560,NA,NOF,0.0,114,pause,NA,NA,NA,NA,0.0,0,-24.4,-9.06,[],0,0,[],[]
4233560,4234360,NA,OLF,0.0,114,pause,NA,NA,NA,NA,0.0,0,-19.25,-4.34,[],0,0,[],[]
4234360,4235650,NA,NOF,0.0,114,pause,NA,NA,NA,NA,0.0,0,-27.31,-10.5,[],0,0,[],[]
4235650,4240850,NA,OLF,0.0,114,pause,NA,NA,NA,NA,0.0,0,-42.25,-35.77,[],0,0,[],[]
4240850,4241890,NA,MAF,0.0,114,pause,NA,NA,NA,NA,0.0,0,-42.2,-36.23,[],0,0,[],[]
4241890,4242890,NA,TVN,0.0,114,pause,NA,NA,NA,NA,0.0,0,-40.11,-36.8,[],0,0,[],[]
4242890,4247840,NA,OLN,0.0,114,pause,NA,NA,NA,NA,0.0,0,-28.89,-10.42,[],0,0,[],[]
4247840,4248560,CHI,CHN,0.0,114,pause,NA,NA,NA,NA,0.0,0,-28.33,-16.87,[],0,720,[],"[{'start': 4247.84, 'end': 4248.56}]"
4248560,4251830,NA,OLN,0.0,114,pause,NA,NA,NA,NA,0.0,0,-31.51,-21.55,[],0,0,[],[]
4251830,4252830,FEM,FAN,1.41,114,AMF,EC,0,NT,FI,0.0,0,-32.34,-21.99,[],0,0,[],[]
4252830,4253990,NA,OLN,0.0,115,pause,NA,NA,NA,NA,0.0,0,-30.07,-25.49,[],0,0,[],[]
4253990,4254590,CHI,CHN,0.0,115,pause,NA,NA,NA,NA,0.0,0,-31.38,-24.12,[],0,600,[],"[{'start': 4253.99, 'end': 4254.59}]"
4254590,4258480,NA,OLN,0.0,115,pause,NA,NA,NA,NA,0.0,0,-35.07,-17.12,[],0,0,[],[]
4258480,4259300,NA,NON,0.0,115,pause,NA,NA,NA,NA,0.0,0,-21.69,-4.5,[],0,0,[],[]
4259300,4261240,NA,OLF,0.0,115,pause,NA,NA,NA,NA,0.0,0,-25.37,-4.5,[],0,0,[],[]
4261240,4263250,NA,NOF,0.0,115,pause,NA,NA,NA,NA,0.0,0,-42.42,-35.85,[],0,0,[],[]
4263250,4264140,NA,OLF,0.0,115,pause,NA,NA,NA,NA,0.0,0,-39.02,-26.98,[],0,0,[],[]
4264140,4265190,NA,OLF,0.0,115,pause,NA,NA,NA,NA,0.0,0,-43.13,-38.48,[],0,0,[],[]
4265190,4266390,NA,TVF,0.0,115,pause,NA,NA,NA,NA,0.0,0,-41.48,-36.68,[],0,0,[],[]
4266390,4267450,NA,NOF,0.0,115,pause,NA,NA,NA,NA,0.0,0,-43.51,-39.56,[],0,0,[],[]
4267450,4269170,NA,OLF,0.0,115,pause,NA,NA,NA,NA,0.0,0,-34.28,-19.11,[],0,0,[],[]
4269170,4270020,NA,NOF,0.0,115,pause,NA,NA,NA,NA,0.0,0,-31.16,-14.71,[],0,0,[],[]
4270020,4271520,NA,TVF,0.0,115,pause,NA,NA,NA,NA,0.0,0,-42.73,-35.98,[],0,0,[],[]
4271520,4272430,NA,NOF,0.0,115,pause,NA,NA,NA,NA,0.0,0,-42.53,-36.71,[],0,0,[],[]
4272430,4273860,NA,OLF,0.0,115,pause,NA,NA,NA,NA,0.0,0,-40.72,-36.0,[],0,0,[],[]
4273860,4274660,NA,NOF,0.0,115,pause,NA,NA,NA,NA,0.0,0,-42.76,-38.77,[],0,0,[],[]
4274660,4276840,NA,OLF,0.0,115,pause,NA,NA,NA,NA,0.0,0,-40.7,-34.58,[],0,0,[],[]
4276840,4278570,NA,TVF,0.0,115,pause,NA,NA,NA,NA,0.0,0,-40.85,-35.0,[],0,0,[],[]
4278570,4283650,NA,OLF,0.0,115,pause,NA,NA,NA,NA,0.0,0,-35.6,-19.05,[],0,0,[],[]
4283650,4285270,NA,TVN,0.0,115,pause,NA,NA,NA,NA,0.0,0,-37.89,-28.69,[],0,0,[],[]
4285270,4287760,NA,OLF,0.0,115,pause,NA,NA,NA,NA,0.0,0,-36.31,-26.68,[],0,0,[],[]
4287760,4288570,NA,NON,0.0,115,pause,NA,NA,NA,NA,0.0,0,-35.73,-21.93,[],0,0,[],[]
4288570,4291900,NA,OLN,0.0,115,pause,NA,NA,NA,NA,0.0,0,-27.42,-7.27,[],0,0,[],[]
4291900,4292910,FEM,FAN,4.1,115,AMF,BC,0,NT,FI,0.0,0,-24.34,-7.46,[],0,0,[],[]
4292910,4294140,NA,OLN,0.0,115,AMF,NA,NA,NA,NA,0.0,0,-32.16,-19.1,[],0,0,[],[]
4294140,4295140,FEM,FAN,1.96,115,AMF,EC,0,NT,FH,0.0,0,-32.38,-18.02,[],0,0,[],[]
4295140,4298310,NA,NOF,0.0,116,pause,NA,NA,NA,NA,0.0,0,-47.11,-35.69,[],0,0,[],[]
4298310,4299480,NA,SIL,0.0,116,pause,NA,NA,NA,NA,0.0,0,-49.2,-40.0,[],0,0,[],[]
4299480,4300530,NA,NOF,0.0,116,pause,NA,NA,NA,NA,0.0,0,-49.76,-45.63,[],0,0,[],[]
4300530,4301570,FEM,FAN,0.0,116,pause,NA,NA,NA,NA,0.0,0,-38.62,-27.77,[],1040,0,[],[]
4301570,4302590,NA,SIL,0.0,116,pause,NA,NA,NA,NA,0.0,0,-50.6,-46.99,[],0,0,[],[]
4302590,4303610,FEM,FAN,0.0,116,pause,NA,NA,NA,NA,0.0,0,-38.78,-32.74,[],1020,0,[],[]
4303610,4305070,NA,NOF,0.0,116,pause,NA,NA,NA,NA,0.0,0,-49.17,-42.12,[],0,0,[],[]
4305070,4305870,NA,SIL,0.0,116,pause,NA,NA,NA,NA,0.0,0,-49.1,-44.75,[],0,0,[],[]
4305870,4307460,NA,TVF,0.0,116,pause,NA,NA,NA,NA,0.0,0,-44.51,-32.25,[],0,0,[],[]
4307460,4308260,NA,SIL,0.0,116,pause,NA,NA,NA,NA,0.0,0,-49.03,-38.98,[],0,0,[],[]
4308260,4310310,NA,NOF,0.0,116,pause,NA,NA,NA,NA,0.0,0,-35.34,-18.46,[],0,0,[],[]
4310310,4311110,NA,SIL,0.0,116,pause,NA,NA,NA,NA,0.0,0,-47.93,-44.58,[],0,0,[],[]
4311110,4311910,NA,OLF,0.0,116,pause,NA,NA,NA,NA,0.0,0,-25.36,-11.04,[],0,0,[],[]
4311910,4315060,NA,NOF,0.0,116,pause,NA,NA,NA,NA,0.0,0,-40.19,-20.95,[],0,0,[],[]
4315060,4317780,FEM,FAN,8.93,116,AMF,EC,0,NT,FI,0.0,0,-30.15,-20.52,[],0,0,[],[]
4317780,4319460,NA,NOF,0.0,117,pause,NA,NA,NA,NA,0.0,0,-46.77,-31.91,[],0,0,[],[]
4319460,4320260,NA,OLF,0.0,117,pause,NA,NA,NA,NA,0.0,0,-29.81,-16.82,[],0,0,[],[]
4320260,4321420,NA,SIL,0.0,117,pause,NA,NA,NA,NA,0.0,0,-46.69,-35.81,[],0,0,[],[]
4321420,4322690,NA,TVF,0.0,117,pause,NA,NA,NA,NA,0.0,0,-32.08,-14.04,[],0,0,[],[]
4322690,4323750,NA,TVN,0.0,117,pause,NA,NA,NA,NA,0.0,0,-33.86,-23.07,[],0,0,[],[]
4323750,4324710,NA,OLN,0.0,117,pause,NA,NA,NA,NA,0.0,0,-17.61,-4.1,[],0,0,[],[]
4324710,4325590,NA,TVF,0.0,117,pause,NA,NA,NA,NA,0.0,0,-44.33,-38.45,[],0,0,[],[]
4325590,4328290,NA,TVF,0.0,117,pause,NA,NA,NA,NA,0.0,0,-45.4,-33.2,[],0,0,[],[]
4328290,4331980,NA,SIL,0.0,117,pause,NA,NA,NA,NA,0.0,0,-47.47,-37.1,[],0,0,[],[]
4331980,4333840,NA,NOF,0.0,117,pause,NA,NA,NA,NA,0.0,0,-25.59,-9.45,[],0,0,[],[]
4333840,4334710,NA,OLN,0.0,117,pause,NA,NA,NA,NA,0.0,0,-27.62,-21.08,[],0,0,[],[]
4334710,4335850,NA,TVF,0.0,117,pause,NA,NA,NA,NA,0.0,0,-41.56,-29.75,[],0,0,[],[]
4335850,4336720,NA,TVN,0.0,117,pause,NA,NA,NA,NA,0.0,0,-38.71,-31.71,[],0,0,[],[]
4336720,4338080,NA,TVN,0.0,117,pause,NA,NA,NA,NA,0.0,0,-39.12,-33.44,[],0,0,[],[]
4338080,4340260,NA,TVN,0.0,117,pause,NA,NA,NA,NA,0.0,0,-37.72,-30.75,[],0,0,[],[]
4340260,4341710,NA,TVN,0.0,117,pause,NA,NA,NA,NA,0.0,0,-39.5,-33.14,[],0,0,[],[]
4341710,4342800,NA,TVF,0.0,117,pause,NA,NA,NA,NA,0.0,0,-42.28,-37.17,[],0,0,[],[]
4342800,4343710,NA,TVF,0.0,117,pause,NA,NA,NA,NA,0.0,0,-38.53,-26.04,[],0,0,[],[]
4343710,4345000,NA,TVN,0.0,117,pause,NA,NA,NA,NA,0.0,0,-40.39,-22.89,[],0,0,[],[]
4345000,4347270,NA,TVN,0.0,117,pause,NA,NA,NA,NA,0.0,0,-33.4,-20.86,[],0,0,[],[]
4347270,4348270,NA,TVN,0.0,117,pause,NA,NA,NA,NA,0.0,0,-40.06,-33.56,[],0,0,[],[]
4348270,4351470,NA,TVN,0.0,117,pause,NA,NA,NA,NA,0.0,0,-39.33,-28.89,[],0,0,[],[]
4351470,4352270,NA,TVN,0.0,117,pause,NA,NA,NA,NA,0.0,0,-36.67,-27.71,[],0,0,[],[]
4352270,4353270,NA,TVN,0.0,117,pause,NA,NA,NA,NA,0.0,0,-40.02,-34.16,[],0,0,[],[]
4353270,4354170,NA,TVN,0.0,117,pause,NA,NA,NA,NA,0.0,0,-40.4,-35.82,[],0,0,[],[]
4354170,4355250,NA,TVN,0.0,117,pause,NA,NA,NA,NA,0.0,0,-42.7,-36.85,[],0,0,[],[]
4355250,4359560,NA,TVN,0.0,117,pause,NA,NA,NA,NA,0.0,0,-39.15,-30.53,[],0,0,[],[]
4359560,4360560,NA,TVN,0.0,117,pause,NA,NA,NA,NA,0.0,0,-39.17,-30.88,[],0,0,[],[]
4360560,4362180,NA,TVN,0.0,117,pause,NA,NA,NA,NA,0.0,0,-39.01,-33.57,[],0,0,[],[]
4362180,4363260,NA,TVN,0.0,117,pause,NA,NA,NA,NA,0.0,0,-43.39,-36.0,[],0,0,[],[]
4363260,4364760,NA,TVN,0.0,117,pause,NA,NA,NA,NA,0.0,0,-40.01,-26.56,[],0,0,[],[]
4364760,4365760,NA,TVN,0.0,117,pause,NA,NA,NA,NA,0.0,0,-42.45,-35.26,[],0,0,[],[]
4365760,4367690,NA,TVN,0.0,117,pause,NA,NA,NA,NA,0.0,0,-30.56,-20.02,[],0,0,[],[]
4367690,4369100,NA,TVN,0.0,117,pause,NA,NA,NA,NA,0.0,0,-34.39,-28.19,[],0,0,[],[]
4369100,4375330,NA,TVN,0.0,117,pause,NA,NA,NA,NA,0.0,0,-31.65,-14.18,[],0,0,[],[]
4375330,4376720,NA,TVN,0.0,117,pause,NA,NA,NA,NA,0.0,0,-38.86,-33.51,[],0,0,[],[]
4376720,4377520,NA,TVN,0.0,117,pause,NA,NA,NA,NA,0.0,0,-34.04,-24.22,[],0,0,[],[]
4377520,4379040,NA,TVN,0.0,117,pause,NA,NA,NA,NA,0.0,0,-40.09,-35.16,[],0,0,[],[]
4379040,4380120,NA,TVN,0.0,117,pause,NA,NA,NA,NA,0.0,0,-36.64,-25.4,[],0,0,[],[]
4380120,4380920,NA,TVN,0.0,117,pause,NA,NA,NA,NA,0.0,0,-38.86,-30.76,[],0,0,[],[]
4380920,4381730,NA,TVF,0.0,117,pause,NA,NA,NA,NA,0.0,0,-15.47,-3.72,[],0,0,[],[]
4381730,4383060,NA,TVN,0.0,117,pause,NA,NA,NA,NA,0.0,0,-32.63,-21.22,[],0,0,[],[]
4383060,4384150,NA,TVN,0.0,117,pause,NA,NA,NA,NA,0.0,0,-34.76,-30.58,[],0,0,[],[]
4384150,4384950,NA,TVN,0.0,117,pause,NA,NA,NA,NA,0.0,0,-36.56,-32.47,[],0,0,[],[]
4384950,4386160,NA,TVN,0.0,117,pause,NA,NA,NA,NA,0.0,0,-35.54,-33.84,[],0,0,[],[]
4386160,4390740,NA,TVN,0.0,117,pause,NA,NA,NA,NA,0.0,0,-30.9,-12.42,[],0,0,[],[]
4390740,4391770,NA,TVN,0.0,117,pause,NA,NA,NA,NA,0.0,0,-25.96,-9.48,[],0,0,[],[]
4391770,4400340,NA,TVN,0.0,117,pause,NA,NA,NA,NA,0.0,0,-29.04,-5.47,[],0,0,[],[]
4400340,4401710,NA,TVN,0.0,117,pause,NA,NA,NA,NA,0.0,0,-31.96,-13.58,[],0,0,[],[]
4401710,4402510,NA,TVN,0.0,117,pause,NA,NA,NA,NA,0.0,0,-24.42,-13.26,[],0,0,[],[]
4402510,4403580,NA,TVN,0.0,117,pause,NA,NA,NA,NA,0.0,0,-34.59,-30.2,[],0,0,[],[]
4403580,4404460,NA,TVN,0.0,117,pause,NA,NA,NA,NA,0.0,0,-33.39,-24.24,[],0,0,[],[]
4404460,4406230,NA,TVN,0.0,117,pause,NA,NA,NA,NA,0.0,0,-43.46,-31.3,[],0,0,[],[]
4406230,4407260,NA,TVN,0.0,117,pause,NA,NA,NA,NA,0.0,0,-44.68,-38.09,[],0,0,[],[]
4407260,4408630,NA,TVF,0.0,117,pause,NA,NA,NA,NA,0.0,0,-37.93,-22.37,[],0,0,[],[]
4408630,4410380,NA,TVN,0.0,117,pause,NA,NA,NA,NA,0.0,0,-31.98,-20.66,[],0,0,[],[]
4410380,4411430,NA,TVN,0.0,117,pause,NA,NA,NA,NA,0.0,0,-37.64,-31.57,[],0,0,[],[]
4411430,4412140,FEM,FAN,5.75,117,AMF,EC,0,NT,FI,0.0,0,-30.44,-22.34,[],0,0,[],[]
4412140,4413210,NA,TVN,0.0,118,pause,NA,NA,NA,NA,0.0,0,-38.84,-31.23,[],0,0,[],[]
4413210,4414010,NA,TVN,0.0,118,pause,NA,NA,NA,NA,0.0,0,-34.88,-29.69,[],0,0,[],[]
4414010,4415380,NA,TVN,0.0,118,pause,NA,NA,NA,NA,0.0,0,-29.96,-26.02,[],0,0,[],[]
4415380,4417040,NA,TVN,0.0,118,pause,NA,NA,NA,NA,0.0,0,-26.38,-15.19,[],0,0,[],[]
4417040,4418570,NA,TVN,0.0,118,pause,NA,NA,NA,NA,0.0,0,-33.46,-27.12,[],0,0,[],[]
4418570,4419370,NA,TVN,0.0,118,pause,NA,NA,NA,NA,0.0,0,-27.49,-14.93,[],0,0,[],[]
4419370,4422720,NA,TVN,0.0,118,pause,NA,NA,NA,NA,0.0,0,-33.55,-20.92,[],0,0,[],[]
4422720,4425040,NA,TVN,0.0,118,pause,NA,NA,NA,NA,0.0,0,-25.85,-9.08,[],0,0,[],[]
4425040,4428280,NA,TVN,0.0,118,pause,NA,NA,NA,NA,0.0,0,-33.64,-26.61,[],0,0,[],[]
4428280,4429170,NA,TVN,0.0,118,pause,NA,NA,NA,NA,0.0,0,-36.24,-31.46,[],0,0,[],[]
4429170,4430980,NA,TVN,0.0,118,pause,NA,NA,NA,NA,0.0,0,-32.28,-21.23,[],0,0,[],[]
4430980,4431790,NA,TVN,0.0,118,pause,NA,NA,NA,NA,0.0,0,-28.67,-15.7,[],0,0,[],[]
4431790,4432790,NA,TVN,0.0,118,pause,NA,NA,NA,NA,0.0,0,-36.79,-32.52,[],0,0,[],[]
4432790,4438240,NA,TVN,0.0,118,pause,NA,NA,NA,NA,0.0,0,-32.03,-13.88,[],0,0,[],[]
4438240,4440250,NA,TVF,0.0,118,pause,NA,NA,NA,NA,0.0,0,-40.68,-26.47,[],0,0,[],[]
4440250,4442070,NA,TVF,0.0,118,pause,NA,NA,NA,NA,0.0,0,-36.0,-21.72,[],0,0,[],[]
4442070,4443070,NA,TVN,0.0,118,pause,NA,NA,NA,NA,0.0,0,-41.83,-36.76,[],0,0,[],[]
4443070,4444070,NA,TVN,0.0,118,pause,NA,NA,NA,NA,0.0,0,-37.03,-30.02,[],0,0,[],[]
4444070,4447310,NA,TVN,0.0,118,pause,NA,NA,NA,NA,0.0,0,-36.94,-24.39,[],0,0,[],[]
4447310,4448320,MAL,MAN,5.09,118,AMM,EC,0,NT,FI,0.0,0,-24.5,-17.83,[],0,0,[],[]
4448320,4450880,NA,TVN,0.0,119,pause,NA,NA,NA,NA,0.0,0,-31.05,-22.47,[],0,0,[],[]
4450880,4452410,NA,TVN,0.0,119,pause,NA,NA,NA,NA,0.0,0,-38.32,-35.37,[],0,0,[],[]
4452410,4453450,NA,TVN,0.0,119,pause,NA,NA,NA,NA,0.0,0,-33.41,-22.29,[],0,0,[],[]
4453450,4454830,CHI,CHN,0.0,119,CM,EC,0,NT,FI,1.0,1380,-16.2,-12.41,"[{'Canonical-syllable': '0', 'Growl': '0', 'High-freq-energy': '0', 'Long-island': '0', 'Low-tilt-spectrum': '0', 'Medium-island': '0', 'Short-island': '0', 'Squeal': '0', 'Typical-entropy': '0', 'Voicing-quality': '1', 'Wide-band': '0', 'Xlong-island': '1', 'seq': '1', 'end': 4454.83, 'start': 4453.45}]",0,0,[],[]
4454830,4463150,NA,TVN,0.0,120,pause,NA,NA,NA,NA,0.0,0,-30.72,-15.78,[],0,0,[],[]
4463150,4463950,NA,TVN,0.0,120,pause,NA,NA,NA,NA,0.0,0,-38.45,-34.27,[],0,0,[],[]
4463950,4467730,NA,TVN,0.0,120,pause,NA,NA,NA,NA,0.0,0,-40.09,-27.45,[],0,0,[],[]
4467730,4470450,NA,OLF,0.0,120,pause,NA,NA,NA,NA,0.0,0,-39.34,-24.7,[],0,0,[],[]
4470450,4471390,NA,TVN,0.0,120,pause,NA,NA,NA,NA,0.0,0,-38.93,-31.22,[],0,0,[],[]
4471390,4472430,FEM,FAN,6.04,120,AMF,EC,0,NT,FI,0.0,0,-39.08,-26.23,[],0,0,[],[]
4472430,4473440,NA,TVN,0.0,121,pause,NA,NA,NA,NA,0.0,0,-42.6,-36.78,[],0,0,[],[]
4473440,4474240,NA,TVF,0.0,121,pause,NA,NA,NA,NA,0.0,0,-41.02,-33.32,[],0,0,[],[]
4474240,4475520,NA,TVN,0.0,121,pause,NA,NA,NA,NA,0.0,0,-37.63,-29.44,[],0,0,[],[]
4475520,4476590,NA,TVN,0.0,121,pause,NA,NA,NA,NA,0.0,0,-36.88,-29.31,[],0,0,[],[]
4476590,4477690,NA,TVN,0.0,121,pause,NA,NA,NA,NA,0.0,0,-34.2,-24.09,[],0,0,[],[]
4477690,4479140,NA,TVN,0.0,121,pause,NA,NA,NA,NA,0.0,0,-36.4,-26.66,[],0,0,[],[]
4479140,4480190,NA,TVN,0.0,121,pause,NA,NA,NA,NA,0.0,0,-35.91,-28.97,[],0,0,[],[]
4480190,4483180,NA,TVN,0.0,121,pause,NA,NA,NA,NA,0.0,0,-37.35,-28.27,[],0,0,[],[]
4483180,4486710,NA,TVN,0.0,121,pause,NA,NA,NA,NA,0.0,0,-43.13,-34.66,[],0,0,[],[]
4486710,4487510,NA,TVF,0.0,121,pause,NA,NA,NA,NA,0.0,0,-43.81,-36.94,[],0,0,[],[]
4487510,4491130,NA,TVN,0.0,121,pause,NA,NA,NA,NA,0.0,0,-39.03,-27.33,[],0,0,[],[]
4491130,4492620,NA,TVN,0.0,121,pause,NA,NA,NA,NA,0.0,0,-32.28,-24.19,[],0,0,[],[]
4492620,4495280,NA,TVN,0.0,121,pause,NA,NA,NA,NA,0.0,0,-36.35,-24.68,[],0,0,[],[]
4495280,4496710,NA,TVN,0.0,121,pause,NA,NA,NA,NA,0.0,0,-40.07,-31.59,[],0,0,[],[]
4496710,4497510,NA,TVN,0.0,121,pause,NA,NA,NA,NA,0.0,0,-36.88,-29.89,[],0,0,[],[]
4497510,4498640,NA,TVN,0.0,121,pause,NA,NA,NA,NA,0.0,0,-37.43,-31.44,[],0,0,[],[]
4498640,4499450,NA,TVN,0.0,121,pause,NA,NA,NA,NA,0.0,0,-36.15,-31.56,[],0,0,[],[]
4499450,4500720,NA,TVF,0.0,121,pause,NA,NA,NA,NA,0.0,0,-43.55,-37.76,[],0,0,[],[]
4500720,4501520,NA,TVF,0.0,121,pause,NA,NA,NA,NA,0.0,0,-41.87,-36.88,[],0,0,[],[]
4501520,4502320,NA,TVN,0.0,121,pause,NA,NA,NA,NA,0.0,0,-37.82,-33.22,[],0,0,[],[]
4502320,4503320,NA,TVN,0.0,121,pause,NA,NA,NA,NA,0.0,0,-36.5,-31.04,[],0,0,[],[]
4503320,4504120,NA,TVN,0.0,121,pause,NA,NA,NA,NA,0.0,0,-35.15,-29.68,[],0,0,[],[]
4504120,4505090,NA,TVN,0.0,121,pause,NA,NA,NA,NA,0.0,0,-38.26,-30.43,[],0,0,[],[]
4505090,4507920,NA,TVN,0.0,121,pause,NA,NA,NA,NA,0.0,0,-43.69,-37.39,[],0,0,[],[]
4507920,4508720,NA,SIL,0.0,121,pause,NA,NA,NA,NA,0.0,0,-49.04,-44.12,[],0,0,[],[]
4508720,4510530,NA,TVN,0.0,121,pause,NA,NA,NA,NA,0.0,0,-32.69,-13.17,[],0,0,[],[]
4510530,4516020,NA,TVN,0.0,121,pause,NA,NA,NA,NA,0.0,0,-38.56,-28.97,[],0,0,[],[]
4516020,4516660,CHI,CHN,0.0,121,CM,EC,0,NT,FI,1.0,640,-16.86,-11.41,"[{'Canonical-syllable': '1', 'Growl': '0', 'High-freq-energy': '0', 'Long-island': '0', 'Low-tilt-spectrum': '0', 'Medium-island': '1', 'Short-island': '0', 'Squeal': '0', 'Typical-entropy': '0', 'Voicing-quality': '1', 'Wide-band': '0', 'Xlong-island': '0', 'seq': '1', 'end': 4516.66, 'start': 4516.02}]",0,0,[],[]
4516660,4517460,NA,OLN,0.0,122,pause,NA,NA,NA,NA,0.0,0,-28.32,-20.97,[],0,0,[],[]
4517460,4518320,NA,TVF,0.0,122,pause,NA,NA,NA,NA,0.0,0,-38.83,-25.58,[],0,0,[],[]
4518320,4520780,NA,TVN,0.0,122,pause,NA,NA,NA,NA,0.0,0,-37.97,-25.0,[],0,0,[],[]
4520780,4525710,NA,TVN,0.0,122,pause,NA,NA,NA,NA,0.0,0,-38.12,-25.51,[],0,0,[],[]
4525710,4527090,NA,TVN,0.0,122,pause,NA,NA,NA,NA,0.0,0,-35.76,-30.44,[],0,0,[],[]
4527090,4527990,NA,TVN,0.0,122,pause,NA,NA,NA,NA,0.0,0,-38.25,-26.8,[],0,0,[],[]
4527990,4529060,NA,TVN,0.0,122,pause,NA,NA,NA,NA,0.0,0,-40.39,-26.25,[],0,0,[],[]
4529060,4530130,NA,TVN,0.0,122,pause,NA,NA,NA,NA,0.0,0,-42.02,-35.82,[],0,0,[],[]
4530130,4531920,NA,TVN,0.0,122,pause,NA,NA,NA,NA,0.0,0,-39.08,-30.13,[],0,0,[],[]
4531920,4534380,NA,TVN,0.0,122,pause,NA,NA,NA,NA,0.0,0,-39.07,-24.11,[],0,0,[],[]
4534380,4535380,NA,TVN,0.0,122,pause,NA,NA,NA,NA,0.0,0,-37.4,-33.58,[],0,0,[],[]
4535380,4536180,NA,TVN,0.0,122,pause,NA,NA,NA,NA,0.0,0,-39.64,-30.08,[],0,0,[],[]
4536180,4540580,NA,TVN,0.0,122,pause,NA,NA,NA,NA,0.0,0,-37.76,-24.22,[],0,0,[],[]
4540580,4542160,NA,TVN,0.0,122,pause,NA,NA,NA,NA,0.0,0,-37.09,-28.21,[],0,0,[],[]
4542160,4545530,NA,TVN,0.0,122,pause,NA,NA,NA,NA,0.0,0,-42.36,-33.77,[],0,0,[],[]
4545530,4546940,NA,TVF,0.0,122,pause,NA,NA,NA,NA,0.0,0,-41.49,-31.1,[],0,0,[],[]
4546940,4548870,NA,TVN,0.0,122,pause,NA,NA,NA,NA,0.0,0,-37.67,-31.52,[],0,0,[],[]
4548870,4549700,NA,TVN,0.0,122,pause,NA,NA,NA,NA,0.0,0,-40.98,-32.86,[],0,0,[],[]
4549700,4552200,NA,TVN,0.0,122,pause,NA,NA,NA,NA,0.0,0,-37.66,-30.23,[],0,0,[],[]
4552200,4555460,NA,TVN,0.0,122,pause,NA,NA,NA,NA,0.0,0,-39.05,-29.08,[],0,0,[],[]
4555460,4556260,NA,SIL,0.0,122,pause,NA,NA,NA,NA,0.0,0,-44.86,-37.2,[],0,0,[],[]
4556260,4557620,NA,TVN,0.0,122,pause,NA,NA,NA,NA,0.0,0,-41.14,-32.21,[],0,0,[],[]
4557620,4559010,NA,TVN,0.0,122,pause,NA,NA,NA,NA,0.0,0,-42.93,-32.77,[],0,0,[],[]
4559010,4559820,NA,TVF,0.0,122,pause,NA,NA,NA,NA,0.0,0,-38.43,-30.1,[],0,0,[],[]
4559820,4560950,NA,TVN,0.0,122,pause,NA,NA,NA,NA,0.0,0,-35.29,-27.88,[],0,0,[],[]
4560950,4561910,NA,TVN,0.0,122,pause,NA,NA,NA,NA,0.0,0,-39.58,-31.62,[],0,0,[],[]
4561910,4563570,NA,TVN,0.0,122,pause,NA,NA,NA,NA,0.0,0,-41.12,-30.13,[],0,0,[],[]
4563570,4564480,NA,SIL,0.0,122,pause,NA,NA,NA,NA,0.0,0,-46.31,-42.15,[],0,0,[],[]
4564480,4566040,NA,TVN,0.0,122,pause,NA,NA,NA,NA,0.0,0,-45.88,-38.62,[],0,0,[],[]
4566040,4567290,NA,TVF,0.0,122,pause,NA,NA,NA,NA,0.0,0,-40.05,-31.37,[],0,0,[],[]
4567290,4568840,NA,TVF,0.0,122,pause,NA,NA,NA,NA,0.0,0,-41.63,-35.16,[],0,0,[],[]
4568840,4569680,NA,TVF,0.0,122,pause,NA,NA,NA,NA,0.0,0,-36.77,-26.18,[],0,0,[],[]
4569680,4570680,NA,TVF,0.0,122,pause,NA,NA,NA,NA,0.0,0,-40.67,-31.81,[],0,0,[],[]
4570680,4572380,NA,TVN,0.0,122,pause,NA,NA,NA,NA,0.0,0,-30.39,-19.54,[],0,0,[],[]
4572380,4573180,NA,NOF,0.0,122,pause,NA,NA,NA,NA,0.0,0,-26.82,-17.53,[],0,0,[],[]
4573180,4577750,NA,TVN,0.0,122,pause,NA,NA,NA,NA,0.0,0,-27.02,-11.89,[],0,0,[],[]
4577750,4578560,NA,TVF,0.0,122,pause,NA,NA,NA,NA,0.0,0,-36.91,-22.51,[],0,0,[],[]
4578560,4579400,NA,TVF,0.0,122,pause,NA,NA,NA,NA,0.0,0,-34.26,-23.02,[],0,0,[],[]
4579400,4581010,NA,TVF,0.0,122,pause,NA,NA,NA,NA,0.0,0,-39.02,-22.82,[],0,0,[],[]
4581010,4582380,NA,SIL,0.0,122,pause,NA,NA,NA,NA,0.0,0,-45.48,-41.43,[],0,0,[],[]
4582380,4588500,NA,TVN,0.0,122,pause,NA,NA,NA,NA,0.0,0,-34.02,-20.51,[],0,0,[],[]
4588500,4589500,NA,TVN,0.0,122,pause,NA,NA,NA,NA,0.0,0,-32.33,-26.79,[],0,0,[],[]
4589500,4591480,NA,TVN,0.0,122,pause,NA,NA,NA,NA,0.0,0,-30.83,-24.16,[],0,0,[],[]
4591480,4592550,NA,TVN,0.0,122,pause,NA,NA,NA,NA,0.0,0,-33.5,-28.03,[],0,0,[],[]
4592550,4600960,NA,TVN,0.0,122,pause,NA,NA,NA,NA,0.0,0,-33.45,-18.1,[],0,0,[],[]
4600960,4611360,NA,TVN,0.0,122,pause,NA,NA,NA,NA,0.0,0,-39.74,-31.38,[],0,0,[],[]
4611360,4613930,NA,TVF,0.0,122,pause,NA,NA,NA,NA,0.0,0,-44.5,-41.02,[],0,0,[],[]
4613930,4625210,NA,OLN,0.0,122,pause,NA,NA,NA,NA,0.0,0,-27.52,-12.27,[],0,0,[],[]
4625210,4626310,NA,TVN,0.0,122,pause,NA,NA,NA,NA,0.0,0,-30.89,-24.07,[],0,0,[],[]
4626310,4627410,NA,TVN,0.0,122,pause,NA,NA,NA,NA,0.0,0,-32.17,-24.32,[],0,0,[],[]
4627410,4629910,FEM,FAN,12.0,122,AMF,EC,0,NT,FI,0.0,0,-31.76,-19.12,[],0,0,[],[]
4629910,4632790,NA,TVN,0.0,123,pause,NA,NA,NA,NA,0.0,0,-31.43,-18.84,[],0,0,[],[]
4632790,4633590,NA,TVN,0.0,123,pause,NA,NA,NA,NA,0.0,0,-32.92,-25.98,[],0,0,[],[]
4633590,4640830,NA,TVN,0.0,123,pause,NA,NA,NA,NA,0.0,0,-32.2,-11.57,[],0,0,[],[]
4640830,4641630,NA,TVF,0.0,123,pause,NA,NA,NA,NA,0.0,0,-36.21,-26.98,[],0,0,[],[]
4641630,4649920,NA,TVN,0.0,123,pause,NA,NA,NA,NA,0.0,0,-31.09,-15.52,[],0,0,[],[]
4649920,4651130,NA,TVN,0.0,123,pause,NA,NA,NA,NA,0.0,0,-33.55,-28.85,[],0,0,[],[]
4651130,4652070,NA,TVN,0.0,123,pause,NA,NA,NA,NA,0.0,0,-36.75,-28.55,[],0,0,[],[]
4652070,4653900,NA,TVF,0.0,123,pause,NA,NA,NA,NA,0.0,0,-41.5,-29.68,[],0,0,[],[]
4653900,4654700,NA,SIL,0.0,123,pause,NA,NA,NA,NA,0.0,0,-45.27,-43.05,[],0,0,[],[]
4654700,4657940,NA,TVN,0.0,123,pause,NA,NA,NA,NA,0.0,0,-42.06,-35.17,[],0,0,[],[]
4657940,4662610,NA,TVN,0.0,123,pause,NA,NA,NA,NA,0.0,0,-30.69,-16.57,[],0,0,[],[]
4662610,4663610,NA,TVN,0.0,123,pause,NA,NA,NA,NA,0.0,0,-35.08,-30.01,[],0,0,[],[]
4663610,4665840,NA,TVN,0.0,123,pause,NA,NA,NA,NA,0.0,0,-39.01,-30.15,[],0,0,[],[]
4665840,4668820,NA,TVN,0.0,123,pause,NA,NA,NA,NA,0.0,0,-41.52,-30.94,[],0,0,[],[]
4668820,4669970,NA,TVN,0.0,123,pause,NA,NA,NA,NA,0.0,0,-44.78,-39.93,[],0,0,[],[]
4669970,4672350,NA,TVN,0.0,123,pause,NA,NA,NA,NA,0.0,0,-35.56,-25.97,[],0,0,[],[]
4672350,4676420,NA,TVN,0.0,123,pause,NA,NA,NA,NA,0.0,0,-35.83,-24.97,[],0,0,[],[]
4676420,4681740,NA,TVN,0.0,123,pause,NA,NA,NA,NA,0.0,0,-40.06,-28.75,[],0,0,[],[]
4681740,4682740,NA,TVN,0.0,123,pause,NA,NA,NA,NA,0.0,0,-43.85,-39.38,[],0,0,[],[]
4682740,4684970,NA,TVN,0.0,123,pause,NA,NA,NA,NA,0.0,0,-36.85,-26.09,[],0,0,[],[]
4684970,4686410,NA,TVN,0.0,123,pause,NA,NA,NA,NA,0.0,0,-45.61,-42.98,[],0,0,[],[]
4686410,4688350,NA,TVN,0.0,123,pause,NA,NA,NA,NA,0.0,0,-43.5,-37.1,[],0,0,[],[]
4688350,4689450,NA,TVN,0.0,123,pause,NA,NA,NA,NA,0.0,0,-45.42,-42.07,[],0,0,[],[]
4689450,4691700,NA,TVN,0.0,123,pause,NA,NA,NA,NA,0.0,0,-43.78,-37.85,[],0,0,[],[]
4691700,4692700,NA,TVN,0.0,123,pause,NA,NA,NA,NA,0.0,0,-44.65,-41.3,[],0,0,[],[]
4692700,4696100,NA,TVN,0.0,123,pause,NA,NA,NA,NA,0.0,0,-40.99,-26.98,[],0,0,[],[]
4696100,4697600,NA,TVN,0.0,123,pause,NA,NA,NA,NA,0.0,0,-43.47,-33.37,[],0,0,[],[]
4697600,4699630,NA,TVN,0.0,123,pause,NA,NA,NA,NA,0.0,0,-43.06,-34.11,[],0,0,[],[]
4699630,4704150,NA,TVF,0.0,123,pause,NA,NA,NA,NA,0.0,0,-32.61,-12.28,[],0,0,[],[]
4704150,4705360,NA,TVF,0.0,123,pause,NA,NA,NA,NA,0.0,0,-38.31,-31.21,[],0,0,[],[]
4705360,4707100,NA,TVN,0.0,123,pause,NA,NA,NA,NA,0.0,0,-31.88,-19.88,[],0,0,[],[]
4707100,4708720,NA,TVN,0.0,123,pause,NA,NA,NA,NA,0.0,0,-36.86,-27.85,[],0,0,[],[]
4708720,4710560,NA,TVN,0.0,123,pause,NA,NA,NA,NA,0.0,0,-41.09,-32.86,[],0,0,[],[]
4710560,4711360,NA,TVN,0.0,123,pause,NA,NA,NA,NA,0.0,0,-35.24,-32.37,[],0,0,[],[]
4711360,4716920,NA,TVN,0.0,123,pause,NA,NA,NA,NA,0.0,0,-42.22,-31.98,[],0,0,[],[]
4716920,4721300,NA,TVN,0.0,123,pause,NA,NA,NA,NA,0.0,0,-40.87,-30.46,[],0,0,[],[]
4721300,4722560,NA,TVN,0.0,123,pause,NA,NA,NA,NA,0.0,0,-42.61,-29.1,[],0,0,[],[]
4722560,4724030,NA,TVN,0.0,123,pause,NA,NA,NA,NA,0.0,0,-40.96,-33.77,[],0,0,[],[]
4724030,4725880,NA,TVN,0.0,123,pause,NA,NA,NA,NA,0.0,0,-41.92,-32.26,[],0,0,[],[]
4725880,4726880,NA,TVN,0.0,123,pause,NA,NA,NA,NA,0.0,0,-41.7,-33.71,[],0,0,[],[]
4726880,4729260,NA,TVN,0.0,123,pause,NA,NA,NA,NA,0.0,0,-38.54,-32.85,[],0,0,[],[]
4729260,4730740,NA,TVN,0.0,123,pause,NA,NA,NA,NA,0.0,0,-45.04,-36.55,[],0,0,[],[]
4730740,4732180,NA,TVN,0.0,123,pause,NA,NA,NA,NA,0.0,0,-41.03,-36.0,[],0,0,[],[]
4732180,4733270,NA,TVN,0.0,123,pause,NA,NA,NA,NA,0.0,0,-38.88,-31.65,[],0,0,[],[]
4733270,4734310,NA,TVN,0.0,123,pause,NA,NA,NA,NA,0.0,0,-39.0,-31.65,[],0,0,[],[]
4734310,4735310,NA,TVN,0.0,123,pause,NA,NA,NA,NA,0.0,0,-42.13,-38.06,[],0,0,[],[]
4735310,4748260,NA,TVN,0.0,123,pause,NA,NA,NA,NA,0.0,0,-43.25,-32.9,[],0,0,[],[]
4748260,4749380,NA,TVN,0.0,123,pause,NA,NA,NA,NA,0.0,0,-39.97,-33.54,[],0,0,[],[]
4749380,4752080,NA,TVN,0.0,123,pause,NA,NA,NA,NA,0.0,0,-40.93,-31.17,[],0,0,[],[]
4752080,4752880,NA,TVN,0.0,123,pause,NA,NA,NA,NA,0.0,0,-36.36,-28.0,[],0,0,[],[]
4752880,4754880,NA,TVN,0.0,123,pause,NA,NA,NA,NA,0.0,0,-42.71,-34.81,[],0,0,[],[]
4754880,4755890,NA,TVN,0.0,123,pause,NA,NA,NA,NA,0.0,0,-38.42,-33.54,[],0,0,[],[]
4755890,4757240,NA,TVN,0.0,123,pause,NA,NA,NA,NA,0.0,0,-43.42,-33.56,[],0,0,[],[]
4757240,4758300,NA,TVN,0.0,123,pause,NA,NA,NA,NA,0.0,0,-43.72,-36.51,[],0,0,[],[]
4758300,4759710,NA,TVN,0.0,123,pause,NA,NA,NA,NA,0.0,0,-43.07,-34.71,[],0,0,[],[]
4759710,4762440,NA,TVN,0.0,123,pause,NA,NA,NA,NA,0.0,0,-41.4,-33.92,[],0,0,[],[]
4762440,4763440,NA,TVN,0.0,123,pause,NA,NA,NA,NA,0.0,0,-45.13,-42.13,[],0,0,[],[]
4763440,4774780,NA,TVN,0.0,123,pause,NA,NA,NA,NA,0.0,0,-42.2,-34.21,[],0,0,[],[]
4774780,4775820,NA,TVN,0.0,123,pause,NA,NA,NA,NA,0.0,0,-42.42,-34.73,[],0,0,[],[]
4775820,4776620,NA,TVN,0.0,123,pause,NA,NA,NA,NA,0.0,0,-41.73,-31.95,[],0,0,[],[]
4776620,4777730,NA,TVN,0.0,123,pause,NA,NA,NA,NA,0.0,0,-42.65,-29.55,[],0,0,[],[]
4777730,4786200,NA,TVN,0.0,123,pause,NA,NA,NA,NA,0.0,0,-28.6,-10.56,[],0,0,[],[]
4786200,4791130,NA,TVN,0.0,123,pause,NA,NA,NA,NA,0.0,0,-41.4,-28.35,[],0,0,[],[]
4791130,4792130,NA,TVN,0.0,123,pause,NA,NA,NA,NA,0.0,0,-31.51,-19.36,[],0,0,[],[]
4792130,4795230,NA,TVN,0.0,123,pause,NA,NA,NA,NA,0.0,0,-42.43,-30.11,[],0,0,[],[]
4795230,4796710,NA,TVN,0.0,123,pause,NA,NA,NA,NA,0.0,0,-43.81,-30.66,[],0,0,[],[]
4796710,4798660,NA,TVN,0.0,123,pause,NA,NA,NA,NA,0.0,0,-36.72,-25.3,[],0,0,[],[]
4798660,4799930,NA,TVN,0.0,123,pause,NA,NA,NA,NA,0.0,0,-41.51,-28.18,[],0,0,[],[]
4799930,4801970,NA,TVN,0.0,123,pause,NA,NA,NA,NA,0.0,0,-43.85,-30.01,[],0,0,[],[]
4801970,4803710,NA,TVN,0.0,123,pause,NA,NA,NA,NA,0.0,0,-30.74,-17.65,[],0,0,[],[]
4803710,4804710,NA,TVN,0.0,123,pause,NA,NA,NA,NA,0.0,0,-38.8,-29.43,[],0,0,[],[]
4804710,4806840,NA,TVN,0.0,123,pause,NA,NA,NA,NA,0.0,0,-43.62,-27.41,[],0,0,[],[]
4806840,4810590,NA,TVN,0.0,123,pause,NA,NA,NA,NA,0.0,0,-41.77,-35.13,[],0,0,[],[]
4810590,4811390,NA,TVN,0.0,123,pause,NA,NA,NA,NA,0.0,0,-42.29,-38.69,[],0,0,[],[]
4811390,4815690,NA,TVN,0.0,123,pause,NA,NA,NA,NA,0.0,0,-41.71,-32.1,[],0,0,[],[]
4815690,4816690,NA,TVN,0.0,123,pause,NA,NA,NA,NA,0.0,0,-41.66,-29.14,[],0,0,[],[]
4816690,4818400,NA,TVN,0.0,123,pause,NA,NA,NA,NA,0.0,0,-38.21,-26.13,[],0,0,[],[]
4818400,4819420,NA,TVN,0.0,123,pause,NA,NA,NA,NA,0.0,0,-44.66,-40.3,[],0,0,[],[]
4819420,4833640,NA,TVN,0.0,123,pause,NA,NA,NA,NA,0.0,0,-42.13,-28.64,[],0,0,[],[]
4833640,4835030,NA,TVN,0.0,123,pause,NA,NA,NA,NA,0.0,0,-44.76,-40.3,[],0,0,[],[]
4835030,4839340,NA,TVN,0.0,123,pause,NA,NA,NA,NA,0.0,0,-42.67,-37.64,[],0,0,[],[]
4839340,4843160,NA,TVN,0.0,123,pause,NA,NA,NA,NA,0.0,0,-43.17,-35.82,[],0,0,[],[]
4843160,4844050,NA,TVN,0.0,123,pause,NA,NA,NA,NA,0.0,0,-40.33,-29.42,[],0,0,[],[]
4844050,4845590,NA,TVN,0.0,123,pause,NA,NA,NA,NA,0.0,0,-39.23,-33.45,[],0,0,[],[]
4845590,4848030,NA,TVN,0.0,123,pause,NA,NA,NA,NA,0.0,0,-42.35,-31.34,[],0,0,[],[]
4848030,4851850,NA,TVN,0.0,123,pause,NA,NA,NA,NA,0.0,0,-39.35,-28.18,[],0,0,[],[]
4851850,4853340,NA,TVN,0.0,123,pause,NA,NA,NA,NA,0.0,0,-43.13,-38.66,[],0,0,[],[]
4853340,4858730,NA,TVN,0.0,123,pause,NA,NA,NA,NA,0.0,0,-40.68,-34.32,[],0,0,[],[]
4858730,4863530,NA,TVN,0.0,123,pause,NA,NA,NA,NA,0.0,0,-31.58,-14.07,[],0,0,[],[]
4863530,4864530,NA,TVN,0.0,123,pause,NA,NA,NA,NA,0.0,0,-38.85,-32.52,[],0,0,[],[]
4864530,4868410,NA,TVN,0.0,123,pause,NA,NA,NA,NA,0.0,0,-40.26,-31.88,[],0,0,[],[]
4868410,4870090,NA,TVN,0.0,123,pause,NA,NA,NA,NA,0.0,0,-38.72,-33.09,[],0,0,[],[]
4870090,4871160,NA,TVN,0.0,123,pause,NA,NA,NA,NA,0.0,0,-37.36,-29.34,[],0,0,[],[]
4871160,4872130,NA,TVN,0.0,123,pause,NA,NA,NA,NA,0.0,0,-39.42,-32.51,[],0,0,[],[]
4872130,4874050,NA,TVN,0.0,123,pause,NA,NA,NA,NA,0.0,0,-37.94,-29.73,[],0,0,[],[]
4874050,4875060,NA,TVN,0.0,123,pause,NA,NA,NA,NA,0.0,0,-43.42,-39.93,[],0,0,[],[]
4875060,4876990,NA,TVN,0.0,123,pause,NA,NA,NA,NA,0.0,0,-31.52,-20.2,[],0,0,[],[]
4876990,4877990,NA,TVF,0.0,123,pause,NA,NA,NA,NA,0.0,0,-41.01,-33.96,[],0,0,[],[]
4877990,4881060,NA,TVF,0.0,123,pause,NA,NA,NA,NA,0.0,0,-33.06,-16.63,[],0,0,[],[]
4881060,4882870,NA,TVF,0.0,123,pause,NA,NA,NA,NA,0.0,0,-38.42,-29.33,[],0,0,[],[]
4882870,4883750,NA,TVF,0.0,123,pause,NA,NA,NA,NA,0.0,0,-38.9,-33.33,[],0,0,[],[]
4883750,4884800,NA,TVN,0.0,123,pause,NA,NA,NA,NA,0.0,0,-28.95,-20.19,[],0,0,[],[]
4884800,4886370,NA,TVN,0.0,123,pause,NA,NA,NA,NA,0.0,0,-25.6,-12.0,[],0,0,[],[]
4886370,4887170,NA,TVN,0.0,123,pause,NA,NA,NA,NA,0.0,0,-39.05,-24.88,[],0,0,[],[]
4887170,4891720,NA,TVF,0.0,123,pause,NA,NA,NA,NA,0.0,0,-39.44,-27.81,[],0,0,[],[]
4891720,4894890,NA,TVN,0.0,123,pause,NA,NA,NA,NA,0.0,0,-32.8,-16.82,[],0,0,[],[]
4894890,4896700,NA,TVN,0.0,123,pause,NA,NA,NA,NA,0.0,0,-40.59,-32.3,[],0,0,[],[]
4896700,4900010,NA,TVN,0.0,123,pause,NA,NA,NA,NA,0.0,0,-40.96,-33.17,[],0,0,[],[]
4900010,4902010,NA,TVN,0.0,123,pause,NA,NA,NA,NA,0.0,0,-43.55,-36.87,[],0,0,[],[]
4902010,4903050,NA,TVN,0.0,123,pause,NA,NA,NA,NA,0.0,0,-42.64,-36.01,[],0,0,[],[]
4903050,4904080,NA,TVN,0.0,123,pause,NA,NA,NA,NA,0.0,0,-42.9,-38.44,[],0,0,[],[]
4904080,4905770,NA,TVN,0.0,123,pause,NA,NA,NA,NA,0.0,0,-37.99,-32.39,[],0,0,[],[]
4905770,4906770,NA,TVN,0.0,123,pause,NA,NA,NA,NA,0.0,0,-40.73,-34.75,[],0,0,[],[]
4906770,4909140,NA,TVN,0.0,123,pause,NA,NA,NA,NA,0.0,0,-40.97,-32.73,[],0,0,[],[]
4909140,4910540,NA,TVN,0.0,123,pause,NA,NA,NA,NA,0.0,0,-36.79,-30.38,[],0,0,[],[]
4910540,4911580,NA,TVN,0.0,123,pause,NA,NA,NA,NA,0.0,0,-40.48,-35.31,[],0,0,[],[]
4911580,4914050,NA,TVN,0.0,123,pause,NA,NA,NA,NA,0.0,0,-41.14,-33.71,[],0,0,[],[]
4914050,4915140,NA,TVN,0.0,123,pause,NA,NA,NA,NA,0.0,0,-44.09,-41.2,[],0,0,[],[]
4915140,4916200,NA,TVN,0.0,123,pause,NA,NA,NA,NA,0.0,0,-41.98,-36.25,[],0,0,[],[]
4916200,4917280,NA,TVN,0.0,123,pause,NA,NA,NA,NA,0.0,0,-43.3,-37.96,[],0,0,[],[]
4917280,4919780,NA,TVN,0.0,123,pause,NA,NA,NA,NA,0.0,0,-43.65,-37.02,[],0,0,[],[]
4919780,4920780,NA,TVN,0.0,123,pause,NA,NA,NA,NA,0.0,0,-42.84,-37.18,[],0,0,[],[]
4920780,4923270,NA,TVN,0.0,123,pause,NA,NA,NA,NA,0.0,0,-41.74,-33.97,[],0,0,[],[]
4923270,4924840,NA,TVN,0.0,123,pause,NA,NA,NA,NA,0.0,0,-44.15,-40.09,[],0,0,[],[]
4924840,4925920,NA,TVN,0.0,123,pause,NA,NA,NA,NA,0.0,0,-43.87,-39.83,[],0,0,[],[]
4925920,4930950,NA,TVN,0.0,123,pause,NA,NA,NA,NA,0.0,0,-42.86,-36.09,[],0,0,[],[]
4930950,4931750,NA,SIL,0.0,123,pause,NA,NA,NA,NA,0.0,0,-44.36,-41.79,[],0,0,[],[]
4931750,4932790,NA,TVN,0.0,123,pause,NA,NA,NA,NA,0.0,0,-44.06,-41.01,[],0,0,[],[]
4932790,4935810,NA,TVN,0.0,123,pause,NA,NA,NA,NA,0.0,0,-43.52,-37.53,[],0,0,[],[]
4935810,4936990,NA,TVN,0.0,123,pause,NA,NA,NA,NA,0.0,0,-44.35,-41.28,[],0,0,[],[]
4936990,4946630,NA,TVN,0.0,123,pause,NA,NA,NA,NA,0.0,0,-43.41,-36.98,[],0,0,[],[]
4946630,4953480,NA,NON,0.0,123,pause,NA,NA,NA,NA,0.0,0,-43.59,-38.16,[],0,0,[],[]
4953480,4954480,NA,TVN,0.0,123,pause,NA,NA,NA,NA,0.0,0,-42.6,-38.56,[],0,0,[],[]
4954480,4955490,NA,TVN,0.0,123,pause,NA,NA,NA,NA,0.0,0,-44.22,-41.33,[],0,0,[],[]
4955490,4956640,NA,TVN,0.0,123,pause,NA,NA,NA,NA,0.0,0,-43.49,-40.27,[],0,0,[],[]
4956640,4959160,NA,TVN,0.0,123,pause,NA,NA,NA,NA,0.0,0,-40.95,-22.52,[],0,0,[],[]
4959160,4960360,NA,TVN,0.0,123,pause,NA,NA,NA,NA,0.0,0,-43.74,-39.52,[],0,0,[],[]
4960360,4960990,NA,TVN,0.0,123,pause,NA,NA,NA,NA,0.0,0,-34.6,-26.59,[],0,0,[],[]
4960990,4961990,NA,TVN,0.0,123,pause,NA,NA,NA,NA,0.0,0,-39.39,-31.45,[],0,0,[],[]
4961990,4962990,NA,TVN,0.0,123,pause,NA,NA,NA,NA,0.0,0,-41.07,-34.76,[],0,0,[],[]
4962990,4970170,NA,TVN,0.0,123,pause,NA,NA,NA,NA,0.0,0,-36.9,-31.09,[],0,0,[],[]
4970170,4971580,NA,TVN,0.0,123,pause,NA,NA,NA,NA,0.0,0,-33.52,-22.52,[],0,0,[],[]
4971580,4979040,NA,TVN,0.0,123,pause,NA,NA,NA,NA,0.0,0,-35.82,-29.26,[],0,0,[],[]
4979040,4979850,NA,TVN,0.0,123,pause,NA,NA,NA,NA,0.0,0,-37.37,-32.86,[],0,0,[],[]
4979850,4982540,NA,TVN,0.0,123,pause,NA,NA,NA,NA,0.0,0,-35.81,-29.96,[],0,0,[],[]
4982540,4983340,NA,TVN,0.0,123,pause,NA,NA,NA,NA,0.0,0,-37.98,-33.38,[],0,0,[],[]
4983340,4986390,NA,TVN,0.0,123,pause,NA,NA,NA,NA,0.0,0,-34.8,-28.14,[],0,0,[],[]
4986390,4987350,NA,TVN,0.0,123,pause,NA,NA,NA,NA,0.0,0,-35.54,-29.78,[],0,0,[],[]
4987350,4989340,NA,TVN,0.0,123,pause,NA,NA,NA,NA,0.0,0,-34.31,-28.8,[],0,0,[],[]
4989340,4994510,NA,TVN,0.0,123,pause,NA,NA,NA,NA,0.0,0,-34.29,-22.37,[],0,0,[],[]
4994510,4995760,NA,TVN,0.0,123,pause,NA,NA,NA,NA,0.0,0,-37.37,-31.82,[],0,0,[],[]
4995760,4997950,NA,TVN,0.0,123,pause,NA,NA,NA,NA,0.0,0,-35.35,-25.14,[],0,0,[],[]
4997950,4999760,NA,TVN,0.0,123,pause,NA,NA,NA,NA,0.0,0,-40.32,-31.43,[],0,0,[],[]
4999760,5000730,NA,TVN,0.0,123,pause,NA,NA,NA,NA,0.0,0,-34.21,-29.61,[],0,0,[],[]
5000730,5002410,NA,TVN,0.0,123,pause,NA,NA,NA,NA,0.0,0,-41.78,-33.27,[],0,0,[],[]
5002410,5003770,NA,TVF,0.0,123,pause,NA,NA,NA,NA,0.0,0,-27.19,-17.92,[],0,0,[],[]
5003770,5004960,NA,TVF,0.0,123,pause,NA,NA,NA,NA,0.0,0,-42.44,-35.32,[],0,0,[],[]
5004960,5009630,NA,TVN,0.0,123,pause,NA,NA,NA,NA,0.0,0,-32.11,-20.9,[],0,0,[],[]
5009630,5010670,NA,TVN,0.0,123,pause,NA,NA,NA,NA,0.0,0,-30.64,-24.48,[],0,0,[],[]
5010670,5012410,NA,TVN,0.0,123,pause,NA,NA,NA,NA,0.0,0,-33.39,-28.22,[],0,0,[],[]
5012410,5013450,NA,TVF,0.0,123,pause,NA,NA,NA,NA,0.0,0,-43.26,-38.38,[],0,0,[],[]
5013450,5014280,NA,SIL,0.0,123,pause,NA,NA,NA,NA,0.0,0,-44.0,-40.81,[],0,0,[],[]
5014280,5015470,NA,TVF,0.0,123,pause,NA,NA,NA,NA,0.0,0,-43.8,-40.25,[],0,0,[],[]
5015470,5016580,NA,TVN,0.0,123,pause,NA,NA,NA,NA,0.0,0,-37.01,-29.8,[],0,0,[],[]
5016580,5017580,NA,TVN,0.0,123,pause,NA,NA,NA,NA,0.0,0,-40.05,-28.07,[],0,0,[],[]
5017580,5018380,NA,TVN,0.0,123,pause,NA,NA,NA,NA,0.0,0,-35.19,-27.44,[],0,0,[],[]
5018380,5019900,NA,TVN,0.0,123,pause,NA,NA,NA,NA,0.0,0,-31.06,-27.44,[],0,0,[],[]
5019900,5021470,NA,TVN,0.0,123,pause,NA,NA,NA,NA,0.0,0,-35.15,-23.0,[],0,0,[],[]
5021470,5022880,NA,TVF,0.0,123,pause,NA,NA,NA,NA,0.0,0,-39.87,-31.67,[],0,0,[],[]
5022880,5025030,NA,TVN,0.0,123,pause,NA,NA,NA,NA,0.0,0,-36.3,-27.79,[],0,0,[],[]
5025030,5026940,NA,TVN,0.0,123,pause,NA,NA,NA,NA,0.0,0,-35.96,-31.65,[],0,0,[],[]
5026940,5027740,NA,TVN,0.0,123,pause,NA,NA,NA,NA,0.0,0,-34.22,-29.99,[],0,0,[],[]
5027740,5028740,NA,TVN,0.0,123,pause,NA,NA,NA,NA,0.0,0,-35.65,-32.4,[],0,0,[],[]
5028740,5029600,NA,TVN,0.0,123,pause,NA,NA,NA,NA,0.0,0,-35.03,-31.84,[],0,0,[],[]
5029600,5034280,NA,TVN,0.0,123,pause,NA,NA,NA,NA,0.0,0,-35.81,-28.49,[],0,0,[],[]
5034280,5036640,NA,TVN,0.0,123,pause,NA,NA,NA,NA,0.0,0,-34.09,-23.88,[],0,0,[],[]
5036640,5037960,NA,TVN,0.0,123,pause,NA,NA,NA,NA,0.0,0,-39.27,-34.73,[],0,0,[],[]
5037960,5039060,NA,TVN,0.0,123,pause,NA,NA,NA,NA,0.0,0,-42.72,-38.19,[],0,0,[],[]
5039060,5040240,NA,TVN,0.0,123,pause,NA,NA,NA,NA,0.0,0,-35.44,-30.22,[],0,0,[],[]
5040240,5042000,NA,TVN,0.0,123,pause,NA,NA,NA,NA,0.0,0,-36.84,-27.24,[],0,0,[],[]
5042000,5043000,NA,TVN,0.0,123,pause,NA,NA,NA,NA,0.0,0,-28.7,-24.89,[],0,0,[],[]
5043000,5045180,NA,TVN,0.0,123,pause,NA,NA,NA,NA,0.0,0,-35.71,-31.51,[],0,0,[],[]
5045180,5052060,NA,TVN,0.0,123,pause,NA,NA,NA,NA,0.0,0,-31.26,-18.82,[],0,0,[],[]
5052060,5054740,NA,TVN,0.0,123,pause,NA,NA,NA,NA,0.0,0,-38.44,-25.62,[],0,0,[],[]
5054740,5056250,NA,TVN,0.0,123,pause,NA,NA,NA,NA,0.0,0,-42.96,-30.5,[],0,0,[],[]
5056250,5057530,NA,TVN,0.0,123,pause,NA,NA,NA,NA,0.0,0,-41.85,-26.19,[],0,0,[],[]
5057530,5058640,NA,TVN,0.0,123,pause,NA,NA,NA,NA,0.0,0,-35.38,-26.74,[],0,0,[],[]
5058640,5060290,NA,TVN,0.0,123,pause,NA,NA,NA,NA,0.0,0,-38.41,-29.86,[],0,0,[],[]
5060290,5062090,NA,TVN,0.0,123,pause,NA,NA,NA,NA,0.0,0,-40.58,-29.68,[],0,0,[],[]
5062090,5063090,NA,TVN,0.0,123,pause,NA,NA,NA,NA,0.0,0,-37.02,-30.57,[],0,0,[],[]
5063090,5064440,NA,TVN,0.0,123,pause,NA,NA,NA,NA,0.0,0,-39.96,-29.46,[],0,0,[],[]
5064440,5065450,NA,TVN,0.0,123,pause,NA,NA,NA,NA,0.0,0,-39.18,-26.58,[],0,0,[],[]
5065450,5066450,NA,TVN,0.0,123,pause,NA,NA,NA,NA,0.0,0,-35.9,-30.28,[],0,0,[],[]
5066450,5067460,NA,TVN,0.0,123,pause,NA,NA,NA,NA,0.0,0,-42.17,-34.66,[],0,0,[],[]
5067460,5068600,NA,TVN,0.0,123,pause,NA,NA,NA,NA,0.0,0,-36.84,-31.48,[],0,0,[],[]
5068600,5069600,NA,TVN,0.0,123,pause,NA,NA,NA,NA,0.0,0,-35.95,-30.73,[],0,0,[],[]
5069600,5074250,NA,TVN,0.0,123,pause,NA,NA,NA,NA,0.0,0,-31.19,-20.35,[],0,0,[],[]
5074250,5075250,NA,TVN,0.0,123,pause,NA,NA,NA,NA,0.0,0,-34.12,-27.27,[],0,0,[],[]
5075250,5083130,NA,TVN,0.0,123,pause,NA,NA,NA,NA,0.0,0,-33.65,-19.88,[],0,0,[],[]
5083130,5084230,NA,TVN,0.0,123,pause,NA,NA,NA,NA,0.0,0,-38.01,-32.2,[],0,0,[],[]
5084230,5085030,NA,TVF,0.0,123,pause,NA,NA,NA,NA,0.0,0,-41.36,-35.37,[],0,0,[],[]
5085030,5086110,NA,TVN,0.0,123,pause,NA,NA,NA,NA,0.0,0,-39.64,-27.24,[],0,0,[],[]
5086110,5089760,NA,TVN,0.0,123,pause,NA,NA,NA,NA,0.0,0,-40.3,-28.41,[],0,0,[],[]
5089760,5092210,NA,TVN,0.0,123,pause,NA,NA,NA,NA,0.0,0,-38.22,-28.24,[],0,0,[],[]
5092210,5094640,NA,TVN,0.0,123,pause,NA,NA,NA,NA,0.0,0,-35.36,-29.49,[],0,0,[],[]
5094640,5096070,NA,TVN,0.0,123,pause,NA,NA,NA,NA,0.0,0,-28.26,-17.6,[],0,0,[],[]
5096070,5097120,OCH,CXN,0.0,123,XM,EC,0,NT,FI,0.0,0,-28.5,-19.31,[],0,0,[],[]
5097120,5097920,NA,TVN,0.0,124,pause,NA,NA,NA,NA,0.0,0,-31.79,-23.63,[],0,0,[],[]
5097920,5100670,NA,TVN,0.0,124,pause,NA,NA,NA,NA,0.0,0,-31.44,-26.4,[],0,0,[],[]
5100670,5102400,NA,TVN,0.0,124,pause,NA,NA,NA,NA,0.0,0,-39.99,-28.64,[],0,0,[],[]
5102400,5104490,NA,TVN,0.0,124,pause,NA,NA,NA,NA,0.0,0,-38.36,-33.09,[],0,0,[],[]
5104490,5110930,NA,TVN,0.0,124,pause,NA,NA,NA,NA,0.0,0,-30.67,-18.52,[],0,0,[],[]
5110930,5111730,NA,TVN,0.0,124,pause,NA,NA,NA,NA,0.0,0,-27.33,-21.69,[],0,0,[],[]
5111730,5112530,NA,TVN,0.0,124,pause,NA,NA,NA,NA,0.0,0,-29.17,-25.58,[],0,0,[],[]
5112530,5113330,NA,TVN,0.0,124,pause,NA,NA,NA,NA,0.0,0,-30.59,-26.4,[],0,0,[],[]
5113330,5114420,NA,TVN,0.0,124,pause,NA,NA,NA,NA,0.0,0,-40.68,-37.43,[],0,0,[],[]
5114420,5117750,NA,TVN,0.0,124,pause,NA,NA,NA,NA,0.0,0,-39.67,-29.87,[],0,0,[],[]
5117750,5118590,NA,TVN,0.0,124,pause,NA,NA,NA,NA,0.0,0,-38.18,-24.33,[],0,0,[],[]
5118590,5119730,NA,TVN,0.0,124,pause,NA,NA,NA,NA,0.0,0,-36.85,-27.8,[],0,0,[],[]
5119730,5120800,NA,TVN,0.0,124,pause,NA,NA,NA,NA,0.0,0,-40.21,-36.25,[],0,0,[],[]
5120800,5123540,NA,TVN,0.0,124,pause,NA,NA,NA,NA,0.0,0,-34.57,-30.67,[],0,0,[],[]
5123540,5124140,NA,TVN,0.0,124,pause,NA,NA,NA,NA,0.0,0,-27.81,-24.64,[],0,0,[],[]
5124140,5125770,NA,TVN,0.0,124,pause,NA,NA,NA,NA,0.0,0,-33.48,-27.76,[],0,0,[],[]
5125770,5126660,NA,TVN,0.0,124,pause,NA,NA,NA,NA,0.0,0,-32.58,-29.35,[],0,0,[],[]
5126660,5128550,NA,TVN,0.0,124,pause,NA,NA,NA,NA,0.0,0,-33.72,-26.24,[],0,0,[],[]
5128550,5129680,NA,TVN,0.0,124,pause,NA,NA,NA,NA,0.0,0,-30.29,-19.8,[],0,0,[],[]
5129680,5131010,NA,TVN,0.0,124,pause,NA,NA,NA,NA,0.0,0,-37.91,-34.34,[],0,0,[],[]
5131010,5131900,NA,OLF,0.0,124,pause,NA,NA,NA,NA,0.0,0,-24.65,-11.04,[],0,0,[],[]
5131900,5133240,NA,TVN,0.0,124,pause,NA,NA,NA,NA,0.0,0,-36.78,-29.35,[],0,0,[],[]
5133240,5137330,NA,OLN,0.0,124,pause,NA,NA,NA,NA,0.0,0,-21.97,-3.79,[],0,0,[],[]
5137330,5138460,NA,TVN,0.0,124,pause,NA,NA,NA,NA,0.0,0,-38.5,-32.95,[],0,0,[],[]
5138460,5140800,NA,TVF,0.0,124,pause,NA,NA,NA,NA,0.0,0,-39.13,-33.83,[],0,0,[],[]
5140800,5141680,NA,SIL,0.0,124,pause,NA,NA,NA,NA,0.0,0,-43.79,-39.54,[],0,0,[],[]
5141680,5142680,NA,TVF,0.0,124,pause,NA,NA,NA,NA,0.0,0,-43.67,-39.88,[],0,0,[],[]
5142680,5144190,NA,SIL,0.0,124,pause,NA,NA,NA,NA,0.0,0,-42.08,-33.65,[],0,0,[],[]
5144190,5145030,NA,TVF,0.0,124,pause,NA,NA,NA,NA,0.0,0,-40.03,-34.39,[],0,0,[],[]
5145030,5146290,NA,SIL,0.0,124,pause,NA,NA,NA,NA,0.0,0,-44.06,-37.97,[],0,0,[],[]
5146290,5147100,NA,TVF,0.0,124,pause,NA,NA,NA,NA,0.0,0,-44.42,-37.2,[],0,0,[],[]
5147100,5148210,NA,SIL,0.0,124,pause,NA,NA,NA,NA,0.0,0,-42.22,-28.57,[],0,0,[],[]
5148210,5149220,NA,TVF,0.0,124,pause,NA,NA,NA,NA,0.0,0,-44.25,-40.79,[],0,0,[],[]
5149220,5152040,NA,SIL,0.0,124,pause,NA,NA,NA,NA,0.0,0,-44.31,-39.18,[],0,0,[],[]
5152040,5154020,NA,TVN,0.0,124,pause,NA,NA,NA,NA,0.0,0,-42.37,-35.3,[],0,0,[],[]
5154020,5155400,NA,SIL,0.0,124,pause,NA,NA,NA,NA,0.0,0,-44.58,-38.89,[],0,0,[],[]
5155400,5156700,NA,TVF,0.0,124,pause,NA,NA,NA,NA,0.0,0,-43.26,-39.18,[],0,0,[],[]
5156700,5157580,NA,TVF,0.0,124,pause,NA,NA,NA,NA,0.0,0,-43.07,-38.16,[],0,0,[],[]
5157580,5163690,NA,SIL,0.0,124,pause,NA,NA,NA,NA,0.0,0,-44.8,-39.41,[],0,0,[],[]
5163690,5165000,NA,NOF,0.0,124,pause,NA,NA,NA,NA,0.0,0,-15.6,-2.39,[],0,0,[],[]
5165000,5166160,NA,OLF,0.0,124,pause,NA,NA,NA,NA,0.0,0,-23.49,-16.35,[],0,0,[],[]
5166160,5167230,NA,TVF,0.0,124,pause,NA,NA,NA,NA,0.0,0,-25.57,-10.52,[],0,0,[],[]
5167230,5168230,NA,TVF,0.0,124,pause,NA,NA,NA,NA,0.0,0,-39.87,-29.71,[],0,0,[],[]
5168230,5169030,NA,TVF,0.0,124,pause,NA,NA,NA,NA,0.0,0,-40.59,-34.69,[],0,0,[],[]
5169030,5170030,NA,TVN,0.0,124,pause,NA,NA,NA,NA,0.0,0,-39.12,-28.94,[],0,0,[],[]
5170030,5171050,NA,TVN,0.0,124,pause,NA,NA,NA,NA,0.0,0,-36.82,-31.51,[],0,0,[],[]
5171050,5171920,NA,TVF,0.0,124,pause,NA,NA,NA,NA,0.0,0,-41.46,-37.24,[],0,0,[],[]
5171920,5172980,NA,TVN,0.0,124,pause,NA,NA,NA,NA,0.0,0,-41.75,-37.26,[],0,0,[],[]
5172980,5173780,NA,TVF,0.0,124,pause,NA,NA,NA,NA,0.0,0,-39.75,-35.06,[],0,0,[],[]
5173780,5175340,NA,TVN,0.0,124,pause,NA,NA,NA,NA,0.0,0,-41.38,-34.49,[],0,0,[],[]
5175340,5176360,NA,TVF,0.0,124,pause,NA,NA,NA,NA,0.0,0,-43.58,-39.43,[],0,0,[],[]
5176360,5177360,NA,SIL,0.0,124,pause,NA,NA,NA,NA,0.0,0,-43.06,-35.98,[],0,0,[],[]
5177360,5178370,NA,TVF,0.0,124,pause,NA,NA,NA,NA,0.0,0,-41.8,-35.45,[],0,0,[],[]
5178370,5179200,NA,TVF,0.0,124,pause,NA,NA,NA,NA,0.0,0,-42.43,-36.91,[],0,0,[],[]
5179200,5180390,NA,TVF,0.0,124,pause,NA,NA,NA,NA,0.0,0,-32.17,-15.44,[],0,0,[],[]
5180390,5183530,NA,TVF,0.0,124,pause,NA,NA,NA,NA,0.0,0,-27.71,-11.41,[],0,0,[],[]
5183530,5184910,NA,TVF,0.0,124,pause,NA,NA,NA,NA,0.0,0,-40.36,-32.96,[],0,0,[],[]
5184910,5186570,NA,TVF,0.0,124,pause,NA,NA,NA,NA,0.0,0,-29.65,-17.07,[],0,0,[],[]
5186570,5187460,NA,TVF,0.0,124,pause,NA,NA,NA,NA,0.0,0,-32.04,-23.92,[],0,0,[],[]
5187460,5188280,NA,TVN,0.0,124,pause,NA,NA,NA,NA,0.0,0,-31.7,-20.21,[],0,0,[],[]
5188280,5189090,NA,TVF,0.0,124,pause,NA,NA,NA,NA,0.0,0,-32.33,-20.3,[],0,0,[],[]
5189090,5190950,NA,TVF,0.0,124,pause,NA,NA,NA,NA,0.0,0,-30.65,-16.07,[],0,0,[],[]
5190950,5195130,NA,TVF,0.0,124,pause,NA,NA,NA,NA,0.0,0,-35.05,-16.87,[],0,0,[],[]
5195130,5196160,NA,TVF,0.0,124,pause,NA,NA,NA,NA,0.0,0,-40.88,-33.87,[],0,0,[],[]
5196160,5197020,NA,TVF,0.0,124,pause,NA,NA,NA,NA,0.0,0,-37.1,-31.2,[],0,0,[],[]
5197020,5197890,NA,TVF,0.0,124,pause,NA,NA,NA,NA,0.0,0,-36.29,-27.13,[],0,0,[],[]
5197890,5198920,NA,TVN,0.0,124,pause,NA,NA,NA,NA,0.0,0,-34.41,-22.01,[],0,0,[],[]
5198920,5200420,NA,TVF,0.0,124,pause,NA,NA,NA,NA,0.0,0,-39.18,-27.44,[],0,0,[],[]
5200420,5201310,NA,TVF,0.0,124,pause,NA,NA,NA,NA,0.0,0,-42.89,-38.62,[],0,0,[],[]
5201310,5204570,NA,TVF,0.0,124,pause,NA,NA,NA,NA,0.0,0,-41.53,-33.09,[],0,0,[],[]
5204570,5205630,NA,TVF,0.0,124,pause,NA,NA,NA,NA,0.0,0,-41.46,-35.48,[],0,0,[],[]
5205630,5207410,NA,TVN,0.0,124,pause,NA,NA,NA,NA,0.0,0,-40.45,-30.71,[],0,0,[],[]
5207410,5208520,NA,TVF,0.0,124,pause,NA,NA,NA,NA,0.0,0,-39.65,-33.95,[],0,0,[],[]
5208520,5209640,NA,TVN,0.0,124,pause,NA,NA,NA,NA,0.0,0,-37.47,-29.35,[],0,0,[],[]
5209640,5212060,NA,TVF,0.0,124,pause,NA,NA,NA,NA,0.0,0,-41.81,-29.53,[],0,0,[],[]
5212060,5213090,NA,SIL,0.0,124,pause,NA,NA,NA,NA,0.0,0,-41.88,-27.53,[],0,0,[],[]
5213090,5217290,NA,TVF,0.0,124,pause,NA,NA,NA,NA,0.0,0,-40.5,-22.32,[],0,0,[],[]
5217290,5218090,NA,TVN,0.0,124,pause,NA,NA,NA,NA,0.0,0,-38.66,-32.27,[],0,0,[],[]
5218090,5219120,NA,TVN,0.0,124,pause,NA,NA,NA,NA,0.0,0,-39.92,-35.31,[],0,0,[],[]
5219120,5219920,NA,TVF,0.0,124,pause,NA,NA,NA,NA,0.0,0,-38.84,-31.97,[],0,0,[],[]
5219920,5221350,NA,TVF,0.0,124,pause,NA,NA,NA,NA,0.0,0,-37.34,-29.89,[],0,0,[],[]
5221350,5223760,NA,TVN,0.0,124,pause,NA,NA,NA,NA,0.0,0,-42.79,-33.45,[],0,0,[],[]
5223760,5224660,NA,SIL,0.0,124,pause,NA,NA,NA,NA,0.0,0,-45.11,-39.75,[],0,0,[],[]
5224660,5225820,NA,TVF,0.0,124,pause,NA,NA,NA,NA,0.0,0,-43.33,-35.85,[],0,0,[],[]
5225820,5226630,NA,SIL,0.0,124,pause,NA,NA,NA,NA,0.0,0,-44.13,-37.44,[],0,0,[],[]
5226630,5228610,NA,TVF,0.0,124,pause,NA,NA,NA,NA,0.0,0,-41.22,-31.05,[],0,0,[],[]
5228610,5229420,NA,SIL,0.0,124,pause,NA,NA,NA,NA,0.0,0,-43.01,-35.68,[],0,0,[],[]
5229420,5230290,NA,TVF,0.0,124,pause,NA,NA,NA,NA,0.0,0,-41.85,-28.95,[],0,0,[],[]
5230290,5231430,NA,SIL,0.0,124,pause,NA,NA,NA,NA,0.0,0,-44.82,-38.69,[],0,0,[],[]
5231430,5232690,NA,TVF,0.0,124,pause,NA,NA,NA,NA,0.0,0,-39.4,-25.24,[],0,0,[],[]
5232690,5233970,NA,SIL,0.0,124,pause,NA,NA,NA,NA,0.0,0,-43.41,-35.67,[],0,0,[],[]
5233970,5235280,NA,TVF,0.0,124,pause,NA,NA,NA,NA,0.0,0,-41.9,-34.39,[],0,0,[],[]
5235280,5236080,NA,TVF,0.0,124,pause,NA,NA,NA,NA,0.0,0,-27.72,-12.6,[],0,0,[],[]
5236080,5242270,NA,TVN,0.0,124,pause,NA,NA,NA,NA,0.0,0,-42.3,-24.65,[],0,0,[],[]
5242270,5243090,NA,TVF,0.0,124,pause,NA,NA,NA,NA,0.0,0,-32.78,-15.9,[],0,0,[],[]
5243090,5245410,NA,TVF,0.0,124,pause,NA,NA,NA,NA,0.0,0,-39.11,-23.44,[],0,0,[],[]
5245410,5246530,NA,TVF,0.0,124,pause,NA,NA,NA,NA,0.0,0,-43.39,-35.79,[],0,0,[],[]
5246530,5248510,NA,TVN,0.0,124,pause,NA,NA,NA,NA,0.0,0,-37.19,-20.54,[],0,0,[],[]
5248510,5249530,NA,TVF,0.0,124,pause,NA,NA,NA,NA,0.0,0,-39.55,-24.83,[],0,0,[],[]
5249530,5250710,NA,TVN,0.0,124,pause,NA,NA,NA,NA,0.0,0,-38.71,-23.54,[],0,0,[],[]
5250710,5251760,NA,TVN,0.0,124,pause,NA,NA,NA,NA,0.0,0,-35.51,-20.94,[],0,0,[],[]
5251760,5255350,NA,TVN,0.0,124,pause,NA,NA,NA,NA,0.0,0,-39.69,-23.0,[],0,0,[],[]
5255350,5257350,NA,TVN,0.0,124,pause,NA,NA,NA,NA,0.0,0,-37.79,-29.78,[],0,0,[],[]
5257350,5258930,NA,TVN,0.0,124,pause,NA,NA,NA,NA,0.0,0,-42.19,-34.76,[],0,0,[],[]
5258930,5260640,NA,TVF,0.0,124,pause,NA,NA,NA,NA,0.0,0,-39.46,-28.41,[],0,0,[],[]
5260640,5265010,NA,TVF,0.0,124,pause,NA,NA,NA,NA,0.0,0,-36.05,-10.85,[],0,0,[],[]
5265010,5266150,NA,SIL,0.0,124,pause,NA,NA,NA,NA,0.0,0,-42.44,-32.52,[],0,0,[],[]
5266150,5267080,NA,TVF,0.0,124,pause,NA,NA,NA,NA,0.0,0,-36.79,-25.51,[],0,0,[],[]
5267080,5268080,NA,TVF,0.0,124,pause,NA,NA,NA,NA,0.0,0,-41.86,-31.55,[],0,0,[],[]
5268080,5269010,NA,TVN,0.0,124,pause,NA,NA,NA,NA,0.0,0,-37.85,-26.06,[],0,0,[],[]
5269010,5271720,NA,TVN,0.0,124,pause,NA,NA,NA,NA,0.0,0,-42.37,-31.1,[],0,0,[],[]
5271720,5272900,NA,TVN,0.0,124,pause,NA,NA,NA,NA,0.0,0,-45.04,-41.7,[],0,0,[],[]
5272900,5274110,NA,TVF,0.0,124,pause,NA,NA,NA,NA,0.0,0,-39.73,-32.37,[],0,0,[],[]
5274110,5275400,NA,TVF,0.0,124,pause,NA,NA,NA,NA,0.0,0,-38.24,-26.42,[],0,0,[],[]
5275400,5276390,NA,SIL,0.0,124,pause,NA,NA,NA,NA,0.0,0,-39.05,-26.16,[],0,0,[],[]
5276390,5277230,NA,TVF,0.0,124,pause,NA,NA,NA,NA,0.0,0,-37.67,-21.72,[],0,0,[],[]
5277230,5278040,NA,TVN,0.0,124,pause,NA,NA,NA,NA,0.0,0,-36.53,-28.17,[],0,0,[],[]
5278040,5279660,NA,TVN,0.0,124,pause,NA,NA,NA,NA,0.0,0,-39.82,-30.84,[],0,0,[],[]
5279660,5282800,NA,SIL,0.0,124,pause,NA,NA,NA,NA,0.0,0,-44.77,-32.55,[],0,0,[],[]
5282800,5284080,NA,OLN,0.0,124,pause,NA,NA,NA,NA,0.0,0,-27.49,-14.19,[],0,0,[],[]
5284080,5285630,NA,TVF,0.0,124,pause,NA,NA,NA,NA,0.0,0,-45.16,-38.35,[],0,0,[],[]
5285630,5287620,NA,TVF,0.0,124,pause,NA,NA,NA,NA,0.0,0,-32.51,-19.22,[],0,0,[],[]
5287620,5288580,NA,OLN,0.0,124,pause,NA,NA,NA,NA,0.0,0,-26.34,-13.75,[],0,0,[],[]
5288580,5289430,NA,SIL,0.0,124,pause,NA,NA,NA,NA,0.0,0,-41.78,-33.94,[],0,0,[],[]
5289430,5290240,NA,TVN,0.0,124,pause,NA,NA,NA,NA,0.0,0,-32.14,-20.19,[],0,0,[],[]
5290240,5291040,NA,TVF,0.0,124,pause,NA,NA,NA,NA,0.0,0,-43.64,-37.26,[],0,0,[],[]
5291040,5291860,NA,TVN,0.0,124,pause,NA,NA,NA,NA,0.0,0,-31.6,-20.09,[],0,0,[],[]
5291860,5292730,NA,SIL,0.0,124,pause,NA,NA,NA,NA,0.0,0,-41.72,-32.65,[],0,0,[],[]
5292730,5293530,NA,TVN,0.0,124,pause,NA,NA,NA,NA,0.0,0,-33.19,-22.67,[],0,0,[],[]
5293530,5296170,NA,TVF,0.0,124,pause,NA,NA,NA,NA,0.0,0,-33.51,-17.6,[],0,0,[],[]
5296170,5297550,NA,TVF,0.0,124,pause,NA,NA,NA,NA,0.0,0,-42.09,-29.78,[],0,0,[],[]
5297550,5298620,NA,TVN,0.0,124,pause,NA,NA,NA,NA,0.0,0,-33.42,-27.32,[],0,0,[],[]
5298620,5299420,NA,TVF,0.0,124,pause,NA,NA,NA,NA,0.0,0,-39.08,-28.14,[],0,0,[],[]
5299420,5300220,NA,TVF,0.0,124,pause,NA,NA,NA,NA,0.0,0,-32.52,-21.89,[],0,0,[],[]
5300220,5306900,NA,SIL,0.0,124,pause,NA,NA,NA,NA,0.0,0,-44.44,-28.29,[],0,0,[],[]
5306900,5307710,NA,TVF,0.0,124,pause,NA,NA,NA,NA,0.0,0,-32.74,-20.43,[],0,0,[],[]
5307710,5309420,NA,TVF,0.0,124,pause,NA,NA,NA,NA,0.0,0,-42.27,-35.9,[],0,0,[],[]
5309420,5310220,NA,TVF,0.0,124,pause,NA,NA,NA,NA,0.0,0,-29.1,-10.86,[],0,0,[],[]
5310220,5311650,NA,TVN,0.0,124,pause,NA,NA,NA,NA,0.0,0,-37.75,-30.81,[],0,0,[],[]
5311650,5312540,NA,TVF,0.0,124,pause,NA,NA,NA,NA,0.0,0,-36.97,-30.38,[],0,0,[],[]
5312540,5316320,NA,TVF,0.0,124,pause,NA,NA,NA,NA,0.0,0,-34.43,-18.34,[],0,0,[],[]
5316320,5317330,NA,TVF,0.0,124,pause,NA,NA,NA,NA,0.0,0,-43.54,-40.16,[],0,0,[],[]
5317330,5319000,NA,TVF,0.0,124,pause,NA,NA,NA,NA,0.0,0,-34.01,-25.71,[],0,0,[],[]
5319000,5320130,NA,TVN,0.0,124,pause,NA,NA,NA,NA,0.0,0,-40.8,-29.53,[],0,0,[],[]
5320130,5321050,NA,TVN,0.0,124,pause,NA,NA,NA,NA,0.0,0,-43.13,-36.81,[],0,0,[],[]
5321050,5321850,NA,SIL,0.0,124,pause,NA,NA,NA,NA,0.0,0,-39.56,-29.86,[],0,0,[],[]
5321850,5322940,NA,TVN,0.0,124,pause,NA,NA,NA,NA,0.0,0,-44.3,-40.26,[],0,0,[],[]
5322940,5323740,NA,TVN,0.0,124,pause,NA,NA,NA,NA,0.0,0,-44.04,-38.63,[],0,0,[],[]
5323740,5325130,NA,TVN,0.0,124,pause,NA,NA,NA,NA,0.0,0,-28.98,-18.42,[],0,0,[],[]
5325130,5326020,NA,TVF,0.0,124,pause,NA,NA,NA,NA,0.0,0,-34.66,-23.33,[],0,0,[],[]
5326020,5330870,NA,TVF,0.0,124,pause,NA,NA,NA,NA,0.0,0,-35.66,-22.6,[],0,0,[],[]
5330870,5331890,NA,TVN,0.0,124,pause,NA,NA,NA,NA,0.0,0,-41.23,-30.87,[],0,0,[],[]
5331890,5333690,NA,TVN,0.0,124,pause,NA,NA,NA,NA,0.0,0,-36.09,-23.05,[],0,0,[],[]
5333690,5336170,NA,TVN,0.0,124,pause,NA,NA,NA,NA,0.0,0,-40.76,-28.27,[],0,0,[],[]
5336170,5337200,NA,TVN,0.0,124,pause,NA,NA,NA,NA,0.0,0,-37.13,-27.33,[],0,0,[],[]
5337200,5338090,NA,SIL,0.0,124,pause,NA,NA,NA,NA,0.0,0,-45.07,-41.67,[],0,0,[],[]
5338090,5339490,NA,TVN,0.0,124,pause,NA,NA,NA,NA,0.0,0,-39.95,-31.19,[],0,0,[],[]
5339490,5341310,NA,TVN,0.0,124,pause,NA,NA,NA,NA,0.0,0,-37.63,-24.17,[],0,0,[],[]
5341310,5343420,NA,TVN,0.0,124,pause,NA,NA,NA,NA,0.0,0,-45.35,-40.96,[],0,0,[],[]
5343420,5344690,NA,TVN,0.0,124,pause,NA,NA,NA,NA,0.0,0,-33.5,-22.71,[],0,0,[],[]
5344690,5345750,NA,TVN,0.0,124,pause,NA,NA,NA,NA,0.0,0,-45.41,-41.25,[],0,0,[],[]
5345750,5347900,NA,TVN,0.0,124,pause,NA,NA,NA,NA,0.0,0,-46.05,-42.44,[],0,0,[],[]
5347900,5349810,NA,TVN,0.0,124,pause,NA,NA,NA,NA,0.0,0,-31.77,-22.36,[],0,0,[],[]
5349810,5351870,NA,TVN,0.0,124,pause,NA,NA,NA,NA,0.0,0,-45.45,-37.31,[],0,0,[],[]
5351870,5353820,NA,TVN,0.0,124,pause,NA,NA,NA,NA,0.0,0,-33.39,-25.47,[],0,0,[],[]
5353820,5355050,NA,TVN,0.0,124,pause,NA,NA,NA,NA,0.0,0,-43.58,-37.65,[],0,0,[],[]
5355050,5356080,NA,TVN,0.0,124,pause,NA,NA,NA,NA,0.0,0,-30.82,-21.83,[],0,0,[],[]
5356080,5357270,NA,TVF,0.0,124,pause,NA,NA,NA,NA,0.0,0,-38.9,-27.75,[],0,0,[],[]
5357270,5359890,NA,TVN,0.0,124,pause,NA,NA,NA,NA,0.0,0,-33.7,-21.06,[],0,0,[],[]
5359890,5360710,NA,TVN,0.0,124,pause,NA,NA,NA,NA,0.0,0,-42.31,-34.55,[],0,0,[],[]
5360710,5361540,NA,TVN,0.0,124,pause,NA,NA,NA,NA,0.0,0,-41.57,-35.24,[],0,0,[],[]
5361540,5362640,NA,TVF,0.0,124,pause,NA,NA,NA,NA,0.0,0,-44.74,-40.39,[],0,0,[],[]
5362640,5363670,NA,TVN,0.0,124,pause,NA,NA,NA,NA,0.0,0,-41.73,-35.03,[],0,0,[],[]
5363670,5364880,NA,SIL,0.0,124,pause,NA,NA,NA,NA,0.0,0,-38.04,-31.0,[],0,0,[],[]
5364880,5365970,NA,TVN,0.0,124,pause,NA,NA,NA,NA,0.0,0,-31.96,-25.72,[],0,0,[],[]
5365970,5366950,NA,SIL,0.0,124,pause,NA,NA,NA,NA,0.0,0,-46.17,-41.96,[],0,0,[],[]
5366950,5370300,NA,TVN,0.0,124,pause,NA,NA,NA,NA,0.0,0,-36.29,-26.09,[],0,0,[],[]
5370300,5371300,NA,TVN,0.0,124,pause,NA,NA,NA,NA,0.0,0,-46.14,-41.62,[],0,0,[],[]
5371300,5372300,NA,TVF,0.0,124,pause,NA,NA,NA,NA,0.0,0,-33.1,-26.32,[],0,0,[],[]
5372300,5374310,NA,TVN,0.0,124,pause,NA,NA,NA,NA,0.0,0,-39.5,-26.69,[],0,0,[],[]
5374310,5375590,NA,TVN,0.0,124,pause,NA,NA,NA,NA,0.0,0,-45.14,-36.96,[],0,0,[],[]
5375590,5376390,NA,TVN,0.0,124,pause,NA,NA,NA,NA,0.0,0,-43.89,-38.99,[],0,0,[],[]
5376390,5377830,NA,TVN,0.0,124,pause,NA,NA,NA,NA,0.0,0,-45.54,-42.04,[],0,0,[],[]
5377830,5379430,NA,TVN,0.0,124,pause,NA,NA,NA,NA,0.0,0,-43.04,-35.34,[],0,0,[],[]
5379430,5380430,NA,TVN,0.0,124,pause,NA,NA,NA,NA,0.0,0,-46.25,-42.65,[],0,0,[],[]
5380430,5382000,NA,TVN,0.0,124,pause,NA,NA,NA,NA,0.0,0,-38.98,-30.98,[],0,0,[],[]
5382000,5382960,NA,TVN,0.0,124,pause,NA,NA,NA,NA,0.0,0,-40.0,-30.02,[],0,0,[],[]
5382960,5383970,NA,TVN,0.0,124,pause,NA,NA,NA,NA,0.0,0,-41.23,-30.17,[],0,0,[],[]
5383970,5385880,NA,TVN,0.0,124,pause,NA,NA,NA,NA,0.0,0,-41.19,-32.29,[],0,0,[],[]
5385880,5387650,NA,TVN,0.0,124,pause,NA,NA,NA,NA,0.0,0,-30.92,-19.12,[],0,0,[],[]
5387650,5389510,NA,TVN,0.0,124,pause,NA,NA,NA,NA,0.0,0,-43.01,-33.69,[],0,0,[],[]
5389510,5390310,NA,TVN,0.0,124,pause,NA,NA,NA,NA,0.0,0,-42.48,-27.62,[],0,0,[],[]
5390310,5392430,NA,TVN,0.0,124,pause,NA,NA,NA,NA,0.0,0,-44.32,-37.7,[],0,0,[],[]
5392430,5393430,NA,TVN,0.0,124,pause,NA,NA,NA,NA,0.0,0,-45.1,-42.2,[],0,0,[],[]
5393430,5395690,NA,TVN,0.0,124,pause,NA,NA,NA,NA,0.0,0,-45.53,-41.5,[],0,0,[],[]
5395690,5396570,NA,TVN,0.0,124,pause,NA,NA,NA,NA,0.0,0,-41.92,-37.26,[],0,0,[],[]
5396570,5397370,NA,TVN,0.0,124,pause,NA,NA,NA,NA,0.0,0,-43.59,-39.13,[],0,0,[],[]
5397370,5398370,NA,TVN,0.0,124,pause,NA,NA,NA,NA,0.0,0,-44.98,-38.54,[],0,0,[],[]
5398370,5399220,NA,TVN,0.0,124,pause,NA,NA,NA,NA,0.0,0,-42.94,-34.89,[],0,0,[],[]
5399220,5401930,NA,TVN,0.0,124,pause,NA,NA,NA,NA,0.0,0,-45.26,-39.84,[],0,0,[],[]
5401930,5402780,NA,TVN,0.0,124,pause,NA,NA,NA,NA,0.0,0,-44.34,-38.85,[],0,0,[],[]
5402780,5403880,NA,TVN,0.0,124,pause,NA,NA,NA,NA,0.0,0,-42.64,-31.76,[],0,0,[],[]
5403880,5405600,NA,TVN,0.0,124,pause,NA,NA,NA,NA,0.0,0,-44.43,-41.08,[],0,0,[],[]
5405600,5406750,NA,TVN,0.0,124,pause,NA,NA,NA,NA,0.0,0,-43.95,-37.92,[],0,0,[],[]
5406750,5407550,NA,TVN,0.0,124,pause,NA,NA,NA,NA,0.0,0,-43.58,-36.8,[],0,0,[],[]
5407550,5408450,NA,TVN,0.0,124,pause,NA,NA,NA,NA,0.0,0,-34.57,-23.63,[],0,0,[],[]
5408450,5409570,NA,TVF,0.0,124,pause,NA,NA,NA,NA,0.0,0,-40.57,-33.23,[],0,0,[],[]
5409570,5410910,NA,TVN,0.0,124,pause,NA,NA,NA,NA,0.0,0,-38.21,-28.87,[],0,0,[],[]
5410910,5416070,NA,TVN,0.0,124,pause,NA,NA,NA,NA,0.0,0,-41.9,-29.35,[],0,0,[],[]
5416070,5416960,NA,TVF,0.0,124,pause,NA,NA,NA,NA,0.0,0,-41.6,-28.57,[],0,0,[],[]
5416960,5417810,NA,OLF,0.0,124,pause,NA,NA,NA,NA,0.0,0,-28.35,-18.51,[],0,0,[],[]
5417810,5419120,NA,TVN,0.0,124,pause,NA,NA,NA,NA,0.0,0,-38.48,-27.64,[],0,0,[],[]
5419120,5422000,NA,TVF,0.0,124,pause,NA,NA,NA,NA,0.0,0,-43.06,-30.04,[],0,0,[],[]
5422000,5422800,NA,SIL,0.0,124,pause,NA,NA,NA,NA,0.0,0,-45.32,-34.78,[],0,0,[],[]
5422800,5426030,NA,TVN,0.0,124,pause,NA,NA,NA,NA,0.0,0,-44.03,-34.14,[],0,0,[],[]
5426030,5427870,NA,TVN,0.0,124,pause,NA,NA,NA,NA,0.0,0,-24.3,-5.66,[],0,0,[],[]
5427870,5429370,NA,TVN,0.0,124,pause,NA,NA,NA,NA,0.0,0,-42.97,-33.43,[],0,0,[],[]
5429370,5430480,NA,TVF,0.0,124,pause,NA,NA,NA,NA,0.0,0,-14.85,-1.72,[],0,0,[],[]
5430480,5431930,NA,OLF,0.0,124,pause,NA,NA,NA,NA,0.0,0,-22.52,-2.54,[],0,0,[],[]
5431930,5433000,NA,TVF,0.0,124,pause,NA,NA,NA,NA,0.0,0,-38.18,-31.03,[],0,0,[],[]
5433000,5434200,NA,FAF,0.0,124,pause,NA,NA,NA,NA,0.0,0,-33.74,-26.35,[],0,0,[],[]
5434200,5435550,NA,TVF,0.0,124,pause,NA,NA,NA,NA,0.0,0,-40.16,-32.12,[],0,0,[],[]
5435550,5437230,NA,TVF,0.0,124,pause,NA,NA,NA,NA,0.0,0,-38.94,-27.79,[],0,0,[],[]
5437230,5438790,NA,TVF,0.0,124,pause,NA,NA,NA,NA,0.0,0,-34.54,-20.19,[],0,0,[],[]
5438790,5441760,NA,TVF,0.0,124,pause,NA,NA,NA,NA,0.0,0,-32.67,-16.39,[],0,0,[],[]
5441760,5442860,NA,TVF,0.0,124,pause,NA,NA,NA,NA,0.0,0,-41.87,-33.2,[],0,0,[],[]
5442860,5444070,NA,TVF,0.0,124,pause,NA,NA,NA,NA,0.0,0,-42.32,-32.2,[],0,0,[],[]
5444070,5444870,NA,SIL,0.0,124,pause,NA,NA,NA,NA,0.0,0,-44.82,-36.23,[],0,0,[],[]
5444870,5447010,NA,TVF,0.0,124,pause,NA,NA,NA,NA,0.0,0,-38.21,-27.75,[],0,0,[],[]
5447010,5447810,NA,TVF,0.0,124,pause,NA,NA,NA,NA,0.0,0,-38.4,-24.38,[],0,0,[],[]
5447810,5448810,NA,TVN,0.0,124,pause,NA,NA,NA,NA,0.0,0,-35.81,-28.86,[],0,0,[],[]
5448810,5449610,NA,SIL,0.0,124,pause,NA,NA,NA,NA,0.0,0,-43.78,-34.01,[],0,0,[],[]
5449610,5450430,NA,TVF,0.0,124,pause,NA,NA,NA,NA,0.0,0,-37.72,-27.69,[],0,0,[],[]
5450430,5452450,NA,TVF,0.0,124,pause,NA,NA,NA,NA,0.0,0,-45.95,-34.78,[],0,0,[],[]
5452450,5453610,NA,NOF,0.0,124,pause,NA,NA,NA,NA,0.0,0,-44.97,-33.94,[],0,0,[],[]
5453610,5454840,NA,TVF,0.0,124,pause,NA,NA,NA,NA,0.0,0,-32.31,-22.74,[],0,0,[],[]
5454840,5455600,CHI,CHN,0.0,124,CM,EC,0,NT,FI,1.0,760,-13.6,-11.25,"[{'Canonical-syllable': '0', 'Growl': '0', 'High-freq-energy': '0', 'Long-island': '1', 'Low-tilt-spectrum': '0', 'Medium-island': '0', 'Short-island': '0', 'Squeal': '0', 'Typical-entropy': '0', 'Voicing-quality': '1', 'Wide-band': '0', 'Xlong-island': '0', 'seq': '1', 'end': 5455.6, 'start': 5454.84}]",0,0,[],[]
5455600,5456500,NA,OLF,0.0,125,pause,NA,NA,NA,NA,0.0,0,-23.5,-7.87,[],0,0,[],[]
5456500,5457620,NA,TVN,0.0,125,pause,NA,NA,NA,NA,0.0,0,-42.86,-36.55,[],0,0,[],[]
5457620,5458930,NA,TVN,0.0,125,pause,NA,NA,NA,NA,0.0,0,-35.73,-25.39,[],0,0,[],[]
5458930,5459930,NA,TVN,0.0,125,pause,NA,NA,NA,NA,0.0,0,-34.77,-17.8,[],0,0,[],[]
5459930,5460730,NA,TVN,0.0,125,pause,NA,NA,NA,NA,0.0,0,-43.28,-39.99,[],0,0,[],[]
5460730,5468590,NA,TVN,0.0,125,pause,NA,NA,NA,NA,0.0,0,-42.5,-25.25,[],0,0,[],[]
5468590,5469840,NA,TVN,0.0,125,pause,NA,NA,NA,NA,0.0,0,-38.68,-31.22,[],0,0,[],[]
5469840,5471070,NA,TVN,0.0,125,pause,NA,NA,NA,NA,0.0,0,-38.47,-28.93,[],0,0,[],[]
5471070,5471870,NA,TVF,0.0,125,pause,NA,NA,NA,NA,0.0,0,-34.36,-27.92,[],0,0,[],[]
5471870,5473330,NA,TVF,0.0,125,pause,NA,NA,NA,NA,0.0,0,-39.04,-30.9,[],0,0,[],[]
5473330,5474140,NA,TVN,0.0,125,pause,NA,NA,NA,NA,0.0,0,-42.24,-33.75,[],0,0,[],[]
5474140,5474940,NA,TVN,0.0,125,pause,NA,NA,NA,NA,0.0,0,-34.36,-28.81,[],0,0,[],[]
5474940,5476310,NA,TVF,0.0,125,pause,NA,NA,NA,NA,0.0,0,-39.33,-33.88,[],0,0,[],[]
5476310,5477310,NA,TVN,0.0,125,pause,NA,NA,NA,NA,0.0,0,-44.75,-39.34,[],0,0,[],[]
5477310,5478110,NA,TVF,0.0,125,pause,NA,NA,NA,NA,0.0,0,-39.15,-30.2,[],0,0,[],[]
5478110,5480410,NA,TVF,0.0,125,pause,NA,NA,NA,NA,0.0,0,-43.28,-29.83,[],0,0,[],[]
5480410,5482070,NA,TVF,0.0,125,pause,NA,NA,NA,NA,0.0,0,-42.1,-29.34,[],0,0,[],[]
5482070,5483070,NA,TVF,0.0,125,pause,NA,NA,NA,NA,0.0,0,-41.58,-34.66,[],0,0,[],[]
5483070,5483990,NA,TVF,0.0,125,pause,NA,NA,NA,NA,0.0,0,-35.43,-22.49,[],0,0,[],[]
5483990,5484800,NA,TVF,0.0,125,pause,NA,NA,NA,NA,0.0,0,-45.4,-41.02,[],0,0,[],[]
5484800,5485710,NA,SIL,0.0,125,pause,NA,NA,NA,NA,0.0,0,-47.55,-44.74,[],0,0,[],[]
5485710,5487180,NA,TVF,0.0,125,pause,NA,NA,NA,NA,0.0,0,-45.39,-37.43,[],0,0,[],[]
5487180,5488740,NA,TVF,0.0,125,pause,NA,NA,NA,NA,0.0,0,-45.9,-39.87,[],0,0,[],[]
5488740,5490920,NA,SIL,0.0,125,pause,NA,NA,NA,NA,0.0,0,-48.0,-42.45,[],0,0,[],[]
5490920,5492040,NA,TVF,0.0,125,pause,NA,NA,NA,NA,0.0,0,-47.37,-44.34,[],0,0,[],[]
5492040,5493050,NA,TVF,0.0,125,pause,NA,NA,NA,NA,0.0,0,-47.49,-44.87,[],0,0,[],[]
5493050,5494070,NA,SIL,0.0,125,pause,NA,NA,NA,NA,0.0,0,-47.73,-43.89,[],0,0,[],[]
5494070,5495230,NA,TVF,0.0,125,pause,NA,NA,NA,NA,0.0,0,-47.34,-44.15,[],0,0,[],[]
5495230,5496570,NA,TVF,0.0,125,pause,NA,NA,NA,NA,0.0,0,-47.13,-43.05,[],0,0,[],[]
5496570,5497430,NA,SIL,0.0,125,pause,NA,NA,NA,NA,0.0,0,-47.67,-44.19,[],0,0,[],[]
5497430,5498770,NA,TVF,0.0,125,pause,NA,NA,NA,NA,0.0,0,-44.79,-35.65,[],0,0,[],[]
5498770,5499570,NA,SIL,0.0,125,pause,NA,NA,NA,NA,0.0,0,-47.73,-45.1,[],0,0,[],[]
5499570,5500630,NA,TVF,0.0,125,pause,NA,NA,NA,NA,0.0,0,-46.28,-37.75,[],0,0,[],[]
5500630,5501860,NA,TVF,0.0,125,pause,NA,NA,NA,NA,0.0,0,-46.39,-39.38,[],0,0,[],[]
5501860,5502870,NA,SIL,0.0,125,pause,NA,NA,NA,NA,0.0,0,-47.69,-44.83,[],0,0,[],[]
5502870,5504150,NA,TVF,0.0,125,pause,NA,NA,NA,NA,0.0,0,-45.84,-38.56,[],0,0,[],[]
5504150,5505270,NA,SIL,0.0,125,pause,NA,NA,NA,NA,0.0,0,-47.95,-44.38,[],0,0,[],[]
5505270,5506430,NA,TVF,0.0,125,pause,NA,NA,NA,NA,0.0,0,-47.61,-44.3,[],0,0,[],[]
5506430,5507490,NA,SIL,0.0,125,pause,NA,NA,NA,NA,0.0,0,-47.37,-44.17,[],0,0,[],[]
5507490,5508320,NA,TVF,0.0,125,pause,NA,NA,NA,NA,0.0,0,-46.88,-43.08,[],0,0,[],[]
5508320,5511260,NA,SIL,0.0,125,pause,NA,NA,NA,NA,0.0,0,-47.47,-43.11,[],0,0,[],[]
5511260,5512070,NA,TVF,0.0,125,pause,NA,NA,NA,NA,0.0,0,-47.32,-43.6,[],0,0,[],[]
5512070,5513900,NA,SIL,0.0,125,pause,NA,NA,NA,NA,0.0,0,-47.54,-42.75,[],0,0,[],[]
5513900,5514710,NA,TVF,0.0,125,pause,NA,NA,NA,NA,0.0,0,-47.5,-44.17,[],0,0,[],[]
5514710,5516210,NA,SIL,0.0,125,pause,NA,NA,NA,NA,0.0,0,-47.2,-43.35,[],0,0,[],[]
5516210,5517360,NA,TVF,0.0,125,pause,NA,NA,NA,NA,0.0,0,-46.01,-41.27,[],0,0,[],[]
5517360,5521300,NA,SIL,0.0,125,pause,NA,NA,NA,NA,0.0,0,-47.42,-42.85,[],0,0,[],[]
5521300,5522300,NA,TVF,0.0,125,pause,NA,NA,NA,NA,0.0,0,-47.23,-42.47,[],0,0,[],[]
5522300,5527070,NA,SIL,0.0,125,pause,NA,NA,NA,NA,0.0,0,-48.12,-43.61,[],0,0,[],[]
5527070,5528070,NA,TVF,0.0,125,pause,NA,NA,NA,NA,0.0,0,-48.27,-46.0,[],0,0,[],[]
5528070,5535360,NA,SIL,0.0,125,pause,NA,NA,NA,NA,0.0,0,-48.43,-44.23,[],0,0,[],[]
5535360,5536360,NA,TVN,0.0,125,pause,NA,NA,NA,NA,0.0,0,-46.5,-42.42,[],0,0,[],[]
5536360,5537170,NA,SIL,0.0,125,pause,NA,NA,NA,NA,0.0,0,-47.74,-43.32,[],0,0,[],[]
5537170,5538770,NA,TVN,0.0,125,pause,NA,NA,NA,NA,0.0,0,-46.74,-42.86,[],0,0,[],[]
5538770,5552170,NA,SIL,0.0,125,pause,NA,NA,NA,NA,0.0,0,-47.68,-40.09,[],0,0,[],[]
5552170,5553170,NA,TVF,0.0,125,pause,NA,NA,NA,NA,0.0,0,-46.4,-41.73,[],0,0,[],[]
5553170,5556310,NA,SIL,0.0,125,pause,NA,NA,NA,NA,0.0,0,-46.98,-41.28,[],0,0,[],[]
5556310,5557360,NA,TVF,0.0,125,pause,NA,NA,NA,NA,0.0,0,-45.38,-41.63,[],0,0,[],[]
5557360,5558720,NA,SIL,0.0,125,pause,NA,NA,NA,NA,0.0,0,-47.93,-44.19,[],0,0,[],[]
5558720,5560530,NA,TVN,0.0,125,pause,NA,NA,NA,NA,0.0,0,-46.23,-41.75,[],0,0,[],[]
5560530,5567920,NA,SIL,0.0,125,pause,NA,NA,NA,NA,0.0,0,-47.64,-41.19,[],0,0,[],[]
5567920,5569280,NA,TVF,0.0,125,pause,NA,NA,NA,NA,0.0,0,-46.88,-40.4,[],0,0,[],[]
5569280,5570140,NA,SIL,0.0,125,pause,NA,NA,NA,NA,0.0,0,-46.99,-41.18,[],0,0,[],[]
5570140,5571270,NA,TVN,0.0,125,pause,NA,NA,NA,NA,0.0,0,-46.78,-42.17,[],0,0,[],[]
5571270,5572410,NA,SIL,0.0,125,pause,NA,NA,NA,NA,0.0,0,-47.59,-42.82,[],0,0,[],[]
5572410,5573210,NA,TVF,0.0,125,pause,NA,NA,NA,NA,0.0,0,-46.72,-42.36,[],0,0,[],[]
5573210,5574230,NA,TVN,0.0,125,pause,NA,NA,NA,NA,0.0,0,-46.85,-41.9,[],0,0,[],[]
5574230,5575030,NA,TVF,0.0,125,pause,NA,NA,NA,NA,0.0,0,-45.38,-40.36,[],0,0,[],[]
5575030,5576620,NA,SIL,0.0,125,pause,NA,NA,NA,NA,0.0,0,-47.28,-41.33,[],0,0,[],[]
5576620,5577620,NA,TVF,0.0,125,pause,NA,NA,NA,NA,0.0,0,-46.26,-39.66,[],0,0,[],[]
5577620,5578550,NA,SIL,0.0,125,pause,NA,NA,NA,NA,0.0,0,-48.1,-44.95,[],0,0,[],[]
5578550,5580850,NA,TVF,0.0,125,pause,NA,NA,NA,NA,0.0,0,-46.43,-41.12,[],0,0,[],[]
5580850,5581810,NA,SIL,0.0,125,pause,NA,NA,NA,NA,0.0,0,-47.43,-43.44,[],0,0,[],[]
5581810,5582810,NA,TVF,0.0,125,pause,NA,NA,NA,NA,0.0,0,-47.08,-41.25,[],0,0,[],[]
5582810,5586300,NA,SIL,0.0,125,pause,NA,NA,NA,NA,0.0,0,-47.98,-44.91,[],0,0,[],[]
5586300,5587540,NA,TVF,0.0,125,pause,NA,NA,NA,NA,0.0,0,-46.42,-42.2,[],0,0,[],[]
5587540,5588340,NA,TVF,0.0,125,pause,NA,NA,NA,NA,0.0,0,-44.19,-38.58,[],0,0,[],[]
5588340,5589160,NA,SIL,0.0,125,pause,NA,NA,NA,NA,0.0,0,-46.77,-40.22,[],0,0,[],[]
5589160,5590210,NA,TVF,0.0,125,pause,NA,NA,NA,NA,0.0,0,-44.34,-39.57,[],0,0,[],[]
5590210,5591030,NA,TVF,0.0,125,pause,NA,NA,NA,NA,0.0,0,-45.08,-40.54,[],0,0,[],[]
5591030,5592490,NA,SIL,0.0,125,pause,NA,NA,NA,NA,0.0,0,-47.88,-40.97,[],0,0,[],[]
5592490,5593380,NA,TVF,0.0,125,pause,NA,NA,NA,NA,0.0,0,-45.15,-40.85,[],0,0,[],[]
5593380,5594200,NA,TVF,0.0,125,pause,NA,NA,NA,NA,0.0,0,-46.31,-41.18,[],0,0,[],[]
5594200,5597950,NA,SIL,0.0,125,pause,NA,NA,NA,NA,0.0,0,-48.03,-38.62,[],0,0,[],[]
5597950,5598950,NA,TVF,0.0,125,pause,NA,NA,NA,NA,0.0,0,-46.94,-43.52,[],0,0,[],[]
5598950,5599810,NA,SIL,0.0,125,pause,NA,NA,NA,NA,0.0,0,-47.68,-43.05,[],0,0,[],[]
5599810,5601640,NA,TVF,0.0,125,pause,NA,NA,NA,NA,0.0,0,-40.98,-33.7,[],0,0,[],[]
5601640,5603040,NA,SIL,0.0,125,pause,NA,NA,NA,NA,0.0,0,-48.46,-45.93,[],0,0,[],[]
5603040,5604040,NA,TVF,0.0,125,pause,NA,NA,NA,NA,0.0,0,-41.46,-35.41,[],0,0,[],[]
5604040,5606410,NA,TVF,0.0,125,pause,NA,NA,NA,NA,0.0,0,-45.98,-39.09,[],0,0,[],[]
5606410,5607410,NA,TVF,0.0,125,pause,NA,NA,NA,NA,0.0,0,-44.34,-38.46,[],0,0,[],[]
5607410,5608210,NA,TVF,0.0,125,pause,NA,NA,NA,NA,0.0,0,-43.58,-38.9,[],0,0,[],[]
5608210,5610230,NA,TVN,0.0,125,pause,NA,NA,NA,NA,0.0,0,-44.36,-37.79,[],0,0,[],[]
5610230,5612160,NA,TVF,0.0,125,pause,NA,NA,NA,NA,0.0,0,-42.07,-32.48,[],0,0,[],[]
5612160,5614290,NA,SIL,0.0,125,pause,NA,NA,NA,NA,0.0,0,-46.51,-39.69,[],0,0,[],[]
5614290,5615130,NA,TVF,0.0,125,pause,NA,NA,NA,NA,0.0,0,-42.88,-37.14,[],0,0,[],[]
5615130,5616700,NA,SIL,0.0,125,pause,NA,NA,NA,NA,0.0,0,-47.11,-43.27,[],0,0,[],[]
5616700,5617500,NA,TVF,0.0,125,pause,NA,NA,NA,NA,0.0,0,-46.55,-41.79,[],0,0,[],[]
5617500,5619360,NA,SIL,0.0,125,pause,NA,NA,NA,NA,0.0,0,-48.76,-45.82,[],0,0,[],[]
5619360,5620790,NA,TVN,0.0,125,pause,NA,NA,NA,NA,0.0,0,-46.94,-42.55,[],0,0,[],[]
5620790,5621860,NA,SIL,0.0,125,pause,NA,NA,NA,NA,0.0,0,-48.69,-45.83,[],0,0,[],[]
5621860,5623400,NA,TVN,0.0,125,pause,NA,NA,NA,NA,0.0,0,-47.55,-43.17,[],0,0,[],[]
5623400,5624750,NA,SIL,0.0,125,pause,NA,NA,NA,NA,0.0,0,-47.87,-43.87,[],0,0,[],[]
5624750,5626320,NA,TVF,0.0,125,pause,NA,NA,NA,NA,0.0,0,-46.72,-40.29,[],0,0,[],[]
5626320,5627480,NA,SIL,0.0,125,pause,NA,NA,NA,NA,0.0,0,-47.14,-41.68,[],0,0,[],[]
5627480,5628430,NA,TVF,0.0,125,pause,NA,NA,NA,NA,0.0,0,-45.91,-41.24,[],0,0,[],[]
5628430,5630500,NA,SIL,0.0,125,pause,NA,NA,NA,NA,0.0,0,-47.59,-43.78,[],0,0,[],[]
5630500,5631780,NA,TVN,0.0,125,pause,NA,NA,NA,NA,0.0,0,-46.43,-41.67,[],0,0,[],[]
5631780,5635680,NA,SIL,0.0,125,pause,NA,NA,NA,NA,0.0,0,-47.7,-43.42,[],0,0,[],[]
5635680,5636680,NA,TVF,0.0,125,pause,NA,NA,NA,NA,0.0,0,-46.63,-41.29,[],0,0,[],[]
5636680,5639440,NA,SIL,0.0,125,pause,NA,NA,NA,NA,0.0,0,-47.2,-41.33,[],0,0,[],[]
5639440,5640660,NA,TVF,0.0,125,pause,NA,NA,NA,NA,0.0,0,-47.02,-44.57,[],0,0,[],[]
5640660,5641620,NA,SIL,0.0,125,pause,NA,NA,NA,NA,0.0,0,-48.27,-45.95,[],0,0,[],[]
5641620,5642620,NA,TVF,0.0,125,pause,NA,NA,NA,NA,0.0,0,-46.64,-43.35,[],0,0,[],[]
5642620,5646070,NA,SIL,0.0,125,pause,NA,NA,NA,NA,0.0,0,-47.72,-42.76,[],0,0,[],[]
5646070,5647110,NA,TVF,0.0,125,pause,NA,NA,NA,NA,0.0,0,-47.78,-45.22,[],0,0,[],[]
5647110,5648110,NA,TVF,0.0,125,pause,NA,NA,NA,NA,0.0,0,-46.13,-43.77,[],0,0,[],[]
5648110,5649060,NA,SIL,0.0,125,pause,NA,NA,NA,NA,0.0,0,-46.22,-41.97,[],0,0,[],[]
5649060,5649870,NA,TVF,0.0,125,pause,NA,NA,NA,NA,0.0,0,-40.96,-36.32,[],0,0,[],[]
5649870,5650860,NA,SIL,0.0,125,pause,NA,NA,NA,NA,0.0,0,-48.0,-44.74,[],0,0,[],[]
5650860,5652190,NA,TVF,0.0,125,pause,NA,NA,NA,NA,0.0,0,-46.78,-43.8,[],0,0,[],[]
5652190,5653020,NA,SIL,0.0,125,pause,NA,NA,NA,NA,0.0,0,-47.51,-43.65,[],0,0,[],[]
5653020,5654020,NA,TVF,0.0,125,pause,NA,NA,NA,NA,0.0,0,-46.41,-40.21,[],0,0,[],[]
5654020,5656460,NA,SIL,0.0,125,pause,NA,NA,NA,NA,0.0,0,-47.76,-43.76,[],0,0,[],[]
5656460,5657810,NA,TVN,0.0,125,pause,NA,NA,NA,NA,0.0,0,-46.44,-43.11,[],0,0,[],[]
5657810,5663000,NA,SIL,0.0,125,pause,NA,NA,NA,NA,0.0,0,-47.64,-44.43,[],0,0,[],[]
5663000,5664050,NA,TVN,0.0,125,pause,NA,NA,NA,NA,0.0,0,-46.81,-41.61,[],0,0,[],[]
5664050,5665040,NA,SIL,0.0,125,pause,NA,NA,NA,NA,0.0,0,-47.6,-45.25,[],0,0,[],[]
5665040,5666070,NA,TVN,0.0,125,pause,NA,NA,NA,NA,0.0,0,-47.03,-42.88,[],0,0,[],[]
5666070,5667810,NA,SIL,0.0,125,pause,NA,NA,NA,NA,0.0,0,-47.96,-44.22,[],0,0,[],[]
5667810,5670120,NA,TVN,0.0,125,pause,NA,NA,NA,NA,0.0,0,-46.25,-41.23,[],0,0,[],[]
5670120,5671000,NA,SIL,0.0,125,pause,NA,NA,NA,NA,0.0,0,-47.06,-42.58,[],0,0,[],[]
5671000,5672000,NA,TVF,0.0,125,pause,NA,NA,NA,NA,0.0,0,-46.89,-43.03,[],0,0,[],[]
5672000,5674180,NA,SIL,0.0,125,pause,NA,NA,NA,NA,0.0,0,-48.33,-44.8,[],0,0,[],[]
5674180,5676730,NA,TVF,0.0,125,pause,NA,NA,NA,NA,0.0,0,-46.25,-42.85,[],0,0,[],[]
5676730,5677560,NA,SIL,0.0,125,pause,NA,NA,NA,NA,0.0,0,-46.59,-43.38,[],0,0,[],[]
5677560,5678700,NA,TVF,0.0,125,pause,NA,NA,NA,NA,0.0,0,-46.27,-42.69,[],0,0,[],[]
5678700,5684310,NA,SIL,0.0,125,pause,NA,NA,NA,NA,0.0,0,-46.82,-27.87,[],0,0,[],[]
5684310,5686250,NA,OLF,0.0,125,pause,NA,NA,NA,NA,0.0,0,-37.53,-29.43,[],0,0,[],[]
5686250,5687660,NA,NON,0.0,125,pause,NA,NA,NA,NA,0.0,0,-16.27,-1.72,[],0,0,[],[]
5687660,5688510,NA,SIL,0.0,125,pause,NA,NA,NA,NA,0.0,0,-42.52,-33.96,[],0,0,[],[]
5688510,5689940,NA,TVF,0.0,125,pause,NA,NA,NA,NA,0.0,0,-44.42,-40.6,[],0,0,[],[]
5689940,5690940,NA,TVF,0.0,125,pause,NA,NA,NA,NA,0.0,0,-43.44,-38.08,[],0,0,[],[]
5690940,5691980,NA,SIL,0.0,125,pause,NA,NA,NA,NA,0.0,0,-46.59,-43.27,[],0,0,[],[]
5691980,5693970,NA,TVF,0.0,125,pause,NA,NA,NA,NA,0.0,0,-37.9,-18.2,[],0,0,[],[]
5693970,5696600,NA,TVF,0.0,125,pause,NA,NA,NA,NA,0.0,0,-42.32,-32.88,[],0,0,[],[]
5696600,5697400,NA,TVF,0.0,125,pause,NA,NA,NA,NA,0.0,0,-39.22,-35.66,[],0,0,[],[]
5697400,5698240,NA,TVF,0.0,125,pause,NA,NA,NA,NA,0.0,0,-40.75,-34.13,[],0,0,[],[]
5698240,5699250,NA,TVN,0.0,125,pause,NA,NA,NA,NA,0.0,0,-37.3,-31.53,[],0,0,[],[]
5699250,5700130,NA,TVN,0.0,125,pause,NA,NA,NA,NA,0.0,0,-34.42,-30.48,[],0,0,[],[]
5700130,5702210,NA,TVN,0.0,125,pause,NA,NA,NA,NA,0.0,0,-31.94,-23.33,[],0,0,[],[]
5702210,5703710,NA,TVN,0.0,125,pause,NA,NA,NA,NA,0.0,0,-34.62,-24.16,[],0,0,[],[]
5703710,5704720,NA,TVN,0.0,125,pause,NA,NA,NA,NA,0.0,0,-36.39,-29.41,[],0,0,[],[]
5704720,5708830,NA,TVN,0.0,125,pause,NA,NA,NA,NA,0.0,0,-39.0,-33.21,[],0,0,[],[]
5708830,5710940,NA,TVN,0.0,125,pause,NA,NA,NA,NA,0.0,0,-28.81,-12.57,[],0,0,[],[]
5710940,5712250,NA,TVN,0.0,125,pause,NA,NA,NA,NA,0.0,0,-42.36,-37.6,[],0,0,[],[]
5712250,5714680,NA,TVN,0.0,125,pause,NA,NA,NA,NA,0.0,0,-35.21,-23.36,[],0,0,[],[]
5714680,5715810,NA,TVN,0.0,125,pause,NA,NA,NA,NA,0.0,0,-41.87,-35.06,[],0,0,[],[]
5715810,5717020,NA,TVF,0.0,125,pause,NA,NA,NA,NA,0.0,0,-39.04,-33.28,[],0,0,[],[]
5717020,5718490,NA,TVN,0.0,125,pause,NA,NA,NA,NA,0.0,0,-39.68,-33.78,[],0,0,[],[]
5718490,5720880,NA,OLN,0.0,125,pause,NA,NA,NA,NA,0.0,0,-34.0,-27.42,[],0,0,[],[]
5720880,5721890,NA,TVN,0.0,125,pause,NA,NA,NA,NA,0.0,0,-34.3,-27.14,[],0,0,[],[]
5721890,5723430,NA,TVN,0.0,125,pause,NA,NA,NA,NA,0.0,0,-31.14,-21.3,[],0,0,[],[]
5723430,5724430,NA,TVN,0.0,125,pause,NA,NA,NA,NA,0.0,0,-35.5,-31.2,[],0,0,[],[]
5724430,5725430,NA,TVN,0.0,125,pause,NA,NA,NA,NA,0.0,0,-37.33,-30.4,[],0,0,[],[]
5725430,5729640,NA,TVN,0.0,125,pause,NA,NA,NA,NA,0.0,0,-42.38,-34.57,[],0,0,[],[]
5729640,5731230,NA,TVN,0.0,125,pause,NA,NA,NA,NA,0.0,0,-43.73,-39.12,[],0,0,[],[]
5731230,5732460,NA,TVN,0.0,125,pause,NA,NA,NA,NA,0.0,0,-43.48,-38.82,[],0,0,[],[]
5732460,5733460,NA,TVN,0.0,125,pause,NA,NA,NA,NA,0.0,0,-43.6,-40.4,[],0,0,[],[]
5733460,5734530,NA,TVN,0.0,125,pause,NA,NA,NA,NA,0.0,0,-43.52,-35.24,[],0,0,[],[]
5734530,5735130,NA,TVN,0.0,125,pause,NA,NA,NA,NA,0.0,0,-34.21,-23.58,[],0,0,[],[]
5735130,5736130,NA,TVN,0.0,125,pause,NA,NA,NA,NA,0.0,0,-33.03,-21.49,[],0,0,[],[]
5736130,5737240,FEM,FAN,6.41,125,AMF,EC,0,NT,FI,0.0,0,-30.51,-23.57,[],0,0,[],[]
5737240,5738290,NA,TVN,0.0,126,pause,NA,NA,NA,NA,0.0,0,-32.62,-21.56,[],0,0,[],[]
5738290,5739300,NA,TVN,0.0,126,pause,NA,NA,NA,NA,0.0,0,-37.94,-31.72,[],0,0,[],[]
5739300,5740300,NA,TVN,0.0,126,pause,NA,NA,NA,NA,0.0,0,-43.61,-40.39,[],0,0,[],[]
5740300,5741590,NA,TVN,0.0,126,pause,NA,NA,NA,NA,0.0,0,-43.86,-40.75,[],0,0,[],[]
5741590,5743010,NA,TVN,0.0,126,pause,NA,NA,NA,NA,0.0,0,-44.19,-41.12,[],0,0,[],[]
5743010,5743810,NA,SIL,0.0,126,pause,NA,NA,NA,NA,0.0,0,-42.1,-29.36,[],0,0,[],[]
5743810,5744860,NA,TVN,0.0,126,pause,NA,NA,NA,NA,0.0,0,-40.76,-34.66,[],0,0,[],[]
5744860,5746630,NA,TVN,0.0,126,pause,NA,NA,NA,NA,0.0,0,-43.19,-37.28,[],0,0,[],[]
5746630,5747700,NA,TVF,0.0,126,pause,NA,NA,NA,NA,0.0,0,-36.46,-25.66,[],0,0,[],[]
5747700,5748700,NA,TVN,0.0,126,pause,NA,NA,NA,NA,0.0,0,-40.88,-35.7,[],0,0,[],[]
5748700,5751970,NA,OLF,0.0,126,pause,NA,NA,NA,NA,0.0,0,-23.98,-5.47,[],0,0,[],[]
5751970,5754280,NA,TVN,0.0,126,pause,NA,NA,NA,NA,0.0,0,-40.13,-32.22,[],0,0,[],[]
5754280,5755080,NA,TVF,0.0,126,pause,NA,NA,NA,NA,0.0,0,-43.78,-37.36,[],0,0,[],[]
5755080,5756270,NA,TVN,0.0,126,pause,NA,NA,NA,NA,0.0,0,-42.48,-37.21,[],0,0,[],[]
5756270,5757070,NA,TVF,0.0,126,pause,NA,NA,NA,NA,0.0,0,-44.26,-39.04,[],0,0,[],[]
5757070,5758000,NA,SIL,0.0,126,pause,NA,NA,NA,NA,0.0,0,-49.57,-47.13,[],0,0,[],[]
5758000,5759560,NA,TVF,0.0,126,pause,NA,NA,NA,NA,0.0,0,-46.21,-41.41,[],0,0,[],[]
5759560,5760360,NA,TVF,0.0,126,pause,NA,NA,NA,NA,0.0,0,-40.97,-33.72,[],0,0,[],[]
5760360,5762580,NA,SIL,0.0,126,pause,NA,NA,NA,NA,0.0,0,-44.54,-33.66,[],0,0,[],[]
5762580,5763690,NA,TVF,0.0,126,pause,NA,NA,NA,NA,0.0,0,-43.76,-33.81,[],0,0,[],[]
5763690,5764660,NA,SIL,0.0,126,pause,NA,NA,NA,NA,0.0,0,-48.58,-44.1,[],0,0,[],[]
5764660,5767070,NA,TVN,0.0,126,pause,NA,NA,NA,NA,0.0,0,-45.34,-37.83,[],0,0,[],[]
5767070,5767990,NA,SIL,0.0,126,pause,NA,NA,NA,NA,0.0,0,-47.29,-42.42,[],0,0,[],[]
5767990,5770020,NA,TVF,0.0,126,pause,NA,NA,NA,NA,0.0,0,-43.19,-37.04,[],0,0,[],[]
5770020,5771360,NA,SIL,0.0,126,pause,NA,NA,NA,NA,0.0,0,-47.29,-41.87,[],0,0,[],[]
5771360,5772360,NA,TVF,0.0,126,pause,NA,NA,NA,NA,0.0,0,-44.26,-38.5,[],0,0,[],[]
5772360,5773420,NA,TVF,0.0,126,pause,NA,NA,NA,NA,0.0,0,-41.81,-37.17,[],0,0,[],[]
5773420,5774900,NA,SIL,0.0,126,pause,NA,NA,NA,NA,0.0,0,-47.11,-40.74,[],0,0,[],[]
5774900,5776350,NA,TVF,0.0,126,pause,NA,NA,NA,NA,0.0,0,-45.83,-40.73,[],0,0,[],[]
5776350,5779050,NA,SIL,0.0,126,pause,NA,NA,NA,NA,0.0,0,-48.86,-43.46,[],0,0,[],[]
5779050,5779850,NA,TVF,0.0,126,pause,NA,NA,NA,NA,0.0,0,-47.23,-42.49,[],0,0,[],[]
5779850,5782460,NA,SIL,0.0,126,pause,NA,NA,NA,NA,0.0,0,-48.63,-43.42,[],0,0,[],[]
5782460,5783260,NA,TVF,0.0,126,pause,NA,NA,NA,NA,0.0,0,-46.43,-39.58,[],0,0,[],[]
5783260,5784290,NA,SIL,0.0,126,pause,NA,NA,NA,NA,0.0,0,-46.85,-40.36,[],0,0,[],[]
5784290,5785410,NA,TVN,0.0,126,pause,NA,NA,NA,NA,0.0,0,-46.32,-37.72,[],0,0,[],[]
5785410,5786700,NA,TVF,0.0,126,pause,NA,NA,NA,NA,0.0,0,-46.25,-40.85,[],0,0,[],[]
5786700,5788020,NA,TVF,0.0,126,pause,NA,NA,NA,NA,0.0,0,-42.79,-31.23,[],0,0,[],[]
5788020,5789300,NA,SIL,0.0,126,pause,NA,NA,NA,NA,0.0,0,-47.42,-43.08,[],0,0,[],[]
5789300,5790320,NA,TVF,0.0,126,pause,NA,NA,NA,NA,0.0,0,-44.32,-38.53,[],0,0,[],[]
5790320,5792200,NA,TVF,0.0,126,pause,NA,NA,NA,NA,0.0,0,-44.73,-39.91,[],0,0,[],[]
5792200,5793010,NA,SIL,0.0,126,pause,NA,NA,NA,NA,0.0,0,-46.49,-42.61,[],0,0,[],[]
5793010,5794270,NA,TVF,0.0,126,pause,NA,NA,NA,NA,0.0,0,-46.17,-39.66,[],0,0,[],[]
5794270,5795310,NA,TVN,0.0,126,pause,NA,NA,NA,NA,0.0,0,-37.52,-30.93,[],0,0,[],[]
5795310,5797420,NA,SIL,0.0,126,pause,NA,NA,NA,NA,0.0,0,-47.71,-41.48,[],0,0,[],[]
5797420,5798720,NA,TVN,0.0,126,pause,NA,NA,NA,NA,0.0,0,-37.07,-25.12,[],0,0,[],[]
5798720,5799550,NA,SIL,0.0,126,pause,NA,NA,NA,NA,0.0,0,-49.45,-46.92,[],0,0,[],[]
5799550,5800550,NA,TVF,0.0,126,pause,NA,NA,NA,NA,0.0,0,-45.09,-37.45,[],0,0,[],[]
5800550,5801350,NA,SIL,0.0,126,pause,NA,NA,NA,NA,0.0,0,-49.05,-47.17,[],0,0,[],[]
5801350,5802680,MAL,MAN,7.96,126,AMM,EC,0,NT,FI,0.0,0,-28.5,-20.53,[],0,0,[],[]
5802680,5803940,NA,SIL,0.0,127,pause,NA,NA,NA,NA,0.0,0,-47.91,-37.57,[],0,0,[],[]
5803940,5804680,CHI,CHN,0.0,127,pause,NA,NA,NA,NA,0.0,0,-36.37,-32.63,[],0,740,"[{'start': 5803.94, 'end': 5804.68}]",[]
5804680,5805590,NA,TVF,0.0,127,pause,NA,NA,NA,NA,0.0,0,-43.85,-37.54,[],0,0,[],[]
5805590,5807010,NA,FAF,0.0,127,pause,NA,NA,NA,NA,0.0,0,-41.27,-32.17,[],0,0,[],[]
5807010,5808510,NA,NOF,0.0,127,pause,NA,NA,NA,NA,0.0,0,-40.95,-31.72,[],0,0,[],[]
5808510,5810360,MAL,MAN,5.1,127,AMM,BC,0,NT,FI,0.0,0,-29.23,-15.74,[],0,0,[],[]
5810360,5812720,FEM,FAN,9.77,127,AMM,RC,0,NT,FI,0.0,0,-27.29,-13.85,[],0,0,[],[]
5812720,5814090,MAL,MAN,3.42,127,AMM,RC,0,NT,FI,0.0,0,-20.95,-12.41,[],0,0,[],[]
5814090,5815050,NA,NOF,0.0,127,AMM,NA,NA,NA,NA,0.0,0,-39.96,-34.57,[],0,0,[],[]
5815050,5817230,MAL,MAN,0.0,127,AMM,NA,NA,NA,NA,0.0,0,-18.18,-10.86,[],2180,0,[],[]
5817230,5818220,NA,TVF,0.0,127,AMM,NA,NA,NA,NA,0.0,0,-47.81,-39.96,[],0,0,[],[]
5818220,5820640,MAL,MAN,11.54,127,AMM,RC,0,NT,FH,0.0,0,-18.37,-11.01,[],0,0,[],[]
5820640,5821900,NA,TVF,0.0,127,AMM,NA,NA,NA,NA,0.0,0,-44.78,-32.49,[],0,0,[],[]
5821900,5822800,NA,SIL,0.0,127,AMM,NA,NA,NA,NA,0.0,0,-49.55,-45.91,[],0,0,[],[]
5822800,5824380,MAL,MAN,6.56,127,AMM,RC,0,NT,FH,0.0,0,-30.15,-22.69,[],0,0,[],[]
5824380,5826180,NA,SIL,0.0,127,AMM,NA,NA,NA,NA,0.0,0,-47.31,-34.06,[],0,0,[],[]
5826180,5827360,NA,OLF,0.0,127,AMM,NA,NA,NA,NA,0.0,0,-35.54,-28.24,[],0,0,[],[]
5827360,5828860,FEM,FAN,7.92,127,AMM,RC,0,NT,FI,0.0,0,-28.94,-19.29,[],0,0,[],[]
5828860,5829670,NA,NOF,0.0,127,AMM,NA,NA,NA,NA,0.0,0,-44.54,-38.86,[],0,0,[],[]
5829670,5830730,FEM,FAN,7.09,127,AMM,EC,0,NT,FH,0.0,0,-30.53,-24.16,[],0,0,[],[]
5830730,5831920,NA,TVF,0.0,128,pause,NA,NA,NA,NA,0.0,0,-43.2,-37.8,[],0,0,[],[]
5831920,5832890,NA,SIL,0.0,128,pause,NA,NA,NA,NA,0.0,0,-49.76,-43.62,[],0,0,[],[]
5832890,5834140,NA,NOF,0.0,128,pause,NA,NA,NA,NA,0.0,0,-47.49,-43.21,[],0,0,[],[]
5834140,5834940,NA,OLF,0.0,128,pause,NA,NA,NA,NA,0.0,0,-42.44,-32.31,[],0,0,[],[]
5834940,5836130,NA,SIL,0.0,128,pause,NA,NA,NA,NA,0.0,0,-49.7,-42.8,[],0,0,[],[]
5836130,5840050,FEM,FAN,14.29,128,AMF,BC,0,NT,FI,0.0,0,-31.75,-24.47,[],0,0,[],[]
5840050,5842010,NA,SIL,0.0,128,AMF,NA,NA,NA,NA,0.0,0,-48.17,-40.19,[],0,0,[],[]
5842010,5843020,FEM,FAN,9.01,128,AMF,RC,0,NT,FH,0.0,0,-34.61,-27.1,[],0,0,[],[]
5843020,5843940,NA,TVF,0.0,128,AMF,NA,NA,NA,NA,0.0,0,-45.77,-40.42,[],0,0,[],[]
5843940,5844970,FEM,FAN,3.16,128,AMF,EC,0,NT,FH,0.0,0,-28.48,-19.53,[],0,0,[],[]
5844970,5845820,NA,NOF,0.0,129,pause,NA,NA,NA,NA,0.0,0,-42.46,-36.26,[],0,0,[],[]
5845820,5846640,NA,SIL,0.0,129,pause,NA,NA,NA,NA,0.0,0,-46.55,-38.56,[],0,0,[],[]
5846640,5847450,NA,NOF,0.0,129,pause,NA,NA,NA,NA,0.0,0,-44.82,-38.01,[],0,0,[],[]
5847450,5848250,NA,SIL,0.0,129,pause,NA,NA,NA,NA,0.0,0,-48.49,-41.9,[],0,0,[],[]
5848250,5849120,NA,TVF,0.0,129,pause,NA,NA,NA,NA,0.0,0,-48.95,-43.21,[],0,0,[],[]
5849120,5851790,NA,SIL,0.0,129,pause,NA,NA,NA,NA,0.0,0,-49.56,-44.58,[],0,0,[],[]
5851790,5852600,NA,NOF,0.0,129,pause,NA,NA,NA,NA,0.0,0,-47.71,-43.0,[],0,0,[],[]
5852600,5853530,FEM,FAN,3.85,129,AICF,BC,0,TIFI,FI,0.0,0,-23.43,-19.04,[],0,0,[],[]
5853530,5854260,CHI,CHN,0.0,129,AICF,RC,1,TIFR,FI,1.0,730,-25.14,-23.29,"[{'Canonical-syllable': '0', 'Growl': '0', 'High-freq-energy': '0', 'Long-island': '1', 'Low-tilt-spectrum': '0', 'Medium-island': '0', 'Short-island': '0', 'Squeal': '0', 'Typical-entropy': '0', 'Voicing-quality': '1', 'Wide-band': '0', 'Xlong-island': '0', 'seq': '1', 'end': 5854.26, 'start': 5853.53}]",0,0,[],[]
5854260,5855260,FEM,FAN,3.46,129,AICF,RC,1,TIFI,FI,0.0,0,-34.0,-25.55,[],0,0,[],[]
5855260,5859730,NA,NOF,0.0,129,AICF,NA,NA,NA,NA,0.0,0,-38.55,-23.23,[],0,0,[],[]
5859730,5861240,CHI,CHN,0.0,129,AICF,RC,2,TIFR,FI,1.0,1510,-14.13,-10.48,"[{'Canonical-syllable': '0', 'Growl': '0', 'High-freq-energy': '0', 'Long-island': '0', 'Low-tilt-spectrum': '0', 'Medium-island': '0', 'Short-island': '0', 'Squeal': '0', 'Typical-entropy': '0', 'Voicing-quality': '1', 'Wide-band': '0', 'Xlong-island': '1', 'seq': '1', 'end': 5861.24, 'start': 5859.73}]",0,0,[],[]
5861240,5862850,FEM,FAN,4.2,129,AICF,RC,2,TIFE,FI,0.0,0,-20.71,-15.12,[],0,0,[],[]
5862850,5863690,NA,OLF,0.0,129,AICF,NA,NA,NA,NA,0.0,0,-36.27,-25.13,[],0,0,[],[]
5863690,5865820,OCH,CXN,0.0,129,AICF,RC,2,NT,FI,0.0,0,-24.86,-14.01,[],0,0,[],[]
5865820,5866620,NA,OLN,0.0,129,AICF,NA,NA,NA,NA,0.0,0,-32.67,-23.23,[],0,0,[],[]
5866620,5869660,CHI,CHN,0.0,129,AICF,EC,2,NT,FI,1.0,3040,-23.04,-15.84,"[{'Canonical-syllable': '0', 'Growl': '2', 'High-freq-energy': '0', 'Long-island': '0', 'Low-tilt-spectrum': '0', 'Medium-island': '0', 'Short-island': '0', 'Squeal': '0', 'Typical-entropy': '1', 'Voicing-quality': '2', 'Wide-band': '0', 'Xlong-island': '2', 'seq': '1', 'end': 5869.66, 'start': 5866.62}]",0,0,[],[]
5869660,5871700,NA,OLN,0.0,130,pause,NA,NA,NA,NA,0.0,0,-31.36,-21.12,[],0,0,[],[]
5871700,5872500,NA,TVF,0.0,130,pause,NA,NA,NA,NA,0.0,0,-40.68,-32.13,[],0,0,[],[]
5872500,5874530,NA,TVF,0.0,130,pause,NA,NA,NA,NA,0.0,0,-40.27,-25.48,[],0,0,[],[]
5874530,5875710,NA,TVN,0.0,130,pause,NA,NA,NA,NA,0.0,0,-36.41,-27.78,[],0,0,[],[]
5875710,5877460,NA,TVN,0.0,130,pause,NA,NA,NA,NA,0.0,0,-39.45,-24.61,[],0,0,[],[]
5877460,5878570,NA,TVN,0.0,130,pause,NA,NA,NA,NA,0.0,0,-31.3,-20.5,[],0,0,[],[]
5878570,5880710,NA,TVN,0.0,130,pause,NA,NA,NA,NA,0.0,0,-37.06,-27.94,[],0,0,[],[]
5880710,5881370,FEM,FAN,0.0,130,pause,NA,NA,NA,NA,0.0,0,-19.6,-15.81,[],660,0,[],[]
5881370,5882970,NA,TVN,0.0,130,pause,NA,NA,NA,NA,0.0,0,-36.66,-22.25,[],0,0,[],[]
5882970,5885600,NA,TVN,0.0,130,pause,NA,NA,NA,NA,0.0,0,-32.98,-21.41,[],0,0,[],[]
5885600,5887710,NA,TVF,0.0,130,pause,NA,NA,NA,NA,0.0,0,-35.04,-16.61,[],0,0,[],[]
5887710,5888570,NA,TVF,0.0,130,pause,NA,NA,NA,NA,0.0,0,-45.44,-40.98,[],0,0,[],[]
5888570,5889800,NA,SIL,0.0,130,pause,NA,NA,NA,NA,0.0,0,-46.02,-39.49,[],0,0,[],[]
5889800,5890800,NA,TVN,0.0,130,pause,NA,NA,NA,NA,0.0,0,-45.56,-36.61,[],0,0,[],[]
5890800,5891660,NA,TVN,0.0,130,pause,NA,NA,NA,NA,0.0,0,-44.01,-36.37,[],0,0,[],[]
5891660,5893040,NA,TVN,0.0,130,pause,NA,NA,NA,NA,0.0,0,-43.51,-33.91,[],0,0,[],[]
5893040,5894130,NA,TVN,0.0,130,pause,NA,NA,NA,NA,0.0,0,-44.83,-37.87,[],0,0,[],[]
5894130,5896710,NA,TVN,0.0,130,pause,NA,NA,NA,NA,0.0,0,-37.24,-31.08,[],0,0,[],[]
5896710,5898550,NA,TVN,0.0,130,pause,NA,NA,NA,NA,0.0,0,-38.05,-18.99,[],0,0,[],[]
5898550,5899550,NA,TVN,0.0,130,pause,NA,NA,NA,NA,0.0,0,-42.48,-37.74,[],0,0,[],[]
5899550,5900350,NA,TVN,0.0,130,pause,NA,NA,NA,NA,0.0,0,-42.75,-37.0,[],0,0,[],[]
5900350,5903090,NA,TVN,0.0,130,pause,NA,NA,NA,NA,0.0,0,-45.33,-40.46,[],0,0,[],[]
5903090,5903910,NA,SIL,0.0,130,pause,NA,NA,NA,NA,0.0,0,-46.2,-43.22,[],0,0,[],[]
5903910,5906040,NA,TVN,0.0,130,pause,NA,NA,NA,NA,0.0,0,-45.68,-35.44,[],0,0,[],[]
5906040,5908530,NA,TVN,0.0,130,pause,NA,NA,NA,NA,0.0,0,-45.61,-40.98,[],0,0,[],[]
5908530,5914820,NA,TVN,0.0,130,pause,NA,NA,NA,NA,0.0,0,-40.82,-31.97,[],0,0,[],[]
5914820,5917500,NA,TVN,0.0,130,pause,NA,NA,NA,NA,0.0,0,-44.19,-38.56,[],0,0,[],[]
5917500,5918300,NA,TVN,0.0,130,pause,NA,NA,NA,NA,0.0,0,-43.61,-36.98,[],0,0,[],[]
5918300,5919350,NA,TVN,0.0,130,pause,NA,NA,NA,NA,0.0,0,-46.02,-40.04,[],0,0,[],[]
5919350,5920510,NA,TVN,0.0,130,pause,NA,NA,NA,NA,0.0,0,-46.26,-43.2,[],0,0,[],[]
5920510,5921520,NA,TVN,0.0,130,pause,NA,NA,NA,NA,0.0,0,-45.94,-41.33,[],0,0,[],[]
5921520,5922520,NA,TVN,0.0,130,pause,NA,NA,NA,NA,0.0,0,-46.3,-43.6,[],0,0,[],[]
5922520,5923320,NA,SIL,0.0,130,pause,NA,NA,NA,NA,0.0,0,-47.15,-44.54,[],0,0,[],[]
5923320,5924400,NA,TVN,0.0,130,pause,NA,NA,NA,NA,0.0,0,-45.41,-40.11,[],0,0,[],[]
5924400,5926960,NA,TVN,0.0,130,pause,NA,NA,NA,NA,0.0,0,-44.22,-38.17,[],0,0,[],[]
5926960,5928200,NA,TVN,0.0,130,pause,NA,NA,NA,NA,0.0,0,-44.86,-38.94,[],0,0,[],[]
5928200,5929580,NA,TVN,0.0,130,pause,NA,NA,NA,NA,0.0,0,-45.32,-40.92,[],0,0,[],[]
5929580,5932160,NA,TVN,0.0,130,pause,NA,NA,NA,NA,0.0,0,-44.78,-39.55,[],0,0,[],[]
5932160,5932990,NA,SIL,0.0,130,pause,NA,NA,NA,NA,0.0,0,-46.17,-43.29,[],0,0,[],[]
5932990,5934700,NA,TVN,0.0,130,pause,NA,NA,NA,NA,0.0,0,-44.51,-39.36,[],0,0,[],[]
5934700,5935620,NA,TVN,0.0,130,pause,NA,NA,NA,NA,0.0,0,-42.06,-34.74,[],0,0,[],[]
5935620,5936840,NA,TVN,0.0,130,pause,NA,NA,NA,NA,0.0,0,-39.87,-34.9,[],0,0,[],[]
5936840,5937970,NA,TVN,0.0,130,pause,NA,NA,NA,NA,0.0,0,-42.46,-36.32,[],0,0,[],[]
5937970,5938890,NA,TVN,0.0,130,pause,NA,NA,NA,NA,0.0,0,-41.17,-31.2,[],0,0,[],[]
5938890,5939890,NA,TVN,0.0,130,pause,NA,NA,NA,NA,0.0,0,-44.63,-38.7,[],0,0,[],[]
5939890,5941160,NA,TVN,0.0,130,pause,NA,NA,NA,NA,0.0,0,-35.11,-28.71,[],0,0,[],[]
5941160,5944280,NA,TVN,0.0,130,pause,NA,NA,NA,NA,0.0,0,-39.57,-27.77,[],0,0,[],[]
5944280,5946090,NA,OLN,0.0,130,pause,NA,NA,NA,NA,0.0,0,-30.88,-19.02,[],0,0,[],[]
5946090,5947030,CHI,CHN,0.0,130,CIC,BC,0,TIFI,FI,1.0,940,-29.4,-25.17,"[{'Canonical-syllable': '0', 'Growl': '0', 'High-freq-energy': '0', 'Long-island': '1', 'Low-tilt-spectrum': '0', 'Medium-island': '0', 'Short-island': '0', 'Squeal': '0', 'Typical-entropy': '0', 'Voicing-quality': '1', 'Wide-band': '0', 'Xlong-island': '0', 'seq': '1', 'end': 5947.03, 'start': 5946.09}]",0,0,[],[]
5947030,5948550,FEM,FAN,5.7,130,CIC,RC,1,TIFR,FI,0.0,0,-30.8,-22.47,[],0,0,[],[]
5948550,5951020,NA,NOF,0.0,130,CIC,NA,NA,NA,NA,0.0,0,-42.64,-29.12,[],0,0,[],[]
5951020,5951850,NA,CXF,0.0,130,CIC,NA,NA,NA,NA,0.0,0,-40.93,-33.76,[],0,0,[],[]
5951850,5954160,CHI,CHN,0.0,130,CIC,RC,1,TIFE,FI,4.0,760,-26.77,-16.24,"[{'Canonical-syllable': '0', 'Growl': '1', 'High-freq-energy': '0', 'Long-island': '0', 'Low-tilt-spectrum': '0', 'Medium-island': '0', 'Short-island': '1', 'Squeal': '0', 'Typical-entropy': '0', 'Voicing-quality': '1', 'Wide-band': '0', 'Xlong-island': '0', 'seq': '1', 'end': 5952.53, 'start': 5952.38}, {'Canonical-syllable': '1', 'Growl': '0', 'High-freq-energy': '0', 'Long-island': '0', 'Low-tilt-spectrum': '0', 'Medium-island': '0', 'Short-island': '1', 'Squeal': '0', 'Typical-entropy': '0', 'Voicing-quality': '1', 'Wide-band': '0', 'Xlong-island': '0', 'seq': '2', 'end': 5953.01, 'start': 5952.85}, {'Canonical-syllable': '0', 'Growl': '0', 'High-freq-energy': '0', 'Long-island': '0', 'Low-tilt-spectrum': '0', 'Medium-island': '1', 'Short-island': '0', 'Squeal': '0', 'Typical-entropy': '0', 'Voicing-quality': '1', 'Wide-band': '0', 'Xlong-island': '0', 'seq': '3', 'end': 5953.66, 'start': 5953.36}, {'Canonical-syllable': '0', 'Growl': '1', 'High-freq-energy': '0', 'Long-island': '0', 'Low-tilt-spectrum': '0', 'Medium-island': '0', 'Short-island': '0', 'Squeal': '0', 'Typical-entropy': '0', 'Voicing-quality': '1', 'Wide-band': '0', 'Xlong-island': '0', 'seq': '4', 'end': 5954.16, 'start': 5954.01}]",0,0,[],[]
5954160,5954960,NA,FAF,0.0,130,CIC,NA,NA,NA,NA,0.0,0,-43.5,-28.9,[],0,0,[],[]
5954960,5956000,CHI,CHN,0.0,130,CIC,RC,1,TIFI,FH,1.0,1040,-19.29,-9.71,"[{'Canonical-syllable': '0', 'Growl': '1', 'High-freq-energy': '0', 'Long-island': '1', 'Low-tilt-spectrum': '0', 'Medium-island': '0', 'Short-island': '1', 'Squeal': '0', 'Typical-entropy': '0', 'Voicing-quality': '1', 'Wide-band': '0', 'Xlong-island': '0', 'seq': '1', 'end': 5956.0, 'start': 5954.96}]",0,0,[],[]
5956000,5957620,FEM,FAN,5.78,130,CIC,RC,2,TIFR,FI,0.0,0,-24.12,-11.74,[],0,0,[],[]
5957620,5958420,NA,NOF,0.0,130,CIC,NA,NA,NA,NA,0.0,0,-46.79,-37.02,[],0,0,[],[]
5958420,5959790,FEM,FAN,2.72,130,CIC,RC,2,NT,FH,0.0,0,-29.95,-23.56,[],0,0,[],[]
5959790,5960410,FEM,FAN,0.55,130,CIC,RC,2,NT,FH,0.0,0,-29.92,-23.2,[],0,0,[],[]
5960410,5962280,FEM,FAN,5.09,130,CIC,RC,2,NT,FH,0.0,0,-31.22,-23.32,[],0,0,[],[]
5962280,5962880,FEM,FAN,0.0,130,CIC,NA,NA,NA,NA,0.0,0,-30.16,-25.82,[],600,0,[],[]
5962880,5963880,FEM,FAN,0.0,130,CIC,NA,NA,NA,NA,0.0,0,-31.15,-27.19,[],1000,0,[],[]
5963880,5964680,NA,OLF,0.0,130,CIC,NA,NA,NA,NA,0.0,0,-47.21,-43.39,[],0,0,[],[]
5964680,5968860,FEM,FAN,13.55,130,CIC,RC,2,NT,FH,0.0,0,-31.85,-25.91,[],0,0,[],[]
5968860,5970030,NA,OLF,0.0,130,CIC,NA,NA,NA,NA,0.0,0,-43.87,-35.45,[],0,0,[],[]
5970030,5971830,FEM,FAN,1.83,130,CIC,RC,2,NT,FH,0.0,0,-30.76,-24.84,[],0,0,[],[]
5971830,5972980,NA,NOF,0.0,130,CIC,NA,NA,NA,NA,0.0,0,-44.28,-31.57,[],0,0,[],[]
5972980,5973980,FEM,FAN,2.33,130,CIC,RC,2,NT,FH,0.0,0,-31.19,-24.23,[],0,0,[],[]
5973980,5974580,FEM,FAN,0.0,130,CIC,NA,NA,NA,NA,0.0,0,-30.22,-25.13,[],600,0,[],[]
5974580,5976900,FEM,FAN,8.46,130,CIC,RC,2,NT,FH,0.0,0,-31.59,-19.79,[],0,0,[],[]
5976900,5977700,NA,NOF,0.0,130,CIC,NA,NA,NA,NA,0.0,0,-46.17,-38.01,[],0,0,[],[]
5977700,5978700,FEM,FAN,5.05,130,CIC,RC,2,NT,FH,0.0,0,-26.72,-20.5,[],0,0,[],[]
5978700,5979710,NA,NOF,0.0,130,CIC,NA,NA,NA,NA,0.0,0,-45.35,-33.26,[],0,0,[],[]
5979710,5980510,NA,SIL,0.0,130,CIC,NA,NA,NA,NA,0.0,0,-49.6,-45.8,[],0,0,[],[]
5980510,5981730,FEM,FAN,5.46,130,CIC,RC,2,NT,FH,0.0,0,-30.83,-22.74,[],0,0,[],[]
5981730,5982620,NA,OLF,0.0,130,CIC,NA,NA,NA,NA,0.0,0,-25.0,-9.61,[],0,0,[],[]
5982620,5984160,NA,NOF,0.0,130,CIC,NA,NA,NA,NA,0.0,0,-43.12,-34.36,[],0,0,[],[]
5984160,5984760,NA,CHF,0.0,130,CIC,RC,2,TIFI,FI,1.0,600,-36.86,-31.36,"[{'Canonical-syllable': '0', 'Growl': '1', 'High-freq-energy': '1', 'Long-island': '0', 'Low-tilt-spectrum': '1', 'Medium-island': '1', 'Short-island': '0', 'Squeal': '0', 'Typical-entropy': '1', 'Voicing-quality': '1', 'Wide-band': '0', 'Xlong-island': '0', 'seq': '1', 'end': 5984.76, 'start': 5984.16}]",0,0,[],[]
5984760,5988720,NA,NOF,0.0,130,CIC,NA,NA,NA,NA,0.0,0,-37.2,-17.8,[],0,0,[],[]
5988720,5990920,FEM,FAN,7.71,130,CIC,RC,3,TIFR,FI,0.0,0,-34.58,-26.33,[],0,0,[],[]
5990920,5992220,NA,NOF,0.0,130,CIC,NA,NA,NA,NA,0.0,0,-46.12,-34.98,[],0,0,[],[]
5992220,5993860,FEM,FAN,1.23,130,CIC,RC,3,NT,FH,0.0,0,-35.08,-21.72,[],0,0,[],[]
5993860,5994670,NA,CHF,0.0,130,CIC,NA,NA,NA,NA,0.0,0,-43.86,-34.1,[],0,810,[],"[{'start': 5993.86, 'end': 5994.67}]"
5994670,5996980,FEM,FAN,5.2,130,CIC,RC,3,NT,FH,0.0,0,-28.59,-18.96,[],0,0,[],[]
5996980,5997580,FEM,FAN,3.74,130,CIC,RC,3,NT,FH,0.0,0,-23.71,-13.09,[],0,0,[],[]
5997580,5998600,FEM,FAN,4.78,130,CIC,RC,3,NT,FH,0.0,0,-31.78,-23.54,[],0,0,[],[]
5998600,5999600,NA,NOF,0.0,130,CIC,NA,NA,NA,NA,0.0,0,-42.1,-31.87,[],0,0,[],[]
5999600,6000860,FEM,FAN,5.61,130,CIC,RC,3,NT,FH,0.0,0,-33.66,-25.92,[],0,0,[],[]
6000860,6002280,NA,NOF,0.0,130,CIC,NA,NA,NA,NA,0.0,0,-46.22,-33.05,[],0,0,[],[]
6002280,6004580,FEM,FAN,5.56,130,CIC,RC,3,NT,FH,0.0,0,-34.09,-27.48,[],0,0,[],[]
6004580,6008750,NA,NOF,0.0,130,CIC,NA,NA,NA,NA,0.0,0,-41.91,-20.88,[],0,0,[],[]
6008750,6010090,FEM,FAN,4.29,130,CIC,EC,3,NT,FH,0.0,0,-27.71,-18.38,[],0,0,[],[]
6010090,6010920,NA,SIL,0.0,131,pause,NA,NA,NA,NA,0.0,0,-50.38,-42.68,[],0,0,[],[]
6010920,6015360,NA,NOF,0.0,131,pause,NA,NA,NA,NA,0.0,0,-44.77,-28.51,[],0,0,[],[]
6015360,6016360,FEM,FAN,2.51,131,AMF,EC,0,NT,FI,0.0,0,-30.54,-20.61,[],0,0,[],[]
6016360,6017190,NA,OLN,0.0,132,pause,NA,NA,NA,NA,0.0,0,-34.9,-29.37,[],0,0,[],[]
6017190,6018430,NA,NOF,0.0,132,pause,NA,NA,NA,NA,0.0,0,-39.39,-27.05,[],0,0,[],[]
6018430,6019840,NA,TVN,0.0,132,pause,NA,NA,NA,NA,0.0,0,-35.22,-25.16,[],0,0,[],[]
6019840,6021180,NA,TVF,0.0,132,pause,NA,NA,NA,NA,0.0,0,-37.05,-28.65,[],0,0,[],[]
6021180,6022560,NA,TVN,0.0,132,pause,NA,NA,NA,NA,0.0,0,-35.74,-29.66,[],0,0,[],[]
6022560,6023530,NA,TVN,0.0,132,pause,NA,NA,NA,NA,0.0,0,-36.18,-32.58,[],0,0,[],[]
6023530,6025240,NA,TVN,0.0,132,pause,NA,NA,NA,NA,0.0,0,-35.65,-27.31,[],0,0,[],[]
6025240,6026290,FEM,FAN,6.47,132,AMF,BC,0,NT,FI,0.0,0,-17.54,-9.94,[],0,0,[],[]
6026290,6027290,NA,TVN,0.0,132,AMF,NA,NA,NA,NA,0.0,0,-30.69,-21.27,[],0,0,[],[]
6027290,6029970,NA,TVN,0.0,132,AMF,NA,NA,NA,NA,0.0,0,-32.82,-24.13,[],0,0,[],[]
6029970,6030970,NA,TVN,0.0,132,AMF,NA,NA,NA,NA,0.0,0,-30.87,-24.32,[],0,0,[],[]
6030970,6032110,FEM,FAN,1.9,132,AMF,RC,0,NT,FH,0.0,0,-26.44,-20.72,[],0,0,[],[]
6032110,6033230,MAL,MAN,2.29,132,AMF,RC,0,NT,FI,0.0,0,-28.36,-21.36,[],0,0,[],[]
6033230,6034230,FEM,FAN,4.74,132,AMF,EC,0,NT,FI,0.0,0,-30.34,-22.28,[],0,0,[],[]
6034230,6036100,NA,OLN,0.0,133,pause,NA,NA,NA,NA,0.0,0,-31.21,-21.76,[],0,0,[],[]
6036100,6036910,NA,TVF,0.0,133,pause,NA,NA,NA,NA,0.0,0,-43.52,-38.34,[],0,0,[],[]
6036910,6038560,NA,TVF,0.0,133,pause,NA,NA,NA,NA,0.0,0,-44.8,-34.35,[],0,0,[],[]
6038560,6039400,NA,SIL,0.0,133,pause,NA,NA,NA,NA,0.0,0,-47.28,-42.2,[],0,0,[],[]
6039400,6040490,NA,TVF,0.0,133,pause,NA,NA,NA,NA,0.0,0,-43.01,-27.95,[],0,0,[],[]
6040490,6041800,NA,TVF,0.0,133,pause,NA,NA,NA,NA,0.0,0,-33.43,-16.03,[],0,0,[],[]
6041800,6043120,NA,SIL,0.0,133,pause,NA,NA,NA,NA,0.0,0,-41.55,-28.1,[],0,0,[],[]
6043120,6046320,NA,TVN,0.0,133,pause,NA,NA,NA,NA,0.0,0,-35.23,-18.34,[],0,0,[],[]
6046320,6047970,NA,TVN,0.0,133,pause,NA,NA,NA,NA,0.0,0,-36.09,-17.27,[],0,0,[],[]
6047970,6048860,NA,TVN,0.0,133,pause,NA,NA,NA,NA,0.0,0,-37.2,-26.96,[],0,0,[],[]
6048860,6050880,NA,TVN,0.0,133,pause,NA,NA,NA,NA,0.0,0,-34.82,-17.26,[],0,0,[],[]
6050880,6052060,NA,TVN,0.0,133,pause,NA,NA,NA,NA,0.0,0,-34.59,-20.99,[],0,0,[],[]
6052060,6053090,NA,TVN,0.0,133,pause,NA,NA,NA,NA,0.0,0,-33.29,-21.96,[],0,0,[],[]
6053090,6054090,NA,TVN,0.0,133,pause,NA,NA,NA,NA,0.0,0,-36.74,-31.86,[],0,0,[],[]
6054090,6056250,NA,TVN,0.0,133,pause,NA,NA,NA,NA,0.0,0,-31.61,-14.82,[],0,0,[],[]
6056250,6057280,NA,TVN,0.0,133,pause,NA,NA,NA,NA,0.0,0,-40.02,-23.98,[],0,0,[],[]
6057280,6058500,NA,TVN,0.0,133,pause,NA,NA,NA,NA,0.0,0,-36.52,-22.23,[],0,0,[],[]
6058500,6059500,NA,TVN,0.0,133,pause,NA,NA,NA,NA,0.0,0,-37.68,-20.15,[],0,0,[],[]
6059500,6061130,NA,TVN,0.0,133,pause,NA,NA,NA,NA,0.0,0,-32.7,-17.53,[],0,0,[],[]
6061130,6062570,NA,TVN,0.0,133,pause,NA,NA,NA,NA,0.0,0,-29.37,-12.25,[],0,0,[],[]
6062570,6064080,NA,TVN,0.0,133,pause,NA,NA,NA,NA,0.0,0,-32.03,-15.53,[],0,0,[],[]
6064080,6067970,NA,TVN,0.0,133,pause,NA,NA,NA,NA,0.0,0,-33.73,-24.84,[],0,0,[],[]
6067970,6071540,NA,TVN,0.0,133,pause,NA,NA,NA,NA,0.0,0,-36.52,-22.89,[],0,0,[],[]
6071540,6074560,NA,TVN,0.0,133,pause,NA,NA,NA,NA,0.0,0,-42.23,-31.11,[],0,0,[],[]
6074560,6077870,NA,TVN,0.0,133,pause,NA,NA,NA,NA,0.0,0,-39.66,-28.96,[],0,0,[],[]
6077870,6093910,NA,TVN,0.0,133,pause,NA,NA,NA,NA,0.0,0,-40.79,-30.56,[],0,0,[],[]
6093910,6095230,NA,TVN,0.0,133,pause,NA,NA,NA,NA,0.0,0,-40.74,-33.35,[],0,0,[],[]
6095230,6097210,NA,TVN,0.0,133,pause,NA,NA,NA,NA,0.0,0,-40.83,-34.38,[],0,0,[],[]
6097210,6098210,NA,TVN,0.0,133,pause,NA,NA,NA,NA,0.0,0,-41.57,-35.26,[],0,0,[],[]
6098210,6108130,NA,TVN,0.0,133,pause,NA,NA,NA,NA,0.0,0,-41.79,-33.42,[],0,0,[],[]
6108130,6109160,NA,TVN,0.0,133,pause,NA,NA,NA,NA,0.0,0,-42.72,-37.37,[],0,0,[],[]
6109160,6111600,NA,TVN,0.0,133,pause,NA,NA,NA,NA,0.0,0,-40.83,-28.77,[],0,0,[],[]
6111600,6113200,NA,TVN,0.0,133,pause,NA,NA,NA,NA,0.0,0,-40.32,-29.85,[],0,0,[],[]
6113200,6207630,NA,TVN,0.0,133,pause,NA,NA,NA,NA,0.0,0,-42.65,-29.55,[],0,0,[],[]
6207630,6213880,NA,NON,0.0,133,pause,NA,NA,NA,NA,0.0,0,-43.08,-35.22,[],0,0,[],[]
6213880,6229830,NA,TVN,0.0,133,pause,NA,NA,NA,NA,0.0,0,-41.89,-31.64,[],0,0,[],[]
6229830,6231310,NA,TVN,0.0,133,pause,NA,NA,NA,NA,0.0,0,-41.4,-34.56,[],0,0,[],[]
6231310,6232250,NA,SIL,0.0,133,pause,NA,NA,NA,NA,0.0,0,-44.46,-38.12,[],0,0,[],[]
6232250,6233310,NA,TVN,0.0,133,pause,NA,NA,NA,NA,0.0,0,-40.58,-28.58,[],0,0,[],[]
6233310,6234200,NA,TVF,0.0,133,pause,NA,NA,NA,NA,0.0,0,-35.1,-20.44,[],0,0,[],[]
6234200,6236140,NA,TVF,0.0,133,pause,NA,NA,NA,NA,0.0,0,-41.37,-29.27,[],0,0,[],[]
6236140,6237950,NA,TVF,0.0,133,pause,NA,NA,NA,NA,0.0,0,-39.22,-26.98,[],0,0,[],[]
6237950,6238750,NA,TVF,0.0,133,pause,NA,NA,NA,NA,0.0,0,-43.24,-34.2,[],0,0,[],[]
6238750,6240280,FEM,FAN,6.12,133,AMF,EC,0,NT,FI,0.0,0,-34.54,-25.52,[],0,0,[],[]
6240280,6241820,NA,TVF,0.0,134,pause,NA,NA,NA,NA,0.0,0,-41.6,-23.72,[],0,0,[],[]
6241820,6242990,NA,TVF,0.0,134,pause,NA,NA,NA,NA,0.0,0,-35.63,-22.02,[],0,0,[],[]
6242990,6243880,NA,NOF,0.0,134,pause,NA,NA,NA,NA,0.0,0,-21.06,-7.32,[],0,0,[],[]
6243880,6245880,NA,OLF,0.0,134,pause,NA,NA,NA,NA,0.0,0,-25.59,-10.22,[],0,0,[],[]
6245880,6246880,NA,TVF,0.0,134,pause,NA,NA,NA,NA,0.0,0,-38.33,-31.37,[],0,0,[],[]
6246880,6247700,NA,SIL,0.0,134,pause,NA,NA,NA,NA,0.0,0,-45.12,-40.32,[],0,0,[],[]
6247700,6248740,OCH,CXN,0.0,134,XIC,BC,0,NT,FI,0.0,0,-30.28,-19.3,[],0,0,[],[]
6248740,6249850,NA,FAF,0.0,134,XIC,NA,NA,NA,NA,0.0,0,-39.38,-30.26,[],0,0,[],[]
6249850,6250450,NA,CHF,0.0,134,XIC,RC,0,TIFI,FI,1.0,600,-33.34,-24.35,"[{'Canonical-syllable': '0', 'Growl': '2', 'High-freq-energy': '0', 'Long-island': '0', 'Low-tilt-spectrum': '2', 'Medium-island': '0', 'Short-island': '1', 'Squeal': '0', 'Typical-entropy': '1', 'Voicing-quality': '1', 'Wide-band': '0', 'Xlong-island': '0', 'seq': '1', 'end': 6250.45, 'start': 6249.97}]",0,0,[],[]
6250450,6251790,NA,FAF,0.0,134,XIC,NA,NA,NA,NA,0.0,0,-37.62,-32.43,[],0,0,[],[]
6251790,6254010,NA,SIL,0.0,134,XIC,NA,NA,NA,NA,0.0,0,-48.13,-43.85,[],0,0,[],[]
6254010,6255510,FEM,FAN,5.34,134,XIC,EC,1,TIFR,FI,0.0,0,-36.42,-28.16,[],0,0,[],[]
6255510,6256320,NA,OLF,0.0,135,pause,NA,NA,NA,NA,0.0,0,-39.73,-35.33,[],0,0,[],[]
6256320,6257450,NA,SIL,0.0,135,pause,NA,NA,NA,NA,0.0,0,-48.84,-43.43,[],0,0,[],[]
6257450,6258250,NA,FAF,0.0,135,pause,NA,NA,NA,NA,0.0,0,-47.69,-44.13,[],0,0,[],[]
6258250,6259060,NA,SIL,0.0,135,pause,NA,NA,NA,NA,0.0,0,-49.32,-44.31,[],0,0,[],[]
6259060,6260720,NA,FAF,0.0,135,pause,NA,NA,NA,NA,0.0,0,-40.98,-32.48,[],0,0,[],[]
6260720,6261970,NA,SIL,0.0,135,pause,NA,NA,NA,NA,0.0,0,-48.35,-38.1,[],0,0,[],[]
6261970,6262570,CHI,CHN,0.0,135,CIC,BC,0,TIFI,FI,1.0,600,-37.61,-31.9,"[{'Canonical-syllable': '0', 'Growl': '1', 'High-freq-energy': '0', 'Long-island': '0', 'Low-tilt-spectrum': '1', 'Medium-island': '1', 'Short-island': '0', 'Squeal': '0', 'Typical-entropy': '1', 'Voicing-quality': '1', 'Wide-band': '0', 'Xlong-island': '0', 'seq': '1', 'end': 6262.57, 'start': 6261.97}]",0,0,[],[]
6262570,6263740,FEM,FAN,2.2,135,CIC,RC,1,TIFR,FI,0.0,0,-31.71,-23.64,[],0,0,[],[]
6263740,6264540,NA,SIL,0.0,135,CIC,NA,NA,NA,NA,0.0,0,-38.5,-26.24,[],0,0,[],[]
6264540,6265940,FEM,FAN,6.91,135,CIC,RC,1,NT,FH,0.0,0,-24.76,-15.59,[],0,0,[],[]
6265940,6266740,NA,NOF,0.0,135,CIC,NA,NA,NA,NA,0.0,0,-35.44,-21.28,[],0,0,[],[]
6266740,6268660,MAL,MAN,6.01,135,CIC,RC,1,NT,FI,0.0,0,-30.57,-20.03,[],0,0,[],[]
6268660,6269510,NA,SIL,0.0,135,CIC,NA,NA,NA,NA,0.0,0,-48.58,-44.39,[],0,0,[],[]
6269510,6272750,FEM,FAN,8.98,135,CIC,RC,1,NT,FI,0.0,0,-34.75,-25.65,[],0,0,[],[]
6272750,6274350,NA,OLN,0.0,135,CIC,NA,NA,NA,NA,0.0,0,-31.11,-11.27,[],0,0,[],[]
6274350,6275540,NA,FAF,0.0,135,CIC,NA,NA,NA,NA,0.0,0,-37.98,-29.76,[],0,0,[],[]
6275540,6276690,NA,OLF,0.0,135,CIC,NA,NA,NA,NA,0.0,0,-36.31,-30.97,[],0,0,[],[]
6276690,6280240,FEM,FAN,13.85,135,CIC,RC,1,NT,FH,0.0,0,-23.78,-16.19,[],0,0,[],[]
6280240,6281100,NA,OLN,0.0,135,CIC,NA,NA,NA,NA,0.0,0,-25.31,-19.3,[],0,0,[],[]
6281100,6281900,NA,MAF,0.0,135,CIC,NA,NA,NA,NA,0.0,0,-41.18,-29.72,[],0,0,[],[]
6281900,6283160,FEM,FAN,7.87,135,CIC,EC,1,NT,FH,0.0,0,-26.8,-21.25,[],0,0,[],[]
6283160,6284090,NA,NOF,0.0,136,pause,NA,NA,NA,NA,0.0,0,-36.59,-22.15,[],0,0,[],[]
6284090,6286580,NA,FAF,0.0,136,pause,NA,NA,NA,NA,0.0,0,-36.59,-26.45,[],0,0,[],[]
6286580,6287400,NA,SIL,0.0,136,pause,NA,NA,NA,NA,0.0,0,-50.38,-46.41,[],0,0,[],[]
6287400,6289130,NA,NOF,0.0,136,pause,NA,NA,NA,NA,0.0,0,-46.76,-37.37,[],0,0,[],[]
6289130,6289930,OCH,CXN,0.0,136,XM,EC,0,NT,FI,0.0,0,-44.81,-37.88,[],0,0,[],[]
6289930,6291150,NA,TVN,0.0,137,pause,NA,NA,NA,NA,0.0,0,-41.18,-35.16,[],0,0,[],[]
6291150,6293460,NA,OLF,0.0,137,pause,NA,NA,NA,NA,0.0,0,-34.5,-25.53,[],0,0,[],[]
6293460,6294460,MAL,MAN,0.0,137,pause,NA,NA,NA,NA,0.0,0,-28.46,-21.13,[],1000,0,[],[]
6294460,6295260,NA,TVF,0.0,137,pause,NA,NA,NA,NA,0.0,0,-41.6,-33.87,[],0,0,[],[]
6295260,6298830,NA,TVN,0.0,137,pause,NA,NA,NA,NA,0.0,0,-30.36,-18.04,[],0,0,[],[]
6298830,6300010,NA,TVN,0.0,137,pause,NA,NA,NA,NA,0.0,0,-39.01,-33.45,[],0,0,[],[]
6300010,6301810,FEM,FAN,8.67,137,AMF,EC,0,NT,FI,0.0,0,-32.06,-24.55,[],0,0,[],[]
6301810,6305010,NA,TVN,0.0,138,pause,NA,NA,NA,NA,0.0,0,-22.5,-2.78,[],0,0,[],[]
6305010,6306970,NA,OLF,0.0,138,pause,NA,NA,NA,NA,0.0,0,-33.91,-24.74,[],0,0,[],[]
6306970,6307990,NA,TVN,0.0,138,pause,NA,NA,NA,NA,0.0,0,-31.01,-21.61,[],0,0,[],[]
6307990,6309130,NA,TVF,0.0,138,pause,NA,NA,NA,NA,0.0,0,-38.57,-29.0,[],0,0,[],[]
6309130,6309930,NA,TVF,0.0,138,pause,NA,NA,NA,NA,0.0,0,-40.44,-36.43,[],0,0,[],[]
6309930,6310730,NA,TVN,0.0,138,pause,NA,NA,NA,NA,0.0,0,-27.67,-22.59,[],0,0,[],[]
6310730,6313000,NA,TVF,0.0,138,pause,NA,NA,NA,NA,0.0,0,-33.74,-23.5,[],0,0,[],[]
6313000,6313800,NA,TVN,0.0,138,pause,NA,NA,NA,NA,0.0,0,-30.72,-23.05,[],0,0,[],[]
6313800,6315260,NA,TVF,0.0,138,pause,NA,NA,NA,NA,0.0,0,-39.39,-25.35,[],0,0,[],[]
6315260,6316770,NA,TVF,0.0,138,pause,NA,NA,NA,NA,0.0,0,-29.67,-15.01,[],0,0,[],[]
6316770,6317580,NA,TVF,0.0,138,pause,NA,NA,NA,NA,0.0,0,-40.87,-34.07,[],0,0,[],[]
6317580,6318580,NA,TVN,0.0,138,pause,NA,NA,NA,NA,0.0,0,-29.17,-17.75,[],0,0,[],[]
6318580,6319750,NA,TVF,0.0,138,pause,NA,NA,NA,NA,0.0,0,-25.52,-16.88,[],0,0,[],[]
6319750,6323010,NA,TVN,0.0,138,pause,NA,NA,NA,NA,0.0,0,-41.46,-31.62,[],0,0,[],[]
6323010,6323940,NA,SIL,0.0,138,pause,NA,NA,NA,NA,0.0,0,-39.72,-29.98,[],0,0,[],[]
6323940,6324950,NA,TVN,0.0,138,pause,NA,NA,NA,NA,0.0,0,-28.21,-19.23,[],0,0,[],[]
6324950,6326520,NA,TVN,0.0,138,pause,NA,NA,NA,NA,0.0,0,-30.18,-22.4,[],0,0,[],[]
6326520,6328340,NA,TVN,0.0,138,pause,NA,NA,NA,NA,0.0,0,-36.97,-22.91,[],0,0,[],[]
6328340,6329340,NA,TVN,0.0,138,pause,NA,NA,NA,NA,0.0,0,-28.52,-20.66,[],0,0,[],[]
6329340,6330690,NA,OLF,0.0,138,pause,NA,NA,NA,NA,0.0,0,-35.28,-21.71,[],0,0,[],[]
6330690,6332000,NA,TVN,0.0,138,pause,NA,NA,NA,NA,0.0,0,-40.34,-33.62,[],0,0,[],[]
6332000,6333460,NA,TVF,0.0,138,pause,NA,NA,NA,NA,0.0,0,-35.04,-20.19,[],0,0,[],[]
6333460,6335700,NA,TVN,0.0,138,pause,NA,NA,NA,NA,0.0,0,-41.99,-34.59,[],0,0,[],[]
6335700,6336540,NA,NOF,0.0,138,pause,NA,NA,NA,NA,0.0,0,-33.4,-26.36,[],0,0,[],[]
6336540,6337560,NA,OLN,0.0,138,pause,NA,NA,NA,NA,0.0,0,-32.37,-26.26,[],0,0,[],[]
6337560,6338390,NA,TVF,0.0,138,pause,NA,NA,NA,NA,0.0,0,-40.43,-33.37,[],0,0,[],[]
6338390,6339200,NA,TVN,0.0,138,pause,NA,NA,NA,NA,0.0,0,-37.36,-29.77,[],0,0,[],[]
6339200,6340200,NA,TVN,0.0,138,pause,NA,NA,NA,NA,0.0,0,-31.66,-25.04,[],0,0,[],[]
6340200,6341900,NA,TVN,0.0,138,pause,NA,NA,NA,NA,0.0,0,-38.04,-30.36,[],0,0,[],[]
6341900,6342920,NA,TVN,0.0,138,pause,NA,NA,NA,NA,0.0,0,-39.88,-33.24,[],0,0,[],[]
6342920,6343720,NA,TVF,0.0,138,pause,NA,NA,NA,NA,0.0,0,-35.21,-28.76,[],0,0,[],[]
6343720,6344720,NA,TVN,0.0,138,pause,NA,NA,NA,NA,0.0,0,-42.87,-38.65,[],0,0,[],[]
6344720,6345720,NA,TVN,0.0,138,pause,NA,NA,NA,NA,0.0,0,-43.55,-41.38,[],0,0,[],[]
6345720,6350200,NA,TVN,0.0,138,pause,NA,NA,NA,NA,0.0,0,-37.97,-28.83,[],0,0,[],[]
6350200,6351200,NA,TVF,0.0,138,pause,NA,NA,NA,NA,0.0,0,-41.23,-36.04,[],0,0,[],[]
6351200,6352800,NA,TVN,0.0,138,pause,NA,NA,NA,NA,0.0,0,-42.13,-32.69,[],0,0,[],[]
6352800,6354150,NA,TVN,0.0,138,pause,NA,NA,NA,NA,0.0,0,-38.11,-32.16,[],0,0,[],[]
6354150,6355930,NA,TVN,0.0,138,pause,NA,NA,NA,NA,0.0,0,-42.92,-37.53,[],0,0,[],[]
6355930,6356970,NA,TVN,0.0,138,pause,NA,NA,NA,NA,0.0,0,-38.55,-33.17,[],0,0,[],[]
6356970,6366800,NA,TVN,0.0,138,pause,NA,NA,NA,NA,0.0,0,-38.6,-28.98,[],0,0,[],[]
6366800,6367850,NA,TVN,0.0,138,pause,NA,NA,NA,NA,0.0,0,-38.98,-32.32,[],0,0,[],[]
6367850,6368850,NA,TVN,0.0,138,pause,NA,NA,NA,NA,0.0,0,-41.45,-35.39,[],0,0,[],[]
6368850,6370070,NA,TVN,0.0,138,pause,NA,NA,NA,NA,0.0,0,-36.06,-30.24,[],0,0,[],[]
6370070,6370890,NA,TVF,0.0,138,pause,NA,NA,NA,NA,0.0,0,-41.45,-28.07,[],0,0,[],[]
6370890,6371960,NA,TVN,0.0,138,pause,NA,NA,NA,NA,0.0,0,-44.4,-38.16,[],0,0,[],[]
6371960,6373510,NA,TVF,0.0,138,pause,NA,NA,NA,NA,0.0,0,-41.2,-33.3,[],0,0,[],[]
6373510,6374940,NA,SIL,0.0,138,pause,NA,NA,NA,NA,0.0,0,-45.85,-40.94,[],0,0,[],[]
6374940,6375740,NA,TVN,0.0,138,pause,NA,NA,NA,NA,0.0,0,-43.04,-37.48,[],0,0,[],[]
6375740,6376740,NA,TVN,0.0,138,pause,NA,NA,NA,NA,0.0,0,-41.67,-27.92,[],0,0,[],[]
6376740,6378330,NA,SIL,0.0,138,pause,NA,NA,NA,NA,0.0,0,-42.51,-35.73,[],0,0,[],[]
6378330,6388480,NA,TVN,0.0,138,pause,NA,NA,NA,NA,0.0,0,-40.54,-32.64,[],0,0,[],[]
6388480,6394410,NA,TVN,0.0,138,pause,NA,NA,NA,NA,0.0,0,-41.86,-32.58,[],0,0,[],[]
6394410,6395010,NA,TVN,0.0,138,pause,NA,NA,NA,NA,0.0,0,-39.68,-34.96,[],0,0,[],[]
6395010,6404060,NA,TVN,0.0,138,pause,NA,NA,NA,NA,0.0,0,-39.43,-28.51,[],0,0,[],[]
6404060,6405120,NA,SIL,0.0,138,pause,NA,NA,NA,NA,0.0,0,-44.49,-37.49,[],0,0,[],[]
6405120,6406190,NA,TVN,0.0,138,pause,NA,NA,NA,NA,0.0,0,-41.01,-33.96,[],0,0,[],[]
6406190,6406990,NA,SIL,0.0,138,pause,NA,NA,NA,NA,0.0,0,-44.9,-35.91,[],0,0,[],[]
6406990,6408480,NA,TVN,0.0,138,pause,NA,NA,NA,NA,0.0,0,-27.42,-15.84,[],0,0,[],[]
6408480,6413830,NA,TVN,0.0,138,pause,NA,NA,NA,NA,0.0,0,-39.81,-28.74,[],0,0,[],[]
6413830,6414640,NA,SIL,0.0,138,pause,NA,NA,NA,NA,0.0,0,-44.26,-40.43,[],0,0,[],[]
6414640,6418370,NA,TVN,0.0,138,pause,NA,NA,NA,NA,0.0,0,-37.9,-28.7,[],0,0,[],[]
6418370,6419900,NA,NON,0.0,138,pause,NA,NA,NA,NA,0.0,0,-26.67,-18.05,[],0,0,[],[]
6419900,6421640,NA,TVN,0.0,138,pause,NA,NA,NA,NA,0.0,0,-36.65,-30.38,[],0,0,[],[]
6421640,6422780,NA,NOF,0.0,138,pause,NA,NA,NA,NA,0.0,0,-33.78,-21.04,[],0,0,[],[]
6422780,6423580,NA,SIL,0.0,138,pause,NA,NA,NA,NA,0.0,0,-43.79,-38.76,[],0,0,[],[]
6423580,6424740,NA,TVN,0.0,138,pause,NA,NA,NA,NA,0.0,0,-37.64,-29.92,[],0,0,[],[]
6424740,6425980,NA,TVN,0.0,138,pause,NA,NA,NA,NA,0.0,0,-37.3,-30.86,[],0,0,[],[]
6425980,6427570,NA,TVN,0.0,138,pause,NA,NA,NA,NA,0.0,0,-23.49,-2.89,[],0,0,[],[]
6427570,6428610,NA,TVF,0.0,138,pause,NA,NA,NA,NA,0.0,0,-38.94,-32.54,[],0,0,[],[]
6428610,6429820,NA,SIL,0.0,138,pause,NA,NA,NA,NA,0.0,0,-44.39,-37.59,[],0,0,[],[]
6429820,6430840,NA,TVF,0.0,138,pause,NA,NA,NA,NA,0.0,0,-40.71,-33.82,[],0,0,[],[]
6430840,6431640,NA,SIL,0.0,138,pause,NA,NA,NA,NA,0.0,0,-42.31,-34.38,[],0,0,[],[]
6431640,6433060,NA,TVF,0.0,138,pause,NA,NA,NA,NA,0.0,0,-39.53,-32.12,[],0,0,[],[]
6433060,6434060,NA,TVN,0.0,138,pause,NA,NA,NA,NA,0.0,0,-39.03,-34.06,[],0,0,[],[]
6434060,6436090,NA,TVN,0.0,138,pause,NA,NA,NA,NA,0.0,0,-38.54,-33.35,[],0,0,[],[]
6436090,6441410,NA,TVN,0.0,138,pause,NA,NA,NA,NA,0.0,0,-38.68,-30.36,[],0,0,[],[]
6441410,6442490,NA,TVN,0.0,138,pause,NA,NA,NA,NA,0.0,0,-39.04,-34.59,[],0,0,[],[]
6442490,6444470,NA,TVN,0.0,138,pause,NA,NA,NA,NA,0.0,0,-38.61,-29.68,[],0,0,[],[]
6444470,6446780,NA,TVF,0.0,138,pause,NA,NA,NA,NA,0.0,0,-40.01,-33.46,[],0,0,[],[]
6446780,6447580,NA,TVN,0.0,138,pause,NA,NA,NA,NA,0.0,0,-37.83,-33.49,[],0,0,[],[]
6447580,6449380,NA,TVN,0.0,138,pause,NA,NA,NA,NA,0.0,0,-20.93,-6.28,[],0,0,[],[]
6449380,6450510,NA,TVN,0.0,138,pause,NA,NA,NA,NA,0.0,0,-39.44,-34.43,[],0,0,[],[]
6450510,6452710,NA,TVF,0.0,138,pause,NA,NA,NA,NA,0.0,0,-37.85,-26.09,[],0,0,[],[]
6452710,6457180,NA,TVN,0.0,138,pause,NA,NA,NA,NA,0.0,0,-33.71,-19.87,[],0,0,[],[]
6457180,6458570,NA,TVN,0.0,138,pause,NA,NA,NA,NA,0.0,0,-42.2,-36.21,[],0,0,[],[]
6458570,6459930,NA,TVN,0.0,138,pause,NA,NA,NA,NA,0.0,0,-40.81,-34.63,[],0,0,[],[]
6459930,6460770,NA,TVN,0.0,138,pause,NA,NA,NA,NA,0.0,0,-36.56,-19.28,[],0,0,[],[]
6460770,6461760,NA,TVF,0.0,138,pause,NA,NA,NA,NA,0.0,0,-42.42,-38.13,[],0,0,[],[]
6461760,6474990,NA,TVN,0.0,138,pause,NA,NA,NA,NA,0.0,0,-39.44,-24.84,[],0,0,[],[]
6474990,6475820,NA,TVF,0.0,138,pause,NA,NA,NA,NA,0.0,0,-35.97,-28.87,[],0,0,[],[]
6475820,6478770,NA,TVN,0.0,138,pause,NA,NA,NA,NA,0.0,0,-42.47,-34.56,[],0,0,[],[]
6478770,6481020,NA,TVN,0.0,138,pause,NA,NA,NA,NA,0.0,0,-34.39,-25.93,[],0,0,[],[]
6481020,6488640,NA,TVN,0.0,138,pause,NA,NA,NA,NA,0.0,0,-38.27,-30.1,[],0,0,[],[]
6488640,6489670,NA,TVN,0.0,138,pause,NA,NA,NA,NA,0.0,0,-39.28,-34.67,[],0,0,[],[]
6489670,6500660,NA,TVN,0.0,138,pause,NA,NA,NA,NA,0.0,0,-39.79,-29.11,[],0,0,[],[]
6500660,6502690,NA,TVN,0.0,138,pause,NA,NA,NA,NA,0.0,0,-29.45,-9.3,[],0,0,[],[]
6502690,6503580,NA,TVF,0.0,138,pause,NA,NA,NA,NA,0.0,0,-39.2,-31.93,[],0,0,[],[]
6503580,6504620,NA,TVN,0.0,138,pause,NA,NA,NA,NA,0.0,0,-39.83,-34.22,[],0,0,[],[]
6504620,6505990,NA,TVF,0.0,138,pause,NA,NA,NA,NA,0.0,0,-36.77,-24.42,[],0,0,[],[]
6505990,6507870,NA,TVN,0.0,138,pause,NA,NA,NA,NA,0.0,0,-43.1,-34.99,[],0,0,[],[]
6507870,6509910,NA,TVF,0.0,138,pause,NA,NA,NA,NA,0.0,0,-46.46,-40.65,[],0,0,[],[]
6509910,6511880,NA,SIL,0.0,138,pause,NA,NA,NA,NA,0.0,0,-46.47,-40.24,[],0,0,[],[]
6511880,6513390,NA,TVF,0.0,138,pause,NA,NA,NA,NA,0.0,0,-40.48,-34.16,[],0,0,[],[]
6513390,6514510,NA,TVF,0.0,138,pause,NA,NA,NA,NA,0.0,0,-42.55,-35.15,[],0,0,[],[]
6514510,6515320,NA,OLF,0.0,138,pause,NA,NA,NA,NA,0.0,0,-23.12,-9.41,[],0,0,[],[]
6515320,6516140,NA,TVF,0.0,138,pause,NA,NA,NA,NA,0.0,0,-36.94,-21.46,[],0,0,[],[]
6516140,6517920,NA,TVN,0.0,138,pause,NA,NA,NA,NA,0.0,0,-37.83,-27.39,[],0,0,[],[]
6517920,6522640,NA,TVN,0.0,138,pause,NA,NA,NA,NA,0.0,0,-42.31,-34.77,[],0,0,[],[]
6522640,6523750,NA,TVF,0.0,138,pause,NA,NA,NA,NA,0.0,0,-37.76,-30.71,[],0,0,[],[]
6523750,6524770,NA,TVN,0.0,138,pause,NA,NA,NA,NA,0.0,0,-39.1,-31.24,[],0,0,[],[]
6524770,6525830,NA,TVN,0.0,138,pause,NA,NA,NA,NA,0.0,0,-36.89,-28.8,[],0,0,[],[]
6525830,6528090,NA,TVF,0.0,138,pause,NA,NA,NA,NA,0.0,0,-19.1,-2.47,[],0,0,[],[]
6528090,6529710,NA,TVN,0.0,138,pause,NA,NA,NA,NA,0.0,0,-35.96,-27.43,[],0,0,[],[]
6529710,6530510,NA,TVN,0.0,138,pause,NA,NA,NA,NA,0.0,0,-39.34,-35.83,[],0,0,[],[]
6530510,6535890,NA,TVN,0.0,138,pause,NA,NA,NA,NA,0.0,0,-39.82,-31.95,[],0,0,[],[]
6535890,6536890,NA,TVN,0.0,138,pause,NA,NA,NA,NA,0.0,0,-35.61,-29.45,[],0,0,[],[]
6536890,6539160,NA,TVN,0.0,138,pause,NA,NA,NA,NA,0.0,0,-38.38,-30.87,[],0,0,[],[]
6539160,6540160,NA,TVN,0.0,138,pause,NA,NA,NA,NA,0.0,0,-42.28,-36.88,[],0,0,[],[]
6540160,6541430,NA,TVN,0.0,138,pause,NA,NA,NA,NA,0.0,0,-36.91,-28.84,[],0,0,[],[]
6541430,6542650,NA,TVN,0.0,138,pause,NA,NA,NA,NA,0.0,0,-38.58,-34.19,[],0,0,[],[]
6542650,6543580,NA,TVF,0.0,138,pause,NA,NA,NA,NA,0.0,0,-38.62,-34.2,[],0,0,[],[]
6543580,6544380,NA,TVN,0.0,138,pause,NA,NA,NA,NA,0.0,0,-41.18,-33.01,[],0,0,[],[]
6544380,6545180,NA,TVN,0.0,138,pause,NA,NA,NA,NA,0.0,0,-38.89,-34.33,[],0,0,[],[]
6545180,6547200,NA,TVN,0.0,138,pause,NA,NA,NA,NA,0.0,0,-38.87,-29.8,[],0,0,[],[]
6547200,6548200,NA,TVN,0.0,138,pause,NA,NA,NA,NA,0.0,0,-42.14,-37.7,[],0,0,[],[]
6548200,6550770,NA,TVN,0.0,138,pause,NA,NA,NA,NA,0.0,0,-43.45,-35.68,[],0,0,[],[]
6550770,6552550,NA,TVN,0.0,138,pause,NA,NA,NA,NA,0.0,0,-42.76,-38.95,[],0,0,[],[]
6552550,6556460,NA,TVN,0.0,138,pause,NA,NA,NA,NA,0.0,0,-38.91,-29.77,[],0,0,[],[]
6556460,6557710,NA,TVF,0.0,138,pause,NA,NA,NA,NA,0.0,0,-36.47,-31.13,[],0,0,[],[]
6557710,6558530,NA,TVF,0.0,138,pause,NA,NA,NA,NA,0.0,0,-40.72,-36.07,[],0,0,[],[]
6558530,6560730,NA,TVN,0.0,138,pause,NA,NA,NA,NA,0.0,0,-38.68,-31.56,[],0,0,[],[]
6560730,6562980,NA,TVN,0.0,138,pause,NA,NA,NA,NA,0.0,0,-41.14,-32.96,[],0,0,[],[]
6562980,6563790,NA,TVN,0.0,138,pause,NA,NA,NA,NA,0.0,0,-40.61,-33.82,[],0,0,[],[]
6563790,6565130,NA,TVF,0.0,138,pause,NA,NA,NA,NA,0.0,0,-38.39,-22.78,[],0,0,[],[]
6565130,6566960,NA,TVF,0.0,138,pause,NA,NA,NA,NA,0.0,0,-43.42,-39.3,[],0,0,[],[]
6566960,6567960,NA,TVN,0.0,138,pause,NA,NA,NA,NA,0.0,0,-42.0,-38.74,[],0,0,[],[]
6567960,6569970,NA,TVN,0.0,138,pause,NA,NA,NA,NA,0.0,0,-37.36,-18.91,[],0,0,[],[]
6569970,6571780,NA,TVN,0.0,138,pause,NA,NA,NA,NA,0.0,0,-40.51,-32.05,[],0,0,[],[]
6571780,6572640,NA,TVF,0.0,138,pause,NA,NA,NA,NA,0.0,0,-39.38,-33.84,[],0,0,[],[]
6572640,6573640,NA,TVN,0.0,138,pause,NA,NA,NA,NA,0.0,0,-42.84,-37.0,[],0,0,[],[]
6573640,6575000,NA,TVN,0.0,138,pause,NA,NA,NA,NA,0.0,0,-39.38,-32.03,[],0,0,[],[]
6575000,6576960,NA,TVN,0.0,138,pause,NA,NA,NA,NA,0.0,0,-40.79,-31.05,[],0,0,[],[]
6576960,6578260,NA,TVN,0.0,138,pause,NA,NA,NA,NA,0.0,0,-40.76,-32.91,[],0,0,[],[]
6578260,6579100,NA,TVF,0.0,138,pause,NA,NA,NA,NA,0.0,0,-41.9,-37.15,[],0,0,[],[]
6579100,6580060,NA,NOF,0.0,138,pause,NA,NA,NA,NA,0.0,0,-25.47,-18.57,[],0,0,[],[]
6580060,6584920,NA,OLN,0.0,138,pause,NA,NA,NA,NA,0.0,0,-23.0,-3.62,[],0,0,[],[]
6584920,6586480,NA,SIL,0.0,138,pause,NA,NA,NA,NA,0.0,0,-44.0,-37.63,[],0,0,[],[]
6586480,6587680,NA,OLN,0.0,138,pause,NA,NA,NA,NA,0.0,0,-33.67,-27.33,[],0,0,[],[]
6587680,6588670,NA,NOF,0.0,138,pause,NA,NA,NA,NA,0.0,0,-35.57,-26.05,[],0,0,[],[]
6588670,6589830,NA,TVF,0.0,138,pause,NA,NA,NA,NA,0.0,0,-35.52,-28.63,[],0,0,[],[]
6589830,6590830,NA,TVF,0.0,138,pause,NA,NA,NA,NA,0.0,0,-38.72,-32.17,[],0,0,[],[]
6590830,6591720,NA,OLF,0.0,138,pause,NA,NA,NA,NA,0.0,0,-35.96,-29.22,[],0,0,[],[]
6591720,6592920,NA,NON,0.0,138,pause,NA,NA,NA,NA,0.0,0,-35.52,-20.22,[],0,0,[],[]
6592920,6593780,NA,OLN,0.0,138,pause,NA,NA,NA,NA,0.0,0,-38.09,-31.46,[],0,0,[],[]
6593780,6594630,NA,NOF,0.0,138,pause,NA,NA,NA,NA,0.0,0,-37.67,-32.66,[],0,0,[],[]
6594630,6595630,NA,TVF,0.0,138,pause,NA,NA,NA,NA,0.0,0,-34.04,-28.35,[],0,0,[],[]
6595630,6596690,NA,NON,0.0,138,pause,NA,NA,NA,NA,0.0,0,-36.01,-30.58,[],0,0,[],[]
6596690,6597870,NA,TVN,0.0,138,pause,NA,NA,NA,NA,0.0,0,-40.76,-32.07,[],0,0,[],[]
6597870,6598800,NA,TVN,0.0,138,pause,NA,NA,NA,NA,0.0,0,-37.91,-32.84,[],0,0,[],[]
6598800,6599800,NA,TVN,0.0,138,pause,NA,NA,NA,NA,0.0,0,-36.05,-29.44,[],0,0,[],[]
6599800,6602940,NA,NOF,0.0,138,pause,NA,NA,NA,NA,0.0,0,-39.39,-25.6,[],0,0,[],[]
6602940,6603750,NA,OLF,0.0,138,pause,NA,NA,NA,NA,0.0,0,-17.93,-3.58,[],0,0,[],[]
6603750,6604560,NA,NOF,0.0,138,pause,NA,NA,NA,NA,0.0,0,-29.0,-20.62,[],0,0,[],[]
6604560,6605530,NA,OLF,0.0,138,pause,NA,NA,NA,NA,0.0,0,-36.74,-21.67,[],0,0,[],[]
6605530,6606360,OCH,CXN,0.0,138,XM,EC,0,NT,FI,0.0,0,-38.89,-33.13,[],0,0,[],[]
6606360,6607390,NA,NON,0.0,139,pause,NA,NA,NA,NA,0.0,0,-28.87,-23.1,[],0,0,[],[]
6607390,6610720,NA,OLN,0.0,139,pause,NA,NA,NA,NA,0.0,0,-31.57,-9.61,[],0,0,[],[]
6610720,6611720,NA,TVN,0.0,139,pause,NA,NA,NA,NA,0.0,0,-37.72,-26.87,[],0,0,[],[]
6611720,6612870,NA,OLN,0.0,139,pause,NA,NA,NA,NA,0.0,0,-27.34,-17.53,[],0,0,[],[]
6612870,6613680,NA,NOF,0.0,139,pause,NA,NA,NA,NA,0.0,0,-39.47,-28.98,[],0,0,[],[]
6613680,6614960,NA,OLF,0.0,139,pause,NA,NA,NA,NA,0.0,0,-18.39,-3.42,[],0,0,[],[]
6614960,6615820,NA,NOF,0.0,139,pause,NA,NA,NA,NA,0.0,0,-27.53,-19.09,[],0,0,[],[]
6615820,6618210,NA,OLN,0.0,139,pause,NA,NA,NA,NA,0.0,0,-30.18,-18.56,[],0,0,[],[]
6618210,6619030,NA,NON,0.0,139,pause,NA,NA,NA,NA,0.0,0,-27.55,-19.57,[],0,0,[],[]
6619030,6619970,NA,OLF,0.0,139,pause,NA,NA,NA,NA,0.0,0,-31.05,-24.05,[],0,0,[],[]
6619970,6621320,NA,NOF,0.0,139,pause,NA,NA,NA,NA,0.0,0,-18.04,-5.64,[],0,0,[],[]
6621320,6622700,NA,OLN,0.0,139,pause,NA,NA,NA,NA,0.0,0,-22.55,-7.8,[],0,0,[],[]
6622700,6623500,NA,NOF,0.0,139,pause,NA,NA,NA,NA,0.0,0,-22.23,-7.75,[],0,0,[],[]
6623500,6624530,NA,OLN,0.0,139,pause,NA,NA,NA,NA,0.0,0,-27.4,-18.26,[],0,0,[],[]
6624530,6625570,NA,MAF,0.0,139,pause,NA,NA,NA,NA,0.0,0,-35.17,-29.6,[],0,0,[],[]
6625570,6626370,NA,OLF,0.0,139,pause,NA,NA,NA,NA,0.0,0,-38.6,-32.68,[],0,0,[],[]
6626370,6628960,NA,MAF,0.0,139,pause,NA,NA,NA,NA,0.0,0,-36.74,-28.13,[],0,0,[],[]
6628960,6629960,FEM,FAN,11.96,139,AMF,BC,0,NT,FI,0.0,0,-33.15,-25.73,[],0,0,[],[]
6629960,6630940,NA,OLN,0.0,139,AMF,NA,NA,NA,NA,0.0,0,-37.4,-25.59,[],0,0,[],[]
6630940,6632300,MAL,MAN,0.0,139,AMF,NA,NA,NA,NA,0.0,0,-30.58,-17.95,[],1360,0,[],[]
6632300,6632930,FEM,FAN,4.18,139,AMF,EC,0,NT,FH,0.0,0,-31.58,-21.25,[],0,0,[],[]
6632930,6634020,NA,TVF,0.0,140,pause,NA,NA,NA,NA,0.0,0,-39.2,-22.55,[],0,0,[],[]
6634020,6636860,NA,OLF,0.0,140,pause,NA,NA,NA,NA,0.0,0,-33.4,-15.0,[],0,0,[],[]
6636860,6638060,NA,NOF,0.0,140,pause,NA,NA,NA,NA,0.0,0,-21.36,-7.02,[],0,0,[],[]
6638060,6639330,NA,OLN,0.0,140,pause,NA,NA,NA,NA,0.0,0,-31.99,-22.24,[],0,0,[],[]
6639330,6640150,NA,NON,0.0,140,pause,NA,NA,NA,NA,0.0,0,-35.18,-28.68,[],0,0,[],[]
6640150,6642680,NA,OLN,0.0,140,pause,NA,NA,NA,NA,0.0,0,-29.74,-16.79,[],0,0,[],[]
6642680,6643480,NA,NOF,0.0,140,pause,NA,NA,NA,NA,0.0,0,-22.57,-13.85,[],0,0,[],[]
6643480,6647830,NA,OLN,0.0,140,pause,NA,NA,NA,NA,0.0,0,-27.49,-5.89,[],0,0,[],[]
6647830,6648720,NA,NOF,0.0,140,pause,NA,NA,NA,NA,0.0,0,-28.34,-21.37,[],0,0,[],[]
6648720,6650740,NA,OLN,0.0,140,pause,NA,NA,NA,NA,0.0,0,-23.71,-15.13,[],0,0,[],[]
6650740,6653270,FEM,FAN,6.24,140,AMF,EC,0,NT,FI,0.0,0,-19.57,-5.5,[],0,0,[],[]
6653270,6654230,NA,NOF,0.0,141,pause,NA,NA,NA,NA,0.0,0,-36.54,-22.83,[],0,0,[],[]
6654230,6657130,NA,OLN,0.0,141,pause,NA,NA,NA,NA,0.0,0,-17.31,-3.83,[],0,0,[],[]
6657130,6659380,NA,NOF,0.0,141,pause,NA,NA,NA,NA,0.0,0,-30.6,-7.99,[],0,0,[],[]
6659380,6660180,FEM,FAN,8.02,141,AMF,EC,0,NT,FI,0.0,0,-19.72,-10.3,[],0,0,[],[]
6660180,6660980,NA,OLN,0.0,142,pause,NA,NA,NA,NA,0.0,0,-25.51,-15.39,[],0,0,[],[]
6660980,6661780,NA,NON,0.0,142,pause,NA,NA,NA,NA,0.0,0,-29.47,-14.66,[],0,0,[],[]
6661780,6665830,NA,OLN,0.0,142,pause,NA,NA,NA,NA,0.0,0,-28.31,-11.89,[],0,0,[],[]
6665830,6666480,FEM,FAN,3.28,142,AMF,BC,0,NT,FI,0.0,0,-16.34,-9.44,[],0,0,[],[]
6666480,6667310,NA,MAF,0.0,142,AMF,NA,NA,NA,NA,0.0,0,-43.73,-35.93,[],0,0,[],[]
6667310,6671060,FEM,FAN,14.13,142,AMF,RC,0,NT,FH,0.0,0,-19.09,-10.23,[],0,0,[],[]
6671060,6672790,NA,OLF,0.0,142,AMF,NA,NA,NA,NA,0.0,0,-38.39,-29.93,[],0,0,[],[]
6672790,6673630,NA,NOF,0.0,142,AMF,NA,NA,NA,NA,0.0,0,-44.23,-39.9,[],0,0,[],[]
6673630,6674630,MAL,MAN,3.55,142,AMF,RC,0,NT,FI,0.0,0,-19.9,-12.95,[],0,0,[],[]
6674630,6675650,FEM,FAN,6.15,142,AMF,RC,0,NT,FI,0.0,0,-17.0,-11.42,[],0,0,[],[]
6675650,6676650,MAL,MAN,0.0,142,AMF,NA,NA,NA,NA,0.0,0,-18.56,-10.26,[],1000,0,[],[]
6676650,6677600,NA,OLN,0.0,142,AMF,NA,NA,NA,NA,0.0,0,-24.78,-14.05,[],0,0,[],[]
6677600,6678650,MAL,MAN,4.56,142,AMF,RC,0,NT,FI,0.0,0,-19.12,-11.84,[],0,0,[],[]
6678650,6680330,FEM,FAN,7.67,142,AMF,RC,0,NT,FI,0.0,0,-21.16,-13.41,[],0,0,[],[]
6680330,6681660,NA,NOF,0.0,142,AMF,NA,NA,NA,NA,0.0,0,-36.38,-23.17,[],0,0,[],[]
6681660,6683470,FEM,FAN,8.75,142,AMF,RC,0,NT,FH,0.0,0,-18.22,-10.0,[],0,0,[],[]
6683470,6685010,NA,OLN,0.0,142,AMF,NA,NA,NA,NA,0.0,0,-17.12,-9.2,[],0,0,[],[]
6685010,6686410,MAL,MAN,9.02,142,AMF,RC,0,NT,FI,0.0,0,-32.59,-24.03,[],0,0,[],[]
6686410,6687560,NA,TVF,0.0,142,AMF,NA,NA,NA,NA,0.0,0,-48.04,-43.22,[],0,0,[],[]
6687560,6688560,FEM,FAN,7.22,142,AMF,EC,0,NT,FI,0.0,0,-19.56,-13.67,[],0,0,[],[]
6688560,6691840,NA,OLN,0.0,143,pause,NA,NA,NA,NA,0.0,0,-17.74,-3.8,[],0,0,[],[]
6691840,6692640,NA,NOF,0.0,143,pause,NA,NA,NA,NA,0.0,0,-39.76,-26.58,[],0,0,[],[]
6692640,6693640,NA,FAF,0.0,143,pause,NA,NA,NA,NA,0.0,0,-40.48,-31.7,[],0,0,[],[]
6693640,6694730,NA,NOF,0.0,143,pause,NA,NA,NA,NA,0.0,0,-45.17,-40.62,[],0,0,[],[]
6694730,6695740,FEM,FAN,8.38,143,AMF,BC,0,NT,FI,0.0,0,-27.58,-22.08,[],0,0,[],[]
6695740,6697250,NA,NOF,0.0,143,AMF,NA,NA,NA,NA,0.0,0,-27.24,-7.22,[],0,0,[],[]
6697250,6698810,NA,SIL,0.0,143,AMF,NA,NA,NA,NA,0.0,0,-46.35,-34.62,[],0,0,[],[]
6698810,6700560,NA,NOF,0.0,143,AMF,NA,NA,NA,NA,0.0,0,-36.62,-17.96,[],0,0,[],[]
6700560,6701560,FEM,FAN,5.47,143,AMF,EC,0,NT,FH,0.0,0,-40.15,-28.33,[],0,0,[],[]
6701560,6704650,NA,NOF,0.0,144,pause,NA,NA,NA,NA,0.0,0,-43.4,-27.38,[],0,0,[],[]
6704650,6708220,NA,SIL,0.0,144,pause,NA,NA,NA,NA,0.0,0,-53.12,-39.49,[],0,0,[],[]
6708220,6710650,NA,NOF,0.0,144,pause,NA,NA,NA,NA,0.0,0,-45.54,-33.64,[],0,0,[],[]
6710650,6711690,NA,SIL,0.0,144,pause,NA,NA,NA,NA,0.0,0,-47.96,-31.24,[],0,0,[],[]
6711690,6712490,NA,NOF,0.0,144,pause,NA,NA,NA,NA,0.0,0,-49.34,-41.12,[],0,0,[],[]
6712490,6719230,NA,SIL,0.0,144,pause,NA,NA,NA,NA,0.0,0,-48.87,-31.67,[],0,0,[],[]
6719230,6723970,NA,NOF,0.0,144,pause,NA,NA,NA,NA,0.0,0,-42.52,-23.86,[],0,0,[],[]
6723970,6727980,NA,SIL,0.0,144,pause,NA,NA,NA,NA,0.0,0,-53.34,-46.64,[],0,0,[],[]
6727980,6732160,NA,NOF,0.0,144,pause,NA,NA,NA,NA,0.0,0,-42.78,-29.65,[],0,0,[],[]
6732160,6734250,NA,SIL,0.0,144,pause,NA,NA,NA,NA,0.0,0,-51.05,-34.6,[],0,0,[],[]
6734250,6739080,NA,NOF,0.0,144,pause,NA,NA,NA,NA,0.0,0,-42.59,-27.53,[],0,0,[],[]
6739080,6739920,NA,SIL,0.0,144,pause,NA,NA,NA,NA,0.0,0,-48.41,-41.43,[],0,0,[],[]
6739920,6743670,NA,NOF,0.0,144,pause,NA,NA,NA,NA,0.0,0,-42.1,-29.07,[],0,0,[],[]
6743670,6744710,NA,SIL,0.0,144,pause,NA,NA,NA,NA,0.0,0,-50.0,-42.83,[],0,0,[],[]
6744710,6746490,NA,NOF,0.0,144,pause,NA,NA,NA,NA,0.0,0,-37.59,-24.59,[],0,0,[],[]
6746490,6752870,NA,SIL,0.0,144,pause,NA,NA,NA,NA,0.0,0,-46.67,-26.11,[],0,0,[],[]
6752870,6757210,NA,NOF,0.0,144,pause,NA,NA,NA,NA,0.0,0,-38.35,-16.16,[],0,0,[],[]
6757210,6758140,NA,SIL,0.0,144,pause,NA,NA,NA,NA,0.0,0,-51.76,-44.52,[],0,0,[],[]
6758140,6758740,CHI,CHN,0.0,144,CM,BC,0,NT,FI,1.0,350,-26.93,-17.15,"[{'Canonical-syllable': '0', 'Growl': '0', 'High-freq-energy': '0', 'Long-island': '0', 'Low-tilt-spectrum': '0', 'Medium-island': '0', 'Short-island': '1', 'Squeal': '0', 'Typical-entropy': '1', 'Voicing-quality': '1', 'Wide-band': '1', 'Xlong-island': '0', 'seq': '1', 'end': 6758.49, 'start': 6758.36}]",0,0,[],[]
6758740,6759550,NA,SIL,0.0,144,CM,NA,NA,NA,NA,0.0,0,-48.91,-44.08,[],0,0,[],[]
6759550,6760150,CHI,CHN,0.0,144,CM,EC,0,NT,FH,1.0,430,-25.01,-18.54,"[{'Canonical-syllable': '0', 'Growl': '0', 'High-freq-energy': '0', 'Long-island': '0', 'Low-tilt-spectrum': '0', 'Medium-island': '1', 'Short-island': '0', 'Squeal': '0', 'Typical-entropy': '0', 'Voicing-quality': '1', 'Wide-band': '0', 'Xlong-island': '0', 'seq': '1', 'end': 6759.98, 'start': 6759.66}]",0,0,[],[]
6760150,6761720,NA,SIL,0.0,145,pause,NA,NA,NA,NA,0.0,0,-49.47,-42.2,[],0,0,[],[]
6761720,6762870,NA,TVF,0.0,145,pause,NA,NA,NA,NA,0.0,0,-45.84,-39.42,[],0,0,[],[]
6762870,6766050,NA,SIL,0.0,145,pause,NA,NA,NA,NA,0.0,0,-47.57,-39.96,[],0,0,[],[]
6766050,6766900,NA,FAF,0.0,145,pause,NA,NA,NA,NA,0.0,0,-46.07,-33.49,[],0,0,[],[]
6766900,6768520,NA,SIL,0.0,145,pause,NA,NA,NA,NA,0.0,0,-52.56,-46.25,[],0,0,[],[]
6768520,6769520,NA,TVF,0.0,145,pause,NA,NA,NA,NA,0.0,0,-46.76,-40.43,[],0,0,[],[]
6769520,6770960,NA,SIL,0.0,145,pause,NA,NA,NA,NA,0.0,0,-53.4,-47.2,[],0,0,[],[]
6770960,6771960,NA,TVF,0.0,145,pause,NA,NA,NA,NA,0.0,0,-47.13,-39.3,[],0,0,[],[]
6771960,6773140,NA,SIL,0.0,145,pause,NA,NA,NA,NA,0.0,0,-51.96,-46.48,[],0,0,[],[]
6773140,6774750,NA,TVF,0.0,145,pause,NA,NA,NA,NA,0.0,0,-45.69,-39.0,[],0,0,[],[]
6774750,6776080,NA,SIL,0.0,145,pause,NA,NA,NA,NA,0.0,0,-48.29,-40.73,[],0,0,[],[]
6776080,6777130,NA,MAF,0.0,145,pause,NA,NA,NA,NA,0.0,0,-40.74,-34.87,[],0,0,[],[]
6777130,6779530,NA,SIL,0.0,145,pause,NA,NA,NA,NA,0.0,0,-48.73,-41.67,[],0,0,[],[]
6779530,6781080,NA,MAF,0.0,145,pause,NA,NA,NA,NA,0.0,0,-40.21,-32.38,[],0,0,[],[]
6781080,6786690,NA,SIL,0.0,145,pause,NA,NA,NA,NA,0.0,0,-46.66,-34.99,[],0,0,[],[]
6786690,6787690,NA,MAF,0.0,145,pause,NA,NA,NA,NA,0.0,0,-47.99,-41.49,[],0,0,[],[]
6787690,6789290,NA,SIL,0.0,145,pause,NA,NA,NA,NA,0.0,0,-45.81,-34.05,[],0,0,[],[]
6789290,6790890,NA,NOF,0.0,145,pause,NA,NA,NA,NA,0.0,0,-43.47,-29.8,[],0,0,[],[]
6790890,6793420,NA,SIL,0.0,145,pause,NA,NA,NA,NA,0.0,0,-48.73,-34.76,[],0,0,[],[]
6793420,6795820,NA,NOF,0.0,145,pause,NA,NA,NA,NA,0.0,0,-41.11,-28.24,[],0,0,[],[]
6795820,6808060,NA,SIL,0.0,145,pause,NA,NA,NA,NA,0.0,0,-50.62,-39.58,[],0,0,[],[]
6808060,6809060,NA,TVN,0.0,145,pause,NA,NA,NA,NA,0.0,0,-50.6,-44.36,[],0,0,[],[]
6809060,6810830,NA,SIL,0.0,145,pause,NA,NA,NA,NA,0.0,0,-49.78,-42.3,[],0,0,[],[]
6810830,6811630,NA,NOF,0.0,145,pause,NA,NA,NA,NA,0.0,0,-47.91,-40.12,[],0,0,[],[]
6811630,6813220,NA,MAF,0.0,145,pause,NA,NA,NA,NA,0.0,0,-39.13,-27.5,[],0,0,[],[]
6813220,6815790,NA,SIL,0.0,145,pause,NA,NA,NA,NA,0.0,0,-49.37,-40.67,[],0,0,[],[]
6815790,6817530,NA,MAF,0.0,145,pause,NA,NA,NA,NA,0.0,0,-44.05,-36.37,[],0,0,[],[]
6817530,6818410,NA,SIL,0.0,145,pause,NA,NA,NA,NA,0.0,0,-48.19,-37.72,[],0,0,[],[]
6818410,6819600,NA,MAF,0.0,145,pause,NA,NA,NA,NA,0.0,0,-41.0,-32.49,[],0,0,[],[]
6819600,6820650,NA,NOF,0.0,145,pause,NA,NA,NA,NA,0.0,0,-48.19,-42.11,[],0,0,[],[]
6820650,6821770,NA,MAF,0.0,145,pause,NA,NA,NA,NA,0.0,0,-39.3,-32.54,[],0,0,[],[]
6821770,6822670,NA,NOF,0.0,145,pause,NA,NA,NA,NA,0.0,0,-47.15,-41.26,[],0,0,[],[]
6822670,6823760,NA,MAF,0.0,145,pause,NA,NA,NA,NA,0.0,0,-45.88,-37.16,[],0,0,[],[]
6823760,6825100,NA,SIL,0.0,145,pause,NA,NA,NA,NA,0.0,0,-45.4,-36.05,[],0,0,[],[]
6825100,6829450,NA,NOF,0.0,145,pause,NA,NA,NA,NA,0.0,0,-23.81,-5.88,[],0,0,[],[]
6829450,6830350,NA,OLN,0.0,145,pause,NA,NA,NA,NA,0.0,0,-27.24,-15.64,[],0,0,[],[]
6830350,6838160,NA,NOF,0.0,145,pause,NA,NA,NA,NA,0.0,0,-39.92,-26.08,[],0,0,[],[]
6838160,6839760,NA,SIL,0.0,145,pause,NA,NA,NA,NA,0.0,0,-51.76,-40.31,[],0,0,[],[]
6839760,6841650,NA,MAF,0.0,145,pause,NA,NA,NA,NA,0.0,0,-28.87,-8.74,[],0,0,[],[]
6841650,6842750,NA,SIL,0.0,145,pause,NA,NA,NA,NA,0.0,0,-49.59,-40.53,[],0,0,[],[]
6842750,6845010,NA,MAF,0.0,145,pause,NA,NA,NA,NA,0.0,0,-28.13,-8.39,[],0,0,[],[]
6845010,6847270,NA,NOF,0.0,145,pause,NA,NA,NA,NA,0.0,0,-44.85,-30.18,[],0,0,[],[]
6847270,6848270,MAL,MAN,6.47,145,AMM,EC,0,NT,FI,0.0,0,-37.31,-27.82,[],0,0,[],[]
6848270,6849110,NA,NOF,0.0,146,pause,NA,NA,NA,NA,0.0,0,-44.97,-34.54,[],0,0,[],[]
6849110,6850090,NA,SIL,0.0,146,pause,NA,NA,NA,NA,0.0,0,-48.69,-41.36,[],0,0,[],[]
6850090,6851880,NA,NOF,0.0,146,pause,NA,NA,NA,NA,0.0,0,-47.46,-38.5,[],0,0,[],[]
6851880,6853480,NA,SIL,0.0,146,pause,NA,NA,NA,NA,0.0,0,-46.92,-38.96,[],0,0,[],[]
6853480,6854330,NA,MAF,0.0,146,pause,NA,NA,NA,NA,0.0,0,-48.61,-42.7,[],0,0,[],[]
6854330,6856660,NA,SIL,0.0,146,pause,NA,NA,NA,NA,0.0,0,-47.66,-39.58,[],0,0,[],[]
6856660,6857670,NA,MAF,0.0,146,pause,NA,NA,NA,NA,0.0,0,-46.06,-39.37,[],0,0,[],[]
6857670,6858480,NA,SIL,0.0,146,pause,NA,NA,NA,NA,0.0,0,-46.34,-35.51,[],0,0,[],[]
6858480,6860600,NA,OLF,0.0,146,pause,NA,NA,NA,NA,0.0,0,-38.11,-19.22,[],0,0,[],[]
6860600,6861410,NA,NON,0.0,146,pause,NA,NA,NA,NA,0.0,0,-21.83,-9.14,[],0,0,[],[]
6861410,6862340,NA,OLF,0.0,146,pause,NA,NA,NA,NA,0.0,0,-20.17,-2.98,[],0,0,[],[]
6862340,6863400,NA,NOF,0.0,146,pause,NA,NA,NA,NA,0.0,0,-37.07,-22.42,[],0,0,[],[]
6863400,6864410,NA,FAF,0.0,146,pause,NA,NA,NA,NA,0.0,0,-43.2,-38.56,[],0,0,[],[]
6864410,6865740,NA,NON,0.0,146,pause,NA,NA,NA,NA,0.0,0,-35.3,-26.37,[],0,0,[],[]
6865740,6866760,NA,MAF,0.0,146,pause,NA,NA,NA,NA,0.0,0,-40.78,-32.91,[],0,0,[],[]
6866760,6869290,NA,NON,0.0,146,pause,NA,NA,NA,NA,0.0,0,-20.95,-4.08,[],0,0,[],[]
6869290,6871490,FEM,FAN,9.05,146,AICF,BC,0,NT,FI,0.0,0,-27.8,-15.89,[],0,0,[],[]
6871490,6874900,NA,OLN,0.0,146,AICF,NA,NA,NA,NA,0.0,0,-16.68,-3.78,[],0,0,[],[]
6874900,6876510,OCH,CXN,0.0,146,AICF,RC,0,NT,FI,0.0,0,-19.69,-10.54,[],0,0,[],[]
6876510,6877690,NA,OLN,0.0,146,AICF,NA,NA,NA,NA,0.0,0,-31.08,-23.33,[],0,0,[],[]
6877690,6880270,FEM,FAN,7.97,146,AICF,RC,0,TIFI,FI,0.0,0,-18.54,-10.32,[],0,0,[],[]
6880270,6881070,NA,OLN,0.0,146,AICF,NA,NA,NA,NA,0.0,0,-31.09,-21.37,[],0,0,[],[]
6881070,6883100,CHI,CHN,0.0,146,AICF,RC,1,TIFR,FI,2.0,2029,-17.35,-4.46,"[{'Canonical-syllable': '0', 'Growl': '0', 'High-freq-energy': '0', 'Long-island': '0', 'Low-tilt-spectrum': '0', 'Medium-island': '1', 'Short-island': '0', 'Squeal': '0', 'Typical-entropy': '0', 'Voicing-quality': '1', 'Wide-band': '0', 'Xlong-island': '0', 'seq': '1', 'end': 6881.52, 'start': 6881.07}, {'Canonical-syllable': '0', 'Growl': '1', 'High-freq-energy': '0', 'Long-island': '0', 'Low-tilt-spectrum': '0', 'Medium-island': '2', 'Short-island': '1', 'Squeal': '0', 'Typical-entropy': '3', 'Voicing-quality': '3', 'Wide-band': '0', 'Xlong-island': '0', 'seq': '2', 'end': 6883.1, 'start': 6881.82}]",0,0,[],[]
6883100,6884690,NA,OLN,0.0,146,AICF,NA,NA,NA,NA,0.0,0,-24.9,-12.53,[],0,0,[],[]
6884690,6885490,OCH,CXN,0.0,146,AICF,RC,1,NT,FI,0.0,0,-30.33,-21.87,[],0,0,[],[]
6885490,6886290,NA,OLN,0.0,146,AICF,NA,NA,NA,NA,0.0,0,-15.55,-3.48,[],0,0,[],[]
6886290,6886900,CHI,CHN,0.0,146,AICF,RC,1,NT,FI,1.0,80,-27.16,-15.13,"[{'Canonical-syllable': '0', 'Growl': '1', 'High-freq-energy': '0', 'Long-island': '0', 'Low-tilt-spectrum': '0', 'Medium-island': '0', 'Short-island': '0', 'Squeal': '0', 'Typical-entropy': '1', 'Voicing-quality': '1', 'Wide-band': '0', 'Xlong-island': '0', 'seq': '1', 'end': 6886.8, 'start': 6886.72}]",0,0,[],[]
6886900,6887860,NA,OLN,0.0,146,AICF,NA,NA,NA,NA,0.0,0,-19.68,-6.21,[],0,0,[],[]
6887860,6889060,CHI,CHN,0.0,146,AICF,RC,1,TIFI,FH,1.0,1200,-17.41,-12.61,"[{'Canonical-syllable': '0', 'Growl': '0', 'High-freq-energy': '0', 'Long-island': '0', 'Low-tilt-spectrum': '0', 'Medium-island': '0', 'Short-island': '0', 'Squeal': '0', 'Typical-entropy': '0', 'Voicing-quality': '1', 'Wide-band': '0', 'Xlong-island': '1', 'seq': '1', 'end': 6889.06, 'start': 6887.86}]",0,0,[],[]
6889060,6889860,NA,OLF,0.0,146,AICF,NA,NA,NA,NA,0.0,0,-30.56,-16.74,[],0,0,[],[]
6889860,6891150,FEM,FAN,2.18,146,AICF,RC,2,TIFR,FI,0.0,0,-18.86,-11.71,[],0,0,[],[]
6891150,6891800,CHI,CHN,0.0,146,AICF,RC,2,TIFI,FI,1.0,650,-17.81,-8.98,"[{'Canonical-syllable': '0', 'Growl': '0', 'High-freq-energy': '0', 'Long-island': '0', 'Low-tilt-spectrum': '0', 'Medium-island': '0', 'Short-island': '1', 'Squeal': '0', 'Typical-entropy': '0', 'Voicing-quality': '2', 'Wide-band': '0', 'Xlong-island': '0', 'seq': '1', 'end': 6891.8, 'start': 6891.15}]",0,0,[],[]
6891800,6893050,FEM,FAN,6.5,146,AICF,RC,3,TIFR,FI,0.0,0,-17.74,-9.54,[],0,0,[],[]
6893050,6895370,NA,NON,0.0,146,AICF,NA,NA,NA,NA,0.0,0,-30.98,-17.38,[],0,0,[],[]
6895370,6896030,CHI,CHN,0.0,146,AICF,RC,3,TIFI,FI,1.0,660,-20.66,-15.32,"[{'Canonical-syllable': '0', 'Growl': '0', 'High-freq-energy': '0', 'Long-island': '0', 'Low-tilt-spectrum': '1', 'Medium-island': '1', 'Short-island': '0', 'Squeal': '0', 'Typical-entropy': '1', 'Voicing-quality': '1', 'Wide-band': '0', 'Xlong-island': '0', 'seq': '1', 'end': 6896.03, 'start': 6895.37}]",0,0,[],[]
6896030,6896840,NA,OLF,0.0,146,AICF,NA,NA,NA,NA,0.0,0,-34.07,-22.66,[],0,0,[],[]
6896840,6897630,FEM,FAN,3.45,146,AICF,EC,4,TIFR,FI,0.0,0,-23.32,-13.95,[],0,0,[],[]
6897630,6898430,NA,OLF,0.0,147,pause,NA,NA,NA,NA,0.0,0,-39.01,-26.83,[],0,0,[],[]
6898430,6899230,NA,NOF,0.0,147,pause,NA,NA,NA,NA,0.0,0,-34.44,-21.58,[],0,0,[],[]
6899230,6900030,NA,OLN,0.0,147,pause,NA,NA,NA,NA,0.0,0,-34.65,-26.42,[],0,0,[],[]
6900030,6900800,FEM,FAN,0.0,147,pause,NA,NA,NA,NA,0.0,0,-22.77,-20.73,[],770,0,[],[]
6900800,6901830,FEM,FAN,0.0,147,pause,NA,NA,NA,NA,0.0,0,-24.83,-21.84,[],1030,0,[],[]
6901830,6903010,NA,OLN,0.0,147,pause,NA,NA,NA,NA,0.0,0,-38.07,-30.83,[],0,0,[],[]
6903010,6904160,NA,NON,0.0,147,pause,NA,NA,NA,NA,0.0,0,-36.47,-30.68,[],0,0,[],[]
6904160,6905010,NA,OLN,0.0,147,pause,NA,NA,NA,NA,0.0,0,-36.77,-28.1,[],0,0,[],[]
6905010,6907160,NA,NON,0.0,147,pause,NA,NA,NA,NA,0.0,0,-37.07,-28.4,[],0,0,[],[]
6907160,6908160,NA,FAF,0.0,147,pause,NA,NA,NA,NA,0.0,0,-39.95,-31.01,[],0,0,[],[]
6908160,6910430,NA,NON,0.0,147,pause,NA,NA,NA,NA,0.0,0,-31.07,-14.92,[],0,0,[],[]
6910430,6911030,FEM,FAN,1.7,147,AMF,EC,0,NT,FI,0.0,0,-25.95,-20.3,[],0,0,[],[]
6911030,6920460,NA,NON,0.0,148,pause,NA,NA,NA,NA,0.0,0,-25.13,-3.47,[],0,0,[],[]
6920460,6921260,NA,OLN,0.0,148,pause,NA,NA,NA,NA,0.0,0,-32.19,-24.51,[],0,0,[],[]
6921260,6925890,NA,NON,0.0,148,pause,NA,NA,NA,NA,0.0,0,-31.37,-18.72,[],0,0,[],[]
6925890,6926690,NA,OLN,0.0,148,pause,NA,NA,NA,NA,0.0,0,-30.97,-23.74,[],0,0,[],[]
6926690,6928070,NA,NON,0.0,148,pause,NA,NA,NA,NA,0.0,0,-30.91,-21.75,[],0,0,[],[]
6928070,6928870,OCH,CXN,0.0,148,XM,EC,0,NT,FI,0.0,0,-30.95,-25.41,[],0,0,[],[]
6928870,6933960,NA,OLN,0.0,149,pause,NA,NA,NA,NA,0.0,0,-26.5,-8.04,[],0,0,[],[]
6933960,6935310,NA,NON,0.0,149,pause,NA,NA,NA,NA,0.0,0,-32.47,-22.94,[],0,0,[],[]
6935310,6936370,NA,OLN,0.0,149,pause,NA,NA,NA,NA,0.0,0,-28.76,-21.96,[],0,0,[],[]
6936370,6937380,NA,NOF,0.0,149,pause,NA,NA,NA,NA,0.0,0,-44.62,-36.73,[],0,0,[],[]
6937380,6939690,FEM,FAN,8.69,149,AICF,BC,0,TIFI,FI,0.0,0,-38.89,-26.94,[],0,0,[],[]
6939690,6940490,NA,NOF,0.0,149,AICF,NA,NA,NA,NA,0.0,0,-45.26,-37.92,[],0,0,[],[]
6940490,6941090,CHI,CHN,0.0,149,AICF,EC,1,TIFR,FI,1.0,600,-35.94,-24.33,"[{'Canonical-syllable': '0', 'Growl': '1', 'High-freq-energy': '0', 'Long-island': '0', 'Low-tilt-spectrum': '1', 'Medium-island': '1', 'Short-island': '0', 'Squeal': '0', 'Typical-entropy': '1', 'Voicing-quality': '1', 'Wide-band': '0', 'Xlong-island': '0', 'seq': '1', 'end': 6941.09, 'start': 6940.73}]",0,0,[],[]
6941090,6941890,NA,NON,0.0,150,pause,NA,NA,NA,NA,0.0,0,-34.47,-25.66,[],0,0,[],[]
6941890,6944240,NA,OLN,0.0,150,pause,NA,NA,NA,NA,0.0,0,-36.93,-28.04,[],0,0,[],[]
6944240,6945610,NA,NON,0.0,150,pause,NA,NA,NA,NA,0.0,0,-38.42,-31.14,[],0,0,[],[]
6945610,6946410,NA,OLN,0.0,150,pause,NA,NA,NA,NA,0.0,0,-31.1,-18.9,[],0,0,[],[]
6946410,6947630,FEM,FAN,1.11,150,AMF,BC,0,NT,FI,0.0,0,-34.43,-23.68,[],0,0,[],[]
6947630,6948610,NA,OLN,0.0,150,AMF,NA,NA,NA,NA,0.0,0,-33.11,-21.26,[],0,0,[],[]
6948610,6949490,NA,SIL,0.0,150,AMF,NA,NA,NA,NA,0.0,0,-50.76,-39.25,[],0,0,[],[]
6949490,6950660,FEM,FAN,4.19,150,AMF,RC,0,NT,FH,0.0,0,-37.86,-31.48,[],0,0,[],[]
6950660,6951460,NA,NON,0.0,150,AMF,NA,NA,NA,NA,0.0,0,-33.55,-22.85,[],0,0,[],[]
6951460,6952570,FEM,FAN,1.86,150,AMF,EC,0,NT,FH,0.0,0,-33.91,-23.95,[],0,0,[],[]
6952570,6953630,NA,OLN,0.0,151,pause,NA,NA,NA,NA,0.0,0,-29.93,-21.04,[],0,0,[],[]
6953630,6954610,NA,NOF,0.0,151,pause,NA,NA,NA,NA,0.0,0,-45.62,-38.29,[],0,0,[],[]
6954610,6955930,NA,SIL,0.0,151,pause,NA,NA,NA,NA,0.0,0,-51.69,-47.66,[],0,0,[],[]
6955930,6958790,NA,NOF,0.0,151,pause,NA,NA,NA,NA,0.0,0,-45.72,-34.39,[],0,0,[],[]
6958790,6959790,FEM,FAN,2.77,151,AMF,EC,0,NT,FI,0.0,0,-27.22,-17.86,[],0,0,[],[]
6959790,6963510,NA,NON,0.0,152,pause,NA,NA,NA,NA,0.0,0,-33.46,-22.41,[],0,0,[],[]
6963510,6964330,NA,OLN,0.0,152,pause,NA,NA,NA,NA,0.0,0,-30.28,-23.81,[],0,0,[],[]
6964330,6965470,NA,NOF,0.0,152,pause,NA,NA,NA,NA,0.0,0,-41.74,-35.96,[],0,0,[],[]
6965470,6971470,FEM,FAN,17.89,152,AMF,BC,0,NT,FI,0.0,0,-32.58,-23.96,[],0,0,[],[]
6971470,6973570,MAL,MAN,8.16,152,AMF,RC,0,NT,FI,0.0,0,-33.58,-22.92,[],0,0,[],[]
6973570,6974400,NA,SIL,0.0,152,AMF,NA,NA,NA,NA,0.0,0,-46.63,-35.64,[],0,0,[],[]
6974400,6976290,FEM,FAN,7.75,152,AMF,EC,0,NT,FI,0.0,0,-32.68,-24.73,[],0,0,[],[]
6976290,6977290,NA,MAF,0.0,153,pause,NA,NA,NA,NA,0.0,0,-36.12,-28.51,[],0,0,[],[]
6977290,6978350,NA,TVF,0.0,153,pause,NA,NA,NA,NA,0.0,0,-39.39,-33.36,[],0,0,[],[]
6978350,6979350,NA,MAF,0.0,153,pause,NA,NA,NA,NA,0.0,0,-38.52,-26.82,[],0,0,[],[]
6979350,6980290,NA,SIL,0.0,153,pause,NA,NA,NA,NA,0.0,0,-49.89,-44.28,[],0,0,[],[]
6980290,6982230,NA,TVN,0.0,153,pause,NA,NA,NA,NA,0.0,0,-36.48,-24.84,[],0,0,[],[]
6982230,6983230,NA,TVF,0.0,153,pause,NA,NA,NA,NA,0.0,0,-49.08,-40.05,[],0,0,[],[]
6983230,6984040,NA,SIL,0.0,153,pause,NA,NA,NA,NA,0.0,0,-51.52,-45.8,[],0,0,[],[]
6984040,6984890,NA,OLF,0.0,153,pause,NA,NA,NA,NA,0.0,0,-41.44,-29.25,[],0,0,[],[]
6984890,6986200,NA,MAF,0.0,153,pause,NA,NA,NA,NA,0.0,0,-29.57,-21.93,[],0,0,[],[]
6986200,6987660,FEM,FAN,1.44,153,AMF,EC,0,NT,FI,0.0,0,-35.22,-30.21,[],0,0,[],[]
6987660,6988710,NA,TVN,0.0,154,pause,NA,NA,NA,NA,0.0,0,-33.66,-26.26,[],0,0,[],[]
6988710,6989710,NA,FAF,0.0,154,pause,NA,NA,NA,NA,0.0,0,-38.11,-32.1,[],0,0,[],[]
6989710,6990710,NA,TVF,0.0,154,pause,NA,NA,NA,NA,0.0,0,-45.04,-33.47,[],0,0,[],[]
6990710,6992680,NA,NOF,0.0,154,pause,NA,NA,NA,NA,0.0,0,-41.45,-33.37,[],0,0,[],[]
6992680,6993480,NA,SIL,0.0,154,pause,NA,NA,NA,NA,0.0,0,-39.4,-30.55,[],0,0,[],[]
6993480,6997970,NA,MAF,0.0,154,pause,NA,NA,NA,NA,0.0,0,-43.49,-35.2,[],0,0,[],[]
6997970,6999830,NA,SIL,0.0,154,pause,NA,NA,NA,NA,0.0,0,-49.91,-44.07,[],0,0,[],[]
6999830,7002940,NA,MAF,0.0,154,pause,NA,NA,NA,NA,0.0,0,-46.51,-34.03,[],0,0,[],[]
7002940,7004160,NA,SIL,0.0,154,pause,NA,NA,NA,NA,0.0,0,-47.66,-36.08,[],0,0,[],[]
7004160,7005200,NA,MAF,0.0,154,pause,NA,NA,NA,NA,0.0,0,-45.97,-34.09,[],0,0,[],[]
7005200,7006620,NA,SIL,0.0,154,pause,NA,NA,NA,NA,0.0,0,-49.65,-39.19,[],0,0,[],[]
7006620,7007670,NA,MAF,0.0,154,pause,NA,NA,NA,NA,0.0,0,-44.26,-32.74,[],0,0,[],[]
7007670,7008490,NA,SIL,0.0,154,pause,NA,NA,NA,NA,0.0,0,-50.18,-43.91,[],0,0,[],[]
7008490,7009960,NA,FAF,0.0,154,pause,NA,NA,NA,NA,0.0,0,-41.67,-35.29,[],0,0,[],[]
7009960,7011900,NA,MAF,0.0,154,pause,NA,NA,NA,NA,0.0,0,-38.53,-27.84,[],0,0,[],[]
7011900,7012810,NA,OLN,0.0,154,pause,NA,NA,NA,NA,0.0,0,-34.37,-28.44,[],0,0,[],[]
7012810,7013810,NA,TVF,0.0,154,pause,NA,NA,NA,NA,0.0,0,-36.98,-31.49,[],0,0,[],[]
7013810,7016290,NA,NOF,0.0,154,pause,NA,NA,NA,NA,0.0,0,-38.49,-27.06,[],0,0,[],[]
7016290,7018320,NA,SIL,0.0,154,pause,NA,NA,NA,NA,0.0,0,-46.37,-37.61,[],0,0,[],[]
7018320,7019880,NA,NOF,0.0,154,pause,NA,NA,NA,NA,0.0,0,-47.51,-35.86,[],0,0,[],[]
7019880,7020880,NA,TVF,0.0,154,pause,NA,NA,NA,NA,0.0,0,-41.1,-27.48,[],0,0,[],[]
7020880,7024910,NA,NOF,0.0,154,pause,NA,NA,NA,NA,0.0,0,-20.64,-4.44,[],0,0,[],[]
7024910,7025740,NA,OLF,0.0,154,pause,NA,NA,NA,NA,0.0,0,-32.71,-23.27,[],0,0,[],[]
7025740,7030460,NA,NOF,0.0,154,pause,NA,NA,NA,NA,0.0,0,-26.66,-7.81,[],0,0,[],[]
7030460,7031260,NA,SIL,0.0,154,pause,NA,NA,NA,NA,0.0,0,-49.55,-42.05,[],0,0,[],[]
7031260,7032220,NA,NOF,0.0,154,pause,NA,NA,NA,NA,0.0,0,-44.12,-28.77,[],0,0,[],[]
7032220,7033220,NA,FAF,0.0,154,pause,NA,NA,NA,NA,0.0,0,-44.62,-32.33,[],0,0,[],[]
7033220,7035920,NA,NOF,0.0,154,pause,NA,NA,NA,NA,0.0,0,-34.48,-13.34,[],0,0,[],[]
7035920,7036920,FEM,FAN,5.48,154,AMF,BC,0,NT,FI,0.0,0,-33.51,-25.87,[],0,0,[],[]
7036920,7037730,NA,OLN,0.0,154,AMF,NA,NA,NA,NA,0.0,0,-36.42,-24.55,[],0,0,[],[]
7037730,7038760,FEM,FAN,4.02,154,AMF,RC,0,NT,FH,0.0,0,-36.27,-29.05,[],0,0,[],[]
7038760,7040540,NA,OLN,0.0,154,AMF,NA,NA,NA,NA,0.0,0,-28.74,-13.97,[],0,0,[],[]
7040540,7041550,FEM,FAN,6.4,154,AMF,EC,0,NT,FH,0.0,0,-32.56,-23.91,[],0,0,[],[]
7041550,7045700,NA,NOF,0.0,155,pause,NA,NA,NA,NA,0.0,0,-39.52,-22.28,[],0,0,[],[]
7045700,7046500,NA,SIL,0.0,155,pause,NA,NA,NA,NA,0.0,0,-47.17,-37.42,[],0,0,[],[]
7046500,7047500,NA,FAF,0.0,155,pause,NA,NA,NA,NA,0.0,0,-38.11,-32.74,[],0,0,[],[]
7047500,7050410,NA,NOF,0.0,155,pause,NA,NA,NA,NA,0.0,0,-43.53,-31.2,[],0,0,[],[]
7050410,7051230,NA,OLN,0.0,155,pause,NA,NA,NA,NA,0.0,0,-27.7,-19.33,[],0,0,[],[]
7051230,7056170,NA,NON,0.0,155,pause,NA,NA,NA,NA,0.0,0,-22.0,-3.62,[],0,0,[],[]
7056170,7057080,NA,OLN,0.0,155,pause,NA,NA,NA,NA,0.0,0,-34.64,-27.39,[],0,0,[],[]
7057080,7057680,NA,CHF,0.0,155,CIC,BC,0,TIFI,FI,1.0,170,-31.45,-20.07,"[{'Canonical-syllable': '0', 'Growl': '1', 'High-freq-energy': '0', 'Long-island': '0', 'Low-tilt-spectrum': '1', 'Medium-island': '0', 'Short-island': '1', 'Squeal': '0', 'Typical-entropy': '1', 'Voicing-quality': '0', 'Wide-band': '0', 'Xlong-island': '0', 'seq': '1', 'end': 7057.68, 'start': 7057.51}]",0,0,[],[]
7057680,7058630,NA,OLN,0.0,155,CIC,NA,NA,NA,NA,0.0,0,-37.85,-32.63,[],0,0,[],[]
7058630,7059650,FEM,FAN,1.02,155,CIC,RC,1,TIFR,FI,0.0,0,-38.17,-32.7,[],0,0,[],[]
7059650,7060560,NA,SIL,0.0,155,CIC,NA,NA,NA,NA,0.0,0,-49.02,-43.28,[],0,0,[],[]
7060560,7061580,OCH,CXN,0.0,155,CIC,RC,1,NT,FI,0.0,0,-39.23,-32.03,[],0,0,[],[]
7061580,7063010,NA,TVN,0.0,155,CIC,NA,NA,NA,NA,0.0,0,-38.65,-31.58,[],0,0,[],[]
7063010,7064100,NA,SIL,0.0,155,CIC,NA,NA,NA,NA,0.0,0,-51.2,-46.85,[],0,0,[],[]
7064100,7070360,FEM,FAN,21.52,155,CIC,RC,1,NT,FI,0.0,0,-35.88,-26.14,[],0,0,[],[]
7070360,7071570,NA,MAF,0.0,155,CIC,NA,NA,NA,NA,0.0,0,-29.97,-14.11,[],0,0,[],[]
7071570,7073690,FEM,FAN,6.06,155,CIC,RC,1,NT,FH,0.0,0,-28.52,-9.89,[],0,0,[],[]
7073690,7074490,NA,SIL,0.0,155,CIC,NA,NA,NA,NA,0.0,0,-49.93,-46.23,[],0,0,[],[]
7074490,7076200,NA,TVN,0.0,155,CIC,NA,NA,NA,NA,0.0,0,-39.86,-30.41,[],0,0,[],[]
7076200,7077200,FEM,FAN,4.23,155,CIC,RC,1,NT,FH,0.0,0,-37.38,-32.34,[],0,0,[],[]
7077200,7078450,NA,FAF,0.0,155,CIC,NA,NA,NA,NA,0.0,0,-44.73,-37.64,[],0,0,[],[]
7078450,7079470,FEM,FAN,4.32,155,CIC,RC,1,NT,FH,0.0,0,-41.64,-36.24,[],0,0,[],[]
7079470,7080470,NA,TVN,0.0,155,CIC,NA,NA,NA,NA,0.0,0,-41.26,-35.86,[],0,0,[],[]
7080470,7082950,FEM,FAN,5.98,155,CIC,EC,1,NT,FH,0.0,0,-35.58,-26.61,[],0,0,[],[]
7082950,7083850,NA,CXF,0.0,156,pause,NA,NA,NA,NA,0.0,0,-36.26,-29.16,[],0,0,[],[]
7083850,7086990,NA,FAF,0.0,156,pause,NA,NA,NA,NA,0.0,0,-42.0,-30.44,[],0,0,[],[]
7086990,7088060,NA,TVN,0.0,156,pause,NA,NA,NA,NA,0.0,0,-42.41,-37.01,[],0,0,[],[]
7088060,7089910,FEM,FAN,7.56,156,AMF,BC,0,NT,FI,0.0,0,-38.92,-24.97,[],0,0,[],[]
7089910,7090910,MAL,MAN,3.78,156,AMF,EC,0,NT,FI,0.0,0,-32.38,-24.22,[],0,0,[],[]
7090910,7091710,NA,SIL,0.0,157,pause,NA,NA,NA,NA,0.0,0,-48.35,-41.76,[],0,0,[],[]
7091710,7092970,NA,FAF,0.0,157,pause,NA,NA,NA,NA,0.0,0,-40.56,-31.77,[],0,0,[],[]
7092970,7093970,NA,TVN,0.0,157,pause,NA,NA,NA,NA,0.0,0,-44.25,-35.64,[],0,0,[],[]
7093970,7094770,NA,OLN,0.0,157,pause,NA,NA,NA,NA,0.0,0,-39.17,-32.71,[],0,0,[],[]
7094770,7096620,NA,FAF,0.0,157,pause,NA,NA,NA,NA,0.0,0,-42.43,-29.73,[],0,0,[],[]
7096620,7097820,NA,TVF,0.0,157,pause,NA,NA,NA,NA,0.0,0,-40.38,-30.04,[],0,0,[],[]
7097820,7099410,FEM,FAN,6.76,157,AMF,BC,0,NT,FI,0.0,0,-32.91,-24.81,[],0,0,[],[]
7099410,7100840,NA,TVF,0.0,157,AMF,NA,NA,NA,NA,0.0,0,-39.34,-32.37,[],0,0,[],[]
7100840,7102390,NA,FAF,0.0,157,AMF,NA,NA,NA,NA,0.0,0,-42.96,-34.32,[],0,0,[],[]
7102390,7103020,NA,NOF,0.0,157,AMF,NA,NA,NA,NA,0.0,0,-27.77,-10.32,[],0,0,[],[]
7103020,7104060,FEM,FAN,3.73,157,AMF,RC,0,NT,FH,0.0,0,-23.24,-6.51,[],0,0,[],[]
7104060,7104870,NA,MAF,0.0,157,AMF,NA,NA,NA,NA,0.0,0,-28.59,-12.08,[],0,0,[],[]
7104870,7109070,FEM,FAN,16.35,157,AMF,RC,0,NT,FH,0.0,0,-30.09,-10.53,[],0,0,[],[]
7109070,7109870,NA,NOF,0.0,157,AMF,NA,NA,NA,NA,0.0,0,-28.77,-14.95,[],0,0,[],[]
7109870,7110940,FEM,FAN,9.48,157,AMF,RC,0,NT,FH,0.0,0,-27.51,-17.01,[],0,0,[],[]
7110940,7111940,NA,FAF,0.0,157,AMF,NA,NA,NA,NA,0.0,0,-34.76,-24.9,[],0,0,[],[]
7111940,7113670,FEM,FAN,8.78,157,AMF,RC,0,NT,FH,0.0,0,-35.11,-21.08,[],0,0,[],[]
7113670,7114720,MAL,MAN,5.22,157,AMF,RC,0,NT,FI,0.0,0,-32.19,-16.49,[],0,0,[],[]
7114720,7115520,NA,FAF,0.0,157,AMF,NA,NA,NA,NA,0.0,0,-31.79,-13.61,[],0,0,[],[]
7115520,7121350,FEM,FAN,20.92,157,AMF,RC,0,NT,FI,0.0,0,-33.07,-11.36,[],0,0,[],[]
7121350,7122970,NA,TVF,0.0,157,AMF,NA,NA,NA,NA,0.0,0,-29.13,-9.65,[],0,0,[],[]
7122970,7125810,FEM,FAN,8.98,157,AMF,EC,0,NT,FH,0.0,0,-33.93,-19.41,[],0,0,[],[]
7125810,7127620,NA,TVF,0.0,158,pause,NA,NA,NA,NA,0.0,0,-43.14,-35.78,[],0,0,[],[]
7127620,7128460,NA,NOF,0.0,158,pause,NA,NA,NA,NA,0.0,0,-38.98,-24.42,[],0,0,[],[]
7128460,7129260,NA,OLF,0.0,158,pause,NA,NA,NA,NA,0.0,0,-29.51,-13.39,[],0,0,[],[]
7129260,7130060,NA,MAF,0.0,158,pause,NA,NA,NA,NA,0.0,0,-41.84,-28.16,[],0,0,[],[]
7130060,7131060,NA,FAF,0.0,158,pause,NA,NA,NA,NA,0.0,0,-35.32,-30.64,[],0,0,[],[]
7131060,7132540,NA,MAF,0.0,158,pause,NA,NA,NA,NA,0.0,0,-38.2,-19.37,[],0,0,[],[]
7132540,7133730,FEM,FAN,8.62,158,AMF,BC,0,NT,FI,0.0,0,-36.38,-30.18,[],0,0,[],[]
7133730,7135650,NA,SIL,0.0,158,AMF,NA,NA,NA,NA,0.0,0,-50.24,-42.27,[],0,0,[],[]
7135650,7136720,NA,TVN,0.0,158,AMF,NA,NA,NA,NA,0.0,0,-42.64,-36.65,[],0,0,[],[]
7136720,7140150,FEM,FAN,8.64,158,AMF,EC,0,NT,FH,0.0,0,-36.73,-22.17,[],0,0,[],[]
7140150,7140960,NA,SIL,0.0,159,pause,NA,NA,NA,NA,0.0,0,-48.26,-40.84,[],0,0,[],[]
7140960,7141960,NA,FAF,0.0,159,pause,NA,NA,NA,NA,0.0,0,-37.85,-30.76,[],0,0,[],[]
7141960,7142810,NA,NOF,0.0,159,pause,NA,NA,NA,NA,0.0,0,-21.89,-7.83,[],0,0,[],[]
7142810,7143810,NA,FAF,0.0,159,pause,NA,NA,NA,NA,0.0,0,-38.44,-27.02,[],0,0,[],[]
7143810,7144610,NA,OLF,0.0,159,pause,NA,NA,NA,NA,0.0,0,-16.68,-5.33,[],0,0,[],[]
7144610,7147610,NA,OLN,0.0,159,pause,NA,NA,NA,NA,0.0,0,-22.94,-5.36,[],0,0,[],[]
7147610,7148640,NA,NOF,0.0,159,pause,NA,NA,NA,NA,0.0,0,-12.25,-0.91,[],0,0,[],[]
7148640,7150200,NA,OLN,0.0,159,pause,NA,NA,NA,NA,0.0,0,-19.34,-6.76,[],0,0,[],[]
7150200,7151060,NA,NOF,0.0,159,pause,NA,NA,NA,NA,0.0,0,-36.32,-29.21,[],0,0,[],[]
7151060,7152750,NA,OLN,0.0,159,pause,NA,NA,NA,NA,0.0,0,-28.5,-14.59,[],0,0,[],[]
7152750,7158650,FEM,FAN,21.29,159,AICF,BC,0,NT,FI,0.0,0,-31.11,-21.2,[],0,0,[],[]
7158650,7159650,MAL,MAN,4.05,159,AICF,RC,0,NT,FI,0.0,0,-32.09,-26.6,[],0,0,[],[]
7159650,7163130,FEM,FAN,11.69,159,AICF,RC,0,NT,FI,0.0,0,-32.43,-19.89,[],0,0,[],[]
7163130,7164600,NA,OLN,0.0,159,AICF,NA,NA,NA,NA,0.0,0,-33.44,-24.52,[],0,0,[],[]
7164600,7165410,NA,SIL,0.0,159,AICF,NA,NA,NA,NA,0.0,0,-50.07,-44.43,[],0,0,[],[]
7165410,7175710,FEM,FAN,34.05,159,AICF,RC,0,NT,FH,0.0,0,-26.14,-11.74,[],0,0,[],[]
7175710,7177570,MAL,MAN,6.58,159,AICF,RC,0,NT,FI,0.0,0,-33.54,-24.42,[],0,0,[],[]
7177570,7178370,NA,FAF,0.0,159,AICF,NA,NA,NA,NA,0.0,0,-49.35,-40.13,[],0,0,[],[]
7178370,7182190,FEM,FAN,16.81,159,AICF,RC,0,NT,FI,0.0,0,-31.26,-21.46,[],0,0,[],[]
7182190,7183670,NA,NOF,0.0,159,AICF,NA,NA,NA,NA,0.0,0,-46.75,-37.68,[],0,0,[],[]
7183670,7186120,FEM,FAN,9.44,159,AICF,RC,0,TIFI,FH,0.0,0,-29.21,-20.63,[],0,0,[],[]
7186120,7186920,NA,CHF,0.0,159,AICF,RC,1,TIFR,FI,1.0,150,-39.58,-26.8,"[{'Canonical-syllable': '0', 'Growl': '1', 'High-freq-energy': '1', 'Long-island': '0', 'Low-tilt-spectrum': '1', 'Medium-island': '0', 'Short-island': '1', 'Squeal': '0', 'Typical-entropy': '1', 'Voicing-quality': '0', 'Wide-band': '0', 'Xlong-island': '0', 'seq': '1', 'end': 7186.27, 'start': 7186.12}]",0,0,[],[]
7186920,7187720,NA,OLN,0.0,159,AICF,NA,NA,NA,NA,0.0,0,-24.94,-20.17,[],0,0,[],[]
7187720,7188810,FEM,FAN,3.72,159,AICF,RC,1,TIFE,FI,0.0,0,-28.35,-20.33,[],0,0,[],[]
7188810,7189660,NA,SIL,0.0,159,AICF,NA,NA,NA,NA,0.0,0,-35.56,-17.91,[],0,0,[],[]
7189660,7192530,FEM,FAN,11.61,159,AICF,RC,1,NT,FH,0.0,0,-31.34,-21.02,[],0,0,[],[]
7192530,7193360,OCH,CXN,0.0,159,AICF,RC,1,NT,FI,0.0,0,-27.98,-19.19,[],0,0,[],[]
7193360,7195040,FEM,FAN,8.07,159,AICF,RC,1,NT,FI,0.0,0,-29.55,-19.63,[],0,0,[],[]
7195040,7195840,NA,OLN,0.0,159,AICF,NA,NA,NA,NA,0.0,0,-24.21,-12.73,[],0,0,[],[]
7195840,7196850,FEM,FAN,6.13,159,AICF,RC,1,NT,FH,0.0,0,-34.42,-26.15,[],0,0,[],[]
7196850,7197720,OCH,CXN,0.0,159,AICF,RC,1,NT,FI,0.0,0,-29.47,-22.44,[],0,0,[],[]
7197720,7199480,NA,OLN,0.0,159,AICF,NA,NA,NA,NA,0.0,0,-25.88,-16.54,[],0,0,[],[]
7199480,7200480,FEM,FAN,1.16,159,AICF,RC,1,NT,FI,0.0,0,-19.9,-8.12,[],0,0,[],[]
7200480,7201280,NA,OLN,0.0,159,AICF,NA,NA,NA,NA,0.0,0,-22.01,-9.43,[],0,0,[],[]
7201280,7202940,FEM,FAN,5.85,159,AICF,RC,1,NT,FH,0.0,0,-26.87,-13.13,[],0,0,[],[]
7202940,7203870,NA,OLN,0.0,159,AICF,NA,NA,NA,NA,0.0,0,-28.4,-17.53,[],0,0,[],[]
7203870,7204910,FEM,FAN,5.04,159,AICF,RC,1,NT,FH,0.0,0,-34.3,-29.57,[],0,0,[],[]
7204910,7205850,OCH,CXN,0.0,159,AICF,RC,1,NT,FI,0.0,0,-33.3,-27.43,[],0,0,[],[]
7205850,7208120,FEM,FAN,9.95,159,AICF,RC,1,NT,FI,0.0,0,-29.78,-16.83,[],0,0,[],[]
7208120,7208920,NA,FAF,0.0,159,AICF,NA,NA,NA,NA,0.0,0,-39.92,-30.88,[],0,0,[],[]
7208920,7210000,FEM,FAN,6.23,159,AICF,RC,1,NT,FH,0.0,0,-30.76,-24.21,[],0,0,[],[]
7210000,7211000,MAL,MAN,5.19,159,AICF,RC,1,NT,FI,0.0,0,-38.19,-32.57,[],0,0,[],[]
7211000,7213710,NA,OLN,0.0,159,AICF,NA,NA,NA,NA,0.0,0,-36.53,-26.06,[],0,0,[],[]
7213710,7216150,FEM,FAN,10.59,159,AICF,RC,1,NT,FI,0.0,0,-35.65,-28.81,[],0,0,[],[]
7216150,7217430,NA,NON,0.0,159,AICF,NA,NA,NA,NA,0.0,0,-23.88,-6.37,[],0,0,[],[]
7217430,7219200,NA,OLN,0.0,159,AICF,NA,NA,NA,NA,0.0,0,-24.65,-9.49,[],0,0,[],[]
7219200,7220710,FEM,FAN,5.65,159,AICF,RC,1,NT,FH,0.0,0,-33.65,-29.51,[],0,0,[],[]
7220710,7221510,NA,SIL,0.0,159,AICF,NA,NA,NA,NA,0.0,0,-48.52,-39.69,[],0,0,[],[]
7221510,7223870,FEM,FAN,9.68,159,AICF,RC,1,NT,FH,0.0,0,-30.78,-23.08,[],0,0,[],[]
7223870,7224670,NA,FAF,0.0,159,AICF,NA,NA,NA,NA,0.0,0,-33.79,-27.14,[],0,0,[],[]
7224670,7225940,FEM,FAN,2.33,159,AICF,RC,1,NT,FH,0.0,0,-29.09,-23.73,[],0,0,[],[]
7225940,7227070,NA,OLN,0.0,159,AICF,NA,NA,NA,NA,0.0,0,-32.32,-24.42,[],0,0,[],[]
7227070,7233090,FEM,FAN,23.09,159,AICF,RC,1,NT,FH,0.0,0,-28.53,-17.99,[],0,0,[],[]
7233090,7234330,NA,OLN,0.0,159,AICF,NA,NA,NA,NA,0.0,0,-34.48,-25.91,[],0,0,[],[]
7234330,7236260,FEM,FAN,7.16,159,AICF,RC,1,NT,FH,0.0,0,-31.26,-22.35,[],0,0,[],[]
7236260,7237060,OCH,CXN,0.0,159,AICF,RC,1,NT,FI,0.0,0,-29.68,-22.05,[],0,0,[],[]
7237060,7238490,FEM,FAN,5.52,159,AICF,RC,1,NT,FI,0.0,0,-31.1,-21.43,[],0,0,[],[]
7238490,7239300,NA,OLN,0.0,159,AICF,NA,NA,NA,NA,0.0,0,-31.58,-24.49,[],0,0,[],[]
7239300,7243030,FEM,FAN,15.17,159,AICF,RC,1,NT,FH,0.0,0,-31.02,-18.69,[],0,0,[],[]
7243030,7244030,MAL,MAN,3.78,159,AICF,RC,1,NT,FI,0.0,0,-31.49,-22.51,[],0,0,[],[]
7244030,7246060,FEM,FAN,9.75,159,AICF,RC,1,NT,FI,0.0,0,-30.87,-18.73,[],0,0,[],[]
7246060,7247130,NA,MAF,0.0,159,AICF,NA,NA,NA,NA,0.0,0,-35.71,-24.08,[],0,0,[],[]
7247130,7248780,NA,OLN,0.0,159,AICF,NA,NA,NA,NA,0.0,0,-30.08,-22.11,[],0,0,[],[]
7248780,7250570,FEM,FAN,6.66,159,AICF,RC,1,NT,FH,0.0,0,-33.0,-22.95,[],0,0,[],[]
7250570,7251380,NA,OLN,0.0,159,AICF,NA,NA,NA,NA,0.0,0,-32.74,-25.57,[],0,0,[],[]
7251380,7252380,FEM,FAN,7.69,159,AICF,RC,1,NT,FH,0.0,0,-23.42,-14.73,[],0,0,[],[]
7252380,7253290,NA,MAF,0.0,159,AICF,NA,NA,NA,NA,0.0,0,-37.37,-31.12,[],0,0,[],[]
7253290,7260290,FEM,FAN,24.73,159,AICF,RC,1,NT,FH,0.0,0,-26.95,-17.05,[],0,0,[],[]
7260290,7261150,NA,SIL,0.0,159,AICF,NA,NA,NA,NA,0.0,0,-52.11,-44.17,[],0,0,[],[]
7261150,7266260,FEM,FAN,19.91,159,AICF,RC,1,NT,FH,0.0,0,-27.48,-16.15,[],0,0,[],[]
7266260,7267550,NA,OLN,0.0,159,AICF,NA,NA,NA,NA,0.0,0,-27.87,-18.27,[],0,0,[],[]
7267550,7271890,FEM,FAN,17.69,159,AICF,RC,1,NT,FH,0.0,0,-26.99,-17.67,[],0,0,[],[]
7271890,7272860,NA,OLN,0.0,159,AICF,NA,NA,NA,NA,0.0,0,-32.42,-24.57,[],0,0,[],[]
7272860,7278550,FEM,FAN,21.46,159,AICF,RC,1,NT,FH,0.0,0,-34.71,-25.2,[],0,0,[],[]
7278550,7282000,NA,OLN,0.0,159,AICF,NA,NA,NA,NA,0.0,0,-21.91,-5.01,[],0,0,[],[]
7282000,7283220,FEM,FAN,6.46,159,AICF,RC,1,NT,FH,0.0,0,-30.24,-22.89,[],0,0,[],[]
7283220,7284560,NA,OLN,0.0,159,AICF,NA,NA,NA,NA,0.0,0,-32.37,-23.35,[],0,0,[],[]
7284560,7285560,FEM,FAN,3.18,159,AICF,RC,1,NT,FH,0.0,0,-31.76,-23.14,[],0,0,[],[]
7285560,7286460,NA,NON,0.0,159,AICF,NA,NA,NA,NA,0.0,0,-23.23,-7.76,[],0,0,[],[]
7286460,7287830,NA,OLN,0.0,159,AICF,NA,NA,NA,NA,0.0,0,-26.09,-19.81,[],0,0,[],[]
7287830,7288890,FEM,FAN,2.45,159,AICF,RC,1,NT,FH,0.0,0,-25.81,-17.82,[],0,0,[],[]
7288890,7289700,NA,OLN,0.0,159,AICF,NA,NA,NA,NA,0.0,0,-25.74,-8.25,[],0,0,[],[]
7289700,7290710,FEM,FAN,4.91,159,AICF,RC,1,NT,FH,0.0,0,-33.81,-28.05,[],0,0,[],[]
7290710,7291770,NA,SIL,0.0,159,AICF,NA,NA,NA,NA,0.0,0,-51.01,-41.47,[],0,0,[],[]
7291770,7292850,FEM,FAN,0.0,159,AICF,NA,NA,NA,NA,0.0,0,-39.6,-31.9,[],1080,0,[],[]
7292850,7294010,NA,OLF,0.0,159,AICF,NA,NA,NA,NA,0.0,0,-41.61,-32.74,[],0,0,[],[]
7294010,7295470,FEM,FAN,4.57,159,AICF,RC,1,NT,FH,0.0,0,-30.39,-20.23,[],0,0,[],[]
7295470,7296510,MAL,MAN,5.24,159,AICF,RC,1,NT,FI,0.0,0,-34.95,-24.79,[],0,0,[],[]
7296510,7297310,NA,SIL,0.0,159,AICF,NA,NA,NA,NA,0.0,0,-47.35,-35.28,[],0,0,[],[]
7297310,7298310,FEM,FAN,1.93,159,AICF,RC,1,NT,FI,0.0,0,-35.11,-25.79,[],0,0,[],[]
7298310,7298910,FEM,FAN,0.0,159,AICF,NA,NA,NA,NA,0.0,0,-34.81,-28.89,[],600,0,[],[]
7298910,7300620,FEM,FAN,8.22,159,AICF,RC,1,NT,FH,0.0,0,-33.17,-25.72,[],0,0,[],[]
7300620,7301420,NA,OLN,0.0,159,AICF,NA,NA,NA,NA,0.0,0,-26.74,-19.28,[],0,0,[],[]
7301420,7302420,FEM,FAN,3.35,159,AICF,RC,1,NT,FH,0.0,0,-31.93,-21.2,[],0,0,[],[]
7302420,7303900,NA,OLN,0.0,159,AICF,NA,NA,NA,NA,0.0,0,-25.28,-8.98,[],0,0,[],[]
7303900,7304930,FEM,FAN,2.36,159,AICF,RC,1,NT,FH,0.0,0,-34.39,-26.56,[],0,0,[],[]
7304930,7305730,NA,OLN,0.0,159,AICF,NA,NA,NA,NA,0.0,0,-31.23,-22.96,[],0,0,[],[]
7305730,7306760,NA,NOF,0.0,159,AICF,NA,NA,NA,NA,0.0,0,-46.66,-35.77,[],0,0,[],[]
7306760,7307810,FEM,FAN,9.43,159,AICF,RC,1,NT,FH,0.0,0,-31.93,-24.78,[],0,0,[],[]
7307810,7308610,OCH,CXN,0.0,159,AICF,RC,1,NT,FI,0.0,0,-35.53,-28.66,[],0,0,[],[]
7308610,7309460,NA,OLF,0.0,159,AICF,NA,NA,NA,NA,0.0,0,-37.33,-28.51,[],0,0,[],[]
7309460,7310260,NA,OLN,0.0,159,AICF,NA,NA,NA,NA,0.0,0,-35.94,-26.48,[],0,0,[],[]
7310260,7311930,FEM,FAN,6.53,159,AICF,RC,1,NT,FI,0.0,0,-28.33,-17.88,[],0,0,[],[]
7311930,7312730,NA,OLN,0.0,159,AICF,NA,NA,NA,NA,0.0,0,-35.73,-29.86,[],0,0,[],[]
7312730,7313830,NA,FAF,0.0,159,AICF,NA,NA,NA,NA,0.0,0,-44.47,-35.51,[],0,0,[],[]
7313830,7315690,FEM,FAN,4.65,159,AICF,RC,1,NT,FH,0.0,0,-29.12,-18.42,[],0,0,[],[]
7315690,7316490,NA,SIL,0.0,159,AICF,NA,NA,NA,NA,0.0,0,-52.23,-45.37,[],0,0,[],[]
7316490,7317490,FEM,FAN,4.52,159,AICF,RC,1,NT,FH,0.0,0,-27.54,-16.05,[],0,0,[],[]
7317490,7318290,NA,OLN,0.0,159,AICF,NA,NA,NA,NA,0.0,0,-36.67,-30.04,[],0,0,[],[]
7318290,7320850,FEM,FAN,11.06,159,AICF,RC,1,NT,FH,0.0,0,-30.07,-22.11,[],0,0,[],[]
7320850,7322010,MAL,MAN,1.05,159,AICF,RC,1,TIMI,FI,0.0,0,-34.52,-25.1,[],0,0,[],[]
7322010,7323390,CHI,CHN,0.0,159,AICF,RC,2,TIMR,FI,1.0,1380,-23.41,-18.29,"[{'Canonical-syllable': '0', 'Growl': '0', 'High-freq-energy': '0', 'Long-island': '0', 'Low-tilt-spectrum': '0', 'Medium-island': '0', 'Short-island': '0', 'Squeal': '0', 'Typical-entropy': '0', 'Voicing-quality': '1', 'Wide-band': '0', 'Xlong-island': '1', 'seq': '1', 'end': 7323.39, 'start': 7322.01}]",0,0,[],[]
7323390,7324390,FEM,FAN,4.06,159,AICF,RC,2,TIFI,FI,0.0,0,-30.63,-20.83,[],0,0,[],[]
7324390,7325190,NA,OLF,0.0,159,AICF,NA,NA,NA,NA,0.0,0,-39.94,-30.99,[],0,0,[],[]
7325190,7326240,CHI,CHN,0.0,159,AICF,RC,3,TIFR,FI,1.0,970,-20.54,-9.92,"[{'Canonical-syllable': '1', 'Growl': '1', 'High-freq-energy': '0', 'Long-island': '0', 'Low-tilt-spectrum': '3', 'Medium-island': '2', 'Short-island': '0', 'Squeal': '0', 'Typical-entropy': '3', 'Voicing-quality': '3', 'Wide-band': '0', 'Xlong-island': '0', 'seq': '1', 'end': 7326.16, 'start': 7325.19}]",0,0,[],[]
7326240,7327370,NA,SIL,0.0,159,AICF,NA,NA,NA,NA,0.0,0,-50.76,-41.99,[],0,0,[],[]
7327370,7331810,FEM,FAN,18.87,159,AICF,RC,3,TIFE,FI,0.0,0,-27.92,-17.13,[],0,0,[],[]
7331810,7332610,NA,OLF,0.0,159,AICF,NA,NA,NA,NA,0.0,0,-38.02,-26.76,[],0,0,[],[]
7332610,7334770,FEM,FAN,7.69,159,AICF,RC,3,NT,FH,0.0,0,-25.87,-16.98,[],0,0,[],[]
7334770,7336960,NA,OLN,0.0,159,AICF,NA,NA,NA,NA,0.0,0,-27.6,-19.1,[],0,0,[],[]
7336960,7340210,FEM,FAN,11.92,159,AICF,EC,3,NT,FH,0.0,0,-29.07,-20.73,[],0,0,[],[]
7340210,7341450,NA,NON,0.0,160,pause,NA,NA,NA,NA,0.0,0,-39.31,-32.77,[],0,0,[],[]
7341450,7342470,NA,OLN,0.0,160,pause,NA,NA,NA,NA,0.0,0,-31.28,-23.83,[],0,0,[],[]
7342470,7343270,NA,NON,0.0,160,pause,NA,NA,NA,NA,0.0,0,-25.72,-18.51,[],0,0,[],[]
7343270,7348670,NA,OLN,0.0,160,pause,NA,NA,NA,NA,0.0,0,-17.45,-3.67,[],0,0,[],[]
7348670,7349270,OCH,CXN,0.0,160,XM,BC,0,NT,FI,0.0,0,-21.46,-15.93,[],0,0,[],[]
7349270,7351770,NA,OLN,0.0,160,XM,NA,NA,NA,NA,0.0,0,-20.18,-15.11,[],0,0,[],[]
7351770,7352850,OCH,CXN,0.0,160,XM,RC,0,NT,FH,0.0,0,-21.25,-15.32,[],0,0,[],[]
7352850,7354880,NA,OLN,0.0,160,XM,NA,NA,NA,NA,0.0,0,-20.15,-6.88,[],0,0,[],[]
7354880,7355730,OCH,CXN,0.0,160,XM,RC,0,NT,FH,0.0,0,-20.25,-14.4,[],0,0,[],[]
7355730,7356530,NA,OLN,0.0,160,XM,NA,NA,NA,NA,0.0,0,-19.66,-14.29,[],0,0,[],[]
7356530,7357640,OCH,CXN,0.0,160,XM,RC,0,NT,FH,0.0,0,-20.33,-13.07,[],0,0,[],[]
7357640,7360220,NA,OLN,0.0,160,XM,NA,NA,NA,NA,0.0,0,-19.2,-12.86,[],0,0,[],[]
7360220,7361220,OCH,CXN,0.0,160,XM,RC,0,NT,FH,0.0,0,-19.39,-13.55,[],0,0,[],[]
7361220,7363160,NA,OLN,0.0,160,XM,NA,NA,NA,NA,0.0,0,-19.04,-10.45,[],0,0,[],[]
7363160,7364070,NA,NON,0.0,160,XM,NA,NA,NA,NA,0.0,0,-17.82,-10.57,[],0,0,[],[]
7364070,7364960,OCH,CXN,0.0,160,XM,RC,0,NT,FH,0.0,0,-16.79,-12.02,[],0,0,[],[]
7364960,7365780,NA,OLN,0.0,160,XM,NA,NA,NA,NA,0.0,0,-20.08,-13.94,[],0,0,[],[]
7365780,7366650,OCH,CXN,0.0,160,XM,RC,0,NT,FH,0.0,0,-18.08,-11.1,[],0,0,[],[]
7366650,7367550,NA,OLN,0.0,160,XM,NA,NA,NA,NA,0.0,0,-16.54,-12.81,[],0,0,[],[]
7367550,7368460,NA,NON,0.0,160,XM,NA,NA,NA,NA,0.0,0,-16.75,-6.41,[],0,0,[],[]
7368460,7369070,CHI,CHN,0.0,160,XM,NA,NA,NA,NA,0.0,0,-17.71,-12.73,[],0,610,"[{'start': 7368.46, 'end': 7369.07}]",[]
7369070,7370370,NA,OLN,0.0,160,XM,NA,NA,NA,NA,0.0,0,-17.82,-6.51,[],0,0,[],[]
7370370,7371800,OCH,CXN,0.0,160,XM,RC,0,NT,FH,0.0,0,-19.68,-11.87,[],0,0,[],[]
7371800,7373690,NA,OLN,0.0,160,XM,NA,NA,NA,NA,0.0,0,-18.88,-13.95,[],0,0,[],[]
7373690,7374490,OCH,CXN,0.0,160,XM,RC,0,NT,FH,0.0,0,-19.85,-13.87,[],0,0,[],[]
7374490,7376260,NA,OLN,0.0,160,XM,NA,NA,NA,NA,0.0,0,-21.06,-14.29,[],0,0,[],[]
7376260,7377620,OCH,CXN,0.0,160,XM,EC,0,NT,FH,0.0,0,-20.88,-14.27,[],0,0,[],[]
7377620,7380290,NA,OLN,0.0,161,pause,NA,NA,NA,NA,0.0,0,-18.88,-12.85,[],0,0,[],[]
7380290,7380900,CHI,CHN,0.0,161,pause,NA,NA,NA,NA,0.0,0,-15.76,-11.69,[],0,610,"[{'start': 7380.29, 'end': 7380.9}]",[]
7380900,7384350,NA,OLN,0.0,161,pause,NA,NA,NA,NA,0.0,0,-18.84,-4.45,[],0,0,[],[]
7384350,7385150,NA,NON,0.0,161,pause,NA,NA,NA,NA,0.0,0,-14.11,-5.69,[],0,0,[],[]
7385150,7388420,NA,OLN,0.0,161,pause,NA,NA,NA,NA,0.0,0,-16.6,-8.84,[],0,0,[],[]
7388420,7389020,OCH,CXN,0.0,161,XIOCC,BC,0,NT,FI,0.0,0,-16.1,-11.54,[],0,0,[],[]
7389020,7390520,NA,OLN,0.0,161,XIOCC,NA,NA,NA,NA,0.0,0,-18.97,-9.47,[],0,0,[],[]
7390520,7391530,CHI,CHN,0.0,161,XIOCC,RC,0,NT,FI,1.0,1010,-15.49,-11.52,"[{'Canonical-syllable': '0', 'Growl': '0', 'High-freq-energy': '1', 'Long-island': '0', 'Low-tilt-spectrum': '1', 'Medium-island': '0', 'Short-island': '0', 'Squeal': '0', 'Typical-entropy': '1', 'Voicing-quality': '1', 'Wide-band': '0', 'Xlong-island': '1', 'seq': '1', 'end': 7391.53, 'start': 7390.52}]",0,0,[],[]
7391530,7392940,NA,OLN,0.0,161,XIOCC,NA,NA,NA,NA,0.0,0,-17.26,-12.68,[],0,0,[],[]
7392940,7394090,CHI,CHN,0.0,161,XIOCC,EC,0,NT,FH,1.0,1150,-19.72,-13.24,"[{'Canonical-syllable': '0', 'Growl': '1', 'High-freq-energy': '1', 'Long-island': '0', 'Low-tilt-spectrum': '1', 'Medium-island': '0', 'Short-island': '0', 'Squeal': '0', 'Typical-entropy': '1', 'Voicing-quality': '1', 'Wide-band': '0', 'Xlong-island': '1', 'seq': '1', 'end': 7394.09, 'start': 7392.94}]",0,0,[],[]
7394090,7404760,NA,OLN,0.0,162,pause,NA,NA,NA,NA,0.0,0,-16.44,-4.88,[],0,0,[],[]
7404760,7405860,CHI,CHN,0.0,162,CIOCAX,BC,0,NT,FI,1.0,1100,-15.51,-6.56,"[{'Canonical-syllable': '0', 'Growl': '0', 'High-freq-energy': '1', 'Long-island': '0', 'Low-tilt-spectrum': '1', 'Medium-island': '0', 'Short-island': '0', 'Squeal': '0', 'Typical-entropy': '1', 'Voicing-quality': '1', 'Wide-band': '0', 'Xlong-island': '1', 'seq': '1', 'end': 7405.86, 'start': 7404.76}]",0,0,[],[]
7405860,7406660,NA,NON,0.0,162,CIOCAX,NA,NA,NA,NA,0.0,0,-19.58,-13.29,[],0,0,[],[]
7406660,7408520,OCH,CXN,0.0,162,CIOCAX,RC,0,NT,FI,0.0,0,-13.88,-6.67,[],0,0,[],[]
7408520,7409340,NA,OLN,0.0,162,CIOCAX,NA,NA,NA,NA,0.0,0,-17.12,-6.89,[],0,0,[],[]
7409340,7410550,CHI,CHN,0.0,162,CIOCAX,NA,NA,NA,NA,0.0,0,-13.52,-8.72,[],0,1210,"[{'start': 7409.34, 'end': 7410.55}]",[]
7410550,7411350,NA,OLN,0.0,162,CIOCAX,NA,NA,NA,NA,0.0,0,-15.9,-8.64,[],0,0,[],[]
7411350,7412130,CHI,CHN,0.0,162,CIOCAX,NA,NA,NA,NA,0.0,0,-15.16,-11.04,[],0,780,"[{'start': 7411.35, 'end': 7412.13}]",[]
7412130,7413130,FEM,FAN,4.73,162,CIOCAX,RC,0,NT,FI,0.0,0,-32.32,-14.32,[],0,0,[],[]
7413130,7414100,NA,NON,0.0,162,CIOCAX,NA,NA,NA,NA,0.0,0,-36.68,-19.81,[],0,0,[],[]
7414100,7418340,FEM,FAN,17.22,162,CIOCAX,RC,0,NT,FH,0.0,0,-34.27,-24.11,[],0,0,[],[]
7418340,7419140,NA,OLN,0.0,162,CIOCAX,NA,NA,NA,NA,0.0,0,-34.11,-28.15,[],0,0,[],[]
7419140,7419940,NA,NOF,0.0,162,CIOCAX,NA,NA,NA,NA,0.0,0,-35.97,-25.26,[],0,0,[],[]
7419940,7426330,FEM,FAN,20.37,162,CIOCAX,RC,0,NT,FH,0.0,0,-34.67,-16.86,[],0,0,[],[]
7426330,7427130,NA,NOF,0.0,162,CIOCAX,NA,NA,NA,NA,0.0,0,-50.99,-39.09,[],0,0,[],[]
7427130,7430870,FEM,FAN,14.08,162,CIOCAX,RC,0,NT,FH,0.0,0,-34.88,-21.17,[],0,0,[],[]
7430870,7431680,OCH,CXN,0.0,162,CIOCAX,RC,0,NT,FI,0.0,0,-37.65,-28.23,[],0,0,[],[]
7431680,7433850,FEM,FAN,5.76,162,CIOCAX,RC,0,NT,FI,0.0,0,-38.12,-29.06,[],0,0,[],[]
7433850,7435040,NA,OLN,0.0,162,CIOCAX,NA,NA,NA,NA,0.0,0,-33.1,-26.74,[],0,0,[],[]
7435040,7435920,NA,NON,0.0,162,CIOCAX,NA,NA,NA,NA,0.0,0,-37.79,-29.66,[],0,0,[],[]
7435920,7437000,FEM,FAN,5.86,162,CIOCAX,RC,0,NT,FH,0.0,0,-36.43,-29.06,[],0,0,[],[]
7437000,7437810,NA,OLN,0.0,162,CIOCAX,NA,NA,NA,NA,0.0,0,-38.5,-28.61,[],0,0,[],[]
7437810,7440550,FEM,FAN,11.25,162,CIOCAX,RC,0,NT,FH,0.0,0,-38.09,-24.02,[],0,0,[],[]
7440550,7441350,NA,SIL,0.0,162,CIOCAX,NA,NA,NA,NA,0.0,0,-49.94,-40.14,[],0,0,[],[]
7441350,7445610,FEM,FAN,15.46,162,CIOCAX,RC,0,NT,FH,0.0,0,-37.23,-27.51,[],0,0,[],[]
7445610,7446410,NA,FAF,0.0,162,CIOCAX,NA,NA,NA,NA,0.0,0,-47.15,-36.41,[],0,0,[],[]
7446410,7447970,FEM,FAN,7.38,162,CIOCAX,RC,0,NT,FH,0.0,0,-37.33,-25.26,[],0,0,[],[]
7447970,7448920,NA,OLN,0.0,162,CIOCAX,NA,NA,NA,NA,0.0,0,-31.64,-17.63,[],0,0,[],[]
7448920,7449880,NA,NOF,0.0,162,CIOCAX,NA,NA,NA,NA,0.0,0,-24.91,-13.86,[],0,0,[],[]
7449880,7450680,NA,OLN,0.0,162,CIOCAX,NA,NA,NA,NA,0.0,0,-23.3,-8.98,[],0,0,[],[]
7450680,7451680,FEM,FAN,3.8,162,CIOCAX,RC,0,NT,FH,0.0,0,-32.74,-20.94,[],0,0,[],[]
7451680,7452640,NA,NON,0.0,162,CIOCAX,NA,NA,NA,NA,0.0,0,-35.35,-26.75,[],0,0,[],[]
7452640,7453970,NA,OLN,0.0,162,CIOCAX,NA,NA,NA,NA,0.0,0,-29.46,-23.4,[],0,0,[],[]
7453970,7454970,FEM,FAN,8.78,162,CIOCAX,RC,0,NT,FH,0.0,0,-29.0,-19.27,[],0,0,[],[]
7454970,7456940,NA,NOF,0.0,162,CIOCAX,NA,NA,NA,NA,0.0,0,-48.74,-41.25,[],0,0,[],[]
7456940,7459390,FEM,FAN,9.12,162,CIOCAX,RC,0,NT,FH,0.0,0,-33.02,-20.75,[],0,0,[],[]
7459390,7460260,NA,NOF,0.0,162,CIOCAX,NA,NA,NA,NA,0.0,0,-44.48,-32.94,[],0,0,[],[]
7460260,7461540,FEM,FAN,6.21,162,CIOCAX,RC,0,NT,FH,0.0,0,-33.26,-26.18,[],0,0,[],[]
7461540,7462340,NA,NOF,0.0,162,CIOCAX,NA,NA,NA,NA,0.0,0,-39.28,-26.76,[],0,0,[],[]
7462340,7463340,FEM,FAN,4.95,162,CIOCAX,RC,0,NT,FH,0.0,0,-34.55,-27.21,[],0,0,[],[]
7463340,7464140,NA,NOF,0.0,162,CIOCAX,NA,NA,NA,NA,0.0,0,-48.87,-42.33,[],0,0,[],[]
7464140,7465010,FEM,FAN,5.77,162,CIOCAX,EC,0,NT,FH,0.0,0,-31.76,-24.66,[],0,0,[],[]
7465010,7466650,NA,NOF,0.0,163,pause,NA,NA,NA,NA,0.0,0,-45.77,-35.47,[],0,0,[],[]
7466650,7468740,NA,OLN,0.0,163,pause,NA,NA,NA,NA,0.0,0,-28.34,-12.31,[],0,0,[],[]
7468740,7469540,NA,NON,0.0,163,pause,NA,NA,NA,NA,0.0,0,-23.77,-7.0,[],0,0,[],[]
7469540,7471180,NA,OLN,0.0,163,pause,NA,NA,NA,NA,0.0,0,-33.73,-23.44,[],0,0,[],[]
7471180,7472150,NA,NON,0.0,163,pause,NA,NA,NA,NA,0.0,0,-36.71,-23.5,[],0,0,[],[]
7472150,7473420,FEM,FAN,5.06,163,AIOCF,BC,0,NT,FI,0.0,0,-34.95,-27.33,[],0,0,[],[]
7473420,7474340,NA,FAF,0.0,163,AIOCF,NA,NA,NA,NA,0.0,0,-44.69,-34.18,[],0,0,[],[]
7474340,7475430,FEM,FAN,3.2,163,AIOCF,RC,0,NT,FH,0.0,0,-38.68,-30.7,[],0,0,[],[]
7475430,7476230,FEM,FAN,0.52,163,AIOCF,RC,0,NT,FH,0.0,0,-36.12,-25.18,[],0,0,[],[]
7476230,7477060,NA,OLN,0.0,163,AIOCF,NA,NA,NA,NA,0.0,0,-38.5,-28.49,[],0,0,[],[]
7477060,7478690,OCH,CXN,0.0,163,AIOCF,RC,0,NT,FI,0.0,0,-36.71,-25.79,[],0,0,[],[]
7478690,7481600,FEM,FAN,13.84,163,AIOCF,RC,0,NT,FI,0.0,0,-33.83,-23.88,[],0,0,[],[]
7481600,7482440,NA,SIL,0.0,163,AIOCF,NA,NA,NA,NA,0.0,0,-52.86,-41.92,[],0,0,[],[]
7482440,7483500,FEM,FAN,2.84,163,AIOCF,RC,0,NT,FH,0.0,0,-32.98,-26.13,[],0,0,[],[]
7483500,7484300,FEM,FAN,5.0,163,AIOCF,RC,0,NT,FH,0.0,0,-33.43,-26.79,[],0,0,[],[]
7484300,7486010,FEM,FAN,5.38,163,AIOCF,RC,0,NT,FH,0.0,0,-33.76,-23.14,[],0,0,[],[]
7486010,7487040,MAL,MAN,7.1,163,AIOCF,RC,0,NT,FI,0.0,0,-28.05,-17.95,[],0,0,[],[]
7487040,7488800,FEM,FAN,8.68,163,AIOCF,RC,0,NT,FI,0.0,0,-29.74,-21.73,[],0,0,[],[]
7488800,7489600,NA,OLN,0.0,163,AIOCF,NA,NA,NA,NA,0.0,0,-28.89,-21.43,[],0,0,[],[]
7489600,7490630,FEM,FAN,1.29,163,AIOCF,EC,0,NT,FH,0.0,0,-32.67,-24.15,[],0,0,[],[]
7490630,7491760,NA,OLF,0.0,164,pause,NA,NA,NA,NA,0.0,0,-23.21,-8.14,[],0,0,[],[]
7491760,7492560,NA,NON,0.0,164,pause,NA,NA,NA,NA,0.0,0,-34.2,-25.71,[],0,0,[],[]
7492560,7496640,NA,OLN,0.0,164,pause,NA,NA,NA,NA,0.0,0,-23.77,-5.11,[],0,0,[],[]
7496640,7497580,NA,OLF,0.0,164,pause,NA,NA,NA,NA,0.0,0,-12.9,-0.81,[],0,0,[],[]
7497580,7502420,NA,OLN,0.0,164,pause,NA,NA,NA,NA,0.0,0,-18.27,-0.94,[],0,0,[],[]
7502420,7503670,FEM,FAN,5.96,164,AIOCF,BC,0,NT,FI,0.0,0,-25.19,-18.12,[],0,0,[],[]
7503670,7506130,NA,OLN,0.0,164,AIOCF,NA,NA,NA,NA,0.0,0,-25.82,-10.23,[],0,0,[],[]
7506130,7507740,FEM,FAN,8.82,164,AIOCF,RC,0,NT,FH,0.0,0,-22.01,-8.86,[],0,0,[],[]
7507740,7508980,NA,OLF,0.0,164,AIOCF,NA,NA,NA,NA,0.0,0,-32.56,-19.67,[],0,0,[],[]
7508980,7510150,NA,NOF,0.0,164,AIOCF,NA,NA,NA,NA,0.0,0,-47.42,-38.0,[],0,0,[],[]
7510150,7511430,FEM,FAN,3.54,164,AIOCF,RC,0,NT,FH,0.0,0,-30.98,-18.26,[],0,0,[],[]
7511430,7512250,NA,OLN,0.0,164,AIOCF,NA,NA,NA,NA,0.0,0,-24.18,-14.65,[],0,0,[],[]
7512250,7513460,FEM,FAN,5.01,164,AIOCF,RC,0,NT,FH,0.0,0,-30.51,-24.12,[],0,0,[],[]
7513460,7515390,MAL,MAN,7.31,164,AIOCF,RC,0,NT,FI,0.0,0,-31.07,-21.21,[],0,0,[],[]
7515390,7516470,NA,NOF,0.0,164,AIOCF,NA,NA,NA,NA,0.0,0,-19.38,-2.67,[],0,0,[],[]
7516470,7517310,OCH,CXN,0.0,164,AIOCF,RC,0,NT,FI,0.0,0,-40.26,-34.43,[],0,0,[],[]
7517310,7519230,NA,OLN,0.0,164,AIOCF,NA,NA,NA,NA,0.0,0,-30.82,-14.21,[],0,0,[],[]
7519230,7520030,FEM,FAN,5.88,164,AIOCF,RC,0,NT,FI,0.0,0,-40.78,-33.83,[],0,0,[],[]
7520030,7520840,NA,OLF,0.0,164,AIOCF,NA,NA,NA,NA,0.0,0,-39.74,-31.17,[],0,0,[],[]
7520840,7521650,OCH,CXN,0.0,164,AIOCF,EC,0,NT,FI,0.0,0,-38.54,-31.27,[],0,0,[],[]
7521650,7522870,NA,OLN,0.0,165,pause,NA,NA,NA,NA,0.0,0,-31.09,-14.49,[],0,0,[],[]
7522870,7523690,NA,NOF,0.0,165,pause,NA,NA,NA,NA,0.0,0,-14.34,-3.52,[],0,0,[],[]
7523690,7525420,NA,OLN,0.0,165,pause,NA,NA,NA,NA,0.0,0,-34.4,-29.58,[],0,0,[],[]
7525420,7526220,NA,NON,0.0,165,pause,NA,NA,NA,NA,0.0,0,-27.87,-16.2,[],0,0,[],[]
7526220,7528230,NA,OLN,0.0,165,pause,NA,NA,NA,NA,0.0,0,-27.87,-16.54,[],0,0,[],[]
7528230,7529920,NA,NOF,0.0,165,pause,NA,NA,NA,NA,0.0,0,-34.8,-23.63,[],0,0,[],[]
7529920,7531650,FEM,FAN,8.81,165,AMF,EC,0,NT,FI,0.0,0,-30.57,-23.74,[],0,0,[],[]
7531650,7532920,NA,NON,0.0,166,pause,NA,NA,NA,NA,0.0,0,-36.39,-28.16,[],0,0,[],[]
7532920,7533720,NA,OLN,0.0,166,pause,NA,NA,NA,NA,0.0,0,-32.51,-25.3,[],0,0,[],[]
7533720,7535490,NA,NOF,0.0,166,pause,NA,NA,NA,NA,0.0,0,-39.33,-32.61,[],0,0,[],[]
7535490,7536390,NA,OLN,0.0,166,pause,NA,NA,NA,NA,0.0,0,-35.51,-30.29,[],0,0,[],[]
7536390,7538280,NA,NON,0.0,166,pause,NA,NA,NA,NA,0.0,0,-36.41,-28.51,[],0,0,[],[]
7538280,7540780,NA,OLN,0.0,166,pause,NA,NA,NA,NA,0.0,0,-29.99,-14.48,[],0,0,[],[]
7540780,7542330,NA,NON,0.0,166,pause,NA,NA,NA,NA,0.0,0,-29.69,-13.52,[],0,0,[],[]
7542330,7543170,NA,OLN,0.0,166,pause,NA,NA,NA,NA,0.0,0,-26.11,-18.93,[],0,0,[],[]
7543170,7544170,FEM,FAN,3.82,166,AMF,BC,0,NT,FI,0.0,0,-33.31,-25.03,[],0,0,[],[]
7544170,7545240,NA,NOF,0.0,166,AMF,NA,NA,NA,NA,0.0,0,-36.4,-29.08,[],0,0,[],[]
7545240,7546060,FEM,FAN,2.39,166,AMF,EC,0,NT,FH,0.0,0,-17.43,-4.35,[],0,0,[],[]
7546060,7546930,NA,NOF,0.0,167,pause,NA,NA,NA,NA,0.0,0,-32.6,-19.8,[],0,0,[],[]
7546930,7548270,NA,OLN,0.0,167,pause,NA,NA,NA,NA,0.0,0,-32.83,-22.77,[],0,0,[],[]
7548270,7549150,NA,NOF,0.0,167,pause,NA,NA,NA,NA,0.0,0,-34.41,-24.81,[],0,0,[],[]
7549150,7550270,NA,OLN,0.0,167,pause,NA,NA,NA,NA,0.0,0,-32.52,-20.71,[],0,0,[],[]
7550270,7551890,NA,NON,0.0,167,pause,NA,NA,NA,NA,0.0,0,-34.88,-25.54,[],0,0,[],[]
7551890,7552700,NA,OLN,0.0,167,pause,NA,NA,NA,NA,0.0,0,-32.8,-27.98,[],0,0,[],[]
7552700,7553500,NA,NON,0.0,167,pause,NA,NA,NA,NA,0.0,0,-38.2,-25.2,[],0,0,[],[]
7553500,7554300,NA,OLN,0.0,167,pause,NA,NA,NA,NA,0.0,0,-30.78,-21.87,[],0,0,[],[]
7554300,7555100,NA,NON,0.0,167,pause,NA,NA,NA,NA,0.0,0,-17.31,-6.44,[],0,0,[],[]
7555100,7556320,FEM,FAN,4.34,167,AMF,BC,0,NT,FI,0.0,0,-31.58,-23.93,[],0,0,[],[]
7556320,7557560,NA,NOF,0.0,167,AMF,NA,NA,NA,NA,0.0,0,-36.65,-23.48,[],0,0,[],[]
7557560,7558600,FEM,FAN,7.01,167,AMF,EC,0,NT,FH,0.0,0,-39.16,-32.45,[],0,0,[],[]
7558600,7559570,NA,OLN,0.0,168,pause,NA,NA,NA,NA,0.0,0,-30.57,-20.6,[],0,0,[],[]
7559570,7560480,NA,NOF,0.0,168,pause,NA,NA,NA,NA,0.0,0,-17.39,-8.65,[],0,0,[],[]
7560480,7563750,NA,OLN,0.0,168,pause,NA,NA,NA,NA,0.0,0,-23.07,-12.74,[],0,0,[],[]
7563750,7564630,NA,NOF,0.0,168,pause,NA,NA,NA,NA,0.0,0,-38.42,-30.91,[],0,0,[],[]
7564630,7570660,NA,OLN,0.0,168,pause,NA,NA,NA,NA,0.0,0,-30.99,-17.79,[],0,0,[],[]
7570660,7571510,OCH,CXN,0.0,168,XM,EC,0,NT,FI,0.0,0,-21.74,-7.11,[],0,0,[],[]
7571510,7574590,NA,OLN,0.0,169,pause,NA,NA,NA,NA,0.0,0,-28.03,-9.94,[],0,0,[],[]
7574590,7575610,NA,NON,0.0,169,pause,NA,NA,NA,NA,0.0,0,-30.06,-18.34,[],0,0,[],[]
7575610,7576730,FEM,FAN,0.0,169,pause,NA,NA,NA,NA,0.0,0,-35.47,-28.37,[],1120,0,[],[]
7576730,7577530,OCH,CXN,0.0,169,XM,EC,0,NT,FI,0.0,0,-34.09,-16.37,[],0,0,[],[]
7577530,7580020,NA,OLN,0.0,170,pause,NA,NA,NA,NA,0.0,0,-20.8,-3.6,[],0,0,[],[]
7580020,7581720,NA,NON,0.0,170,pause,NA,NA,NA,NA,0.0,0,-26.23,-13.59,[],0,0,[],[]
7581720,7586360,NA,OLN,0.0,170,pause,NA,NA,NA,NA,0.0,0,-32.27,-18.22,[],0,0,[],[]
7586360,7587340,FEM,FAN,4.84,170,AIOCF,BC,0,NT,FI,0.0,0,-34.15,-25.09,[],0,0,[],[]
7587340,7589090,FEM,FAN,6.02,170,AIOCF,RC,0,NT,FH,0.0,0,-31.24,-17.53,[],0,0,[],[]
7589090,7590240,NA,OLN,0.0,170,AIOCF,NA,NA,NA,NA,0.0,0,-28.4,-17.96,[],0,0,[],[]
7590240,7591310,MAL,MAN,0.99,170,AIOCF,RC,0,NT,FI,0.0,0,-29.1,-19.3,[],0,0,[],[]
7591310,7593160,FEM,FAN,7.83,170,AIOCF,RC,0,NT,FI,0.0,0,-26.11,-14.48,[],0,0,[],[]
7593160,7594310,NA,OLN,0.0,170,AIOCF,NA,NA,NA,NA,0.0,0,-20.44,-7.38,[],0,0,[],[]
7594310,7595310,NA,FAF,0.0,170,AIOCF,NA,NA,NA,NA,0.0,0,-30.83,-21.41,[],0,0,[],[]
7595310,7597810,NA,OLN,0.0,170,AIOCF,NA,NA,NA,NA,0.0,0,-34.43,-22.93,[],0,0,[],[]
7597810,7599740,FEM,FAN,7.42,170,AIOCF,RC,0,NT,FH,0.0,0,-33.95,-24.42,[],0,0,[],[]
7599740,7600570,OCH,CXN,0.0,170,AIOCF,RC,0,NT,FI,0.0,0,-31.15,-25.7,[],0,0,[],[]
7600570,7602300,FEM,FAN,9.48,170,AIOCF,RC,0,NT,FI,0.0,0,-32.82,-19.51,[],0,0,[],[]
7602300,7603100,NA,OLN,0.0,170,AIOCF,NA,NA,NA,NA,0.0,0,-30.36,-13.58,[],0,0,[],[]
7603100,7604440,FEM,FAN,4.43,170,AIOCF,RC,0,NT,FH,0.0,0,-33.8,-17.61,[],0,0,[],[]
7604440,7605320,NA,OLN,0.0,170,AIOCF,NA,NA,NA,NA,0.0,0,-32.58,-20.97,[],0,0,[],[]
7605320,7606610,FEM,FAN,3.3,170,AIOCF,RC,0,NT,FH,0.0,0,-27.91,-13.96,[],0,0,[],[]
7606610,7608240,NA,OLN,0.0,170,AIOCF,NA,NA,NA,NA,0.0,0,-26.37,-7.28,[],0,0,[],[]
7608240,7610100,FEM,FAN,7.83,170,AIOCF,RC,0,NT,FH,0.0,0,-29.15,-11.95,[],0,0,[],[]
7610100,7610900,NA,OLN,0.0,170,AIOCF,NA,NA,NA,NA,0.0,0,-33.94,-27.55,[],0,0,[],[]
7610900,7611900,FEM,FAN,5.27,170,AIOCF,RC,0,NT,FH,0.0,0,-31.48,-20.44,[],0,0,[],[]
7611900,7612800,NA,OLN,0.0,170,AIOCF,NA,NA,NA,NA,0.0,0,-31.92,-20.89,[],0,0,[],[]
7612800,7614880,FEM,FAN,10.06,170,AIOCF,EC,0,NT,FH,0.0,0,-24.96,-15.54,[],0,0,[],[]
7614880,7616370,NA,OLN,0.0,171,pause,NA,NA,NA,NA,0.0,0,-29.8,-14.98,[],0,0,[],[]
7616370,7617290,NA,NOF,0.0,171,pause,NA,NA,NA,NA,0.0,0,-41.05,-28.95,[],0,0,[],[]
7617290,7618750,NA,OLN,0.0,171,pause,NA,NA,NA,NA,0.0,0,-18.6,-4.13,[],0,0,[],[]
7618750,7619770,NA,NOF,0.0,171,pause,NA,NA,NA,NA,0.0,0,-37.2,-21.17,[],0,0,[],[]
7619770,7623070,NA,OLN,0.0,171,pause,NA,NA,NA,NA,0.0,0,-33.0,-17.59,[],0,0,[],[]
7623070,7624350,FEM,FAN,6.03,171,AMF,EC,0,NT,FI,0.0,0,-36.95,-23.24,[],0,0,[],[]
7624350,7627850,NA,OLN,0.0,172,pause,NA,NA,NA,NA,0.0,0,-25.36,-7.17,[],0,0,[],[]
7627850,7628650,NA,NON,0.0,172,pause,NA,NA,NA,NA,0.0,0,-34.19,-22.82,[],0,0,[],[]
7628650,7629890,NA,OLN,0.0,172,pause,NA,NA,NA,NA,0.0,0,-35.12,-24.62,[],0,0,[],[]
7629890,7631600,NA,NOF,0.0,172,pause,NA,NA,NA,NA,0.0,0,-33.89,-16.06,[],0,0,[],[]
7631600,7634170,NA,OLF,0.0,172,pause,NA,NA,NA,NA,0.0,0,-39.72,-22.01,[],0,0,[],[]
7634170,7635180,FEM,FAN,8.68,172,AIOCF,BC,0,NT,FI,0.0,0,-34.62,-26.89,[],0,0,[],[]
7635180,7636020,NA,OLF,0.0,172,AIOCF,NA,NA,NA,NA,0.0,0,-42.8,-35.58,[],0,0,[],[]
7636020,7636820,NA,OLN,0.0,172,AIOCF,NA,NA,NA,NA,0.0,0,-37.79,-31.45,[],0,0,[],[]
7636820,7637880,NA,OLF,0.0,172,AIOCF,NA,NA,NA,NA,0.0,0,-32.1,-13.37,[],0,0,[],[]
7637880,7639160,OCH,CXN,0.0,172,AIOCF,EC,0,NT,FI,0.0,0,-38.21,-28.49,[],0,0,[],[]
7639160,7640330,NA,NON,0.0,173,pause,NA,NA,NA,NA,0.0,0,-25.65,-11.44,[],0,0,[],[]
7640330,7645430,NA,OLF,0.0,173,pause,NA,NA,NA,NA,0.0,0,-32.79,-11.36,[],0,0,[],[]
7645430,7646230,NA,NOF,0.0,173,pause,NA,NA,NA,NA,0.0,0,-38.25,-28.03,[],0,0,[],[]
7646230,7647100,OCH,CXN,0.0,173,XM,EC,0,NT,FI,0.0,0,-39.77,-34.06,[],0,0,[],[]
7647100,7648380,NA,OLN,0.0,174,pause,NA,NA,NA,NA,0.0,0,-19.12,-4.64,[],0,0,[],[]
7648380,7649180,NA,NOF,0.0,174,pause,NA,NA,NA,NA,0.0,0,-41.61,-33.81,[],0,0,[],[]
7649180,7650180,NA,TVF,0.0,174,pause,NA,NA,NA,NA,0.0,0,-46.41,-39.46,[],0,0,[],[]
7650180,7651400,NA,NOF,0.0,174,pause,NA,NA,NA,NA,0.0,0,-43.48,-33.88,[],0,0,[],[]
7651400,7652400,NA,TVF,0.0,174,pause,NA,NA,NA,NA,0.0,0,-41.98,-34.7,[],0,0,[],[]
7652400,7653400,NA,FAF,0.0,174,pause,NA,NA,NA,NA,0.0,0,-29.54,-11.45,[],0,0,[],[]
7653400,7654260,NA,OLF,0.0,174,pause,NA,NA,NA,NA,0.0,0,-17.5,-2.97,[],0,0,[],[]
7654260,7655510,NA,NOF,0.0,174,pause,NA,NA,NA,NA,0.0,0,-40.06,-28.14,[],0,0,[],[]
7655510,7656720,NA,TVN,0.0,174,pause,NA,NA,NA,NA,0.0,0,-37.65,-32.7,[],0,0,[],[]
7656720,7657670,NA,NOF,0.0,174,pause,NA,NA,NA,NA,0.0,0,-34.45,-19.93,[],0,0,[],[]
7657670,7658780,FEM,FAN,4.86,174,AMF,EC,0,NT,FI,0.0,0,-31.57,-20.91,[],0,0,[],[]
7658780,7661520,NA,NOF,0.0,175,pause,NA,NA,NA,NA,0.0,0,-24.7,-3.62,[],0,0,[],[]
7661520,7662740,NA,FAF,0.0,175,pause,NA,NA,NA,NA,0.0,0,-33.76,-24.78,[],0,0,[],[]
7662740,7665190,NA,NOF,0.0,175,pause,NA,NA,NA,NA,0.0,0,-27.25,-6.69,[],0,0,[],[]
7665190,7666210,FEM,FAN,1.64,175,AMF,EC,0,NT,FI,0.0,0,-23.49,-7.79,[],0,0,[],[]
7666210,7674890,NA,OLN,0.0,176,pause,NA,NA,NA,NA,0.0,0,-23.07,-5.57,[],0,0,[],[]
7674890,7675700,NA,NON,0.0,176,pause,NA,NA,NA,NA,0.0,0,-32.12,-16.48,[],0,0,[],[]
7675700,7677910,NA,OLN,0.0,176,pause,NA,NA,NA,NA,0.0,0,-31.28,-19.27,[],0,0,[],[]
7677910,7679510,FEM,FAN,7.08,176,AMF,EC,0,NT,FI,0.0,0,-36.63,-30.62,[],0,0,[],[]
7679510,7680620,NA,OLN,0.0,177,pause,NA,NA,NA,NA,0.0,0,-35.43,-21.07,[],0,0,[],[]
7680620,7681420,NA,NON,0.0,177,pause,NA,NA,NA,NA,0.0,0,-19.33,-7.74,[],0,0,[],[]
7681420,7682390,NA,OLF,0.0,177,pause,NA,NA,NA,NA,0.0,0,-35.48,-24.02,[],0,0,[],[]
7682390,7684000,NA,NOF,0.0,177,pause,NA,NA,NA,NA,0.0,0,-34.84,-20.5,[],0,0,[],[]
7684000,7687670,NA,OLN,0.0,177,pause,NA,NA,NA,NA,0.0,0,-21.29,-3.9,[],0,0,[],[]
7687670,7688550,NA,NOF,0.0,177,pause,NA,NA,NA,NA,0.0,0,-32.98,-23.4,[],0,0,[],[]
7688550,7689590,FEM,FAN,6.76,177,AMF,BC,0,NT,FI,0.0,0,-30.3,-22.47,[],0,0,[],[]
7689590,7690410,NA,OLN,0.0,177,AMF,NA,NA,NA,NA,0.0,0,-33.7,-29.55,[],0,0,[],[]
7690410,7692320,FEM,FAN,8.44,177,AMF,EC,0,NT,FH,0.0,0,-32.38,-14.82,[],0,0,[],[]
7692320,7697820,NA,OLN,0.0,178,pause,NA,NA,NA,NA,0.0,0,-32.42,-17.76,[],0,0,[],[]
7697820,7698720,NA,NON,0.0,178,pause,NA,NA,NA,NA,0.0,0,-33.62,-18.59,[],0,0,[],[]
7698720,7699540,NA,OLN,0.0,178,pause,NA,NA,NA,NA,0.0,0,-33.28,-19.43,[],0,0,[],[]
7699540,7700360,NA,NOF,0.0,178,pause,NA,NA,NA,NA,0.0,0,-38.52,-26.59,[],0,0,[],[]
7700360,7701160,NA,OLF,0.0,178,pause,NA,NA,NA,NA,0.0,0,-15.93,-3.81,[],0,0,[],[]
7701160,7701960,NA,NON,0.0,178,pause,NA,NA,NA,NA,0.0,0,-22.66,-6.38,[],0,0,[],[]
7701960,7703230,NA,OLF,0.0,178,pause,NA,NA,NA,NA,0.0,0,-32.93,-15.59,[],0,0,[],[]
7703230,7704970,NA,NOF,0.0,178,pause,NA,NA,NA,NA,0.0,0,-38.97,-20.02,[],0,0,[],[]
7704970,7709280,NA,OLF,0.0,178,pause,NA,NA,NA,NA,0.0,0,-20.93,-4.53,[],0,0,[],[]
7709280,7710280,NA,FAF,0.0,178,pause,NA,NA,NA,NA,0.0,0,-36.76,-18.16,[],0,0,[],[]
7710280,7712130,NA,NOF,0.0,178,pause,NA,NA,NA,NA,0.0,0,-33.27,-22.73,[],0,0,[],[]
7712130,7712980,NA,OLN,0.0,178,pause,NA,NA,NA,NA,0.0,0,-34.91,-24.38,[],0,0,[],[]
7712980,7714170,NA,NON,0.0,178,pause,NA,NA,NA,NA,0.0,0,-34.74,-24.03,[],0,0,[],[]
7714170,7716560,NA,OLN,0.0,178,pause,NA,NA,NA,NA,0.0,0,-34.54,-15.77,[],0,0,[],[]
7716560,7717370,NA,NOF,0.0,178,pause,NA,NA,NA,NA,0.0,0,-39.96,-34.33,[],0,0,[],[]
7717370,7718500,NA,OLN,0.0,178,pause,NA,NA,NA,NA,0.0,0,-32.81,-14.94,[],0,0,[],[]
7718500,7720430,NA,NON,0.0,178,pause,NA,NA,NA,NA,0.0,0,-27.28,-9.23,[],0,0,[],[]
7720430,7721230,NA,OLN,0.0,178,pause,NA,NA,NA,NA,0.0,0,-37.44,-28.03,[],0,0,[],[]
7721230,7722030,NA,NOF,0.0,178,pause,NA,NA,NA,NA,0.0,0,-38.33,-28.88,[],0,0,[],[]
7722030,7723630,NA,OLN,0.0,178,pause,NA,NA,NA,NA,0.0,0,-22.0,-2.58,[],0,0,[],[]
7723630,7725720,OCH,CXN,0.0,178,XIOCA,BC,0,NT,FI,0.0,0,-40.15,-32.3,[],0,0,[],[]
7725720,7726870,FEM,FAN,4.95,178,XIOCA,RC,0,NT,FI,0.0,0,-36.43,-29.51,[],0,0,[],[]
7726870,7727710,NA,OLF,0.0,178,XIOCA,NA,NA,NA,NA,0.0,0,-42.02,-28.11,[],0,0,[],[]
7727710,7729460,FEM,FAN,7.83,178,XIOCA,EC,0,NT,FH,0.0,0,-41.31,-31.73,[],0,0,[],[]
7729460,7730330,NA,NOF,0.0,179,pause,NA,NA,NA,NA,0.0,0,-25.66,-11.23,[],0,0,[],[]
7730330,7731130,NA,OLF,0.0,179,pause,NA,NA,NA,NA,0.0,0,-40.77,-28.58,[],0,0,[],[]
7731130,7731930,NA,SIL,0.0,179,pause,NA,NA,NA,NA,0.0,0,-49.04,-40.17,[],0,0,[],[]
7731930,7735590,NA,OLN,0.0,179,pause,NA,NA,NA,NA,0.0,0,-35.42,-21.49,[],0,0,[],[]
7735590,7739260,NA,NON,0.0,179,pause,NA,NA,NA,NA,0.0,0,-23.47,-2.41,[],0,0,[],[]
7739260,7740460,NA,OLF,0.0,179,pause,NA,NA,NA,NA,0.0,0,-37.15,-20.83,[],0,0,[],[]
7740460,7741880,NA,NOF,0.0,179,pause,NA,NA,NA,NA,0.0,0,-27.93,-16.38,[],0,0,[],[]
7741880,7743600,NA,OLF,0.0,179,pause,NA,NA,NA,NA,0.0,0,-34.65,-17.73,[],0,0,[],[]
7743600,7744900,NA,NON,0.0,179,pause,NA,NA,NA,NA,0.0,0,-27.57,-17.65,[],0,0,[],[]
7744900,7746240,NA,OLN,0.0,179,pause,NA,NA,NA,NA,0.0,0,-22.72,-7.41,[],0,0,[],[]
7746240,7747040,NA,NON,0.0,179,pause,NA,NA,NA,NA,0.0,0,-15.54,-6.3,[],0,0,[],[]
7747040,7748540,NA,OLN,0.0,179,pause,NA,NA,NA,NA,0.0,0,-27.97,-19.38,[],0,0,[],[]
7748540,7749540,NA,NON,0.0,179,pause,NA,NA,NA,NA,0.0,0,-31.03,-20.71,[],0,0,[],[]
7749540,7751300,NA,OLN,0.0,179,pause,NA,NA,NA,NA,0.0,0,-31.88,-18.86,[],0,0,[],[]
7751300,7753100,NA,NON,0.0,179,pause,NA,NA,NA,NA,0.0,0,-23.61,-7.35,[],0,0,[],[]
7753100,7757110,NA,OLN,0.0,179,pause,NA,NA,NA,NA,0.0,0,-22.76,-3.75,[],0,0,[],[]
7757110,7758850,NA,NOF,0.0,179,pause,NA,NA,NA,NA,0.0,0,-32.67,-19.63,[],0,0,[],[]
7758850,7759750,NA,OLN,0.0,179,pause,NA,NA,NA,NA,0.0,0,-23.8,-13.21,[],0,0,[],[]
7759750,7760550,NA,NON,0.0,179,pause,NA,NA,NA,NA,0.0,0,-26.36,-11.67,[],0,0,[],[]
7760550,7762040,NA,OLN,0.0,179,pause,NA,NA,NA,NA,0.0,0,-28.85,-13.1,[],0,0,[],[]
7762040,7762880,NA,NON,0.0,179,pause,NA,NA,NA,NA,0.0,0,-32.64,-20.99,[],0,0,[],[]
7762880,7764240,NA,OLN,0.0,179,pause,NA,NA,NA,NA,0.0,0,-25.69,-9.46,[],0,0,[],[]
7764240,7765120,NA,NOF,0.0,179,pause,NA,NA,NA,NA,0.0,0,-22.91,-14.33,[],0,0,[],[]
7765120,7766320,NA,OLN,0.0,179,pause,NA,NA,NA,NA,0.0,0,-32.58,-22.62,[],0,0,[],[]
7766320,7767120,NA,NON,0.0,179,pause,NA,NA,NA,NA,0.0,0,-24.66,-12.13,[],0,0,[],[]
7767120,7767960,NA,OLF,0.0,179,pause,NA,NA,NA,NA,0.0,0,-26.02,-17.54,[],0,0,[],[]
7767960,7768760,NA,NON,0.0,179,pause,NA,NA,NA,NA,0.0,0,-35.42,-27.32,[],0,0,[],[]
7768760,7770170,NA,OLN,0.0,179,pause,NA,NA,NA,NA,0.0,0,-33.41,-21.3,[],0,0,[],[]
7770170,7771280,NA,NON,0.0,179,pause,NA,NA,NA,NA,0.0,0,-29.59,-17.09,[],0,0,[],[]
7771280,7774010,NA,OLN,0.0,179,pause,NA,NA,NA,NA,0.0,0,-26.17,-4.52,[],0,0,[],[]
7774010,7776060,NA,NOF,0.0,179,pause,NA,NA,NA,NA,0.0,0,-30.79,-19.59,[],0,0,[],[]
7776060,7776910,NA,OLN,0.0,179,pause,NA,NA,NA,NA,0.0,0,-32.08,-22.43,[],0,0,[],[]
7776910,7781410,NA,NOF,0.0,179,pause,NA,NA,NA,NA,0.0,0,-21.23,-1.73,[],0,0,[],[]
7781410,7783440,NA,OLN,0.0,179,pause,NA,NA,NA,NA,0.0,0,-24.72,-15.48,[],0,0,[],[]
7783440,7784340,NA,NON,0.0,179,pause,NA,NA,NA,NA,0.0,0,-29.85,-15.94,[],0,0,[],[]
7784340,7785140,NA,OLF,0.0,179,pause,NA,NA,NA,NA,0.0,0,-17.89,-4.8,[],0,0,[],[]
7785140,7785940,NA,NON,0.0,179,pause,NA,NA,NA,NA,0.0,0,-25.36,-15.37,[],0,0,[],[]
7785940,7786750,NA,OLN,0.0,179,pause,NA,NA,NA,NA,0.0,0,-18.43,-6.38,[],0,0,[],[]
7786750,7787680,NA,NOF,0.0,179,pause,NA,NA,NA,NA,0.0,0,-35.94,-27.85,[],0,0,[],[]
7787680,7788530,NA,OLN,0.0,179,pause,NA,NA,NA,NA,0.0,0,-30.8,-18.61,[],0,0,[],[]
7788530,7789330,NA,NOF,0.0,179,pause,NA,NA,NA,NA,0.0,0,-32.97,-20.5,[],0,0,[],[]
7789330,7790520,NA,OLN,0.0,179,pause,NA,NA,NA,NA,0.0,0,-19.65,-3.32,[],0,0,[],[]
7790520,7791500,NA,NOF,0.0,179,pause,NA,NA,NA,NA,0.0,0,-25.07,-14.07,[],0,0,[],[]
7791500,7795880,NA,OLN,0.0,179,pause,NA,NA,NA,NA,0.0,0,-19.27,-1.25,[],0,0,[],[]
7795880,7796880,FEM,FAN,1.42,179,AMF,EC,0,NT,FI,0.0,0,-33.53,-19.08,[],0,0,[],[]
7796880,7797690,NA,OLF,0.0,180,pause,NA,NA,NA,NA,0.0,0,-14.5,-2.67,[],0,0,[],[]
7797690,7798490,NA,NON,0.0,180,pause,NA,NA,NA,NA,0.0,0,-28.41,-21.54,[],0,0,[],[]
7798490,7799350,NA,OLN,0.0,180,pause,NA,NA,NA,NA,0.0,0,-29.94,-19.41,[],0,0,[],[]
7799350,7800150,NA,NOF,0.0,180,pause,NA,NA,NA,NA,0.0,0,-20.29,-10.58,[],0,0,[],[]
7800150,7802350,NA,OLN,0.0,180,pause,NA,NA,NA,NA,0.0,0,-31.81,-21.7,[],0,0,[],[]
7802350,7803350,FEM,FAN,9.3,180,AMF,BC,0,NT,FI,0.0,0,-26.35,-19.26,[],0,0,[],[]
7803350,7804150,NA,NOF,0.0,180,AMF,NA,NA,NA,NA,0.0,0,-35.16,-27.66,[],0,0,[],[]
7804150,7806160,NA,OLN,0.0,180,AMF,NA,NA,NA,NA,0.0,0,-28.01,-16.27,[],0,0,[],[]
7806160,7807260,FEM,FAN,8.15,180,AMF,RC,0,NT,FH,0.0,0,-31.76,-23.86,[],0,0,[],[]
7807260,7809710,NA,OLN,0.0,180,AMF,NA,NA,NA,NA,0.0,0,-27.81,-18.75,[],0,0,[],[]
7809710,7810530,NA,NOF,0.0,180,AMF,NA,NA,NA,NA,0.0,0,-34.67,-27.28,[],0,0,[],[]
7810530,7811810,FEM,FAN,3.27,180,AMF,RC,0,NT,FH,0.0,0,-31.39,-13.44,[],0,0,[],[]
7811810,7812640,NA,OLN,0.0,180,AMF,NA,NA,NA,NA,0.0,0,-25.35,-19.21,[],0,0,[],[]
7812640,7814350,FEM,FAN,8.49,180,AMF,RC,0,NT,FH,0.0,0,-29.92,-21.17,[],0,0,[],[]
7814350,7816420,NA,OLN,0.0,180,AMF,NA,NA,NA,NA,0.0,0,-29.68,-22.64,[],0,0,[],[]
7816420,7817540,FEM,FAN,5.21,180,AMF,RC,0,NT,FH,0.0,0,-31.28,-24.07,[],0,0,[],[]
7817540,7819510,NA,OLN,0.0,180,AMF,NA,NA,NA,NA,0.0,0,-23.54,-11.33,[],0,0,[],[]
7819510,7820320,NA,NOF,0.0,180,AMF,NA,NA,NA,NA,0.0,0,-16.47,-10.05,[],0,0,[],[]
7820320,7821390,NA,OLN,0.0,180,AMF,NA,NA,NA,NA,0.0,0,-24.37,-12.95,[],0,0,[],[]
7821390,7822440,FEM,FAN,3.99,180,AMF,RC,0,NT,FH,0.0,0,-30.69,-23.0,[],0,0,[],[]
7822440,7824210,NA,OLN,0.0,180,AMF,NA,NA,NA,NA,0.0,0,-28.19,-20.28,[],0,0,[],[]
7824210,7825020,NA,NON,0.0,180,AMF,NA,NA,NA,NA,0.0,0,-31.09,-23.4,[],0,0,[],[]
7825020,7826020,FEM,FAN,4.64,180,AMF,RC,0,NT,FH,0.0,0,-24.62,-18.22,[],0,0,[],[]
7826020,7827120,NA,OLN,0.0,180,AMF,NA,NA,NA,NA,0.0,0,-28.46,-22.48,[],0,0,[],[]
7827120,7828930,FEM,FAN,7.42,180,AMF,EC,0,NT,FH,0.0,0,-29.49,-21.94,[],0,0,[],[]
7828930,7830300,NA,OLN,0.0,181,pause,NA,NA,NA,NA,0.0,0,-33.21,-24.58,[],0,0,[],[]
7830300,7831100,NA,NOF,0.0,181,pause,NA,NA,NA,NA,0.0,0,-44.88,-36.85,[],0,0,[],[]
7831100,7833250,NA,OLN,0.0,181,pause,NA,NA,NA,NA,0.0,0,-36.59,-23.52,[],0,0,[],[]
7833250,7834050,NA,OLF,0.0,181,pause,NA,NA,NA,NA,0.0,0,-41.21,-34.1,[],0,0,[],[]
7834050,7835580,NA,OLN,0.0,181,pause,NA,NA,NA,NA,0.0,0,-23.4,-12.44,[],0,0,[],[]
7835580,7836580,FEM,FAN,8.84,181,AIOCF,BC,0,NT,FI,0.0,0,-34.06,-18.84,[],0,0,[],[]
7836580,7837380,NA,OLF,0.0,181,AIOCF,NA,NA,NA,NA,0.0,0,-18.93,-9.82,[],0,0,[],[]
7837380,7838190,NA,NOF,0.0,181,AIOCF,NA,NA,NA,NA,0.0,0,-36.3,-29.58,[],0,0,[],[]
7838190,7839310,NA,OLN,0.0,181,AIOCF,NA,NA,NA,NA,0.0,0,-34.16,-21.83,[],0,0,[],[]
7839310,7840330,NA,NON,0.0,181,AIOCF,NA,NA,NA,NA,0.0,0,-34.63,-21.96,[],0,0,[],[]
7840330,7841930,FEM,FAN,7.74,181,AIOCF,RC,0,NT,FH,0.0,0,-37.39,-24.98,[],0,0,[],[]
7841930,7842890,NA,OLF,0.0,181,AIOCF,NA,NA,NA,NA,0.0,0,-39.6,-27.64,[],0,0,[],[]
7842890,7847100,FEM,FAN,15.83,181,AIOCF,RC,0,NT,FH,0.0,0,-38.4,-28.47,[],0,0,[],[]
7847100,7850940,NA,OLN,0.0,181,AIOCF,NA,NA,NA,NA,0.0,0,-33.22,-22.41,[],0,0,[],[]
7850940,7852370,OCH,CXN,0.0,181,AIOCF,RC,0,NT,FI,0.0,0,-32.24,-26.1,[],0,0,[],[]
7852370,7853170,NA,OLN,0.0,181,AIOCF,NA,NA,NA,NA,0.0,0,-26.25,-16.48,[],0,0,[],[]
7853170,7853970,OCH,CXN,0.0,181,AIOCF,RC,0,NT,FH,0.0,0,-33.03,-24.94,[],0,0,[],[]
7853970,7856120,FEM,FAN,10.4,181,AIOCF,RC,0,NT,FI,0.0,0,-33.28,-22.68,[],0,0,[],[]
7856120,7857820,NA,OLN,0.0,181,AIOCF,NA,NA,NA,NA,0.0,0,-28.37,-18.73,[],0,0,[],[]
7857820,7858810,NA,NOF,0.0,181,AIOCF,NA,NA,NA,NA,0.0,0,-45.74,-38.79,[],0,0,[],[]
7858810,7860030,FEM,FAN,4.49,181,AIOCF,RC,0,NT,FH,0.0,0,-33.3,-20.64,[],0,0,[],[]
7860030,7861160,NA,OLN,0.0,181,AIOCF,NA,NA,NA,NA,0.0,0,-26.81,-14.35,[],0,0,[],[]
7861160,7862160,FEM,FAN,3.04,181,AIOCF,EC,0,NT,FH,0.0,0,-20.84,-11.74,[],0,0,[],[]
7862160,7865080,NA,OLN,0.0,182,pause,NA,NA,NA,NA,0.0,0,-17.51,-0.5,[],0,0,[],[]
7865080,7865880,NA,OLF,0.0,182,pause,NA,NA,NA,NA,0.0,0,-37.7,-29.19,[],0,0,[],[]
7865880,7866870,NA,OLN,0.0,182,pause,NA,NA,NA,NA,0.0,0,-34.43,-23.07,[],0,0,[],[]
7866870,7867700,NA,NOF,0.0,182,pause,NA,NA,NA,NA,0.0,0,-41.07,-32.02,[],0,0,[],[]
7867700,7869310,FEM,FAN,5.45,182,AIOCF,BC,0,NT,FI,0.0,0,-40.94,-33.37,[],0,0,[],[]
7869310,7870300,NA,FAF,0.0,182,AIOCF,NA,NA,NA,NA,0.0,0,-41.34,-31.83,[],0,0,[],[]
7870300,7871340,FEM,FAN,5.61,182,AIOCF,RC,0,NT,FH,0.0,0,-40.02,-31.27,[],0,0,[],[]
7871340,7874330,FEM,FAN,8.34,182,AIOCF,RC,0,NT,FH,0.0,0,-32.87,-20.55,[],0,0,[],[]
7874330,7875130,NA,SIL,0.0,182,AIOCF,NA,NA,NA,NA,0.0,0,-50.76,-41.51,[],0,0,[],[]
7875130,7877230,OCH,CXN,0.0,182,AIOCF,RC,0,NT,FI,0.0,0,-41.96,-35.09,[],0,0,[],[]
7877230,7880070,FEM,FAN,12.35,182,AIOCF,RC,0,NT,FI,0.0,0,-36.19,-28.64,[],0,0,[],[]
7880070,7880890,NA,OLF,0.0,182,AIOCF,NA,NA,NA,NA,0.0,0,-34.25,-25.14,[],0,0,[],[]
7880890,7883220,FEM,FAN,9.09,182,AIOCF,RC,0,NT,FH,0.0,0,-31.48,-20.17,[],0,0,[],[]
7883220,7884020,NA,CHF,0.0,182,AIOCF,NA,NA,NA,NA,0.0,0,-44.28,-31.69,[],0,230,[],"[{'start': 7883.45, 'end': 7883.68}]"
7884020,7884830,FEM,FAN,5.81,182,AIOCF,RC,0,NT,FH,0.0,0,-41.37,-34.76,[],0,0,[],[]
7884830,7886740,NA,NOF,0.0,182,AIOCF,NA,NA,NA,NA,0.0,0,-43.93,-35.19,[],0,0,[],[]
7886740,7887540,NA,OLN,0.0,182,AIOCF,NA,NA,NA,NA,0.0,0,-37.8,-28.67,[],0,0,[],[]
7887540,7888960,FEM,FAN,6.89,182,AIOCF,RC,0,NT,FH,0.0,0,-41.35,-30.05,[],0,0,[],[]
7888960,7889880,NA,SIL,0.0,182,AIOCF,NA,NA,NA,NA,0.0,0,-51.06,-42.71,[],0,0,[],[]
7889880,7893030,FEM,FAN,11.94,182,AIOCF,EC,0,NT,FH,0.0,0,-32.44,-19.6,[],0,0,[],[]
7893030,7893980,NA,NOF,0.0,183,pause,NA,NA,NA,NA,0.0,0,-40.59,-31.34,[],0,0,[],[]
7893980,7896620,NA,FAF,0.0,183,pause,NA,NA,NA,NA,0.0,0,-34.22,-17.02,[],0,0,[],[]
7896620,7897890,NA,OLF,0.0,183,pause,NA,NA,NA,NA,0.0,0,-39.69,-29.85,[],0,0,[],[]
7897890,7898800,NA,SIL,0.0,183,pause,NA,NA,NA,NA,0.0,0,-44.64,-34.82,[],0,0,[],[]
7898800,7899600,NA,NOF,0.0,183,pause,NA,NA,NA,NA,0.0,0,-42.99,-34.17,[],0,0,[],[]
7899600,7901800,FEM,FAN,7.07,183,AIOCF,BC,0,NT,FI,0.0,0,-35.65,-22.42,[],0,0,[],[]
7901800,7904000,NA,FAF,0.0,183,AIOCF,NA,NA,NA,NA,0.0,0,-29.78,-9.87,[],0,0,[],[]
7904000,7904800,FEM,FAN,1.41,183,AIOCF,RC,0,NT,FH,0.0,0,-41.49,-35.94,[],0,0,[],[]
7904800,7907120,FEM,FAN,11.82,183,AIOCF,RC,0,NT,FH,0.0,0,-30.46,-20.42,[],0,0,[],[]
7907120,7907930,FEM,FAN,0.0,183,AIOCF,NA,NA,NA,NA,0.0,0,-34.18,-21.33,[],810,0,[],[]
7907930,7909400,FEM,FAN,6.03,183,AIOCF,RC,0,NT,FH,0.0,0,-31.82,-26.39,[],0,0,[],[]
7909400,7910400,MAL,MAN,2.6,183,AIOCF,RC,0,NT,FI,0.0,0,-33.5,-24.09,[],0,0,[],[]
7910400,7911200,OCH,CXN,0.0,183,AIOCF,RC,0,NT,FI,0.0,0,-39.16,-31.46,[],0,0,[],[]
7911200,7913400,FEM,FAN,8.15,183,AIOCF,RC,0,NT,FI,0.0,0,-34.21,-21.18,[],0,0,[],[]
7913400,7914240,NA,NOF,0.0,183,AIOCF,NA,NA,NA,NA,0.0,0,-44.02,-30.38,[],0,0,[],[]
7914240,7915240,NA,FAF,0.0,183,AIOCF,NA,NA,NA,NA,0.0,0,-35.32,-21.12,[],0,0,[],[]
7915240,7916040,NA,NOF,0.0,183,AIOCF,NA,NA,NA,NA,0.0,0,-36.44,-23.13,[],0,0,[],[]
7916040,7917240,FEM,FAN,1.67,183,AIOCF,RC,0,NT,FH,0.0,0,-37.47,-27.4,[],0,0,[],[]
7917240,7919090,FEM,FAN,6.17,183,AIOCF,RC,0,NT,FH,0.0,0,-34.09,-25.53,[],0,0,[],[]
7919090,7920070,NA,NOF,0.0,183,AIOCF,NA,NA,NA,NA,0.0,0,-38.28,-28.76,[],0,0,[],[]
7920070,7920880,NA,OLF,0.0,183,AIOCF,NA,NA,NA,NA,0.0,0,-37.69,-30.0,[],0,0,[],[]
7920880,7921680,NA,NOF,0.0,183,AIOCF,NA,NA,NA,NA,0.0,0,-33.94,-22.04,[],0,0,[],[]
7921680,7923100,NA,OLN,0.0,183,AIOCF,NA,NA,NA,NA,0.0,0,-31.31,-21.31,[],0,0,[],[]
7923100,7925070,FEM,FAN,8.87,183,AIOCF,RC,0,NT,FH,0.0,0,-29.73,-18.3,[],0,0,[],[]
7925070,7929230,NA,NOF,0.0,183,AIOCF,NA,NA,NA,NA,0.0,0,-35.03,-17.58,[],0,0,[],[]
7929230,7931390,FEM,FAN,5.74,183,AIOCF,RC,0,NT,FH,0.0,0,-33.7,-24.38,[],0,0,[],[]
7931390,7934830,NA,OLF,0.0,183,AIOCF,NA,NA,NA,NA,0.0,0,-38.05,-26.98,[],0,0,[],[]
7934830,7936850,FEM,FAN,7.31,183,AIOCF,RC,0,NT,FH,0.0,0,-31.73,-20.9,[],0,0,[],[]
7936850,7938140,NA,NOF,0.0,183,AIOCF,NA,NA,NA,NA,0.0,0,-36.89,-19.92,[],0,0,[],[]
7938140,7939110,NA,OLF,0.0,183,AIOCF,NA,NA,NA,NA,0.0,0,-36.72,-28.5,[],0,0,[],[]
7939110,7940410,NA,NOF,0.0,183,AIOCF,NA,NA,NA,NA,0.0,0,-39.4,-25.93,[],0,0,[],[]
7940410,7941550,FEM,FAN,0.28,183,AIOCF,RC,0,NT,FH,0.0,0,-29.05,-19.19,[],0,0,[],[]
7941550,7942580,NA,NON,0.0,183,AIOCF,NA,NA,NA,NA,0.0,0,-22.21,-16.12,[],0,0,[],[]
7942580,7943870,FEM,FAN,6.75,183,AIOCF,RC,0,NT,FH,0.0,0,-31.28,-25.72,[],0,0,[],[]
7943870,7944670,NA,NOF,0.0,183,AIOCF,NA,NA,NA,NA,0.0,0,-30.44,-18.88,[],0,0,[],[]
7944670,7945290,FEM,FAN,0.0,183,AIOCF,NA,NA,NA,NA,0.0,0,-32.75,-20.88,[],620,0,[],[]
7945290,7946090,NA,NOF,0.0,183,AIOCF,NA,NA,NA,NA,0.0,0,-33.08,-19.76,[],0,0,[],[]
7946090,7947120,FEM,FAN,6.04,183,AIOCF,RC,0,NT,FH,0.0,0,-20.98,-4.0,[],0,0,[],[]
7947120,7947920,NA,NOF,0.0,183,AIOCF,NA,NA,NA,NA,0.0,0,-50.61,-47.58,[],0,0,[],[]
7947920,7948930,FEM,FAN,4.61,183,AIOCF,EC,0,NT,FH,0.0,0,-34.24,-26.3,[],0,0,[],[]
7948930,7949730,NA,SIL,0.0,184,pause,NA,NA,NA,NA,0.0,0,-42.27,-33.15,[],0,0,[],[]
7949730,7950820,NA,FAF,0.0,184,pause,NA,NA,NA,NA,0.0,0,-40.07,-31.34,[],0,0,[],[]
7950820,7952360,NA,NOF,0.0,184,pause,NA,NA,NA,NA,0.0,0,-35.66,-19.6,[],0,0,[],[]
7952360,7953160,NA,FAF,0.0,184,pause,NA,NA,NA,NA,0.0,0,-40.22,-31.7,[],0,0,[],[]
7953160,7956620,NA,NOF,0.0,184,pause,NA,NA,NA,NA,0.0,0,-32.04,-12.49,[],0,0,[],[]
7956620,7957990,NA,OLN,0.0,184,pause,NA,NA,NA,NA,0.0,0,-25.49,-6.74,[],0,0,[],[]
7957990,7959070,FEM,FAN,2.84,184,AMF,BC,0,NT,FI,0.0,0,-32.82,-19.74,[],0,0,[],[]
7959070,7960630,NA,NON,0.0,184,AMF,NA,NA,NA,NA,0.0,0,-38.92,-26.42,[],0,0,[],[]
7960630,7961630,FEM,FAN,0.0,184,AMF,NA,NA,NA,NA,0.0,0,-14.97,-1.9,[],1000,0,[],[]
7961630,7962930,NA,NOF,0.0,184,AMF,NA,NA,NA,NA,0.0,0,-40.74,-26.03,[],0,0,[],[]
7962930,7964600,FEM,FAN,3.35,184,AMF,EC,0,NT,FH,0.0,0,-32.6,-20.2,[],0,0,[],[]
7964600,7965660,NA,OLF,0.0,185,pause,NA,NA,NA,NA,0.0,0,-35.63,-21.56,[],0,0,[],[]
7965660,7969160,NA,NOF,0.0,185,pause,NA,NA,NA,NA,0.0,0,-39.08,-20.73,[],0,0,[],[]
7969160,7971280,NA,OLN,0.0,185,pause,NA,NA,NA,NA,0.0,0,-30.92,-15.19,[],0,0,[],[]
7971280,7972290,NA,NOF,0.0,185,pause,NA,NA,NA,NA,0.0,0,-42.96,-34.66,[],0,0,[],[]
7972290,7973810,NA,OLF,0.0,185,pause,NA,NA,NA,NA,0.0,0,-37.62,-22.41,[],0,0,[],[]
7973810,7974730,NA,NOF,0.0,185,pause,NA,NA,NA,NA,0.0,0,-36.34,-23.23,[],0,0,[],[]
7974730,7976160,FEM,FAN,5.78,185,AIOCF,BC,0,NT,FI,0.0,0,-36.25,-28.75,[],0,0,[],[]
7976160,7977150,NA,NON,0.0,185,AIOCF,NA,NA,NA,NA,0.0,0,-43.8,-29.7,[],0,0,[],[]
7977150,7978620,OCH,CXN,0.0,185,AIOCF,RC,0,NT,FI,0.0,0,-35.39,-25.16,[],0,0,[],[]
7978620,7979420,NA,NOF,0.0,185,AIOCF,NA,NA,NA,NA,0.0,0,-34.55,-23.03,[],0,0,[],[]
7979420,7980240,NA,OLN,0.0,185,AIOCF,NA,NA,NA,NA,0.0,0,-25.0,-9.1,[],0,0,[],[]
7980240,7981240,FEM,FAN,3.98,185,AIOCF,RC,0,NT,FI,0.0,0,-22.92,-9.12,[],0,0,[],[]
7981240,7982720,NA,NOF,0.0,185,AIOCF,NA,NA,NA,NA,0.0,0,-16.51,-2.25,[],0,0,[],[]
7982720,7984310,FEM,FAN,7.58,185,AIOCF,RC,0,NT,FH,0.0,0,-34.0,-24.98,[],0,0,[],[]
7984310,7985660,NA,NOF,0.0,185,AIOCF,NA,NA,NA,NA,0.0,0,-42.43,-37.82,[],0,0,[],[]
7985660,7986980,FEM,FAN,2.6,185,AIOCF,EC,0,NT,FH,0.0,0,-31.96,-21.72,[],0,0,[],[]
7986980,7989930,NA,NOF,0.0,186,pause,NA,NA,NA,NA,0.0,0,-44.64,-36.16,[],0,0,[],[]
7989930,7991770,NA,OLN,0.0,186,pause,NA,NA,NA,NA,0.0,0,-34.16,-22.0,[],0,0,[],[]
7991770,7992570,NA,CXF,0.0,186,pause,NA,NA,NA,NA,0.0,0,-49.26,-39.87,[],0,0,[],[]
7992570,7993570,FEM,FAN,2.31,186,AIOCF,BC,0,NT,FI,0.0,0,-33.25,-20.95,[],0,0,[],[]
7993570,7994850,NA,NOF,0.0,186,AIOCF,NA,NA,NA,NA,0.0,0,-46.6,-36.54,[],0,0,[],[]
7994850,7995850,FEM,FAN,0.0,186,AIOCF,NA,NA,NA,NA,0.0,0,-36.3,-25.25,[],1000,0,[],[]
7995850,7996650,NA,NOF,0.0,186,AIOCF,NA,NA,NA,NA,0.0,0,-43.64,-32.81,[],0,0,[],[]
7996650,7997620,OCH,CXN,0.0,186,AIOCF,RC,0,NT,FI,0.0,0,-34.26,-26.45,[],0,0,[],[]
7997620,7999020,FEM,FAN,7.36,186,AIOCF,RC,0,NT,FI,0.0,0,-33.63,-27.7,[],0,0,[],[]
7999020,8001300,NA,OLN,0.0,186,AIOCF,NA,NA,NA,NA,0.0,0,-20.77,-2.26,[],0,0,[],[]
8001300,8002630,OCH,CXN,0.0,186,AIOCF,RC,0,NT,FI,0.0,0,-30.47,-22.63,[],0,0,[],[]
8002630,8003630,FEM,FAN,5.43,186,AIOCF,RC,0,NT,FI,0.0,0,-31.33,-25.55,[],0,0,[],[]
8003630,8005150,NA,NOF,0.0,186,AIOCF,NA,NA,NA,NA,0.0,0,-38.21,-22.21,[],0,0,[],[]
8005150,8010410,FEM,FAN,20.95,186,AIOCF,RC,0,NT,FH,0.0,0,-27.92,-7.17,[],0,0,[],[]
8010410,8011210,NA,NOF,0.0,186,AIOCF,NA,NA,NA,NA,0.0,0,-41.57,-32.94,[],0,0,[],[]
8011210,8013230,FEM,FAN,8.41,186,AIOCF,RC,0,NT,FH,0.0,0,-29.93,-22.83,[],0,0,[],[]
8013230,8014030,NA,OLF,0.0,186,AIOCF,NA,NA,NA,NA,0.0,0,-38.54,-27.27,[],0,0,[],[]
8014030,8016820,FEM,FAN,11.77,186,AIOCF,RC,0,NT,FH,0.0,0,-26.02,-13.28,[],0,0,[],[]
8016820,8017420,NA,NOF,0.0,186,AIOCF,NA,NA,NA,NA,0.0,0,-39.17,-29.44,[],0,0,[],[]
8017420,8018430,FEM,FAN,3.57,186,AIOCF,RC,0,NT,FH,0.0,0,-29.33,-21.46,[],0,0,[],[]
8018430,8019430,NA,NOF,0.0,186,AIOCF,NA,NA,NA,NA,0.0,0,-47.19,-36.73,[],0,0,[],[]
8019430,8022450,FEM,FAN,12.61,186,AIOCF,RC,0,NT,FH,0.0,0,-26.74,-9.29,[],0,0,[],[]
8022450,8023150,FEM,FAN,1.15,186,AIOCF,RC,0,NT,FH,0.0,0,-37.08,-23.81,[],0,0,[],[]
8023150,8030450,FEM,FAN,28.35,186,AIOCF,RC,0,NT,FH,0.0,0,-25.91,-12.94,[],0,0,[],[]
8030450,8031530,MAL,MAN,4.78,186,AIOCF,RC,0,NT,FI,0.0,0,-29.78,-20.76,[],0,0,[],[]
8031530,8032430,NA,OLF,0.0,186,AIOCF,NA,NA,NA,NA,0.0,0,-36.31,-28.21,[],0,0,[],[]
8032430,8033990,FEM,FAN,6.79,186,AIOCF,RC,0,NT,FI,0.0,0,-34.57,-26.58,[],0,0,[],[]
8033990,8034790,NA,NOF,0.0,186,AIOCF,NA,NA,NA,NA,0.0,0,-45.36,-35.92,[],0,0,[],[]
8034790,8035880,FEM,FAN,3.81,186,AIOCF,RC,0,NT,FH,0.0,0,-29.39,-19.61,[],0,0,[],[]
8035880,8036700,NA,OLN,0.0,186,AIOCF,NA,NA,NA,NA,0.0,0,-36.8,-25.0,[],0,0,[],[]
8036700,8039780,FEM,FAN,12.26,186,AIOCF,RC,0,NT,FH,0.0,0,-35.67,-27.64,[],0,0,[],[]
8039780,8040850,OCH,CXN,0.0,186,AIOCF,RC,0,NT,FI,0.0,0,-38.45,-29.83,[],0,0,[],[]
8040850,8041910,FEM,FAN,5.19,186,AIOCF,RC,0,NT,FI,0.0,0,-32.34,-24.1,[],0,0,[],[]
8041910,8042710,NA,NOF,0.0,186,AIOCF,NA,NA,NA,NA,0.0,0,-42.24,-32.18,[],0,0,[],[]
8042710,8043640,OCH,CXN,0.0,186,AIOCF,RC,0,NT,FI,0.0,0,-34.89,-27.98,[],0,0,[],[]
8043640,8044440,NA,OLN,0.0,186,AIOCF,NA,NA,NA,NA,0.0,0,-34.27,-26.98,[],0,0,[],[]
8044440,8045540,FEM,FAN,4.73,186,AIOCF,RC,0,NT,FI,0.0,0,-37.09,-28.17,[],0,0,[],[]
8045540,8050590,FEM,FAN,19.12,186,AIOCF,RC,0,NT,FH,0.0,0,-32.58,-18.53,[],0,0,[],[]
8050590,8051390,OCH,CXN,0.0,186,AIOCF,RC,0,NT,FI,0.0,0,-34.08,-27.21,[],0,0,[],[]
8051390,8053650,FEM,FAN,7.4,186,AIOCF,RC,0,NT,FI,0.0,0,-34.43,-24.95,[],0,0,[],[]
8053650,8054530,FEM,FAN,2.85,186,AIOCF,RC,0,NT,FH,0.0,0,-35.98,-29.79,[],0,0,[],[]
8054530,8056190,FEM,FAN,5.75,186,AIOCF,RC,0,NT,FH,0.0,0,-34.11,-26.13,[],0,0,[],[]
8056190,8057020,OCH,CXN,0.0,186,AIOCF,RC,0,NT,FI,0.0,0,-35.39,-29.81,[],0,0,[],[]
8057020,8059120,FEM,FAN,9.86,186,AIOCF,RC,0,NT,FI,0.0,0,-29.89,-15.4,[],0,0,[],[]
8059120,8059940,NA,SIL,0.0,186,AIOCF,NA,NA,NA,NA,0.0,0,-52.26,-45.23,[],0,0,[],[]
8059940,8060980,FEM,FAN,5.1,186,AIOCF,RC,0,NT,FH,0.0,0,-32.78,-25.52,[],0,0,[],[]
8060980,8061780,OCH,CXN,0.0,186,AIOCF,RC,0,NT,FI,0.0,0,-39.52,-33.43,[],0,0,[],[]
8061780,8062780,FEM,FAN,2.93,186,AIOCF,RC,0,NT,FI,0.0,0,-38.97,-28.99,[],0,0,[],[]
8062780,8064870,NA,OLN,0.0,186,AIOCF,NA,NA,NA,NA,0.0,0,-36.32,-27.49,[],0,0,[],[]
8064870,8065870,FEM,FAN,5.25,186,AIOCF,RC,0,NT,FH,0.0,0,-23.68,-11.87,[],0,0,[],[]
8065870,8066670,NA,NOF,0.0,186,AIOCF,NA,NA,NA,NA,0.0,0,-49.76,-44.37,[],0,0,[],[]
8066670,8068250,FEM,FAN,5.68,186,AIOCF,RC,0,NT,FH,0.0,0,-36.92,-25.37,[],0,0,[],[]
8068250,8069060,NA,OLN,0.0,186,AIOCF,NA,NA,NA,NA,0.0,0,-38.43,-30.14,[],0,0,[],[]
8069060,8072360,FEM,FAN,12.52,186,AIOCF,RC,0,NT,FH,0.0,0,-37.17,-26.72,[],0,0,[],[]
8072360,8073420,MAL,MAN,3.5,186,AIOCF,RC,0,NT,FI,0.0,0,-40.72,-32.22,[],0,0,[],[]
8073420,8074460,NA,NOF,0.0,186,AIOCF,NA,NA,NA,NA,0.0,0,-49.16,-39.54,[],0,0,[],[]
8074460,8075460,FEM,FAN,2.53,186,AIOCF,RC,0,NT,FI,0.0,0,-35.34,-25.93,[],0,0,[],[]
8075460,8078040,NA,SIL,0.0,186,AIOCF,NA,NA,NA,NA,0.0,0,-55.29,-47.54,[],0,0,[],[]
8078040,8080060,FEM,FAN,1.9,186,AIOCF,RC,0,NT,FH,0.0,0,-36.59,-23.14,[],0,0,[],[]
8080060,8081370,NA,TVN,0.0,186,AIOCF,NA,NA,NA,NA,0.0,0,-40.75,-31.02,[],0,0,[],[]
8081370,8082500,CHI,CHN,0.0,186,AIOCF,NA,NA,NA,NA,0.0,0,-40.77,-28.57,[],0,440,"[{'start': 8081.97, 'end': 8082.25}]","[{'start': 8082.25, 'end': 8082.41}]"
8082500,8083300,OCH,CXN,0.0,186,AIOCF,RC,0,NT,FI,0.0,0,-31.4,-23.0,[],0,0,[],[]
8083300,8085610,FEM,FAN,10.54,186,AIOCF,RC,0,NT,FI,0.0,0,-29.7,-16.01,[],0,0,[],[]
8085610,8086220,FEM,FAN,1.25,186,AIOCF,RC,0,NT,FH,0.0,0,-28.16,-22.5,[],0,0,[],[]
8086220,8089190,FEM,FAN,12.27,186,AIOCF,RC,0,NT,FH,0.0,0,-29.93,-18.68,[],0,0,[],[]
8089190,8089990,FEM,FAN,2.66,186,AIOCF,RC,0,NT,FH,0.0,0,-30.05,-22.97,[],0,0,[],[]
8089990,8090590,FEM,FAN,4.73,186,AIOCF,RC,0,NT,FH,0.0,0,-31.1,-24.24,[],0,0,[],[]
8090590,8091390,NA,NOF,0.0,186,AIOCF,NA,NA,NA,NA,0.0,0,-36.7,-26.53,[],0,0,[],[]
8091390,8092220,OCH,CXN,0.0,186,AIOCF,RC,0,NT,FI,0.0,0,-32.24,-22.64,[],0,0,[],[]
8092220,8093220,FEM,FAN,5.89,186,AIOCF,RC,0,NT,FI,0.0,0,-35.1,-27.17,[],0,0,[],[]
8093220,8094210,NA,OLF,0.0,186,AIOCF,NA,NA,NA,NA,0.0,0,-40.01,-33.59,[],0,0,[],[]
8094210,8095990,NA,NOF,0.0,186,AIOCF,NA,NA,NA,NA,0.0,0,-44.71,-27.85,[],0,0,[],[]
8095990,8101240,FEM,FAN,18.51,186,AIOCF,RC,0,NT,FH,0.0,0,-31.59,-17.65,[],0,0,[],[]
8101240,8102170,NA,SIL,0.0,186,AIOCF,NA,NA,NA,NA,0.0,0,-53.51,-46.14,[],0,0,[],[]
8102170,8103270,OCH,CXN,0.0,186,AIOCF,RC,0,NT,FI,0.0,0,-32.87,-22.87,[],0,0,[],[]
8103270,8104300,NA,NOF,0.0,186,AIOCF,NA,NA,NA,NA,0.0,0,-36.39,-18.83,[],0,0,[],[]
8104300,8107170,FEM,FAN,10.51,186,AIOCF,RC,0,NT,FI,0.0,0,-27.95,-13.75,[],0,0,[],[]
8107170,8107990,OCH,CXN,0.0,186,AIOCF,RC,0,NT,FI,0.0,0,-30.21,-21.46,[],0,0,[],[]
8107990,8110270,FEM,FAN,8.25,186,AIOCF,RC,0,NT,FI,0.0,0,-27.23,-18.4,[],0,0,[],[]
8110270,8111880,NA,NOF,0.0,186,AIOCF,NA,NA,NA,NA,0.0,0,-41.31,-27.27,[],0,0,[],[]
8111880,8113050,OCH,CXN,0.0,186,AIOCF,RC,0,NT,FI,0.0,0,-42.35,-33.33,[],0,0,[],[]
8113050,8114580,FEM,FAN,6.92,186,AIOCF,RC,0,NT,FI,0.0,0,-28.4,-17.94,[],0,0,[],[]
8114580,8117040,NA,NOF,0.0,186,AIOCF,NA,NA,NA,NA,0.0,0,-41.99,-30.88,[],0,0,[],[]
8117040,8118340,FEM,FAN,4.36,186,AIOCF,RC,0,NT,FH,0.0,0,-33.91,-26.3,[],0,0,[],[]
8118340,8119430,NA,NOF,0.0,186,AIOCF,NA,NA,NA,NA,0.0,0,-48.59,-40.37,[],0,0,[],[]
8119430,8120470,FEM,FAN,2.24,186,AIOCF,RC,0,NT,FH,0.0,0,-35.72,-28.59,[],0,0,[],[]
8120470,8121270,OCH,CXN,0.0,186,AIOCF,RC,0,NT,FI,0.0,0,-39.91,-31.81,[],0,0,[],[]
8121270,8124310,FEM,FAN,9.37,186,AIOCF,RC,0,NT,FI,0.0,0,-32.95,-23.2,[],0,0,[],[]
8124310,8125220,OCH,CXN,0.0,186,AIOCF,RC,0,NT,FI,0.0,0,-40.1,-32.37,[],0,0,[],[]
8125220,8127800,FEM,FAN,11.18,186,AIOCF,RC,0,NT,FI,0.0,0,-31.28,-24.28,[],0,0,[],[]
8127800,8128770,NA,NOF,0.0,186,AIOCF,NA,NA,NA,NA,0.0,0,-53.14,-45.92,[],0,0,[],[]
8128770,8132580,FEM,FAN,14.16,186,AIOCF,RC,0,NT,FH,0.0,0,-31.74,-21.76,[],0,0,[],[]
8132580,8133490,NA,NOF,0.0,186,AIOCF,NA,NA,NA,NA,0.0,0,-53.42,-45.35,[],0,0,[],[]
8133490,8134090,FEM,FAN,5.17,186,AIOCF,RC,0,NT,FH,0.0,0,-40.6,-32.85,[],0,0,[],[]
8134090,8134900,NA,SIL,0.0,186,AIOCF,NA,NA,NA,NA,0.0,0,-56.11,-45.77,[],0,0,[],[]
8134900,8136440,FEM,FAN,6.9,186,AIOCF,RC,0,NT,FH,0.0,0,-34.7,-23.01,[],0,0,[],[]
8136440,8137320,NA,OLN,0.0,186,AIOCF,NA,NA,NA,NA,0.0,0,-41.51,-34.21,[],0,0,[],[]
8137320,8138120,NA,NOF,0.0,186,AIOCF,NA,NA,NA,NA,0.0,0,-50.3,-42.64,[],0,0,[],[]
8138120,8140830,FEM,FAN,11.89,186,AIOCF,RC,0,NT,FH,0.0,0,-26.58,-9.78,[],0,0,[],[]
8140830,8142090,MAL,MAN,1.81,186,AIOCF,RC,0,NT,FI,0.0,0,-34.54,-27.44,[],0,0,[],[]
8142090,8142890,NA,OLF,0.0,186,AIOCF,NA,NA,NA,NA,0.0,0,-44.93,-39.35,[],0,0,[],[]
8142890,8143880,NA,NOF,0.0,186,AIOCF,NA,NA,NA,NA,0.0,0,-51.01,-44.24,[],0,0,[],[]
8143880,8144680,FEM,FAN,2.19,186,AIOCF,RC,0,NT,FI,0.0,0,-29.66,-22.28,[],0,0,[],[]
8144680,8145500,NA,NOF,0.0,186,AIOCF,NA,NA,NA,NA,0.0,0,-44.68,-35.92,[],0,0,[],[]
8145500,8149360,FEM,FAN,16.09,186,AIOCF,RC,0,NT,FH,0.0,0,-29.66,-20.4,[],0,0,[],[]
8149360,8150160,NA,NOF,0.0,186,AIOCF,NA,NA,NA,NA,0.0,0,-42.84,-33.82,[],0,0,[],[]
8150160,8152110,FEM,FAN,9.24,186,AIOCF,RC,0,NT,FH,0.0,0,-33.24,-25.64,[],0,0,[],[]
8152110,8153100,NA,SIL,0.0,186,AIOCF,NA,NA,NA,NA,0.0,0,-50.34,-35.4,[],0,0,[],[]
8153100,8154650,FEM,FAN,6.76,186,AIOCF,RC,0,NT,FH,0.0,0,-34.14,-25.84,[],0,0,[],[]
8154650,8155640,NA,SIL,0.0,186,AIOCF,NA,NA,NA,NA,0.0,0,-49.48,-39.7,[],0,0,[],[]
8155640,8156640,FEM,FAN,3.92,186,AIOCF,RC,0,NT,FH,0.0,0,-38.18,-30.51,[],0,0,[],[]
8156640,8157600,NA,NOF,0.0,186,AIOCF,NA,NA,NA,NA,0.0,0,-49.56,-44.4,[],0,0,[],[]
8157600,8158400,NA,MAF,0.0,186,AIOCF,NA,NA,NA,NA,0.0,0,-45.13,-36.16,[],0,0,[],[]
8158400,8159810,NA,NOF,0.0,186,AIOCF,NA,NA,NA,NA,0.0,0,-46.46,-38.3,[],0,0,[],[]
8159810,8161210,FEM,FAN,4.99,186,AIOCF,RC,0,NT,FH,0.0,0,-34.5,-26.62,[],0,0,[],[]
8161210,8163240,NA,NOF,0.0,186,AIOCF,NA,NA,NA,NA,0.0,0,-44.01,-32.46,[],0,0,[],[]
8163240,8164260,FEM,FAN,1.28,186,AIOCF,EC,0,NT,FH,0.0,0,-35.65,-25.51,[],0,0,[],[]
8164260,8166330,NA,NOF,0.0,187,pause,NA,NA,NA,NA,0.0,0,-41.88,-23.55,[],0,0,[],[]
8166330,8167330,FEM,FAN,0.0,187,pause,NA,NA,NA,NA,0.0,0,-33.12,-26.48,[],1000,0,[],[]
8167330,8168130,NA,OLF,0.0,187,pause,NA,NA,NA,NA,0.0,0,-31.76,-21.85,[],0,0,[],[]
8168130,8169340,NA,NOF,0.0,187,pause,NA,NA,NA,NA,0.0,0,-48.79,-42.88,[],0,0,[],[]
8169340,8170340,FEM,FAN,4.42,187,AMF,BC,0,NT,FI,0.0,0,-31.98,-24.6,[],0,0,[],[]
8170340,8171140,NA,OLN,0.0,187,AMF,NA,NA,NA,NA,0.0,0,-38.29,-30.96,[],0,0,[],[]
8171140,8172590,FEM,FAN,2.34,187,AMF,RC,0,NT,FH,0.0,0,-27.2,-20.92,[],0,0,[],[]
8172590,8173390,NA,NOF,0.0,187,AMF,NA,NA,NA,NA,0.0,0,-48.59,-41.53,[],0,0,[],[]
8173390,8174580,FEM,FAN,3.66,187,AMF,RC,0,NT,FH,0.0,0,-38.02,-30.14,[],0,0,[],[]
8174580,8175510,NA,CXF,0.0,187,AMF,NA,NA,NA,NA,0.0,0,-42.88,-34.8,[],0,0,[],[]
8175510,8176320,NA,OLN,0.0,187,AMF,NA,NA,NA,NA,0.0,0,-43.2,-38.29,[],0,0,[],[]
8176320,8179630,FEM,FAN,12.36,187,AMF,RC,0,NT,FH,0.0,0,-38.44,-30.6,[],0,0,[],[]
8179630,8180430,NA,SIL,0.0,187,AMF,NA,NA,NA,NA,0.0,0,-56.64,-48.94,[],0,0,[],[]
8180430,8181680,FEM,FAN,5.99,187,AMF,RC,0,NT,FH,0.0,0,-39.29,-33.89,[],0,0,[],[]
8181680,8182480,FEM,FAN,6.63,187,AMF,RC,0,NT,FH,0.0,0,-37.6,-31.71,[],0,0,[],[]
8182480,8183480,FEM,FAN,4.73,187,AMF,RC,0,NT,FH,0.0,0,-35.94,-25.36,[],0,0,[],[]
8183480,8184280,NA,SIL,0.0,187,AMF,NA,NA,NA,NA,0.0,0,-54.58,-47.31,[],0,0,[],[]
8184280,8187340,NA,NOF,0.0,187,AMF,NA,NA,NA,NA,0.0,0,-42.33,-26.7,[],0,0,[],[]
8187340,8189090,FEM,FAN,7.41,187,AMF,RC,0,NT,FH,0.0,0,-34.77,-26.53,[],0,0,[],[]
8189090,8190110,NA,NOF,0.0,187,AMF,NA,NA,NA,NA,0.0,0,-44.26,-34.86,[],0,0,[],[]
8190110,8191000,NA,OLN,0.0,187,AMF,NA,NA,NA,NA,0.0,0,-32.8,-25.61,[],0,0,[],[]
8191000,8192750,FEM,FAN,7.79,187,AMF,RC,0,NT,FH,0.0,0,-27.25,-18.91,[],0,0,[],[]
8192750,8193360,FEM,FAN,1.83,187,AMF,RC,0,NT,FH,0.0,0,-26.25,-21.38,[],0,0,[],[]
8193360,8194550,FEM,FAN,1.44,187,AMF,RC,0,NT,FH,0.0,0,-31.57,-20.13,[],0,0,[],[]
8194550,8195350,NA,NOF,0.0,187,AMF,NA,NA,NA,NA,0.0,0,-44.44,-36.69,[],0,0,[],[]
8195350,8198010,FEM,FAN,11.57,187,AMF,RC,0,NT,FH,0.0,0,-31.78,-23.3,[],0,0,[],[]
8198010,8199160,NA,NOF,0.0,187,AMF,NA,NA,NA,NA,0.0,0,-50.56,-42.84,[],0,0,[],[]
8199160,8200160,FEM,FAN,3.4,187,AMF,RC,0,NT,FH,0.0,0,-32.01,-23.44,[],0,0,[],[]
8200160,8200970,NA,NOF,0.0,187,AMF,NA,NA,NA,NA,0.0,0,-50.08,-41.61,[],0,0,[],[]
8200970,8201970,FEM,FAN,0.0,187,AMF,NA,NA,NA,NA,0.0,0,-31.59,-25.39,[],1000,0,[],[]
8201970,8202770,NA,CXF,0.0,187,AMF,NA,NA,NA,NA,0.0,0,-43.77,-34.97,[],0,0,[],[]
8202770,8204680,FEM,FAN,5.87,187,AMF,RC,0,NT,FH,0.0,0,-32.63,-23.04,[],0,0,[],[]
8204680,8205480,NA,OLF,0.0,187,AMF,NA,NA,NA,NA,0.0,0,-40.04,-29.57,[],0,0,[],[]
8205480,8207480,MAL,MAN,7.29,187,AMF,RC,0,NT,FI,0.0,0,-34.72,-27.56,[],0,0,[],[]
8207480,8209470,FEM,FAN,6.91,187,AMF,RC,0,NT,FI,0.0,0,-35.87,-26.4,[],0,0,[],[]
8209470,8210630,NA,NOF,0.0,187,AMF,NA,NA,NA,NA,0.0,0,-44.21,-29.71,[],0,0,[],[]
8210630,8212320,FEM,FAN,6.05,187,AMF,RC,0,NT,FH,0.0,0,-33.66,-21.34,[],0,0,[],[]
8212320,8213210,NA,NOF,0.0,187,AMF,NA,NA,NA,NA,0.0,0,-46.81,-34.07,[],0,0,[],[]
8213210,8215360,FEM,FAN,7.7,187,AMF,EC,0,NT,FH,0.0,0,-35.77,-26.88,[],0,0,[],[]
8215360,8218970,NA,OLN,0.0,188,pause,NA,NA,NA,NA,0.0,0,-19.69,-5.41,[],0,0,[],[]
8218970,8219920,NA,NON,0.0,188,pause,NA,NA,NA,NA,0.0,0,-19.83,-7.55,[],0,0,[],[]
8219920,8224660,NA,OLN,0.0,188,pause,NA,NA,NA,NA,0.0,0,-27.89,-14.34,[],0,0,[],[]
8224660,8225460,NA,NOF,0.0,188,pause,NA,NA,NA,NA,0.0,0,-34.57,-20.97,[],0,0,[],[]
8225460,8226480,NA,OLN,0.0,188,pause,NA,NA,NA,NA,0.0,0,-34.37,-28.41,[],0,0,[],[]
8226480,8227630,NA,NON,0.0,188,pause,NA,NA,NA,NA,0.0,0,-30.71,-22.02,[],0,0,[],[]
8227630,8230190,NA,OLN,0.0,188,pause,NA,NA,NA,NA,0.0,0,-25.72,-14.01,[],0,0,[],[]
8230190,8231190,FEM,FAN,5.72,188,AMF,BC,0,NT,FI,0.0,0,-29.1,-21.81,[],0,0,[],[]
8231190,8232330,NA,OLN,0.0,188,AMF,NA,NA,NA,NA,0.0,0,-29.02,-15.71,[],0,0,[],[]
8232330,8233330,FEM,FAN,1.36,188,AMF,EC,0,NT,FH,0.0,0,-35.7,-28.73,[],0,0,[],[]
8233330,8234130,NA,NOF,0.0,189,pause,NA,NA,NA,NA,0.0,0,-30.9,-17.89,[],0,0,[],[]
8234130,8235670,NA,OLN,0.0,189,pause,NA,NA,NA,NA,0.0,0,-32.34,-24.77,[],0,0,[],[]
8235670,8236920,NA,NOF,0.0,189,pause,NA,NA,NA,NA,0.0,0,-29.65,-13.06,[],0,0,[],[]
8236920,8238490,NA,OLN,0.0,189,pause,NA,NA,NA,NA,0.0,0,-18.54,-5.73,[],0,0,[],[]
8238490,8239890,NA,NOF,0.0,189,pause,NA,NA,NA,NA,0.0,0,-25.12,-14.21,[],0,0,[],[]
8239890,8240690,NA,OLF,0.0,189,pause,NA,NA,NA,NA,0.0,0,-33.67,-21.54,[],0,0,[],[]
8240690,8242190,NA,NON,0.0,189,pause,NA,NA,NA,NA,0.0,0,-35.38,-26.78,[],0,0,[],[]
8242190,8244340,NA,OLN,0.0,189,pause,NA,NA,NA,NA,0.0,0,-24.86,-9.44,[],0,0,[],[]
8244340,8245290,NA,NOF,0.0,189,pause,NA,NA,NA,NA,0.0,0,-37.92,-28.92,[],0,0,[],[]
8245290,8248180,NA,OLN,0.0,189,pause,NA,NA,NA,NA,0.0,0,-24.16,-9.79,[],0,0,[],[]
8248180,8248980,NA,NOF,0.0,189,pause,NA,NA,NA,NA,0.0,0,-16.24,-8.43,[],0,0,[],[]
8248980,8254200,NA,OLN,0.0,189,pause,NA,NA,NA,NA,0.0,0,-23.73,-5.35,[],0,0,[],[]
8254200,8255030,NA,NOF,0.0,189,pause,NA,NA,NA,NA,0.0,0,-37.15,-27.93,[],0,0,[],[]
8255030,8257670,FEM,FAN,11.22,189,AMF,BC,0,NT,FI,0.0,0,-26.25,-16.77,[],0,0,[],[]
8257670,8259360,NA,NON,0.0,189,AMF,NA,NA,NA,NA,0.0,0,-24.37,-9.82,[],0,0,[],[]
8259360,8260410,NA,OLN,0.0,189,AMF,NA,NA,NA,NA,0.0,0,-24.55,-18.27,[],0,0,[],[]
8260410,8261630,FEM,FAN,6.42,189,AMF,RC,0,NT,FH,0.0,0,-28.11,-20.13,[],0,0,[],[]
8261630,8262430,NA,OLN,0.0,189,AMF,NA,NA,NA,NA,0.0,0,-32.56,-26.39,[],0,0,[],[]
8262430,8265420,FEM,FAN,13.38,189,AMF,RC,0,NT,FH,0.0,0,-25.9,-15.13,[],0,0,[],[]
8265420,8267170,NA,OLN,0.0,189,AMF,NA,NA,NA,NA,0.0,0,-24.67,-8.14,[],0,0,[],[]
8267170,8268030,NA,NOF,0.0,189,AMF,NA,NA,NA,NA,0.0,0,-16.61,-6.62,[],0,0,[],[]
8268030,8269460,NA,OLN,0.0,189,AMF,NA,NA,NA,NA,0.0,0,-23.72,-14.58,[],0,0,[],[]
8269460,8271810,FEM,FAN,8.17,189,AMF,RC,0,NT,FH,0.0,0,-32.0,-21.69,[],0,0,[],[]
8271810,8272980,MAL,MAN,3.16,189,AMF,EC,0,NT,FI,0.0,0,-29.72,-19.43,[],0,0,[],[]
8272980,8273830,NA,OLF,0.0,190,pause,NA,NA,NA,NA,0.0,0,-26.13,-13.83,[],0,0,[],[]
8273830,8274670,NA,NOF,0.0,190,pause,NA,NA,NA,NA,0.0,0,-14.9,-2.44,[],0,0,[],[]
8274670,8277030,NA,OLN,0.0,190,pause,NA,NA,NA,NA,0.0,0,-33.06,-24.69,[],0,0,[],[]
8277030,8277830,NA,NOF,0.0,190,pause,NA,NA,NA,NA,0.0,0,-32.01,-21.69,[],0,0,[],[]
8277830,8285190,NA,OLN,0.0,190,pause,NA,NA,NA,NA,0.0,0,-22.43,-3.31,[],0,0,[],[]
8285190,8288920,NA,NON,0.0,190,pause,NA,NA,NA,NA,0.0,0,-23.87,-7.14,[],0,0,[],[]
8288920,8289800,NA,OLF,0.0,190,pause,NA,NA,NA,NA,0.0,0,-26.07,-12.25,[],0,0,[],[]
8289800,8290610,NA,NON,0.0,190,pause,NA,NA,NA,NA,0.0,0,-35.59,-27.09,[],0,0,[],[]
8290610,8292370,NA,OLN,0.0,190,pause,NA,NA,NA,NA,0.0,0,-33.99,-26.37,[],0,0,[],[]
8292370,8294920,NA,NON,0.0,190,pause,NA,NA,NA,NA,0.0,0,-25.61,-4.81,[],0,0,[],[]
8294920,8296650,NA,OLN,0.0,190,pause,NA,NA,NA,NA,0.0,0,-29.67,-20.57,[],0,0,[],[]
8296650,8297960,NA,NOF,0.0,190,pause,NA,NA,NA,NA,0.0,0,-41.99,-35.45,[],0,0,[],[]
8297960,8298830,NA,OLN,0.0,190,pause,NA,NA,NA,NA,0.0,0,-36.96,-29.46,[],0,0,[],[]
8298830,8299640,OCH,CXN,0.0,190,XM,EC,0,NT,FI,0.0,0,-32.7,-23.06,[],0,0,[],[]
8299640,8304720,NA,OLN,0.0,191,pause,NA,NA,NA,NA,0.0,0,-26.51,-11.45,[],0,0,[],[]
8304720,8306210,NA,NON,0.0,191,pause,NA,NA,NA,NA,0.0,0,-34.42,-25.04,[],0,0,[],[]
8306210,8308390,NA,OLN,0.0,191,pause,NA,NA,NA,NA,0.0,0,-30.33,-20.01,[],0,0,[],[]
8308390,8309190,NA,NON,0.0,191,pause,NA,NA,NA,NA,0.0,0,-28.54,-19.96,[],0,0,[],[]
8309190,8310480,NA,OLN,0.0,191,pause,NA,NA,NA,NA,0.0,0,-28.34,-18.22,[],0,0,[],[]
8310480,8312520,NA,NON,0.0,191,pause,NA,NA,NA,NA,0.0,0,-29.54,-16.95,[],0,0,[],[]
8312520,8314520,NA,OLN,0.0,191,pause,NA,NA,NA,NA,0.0,0,-29.5,-13.63,[],0,0,[],[]
8314520,8315320,NA,NON,0.0,191,pause,NA,NA,NA,NA,0.0,0,-31.1,-22.39,[],0,0,[],[]
8315320,8316250,NA,OLN,0.0,191,pause,NA,NA,NA,NA,0.0,0,-32.38,-20.96,[],0,0,[],[]
8316250,8319630,NA,NOF,0.0,191,pause,NA,NA,NA,NA,0.0,0,-39.61,-28.84,[],0,0,[],[]
8319630,8320430,NA,OLF,0.0,191,pause,NA,NA,NA,NA,0.0,0,-35.72,-28.02,[],0,0,[],[]
8320430,8321290,NA,NON,0.0,191,pause,NA,NA,NA,NA,0.0,0,-32.9,-27.27,[],0,0,[],[]
8321290,8322630,NA,OLN,0.0,191,pause,NA,NA,NA,NA,0.0,0,-29.89,-18.61,[],0,0,[],[]
8322630,8323670,NA,NOF,0.0,191,pause,NA,NA,NA,NA,0.0,0,-17.22,-4.52,[],0,0,[],[]
8323670,8326280,NA,OLF,0.0,191,pause,NA,NA,NA,NA,0.0,0,-38.58,-26.07,[],0,0,[],[]
8326280,8328320,NA,NON,0.0,191,pause,NA,NA,NA,NA,0.0,0,-28.11,-12.68,[],0,0,[],[]
8328320,8329910,NA,OLN,0.0,191,pause,NA,NA,NA,NA,0.0,0,-24.56,-13.86,[],0,0,[],[]
8329910,8332800,NA,NOF,0.0,191,pause,NA,NA,NA,NA,0.0,0,-40.62,-29.97,[],0,0,[],[]
8332800,8334340,NA,OLF,0.0,191,pause,NA,NA,NA,NA,0.0,0,-40.2,-31.51,[],0,0,[],[]
8334340,8335140,NA,NON,0.0,191,pause,NA,NA,NA,NA,0.0,0,-37.59,-29.41,[],0,0,[],[]
8335140,8336790,NA,OLN,0.0,191,pause,NA,NA,NA,NA,0.0,0,-35.96,-28.25,[],0,0,[],[]
8336790,8337600,NA,NON,0.0,191,pause,NA,NA,NA,NA,0.0,0,-35.3,-24.34,[],0,0,[],[]
8337600,8338400,NA,OLF,0.0,191,pause,NA,NA,NA,NA,0.0,0,-38.85,-33.33,[],0,0,[],[]
8338400,8339320,NA,NOF,0.0,191,pause,NA,NA,NA,NA,0.0,0,-39.92,-32.98,[],0,0,[],[]
8339320,8340380,NA,OLN,0.0,191,pause,NA,NA,NA,NA,0.0,0,-38.59,-31.95,[],0,0,[],[]
8340380,8341430,NA,NOF,0.0,191,pause,NA,NA,NA,NA,0.0,0,-39.76,-26.08,[],0,0,[],[]
8341430,8342260,NA,OLN,0.0,191,pause,NA,NA,NA,NA,0.0,0,-37.91,-33.72,[],0,0,[],[]
8342260,8343750,NA,NON,0.0,191,pause,NA,NA,NA,NA,0.0,0,-33.63,-20.78,[],0,0,[],[]
8343750,8347120,NA,OLN,0.0,191,pause,NA,NA,NA,NA,0.0,0,-28.78,-6.78,[],0,0,[],[]
8347120,8348120,MAL,MAN,1.31,191,AMM,EC,0,NT,FI,0.0,0,-31.76,-15.93,[],0,0,[],[]
8348120,8348950,NA,OLN,0.0,192,pause,NA,NA,NA,NA,0.0,0,-33.68,-25.35,[],0,0,[],[]
8348950,8351210,NA,NON,0.0,192,pause,NA,NA,NA,NA,0.0,0,-30.35,-12.04,[],0,0,[],[]
8351210,8352120,NA,OLN,0.0,192,pause,NA,NA,NA,NA,0.0,0,-36.11,-28.66,[],0,0,[],[]
8352120,8352960,NA,NOF,0.0,192,pause,NA,NA,NA,NA,0.0,0,-43.26,-36.04,[],0,0,[],[]
8352960,8353870,NA,OLN,0.0,192,pause,NA,NA,NA,NA,0.0,0,-37.33,-27.08,[],0,0,[],[]
8353870,8355610,NA,NON,0.0,192,pause,NA,NA,NA,NA,0.0,0,-34.57,-25.9,[],0,0,[],[]
8355610,8356670,NA,OLN,0.0,192,pause,NA,NA,NA,NA,0.0,0,-24.97,-15.65,[],0,0,[],[]
8356670,8357470,NA,NON,0.0,192,pause,NA,NA,NA,NA,0.0,0,-26.54,-16.26,[],0,0,[],[]
8357470,8358330,NA,OLN,0.0,192,pause,NA,NA,NA,NA,0.0,0,-25.12,-12.06,[],0,0,[],[]
8358330,8362510,NA,NOF,0.0,192,pause,NA,NA,NA,NA,0.0,0,-41.48,-29.37,[],0,0,[],[]
8362510,8363330,NA,OLF,0.0,192,pause,NA,NA,NA,NA,0.0,0,-39.82,-32.74,[],0,0,[],[]
8363330,8364280,NA,NOF,0.0,192,pause,NA,NA,NA,NA,0.0,0,-41.25,-32.67,[],0,0,[],[]
8364280,8365310,NA,OLF,0.0,192,pause,NA,NA,NA,NA,0.0,0,-39.14,-26.48,[],0,0,[],[]
8365310,8368330,NA,NOF,0.0,192,pause,NA,NA,NA,NA,0.0,0,-35.88,-17.74,[],0,0,[],[]
8368330,8369130,NA,OLF,0.0,192,pause,NA,NA,NA,NA,0.0,0,-42.21,-36.68,[],0,0,[],[]
8369130,8370630,NA,NON,0.0,192,pause,NA,NA,NA,NA,0.0,0,-24.63,-13.55,[],0,0,[],[]
8370630,8371550,NA,OLF,0.0,192,pause,NA,NA,NA,NA,0.0,0,-24.46,-14.55,[],0,0,[],[]
8371550,8373010,NA,NOF,0.0,192,pause,NA,NA,NA,NA,0.0,0,-42.56,-28.92,[],0,0,[],[]
8373010,8374640,NA,OLF,0.0,192,pause,NA,NA,NA,NA,0.0,0,-41.15,-26.6,[],0,0,[],[]
8374640,8377300,NA,NOF,0.0,192,pause,NA,NA,NA,NA,0.0,0,-36.95,-23.5,[],0,0,[],[]
8377300,8378940,NA,OLF,0.0,192,pause,NA,NA,NA,NA,0.0,0,-33.37,-16.83,[],0,0,[],[]
8378940,8380200,NA,OLN,0.0,192,pause,NA,NA,NA,NA,0.0,0,-26.81,-14.34,[],0,0,[],[]
8380200,8381020,NA,NON,0.0,192,pause,NA,NA,NA,NA,0.0,0,-27.31,-22.81,[],0,0,[],[]
8381020,8381850,NA,OLN,0.0,192,pause,NA,NA,NA,NA,0.0,0,-36.48,-30.27,[],0,0,[],[]
8381850,8383400,NA,NOF,0.0,192,pause,NA,NA,NA,NA,0.0,0,-37.65,-26.03,[],0,0,[],[]
8383400,8385300,NA,OLN,0.0,192,pause,NA,NA,NA,NA,0.0,0,-32.62,-19.37,[],0,0,[],[]
8385300,8386540,NA,NOF,0.0,192,pause,NA,NA,NA,NA,0.0,0,-33.31,-17.5,[],0,0,[],[]
8386540,8387730,NA,OLN,0.0,192,pause,NA,NA,NA,NA,0.0,0,-34.59,-23.22,[],0,0,[],[]
8387730,8389330,NA,OLF,0.0,192,pause,NA,NA,NA,NA,0.0,0,-42.31,-31.54,[],0,0,[],[]
8389330,8390780,NA,NOF,0.0,192,pause,NA,NA,NA,NA,0.0,0,-42.51,-27.93,[],0,0,[],[]
8390780,8391610,NA,OLN,0.0,192,pause,NA,NA,NA,NA,0.0,0,-33.66,-26.49,[],0,0,[],[]
8391610,8392530,NA,NOF,0.0,192,pause,NA,NA,NA,NA,0.0,0,-45.58,-33.12,[],0,0,[],[]
8392530,8393530,NA,FAF,0.0,192,pause,NA,NA,NA,NA,0.0,0,-47.91,-40.75,[],0,0,[],[]
8393530,8394930,NA,NOF,0.0,192,pause,NA,NA,NA,NA,0.0,0,-44.91,-38.71,[],0,0,[],[]
8394930,8395920,NA,OLF,0.0,192,pause,NA,NA,NA,NA,0.0,0,-38.27,-29.41,[],0,0,[],[]
8395920,8396770,NA,NOF,0.0,192,pause,NA,NA,NA,NA,0.0,0,-39.71,-30.09,[],0,0,[],[]
8396770,8397570,NA,OLF,0.0,192,pause,NA,NA,NA,NA,0.0,0,-36.94,-19.85,[],0,0,[],[]
8397570,8398430,NA,NOF,0.0,192,pause,NA,NA,NA,NA,0.0,0,-38.0,-27.51,[],0,0,[],[]
8398430,8399240,NA,OLN,0.0,192,pause,NA,NA,NA,NA,0.0,0,-32.21,-22.71,[],0,0,[],[]
8399240,8401050,NA,NOF,0.0,192,pause,NA,NA,NA,NA,0.0,0,-37.8,-22.05,[],0,0,[],[]
8401050,8402200,NA,OLN,0.0,192,pause,NA,NA,NA,NA,0.0,0,-35.01,-27.47,[],0,0,[],[]
8402200,8404310,NA,NOF,0.0,192,pause,NA,NA,NA,NA,0.0,0,-37.98,-29.52,[],0,0,[],[]
8404310,8405220,NA,OLF,0.0,192,pause,NA,NA,NA,NA,0.0,0,-36.92,-27.38,[],0,0,[],[]
8405220,8406030,NA,NOF,0.0,192,pause,NA,NA,NA,NA,0.0,0,-40.7,-33.43,[],0,0,[],[]
8406030,8409530,NA,OLN,0.0,192,pause,NA,NA,NA,NA,0.0,0,-30.2,-16.07,[],0,0,[],[]
8409530,8410520,NA,NOF,0.0,192,pause,NA,NA,NA,NA,0.0,0,-35.73,-23.13,[],0,0,[],[]
8410520,8411650,NA,OLN,0.0,192,pause,NA,NA,NA,NA,0.0,0,-33.95,-27.52,[],0,0,[],[]
8411650,8413010,NA,NOF,0.0,192,pause,NA,NA,NA,NA,0.0,0,-41.62,-30.99,[],0,0,[],[]
8413010,8415490,NA,OLN,0.0,192,pause,NA,NA,NA,NA,0.0,0,-35.21,-18.57,[],0,0,[],[]
8415490,8417160,NA,NOF,0.0,192,pause,NA,NA,NA,NA,0.0,0,-35.61,-21.47,[],0,0,[],[]
8417160,8418220,NA,FAF,0.0,192,pause,NA,NA,NA,NA,0.0,0,-35.85,-21.4,[],0,0,[],[]
8418220,8419360,NA,OLF,0.0,192,pause,NA,NA,NA,NA,0.0,0,-30.9,-20.61,[],0,0,[],[]
8419360,8420380,NA,MAF,0.0,192,pause,NA,NA,NA,NA,0.0,0,-30.64,-19.95,[],0,0,[],[]
8420380,8422610,NA,OLF,0.0,192,pause,NA,NA,NA,NA,0.0,0,-32.25,-19.66,[],0,0,[],[]
8422610,8423790,FEM,FAN,0.0,192,pause,NA,NA,NA,NA,0.0,0,-33.99,-25.81,[],1180,0,[],[]
8423790,8434360,NA,OLN,0.0,192,pause,NA,NA,NA,NA,0.0,0,-30.56,-10.14,[],0,0,[],[]
8434360,8435170,NA,OLF,0.0,192,pause,NA,NA,NA,NA,0.0,0,-29.78,-12.83,[],0,0,[],[]
8435170,8435990,NA,OLN,0.0,192,pause,NA,NA,NA,NA,0.0,0,-31.1,-19.91,[],0,0,[],[]
8435990,8437030,NA,NON,0.0,192,pause,NA,NA,NA,NA,0.0,0,-26.14,-14.46,[],0,0,[],[]
8437030,8439270,NA,OLN,0.0,192,pause,NA,NA,NA,NA,0.0,0,-23.79,-6.64,[],0,0,[],[]
8439270,8440810,NA,NOF,0.0,192,pause,NA,NA,NA,NA,0.0,0,-20.51,-6.39,[],0,0,[],[]
8440810,8441700,NA,OLN,0.0,192,pause,NA,NA,NA,NA,0.0,0,-20.38,-4.42,[],0,0,[],[]
8441700,8442510,NA,NON,0.0,192,pause,NA,NA,NA,NA,0.0,0,-19.11,-5.78,[],0,0,[],[]
8442510,8443950,NA,OLN,0.0,192,pause,NA,NA,NA,NA,0.0,0,-17.33,-3.67,[],0,0,[],[]
8443950,8444750,NA,OLF,0.0,192,pause,NA,NA,NA,NA,0.0,0,-37.1,-24.75,[],0,0,[],[]
8444750,8446670,NA,OLN,0.0,192,pause,NA,NA,NA,NA,0.0,0,-26.94,-8.35,[],0,0,[],[]
8446670,8448310,NA,NOF,0.0,192,pause,NA,NA,NA,NA,0.0,0,-30.33,-12.05,[],0,0,[],[]
8448310,8450830,NA,OLN,0.0,192,pause,NA,NA,NA,NA,0.0,0,-30.21,-14.47,[],0,0,[],[]
8450830,8451630,NA,NON,0.0,192,pause,NA,NA,NA,NA,0.0,0,-37.0,-30.74,[],0,0,[],[]
8451630,8461250,NA,OLN,0.0,192,pause,NA,NA,NA,NA,0.0,0,-27.4,-2.67,[],0,0,[],[]
8461250,8462740,NA,NOF,0.0,192,pause,NA,NA,NA,NA,0.0,0,-17.98,-3.23,[],0,0,[],[]
8462740,8463550,NA,OLN,0.0,192,pause,NA,NA,NA,NA,0.0,0,-17.77,-4.18,[],0,0,[],[]
8463550,8464460,NA,NON,0.0,192,pause,NA,NA,NA,NA,0.0,0,-17.26,-3.21,[],0,0,[],[]
8464460,8465320,NA,OLF,0.0,192,pause,NA,NA,NA,NA,0.0,0,-20.27,-4.29,[],0,0,[],[]
8465320,8466120,NA,NOF,0.0,192,pause,NA,NA,NA,NA,0.0,0,-17.53,-5.23,[],0,0,[],[]
8466120,8470490,NA,OLN,0.0,192,pause,NA,NA,NA,NA,0.0,0,-19.28,-3.71,[],0,0,[],[]
8470490,8471440,NA,OLF,0.0,192,pause,NA,NA,NA,NA,0.0,0,-20.48,-5.61,[],0,0,[],[]
8471440,8472310,NA,NOF,0.0,192,pause,NA,NA,NA,NA,0.0,0,-20.31,-6.72,[],0,0,[],[]
8472310,8473120,NA,OLF,0.0,192,pause,NA,NA,NA,NA,0.0,0,-21.14,-5.96,[],0,0,[],[]
8473120,8474770,NA,NOF,0.0,192,pause,NA,NA,NA,NA,0.0,0,-30.34,-12.74,[],0,0,[],[]
8474770,8475580,NA,OLF,0.0,192,pause,NA,NA,NA,NA,0.0,0,-26.51,-15.74,[],0,0,[],[]
8475580,8476390,NA,NON,0.0,192,pause,NA,NA,NA,NA,0.0,0,-40.03,-28.09,[],0,0,[],[]
8476390,8479400,NA,OLN,0.0,192,pause,NA,NA,NA,NA,0.0,0,-36.0,-24.38,[],0,0,[],[]
8479400,8481220,NA,NON,0.0,192,pause,NA,NA,NA,NA,0.0,0,-33.51,-15.5,[],0,0,[],[]
8481220,8482670,NA,OLN,0.0,192,pause,NA,NA,NA,NA,0.0,0,-35.22,-25.19,[],0,0,[],[]
8482670,8483710,NA,NON,0.0,192,pause,NA,NA,NA,NA,0.0,0,-30.48,-14.12,[],0,0,[],[]
8483710,8485910,NA,OLN,0.0,192,pause,NA,NA,NA,NA,0.0,0,-33.78,-24.36,[],0,0,[],[]
8485910,8486850,NA,NOF,0.0,192,pause,NA,NA,NA,NA,0.0,0,-37.9,-23.16,[],0,0,[],[]
8486850,8490000,NA,OLN,0.0,192,pause,NA,NA,NA,NA,0.0,0,-22.61,-5.05,[],0,0,[],[]
8490000,8490870,NA,OLF,0.0,192,pause,NA,NA,NA,NA,0.0,0,-19.31,-4.34,[],0,0,[],[]
8490870,8493510,NA,OLN,0.0,192,pause,NA,NA,NA,NA,0.0,0,-17.05,-4.08,[],0,0,[],[]
8493510,8494310,NA,NOF,0.0,192,pause,NA,NA,NA,NA,0.0,0,-43.79,-32.9,[],0,0,[],[]
8494310,8495310,FEM,FAN,1.3,192,AMF,EC,0,NT,FI,0.0,0,-23.8,-7.84,[],0,0,[],[]
8495310,8498850,NA,OLF,0.0,193,pause,NA,NA,NA,NA,0.0,0,-21.23,-4.39,[],0,0,[],[]
8498850,8499680,NA,NOF,0.0,193,pause,NA,NA,NA,NA,0.0,0,-38.45,-27.23,[],0,0,[],[]
8499680,8500840,NA,OLF,0.0,193,pause,NA,NA,NA,NA,0.0,0,-40.11,-31.34,[],0,0,[],[]
8500840,8501640,NA,NOF,0.0,193,pause,NA,NA,NA,NA,0.0,0,-40.96,-32.34,[],0,0,[],[]
8501640,8503510,NA,OLF,0.0,193,pause,NA,NA,NA,NA,0.0,0,-29.04,-11.45,[],0,0,[],[]
8503510,8506050,NA,OLN,0.0,193,pause,NA,NA,NA,NA,0.0,0,-29.47,-10.72,[],0,0,[],[]
8506050,8506880,NA,OLF,0.0,193,pause,NA,NA,NA,NA,0.0,0,-34.52,-25.15,[],0,0,[],[]
8506880,8508120,NA,OLN,0.0,193,pause,NA,NA,NA,NA,0.0,0,-29.38,-15.98,[],0,0,[],[]
8508120,8509020,NA,NOF,0.0,193,pause,NA,NA,NA,NA,0.0,0,-37.42,-25.69,[],0,0,[],[]
8509020,8521110,NA,OLN,0.0,193,pause,NA,NA,NA,NA,0.0,0,-29.52,-5.45,[],0,0,[],[]
8521110,8521970,NA,NOF,0.0,193,pause,NA,NA,NA,NA,0.0,0,-23.24,-7.91,[],0,0,[],[]
8521970,8522780,NA,OLF,0.0,193,pause,NA,NA,NA,NA,0.0,0,-18.79,-7.35,[],0,0,[],[]
8522780,8523590,NA,NOF,0.0,193,pause,NA,NA,NA,NA,0.0,0,-17.24,-4.0,[],0,0,[],[]
8523590,8528670,NA,OLN,0.0,193,pause,NA,NA,NA,NA,0.0,0,-19.8,-3.29,[],0,0,[],[]
8528670,8529470,NA,NOF,0.0,193,pause,NA,NA,NA,NA,0.0,0,-38.09,-27.91,[],0,0,[],[]
8529470,8532170,NA,OLN,0.0,193,pause,NA,NA,NA,NA,0.0,0,-34.11,-25.77,[],0,0,[],[]
8532170,8533020,NA,NOF,0.0,193,pause,NA,NA,NA,NA,0.0,0,-39.37,-28.95,[],0,0,[],[]
8533020,8534010,NA,OLN,0.0,193,pause,NA,NA,NA,NA,0.0,0,-32.89,-20.57,[],0,0,[],[]
8534010,8535060,FEM,FAN,6.24,193,AMF,EC,0,NT,FI,0.0,0,-29.89,-24.8,[],0,0,[],[]
8535060,8536840,NA,NON,0.0,194,pause,NA,NA,NA,NA,0.0,0,-36.75,-22.16,[],0,0,[],[]
8536840,8537790,NA,OLF,0.0,194,pause,NA,NA,NA,NA,0.0,0,-37.25,-24.86,[],0,0,[],[]
8537790,8538820,NA,NON,0.0,194,pause,NA,NA,NA,NA,0.0,0,-34.71,-21.45,[],0,0,[],[]
8538820,8540840,NA,OLF,0.0,194,pause,NA,NA,NA,NA,0.0,0,-33.73,-21.75,[],0,0,[],[]
8540840,8544370,NA,NOF,0.0,194,pause,NA,NA,NA,NA,0.0,0,-32.71,-17.96,[],0,0,[],[]
8544370,8547080,NA,OLF,0.0,194,pause,NA,NA,NA,NA,0.0,0,-35.69,-17.07,[],0,0,[],[]
8547080,8548610,FEM,FAN,9.23,194,AMF,EC,0,NT,FI,0.0,0,-36.84,-30.04,[],0,0,[],[]
8548610,8549410,NA,FAF,0.0,195,pause,NA,NA,NA,NA,0.0,0,-39.96,-29.97,[],0,0,[],[]
8549410,8550490,NA,OLN,0.0,195,pause,NA,NA,NA,NA,0.0,0,-29.71,-19.4,[],0,0,[],[]
8550490,8551440,NA,NOF,0.0,195,pause,NA,NA,NA,NA,0.0,0,-46.15,-33.92,[],0,0,[],[]
8551440,8552660,NA,FAF,0.0,195,pause,NA,NA,NA,NA,0.0,0,-37.42,-27.34,[],0,0,[],[]
8552660,8553540,NA,SIL,0.0,195,pause,NA,NA,NA,NA,0.0,0,-53.95,-42.83,[],0,0,[],[]
8553540,8554640,FEM,FAN,0.0,195,pause,NA,NA,NA,NA,0.0,0,-37.88,-30.94,[],1100,0,[],[]
8554640,8555440,NA,OLN,0.0,195,pause,NA,NA,NA,NA,0.0,0,-34.9,-27.4,[],0,0,[],[]
8555440,8556600,MAL,MAN,0.0,195,pause,NA,NA,NA,NA,0.0,0,-29.91,-18.52,[],1160,0,[],[]
8556600,8557470,NA,OLN,0.0,195,pause,NA,NA,NA,NA,0.0,0,-37.53,-29.18,[],0,0,[],[]
8557470,8560700,FEM,FAN,9.99,195,AMF,EC,0,NT,FI,0.0,0,-23.45,-15.81,[],0,0,[],[]
8560700,8564130,NA,OLN,0.0,196,pause,NA,NA,NA,NA,0.0,0,-29.39,-16.65,[],0,0,[],[]
8564130,8565000,NA,NOF,0.0,196,pause,NA,NA,NA,NA,0.0,0,-35.4,-19.42,[],0,0,[],[]
8565000,8565800,NA,OLF,0.0,196,pause,NA,NA,NA,NA,0.0,0,-36.8,-25.57,[],0,0,[],[]
8565800,8569320,NA,NOF,0.0,196,pause,NA,NA,NA,NA,0.0,0,-41.94,-27.35,[],0,0,[],[]
8569320,8570870,NA,OLN,0.0,196,pause,NA,NA,NA,NA,0.0,0,-35.98,-27.94,[],0,0,[],[]
8570870,8572400,NA,NOF,0.0,196,pause,NA,NA,NA,NA,0.0,0,-40.31,-27.75,[],0,0,[],[]
8572400,8573420,NA,OLN,0.0,196,pause,NA,NA,NA,NA,0.0,0,-21.05,-3.97,[],0,0,[],[]
8573420,8574540,NA,NOF,0.0,196,pause,NA,NA,NA,NA,0.0,0,-39.43,-27.98,[],0,0,[],[]
8574540,8575340,NA,OLF,0.0,196,pause,NA,NA,NA,NA,0.0,0,-36.69,-22.69,[],0,0,[],[]
8575340,8576380,NA,NOF,0.0,196,pause,NA,NA,NA,NA,0.0,0,-47.21,-39.64,[],0,0,[],[]
8576380,8577380,FEM,FAN,9.62,196,AMF,BC,0,NT,FI,0.0,0,-35.48,-28.87,[],0,0,[],[]
8577380,8580350,NA,OLN,0.0,196,AMF,NA,NA,NA,NA,0.0,0,-17.74,-3.75,[],0,0,[],[]
8580350,8581350,FEM,FAN,1.36,196,AMF,RC,0,NT,FH,0.0,0,-30.75,-18.28,[],0,0,[],[]
8581350,8582270,NA,OLN,0.0,196,AMF,NA,NA,NA,NA,0.0,0,-19.62,-7.64,[],0,0,[],[]
8582270,8583070,NA,NOF,0.0,196,AMF,NA,NA,NA,NA,0.0,0,-25.16,-12.05,[],0,0,[],[]
8583070,8583870,NA,OLF,0.0,196,AMF,NA,NA,NA,NA,0.0,0,-36.09,-29.15,[],0,0,[],[]
8583870,8584870,FEM,FAN,3.33,196,AMF,RC,0,NT,FH,0.0,0,-30.96,-23.82,[],0,0,[],[]
8584870,8586410,NA,NOF,0.0,196,AMF,NA,NA,NA,NA,0.0,0,-22.73,-9.77,[],0,0,[],[]
8586410,8587410,MAL,MAN,1.97,196,AMF,RC,0,NT,FI,0.0,0,-36.43,-23.92,[],0,0,[],[]
8587410,8588210,NA,OLN,0.0,196,AMF,NA,NA,NA,NA,0.0,0,-27.76,-11.56,[],0,0,[],[]
8588210,8589280,MAL,MAN,10.92,196,AMF,RC,0,NT,FH,0.0,0,-31.02,-19.71,[],0,0,[],[]
8589280,8590080,NA,NOF,0.0,196,AMF,NA,NA,NA,NA,0.0,0,-27.7,-12.14,[],0,0,[],[]
8590080,8592910,MAL,MAN,8.04,196,AMF,RC,0,NT,FH,0.0,0,-30.25,-14.41,[],0,0,[],[]
8592910,8594100,NA,NOF,0.0,196,AMF,NA,NA,NA,NA,0.0,0,-18.12,-4.14,[],0,0,[],[]
8594100,8596920,MAL,MAN,6.62,196,AMF,RC,0,NT,FH,0.0,0,-26.05,-6.57,[],0,0,[],[]
8596920,8597920,NA,OLF,0.0,196,AMF,NA,NA,NA,NA,0.0,0,-19.88,-6.66,[],0,0,[],[]
8597920,8599030,MAL,MAN,8.13,196,AMF,RC,0,NT,FH,0.0,0,-33.25,-26.26,[],0,0,[],[]
8599030,8599830,NA,OLF,0.0,196,AMF,NA,NA,NA,NA,0.0,0,-33.27,-17.62,[],0,0,[],[]
8599830,8604940,MAL,MAN,14.71,196,AMF,EC,0,NT,FH,0.0,0,-19.94,-3.18,[],0,0,[],[]
8604940,8606050,NA,OLF,0.0,197,pause,NA,NA,NA,NA,0.0,0,-33.25,-17.51,[],0,0,[],[]
8606050,8606870,NA,OLN,0.0,197,pause,NA,NA,NA,NA,0.0,0,-22.06,-5.67,[],0,0,[],[]
8606870,8611350,NA,MAF,0.0,197,pause,NA,NA,NA,NA,0.0,0,-24.69,-7.27,[],0,0,[],[]
8611350,8613200,NA,OLF,0.0,197,pause,NA,NA,NA,NA,0.0,0,-19.13,-4.94,[],0,0,[],[]
8613200,8614260,NA,SIL,0.0,197,pause,NA,NA,NA,NA,0.0,0,-43.84,-38.18,[],0,0,[],[]
8614260,8614860,OCH,CXN,0.0,197,XIOCA,BC,0,NT,FI,0.0,0,-27.66,-20.93,[],0,0,[],[]
8614860,8615860,MAL,MAN,7.18,197,XIOCA,RC,0,NT,FI,0.0,0,-39.1,-31.77,[],0,0,[],[]
8615860,8617070,NA,SIL,0.0,197,XIOCA,NA,NA,NA,NA,0.0,0,-45.17,-38.62,[],0,0,[],[]
8617070,8617870,NA,OLN,0.0,197,XIOCA,NA,NA,NA,NA,0.0,0,-31.11,-25.18,[],0,0,[],[]
8617870,8618940,MAL,MAN,5.07,197,XIOCA,EC,0,NT,FH,0.0,0,-27.34,-15.78,[],0,0,[],[]
8618940,8620030,NA,TVN,0.0,198,pause,NA,NA,NA,NA,0.0,0,-38.75,-33.22,[],0,0,[],[]
8620030,8621220,NA,SIL,0.0,198,pause,NA,NA,NA,NA,0.0,0,-46.13,-36.18,[],0,0,[],[]
8621220,8622230,NA,MAF,0.0,198,pause,NA,NA,NA,NA,0.0,0,-35.79,-26.14,[],0,0,[],[]
8622230,8623030,NA,SIL,0.0,198,pause,NA,NA,NA,NA,0.0,0,-46.24,-41.76,[],0,0,[],[]
8623030,8624040,NA,MAF,0.0,198,pause,NA,NA,NA,NA,0.0,0,-42.42,-32.88,[],0,0,[],[]
8624040,8625190,NA,TVF,0.0,198,pause,NA,NA,NA,NA,0.0,0,-44.85,-38.21,[],0,0,[],[]
8625190,8626450,NA,MAF,0.0,198,pause,NA,NA,NA,NA,0.0,0,-36.0,-27.22,[],0,0,[],[]
8626450,8627660,NA,OLF,0.0,198,pause,NA,NA,NA,NA,0.0,0,-34.34,-25.41,[],0,0,[],[]
8627660,8628750,NA,NOF,0.0,198,pause,NA,NA,NA,NA,0.0,0,-33.19,-17.77,[],0,0,[],[]
8628750,8629740,NA,OLF,0.0,198,pause,NA,NA,NA,NA,0.0,0,-38.49,-29.48,[],0,0,[],[]
8629740,8630540,NA,SIL,0.0,198,pause,NA,NA,NA,NA,0.0,0,-44.9,-39.06,[],0,0,[],[]
8630540,8632490,NA,NOF,0.0,198,pause,NA,NA,NA,NA,0.0,0,-42.85,-34.85,[],0,0,[],[]
8632490,8633290,NA,OLF,0.0,198,pause,NA,NA,NA,NA,0.0,0,-39.22,-26.55,[],0,0,[],[]
8633290,8635290,NA,MAF,0.0,198,pause,NA,NA,NA,NA,0.0,0,-43.19,-26.78,[],0,0,[],[]
8635290,8636560,NA,TVF,0.0,198,pause,NA,NA,NA,NA,0.0,0,-45.11,-39.71,[],0,0,[],[]
8636560,8637690,NA,MAF,0.0,198,pause,NA,NA,NA,NA,0.0,0,-44.27,-34.91,[],0,0,[],[]
8637690,8639150,NA,TVF,0.0,198,pause,NA,NA,NA,NA,0.0,0,-46.44,-40.49,[],0,0,[],[]
8639150,8640150,NA,MAF,0.0,198,pause,NA,NA,NA,NA,0.0,0,-41.39,-27.44,[],0,0,[],[]
8640150,8641280,NA,OLF,0.0,198,pause,NA,NA,NA,NA,0.0,0,-33.02,-21.36,[],0,0,[],[]
8641280,8642090,NA,NOF,0.0,198,pause,NA,NA,NA,NA,0.0,0,-34.27,-28.48,[],0,0,[],[]
8642090,8643060,NA,OLF,0.0,198,pause,NA,NA,NA,NA,0.0,0,-35.29,-27.87,[],0,0,[],[]
8643060,8644550,NA,NON,0.0,198,pause,NA,NA,NA,NA,0.0,0,-32.35,-19.59,[],0,0,[],[]
8644550,8645660,NA,OLF,0.0,198,pause,NA,NA,NA,NA,0.0,0,-41.29,-30.03,[],0,0,[],[]
8645660,8646660,NA,TVF,0.0,198,pause,NA,NA,NA,NA,0.0,0,-44.06,-38.17,[],0,0,[],[]
8646660,8647490,NA,SIL,0.0,198,pause,NA,NA,NA,NA,0.0,0,-46.44,-40.24,[],0,0,[],[]
8647490,8650070,NA,TVF,0.0,198,pause,NA,NA,NA,NA,0.0,0,-42.39,-34.54,[],0,0,[],[]
8650070,8650870,NA,SIL,0.0,198,pause,NA,NA,NA,NA,0.0,0,-43.72,-37.79,[],0,0,[],[]
8650870,8653700,NA,MAF,0.0,198,pause,NA,NA,NA,NA,0.0,0,-39.73,-24.48,[],0,0,[],[]
8653700,8654650,NA,SIL,0.0,198,pause,NA,NA,NA,NA,0.0,0,-47.29,-44.12,[],0,0,[],[]
8654650,8656560,NA,TVF,0.0,198,pause,NA,NA,NA,NA,0.0,0,-46.32,-41.83,[],0,0,[],[]
8656560,8658170,NA,SIL,0.0,198,pause,NA,NA,NA,NA,0.0,0,-43.53,-38.05,[],0,0,[],[]
8658170,8659650,NA,MAF,0.0,198,pause,NA,NA,NA,NA,0.0,0,-44.7,-40.92,[],0,0,[],[]
8659650,8661830,NA,SIL,0.0,198,pause,NA,NA,NA,NA,0.0,0,-46.71,-40.47,[],0,0,[],[]
8661830,8663260,NA,TVF,0.0,198,pause,NA,NA,NA,NA,0.0,0,-46.19,-40.85,[],0,0,[],[]
8663260,8666190,NA,MAF,0.0,198,pause,NA,NA,NA,NA,0.0,0,-41.4,-35.64,[],0,0,[],[]
8666190,8668360,NA,OLF,0.0,198,pause,NA,NA,NA,NA,0.0,0,-39.53,-31.16,[],0,0,[],[]
8668360,8669620,NA,NOF,0.0,198,pause,NA,NA,NA,NA,0.0,0,-40.78,-28.02,[],0,0,[],[]
8669620,8675160,NA,MAF,0.0,198,pause,NA,NA,NA,NA,0.0,0,-39.2,-21.6,[],0,0,[],[]
8675160,8675970,NA,SIL,0.0,198,pause,NA,NA,NA,NA,0.0,0,-45.91,-36.81,[],0,0,[],[]
8675970,8677430,NA,MAF,0.0,198,pause,NA,NA,NA,NA,0.0,0,-38.22,-24.25,[],0,0,[],[]
8677430,8678230,NA,SIL,0.0,198,pause,NA,NA,NA,NA,0.0,0,-48.15,-45.1,[],0,0,[],[]
8678230,8679490,NA,TVF,0.0,198,pause,NA,NA,NA,NA,0.0,0,-40.48,-28.05,[],0,0,[],[]
8679490,8680900,NA,SIL,0.0,198,pause,NA,NA,NA,NA,0.0,0,-44.63,-36.62,[],0,0,[],[]
8680900,8682450,NA,TVF,0.0,198,pause,NA,NA,NA,NA,0.0,0,-42.92,-33.48,[],0,0,[],[]
8682450,8683460,NA,FAF,0.0,198,pause,NA,NA,NA,NA,0.0,0,-41.53,-30.24,[],0,0,[],[]
8683460,8684350,NA,SIL,0.0,198,pause,NA,NA,NA,NA,0.0,0,-46.88,-42.89,[],0,0,[],[]
8684350,8685880,NA,TVF,0.0,198,pause,NA,NA,NA,NA,0.0,0,-41.0,-32.67,[],0,0,[],[]
8685880,8687090,NA,OLN,0.0,198,pause,NA,NA,NA,NA,0.0,0,-26.4,-12.5,[],0,0,[],[]
8687090,8687890,NA,NOF,0.0,198,pause,NA,NA,NA,NA,0.0,0,-35.41,-26.33,[],0,0,[],[]
8687890,8689660,NA,OLF,0.0,198,pause,NA,NA,NA,NA,0.0,0,-38.45,-28.38,[],0,0,[],[]
8689660,8691540,NA,FAF,0.0,198,pause,NA,NA,NA,NA,0.0,0,-39.22,-31.37,[],0,0,[],[]
8691540,8692580,NA,NOF,0.0,198,pause,NA,NA,NA,NA,0.0,0,-44.42,-33.37,[],0,0,[],[]
8692580,8693670,NA,TVF,0.0,198,pause,NA,NA,NA,NA,0.0,0,-41.15,-32.46,[],0,0,[],[]
8693670,8695540,NA,SIL,0.0,198,pause,NA,NA,NA,NA,0.0,0,-47.32,-40.9,[],0,0,[],[]
8695540,8696600,NA,NOF,0.0,198,pause,NA,NA,NA,NA,0.0,0,-47.95,-42.36,[],0,0,[],[]
8696600,8698650,NA,SIL,0.0,198,pause,NA,NA,NA,NA,0.0,0,-49.88,-42.14,[],0,0,[],[]
8698650,8700450,NA,NOF,0.0,198,pause,NA,NA,NA,NA,0.0,0,-47.17,-37.46,[],0,0,[],[]
8700450,8701520,NA,OLF,0.0,198,pause,NA,NA,NA,NA,0.0,0,-42.83,-35.59,[],0,0,[],[]
8701520,8703160,FEM,FAN,5.91,198,AMF,BC,0,NT,FI,0.0,0,-36.91,-28.23,[],0,0,[],[]
8703160,8704690,NA,OLF,0.0,198,AMF,NA,NA,NA,NA,0.0,0,-40.58,-31.03,[],0,0,[],[]
8704690,8707170,NA,TVF,0.0,198,AMF,NA,NA,NA,NA,0.0,0,-39.81,-26.44,[],0,0,[],[]
8707170,8709130,FEM,FAN,7.33,198,AMF,EC,0,NT,FH,0.0,0,-36.83,-26.18,[],0,0,[],[]
8709130,8710160,NA,NOF,0.0,199,pause,NA,NA,NA,NA,0.0,0,-48.25,-43.37,[],0,0,[],[]
8710160,8711220,NA,SIL,0.0,199,pause,NA,NA,NA,NA,0.0,0,-48.53,-43.76,[],0,0,[],[]
8711220,8712020,NA,OLF,0.0,199,pause,NA,NA,NA,NA,0.0,0,-45.12,-41.7,[],0,0,[],[]
8712020,8712960,NA,NOF,0.0,199,pause,NA,NA,NA,NA,0.0,0,-49.33,-42.93,[],0,0,[],[]
8712960,8714760,NA,SIL,0.0,199,pause,NA,NA,NA,NA,0.0,0,-49.76,-46.06,[],0,0,[],[]
8714760,8716150,FEM,FAN,1.68,199,AMF,BC,0,NT,FI,0.0,0,-38.62,-32.56,[],0,0,[],[]
8716150,8717270,NA,NOF,0.0,199,AMF,NA,NA,NA,NA,0.0,0,-45.36,-37.99,[],0,0,[],[]
8717270,8718700,FEM,FAN,4.22,199,AMF,RC,0,NT,FH,0.0,0,-28.02,-19.79,[],0,0,[],[]
8718700,8719500,NA,OLF,0.0,199,AMF,NA,NA,NA,NA,0.0,0,-39.69,-32.06,[],0,0,[],[]
8719500,8720580,NA,MAF,0.0,199,AMF,NA,NA,NA,NA,0.0,0,-34.25,-25.23,[],0,0,[],[]
8720580,8721180,FEM,FAN,4.52,199,AMF,EC,0,NT,FH,0.0,0,-22.64,-14.52,[],0,0,[],[]
8721180,8722240,NA,NOF,0.0,200,pause,NA,NA,NA,NA,0.0,0,-45.24,-31.58,[],0,0,[],[]
8722240,8723350,NA,SIL,0.0,200,pause,NA,NA,NA,NA,0.0,0,-49.66,-43.76,[],0,0,[],[]
8723350,8724200,NA,NOF,0.0,200,pause,NA,NA,NA,NA,0.0,0,-47.07,-35.32,[],0,0,[],[]
8724200,8725380,NA,SIL,0.0,200,pause,NA,NA,NA,NA,0.0,0,-51.01,-46.71,[],0,0,[],[]
8725380,8727770,NA,NOF,0.0,200,pause,NA,NA,NA,NA,0.0,0,-20.14,-2.41,[],0,0,[],[]
8727770,8729310,NA,SIL,0.0,200,pause,NA,NA,NA,NA,0.0,0,-46.8,-43.8,[],0,0,[],[]
8729310,8731340,NA,NOF,0.0,200,pause,NA,NA,NA,NA,0.0,0,-22.28,-5.02,[],0,0,[],[]
8731340,8731940,FEM,FAN,1.08,200,AMF,BC,0,NT,FI,0.0,0,-38.18,-30.02,[],0,0,[],[]
8731940,8732920,NA,NOF,0.0,200,AMF,NA,NA,NA,NA,0.0,0,-45.02,-39.91,[],0,0,[],[]
8732920,8733920,NA,SIL,0.0,200,AMF,NA,NA,NA,NA,0.0,0,-46.39,-42.93,[],0,0,[],[]
8733920,8734920,MAL,MAN,5.19,200,AMF,EC,0,NT,FI,0.0,0,-23.75,-5.54,[],0,0,[],[]
8734920,8735720,NA,NOF,0.0,201,pause,NA,NA,NA,NA,0.0,0,-47.32,-42.93,[],0,0,[],[]
8735720,8737020,NA,SIL,0.0,201,pause,NA,NA,NA,NA,0.0,0,-48.19,-42.65,[],0,0,[],[]
8737020,8738190,NA,NOF,0.0,201,pause,NA,NA,NA,NA,0.0,0,-46.98,-36.97,[],0,0,[],[]
8738190,8739260,NA,SIL,0.0,201,pause,NA,NA,NA,NA,0.0,0,-49.84,-41.57,[],0,0,[],[]
8739260,8740100,NA,NOF,0.0,201,pause,NA,NA,NA,NA,0.0,0,-48.67,-44.34,[],0,0,[],[]
8740100,8741110,FEM,FAN,5.38,201,AICF,BC,0,NT,FI,0.0,0,-32.29,-20.15,[],0,0,[],[]
8741110,8742810,NA,NOF,0.0,201,AICF,NA,NA,NA,NA,0.0,0,-43.98,-33.49,[],0,0,[],[]
8742810,8744730,FEM,FAN,5.87,201,AICF,RC,0,NT,FH,0.0,0,-34.55,-26.56,[],0,0,[],[]
8744730,8746430,NA,NOF,0.0,201,AICF,NA,NA,NA,NA,0.0,0,-42.66,-34.33,[],0,0,[],[]
8746430,8748280,FEM,FAN,0.96,201,AICF,RC,0,TIFI,FH,0.0,0,-30.13,-19.7,[],0,0,[],[]
8748280,8749560,NA,NOF,0.0,201,AICF,NA,NA,NA,NA,0.0,0,-47.56,-39.32,[],0,0,[],[]
8749560,8750160,CHI,CHN,0.0,201,AICF,RC,1,TIFR,FI,1.0,200,-36.6,-27.59,"[{'Canonical-syllable': '0', 'Growl': '1', 'High-freq-energy': '0', 'Long-island': '0', 'Low-tilt-spectrum': '0', 'Medium-island': '0', 'Short-island': '1', 'Squeal': '0', 'Typical-entropy': '1', 'Voicing-quality': '1', 'Wide-band': '0', 'Xlong-island': '0', 'seq': '1', 'end': 8750.16, 'start': 8749.96}]",0,0,[],[]
8750160,8752480,NA,NOF,0.0,201,AICF,NA,NA,NA,NA,0.0,0,-45.43,-31.52,[],0,0,[],[]
8752480,8753480,FEM,FAN,11.56,201,AICF,EC,1,TIFE,FI,0.0,0,-33.01,-26.62,[],0,0,[],[]
8753480,8754280,NA,NOF,0.0,202,pause,NA,NA,NA,NA,0.0,0,-26.09,-13.69,[],0,0,[],[]
8754280,8755080,NA,OLN,0.0,202,pause,NA,NA,NA,NA,0.0,0,-36.53,-28.42,[],0,0,[],[]
8755080,8756100,NA,NOF,0.0,202,pause,NA,NA,NA,NA,0.0,0,-40.1,-28.81,[],0,0,[],[]
8756100,8756910,NA,OLF,0.0,202,pause,NA,NA,NA,NA,0.0,0,-42.13,-33.85,[],0,0,[],[]
8756910,8759800,NA,NOF,0.0,202,pause,NA,NA,NA,NA,0.0,0,-41.45,-29.8,[],0,0,[],[]
8759800,8760800,NA,MAF,0.0,202,pause,NA,NA,NA,NA,0.0,0,-40.75,-29.96,[],0,0,[],[]
8760800,8761800,FEM,FAN,3.41,202,AICF,BC,0,NT,FI,0.0,0,-37.68,-29.34,[],0,0,[],[]
8761800,8762600,NA,NOF,0.0,202,AICF,NA,NA,NA,NA,0.0,0,-45.68,-36.22,[],0,0,[],[]
8762600,8763410,NA,OLN,0.0,202,AICF,NA,NA,NA,NA,0.0,0,-36.14,-22.19,[],0,0,[],[]
8763410,8766030,FEM,FAN,11.7,202,AICF,RC,0,NT,FH,0.0,0,-26.0,-18.78,[],0,0,[],[]
8766030,8767810,MAL,MAN,6.37,202,AICF,RC,0,NT,FI,0.0,0,-29.43,-20.93,[],0,0,[],[]
8767810,8768640,NA,OLF,0.0,202,AICF,NA,NA,NA,NA,0.0,0,-40.09,-30.15,[],0,0,[],[]
8768640,8769440,NA,SIL,0.0,202,AICF,NA,NA,NA,NA,0.0,0,-47.36,-38.38,[],0,0,[],[]
8769440,8771100,MAL,MAN,6.45,202,AICF,RC,0,NT,FH,0.0,0,-26.59,-15.59,[],0,0,[],[]
8771100,8772100,FEM,FAN,1.15,202,AICF,RC,0,NT,FI,0.0,0,-20.57,-11.72,[],0,0,[],[]
8772100,8773210,MAL,MAN,5.65,202,AICF,RC,0,NT,FI,0.0,0,-27.68,-17.38,[],0,0,[],[]
8773210,8774930,FEM,FAN,6.93,202,AICF,RC,0,NT,FI,0.0,0,-22.2,-13.54,[],0,0,[],[]
8774930,8776000,MAL,MAN,4.41,202,AICF,RC,0,NT,FI,0.0,0,-33.98,-21.54,[],0,0,[],[]
8776000,8776810,NA,NOF,0.0,202,AICF,NA,NA,NA,NA,0.0,0,-41.83,-31.47,[],0,0,[],[]
8776810,8778030,FEM,FAN,0.0,202,AICF,NA,NA,NA,NA,0.0,0,-27.14,-22.84,[],1220,0,[],[]
8778030,8779080,MAL,MAN,4.55,202,AICF,RC,0,NT,FH,0.0,0,-24.45,-19.46,[],0,0,[],[]
8779080,8782210,FEM,FAN,5.35,202,AICF,RC,0,NT,FI,0.0,0,-30.33,-21.84,[],0,0,[],[]
8782210,8784190,MAL,MAN,7.74,202,AICF,RC,0,NT,FI,0.0,0,-32.91,-25.08,[],0,0,[],[]
8784190,8790150,FEM,FAN,19.49,202,AICF,RC,0,NT,FI,0.0,0,-24.95,-10.41,[],0,0,[],[]
8790150,8791640,NA,SIL,0.0,202,AICF,NA,NA,NA,NA,0.0,0,-49.37,-38.81,[],0,0,[],[]
8791640,8792750,MAL,MAN,2.53,202,AICF,RC,0,NT,FI,0.0,0,-29.25,-19.31,[],0,0,[],[]
8792750,8793870,NA,OLN,0.0,202,AICF,NA,NA,NA,NA,0.0,0,-23.89,-6.89,[],0,0,[],[]
8793870,8794990,FEM,FAN,6.34,202,AICF,RC,0,NT,FI,0.0,0,-31.44,-23.46,[],0,0,[],[]
8794990,8795790,NA,OLF,0.0,202,AICF,NA,NA,NA,NA,0.0,0,-36.65,-23.65,[],0,0,[],[]
8795790,8796930,FEM,FAN,0.0,202,AICF,NA,NA,NA,NA,0.0,0,-31.45,-21.93,[],1140,0,[],[]
8796930,8798040,MAL,MAN,6.34,202,AICF,RC,0,NT,FI,0.0,0,-29.46,-23.71,[],0,0,[],[]
8798040,8799430,FEM,FAN,1.38,202,AICF,RC,0,NT,FI,0.0,0,-30.21,-20.95,[],0,0,[],[]
8799430,8800430,MAL,MAN,5.27,202,AICF,RC,0,NT,FI,0.0,0,-26.23,-17.97,[],0,0,[],[]
8800430,8801770,NA,FAF,0.0,202,AICF,NA,NA,NA,NA,0.0,0,-32.44,-25.31,[],0,0,[],[]
8801770,8802370,FEM,FAN,8.36,202,AICF,RC,0,NT,FI,0.0,0,-27.03,-20.85,[],0,0,[],[]
8802370,8803170,NA,OLN,0.0,202,AICF,NA,NA,NA,NA,0.0,0,-24.03,-17.66,[],0,0,[],[]
8803170,8805410,MAL,MAN,6.53,202,AICF,RC,0,NT,FI,0.0,0,-30.04,-21.98,[],0,0,[],[]
8805410,8806210,NA,NOF,0.0,202,AICF,NA,NA,NA,NA,0.0,0,-48.25,-43.31,[],0,0,[],[]
8806210,8807750,MAL,MAN,5.97,202,AICF,RC,0,NT,FH,0.0,0,-32.95,-16.01,[],0,0,[],[]
8807750,8808900,FEM,FAN,5.84,202,AICF,RC,0,NT,FI,0.0,0,-37.63,-30.19,[],0,0,[],[]
8808900,8810280,NA,NOF,0.0,202,AICF,NA,NA,NA,NA,0.0,0,-48.3,-40.93,[],0,0,[],[]
8810280,8811600,MAL,MAN,6.3,202,AICF,RC,0,NT,FI,0.0,0,-35.9,-26.3,[],0,0,[],[]
8811600,8812400,NA,FAF,0.0,202,AICF,NA,NA,NA,NA,0.0,0,-26.48,-10.32,[],0,0,[],[]
8812400,8813460,NA,OLF,0.0,202,AICF,NA,NA,NA,NA,0.0,0,-45.22,-40.7,[],0,0,[],[]
8813460,8814460,FEM,FAN,4.75,202,AICF,RC,0,NT,FI,0.0,0,-31.79,-18.68,[],0,0,[],[]
8814460,8815290,NA,OLN,0.0,202,AICF,NA,NA,NA,NA,0.0,0,-14.96,-4.23,[],0,0,[],[]
8815290,8816330,FEM,FAN,6.22,202,AICF,RC,0,NT,FH,0.0,0,-31.83,-23.04,[],0,0,[],[]
8816330,8818150,MAL,MAN,0.92,202,AICF,RC,0,NT,FI,0.0,0,-33.01,-18.17,[],0,0,[],[]
8818150,8819250,FEM,FAN,7.07,202,AICF,RC,0,NT,FI,0.0,0,-27.46,-21.36,[],0,0,[],[]
8819250,8820070,NA,OLN,0.0,202,AICF,NA,NA,NA,NA,0.0,0,-27.54,-19.24,[],0,0,[],[]
8820070,8821090,FEM,FAN,5.53,202,AICF,RC,0,NT,FH,0.0,0,-33.4,-21.62,[],0,0,[],[]
8821090,8821890,NA,OLN,0.0,202,AICF,NA,NA,NA,NA,0.0,0,-38.09,-31.6,[],0,0,[],[]
8821890,8825770,FEM,FAN,16.03,202,AICF,RC,0,NT,FH,0.0,0,-29.46,-19.17,[],0,0,[],[]
8825770,8826570,NA,NOF,0.0,202,AICF,NA,NA,NA,NA,0.0,0,-48.48,-44.31,[],0,0,[],[]
8826570,8829030,FEM,FAN,6.65,202,AICF,RC,0,NT,FH,0.0,0,-31.02,-21.87,[],0,0,[],[]
8829030,8829640,FEM,FAN,5.87,202,AICF,RC,0,NT,FH,0.0,0,-28.75,-23.74,[],0,0,[],[]
8829640,8831660,FEM,FAN,7.32,202,AICF,RC,0,TIFI,FH,0.0,0,-30.52,-23.34,[],0,0,[],[]
8831660,8832460,NA,NOF,0.0,202,AICF,NA,NA,NA,NA,0.0,0,-19.25,-3.67,[],0,0,[],[]
8832460,8833470,CHI,CHN,0.0,202,AICF,RC,1,TIFR,FI,1.0,870,-18.21,-5.41,"[{'Canonical-syllable': '0', 'Growl': '0', 'High-freq-energy': '0', 'Long-island': '1', 'Low-tilt-spectrum': '0', 'Medium-island': '0', 'Short-island': '0', 'Squeal': '0', 'Typical-entropy': '1', 'Voicing-quality': '1', 'Wide-band': '0', 'Xlong-island': '0', 'seq': '1', 'end': 8833.33, 'start': 8832.69}]",0,0,[],[]
8833470,8834130,NA,OLN,0.0,202,AICF,NA,NA,NA,NA,0.0,0,-27.17,-20.61,[],0,0,[],[]
8834130,8835150,FEM,FAN,3.27,202,AICF,RC,1,TIFE,FI,0.0,0,-16.36,-1.16,[],0,0,[],[]
8835150,8836260,NA,OLF,0.0,202,AICF,NA,NA,NA,NA,0.0,0,-26.76,-6.55,[],0,0,[],[]
8836260,8837390,MAL,MAN,4.2,202,AICF,RC,1,NT,FI,0.0,0,-17.92,-5.23,[],0,0,[],[]
8837390,8838870,NA,OLN,0.0,202,AICF,NA,NA,NA,NA,0.0,0,-22.06,-10.75,[],0,0,[],[]
8838870,8841940,FEM,FAN,13.76,202,AICF,RC,1,NT,FI,0.0,0,-28.81,-17.35,[],0,0,[],[]
8841940,8842740,NA,OLF,0.0,202,AICF,NA,NA,NA,NA,0.0,0,-20.37,-1.89,[],0,0,[],[]
8842740,8843550,NA,NOF,0.0,202,AICF,NA,NA,NA,NA,0.0,0,-39.24,-29.01,[],0,0,[],[]
8843550,8845230,NA,OLN,0.0,202,AICF,NA,NA,NA,NA,0.0,0,-22.26,-9.23,[],0,0,[],[]
8845230,8846970,FEM,FAN,7.2,202,AICF,RC,1,NT,FH,0.0,0,-30.12,-23.94,[],0,0,[],[]
8846970,8847970,MAL,MAN,6.17,202,AICF,RC,1,NT,FI,0.0,0,-34.94,-30.02,[],0,0,[],[]
8847970,8849260,FEM,FAN,5.44,202,AICF,RC,1,NT,FI,0.0,0,-29.81,-24.43,[],0,0,[],[]
8849260,8850260,MAL,MAN,6.03,202,AICF,RC,1,NT,FI,0.0,0,-37.73,-29.09,[],0,0,[],[]
8850260,8851260,FEM,FAN,4.62,202,AICF,RC,1,NT,FI,0.0,0,-34.05,-26.02,[],0,0,[],[]
8851260,8852060,NA,MAF,0.0,202,AICF,NA,NA,NA,NA,0.0,0,-44.79,-36.96,[],0,0,[],[]
8852060,8853070,MAL,MAN,4.41,202,AICF,RC,1,NT,FI,0.0,0,-17.55,-4.67,[],0,0,[],[]
8853070,8854690,FEM,FAN,5.84,202,AICF,RC,1,NT,FI,0.0,0,-35.78,-28.88,[],0,0,[],[]
8854690,8855550,NA,SIL,0.0,202,AICF,NA,NA,NA,NA,0.0,0,-45.28,-41.37,[],0,0,[],[]
8855550,8856550,MAL,MAN,7.69,202,AICF,EC,1,NT,FI,0.0,0,-35.46,-28.9,[],0,0,[],[]
8856550,8857760,NA,OLF,0.0,203,pause,NA,NA,NA,NA,0.0,0,-35.22,-23.41,[],0,0,[],[]
8857760,8858760,NA,FAF,0.0,203,pause,NA,NA,NA,NA,0.0,0,-36.53,-30.75,[],0,0,[],[]
8858760,8859820,NA,MAF,0.0,203,pause,NA,NA,NA,NA,0.0,0,-36.21,-29.38,[],0,0,[],[]
8859820,8861150,NA,NOF,0.0,203,pause,NA,NA,NA,NA,0.0,0,-39.52,-27.81,[],0,0,[],[]
8861150,8862890,NA,OLN,0.0,203,pause,NA,NA,NA,NA,0.0,0,-35.23,-26.47,[],0,0,[],[]
8862890,8863910,NA,NOF,0.0,203,pause,NA,NA,NA,NA,0.0,0,-41.34,-32.51,[],0,0,[],[]
8863910,8864850,NA,OLF,0.0,203,pause,NA,NA,NA,NA,0.0,0,-34.21,-24.1,[],0,0,[],[]
8864850,8865960,FEM,FAN,5.56,203,AICF,BC,0,NT,FI,0.0,0,-31.05,-22.96,[],0,0,[],[]
8865960,8868000,NA,OLN,0.0,203,AICF,NA,NA,NA,NA,0.0,0,-30.14,-17.06,[],0,0,[],[]
8868000,8869000,FEM,FAN,2.09,203,AICF,RC,0,NT,FH,0.0,0,-29.31,-21.7,[],0,0,[],[]
8869000,8870370,NA,OLN,0.0,203,AICF,NA,NA,NA,NA,0.0,0,-29.59,-21.39,[],0,0,[],[]
8870370,8871380,FEM,FAN,11.02,203,AICF,RC,0,NT,FH,0.0,0,-38.99,-30.56,[],0,0,[],[]
8871380,8872590,NA,NOF,0.0,203,AICF,NA,NA,NA,NA,0.0,0,-47.4,-37.09,[],0,0,[],[]
8872590,8873410,NA,SIL,0.0,203,AICF,NA,NA,NA,NA,0.0,0,-50.37,-44.53,[],0,0,[],[]
8873410,8874230,NA,NOF,0.0,203,AICF,NA,NA,NA,NA,0.0,0,-47.78,-44.32,[],0,0,[],[]
8874230,8875240,FEM,FAN,4.18,203,AICF,RC,0,NT,FH,0.0,0,-28.81,-18.6,[],0,0,[],[]
8875240,8876240,MAL,MAN,2.17,203,AICF,RC,0,NT,FI,0.0,0,-31.81,-24.93,[],0,0,[],[]
8876240,8877470,NA,OLF,0.0,203,AICF,NA,NA,NA,NA,0.0,0,-36.51,-25.21,[],0,0,[],[]
8877470,8879030,FEM,FAN,2.12,203,AICF,RC,0,TIFI,FI,0.0,0,-32.45,-24.55,[],0,0,[],[]
8879030,8880420,NA,OLN,0.0,203,AICF,NA,NA,NA,NA,0.0,0,-34.27,-27.7,[],0,0,[],[]
8880420,8881300,NA,NOF,0.0,203,AICF,NA,NA,NA,NA,0.0,0,-44.61,-38.63,[],0,0,[],[]
8881300,8882300,CHI,CHN,0.0,203,AICF,RC,1,TIFR,FI,1.0,1000,-20.65,-12.9,"[{'Canonical-syllable': '1', 'Growl': '1', 'High-freq-energy': '0', 'Long-island': '0', 'Low-tilt-spectrum': '1', 'Medium-island': '0', 'Short-island': '3', 'Squeal': '0', 'Typical-entropy': '1', 'Voicing-quality': '2', 'Wide-band': '0', 'Xlong-island': '0', 'seq': '1', 'end': 8882.3, 'start': 8881.38}]",0,0,[],[]
8882300,8883100,NA,OLF,0.0,203,AICF,NA,NA,NA,NA,0.0,0,-19.77,-6.49,[],0,0,[],[]
8883100,8883700,OCH,CXN,0.0,203,AICF,RC,1,NT,FI,0.0,0,-21.52,-14.53,[],0,0,[],[]
8883700,8884890,NA,OLN,0.0,203,AICF,NA,NA,NA,NA,0.0,0,-24.52,-11.29,[],0,0,[],[]
8884890,8886170,FEM,FAN,15.53,203,AICF,RC,1,NT,FI,0.0,0,-22.59,-7.01,[],0,0,[],[]
8886170,8886980,NA,OLF,0.0,203,AICF,NA,NA,NA,NA,0.0,0,-36.32,-24.31,[],0,0,[],[]
8886980,8887980,FEM,FAN,0.94,203,AICF,RC,1,NT,FH,0.0,0,-22.22,-11.51,[],0,0,[],[]
8887980,8888730,FEM,FAN,1.58,203,AICF,RC,1,NT,FH,0.0,0,-29.58,-21.16,[],0,0,[],[]
8888730,8891170,FEM,FAN,8.95,203,AICF,RC,1,NT,FH,0.0,0,-24.42,-11.41,[],0,0,[],[]
8891170,8892020,NA,OLN,0.0,203,AICF,NA,NA,NA,NA,0.0,0,-28.52,-19.15,[],0,0,[],[]
8892020,8892820,NA,NOF,0.0,203,AICF,NA,NA,NA,NA,0.0,0,-46.75,-41.37,[],0,0,[],[]
8892820,8894600,FEM,FAN,7.36,203,AICF,RC,1,NT,FH,0.0,0,-18.62,-10.65,[],0,0,[],[]
8894600,8895600,MAL,MAN,2.15,203,AICF,RC,1,NT,FI,0.0,0,-26.74,-20.19,[],0,0,[],[]
8895600,8900780,FEM,FAN,15.06,203,AICF,RC,1,NT,FI,0.0,0,-23.51,-11.46,[],0,0,[],[]
8900780,8901750,NA,SIL,0.0,203,AICF,NA,NA,NA,NA,0.0,0,-40.73,-27.19,[],0,0,[],[]
8901750,8902800,FEM,FAN,3.17,203,AICF,RC,1,NT,FH,0.0,0,-26.18,-19.42,[],0,0,[],[]
8902800,8903600,NA,SIL,0.0,203,AICF,NA,NA,NA,NA,0.0,0,-50.23,-43.24,[],0,0,[],[]
8903600,8905790,FEM,FAN,8.3,203,AICF,RC,1,TIFI,FH,0.0,0,-31.91,-16.94,[],0,0,[],[]
8905790,8906590,NA,OLF,0.0,203,AICF,NA,NA,NA,NA,0.0,0,-35.87,-25.61,[],0,0,[],[]
8906590,8907890,CHI,CHN,0.0,203,AICF,RC,2,TIFR,FI,1.0,1300,-24.47,-18.4,"[{'Canonical-syllable': '0', 'Growl': '1', 'High-freq-energy': '0', 'Long-island': '0', 'Low-tilt-spectrum': '0', 'Medium-island': '2', 'Short-island': '0', 'Squeal': '0', 'Typical-entropy': '1', 'Voicing-quality': '2', 'Wide-band': '0', 'Xlong-island': '0', 'seq': '1', 'end': 8907.89, 'start': 8906.59}]",0,0,[],[]
8907890,8908690,OCH,CXN,0.0,203,AICF,RC,2,NT,FI,0.0,0,-23.94,-20.23,[],0,0,[],[]
8908690,8911160,FEM,FAN,8.65,203,AICF,RC,2,NT,FI,0.0,0,-27.38,-17.36,[],0,0,[],[]
8911160,8911960,NA,OLN,0.0,203,AICF,NA,NA,NA,NA,0.0,0,-26.35,-21.76,[],0,0,[],[]
8911960,8912760,NA,NOF,0.0,203,AICF,NA,NA,NA,NA,0.0,0,-42.39,-29.21,[],0,0,[],[]
8912760,8914020,FEM,FAN,6.6,203,AICF,RC,2,NT,FH,0.0,0,-18.6,-8.01,[],0,0,[],[]
8914020,8915480,MAL,MAN,7.0,203,AICF,RC,2,NT,FI,0.0,0,-25.11,-18.24,[],0,0,[],[]
8915480,8916280,NA,OLN,0.0,203,AICF,NA,NA,NA,NA,0.0,0,-26.82,-20.43,[],0,0,[],[]
8916280,8917280,FEM,FAN,4.47,203,AICF,RC,2,NT,FI,0.0,0,-26.23,-17.17,[],0,0,[],[]
8917280,8918080,NA,NOF,0.0,203,AICF,NA,NA,NA,NA,0.0,0,-40.92,-32.21,[],0,0,[],[]
8918080,8919320,FEM,FAN,3.88,203,AICF,RC,2,NT,FH,0.0,0,-24.76,-16.72,[],0,0,[],[]
8919320,8920340,MAL,MAN,3.35,203,AICF,RC,2,NT,FI,0.0,0,-27.41,-19.94,[],0,0,[],[]
8920340,8922180,FEM,FAN,8.83,203,AICF,RC,2,NT,FI,0.0,0,-19.4,-10.05,[],0,0,[],[]
8922180,8922990,NA,OLN,0.0,203,AICF,NA,NA,NA,NA,0.0,0,-20.06,-13.29,[],0,0,[],[]
8922990,8923990,FEM,FAN,5.27,203,AICF,RC,2,NT,FH,0.0,0,-24.89,-17.77,[],0,0,[],[]
8923990,8925460,MAL,MAN,7.19,203,AICF,RC,2,NT,FI,0.0,0,-22.82,-12.67,[],0,0,[],[]
8925460,8927210,FEM,FAN,7.2,203,AICF,RC,2,NT,FI,0.0,0,-27.92,-18.18,[],0,0,[],[]
8927210,8928010,NA,FAF,0.0,203,AICF,NA,NA,NA,NA,0.0,0,-41.94,-32.64,[],0,0,[],[]
8928010,8929420,MAL,MAN,5.39,203,AICF,RC,2,NT,FI,0.0,0,-26.05,-10.85,[],0,0,[],[]
8929420,8930630,FEM,FAN,2.57,203,AICF,RC,2,NT,FI,0.0,0,-32.72,-25.6,[],0,0,[],[]
8930630,8931960,NA,OLF,0.0,203,AICF,NA,NA,NA,NA,0.0,0,-29.48,-12.56,[],0,0,[],[]
8931960,8933730,FEM,FAN,7.24,203,AICF,RC,2,NT,FH,0.0,0,-28.19,-18.26,[],0,0,[],[]
8933730,8934720,NA,NOF,0.0,203,AICF,NA,NA,NA,NA,0.0,0,-46.54,-37.58,[],0,0,[],[]
8934720,8935950,FEM,FAN,4.16,203,AICF,RC,2,NT,FH,0.0,0,-33.42,-25.14,[],0,0,[],[]
8935950,8939550,MAL,MAN,13.58,203,AICF,RC,2,NT,FI,0.0,0,-30.88,-20.35,[],0,0,[],[]
8939550,8940350,NA,OLF,0.0,203,AICF,NA,NA,NA,NA,0.0,0,-46.93,-37.45,[],0,0,[],[]
8940350,8941380,FEM,FAN,2.65,203,AICF,RC,2,NT,FI,0.0,0,-25.58,-18.49,[],0,0,[],[]
8941380,8942380,MAL,MAN,5.48,203,AICF,RC,2,NT,FI,0.0,0,-28.81,-23.59,[],0,0,[],[]
8942380,8943950,FEM,FAN,6.01,203,AICF,RC,2,NT,FI,0.0,0,-26.22,-15.38,[],0,0,[],[]
8943950,8945550,MAL,MAN,6.26,203,AICF,RC,2,NT,FI,0.0,0,-30.23,-17.0,[],0,0,[],[]
8945550,8946350,NA,NOF,0.0,203,AICF,NA,NA,NA,NA,0.0,0,-44.8,-32.5,[],0,0,[],[]
8946350,8950100,MAL,MAN,11.23,203,AICF,RC,2,NT,FH,0.0,0,-33.54,-24.8,[],0,0,[],[]
8950100,8950930,NA,NOF,0.0,203,AICF,NA,NA,NA,NA,0.0,0,-46.57,-39.16,[],0,0,[],[]
8950930,8952190,MAL,MAN,5.72,203,AICF,RC,2,NT,FH,0.0,0,-31.42,-21.64,[],0,0,[],[]
8952190,8953000,NA,MAF,0.0,203,AICF,NA,NA,NA,NA,0.0,0,-41.68,-33.67,[],0,0,[],[]
8953000,8953830,NA,NOF,0.0,203,AICF,NA,NA,NA,NA,0.0,0,-42.63,-31.4,[],0,0,[],[]
8953830,8957600,FEM,FAN,14.39,203,AICF,RC,2,NT,FI,0.0,0,-33.39,-20.35,[],0,0,[],[]
8957600,8958600,MAL,MAN,8.22,203,AICF,RC,2,NT,FI,0.0,0,-27.7,-21.21,[],0,0,[],[]
8958600,8960060,FEM,FAN,5.06,203,AICF,RC,2,NT,FI,0.0,0,-35.42,-28.69,[],0,0,[],[]
8960060,8960860,NA,OLF,0.0,203,AICF,NA,NA,NA,NA,0.0,0,-39.62,-31.47,[],0,0,[],[]
8960860,8962510,FEM,FAN,9.67,203,AICF,RC,2,NT,FH,0.0,0,-31.52,-24.0,[],0,0,[],[]
8962510,8963550,NA,MAF,0.0,203,AICF,NA,NA,NA,NA,0.0,0,-30.34,-23.32,[],0,0,[],[]
8963550,8967200,FEM,FAN,12.7,203,AICF,RC,2,NT,FH,0.0,0,-31.03,-20.19,[],0,0,[],[]
8967200,8968510,NA,MAF,0.0,203,AICF,NA,NA,NA,NA,0.0,0,-44.9,-37.58,[],0,0,[],[]
8968510,8969510,MAL,MAN,7.58,203,AICF,RC,2,NT,FI,0.0,0,-36.85,-28.0,[],0,0,[],[]
8969510,8970310,NA,NOF,0.0,203,AICF,NA,NA,NA,NA,0.0,0,-30.03,-14.55,[],0,0,[],[]
8970310,8971500,FEM,FAN,6.96,203,AICF,RC,2,NT,FI,0.0,0,-22.93,-14.94,[],0,0,[],[]
8971500,8972590,MAL,MAN,8.15,203,AICF,RC,2,NT,FI,0.0,0,-26.78,-21.07,[],0,0,[],[]
8972590,8973610,NA,NOF,0.0,203,AICF,NA,NA,NA,NA,0.0,0,-48.42,-40.41,[],0,0,[],[]
8973610,8974610,MAL,MAN,1.45,203,AICF,RC,2,NT,FH,0.0,0,-34.13,-25.3,[],0,0,[],[]
8974610,8976560,NA,NOF,0.0,203,AICF,NA,NA,NA,NA,0.0,0,-43.77,-34.22,[],0,0,[],[]
8976560,8977770,MAL,MAN,7.82,203,AICF,RC,2,NT,FH,0.0,0,-26.79,-20.42,[],0,0,[],[]
8977770,8978800,FEM,FAN,5.45,203,AICF,RC,2,NT,FI,0.0,0,-33.03,-28.51,[],0,0,[],[]
8978800,8979600,NA,OLF,0.0,203,AICF,NA,NA,NA,NA,0.0,0,-47.06,-39.95,[],0,0,[],[]
8979600,8980600,FEM,FAN,6.88,203,AICF,RC,2,NT,FH,0.0,0,-31.36,-24.86,[],0,0,[],[]
8980600,8982860,MAL,MAN,10.35,203,AICF,EC,2,NT,FI,0.0,0,-31.62,-22.3,[],0,0,[],[]
8982860,8984240,NA,OLF,0.0,204,pause,NA,NA,NA,NA,0.0,0,-35.86,-30.1,[],0,0,[],[]
8984240,8985600,NA,MAF,0.0,204,pause,NA,NA,NA,NA,0.0,0,-38.71,-31.54,[],0,0,[],[]
8985600,8986620,NA,OLF,0.0,204,pause,NA,NA,NA,NA,0.0,0,-39.45,-34.3,[],0,0,[],[]
8986620,8987660,NA,MAF,0.0,204,pause,NA,NA,NA,NA,0.0,0,-39.25,-30.85,[],0,0,[],[]
8987660,8988900,NA,NOF,0.0,204,pause,NA,NA,NA,NA,0.0,0,-42.48,-33.45,[],0,0,[],[]
8988900,8990250,NA,OLN,0.0,204,pause,NA,NA,NA,NA,0.0,0,-23.7,-8.11,[],0,0,[],[]
8990250,8991350,CHI,CHN,0.0,204,CIC,BC,0,TIFI,FI,1.0,1100,-18.33,-7.66,"[{'Canonical-syllable': '0', 'Growl': '0', 'High-freq-energy': '0', 'Long-island': '0', 'Low-tilt-spectrum': '0', 'Medium-island': '0', 'Short-island': '0', 'Squeal': '0', 'Typical-entropy': '1', 'Voicing-quality': '1', 'Wide-band': '0', 'Xlong-island': '1', 'seq': '1', 'end': 8991.35, 'start': 8990.25}]",0,0,[],[]
8991350,8992250,NA,OLN,0.0,204,CIC,NA,NA,NA,NA,0.0,0,-26.54,-14.85,[],0,0,[],[]
8992250,8993250,FEM,FAN,2.34,204,CIC,RC,1,TIFR,FI,0.0,0,-26.03,-18.36,[],0,0,[],[]
8993250,8994220,NA,OLN,0.0,204,CIC,NA,NA,NA,NA,0.0,0,-18.16,-2.99,[],0,0,[],[]
8994220,8995020,FEM,FAN,2.84,204,CIC,RC,1,NT,FH,0.0,0,-24.22,-20.0,[],0,0,[],[]
8995020,8995820,NA,OLN,0.0,204,CIC,NA,NA,NA,NA,0.0,0,-25.59,-15.6,[],0,0,[],[]
8995820,8997090,FEM,FAN,5.22,204,CIC,RC,1,NT,FH,0.0,0,-30.21,-22.29,[],0,0,[],[]
8997090,8998210,MAL,MAN,2.63,204,CIC,RC,1,NT,FI,0.0,0,-26.19,-19.5,[],0,0,[],[]
8998210,8999290,NA,FAF,0.0,204,CIC,NA,NA,NA,NA,0.0,0,-38.68,-29.0,[],0,0,[],[]
8999290,9000360,MAL,MAN,0.0,204,CIC,NA,NA,NA,NA,0.0,0,-31.16,-16.11,[],1070,0,[],[]
9000360,9001530,FEM,FAN,6.29,204,CIC,RC,1,NT,FI,0.0,0,-28.56,-22.61,[],0,0,[],[]
9001530,9002560,MAL,MAN,9.46,204,CIC,RC,1,NT,FI,0.0,0,-22.04,-6.23,[],0,0,[],[]
9002560,9003590,FEM,FAN,5.68,204,CIC,RC,1,NT,FI,0.0,0,-31.49,-25.83,[],0,0,[],[]
9003590,9004590,MAL,MAN,3.96,204,CIC,RC,1,NT,FI,0.0,0,-31.46,-25.05,[],0,0,[],[]
9004590,9005610,FEM,FAN,6.35,204,CIC,EC,1,NT,FI,0.0,0,-36.22,-28.08,[],0,0,[],[]
9005610,9007880,NA,OLN,0.0,205,pause,NA,NA,NA,NA,0.0,0,-28.3,-19.45,[],0,0,[],[]
9007880,9009060,NA,NON,0.0,205,pause,NA,NA,NA,NA,0.0,0,-32.74,-19.14,[],0,0,[],[]
9009060,9012180,NA,OLF,0.0,205,pause,NA,NA,NA,NA,0.0,0,-37.44,-25.17,[],0,0,[],[]
9012180,9014790,NA,SIL,0.0,205,pause,NA,NA,NA,NA,0.0,0,-45.61,-34.85,[],0,0,[],[]
9014790,9015600,NA,OLF,0.0,205,pause,NA,NA,NA,NA,0.0,0,-39.28,-24.92,[],0,0,[],[]
9015600,9016410,NA,SIL,0.0,205,pause,NA,NA,NA,NA,0.0,0,-46.26,-41.14,[],0,0,[],[]
9016410,9017210,NA,NOF,0.0,205,pause,NA,NA,NA,NA,0.0,0,-38.65,-29.37,[],0,0,[],[]
9017210,9018020,NA,OLF,0.0,205,pause,NA,NA,NA,NA,0.0,0,-37.1,-31.0,[],0,0,[],[]
9018020,9019070,MAL,MAN,8.19,205,AMM,BC,0,NT,FI,0.0,0,-29.71,-17.28,[],0,0,[],[]
9019070,9020160,NA,OLF,0.0,205,AMM,NA,NA,NA,NA,0.0,0,-41.05,-35.8,[],0,0,[],[]
9020160,9021160,MAL,MAN,5.98,205,AMM,RC,0,NT,FH,0.0,0,-34.07,-27.82,[],0,0,[],[]
9021160,9022690,FEM,FAN,5.81,205,AMM,RC,0,NT,FI,0.0,0,-29.19,-22.28,[],0,0,[],[]
9022690,9023490,NA,FAF,0.0,205,AMM,NA,NA,NA,NA,0.0,0,-40.09,-31.53,[],0,0,[],[]
9023490,9024860,FEM,FAN,4.47,205,AMM,RC,0,NT,FH,0.0,0,-28.29,-17.79,[],0,0,[],[]
9024860,9026270,NA,OLF,0.0,205,AMM,NA,NA,NA,NA,0.0,0,-42.37,-30.16,[],0,0,[],[]
9026270,9027460,MAL,MAN,7.16,205,AMM,RC,0,NT,FI,0.0,0,-29.82,-21.34,[],0,0,[],[]
9027460,9028760,FEM,FAN,2.76,205,AMM,RC,0,NT,FI,0.0,0,-29.4,-22.06,[],0,0,[],[]
9028760,9029940,NA,OLF,0.0,205,AMM,NA,NA,NA,NA,0.0,0,-35.37,-26.24,[],0,0,[],[]
9029940,9032840,NA,MAF,0.0,205,AMM,NA,NA,NA,NA,0.0,0,-34.31,-21.92,[],0,0,[],[]
9032840,9033640,FEM,FAN,4.17,205,AMM,EC,0,NT,FH,0.0,0,-39.18,-29.46,[],0,0,[],[]
9033640,9034440,NA,NOF,0.0,206,pause,NA,NA,NA,NA,0.0,0,-42.15,-29.05,[],0,0,[],[]
9034440,9036830,NA,SIL,0.0,206,pause,NA,NA,NA,NA,0.0,0,-45.31,-31.43,[],0,0,[],[]
9036830,9040300,NA,OLF,0.0,206,pause,NA,NA,NA,NA,0.0,0,-39.09,-17.61,[],0,0,[],[]
9040300,9041410,FEM,FAN,0.0,206,pause,NA,NA,NA,NA,0.0,0,-33.52,-25.97,[],1110,0,[],[]
9041410,9042020,FEM,FAN,0.0,206,pause,NA,NA,NA,NA,0.0,0,-35.88,-31.37,[],610,0,[],[]
9042020,9043510,MAL,MAN,5.92,206,AMM,BC,0,NT,FI,0.0,0,-31.85,-23.81,[],0,0,[],[]
9043510,9044640,NA,NOF,0.0,206,AMM,NA,NA,NA,NA,0.0,0,-43.5,-37.8,[],0,0,[],[]
9044640,9046410,FEM,FAN,9.89,206,AMM,EC,0,NT,FI,0.0,0,-33.97,-22.1,[],0,0,[],[]
9046410,9048170,NA,NOF,0.0,207,pause,NA,NA,NA,NA,0.0,0,-39.87,-24.94,[],0,0,[],[]
9048170,9048990,NA,MAF,0.0,207,pause,NA,NA,NA,NA,0.0,0,-38.39,-28.83,[],0,0,[],[]
9048990,9051260,NA,NOF,0.0,207,pause,NA,NA,NA,NA,0.0,0,-43.76,-32.76,[],0,0,[],[]
9051260,9052970,NA,MAF,0.0,207,pause,NA,NA,NA,NA,0.0,0,-40.48,-29.58,[],0,0,[],[]
9052970,9054070,FEM,FAN,5.62,207,AMF,EC,0,NT,FI,0.0,0,-36.66,-32.2,[],0,0,[],[]
9054070,9055030,NA,OLF,0.0,208,pause,NA,NA,NA,NA,0.0,0,-35.67,-28.42,[],0,0,[],[]
9055030,9059880,NA,NOF,0.0,208,pause,NA,NA,NA,NA,0.0,0,-40.98,-27.38,[],0,0,[],[]
9059880,9062310,NA,SIL,0.0,208,pause,NA,NA,NA,NA,0.0,0,-46.35,-40.41,[],0,0,[],[]
9062310,9063370,NA,NOF,0.0,208,pause,NA,NA,NA,NA,0.0,0,-45.3,-40.26,[],0,0,[],[]
9063370,9064360,NA,SIL,0.0,208,pause,NA,NA,NA,NA,0.0,0,-46.44,-41.73,[],0,0,[],[]
9064360,9065510,NA,NOF,0.0,208,pause,NA,NA,NA,NA,0.0,0,-44.85,-41.5,[],0,0,[],[]
9065510,9069490,NA,SIL,0.0,208,pause,NA,NA,NA,NA,0.0,0,-46.47,-41.19,[],0,0,[],[]
9069490,9070290,NA,MAF,0.0,208,pause,NA,NA,NA,NA,0.0,0,-41.3,-35.47,[],0,0,[],[]
9070290,9075840,NA,SIL,0.0,208,pause,NA,NA,NA,NA,0.0,0,-45.4,-41.14,[],0,0,[],[]
9075840,9076670,NA,NOF,0.0,208,pause,NA,NA,NA,NA,0.0,0,-43.8,-33.91,[],0,0,[],[]
9076670,9077480,NA,SIL,0.0,208,pause,NA,NA,NA,NA,0.0,0,-44.22,-33.11,[],0,0,[],[]
9077480,9078480,NA,TVF,0.0,208,pause,NA,NA,NA,NA,0.0,0,-43.17,-38.87,[],0,0,[],[]
9078480,9082900,NA,SIL,0.0,208,pause,NA,NA,NA,NA,0.0,0,-45.93,-40.89,[],0,0,[],[]
9082900,9083790,NA,TVF,0.0,208,pause,NA,NA,NA,NA,0.0,0,-45.05,-41.46,[],0,0,[],[]
9083790,9086420,NA,SIL,0.0,208,pause,NA,NA,NA,NA,0.0,0,-45.91,-41.63,[],0,0,[],[]
9086420,9087220,NA,NOF,0.0,208,pause,NA,NA,NA,NA,0.0,0,-44.64,-36.77,[],0,0,[],[]
9087220,9089200,NA,SIL,0.0,208,pause,NA,NA,NA,NA,0.0,0,-45.96,-40.96,[],0,0,[],[]
9089200,9091950,NA,NOF,0.0,208,pause,NA,NA,NA,NA,0.0,0,-44.82,-34.61,[],0,0,[],[]
9091950,9093060,FEM,FAN,2.89,208,AMF,EC,0,NT,FI,0.0,0,-35.23,-24.62,[],0,0,[],[]
9093060,9093940,NA,SIL,0.0,209,pause,NA,NA,NA,NA,0.0,0,-47.08,-42.47,[],0,0,[],[]
9093940,9096920,NA,NOF,0.0,209,pause,NA,NA,NA,NA,0.0,0,-39.73,-21.32,[],0,0,[],[]
9096920,9097720,NA,OLF,0.0,209,pause,NA,NA,NA,NA,0.0,0,-30.3,-17.66,[],0,0,[],[]
9097720,9100690,NA,NOF,0.0,209,pause,NA,NA,NA,NA,0.0,0,-34.56,-19.1,[],0,0,[],[]
9100690,9101820,NA,SIL,0.0,209,pause,NA,NA,NA,NA,0.0,0,-47.44,-42.83,[],0,0,[],[]
9101820,9102850,NA,NOF,0.0,209,pause,NA,NA,NA,NA,0.0,0,-47.63,-40.83,[],0,0,[],[]
9102850,9104070,NA,SIL,0.0,209,pause,NA,NA,NA,NA,0.0,0,-49.24,-43.63,[],0,0,[],[]
9104070,9104870,NA,MAF,0.0,209,pause,NA,NA,NA,NA,0.0,0,-43.4,-32.75,[],0,0,[],[]
9104870,9106140,NA,SIL,0.0,209,pause,NA,NA,NA,NA,0.0,0,-47.95,-36.42,[],0,0,[],[]
9106140,9109080,NA,NOF,0.0,209,pause,NA,NA,NA,NA,0.0,0,-43.41,-25.71,[],0,0,[],[]
9109080,9110220,NA,OLF,0.0,209,pause,NA,NA,NA,NA,0.0,0,-39.68,-27.03,[],0,0,[],[]
9110220,9114040,NA,NOF,0.0,209,pause,NA,NA,NA,NA,0.0,0,-43.78,-28.96,[],0,0,[],[]
9114040,9115040,CHI,CHN,0.0,209,CIC,BC,0,TIFI,FI,1.0,1000,-30.2,-22.9,"[{'Canonical-syllable': '0', 'Growl': '1', 'High-freq-energy': '0', 'Long-island': '1', 'Low-tilt-spectrum': '1', 'Medium-island': '1', 'Short-island': '0', 'Squeal': '0', 'Typical-entropy': '1', 'Voicing-quality': '2', 'Wide-band': '0', 'Xlong-island': '0', 'seq': '1', 'end': 9115.04, 'start': 9114.04}]",0,0,[],[]
9115040,9115880,NA,OLN,0.0,209,CIC,NA,NA,NA,NA,0.0,0,-32.1,-27.84,[],0,0,[],[]
9115880,9117210,NA,NOF,0.0,209,CIC,NA,NA,NA,NA,0.0,0,-40.79,-28.71,[],0,0,[],[]
9117210,9118540,NA,OLF,0.0,209,CIC,NA,NA,NA,NA,0.0,0,-35.75,-25.91,[],0,0,[],[]
9118540,9122470,FEM,FAN,10.3,209,CIC,EC,1,TIFR,FI,0.0,0,-34.07,-23.01,[],0,0,[],[]
9122470,9124030,NA,NOF,0.0,210,pause,NA,NA,NA,NA,0.0,0,-39.32,-24.48,[],0,0,[],[]
9124030,9130270,NA,MAF,0.0,210,pause,NA,NA,NA,NA,0.0,0,-41.01,-21.22,[],0,0,[],[]
9130270,9131890,NA,SIL,0.0,210,pause,NA,NA,NA,NA,0.0,0,-48.79,-33.11,[],0,0,[],[]
9131890,9133030,NA,FAF,0.0,210,pause,NA,NA,NA,NA,0.0,0,-38.2,-30.56,[],0,0,[],[]
9133030,9134000,NA,NOF,0.0,210,pause,NA,NA,NA,NA,0.0,0,-47.16,-38.09,[],0,0,[],[]
9134000,9134850,NA,SIL,0.0,210,pause,NA,NA,NA,NA,0.0,0,-49.28,-40.81,[],0,0,[],[]
9134850,9139540,NA,NOF,0.0,210,pause,NA,NA,NA,NA,0.0,0,-25.67,-4.87,[],0,0,[],[]
9139540,9141080,NA,SIL,0.0,210,pause,NA,NA,NA,NA,0.0,0,-47.93,-37.98,[],0,0,[],[]
9141080,9141880,NA,NOF,0.0,210,pause,NA,NA,NA,NA,0.0,0,-29.61,-12.41,[],0,0,[],[]
9141880,9142680,NA,SIL,0.0,210,pause,NA,NA,NA,NA,0.0,0,-47.43,-38.36,[],0,0,[],[]
9142680,9145870,NA,NOF,0.0,210,pause,NA,NA,NA,NA,0.0,0,-44.78,-29.53,[],0,0,[],[]
9145870,9146980,NA,SIL,0.0,210,pause,NA,NA,NA,NA,0.0,0,-49.63,-43.76,[],0,0,[],[]
9146980,9148970,NA,NOF,0.0,210,pause,NA,NA,NA,NA,0.0,0,-44.35,-28.96,[],0,0,[],[]
9148970,9149830,NA,SIL,0.0,210,pause,NA,NA,NA,NA,0.0,0,-51.18,-45.37,[],0,0,[],[]
9149830,9152860,NA,NOF,0.0,210,pause,NA,NA,NA,NA,0.0,0,-46.93,-34.87,[],0,0,[],[]
9152860,9153870,NA,SIL,0.0,210,pause,NA,NA,NA,NA,0.0,0,-49.93,-43.3,[],0,0,[],[]
9153870,9155690,NA,NOF,0.0,210,pause,NA,NA,NA,NA,0.0,0,-49.15,-38.99,[],0,0,[],[]
9155690,9161510,NA,SIL,0.0,210,pause,NA,NA,NA,NA,0.0,0,-50.09,-44.45,[],0,0,[],[]
9161510,9167690,NA,NOF,0.0,210,pause,NA,NA,NA,NA,0.0,0,-45.07,-30.3,[],0,0,[],[]
9167690,9168490,NA,SIL,0.0,210,pause,NA,NA,NA,NA,0.0,0,-48.41,-44.21,[],0,0,[],[]
9168490,9169740,OCH,CXN,0.0,210,XM,EC,0,NT,FI,0.0,0,-33.2,-27.04,[],0,0,[],[]
9169740,9171150,NA,SIL,0.0,211,pause,NA,NA,NA,NA,0.0,0,-49.75,-40.0,[],0,0,[],[]
9171150,9171970,NA,OLF,0.0,211,pause,NA,NA,NA,NA,0.0,0,-47.88,-37.39,[],0,0,[],[]
9171970,9173310,NA,SIL,0.0,211,pause,NA,NA,NA,NA,0.0,0,-49.85,-46.33,[],0,0,[],[]
9173310,9174220,NA,NOF,0.0,211,pause,NA,NA,NA,NA,0.0,0,-48.8,-43.29,[],0,0,[],[]
9174220,9179720,NA,SIL,0.0,211,pause,NA,NA,NA,NA,0.0,0,-50.0,-42.3,[],0,0,[],[]
9179720,9180540,NA,OLF,0.0,211,pause,NA,NA,NA,NA,0.0,0,-43.97,-34.19,[],0,0,[],[]
9180540,9181160,FEM,FAN,0.0,211,pause,NA,NA,NA,NA,0.0,0,-31.05,-26.85,[],620,0,[],[]
9181160,9182400,NA,NOF,0.0,211,pause,NA,NA,NA,NA,0.0,0,-38.19,-20.09,[],0,0,[],[]
9182400,9190050,NA,SIL,0.0,211,pause,NA,NA,NA,NA,0.0,0,-49.6,-39.0,[],0,0,[],[]
9190050,9192430,NA,NOF,0.0,211,pause,NA,NA,NA,NA,0.0,0,-41.05,-22.07,[],0,0,[],[]
9192430,9193250,NA,SIL,0.0,211,pause,NA,NA,NA,NA,0.0,0,-49.33,-37.35,[],0,0,[],[]
9193250,9195930,NA,NOF,0.0,211,pause,NA,NA,NA,NA,0.0,0,-43.77,-27.8,[],0,0,[],[]
9195930,9196730,NA,OLF,0.0,211,pause,NA,NA,NA,NA,0.0,0,-32.26,-18.15,[],0,0,[],[]
9196730,9199820,NA,NOF,0.0,211,pause,NA,NA,NA,NA,0.0,0,-44.75,-37.17,[],0,0,[],[]
9199820,9201280,FEM,FAN,10.0,211,AMF,EC,0,NT,FI,0.0,0,-35.52,-29.65,[],0,0,[],[]
9201280,9202710,NA,NOF,0.0,212,pause,NA,NA,NA,NA,0.0,0,-37.11,-20.63,[],0,0,[],[]
9202710,9203510,NA,OLF,0.0,212,pause,NA,NA,NA,NA,0.0,0,-30.64,-18.05,[],0,0,[],[]
9203510,9205850,NA,NOF,0.0,212,pause,NA,NA,NA,NA,0.0,0,-37.86,-18.43,[],0,0,[],[]
9205850,9210890,NA,SIL,0.0,212,pause,NA,NA,NA,NA,0.0,0,-49.57,-40.99,[],0,0,[],[]
9210890,9211690,NA,MAF,0.0,212,pause,NA,NA,NA,NA,0.0,0,-39.83,-28.53,[],0,0,[],[]
9211690,9213550,NA,SIL,0.0,212,pause,NA,NA,NA,NA,0.0,0,-48.67,-41.18,[],0,0,[],[]
9213550,9214400,NA,NOF,0.0,212,pause,NA,NA,NA,NA,0.0,0,-47.79,-35.35,[],0,0,[],[]
9214400,9215280,NA,SIL,0.0,212,pause,NA,NA,NA,NA,0.0,0,-49.03,-43.79,[],0,0,[],[]
9215280,9216660,NA,NOF,0.0,212,pause,NA,NA,NA,NA,0.0,0,-43.25,-28.48,[],0,0,[],[]
9216660,9217500,NA,OLN,0.0,212,pause,NA,NA,NA,NA,0.0,0,-38.36,-28.69,[],0,0,[],[]
9217500,9218440,NA,NOF,0.0,212,pause,NA,NA,NA,NA,0.0,0,-31.45,-20.2,[],0,0,[],[]
9218440,9219240,NA,OLF,0.0,212,pause,NA,NA,NA,NA,0.0,0,-44.22,-38.65,[],0,0,[],[]
9219240,9221800,NA,NOF,0.0,212,pause,NA,NA,NA,NA,0.0,0,-45.61,-33.54,[],0,0,[],[]
9221800,9222600,NA,OLF,0.0,212,pause,NA,NA,NA,NA,0.0,0,-43.41,-33.53,[],0,0,[],[]
9222600,9236660,NA,NOF,0.0,212,pause,NA,NA,NA,NA,0.0,0,-24.26,-2.48,[],0,0,[],[]
9236660,9237460,NA,OLF,0.0,212,pause,NA,NA,NA,NA,0.0,0,-34.92,-24.73,[],0,0,[],[]
9237460,9239790,NA,NOF,0.0,212,pause,NA,NA,NA,NA,0.0,0,-41.3,-23.99,[],0,0,[],[]
9239790,9240590,NA,OLF,0.0,212,pause,NA,NA,NA,NA,0.0,0,-36.61,-25.19,[],0,0,[],[]
9240590,9244180,NA,NOF,0.0,212,pause,NA,NA,NA,NA,0.0,0,-34.18,-16.82,[],0,0,[],[]
9244180,9245240,NA,SIL,0.0,212,pause,NA,NA,NA,NA,0.0,0,-46.23,-38.84,[],0,0,[],[]
9245240,9254330,NA,NOF,0.0,212,pause,NA,NA,NA,NA,0.0,0,-25.68,-4.9,[],0,0,[],[]
9254330,9255130,NA,OLF,0.0,212,pause,NA,NA,NA,NA,0.0,0,-36.11,-24.77,[],0,0,[],[]
9255130,9259860,NA,NOF,0.0,212,pause,NA,NA,NA,NA,0.0,0,-38.11,-24.34,[],0,0,[],[]
9259860,9261140,NA,OLF,0.0,212,pause,NA,NA,NA,NA,0.0,0,-20.08,-4.11,[],0,0,[],[]
9261140,9262420,NA,NOF,0.0,212,pause,NA,NA,NA,NA,0.0,0,-36.57,-24.81,[],0,0,[],[]
9262420,9263460,NA,OLN,0.0,212,pause,NA,NA,NA,NA,0.0,0,-13.71,-4.46,[],0,0,[],[]
9263460,9268560,NA,NOF,0.0,212,pause,NA,NA,NA,NA,0.0,0,-38.37,-23.73,[],0,0,[],[]
9268560,9269680,NA,OLF,0.0,212,pause,NA,NA,NA,NA,0.0,0,-26.19,-8.95,[],0,0,[],[]
9269680,9271290,NA,NOF,0.0,212,pause,NA,NA,NA,NA,0.0,0,-40.5,-26.45,[],0,0,[],[]
9271290,9272610,NA,OLF,0.0,212,pause,NA,NA,NA,NA,0.0,0,-37.11,-21.22,[],0,0,[],[]
9272610,9274450,NA,NOF,0.0,212,pause,NA,NA,NA,NA,0.0,0,-41.49,-28.32,[],0,0,[],[]
9274450,9275280,NA,SIL,0.0,212,pause,NA,NA,NA,NA,0.0,0,-50.54,-43.68,[],0,0,[],[]
9275280,9276190,NA,FAF,0.0,212,pause,NA,NA,NA,NA,0.0,0,-49.95,-39.64,[],0,0,[],[]
9276190,9277450,NA,SIL,0.0,212,pause,NA,NA,NA,NA,0.0,0,-51.59,-42.97,[],0,0,[],[]
9277450,9278880,NA,NOF,0.0,212,pause,NA,NA,NA,NA,0.0,0,-43.16,-29.05,[],0,0,[],[]
9278880,9279690,NA,OLF,0.0,212,pause,NA,NA,NA,NA,0.0,0,-28.11,-10.34,[],0,0,[],[]
9279690,9284480,NA,NOF,0.0,212,pause,NA,NA,NA,NA,0.0,0,-37.68,-22.68,[],0,0,[],[]
9284480,9285580,NA,OLF,0.0,212,pause,NA,NA,NA,NA,0.0,0,-41.03,-31.76,[],0,0,[],[]
9285580,9286480,NA,NOF,0.0,212,pause,NA,NA,NA,NA,0.0,0,-34.09,-27.37,[],0,0,[],[]
9286480,9287330,NA,OLF,0.0,212,pause,NA,NA,NA,NA,0.0,0,-42.84,-36.84,[],0,0,[],[]
9287330,9293050,NA,NOF,0.0,212,pause,NA,NA,NA,NA,0.0,0,-38.61,-17.35,[],0,0,[],[]
9293050,9293850,NA,OLF,0.0,212,pause,NA,NA,NA,NA,0.0,0,-30.75,-22.43,[],0,0,[],[]
9293850,9294680,NA,NON,0.0,212,pause,NA,NA,NA,NA,0.0,0,-36.47,-29.57,[],0,0,[],[]
9294680,9295280,NA,CHF,0.0,212,pause,NA,NA,NA,NA,0.0,0,-37.27,-30.69,[],0,600,[],"[{'start': 9294.68, 'end': 9295.28}]"
9295280,9296390,NA,NOF,0.0,212,pause,NA,NA,NA,NA,0.0,0,-43.63,-28.23,[],0,0,[],[]
9296390,9297600,MAL,MAN,0.0,212,pause,NA,NA,NA,NA,0.0,0,-19.37,-13.84,[],1210,0,[],[]
9297600,9302110,NA,NOF,0.0,212,pause,NA,NA,NA,NA,0.0,0,-36.93,-22.43,[],0,0,[],[]
9302110,9303110,MAL,MAN,4.35,212,AMM,EC,0,NT,FI,0.0,0,-15.62,-11.17,[],0,0,[],[]
9303110,9305690,NA,NOF,0.0,213,pause,NA,NA,NA,NA,0.0,0,-28.43,-20.58,[],0,0,[],[]
9305690,9306610,NA,OLF,0.0,213,pause,NA,NA,NA,NA,0.0,0,-43.94,-33.68,[],0,0,[],[]
9306610,9307770,NA,NOF,0.0,213,pause,NA,NA,NA,NA,0.0,0,-29.69,-23.53,[],0,0,[],[]
9307770,9308710,NA,OLN,0.0,213,pause,NA,NA,NA,NA,0.0,0,-20.83,-16.31,[],0,0,[],[]
9308710,9311210,NA,NOF,0.0,213,pause,NA,NA,NA,NA,0.0,0,-35.19,-23.11,[],0,0,[],[]
9311210,9312210,NA,TVF,0.0,213,pause,NA,NA,NA,NA,0.0,0,-46.47,-42.22,[],0,0,[],[]
9312210,9313540,NA,NOF,0.0,213,pause,NA,NA,NA,NA,0.0,0,-45.16,-41.24,[],0,0,[],[]
9313540,9314590,NA,FAF,0.0,213,pause,NA,NA,NA,NA,0.0,0,-32.69,-23.56,[],0,0,[],[]
9314590,9315590,NA,OLF,0.0,213,pause,NA,NA,NA,NA,0.0,0,-28.82,-9.41,[],0,0,[],[]
9315590,9316870,NA,NOF,0.0,213,pause,NA,NA,NA,NA,0.0,0,-29.03,-17.97,[],0,0,[],[]
9316870,9317870,NA,MAF,0.0,213,pause,NA,NA,NA,NA,0.0,0,-21.26,-15.41,[],0,0,[],[]
9317870,9319490,NA,OLF,0.0,213,pause,NA,NA,NA,NA,0.0,0,-27.98,-15.59,[],0,0,[],[]
9319490,9320100,NA,FAF,0.0,213,pause,NA,NA,NA,NA,0.0,0,-21.39,-10.88,[],0,0,[],[]
9320100,9322280,NA,OLF,0.0,213,pause,NA,NA,NA,NA,0.0,0,-28.61,-9.22,[],0,0,[],[]
9322280,9324620,NA,NOF,0.0,213,pause,NA,NA,NA,NA,0.0,0,-30.63,-7.95,[],0,0,[],[]
9324620,9325620,FEM,FAN,13.01,213,AMF,EC,0,NT,FI,0.0,0,-35.22,-27.61,[],0,0,[],[]
9325620,9326540,NA,NOF,0.0,214,pause,NA,NA,NA,NA,0.0,0,-33.6,-14.19,[],0,0,[],[]
9326540,9329740,NA,SIL,0.0,214,pause,NA,NA,NA,NA,0.0,0,-52.42,-45.37,[],0,0,[],[]
9329740,9331980,NA,NOF,0.0,214,pause,NA,NA,NA,NA,0.0,0,-28.78,-11.06,[],0,0,[],[]
9331980,9332860,NA,OLN,0.0,214,pause,NA,NA,NA,NA,0.0,0,-21.49,-6.71,[],0,0,[],[]
9332860,9337470,NA,NOF,0.0,214,pause,NA,NA,NA,NA,0.0,0,-28.77,-6.19,[],0,0,[],[]
9337470,9338270,NA,OLF,0.0,214,pause,NA,NA,NA,NA,0.0,0,-29.49,-18.05,[],0,0,[],[]
9338270,9340310,NA,NOF,0.0,214,pause,NA,NA,NA,NA,0.0,0,-37.64,-25.96,[],0,0,[],[]
9340310,9341130,NA,OLF,0.0,214,pause,NA,NA,NA,NA,0.0,0,-23.01,-11.26,[],0,0,[],[]
9341130,9345200,NA,NOF,0.0,214,pause,NA,NA,NA,NA,0.0,0,-25.69,-6.66,[],0,0,[],[]
9345200,9346000,NA,OLF,0.0,214,pause,NA,NA,NA,NA,0.0,0,-35.51,-23.72,[],0,0,[],[]
9346000,9350160,NA,NOF,0.0,214,pause,NA,NA,NA,NA,0.0,0,-40.55,-25.76,[],0,0,[],[]
9350160,9353380,NA,SIL,0.0,214,pause,NA,NA,NA,NA,0.0,0,-51.01,-38.47,[],0,0,[],[]
9353380,9354240,NA,TVF,0.0,214,pause,NA,NA,NA,NA,0.0,0,-49.71,-40.52,[],0,0,[],[]
9354240,9355100,NA,SIL,0.0,214,pause,NA,NA,NA,NA,0.0,0,-51.54,-47.24,[],0,0,[],[]
9355100,9356000,NA,MAF,0.0,214,pause,NA,NA,NA,NA,0.0,0,-43.37,-37.83,[],0,0,[],[]
9356000,9357920,NA,SIL,0.0,214,pause,NA,NA,NA,NA,0.0,0,-49.1,-36.79,[],0,0,[],[]
9357920,9358730,NA,OLF,0.0,214,pause,NA,NA,NA,NA,0.0,0,-48.75,-44.91,[],0,0,[],[]
9358730,9361070,NA,SIL,0.0,214,pause,NA,NA,NA,NA,0.0,0,-50.08,-37.14,[],0,0,[],[]
9361070,9362460,NA,NOF,0.0,214,pause,NA,NA,NA,NA,0.0,0,-49.5,-46.05,[],0,0,[],[]
9362460,9364230,NA,SIL,0.0,214,pause,NA,NA,NA,NA,0.0,0,-50.86,-46.86,[],0,0,[],[]
9364230,9368710,NA,NOF,0.0,214,pause,NA,NA,NA,NA,0.0,0,-35.6,-18.26,[],0,0,[],[]
9368710,9369630,NA,SIL,0.0,214,pause,NA,NA,NA,NA,0.0,0,-49.73,-41.3,[],0,0,[],[]
9369630,9370480,NA,NOF,0.0,214,pause,NA,NA,NA,NA,0.0,0,-43.52,-26.1,[],0,0,[],[]
9370480,9375850,NA,SIL,0.0,214,pause,NA,NA,NA,NA,0.0,0,-51.33,-42.23,[],0,0,[],[]
9375850,9376670,NA,OLN,0.0,214,pause,NA,NA,NA,NA,0.0,0,-29.27,-18.08,[],0,0,[],[]
9376670,9377470,NA,NOF,0.0,214,pause,NA,NA,NA,NA,0.0,0,-33.43,-17.81,[],0,0,[],[]
9377470,9378270,NA,OLN,0.0,214,pause,NA,NA,NA,NA,0.0,0,-28.49,-19.74,[],0,0,[],[]
9378270,9378870,NA,CHF,0.0,214,CM,EC,0,NT,FI,1.0,600,-23.64,-11.42,"[{'Canonical-syllable': '0', 'Growl': '1', 'High-freq-energy': '0', 'Long-island': '0', 'Low-tilt-spectrum': '1', 'Medium-island': '1', 'Short-island': '0', 'Squeal': '0', 'Typical-entropy': '1', 'Voicing-quality': '1', 'Wide-band': '0', 'Xlong-island': '0', 'seq': '1', 'end': 9378.87, 'start': 9378.27}]",0,0,[],[]
9378870,9379880,NA,NOF,0.0,215,pause,NA,NA,NA,NA,0.0,0,-29.76,-18.08,[],0,0,[],[]
9379880,9380910,NA,OLF,0.0,215,pause,NA,NA,NA,NA,0.0,0,-23.56,-10.16,[],0,0,[],[]
9380910,9382990,NA,NOF,0.0,215,pause,NA,NA,NA,NA,0.0,0,-38.77,-26.72,[],0,0,[],[]
9382990,9383990,NA,MAF,0.0,215,pause,NA,NA,NA,NA,0.0,0,-41.52,-28.22,[],0,0,[],[]
9383990,9385270,NA,NOF,0.0,215,pause,NA,NA,NA,NA,0.0,0,-44.66,-35.71,[],0,0,[],[]
9385270,9386190,NA,SIL,0.0,215,pause,NA,NA,NA,NA,0.0,0,-41.84,-25.88,[],0,0,[],[]
9386190,9387650,NA,MAF,0.0,215,pause,NA,NA,NA,NA,0.0,0,-36.27,-26.94,[],0,0,[],[]
9387650,9389200,NA,NOF,0.0,215,pause,NA,NA,NA,NA,0.0,0,-41.13,-26.52,[],0,0,[],[]
9389200,9390260,NA,SIL,0.0,215,pause,NA,NA,NA,NA,0.0,0,-50.06,-37.35,[],0,0,[],[]
9390260,9392490,NA,NOF,0.0,215,pause,NA,NA,NA,NA,0.0,0,-41.21,-32.55,[],0,0,[],[]
9392490,9393570,NA,MAF,0.0,215,pause,NA,NA,NA,NA,0.0,0,-42.0,-33.3,[],0,0,[],[]
9393570,9394680,NA,NOF,0.0,215,pause,NA,NA,NA,NA,0.0,0,-37.53,-19.54,[],0,0,[],[]
9394680,9395610,NA,OLF,0.0,215,pause,NA,NA,NA,NA,0.0,0,-30.63,-26.01,[],0,0,[],[]
9395610,9396420,NA,SIL,0.0,215,pause,NA,NA,NA,NA,0.0,0,-46.37,-33.49,[],0,0,[],[]
9396420,9398030,NA,NOF,0.0,215,pause,NA,NA,NA,NA,0.0,0,-47.37,-40.63,[],0,0,[],[]
9398030,9399120,NA,SIL,0.0,215,pause,NA,NA,NA,NA,0.0,0,-48.84,-39.78,[],0,0,[],[]
9399120,9405840,NA,NOF,0.0,215,pause,NA,NA,NA,NA,0.0,0,-38.27,-19.49,[],0,0,[],[]
9405840,9407440,FEM,FAN,5.76,215,AMF,EC,0,NT,FI,0.0,0,-32.35,-19.75,[],0,0,[],[]
9407440,9411310,NA,NOF,0.0,216,pause,NA,NA,NA,NA,0.0,0,-24.87,-6.74,[],0,0,[],[]
9411310,9414310,NA,OLN,0.0,216,pause,NA,NA,NA,NA,0.0,0,-20.85,-5.86,[],0,0,[],[]
9414310,9416320,NA,NOF,0.0,216,pause,NA,NA,NA,NA,0.0,0,-44.76,-25.79,[],0,0,[],[]
9416320,9417550,FEM,FAN,5.72,216,AMF,EC,0,NT,FI,0.0,0,-31.22,-19.79,[],0,0,[],[]
9417550,9421730,NA,NOF,0.0,217,pause,NA,NA,NA,NA,0.0,0,-21.9,-3.01,[],0,0,[],[]
9421730,9422550,NA,OLF,0.0,217,pause,NA,NA,NA,NA,0.0,0,-35.33,-27.33,[],0,0,[],[]
9422550,9426210,NA,NOF,0.0,217,pause,NA,NA,NA,NA,0.0,0,-43.4,-25.9,[],0,0,[],[]
9426210,9432670,NA,SIL,0.0,217,pause,NA,NA,NA,NA,0.0,0,-47.21,-24.75,[],0,0,[],[]
9432670,9434810,NA,NOF,0.0,217,pause,NA,NA,NA,NA,0.0,0,-42.27,-31.69,[],0,0,[],[]
9434810,9435810,FEM,FAN,6.08,217,AMF,EC,0,NT,FI,0.0,0,-27.25,-18.27,[],0,0,[],[]
9435810,9438070,NA,OLF,0.0,218,pause,NA,NA,NA,NA,0.0,0,-37.2,-25.36,[],0,0,[],[]
9438070,9441390,NA,NOF,0.0,218,pause,NA,NA,NA,NA,0.0,0,-22.84,-3.5,[],0,0,[],[]
9441390,9442500,NA,OLF,0.0,218,pause,NA,NA,NA,NA,0.0,0,-30.12,-16.45,[],0,0,[],[]
9442500,9443750,NA,NOF,0.0,218,pause,NA,NA,NA,NA,0.0,0,-25.81,-5.65,[],0,0,[],[]
9443750,9445440,NA,OLN,0.0,218,pause,NA,NA,NA,NA,0.0,0,-29.76,-24.93,[],0,0,[],[]
9445440,9446700,NA,NOF,0.0,218,pause,NA,NA,NA,NA,0.0,0,-46.48,-37.04,[],0,0,[],[]
9446700,9447530,NA,SIL,0.0,218,pause,NA,NA,NA,NA,0.0,0,-50.99,-43.69,[],0,0,[],[]
9447530,9448130,FEM,FAN,3.37,218,AMF,EC,0,NT,FI,0.0,0,-32.97,-28.2,[],0,0,[],[]
9448130,9449130,NA,OLF,0.0,219,pause,NA,NA,NA,NA,0.0,0,-34.5,-28.77,[],0,0,[],[]
9449130,9450130,NA,FAF,0.0,219,pause,NA,NA,NA,NA,0.0,0,-37.25,-30.88,[],0,0,[],[]
9450130,9452770,NA,NOF,0.0,219,pause,NA,NA,NA,NA,0.0,0,-42.76,-33.03,[],0,0,[],[]
9452770,9453570,NA,OLF,0.0,219,pause,NA,NA,NA,NA,0.0,0,-38.15,-28.72,[],0,0,[],[]
9453570,9457300,NA,NOF,0.0,219,pause,NA,NA,NA,NA,0.0,0,-16.17,-4.02,[],0,0,[],[]
9457300,9458100,NA,OLN,0.0,219,pause,NA,NA,NA,NA,0.0,0,-11.13,-1.96,[],0,0,[],[]
9458100,9460120,NA,NOF,0.0,219,pause,NA,NA,NA,NA,0.0,0,-17.63,-2.77,[],0,0,[],[]
9460120,9461490,NA,FAF,0.0,219,pause,NA,NA,NA,NA,0.0,0,-36.82,-29.66,[],0,0,[],[]
9461490,9462530,NA,NOF,0.0,219,pause,NA,NA,NA,NA,0.0,0,-43.25,-40.35,[],0,0,[],[]
9462530,9463700,NA,OLF,0.0,219,pause,NA,NA,NA,NA,0.0,0,-40.04,-32.77,[],0,0,[],[]
9463700,9465320,NA,NOF,0.0,219,pause,NA,NA,NA,NA,0.0,0,-46.49,-41.9,[],0,0,[],[]
9465320,9466130,NA,OLF,0.0,219,pause,NA,NA,NA,NA,0.0,0,-41.83,-27.57,[],0,0,[],[]
9466130,9472480,NA,NOF,0.0,219,pause,NA,NA,NA,NA,0.0,0,-28.82,-8.06,[],0,0,[],[]
9472480,9474520,FEM,FAN,4.56,219,AMF,BC,0,NT,FI,0.0,0,-34.83,-24.21,[],0,0,[],[]
9474520,9476330,NA,OLN,0.0,219,AMF,NA,NA,NA,NA,0.0,0,-24.25,-10.36,[],0,0,[],[]
9476330,9477520,FEM,FAN,4.34,219,AMF,EC,0,NT,FH,0.0,0,-28.38,-19.26,[],0,0,[],[]
9477520,9478970,NA,OLN,0.0,220,pause,NA,NA,NA,NA,0.0,0,-18.5,-7.68,[],0,0,[],[]
9478970,9480200,NA,NOF,0.0,220,pause,NA,NA,NA,NA,0.0,0,-41.07,-26.9,[],0,0,[],[]
9480200,9481010,NA,OLN,0.0,220,pause,NA,NA,NA,NA,0.0,0,-19.1,-4.93,[],0,0,[],[]
9481010,9483900,NA,NOF,0.0,220,pause,NA,NA,NA,NA,0.0,0,-15.32,-3.45,[],0,0,[],[]
9483900,9485240,NA,OLF,0.0,220,pause,NA,NA,NA,NA,0.0,0,-16.7,-3.02,[],0,0,[],[]
9485240,9486050,NA,NOF,0.0,220,pause,NA,NA,NA,NA,0.0,0,-37.02,-29.74,[],0,0,[],[]
9486050,9486850,NA,SIL,0.0,220,pause,NA,NA,NA,NA,0.0,0,-39.88,-36.08,[],0,0,[],[]
9486850,9488100,FEM,FAN,3.95,220,AICF,BC,0,NT,FI,0.0,0,-27.78,-18.99,[],0,0,[],[]
9488100,9489080,NA,OLN,0.0,220,AICF,NA,NA,NA,NA,0.0,0,-29.46,-13.64,[],0,0,[],[]
9489080,9490200,FEM,FAN,2.2,220,AICF,RC,0,TIFI,FH,0.0,0,-31.57,-17.09,[],0,0,[],[]
9490200,9491260,NA,OLN,0.0,220,AICF,NA,NA,NA,NA,0.0,0,-19.98,-5.3,[],0,0,[],[]
9491260,9492060,NA,OLF,0.0,220,AICF,NA,NA,NA,NA,0.0,0,-45.58,-41.52,[],0,0,[],[]
9492060,9493060,NA,MAF,0.0,220,AICF,NA,NA,NA,NA,0.0,0,-31.48,-26.66,[],0,0,[],[]
9493060,9494480,NA,NOF,0.0,220,AICF,NA,NA,NA,NA,0.0,0,-33.71,-16.09,[],0,0,[],[]
9494480,9495480,CHI,CHN,0.0,220,AICF,EC,1,TIFR,FI,1.0,1000,-18.72,-12.21,"[{'Canonical-syllable': '0', 'Growl': '1', 'High-freq-energy': '0', 'Long-island': '0', 'Low-tilt-spectrum': '0', 'Medium-island': '1', 'Short-island': '1', 'Squeal': '0', 'Typical-entropy': '0', 'Voicing-quality': '2', 'Wide-band': '0', 'Xlong-island': '0', 'seq': '1', 'end': 9495.48, 'start': 9494.75}]",0,0,[],[]
9495480,9496480,MAL,MAN,0.0,221,pause,NA,NA,NA,NA,0.0,0,-30.73,-25.91,[],1000,0,[],[]
9496480,9498350,NA,NOF,0.0,221,pause,NA,NA,NA,NA,0.0,0,-34.81,-13.96,[],0,0,[],[]
9498350,9499400,MAL,MAN,0.0,221,pause,NA,NA,NA,NA,0.0,0,-29.73,-25.65,[],1050,0,[],[]
9499400,9501510,NA,NOF,0.0,221,pause,NA,NA,NA,NA,0.0,0,-13.37,-2.68,[],0,0,[],[]
9501510,9502330,NA,OLN,0.0,221,pause,NA,NA,NA,NA,0.0,0,-8.89,-2.73,[],0,0,[],[]
9502330,9504600,NA,NOF,0.0,221,pause,NA,NA,NA,NA,0.0,0,-14.61,-3.36,[],0,0,[],[]
9504600,9505470,NA,OLF,0.0,221,pause,NA,NA,NA,NA,0.0,0,-32.08,-28.16,[],0,0,[],[]
9505470,9507890,NA,NOF,0.0,221,pause,NA,NA,NA,NA,0.0,0,-34.12,-15.72,[],0,0,[],[]
9507890,9508850,NA,OLN,0.0,221,pause,NA,NA,NA,NA,0.0,0,-28.63,-17.73,[],0,0,[],[]
9508850,9509690,FEM,FAN,0.0,221,pause,NA,NA,NA,NA,0.0,0,-31.77,-20.85,[],840,0,[],[]
9509690,9510820,NA,OLF,0.0,221,pause,NA,NA,NA,NA,0.0,0,-29.6,-16.14,[],0,0,[],[]
9510820,9515360,NA,NOF,0.0,221,pause,NA,NA,NA,NA,0.0,0,-36.12,-17.4,[],0,0,[],[]
9515360,9516160,NA,SIL,0.0,221,pause,NA,NA,NA,NA,0.0,0,-48.86,-45.15,[],0,0,[],[]
9516160,9520780,NA,NOF,0.0,221,pause,NA,NA,NA,NA,0.0,0,-34.49,-15.15,[],0,0,[],[]
9520780,9521620,NA,SIL,0.0,221,pause,NA,NA,NA,NA,0.0,0,-50.25,-42.31,[],0,0,[],[]
9521620,9522790,NA,MAF,0.0,221,pause,NA,NA,NA,NA,0.0,0,-40.6,-32.02,[],0,0,[],[]
9522790,9523990,FEM,FAN,0.0,221,pause,NA,NA,NA,NA,0.0,0,-33.56,-30.21,[],1200,0,[],[]
9523990,9528270,NA,SIL,0.0,221,pause,NA,NA,NA,NA,0.0,0,-48.48,-30.21,[],0,0,[],[]
9528270,9531570,NA,NOF,0.0,221,pause,NA,NA,NA,NA,0.0,0,-23.36,-4.87,[],0,0,[],[]
9531570,9534310,NA,SIL,0.0,221,pause,NA,NA,NA,NA,0.0,0,-47.2,-36.46,[],0,0,[],[]
9534310,9539080,NA,NOF,0.0,221,pause,NA,NA,NA,NA,0.0,0,-31.4,-7.05,[],0,0,[],[]
9539080,9539990,NA,OLN,0.0,221,pause,NA,NA,NA,NA,0.0,0,-19.63,-5.6,[],0,0,[],[]
9539990,9545520,NA,NOF,0.0,221,pause,NA,NA,NA,NA,0.0,0,-16.4,-2.87,[],0,0,[],[]
9545520,9546320,NA,OLF,0.0,221,pause,NA,NA,NA,NA,0.0,0,-15.53,-3.52,[],0,0,[],[]
9546320,9554510,NA,NOF,0.0,221,pause,NA,NA,NA,NA,0.0,0,-17.03,-1.3,[],0,0,[],[]
9554510,9556510,NA,SIL,0.0,221,pause,NA,NA,NA,NA,0.0,0,-44.69,-41.26,[],0,0,[],[]
9556510,9557580,NA,NOF,0.0,221,pause,NA,NA,NA,NA,0.0,0,-43.63,-28.25,[],0,0,[],[]
9557580,9558790,NA,OLN,0.0,221,pause,NA,NA,NA,NA,0.0,0,-24.93,-18.38,[],0,0,[],[]
9558790,9561260,NA,NOF,0.0,221,pause,NA,NA,NA,NA,0.0,0,-46.57,-36.78,[],0,0,[],[]
9561260,9563810,NA,SIL,0.0,221,pause,NA,NA,NA,NA,0.0,0,-49.06,-36.2,[],0,0,[],[]
9563810,9567150,FEM,FAN,12.7,221,AICF,BC,0,NT,FI,0.0,0,-30.99,-20.58,[],0,0,[],[]
9567150,9568300,NA,SIL,0.0,221,AICF,NA,NA,NA,NA,0.0,0,-47.17,-34.53,[],0,0,[],[]
9568300,9569680,FEM,FAN,7.54,221,AICF,RC,0,NT,FH,0.0,0,-24.83,-16.34,[],0,0,[],[]
9569680,9570860,NA,OLF,0.0,221,AICF,NA,NA,NA,NA,0.0,0,-34.48,-15.83,[],0,0,[],[]
9570860,9574030,FEM,FAN,12.26,221,AICF,RC,0,NT,FH,0.0,0,-30.3,-19.29,[],0,0,[],[]
9574030,9575030,MAL,MAN,1.47,221,AICF,RC,0,NT,FI,0.0,0,-22.38,-10.09,[],0,0,[],[]
9575030,9576050,NA,NOF,0.0,221,AICF,NA,NA,NA,NA,0.0,0,-20.14,-5.42,[],0,0,[],[]
9576050,9577870,FEM,FAN,9.08,221,AICF,RC,0,NT,FI,0.0,0,-25.81,-16.87,[],0,0,[],[]
9577870,9579300,NA,NOF,0.0,221,AICF,NA,NA,NA,NA,0.0,0,-42.37,-23.13,[],0,0,[],[]
9579300,9582580,FEM,FAN,10.05,221,AICF,RC,0,TIFI,FH,0.0,0,-21.41,-3.5,[],0,0,[],[]
9582580,9585780,NA,FAF,0.0,221,AICF,NA,NA,NA,NA,0.0,0,-36.97,-21.32,[],0,0,[],[]
9585780,9586380,CHI,CHN,0.0,221,AICF,RC,1,TIFR,FI,1.0,600,-21.84,-13.04,"[{'Canonical-syllable': '0', 'Growl': '0', 'High-freq-energy': '1', 'Long-island': '0', 'Low-tilt-spectrum': '1', 'Medium-island': '1', 'Short-island': '0', 'Squeal': '0', 'Typical-entropy': '1', 'Voicing-quality': '0', 'Wide-band': '0', 'Xlong-island': '0', 'seq': '1', 'end': 9586.38, 'start': 9585.89}]",0,0,[],[]
9586380,9587650,FEM,FAN,8.97,221,AICF,RC,1,TIFE,FI,0.0,0,-14.9,-10.91,[],0,0,[],[]
9587650,9588520,NA,OLN,0.0,221,AICF,NA,NA,NA,NA,0.0,0,-23.15,-12.89,[],0,0,[],[]
9588520,9589520,FEM,FAN,4.76,221,AICF,RC,1,NT,FH,0.0,0,-17.04,-10.15,[],0,0,[],[]
9589520,9590560,MAL,MAN,0.0,221,AICF,NA,NA,NA,NA,0.0,0,-13.64,-10.67,[],1040,0,[],[]
9590560,9591360,NA,OLN,0.0,221,AICF,NA,NA,NA,NA,0.0,0,-15.85,-2.1,[],0,0,[],[]
9591360,9592360,FEM,FAN,5.03,221,AICF,RC,1,TIFI,FH,0.0,0,-23.67,-15.65,[],0,0,[],[]
9592360,9593470,NA,OLF,0.0,221,AICF,NA,NA,NA,NA,0.0,0,-35.25,-29.23,[],0,0,[],[]
9593470,9594470,CHI,CHN,0.0,221,AICF,RC,2,TIFR,FI,1.0,520,-18.87,-9.22,"[{'Canonical-syllable': '0', 'Growl': '0', 'High-freq-energy': '0', 'Long-island': '0', 'Low-tilt-spectrum': '0', 'Medium-island': '1', 'Short-island': '1', 'Squeal': '0', 'Typical-entropy': '0', 'Voicing-quality': '2', 'Wide-band': '0', 'Xlong-island': '0', 'seq': '1', 'end': 9594.47, 'start': 9593.95}]",0,0,[],[]
9594470,9595270,OCH,CXN,0.0,221,AICF,EC,2,NT,FI,0.0,0,-27.1,-13.41,[],0,0,[],[]
9595270,9597160,NA,SIL,0.0,222,pause,NA,NA,NA,NA,0.0,0,-49.28,-43.99,[],0,0,[],[]
9597160,9598300,NA,OLF,0.0,222,pause,NA,NA,NA,NA,0.0,0,-45.03,-34.62,[],0,0,[],[]
9598300,9599470,NA,TVF,0.0,222,pause,NA,NA,NA,NA,0.0,0,-43.34,-34.08,[],0,0,[],[]
9599470,9600270,NA,OLN,0.0,222,pause,NA,NA,NA,NA,0.0,0,-27.2,-15.32,[],0,0,[],[]
9600270,9601410,NA,NOF,0.0,222,pause,NA,NA,NA,NA,0.0,0,-35.4,-21.74,[],0,0,[],[]
9601410,9602210,NA,SIL,0.0,222,pause,NA,NA,NA,NA,0.0,0,-48.35,-42.63,[],0,0,[],[]
9602210,9603220,NA,CHF,0.0,222,CM,BC,0,NT,FI,2.0,520,-40.32,-28.87,"[{'Canonical-syllable': '1', 'Growl': '0', 'High-freq-energy': '0', 'Long-island': '0', 'Low-tilt-spectrum': '0', 'Medium-island': '0', 'Short-island': '1', 'Squeal': '0', 'Typical-entropy': '1', 'Voicing-quality': '1', 'Wide-band': '0', 'Xlong-island': '0', 'seq': '1', 'end': 9602.43, 'start': 9602.21}, {'Canonical-syllable': '0', 'Growl': '1', 'High-freq-energy': '0', 'Long-island': '0', 'Low-tilt-spectrum': '1', 'Medium-island': '1', 'Short-island': '0', 'Squeal': '0', 'Typical-entropy': '0', 'Voicing-quality': '0', 'Wide-band': '0', 'Xlong-island': '0', 'seq': '2', 'end': 9603.22, 'start': 9602.92}]",0,0,[],[]
9603220,9603900,CHI,CHN,0.0,222,CM,RC,0,NT,FH,1.0,680,-21.27,-16.2,"[{'Canonical-syllable': '0', 'Growl': '0', 'High-freq-energy': '0', 'Long-island': '1', 'Low-tilt-spectrum': '0', 'Medium-island': '0', 'Short-island': '0', 'Squeal': '0', 'Typical-entropy': '0', 'Voicing-quality': '1', 'Wide-band': '0', 'Xlong-island': '0', 'seq': '1', 'end': 9603.9, 'start': 9603.22}]",0,0,[],[]
9603900,9604700,NA,OLN,0.0,222,CM,NA,NA,NA,NA,0.0,0,-20.97,-15.79,[],0,0,[],[]
9604700,9605500,NA,OLF,0.0,222,CM,NA,NA,NA,NA,0.0,0,-44.85,-38.83,[],0,0,[],[]
9605500,9606100,CHI,CHN,0.0,222,CM,EC,0,NT,FH,1.0,370,-24.58,-19.24,"[{'Canonical-syllable': '0', 'Growl': '0', 'High-freq-energy': '0', 'Long-island': '0', 'Low-tilt-spectrum': '0', 'Medium-island': '1', 'Short-island': '0', 'Squeal': '0', 'Typical-entropy': '0', 'Voicing-quality': '1', 'Wide-band': '0', 'Xlong-island': '0', 'seq': '1', 'end': 9605.87, 'start': 9605.5}]",0,0,[],[]
9606100,9607340,NA,MAF,0.0,223,pause,NA,NA,NA,NA,0.0,0,-46.39,-37.72,[],0,0,[],[]
9607340,9609430,NA,SIL,0.0,223,pause,NA,NA,NA,NA,0.0,0,-44.99,-31.9,[],0,0,[],[]
9609430,9610780,NA,MAF,0.0,223,pause,NA,NA,NA,NA,0.0,0,-45.78,-39.49,[],0,0,[],[]
9610780,9611980,NA,SIL,0.0,223,pause,NA,NA,NA,NA,0.0,0,-48.49,-44.15,[],0,0,[],[]
9611980,9616460,NA,OLF,0.0,223,pause,NA,NA,NA,NA,0.0,0,-39.47,-28.13,[],0,0,[],[]
9616460,9617570,NA,MAF,0.0,223,pause,NA,NA,NA,NA,0.0,0,-43.22,-39.26,[],0,0,[],[]
9617570,9618730,NA,OLF,0.0,223,pause,NA,NA,NA,NA,0.0,0,-40.75,-29.14,[],0,0,[],[]
9618730,9621370,NA,MAF,0.0,223,pause,NA,NA,NA,NA,0.0,0,-41.82,-30.95,[],0,0,[],[]
9621370,9622970,NA,OLN,0.0,223,pause,NA,NA,NA,NA,0.0,0,-20.59,-5.65,[],0,0,[],[]
9622970,9623790,NA,OLF,0.0,223,pause,NA,NA,NA,NA,0.0,0,-16.98,-10.29,[],0,0,[],[]
9623790,9624620,NA,OLN,0.0,223,pause,NA,NA,NA,NA,0.0,0,-23.73,-16.72,[],0,0,[],[]
9624620,9625860,NA,TVN,0.0,223,pause,NA,NA,NA,NA,0.0,0,-34.24,-27.2,[],0,0,[],[]
9625860,9626660,NA,OLN,0.0,223,pause,NA,NA,NA,NA,0.0,0,-29.77,-20.92,[],0,0,[],[]
9626660,9627460,NA,OLF,0.0,223,pause,NA,NA,NA,NA,0.0,0,-42.0,-35.57,[],0,0,[],[]
9627460,9628680,FEM,FAN,4.83,223,AMF,EC,0,NT,FI,0.0,0,-29.66,-21.27,[],0,0,[],[]
9628680,9631010,NA,OLN,0.0,224,pause,NA,NA,NA,NA,0.0,0,-28.52,-17.41,[],0,0,[],[]
9631010,9631830,NA,NOF,0.0,224,pause,NA,NA,NA,NA,0.0,0,-35.37,-24.84,[],0,0,[],[]
9631830,9635410,NA,OLN,0.0,224,pause,NA,NA,NA,NA,0.0,0,-29.65,-11.16,[],0,0,[],[]
9635410,9636270,NA,NOF,0.0,224,pause,NA,NA,NA,NA,0.0,0,-39.97,-33.83,[],0,0,[],[]
9636270,9638460,NA,OLN,0.0,224,pause,NA,NA,NA,NA,0.0,0,-32.63,-19.13,[],0,0,[],[]
9638460,9639320,NA,NOF,0.0,224,pause,NA,NA,NA,NA,0.0,0,-39.99,-29.99,[],0,0,[],[]
9639320,9641980,CHI,CHN,0.0,224,CM,EC,0,NT,FI,1.0,2660,-21.8,-18.96,"[{'Canonical-syllable': '0', 'Growl': '0', 'High-freq-energy': '0', 'Long-island': '0', 'Low-tilt-spectrum': '0', 'Medium-island': '1', 'Short-island': '0', 'Squeal': '0', 'Typical-entropy': '0', 'Voicing-quality': '2', 'Wide-band': '0', 'Xlong-island': '1', 'seq': '1', 'end': 9641.98, 'start': 9639.32}]",0,0,[],[]
9641980,9643280,NA,OLN,0.0,225,pause,NA,NA,NA,NA,0.0,0,-25.82,-8.11,[],0,0,[],[]
9643280,9644110,NA,NOF,0.0,225,pause,NA,NA,NA,NA,0.0,0,-23.72,-15.68,[],0,0,[],[]
9644110,9645410,NA,OLN,0.0,225,pause,NA,NA,NA,NA,0.0,0,-25.12,-12.06,[],0,0,[],[]
9645410,9646210,NA,SIL,0.0,225,pause,NA,NA,NA,NA,0.0,0,-44.89,-39.86,[],0,0,[],[]
9646210,9647040,NA,OLF,0.0,225,pause,NA,NA,NA,NA,0.0,0,-38.35,-31.23,[],0,0,[],[]
9647040,9647840,NA,NON,0.0,225,pause,NA,NA,NA,NA,0.0,0,-36.67,-30.79,[],0,0,[],[]
9647840,9649600,NA,MAF,0.0,225,pause,NA,NA,NA,NA,0.0,0,-42.56,-34.05,[],0,0,[],[]
9649600,9652570,NA,OLN,0.0,225,pause,NA,NA,NA,NA,0.0,0,-31.11,-18.45,[],0,0,[],[]
9652570,9653570,FEM,FAN,8.05,225,AIOCF,BC,0,NT,FI,0.0,0,-28.21,-17.65,[],0,0,[],[]
9653570,9656820,NA,OLN,0.0,225,AIOCF,NA,NA,NA,NA,0.0,0,-29.27,-14.68,[],0,0,[],[]
9656820,9657940,FEM,FAN,5.49,225,AIOCF,RC,0,NT,FH,0.0,0,-25.95,-19.0,[],0,0,[],[]
9657940,9659110,MAL,MAN,5.82,225,AIOCF,RC,0,NT,FI,0.0,0,-35.22,-26.55,[],0,0,[],[]
9659110,9660410,NA,OLF,0.0,225,AIOCF,NA,NA,NA,NA,0.0,0,-30.23,-17.71,[],0,0,[],[]
9660410,9663230,NA,MAF,0.0,225,AIOCF,NA,NA,NA,NA,0.0,0,-40.37,-28.08,[],0,0,[],[]
9663230,9666350,FEM,FAN,12.05,225,AIOCF,RC,0,NT,FI,0.0,0,-27.41,-15.83,[],0,0,[],[]
9666350,9667810,NA,TVN,0.0,225,AIOCF,NA,NA,NA,NA,0.0,0,-25.13,-21.8,[],0,0,[],[]
9667810,9669430,MAL,MAN,0.0,225,AIOCF,NA,NA,NA,NA,0.0,0,-31.94,-24.02,[],1620,0,[],[]
9669430,9670750,OCH,CXN,0.0,225,AIOCF,RC,0,NT,FI,0.0,0,-26.82,-20.07,[],0,0,[],[]
9670750,9671350,FEM,FAN,3.96,225,AIOCF,RC,0,NT,FI,0.0,0,-27.35,-22.12,[],0,0,[],[]
9671350,9672870,FEM,FAN,7.91,225,AIOCF,RC,0,NT,FH,0.0,0,-27.04,-16.23,[],0,0,[],[]
9672870,9673910,NA,TVN,0.0,225,AIOCF,NA,NA,NA,NA,0.0,0,-33.39,-27.31,[],0,0,[],[]
9673910,9674940,MAL,MAN,3.33,225,AIOCF,RC,0,NT,FI,0.0,0,-32.91,-24.71,[],0,0,[],[]
9674940,9675940,NA,TVN,0.0,225,AIOCF,NA,NA,NA,NA,0.0,0,-27.47,-18.48,[],0,0,[],[]
9675940,9676740,NA,OLN,0.0,225,AIOCF,NA,NA,NA,NA,0.0,0,-29.75,-22.64,[],0,0,[],[]
9676740,9678110,NA,MAF,0.0,225,AIOCF,NA,NA,NA,NA,0.0,0,-29.94,-23.14,[],0,0,[],[]
9678110,9679130,FEM,FAN,7.85,225,AIOCF,RC,0,NT,FI,0.0,0,-23.45,-14.83,[],0,0,[],[]
9679130,9680270,NA,TVN,0.0,225,AIOCF,NA,NA,NA,NA,0.0,0,-29.25,-22.46,[],0,0,[],[]
9680270,9681280,NA,OLN,0.0,225,AIOCF,NA,NA,NA,NA,0.0,0,-30.99,-22.68,[],0,0,[],[]
9681280,9682480,NA,TVN,0.0,225,AIOCF,NA,NA,NA,NA,0.0,0,-42.33,-35.07,[],0,0,[],[]
9682480,9686790,FEM,FAN,17.58,225,AIOCF,RC,0,NT,FH,0.0,0,-28.89,-16.15,[],0,0,[],[]
9686790,9689590,NA,TVN,0.0,225,AIOCF,NA,NA,NA,NA,0.0,0,-35.1,-27.62,[],0,0,[],[]
9689590,9691460,MAL,MAN,0.0,225,AIOCF,NA,NA,NA,NA,0.0,0,-33.14,-26.41,[],1870,0,[],[]
9691460,9694200,FEM,FAN,12.25,225,AIOCF,RC,0,NT,FH,0.0,0,-26.53,-15.54,[],0,0,[],[]
9694200,9695940,MAL,MAN,5.29,225,AIOCF,EC,0,NT,FI,0.0,0,-36.23,-26.91,[],0,0,[],[]
9695940,9696960,NA,TVN,0.0,226,pause,NA,NA,NA,NA,0.0,0,-34.67,-29.34,[],0,0,[],[]
9696960,9706270,NA,OLN,0.0,226,pause,NA,NA,NA,NA,0.0,0,-26.72,-7.77,[],0,0,[],[]
9706270,9707270,FEM,FAN,1.14,226,AIOCF,BC,0,NT,FI,0.0,0,-30.15,-23.29,[],0,0,[],[]
9707270,9708270,NA,OLN,0.0,226,AIOCF,NA,NA,NA,NA,0.0,0,-32.33,-25.0,[],0,0,[],[]
9708270,9709270,NA,TVN,0.0,226,AIOCF,NA,NA,NA,NA,0.0,0,-27.99,-19.65,[],0,0,[],[]
9709270,9710830,FEM,FAN,8.55,226,AIOCF,RC,0,NT,FH,0.0,0,-30.22,-21.55,[],0,0,[],[]
9710830,9711830,NA,TVN,0.0,226,AIOCF,NA,NA,NA,NA,0.0,0,-39.16,-32.59,[],0,0,[],[]
9711830,9712840,MAL,MAN,2.82,226,AIOCF,RC,0,NT,FI,0.0,0,-37.51,-30.91,[],0,0,[],[]
9712840,9713840,FEM,FAN,3.82,226,AIOCF,RC,0,NT,FI,0.0,0,-30.95,-18.98,[],0,0,[],[]
9713840,9715020,MAL,MAN,0.0,226,AIOCF,NA,NA,NA,NA,0.0,0,-34.03,-27.5,[],1180,0,[],[]
9715020,9717010,OCH,CXN,0.0,226,AIOCF,RC,0,NT,FI,0.0,0,-29.83,-24.35,[],0,0,[],[]
9717010,9718920,NA,OLN,0.0,226,AIOCF,NA,NA,NA,NA,0.0,0,-29.53,-20.07,[],0,0,[],[]
9718920,9720180,FEM,FAN,4.41,226,AIOCF,RC,0,NT,FI,0.0,0,-26.69,-19.55,[],0,0,[],[]
9720180,9721080,NA,OLN,0.0,226,AIOCF,NA,NA,NA,NA,0.0,0,-27.74,-19.14,[],0,0,[],[]
9721080,9722680,FEM,FAN,7.71,226,AIOCF,RC,0,NT,FH,0.0,0,-30.72,-21.11,[],0,0,[],[]
9722680,9724080,NA,OLN,0.0,226,AIOCF,NA,NA,NA,NA,0.0,0,-29.93,-17.51,[],0,0,[],[]
9724080,9725230,FEM,FAN,5.55,226,AIOCF,RC,0,NT,FH,0.0,0,-25.17,-16.28,[],0,0,[],[]
9725230,9726130,NA,OLN,0.0,226,AIOCF,NA,NA,NA,NA,0.0,0,-31.96,-22.89,[],0,0,[],[]
9726130,9726930,NA,NOF,0.0,226,AIOCF,NA,NA,NA,NA,0.0,0,-26.08,-17.99,[],0,0,[],[]
9726930,9729460,NA,OLN,0.0,226,AIOCF,NA,NA,NA,NA,0.0,0,-25.7,-13.25,[],0,0,[],[]
9729460,9730460,OCH,CXN,0.0,226,AIOCF,EC,0,NT,FI,0.0,0,-30.37,-22.32,[],0,0,[],[]
9730460,9731340,NA,OLN,0.0,227,pause,NA,NA,NA,NA,0.0,0,-34.53,-27.9,[],0,0,[],[]
9731340,9734230,NA,TVN,0.0,227,pause,NA,NA,NA,NA,0.0,0,-40.2,-31.29,[],0,0,[],[]
9734230,9735080,NA,OLN,0.0,227,pause,NA,NA,NA,NA,0.0,0,-32.91,-26.03,[],0,0,[],[]
9735080,9737190,NA,NOF,0.0,227,pause,NA,NA,NA,NA,0.0,0,-41.15,-25.1,[],0,0,[],[]
9737190,9739680,NA,SIL,0.0,227,pause,NA,NA,NA,NA,0.0,0,-41.67,-25.01,[],0,0,[],[]
9739680,9740570,NA,NOF,0.0,227,pause,NA,NA,NA,NA,0.0,0,-42.82,-37.04,[],0,0,[],[]
9740570,9741390,NA,OLF,0.0,227,pause,NA,NA,NA,NA,0.0,0,-44.04,-37.99,[],0,0,[],[]
9741390,9742210,NA,SIL,0.0,227,pause,NA,NA,NA,NA,0.0,0,-47.88,-42.81,[],0,0,[],[]
9742210,9744080,NA,NOF,0.0,227,pause,NA,NA,NA,NA,0.0,0,-45.72,-38.2,[],0,0,[],[]
9744080,9745570,NA,OLF,0.0,227,pause,NA,NA,NA,NA,0.0,0,-41.99,-33.05,[],0,0,[],[]
9745570,9746530,OCH,CXN,0.0,227,XM,EC,0,NT,FI,0.0,0,-41.22,-34.76,[],0,0,[],[]
9746530,9748070,NA,TVF,0.0,228,pause,NA,NA,NA,NA,0.0,0,-42.84,-31.53,[],0,0,[],[]
9748070,9749410,NA,MAF,0.0,228,pause,NA,NA,NA,NA,0.0,0,-45.92,-38.15,[],0,0,[],[]
9749410,9750460,NA,SIL,0.0,228,pause,NA,NA,NA,NA,0.0,0,-45.26,-35.65,[],0,0,[],[]
9750460,9752160,NA,OLF,0.0,228,pause,NA,NA,NA,NA,0.0,0,-45.3,-36.74,[],0,0,[],[]
9752160,9753450,NA,SIL,0.0,228,pause,NA,NA,NA,NA,0.0,0,-50.81,-46.21,[],0,0,[],[]
9753450,9757080,NA,NOF,0.0,228,pause,NA,NA,NA,NA,0.0,0,-35.58,-17.78,[],0,0,[],[]
9757080,9758260,NA,MAF,0.0,228,pause,NA,NA,NA,NA,0.0,0,-42.73,-35.18,[],0,0,[],[]
9758260,9760800,NA,OLF,0.0,228,pause,NA,NA,NA,NA,0.0,0,-30.29,-9.05,[],0,0,[],[]
9760800,9761840,NA,TVF,0.0,228,pause,NA,NA,NA,NA,0.0,0,-42.37,-34.61,[],0,0,[],[]
9761840,9763990,NA,TVN,0.0,228,pause,NA,NA,NA,NA,0.0,0,-41.9,-34.79,[],0,0,[],[]
9763990,9766610,NA,OLF,0.0,228,pause,NA,NA,NA,NA,0.0,0,-36.92,-23.97,[],0,0,[],[]
9766610,9767410,NA,SIL,0.0,228,pause,NA,NA,NA,NA,0.0,0,-46.78,-42.33,[],0,0,[],[]
9767410,9769220,NA,NOF,0.0,228,pause,NA,NA,NA,NA,0.0,0,-41.5,-28.47,[],0,0,[],[]
9769220,9770420,NA,OLF,0.0,228,pause,NA,NA,NA,NA,0.0,0,-39.11,-32.29,[],0,0,[],[]
9770420,9772550,NA,MAF,0.0,228,pause,NA,NA,NA,NA,0.0,0,-41.4,-29.49,[],0,0,[],[]
9772550,9773350,NA,NOF,0.0,228,pause,NA,NA,NA,NA,0.0,0,-44.94,-41.75,[],0,0,[],[]
9773350,9774360,MAL,MAN,0.0,228,pause,NA,NA,NA,NA,0.0,0,-33.92,-29.0,[],1010,0,[],[]
9774360,9775170,NA,OLF,0.0,228,pause,NA,NA,NA,NA,0.0,0,-42.97,-36.6,[],0,0,[],[]
9775170,9776540,NA,MAF,0.0,228,pause,NA,NA,NA,NA,0.0,0,-36.05,-27.31,[],0,0,[],[]
9776540,9777870,NA,OLF,0.0,228,pause,NA,NA,NA,NA,0.0,0,-44.77,-41.05,[],0,0,[],[]
9777870,9779830,NA,MAF,0.0,228,pause,NA,NA,NA,NA,0.0,0,-40.22,-31.27,[],0,0,[],[]
9779830,9780630,NA,OLF,0.0,228,pause,NA,NA,NA,NA,0.0,0,-43.88,-39.76,[],0,0,[],[]
9780630,9783890,NA,MAF,0.0,228,pause,NA,NA,NA,NA,0.0,0,-43.66,-33.31,[],0,0,[],[]
9783890,9785010,NA,TVF,0.0,228,pause,NA,NA,NA,NA,0.0,0,-44.3,-34.26,[],0,0,[],[]
9785010,9787050,NA,NOF,0.0,228,pause,NA,NA,NA,NA,0.0,0,-40.62,-30.21,[],0,0,[],[]
9787050,9789840,NA,OLF,0.0,228,pause,NA,NA,NA,NA,0.0,0,-30.53,-16.75,[],0,0,[],[]
9789840,9792340,NA,NOF,0.0,228,pause,NA,NA,NA,NA,0.0,0,-33.45,-10.25,[],0,0,[],[]
9792340,9793300,NA,OLF,0.0,228,pause,NA,NA,NA,NA,0.0,0,-38.22,-20.44,[],0,0,[],[]
9793300,9795210,NA,SIL,0.0,228,pause,NA,NA,NA,NA,0.0,0,-47.22,-43.3,[],0,0,[],[]
9795210,9799060,NA,OLF,0.0,228,pause,NA,NA,NA,NA,0.0,0,-41.81,-29.6,[],0,0,[],[]
9799060,9800060,NA,MAF,0.0,228,pause,NA,NA,NA,NA,0.0,0,-44.3,-38.79,[],0,0,[],[]
9800060,9800860,NA,NOF,0.0,228,pause,NA,NA,NA,NA,0.0,0,-45.28,-41.17,[],0,0,[],[]
9800860,9801920,NA,SIL,0.0,228,pause,NA,NA,NA,NA,0.0,0,-46.63,-41.81,[],0,0,[],[]
9801920,9803680,NA,NOF,0.0,228,pause,NA,NA,NA,NA,0.0,0,-45.35,-37.79,[],0,0,[],[]
9803680,9804730,NA,OLF,0.0,228,pause,NA,NA,NA,NA,0.0,0,-38.05,-29.72,[],0,0,[],[]
9804730,9805570,NA,NOF,0.0,228,pause,NA,NA,NA,NA,0.0,0,-36.83,-28.61,[],0,0,[],[]
9805570,9807540,NA,OLF,0.0,228,pause,NA,NA,NA,NA,0.0,0,-38.89,-27.49,[],0,0,[],[]
9807540,9808540,NA,MAF,0.0,228,pause,NA,NA,NA,NA,0.0,0,-39.58,-27.6,[],0,0,[],[]
9808540,9809340,NA,OLF,0.0,228,pause,NA,NA,NA,NA,0.0,0,-42.22,-37.08,[],0,0,[],[]
9809340,9810370,NA,MAF,0.0,228,pause,NA,NA,NA,NA,0.0,0,-43.61,-37.44,[],0,0,[],[]
9810370,9811330,NA,OLF,0.0,228,pause,NA,NA,NA,NA,0.0,0,-44.69,-38.44,[],0,0,[],[]
9811330,9812610,NA,NOF,0.0,228,pause,NA,NA,NA,NA,0.0,0,-36.47,-21.81,[],0,0,[],[]
9812610,9813430,NA,OLF,0.0,228,pause,NA,NA,NA,NA,0.0,0,-37.11,-25.69,[],0,0,[],[]
9813430,9815370,NA,NOF,0.0,228,pause,NA,NA,NA,NA,0.0,0,-39.5,-21.19,[],0,0,[],[]
9815370,9816610,NA,MAF,0.0,228,pause,NA,NA,NA,NA,0.0,0,-45.44,-39.12,[],0,0,[],[]
9816610,9819180,NA,NOF,0.0,228,pause,NA,NA,NA,NA,0.0,0,-43.52,-32.34,[],0,0,[],[]
9819180,9819990,NA,OLF,0.0,228,pause,NA,NA,NA,NA,0.0,0,-41.3,-35.06,[],0,0,[],[]
9819990,9822070,NA,NOF,0.0,228,pause,NA,NA,NA,NA,0.0,0,-39.25,-31.44,[],0,0,[],[]
9822070,9823530,NA,MAF,0.0,228,pause,NA,NA,NA,NA,0.0,0,-43.77,-29.24,[],0,0,[],[]
9823530,9824330,NA,NOF,0.0,228,pause,NA,NA,NA,NA,0.0,0,-42.78,-39.83,[],0,0,[],[]
9824330,9825650,NA,MAF,0.0,228,pause,NA,NA,NA,NA,0.0,0,-44.87,-40.55,[],0,0,[],[]
9825650,9827740,NA,NOF,0.0,228,pause,NA,NA,NA,NA,0.0,0,-42.57,-32.72,[],0,0,[],[]
9827740,9829580,NA,MAF,0.0,228,pause,NA,NA,NA,NA,0.0,0,-45.19,-36.6,[],0,0,[],[]
9829580,9830420,NA,NOF,0.0,228,pause,NA,NA,NA,NA,0.0,0,-44.57,-40.5,[],0,0,[],[]
9830420,9833130,NA,MAF,0.0,228,pause,NA,NA,NA,NA,0.0,0,-44.65,-38.89,[],0,0,[],[]
9833130,9834190,NA,OLF,0.0,228,pause,NA,NA,NA,NA,0.0,0,-43.52,-37.39,[],0,0,[],[]
9834190,9839170,NA,MAF,0.0,228,pause,NA,NA,NA,NA,0.0,0,-40.96,-27.23,[],0,0,[],[]
9839170,9840560,NA,OLF,0.0,228,pause,NA,NA,NA,NA,0.0,0,-42.78,-37.97,[],0,0,[],[]
9840560,9842530,NA,MAF,0.0,228,pause,NA,NA,NA,NA,0.0,0,-38.15,-26.26,[],0,0,[],[]
9842530,9843650,NA,OLF,0.0,228,pause,NA,NA,NA,NA,0.0,0,-45.53,-41.2,[],0,0,[],[]
9843650,9844550,NA,NOF,0.0,228,pause,NA,NA,NA,NA,0.0,0,-44.78,-37.57,[],0,0,[],[]
9844550,9845620,NA,MAF,0.0,228,pause,NA,NA,NA,NA,0.0,0,-46.13,-42.07,[],0,0,[],[]
9845620,9847700,NA,OLF,0.0,228,pause,NA,NA,NA,NA,0.0,0,-40.5,-34.46,[],0,0,[],[]
9847700,9849130,NA,NOF,0.0,228,pause,NA,NA,NA,NA,0.0,0,-36.0,-27.58,[],0,0,[],[]
9849130,9850430,NA,OLF,0.0,228,pause,NA,NA,NA,NA,0.0,0,-37.19,-27.44,[],0,0,[],[]
9850430,9851230,NA,NOF,0.0,228,pause,NA,NA,NA,NA,0.0,0,-41.99,-35.64,[],0,0,[],[]
9851230,9852030,NA,CXF,0.0,228,pause,NA,NA,NA,NA,0.0,0,-44.18,-38.57,[],0,0,[],[]
9852030,9853610,NA,MAF,0.0,228,pause,NA,NA,NA,NA,0.0,0,-40.38,-29.63,[],0,0,[],[]
9853610,9854410,NA,NOF,0.0,228,pause,NA,NA,NA,NA,0.0,0,-42.7,-36.16,[],0,0,[],[]
9854410,9855550,NA,TVF,0.0,228,pause,NA,NA,NA,NA,0.0,0,-41.78,-30.68,[],0,0,[],[]
9855550,9856470,NA,SIL,0.0,228,pause,NA,NA,NA,NA,0.0,0,-42.23,-34.62,[],0,0,[],[]
9856470,9858210,NA,MAF,0.0,228,pause,NA,NA,NA,NA,0.0,0,-44.1,-35.45,[],0,0,[],[]
9858210,9859140,NA,NOF,0.0,228,pause,NA,NA,NA,NA,0.0,0,-37.46,-26.6,[],0,0,[],[]
9859140,9859940,NA,OLF,0.0,228,pause,NA,NA,NA,NA,0.0,0,-35.86,-29.8,[],0,0,[],[]
9859940,9861280,NA,NOF,0.0,228,pause,NA,NA,NA,NA,0.0,0,-42.62,-38.53,[],0,0,[],[]
9861280,9863720,NA,OLF,0.0,228,pause,NA,NA,NA,NA,0.0,0,-37.47,-22.82,[],0,0,[],[]
9863720,9875120,NA,SIL,0.0,228,pause,NA,NA,NA,NA,0.0,0,-47.99,-34.26,[],0,0,[],[]
9875120,9876670,NA,TVF,0.0,228,pause,NA,NA,NA,NA,0.0,0,-48.29,-43.63,[],0,0,[],[]
9876670,9881060,NA,SIL,0.0,228,pause,NA,NA,NA,NA,0.0,0,-48.17,-42.98,[],0,0,[],[]
9881060,9882070,NA,TVF,0.0,228,pause,NA,NA,NA,NA,0.0,0,-48.31,-43.93,[],0,0,[],[]
9882070,9884520,NA,SIL,0.0,228,pause,NA,NA,NA,NA,0.0,0,-47.67,-39.43,[],0,0,[],[]
9884520,9885370,NA,OLF,0.0,228,pause,NA,NA,NA,NA,0.0,0,-43.58,-36.88,[],0,0,[],[]
9885370,9886510,NA,SIL,0.0,228,pause,NA,NA,NA,NA,0.0,0,-47.71,-44.08,[],0,0,[],[]
9886510,9887310,NA,NOF,0.0,228,pause,NA,NA,NA,NA,0.0,0,-45.05,-40.56,[],0,0,[],[]
9887310,9890530,NA,SIL,0.0,228,pause,NA,NA,NA,NA,0.0,0,-48.27,-42.36,[],0,0,[],[]
9890530,9891440,NA,OLF,0.0,228,pause,NA,NA,NA,NA,0.0,0,-47.29,-43.62,[],0,0,[],[]
9891440,9892450,NA,TVN,0.0,228,pause,NA,NA,NA,NA,0.0,0,-35.31,-29.36,[],0,0,[],[]
9892450,9895230,NA,OLN,0.0,228,pause,NA,NA,NA,NA,0.0,0,-17.6,-2.69,[],0,0,[],[]
9895230,9897310,NA,NOF,0.0,228,pause,NA,NA,NA,NA,0.0,0,-16.87,-3.97,[],0,0,[],[]
9897310,9898260,NA,OLN,0.0,228,pause,NA,NA,NA,NA,0.0,0,-16.24,-7.89,[],0,0,[],[]
9898260,9899420,CHI,CHN,0.0,228,CIC,BC,0,TIFI,FI,2.0,650,-19.45,-12.49,"[{'Canonical-syllable': '0', 'Growl': '1', 'High-freq-energy': '0', 'Long-island': '0', 'Low-tilt-spectrum': '0', 'Medium-island': '1', 'Short-island': '0', 'Squeal': '0', 'Typical-entropy': '1', 'Voicing-quality': '1', 'Wide-band': '0', 'Xlong-island': '0', 'seq': '1', 'end': 9898.62, 'start': 9898.26}, {'Canonical-syllable': '0', 'Growl': '0', 'High-freq-energy': '0', 'Long-island': '0', 'Low-tilt-spectrum': '0', 'Medium-island': '1', 'Short-island': '0', 'Squeal': '0', 'Typical-entropy': '1', 'Voicing-quality': '1', 'Wide-band': '0', 'Xlong-island': '0', 'seq': '2', 'end': 9899.28, 'start': 9898.99}]",0,0,[],[]
9899420,9900750,NA,OLN,0.0,228,CIC,NA,NA,NA,NA,0.0,0,-25.02,-12.6,[],0,0,[],[]
9900750,9901520,CHI,CHN,0.0,228,CIC,NA,NA,NA,NA,0.0,0,-19.7,-11.83,[],0,770,"[{'start': 9900.75, 'end': 9901.52}]",[]
9901520,9902490,NA,OLN,0.0,228,CIC,NA,NA,NA,NA,0.0,0,-25.18,-18.13,[],0,0,[],[]
9902490,9904690,FEM,FAN,9.9,228,CIC,RC,1,TIFR,FI,0.0,0,-20.24,-13.28,[],0,0,[],[]
9904690,9905290,FEM,FAN,3.15,228,CIC,RC,1,NT,FH,0.0,0,-18.3,-9.87,[],0,0,[],[]
9905290,9907710,NA,OLN,0.0,228,CIC,NA,NA,NA,NA,0.0,0,-13.75,-2.41,[],0,0,[],[]
9907710,9908820,CHI,CHN,0.0,228,CIC,RC,1,TIFI,FI,1.0,1110,-18.43,-12.38,"[{'Canonical-syllable': '2', 'Growl': '0', 'High-freq-energy': '0', 'Long-island': '0', 'Low-tilt-spectrum': '0', 'Medium-island': '1', 'Short-island': '2', 'Squeal': '0', 'Typical-entropy': '2', 'Voicing-quality': '3', 'Wide-band': '0', 'Xlong-island': '0', 'seq': '1', 'end': 9908.82, 'start': 9907.71}]",0,0,[],[]
9908820,9911380,NA,OLN,0.0,228,CIC,NA,NA,NA,NA,0.0,0,-19.09,-4.72,[],0,0,[],[]
9911380,9912480,FEM,FAN,3.99,228,CIC,RC,2,TIFR,FI,0.0,0,-15.77,-10.83,[],0,0,[],[]
9912480,9913770,NA,OLN,0.0,228,CIC,NA,NA,NA,NA,0.0,0,-19.38,-10.19,[],0,0,[],[]
9913770,9914790,CHI,CHN,0.0,228,CIC,RC,2,TIFE,FI,1.0,1020,-15.68,-9.48,"[{'Canonical-syllable': '0', 'Growl': '0', 'High-freq-energy': '0', 'Long-island': '1', 'Low-tilt-spectrum': '0', 'Medium-island': '0', 'Short-island': '0', 'Squeal': '0', 'Typical-entropy': '1', 'Voicing-quality': '2', 'Wide-band': '0', 'Xlong-island': '0', 'seq': '1', 'end': 9914.79, 'start': 9913.77}]",0,0,[],[]
9914790,9916620,NA,OLN,0.0,228,CIC,NA,NA,NA,NA,0.0,0,-14.85,-10.42,[],0,0,[],[]
9916620,9917520,CHI,CHN,0.0,228,CIC,EC,2,NT,FH,1.0,900,-15.41,-13.23,"[{'Canonical-syllable': '0', 'Growl': '0', 'High-freq-energy': '0', 'Long-island': '1', 'Low-tilt-spectrum': '0', 'Medium-island': '0', 'Short-island': '0', 'Squeal': '1', 'Typical-entropy': '0', 'Voicing-quality': '1', 'Wide-band': '0', 'Xlong-island': '0', 'seq': '1', 'end': 9917.52, 'start': 9916.62}]",0,0,[],[]
9917520,9919040,NA,OLN,0.0,229,pause,NA,NA,NA,NA,0.0,0,-26.31,-19.06,[],0,0,[],[]
9919040,9921230,NA,NOF,0.0,229,pause,NA,NA,NA,NA,0.0,0,-23.69,-5.65,[],0,0,[],[]
9921230,9922030,NA,OLF,0.0,229,pause,NA,NA,NA,NA,0.0,0,-38.91,-28.91,[],0,0,[],[]
9922030,9924980,NA,NOF,0.0,229,pause,NA,NA,NA,NA,0.0,0,-40.26,-22.15,[],0,0,[],[]
9924980,9926900,NA,OLN,0.0,229,pause,NA,NA,NA,NA,0.0,0,-24.71,-17.64,[],0,0,[],[]
9926900,9927920,FEM,FAN,2.38,229,AMF,EC,0,NT,FI,0.0,0,-19.64,-14.89,[],0,0,[],[]
9927920,9933110,NA,OLN,0.0,230,pause,NA,NA,NA,NA,0.0,0,-20.89,-8.0,[],0,0,[],[]
9933110,9934120,NA,TVN,0.0,230,pause,NA,NA,NA,NA,0.0,0,-23.49,-19.56,[],0,0,[],[]
9934120,9934990,NA,OLF,0.0,230,pause,NA,NA,NA,NA,0.0,0,-36.27,-27.82,[],0,0,[],[]
9934990,9937920,NA,NOF,0.0,230,pause,NA,NA,NA,NA,0.0,0,-23.79,-4.34,[],0,0,[],[]
9937920,9938730,NA,OLN,0.0,230,pause,NA,NA,NA,NA,0.0,0,-40.75,-36.22,[],0,0,[],[]
9938730,9939730,NA,MAF,0.0,230,pause,NA,NA,NA,NA,0.0,0,-35.74,-26.3,[],0,0,[],[]
9939730,9942060,NA,OLN,0.0,230,pause,NA,NA,NA,NA,0.0,0,-26.05,-8.81,[],0,0,[],[]
9942060,9944630,OCH,CXN,0.0,230,XIOCA,BC,0,NT,FI,0.0,0,-27.11,-24.54,[],0,0,[],[]
9944630,9945460,NA,OLN,0.0,230,XIOCA,NA,NA,NA,NA,0.0,0,-22.78,-15.63,[],0,0,[],[]
9945460,9946420,FEM,FAN,4.54,230,XIOCA,RC,0,NT,FI,0.0,0,-18.87,-13.91,[],0,0,[],[]
9946420,9947800,FEM,FAN,4.68,230,XIOCA,EC,0,NT,FH,0.0,0,-16.08,-9.39,[],0,0,[],[]
9947800,9949490,NA,TVF,0.0,231,pause,NA,NA,NA,NA,0.0,0,-44.76,-39.67,[],0,0,[],[]
9949490,9951080,NA,OLF,0.0,231,pause,NA,NA,NA,NA,0.0,0,-38.22,-21.98,[],0,0,[],[]
9951080,9952110,NA,MAF,0.0,231,pause,NA,NA,NA,NA,0.0,0,-35.39,-26.8,[],0,0,[],[]
9952110,9952910,NA,NOF,0.0,231,pause,NA,NA,NA,NA,0.0,0,-37.2,-29.57,[],0,0,[],[]
9952910,9953710,NA,SIL,0.0,231,pause,NA,NA,NA,NA,0.0,0,-44.55,-39.29,[],0,0,[],[]
9953710,9954850,NA,OLF,0.0,231,pause,NA,NA,NA,NA,0.0,0,-31.74,-17.67,[],0,0,[],[]
9954850,9955790,NA,SIL,0.0,231,pause,NA,NA,NA,NA,0.0,0,-47.29,-38.67,[],0,0,[],[]
9955790,9956790,NA,TVN,0.0,231,pause,NA,NA,NA,NA,0.0,0,-33.33,-25.95,[],0,0,[],[]
9956790,9957600,NA,OLN,0.0,231,pause,NA,NA,NA,NA,0.0,0,-30.31,-20.84,[],0,0,[],[]
9957600,9958660,NA,TVN,0.0,231,pause,NA,NA,NA,NA,0.0,0,-28.21,-21.52,[],0,0,[],[]
9958660,9961530,NA,OLN,0.0,231,pause,NA,NA,NA,NA,0.0,0,-24.56,-15.94,[],0,0,[],[]
9961530,9962650,NA,TVN,0.0,231,pause,NA,NA,NA,NA,0.0,0,-30.49,-25.73,[],0,0,[],[]
9962650,9963450,NA,OLN,0.0,231,pause,NA,NA,NA,NA,0.0,0,-25.26,-21.15,[],0,0,[],[]
9963450,9965740,NA,NON,0.0,231,pause,NA,NA,NA,NA,0.0,0,-32.75,-23.89,[],0,0,[],[]
9965740,9966540,NA,SIL,0.0,231,pause,NA,NA,NA,NA,0.0,0,-46.73,-40.01,[],0,0,[],[]
9966540,9967370,NA,CHF,0.0,231,CM,BC,0,NT,FI,1.0,830,-41.84,-32.07,"[{'Canonical-syllable': '0', 'Growl': '1', 'High-freq-energy': '0', 'Long-island': '1', 'Low-tilt-spectrum': '1', 'Medium-island': '0', 'Short-island': '0', 'Squeal': '0', 'Typical-entropy': '0', 'Voicing-quality': '1', 'Wide-band': '0', 'Xlong-island': '0', 'seq': '1', 'end': 9967.37, 'start': 9966.54}]",0,0,[],[]
9967370,9968520,CHI,CHN,0.0,231,CM,RC,0,NT,FH,1.0,1150,-20.7,-14.25,"[{'Canonical-syllable': '2', 'Growl': '0', 'High-freq-energy': '0', 'Long-island': '0', 'Low-tilt-spectrum': '2', 'Medium-island': '2', 'Short-island': '1', 'Squeal': '0', 'Typical-entropy': '3', 'Voicing-quality': '3', 'Wide-band': '0', 'Xlong-island': '0', 'seq': '1', 'end': 9968.52, 'start': 9967.37}]",0,0,[],[]
9968520,9970720,NA,OLN,0.0,231,CM,NA,NA,NA,NA,0.0,0,-20.95,-6.12,[],0,0,[],[]
9970720,9971990,NA,TVN,0.0,231,CM,NA,NA,NA,NA,0.0,0,-29.7,-20.95,[],0,0,[],[]
9971990,9972680,CHI,CHN,0.0,231,CM,EC,0,NT,FH,1.0,690,-25.6,-21.39,"[{'Canonical-syllable': '0', 'Growl': '0', 'High-freq-energy': '0', 'Long-island': '1', 'Low-tilt-spectrum': '0', 'Medium-island': '0', 'Short-island': '0', 'Squeal': '0', 'Typical-entropy': '0', 'Voicing-quality': '1', 'Wide-band': '0', 'Xlong-island': '0', 'seq': '1', 'end': 9972.68, 'start': 9971.99}]",0,0,[],[]
9972680,9973550,NA,OLN,0.0,232,pause,NA,NA,NA,NA,0.0,0,-26.9,-20.39,[],0,0,[],[]
9973550,9975390,NA,TVN,0.0,232,pause,NA,NA,NA,NA,0.0,0,-38.95,-28.22,[],0,0,[],[]
9975390,9977390,NA,TVF,0.0,232,pause,NA,NA,NA,NA,0.0,0,-45.48,-39.29,[],0,0,[],[]
9977390,9979360,NA,MAF,0.0,232,pause,NA,NA,NA,NA,0.0,0,-38.86,-19.12,[],0,0,[],[]
9979360,9980270,NA,OLF,0.0,232,pause,NA,NA,NA,NA,0.0,0,-19.52,-2.46,[],0,0,[],[]
9980270,9982110,NA,NON,0.0,232,pause,NA,NA,NA,NA,0.0,0,-27.57,-19.16,[],0,0,[],[]
9982110,9983880,NA,OLN,0.0,232,pause,NA,NA,NA,NA,0.0,0,-20.5,-5.97,[],0,0,[],[]
9983880,9984880,OCH,CXN,0.0,232,XIOCA,BC,0,NT,FI,0.0,0,-31.72,-24.86,[],0,0,[],[]
9984880,9985760,OCH,CXN,0.0,232,XIOCA,RC,0,NT,FH,0.0,0,-34.52,-27.24,[],0,0,[],[]
9985760,9986870,FEM,FAN,9.3,232,XIOCA,EC,0,NT,FI,0.0,0,-34.58,-24.18,[],0,0,[],[]
9986870,9987810,NA,SIL,0.0,233,pause,NA,NA,NA,NA,0.0,0,-44.9,-36.34,[],0,0,[],[]
9987810,9988880,NA,MAF,0.0,233,pause,NA,NA,NA,NA,0.0,0,-41.72,-32.39,[],0,0,[],[]
9988880,9989750,NA,SIL,0.0,233,pause,NA,NA,NA,NA,0.0,0,-45.1,-39.78,[],0,0,[],[]
9989750,9991780,NA,TVF,0.0,233,pause,NA,NA,NA,NA,0.0,0,-44.97,-37.63,[],0,0,[],[]
9991780,9992690,NA,OLF,0.0,233,pause,NA,NA,NA,NA,0.0,0,-40.68,-34.95,[],0,0,[],[]
9992690,9994020,NA,NOF,0.0,233,pause,NA,NA,NA,NA,0.0,0,-39.29,-21.91,[],0,0,[],[]
9994020,9994620,FEM,FAN,0.0,233,pause,NA,NA,NA,NA,0.0,0,-27.51,-23.99,[],600,0,[],[]
9994620,9997450,NA,OLF,0.0,233,pause,NA,NA,NA,NA,0.0,0,-34.48,-16.37,[],0,0,[],[]
9997450,9998450,MAL,MAN,9.42,233,AMM,EC,0,NT,FI,0.0,0,-38.89,-33.0,[],0,0,[],[]
9998450,10001050,NA,TVN,0.0,234,pause,NA,NA,NA,NA,0.0,0,-40.13,-33.81,[],0,0,[],[]
10001050,10002050,NA,MAF,0.0,234,pause,NA,NA,NA,NA,0.0,0,-39.34,-32.98,[],0,0,[],[]
10002050,10002870,NA,OLF,0.0,234,pause,NA,NA,NA,NA,0.0,0,-39.21,-33.08,[],0,0,[],[]
10002870,10003980,NA,TVN,0.0,234,pause,NA,NA,NA,NA,0.0,0,-40.81,-34.59,[],0,0,[],[]
10003980,10005220,NA,MAF,0.0,234,pause,NA,NA,NA,NA,0.0,0,-33.7,-26.66,[],0,0,[],[]
10005220,10006240,NA,TVN,0.0,234,pause,NA,NA,NA,NA,0.0,0,-36.27,-31.22,[],0,0,[],[]
10006240,10008450,NA,OLN,0.0,234,pause,NA,NA,NA,NA,0.0,0,-26.52,-20.98,[],0,0,[],[]
10008450,10016970,NA,TVN,0.0,234,pause,NA,NA,NA,NA,0.0,0,-36.94,-31.08,[],0,0,[],[]
10016970,10020310,NA,NOF,0.0,234,pause,NA,NA,NA,NA,0.0,0,-25.24,-3.25,[],0,0,[],[]
10020310,10021310,CHI,CHN,0.0,234,CIOCX,BC,0,NT,FI,1.0,910,-21.79,-12.94,"[{'Canonical-syllable': '2', 'Growl': '1', 'High-freq-energy': '0', 'Long-island': '0', 'Low-tilt-spectrum': '1', 'Medium-island': '1', 'Short-island': '2', 'Squeal': '0', 'Typical-entropy': '3', 'Voicing-quality': '2', 'Wide-band': '1', 'Xlong-island': '0', 'seq': '1', 'end': 10021.22, 'start': 10020.48}]",0,0,[],[]
10021310,10022940,NA,OLN,0.0,234,CIOCX,NA,NA,NA,NA,0.0,0,-26.86,-19.0,[],0,0,[],[]
10022940,10023740,OCH,CXN,0.0,234,CIOCX,RC,0,NT,FI,0.0,0,-34.82,-29.89,[],0,0,[],[]
10023740,10024540,NA,OLN,0.0,234,CIOCX,NA,NA,NA,NA,0.0,0,-33.46,-27.27,[],0,0,[],[]
10024540,10025340,OCH,CXN,0.0,234,CIOCX,EC,0,NT,FH,0.0,0,-34.21,-29.27,[],0,0,[],[]
10025340,10026420,NA,TVN,0.0,235,pause,NA,NA,NA,NA,0.0,0,-39.36,-31.31,[],0,0,[],[]
10026420,10027660,NA,OLN,0.0,235,pause,NA,NA,NA,NA,0.0,0,-34.78,-28.76,[],0,0,[],[]
10027660,10028740,NA,TVN,0.0,235,pause,NA,NA,NA,NA,0.0,0,-33.5,-28.41,[],0,0,[],[]
10028740,10029990,NA,OLN,0.0,235,pause,NA,NA,NA,NA,0.0,0,-36.31,-23.0,[],0,0,[],[]
10029990,10031000,NA,FAF,0.0,235,pause,NA,NA,NA,NA,0.0,0,-45.24,-33.77,[],0,0,[],[]
10031000,10031880,NA,NOF,0.0,235,pause,NA,NA,NA,NA,0.0,0,-46.03,-38.66,[],0,0,[],[]
10031880,10032900,FEM,FAN,2.88,235,AIOCF,BC,0,NT,FI,0.0,0,-41.75,-33.5,[],0,0,[],[]
10032900,10033900,NA,TVF,0.0,235,AIOCF,NA,NA,NA,NA,0.0,0,-42.01,-34.87,[],0,0,[],[]
10033900,10034730,NA,OLN,0.0,235,AIOCF,NA,NA,NA,NA,0.0,0,-35.28,-28.39,[],0,0,[],[]
10034730,10036510,FEM,FAN,7.07,235,AIOCF,RC,0,NT,FH,0.0,0,-38.39,-28.58,[],0,0,[],[]
10036510,10037670,FEM,FAN,4.09,235,AIOCF,RC,0,NT,FH,0.0,0,-35.17,-27.84,[],0,0,[],[]
10037670,10039300,NA,TVN,0.0,235,AIOCF,NA,NA,NA,NA,0.0,0,-38.97,-37.41,[],0,0,[],[]
10039300,10040190,NA,OLN,0.0,235,AIOCF,NA,NA,NA,NA,0.0,0,-41.36,-36.47,[],0,0,[],[]
10040190,10041500,OCH,CXN,0.0,235,AIOCF,EC,0,NT,FI,0.0,0,-30.58,-22.57,[],0,0,[],[]
10041500,10043000,NA,OLN,0.0,236,pause,NA,NA,NA,NA,0.0,0,-35.98,-24.42,[],0,0,[],[]
10043000,10044040,NA,OLF,0.0,236,pause,NA,NA,NA,NA,0.0,0,-39.72,-33.33,[],0,0,[],[]
10044040,10048170,NA,SIL,0.0,236,pause,NA,NA,NA,NA,0.0,0,-48.53,-43.88,[],0,0,[],[]
10048170,10049030,NA,NOF,0.0,236,pause,NA,NA,NA,NA,0.0,0,-40.76,-28.69,[],0,0,[],[]
10049030,10050240,NA,OLF,0.0,236,pause,NA,NA,NA,NA,0.0,0,-24.28,-6.34,[],0,0,[],[]
10050240,10051560,NA,NON,0.0,236,pause,NA,NA,NA,NA,0.0,0,-23.28,-6.13,[],0,0,[],[]
10051560,10054910,NA,OLN,0.0,236,pause,NA,NA,NA,NA,0.0,0,-14.71,-5.27,[],0,0,[],[]
10054910,10055910,FEM,FAN,5.33,236,AICF,BC,0,TIFI,FI,0.0,0,-17.12,-12.19,[],0,0,[],[]
10055910,10056560,CHI,CHN,0.0,236,AICF,RC,1,TIFR,FI,1.0,650,-17.76,-13.35,"[{'Canonical-syllable': '1', 'Growl': '0', 'High-freq-energy': '0', 'Long-island': '0', 'Low-tilt-spectrum': '0', 'Medium-island': '0', 'Short-island': '2', 'Squeal': '0', 'Typical-entropy': '2', 'Voicing-quality': '2', 'Wide-band': '0', 'Xlong-island': '0', 'seq': '1', 'end': 10056.56, 'start': 10055.91}]",0,0,[],[]
10056560,10057740,FEM,FAN,3.24,236,AICF,EC,1,TIFE,FI,0.0,0,-18.14,-12.01,[],0,0,[],[]
10057740,10058750,NA,TVF,0.0,237,pause,NA,NA,NA,NA,0.0,0,-42.96,-31.85,[],0,0,[],[]
10058750,10059570,NA,OLF,0.0,237,pause,NA,NA,NA,NA,0.0,0,-36.2,-17.67,[],0,0,[],[]
10059570,10061450,NA,MAF,0.0,237,pause,NA,NA,NA,NA,0.0,0,-44.0,-33.41,[],0,0,[],[]
10061450,10062740,NA,NOF,0.0,237,pause,NA,NA,NA,NA,0.0,0,-37.57,-26.23,[],0,0,[],[]
10062740,10064050,NA,OLF,0.0,237,pause,NA,NA,NA,NA,0.0,0,-36.85,-26.11,[],0,0,[],[]
10064050,10064660,CHI,CHN,0.0,237,CIC,BC,0,TIFI,FI,1.0,610,-29.97,-23.26,"[{'Canonical-syllable': '0', 'Growl': '1', 'High-freq-energy': '0', 'Long-island': '0', 'Low-tilt-spectrum': '1', 'Medium-island': '1', 'Short-island': '1', 'Squeal': '0', 'Typical-entropy': '0', 'Voicing-quality': '1', 'Wide-band': '0', 'Xlong-island': '0', 'seq': '1', 'end': 10064.66, 'start': 10064.05}]",0,0,[],[]
10064660,10065490,NA,NOF,0.0,237,CIC,NA,NA,NA,NA,0.0,0,-40.5,-25.18,[],0,0,[],[]
10065490,10066390,NA,OLF,0.0,237,CIC,NA,NA,NA,NA,0.0,0,-39.19,-32.56,[],0,0,[],[]
10066390,10067420,NA,MAF,0.0,237,CIC,NA,NA,NA,NA,0.0,0,-41.7,-35.03,[],0,0,[],[]
10067420,10068280,FEM,FAN,5.22,237,CIC,RC,1,TIFR,FI,0.0,0,-34.03,-27.52,[],0,0,[],[]
10068280,10069570,FEM,FAN,5.94,237,CIC,RC,1,NT,FH,0.0,0,-34.45,-28.46,[],0,0,[],[]
10069570,10070730,OCH,CXN,0.0,237,CIC,EC,1,NT,FI,0.0,0,-36.02,-27.96,[],0,0,[],[]
10070730,10071970,NA,OLN,0.0,238,pause,NA,NA,NA,NA,0.0,0,-34.37,-28.32,[],0,0,[],[]
10071970,10072970,NA,TVN,0.0,238,pause,NA,NA,NA,NA,0.0,0,-33.89,-27.52,[],0,0,[],[]
10072970,10074650,NA,OLN,0.0,238,pause,NA,NA,NA,NA,0.0,0,-36.66,-27.63,[],0,0,[],[]
10074650,10078960,NA,SIL,0.0,238,pause,NA,NA,NA,NA,0.0,0,-49.02,-32.67,[],0,0,[],[]
10078960,10079960,NA,TVF,0.0,238,pause,NA,NA,NA,NA,0.0,0,-48.19,-43.83,[],0,0,[],[]
10079960,10082720,NA,SIL,0.0,238,pause,NA,NA,NA,NA,0.0,0,-48.09,-33.86,[],0,0,[],[]
10082720,10083520,NA,OLN,0.0,238,pause,NA,NA,NA,NA,0.0,0,-40.04,-35.13,[],0,0,[],[]
10083520,10085050,NA,TVN,0.0,238,pause,NA,NA,NA,NA,0.0,0,-40.68,-33.47,[],0,0,[],[]
10085050,10086550,NA,NOF,0.0,238,pause,NA,NA,NA,NA,0.0,0,-46.08,-36.51,[],0,0,[],[]
10086550,10088130,NA,OLF,0.0,238,pause,NA,NA,NA,NA,0.0,0,-39.91,-32.0,[],0,0,[],[]
10088130,10088930,OCH,CXN,0.0,238,XIOCA,BC,0,NT,FI,0.0,0,-31.28,-24.89,[],0,0,[],[]
10088930,10090120,FEM,FAN,4.03,238,XIOCA,RC,0,NT,FI,0.0,0,-33.52,-28.22,[],0,0,[],[]
10090120,10091430,OCH,CXN,0.0,238,XIOCA,RC,0,NT,FI,0.0,0,-33.48,-26.09,[],0,0,[],[]
10091430,10092520,NA,OLN,0.0,238,XIOCA,NA,NA,NA,NA,0.0,0,-33.24,-29.08,[],0,0,[],[]
10092520,10093550,NA,TVN,0.0,238,XIOCA,NA,NA,NA,NA,0.0,0,-32.96,-28.29,[],0,0,[],[]
10093550,10094800,NA,OLN,0.0,238,XIOCA,NA,NA,NA,NA,0.0,0,-36.41,-29.71,[],0,0,[],[]
10094800,10095610,NA,SIL,0.0,238,XIOCA,NA,NA,NA,NA,0.0,0,-46.23,-36.74,[],0,0,[],[]
10095610,10096610,OCH,CXN,0.0,238,XIOCA,RC,0,NT,FH,0.0,0,-33.62,-25.37,[],0,0,[],[]
10096610,10097410,OCH,CXN,0.0,238,XIOCA,RC,0,NT,FH,0.0,0,-35.53,-30.75,[],0,0,[],[]
10097410,10098550,FEM,FAN,4.15,238,XIOCA,EC,0,NT,FI,0.0,0,-36.42,-30.59,[],0,0,[],[]
10098550,10099600,NA,TVN,0.0,239,pause,NA,NA,NA,NA,0.0,0,-39.45,-31.85,[],0,0,[],[]
10099600,10102510,NA,OLN,0.0,239,pause,NA,NA,NA,NA,0.0,0,-23.08,-11.11,[],0,0,[],[]
10102510,10109080,NA,NOF,0.0,239,pause,NA,NA,NA,NA,0.0,0,-39.77,-17.44,[],0,0,[],[]
10109080,10109880,NA,SIL,0.0,239,pause,NA,NA,NA,NA,0.0,0,-47.76,-36.0,[],0,0,[],[]
10109880,10110830,CHI,CHN,0.0,239,CM,EC,0,NT,FI,1.0,950,-17.59,-12.13,"[{'Canonical-syllable': '0', 'Growl': '1', 'High-freq-energy': '0', 'Long-island': '0', 'Low-tilt-spectrum': '0', 'Medium-island': '1', 'Short-island': '1', 'Squeal': '0', 'Typical-entropy': '1', 'Voicing-quality': '1', 'Wide-band': '0', 'Xlong-island': '0', 'seq': '1', 'end': 10110.83, 'start': 10109.88}]",0,0,[],[]
10110830,10112350,NA,NOF,0.0,240,pause,NA,NA,NA,NA,0.0,0,-36.62,-21.87,[],0,0,[],[]
10112350,10113840,NA,OLF,0.0,240,pause,NA,NA,NA,NA,0.0,0,-31.59,-17.67,[],0,0,[],[]
10113840,10114940,NA,NOF,0.0,240,pause,NA,NA,NA,NA,0.0,0,-42.26,-31.84,[],0,0,[],[]
10114940,10115740,NA,SIL,0.0,240,pause,NA,NA,NA,NA,0.0,0,-50.1,-45.56,[],0,0,[],[]
10115740,10116540,NA,NOF,0.0,240,pause,NA,NA,NA,NA,0.0,0,-49.12,-42.27,[],0,0,[],[]
10116540,10117430,NA,SIL,0.0,240,pause,NA,NA,NA,NA,0.0,0,-51.21,-44.74,[],0,0,[],[]
10117430,10123090,NA,NOF,0.0,240,pause,NA,NA,NA,NA,0.0,0,-39.88,-22.67,[],0,0,[],[]
10123090,10129620,NA,OLF,0.0,240,pause,NA,NA,NA,NA,0.0,0,-29.56,-6.53,[],0,0,[],[]
10129620,10130430,NA,NOF,0.0,240,pause,NA,NA,NA,NA,0.0,0,-40.63,-31.61,[],0,0,[],[]
10130430,10134520,NA,OLF,0.0,240,pause,NA,NA,NA,NA,0.0,0,-40.58,-21.87,[],0,0,[],[]
10134520,10135320,NA,OLN,0.0,240,pause,NA,NA,NA,NA,0.0,0,-24.2,-6.47,[],0,0,[],[]
10135320,10137390,NA,OLF,0.0,240,pause,NA,NA,NA,NA,0.0,0,-22.51,-4.62,[],0,0,[],[]
10137390,10138190,NA,NOF,0.0,240,pause,NA,NA,NA,NA,0.0,0,-42.1,-25.45,[],0,0,[],[]
10138190,10139230,NA,SIL,0.0,240,pause,NA,NA,NA,NA,0.0,0,-47.71,-43.1,[],0,0,[],[]
10139230,10140030,OCH,CXN,0.0,240,XM,EC,0,NT,FI,0.0,0,-32.11,-26.27,[],0,0,[],[]
10140030,10140830,NA,OLF,0.0,241,pause,NA,NA,NA,NA,0.0,0,-40.31,-33.26,[],0,0,[],[]
10140830,10141630,NA,NOF,0.0,241,pause,NA,NA,NA,NA,0.0,0,-44.0,-35.56,[],0,0,[],[]
10141630,10144360,NA,OLN,0.0,241,pause,NA,NA,NA,NA,0.0,0,-25.44,-6.9,[],0,0,[],[]
10144360,10145260,NA,OLF,0.0,241,pause,NA,NA,NA,NA,0.0,0,-36.61,-28.62,[],0,0,[],[]
10145260,10146290,NA,MAF,0.0,241,pause,NA,NA,NA,NA,0.0,0,-31.91,-28.75,[],0,0,[],[]
10146290,10147390,NA,TVF,0.0,241,pause,NA,NA,NA,NA,0.0,0,-31.5,-25.88,[],0,0,[],[]
10147390,10148740,MAL,MAN,5.34,241,AMM,BC,0,NT,FI,0.0,0,-20.71,-7.24,[],0,0,[],[]
10148740,10149780,FEM,FAN,4.57,241,AMM,EC,0,NT,FI,0.0,0,-33.33,-25.08,[],0,0,[],[]
10149780,10152560,NA,OLF,0.0,242,pause,NA,NA,NA,NA,0.0,0,-36.02,-25.0,[],0,0,[],[]
10152560,10153360,NA,NOF,0.0,242,pause,NA,NA,NA,NA,0.0,0,-43.84,-38.17,[],0,0,[],[]
10153360,10154360,NA,TVF,0.0,242,pause,NA,NA,NA,NA,0.0,0,-42.6,-35.02,[],0,0,[],[]
10154360,10156660,NA,OLF,0.0,242,pause,NA,NA,NA,NA,0.0,0,-31.3,-15.69,[],0,0,[],[]
10156660,10158000,OCH,CXN,0.0,242,XM,EC,0,NT,FI,0.0,0,-33.57,-26.16,[],0,0,[],[]
10158000,10159550,NA,SIL,0.0,243,pause,NA,NA,NA,NA,0.0,0,-48.29,-43.38,[],0,0,[],[]
10159550,10160840,NA,TVF,0.0,243,pause,NA,NA,NA,NA,0.0,0,-42.76,-29.52,[],0,0,[],[]
10160840,10161670,NA,SIL,0.0,243,pause,NA,NA,NA,NA,0.0,0,-47.51,-40.66,[],0,0,[],[]
10161670,10163420,NA,TVF,0.0,243,pause,NA,NA,NA,NA,0.0,0,-48.06,-41.48,[],0,0,[],[]
10163420,10165220,NA,SIL,0.0,243,pause,NA,NA,NA,NA,0.0,0,-46.34,-39.78,[],0,0,[],[]
10165220,10166190,NA,OLN,0.0,243,pause,NA,NA,NA,NA,0.0,0,-26.06,-12.19,[],0,0,[],[]
10166190,10167470,NA,NON,0.0,243,pause,NA,NA,NA,NA,0.0,0,-34.82,-27.67,[],0,0,[],[]
10167470,10170550,NA,OLN,0.0,243,pause,NA,NA,NA,NA,0.0,0,-28.72,-13.34,[],0,0,[],[]
10170550,10171350,NA,CXF,0.0,243,pause,NA,NA,NA,NA,0.0,0,-36.61,-33.0,[],0,0,[],[]
10171350,10172150,NA,OLN,0.0,243,pause,NA,NA,NA,NA,0.0,0,-27.79,-13.89,[],0,0,[],[]
10172150,10172950,OCH,CXN,0.0,243,XM,BC,0,NT,FI,0.0,0,-33.26,-29.04,[],0,0,[],[]
10172950,10173550,NA,OLN,0.0,243,XM,NA,NA,NA,NA,0.0,0,-35.56,-30.97,[],0,0,[],[]
10173550,10174540,OCH,CXN,0.0,243,XM,RC,0,NT,FH,0.0,0,-33.02,-29.71,[],0,0,[],[]
10174540,10175340,NA,OLN,0.0,243,XM,NA,NA,NA,NA,0.0,0,-29.67,-26.55,[],0,0,[],[]
10175340,10176270,OCH,CXN,0.0,243,XM,EC,0,NT,FH,0.0,0,-31.33,-25.22,[],0,0,[],[]
10176270,10182090,NA,OLN,0.0,244,pause,NA,NA,NA,NA,0.0,0,-28.24,-14.89,[],0,0,[],[]
10182090,10187110,NA,NON,0.0,244,pause,NA,NA,NA,NA,0.0,0,-30.61,-10.56,[],0,0,[],[]
10187110,10187920,NA,OLN,0.0,244,pause,NA,NA,NA,NA,0.0,0,-27.33,-13.2,[],0,0,[],[]
10187920,10191740,NA,NOF,0.0,244,pause,NA,NA,NA,NA,0.0,0,-36.57,-16.23,[],0,0,[],[]
10191740,10193570,NA,OLF,0.0,244,pause,NA,NA,NA,NA,0.0,0,-42.4,-35.86,[],0,0,[],[]
10193570,10194570,NA,TVF,0.0,244,pause,NA,NA,NA,NA,0.0,0,-41.67,-34.28,[],0,0,[],[]
10194570,10195480,NA,NOF,0.0,244,pause,NA,NA,NA,NA,0.0,0,-42.55,-36.47,[],0,0,[],[]
10195480,10196390,NA,SIL,0.0,244,pause,NA,NA,NA,NA,0.0,0,-47.24,-36.51,[],0,0,[],[]
10196390,10198240,NA,NOF,0.0,244,pause,NA,NA,NA,NA,0.0,0,-43.13,-32.71,[],0,0,[],[]
10198240,10199060,NA,OLF,0.0,244,pause,NA,NA,NA,NA,0.0,0,-28.69,-14.87,[],0,0,[],[]
10199060,10202850,NA,NOF,0.0,244,pause,NA,NA,NA,NA,0.0,0,-35.6,-19.3,[],0,0,[],[]
10202850,10204170,NA,OLN,0.0,244,pause,NA,NA,NA,NA,0.0,0,-28.47,-13.1,[],0,0,[],[]
10204170,10206420,NA,NOF,0.0,244,pause,NA,NA,NA,NA,0.0,0,-33.21,-21.21,[],0,0,[],[]
10206420,10207690,NA,OLN,0.0,244,pause,NA,NA,NA,NA,0.0,0,-26.0,-10.03,[],0,0,[],[]
10207690,10209640,NA,NOF,0.0,244,pause,NA,NA,NA,NA,0.0,0,-42.5,-33.96,[],0,0,[],[]
10209640,10210760,NA,MAF,0.0,244,pause,NA,NA,NA,NA,0.0,0,-42.89,-36.68,[],0,0,[],[]
10210760,10212490,NA,SIL,0.0,244,pause,NA,NA,NA,NA,0.0,0,-48.42,-42.87,[],0,0,[],[]
10212490,10213530,NA,MAF,0.0,244,pause,NA,NA,NA,NA,0.0,0,-45.28,-37.84,[],0,0,[],[]
10213530,10214420,NA,NOF,0.0,244,pause,NA,NA,NA,NA,0.0,0,-42.0,-29.16,[],0,0,[],[]
10214420,10216120,NA,TVF,0.0,244,pause,NA,NA,NA,NA,0.0,0,-46.99,-39.67,[],0,0,[],[]
10216120,10217230,NA,OLF,0.0,244,pause,NA,NA,NA,NA,0.0,0,-38.52,-28.93,[],0,0,[],[]
10217230,10218350,NA,NON,0.0,244,pause,NA,NA,NA,NA,0.0,0,-25.61,-12.16,[],0,0,[],[]
10218350,10219580,NA,OLN,0.0,244,pause,NA,NA,NA,NA,0.0,0,-29.66,-18.41,[],0,0,[],[]
10219580,10220410,NA,OLF,0.0,244,pause,NA,NA,NA,NA,0.0,0,-37.09,-30.43,[],0,0,[],[]
10220410,10221210,NA,SIL,0.0,244,pause,NA,NA,NA,NA,0.0,0,-45.6,-38.26,[],0,0,[],[]
10221210,10222010,NA,NON,0.0,244,pause,NA,NA,NA,NA,0.0,0,-38.93,-33.47,[],0,0,[],[]
10222010,10224840,NA,OLF,0.0,244,pause,NA,NA,NA,NA,0.0,0,-41.47,-29.45,[],0,0,[],[]
10224840,10225640,NA,NOF,0.0,244,pause,NA,NA,NA,NA,0.0,0,-41.94,-27.93,[],0,0,[],[]
10225640,10231900,NA,OLF,0.0,244,pause,NA,NA,NA,NA,0.0,0,-38.37,-23.8,[],0,0,[],[]
10231900,10234460,NA,CXF,0.0,244,pause,NA,NA,NA,NA,0.0,0,-38.21,-33.66,[],0,0,[],[]
10234460,10235880,NA,OLF,0.0,244,pause,NA,NA,NA,NA,0.0,0,-38.5,-32.23,[],0,0,[],[]
10235880,10236900,NA,CXF,0.0,244,pause,NA,NA,NA,NA,0.0,0,-41.78,-38.24,[],0,0,[],[]
10236900,10240060,NA,OLF,0.0,244,pause,NA,NA,NA,NA,0.0,0,-40.6,-31.55,[],0,0,[],[]
10240060,10241100,NA,CXF,0.0,244,pause,NA,NA,NA,NA,0.0,0,-42.18,-36.92,[],0,0,[],[]
10241100,10244560,NA,OLF,0.0,244,pause,NA,NA,NA,NA,0.0,0,-40.88,-36.41,[],0,0,[],[]
10244560,10245460,NA,SIL,0.0,244,pause,NA,NA,NA,NA,0.0,0,-48.37,-43.05,[],0,0,[],[]
10245460,10246280,NA,OLF,0.0,244,pause,NA,NA,NA,NA,0.0,0,-40.49,-37.82,[],0,0,[],[]
10246280,10247210,NA,CXF,0.0,244,pause,NA,NA,NA,NA,0.0,0,-41.64,-38.36,[],0,0,[],[]
10247210,10248620,NA,TVF,0.0,244,pause,NA,NA,NA,NA,0.0,0,-42.58,-38.96,[],0,0,[],[]
10248620,10251320,NA,OLN,0.0,244,pause,NA,NA,NA,NA,0.0,0,-35.98,-20.1,[],0,0,[],[]
10251320,10252440,NA,SIL,0.0,244,pause,NA,NA,NA,NA,0.0,0,-46.61,-42.36,[],0,0,[],[]
10252440,10255120,NA,NOF,0.0,244,pause,NA,NA,NA,NA,0.0,0,-43.86,-32.85,[],0,0,[],[]
10255120,10257040,NA,SIL,0.0,244,pause,NA,NA,NA,NA,0.0,0,-47.5,-41.01,[],0,0,[],[]
10257040,10258140,NA,TVF,0.0,244,pause,NA,NA,NA,NA,0.0,0,-46.21,-41.42,[],0,0,[],[]
10258140,10259180,NA,SIL,0.0,244,pause,NA,NA,NA,NA,0.0,0,-47.41,-42.5,[],0,0,[],[]
10259180,10260580,NA,NOF,0.0,244,pause,NA,NA,NA,NA,0.0,0,-42.41,-32.37,[],0,0,[],[]
10260580,10262320,NA,CXF,0.0,244,pause,NA,NA,NA,NA,0.0,0,-43.14,-34.53,[],0,0,[],[]
10262320,10263450,NA,OLF,0.0,244,pause,NA,NA,NA,NA,0.0,0,-41.84,-34.9,[],0,0,[],[]
10263450,10264890,NA,MAF,0.0,244,pause,NA,NA,NA,NA,0.0,0,-31.91,-11.66,[],0,0,[],[]
10264890,10267810,NA,OLN,0.0,244,pause,NA,NA,NA,NA,0.0,0,-24.26,-4.77,[],0,0,[],[]
10267810,10268840,NA,FAF,0.0,244,pause,NA,NA,NA,NA,0.0,0,-37.28,-30.21,[],0,0,[],[]
10268840,10276670,NA,OLN,0.0,244,pause,NA,NA,NA,NA,0.0,0,-28.95,-11.16,[],0,0,[],[]
10276670,10277510,NA,NOF,0.0,244,pause,NA,NA,NA,NA,0.0,0,-25.96,-12.22,[],0,0,[],[]
10277510,10279190,NA,OLF,0.0,244,pause,NA,NA,NA,NA,0.0,0,-16.08,-1.69,[],0,0,[],[]
10279190,10280060,NA,NOF,0.0,244,pause,NA,NA,NA,NA,0.0,0,-40.92,-37.52,[],0,0,[],[]
10280060,10283950,NA,MAF,0.0,244,pause,NA,NA,NA,NA,0.0,0,-39.01,-27.26,[],0,0,[],[]
10283950,10285220,NA,NOF,0.0,244,pause,NA,NA,NA,NA,0.0,0,-39.61,-27.24,[],0,0,[],[]
10285220,10286220,NA,MAF,0.0,244,pause,NA,NA,NA,NA,0.0,0,-39.41,-32.28,[],0,0,[],[]
10286220,10287250,NA,OLF,0.0,244,pause,NA,NA,NA,NA,0.0,0,-38.27,-31.72,[],0,0,[],[]
10287250,10288330,NA,MAF,0.0,244,pause,NA,NA,NA,NA,0.0,0,-39.97,-33.0,[],0,0,[],[]
10288330,10289330,NA,TVF,0.0,244,pause,NA,NA,NA,NA,0.0,0,-43.24,-35.93,[],0,0,[],[]
10289330,10291930,NA,OLN,0.0,244,pause,NA,NA,NA,NA,0.0,0,-32.95,-22.94,[],0,0,[],[]
10291930,10292930,NA,NOF,0.0,244,pause,NA,NA,NA,NA,0.0,0,-24.67,-17.91,[],0,0,[],[]
10292930,10294500,NA,OLN,0.0,244,pause,NA,NA,NA,NA,0.0,0,-28.12,-10.44,[],0,0,[],[]
10294500,10295610,OCH,CXN,0.0,244,XM,EC,0,NT,FI,0.0,0,-36.51,-33.88,[],0,0,[],[]
10295610,10301100,NA,OLF,0.0,245,pause,NA,NA,NA,NA,0.0,0,-35.1,-28.67,[],0,0,[],[]
10301100,10301900,NA,NOF,0.0,245,pause,NA,NA,NA,NA,0.0,0,-36.41,-23.38,[],0,0,[],[]
10301900,10303840,NA,OLN,0.0,245,pause,NA,NA,NA,NA,0.0,0,-31.82,-26.18,[],0,0,[],[]
10303840,10305000,NA,CXF,0.0,245,pause,NA,NA,NA,NA,0.0,0,-33.72,-29.51,[],0,0,[],[]
10305000,10305810,NA,OLF,0.0,245,pause,NA,NA,NA,NA,0.0,0,-33.32,-30.4,[],0,0,[],[]
10305810,10308600,NA,CXF,0.0,245,pause,NA,NA,NA,NA,0.0,0,-33.47,-26.94,[],0,0,[],[]
10308600,10311650,NA,OLN,0.0,245,pause,NA,NA,NA,NA,0.0,0,-24.7,-9.1,[],0,0,[],[]
10311650,10312590,NA,NOF,0.0,245,pause,NA,NA,NA,NA,0.0,0,-37.16,-24.83,[],0,0,[],[]
10312590,10313590,NA,FAF,0.0,245,pause,NA,NA,NA,NA,0.0,0,-41.65,-37.29,[],0,0,[],[]
10313590,10315590,NA,TVF,0.0,245,pause,NA,NA,NA,NA,0.0,0,-42.12,-35.55,[],0,0,[],[]
10315590,10316390,NA,NOF,0.0,245,pause,NA,NA,NA,NA,0.0,0,-27.65,-16.93,[],0,0,[],[]
10316390,10317220,NA,OLF,0.0,245,pause,NA,NA,NA,NA,0.0,0,-25.61,-16.44,[],0,0,[],[]
10317220,10318820,NA,NOF,0.0,245,pause,NA,NA,NA,NA,0.0,0,-42.28,-33.59,[],0,0,[],[]
10318820,10319860,NA,CXF,0.0,245,pause,NA,NA,NA,NA,0.0,0,-44.92,-38.04,[],0,0,[],[]
10319860,10321000,NA,TVF,0.0,245,pause,NA,NA,NA,NA,0.0,0,-44.84,-33.78,[],0,0,[],[]
10321000,10321800,NA,OLF,0.0,245,pause,NA,NA,NA,NA,0.0,0,-40.42,-35.12,[],0,0,[],[]
10321800,10324410,NA,MAF,0.0,245,pause,NA,NA,NA,NA,0.0,0,-45.97,-40.06,[],0,0,[],[]
10324410,10325300,NA,OLF,0.0,245,pause,NA,NA,NA,NA,0.0,0,-41.48,-35.97,[],0,0,[],[]
10325300,10329360,NA,FAF,0.0,245,pause,NA,NA,NA,NA,0.0,0,-40.4,-31.9,[],0,0,[],[]
10329360,10330360,NA,SIL,0.0,245,pause,NA,NA,NA,NA,0.0,0,-52.13,-46.08,[],0,0,[],[]
10330360,10333820,FEM,FAN,11.28,245,AIOCF,BC,0,NT,FI,0.0,0,-33.64,-22.82,[],0,0,[],[]
10333820,10334620,NA,SIL,0.0,245,AIOCF,NA,NA,NA,NA,0.0,0,-50.33,-45.92,[],0,0,[],[]
10334620,10337650,FEM,FAN,11.66,245,AIOCF,RC,0,NT,FH,0.0,0,-36.96,-25.22,[],0,0,[],[]
10337650,10338450,NA,SIL,0.0,245,AIOCF,NA,NA,NA,NA,0.0,0,-41.1,-30.32,[],0,0,[],[]
10338450,10342170,FEM,FAN,13.36,245,AIOCF,RC,0,NT,FH,0.0,0,-38.22,-30.36,[],0,0,[],[]
10342170,10342970,OCH,CXN,0.0,245,AIOCF,RC,0,NT,FI,0.0,0,-38.13,-30.78,[],0,0,[],[]
10342970,10344100,FEM,FAN,5.52,245,AIOCF,RC,0,NT,FI,0.0,0,-39.48,-35.06,[],0,0,[],[]
10344100,10345060,NA,OLF,0.0,245,AIOCF,NA,NA,NA,NA,0.0,0,-45.57,-37.62,[],0,0,[],[]
10345060,10347750,FEM,FAN,8.81,245,AIOCF,RC,0,NT,FH,0.0,0,-35.7,-29.11,[],0,0,[],[]
10347750,10348620,NA,NOF,0.0,245,AIOCF,NA,NA,NA,NA,0.0,0,-46.58,-38.57,[],0,0,[],[]
10348620,10349420,NA,OLF,0.0,245,AIOCF,NA,NA,NA,NA,0.0,0,-38.83,-32.29,[],0,0,[],[]
10349420,10350940,NA,NOF,0.0,245,AIOCF,NA,NA,NA,NA,0.0,0,-45.89,-36.82,[],0,0,[],[]
10350940,10351970,FEM,FAN,3.37,245,AIOCF,EC,0,NT,FH,0.0,0,-34.23,-21.57,[],0,0,[],[]
10351970,10352770,NA,OLN,0.0,246,pause,NA,NA,NA,NA,0.0,0,-27.55,-19.45,[],0,0,[],[]
10352770,10354430,NA,OLF,0.0,246,pause,NA,NA,NA,NA,0.0,0,-39.39,-31.2,[],0,0,[],[]
10354430,10355430,NA,MAF,0.0,246,pause,NA,NA,NA,NA,0.0,0,-37.76,-29.21,[],0,0,[],[]
10355430,10356600,NA,NOF,0.0,246,pause,NA,NA,NA,NA,0.0,0,-30.72,-24.51,[],0,0,[],[]
10356600,10357540,NA,OLN,0.0,246,pause,NA,NA,NA,NA,0.0,0,-38.3,-35.43,[],0,0,[],[]
10357540,10358670,FEM,FAN,8.07,246,AICF,BC,0,NT,FI,0.0,0,-36.37,-25.86,[],0,0,[],[]
10358670,10362650,NA,OLN,0.0,246,AICF,NA,NA,NA,NA,0.0,0,-32.08,-20.96,[],0,0,[],[]
10362650,10363650,FEM,FAN,4.75,246,AICF,RC,0,NT,FH,0.0,0,-34.24,-26.96,[],0,0,[],[]
10363650,10364450,NA,NOF,0.0,246,AICF,NA,NA,NA,NA,0.0,0,-41.93,-34.85,[],0,0,[],[]
10364450,10366600,FEM,FAN,8.45,246,AICF,RC,0,TIFI,FH,0.0,0,-30.07,-23.31,[],0,0,[],[]
10366600,10367410,NA,OLN,0.0,246,AICF,NA,NA,NA,NA,0.0,0,-30.71,-22.56,[],0,0,[],[]
10367410,10368090,CHI,CHN,0.0,246,AICF,RC,1,TIFR,FI,1.0,680,-21.36,-15.04,"[{'Canonical-syllable': '0', 'Growl': '0', 'High-freq-energy': '0', 'Long-island': '0', 'Low-tilt-spectrum': '0', 'Medium-island': '1', 'Short-island': '0', 'Squeal': '0', 'Typical-entropy': '0', 'Voicing-quality': '1', 'Wide-band': '0', 'Xlong-island': '0', 'seq': '1', 'end': 10368.09, 'start': 10367.56}]",0,0,[],[]
10368090,10370810,FEM,FAN,10.73,246,AICF,RC,1,TIFI,FI,0.0,0,-20.96,-11.92,[],0,0,[],[]
10370810,10371660,CHI,CHN,0.0,246,AICF,RC,2,TIFR,FI,1.0,850,-23.63,-19.97,"[{'Canonical-syllable': '0', 'Growl': '1', 'High-freq-energy': '0', 'Long-island': '0', 'Low-tilt-spectrum': '0', 'Medium-island': '1', 'Short-island': '1', 'Squeal': '0', 'Typical-entropy': '0', 'Voicing-quality': '2', 'Wide-band': '0', 'Xlong-island': '0', 'seq': '1', 'end': 10371.66, 'start': 10370.81}]",0,0,[],[]
10371660,10373010,NA,OLF,0.0,246,AICF,NA,NA,NA,NA,0.0,0,-37.83,-21.91,[],0,0,[],[]
10373010,10376790,FEM,FAN,14.76,246,AICF,RC,2,TIFE,FI,0.0,0,-23.65,-14.81,[],0,0,[],[]
10376790,10378060,NA,OLN,0.0,246,AICF,NA,NA,NA,NA,0.0,0,-18.85,-5.94,[],0,0,[],[]
10378060,10395650,FEM,FAN,45.09,246,AICF,RC,2,NT,FH,0.0,0,-25.27,-6.2,[],0,0,[],[]
10395650,10396500,NA,OLN,0.0,246,AICF,NA,NA,NA,NA,0.0,0,-18.05,-8.58,[],0,0,[],[]
10396500,10402710,FEM,FAN,21.57,246,AICF,RC,2,NT,FH,0.0,0,-23.38,-11.73,[],0,0,[],[]
10402710,10403350,FEM,FAN,3.04,246,AICF,RC,2,NT,FH,0.0,0,-19.64,-13.9,[],0,0,[],[]
10403350,10404620,NA,OLF,0.0,246,AICF,NA,NA,NA,NA,0.0,0,-46.85,-40.41,[],0,0,[],[]
10404620,10406430,FEM,FAN,7.03,246,AICF,RC,2,NT,FH,0.0,0,-22.85,-11.69,[],0,0,[],[]
10406430,10407180,FEM,FAN,6.71,246,AICF,RC,2,NT,FH,0.0,0,-22.02,-16.47,[],0,0,[],[]
10407180,10408300,FEM,FAN,2.42,246,AICF,RC,2,NT,FH,0.0,0,-24.89,-15.68,[],0,0,[],[]
10408300,10409870,NA,NOF,0.0,246,AICF,NA,NA,NA,NA,0.0,0,-45.18,-30.85,[],0,0,[],[]
10409870,10410870,FEM,FAN,4.93,246,AICF,RC,2,NT,FH,0.0,0,-28.13,-22.6,[],0,0,[],[]
10410870,10411730,NA,SIL,0.0,246,AICF,NA,NA,NA,NA,0.0,0,-50.97,-47.88,[],0,0,[],[]
10411730,10413130,FEM,FAN,3.81,246,AICF,RC,2,NT,FH,0.0,0,-26.03,-18.0,[],0,0,[],[]
10413130,10414280,NA,SIL,0.0,246,AICF,NA,NA,NA,NA,0.0,0,-49.5,-44.82,[],0,0,[],[]
10414280,10415280,FEM,FAN,6.41,246,AICF,RC,2,NT,FH,0.0,0,-30.85,-26.27,[],0,0,[],[]
10415280,10419060,NA,SIL,0.0,246,AICF,NA,NA,NA,NA,0.0,0,-46.67,-38.01,[],0,0,[],[]
10419060,10420130,FEM,FAN,2.17,246,AICF,RC,2,TIFI,FH,0.0,0,-26.96,-20.39,[],0,0,[],[]
10420130,10420750,CHI,CHN,0.0,246,AICF,RC,3,TIFR,FI,1.0,620,-21.94,-20.73,"[{'Canonical-syllable': '0', 'Growl': '0', 'High-freq-energy': '0', 'Long-island': '0', 'Low-tilt-spectrum': '0', 'Medium-island': '1', 'Short-island': '0', 'Squeal': '0', 'Typical-entropy': '0', 'Voicing-quality': '1', 'Wide-band': '0', 'Xlong-island': '0', 'seq': '1', 'end': 10420.75, 'start': 10420.13}]",0,0,[],[]
10420750,10421750,CHI,CHN,0.0,246,AICF,RC,3,NT,FH,1.0,870,-23.58,-18.82,"[{'Canonical-syllable': '0', 'Growl': '0', 'High-freq-energy': '0', 'Long-island': '1', 'Low-tilt-spectrum': '0', 'Medium-island': '0', 'Short-island': '0', 'Squeal': '0', 'Typical-entropy': '0', 'Voicing-quality': '1', 'Wide-band': '0', 'Xlong-island': '0', 'seq': '1', 'end': 10421.62, 'start': 10420.75}]",0,0,[],[]
10421750,10424340,NA,SIL,0.0,246,AICF,NA,NA,NA,NA,0.0,0,-50.96,-46.57,[],0,0,[],[]
10424340,10426540,FEM,FAN,8.56,246,AICF,RC,3,TIFE,FI,0.0,0,-38.67,-31.3,[],0,0,[],[]
10426540,10427860,CHI,CHN,0.0,246,AICF,NA,NA,NA,NA,0.0,0,-17.21,-10.31,[],0,1320,"[{'start': 10426.54, 'end': 10427.86}]",[]
10427860,10429540,FEM,FAN,7.78,246,AICF,RC,3,NT,FH,0.0,0,-34.37,-22.41,[],0,0,[],[]
10429540,10430540,NA,MAF,0.0,246,AICF,NA,NA,NA,NA,0.0,0,-41.8,-36.94,[],0,0,[],[]
10430540,10437110,FEM,FAN,20.64,246,AICF,RC,3,NT,FH,0.0,0,-24.53,-15.3,[],0,0,[],[]
10437110,10438010,NA,SIL,0.0,246,AICF,NA,NA,NA,NA,0.0,0,-50.87,-45.34,[],0,0,[],[]
10438010,10443710,FEM,FAN,17.98,246,AICF,RC,3,NT,FH,0.0,0,-28.29,-11.64,[],0,0,[],[]
10443710,10444540,NA,FAF,0.0,246,AICF,NA,NA,NA,NA,0.0,0,-48.13,-41.62,[],0,0,[],[]
10444540,10446470,FEM,FAN,8.7,246,AICF,RC,3,TIFI,FH,0.0,0,-26.57,-17.44,[],0,0,[],[]
10446470,10447270,NA,NOF,0.0,246,AICF,NA,NA,NA,NA,0.0,0,-47.93,-39.58,[],0,0,[],[]
10447270,10449120,CHI,CHN,0.0,246,AICF,RC,4,TIFR,FI,1.0,1850,-18.8,-13.34,"[{'Canonical-syllable': '0', 'Growl': '0', 'High-freq-energy': '0', 'Long-island': '2', 'Low-tilt-spectrum': '0', 'Medium-island': '0', 'Short-island': '0', 'Squeal': '0', 'Typical-entropy': '0', 'Voicing-quality': '2', 'Wide-band': '0', 'Xlong-island': '0', 'seq': '1', 'end': 10449.12, 'start': 10447.27}]",0,0,[],[]
10449120,10450250,NA,SIL,0.0,246,AICF,NA,NA,NA,NA,0.0,0,-50.69,-46.82,[],0,0,[],[]
10450250,10451250,FEM,FAN,5.59,246,AICF,RC,4,TIFE,FI,0.0,0,-27.71,-21.44,[],0,0,[],[]
10451250,10452240,NA,SIL,0.0,246,AICF,NA,NA,NA,NA,0.0,0,-50.66,-43.73,[],0,0,[],[]
10452240,10453040,NA,NOF,0.0,246,AICF,NA,NA,NA,NA,0.0,0,-48.0,-42.72,[],0,0,[],[]
10453040,10454030,NA,SIL,0.0,246,AICF,NA,NA,NA,NA,0.0,0,-51.57,-48.76,[],0,0,[],[]
10454030,10455470,FEM,FAN,5.45,246,AICF,RC,4,NT,FH,0.0,0,-27.65,-17.89,[],0,0,[],[]
10455470,10456270,MAL,MAN,0.0,246,AICF,NA,NA,NA,NA,0.0,0,-39.11,-29.51,[],800,0,[],[]
10456270,10458010,FEM,FAN,6.71,246,AICF,RC,4,NT,FH,0.0,0,-28.42,-17.88,[],0,0,[],[]
10458010,10458810,NA,SIL,0.0,246,AICF,NA,NA,NA,NA,0.0,0,-49.21,-45.44,[],0,0,[],[]
10458810,10460280,FEM,FAN,6.28,246,AICF,RC,4,NT,FH,0.0,0,-33.76,-26.95,[],0,0,[],[]
10460280,10461100,NA,SIL,0.0,246,AICF,NA,NA,NA,NA,0.0,0,-42.94,-33.34,[],0,0,[],[]
10461100,10463070,FEM,FAN,8.36,246,AICF,RC,4,TIFI,FH,0.0,0,-29.72,-20.16,[],0,0,[],[]
10463070,10464100,NA,SIL,0.0,246,AICF,NA,NA,NA,NA,0.0,0,-47.91,-41.47,[],0,0,[],[]
10464100,10464890,CHI,CHN,0.0,246,AICF,RC,5,TIFR,FI,1.0,790,-22.76,-15.49,"[{'Canonical-syllable': '0', 'Growl': '1', 'High-freq-energy': '0', 'Long-island': '1', 'Low-tilt-spectrum': '0', 'Medium-island': '0', 'Short-island': '0', 'Squeal': '0', 'Typical-entropy': '0', 'Voicing-quality': '1', 'Wide-band': '0', 'Xlong-island': '0', 'seq': '1', 'end': 10464.89, 'start': 10464.1}]",0,0,[],[]
10464890,10465730,NA,FAF,0.0,246,AICF,NA,NA,NA,NA,0.0,0,-44.14,-33.29,[],0,0,[],[]
10465730,10467320,FEM,FAN,3.74,246,AICF,RC,5,TIFE,FI,0.0,0,-30.39,-20.57,[],0,0,[],[]
10467320,10468120,NA,CHF,0.0,246,AICF,NA,NA,NA,NA,0.0,0,-42.03,-31.65,[],0,800,"[{'start': 10467.32, 'end': 10467.71}]","[{'start': 10467.71, 'end': 10468.12}]"
10468120,10469550,FEM,FAN,6.12,246,AICF,RC,5,NT,FH,0.0,0,-27.25,-19.97,[],0,0,[],[]
10469550,10470780,NA,MAF,0.0,246,AICF,NA,NA,NA,NA,0.0,0,-37.21,-26.72,[],0,0,[],[]
10470780,10472000,FEM,FAN,2.07,246,AICF,RC,5,NT,FH,0.0,0,-21.33,-12.33,[],0,0,[],[]
10472000,10472800,NA,OLN,0.0,246,AICF,NA,NA,NA,NA,0.0,0,-19.67,-6.87,[],0,0,[],[]
10472800,10474230,FEM,FAN,0.0,246,AICF,NA,NA,NA,NA,0.0,0,-13.85,-7.47,[],1430,0,[],[]
10474230,10475050,NA,OLN,0.0,246,AICF,NA,NA,NA,NA,0.0,0,-27.44,-17.75,[],0,0,[],[]
10475050,10475650,FEM,FAN,2.35,246,AICF,RC,5,NT,FH,0.0,0,-14.72,-7.89,[],0,0,[],[]
10475650,10478830,FEM,FAN,13.28,246,AICF,RC,5,TIFI,FH,0.0,0,-15.74,-4.64,[],0,0,[],[]
10478830,10479430,CHI,CHN,0.0,246,AICF,RC,6,TIFR,FI,1.0,200,-19.16,-11.89,"[{'Canonical-syllable': '1', 'Growl': '0', 'High-freq-energy': '0', 'Long-island': '0', 'Low-tilt-spectrum': '0', 'Medium-island': '0', 'Short-island': '1', 'Squeal': '0', 'Typical-entropy': '1', 'Voicing-quality': '1', 'Wide-band': '0', 'Xlong-island': '0', 'seq': '1', 'end': 10479.03, 'start': 10478.83}]",0,0,[],[]
10479430,10480790,FEM,FAN,2.59,246,AICF,RC,6,TIFE,FI,0.0,0,-15.45,-7.75,[],0,0,[],[]
10480790,10483510,NA,OLN,0.0,246,AICF,NA,NA,NA,NA,0.0,0,-21.78,-9.12,[],0,0,[],[]
10483510,10485260,FEM,FAN,8.39,246,AICF,RC,6,NT,FH,0.0,0,-16.8,-10.66,[],0,0,[],[]
10485260,10486110,NA,OLN,0.0,246,AICF,NA,NA,NA,NA,0.0,0,-30.41,-20.61,[],0,0,[],[]
10486110,10487440,FEM,FAN,8.19,246,AICF,RC,6,NT,FH,0.0,0,-19.56,-10.62,[],0,0,[],[]
10487440,10488160,FEM,FAN,1.57,246,AICF,RC,6,NT,FH,0.0,0,-29.77,-21.79,[],0,0,[],[]
10488160,10490460,FEM,FAN,8.65,246,AICF,RC,6,NT,FH,0.0,0,-28.74,-17.33,[],0,0,[],[]
10490460,10491260,NA,OLF,0.0,246,AICF,NA,NA,NA,NA,0.0,0,-33.42,-23.49,[],0,0,[],[]
10491260,10492260,FEM,FAN,2.65,246,AICF,RC,6,NT,FH,0.0,0,-28.71,-20.36,[],0,0,[],[]
10492260,10493940,NA,OLN,0.0,246,AICF,NA,NA,NA,NA,0.0,0,-29.33,-14.16,[],0,0,[],[]
10493940,10495400,NA,FAF,0.0,246,AICF,NA,NA,NA,NA,0.0,0,-33.47,-27.25,[],0,0,[],[]
10495400,10496430,NA,OLN,0.0,246,AICF,NA,NA,NA,NA,0.0,0,-24.17,-7.65,[],0,0,[],[]
10496430,10497030,FEM,FAN,0.48,246,AICF,RC,6,NT,FH,0.0,0,-28.27,-24.34,[],0,0,[],[]
10497030,10497830,NA,OLN,0.0,246,AICF,NA,NA,NA,NA,0.0,0,-28.02,-17.44,[],0,0,[],[]
10497830,10500200,FEM,FAN,9.69,246,AICF,RC,6,NT,FH,0.0,0,-32.71,-24.32,[],0,0,[],[]
10500200,10501000,NA,OLN,0.0,246,AICF,NA,NA,NA,NA,0.0,0,-34.36,-29.28,[],0,0,[],[]
10501000,10502040,FEM,FAN,0.67,246,AICF,RC,6,NT,FH,0.0,0,-30.19,-20.9,[],0,0,[],[]
10502040,10503930,NA,OLN,0.0,246,AICF,NA,NA,NA,NA,0.0,0,-26.74,-15.13,[],0,0,[],[]
10503930,10505060,OCH,CXN,0.0,246,AICF,RC,6,NT,FI,0.0,0,-20.99,-14.29,[],0,0,[],[]
10505060,10506480,NA,OLN,0.0,246,AICF,NA,NA,NA,NA,0.0,0,-24.72,-17.74,[],0,0,[],[]
10506480,10507080,CHI,CHN,0.0,246,AICF,RC,6,NT,FI,1.0,600,-22.68,-17.97,"[{'Canonical-syllable': '0', 'Growl': '1', 'High-freq-energy': '0', 'Long-island': '0', 'Low-tilt-spectrum': '0', 'Medium-island': '1', 'Short-island': '0', 'Squeal': '0', 'Typical-entropy': '0', 'Voicing-quality': '1', 'Wide-band': '0', 'Xlong-island': '0', 'seq': '1', 'end': 10507.08, 'start': 10506.59}]",0,0,[],[]
10507080,10508200,CHI,CHN,0.0,246,AICF,RC,6,TIFI,FH,1.0,1120,-16.96,-12.68,"[{'Canonical-syllable': '0', 'Growl': '1', 'High-freq-energy': '0', 'Long-island': '0', 'Low-tilt-spectrum': '0', 'Medium-island': '2', 'Short-island': '0', 'Squeal': '0', 'Typical-entropy': '1', 'Voicing-quality': '2', 'Wide-band': '0', 'Xlong-island': '0', 'seq': '1', 'end': 10508.2, 'start': 10507.08}]",0,0,[],[]
10508200,10509290,NA,OLN,0.0,246,AICF,NA,NA,NA,NA,0.0,0,-29.94,-17.46,[],0,0,[],[]
10509290,10511150,FEM,FAN,4.03,246,AICF,RC,7,TIFR,FI,0.0,0,-30.97,-19.48,[],0,0,[],[]
10511150,10512060,NA,OLN,0.0,246,AICF,NA,NA,NA,NA,0.0,0,-26.22,-17.01,[],0,0,[],[]
10512060,10512740,CHI,CHN,0.0,246,AICF,RC,7,TIFI,FI,1.0,680,-13.32,-8.36,"[{'Canonical-syllable': '0', 'Growl': '0', 'High-freq-energy': '0', 'Long-island': '1', 'Low-tilt-spectrum': '0', 'Medium-island': '0', 'Short-island': '0', 'Squeal': '0', 'Typical-entropy': '0', 'Voicing-quality': '1', 'Wide-band': '0', 'Xlong-island': '0', 'seq': '1', 'end': 10512.74, 'start': 10512.06}]",0,0,[],[]
10512740,10513740,FEM,FAN,2.33,246,AICF,RC,8,TIFR,FI,0.0,0,-17.36,-12.12,[],0,0,[],[]
10513740,10515070,MAL,MAN,9.59,246,AICF,RC,8,NT,FI,0.0,0,-21.62,-15.89,[],0,0,[],[]
10515070,10516070,FEM,FAN,1.99,246,AICF,RC,8,NT,FI,0.0,0,-27.19,-20.81,[],0,0,[],[]
10516070,10517070,NA,MAF,0.0,246,AICF,NA,NA,NA,NA,0.0,0,-26.15,-20.48,[],0,0,[],[]
10517070,10518120,FEM,FAN,4.49,246,AICF,RC,8,NT,FH,0.0,0,-26.91,-17.52,[],0,0,[],[]
10518120,10520190,NA,OLF,0.0,246,AICF,NA,NA,NA,NA,0.0,0,-36.77,-26.4,[],0,0,[],[]
10520190,10521010,CHI,CHN,0.0,246,AICF,RC,8,TIFE,FI,1.0,820,-16.94,-13.0,"[{'Canonical-syllable': '0', 'Growl': '0', 'High-freq-energy': '0', 'Long-island': '1', 'Low-tilt-spectrum': '0', 'Medium-island': '0', 'Short-island': '0', 'Squeal': '0', 'Typical-entropy': '0', 'Voicing-quality': '1', 'Wide-band': '0', 'Xlong-island': '0', 'seq': '1', 'end': 10521.01, 'start': 10520.19}]",0,0,[],[]
10521010,10521840,NA,OLN,0.0,246,AICF,NA,NA,NA,NA,0.0,0,-27.77,-20.05,[],0,0,[],[]
10521840,10522480,CHI,CHN,0.0,246,AICF,RC,8,NT,FH,1.0,240,-19.76,-12.05,"[{'Canonical-syllable': '0', 'Growl': '0', 'High-freq-energy': '0', 'Long-island': '0', 'Low-tilt-spectrum': '0', 'Medium-island': '0', 'Short-island': '1', 'Squeal': '0', 'Typical-entropy': '0', 'Voicing-quality': '1', 'Wide-band': '0', 'Xlong-island': '0', 'seq': '1', 'end': 10522.48, 'start': 10522.24}]",0,0,[],[]
10522480,10523410,OCH,CXN,0.0,246,AICF,RC,8,NT,FI,0.0,0,-26.02,-15.55,[],0,0,[],[]
10523410,10524090,CHI,CHN,0.0,246,AICF,RC,8,TIFI,FI,1.0,680,-22.19,-19.61,"[{'Canonical-syllable': '0', 'Growl': '0', 'High-freq-energy': '0', 'Long-island': '1', 'Low-tilt-spectrum': '0', 'Medium-island': '0', 'Short-island': '0', 'Squeal': '0', 'Typical-entropy': '0', 'Voicing-quality': '1', 'Wide-band': '0', 'Xlong-island': '0', 'seq': '1', 'end': 10524.09, 'start': 10523.41}]",0,0,[],[]
10524090,10527340,FEM,FAN,13.69,246,AICF,RC,9,TIFR,FI,0.0,0,-27.03,-16.26,[],0,0,[],[]
10527340,10528670,NA,OLN,0.0,246,AICF,NA,NA,NA,NA,0.0,0,-32.87,-22.94,[],0,0,[],[]
10528670,10529670,MAL,MAN,6.41,246,AICF,RC,9,NT,FI,0.0,0,-32.99,-25.1,[],0,0,[],[]
10529670,10530470,NA,OLF,0.0,246,AICF,NA,NA,NA,NA,0.0,0,-39.56,-32.82,[],0,0,[],[]
10530470,10532200,FEM,FAN,8.1,246,AICF,RC,9,NT,FI,0.0,0,-23.44,-11.25,[],0,0,[],[]
10532200,10533030,MAL,MAN,4.13,246,AICF,RC,9,NT,FI,0.0,0,-32.18,-22.97,[],0,0,[],[]
10533030,10534610,FEM,FAN,0.0,246,AICF,NA,NA,NA,NA,0.0,0,-25.09,-17.27,[],1580,0,[],[]
10534610,10535420,NA,NOF,0.0,246,AICF,NA,NA,NA,NA,0.0,0,-43.57,-38.07,[],0,0,[],[]
10535420,10536510,FEM,FAN,8.72,246,AICF,RC,9,NT,FI,0.0,0,-19.86,-14.39,[],0,0,[],[]
10536510,10537110,FEM,FAN,0.32,246,AICF,RC,9,NT,FH,0.0,0,-25.22,-17.32,[],0,0,[],[]
10537110,10538380,FEM,FAN,6.88,246,AICF,RC,9,NT,FH,0.0,0,-23.57,-15.57,[],0,0,[],[]
10538380,10539410,MAL,MAN,3.61,246,AICF,RC,9,NT,FI,0.0,0,-30.23,-22.97,[],0,0,[],[]
10539410,10540430,NA,OLF,0.0,246,AICF,NA,NA,NA,NA,0.0,0,-38.4,-29.06,[],0,0,[],[]
10540430,10541430,FEM,FAN,6.31,246,AICF,RC,9,NT,FI,0.0,0,-22.86,-16.24,[],0,0,[],[]
10541430,10542250,NA,NOF,0.0,246,AICF,NA,NA,NA,NA,0.0,0,-44.35,-37.26,[],0,0,[],[]
10542250,10544750,FEM,FAN,11.19,246,AICF,RC,9,NT,FH,0.0,0,-29.47,-20.11,[],0,0,[],[]
10544750,10545830,NA,NOF,0.0,246,AICF,NA,NA,NA,NA,0.0,0,-46.67,-40.76,[],0,0,[],[]
10545830,10547860,FEM,FAN,6.75,246,AICF,RC,9,NT,FH,0.0,0,-35.93,-28.58,[],0,0,[],[]
10547860,10548860,NA,OLF,0.0,246,AICF,NA,NA,NA,NA,0.0,0,-42.9,-37.06,[],0,0,[],[]
10548860,10551250,NA,NOF,0.0,246,AICF,NA,NA,NA,NA,0.0,0,-46.33,-34.24,[],0,0,[],[]
10551250,10552050,OCH,CXN,0.0,246,AICF,RC,9,NT,FI,0.0,0,-30.61,-23.75,[],0,0,[],[]
10552050,10553060,FEM,FAN,1.39,246,AICF,EC,9,NT,FI,0.0,0,-34.79,-25.77,[],0,0,[],[]
10553060,10554060,MAL,MAN,0.0,247,pause,NA,NA,NA,NA,0.0,0,-35.23,-30.31,[],1000,0,[],[]
10554060,10555720,NA,OLN,0.0,247,pause,NA,NA,NA,NA,0.0,0,-34.39,-23.4,[],0,0,[],[]
10555720,10557800,NA,MAF,0.0,247,pause,NA,NA,NA,NA,0.0,0,-35.24,-20.61,[],0,0,[],[]
10557800,10560060,NA,OLN,0.0,247,pause,NA,NA,NA,NA,0.0,0,-30.43,-10.96,[],0,0,[],[]
10560060,10561090,MAL,MAN,7.61,247,AMM,BC,0,NT,FI,0.0,0,-35.77,-26.04,[],0,0,[],[]
10561090,10561900,NA,OLF,0.0,247,AMM,NA,NA,NA,NA,0.0,0,-36.26,-26.26,[],0,0,[],[]
10561900,10563110,NA,MAF,0.0,247,AMM,NA,NA,NA,NA,0.0,0,-40.76,-30.5,[],0,0,[],[]
10563110,10563990,NA,OLF,0.0,247,AMM,NA,NA,NA,NA,0.0,0,-40.49,-30.42,[],0,0,[],[]
10563990,10565240,NA,MAF,0.0,247,AMM,NA,NA,NA,NA,0.0,0,-41.97,-36.09,[],0,0,[],[]
10565240,10566040,NA,OLF,0.0,247,AMM,NA,NA,NA,NA,0.0,0,-37.65,-30.69,[],0,0,[],[]
10566040,10570990,FEM,FAN,17.35,247,AMM,RC,0,NT,FI,0.0,0,-35.6,-22.41,[],0,0,[],[]
10570990,10573940,NA,OLN,0.0,247,AMM,NA,NA,NA,NA,0.0,0,-35.99,-27.72,[],0,0,[],[]
10573940,10575160,NA,NOF,0.0,247,AMM,NA,NA,NA,NA,0.0,0,-42.59,-32.51,[],0,0,[],[]
10575160,10578510,FEM,FAN,6.59,247,AMM,RC,0,NT,FH,0.0,0,-36.01,-27.05,[],0,0,[],[]
10578510,10581150,NA,OLN,0.0,247,AMM,NA,NA,NA,NA,0.0,0,-33.44,-21.06,[],0,0,[],[]
10581150,10582050,NA,NOF,0.0,247,AMM,NA,NA,NA,NA,0.0,0,-41.68,-31.07,[],0,0,[],[]
10582050,10585470,FEM,FAN,7.4,247,AMM,RC,0,NT,FH,0.0,0,-33.46,-18.11,[],0,0,[],[]
10585470,10588160,NA,OLN,0.0,247,AMM,NA,NA,NA,NA,0.0,0,-31.7,-17.7,[],0,0,[],[]
10588160,10589830,FEM,FAN,2.45,247,AMM,RC,0,NT,FH,0.0,0,-34.85,-26.22,[],0,0,[],[]
10589830,10591630,NA,OLN,0.0,247,AMM,NA,NA,NA,NA,0.0,0,-29.67,-21.0,[],0,0,[],[]
10591630,10592430,NA,OLF,0.0,247,AMM,NA,NA,NA,NA,0.0,0,-25.08,-15.27,[],0,0,[],[]
10592430,10593380,NA,OLN,0.0,247,AMM,NA,NA,NA,NA,0.0,0,-32.73,-27.35,[],0,0,[],[]
10593380,10594440,FEM,FAN,1.04,247,AMM,RC,0,NT,FH,0.0,0,-35.32,-28.06,[],0,0,[],[]
10594440,10595260,NA,OLF,0.0,247,AMM,NA,NA,NA,NA,0.0,0,-38.46,-33.3,[],0,0,[],[]
10595260,10596530,NA,MAF,0.0,247,AMM,NA,NA,NA,NA,0.0,0,-41.15,-36.32,[],0,0,[],[]
10596530,10597460,NA,SIL,0.0,247,AMM,NA,NA,NA,NA,0.0,0,-46.93,-37.18,[],0,0,[],[]
10597460,10600490,FEM,FAN,12.16,247,AMM,EC,0,NT,FH,0.0,0,-30.63,-21.78,[],0,0,[],[]
10600490,10603140,NA,OLN,0.0,248,pause,NA,NA,NA,NA,0.0,0,-34.78,-26.2,[],0,0,[],[]
10603140,10604200,NA,FAF,0.0,248,pause,NA,NA,NA,NA,0.0,0,-39.79,-32.65,[],0,0,[],[]
10604200,10606330,NA,OLN,0.0,248,pause,NA,NA,NA,NA,0.0,0,-30.14,-17.37,[],0,0,[],[]
10606330,10607130,NA,NOF,0.0,248,pause,NA,NA,NA,NA,0.0,0,-32.32,-19.01,[],0,0,[],[]
10607130,10610440,NA,OLN,0.0,248,pause,NA,NA,NA,NA,0.0,0,-30.85,-16.78,[],0,0,[],[]
10610440,10611350,NA,NOF,0.0,248,pause,NA,NA,NA,NA,0.0,0,-39.98,-25.5,[],0,0,[],[]
10611350,10613920,NA,OLN,0.0,248,pause,NA,NA,NA,NA,0.0,0,-28.29,-9.77,[],0,0,[],[]
10613920,10614890,NA,NOF,0.0,248,pause,NA,NA,NA,NA,0.0,0,-44.61,-31.28,[],0,0,[],[]
10614890,10616530,NA,OLN,0.0,248,pause,NA,NA,NA,NA,0.0,0,-31.29,-18.7,[],0,0,[],[]
10616530,10619930,FEM,FAN,11.2,248,AMF,EC,0,NT,FI,0.0,0,-36.69,-27.11,[],0,0,[],[]
10619930,10623100,NA,OLF,0.0,249,pause,NA,NA,NA,NA,0.0,0,-37.85,-27.37,[],0,0,[],[]
10623100,10623900,NA,NOF,0.0,249,pause,NA,NA,NA,NA,0.0,0,-41.85,-34.7,[],0,0,[],[]
10623900,10625630,NA,OLF,0.0,249,pause,NA,NA,NA,NA,0.0,0,-36.08,-25.6,[],0,0,[],[]
10625630,10627270,NA,NOF,0.0,249,pause,NA,NA,NA,NA,0.0,0,-36.6,-24.0,[],0,0,[],[]
10627270,10628330,NA,OLF,0.0,249,pause,NA,NA,NA,NA,0.0,0,-21.65,-8.3,[],0,0,[],[]
10628330,10629230,NA,NON,0.0,249,pause,NA,NA,NA,NA,0.0,0,-34.23,-24.94,[],0,0,[],[]
10629230,10631200,NA,OLF,0.0,249,pause,NA,NA,NA,NA,0.0,0,-34.95,-20.34,[],0,0,[],[]
10631200,10634390,NA,NOF,0.0,249,pause,NA,NA,NA,NA,0.0,0,-31.27,-8.3,[],0,0,[],[]
10634390,10635190,NA,OLF,0.0,249,pause,NA,NA,NA,NA,0.0,0,-40.59,-28.17,[],0,0,[],[]
10635190,10639030,NA,NOF,0.0,249,pause,NA,NA,NA,NA,0.0,0,-39.01,-26.19,[],0,0,[],[]
10639030,10639930,NA,OLF,0.0,249,pause,NA,NA,NA,NA,0.0,0,-26.4,-11.19,[],0,0,[],[]
10639930,10640750,NA,NOF,0.0,249,pause,NA,NA,NA,NA,0.0,0,-41.68,-31.31,[],0,0,[],[]
10640750,10641640,NA,OLN,0.0,249,pause,NA,NA,NA,NA,0.0,0,-31.2,-19.24,[],0,0,[],[]
10641640,10646170,NA,NOF,0.0,249,pause,NA,NA,NA,NA,0.0,0,-33.71,-18.62,[],0,0,[],[]
10646170,10646970,NA,OLF,0.0,249,pause,NA,NA,NA,NA,0.0,0,-33.21,-20.9,[],0,0,[],[]
10646970,10649910,NA,NOF,0.0,249,pause,NA,NA,NA,NA,0.0,0,-34.91,-14.26,[],0,0,[],[]
10649910,10650510,FEM,FAN,0.0,249,pause,NA,NA,NA,NA,0.0,0,-23.3,-17.05,[],600,0,[],[]
10650510,10654500,NA,NOF,0.0,249,pause,NA,NA,NA,NA,0.0,0,-33.48,-13.67,[],0,0,[],[]
10654500,10660570,NA,SIL,0.0,249,pause,NA,NA,NA,NA,0.0,0,-48.23,-41.64,[],0,0,[],[]
10660570,10662190,NA,TVF,0.0,249,pause,NA,NA,NA,NA,0.0,0,-48.24,-44.5,[],0,0,[],[]
10662190,10663680,NA,SIL,0.0,249,pause,NA,NA,NA,NA,0.0,0,-47.65,-43.18,[],0,0,[],[]
10663680,10665600,NA,NOF,0.0,249,pause,NA,NA,NA,NA,0.0,0,-44.65,-29.35,[],0,0,[],[]
10665600,10666660,NA,SIL,0.0,249,pause,NA,NA,NA,NA,0.0,0,-47.2,-41.14,[],0,0,[],[]
10666660,10669000,NA,NOF,0.0,249,pause,NA,NA,NA,NA,0.0,0,-44.43,-33.69,[],0,0,[],[]
10669000,10669810,NA,SIL,0.0,249,pause,NA,NA,NA,NA,0.0,0,-47.59,-42.36,[],0,0,[],[]
10669810,10673090,NA,NOF,0.0,249,pause,NA,NA,NA,NA,0.0,0,-42.25,-27.52,[],0,0,[],[]
10673090,10678950,NA,SIL,0.0,249,pause,NA,NA,NA,NA,0.0,0,-46.69,-25.95,[],0,0,[],[]
10678950,10680170,NA,TVF,0.0,249,pause,NA,NA,NA,NA,0.0,0,-48.27,-43.96,[],0,0,[],[]
10680170,10686210,NA,SIL,0.0,249,pause,NA,NA,NA,NA,0.0,0,-48.13,-42.99,[],0,0,[],[]
10686210,10687230,NA,TVF,0.0,249,pause,NA,NA,NA,NA,0.0,0,-48.45,-44.17,[],0,0,[],[]
10687230,10688750,NA,SIL,0.0,249,pause,NA,NA,NA,NA,0.0,0,-48.65,-43.65,[],0,0,[],[]
10688750,10689750,NA,TVF,0.0,249,pause,NA,NA,NA,NA,0.0,0,-48.39,-44.14,[],0,0,[],[]
10689750,10691080,NA,SIL,0.0,249,pause,NA,NA,NA,NA,0.0,0,-47.3,-40.48,[],0,0,[],[]
10691080,10694740,NA,NOF,0.0,249,pause,NA,NA,NA,NA,0.0,0,-37.65,-19.57,[],0,0,[],[]
10694740,10701700,NA,SIL,0.0,249,pause,NA,NA,NA,NA,0.0,0,-47.23,-36.94,[],0,0,[],[]
10701700,10702720,OCH,CXN,0.0,249,XIC,BC,0,NT,FI,0.0,0,-38.57,-29.53,[],0,0,[],[]
10702720,10706880,FEM,FAN,15.29,249,XIC,RC,0,NT,FI,0.0,0,-20.68,-8.95,[],0,0,[],[]
10706880,10707710,NA,NOF,0.0,249,XIC,NA,NA,NA,NA,0.0,0,-43.13,-34.0,[],0,0,[],[]
10707710,10710350,FEM,FAN,11.01,249,XIC,RC,0,NT,FH,0.0,0,-24.42,-13.88,[],0,0,[],[]
10710350,10711150,NA,OLN,0.0,249,XIC,NA,NA,NA,NA,0.0,0,-27.2,-10.51,[],0,0,[],[]
10711150,10713410,FEM,FAN,5.99,249,XIC,RC,0,NT,FH,0.0,0,-34.99,-23.93,[],0,0,[],[]
10713410,10714210,NA,OLN,0.0,249,XIC,NA,NA,NA,NA,0.0,0,-28.33,-19.27,[],0,0,[],[]
10714210,10716200,NA,NON,0.0,249,XIC,NA,NA,NA,NA,0.0,0,-38.65,-31.01,[],0,0,[],[]
10716200,10717200,NA,FAF,0.0,249,XIC,NA,NA,NA,NA,0.0,0,-41.5,-29.5,[],0,0,[],[]
10717200,10718030,OCH,CXN,0.0,249,XIC,RC,0,NT,FI,0.0,0,-23.59,-19.74,[],0,0,[],[]
10718030,10718860,NA,OLN,0.0,249,XIC,NA,NA,NA,NA,0.0,0,-29.92,-20.94,[],0,0,[],[]
10718860,10720960,OCH,CXN,0.0,249,XIC,RC,0,NT,FH,0.0,0,-28.3,-21.11,[],0,0,[],[]
10720960,10721810,NA,OLN,0.0,249,XIC,NA,NA,NA,NA,0.0,0,-28.49,-20.62,[],0,0,[],[]
10721810,10722930,FEM,FAN,3.78,249,XIC,RC,0,NT,FI,0.0,0,-34.64,-21.58,[],0,0,[],[]
10722930,10724380,NA,OLN,0.0,249,XIC,NA,NA,NA,NA,0.0,0,-28.28,-22.44,[],0,0,[],[]
10724380,10726640,FEM,FAN,7.13,249,XIC,RC,0,NT,FH,0.0,0,-28.55,-20.21,[],0,0,[],[]
10726640,10727440,OCH,CXN,0.0,249,XIC,RC,0,NT,FI,0.0,0,-30.4,-21.05,[],0,0,[],[]
10727440,10729980,FEM,FAN,9.44,249,XIC,RC,0,NT,FI,0.0,0,-33.79,-24.3,[],0,0,[],[]
10729980,10731350,NA,SIL,0.0,249,XIC,NA,NA,NA,NA,0.0,0,-50.42,-44.4,[],0,0,[],[]
10731350,10732190,FEM,FAN,1.08,249,XIC,RC,0,NT,FH,0.0,0,-34.02,-27.59,[],0,0,[],[]
10732190,10736420,FEM,FAN,16.0,249,XIC,RC,0,NT,FH,0.0,0,-31.98,-23.68,[],0,0,[],[]
10736420,10737500,NA,OLN,0.0,249,XIC,NA,NA,NA,NA,0.0,0,-32.28,-26.76,[],0,0,[],[]
10737500,10739310,FEM,FAN,9.58,249,XIC,RC,0,NT,FH,0.0,0,-26.62,-19.11,[],0,0,[],[]
10739310,10740170,OCH,CXN,0.0,249,XIC,RC,0,NT,FI,0.0,0,-35.78,-28.97,[],0,0,[],[]
10740170,10741890,FEM,FAN,7.74,249,XIC,RC,0,NT,FI,0.0,0,-31.57,-22.4,[],0,0,[],[]
10741890,10742690,NA,SIL,0.0,249,XIC,NA,NA,NA,NA,0.0,0,-40.71,-34.14,[],0,0,[],[]
10742690,10745740,FEM,FAN,12.59,249,XIC,RC,0,NT,FH,0.0,0,-33.45,-22.62,[],0,0,[],[]
10745740,10746780,MAL,MAN,4.37,249,XIC,RC,0,NT,FI,0.0,0,-40.67,-31.32,[],0,0,[],[]
10746780,10748660,FEM,FAN,8.69,249,XIC,RC,0,NT,FI,0.0,0,-32.55,-21.06,[],0,0,[],[]
10748660,10749660,NA,SIL,0.0,249,XIC,NA,NA,NA,NA,0.0,0,-47.53,-40.26,[],0,0,[],[]
10749660,10751330,NA,NOF,0.0,249,XIC,NA,NA,NA,NA,0.0,0,-46.64,-42.06,[],0,0,[],[]
10751330,10752120,FEM,FAN,3.95,249,XIC,RC,0,NT,FH,0.0,0,-27.22,-22.63,[],0,0,[],[]
10752120,10753460,NA,OLN,0.0,249,XIC,NA,NA,NA,NA,0.0,0,-16.94,-4.29,[],0,0,[],[]
10753460,10755100,FEM,FAN,7.1,249,XIC,RC,0,NT,FH,0.0,0,-28.36,-16.15,[],0,0,[],[]
10755100,10756220,NA,NOF,0.0,249,XIC,NA,NA,NA,NA,0.0,0,-46.48,-40.54,[],0,0,[],[]
10756220,10758250,FEM,FAN,9.95,249,XIC,RC,0,NT,FH,0.0,0,-29.77,-20.28,[],0,0,[],[]
10758250,10759250,MAL,MAN,6.18,249,XIC,RC,0,NT,FI,0.0,0,-36.31,-26.02,[],0,0,[],[]
10759250,10760290,FEM,FAN,6.15,249,XIC,RC,0,NT,FI,0.0,0,-23.7,-15.24,[],0,0,[],[]
10760290,10761090,NA,NOF,0.0,249,XIC,NA,NA,NA,NA,0.0,0,-46.51,-38.19,[],0,0,[],[]
10761090,10762090,FEM,FAN,8.21,249,XIC,RC,0,NT,FH,0.0,0,-26.17,-20.04,[],0,0,[],[]
10762090,10763250,NA,NOF,0.0,249,XIC,NA,NA,NA,NA,0.0,0,-44.63,-37.13,[],0,0,[],[]
10763250,10765960,FEM,FAN,12.47,249,XIC,RC,0,NT,FH,0.0,0,-20.48,-11.74,[],0,0,[],[]
10765960,10766560,FEM,FAN,5.95,249,XIC,RC,0,NT,FH,0.0,0,-16.68,-12.91,[],0,0,[],[]
10766560,10769510,FEM,FAN,10.95,249,XIC,RC,0,TIFI,FH,0.0,0,-20.54,-12.25,[],0,0,[],[]
10769510,10771720,NA,OLN,0.0,249,XIC,NA,NA,NA,NA,0.0,0,-23.96,-11.84,[],0,0,[],[]
10771720,10772320,CHI,CHN,0.0,249,XIC,RC,1,TIFR,FI,1.0,600,-14.35,-4.7,"[{'Canonical-syllable': '0', 'Growl': '0', 'High-freq-energy': '0', 'Long-island': '0', 'Low-tilt-spectrum': '0', 'Medium-island': '0', 'Short-island': '0', 'Squeal': '0', 'Typical-entropy': '0', 'Voicing-quality': '2', 'Wide-band': '1', 'Xlong-island': '0', 'seq': '1', 'end': 10772.32, 'start': 10771.97}]",0,0,[],[]
10772320,10773430,NA,OLN,0.0,249,XIC,NA,NA,NA,NA,0.0,0,-21.36,-10.03,[],0,0,[],[]
10773430,10775500,FEM,FAN,9.12,249,XIC,RC,1,TIFE,FI,0.0,0,-17.04,-7.64,[],0,0,[],[]
10775500,10776300,NA,OLN,0.0,249,XIC,NA,NA,NA,NA,0.0,0,-33.15,-18.44,[],0,0,[],[]
10776300,10780720,FEM,FAN,18.33,249,XIC,RC,1,NT,FH,0.0,0,-17.62,-3.33,[],0,0,[],[]
10780720,10781330,FEM,FAN,3.03,249,XIC,RC,1,NT,FH,0.0,0,-37.28,-30.55,[],0,0,[],[]
10781330,10790550,FEM,FAN,34.77,249,XIC,RC,1,NT,FH,0.0,0,-24.38,-14.87,[],0,0,[],[]
10790550,10791350,NA,OLF,0.0,249,XIC,NA,NA,NA,NA,0.0,0,-36.19,-21.71,[],0,0,[],[]
10791350,10793330,FEM,FAN,10.36,249,XIC,RC,1,NT,FH,0.0,0,-22.35,-13.65,[],0,0,[],[]
10793330,10794140,NA,OLF,0.0,249,XIC,NA,NA,NA,NA,0.0,0,-35.59,-28.17,[],0,0,[],[]
10794140,10794940,FEM,FAN,6.19,249,XIC,RC,1,NT,FH,0.0,0,-37.57,-31.41,[],0,0,[],[]
10794940,10796350,NA,FAF,0.0,249,XIC,NA,NA,NA,NA,0.0,0,-38.11,-22.69,[],0,0,[],[]
10796350,10798620,NA,OLF,0.0,249,XIC,NA,NA,NA,NA,0.0,0,-32.99,-15.14,[],0,0,[],[]
10798620,10800890,FEM,FAN,8.16,249,XIC,RC,1,NT,FH,0.0,0,-16.11,-3.65,[],0,0,[],[]
10800890,10803610,NA,OLF,0.0,249,XIC,NA,NA,NA,NA,0.0,0,-35.16,-24.93,[],0,0,[],[]
10803610,10805400,FEM,FAN,6.09,249,XIC,RC,1,TIFI,FH,0.0,0,-21.87,-12.88,[],0,0,[],[]
10805400,10806460,CHI,CHN,0.0,249,XIC,RC,2,TIFR,FI,1.0,1060,-17.43,-11.1,"[{'Canonical-syllable': '0', 'Growl': '0', 'High-freq-energy': '0', 'Long-island': '0', 'Low-tilt-spectrum': '1', 'Medium-island': '2', 'Short-island': '0', 'Squeal': '0', 'Typical-entropy': '2', 'Voicing-quality': '2', 'Wide-band': '0', 'Xlong-island': '0', 'seq': '1', 'end': 10806.46, 'start': 10805.4}]",0,0,[],[]
10806460,10816930,FEM,FAN,37.69,249,XIC,RC,2,TIFE,FI,0.0,0,-22.35,-6.11,[],0,0,[],[]
10816930,10818290,NA,NOF,0.0,249,XIC,NA,NA,NA,NA,0.0,0,-40.65,-30.08,[],0,0,[],[]
10818290,10822930,FEM,FAN,19.52,249,XIC,RC,2,NT,FH,0.0,0,-18.17,-2.85,[],0,0,[],[]
10822930,10824490,NA,OLN,0.0,249,XIC,NA,NA,NA,NA,0.0,0,-17.1,-4.0,[],0,0,[],[]
10824490,10825480,NA,NON,0.0,249,XIC,NA,NA,NA,NA,0.0,0,-35.04,-27.52,[],0,0,[],[]
10825480,10826280,CHI,CHN,0.0,249,XIC,NA,NA,NA,NA,0.0,0,-15.89,-3.66,[],0,680,"[{'start': 10825.6, 'end': 10826.28}]",[]
10826280,10827360,NA,OLN,0.0,249,XIC,NA,NA,NA,NA,0.0,0,-19.5,-7.1,[],0,0,[],[]
10827360,10833320,FEM,FAN,24.83,249,XIC,RC,2,NT,FH,0.0,0,-20.63,-5.3,[],0,0,[],[]
10833320,10834200,NA,OLF,0.0,249,XIC,NA,NA,NA,NA,0.0,0,-32.45,-18.11,[],0,0,[],[]
10834200,10835200,MAL,MAN,2.73,249,XIC,RC,2,NT,FI,0.0,0,-20.45,-6.56,[],0,0,[],[]
10835200,10836180,NA,NOF,0.0,249,XIC,NA,NA,NA,NA,0.0,0,-21.43,-5.61,[],0,0,[],[]
10836180,10837540,FEM,FAN,7.52,249,XIC,RC,2,NT,FI,0.0,0,-20.21,-5.55,[],0,0,[],[]
10837540,10838730,NA,OLN,0.0,249,XIC,NA,NA,NA,NA,0.0,0,-15.97,-5.17,[],0,0,[],[]
10838730,10839730,MAL,MAN,1.65,249,XIC,RC,2,NT,FI,0.0,0,-22.55,-14.81,[],0,0,[],[]
10839730,10840550,NA,OLN,0.0,249,XIC,NA,NA,NA,NA,0.0,0,-15.39,-4.35,[],0,0,[],[]
10840550,10842840,FEM,FAN,10.65,249,XIC,RC,2,NT,FI,0.0,0,-19.82,-7.28,[],0,0,[],[]
10842840,10843600,OCH,CXN,0.0,249,XIC,EC,2,NT,FI,0.0,0,-22.34,-13.4,[],0,0,[],[]
10843600,10844890,NA,SIL,0.0,250,pause,NA,NA,NA,NA,0.0,0,-43.11,-39.72,[],0,0,[],[]
10844890,10846500,NA,FAF,0.0,250,pause,NA,NA,NA,NA,0.0,0,-38.12,-27.74,[],0,0,[],[]
10846500,10848210,NA,OLF,0.0,250,pause,NA,NA,NA,NA,0.0,0,-37.88,-24.56,[],0,0,[],[]
10848210,10849530,NA,FAF,0.0,250,pause,NA,NA,NA,NA,0.0,0,-39.11,-32.04,[],0,0,[],[]
10849530,10852120,NA,OLF,0.0,250,pause,NA,NA,NA,NA,0.0,0,-22.96,-6.25,[],0,0,[],[]
10852120,10853550,NA,FAF,0.0,250,pause,NA,NA,NA,NA,0.0,0,-33.5,-16.51,[],0,0,[],[]
10853550,10856720,NA,OLF,0.0,250,pause,NA,NA,NA,NA,0.0,0,-26.67,-4.82,[],0,0,[],[]
10856720,10859210,FEM,FAN,9.51,250,AIOCF,BC,0,NT,FI,0.0,0,-32.4,-18.69,[],0,0,[],[]
10859210,10860240,NA,NOF,0.0,250,AIOCF,NA,NA,NA,NA,0.0,0,-32.86,-15.12,[],0,0,[],[]
10860240,10861120,CHI,CHN,0.0,250,AIOCF,NA,NA,NA,NA,0.0,0,-16.38,-3.71,[],0,770,"[{'start': 10860.35, 'end': 10861.12}]",[]
10861120,10863280,NA,OLN,0.0,250,AIOCF,NA,NA,NA,NA,0.0,0,-14.26,-3.37,[],0,0,[],[]
10863280,10864130,OCH,CXN,0.0,250,AIOCF,RC,0,NT,FI,0.0,0,-19.27,-14.5,[],0,0,[],[]
10864130,10865130,NA,TVN,0.0,250,AIOCF,NA,NA,NA,NA,0.0,0,-23.17,-9.27,[],0,0,[],[]
10865130,10865930,OCH,CXN,0.0,250,AIOCF,EC,0,NT,FH,0.0,0,-22.37,-15.79,[],0,0,[],[]
10865930,10867830,NA,OLN,0.0,251,pause,NA,NA,NA,NA,0.0,0,-20.54,-5.03,[],0,0,[],[]
10867830,10868430,NA,CHF,0.0,251,pause,NA,NA,NA,NA,0.0,0,-30.12,-21.42,[],0,600,"[{'start': 10867.83, 'end': 10868.43}]",[]
10868430,10871970,NA,OLN,0.0,251,pause,NA,NA,NA,NA,0.0,0,-32.06,-13.82,[],0,0,[],[]
10871970,10872960,NA,OLF,0.0,251,pause,NA,NA,NA,NA,0.0,0,-36.81,-30.23,[],0,0,[],[]
10872960,10873870,NA,OLN,0.0,251,pause,NA,NA,NA,NA,0.0,0,-35.34,-25.71,[],0,0,[],[]
10873870,10876130,NA,FAF,0.0,251,pause,NA,NA,NA,NA,0.0,0,-41.18,-33.3,[],0,0,[],[]
10876130,10877710,FEM,FAN,4.69,251,AICF,BC,0,TIFI,FI,0.0,0,-35.38,-26.16,[],0,0,[],[]
10877710,10878320,CHI,CHN,0.0,251,AICF,RC,1,TIFR,FI,1.0,610,-16.52,-13.32,"[{'Canonical-syllable': '0', 'Growl': '0', 'High-freq-energy': '0', 'Long-island': '0', 'Low-tilt-spectrum': '0', 'Medium-island': '1', 'Short-island': '0', 'Squeal': '0', 'Typical-entropy': '0', 'Voicing-quality': '1', 'Wide-band': '0', 'Xlong-island': '0', 'seq': '1', 'end': 10878.32, 'start': 10877.71}]",0,0,[],[]
10878320,10879370,FEM,FAN,2.67,251,AICF,EC,1,TIFE,FI,0.0,0,-23.06,-15.04,[],0,0,[],[]
10879370,10884390,NA,OLF,0.0,252,pause,NA,NA,NA,NA,0.0,0,-29.28,-5.79,[],0,0,[],[]
10884390,10885420,NA,MAF,0.0,252,pause,NA,NA,NA,NA,0.0,0,-40.72,-34.47,[],0,0,[],[]
10885420,10886450,FEM,FAN,5.56,252,AIOCF,BC,0,NT,FI,0.0,0,-31.29,-17.69,[],0,0,[],[]
10886450,10888760,NA,OLN,0.0,252,AIOCF,NA,NA,NA,NA,0.0,0,-15.06,-2.84,[],0,0,[],[]
10888760,10889690,OCH,CXN,0.0,252,AIOCF,EC,0,NT,FI,0.0,0,-17.39,-12.14,[],0,0,[],[]
10889690,10890980,NA,OLN,0.0,253,pause,NA,NA,NA,NA,0.0,0,-28.14,-19.39,[],0,0,[],[]
10890980,10891780,NA,NON,0.0,253,pause,NA,NA,NA,NA,0.0,0,-34.04,-27.84,[],0,0,[],[]
10891780,10893150,NA,TVN,0.0,253,pause,NA,NA,NA,NA,0.0,0,-35.54,-28.06,[],0,0,[],[]
10893150,10894170,NA,OLN,0.0,253,pause,NA,NA,NA,NA,0.0,0,-28.87,-19.26,[],0,0,[],[]
10894170,10894980,NA,NON,0.0,253,pause,NA,NA,NA,NA,0.0,0,-22.3,-13.09,[],0,0,[],[]
10894980,10895780,NA,OLN,0.0,253,pause,NA,NA,NA,NA,0.0,0,-21.76,-11.31,[],0,0,[],[]
10895780,10897020,OCH,CXN,0.0,253,XIC,BC,0,NT,FI,0.0,0,-18.63,-11.27,[],0,0,[],[]
10897020,10899900,NA,OLN,0.0,253,XIC,NA,NA,NA,NA,0.0,0,-18.85,-10.27,[],0,0,[],[]
10899900,10900720,CHI,CHN,0.0,253,XIC,NA,NA,NA,NA,0.0,0,-19.6,-12.86,[],0,450,"[{'start': 10899.9, 'end': 10900.35}]",[]
10900720,10901350,CHI,CHN,0.0,253,XIC,RC,0,TIFI,FI,1.0,630,-17.66,-6.54,"[{'Canonical-syllable': '0', 'Growl': '0', 'High-freq-energy': '1', 'Long-island': '0', 'Low-tilt-spectrum': '1', 'Medium-island': '1', 'Short-island': '0', 'Squeal': '0', 'Typical-entropy': '1', 'Voicing-quality': '1', 'Wide-band': '0', 'Xlong-island': '0', 'seq': '1', 'end': 10901.35, 'start': 10900.8}]",0,0,[],[]
10901350,10903100,NA,OLN,0.0,253,XIC,NA,NA,NA,NA,0.0,0,-21.02,-6.99,[],0,0,[],[]
10903100,10904100,FEM,FAN,3.13,253,XIC,RC,1,TIFR,FI,0.0,0,-25.09,-17.34,[],0,0,[],[]
10904100,10906040,NA,OLN,0.0,253,XIC,NA,NA,NA,NA,0.0,0,-27.0,-14.43,[],0,0,[],[]
10906040,10906740,CHI,CHN,0.0,253,XIC,EC,1,TIFE,FI,1.0,700,-19.93,-13.97,"[{'Canonical-syllable': '0', 'Growl': '1', 'High-freq-energy': '0', 'Long-island': '1', 'Low-tilt-spectrum': '1', 'Medium-island': '0', 'Short-island': '0', 'Squeal': '0', 'Typical-entropy': '1', 'Voicing-quality': '1', 'Wide-band': '0', 'Xlong-island': '0', 'seq': '1', 'end': 10906.74, 'start': 10906.04}]",0,0,[],[]
10906740,10911720,NA,OLN,0.0,254,pause,NA,NA,NA,NA,0.0,0,-26.81,-9.1,[],0,0,[],[]
10911720,10912520,NA,NON,0.0,254,pause,NA,NA,NA,NA,0.0,0,-30.83,-24.84,[],0,0,[],[]
10912520,10913520,FEM,FAN,11.05,254,AMF,BC,0,NT,FI,0.0,0,-19.03,-13.73,[],0,0,[],[]
10913520,10915880,NA,OLN,0.0,254,AMF,NA,NA,NA,NA,0.0,0,-18.94,-9.67,[],0,0,[],[]
10915880,10916880,FEM,FAN,9.97,254,AMF,EC,0,NT,FH,0.0,0,-22.13,-17.94,[],0,0,[],[]
10916880,10922620,NA,OLN,0.0,255,pause,NA,NA,NA,NA,0.0,0,-18.24,-3.79,[],0,0,[],[]
10922620,10923630,FEM,FAN,5.86,255,AIOCCXF,BC,0,NT,FI,0.0,0,-19.15,-9.78,[],0,0,[],[]
10923630,10927010,NA,OLN,0.0,255,AIOCCXF,NA,NA,NA,NA,0.0,0,-17.49,-4.1,[],0,0,[],[]
10927010,10930970,FEM,FAN,15.54,255,AIOCCXF,RC,0,NT,FH,0.0,0,-19.99,-7.99,[],0,0,[],[]
10930970,10932410,NA,NOF,0.0,255,AIOCCXF,NA,NA,NA,NA,0.0,0,-40.47,-30.96,[],0,0,[],[]
10932410,10936850,FEM,FAN,14.08,255,AIOCCXF,RC,0,NT,FH,0.0,0,-21.01,-8.93,[],0,0,[],[]
10936850,10937720,NA,NOF,0.0,255,AIOCCXF,NA,NA,NA,NA,0.0,0,-12.77,-4.9,[],0,0,[],[]
10937720,10939320,NA,OLN,0.0,255,AIOCCXF,NA,NA,NA,NA,0.0,0,-14.88,-3.2,[],0,0,[],[]
10939320,10940320,FEM,FAN,0.0,255,AIOCCXF,NA,NA,NA,NA,0.0,0,-22.34,-12.47,[],1000,0,[],[]
10940320,10941260,NA,OLN,0.0,255,AIOCCXF,NA,NA,NA,NA,0.0,0,-23.03,-14.86,[],0,0,[],[]
10941260,10942260,OCH,CXN,0.0,255,AIOCCXF,RC,0,NT,FI,0.0,0,-28.28,-20.37,[],0,0,[],[]
10942260,10942960,CHI,CHN,0.0,255,AIOCCXF,EC,0,NT,FI,1.0,700,-17.4,-6.41,"[{'Canonical-syllable': '0', 'Growl': '0', 'High-freq-energy': '0', 'Long-island': '1', 'Low-tilt-spectrum': '0', 'Medium-island': '0', 'Short-island': '0', 'Squeal': '0', 'Typical-entropy': '1', 'Voicing-quality': '1', 'Wide-band': '0', 'Xlong-island': '0', 'seq': '1', 'end': 10942.96, 'start': 10942.26}]",0,0,[],[]
10942960,10944180,FEM,FAN,0.0,256,pause,NA,NA,NA,NA,0.0,0,-29.43,-20.33,[],1220,0,[],[]
10944180,10944980,NA,OLF,0.0,256,pause,NA,NA,NA,NA,0.0,0,-37.67,-24.62,[],0,0,[],[]
10944980,10946270,NA,FAF,0.0,256,pause,NA,NA,NA,NA,0.0,0,-39.42,-30.18,[],0,0,[],[]
10946270,10948070,NA,OLN,0.0,256,pause,NA,NA,NA,NA,0.0,0,-26.04,-10.58,[],0,0,[],[]
10948070,10950040,FEM,FAN,8.88,256,AMF,EC,0,NT,FI,0.0,0,-23.81,-9.63,[],0,0,[],[]
10950040,10951000,NA,OLF,0.0,257,pause,NA,NA,NA,NA,0.0,0,-22.72,-9.86,[],0,0,[],[]
10951000,10953260,NA,FAF,0.0,257,pause,NA,NA,NA,NA,0.0,0,-28.82,-11.9,[],0,0,[],[]
10953260,10955940,NA,OLF,0.0,257,pause,NA,NA,NA,NA,0.0,0,-21.14,-2.84,[],0,0,[],[]
10955940,10956940,FEM,FAN,0.0,257,pause,NA,NA,NA,NA,0.0,0,-23.78,-19.91,[],1000,0,[],[]
10956940,10958240,NA,OLN,0.0,257,pause,NA,NA,NA,NA,0.0,0,-17.54,-4.59,[],0,0,[],[]
10958240,10960880,FEM,FAN,10.34,257,AICF,BC,0,NT,FI,0.0,0,-22.09,-13.14,[],0,0,[],[]
10960880,10961900,NA,OLN,0.0,257,AICF,NA,NA,NA,NA,0.0,0,-14.84,-4.35,[],0,0,[],[]
10961900,10964800,NA,OLF,0.0,257,AICF,NA,NA,NA,NA,0.0,0,-25.53,-6.23,[],0,0,[],[]
10964800,10965800,NA,FAF,0.0,257,AICF,NA,NA,NA,NA,0.0,0,-39.06,-28.49,[],0,0,[],[]
10965800,10966800,MAL,MAN,3.93,257,AICF,RC,0,NT,FI,0.0,0,-32.65,-24.26,[],0,0,[],[]
10966800,10968000,NA,NOF,0.0,257,AICF,NA,NA,NA,NA,0.0,0,-37.63,-23.68,[],0,0,[],[]
10968000,10968800,NA,SIL,0.0,257,AICF,NA,NA,NA,NA,0.0,0,-47.4,-38.46,[],0,0,[],[]
10968800,10969870,NA,OLF,0.0,257,AICF,NA,NA,NA,NA,0.0,0,-26.74,-7.86,[],0,0,[],[]
10969870,10972560,FEM,FAN,9.58,257,AICF,RC,0,TIFI,FI,0.0,0,-22.79,-15.36,[],0,0,[],[]
10972560,10973940,NA,OLN,0.0,257,AICF,NA,NA,NA,NA,0.0,0,-20.51,-6.35,[],0,0,[],[]
10973940,10975000,NA,NOF,0.0,257,AICF,NA,NA,NA,NA,0.0,0,-33.32,-17.63,[],0,0,[],[]
10975000,10976000,CHI,CHN,0.0,257,AICF,NA,NA,NA,NA,0.0,0,-27.48,-21.03,[],0,880,"[{'start': 10975.12, 'end': 10976.0}]",[]
10976000,10976600,CHI,CHN,0.0,257,AICF,RC,1,TIFR,FI,1.0,600,-25.46,-20.85,"[{'Canonical-syllable': '0', 'Growl': '1', 'High-freq-energy': '0', 'Long-island': '0', 'Low-tilt-spectrum': '1', 'Medium-island': '1', 'Short-island': '0', 'Squeal': '0', 'Typical-entropy': '1', 'Voicing-quality': '1', 'Wide-band': '0', 'Xlong-island': '0', 'seq': '1', 'end': 10976.6, 'start': 10976.0}]",0,0,[],[]
10976600,10978180,FEM,FAN,7.24,257,AICF,RC,1,TIFI,FI,0.0,0,-21.77,-15.79,[],0,0,[],[]
10978180,10979180,NA,TVF,0.0,257,AICF,NA,NA,NA,NA,0.0,0,-39.15,-25.91,[],0,0,[],[]
10979180,10979980,NA,OLF,0.0,257,AICF,NA,NA,NA,NA,0.0,0,-40.86,-33.34,[],0,0,[],[]
10979980,10980990,NA,TVN,0.0,257,AICF,NA,NA,NA,NA,0.0,0,-43.05,-37.06,[],0,0,[],[]
10980990,10981960,NA,OLF,0.0,257,AICF,NA,NA,NA,NA,0.0,0,-38.6,-30.83,[],0,0,[],[]
10981960,10982960,CHI,CHN,0.0,257,AICF,RC,2,TIFR,FI,1.0,650,-18.22,-11.51,"[{'Canonical-syllable': '0', 'Growl': '1', 'High-freq-energy': '0', 'Long-island': '0', 'Low-tilt-spectrum': '1', 'Medium-island': '1', 'Short-island': '0', 'Squeal': '0', 'Typical-entropy': '1', 'Voicing-quality': '1', 'Wide-band': '0', 'Xlong-island': '0', 'seq': '1', 'end': 10982.61, 'start': 10982.05}]",0,0,[],[]
10982960,10984010,NA,OLN,0.0,257,AICF,NA,NA,NA,NA,0.0,0,-35.27,-25.86,[],0,0,[],[]
10984010,10985690,FEM,FAN,6.94,257,AICF,RC,2,TIFE,FI,0.0,0,-20.3,-13.57,[],0,0,[],[]
10985690,10986710,NA,OLN,0.0,257,AICF,NA,NA,NA,NA,0.0,0,-23.55,-8.02,[],0,0,[],[]
10986710,10987510,OCH,CXN,0.0,257,AICF,RC,2,NT,FI,0.0,0,-20.06,-7.59,[],0,0,[],[]
10987510,10988510,NA,OLN,0.0,257,AICF,NA,NA,NA,NA,0.0,0,-19.01,-4.12,[],0,0,[],[]
10988510,10994450,FEM,FAN,23.53,257,AICF,RC,2,NT,FI,0.0,0,-23.42,-12.55,[],0,0,[],[]
10994450,10995250,NA,NON,0.0,257,AICF,NA,NA,NA,NA,0.0,0,-44.12,-36.01,[],0,0,[],[]
10995250,10996390,FEM,FAN,6.51,257,AICF,RC,2,NT,FH,0.0,0,-29.86,-19.99,[],0,0,[],[]
10996390,10997390,NA,TVF,0.0,257,AICF,NA,NA,NA,NA,0.0,0,-40.2,-32.34,[],0,0,[],[]
10997390,10999110,FEM,FAN,6.08,257,AICF,RC,2,NT,FH,0.0,0,-30.36,-14.9,[],0,0,[],[]
10999110,10999910,NA,OLF,0.0,257,AICF,NA,NA,NA,NA,0.0,0,-28.86,-12.73,[],0,0,[],[]
10999910,11003540,FEM,FAN,14.3,257,AICF,RC,2,TIFI,FH,0.0,0,-28.48,-18.65,[],0,0,[],[]
11003540,11004620,NA,OLF,0.0,257,AICF,NA,NA,NA,NA,0.0,0,-36.38,-29.83,[],0,0,[],[]
11004620,11005790,CHI,CHN,0.0,257,AICF,RC,3,TIFR,FI,2.0,660,-24.97,-16.75,"[{'Canonical-syllable': '0', 'Growl': '1', 'High-freq-energy': '0', 'Long-island': '0', 'Low-tilt-spectrum': '0', 'Medium-island': '0', 'Short-island': '1', 'Squeal': '0', 'Typical-entropy': '1', 'Voicing-quality': '1', 'Wide-band': '0', 'Xlong-island': '0', 'seq': '1', 'end': 11004.85, 'start': 11004.62}, {'Canonical-syllable': '0', 'Growl': '1', 'High-freq-energy': '0', 'Long-island': '0', 'Low-tilt-spectrum': '0', 'Medium-island': '1', 'Short-island': '0', 'Squeal': '0', 'Typical-entropy': '0', 'Voicing-quality': '1', 'Wide-band': '0', 'Xlong-island': '0', 'seq': '2', 'end': 11005.79, 'start': 11005.36}]",0,0,[],[]
11005790,11006790,CHI,CHN,0.0,257,AICF,RC,3,NT,FH,1.0,1000,-24.09,-18.28,"[{'Canonical-syllable': '0', 'Growl': '0', 'High-freq-energy': '0', 'Long-island': '0', 'Low-tilt-spectrum': '0', 'Medium-island': '2', 'Short-island': '0', 'Squeal': '0', 'Typical-entropy': '0', 'Voicing-quality': '2', 'Wide-band': '0', 'Xlong-island': '0', 'seq': '1', 'end': 11006.79, 'start': 11005.79}]",0,0,[],[]
11006790,11007700,NA,OLN,0.0,257,AICF,NA,NA,NA,NA,0.0,0,-25.89,-13.1,[],0,0,[],[]
11007700,11009010,FEM,FAN,6.34,257,AICF,RC,3,TIFI,FI,0.0,0,-27.77,-21.31,[],0,0,[],[]
11009010,11009660,CHI,CHN,0.0,257,AICF,RC,4,TIFR,FI,1.0,560,-27.43,-20.66,"[{'Canonical-syllable': '0', 'Growl': '1', 'High-freq-energy': '0', 'Long-island': '0', 'Low-tilt-spectrum': '1', 'Medium-island': '0', 'Short-island': '2', 'Squeal': '0', 'Typical-entropy': '2', 'Voicing-quality': '1', 'Wide-band': '0', 'Xlong-island': '0', 'seq': '1', 'end': 11009.57, 'start': 11009.01}]",0,0,[],[]
11009660,11010670,FEM,FAN,2.28,257,AICF,RC,4,TIFE,FI,0.0,0,-25.69,-19.75,[],0,0,[],[]
11010670,11012070,NA,OLN,0.0,257,AICF,NA,NA,NA,NA,0.0,0,-34.14,-21.17,[],0,0,[],[]
11012070,11014470,FEM,FAN,7.31,257,AICF,RC,4,NT,FH,0.0,0,-33.32,-21.07,[],0,0,[],[]
11014470,11016490,NA,OLN,0.0,257,AICF,NA,NA,NA,NA,0.0,0,-26.01,-18.58,[],0,0,[],[]
11016490,11017490,NA,TVN,0.0,257,AICF,NA,NA,NA,NA,0.0,0,-37.91,-31.92,[],0,0,[],[]
11017490,11018500,NA,MAF,0.0,257,AICF,NA,NA,NA,NA,0.0,0,-44.64,-36.37,[],0,0,[],[]
11018500,11019300,OCH,CXN,0.0,257,AICF,RC,4,NT,FI,0.0,0,-36.74,-27.25,[],0,0,[],[]
11019300,11021520,FEM,FAN,7.89,257,AICF,RC,4,NT,FI,0.0,0,-25.52,-18.34,[],0,0,[],[]
11021520,11023450,NA,OLN,0.0,257,AICF,NA,NA,NA,NA,0.0,0,-32.67,-22.79,[],0,0,[],[]
11023450,11024270,NA,NOF,0.0,257,AICF,NA,NA,NA,NA,0.0,0,-31.68,-15.18,[],0,0,[],[]
11024270,11025350,NA,OLN,0.0,257,AICF,NA,NA,NA,NA,0.0,0,-37.41,-27.65,[],0,0,[],[]
11025350,11026880,FEM,FAN,6.43,257,AICF,RC,4,TIFI,FH,0.0,0,-36.25,-24.93,[],0,0,[],[]
11026880,11028530,NA,OLN,0.0,257,AICF,NA,NA,NA,NA,0.0,0,-35.49,-24.73,[],0,0,[],[]
11028530,11030050,CHI,CHN,0.0,257,AICF,EC,5,TIFR,FI,1.0,1520,-16.56,-9.41,"[{'Canonical-syllable': '2', 'Growl': '1', 'High-freq-energy': '0', 'Long-island': '0', 'Low-tilt-spectrum': '0', 'Medium-island': '0', 'Short-island': '5', 'Squeal': '0', 'Typical-entropy': '7', 'Voicing-quality': '7', 'Wide-band': '0', 'Xlong-island': '0', 'seq': '1', 'end': 11030.05, 'start': 11028.53}]",0,0,[],[]
11030050,11032660,NA,OLN,0.0,258,pause,NA,NA,NA,NA,0.0,0,-17.23,-5.22,[],0,0,[],[]
11032660,11033740,CHI,CHN,0.0,258,pause,NA,NA,NA,NA,0.0,0,-13.39,-3.9,[],0,1080,"[{'start': 11032.66, 'end': 11033.74}]",[]
11033740,11035840,NA,OLN,0.0,258,pause,NA,NA,NA,NA,0.0,0,-16.02,-3.47,[],0,0,[],[]
11035840,11036850,NA,MAF,0.0,258,pause,NA,NA,NA,NA,0.0,0,-38.96,-30.91,[],0,0,[],[]
11036850,11038560,NA,OLN,0.0,258,pause,NA,NA,NA,NA,0.0,0,-20.2,-12.07,[],0,0,[],[]
11038560,11041260,CHI,CHN,0.0,258,CIC,BC,0,TIFI,FI,1.0,2620,-17.62,-8.22,"[{'Canonical-syllable': '1', 'Growl': '0', 'High-freq-energy': '0', 'Long-island': '1', 'Low-tilt-spectrum': '0', 'Medium-island': '1', 'Short-island': '0', 'Squeal': '0', 'Typical-entropy': '3', 'Voicing-quality': '4', 'Wide-band': '0', 'Xlong-island': '1', 'seq': '1', 'end': 11041.18, 'start': 11038.56}]",0,0,[],[]
11041260,11042600,NA,OLN,0.0,258,CIC,NA,NA,NA,NA,0.0,0,-19.51,-6.77,[],0,0,[],[]
11042600,11043480,CHI,CHN,0.0,258,CIC,NA,NA,NA,NA,0.0,0,-16.91,-8.27,[],0,370,"[{'start': 11043.11, 'end': 11043.48}]",[]
11043480,11045510,NA,OLN,0.0,258,CIC,NA,NA,NA,NA,0.0,0,-19.68,-5.65,[],0,0,[],[]
11045510,11049980,FEM,FAN,17.78,258,CIC,RC,1,TIFR,FI,0.0,0,-22.87,-12.4,[],0,0,[],[]
11049980,11050580,CHI,CHN,0.0,258,CIC,RC,1,TIFI,FI,2.0,280,-21.34,-14.01,"[{'Canonical-syllable': '1', 'Growl': '0', 'High-freq-energy': '0', 'Long-island': '0', 'Low-tilt-spectrum': '0', 'Medium-island': '0', 'Short-island': '1', 'Squeal': '0', 'Typical-entropy': '0', 'Voicing-quality': '1', 'Wide-band': '0', 'Xlong-island': '0', 'seq': '1', 'end': 11050.17, 'start': 11049.98}, {'Canonical-syllable': '0', 'Growl': '0', 'High-freq-energy': '0', 'Long-island': '0', 'Low-tilt-spectrum': '0', 'Medium-island': '0', 'Short-island': '0', 'Squeal': '0', 'Typical-entropy': '0', 'Voicing-quality': '0', 'Wide-band': '0', 'Xlong-island': '0', 'seq': '2', 'end': 11050.58, 'start': 11050.49}]",0,0,[],[]
11050580,11055990,FEM,FAN,21.83,258,CIC,RC,2,TIFR,FI,0.0,0,-21.34,-10.43,[],0,0,[],[]
11055990,11056820,NA,OLF,0.0,258,CIC,NA,NA,NA,NA,0.0,0,-41.82,-36.68,[],0,0,[],[]
11056820,11058970,FEM,FAN,8.63,258,CIC,RC,2,NT,FH,0.0,0,-20.82,-11.15,[],0,0,[],[]
11058970,11059580,CHI,CHN,0.0,258,CIC,RC,2,TIMI,FI,1.0,610,-19.0,-14.78,"[{'Canonical-syllable': '0', 'Growl': '0', 'High-freq-energy': '1', 'Long-island': '0', 'Low-tilt-spectrum': '1', 'Medium-island': '1', 'Short-island': '0', 'Squeal': '0', 'Typical-entropy': '1', 'Voicing-quality': '1', 'Wide-band': '0', 'Xlong-island': '0', 'seq': '1', 'end': 11059.58, 'start': 11059.1}]",0,0,[],[]
11059580,11060540,NA,OLN,0.0,258,CIC,NA,NA,NA,NA,0.0,0,-21.58,-15.52,[],0,0,[],[]
11060540,11061540,FEM,FAN,0.0,258,CIC,NA,NA,NA,NA,0.0,0,-26.49,-16.85,[],1000,0,[],[]
11061540,11062400,NA,OLN,0.0,258,CIC,NA,NA,NA,NA,0.0,0,-24.73,-19.41,[],0,0,[],[]
11062400,11063460,MAL,MAN,1.97,258,CIC,RC,3,TIMR,FI,0.0,0,-34.08,-21.79,[],0,0,[],[]
11063460,11064620,FEM,FAN,7.7,258,CIC,RC,3,NT,FI,0.0,0,-28.41,-24.1,[],0,0,[],[]
11064620,11065620,MAL,MAN,1.75,258,CIC,RC,3,NT,FI,0.0,0,-27.86,-22.03,[],0,0,[],[]
11065620,11066220,CHI,CHN,0.0,258,CIC,RC,3,TIFI,FI,1.0,210,-17.8,-10.59,"[{'Canonical-syllable': '0', 'Growl': '0', 'High-freq-energy': '0', 'Long-island': '0', 'Low-tilt-spectrum': '0', 'Medium-island': '0', 'Short-island': '1', 'Squeal': '0', 'Typical-entropy': '0', 'Voicing-quality': '1', 'Wide-band': '0', 'Xlong-island': '0', 'seq': '1', 'end': 11066.22, 'start': 11066.01}]",0,0,[],[]
11066220,11067230,FEM,FAN,4.87,258,CIC,RC,4,TIFR,FI,0.0,0,-20.0,-13.27,[],0,0,[],[]
11067230,11068420,NA,OLN,0.0,258,CIC,NA,NA,NA,NA,0.0,0,-14.54,-2.68,[],0,0,[],[]
11068420,11071360,FEM,FAN,7.92,258,CIC,RC,4,NT,FH,0.0,0,-15.41,-8.86,[],0,0,[],[]
11071360,11073340,FEM,FAN,7.45,258,CIC,RC,4,NT,FH,0.0,0,-14.47,-2.51,[],0,0,[],[]
11073340,11074550,FEM,FAN,6.28,258,CIC,RC,4,NT,FH,0.0,0,-14.12,-5.78,[],0,0,[],[]
11074550,11076140,FEM,FAN,2.4,258,CIC,RC,4,NT,FH,0.0,0,-15.69,-9.57,[],0,0,[],[]
11076140,11076820,FEM,FAN,2.1,258,CIC,RC,4,NT,FH,0.0,0,-16.06,-10.56,[],0,0,[],[]
11076820,11077820,FEM,FAN,1.22,258,CIC,RC,4,NT,FH,0.0,0,-17.92,-11.22,[],0,0,[],[]
11077820,11078860,NA,MAF,0.0,258,CIC,NA,NA,NA,NA,0.0,0,-34.3,-26.0,[],0,0,[],[]
11078860,11080110,FEM,FAN,8.42,258,CIC,RC,4,NT,FH,0.0,0,-16.96,-9.27,[],0,0,[],[]
11080110,11080730,FEM,FAN,0.37,258,CIC,RC,4,NT,FH,0.0,0,-15.16,-5.13,[],0,0,[],[]
11080730,11082530,FEM,FAN,7.41,258,CIC,RC,4,NT,FH,0.0,0,-15.6,-7.77,[],0,0,[],[]
11082530,11084750,FEM,FAN,5.57,258,CIC,RC,4,NT,FH,0.0,0,-14.82,-7.64,[],0,0,[],[]
11084750,11085750,MAL,MAN,2.09,258,CIC,RC,4,NT,FI,0.0,0,-19.82,-10.39,[],0,0,[],[]
11085750,11087430,FEM,FAN,6.84,258,CIC,RC,4,NT,FI,0.0,0,-14.06,-5.44,[],0,0,[],[]
11087430,11088140,FEM,FAN,2.28,258,CIC,RC,4,NT,FH,0.0,0,-15.55,-10.58,[],0,0,[],[]
11088140,11089850,FEM,FAN,6.0,258,CIC,RC,4,NT,FH,0.0,0,-15.0,-5.41,[],0,0,[],[]
11089850,11091030,MAL,MAN,4.45,258,CIC,RC,4,NT,FI,0.0,0,-17.35,-8.96,[],0,0,[],[]
11091030,11092040,FEM,FAN,2.74,258,CIC,RC,4,NT,FI,0.0,0,-16.94,-9.33,[],0,0,[],[]
11092040,11093360,NA,OLN,0.0,258,CIC,NA,NA,NA,NA,0.0,0,-17.26,-4.67,[],0,0,[],[]
11093360,11094470,CHI,CHN,0.0,258,CIC,RC,4,TIFE,FI,1.0,1020,-14.08,-5.02,"[{'Canonical-syllable': '1', 'Growl': '0', 'High-freq-energy': '0', 'Long-island': '1', 'Low-tilt-spectrum': '0', 'Medium-island': '0', 'Short-island': '1', 'Squeal': '0', 'Typical-entropy': '2', 'Voicing-quality': '2', 'Wide-band': '0', 'Xlong-island': '0', 'seq': '1', 'end': 11094.38, 'start': 11093.36}]",0,0,[],[]
11094470,11095890,CHI,CHN,0.0,258,CIC,RC,4,TIFI,FH,1.0,1420,-15.24,-5.06,"[{'Canonical-syllable': '0', 'Growl': '0', 'High-freq-energy': '0', 'Long-island': '1', 'Low-tilt-spectrum': '0', 'Medium-island': '1', 'Short-island': '0', 'Squeal': '0', 'Typical-entropy': '0', 'Voicing-quality': '2', 'Wide-band': '0', 'Xlong-island': '0', 'seq': '1', 'end': 11095.89, 'start': 11094.47}]",0,0,[],[]
11095890,11097670,FEM,FAN,6.28,258,CIC,RC,5,TIFR,FI,0.0,0,-15.6,-8.03,[],0,0,[],[]
11097670,11100100,FEM,FAN,7.94,258,CIC,RC,5,NT,FH,0.0,0,-15.99,-7.43,[],0,0,[],[]
11100100,11101400,NA,OLN,0.0,258,CIC,NA,NA,NA,NA,0.0,0,-21.48,-12.49,[],0,0,[],[]
11101400,11103170,FEM,FAN,4.72,258,CIC,RC,5,NT,FH,0.0,0,-20.1,-9.51,[],0,0,[],[]
11103170,11104080,NA,OLN,0.0,258,CIC,NA,NA,NA,NA,0.0,0,-36.0,-25.9,[],0,0,[],[]
11104080,11105320,FEM,FAN,7.86,258,CIC,RC,5,NT,FH,0.0,0,-13.84,-4.05,[],0,0,[],[]
11105320,11106290,NA,OLN,0.0,258,CIC,NA,NA,NA,NA,0.0,0,-19.55,-9.79,[],0,0,[],[]
11106290,11108720,FEM,FAN,10.78,258,CIC,RC,5,NT,FH,0.0,0,-16.44,-8.51,[],0,0,[],[]
11108720,11109620,NA,OLN,0.0,258,CIC,NA,NA,NA,NA,0.0,0,-16.69,-3.88,[],0,0,[],[]
11109620,11110420,NA,OLF,0.0,258,CIC,NA,NA,NA,NA,0.0,0,-21.02,-13.77,[],0,0,[],[]
11110420,11113240,NA,OLN,0.0,258,CIC,NA,NA,NA,NA,0.0,0,-15.5,-3.23,[],0,0,[],[]
11113240,11115930,FEM,FAN,13.77,258,CIC,RC,5,NT,FH,0.0,0,-15.83,-7.34,[],0,0,[],[]
11115930,11117760,CHI,CHN,0.0,258,CIC,RC,5,TIFI,FI,1.0,1830,-20.22,-9.77,"[{'Canonical-syllable': '0', 'Growl': '0', 'High-freq-energy': '0', 'Long-island': '1', 'Low-tilt-spectrum': '0', 'Medium-island': '0', 'Short-island': '3', 'Squeal': '0', 'Typical-entropy': '3', 'Voicing-quality': '5', 'Wide-band': '1', 'Xlong-island': '0', 'seq': '1', 'end': 11117.76, 'start': 11115.93}]",0,0,[],[]
11117760,11118810,FEM,FAN,2.91,258,CIC,RC,6,TIFR,FI,0.0,0,-19.86,-11.79,[],0,0,[],[]
11118810,11121180,NA,OLN,0.0,258,CIC,NA,NA,NA,NA,0.0,0,-18.94,-8.86,[],0,0,[],[]
11121180,11122180,FEM,FAN,6.0,258,CIC,RC,6,NT,FH,0.0,0,-25.78,-18.46,[],0,0,[],[]
11122180,11122980,NA,NOF,0.0,258,CIC,NA,NA,NA,NA,0.0,0,-43.35,-36.02,[],0,0,[],[]
11122980,11123980,CHI,CHN,0.0,258,CIC,RC,6,TIFE,FI,1.0,920,-23.28,-15.07,"[{'Canonical-syllable': '0', 'Growl': '1', 'High-freq-energy': '0', 'Long-island': '1', 'Low-tilt-spectrum': '0', 'Medium-island': '0', 'Short-island': '0', 'Squeal': '0', 'Typical-entropy': '1', 'Voicing-quality': '1', 'Wide-band': '0', 'Xlong-island': '0', 'seq': '1', 'end': 11123.9, 'start': 11123.11}]",0,0,[],[]
11123980,11124780,NA,NOF,0.0,258,CIC,NA,NA,NA,NA,0.0,0,-40.98,-33.18,[],0,0,[],[]
11124780,11125790,CHI,CHN,0.0,258,CIC,RC,6,TIFI,FH,1.0,1010,-22.46,-14.94,"[{'Canonical-syllable': '0', 'Growl': '0', 'High-freq-energy': '0', 'Long-island': '1', 'Low-tilt-spectrum': '0', 'Medium-island': '0', 'Short-island': '0', 'Squeal': '0', 'Typical-entropy': '0', 'Voicing-quality': '1', 'Wide-band': '0', 'Xlong-island': '0', 'seq': '1', 'end': 11125.79, 'start': 11124.86}]",0,0,[],[]
11125790,11129070,FEM,FAN,10.57,258,CIC,RC,7,TIFR,FI,0.0,0,-25.83,-17.26,[],0,0,[],[]
11129070,11130070,MAL,MAN,0.0,258,CIC,NA,NA,NA,NA,0.0,0,-35.68,-28.25,[],1000,0,[],[]
11130070,11132920,FEM,FAN,10.89,258,CIC,RC,7,NT,FH,0.0,0,-18.88,-12.94,[],0,0,[],[]
11132920,11133720,NA,NOF,0.0,258,CIC,NA,NA,NA,NA,0.0,0,-41.78,-30.95,[],0,0,[],[]
11133720,11135760,FEM,FAN,10.14,258,CIC,RC,7,NT,FH,0.0,0,-24.4,-16.82,[],0,0,[],[]
11135760,11136360,FEM,FAN,0.0,258,CIC,NA,NA,NA,NA,0.0,0,-20.87,-16.6,[],600,0,[],[]
11136360,11138780,FEM,FAN,9.52,258,CIC,RC,7,NT,FH,0.0,0,-21.71,-11.82,[],0,0,[],[]
11138780,11139380,FEM,FAN,0.09,258,CIC,RC,7,NT,FH,0.0,0,-16.06,-10.77,[],0,0,[],[]
11139380,11142490,FEM,FAN,12.44,258,CIC,RC,7,NT,FH,0.0,0,-23.3,-12.1,[],0,0,[],[]
11142490,11143090,CHI,CHN,0.0,258,CIC,RC,7,TIFI,FI,1.0,460,-25.55,-20.18,"[{'Canonical-syllable': '1', 'Growl': '0', 'High-freq-energy': '0', 'Long-island': '0', 'Low-tilt-spectrum': '1', 'Medium-island': '1', 'Short-island': '0', 'Squeal': '0', 'Typical-entropy': '1', 'Voicing-quality': '1', 'Wide-band': '0', 'Xlong-island': '0', 'seq': '1', 'end': 11142.95, 'start': 11142.49}]",0,0,[],[]
11143090,11144400,FEM,FAN,6.55,258,CIC,RC,8,TIFR,FI,0.0,0,-26.13,-15.77,[],0,0,[],[]
11144400,11145350,NA,OLF,0.0,258,CIC,NA,NA,NA,NA,0.0,0,-36.81,-27.98,[],0,0,[],[]
11145350,11147160,FEM,FAN,8.53,258,CIC,RC,8,NT,FH,0.0,0,-22.23,-14.17,[],0,0,[],[]
11147160,11148550,NA,OLF,0.0,258,CIC,NA,NA,NA,NA,0.0,0,-38.67,-30.5,[],0,0,[],[]
11148550,11151690,FEM,FAN,12.24,258,CIC,RC,8,NT,FH,0.0,0,-28.56,-20.77,[],0,0,[],[]
11151690,11152490,NA,FAF,0.0,258,CIC,NA,NA,NA,NA,0.0,0,-41.13,-29.23,[],0,0,[],[]
11152490,11153740,FEM,FAN,3.36,258,CIC,RC,8,NT,FH,0.0,0,-30.39,-23.44,[],0,0,[],[]
11153740,11154540,NA,NOF,0.0,258,CIC,NA,NA,NA,NA,0.0,0,-37.48,-28.87,[],0,0,[],[]
11154540,11155540,FEM,FAN,0.0,258,CIC,NA,NA,NA,NA,0.0,0,-30.46,-26.17,[],1000,0,[],[]
11155540,11156360,NA,FAF,0.0,258,CIC,NA,NA,NA,NA,0.0,0,-41.89,-34.76,[],0,0,[],[]
11156360,11158810,FEM,FAN,10.61,258,CIC,RC,8,NT,FH,0.0,0,-30.79,-22.53,[],0,0,[],[]
11158810,11160000,MAL,MAN,3.48,258,CIC,RC,8,NT,FI,0.0,0,-34.65,-27.32,[],0,0,[],[]
11160000,11161500,FEM,FAN,0.0,258,CIC,NA,NA,NA,NA,0.0,0,-36.86,-30.49,[],1500,0,[],[]
11161500,11162120,FEM,FAN,4.28,258,CIC,RC,8,NT,FI,0.0,0,-32.27,-25.71,[],0,0,[],[]
11162120,11164270,FEM,FAN,6.32,258,CIC,RC,8,NT,FH,0.0,0,-29.26,-19.34,[],0,0,[],[]
11164270,11164870,OCH,CXN,0.0,258,CIC,RC,8,NT,FI,0.0,0,-23.78,-18.84,[],0,0,[],[]
11164870,11165670,NA,OLF,0.0,258,CIC,NA,NA,NA,NA,0.0,0,-39.12,-30.69,[],0,0,[],[]
11165670,11166780,FEM,FAN,7.18,258,CIC,RC,8,NT,FI,0.0,0,-30.36,-21.29,[],0,0,[],[]
11166780,11167580,NA,OLN,0.0,258,CIC,NA,NA,NA,NA,0.0,0,-35.79,-28.89,[],0,0,[],[]
11167580,11168380,OCH,CXN,0.0,258,CIC,RC,8,NT,FI,0.0,0,-27.17,-21.25,[],0,0,[],[]
11168380,11169750,FEM,FAN,4.18,258,CIC,RC,8,NT,FI,0.0,0,-30.27,-19.99,[],0,0,[],[]
11169750,11173870,NA,OLN,0.0,258,CIC,NA,NA,NA,NA,0.0,0,-29.77,-16.19,[],0,0,[],[]
11173870,11175300,FEM,FAN,1.82,258,CIC,RC,8,NT,FH,0.0,0,-24.79,-16.55,[],0,0,[],[]
11175300,11176110,NA,OLN,0.0,258,CIC,NA,NA,NA,NA,0.0,0,-28.95,-23.68,[],0,0,[],[]
11176110,11177650,FEM,FAN,5.93,258,CIC,RC,8,NT,FH,0.0,0,-31.44,-25.75,[],0,0,[],[]
11177650,11178610,NA,OLN,0.0,258,CIC,NA,NA,NA,NA,0.0,0,-30.44,-21.39,[],0,0,[],[]
11178610,11181420,FEM,FAN,11.64,258,CIC,RC,8,NT,FH,0.0,0,-29.64,-22.67,[],0,0,[],[]
11181420,11182230,NA,OLF,0.0,258,CIC,NA,NA,NA,NA,0.0,0,-39.8,-33.94,[],0,0,[],[]
11182230,11185490,FEM,FAN,12.91,258,CIC,RC,8,NT,FH,0.0,0,-28.88,-19.57,[],0,0,[],[]
11185490,11186500,NA,OLN,0.0,258,CIC,NA,NA,NA,NA,0.0,0,-34.11,-28.66,[],0,0,[],[]
11186500,11187510,FEM,FAN,5.64,258,CIC,RC,8,NT,FH,0.0,0,-33.46,-28.38,[],0,0,[],[]
11187510,11188540,OCH,CXN,0.0,258,CIC,RC,8,NT,FI,0.0,0,-40.33,-35.58,[],0,0,[],[]
11188540,11189540,OCH,CXN,0.0,258,CIC,RC,8,NT,FH,0.0,0,-33.37,-25.97,[],0,0,[],[]
11189540,11190690,NA,OLN,0.0,258,CIC,NA,NA,NA,NA,0.0,0,-31.08,-23.57,[],0,0,[],[]
11190690,11191870,FEM,FAN,3.4,258,CIC,EC,8,NT,FI,0.0,0,-31.47,-23.82,[],0,0,[],[]
11191870,11192670,NA,OLN,0.0,259,pause,NA,NA,NA,NA,0.0,0,-34.07,-27.0,[],0,0,[],[]
11192670,11193470,NA,NOF,0.0,259,pause,NA,NA,NA,NA,0.0,0,-44.76,-33.49,[],0,0,[],[]
11193470,11194470,FEM,FAN,0.0,259,pause,NA,NA,NA,NA,0.0,0,-31.19,-25.45,[],1000,0,[],[]
11194470,11195270,NA,OLN,0.0,259,pause,NA,NA,NA,NA,0.0,0,-34.26,-28.03,[],0,0,[],[]
11195270,11196270,NA,TVN,0.0,259,pause,NA,NA,NA,NA,0.0,0,-36.5,-31.33,[],0,0,[],[]
11196270,11197070,NA,OLN,0.0,259,pause,NA,NA,NA,NA,0.0,0,-31.48,-23.72,[],0,0,[],[]
11197070,11198590,FEM,FAN,7.87,259,AMF,BC,0,NT,FI,0.0,0,-34.35,-24.11,[],0,0,[],[]
11198590,11201870,NA,OLN,0.0,259,AMF,NA,NA,NA,NA,0.0,0,-27.16,-16.79,[],0,0,[],[]
11201870,11202970,FEM,FAN,3.02,259,AMF,RC,0,NT,FH,0.0,0,-29.53,-23.46,[],0,0,[],[]
11202970,11205530,NA,OLN,0.0,259,AMF,NA,NA,NA,NA,0.0,0,-29.78,-21.38,[],0,0,[],[]
11205530,11207310,FEM,FAN,1.27,259,AMF,RC,0,NT,FH,0.0,0,-32.18,-17.54,[],0,0,[],[]
11207310,11208260,NA,NOF,0.0,259,AMF,NA,NA,NA,NA,0.0,0,-42.26,-34.97,[],0,0,[],[]
11208260,11209260,FEM,FAN,2.41,259,AMF,EC,0,NT,FH,0.0,0,-30.93,-21.94,[],0,0,[],[]
11209260,11210460,NA,NOF,0.0,260,pause,NA,NA,NA,NA,0.0,0,-44.5,-34.84,[],0,0,[],[]
11210460,11215690,NA,OLN,0.0,260,pause,NA,NA,NA,NA,0.0,0,-32.65,-18.32,[],0,0,[],[]
11215690,11216500,NA,NOF,0.0,260,pause,NA,NA,NA,NA,0.0,0,-41.94,-32.25,[],0,0,[],[]
11216500,11218330,NA,OLN,0.0,260,pause,NA,NA,NA,NA,0.0,0,-29.83,-14.15,[],0,0,[],[]
11218330,11219140,CHI,CHN,0.0,260,pause,NA,NA,NA,NA,0.0,0,-32.98,-27.38,[],0,810,[],"[{'start': 11218.33, 'end': 11219.14}]"
11219140,11220830,FEM,FAN,7.17,260,AMF,EC,0,NT,FI,0.0,0,-28.15,-15.25,[],0,0,[],[]
11220830,11222330,NA,OLF,0.0,261,pause,NA,NA,NA,NA,0.0,0,-32.64,-21.35,[],0,0,[],[]
11222330,11223290,NA,NOF,0.0,261,pause,NA,NA,NA,NA,0.0,0,-39.7,-30.49,[],0,0,[],[]
11223290,11230570,NA,OLN,0.0,261,pause,NA,NA,NA,NA,0.0,0,-29.1,-19.89,[],0,0,[],[]
11230570,11231650,NA,MAF,0.0,261,pause,NA,NA,NA,NA,0.0,0,-41.54,-28.12,[],0,0,[],[]
11231650,11232670,NA,OLN,0.0,261,pause,NA,NA,NA,NA,0.0,0,-32.58,-24.35,[],0,0,[],[]
11232670,11233730,FEM,FAN,1.12,261,AMF,EC,0,NT,FI,0.0,0,-33.64,-25.31,[],0,0,[],[]
11233730,11238370,NA,OLN,0.0,262,pause,NA,NA,NA,NA,0.0,0,-31.64,-11.69,[],0,0,[],[]
11238370,11239370,NA,FAF,0.0,262,pause,NA,NA,NA,NA,0.0,0,-37.27,-29.39,[],0,0,[],[]
11239370,11240380,NA,OLF,0.0,262,pause,NA,NA,NA,NA,0.0,0,-44.85,-35.33,[],0,0,[],[]
11240380,11243460,FEM,FAN,12.32,262,AICF,BC,0,NT,FI,0.0,0,-37.73,-29.47,[],0,0,[],[]
11243460,11244460,NA,MAF,0.0,262,AICF,NA,NA,NA,NA,0.0,0,-43.31,-31.87,[],0,0,[],[]
11244460,11245840,NA,SIL,0.0,262,AICF,NA,NA,NA,NA,0.0,0,-40.53,-25.49,[],0,0,[],[]
11245840,11246640,NA,CXF,0.0,262,AICF,NA,NA,NA,NA,0.0,0,-36.7,-28.03,[],0,0,[],[]
11246640,11248210,NA,FAF,0.0,262,AICF,NA,NA,NA,NA,0.0,0,-39.69,-31.94,[],0,0,[],[]
11248210,11249010,OCH,CXN,0.0,262,AICF,RC,0,NT,FI,0.0,0,-34.36,-27.31,[],0,0,[],[]
11249010,11250210,OCH,CXN,0.0,262,AICF,RC,0,NT,FH,0.0,0,-27.29,-21.44,[],0,0,[],[]
11250210,11251430,NA,OLN,0.0,262,AICF,NA,NA,NA,NA,0.0,0,-19.41,-4.48,[],0,0,[],[]
11251430,11253020,NA,NOF,0.0,262,AICF,NA,NA,NA,NA,0.0,0,-20.04,-4.98,[],0,0,[],[]
11253020,11254150,FEM,FAN,6.36,262,AICF,RC,0,NT,FI,0.0,0,-23.51,-19.04,[],0,0,[],[]
11254150,11255000,NA,OLN,0.0,262,AICF,NA,NA,NA,NA,0.0,0,-26.16,-18.65,[],0,0,[],[]
11255000,11256050,FEM,FAN,5.4,262,AICF,RC,0,TIFI,FH,0.0,0,-22.4,-14.94,[],0,0,[],[]
11256050,11256650,CHI,CHN,0.0,262,AICF,RC,1,TIFR,FI,1.0,520,-23.68,-19.93,"[{'Canonical-syllable': '0', 'Growl': '0', 'High-freq-energy': '0', 'Long-island': '0', 'Low-tilt-spectrum': '0', 'Medium-island': '1', 'Short-island': '0', 'Squeal': '0', 'Typical-entropy': '0', 'Voicing-quality': '1', 'Wide-band': '0', 'Xlong-island': '0', 'seq': '1', 'end': 11256.57, 'start': 11256.05}]",0,0,[],[]
11256650,11257830,NA,OLF,0.0,262,AICF,NA,NA,NA,NA,0.0,0,-41.14,-32.75,[],0,0,[],[]
11257830,11259150,FEM,FAN,6.13,262,AICF,RC,1,TIFE,FI,0.0,0,-29.59,-18.52,[],0,0,[],[]
11259150,11259750,FEM,FAN,0.0,262,AICF,NA,NA,NA,NA,0.0,0,-31.72,-20.59,[],600,0,[],[]
11259750,11260780,FEM,FAN,4.92,262,AICF,RC,1,NT,FH,0.0,0,-20.55,-11.35,[],0,0,[],[]
11260780,11262230,MAL,MAN,4.74,262,AICF,RC,1,NT,FI,0.0,0,-37.23,-29.1,[],0,0,[],[]
11262230,11263310,FEM,FAN,6.59,262,AICF,RC,1,NT,FI,0.0,0,-27.17,-15.34,[],0,0,[],[]
11263310,11264110,OCH,CXN,0.0,262,AICF,RC,1,NT,FI,0.0,0,-33.64,-22.84,[],0,0,[],[]
11264110,11267050,FEM,FAN,9.79,262,AICF,RC,1,NT,FI,0.0,0,-28.28,-18.2,[],0,0,[],[]
11267050,11267850,NA,OLF,0.0,262,AICF,NA,NA,NA,NA,0.0,0,-22.65,-9.54,[],0,0,[],[]
11267850,11269070,NA,OLN,0.0,262,AICF,NA,NA,NA,NA,0.0,0,-25.69,-17.14,[],0,0,[],[]
11269070,11270600,FEM,FAN,7.81,262,AICF,EC,1,NT,FH,0.0,0,-30.8,-23.6,[],0,0,[],[]
11270600,11271860,NA,SIL,0.0,263,pause,NA,NA,NA,NA,0.0,0,-47.07,-42.1,[],0,0,[],[]
11271860,11272690,NA,OLF,0.0,263,pause,NA,NA,NA,NA,0.0,0,-34.0,-24.7,[],0,0,[],[]
11272690,11273710,NA,NOF,0.0,263,pause,NA,NA,NA,NA,0.0,0,-44.19,-37.76,[],0,0,[],[]
11273710,11274560,NA,OLF,0.0,263,pause,NA,NA,NA,NA,0.0,0,-44.19,-39.79,[],0,0,[],[]
11274560,11275590,NA,FAF,0.0,263,pause,NA,NA,NA,NA,0.0,0,-44.05,-38.1,[],0,0,[],[]
11275590,11277460,NA,OLN,0.0,263,pause,NA,NA,NA,NA,0.0,0,-30.69,-19.57,[],0,0,[],[]
11277460,11278280,NA,NOF,0.0,263,pause,NA,NA,NA,NA,0.0,0,-17.43,-5.16,[],0,0,[],[]
11278280,11279190,NA,OLN,0.0,263,pause,NA,NA,NA,NA,0.0,0,-34.7,-26.93,[],0,0,[],[]
11279190,11281080,NA,NON,0.0,263,pause,NA,NA,NA,NA,0.0,0,-27.41,-11.04,[],0,0,[],[]
11281080,11281880,OCH,CXN,0.0,263,XM,EC,0,NT,FI,0.0,0,-34.03,-28.06,[],0,0,[],[]
11281880,11285770,NA,NOF,0.0,264,pause,NA,NA,NA,NA,0.0,0,-40.68,-27.39,[],0,0,[],[]
11285770,11286950,FEM,FAN,0.0,264,pause,NA,NA,NA,NA,0.0,0,-37.23,-31.6,[],1180,0,[],[]
11286950,11287890,NA,NOF,0.0,264,pause,NA,NA,NA,NA,0.0,0,-48.2,-40.92,[],0,0,[],[]
11287890,11288890,FEM,FAN,3.55,264,AMF,BC,0,NT,FI,0.0,0,-34.38,-26.94,[],0,0,[],[]
11288890,11290600,NA,OLN,0.0,264,AMF,NA,NA,NA,NA,0.0,0,-36.0,-27.46,[],0,0,[],[]
11290600,11291930,FEM,FAN,6.29,264,AMF,EC,0,NT,FH,0.0,0,-36.91,-31.3,[],0,0,[],[]
11291930,11293650,NA,OLN,0.0,265,pause,NA,NA,NA,NA,0.0,0,-36.45,-28.52,[],0,0,[],[]
11293650,11296420,NA,NON,0.0,265,pause,NA,NA,NA,NA,0.0,0,-41.82,-31.99,[],0,0,[],[]
11296420,11297220,NA,OLN,0.0,265,pause,NA,NA,NA,NA,0.0,0,-37.19,-32.42,[],0,0,[],[]
11297220,11298040,NA,SIL,0.0,265,pause,NA,NA,NA,NA,0.0,0,-49.35,-42.79,[],0,0,[],[]
11298040,11298840,NA,OLF,0.0,265,pause,NA,NA,NA,NA,0.0,0,-43.8,-36.76,[],0,0,[],[]
11298840,11299890,NA,FAF,0.0,265,pause,NA,NA,NA,NA,0.0,0,-41.54,-34.52,[],0,0,[],[]
11299890,11300690,NA,NOF,0.0,265,pause,NA,NA,NA,NA,0.0,0,-44.28,-39.33,[],0,0,[],[]
11300690,11301880,NA,SIL,0.0,265,pause,NA,NA,NA,NA,0.0,0,-50.08,-45.2,[],0,0,[],[]
11301880,11302700,OCH,CXN,0.0,265,XIOCA,BC,0,NT,FI,0.0,0,-31.78,-23.87,[],0,0,[],[]
11302700,11303710,FEM,FAN,1.6,265,XIOCA,RC,0,NT,FI,0.0,0,-34.68,-21.47,[],0,0,[],[]
11303710,11306410,NA,OLN,0.0,265,XIOCA,NA,NA,NA,NA,0.0,0,-22.37,-8.44,[],0,0,[],[]
11306410,11307390,NA,NON,0.0,265,XIOCA,NA,NA,NA,NA,0.0,0,-37.0,-28.59,[],0,0,[],[]
11307390,11309820,FEM,FAN,10.63,265,XIOCA,RC,0,NT,FH,0.0,0,-29.63,-22.26,[],0,0,[],[]
11309820,11311330,NA,OLN,0.0,265,XIOCA,NA,NA,NA,NA,0.0,0,-22.54,-10.23,[],0,0,[],[]
11311330,11312530,FEM,FAN,4.51,265,XIOCA,EC,0,NT,FH,0.0,0,-28.87,-22.57,[],0,0,[],[]
11312530,11313410,NA,OLN,0.0,266,pause,NA,NA,NA,NA,0.0,0,-31.28,-22.7,[],0,0,[],[]
11313410,11315280,NA,NON,0.0,266,pause,NA,NA,NA,NA,0.0,0,-27.73,-19.08,[],0,0,[],[]
11315280,11316400,NA,OLN,0.0,266,pause,NA,NA,NA,NA,0.0,0,-29.8,-24.48,[],0,0,[],[]
11316400,11318900,NA,NOF,0.0,266,pause,NA,NA,NA,NA,0.0,0,-44.31,-35.32,[],0,0,[],[]
11318900,11319930,FEM,FAN,4.18,266,AMF,BC,0,NT,FI,0.0,0,-25.83,-16.66,[],0,0,[],[]
11319930,11320730,NA,FAF,0.0,266,AMF,NA,NA,NA,NA,0.0,0,-36.14,-26.82,[],0,0,[],[]
11320730,11321750,FEM,FAN,3.73,266,AMF,EC,0,NT,FH,0.0,0,-34.53,-26.95,[],0,0,[],[]
11321750,11323150,NA,NOF,0.0,267,pause,NA,NA,NA,NA,0.0,0,-31.36,-18.57,[],0,0,[],[]
11323150,11324220,NA,OLN,0.0,267,pause,NA,NA,NA,NA,0.0,0,-25.32,-6.4,[],0,0,[],[]
11324220,11325090,NA,NOF,0.0,267,pause,NA,NA,NA,NA,0.0,0,-45.45,-34.41,[],0,0,[],[]
11325090,11326810,NA,FAF,0.0,267,pause,NA,NA,NA,NA,0.0,0,-42.8,-33.33,[],0,0,[],[]
11326810,11327620,NA,SIL,0.0,267,pause,NA,NA,NA,NA,0.0,0,-49.41,-46.28,[],0,0,[],[]
11327620,11329140,FEM,FAN,10.08,267,AMF,BC,0,NT,FI,0.0,0,-28.53,-21.71,[],0,0,[],[]
11329140,11330410,NA,NON,0.0,267,AMF,NA,NA,NA,NA,0.0,0,-41.8,-28.93,[],0,0,[],[]
11330410,11331410,FEM,FAN,6.43,267,AMF,RC,0,NT,FH,0.0,0,-27.0,-19.54,[],0,0,[],[]
11331410,11332990,NA,SIL,0.0,267,AMF,NA,NA,NA,NA,0.0,0,-51.91,-44.14,[],0,0,[],[]
11332990,11334890,FEM,FAN,8.14,267,AMF,EC,0,NT,FH,0.0,0,-30.38,-18.51,[],0,0,[],[]
11334890,11337480,NA,OLN,0.0,268,pause,NA,NA,NA,NA,0.0,0,-25.32,-15.08,[],0,0,[],[]
11337480,11338350,NA,NOF,0.0,268,pause,NA,NA,NA,NA,0.0,0,-14.17,-5.0,[],0,0,[],[]
11338350,11339150,NA,OLF,0.0,268,pause,NA,NA,NA,NA,0.0,0,-18.48,-10.45,[],0,0,[],[]
11339150,11339950,NA,NOF,0.0,268,pause,NA,NA,NA,NA,0.0,0,-31.96,-21.29,[],0,0,[],[]
11339950,11340760,NA,OLF,0.0,268,pause,NA,NA,NA,NA,0.0,0,-35.86,-29.08,[],0,0,[],[]
11340760,11342620,NA,NOF,0.0,268,pause,NA,NA,NA,NA,0.0,0,-15.33,-1.82,[],0,0,[],[]
11342620,11345460,NA,OLN,0.0,268,pause,NA,NA,NA,NA,0.0,0,-27.91,-7.69,[],0,0,[],[]
11345460,11346560,NA,NOF,0.0,268,pause,NA,NA,NA,NA,0.0,0,-23.07,-8.1,[],0,0,[],[]
11346560,11347900,NA,OLN,0.0,268,pause,NA,NA,NA,NA,0.0,0,-30.68,-11.18,[],0,0,[],[]
11347900,11348900,NA,FAF,0.0,268,pause,NA,NA,NA,NA,0.0,0,-37.59,-19.16,[],0,0,[],[]
11348900,11349930,NA,OLF,0.0,268,pause,NA,NA,NA,NA,0.0,0,-41.27,-31.14,[],0,0,[],[]
11349930,11352420,FEM,FAN,8.41,268,AMF,BC,0,NT,FI,0.0,0,-33.73,-22.83,[],0,0,[],[]
11352420,11354950,NA,OLN,0.0,268,AMF,NA,NA,NA,NA,0.0,0,-29.33,-18.0,[],0,0,[],[]
11354950,11356010,FEM,FAN,3.14,268,AMF,EC,0,NT,FH,0.0,0,-35.64,-28.08,[],0,0,[],[]
11356010,11357200,NA,OLN,0.0,269,pause,NA,NA,NA,NA,0.0,0,-22.31,-8.23,[],0,0,[],[]
11357200,11358130,NA,NOF,0.0,269,pause,NA,NA,NA,NA,0.0,0,-13.85,-4.73,[],0,0,[],[]
11358130,11359100,NA,OLN,0.0,269,pause,NA,NA,NA,NA,0.0,0,-25.58,-16.67,[],0,0,[],[]
11359100,11362340,NA,NON,0.0,269,pause,NA,NA,NA,NA,0.0,0,-20.1,-3.44,[],0,0,[],[]
11362340,11363340,FEM,FAN,5.9,269,AMF,BC,0,NT,FI,0.0,0,-25.17,-17.78,[],0,0,[],[]
11363340,11364440,NA,NON,0.0,269,AMF,NA,NA,NA,NA,0.0,0,-22.41,-9.0,[],0,0,[],[]
11364440,11365770,FEM,FAN,7.92,269,AMF,RC,0,NT,FH,0.0,0,-16.26,-7.4,[],0,0,[],[]
11365770,11366570,NA,OLN,0.0,269,AMF,NA,NA,NA,NA,0.0,0,-25.3,-16.19,[],0,0,[],[]
11366570,11367570,FEM,FAN,6.42,269,AMF,EC,0,NT,FH,0.0,0,-19.37,-7.18,[],0,0,[],[]
11367570,11371070,NA,OLN,0.0,270,pause,NA,NA,NA,NA,0.0,0,-16.38,-5.68,[],0,0,[],[]
11371070,11372100,NA,NON,0.0,270,pause,NA,NA,NA,NA,0.0,0,-18.53,-2.91,[],0,0,[],[]
11372100,11372940,NA,OLN,0.0,270,pause,NA,NA,NA,NA,0.0,0,-21.45,-10.76,[],0,0,[],[]
11372940,11375040,NA,NOF,0.0,270,pause,NA,NA,NA,NA,0.0,0,-20.85,-6.81,[],0,0,[],[]
11375040,11375840,NA,OLF,0.0,270,pause,NA,NA,NA,NA,0.0,0,-33.25,-18.23,[],0,0,[],[]
11375840,11376640,NA,NOF,0.0,270,pause,NA,NA,NA,NA,0.0,0,-20.59,-12.36,[],0,0,[],[]
11376640,11377550,NA,OLF,0.0,270,pause,NA,NA,NA,NA,0.0,0,-29.7,-17.91,[],0,0,[],[]
11377550,11378370,NA,NOF,0.0,270,pause,NA,NA,NA,NA,0.0,0,-37.42,-27.97,[],0,0,[],[]
11378370,11379390,NA,OLF,0.0,270,pause,NA,NA,NA,NA,0.0,0,-38.13,-25.26,[],0,0,[],[]
11379390,11380200,NA,CXF,0.0,270,pause,NA,NA,NA,NA,0.0,0,-36.59,-31.67,[],0,0,[],[]
11380200,11381370,NA,TVF,0.0,270,pause,NA,NA,NA,NA,0.0,0,-38.59,-27.84,[],0,0,[],[]
11381370,11382450,FEM,FAN,2.39,270,AMF,BC,0,NT,FI,0.0,0,-33.65,-25.84,[],0,0,[],[]
11382450,11383940,NA,OLN,0.0,270,AMF,NA,NA,NA,NA,0.0,0,-24.81,-10.8,[],0,0,[],[]
11383940,11385830,NA,FAF,0.0,270,AMF,NA,NA,NA,NA,0.0,0,-27.89,-10.13,[],0,0,[],[]
11385830,11386630,NA,OLF,0.0,270,AMF,NA,NA,NA,NA,0.0,0,-41.78,-37.49,[],0,0,[],[]
11386630,11387430,NA,SIL,0.0,270,AMF,NA,NA,NA,NA,0.0,0,-46.18,-36.31,[],0,0,[],[]
11387430,11389380,FEM,FAN,5.31,270,AMF,RC,0,NT,FH,0.0,0,-36.5,-27.91,[],0,0,[],[]
11389380,11390180,NA,OLF,0.0,270,AMF,NA,NA,NA,NA,0.0,0,-33.81,-16.19,[],0,0,[],[]
11390180,11391280,FEM,FAN,0.0,270,AMF,NA,NA,NA,NA,0.0,0,-37.14,-29.44,[],1100,0,[],[]
11391280,11392310,NA,OLN,0.0,270,AMF,NA,NA,NA,NA,0.0,0,-31.71,-22.18,[],0,0,[],[]
11392310,11393450,FEM,FAN,2.2,270,AMF,RC,0,NT,FH,0.0,0,-33.91,-21.15,[],0,0,[],[]
11393450,11394800,NA,OLN,0.0,270,AMF,NA,NA,NA,NA,0.0,0,-20.6,-11.55,[],0,0,[],[]
11394800,11395640,NA,NOF,0.0,270,AMF,NA,NA,NA,NA,0.0,0,-30.89,-19.85,[],0,0,[],[]
11395640,11400500,FEM,FAN,14.93,270,AMF,RC,0,NT,FH,0.0,0,-36.87,-26.78,[],0,0,[],[]
11400500,11401300,NA,OLF,0.0,270,AMF,NA,NA,NA,NA,0.0,0,-36.98,-27.84,[],0,0,[],[]
11401300,11402300,MAL,MAN,1.27,270,AMF,RC,0,NT,FI,0.0,0,-33.95,-24.46,[],0,0,[],[]
11402300,11403320,NA,FAF,0.0,270,AMF,NA,NA,NA,NA,0.0,0,-34.25,-28.42,[],0,0,[],[]
11403320,11405280,NA,OLN,0.0,270,AMF,NA,NA,NA,NA,0.0,0,-32.92,-24.19,[],0,0,[],[]
11405280,11406430,FEM,FAN,1.57,270,AMF,RC,0,NT,FI,0.0,0,-35.47,-28.68,[],0,0,[],[]
11406430,11408070,NA,OLN,0.0,270,AMF,NA,NA,NA,NA,0.0,0,-27.15,-9.45,[],0,0,[],[]
11408070,11409070,FEM,FAN,2.33,270,AMF,RC,0,NT,FH,0.0,0,-15.96,-10.68,[],0,0,[],[]
11409070,11409930,NA,OLN,0.0,270,AMF,NA,NA,NA,NA,0.0,0,-20.28,-12.57,[],0,0,[],[]
11409930,11410930,FEM,FAN,0.0,270,AMF,NA,NA,NA,NA,0.0,0,-31.93,-27.21,[],1000,0,[],[]
11410930,11411930,NA,MAF,0.0,270,AMF,NA,NA,NA,NA,0.0,0,-35.59,-29.57,[],0,0,[],[]
11411930,11412800,NA,OLN,0.0,270,AMF,NA,NA,NA,NA,0.0,0,-24.05,-16.2,[],0,0,[],[]
11412800,11413800,FEM,FAN,6.85,270,AMF,RC,0,NT,FH,0.0,0,-32.36,-26.27,[],0,0,[],[]
11413800,11415460,NA,OLF,0.0,270,AMF,NA,NA,NA,NA,0.0,0,-28.57,-15.18,[],0,0,[],[]
11415460,11416600,FEM,FAN,6.74,270,AMF,RC,0,NT,FH,0.0,0,-34.21,-26.66,[],0,0,[],[]
11416600,11421230,NA,OLN,0.0,270,AMF,NA,NA,NA,NA,0.0,0,-30.75,-13.18,[],0,0,[],[]
11421230,11423200,FEM,FAN,5.23,270,AMF,RC,0,NT,FH,0.0,0,-32.19,-26.73,[],0,0,[],[]
11423200,11425980,NA,OLN,0.0,270,AMF,NA,NA,NA,NA,0.0,0,-22.94,-9.38,[],0,0,[],[]
11425980,11428220,FEM,FAN,9.66,270,AMF,RC,0,NT,FH,0.0,0,-29.42,-14.84,[],0,0,[],[]
11428220,11429830,NA,OLN,0.0,270,AMF,NA,NA,NA,NA,0.0,0,-25.27,-14.18,[],0,0,[],[]
11429830,11430830,FEM,FAN,4.1,270,AMF,RC,0,NT,FH,0.0,0,-29.54,-21.59,[],0,0,[],[]
11430830,11432100,NA,OLN,0.0,270,AMF,NA,NA,NA,NA,0.0,0,-21.84,-14.74,[],0,0,[],[]
11432100,11433800,FEM,FAN,7.19,270,AMF,RC,0,NT,FH,0.0,0,-32.94,-26.34,[],0,0,[],[]
11433800,11434820,NA,OLN,0.0,270,AMF,NA,NA,NA,NA,0.0,0,-27.59,-20.95,[],0,0,[],[]
11434820,11435790,NA,NON,0.0,270,AMF,NA,NA,NA,NA,0.0,0,-34.21,-23.18,[],0,0,[],[]
11435790,11437540,MAL,MAN,6.48,270,AMF,RC,0,NT,FI,0.0,0,-36.04,-23.46,[],0,0,[],[]
11437540,11438540,FEM,FAN,5.51,270,AMF,RC,0,NT,FI,0.0,0,-37.45,-29.6,[],0,0,[],[]
11438540,11443090,MAL,MAN,13.42,270,AMF,RC,0,NT,FI,0.0,0,-34.16,-16.11,[],0,0,[],[]
11443090,11443900,NA,OLN,0.0,270,AMF,NA,NA,NA,NA,0.0,0,-27.99,-21.84,[],0,0,[],[]
11443900,11444700,NA,NOF,0.0,270,AMF,NA,NA,NA,NA,0.0,0,-19.27,-13.57,[],0,0,[],[]
11444700,11446710,NA,OLN,0.0,270,AMF,NA,NA,NA,NA,0.0,0,-21.93,-10.53,[],0,0,[],[]
11446710,11448050,FEM,FAN,4.03,270,AMF,EC,0,NT,FI,0.0,0,-33.89,-26.9,[],0,0,[],[]
11448050,11452800,NA,OLN,0.0,271,pause,NA,NA,NA,NA,0.0,0,-18.91,-1.12,[],0,0,[],[]
11452800,11453720,NA,NOF,0.0,271,pause,NA,NA,NA,NA,0.0,0,-15.96,-9.96,[],0,0,[],[]
11453720,11454810,NA,OLF,0.0,271,pause,NA,NA,NA,NA,0.0,0,-20.43,-11.48,[],0,0,[],[]
11454810,11455610,NA,NON,0.0,271,pause,NA,NA,NA,NA,0.0,0,-19.82,-8.82,[],0,0,[],[]
11455610,11459640,NA,OLN,0.0,271,pause,NA,NA,NA,NA,0.0,0,-26.88,-12.4,[],0,0,[],[]
11459640,11460440,NA,NOF,0.0,271,pause,NA,NA,NA,NA,0.0,0,-19.02,-6.14,[],0,0,[],[]
11460440,11462970,NA,OLN,0.0,271,pause,NA,NA,NA,NA,0.0,0,-20.8,-9.44,[],0,0,[],[]
11462970,11463770,NA,NOF,0.0,271,pause,NA,NA,NA,NA,0.0,0,-15.11,-10.24,[],0,0,[],[]
11463770,11464570,NA,OLN,0.0,271,pause,NA,NA,NA,NA,0.0,0,-19.78,-11.62,[],0,0,[],[]
11464570,11465550,NA,NOF,0.0,271,pause,NA,NA,NA,NA,0.0,0,-21.83,-13.75,[],0,0,[],[]
11465550,11473650,NA,OLN,0.0,271,pause,NA,NA,NA,NA,0.0,0,-21.53,-7.66,[],0,0,[],[]
11473650,11476270,FEM,FAN,9.79,271,AMF,BC,0,NT,FI,0.0,0,-26.76,-16.73,[],0,0,[],[]
11476270,11477440,MAL,MAN,5.24,271,AMF,EC,0,NT,FI,0.0,0,-25.9,-20.03,[],0,0,[],[]
11477440,11480430,NA,OLN,0.0,272,pause,NA,NA,NA,NA,0.0,0,-27.12,-15.07,[],0,0,[],[]
11480430,11481230,NA,NON,0.0,272,pause,NA,NA,NA,NA,0.0,0,-25.36,-13.51,[],0,0,[],[]
11481230,11486630,NA,OLN,0.0,272,pause,NA,NA,NA,NA,0.0,0,-26.84,-18.67,[],0,0,[],[]
11486630,11487520,NA,NON,0.0,272,pause,NA,NA,NA,NA,0.0,0,-29.12,-24.5,[],0,0,[],[]
11487520,11491740,NA,OLN,0.0,272,pause,NA,NA,NA,NA,0.0,0,-27.84,-17.82,[],0,0,[],[]
11491740,11492780,FEM,FAN,5.6,272,AMF,BC,0,NT,FI,0.0,0,-21.97,-17.06,[],0,0,[],[]
11492780,11493690,NA,OLN,0.0,272,AMF,NA,NA,NA,NA,0.0,0,-26.87,-18.32,[],0,0,[],[]
11493690,11494300,FEM,FAN,2.01,272,AMF,RC,0,NT,FH,0.0,0,-26.36,-22.06,[],0,0,[],[]
11494300,11495480,NA,OLN,0.0,272,AMF,NA,NA,NA,NA,0.0,0,-24.74,-16.19,[],0,0,[],[]
11495480,11496480,FEM,FAN,4.56,272,AMF,RC,0,NT,FH,0.0,0,-27.76,-22.24,[],0,0,[],[]
11496480,11497810,NA,OLN,0.0,272,AMF,NA,NA,NA,NA,0.0,0,-22.52,-15.97,[],0,0,[],[]
11497810,11498700,NA,NOF,0.0,272,AMF,NA,NA,NA,NA,0.0,0,-16.72,-11.13,[],0,0,[],[]
11498700,11500570,NA,OLN,0.0,272,AMF,NA,NA,NA,NA,0.0,0,-20.75,-13.77,[],0,0,[],[]
11500570,11501580,MAL,MAN,5.03,272,AMF,RC,0,NT,FI,0.0,0,-29.05,-20.8,[],0,0,[],[]
11501580,11502390,NA,NOF,0.0,272,AMF,NA,NA,NA,NA,0.0,0,-25.4,-18.13,[],0,0,[],[]
11502390,11503390,FEM,FAN,4.62,272,AMF,RC,0,NT,FI,0.0,0,-22.54,-15.89,[],0,0,[],[]
11503390,11504010,FEM,FAN,2.4,272,AMF,RC,0,NT,FH,0.0,0,-13.83,-9.15,[],0,0,[],[]
11504010,11505760,FEM,FAN,8.74,272,AMF,RC,0,NT,FH,0.0,0,-15.48,-8.72,[],0,0,[],[]
11505760,11506360,FEM,FAN,4.26,272,AMF,RC,0,NT,FH,0.0,0,-15.31,-10.16,[],0,0,[],[]
11506360,11509250,FEM,FAN,13.19,272,AMF,EC,0,NT,FH,0.0,0,-17.31,-7.46,[],0,0,[],[]
11509250,11513150,NA,OLN,0.0,273,pause,NA,NA,NA,NA,0.0,0,-18.55,-3.71,[],0,0,[],[]
11513150,11514300,NA,NOF,0.0,273,pause,NA,NA,NA,NA,0.0,0,-20.45,-13.11,[],0,0,[],[]
11514300,11514900,FEM,FAN,0.0,273,pause,NA,NA,NA,NA,0.0,0,-18.45,-10.93,[],600,0,[],[]
11514900,11517170,NA,OLN,0.0,273,pause,NA,NA,NA,NA,0.0,0,-19.1,-9.19,[],0,0,[],[]
11517170,11518170,FEM,FAN,3.29,273,AICF,BC,0,TIFI,FI,0.0,0,-24.09,-18.63,[],0,0,[],[]
11518170,11521450,NA,OLN,0.0,273,AICF,NA,NA,NA,NA,0.0,0,-24.42,-12.35,[],0,0,[],[]
11521450,11522050,CHI,CHN,0.0,273,AICF,EC,1,TIFR,FI,1.0,600,-20.95,-13.19,"[{'Canonical-syllable': '0', 'Growl': '0', 'High-freq-energy': '0', 'Long-island': '0', 'Low-tilt-spectrum': '0', 'Medium-island': '1', 'Short-island': '0', 'Squeal': '0', 'Typical-entropy': '1', 'Voicing-quality': '1', 'Wide-band': '0', 'Xlong-island': '0', 'seq': '1', 'end': 11522.05, 'start': 11521.45}]",0,0,[],[]
11522050,11524650,NA,OLN,0.0,274,pause,NA,NA,NA,NA,0.0,0,-18.13,-8.62,[],0,0,[],[]
11524650,11525450,NA,OLF,0.0,274,pause,NA,NA,NA,NA,0.0,0,-32.42,-24.01,[],0,0,[],[]
11525450,11527020,NA,OLN,0.0,274,pause,NA,NA,NA,NA,0.0,0,-21.89,-10.15,[],0,0,[],[]
11527020,11527910,NA,NOF,0.0,274,pause,NA,NA,NA,NA,0.0,0,-14.59,-6.45,[],0,0,[],[]
11527910,11528750,NA,OLN,0.0,274,pause,NA,NA,NA,NA,0.0,0,-16.89,-8.2,[],0,0,[],[]
11528750,11529620,NA,NON,0.0,274,pause,NA,NA,NA,NA,0.0,0,-15.84,-7.94,[],0,0,[],[]
11529620,11531990,FEM,FAN,9.86,274,AMF,BC,0,NT,FI,0.0,0,-30.66,-23.23,[],0,0,[],[]
11531990,11532790,NA,NOF,0.0,274,AMF,NA,NA,NA,NA,0.0,0,-29.13,-17.7,[],0,0,[],[]
11532790,11533790,FEM,FAN,5.88,274,AMF,RC,0,NT,FH,0.0,0,-24.64,-15.93,[],0,0,[],[]
11533790,11534590,NA,OLN,0.0,274,AMF,NA,NA,NA,NA,0.0,0,-21.76,-10.61,[],0,0,[],[]
11534590,11537580,FEM,FAN,13.31,274,AMF,RC,0,NT,FH,0.0,0,-21.25,-7.5,[],0,0,[],[]
11537580,11538530,NA,SIL,0.0,274,AMF,NA,NA,NA,NA,0.0,0,-49.47,-40.66,[],0,0,[],[]
11538530,11539860,FEM,FAN,8.97,274,AMF,RC,0,NT,FH,0.0,0,-23.8,-19.48,[],0,0,[],[]
11539860,11542350,NA,OLN,0.0,274,AMF,NA,NA,NA,NA,0.0,0,-37.55,-31.41,[],0,0,[],[]
11542350,11543420,NA,NOF,0.0,274,AMF,NA,NA,NA,NA,0.0,0,-44.09,-37.89,[],0,0,[],[]
11543420,11545990,FEM,FAN,10.71,274,AMF,RC,0,NT,FH,0.0,0,-28.12,-17.01,[],0,0,[],[]
11545990,11547820,NA,SIL,0.0,274,AMF,NA,NA,NA,NA,0.0,0,-51.03,-40.5,[],0,0,[],[]
11547820,11548420,FEM,FAN,4.99,274,AMF,RC,0,NT,FH,0.0,0,-25.82,-21.2,[],0,0,[],[]
11548420,11551300,FEM,FAN,12.8,274,AMF,RC,0,NT,FH,0.0,0,-29.68,-21.52,[],0,0,[],[]
11551300,11552380,NA,NOF,0.0,274,AMF,NA,NA,NA,NA,0.0,0,-48.21,-38.0,[],0,0,[],[]
11552380,11553700,FEM,FAN,7.89,274,AMF,RC,0,NT,FH,0.0,0,-28.96,-18.59,[],0,0,[],[]
11553700,11554580,NA,NON,0.0,274,AMF,NA,NA,NA,NA,0.0,0,-38.54,-32.82,[],0,0,[],[]
11554580,11556170,FEM,FAN,11.46,274,AMF,RC,0,NT,FH,0.0,0,-28.22,-22.74,[],0,0,[],[]
11556170,11557090,NA,NOF,0.0,274,AMF,NA,NA,NA,NA,0.0,0,-39.59,-29.24,[],0,0,[],[]
11557090,11561530,FEM,FAN,17.71,274,AMF,RC,0,NT,FH,0.0,0,-28.36,-20.25,[],0,0,[],[]
11561530,11562480,NA,SIL,0.0,274,AMF,NA,NA,NA,NA,0.0,0,-53.09,-45.65,[],0,0,[],[]
11562480,11563480,FEM,FAN,5.42,274,AMF,RC,0,NT,FH,0.0,0,-35.73,-27.58,[],0,0,[],[]
11563480,11565220,NA,SIL,0.0,274,AMF,NA,NA,NA,NA,0.0,0,-52.53,-36.63,[],0,0,[],[]
11565220,11567140,FEM,FAN,6.77,274,AMF,EC,0,NT,FH,0.0,0,-33.37,-25.86,[],0,0,[],[]
11567140,11568470,NA,NON,0.0,275,pause,NA,NA,NA,NA,0.0,0,-23.64,-7.31,[],0,0,[],[]
11568470,11569270,NA,OLF,0.0,275,pause,NA,NA,NA,NA,0.0,0,-35.8,-27.27,[],0,0,[],[]
11569270,11570450,NA,NOF,0.0,275,pause,NA,NA,NA,NA,0.0,0,-22.26,-5.57,[],0,0,[],[]
11570450,11571920,NA,OLN,0.0,275,pause,NA,NA,NA,NA,0.0,0,-19.59,-11.57,[],0,0,[],[]
11571920,11572820,NA,NON,0.0,275,pause,NA,NA,NA,NA,0.0,0,-29.87,-19.62,[],0,0,[],[]
11572820,11573820,OCH,CXN,0.0,275,XIOCA,BC,0,NT,FI,0.0,0,-22.78,-16.35,[],0,0,[],[]
11573820,11574750,FEM,FAN,4.67,275,XIOCA,RC,0,NT,FI,0.0,0,-26.32,-18.76,[],0,0,[],[]
11574750,11575820,FEM,FAN,7.44,275,XIOCA,RC,0,NT,FH,0.0,0,-27.16,-21.67,[],0,0,[],[]
11575820,11578150,NA,OLN,0.0,275,XIOCA,NA,NA,NA,NA,0.0,0,-23.71,-10.39,[],0,0,[],[]
11578150,11579210,NA,NOF,0.0,275,XIOCA,NA,NA,NA,NA,0.0,0,-14.94,-3.38,[],0,0,[],[]
11579210,11580230,FEM,FAN,0.25,275,XIOCA,EC,0,NT,FH,0.0,0,-31.27,-16.83,[],0,0,[],[]
11580230,11581340,NA,OLN,0.0,276,pause,NA,NA,NA,NA,0.0,0,-26.56,-19.28,[],0,0,[],[]
11581340,11582170,NA,NOF,0.0,276,pause,NA,NA,NA,NA,0.0,0,-37.01,-30.25,[],0,0,[],[]
11582170,11582970,NA,OLF,0.0,276,pause,NA,NA,NA,NA,0.0,0,-32.43,-15.5,[],0,0,[],[]
11582970,11583900,NA,NOF,0.0,276,pause,NA,NA,NA,NA,0.0,0,-35.61,-24.38,[],0,0,[],[]
11583900,11585360,NA,OLN,0.0,276,pause,NA,NA,NA,NA,0.0,0,-33.28,-23.63,[],0,0,[],[]
11585360,11587400,FEM,FAN,5.37,276,AMF,EC,0,NT,FI,0.0,0,-31.48,-21.22,[],0,0,[],[]
11587400,11590030,NA,OLF,0.0,277,pause,NA,NA,NA,NA,0.0,0,-36.55,-23.38,[],0,0,[],[]
11590030,11591030,FEM,FAN,0.0,277,pause,NA,NA,NA,NA,0.0,0,-26.28,-8.21,[],1000,0,[],[]
11591030,11594560,NA,OLF,0.0,277,pause,NA,NA,NA,NA,0.0,0,-25.97,-12.64,[],0,0,[],[]
11594560,11595480,NA,NOF,0.0,277,pause,NA,NA,NA,NA,0.0,0,-38.24,-25.55,[],0,0,[],[]
11595480,11596540,FEM,FAN,0.0,277,pause,NA,NA,NA,NA,0.0,0,-35.96,-31.85,[],1060,0,[],[]
11596540,11597340,NA,SIL,0.0,277,pause,NA,NA,NA,NA,0.0,0,-42.29,-34.39,[],0,0,[],[]
11597340,11599250,NA,OLF,0.0,277,pause,NA,NA,NA,NA,0.0,0,-30.19,-18.59,[],0,0,[],[]
11599250,11600090,NA,OLN,0.0,277,pause,NA,NA,NA,NA,0.0,0,-34.98,-26.96,[],0,0,[],[]
11600090,11601750,NA,TVF,0.0,277,pause,NA,NA,NA,NA,0.0,0,-45.45,-36.08,[],0,0,[],[]
11601750,11603590,NA,OLF,0.0,277,pause,NA,NA,NA,NA,0.0,0,-31.64,-11.18,[],0,0,[],[]
11603590,11604790,NA,SIL,0.0,277,pause,NA,NA,NA,NA,0.0,0,-41.13,-26.79,[],0,0,[],[]
11604790,11606020,NA,OLF,0.0,277,pause,NA,NA,NA,NA,0.0,0,-38.44,-29.92,[],0,0,[],[]
11606020,11607290,NA,OLN,0.0,277,pause,NA,NA,NA,NA,0.0,0,-32.88,-25.65,[],0,0,[],[]
11607290,11608090,NA,OLF,0.0,277,pause,NA,NA,NA,NA,0.0,0,-43.47,-37.43,[],0,0,[],[]
11608090,11609180,NA,FAF,0.0,277,pause,NA,NA,NA,NA,0.0,0,-40.13,-25.76,[],0,0,[],[]
11609180,11610360,NA,MAF,0.0,277,pause,NA,NA,NA,NA,0.0,0,-43.43,-35.35,[],0,0,[],[]
11610360,11612130,NA,SIL,0.0,277,pause,NA,NA,NA,NA,0.0,0,-44.51,-36.74,[],0,0,[],[]
11612130,11614100,FEM,FAN,8.47,277,AMF,BC,0,NT,FI,0.0,0,-36.72,-30.02,[],0,0,[],[]
11614100,11615220,NA,OLN,0.0,277,AMF,NA,NA,NA,NA,0.0,0,-32.74,-26.14,[],0,0,[],[]
11615220,11616500,FEM,FAN,6.9,277,AMF,RC,0,NT,FH,0.0,0,-32.73,-26.61,[],0,0,[],[]
11616500,11618110,MAL,MAN,5.49,277,AMF,RC,0,NT,FI,0.0,0,-34.57,-25.7,[],0,0,[],[]
11618110,11618920,NA,OLF,0.0,277,AMF,NA,NA,NA,NA,0.0,0,-34.15,-26.21,[],0,0,[],[]
11618920,11620380,FEM,FAN,7.17,277,AMF,EC,0,NT,FI,0.0,0,-34.64,-27.1,[],0,0,[],[]
11620380,11621920,NA,OLN,0.0,278,pause,NA,NA,NA,NA,0.0,0,-30.91,-21.47,[],0,0,[],[]
11621920,11622720,NA,NOF,0.0,278,pause,NA,NA,NA,NA,0.0,0,-13.81,-3.89,[],0,0,[],[]
11622720,11623530,NA,OLF,0.0,278,pause,NA,NA,NA,NA,0.0,0,-21.32,-12.42,[],0,0,[],[]
11623530,11624330,NA,NOF,0.0,278,pause,NA,NA,NA,NA,0.0,0,-18.96,-12.16,[],0,0,[],[]
11624330,11626230,NA,OLN,0.0,278,pause,NA,NA,NA,NA,0.0,0,-25.56,-10.28,[],0,0,[],[]
11626230,11627060,NA,NOF,0.0,278,pause,NA,NA,NA,NA,0.0,0,-21.2,-8.74,[],0,0,[],[]
11627060,11628360,MAL,MAN,1.42,278,AMM,BC,0,NT,FI,0.0,0,-29.78,-18.74,[],0,0,[],[]
11628360,11629220,NA,NOF,0.0,278,AMM,NA,NA,NA,NA,0.0,0,-15.01,-10.12,[],0,0,[],[]
11629220,11630050,NA,OLN,0.0,278,AMM,NA,NA,NA,NA,0.0,0,-18.61,-9.42,[],0,0,[],[]
11630050,11630850,NA,NOF,0.0,278,AMM,NA,NA,NA,NA,0.0,0,-16.81,-9.67,[],0,0,[],[]
11630850,11631670,NA,OLF,0.0,278,AMM,NA,NA,NA,NA,0.0,0,-23.9,-9.83,[],0,0,[],[]
11631670,11632690,FEM,FAN,1.56,278,AMM,RC,0,NT,FI,0.0,0,-27.98,-20.97,[],0,0,[],[]
11632690,11633980,NA,OLN,0.0,278,AMM,NA,NA,NA,NA,0.0,0,-18.25,-8.59,[],0,0,[],[]
11633980,11634980,FEM,FAN,5.05,278,AMM,RC,0,NT,FH,0.0,0,-33.19,-26.75,[],0,0,[],[]
11634980,11635960,NA,NOF,0.0,278,AMM,NA,NA,NA,NA,0.0,0,-31.72,-18.17,[],0,0,[],[]
11635960,11638570,FEM,FAN,10.05,278,AMM,EC,0,NT,FH,0.0,0,-23.87,-10.98,[],0,0,[],[]
11638570,11639510,NA,OLN,0.0,279,pause,NA,NA,NA,NA,0.0,0,-22.27,-11.17,[],0,0,[],[]
11639510,11641570,NA,NOF,0.0,279,pause,NA,NA,NA,NA,0.0,0,-24.72,-9.53,[],0,0,[],[]
11641570,11644180,NA,OLF,0.0,279,pause,NA,NA,NA,NA,0.0,0,-25.54,-7.98,[],0,0,[],[]
11644180,11646100,FEM,FAN,6.28,279,AIOCF,BC,0,NT,FI,0.0,0,-23.15,-13.16,[],0,0,[],[]
11646100,11646870,FEM,FAN,2.64,279,AIOCF,RC,0,NT,FH,0.0,0,-21.95,-13.29,[],0,0,[],[]
11646870,11648290,FEM,FAN,5.97,279,AIOCF,RC,0,NT,FH,0.0,0,-23.73,-10.54,[],0,0,[],[]
11648290,11649030,FEM,FAN,3.31,279,AIOCF,RC,0,NT,FH,0.0,0,-23.46,-11.13,[],0,0,[],[]
11649030,11650420,FEM,FAN,7.82,279,AIOCF,RC,0,NT,FH,0.0,0,-25.25,-13.52,[],0,0,[],[]
11650420,11653090,NA,OLN,0.0,279,AIOCF,NA,NA,NA,NA,0.0,0,-18.98,-4.65,[],0,0,[],[]
11653090,11658940,FEM,FAN,26.03,279,AIOCF,RC,0,NT,FH,0.0,0,-24.27,-6.72,[],0,0,[],[]
11658940,11659840,NA,NOF,0.0,279,AIOCF,NA,NA,NA,NA,0.0,0,-32.71,-22.24,[],0,0,[],[]
11659840,11660720,NA,OLN,0.0,279,AIOCF,NA,NA,NA,NA,0.0,0,-21.9,-13.14,[],0,0,[],[]
11660720,11663450,FEM,FAN,10.81,279,AIOCF,RC,0,NT,FH,0.0,0,-26.2,-12.89,[],0,0,[],[]
11663450,11664420,NA,NOF,0.0,279,AIOCF,NA,NA,NA,NA,0.0,0,-27.17,-12.79,[],0,0,[],[]
11664420,11665050,FEM,FAN,5.41,279,AIOCF,RC,0,NT,FH,0.0,0,-22.64,-17.44,[],0,0,[],[]
11665050,11668140,FEM,FAN,12.16,279,AIOCF,RC,0,NT,FH,0.0,0,-27.19,-18.6,[],0,0,[],[]
11668140,11669580,NA,OLN,0.0,279,AIOCF,NA,NA,NA,NA,0.0,0,-18.54,-3.08,[],0,0,[],[]
11669580,11670820,FEM,FAN,1.59,279,AIOCF,RC,0,NT,FH,0.0,0,-31.62,-25.42,[],0,0,[],[]
11670820,11671720,NA,OLF,0.0,279,AIOCF,NA,NA,NA,NA,0.0,0,-19.32,-9.45,[],0,0,[],[]
11671720,11672750,FEM,FAN,5.45,279,AIOCF,RC,0,NT,FH,0.0,0,-21.34,-6.89,[],0,0,[],[]
11672750,11674300,NA,OLF,0.0,279,AIOCF,NA,NA,NA,NA,0.0,0,-36.86,-21.98,[],0,0,[],[]
11674300,11675560,NA,NOF,0.0,279,AIOCF,NA,NA,NA,NA,0.0,0,-30.67,-17.84,[],0,0,[],[]
11675560,11677130,FEM,FAN,5.63,279,AIOCF,RC,0,NT,FH,0.0,0,-27.75,-17.73,[],0,0,[],[]
11677130,11677930,NA,NOF,0.0,279,AIOCF,NA,NA,NA,NA,0.0,0,-46.2,-39.04,[],0,0,[],[]
11677930,11687860,FEM,FAN,34.06,279,AIOCF,RC,0,NT,FH,0.0,0,-24.52,-15.03,[],0,0,[],[]
11687860,11688470,FEM,FAN,1.49,279,AIOCF,RC,0,NT,FH,0.0,0,-22.65,-14.86,[],0,0,[],[]
11688470,11690680,FEM,FAN,8.85,279,AIOCF,RC,0,NT,FH,0.0,0,-22.83,-16.19,[],0,0,[],[]
11690680,11691520,NA,NOF,0.0,279,AIOCF,NA,NA,NA,NA,0.0,0,-51.36,-43.95,[],0,0,[],[]
11691520,11693270,FEM,FAN,8.25,279,AIOCF,RC,0,NT,FH,0.0,0,-30.65,-20.85,[],0,0,[],[]
11693270,11694140,NA,OLF,0.0,279,AIOCF,NA,NA,NA,NA,0.0,0,-36.52,-30.64,[],0,0,[],[]
11694140,11697900,FEM,FAN,13.01,279,AIOCF,RC,0,NT,FH,0.0,0,-25.11,-9.26,[],0,0,[],[]
11697900,11700150,NA,OLN,0.0,279,AIOCF,NA,NA,NA,NA,0.0,0,-19.92,-5.82,[],0,0,[],[]
11700150,11702090,FEM,FAN,7.78,279,AIOCF,RC,0,NT,FH,0.0,0,-29.27,-23.34,[],0,0,[],[]
11702090,11703090,MAL,MAN,4.0,279,AIOCF,RC,0,NT,FI,0.0,0,-28.99,-13.69,[],0,0,[],[]
11703090,11705950,NA,OLF,0.0,279,AIOCF,NA,NA,NA,NA,0.0,0,-34.11,-25.79,[],0,0,[],[]
11705950,11706950,FEM,FAN,5.03,279,AIOCF,RC,0,NT,FI,0.0,0,-32.51,-26.94,[],0,0,[],[]
11706950,11708800,OCH,CXN,0.0,279,AIOCF,EC,0,NT,FI,0.0,0,-35.42,-29.77,[],0,0,[],[]
11708800,11709810,NA,OLF,0.0,280,pause,NA,NA,NA,NA,0.0,0,-34.34,-21.88,[],0,0,[],[]
11709810,11711310,NA,TVN,0.0,280,pause,NA,NA,NA,NA,0.0,0,-36.07,-29.93,[],0,0,[],[]
11711310,11712450,NA,MAF,0.0,280,pause,NA,NA,NA,NA,0.0,0,-31.0,-15.35,[],0,0,[],[]
11712450,11718600,NA,OLF,0.0,280,pause,NA,NA,NA,NA,0.0,0,-28.15,-7.74,[],0,0,[],[]
11718600,11721670,NA,OLN,0.0,280,pause,NA,NA,NA,NA,0.0,0,-19.44,-3.9,[],0,0,[],[]
11721670,11723310,NA,NOF,0.0,280,pause,NA,NA,NA,NA,0.0,0,-22.77,-7.29,[],0,0,[],[]
11723310,11724380,NA,OLN,0.0,280,pause,NA,NA,NA,NA,0.0,0,-22.99,-13.74,[],0,0,[],[]
11724380,11725380,FEM,FAN,5.65,280,AIOCF,BC,0,NT,FI,0.0,0,-19.24,-4.87,[],0,0,[],[]
11725380,11726420,NA,OLF,0.0,280,AIOCF,NA,NA,NA,NA,0.0,0,-30.14,-22.42,[],0,0,[],[]
11726420,11730530,FEM,FAN,14.49,280,AIOCF,RC,0,NT,FH,0.0,0,-22.73,-10.2,[],0,0,[],[]
11730530,11731330,NA,OLN,0.0,280,AIOCF,NA,NA,NA,NA,0.0,0,-28.94,-21.69,[],0,0,[],[]
11731330,11732540,FEM,FAN,2.81,280,AIOCF,RC,0,NT,FH,0.0,0,-28.12,-21.96,[],0,0,[],[]
11732540,11734160,NA,OLN,0.0,280,AIOCF,NA,NA,NA,NA,0.0,0,-26.75,-16.05,[],0,0,[],[]
11734160,11735640,FEM,FAN,4.95,280,AIOCF,RC,0,NT,FH,0.0,0,-22.85,-14.14,[],0,0,[],[]
11735640,11736440,NA,OLN,0.0,280,AIOCF,NA,NA,NA,NA,0.0,0,-23.32,-12.0,[],0,0,[],[]
11736440,11737440,FEM,FAN,2.31,280,AIOCF,RC,0,NT,FH,0.0,0,-25.58,-19.09,[],0,0,[],[]
11737440,11738410,NA,NOF,0.0,280,AIOCF,NA,NA,NA,NA,0.0,0,-15.16,-9.44,[],0,0,[],[]
11738410,11739210,NA,OLN,0.0,280,AIOCF,NA,NA,NA,NA,0.0,0,-21.78,-13.06,[],0,0,[],[]
11739210,11740210,FEM,FAN,2.71,280,AIOCF,RC,0,NT,FH,0.0,0,-22.85,-6.42,[],0,0,[],[]
11740210,11741580,NA,OLN,0.0,280,AIOCF,NA,NA,NA,NA,0.0,0,-22.08,-9.9,[],0,0,[],[]
11741580,11742710,FEM,FAN,3.06,280,AIOCF,RC,0,NT,FH,0.0,0,-24.54,-16.7,[],0,0,[],[]
11742710,11743970,NA,NOF,0.0,280,AIOCF,NA,NA,NA,NA,0.0,0,-31.55,-22.94,[],0,0,[],[]
11743970,11745380,NA,OLN,0.0,280,AIOCF,NA,NA,NA,NA,0.0,0,-19.09,-9.39,[],0,0,[],[]
11745380,11747170,FEM,FAN,7.23,280,AIOCF,RC,0,NT,FH,0.0,0,-21.18,-10.5,[],0,0,[],[]
11747170,11748140,NA,NOF,0.0,280,AIOCF,NA,NA,NA,NA,0.0,0,-46.36,-31.79,[],0,0,[],[]
11748140,11749240,FEM,FAN,4.47,280,AIOCF,RC,0,NT,FH,0.0,0,-26.73,-16.24,[],0,0,[],[]
11749240,11751630,NA,OLN,0.0,280,AIOCF,NA,NA,NA,NA,0.0,0,-20.17,-4.81,[],0,0,[],[]
11751630,11752630,FEM,FAN,6.82,280,AIOCF,RC,0,NT,FH,0.0,0,-20.15,-13.6,[],0,0,[],[]
11752630,11753490,NA,NOF,0.0,280,AIOCF,NA,NA,NA,NA,0.0,0,-14.41,-5.45,[],0,0,[],[]
11753490,11754920,NA,OLN,0.0,280,AIOCF,NA,NA,NA,NA,0.0,0,-23.7,-14.01,[],0,0,[],[]
11754920,11756360,FEM,FAN,4.35,280,AIOCF,RC,0,NT,FH,0.0,0,-30.73,-21.56,[],0,0,[],[]
11756360,11757490,NA,OLF,0.0,280,AIOCF,NA,NA,NA,NA,0.0,0,-35.99,-26.38,[],0,0,[],[]
11757490,11758490,FEM,FAN,3.14,280,AIOCF,RC,0,NT,FH,0.0,0,-27.04,-13.02,[],0,0,[],[]
11758490,11760470,NA,OLF,0.0,280,AIOCF,NA,NA,NA,NA,0.0,0,-35.19,-21.23,[],0,0,[],[]
11760470,11762150,FEM,FAN,6.35,280,AIOCF,RC,0,NT,FH,0.0,0,-33.85,-26.39,[],0,0,[],[]
11762150,11763340,NA,OLN,0.0,280,AIOCF,NA,NA,NA,NA,0.0,0,-33.99,-24.3,[],0,0,[],[]
11763340,11764160,NA,SIL,0.0,280,AIOCF,NA,NA,NA,NA,0.0,0,-46.69,-42.0,[],0,0,[],[]
11764160,11765140,OCH,CXN,0.0,280,AIOCF,EC,0,NT,FI,0.0,0,-35.13,-28.6,[],0,0,[],[]
11765140,11766570,NA,OLF,0.0,281,pause,NA,NA,NA,NA,0.0,0,-24.3,-9.82,[],0,0,[],[]
11766570,11767400,NA,NOF,0.0,281,pause,NA,NA,NA,NA,0.0,0,-30.03,-20.33,[],0,0,[],[]
11767400,11768400,NA,OLF,0.0,281,pause,NA,NA,NA,NA,0.0,0,-34.27,-27.86,[],0,0,[],[]
11768400,11769640,NA,SIL,0.0,281,pause,NA,NA,NA,NA,0.0,0,-44.88,-35.12,[],0,0,[],[]
11769640,11771520,NA,OLN,0.0,281,pause,NA,NA,NA,NA,0.0,0,-33.9,-23.25,[],0,0,[],[]
11771520,11772320,NA,CXF,0.0,281,pause,NA,NA,NA,NA,0.0,0,-37.85,-32.7,[],0,0,[],[]
11772320,11773790,NA,NOF,0.0,281,pause,NA,NA,NA,NA,0.0,0,-28.38,-12.03,[],0,0,[],[]
11773790,11774590,NA,OLF,0.0,281,pause,NA,NA,NA,NA,0.0,0,-39.09,-31.88,[],0,0,[],[]
11774590,11775650,NA,CXF,0.0,281,pause,NA,NA,NA,NA,0.0,0,-38.46,-32.89,[],0,0,[],[]
11775650,11778820,NA,OLF,0.0,281,pause,NA,NA,NA,NA,0.0,0,-38.62,-26.64,[],0,0,[],[]
11778820,11780100,NA,NOF,0.0,281,pause,NA,NA,NA,NA,0.0,0,-32.06,-19.19,[],0,0,[],[]
11780100,11781380,NA,OLF,0.0,281,pause,NA,NA,NA,NA,0.0,0,-36.21,-25.69,[],0,0,[],[]
11781380,11782180,NA,NON,0.0,281,pause,NA,NA,NA,NA,0.0,0,-30.24,-13.91,[],0,0,[],[]
11782180,11784170,FEM,FAN,9.05,281,AMF,BC,0,NT,FI,0.0,0,-25.13,-19.3,[],0,0,[],[]
11784170,11786250,NA,NOF,0.0,281,AMF,NA,NA,NA,NA,0.0,0,-36.63,-21.73,[],0,0,[],[]
11786250,11787560,FEM,FAN,3.83,281,AMF,EC,0,NT,FH,0.0,0,-27.83,-19.41,[],0,0,[],[]
11787560,11788360,NA,CXF,0.0,282,pause,NA,NA,NA,NA,0.0,0,-33.06,-23.32,[],0,0,[],[]
11788360,11791360,NA,OLF,0.0,282,pause,NA,NA,NA,NA,0.0,0,-23.73,-12.44,[],0,0,[],[]
11791360,11792990,NA,NOF,0.0,282,pause,NA,NA,NA,NA,0.0,0,-24.3,-13.4,[],0,0,[],[]
11792990,11793990,FEM,FAN,5.15,282,AIOCF,BC,0,NT,FI,0.0,0,-26.97,-17.79,[],0,0,[],[]
11793990,11797590,NA,OLF,0.0,282,AIOCF,NA,NA,NA,NA,0.0,0,-37.59,-26.1,[],0,0,[],[]
11797590,11798940,FEM,FAN,7.21,282,AIOCF,RC,0,NT,FH,0.0,0,-35.44,-24.68,[],0,0,[],[]
11798940,11799740,NA,OLF,0.0,282,AIOCF,NA,NA,NA,NA,0.0,0,-36.98,-20.08,[],0,0,[],[]
11799740,11801170,FEM,FAN,7.26,282,AIOCF,RC,0,NT,FH,0.0,0,-32.21,-23.29,[],0,0,[],[]
11801170,11802350,NA,CXF,0.0,282,AIOCF,NA,NA,NA,NA,0.0,0,-39.35,-33.12,[],0,0,[],[]
11802350,11803150,NA,OLF,0.0,282,AIOCF,NA,NA,NA,NA,0.0,0,-38.44,-24.96,[],0,0,[],[]
11803150,11805260,NA,NOF,0.0,282,AIOCF,NA,NA,NA,NA,0.0,0,-42.25,-26.99,[],0,0,[],[]
11805260,11805860,OCH,CXN,0.0,282,AIOCF,RC,0,NT,FI,0.0,0,-21.94,-5.83,[],0,0,[],[]
11805860,11806870,FEM,FAN,0.92,282,AIOCF,RC,0,NT,FI,0.0,0,-20.3,-10.82,[],0,0,[],[]
11806870,11807870,MAL,MAN,3.94,282,AIOCF,RC,0,NT,FI,0.0,0,-28.14,-22.36,[],0,0,[],[]
11807870,11809720,NA,OLF,0.0,282,AIOCF,NA,NA,NA,NA,0.0,0,-36.93,-21.59,[],0,0,[],[]
11809720,11813450,FEM,FAN,13.21,282,AIOCF,EC,0,NT,FI,0.0,0,-19.31,-9.85,[],0,0,[],[]
11813450,11814950,NA,OLF,0.0,283,pause,NA,NA,NA,NA,0.0,0,-36.62,-26.93,[],0,0,[],[]
11814950,11817080,NA,FAF,0.0,283,pause,NA,NA,NA,NA,0.0,0,-40.4,-33.25,[],0,0,[],[]
11817080,11817970,NA,OLF,0.0,283,pause,NA,NA,NA,NA,0.0,0,-40.06,-33.68,[],0,0,[],[]
11817970,11819490,NA,FAF,0.0,283,pause,NA,NA,NA,NA,0.0,0,-36.87,-24.55,[],0,0,[],[]
11819490,11820880,NA,NOF,0.0,283,pause,NA,NA,NA,NA,0.0,0,-21.93,-6.98,[],0,0,[],[]
11820880,11829150,NA,OLN,0.0,283,pause,NA,NA,NA,NA,0.0,0,-31.51,-16.85,[],0,0,[],[]
11829150,11829950,NA,FAF,0.0,283,pause,NA,NA,NA,NA,0.0,0,-43.2,-36.5,[],0,0,[],[]
11829950,11831340,FEM,FAN,9.87,283,AMF,EC,0,NT,FI,0.0,0,-27.42,-15.66,[],0,0,[],[]
11831340,11833370,NA,NOF,0.0,284,pause,NA,NA,NA,NA,0.0,0,-15.96,-3.48,[],0,0,[],[]
11833370,11838130,NA,OLN,0.0,284,pause,NA,NA,NA,NA,0.0,0,-17.68,-3.21,[],0,0,[],[]
11838130,11838940,OCH,CXN,0.0,284,XIOCA,BC,0,NT,FI,0.0,0,-20.82,-11.16,[],0,0,[],[]
11838940,11842540,NA,OLN,0.0,284,XIOCA,NA,NA,NA,NA,0.0,0,-24.5,-8.68,[],0,0,[],[]
11842540,11843420,NA,NOF,0.0,284,XIOCA,NA,NA,NA,NA,0.0,0,-29.22,-11.74,[],0,0,[],[]
11843420,11844420,FEM,FAN,3.57,284,XIOCA,RC,0,NT,FI,0.0,0,-24.56,-11.07,[],0,0,[],[]
11844420,11846530,NA,OLN,0.0,284,XIOCA,NA,NA,NA,NA,0.0,0,-22.85,-7.13,[],0,0,[],[]
11846530,11849120,OCH,CXN,0.0,284,XIOCA,RC,0,NT,FI,0.0,0,-25.11,-17.42,[],0,0,[],[]
11849120,11852130,NA,OLN,0.0,284,XIOCA,NA,NA,NA,NA,0.0,0,-32.79,-21.29,[],0,0,[],[]
11852130,11852940,NA,NOF,0.0,284,XIOCA,NA,NA,NA,NA,0.0,0,-39.35,-30.29,[],0,0,[],[]
11852940,11853790,NA,OLN,0.0,284,XIOCA,NA,NA,NA,NA,0.0,0,-34.02,-27.99,[],0,0,[],[]
11853790,11856610,FEM,FAN,7.01,284,XIOCA,EC,0,NT,FI,0.0,0,-36.01,-24.64,[],0,0,[],[]
11856610,11858590,NA,OLF,0.0,285,pause,NA,NA,NA,NA,0.0,0,-41.17,-29.56,[],0,0,[],[]
11858590,11859820,NA,FAF,0.0,285,pause,NA,NA,NA,NA,0.0,0,-44.91,-39.32,[],0,0,[],[]
11859820,11861080,NA,OLF,0.0,285,pause,NA,NA,NA,NA,0.0,0,-39.75,-27.79,[],0,0,[],[]
11861080,11862220,NA,NOF,0.0,285,pause,NA,NA,NA,NA,0.0,0,-44.0,-33.25,[],0,0,[],[]
11862220,11863030,OCH,CXN,0.0,285,XIOCA,BC,0,NT,FI,0.0,0,-31.53,-25.17,[],0,0,[],[]
11863030,11864040,FEM,FAN,8.48,285,XIOCA,RC,0,NT,FI,0.0,0,-30.74,-22.43,[],0,0,[],[]
11864040,11867720,OCH,CXN,0.0,285,XIOCA,RC,0,NT,FI,0.0,0,-32.12,-25.39,[],0,0,[],[]
11867720,11870140,FEM,FAN,10.22,285,XIOCA,EC,0,NT,FI,0.0,0,-35.03,-23.54,[],0,0,[],[]
11870140,11870970,NA,OLF,0.0,286,pause,NA,NA,NA,NA,0.0,0,-45.2,-37.94,[],0,0,[],[]
11870970,11871810,NA,FAF,0.0,286,pause,NA,NA,NA,NA,0.0,0,-39.24,-26.96,[],0,0,[],[]
11871810,11872620,NA,CXF,0.0,286,pause,NA,NA,NA,NA,0.0,0,-29.04,-21.41,[],0,0,[],[]
11872620,11873620,NA,MAF,0.0,286,pause,NA,NA,NA,NA,0.0,0,-34.75,-28.71,[],0,0,[],[]
11873620,11874480,NA,OLF,0.0,286,pause,NA,NA,NA,NA,0.0,0,-41.89,-34.78,[],0,0,[],[]
11874480,11876950,NA,FAF,0.0,286,pause,NA,NA,NA,NA,0.0,0,-43.47,-32.84,[],0,0,[],[]
11876950,11880350,FEM,FAN,10.84,286,AMF,BC,0,NT,FI,0.0,0,-42.75,-34.55,[],0,0,[],[]
11880350,11881210,FEM,FAN,2.4,286,AMF,RC,0,NT,FH,0.0,0,-19.87,-16.34,[],0,0,[],[]
11881210,11882670,FEM,FAN,5.87,286,AMF,RC,0,NT,FH,0.0,0,-25.65,-20.41,[],0,0,[],[]
11882670,11883590,NA,NOF,0.0,286,AMF,NA,NA,NA,NA,0.0,0,-51.27,-45.97,[],0,0,[],[]
11883590,11885540,NA,OLN,0.0,286,AMF,NA,NA,NA,NA,0.0,0,-37.39,-18.27,[],0,0,[],[]
11885540,11888090,FEM,FAN,11.56,286,AMF,RC,0,NT,FH,0.0,0,-28.05,-19.7,[],0,0,[],[]
11888090,11890690,NA,OLN,0.0,286,AMF,NA,NA,NA,NA,0.0,0,-34.61,-25.1,[],0,0,[],[]
11890690,11891490,NA,OLF,0.0,286,AMF,NA,NA,NA,NA,0.0,0,-44.88,-37.19,[],0,0,[],[]
11891490,11899350,FEM,FAN,26.02,286,AMF,RC,0,NT,FH,0.0,0,-31.08,-13.41,[],0,0,[],[]
11899350,11900150,NA,OLF,0.0,286,AMF,NA,NA,NA,NA,0.0,0,-32.34,-26.0,[],0,0,[],[]
11900150,11901220,FEM,FAN,0.0,286,AMF,NA,NA,NA,NA,0.0,0,-33.4,-27.17,[],1070,0,[],[]
11901220,11902210,NA,OLN,0.0,286,AMF,NA,NA,NA,NA,0.0,0,-35.69,-31.61,[],0,0,[],[]
11902210,11903520,FEM,FAN,8.15,286,AMF,EC,0,NT,FH,0.0,0,-38.58,-31.09,[],0,0,[],[]
11903520,11904520,NA,MAF,0.0,287,pause,NA,NA,NA,NA,0.0,0,-37.47,-31.14,[],0,0,[],[]
11904520,11906130,NA,FAF,0.0,287,pause,NA,NA,NA,NA,0.0,0,-37.92,-31.04,[],0,0,[],[]
11906130,11907660,NA,MAF,0.0,287,pause,NA,NA,NA,NA,0.0,0,-41.37,-33.2,[],0,0,[],[]
11907660,11909170,FEM,FAN,0.0,287,pause,NA,NA,NA,NA,0.0,0,-30.75,-26.21,[],1510,0,[],[]
11909170,11909970,NA,OLF,0.0,287,pause,NA,NA,NA,NA,0.0,0,-32.23,-27.19,[],0,0,[],[]
11909970,11911110,FEM,FAN,5.48,287,AMF,BC,0,NT,FI,0.0,0,-37.54,-30.12,[],0,0,[],[]
11911110,11913170,NA,MAF,0.0,287,AMF,NA,NA,NA,NA,0.0,0,-35.99,-27.67,[],0,0,[],[]
11913170,11914630,NA,FAF,0.0,287,AMF,NA,NA,NA,NA,0.0,0,-35.74,-28.04,[],0,0,[],[]
11914630,11915560,NA,OLN,0.0,287,AMF,NA,NA,NA,NA,0.0,0,-33.43,-29.27,[],0,0,[],[]
11915560,11917490,FEM,FAN,10.68,287,AMF,RC,0,NT,FH,0.0,0,-27.69,-18.53,[],0,0,[],[]
11917490,11918490,NA,MAF,0.0,287,AMF,NA,NA,NA,NA,0.0,0,-34.57,-28.93,[],0,0,[],[]
11918490,11921640,FEM,FAN,12.67,287,AMF,RC,0,NT,FH,0.0,0,-29.26,-19.91,[],0,0,[],[]
11921640,11922570,NA,OLF,0.0,287,AMF,NA,NA,NA,NA,0.0,0,-36.02,-26.44,[],0,0,[],[]
11922570,11923920,FEM,FAN,7.27,287,AMF,RC,0,NT,FH,0.0,0,-33.02,-23.74,[],0,0,[],[]
11923920,11924810,NA,OLF,0.0,287,AMF,NA,NA,NA,NA,0.0,0,-35.06,-29.85,[],0,0,[],[]
11924810,11925930,NA,MAF,0.0,287,AMF,NA,NA,NA,NA,0.0,0,-38.79,-23.12,[],0,0,[],[]
11925930,11928800,FEM,FAN,12.24,287,AMF,RC,0,NT,FH,0.0,0,-20.24,-13.54,[],0,0,[],[]
11928800,11929600,NA,OLN,0.0,287,AMF,NA,NA,NA,NA,0.0,0,-18.94,-15.38,[],0,0,[],[]
11929600,11931020,FEM,FAN,3.39,287,AMF,RC,0,NT,FH,0.0,0,-22.68,-14.41,[],0,0,[],[]
11931020,11932200,MAL,MAN,4.39,287,AMF,RC,0,NT,FI,0.0,0,-27.37,-16.05,[],0,0,[],[]
11932200,11933300,FEM,FAN,8.54,287,AMF,RC,0,NT,FI,0.0,0,-17.86,-12.23,[],0,0,[],[]
11933300,11934100,NA,SIL,0.0,287,AMF,NA,NA,NA,NA,0.0,0,-43.18,-36.21,[],0,0,[],[]
11934100,11934900,NA,OLF,0.0,287,AMF,NA,NA,NA,NA,0.0,0,-34.2,-21.43,[],0,0,[],[]
11934900,11936330,FEM,FAN,5.37,287,AMF,RC,0,NT,FH,0.0,0,-18.91,-14.85,[],0,0,[],[]
11936330,11937260,NA,SIL,0.0,287,AMF,NA,NA,NA,NA,0.0,0,-48.59,-40.94,[],0,0,[],[]
11937260,11938060,NA,OLF,0.0,287,AMF,NA,NA,NA,NA,0.0,0,-42.53,-37.9,[],0,0,[],[]
11938060,11938860,NA,SIL,0.0,287,AMF,NA,NA,NA,NA,0.0,0,-49.77,-42.73,[],0,0,[],[]
11938860,11940340,FEM,FAN,8.75,287,AMF,EC,0,NT,FH,0.0,0,-21.48,-14.53,[],0,0,[],[]
11940340,11941150,NA,OLF,0.0,288,pause,NA,NA,NA,NA,0.0,0,-37.55,-31.64,[],0,0,[],[]
11941150,11944410,NA,SIL,0.0,288,pause,NA,NA,NA,NA,0.0,0,-43.67,-33.31,[],0,0,[],[]
11944410,11945410,FEM,FAN,0.0,288,pause,NA,NA,NA,NA,0.0,0,-31.13,-25.09,[],1000,0,[],[]
11945410,11946600,NA,SIL,0.0,288,pause,NA,NA,NA,NA,0.0,0,-48.3,-40.01,[],0,0,[],[]
11946600,11947200,NA,CHF,0.0,288,pause,NA,NA,NA,NA,0.0,0,-45.36,-41.61,[],0,600,[],"[{'start': 11946.6, 'end': 11947.2}]"
11947200,11948050,NA,SIL,0.0,288,pause,NA,NA,NA,NA,0.0,0,-50.29,-47.71,[],0,0,[],[]
11948050,11949450,FEM,FAN,7.85,288,AICF,BC,0,NT,FI,0.0,0,-25.49,-19.03,[],0,0,[],[]
11949450,11950270,NA,OLF,0.0,288,AICF,NA,NA,NA,NA,0.0,0,-45.76,-40.22,[],0,0,[],[]
11950270,11951730,FEM,FAN,6.22,288,AICF,RC,0,NT,FH,0.0,0,-23.64,-18.69,[],0,0,[],[]
11951730,11952530,NA,SIL,0.0,288,AICF,NA,NA,NA,NA,0.0,0,-41.19,-36.17,[],0,0,[],[]
11952530,11953130,NA,OLF,0.0,288,AICF,NA,NA,NA,NA,0.0,0,-40.1,-34.81,[],0,0,[],[]
11953130,11955060,FEM,FAN,8.31,288,AICF,RC,0,NT,FH,0.0,0,-24.69,-19.15,[],0,0,[],[]
11955060,11956260,NA,SIL,0.0,288,AICF,NA,NA,NA,NA,0.0,0,-46.48,-40.71,[],0,0,[],[]
11956260,11958360,FEM,FAN,9.28,288,AICF,RC,0,NT,FH,0.0,0,-21.06,-12.98,[],0,0,[],[]
11958360,11959660,NA,SIL,0.0,288,AICF,NA,NA,NA,NA,0.0,0,-46.68,-38.81,[],0,0,[],[]
11959660,11960260,FEM,FAN,1.16,288,AICF,RC,0,NT,FH,0.0,0,-22.59,-16.02,[],0,0,[],[]
11960260,11961490,NA,SIL,0.0,288,AICF,NA,NA,NA,NA,0.0,0,-50.54,-46.96,[],0,0,[],[]
11961490,11965590,FEM,FAN,15.28,288,AICF,RC,0,NT,FH,0.0,0,-21.91,-12.65,[],0,0,[],[]
11965590,11966880,NA,OLN,0.0,288,AICF,NA,NA,NA,NA,0.0,0,-27.56,-15.26,[],0,0,[],[]
11966880,11967900,NA,MAF,0.0,288,AICF,NA,NA,NA,NA,0.0,0,-32.54,-20.26,[],0,0,[],[]
11967900,11968960,FEM,FAN,5.29,288,AICF,RC,0,NT,FH,0.0,0,-25.54,-16.02,[],0,0,[],[]
11968960,11969820,NA,NOF,0.0,288,AICF,NA,NA,NA,NA,0.0,0,-46.94,-40.03,[],0,0,[],[]
11969820,11971400,FEM,FAN,5.69,288,AICF,RC,0,NT,FH,0.0,0,-16.91,-9.12,[],0,0,[],[]
11971400,11972560,NA,OLN,0.0,288,AICF,NA,NA,NA,NA,0.0,0,-19.75,-14.54,[],0,0,[],[]
11972560,11974110,NA,NOF,0.0,288,AICF,NA,NA,NA,NA,0.0,0,-36.85,-26.24,[],0,0,[],[]
11974110,11975130,FEM,FAN,1.98,288,AICF,RC,0,TIFI,FH,0.0,0,-16.94,-6.16,[],0,0,[],[]
11975130,11975930,NA,OLF,0.0,288,AICF,NA,NA,NA,NA,0.0,0,-18.0,-7.97,[],0,0,[],[]
11975930,11976530,CHI,CHN,0.0,288,AICF,RC,1,TIFR,FI,1.0,600,-17.19,-7.7,"[{'Canonical-syllable': '0', 'Growl': '1', 'High-freq-energy': '0', 'Long-island': '0', 'Low-tilt-spectrum': '0', 'Medium-island': '0', 'Short-island': '1', 'Squeal': '0', 'Typical-entropy': '0', 'Voicing-quality': '2', 'Wide-band': '1', 'Xlong-island': '0', 'seq': '1', 'end': 11976.53, 'start': 11976.03}]",0,0,[],[]
11976530,11978450,NA,OLN,0.0,288,AICF,NA,NA,NA,NA,0.0,0,-18.9,-10.62,[],0,0,[],[]
11978450,11979510,FEM,FAN,7.12,288,AICF,RC,1,TIFI,FI,0.0,0,-19.4,-12.87,[],0,0,[],[]
11979510,11980440,NA,OLN,0.0,288,AICF,NA,NA,NA,NA,0.0,0,-15.61,-5.75,[],0,0,[],[]
11980440,11981850,CHI,CHN,0.0,288,AICF,RC,2,TIFR,FI,1.0,1410,-17.13,-7.87,"[{'Canonical-syllable': '0', 'Growl': '2', 'High-freq-energy': '0', 'Long-island': '0', 'Low-tilt-spectrum': '0', 'Medium-island': '1', 'Short-island': '2', 'Squeal': '0', 'Typical-entropy': '1', 'Voicing-quality': '3', 'Wide-band': '0', 'Xlong-island': '0', 'seq': '1', 'end': 11981.85, 'start': 11980.44}]",0,0,[],[]
11981850,11982650,NA,NOF,0.0,288,AICF,NA,NA,NA,NA,0.0,0,-36.23,-26.28,[],0,0,[],[]
11982650,11983650,FEM,FAN,3.0,288,AICF,RC,2,TIFE,FI,0.0,0,-21.16,-10.51,[],0,0,[],[]
11983650,11984450,NA,NOF,0.0,288,AICF,NA,NA,NA,NA,0.0,0,-40.45,-32.33,[],0,0,[],[]
11984450,11986930,FEM,FAN,8.86,288,AICF,RC,2,NT,FH,0.0,0,-16.75,-7.92,[],0,0,[],[]
11986930,11987570,FEM,FAN,5.9,288,AICF,RC,2,TIFI,FH,0.0,0,-18.12,-12.31,[],0,0,[],[]
11987570,11988410,NA,MAF,0.0,288,AICF,NA,NA,NA,NA,0.0,0,-33.67,-27.61,[],0,0,[],[]
11988410,11989790,CHI,CHN,0.0,288,AICF,RC,3,TIFR,FI,1.0,1380,-15.33,-8.69,"[{'Canonical-syllable': '1', 'Growl': '2', 'High-freq-energy': '0', 'Long-island': '0', 'Low-tilt-spectrum': '0', 'Medium-island': '1', 'Short-island': '2', 'Squeal': '0', 'Typical-entropy': '1', 'Voicing-quality': '3', 'Wide-band': '1', 'Xlong-island': '0', 'seq': '1', 'end': 11989.79, 'start': 11988.41}]",0,0,[],[]
11989790,11991320,FEM,FAN,6.25,288,AICF,RC,3,TIFE,FI,0.0,0,-15.83,-8.56,[],0,0,[],[]
11991320,11992620,FEM,FAN,5.51,288,AICF,RC,3,NT,FH,0.0,0,-14.56,-9.54,[],0,0,[],[]
11992620,11993620,FEM,FAN,5.82,288,AICF,RC,3,NT,FH,0.0,0,-20.27,-9.89,[],0,0,[],[]
11993620,11994530,NA,OLF,0.0,288,AICF,NA,NA,NA,NA,0.0,0,-42.79,-35.35,[],0,0,[],[]
11994530,11995210,FEM,FAN,0.0,288,AICF,NA,NA,NA,NA,0.0,0,-14.54,-8.4,[],680,0,[],[]
11995210,11996840,FEM,FAN,7.02,288,AICF,RC,3,NT,FH,0.0,0,-18.59,-7.56,[],0,0,[],[]
11996840,12002100,FEM,FAN,20.48,288,AICF,RC,3,NT,FH,0.0,0,-15.94,-7.9,[],0,0,[],[]
12002100,12006020,FEM,FAN,16.89,288,AICF,RC,3,NT,FH,0.0,0,-15.9,-5.24,[],0,0,[],[]
12006020,12006910,NA,OLN,0.0,288,AICF,NA,NA,NA,NA,0.0,0,-29.02,-18.01,[],0,0,[],[]
12006910,12008110,FEM,FAN,3.59,288,AICF,RC,3,NT,FH,0.0,0,-14.69,-6.93,[],0,0,[],[]
12008110,12008930,NA,OLN,0.0,288,AICF,NA,NA,NA,NA,0.0,0,-31.67,-26.21,[],0,0,[],[]
12008930,12010040,FEM,FAN,5.27,288,AICF,RC,3,NT,FH,0.0,0,-14.98,-2.31,[],0,0,[],[]
12010040,12010820,FEM,FAN,0.88,288,AICF,RC,3,NT,FH,0.0,0,-16.58,-8.88,[],0,0,[],[]
12010820,12012090,FEM,FAN,5.45,288,AICF,RC,3,NT,FH,0.0,0,-14.92,-4.09,[],0,0,[],[]
12012090,12012690,FEM,FAN,4.44,288,AICF,RC,3,NT,FH,0.0,0,-15.78,-8.1,[],0,0,[],[]
12012690,12014760,FEM,FAN,11.28,288,AICF,RC,3,NT,FH,0.0,0,-14.58,-7.87,[],0,0,[],[]
12014760,12015580,NA,NOF,0.0,288,AICF,NA,NA,NA,NA,0.0,0,-31.66,-16.55,[],0,0,[],[]
12015580,12016890,FEM,FAN,6.8,288,AICF,RC,3,NT,FH,0.0,0,-15.56,-3.87,[],0,0,[],[]
12016890,12018720,NA,OLN,0.0,288,AICF,NA,NA,NA,NA,0.0,0,-23.86,-12.61,[],0,0,[],[]
12018720,12020160,FEM,FAN,5.79,288,AICF,RC,3,NT,FH,0.0,0,-18.89,-8.88,[],0,0,[],[]
12020160,12021350,NA,OLF,0.0,288,AICF,NA,NA,NA,NA,0.0,0,-40.9,-31.28,[],0,0,[],[]
12021350,12022450,FEM,FAN,5.03,288,AICF,RC,3,NT,FH,0.0,0,-14.26,-7.04,[],0,0,[],[]
12022450,12023250,NA,OLN,0.0,288,AICF,NA,NA,NA,NA,0.0,0,-25.12,-11.7,[],0,0,[],[]
12023250,12024250,FEM,FAN,5.49,288,AICF,RC,3,NT,FH,0.0,0,-17.19,-8.58,[],0,0,[],[]
12024250,12024850,FEM,FAN,5.33,288,AICF,RC,3,NT,FH,0.0,0,-17.08,-11.15,[],0,0,[],[]
12024850,12025880,FEM,FAN,5.07,288,AICF,RC,3,NT,FH,0.0,0,-17.59,-11.07,[],0,0,[],[]
12025880,12026630,FEM,FAN,2.2,288,AICF,RC,3,NT,FH,0.0,0,-16.36,-12.43,[],0,0,[],[]
12026630,12027630,FEM,FAN,4.55,288,AICF,RC,3,NT,FH,0.0,0,-22.81,-11.13,[],0,0,[],[]
12027630,12028290,FEM,FAN,2.09,288,AICF,RC,3,NT,FH,0.0,0,-15.09,-11.06,[],0,0,[],[]
12028290,12031270,FEM,FAN,9.6,288,AICF,RC,3,NT,FH,0.0,0,-19.24,-11.19,[],0,0,[],[]
12031270,12031870,FEM,FAN,2.87,288,AICF,RC,3,NT,FH,0.0,0,-16.91,-11.36,[],0,0,[],[]
12031870,12032870,FEM,FAN,3.51,288,AICF,RC,3,NT,FH,0.0,0,-21.6,-15.61,[],0,0,[],[]
12032870,12033470,FEM,FAN,0.0,288,AICF,NA,NA,NA,NA,0.0,0,-19.34,-12.28,[],600,0,[],[]
12033470,12034520,FEM,FAN,5.81,288,AICF,RC,3,NT,FH,0.0,0,-17.66,-7.51,[],0,0,[],[]
12034520,12035320,NA,NOF,0.0,288,AICF,NA,NA,NA,NA,0.0,0,-18.37,-5.93,[],0,0,[],[]
12035320,12036490,FEM,FAN,6.66,288,AICF,RC,3,NT,FH,0.0,0,-15.97,-10.3,[],0,0,[],[]
12036490,12037490,FEM,FAN,2.81,288,AICF,RC,3,TIFI,FH,0.0,0,-17.48,-11.29,[],0,0,[],[]
12037490,12038290,NA,NOF,0.0,288,AICF,NA,NA,NA,NA,0.0,0,-37.48,-23.39,[],0,0,[],[]
12038290,12039030,CHI,CHN,0.0,288,AICF,RC,4,TIFR,FI,1.0,740,-15.36,-9.76,"[{'Canonical-syllable': '1', 'Growl': '0', 'High-freq-energy': '0', 'Long-island': '0', 'Low-tilt-spectrum': '0', 'Medium-island': '1', 'Short-island': '1', 'Squeal': '0', 'Typical-entropy': '0', 'Voicing-quality': '2', 'Wide-band': '0', 'Xlong-island': '0', 'seq': '1', 'end': 12039.03, 'start': 12038.29}]",0,0,[],[]
12039030,12040360,FEM,FAN,4.75,288,AICF,RC,4,TIFE,FI,0.0,0,-15.16,-9.52,[],0,0,[],[]
12040360,12041170,NA,OLN,0.0,288,AICF,NA,NA,NA,NA,0.0,0,-16.1,-4.09,[],0,0,[],[]
12041170,12042210,FEM,FAN,1.63,288,AICF,RC,4,TIFI,FH,0.0,0,-14.89,-8.0,[],0,0,[],[]
12042210,12043050,NA,OLN,0.0,288,AICF,NA,NA,NA,NA,0.0,0,-17.87,-5.39,[],0,0,[],[]
12043050,12043650,CHI,CHN,0.0,288,AICF,RC,5,TIFR,FI,1.0,600,-13.94,-10.94,"[{'Canonical-syllable': '0', 'Growl': '1', 'High-freq-energy': '0', 'Long-island': '0', 'Low-tilt-spectrum': '0', 'Medium-island': '1', 'Short-island': '0', 'Squeal': '0', 'Typical-entropy': '0', 'Voicing-quality': '1', 'Wide-band': '0', 'Xlong-island': '0', 'seq': '1', 'end': 12043.65, 'start': 12043.05}]",0,0,[],[]
12043650,12044450,NA,OLN,0.0,288,AICF,NA,NA,NA,NA,0.0,0,-29.78,-15.4,[],0,0,[],[]
12044450,12048060,FEM,FAN,16.97,288,AICF,RC,5,TIFI,FI,0.0,0,-15.4,-9.38,[],0,0,[],[]
12048060,12048810,CHI,CHN,0.0,288,AICF,RC,6,TIFR,FI,1.0,750,-14.19,-9.66,"[{'Canonical-syllable': '0', 'Growl': '0', 'High-freq-energy': '0', 'Long-island': '0', 'Low-tilt-spectrum': '0', 'Medium-island': '1', 'Short-island': '1', 'Squeal': '0', 'Typical-entropy': '0', 'Voicing-quality': '2', 'Wide-band': '0', 'Xlong-island': '0', 'seq': '1', 'end': 12048.81, 'start': 12048.06}]",0,0,[],[]
12048810,12049610,NA,OLF,0.0,288,AICF,NA,NA,NA,NA,0.0,0,-28.46,-14.3,[],0,0,[],[]
12049610,12052370,CHI,CHN,0.0,288,AICF,RC,6,NT,FH,3.0,1790,-15.66,-4.88,"[{'Canonical-syllable': '0', 'Growl': '1', 'High-freq-energy': '0', 'Long-island': '0', 'Low-tilt-spectrum': '0', 'Medium-island': '1', 'Short-island': '0', 'Squeal': '0', 'Typical-entropy': '0', 'Voicing-quality': '1', 'Wide-band': '0', 'Xlong-island': '0', 'seq': '1', 'end': 12050.14, 'start': 12049.61}, {'Canonical-syllable': '2', 'Growl': '0', 'High-freq-energy': '0', 'Long-island': '0', 'Low-tilt-spectrum': '0', 'Medium-island': '0', 'Short-island': '2', 'Squeal': '0', 'Typical-entropy': '2', 'Voicing-quality': '2', 'Wide-band': '0', 'Xlong-island': '0', 'seq': '2', 'end': 12051.0, 'start': 12050.56}, {'Canonical-syllable': '0', 'Growl': '0', 'High-freq-energy': '0', 'Long-island': '0', 'Low-tilt-spectrum': '0', 'Medium-island': '1', 'Short-island': '1', 'Squeal': '0', 'Typical-entropy': '1', 'Voicing-quality': '2', 'Wide-band': '0', 'Xlong-island': '0', 'seq': '3', 'end': 12052.37, 'start': 12051.55}]",0,0,[],[]
12052370,12054440,CHI,CHN,0.0,288,AICF,RC,6,NT,FH,2.0,1630,-15.54,-3.62,"[{'Canonical-syllable': '0', 'Growl': '0', 'High-freq-energy': '0', 'Long-island': '0', 'Low-tilt-spectrum': '0', 'Medium-island': '0', 'Short-island': '0', 'Squeal': '0', 'Typical-entropy': '0', 'Voicing-quality': '1', 'Wide-band': '0', 'Xlong-island': '0', 'seq': '1', 'end': 12052.48, 'start': 12052.37}, {'Canonical-syllable': '0', 'Growl': '1', 'High-freq-energy': '0', 'Long-island': '0', 'Low-tilt-spectrum': '0', 'Medium-island': '1', 'Short-island': '0', 'Squeal': '0', 'Typical-entropy': '2', 'Voicing-quality': '2', 'Wide-band': '0', 'Xlong-island': '1', 'seq': '2', 'end': 12054.44, 'start': 12052.92}]",0,0,[],[]
12054440,12055440,FEM,FAN,0.34,288,AICF,RC,6,TIFE,FI,0.0,0,-16.11,-11.03,[],0,0,[],[]
12055440,12056900,NA,OLF,0.0,288,AICF,NA,NA,NA,NA,0.0,0,-34.93,-25.03,[],0,0,[],[]
12056900,12057900,FEM,FAN,4.84,288,AICF,RC,6,NT,FH,0.0,0,-15.86,-9.07,[],0,0,[],[]
12057900,12058990,NA,OLN,0.0,288,AICF,NA,NA,NA,NA,0.0,0,-19.91,-3.67,[],0,0,[],[]
12058990,12059830,NA,NON,0.0,288,AICF,NA,NA,NA,NA,0.0,0,-29.87,-15.27,[],0,0,[],[]
12059830,12062870,NA,OLN,0.0,288,AICF,NA,NA,NA,NA,0.0,0,-18.73,-5.13,[],0,0,[],[]
12062870,12063930,FEM,FAN,3.98,288,AICF,RC,6,NT,FH,0.0,0,-18.85,-7.76,[],0,0,[],[]
12063930,12064920,NA,OLN,0.0,288,AICF,NA,NA,NA,NA,0.0,0,-31.79,-21.41,[],0,0,[],[]
12064920,12066290,FEM,FAN,6.46,288,AICF,RC,6,NT,FH,0.0,0,-14.35,-8.74,[],0,0,[],[]
12066290,12067920,NA,OLN,0.0,288,AICF,NA,NA,NA,NA,0.0,0,-15.06,-1.43,[],0,0,[],[]
12067920,12069940,FEM,FAN,8.82,288,AICF,RC,6,NT,FH,0.0,0,-14.33,-7.66,[],0,0,[],[]
12069940,12072020,NA,OLN,0.0,288,AICF,NA,NA,NA,NA,0.0,0,-29.91,-11.33,[],0,0,[],[]
12072020,12072730,FEM,FAN,3.26,288,AICF,RC,6,TIFI,FH,0.0,0,-13.89,-5.73,[],0,0,[],[]
12072730,12074580,NA,OLN,0.0,288,AICF,NA,NA,NA,NA,0.0,0,-27.95,-13.51,[],0,0,[],[]
12074580,12075910,CHI,CHN,0.0,288,AICF,RC,7,TIFR,FI,2.0,820,-17.1,-7.78,"[{'Canonical-syllable': '0', 'Growl': '0', 'High-freq-energy': '0', 'Long-island': '1', 'Low-tilt-spectrum': '0', 'Medium-island': '0', 'Short-island': '0', 'Squeal': '0', 'Typical-entropy': '1', 'Voicing-quality': '1', 'Wide-band': '0', 'Xlong-island': '0', 'seq': '1', 'end': 12075.29, 'start': 12074.58}, {'Canonical-syllable': '0', 'Growl': '1', 'High-freq-energy': '0', 'Long-island': '0', 'Low-tilt-spectrum': '1', 'Medium-island': '0', 'Short-island': '0', 'Squeal': '0', 'Typical-entropy': '1', 'Voicing-quality': '1', 'Wide-band': '0', 'Xlong-island': '0', 'seq': '2', 'end': 12075.71, 'start': 12075.6}]",0,0,[],[]
12075910,12077470,FEM,FAN,6.54,288,AICF,RC,7,TIFE,FI,0.0,0,-14.91,-7.44,[],0,0,[],[]
12077470,12078340,FEM,FAN,3.4,288,AICF,RC,7,NT,FH,0.0,0,-14.07,-10.44,[],0,0,[],[]
12078340,12079380,FEM,FAN,2.35,288,AICF,RC,7,NT,FH,0.0,0,-16.4,-6.5,[],0,0,[],[]
12079380,12080100,FEM,FAN,7.84,288,AICF,RC,7,NT,FH,0.0,0,-18.17,-10.2,[],0,0,[],[]
12080100,12081460,FEM,FAN,8.63,288,AICF,RC,7,NT,FH,0.0,0,-16.24,-8.99,[],0,0,[],[]
12081460,12082260,NA,OLF,0.0,288,AICF,NA,NA,NA,NA,0.0,0,-31.46,-14.01,[],0,0,[],[]
12082260,12083870,FEM,FAN,6.22,288,AICF,RC,7,NT,FH,0.0,0,-14.82,-8.53,[],0,0,[],[]
12083870,12085120,FEM,FAN,5.56,288,AICF,RC,7,NT,FH,0.0,0,-15.69,-7.11,[],0,0,[],[]
12085120,12085970,FEM,FAN,2.23,288,AICF,RC,7,NT,FH,0.0,0,-15.29,-11.37,[],0,0,[],[]
12085970,12086840,NA,OLF,0.0,288,AICF,NA,NA,NA,NA,0.0,0,-24.07,-13.99,[],0,0,[],[]
12086840,12088180,FEM,FAN,3.2,288,AICF,RC,7,NT,FH,0.0,0,-19.43,-12.0,[],0,0,[],[]
12088180,12088790,FEM,FAN,0.0,288,AICF,NA,NA,NA,NA,0.0,0,-19.95,-13.25,[],610,0,[],[]
12088790,12091380,FEM,FAN,10.58,288,AICF,RC,7,NT,FH,0.0,0,-18.24,-11.85,[],0,0,[],[]
12091380,12092330,NA,NOF,0.0,288,AICF,NA,NA,NA,NA,0.0,0,-39.44,-30.67,[],0,0,[],[]
12092330,12099450,FEM,FAN,28.28,288,AICF,RC,7,NT,FH,0.0,0,-17.56,-3.48,[],0,0,[],[]
12099450,12100500,NA,OLN,0.0,288,AICF,NA,NA,NA,NA,0.0,0,-35.6,-27.58,[],0,0,[],[]
12100500,12101900,FEM,FAN,6.76,288,AICF,RC,7,NT,FH,0.0,0,-19.82,-11.64,[],0,0,[],[]
12101900,12102720,NA,OLF,0.0,288,AICF,NA,NA,NA,NA,0.0,0,-38.2,-33.25,[],0,0,[],[]
12102720,12103760,FEM,FAN,6.93,288,AICF,RC,7,NT,FH,0.0,0,-16.34,-10.46,[],0,0,[],[]
12103760,12104560,NA,NOF,0.0,288,AICF,NA,NA,NA,NA,0.0,0,-40.57,-31.66,[],0,0,[],[]
12104560,12110300,FEM,FAN,24.88,288,AICF,RC,7,NT,FH,0.0,0,-20.25,-10.59,[],0,0,[],[]
12110300,12111230,CHI,CHN,0.0,288,AICF,NA,NA,NA,NA,0.0,0,-22.46,-14.91,[],0,250,"[{'start': 12110.98, 'end': 12111.23}]",[]
12111230,12112640,FEM,FAN,5.48,288,AICF,RC,7,NT,FH,0.0,0,-20.95,-11.54,[],0,0,[],[]
12112640,12113450,NA,NOF,0.0,288,AICF,NA,NA,NA,NA,0.0,0,-38.41,-22.43,[],0,0,[],[]
12113450,12117980,FEM,FAN,20.22,288,AICF,RC,7,NT,FH,0.0,0,-19.84,-10.09,[],0,0,[],[]
12117980,12118880,NA,NOF,0.0,288,AICF,NA,NA,NA,NA,0.0,0,-43.63,-26.74,[],0,0,[],[]
12118880,12120670,FEM,FAN,8.51,288,AICF,RC,7,NT,FH,0.0,0,-23.26,-13.31,[],0,0,[],[]
12120670,12121470,NA,NOF,0.0,288,AICF,NA,NA,NA,NA,0.0,0,-41.62,-30.95,[],0,0,[],[]
12121470,12124210,FEM,FAN,7.75,288,AICF,RC,7,NT,FH,0.0,0,-19.65,-3.79,[],0,0,[],[]
12124210,12125010,NA,NOF,0.0,288,AICF,NA,NA,NA,NA,0.0,0,-37.34,-22.7,[],0,0,[],[]
12125010,12129820,FEM,FAN,19.41,288,AICF,RC,7,NT,FH,0.0,0,-18.96,-5.86,[],0,0,[],[]
12129820,12130640,NA,OLF,0.0,288,AICF,NA,NA,NA,NA,0.0,0,-32.5,-23.3,[],0,0,[],[]
12130640,12132930,FEM,FAN,9.05,288,AICF,RC,7,NT,FH,0.0,0,-22.68,-13.49,[],0,0,[],[]
12132930,12133950,NA,CXF,0.0,288,AICF,NA,NA,NA,NA,0.0,0,-33.77,-17.24,[],0,0,[],[]
12133950,12135010,NA,NOF,0.0,288,AICF,NA,NA,NA,NA,0.0,0,-38.55,-28.2,[],0,0,[],[]
12135010,12135810,OCH,CXN,0.0,288,AICF,RC,7,NT,FI,0.0,0,-33.01,-25.89,[],0,0,[],[]
12135810,12136610,NA,OLN,0.0,288,AICF,NA,NA,NA,NA,0.0,0,-32.33,-18.33,[],0,0,[],[]
12136610,12138270,NA,SIL,0.0,288,AICF,NA,NA,NA,NA,0.0,0,-41.06,-27.97,[],0,0,[],[]
12138270,12139390,NA,OLF,0.0,288,AICF,NA,NA,NA,NA,0.0,0,-24.49,-10.19,[],0,0,[],[]
12139390,12140390,FEM,FAN,2.86,288,AICF,RC,7,TIFI,FI,0.0,0,-25.58,-16.07,[],0,0,[],[]
12140390,12141190,NA,OLF,0.0,288,AICF,NA,NA,NA,NA,0.0,0,-40.59,-35.2,[],0,0,[],[]
12141190,12142570,CHI,CHN,0.0,288,AICF,RC,8,TIFR,FI,1.0,1380,-14.59,-11.09,"[{'Canonical-syllable': '0', 'Growl': '0', 'High-freq-energy': '0', 'Long-island': '0', 'Low-tilt-spectrum': '0', 'Medium-island': '0', 'Short-island': '0', 'Squeal': '0', 'Typical-entropy': '0', 'Voicing-quality': '1', 'Wide-band': '0', 'Xlong-island': '1', 'seq': '1', 'end': 12142.57, 'start': 12141.19}]",0,0,[],[]
12142570,12147580,FEM,FAN,17.42,288,AICF,RC,8,TIFI,FI,0.0,0,-18.41,-9.54,[],0,0,[],[]
12147580,12148380,NA,SIL,0.0,288,AICF,NA,NA,NA,NA,0.0,0,-48.89,-33.99,[],0,0,[],[]
12148380,12149160,CHI,CHN,0.0,288,AICF,RC,9,TIFR,FI,1.0,780,-15.05,-10.43,"[{'Canonical-syllable': '0', 'Growl': '0', 'High-freq-energy': '0', 'Long-island': '0', 'Low-tilt-spectrum': '0', 'Medium-island': '1', 'Short-island': '0', 'Squeal': '0', 'Typical-entropy': '1', 'Voicing-quality': '1', 'Wide-band': '0', 'Xlong-island': '0', 'seq': '1', 'end': 12149.16, 'start': 12148.57}]",0,0,[],[]
12149160,12151660,FEM,FAN,8.87,288,AICF,RC,9,TIFE,FI,0.0,0,-16.39,-5.32,[],0,0,[],[]
12151660,12152260,FEM,FAN,0.48,288,AICF,RC,9,NT,FH,0.0,0,-16.43,-5.7,[],0,0,[],[]
12152260,12153490,FEM,FAN,6.14,288,AICF,RC,9,NT,FH,0.0,0,-15.36,-8.54,[],0,0,[],[]
12153490,12154440,NA,OLF,0.0,288,AICF,NA,NA,NA,NA,0.0,0,-17.44,-6.1,[],0,0,[],[]
12154440,12155040,FEM,FAN,0.0,288,AICF,NA,NA,NA,NA,0.0,0,-14.33,-10.98,[],600,0,[],[]
12155040,12159100,FEM,FAN,16.53,288,AICF,RC,9,TIFI,FH,0.0,0,-18.4,-10.13,[],0,0,[],[]
12159100,12159810,CHI,CHN,0.0,288,AICF,RC,10,TIFR,FI,1.0,170,-20.37,-10.86,"[{'Canonical-syllable': '0', 'Growl': '1', 'High-freq-energy': '0', 'Long-island': '0', 'Low-tilt-spectrum': '0', 'Medium-island': '0', 'Short-island': '1', 'Squeal': '0', 'Typical-entropy': '1', 'Voicing-quality': '1', 'Wide-band': '0', 'Xlong-island': '0', 'seq': '1', 'end': 12159.81, 'start': 12159.64}]",0,0,[],[]
12159810,12162000,FEM,FAN,8.91,288,AICF,RC,10,TIFE,FI,0.0,0,-24.98,-16.09,[],0,0,[],[]
12162000,12162600,CHI,CHN,0.0,288,AICF,NA,NA,NA,NA,0.0,0,-23.9,-12.09,[],0,80,"[{'start': 12162.52, 'end': 12162.6}]",[]
12162600,12163680,FEM,FAN,6.09,288,AICF,RC,10,NT,FH,0.0,0,-19.7,-11.73,[],0,0,[],[]
12163680,12164730,NA,NOF,0.0,288,AICF,NA,NA,NA,NA,0.0,0,-45.41,-36.62,[],0,0,[],[]
12164730,12174310,FEM,FAN,35.03,288,AICF,RC,10,NT,FH,0.0,0,-21.44,-10.01,[],0,0,[],[]
12174310,12175390,NA,NOF,0.0,288,AICF,NA,NA,NA,NA,0.0,0,-46.6,-34.62,[],0,0,[],[]
12175390,12178040,FEM,FAN,10.82,288,AICF,RC,10,NT,FH,0.0,0,-18.64,-6.5,[],0,0,[],[]
12178040,12178850,NA,SIL,0.0,288,AICF,NA,NA,NA,NA,0.0,0,-48.18,-42.74,[],0,0,[],[]
12178850,12180040,FEM,FAN,6.73,288,AICF,RC,10,NT,FH,0.0,0,-24.34,-14.25,[],0,0,[],[]
12180040,12180840,NA,NOF,0.0,288,AICF,NA,NA,NA,NA,0.0,0,-46.07,-37.99,[],0,0,[],[]
12180840,12182790,NA,OLN,0.0,288,AICF,NA,NA,NA,NA,0.0,0,-33.93,-23.54,[],0,0,[],[]
12182790,12183800,FEM,FAN,3.37,288,AICF,RC,10,NT,FH,0.0,0,-16.38,-8.38,[],0,0,[],[]
12183800,12185910,NA,OLN,0.0,288,AICF,NA,NA,NA,NA,0.0,0,-21.29,-4.94,[],0,0,[],[]
12185910,12186840,FEM,FAN,2.55,288,AICF,RC,10,NT,FH,0.0,0,-18.27,-13.51,[],0,0,[],[]
12186840,12190190,NA,NOF,0.0,288,AICF,NA,NA,NA,NA,0.0,0,-32.77,-11.15,[],0,0,[],[]
12190190,12191200,OCH,CXN,0.0,288,AICF,RC,10,NT,FI,0.0,0,-22.39,-10.55,[],0,0,[],[]
12191200,12192030,NA,OLN,0.0,288,AICF,NA,NA,NA,NA,0.0,0,-18.92,-4.36,[],0,0,[],[]
12192030,12196570,FEM,FAN,18.46,288,AICF,RC,10,NT,FI,0.0,0,-16.28,-4.07,[],0,0,[],[]
12196570,12197370,NA,CHF,0.0,288,AICF,NA,NA,NA,NA,0.0,0,-35.85,-27.08,[],0,700,"[{'start': 12196.57, 'end': 12197.03}]","[{'start': 12197.03, 'end': 12197.27}]"
12197370,12199700,FEM,FAN,9.32,288,AICF,RC,10,TIFI,FH,0.0,0,-15.26,-3.57,[],0,0,[],[]
12199700,12200310,CHI,CHN,0.0,288,AICF,RC,11,TIFR,FI,1.0,500,-16.68,-11.51,"[{'Canonical-syllable': '0', 'Growl': '0', 'High-freq-energy': '0', 'Long-island': '0', 'Low-tilt-spectrum': '0', 'Medium-island': '1', 'Short-island': '0', 'Squeal': '0', 'Typical-entropy': '1', 'Voicing-quality': '1', 'Wide-band': '0', 'Xlong-island': '0', 'seq': '1', 'end': 12200.2, 'start': 12199.7}]",0,0,[],[]
12200310,12202010,FEM,FAN,7.07,288,AICF,RC,11,TIFE,FI,0.0,0,-15.73,-3.77,[],0,0,[],[]
12202010,12203410,NA,OLN,0.0,288,AICF,NA,NA,NA,NA,0.0,0,-17.11,-2.71,[],0,0,[],[]
12203410,12204270,OCH,CXN,0.0,288,AICF,RC,11,NT,FI,0.0,0,-34.35,-27.29,[],0,0,[],[]
12204270,12205470,NA,OLN,0.0,288,AICF,NA,NA,NA,NA,0.0,0,-34.65,-28.99,[],0,0,[],[]
12205470,12206100,FEM,FAN,1.32,288,AICF,RC,11,NT,FI,0.0,0,-21.69,-10.86,[],0,0,[],[]
12206100,12206910,NA,NOF,0.0,288,AICF,NA,NA,NA,NA,0.0,0,-18.81,-6.86,[],0,0,[],[]
12206910,12207910,FEM,FAN,3.72,288,AICF,RC,11,NT,FH,0.0,0,-22.27,-15.37,[],0,0,[],[]
12207910,12209870,OCH,CXN,0.0,288,AICF,RC,11,NT,FI,0.0,0,-30.55,-24.51,[],0,0,[],[]
12209870,12211300,FEM,FAN,7.07,288,AICF,RC,11,NT,FI,0.0,0,-20.42,-5.65,[],0,0,[],[]
12211300,12212450,NA,OLN,0.0,288,AICF,NA,NA,NA,NA,0.0,0,-33.1,-26.71,[],0,0,[],[]
12212450,12213870,FEM,FAN,7.3,288,AICF,RC,11,NT,FH,0.0,0,-20.11,-13.6,[],0,0,[],[]
12213870,12214670,NA,OLN,0.0,288,AICF,NA,NA,NA,NA,0.0,0,-22.76,-15.31,[],0,0,[],[]
12214670,12215670,FEM,FAN,3.84,288,AICF,RC,11,NT,FH,0.0,0,-19.09,-8.98,[],0,0,[],[]
12215670,12216500,NA,OLN,0.0,288,AICF,NA,NA,NA,NA,0.0,0,-18.87,-5.27,[],0,0,[],[]
12216500,12217300,OCH,CXN,0.0,288,AICF,RC,11,NT,FI,0.0,0,-25.33,-19.24,[],0,0,[],[]
12217300,12219120,NA,OLN,0.0,288,AICF,NA,NA,NA,NA,0.0,0,-15.6,-3.38,[],0,0,[],[]
12219120,12220420,OCH,CXN,0.0,288,AICF,RC,11,NT,FH,0.0,0,-22.73,-17.64,[],0,0,[],[]
12220420,12221230,NA,OLF,0.0,288,AICF,NA,NA,NA,NA,0.0,0,-31.46,-22.84,[],0,0,[],[]
12221230,12222030,OCH,CXN,0.0,288,AICF,RC,11,NT,FH,0.0,0,-23.41,-18.44,[],0,0,[],[]
12222030,12222840,NA,OLN,0.0,288,AICF,NA,NA,NA,NA,0.0,0,-18.25,-6.24,[],0,0,[],[]
12222840,12223640,OCH,CXN,0.0,288,AICF,RC,11,NT,FH,0.0,0,-28.12,-21.73,[],0,0,[],[]
12223640,12228700,FEM,FAN,18.38,288,AICF,RC,11,NT,FI,0.0,0,-20.65,-3.24,[],0,0,[],[]
12228700,12229830,NA,CXF,0.0,288,AICF,NA,NA,NA,NA,0.0,0,-37.83,-26.47,[],0,0,[],[]
12229830,12230670,NA,SIL,0.0,288,AICF,NA,NA,NA,NA,0.0,0,-51.14,-40.25,[],0,0,[],[]
12230670,12231700,NA,OLN,0.0,288,AICF,NA,NA,NA,NA,0.0,0,-34.83,-30.34,[],0,0,[],[]
12231700,12232790,FEM,FAN,7.17,288,AICF,RC,11,NT,FH,0.0,0,-24.78,-18.87,[],0,0,[],[]
12232790,12234140,NA,NOF,0.0,288,AICF,NA,NA,NA,NA,0.0,0,-44.53,-34.43,[],0,0,[],[]
12234140,12235530,FEM,FAN,6.82,288,AICF,RC,11,NT,FH,0.0,0,-17.17,-12.77,[],0,0,[],[]
12235530,12236210,CHI,CHN,0.0,288,AICF,NA,NA,NA,NA,0.0,0,-14.91,-13.42,[],0,680,"[{'start': 12235.53, 'end': 12236.21}]",[]
12236210,12237210,CHI,CHN,0.0,288,AICF,NA,NA,NA,NA,0.0,0,-21.45,-15.03,[],0,530,"[{'start': 12236.21, 'end': 12236.74}]",[]
12237210,12238240,NA,NOF,0.0,288,AICF,NA,NA,NA,NA,0.0,0,-40.36,-27.59,[],0,0,[],[]
12238240,12249490,FEM,FAN,42.09,288,AICF,RC,11,TIFI,FH,0.0,0,-20.87,-3.97,[],0,0,[],[]
12249490,12250220,CHI,CHN,0.0,288,AICF,RC,12,TIFR,FI,1.0,730,-19.15,-10.99,"[{'Canonical-syllable': '1', 'Growl': '1', 'High-freq-energy': '0', 'Long-island': '0', 'Low-tilt-spectrum': '0', 'Medium-island': '1', 'Short-island': '1', 'Squeal': '0', 'Typical-entropy': '1', 'Voicing-quality': '2', 'Wide-band': '0', 'Xlong-island': '0', 'seq': '1', 'end': 12250.22, 'start': 12249.49}]",0,0,[],[]
12250220,12252900,FEM,FAN,12.39,288,AICF,RC,12,TIFI,FI,0.0,0,-22.23,-12.1,[],0,0,[],[]
12252900,12253700,CHI,CHN,0.0,288,AICF,RC,13,TIFR,FI,2.0,290,-24.35,-13.02,"[{'Canonical-syllable': '0', 'Growl': '0', 'High-freq-energy': '0', 'Long-island': '0', 'Low-tilt-spectrum': '0', 'Medium-island': '0', 'Short-island': '0', 'Squeal': '0', 'Typical-entropy': '0', 'Voicing-quality': '1', 'Wide-band': '0', 'Xlong-island': '0', 'seq': '1', 'end': 12253.0, 'start': 12252.9}, {'Canonical-syllable': '1', 'Growl': '0', 'High-freq-energy': '0', 'Long-island': '0', 'Low-tilt-spectrum': '0', 'Medium-island': '0', 'Short-island': '1', 'Squeal': '0', 'Typical-entropy': '0', 'Voicing-quality': '1', 'Wide-band': '0', 'Xlong-island': '0', 'seq': '2', 'end': 12253.7, 'start': 12253.51}]",0,0,[],[]
12253700,12256630,FEM,FAN,13.73,288,AICF,RC,13,TIFE,FI,0.0,0,-17.11,-3.51,[],0,0,[],[]
12256630,12257740,MAL,MAN,1.32,288,AICF,RC,13,NT,FI,0.0,0,-32.78,-26.08,[],0,0,[],[]
12257740,12258770,FEM,FAN,5.88,288,AICF,RC,13,NT,FI,0.0,0,-19.09,-11.75,[],0,0,[],[]
12258770,12259600,NA,OLN,0.0,288,AICF,NA,NA,NA,NA,0.0,0,-22.63,-16.35,[],0,0,[],[]
12259600,12263950,FEM,FAN,18.42,288,AICF,RC,13,NT,FH,0.0,0,-21.65,-5.1,[],0,0,[],[]
12263950,12264810,FEM,FAN,4.68,288,AICF,RC,13,NT,FH,0.0,0,-28.38,-17.06,[],0,0,[],[]
12264810,12265810,FEM,FAN,5.76,288,AICF,RC,13,NT,FH,0.0,0,-23.88,-16.61,[],0,0,[],[]
12265810,12266410,NA,NOF,0.0,288,AICF,NA,NA,NA,NA,0.0,0,-17.51,-6.43,[],0,0,[],[]
12266410,12269610,FEM,FAN,14.41,288,AICF,RC,13,NT,FH,0.0,0,-23.57,-13.16,[],0,0,[],[]
12269610,12270820,NA,OLN,0.0,288,AICF,NA,NA,NA,NA,0.0,0,-28.18,-17.29,[],0,0,[],[]
12270820,12272970,FEM,FAN,9.58,288,AICF,RC,13,NT,FH,0.0,0,-21.27,-15.44,[],0,0,[],[]
12272970,12273770,NA,NOF,0.0,288,AICF,NA,NA,NA,NA,0.0,0,-37.78,-27.89,[],0,0,[],[]
12273770,12275000,OCH,CXN,0.0,288,AICF,RC,13,NT,FI,0.0,0,-32.27,-25.29,[],0,0,[],[]
12275000,12276010,FEM,FAN,6.95,288,AICF,RC,13,TIFI,FI,0.0,0,-21.96,-11.08,[],0,0,[],[]
12276010,12276920,CHI,CHN,0.0,288,AICF,RC,14,TIFR,FI,1.0,910,-30.0,-23.11,"[{'Canonical-syllable': '0', 'Growl': '1', 'High-freq-energy': '0', 'Long-island': '1', 'Low-tilt-spectrum': '2', 'Medium-island': '0', 'Short-island': '1', 'Squeal': '0', 'Typical-entropy': '1', 'Voicing-quality': '1', 'Wide-band': '0', 'Xlong-island': '0', 'seq': '1', 'end': 12276.92, 'start': 12276.01}]",0,0,[],[]
12276920,12277960,FEM,FAN,1.17,288,AICF,RC,14,TIFE,FI,0.0,0,-29.89,-23.47,[],0,0,[],[]
12277960,12278810,NA,NOF,0.0,288,AICF,NA,NA,NA,NA,0.0,0,-36.05,-23.94,[],0,0,[],[]
12278810,12279610,OCH,CXN,0.0,288,AICF,RC,14,NT,FI,0.0,0,-30.86,-26.3,[],0,0,[],[]
12279610,12280650,FEM,FAN,2.46,288,AICF,RC,14,TIFI,FI,0.0,0,-23.45,-16.08,[],0,0,[],[]
12280650,12281660,NA,NON,0.0,288,AICF,NA,NA,NA,NA,0.0,0,-37.04,-29.73,[],0,0,[],[]
12281660,12282490,NA,OLN,0.0,288,AICF,NA,NA,NA,NA,0.0,0,-26.95,-10.05,[],0,0,[],[]
12282490,12283140,CHI,CHN,0.0,288,AICF,RC,15,TIFR,FI,1.0,650,-19.19,-13.27,"[{'Canonical-syllable': '0', 'Growl': '0', 'High-freq-energy': '0', 'Long-island': '1', 'Low-tilt-spectrum': '0', 'Medium-island': '0', 'Short-island': '0', 'Squeal': '0', 'Typical-entropy': '1', 'Voicing-quality': '1', 'Wide-band': '0', 'Xlong-island': '0', 'seq': '1', 'end': 12283.14, 'start': 12282.49}]",0,0,[],[]
12283140,12284460,OCH,CXN,0.0,288,AICF,RC,15,NT,FI,0.0,0,-25.09,-18.31,[],0,0,[],[]
12284460,12285600,NA,NOF,0.0,288,AICF,NA,NA,NA,NA,0.0,0,-37.65,-28.05,[],0,0,[],[]
12285600,12286400,OCH,CXN,0.0,288,AICF,RC,15,NT,FH,0.0,0,-33.57,-27.36,[],0,0,[],[]
12286400,12287850,NA,OLN,0.0,288,AICF,NA,NA,NA,NA,0.0,0,-39.68,-31.93,[],0,0,[],[]
12287850,12288850,MAL,MAN,1.49,288,AICF,RC,15,TIMI,FI,0.0,0,-44.12,-35.67,[],0,0,[],[]
12288850,12289940,CHI,CHN,0.0,288,AICF,RC,16,TIMR,FI,1.0,1090,-16.28,-13.18,"[{'Canonical-syllable': '0', 'Growl': '0', 'High-freq-energy': '0', 'Long-island': '0', 'Low-tilt-spectrum': '1', 'Medium-island': '0', 'Short-island': '0', 'Squeal': '0', 'Typical-entropy': '1', 'Voicing-quality': '1', 'Wide-band': '0', 'Xlong-island': '1', 'seq': '1', 'end': 12289.94, 'start': 12288.85}]",0,0,[],[]
12289940,12290880,NA,OLN,0.0,288,AICF,NA,NA,NA,NA,0.0,0,-25.16,-9.44,[],0,0,[],[]
12290880,12292070,OCH,CXN,0.0,288,AICF,RC,16,NT,FI,0.0,0,-16.41,-4.88,[],0,0,[],[]
12292070,12292670,CHI,CHN,0.0,288,AICF,RC,16,TIFI,FI,1.0,600,-14.45,-10.52,"[{'Canonical-syllable': '0', 'Growl': '0', 'High-freq-energy': '2', 'Long-island': '0', 'Low-tilt-spectrum': '2', 'Medium-island': '1', 'Short-island': '0', 'Squeal': '0', 'Typical-entropy': '2', 'Voicing-quality': '2', 'Wide-band': '0', 'Xlong-island': '0', 'seq': '1', 'end': 12292.67, 'start': 12292.07}]",0,0,[],[]
12292670,12293670,FEM,FAN,6.51,288,AICF,RC,17,TIFR,FI,0.0,0,-17.01,-10.89,[],0,0,[],[]
12293670,12294840,NA,OLN,0.0,288,AICF,NA,NA,NA,NA,0.0,0,-14.21,-4.81,[],0,0,[],[]
12294840,12296560,FEM,FAN,8.08,288,AICF,RC,17,NT,FH,0.0,0,-16.16,-3.98,[],0,0,[],[]
12296560,12297570,NA,OLN,0.0,288,AICF,NA,NA,NA,NA,0.0,0,-24.91,-19.11,[],0,0,[],[]
12297570,12299100,FEM,FAN,7.93,288,AICF,RC,17,NT,FH,0.0,0,-14.02,-3.54,[],0,0,[],[]
12299100,12299900,NA,OLN,0.0,288,AICF,NA,NA,NA,NA,0.0,0,-18.69,-7.07,[],0,0,[],[]
12299900,12300780,CHI,CHN,0.0,288,AICF,RC,17,TIFE,FI,1.0,880,-16.27,-5.83,"[{'Canonical-syllable': '0', 'Growl': '0', 'High-freq-energy': '0', 'Long-island': '1', 'Low-tilt-spectrum': '0', 'Medium-island': '0', 'Short-island': '0', 'Squeal': '0', 'Typical-entropy': '0', 'Voicing-quality': '1', 'Wide-band': '0', 'Xlong-island': '0', 'seq': '1', 'end': 12300.78, 'start': 12299.9}]",0,0,[],[]
12300780,12301700,NA,OLN,0.0,288,AICF,NA,NA,NA,NA,0.0,0,-15.96,-6.43,[],0,0,[],[]
12301700,12302350,CHI,CHN,0.0,288,AICF,RC,17,NT,FH,1.0,650,-19.46,-13.12,"[{'Canonical-syllable': '0', 'Growl': '0', 'High-freq-energy': '0', 'Long-island': '1', 'Low-tilt-spectrum': '0', 'Medium-island': '0', 'Short-island': '0', 'Squeal': '0', 'Typical-entropy': '0', 'Voicing-quality': '1', 'Wide-band': '0', 'Xlong-island': '0', 'seq': '1', 'end': 12302.35, 'start': 12301.7}]",0,0,[],[]
12302350,12303160,NA,OLF,0.0,288,AICF,NA,NA,NA,NA,0.0,0,-12.69,-4.32,[],0,0,[],[]
12303160,12305740,CHI,CHN,0.0,288,AICF,RC,17,NT,FH,2.0,1960,-17.51,-5.12,"[{'Canonical-syllable': '2', 'Growl': '0', 'High-freq-energy': '0', 'Long-island': '0', 'Low-tilt-spectrum': '1', 'Medium-island': '1', 'Short-island': '2', 'Squeal': '0', 'Typical-entropy': '1', 'Voicing-quality': '3', 'Wide-band': '0', 'Xlong-island': '0', 'seq': '1', 'end': 12304.41, 'start': 12303.16}, {'Canonical-syllable': '0', 'Growl': '0', 'High-freq-energy': '0', 'Long-island': '0', 'Low-tilt-spectrum': '0', 'Medium-island': '1', 'Short-island': '0', 'Squeal': '0', 'Typical-entropy': '2', 'Voicing-quality': '2', 'Wide-band': '0', 'Xlong-island': '0', 'seq': '2', 'end': 12305.74, 'start': 12305.03}]",0,0,[],[]
12305740,12308330,NA,OLN,0.0,288,AICF,NA,NA,NA,NA,0.0,0,-17.79,-6.52,[],0,0,[],[]
12308330,12309330,OCH,CXN,0.0,288,AICF,EC,17,NT,FI,0.0,0,-15.74,-7.17,[],0,0,[],[]
12309330,12313610,NA,OLN,0.0,289,pause,NA,NA,NA,NA,0.0,0,-15.52,-4.57,[],0,0,[],[]
12313610,12314220,CHI,CHN,0.0,289,pause,NA,NA,NA,NA,0.0,0,-15.47,-13.34,[],0,610,"[{'start': 12313.61, 'end': 12314.22}]",[]
12314220,12315400,NA,OLN,0.0,289,pause,NA,NA,NA,NA,0.0,0,-27.26,-8.25,[],0,0,[],[]
12315400,12316370,OCH,CXN,0.0,289,XIC,BC,0,NT,FI,0.0,0,-14.9,-6.45,[],0,0,[],[]
12316370,12317840,FEM,FAN,7.79,289,XIC,RC,0,NT,FI,0.0,0,-15.49,-5.09,[],0,0,[],[]
12317840,12318980,NA,OLN,0.0,289,XIC,NA,NA,NA,NA,0.0,0,-15.44,-4.0,[],0,0,[],[]
12318980,12320090,MAL,MAN,5.33,289,XIC,RC,0,NT,FI,0.0,0,-27.49,-20.94,[],0,0,[],[]
12320090,12321940,NA,OLN,0.0,289,XIC,NA,NA,NA,NA,0.0,0,-15.93,-3.32,[],0,0,[],[]
12321940,12322940,FEM,FAN,5.92,289,XIC,RC,0,NT,FI,0.0,0,-22.54,-14.56,[],0,0,[],[]
12322940,12323740,NA,OLF,0.0,289,XIC,NA,NA,NA,NA,0.0,0,-31.73,-16.59,[],0,0,[],[]
12323740,12325450,FEM,FAN,7.17,289,XIC,RC,0,TIFI,FH,0.0,0,-17.86,-7.39,[],0,0,[],[]
12325450,12326260,NA,OLN,0.0,289,XIC,NA,NA,NA,NA,0.0,0,-29.9,-17.63,[],0,0,[],[]
12326260,12327000,CHI,CHN,0.0,289,XIC,RC,1,TIFR,FI,1.0,740,-13.43,-3.84,"[{'Canonical-syllable': '0', 'Growl': '0', 'High-freq-energy': '0', 'Long-island': '1', 'Low-tilt-spectrum': '0', 'Medium-island': '0', 'Short-island': '0', 'Squeal': '0', 'Typical-entropy': '0', 'Voicing-quality': '1', 'Wide-band': '0', 'Xlong-island': '0', 'seq': '1', 'end': 12327.0, 'start': 12326.26}]",0,0,[],[]
12327000,12327800,NA,OLN,0.0,289,XIC,NA,NA,NA,NA,0.0,0,-29.04,-19.49,[],0,0,[],[]
12327800,12330160,FEM,FAN,6.88,289,XIC,RC,1,TIFE,FI,0.0,0,-20.01,-11.26,[],0,0,[],[]
12330160,12330960,NA,OLN,0.0,289,XIC,NA,NA,NA,NA,0.0,0,-24.18,-14.49,[],0,0,[],[]
12330960,12332000,FEM,FAN,6.56,289,XIC,RC,1,NT,FH,0.0,0,-17.14,-8.47,[],0,0,[],[]
12332000,12334690,NA,OLN,0.0,289,XIC,NA,NA,NA,NA,0.0,0,-23.65,-9.16,[],0,0,[],[]
12334690,12336810,FEM,FAN,5.63,289,XIC,RC,1,NT,FH,0.0,0,-13.67,-3.5,[],0,0,[],[]
12336810,12337670,OCH,CXN,0.0,289,XIC,RC,1,NT,FI,0.0,0,-31.23,-24.98,[],0,0,[],[]
12337670,12338610,NA,OLN,0.0,289,XIC,NA,NA,NA,NA,0.0,0,-30.73,-20.47,[],0,0,[],[]
12338610,12339610,FEM,FAN,5.82,289,XIC,RC,1,NT,FI,0.0,0,-14.03,-4.6,[],0,0,[],[]
12339610,12340410,NA,OLN,0.0,289,XIC,NA,NA,NA,NA,0.0,0,-25.4,-9.0,[],0,0,[],[]
12340410,12342040,FEM,FAN,6.61,289,XIC,RC,1,NT,FH,0.0,0,-18.37,-2.65,[],0,0,[],[]
12342040,12343160,MAL,MAN,5.41,289,XIC,RC,1,NT,FI,0.0,0,-29.72,-23.87,[],0,0,[],[]
12343160,12344110,NA,OLF,0.0,289,XIC,NA,NA,NA,NA,0.0,0,-21.43,-5.84,[],0,0,[],[]
12344110,12348410,FEM,FAN,19.35,289,XIC,RC,1,NT,FI,0.0,0,-13.07,-2.01,[],0,0,[],[]
12348410,12349540,NA,OLN,0.0,289,XIC,NA,NA,NA,NA,0.0,0,-33.9,-30.6,[],0,0,[],[]
12349540,12350540,FEM,FAN,5.01,289,XIC,RC,1,NT,FH,0.0,0,-24.65,-15.88,[],0,0,[],[]
12350540,12352140,NA,OLF,0.0,289,XIC,NA,NA,NA,NA,0.0,0,-35.18,-22.74,[],0,0,[],[]
12352140,12352740,FEM,FAN,0.0,289,XIC,NA,NA,NA,NA,0.0,0,-23.8,-19.81,[],600,0,[],[]
12352740,12353740,NA,FAF,0.0,289,XIC,NA,NA,NA,NA,0.0,0,-38.16,-27.04,[],0,0,[],[]
12353740,12354540,NA,OLN,0.0,289,XIC,NA,NA,NA,NA,0.0,0,-40.16,-36.34,[],0,0,[],[]
12354540,12355360,FEM,FAN,8.0,289,XIC,RC,1,NT,FH,0.0,0,-25.21,-18.93,[],0,0,[],[]
12355360,12357080,FEM,FAN,12.31,289,XIC,RC,1,NT,FH,0.0,0,-28.09,-17.73,[],0,0,[],[]
12357080,12358160,NA,MAF,0.0,289,XIC,NA,NA,NA,NA,0.0,0,-38.41,-32.47,[],0,0,[],[]
12358160,12361730,FEM,FAN,11.75,289,XIC,RC,1,NT,FH,0.0,0,-23.96,-9.32,[],0,0,[],[]
12361730,12362370,CHI,CHN,0.0,289,XIC,NA,NA,NA,NA,0.0,0,-15.78,-9.07,[],0,160,"[{'start': 12362.21, 'end': 12362.37}]",[]
12362370,12363470,NA,OLN,0.0,289,XIC,NA,NA,NA,NA,0.0,0,-15.65,-6.7,[],0,0,[],[]
12363470,12364480,FEM,FAN,7.09,289,XIC,RC,1,TIFI,FH,0.0,0,-20.36,-8.2,[],0,0,[],[]
12364480,12365150,CHI,CHN,0.0,289,XIC,RC,2,TIFR,FI,1.0,310,-19.04,-11.7,"[{'Canonical-syllable': '0', 'Growl': '0', 'High-freq-energy': '0', 'Long-island': '0', 'Low-tilt-spectrum': '0', 'Medium-island': '1', 'Short-island': '0', 'Squeal': '0', 'Typical-entropy': '0', 'Voicing-quality': '1', 'Wide-band': '0', 'Xlong-island': '0', 'seq': '1', 'end': 12365.15, 'start': 12364.84}]",0,0,[],[]
12365150,12366690,FEM,FAN,3.74,289,XIC,RC,2,TIFE,FI,0.0,0,-20.98,-13.39,[],0,0,[],[]
12366690,12367510,NA,OLN,0.0,289,XIC,NA,NA,NA,NA,0.0,0,-16.0,-11.12,[],0,0,[],[]
12367510,12370550,FEM,FAN,12.65,289,XIC,RC,2,NT,FH,0.0,0,-22.39,-11.36,[],0,0,[],[]
12370550,12371200,FEM,FAN,0.0,289,XIC,NA,NA,NA,NA,0.0,0,-30.8,-20.85,[],650,0,[],[]
12371200,12373120,FEM,FAN,9.54,289,XIC,RC,2,TIFI,FH,0.0,0,-18.85,-10.04,[],0,0,[],[]
12373120,12373730,CHI,CHN,0.0,289,XIC,RC,3,TIFR,FI,1.0,610,-17.67,-10.5,"[{'Canonical-syllable': '0', 'Growl': '0', 'High-freq-energy': '0', 'Long-island': '0', 'Low-tilt-spectrum': '0', 'Medium-island': '1', 'Short-island': '0', 'Squeal': '0', 'Typical-entropy': '0', 'Voicing-quality': '1', 'Wide-band': '0', 'Xlong-island': '0', 'seq': '1', 'end': 12373.73, 'start': 12373.12}]",0,0,[],[]
12373730,12374780,FEM,FAN,5.1,289,XIC,RC,3,TIFE,FI,0.0,0,-19.5,-10.93,[],0,0,[],[]
12374780,12375580,NA,OLN,0.0,289,XIC,NA,NA,NA,NA,0.0,0,-18.34,-10.99,[],0,0,[],[]
12375580,12377050,FEM,FAN,4.71,289,XIC,RC,3,NT,FH,0.0,0,-27.42,-19.25,[],0,0,[],[]
12377050,12378850,FEM,FAN,7.13,289,XIC,RC,3,TIFI,FH,0.0,0,-17.57,-7.72,[],0,0,[],[]
12378850,12379450,CHI,CHN,0.0,289,XIC,RC,4,TIFR,FI,1.0,600,-18.1,-12.49,"[{'Canonical-syllable': '0', 'Growl': '0', 'High-freq-energy': '0', 'Long-island': '0', 'Low-tilt-spectrum': '0', 'Medium-island': '1', 'Short-island': '0', 'Squeal': '0', 'Typical-entropy': '0', 'Voicing-quality': '1', 'Wide-band': '0', 'Xlong-island': '0', 'seq': '1', 'end': 12379.45, 'start': 12378.85}]",0,0,[],[]
12379450,12380840,FEM,FAN,4.88,289,XIC,RC,4,TIFI,FI,0.0,0,-20.26,-12.74,[],0,0,[],[]
12380840,12383000,NA,OLN,0.0,289,XIC,NA,NA,NA,NA,0.0,0,-20.42,-6.99,[],0,0,[],[]
12383000,12383600,CHI,CHN,0.0,289,XIC,NA,NA,NA,NA,0.0,0,-14.01,-8.85,[],0,600,"[{'start': 12383.0, 'end': 12383.6}]",[]
12383600,12384870,CHI,CHN,0.0,289,XIC,RC,5,TIFR,FI,1.0,1270,-16.69,-9.77,"[{'Canonical-syllable': '1', 'Growl': '1', 'High-freq-energy': '0', 'Long-island': '1', 'Low-tilt-spectrum': '0', 'Medium-island': '0', 'Short-island': '1', 'Squeal': '0', 'Typical-entropy': '2', 'Voicing-quality': '3', 'Wide-band': '0', 'Xlong-island': '0', 'seq': '1', 'end': 12384.87, 'start': 12383.6}]",0,0,[],[]
12384870,12385560,CHI,CHN,0.0,289,XIC,RC,5,NT,FH,1.0,690,-14.84,-11.37,"[{'Canonical-syllable': '0', 'Growl': '0', 'High-freq-energy': '0', 'Long-island': '1', 'Low-tilt-spectrum': '0', 'Medium-island': '0', 'Short-island': '0', 'Squeal': '0', 'Typical-entropy': '0', 'Voicing-quality': '1', 'Wide-band': '0', 'Xlong-island': '0', 'seq': '1', 'end': 12385.56, 'start': 12384.87}]",0,0,[],[]
12385560,12387210,FEM,FAN,9.01,289,XIC,RC,5,TIFE,FI,0.0,0,-16.62,-9.28,[],0,0,[],[]
12387210,12388430,NA,OLN,0.0,289,XIC,NA,NA,NA,NA,0.0,0,-22.17,-12.92,[],0,0,[],[]
12388430,12389430,FEM,FAN,8.11,289,XIC,RC,5,NT,FH,0.0,0,-16.28,-6.39,[],0,0,[],[]
12389430,12390290,NA,OLN,0.0,289,XIC,NA,NA,NA,NA,0.0,0,-19.02,-11.75,[],0,0,[],[]
12390290,12394880,FEM,FAN,18.69,289,XIC,RC,5,NT,FH,0.0,0,-18.23,-9.8,[],0,0,[],[]
12394880,12395740,NA,OLN,0.0,289,XIC,NA,NA,NA,NA,0.0,0,-15.54,-10.42,[],0,0,[],[]
12395740,12396840,FEM,FAN,5.28,289,XIC,RC,5,TIFI,FH,0.0,0,-25.17,-17.49,[],0,0,[],[]
12396840,12397580,CHI,CHN,0.0,289,XIC,RC,6,TIFR,FI,1.0,740,-19.38,-14.45,"[{'Canonical-syllable': '0', 'Growl': '0', 'High-freq-energy': '0', 'Long-island': '1', 'Low-tilt-spectrum': '0', 'Medium-island': '0', 'Short-island': '0', 'Squeal': '0', 'Typical-entropy': '0', 'Voicing-quality': '1', 'Wide-band': '0', 'Xlong-island': '0', 'seq': '1', 'end': 12397.58, 'start': 12396.84}]",0,0,[],[]
12397580,12398620,FEM,FAN,0.03,289,XIC,RC,6,TIFI,FI,0.0,0,-21.16,-16.22,[],0,0,[],[]
12398620,12399450,NA,OLF,0.0,289,XIC,NA,NA,NA,NA,0.0,0,-39.43,-33.51,[],0,0,[],[]
12399450,12401670,CHI,CHN,0.0,289,XIC,RC,7,TIFR,FI,2.0,1860,-18.95,-5.3,"[{'Canonical-syllable': '1', 'Growl': '0', 'High-freq-energy': '0', 'Long-island': '0', 'Low-tilt-spectrum': '0', 'Medium-island': '1', 'Short-island': '1', 'Squeal': '0', 'Typical-entropy': '2', 'Voicing-quality': '3', 'Wide-band': '0', 'Xlong-island': '0', 'seq': '1', 'end': 12400.56, 'start': 12399.73}, {'Canonical-syllable': '1', 'Growl': '0', 'High-freq-energy': '0', 'Long-island': '0', 'Low-tilt-spectrum': '0', 'Medium-island': '1', 'Short-island': '0', 'Squeal': '0', 'Typical-entropy': '0', 'Voicing-quality': '2', 'Wide-band': '0', 'Xlong-island': '0', 'seq': '2', 'end': 12401.67, 'start': 12400.92}]",0,0,[],[]
12401670,12402330,CHI,CHN,0.0,289,XIC,RC,7,NT,FH,1.0,660,-14.75,-11.66,"[{'Canonical-syllable': '0', 'Growl': '0', 'High-freq-energy': '0', 'Long-island': '1', 'Low-tilt-spectrum': '0', 'Medium-island': '0', 'Short-island': '0', 'Squeal': '0', 'Typical-entropy': '0', 'Voicing-quality': '1', 'Wide-band': '0', 'Xlong-island': '0', 'seq': '1', 'end': 12402.33, 'start': 12401.67}]",0,0,[],[]
12402330,12403160,NA,OLN,0.0,289,XIC,NA,NA,NA,NA,0.0,0,-35.32,-22.96,[],0,0,[],[]
12403160,12404320,CHI,CHN,0.0,289,XIC,RC,7,NT,FH,1.0,1160,-18.69,-12.74,"[{'Canonical-syllable': '0', 'Growl': '0', 'High-freq-energy': '0', 'Long-island': '1', 'Low-tilt-spectrum': '0', 'Medium-island': '0', 'Short-island': '0', 'Squeal': '0', 'Typical-entropy': '1', 'Voicing-quality': '1', 'Wide-band': '0', 'Xlong-island': '0', 'seq': '1', 'end': 12404.32, 'start': 12403.46}]",0,0,[],[]
12404320,12405240,NA,OLN,0.0,289,XIC,NA,NA,NA,NA,0.0,0,-15.93,-3.86,[],0,0,[],[]
12405240,12406280,FEM,FAN,5.5,289,XIC,RC,7,TIFE,FI,0.0,0,-24.5,-16.77,[],0,0,[],[]
12406280,12407450,FEM,FAN,9.1,289,XIC,RC,7,TIFI,FH,0.0,0,-25.74,-19.25,[],0,0,[],[]
12407450,12408760,NA,OLN,0.0,289,XIC,NA,NA,NA,NA,0.0,0,-18.78,-9.25,[],0,0,[],[]
12408760,12409510,CHI,CHN,0.0,289,XIC,RC,8,TIFR,FI,1.0,750,-18.18,-13.56,"[{'Canonical-syllable': '0', 'Growl': '0', 'High-freq-energy': '0', 'Long-island': '1', 'Low-tilt-spectrum': '0', 'Medium-island': '0', 'Short-island': '0', 'Squeal': '0', 'Typical-entropy': '1', 'Voicing-quality': '1', 'Wide-band': '0', 'Xlong-island': '0', 'seq': '1', 'end': 12409.51, 'start': 12408.76}]",0,0,[],[]
12409510,12410310,NA,OLN,0.0,289,XIC,NA,NA,NA,NA,0.0,0,-16.17,-8.78,[],0,0,[],[]
12410310,12411310,FEM,FAN,2.09,289,XIC,RC,8,TIFE,FI,0.0,0,-20.83,-13.65,[],0,0,[],[]
12411310,12412190,NA,NOF,0.0,289,XIC,NA,NA,NA,NA,0.0,0,-45.57,-38.21,[],0,0,[],[]
12412190,12414480,FEM,FAN,4.69,289,XIC,RC,8,NT,FH,0.0,0,-24.18,-14.67,[],0,0,[],[]
12414480,12415100,FEM,FAN,2.06,289,XIC,RC,8,NT,FH,0.0,0,-23.23,-19.47,[],0,0,[],[]
12415100,12415910,NA,OLN,0.0,289,XIC,NA,NA,NA,NA,0.0,0,-35.59,-24.14,[],0,0,[],[]
12415910,12416720,NA,OLF,0.0,289,XIC,NA,NA,NA,NA,0.0,0,-41.69,-31.4,[],0,0,[],[]
12416720,12418300,FEM,FAN,7.8,289,XIC,RC,8,NT,FH,0.0,0,-21.69,-13.17,[],0,0,[],[]
12418300,12419200,FEM,FAN,2.11,289,XIC,RC,8,NT,FH,0.0,0,-20.35,-12.19,[],0,0,[],[]
12419200,12420710,NA,NOF,0.0,289,XIC,NA,NA,NA,NA,0.0,0,-42.94,-34.74,[],0,0,[],[]
12420710,12422210,FEM,FAN,9.53,289,XIC,RC,8,NT,FH,0.0,0,-19.87,-10.91,[],0,0,[],[]
12422210,12423270,NA,NOF,0.0,289,XIC,NA,NA,NA,NA,0.0,0,-42.09,-27.86,[],0,0,[],[]
12423270,12423870,FEM,FAN,2.31,289,XIC,RC,8,NT,FH,0.0,0,-22.99,-15.48,[],0,0,[],[]
12423870,12426110,FEM,FAN,9.58,289,XIC,RC,8,NT,FH,0.0,0,-25.15,-18.08,[],0,0,[],[]
12426110,12426710,OCH,CXN,0.0,289,XIC,RC,8,NT,FI,0.0,0,-24.13,-18.71,[],0,0,[],[]
12426710,12432390,FEM,FAN,22.73,289,XIC,RC,8,NT,FI,0.0,0,-24.3,-12.37,[],0,0,[],[]
12432390,12433390,MAL,MAN,5.68,289,XIC,RC,8,NT,FI,0.0,0,-31.59,-23.64,[],0,0,[],[]
12433390,12434390,FEM,FAN,5.66,289,XIC,RC,8,NT,FI,0.0,0,-31.34,-21.36,[],0,0,[],[]
12434390,12435940,NA,NOF,0.0,289,XIC,NA,NA,NA,NA,0.0,0,-48.73,-36.11,[],0,0,[],[]
12435940,12440970,FEM,FAN,18.24,289,XIC,RC,8,TIFI,FH,0.0,0,-18.51,-12.33,[],0,0,[],[]
12440970,12441770,NA,NOF,0.0,289,XIC,NA,NA,NA,NA,0.0,0,-46.66,-38.06,[],0,0,[],[]
12441770,12442880,CHI,CHN,0.0,289,XIC,RC,9,TIFR,FI,1.0,1110,-16.36,-10.34,"[{'Canonical-syllable': '0', 'Growl': '0', 'High-freq-energy': '0', 'Long-island': '0', 'Low-tilt-spectrum': '0', 'Medium-island': '0', 'Short-island': '0', 'Squeal': '0', 'Typical-entropy': '0', 'Voicing-quality': '1', 'Wide-band': '0', 'Xlong-island': '1', 'seq': '1', 'end': 12442.88, 'start': 12441.77}]",0,0,[],[]
12442880,12443900,FEM,FAN,2.43,289,XIC,RC,9,TIFE,FI,0.0,0,-26.17,-21.26,[],0,0,[],[]
12443900,12445680,FEM,FAN,9.15,289,XIC,RC,9,NT,FH,0.0,0,-20.11,-11.26,[],0,0,[],[]
12445680,12446480,NA,NOF,0.0,289,XIC,NA,NA,NA,NA,0.0,0,-48.41,-43.89,[],0,0,[],[]
12446480,12448530,FEM,FAN,10.44,289,XIC,RC,9,TIFI,FH,0.0,0,-16.85,-10.49,[],0,0,[],[]
12448530,12449220,CHI,CHN,0.0,289,XIC,RC,10,TIFR,FI,1.0,690,-18.87,-16.73,"[{'Canonical-syllable': '0', 'Growl': '0', 'High-freq-energy': '0', 'Long-island': '1', 'Low-tilt-spectrum': '0', 'Medium-island': '0', 'Short-island': '0', 'Squeal': '0', 'Typical-entropy': '0', 'Voicing-quality': '1', 'Wide-band': '0', 'Xlong-island': '0', 'seq': '1', 'end': 12449.22, 'start': 12448.53}]",0,0,[],[]
12449220,12451140,FEM,FAN,9.5,289,XIC,RC,10,TIFI,FI,0.0,0,-16.14,-5.62,[],0,0,[],[]
12451140,12452090,CHI,CHN,0.0,289,XIC,RC,11,TIFR,FI,1.0,950,-15.97,-9.72,"[{'Canonical-syllable': '0', 'Growl': '0', 'High-freq-energy': '0', 'Long-island': '1', 'Low-tilt-spectrum': '1', 'Medium-island': '0', 'Short-island': '0', 'Squeal': '0', 'Typical-entropy': '2', 'Voicing-quality': '2', 'Wide-band': '0', 'Xlong-island': '0', 'seq': '1', 'end': 12452.09, 'start': 12451.14}]",0,0,[],[]
12452090,12453330,FEM,FAN,6.03,289,XIC,RC,11,TIFE,FI,0.0,0,-16.49,-5.97,[],0,0,[],[]
12453330,12454250,NA,NOF,0.0,289,XIC,NA,NA,NA,NA,0.0,0,-40.56,-25.66,[],0,0,[],[]
12454250,12456490,FEM,FAN,11.44,289,XIC,RC,11,NT,FH,0.0,0,-20.36,-14.0,[],0,0,[],[]
12456490,12458460,NA,OLN,0.0,289,XIC,NA,NA,NA,NA,0.0,0,-20.79,-10.59,[],0,0,[],[]
12458460,12459460,FEM,FAN,6.42,289,XIC,RC,11,NT,FH,0.0,0,-19.55,-14.59,[],0,0,[],[]
12459460,12461290,NA,OLF,0.0,289,XIC,NA,NA,NA,NA,0.0,0,-40.72,-32.34,[],0,0,[],[]
12461290,12462140,NA,CXF,0.0,289,XIC,NA,NA,NA,NA,0.0,0,-42.53,-37.33,[],0,0,[],[]
12462140,12463040,NA,OLF,0.0,289,XIC,NA,NA,NA,NA,0.0,0,-45.64,-39.28,[],0,0,[],[]
12463040,12464070,OCH,CXN,0.0,289,XIC,RC,11,NT,FI,0.0,0,-29.97,-23.36,[],0,0,[],[]
12464070,12465230,FEM,FAN,4.9,289,XIC,RC,11,TIFI,FI,0.0,0,-22.73,-17.23,[],0,0,[],[]
12465230,12465830,CHI,CHN,0.0,289,XIC,RC,12,TIFR,FI,1.0,600,-19.14,-11.62,"[{'Canonical-syllable': '0', 'Growl': '1', 'High-freq-energy': '0', 'Long-island': '0', 'Low-tilt-spectrum': '0', 'Medium-island': '0', 'Short-island': '1', 'Squeal': '0', 'Typical-entropy': '2', 'Voicing-quality': '2', 'Wide-band': '0', 'Xlong-island': '0', 'seq': '1', 'end': 12465.83, 'start': 12465.23}]",0,0,[],[]
12465830,12466630,NA,OLN,0.0,289,XIC,NA,NA,NA,NA,0.0,0,-18.29,-13.31,[],0,0,[],[]
12466630,12467770,FEM,FAN,4.19,289,XIC,EC,12,TIFE,FI,0.0,0,-30.89,-24.03,[],0,0,[],[]
12467770,12469650,NA,OLF,0.0,290,pause,NA,NA,NA,NA,0.0,0,-40.86,-32.41,[],0,0,[],[]
12469650,12470740,NA,FAF,0.0,290,pause,NA,NA,NA,NA,0.0,0,-39.04,-29.98,[],0,0,[],[]
12470740,12472860,NA,OLF,0.0,290,pause,NA,NA,NA,NA,0.0,0,-39.44,-30.1,[],0,0,[],[]
12472860,12473670,NA,NOF,0.0,290,pause,NA,NA,NA,NA,0.0,0,-47.31,-42.56,[],0,0,[],[]
12473670,12475090,OCH,CXN,0.0,290,XIOCA,BC,0,NT,FI,0.0,0,-31.98,-23.46,[],0,0,[],[]
12475090,12476390,NA,FAF,0.0,290,XIOCA,NA,NA,NA,NA,0.0,0,-35.37,-29.03,[],0,0,[],[]
12476390,12477190,NA,SIL,0.0,290,XIOCA,NA,NA,NA,NA,0.0,0,-46.11,-38.29,[],0,0,[],[]
12477190,12477990,OCH,CXN,0.0,290,XIOCA,RC,0,NT,FH,0.0,0,-34.35,-27.33,[],0,0,[],[]
12477990,12480860,FEM,FAN,10.79,290,XIOCA,RC,0,NT,FI,0.0,0,-32.61,-20.04,[],0,0,[],[]
12480860,12481910,NA,OLF,0.0,290,XIOCA,NA,NA,NA,NA,0.0,0,-43.87,-36.53,[],0,0,[],[]
12481910,12483510,FEM,FAN,7.22,290,XIOCA,RC,0,NT,FH,0.0,0,-30.86,-21.83,[],0,0,[],[]
12483510,12484330,OCH,CXN,0.0,290,XIOCA,RC,0,NT,FI,0.0,0,-30.67,-24.91,[],0,0,[],[]
12484330,12487110,FEM,FAN,10.52,290,XIOCA,RC,0,NT,FI,0.0,0,-32.99,-24.17,[],0,0,[],[]
12487110,12487910,OCH,CXN,0.0,290,XIOCA,RC,0,NT,FI,0.0,0,-31.88,-21.6,[],0,0,[],[]
12487910,12488910,FEM,FAN,4.48,290,XIOCA,EC,0,NT,FI,0.0,0,-33.18,-26.4,[],0,0,[],[]
12488910,12489710,NA,OLF,0.0,291,pause,NA,NA,NA,NA,0.0,0,-42.38,-34.8,[],0,0,[],[]
12489710,12490520,NA,OLN,0.0,291,pause,NA,NA,NA,NA,0.0,0,-37.71,-29.07,[],0,0,[],[]
12490520,12492020,NA,FAF,0.0,291,pause,NA,NA,NA,NA,0.0,0,-44.33,-37.77,[],0,0,[],[]
12492020,12492820,NA,CXF,0.0,291,pause,NA,NA,NA,NA,0.0,0,-43.24,-37.43,[],0,0,[],[]
12492820,12494070,NA,OLF,0.0,291,pause,NA,NA,NA,NA,0.0,0,-44.47,-39.25,[],0,0,[],[]
12494070,12495250,NA,FAF,0.0,291,pause,NA,NA,NA,NA,0.0,0,-39.78,-30.05,[],0,0,[],[]
12495250,12498720,NA,OLF,0.0,291,pause,NA,NA,NA,NA,0.0,0,-38.28,-19.69,[],0,0,[],[]
12498720,12499900,FEM,FAN,6.45,291,AMF,BC,0,NT,FI,0.0,0,-35.0,-28.7,[],0,0,[],[]
12499900,12500700,FEM,FAN,1.72,291,AMF,RC,0,NT,FH,0.0,0,-26.86,-17.5,[],0,0,[],[]
12500700,12502830,FEM,FAN,9.54,291,AMF,RC,0,NT,FH,0.0,0,-34.51,-26.28,[],0,0,[],[]
12502830,12503640,NA,MAF,0.0,291,AMF,NA,NA,NA,NA,0.0,0,-44.53,-36.39,[],0,0,[],[]
12503640,12505950,FEM,FAN,9.07,291,AMF,RC,0,NT,FH,0.0,0,-34.1,-25.59,[],0,0,[],[]
12505950,12506750,NA,OLF,0.0,291,AMF,NA,NA,NA,NA,0.0,0,-43.69,-34.69,[],0,0,[],[]
12506750,12509290,FEM,FAN,10.92,291,AMF,RC,0,NT,FH,0.0,0,-36.95,-26.97,[],0,0,[],[]
12509290,12510480,NA,CXF,0.0,291,AMF,NA,NA,NA,NA,0.0,0,-43.47,-37.51,[],0,0,[],[]
12510480,12511280,NA,OLF,0.0,291,AMF,NA,NA,NA,NA,0.0,0,-46.93,-36.58,[],0,0,[],[]
12511280,12512430,NA,SIL,0.0,291,AMF,NA,NA,NA,NA,0.0,0,-49.83,-40.7,[],0,0,[],[]
12512430,12520410,FEM,FAN,29.74,291,AMF,EC,0,NT,FH,0.0,0,-26.03,-11.34,[],0,0,[],[]
12520410,12524420,NA,OLF,0.0,292,pause,NA,NA,NA,NA,0.0,0,-31.53,-9.79,[],0,0,[],[]
12524420,12525220,NA,NON,0.0,292,pause,NA,NA,NA,NA,0.0,0,-30.78,-23.21,[],0,0,[],[]
12525220,12526360,NA,OLN,0.0,292,pause,NA,NA,NA,NA,0.0,0,-28.99,-19.49,[],0,0,[],[]
12526360,12529170,FEM,FAN,7.37,292,AICF,BC,0,NT,FI,0.0,0,-32.69,-19.3,[],0,0,[],[]
12529170,12530350,NA,OLF,0.0,292,AICF,NA,NA,NA,NA,0.0,0,-34.54,-22.82,[],0,0,[],[]
12530350,12531520,FEM,FAN,6.92,292,AICF,RC,0,TIFI,FH,0.0,0,-36.19,-27.96,[],0,0,[],[]
12531520,12533980,NA,OLF,0.0,292,AICF,NA,NA,NA,NA,0.0,0,-42.83,-34.41,[],0,0,[],[]
12533980,12534580,CHI,CHN,0.0,292,AICF,RC,1,TIFR,FI,1.0,290,-20.12,-11.73,"[{'Canonical-syllable': '0', 'Growl': '0', 'High-freq-energy': '0', 'Long-island': '0', 'Low-tilt-spectrum': '0', 'Medium-island': '0', 'Short-island': '1', 'Squeal': '0', 'Typical-entropy': '0', 'Voicing-quality': '1', 'Wide-band': '0', 'Xlong-island': '0', 'seq': '1', 'end': 12534.58, 'start': 12534.29}]",0,0,[],[]
12534580,12535390,NA,OLN,0.0,292,AICF,NA,NA,NA,NA,0.0,0,-19.41,-13.9,[],0,0,[],[]
12535390,12536460,FEM,FAN,3.26,292,AICF,RC,1,TIFI,FI,0.0,0,-19.93,-10.3,[],0,0,[],[]
12536460,12537070,CHI,CHN,0.0,292,AICF,RC,2,TIFR,FI,1.0,610,-17.74,-8.33,"[{'Canonical-syllable': '0', 'Growl': '0', 'High-freq-energy': '0', 'Long-island': '0', 'Low-tilt-spectrum': '0', 'Medium-island': '1', 'Short-island': '0', 'Squeal': '0', 'Typical-entropy': '0', 'Voicing-quality': '1', 'Wide-band': '0', 'Xlong-island': '0', 'seq': '1', 'end': 12537.07, 'start': 12536.76}]",0,0,[],[]
12537070,12538140,CHI,CHN,0.0,292,AICF,RC,2,NT,FH,1.0,1070,-19.09,-8.82,"[{'Canonical-syllable': '1', 'Growl': '1', 'High-freq-energy': '0', 'Long-island': '0', 'Low-tilt-spectrum': '1', 'Medium-island': '2', 'Short-island': '0', 'Squeal': '0', 'Typical-entropy': '1', 'Voicing-quality': '2', 'Wide-band': '0', 'Xlong-island': '0', 'seq': '1', 'end': 12538.14, 'start': 12537.07}]",0,0,[],[]
12538140,12538890,CHI,CHN,0.0,292,AICF,RC,2,NT,FH,1.0,750,-15.81,-7.96,"[{'Canonical-syllable': '0', 'Growl': '2', 'High-freq-energy': '0', 'Long-island': '0', 'Low-tilt-spectrum': '0', 'Medium-island': '0', 'Short-island': '2', 'Squeal': '0', 'Typical-entropy': '2', 'Voicing-quality': '3', 'Wide-band': '0', 'Xlong-island': '0', 'seq': '1', 'end': 12538.89, 'start': 12538.14}]",0,0,[],[]
12538890,12540680,FEM,FAN,8.81,292,AICF,RC,2,TIFI,FI,0.0,0,-16.16,-3.8,[],0,0,[],[]
12540680,12541310,CHI,CHN,0.0,292,AICF,RC,3,TIFR,FI,1.0,630,-16.23,-14.24,"[{'Canonical-syllable': '0', 'Growl': '0', 'High-freq-energy': '0', 'Long-island': '0', 'Low-tilt-spectrum': '0', 'Medium-island': '1', 'Short-island': '0', 'Squeal': '0', 'Typical-entropy': '0', 'Voicing-quality': '1', 'Wide-band': '0', 'Xlong-island': '0', 'seq': '1', 'end': 12541.31, 'start': 12540.68}]",0,0,[],[]
12541310,12542530,CHI,CHN,0.0,292,AICF,RC,3,NT,FH,1.0,1220,-19.94,-11.15,"[{'Canonical-syllable': '1', 'Growl': '2', 'High-freq-energy': '0', 'Long-island': '0', 'Low-tilt-spectrum': '1', 'Medium-island': '2', 'Short-island': '1', 'Squeal': '0', 'Typical-entropy': '2', 'Voicing-quality': '3', 'Wide-band': '0', 'Xlong-island': '0', 'seq': '1', 'end': 12542.53, 'start': 12541.31}]",0,0,[],[]
12542530,12543450,NA,OLN,0.0,292,AICF,NA,NA,NA,NA,0.0,0,-20.81,-11.34,[],0,0,[],[]
12543450,12545210,FEM,FAN,5.25,292,AICF,RC,3,TIFI,FI,0.0,0,-21.58,-10.37,[],0,0,[],[]
12545210,12546880,CHI,CHN,0.0,292,AICF,RC,4,TIFR,FI,1.0,1670,-17.68,-8.98,"[{'Canonical-syllable': '0', 'Growl': '1', 'High-freq-energy': '0', 'Long-island': '1', 'Low-tilt-spectrum': '0', 'Medium-island': '0', 'Short-island': '0', 'Squeal': '0', 'Typical-entropy': '0', 'Voicing-quality': '2', 'Wide-band': '0', 'Xlong-island': '1', 'seq': '1', 'end': 12546.88, 'start': 12545.21}]",0,0,[],[]
12546880,12549060,FEM,FAN,11.38,292,AICF,RC,4,TIFI,FI,0.0,0,-21.26,-9.86,[],0,0,[],[]
12549060,12549690,CHI,CHN,0.0,292,AICF,RC,5,TIFR,FI,1.0,630,-21.6,-13.21,"[{'Canonical-syllable': '0', 'Growl': '1', 'High-freq-energy': '0', 'Long-island': '0', 'Low-tilt-spectrum': '1', 'Medium-island': '0', 'Short-island': '1', 'Squeal': '0', 'Typical-entropy': '1', 'Voicing-quality': '2', 'Wide-band': '0', 'Xlong-island': '0', 'seq': '1', 'end': 12549.69, 'start': 12549.19}]",0,0,[],[]
12549690,12550700,CHI,CHN,0.0,292,AICF,RC,5,NT,FH,1.0,1010,-18.16,-8.16,"[{'Canonical-syllable': '1', 'Growl': '0', 'High-freq-energy': '0', 'Long-island': '0', 'Low-tilt-spectrum': '0', 'Medium-island': '1', 'Short-island': '1', 'Squeal': '0', 'Typical-entropy': '2', 'Voicing-quality': '3', 'Wide-band': '0', 'Xlong-island': '0', 'seq': '1', 'end': 12550.7, 'start': 12549.86}]",0,0,[],[]
12550700,12551300,FEM,FAN,2.69,292,AICF,RC,5,TIFE,FI,0.0,0,-23.81,-15.78,[],0,0,[],[]
12551300,12552810,FEM,FAN,8.98,292,AICF,RC,5,NT,FH,0.0,0,-21.65,-11.68,[],0,0,[],[]
12552810,12553660,NA,OLN,0.0,292,AICF,NA,NA,NA,NA,0.0,0,-21.01,-14.15,[],0,0,[],[]
12553660,12555670,FEM,FAN,7.93,292,AICF,RC,5,NT,FH,0.0,0,-24.11,-13.06,[],0,0,[],[]
12555670,12556360,FEM,FAN,1.59,292,AICF,RC,5,TIFI,FH,0.0,0,-22.2,-11.14,[],0,0,[],[]
12556360,12557410,CHI,CHN,0.0,292,AICF,RC,6,TIFR,FI,1.0,1050,-15.19,-5.25,"[{'Canonical-syllable': '0', 'Growl': '0', 'High-freq-energy': '0', 'Long-island': '0', 'Low-tilt-spectrum': '1', 'Medium-island': '0', 'Short-island': '0', 'Squeal': '0', 'Typical-entropy': '1', 'Voicing-quality': '1', 'Wide-band': '0', 'Xlong-island': '1', 'seq': '1', 'end': 12557.41, 'start': 12556.36}]",0,0,[],[]
12557410,12558010,FEM,FAN,4.64,292,AICF,RC,6,TIFI,FI,0.0,0,-21.3,-14.56,[],0,0,[],[]
12558010,12559190,NA,OLN,0.0,292,AICF,NA,NA,NA,NA,0.0,0,-14.3,-9.97,[],0,0,[],[]
12559190,12559790,CHI,CHN,0.0,292,AICF,RC,7,TIFR,FI,1.0,600,-14.34,-8.4,"[{'Canonical-syllable': '0', 'Growl': '0', 'High-freq-energy': '0', 'Long-island': '0', 'Low-tilt-spectrum': '0', 'Medium-island': '1', 'Short-island': '0', 'Squeal': '0', 'Typical-entropy': '1', 'Voicing-quality': '1', 'Wide-band': '0', 'Xlong-island': '0', 'seq': '1', 'end': 12559.79, 'start': 12559.19}]",0,0,[],[]
12559790,12562400,FEM,FAN,11.82,292,AICF,RC,7,TIFI,FI,0.0,0,-22.27,-12.18,[],0,0,[],[]
12562400,12563440,NA,OLN,0.0,292,AICF,NA,NA,NA,NA,0.0,0,-21.04,-9.14,[],0,0,[],[]
12563440,12564750,CHI,CHN,0.0,292,AICF,RC,8,TIFR,FI,1.0,1310,-16.74,-7.8,"[{'Canonical-syllable': '1', 'Growl': '0', 'High-freq-energy': '0', 'Long-island': '1', 'Low-tilt-spectrum': '0', 'Medium-island': '0', 'Short-island': '2', 'Squeal': '0', 'Typical-entropy': '1', 'Voicing-quality': '3', 'Wide-band': '0', 'Xlong-island': '0', 'seq': '1', 'end': 12564.75, 'start': 12563.44}]",0,0,[],[]
12564750,12567010,FEM,FAN,10.45,292,AICF,RC,8,TIFE,FI,0.0,0,-19.47,-9.18,[],0,0,[],[]
12567010,12567980,NA,OLN,0.0,292,AICF,NA,NA,NA,NA,0.0,0,-18.38,-6.17,[],0,0,[],[]
12567980,12570900,FEM,FAN,12.91,292,AICF,RC,8,TIFI,FH,0.0,0,-21.49,-9.96,[],0,0,[],[]
12570900,12572530,NA,OLN,0.0,292,AICF,NA,NA,NA,NA,0.0,0,-15.4,-4.87,[],0,0,[],[]
12572530,12574510,CHI,CHN,0.0,292,AICF,RC,9,TIFR,FI,1.0,1740,-17.77,-8.1,"[{'Canonical-syllable': '0', 'Growl': '0', 'High-freq-energy': '0', 'Long-island': '0', 'Low-tilt-spectrum': '1', 'Medium-island': '1', 'Short-island': '0', 'Squeal': '0', 'Typical-entropy': '2', 'Voicing-quality': '2', 'Wide-band': '1', 'Xlong-island': '1', 'seq': '1', 'end': 12574.27, 'start': 12572.53}]",0,0,[],[]
12574510,12575320,CHI,CHN,0.0,292,AICF,RC,9,NT,FH,1.0,310,-18.22,-7.17,"[{'Canonical-syllable': '0', 'Growl': '0', 'High-freq-energy': '0', 'Long-island': '0', 'Low-tilt-spectrum': '0', 'Medium-island': '1', 'Short-island': '0', 'Squeal': '0', 'Typical-entropy': '0', 'Voicing-quality': '1', 'Wide-band': '0', 'Xlong-island': '0', 'seq': '1', 'end': 12574.82, 'start': 12574.51}]",0,0,[],[]
12575320,12576320,FEM,FAN,4.05,292,AICF,RC,9,TIFI,FI,0.0,0,-23.55,-14.12,[],0,0,[],[]
12576320,12577130,NA,OLN,0.0,292,AICF,NA,NA,NA,NA,0.0,0,-12.92,-3.98,[],0,0,[],[]
12577130,12577750,CHI,CHN,0.0,292,AICF,RC,10,TIFR,FI,1.0,620,-14.4,-7.37,"[{'Canonical-syllable': '1', 'Growl': '0', 'High-freq-energy': '0', 'Long-island': '0', 'Low-tilt-spectrum': '1', 'Medium-island': '1', 'Short-island': '0', 'Squeal': '0', 'Typical-entropy': '1', 'Voicing-quality': '1', 'Wide-band': '0', 'Xlong-island': '0', 'seq': '1', 'end': 12577.75, 'start': 12577.13}]",0,0,[],[]
12577750,12578980,FEM,FAN,5.58,292,AICF,RC,10,TIFE,FI,0.0,0,-17.25,-3.12,[],0,0,[],[]
12578980,12579580,OCH,CXN,0.0,292,AICF,RC,10,NT,FI,0.0,0,-29.53,-20.25,[],0,0,[],[]
12579580,12580840,FEM,FAN,7.15,292,AICF,RC,10,TIFI,FI,0.0,0,-20.89,-10.15,[],0,0,[],[]
12580840,12582270,NA,OLN,0.0,292,AICF,NA,NA,NA,NA,0.0,0,-16.38,-11.29,[],0,0,[],[]
12582270,12583020,CHI,CHN,0.0,292,AICF,RC,11,TIFR,FI,1.0,750,-17.57,-8.0,"[{'Canonical-syllable': '1', 'Growl': '1', 'High-freq-energy': '1', 'Long-island': '0', 'Low-tilt-spectrum': '1', 'Medium-island': '1', 'Short-island': '0', 'Squeal': '0', 'Typical-entropy': '3', 'Voicing-quality': '2', 'Wide-band': '0', 'Xlong-island': '0', 'seq': '1', 'end': 12583.02, 'start': 12582.27}]",0,0,[],[]
12583020,12584020,CHI,CHN,0.0,292,AICF,RC,11,NT,FH,1.0,1000,-14.04,-5.29,"[{'Canonical-syllable': '0', 'Growl': '0', 'High-freq-energy': '0', 'Long-island': '0', 'Low-tilt-spectrum': '1', 'Medium-island': '0', 'Short-island': '0', 'Squeal': '0', 'Typical-entropy': '1', 'Voicing-quality': '1', 'Wide-band': '0', 'Xlong-island': '1', 'seq': '1', 'end': 12584.02, 'start': 12583.02}]",0,0,[],[]
12584020,12584620,CHI,CHN,0.0,292,AICF,RC,11,NT,FH,1.0,600,-14.93,-4.6,"[{'Canonical-syllable': '0', 'Growl': '0', 'High-freq-energy': '0', 'Long-island': '0', 'Low-tilt-spectrum': '1', 'Medium-island': '1', 'Short-island': '0', 'Squeal': '0', 'Typical-entropy': '1', 'Voicing-quality': '1', 'Wide-band': '0', 'Xlong-island': '0', 'seq': '1', 'end': 12584.62, 'start': 12584.02}]",0,0,[],[]
12584620,12585620,FEM,FAN,2.01,292,AICF,RC,11,TIFI,FI,0.0,0,-25.76,-17.76,[],0,0,[],[]
12585620,12586470,NA,OLN,0.0,292,AICF,NA,NA,NA,NA,0.0,0,-18.06,-5.25,[],0,0,[],[]
12586470,12587960,CHI,CHN,0.0,292,AICF,RC,12,TIFR,FI,1.0,1010,-15.35,-2.83,"[{'Canonical-syllable': '0', 'Growl': '2', 'High-freq-energy': '0', 'Long-island': '0', 'Low-tilt-spectrum': '1', 'Medium-island': '0', 'Short-island': '2', 'Squeal': '0', 'Typical-entropy': '2', 'Voicing-quality': '3', 'Wide-band': '1', 'Xlong-island': '0', 'seq': '1', 'end': 12587.82, 'start': 12586.81}]",0,0,[],[]
12587960,12591090,FEM,FAN,14.51,292,AICF,RC,12,TIFI,FI,0.0,0,-18.45,-7.43,[],0,0,[],[]
12591090,12591730,CHI,CHN,0.0,292,AICF,NA,NA,NA,NA,0.0,0,-14.51,-6.88,[],0,640,"[{'start': 12591.09, 'end': 12591.73}]",[]
12591730,12592750,CHI,CHN,0.0,292,AICF,NA,NA,NA,NA,0.0,0,-15.54,-10.76,[],0,800,"[{'start': 12591.95, 'end': 12592.75}]",[]
12592750,12593350,CHI,CHN,0.0,292,AICF,RC,13,TIFR,FI,1.0,600,-17.13,-12.24,"[{'Canonical-syllable': '0', 'Growl': '0', 'High-freq-energy': '0', 'Long-island': '0', 'Low-tilt-spectrum': '0', 'Medium-island': '1', 'Short-island': '0', 'Squeal': '0', 'Typical-entropy': '0', 'Voicing-quality': '1', 'Wide-band': '0', 'Xlong-island': '0', 'seq': '1', 'end': 12593.35, 'start': 12592.75}]",0,0,[],[]
12593350,12594940,FEM,FAN,6.18,292,AICF,RC,13,TIFE,FI,0.0,0,-19.72,-5.04,[],0,0,[],[]
12594940,12596320,NA,OLN,0.0,292,AICF,NA,NA,NA,NA,0.0,0,-19.12,-8.15,[],0,0,[],[]
12596320,12599710,FEM,FAN,14.84,292,AICF,RC,13,NT,FH,0.0,0,-25.21,-13.57,[],0,0,[],[]
12599710,12600350,CHI,CHN,0.0,292,AICF,NA,NA,NA,NA,0.0,0,-16.77,-6.08,[],0,440,"[{'start': 12599.91, 'end': 12600.19}]","[{'start': 12600.19, 'end': 12600.35}]"
12600350,12601750,FEM,FAN,6.04,292,AICF,RC,13,TIFI,FH,0.0,0,-20.88,-9.21,[],0,0,[],[]
12601750,12602610,CHI,CHN,0.0,292,AICF,NA,NA,NA,NA,0.0,0,-14.78,-3.87,[],0,860,"[{'start': 12601.75, 'end': 12602.05}]","[{'start': 12602.05, 'end': 12602.61}]"
12602610,12604450,NA,NOF,0.0,292,AICF,NA,NA,NA,NA,0.0,0,-14.94,-3.02,[],0,0,[],[]
12604450,12605340,NA,OLN,0.0,292,AICF,NA,NA,NA,NA,0.0,0,-13.7,-2.9,[],0,0,[],[]
12605340,12607490,CHI,CHN,0.0,292,AICF,RC,14,TIFR,FI,2.0,1770,-16.65,-5.6,"[{'Canonical-syllable': '0', 'Growl': '0', 'High-freq-energy': '0', 'Long-island': '1', 'Low-tilt-spectrum': '0', 'Medium-island': '0', 'Short-island': '1', 'Squeal': '0', 'Typical-entropy': '3', 'Voicing-quality': '2', 'Wide-band': '0', 'Xlong-island': '0', 'seq': '1', 'end': 12606.58, 'start': 12605.34}, {'Canonical-syllable': '1', 'Growl': '0', 'High-freq-energy': '0', 'Long-island': '0', 'Low-tilt-spectrum': '0', 'Medium-island': '1', 'Short-island': '0', 'Squeal': '0', 'Typical-entropy': '0', 'Voicing-quality': '1', 'Wide-band': '0', 'Xlong-island': '0', 'seq': '2', 'end': 12607.49, 'start': 12606.96}]",0,0,[],[]
12607490,12609430,CHI,CHN,0.0,292,AICF,RC,14,NT,FH,1.0,1370,-20.21,-10.85,"[{'Canonical-syllable': '1', 'Growl': '1', 'High-freq-energy': '0', 'Long-island': '0', 'Low-tilt-spectrum': '0', 'Medium-island': '1', 'Short-island': '1', 'Squeal': '0', 'Typical-entropy': '3', 'Voicing-quality': '4', 'Wide-band': '0', 'Xlong-island': '0', 'seq': '1', 'end': 12609.18, 'start': 12607.81}]",0,0,[],[]
12609430,12610420,NA,NOF,0.0,292,AICF,NA,NA,NA,NA,0.0,0,-48.52,-36.96,[],0,0,[],[]
12610420,12611220,NA,OLN,0.0,292,AICF,NA,NA,NA,NA,0.0,0,-39.69,-32.47,[],0,0,[],[]
12611220,12613140,NA,NOF,0.0,292,AICF,NA,NA,NA,NA,0.0,0,-40.53,-21.93,[],0,0,[],[]
12613140,12616220,FEM,FAN,12.12,292,AICF,RC,14,TIFE,FI,0.0,0,-20.97,-12.17,[],0,0,[],[]
12616220,12617050,NA,OLF,0.0,292,AICF,NA,NA,NA,NA,0.0,0,-44.99,-36.75,[],0,0,[],[]
12617050,12618080,FEM,FAN,4.68,292,AICF,RC,14,NT,FH,0.0,0,-31.41,-21.53,[],0,0,[],[]
12618080,12619080,FEM,FAN,0.62,292,AICF,RC,14,NT,FH,0.0,0,-25.17,-19.36,[],0,0,[],[]
12619080,12621250,NA,NOF,0.0,292,AICF,NA,NA,NA,NA,0.0,0,-46.93,-36.17,[],0,0,[],[]
12621250,12624390,FEM,FAN,12.68,292,AICF,RC,14,TIFI,FH,0.0,0,-27.6,-19.58,[],0,0,[],[]
12624390,12625090,CHI,CHN,0.0,292,AICF,RC,15,TIFR,FI,1.0,700,-26.99,-19.44,"[{'Canonical-syllable': '0', 'Growl': '1', 'High-freq-energy': '0', 'Long-island': '0', 'Low-tilt-spectrum': '0', 'Medium-island': '1', 'Short-island': '0', 'Squeal': '0', 'Typical-entropy': '1', 'Voicing-quality': '1', 'Wide-band': '0', 'Xlong-island': '0', 'seq': '1', 'end': 12625.09, 'start': 12624.54}]",0,0,[],[]
12625090,12626190,FEM,FAN,4.46,292,AICF,RC,15,TIFI,FI,0.0,0,-23.7,-17.96,[],0,0,[],[]
12626190,12626810,CHI,CHN,0.0,292,AICF,RC,16,TIFR,FI,1.0,620,-16.43,-8.4,"[{'Canonical-syllable': '0', 'Growl': '0', 'High-freq-energy': '0', 'Long-island': '0', 'Low-tilt-spectrum': '0', 'Medium-island': '1', 'Short-island': '0', 'Squeal': '0', 'Typical-entropy': '0', 'Voicing-quality': '1', 'Wide-band': '0', 'Xlong-island': '0', 'seq': '1', 'end': 12626.81, 'start': 12626.19}]",0,0,[],[]
12626810,12629430,FEM,FAN,10.91,292,AICF,RC,16,TIFE,FI,0.0,0,-25.61,-17.86,[],0,0,[],[]
12629430,12630440,MAL,MAN,5.2,292,AICF,RC,16,NT,FI,0.0,0,-32.64,-23.51,[],0,0,[],[]
12630440,12632680,FEM,FAN,8.72,292,AICF,RC,16,NT,FI,0.0,0,-28.21,-16.59,[],0,0,[],[]
12632680,12633480,NA,NON,0.0,292,AICF,NA,NA,NA,NA,0.0,0,-34.49,-26.23,[],0,0,[],[]
12633480,12638850,FEM,FAN,18.73,292,AICF,RC,16,NT,FH,0.0,0,-26.54,-15.94,[],0,0,[],[]
12638850,12639660,NA,OLF,0.0,292,AICF,NA,NA,NA,NA,0.0,0,-44.09,-39.27,[],0,0,[],[]
12639660,12642640,FEM,FAN,10.73,292,AICF,RC,16,NT,FH,0.0,0,-26.36,-17.36,[],0,0,[],[]
12642640,12643690,NA,NOF,0.0,292,AICF,NA,NA,NA,NA,0.0,0,-48.63,-42.73,[],0,0,[],[]
12643690,12648080,FEM,FAN,16.09,292,AICF,RC,16,NT,FH,0.0,0,-29.78,-19.45,[],0,0,[],[]
12648080,12648880,NA,FAF,0.0,292,AICF,NA,NA,NA,NA,0.0,0,-43.91,-34.3,[],0,0,[],[]
12648880,12651900,FEM,FAN,10.12,292,AICF,RC,16,NT,FH,0.0,0,-31.99,-21.77,[],0,0,[],[]
12651900,12652700,MAL,MAN,0.0,292,AICF,NA,NA,NA,NA,0.0,0,-45.11,-33.56,[],800,0,[],[]
12652700,12653840,FEM,FAN,5.82,292,AICF,RC,16,NT,FH,0.0,0,-30.15,-21.43,[],0,0,[],[]
12653840,12654600,FEM,FAN,0.0,292,AICF,NA,NA,NA,NA,0.0,0,-25.17,-20.95,[],760,0,[],[]
12654600,12662020,FEM,FAN,26.01,292,AICF,RC,16,NT,FH,0.0,0,-32.2,-19.9,[],0,0,[],[]
12662020,12663200,NA,SIL,0.0,292,AICF,NA,NA,NA,NA,0.0,0,-48.86,-40.83,[],0,0,[],[]
12663200,12667000,FEM,FAN,12.28,292,AICF,RC,16,NT,FH,0.0,0,-32.96,-24.02,[],0,0,[],[]
12667000,12667800,NA,NOF,0.0,292,AICF,NA,NA,NA,NA,0.0,0,-39.89,-27.71,[],0,0,[],[]
12667800,12669820,FEM,FAN,6.73,292,AICF,RC,16,NT,FH,0.0,0,-32.95,-25.42,[],0,0,[],[]
12669820,12670820,MAL,MAN,4.43,292,AICF,RC,16,NT,FI,0.0,0,-36.52,-31.2,[],0,0,[],[]
12670820,12672230,FEM,FAN,6.32,292,AICF,RC,16,NT,FI,0.0,0,-34.57,-26.1,[],0,0,[],[]
12672230,12673030,NA,OLN,0.0,292,AICF,NA,NA,NA,NA,0.0,0,-35.26,-29.1,[],0,0,[],[]
12673030,12675730,FEM,FAN,11.64,292,AICF,RC,16,NT,FH,0.0,0,-26.0,-18.62,[],0,0,[],[]
12675730,12676530,NA,OLN,0.0,292,AICF,NA,NA,NA,NA,0.0,0,-29.58,-18.01,[],0,0,[],[]
12676530,12677590,FEM,FAN,7.18,292,AICF,RC,16,TIFI,FH,0.0,0,-18.72,-10.54,[],0,0,[],[]
12677590,12678570,CHI,CHN,0.0,292,AICF,RC,17,TIFR,FI,1.0,980,-15.04,-11.55,"[{'Canonical-syllable': '0', 'Growl': '0', 'High-freq-energy': '0', 'Long-island': '0', 'Low-tilt-spectrum': '0', 'Medium-island': '0', 'Short-island': '0', 'Squeal': '0', 'Typical-entropy': '0', 'Voicing-quality': '1', 'Wide-band': '0', 'Xlong-island': '1', 'seq': '1', 'end': 12678.57, 'start': 12677.59}]",0,0,[],[]
12678570,12679570,FEM,FAN,5.69,292,AICF,RC,17,TIFE,FI,0.0,0,-21.47,-15.67,[],0,0,[],[]
12679570,12680470,NA,OLN,0.0,292,AICF,NA,NA,NA,NA,0.0,0,-30.6,-22.97,[],0,0,[],[]
12680470,12682090,FEM,FAN,8.24,292,AICF,RC,17,TIFI,FH,0.0,0,-22.81,-13.86,[],0,0,[],[]
12682090,12682900,NA,OLN,0.0,292,AICF,NA,NA,NA,NA,0.0,0,-20.09,-10.96,[],0,0,[],[]
12682900,12684050,CHI,CHN,0.0,292,AICF,RC,18,TIFR,FI,1.0,1150,-17.65,-13.38,"[{'Canonical-syllable': '0', 'Growl': '0', 'High-freq-energy': '0', 'Long-island': '0', 'Low-tilt-spectrum': '0', 'Medium-island': '0', 'Short-island': '0', 'Squeal': '0', 'Typical-entropy': '0', 'Voicing-quality': '1', 'Wide-band': '0', 'Xlong-island': '1', 'seq': '1', 'end': 12684.05, 'start': 12682.9}]",0,0,[],[]
12684050,12684870,NA,OLN,0.0,292,AICF,NA,NA,NA,NA,0.0,0,-22.81,-15.39,[],0,0,[],[]
12684870,12688180,FEM,FAN,15.03,292,AICF,RC,18,TIFI,FI,0.0,0,-23.68,-14.7,[],0,0,[],[]
12688180,12689660,NA,OLN,0.0,292,AICF,NA,NA,NA,NA,0.0,0,-16.43,-12.32,[],0,0,[],[]
12689660,12690790,CHI,CHN,0.0,292,AICF,RC,19,TIFR,FI,1.0,1130,-15.89,-11.48,"[{'Canonical-syllable': '0', 'Growl': '0', 'High-freq-energy': '0', 'Long-island': '0', 'Low-tilt-spectrum': '0', 'Medium-island': '0', 'Short-island': '0', 'Squeal': '0', 'Typical-entropy': '0', 'Voicing-quality': '1', 'Wide-band': '0', 'Xlong-island': '1', 'seq': '1', 'end': 12690.79, 'start': 12689.66}]",0,0,[],[]
12690790,12691950,NA,OLN,0.0,292,AICF,NA,NA,NA,NA,0.0,0,-21.2,-12.09,[],0,0,[],[]
12691950,12692990,FEM,FAN,0.0,292,AICF,NA,NA,NA,NA,0.0,0,-25.12,-21.79,[],1040,0,[],[]
12692990,12694190,NA,OLN,0.0,292,AICF,NA,NA,NA,NA,0.0,0,-23.16,-16.82,[],0,0,[],[]
12694190,12696930,FEM,FAN,10.73,292,AICF,RC,19,TIFE,FI,0.0,0,-25.9,-16.94,[],0,0,[],[]
12696930,12698500,NA,OLN,0.0,292,AICF,NA,NA,NA,NA,0.0,0,-21.55,-15.02,[],0,0,[],[]
12698500,12701720,FEM,FAN,14.49,292,AICF,RC,19,NT,FH,0.0,0,-27.62,-17.59,[],0,0,[],[]
12701720,12702640,NA,NOF,0.0,292,AICF,NA,NA,NA,NA,0.0,0,-43.25,-28.0,[],0,0,[],[]
12702640,12703950,FEM,FAN,6.92,292,AICF,RC,19,NT,FH,0.0,0,-27.01,-21.31,[],0,0,[],[]
12703950,12704910,NA,NOF,0.0,292,AICF,NA,NA,NA,NA,0.0,0,-40.77,-25.87,[],0,0,[],[]
12704910,12705510,NA,FAF,0.0,292,AICF,NA,NA,NA,NA,0.0,0,-34.93,-27.13,[],0,0,[],[]
12705510,12706320,NA,NOF,0.0,292,AICF,NA,NA,NA,NA,0.0,0,-42.04,-33.35,[],0,0,[],[]
12706320,12708680,FEM,FAN,9.68,292,AICF,RC,19,NT,FH,0.0,0,-21.64,-9.02,[],0,0,[],[]
12708680,12709620,NA,NOF,0.0,292,AICF,NA,NA,NA,NA,0.0,0,-41.44,-34.84,[],0,0,[],[]
12709620,12712340,FEM,FAN,9.3,292,AICF,RC,19,NT,FH,0.0,0,-31.99,-18.94,[],0,0,[],[]
12712340,12713450,NA,NOF,0.0,292,AICF,NA,NA,NA,NA,0.0,0,-44.79,-28.86,[],0,0,[],[]
12713450,12714610,NA,SIL,0.0,292,AICF,NA,NA,NA,NA,0.0,0,-48.14,-37.05,[],0,0,[],[]
12714610,12721730,FEM,FAN,24.99,292,AICF,RC,19,NT,FH,0.0,0,-25.94,-14.48,[],0,0,[],[]
12721730,12722530,NA,OLF,0.0,292,AICF,NA,NA,NA,NA,0.0,0,-41.19,-33.36,[],0,0,[],[]
12722530,12724190,FEM,FAN,2.69,292,AICF,RC,19,NT,FH,0.0,0,-28.89,-19.5,[],0,0,[],[]
12724190,12724790,OCH,CXN,0.0,292,AICF,RC,19,NT,FI,0.0,0,-24.7,-19.4,[],0,0,[],[]
12724790,12726240,FEM,FAN,5.45,292,AICF,RC,19,NT,FI,0.0,0,-26.15,-19.16,[],0,0,[],[]
12726240,12727180,NA,OLN,0.0,292,AICF,NA,NA,NA,NA,0.0,0,-26.97,-15.49,[],0,0,[],[]
12727180,12727780,CHI,CHN,0.0,292,AICF,NA,NA,NA,NA,0.0,0,-14.39,-10.84,[],0,600,[],"[{'start': 12727.18, 'end': 12727.78}]"
12727780,12729980,NA,OLN,0.0,292,AICF,NA,NA,NA,NA,0.0,0,-16.06,-10.9,[],0,0,[],[]
12729980,12731210,NA,NOF,0.0,292,AICF,NA,NA,NA,NA,0.0,0,-42.9,-33.76,[],0,0,[],[]
12731210,12732990,FEM,FAN,5.89,292,AICF,RC,19,NT,FH,0.0,0,-30.04,-22.68,[],0,0,[],[]
12732990,12733790,NA,FAF,0.0,292,AICF,NA,NA,NA,NA,0.0,0,-43.19,-37.93,[],0,0,[],[]
12733790,12734790,FEM,FAN,3.25,292,AICF,RC,19,NT,FH,0.0,0,-29.07,-24.81,[],0,0,[],[]
12734790,12735600,NA,OLN,0.0,292,AICF,NA,NA,NA,NA,0.0,0,-22.82,-17.08,[],0,0,[],[]
12735600,12738730,FEM,FAN,9.59,292,AICF,RC,19,NT,FH,0.0,0,-21.17,-10.23,[],0,0,[],[]
12738730,12739550,NA,NOF,0.0,292,AICF,NA,NA,NA,NA,0.0,0,-45.87,-41.06,[],0,0,[],[]
12739550,12741740,FEM,FAN,8.48,292,AICF,RC,19,TIFI,FH,0.0,0,-28.79,-19.43,[],0,0,[],[]
12741740,12742340,CHI,CHN,0.0,292,AICF,RC,20,TIFR,FI,1.0,600,-17.43,-12.26,"[{'Canonical-syllable': '0', 'Growl': '1', 'High-freq-energy': '0', 'Long-island': '0', 'Low-tilt-spectrum': '0', 'Medium-island': '1', 'Short-island': '0', 'Squeal': '0', 'Typical-entropy': '1', 'Voicing-quality': '2', 'Wide-band': '0', 'Xlong-island': '0', 'seq': '1', 'end': 12742.34, 'start': 12741.74}]",0,0,[],[]
12742340,12743340,FEM,FAN,7.22,292,AICF,RC,20,TIFI,FI,0.0,0,-27.56,-17.5,[],0,0,[],[]
12743340,12744450,CHI,CHN,0.0,292,AICF,RC,21,TIFR,FI,2.0,390,-22.02,-10.81,"[{'Canonical-syllable': '0', 'Growl': '0', 'High-freq-energy': '0', 'Long-island': '0', 'Low-tilt-spectrum': '0', 'Medium-island': '0', 'Short-island': '1', 'Squeal': '0', 'Typical-entropy': '0', 'Voicing-quality': '1', 'Wide-band': '0', 'Xlong-island': '0', 'seq': '1', 'end': 12743.55, 'start': 12743.34}, {'Canonical-syllable': '1', 'Growl': '0', 'High-freq-energy': '0', 'Long-island': '0', 'Low-tilt-spectrum': '1', 'Medium-island': '0', 'Short-island': '1', 'Squeal': '0', 'Typical-entropy': '1', 'Voicing-quality': '1', 'Wide-band': '0', 'Xlong-island': '0', 'seq': '2', 'end': 12744.45, 'start': 12744.27}]",0,0,[],[]
12744450,12745900,FEM,FAN,5.66,292,AICF,RC,21,TIFE,FI,0.0,0,-26.49,-13.37,[],0,0,[],[]
12745900,12746880,FEM,FAN,5.56,292,AICF,RC,21,NT,FH,0.0,0,-22.84,-10.4,[],0,0,[],[]
12746880,12750530,FEM,FAN,15.32,292,AICF,RC,21,TIFI,FH,0.0,0,-19.37,-10.32,[],0,0,[],[]
12750530,12751590,CHI,CHN,0.0,292,AICF,RC,22,TIFR,FI,1.0,1060,-19.42,-8.01,"[{'Canonical-syllable': '1', 'Growl': '1', 'High-freq-energy': '0', 'Long-island': '0', 'Low-tilt-spectrum': '0', 'Medium-island': '1', 'Short-island': '2', 'Squeal': '0', 'Typical-entropy': '2', 'Voicing-quality': '3', 'Wide-band': '1', 'Xlong-island': '0', 'seq': '1', 'end': 12751.59, 'start': 12750.53}]",0,0,[],[]
12751590,12752470,NA,OLN,0.0,292,AICF,NA,NA,NA,NA,0.0,0,-27.16,-20.04,[],0,0,[],[]
12752470,12754560,FEM,FAN,7.66,292,AICF,RC,22,TIFI,FI,0.0,0,-32.95,-16.07,[],0,0,[],[]
12754560,12756050,CHI,CHN,0.0,292,AICF,RC,23,TIFR,FI,1.0,1490,-20.49,-9.36,"[{'Canonical-syllable': '2', 'Growl': '0', 'High-freq-energy': '0', 'Long-island': '0', 'Low-tilt-spectrum': '0', 'Medium-island': '2', 'Short-island': '1', 'Squeal': '0', 'Typical-entropy': '0', 'Voicing-quality': '3', 'Wide-band': '0', 'Xlong-island': '0', 'seq': '1', 'end': 12756.05, 'start': 12754.56}]",0,0,[],[]
12756050,12760310,FEM,FAN,16.34,292,AICF,RC,23,TIFE,FI,0.0,0,-22.44,-10.05,[],0,0,[],[]
12760310,12761110,NA,OLN,0.0,292,AICF,NA,NA,NA,NA,0.0,0,-32.26,-27.58,[],0,0,[],[]
12761110,12762210,FEM,FAN,4.37,292,AICF,RC,23,NT,FH,0.0,0,-33.69,-23.89,[],0,0,[],[]
12762210,12763010,NA,OLN,0.0,292,AICF,NA,NA,NA,NA,0.0,0,-35.08,-27.94,[],0,0,[],[]
12763010,12763810,NA,NOF,0.0,292,AICF,NA,NA,NA,NA,0.0,0,-46.31,-42.37,[],0,0,[],[]
12763810,12764720,NA,OLN,0.0,292,AICF,NA,NA,NA,NA,0.0,0,-19.68,-13.68,[],0,0,[],[]
12764720,12767070,FEM,FAN,7.23,292,AICF,RC,23,TIFI,FH,0.0,0,-22.42,-13.47,[],0,0,[],[]
12767070,12767780,NA,CHF,0.0,292,AICF,RC,24,TIFR,FI,1.0,710,-38.06,-32.98,"[{'Canonical-syllable': '0', 'Growl': '1', 'High-freq-energy': '0', 'Long-island': '1', 'Low-tilt-spectrum': '1', 'Medium-island': '0', 'Short-island': '0', 'Squeal': '0', 'Typical-entropy': '1', 'Voicing-quality': '1', 'Wide-band': '0', 'Xlong-island': '0', 'seq': '1', 'end': 12767.78, 'start': 12767.07}]",0,0,[],[]
12767780,12770090,FEM,FAN,9.42,292,AICF,RC,24,TIFE,FI,0.0,0,-28.6,-19.03,[],0,0,[],[]
12770090,12770910,NA,NOF,0.0,292,AICF,NA,NA,NA,NA,0.0,0,-45.61,-41.04,[],0,0,[],[]
12770910,12771940,FEM,FAN,5.88,292,AICF,RC,24,NT,FH,0.0,0,-27.54,-18.76,[],0,0,[],[]
12771940,12772970,NA,OLN,0.0,292,AICF,NA,NA,NA,NA,0.0,0,-27.21,-22.51,[],0,0,[],[]
12772970,12773570,FEM,FAN,0.0,292,AICF,NA,NA,NA,NA,0.0,0,-28.74,-24.42,[],600,0,[],[]
12773570,12775280,FEM,FAN,5.67,292,AICF,RC,24,TIFI,FH,0.0,0,-34.27,-24.98,[],0,0,[],[]
12775280,12776430,CHI,CHN,0.0,292,AICF,RC,25,TIFR,FI,1.0,1150,-16.1,-12.92,"[{'Canonical-syllable': '0', 'Growl': '0', 'High-freq-energy': '0', 'Long-island': '0', 'Low-tilt-spectrum': '0', 'Medium-island': '0', 'Short-island': '0', 'Squeal': '0', 'Typical-entropy': '0', 'Voicing-quality': '1', 'Wide-band': '0', 'Xlong-island': '1', 'seq': '1', 'end': 12776.43, 'start': 12775.37}]",0,0,[],[]
12776430,12778060,FEM,FAN,5.35,292,AICF,RC,25,TIFE,FI,0.0,0,-25.03,-15.67,[],0,0,[],[]
12778060,12779400,NA,SIL,0.0,292,AICF,NA,NA,NA,NA,0.0,0,-48.25,-44.74,[],0,0,[],[]
12779400,12782270,FEM,FAN,11.57,292,AICF,RC,25,TIFI,FH,0.0,0,-30.31,-18.6,[],0,0,[],[]
12782270,12783280,NA,NOF,0.0,292,AICF,NA,NA,NA,NA,0.0,0,-36.38,-17.33,[],0,0,[],[]
12783280,12784290,CHI,CHN,0.0,292,AICF,RC,26,TIFR,FI,1.0,370,-16.2,-4.23,"[{'Canonical-syllable': '0', 'Growl': '0', 'High-freq-energy': '0', 'Long-island': '0', 'Low-tilt-spectrum': '0', 'Medium-island': '1', 'Short-island': '0', 'Squeal': '0', 'Typical-entropy': '0', 'Voicing-quality': '1', 'Wide-band': '0', 'Xlong-island': '0', 'seq': '1', 'end': 12784.03, 'start': 12783.66}]",0,0,[],[]
12784290,12784890,CHI,CHN,0.0,292,AICF,RC,26,NT,FH,1.0,600,-18.67,-14.59,"[{'Canonical-syllable': '0', 'Growl': '0', 'High-freq-energy': '0', 'Long-island': '0', 'Low-tilt-spectrum': '0', 'Medium-island': '1', 'Short-island': '0', 'Squeal': '0', 'Typical-entropy': '1', 'Voicing-quality': '1', 'Wide-band': '0', 'Xlong-island': '0', 'seq': '1', 'end': 12784.89, 'start': 12784.29}]",0,0,[],[]
12784890,12786220,NA,NOF,0.0,292,AICF,NA,NA,NA,NA,0.0,0,-43.35,-38.94,[],0,0,[],[]
12786220,12791750,FEM,FAN,19.57,292,AICF,RC,26,TIFI,FI,0.0,0,-25.04,-10.5,[],0,0,[],[]
12791750,12792390,CHI,CHN,0.0,292,AICF,RC,27,TIFR,FI,1.0,640,-15.75,-6.66,"[{'Canonical-syllable': '0', 'Growl': '0', 'High-freq-energy': '0', 'Long-island': '0', 'Low-tilt-spectrum': '0', 'Medium-island': '1', 'Short-island': '0', 'Squeal': '0', 'Typical-entropy': '0', 'Voicing-quality': '1', 'Wide-band': '0', 'Xlong-island': '0', 'seq': '1', 'end': 12792.39, 'start': 12791.87}]",0,0,[],[]
12792390,12793770,FEM,FAN,5.52,292,AICF,RC,27,TIFE,FI,0.0,0,-19.56,-8.88,[],0,0,[],[]
12793770,12795380,FEM,FAN,7.7,292,AICF,RC,27,NT,FH,0.0,0,-13.11,-8.21,[],0,0,[],[]
12795380,12796380,FEM,FAN,2.75,292,AICF,RC,27,TIFI,FH,0.0,0,-13.62,-11.41,[],0,0,[],[]
12796380,12797380,NA,OLN,0.0,292,AICF,NA,NA,NA,NA,0.0,0,-27.45,-18.63,[],0,0,[],[]
12797380,12799370,CHI,CHN,0.0,292,AICF,RC,28,TIFR,FI,1.0,1990,-14.1,-5.66,"[{'Canonical-syllable': '0', 'Growl': '0', 'High-freq-energy': '0', 'Long-island': '1', 'Low-tilt-spectrum': '0', 'Medium-island': '0', 'Short-island': '0', 'Squeal': '0', 'Typical-entropy': '1', 'Voicing-quality': '2', 'Wide-band': '0', 'Xlong-island': '1', 'seq': '1', 'end': 12799.37, 'start': 12797.38}]",0,0,[],[]
12799370,12800370,CHI,CHN,0.0,292,AICF,RC,28,NT,FH,1.0,620,-15.14,-3.91,"[{'Canonical-syllable': '0', 'Growl': '0', 'High-freq-energy': '0', 'Long-island': '0', 'Low-tilt-spectrum': '0', 'Medium-island': '1', 'Short-island': '1', 'Squeal': '0', 'Typical-entropy': '0', 'Voicing-quality': '2', 'Wide-band': '0', 'Xlong-island': '0', 'seq': '1', 'end': 12800.37, 'start': 12799.75}]",0,0,[],[]
12800370,12801170,NA,OLN,0.0,292,AICF,NA,NA,NA,NA,0.0,0,-16.49,-10.5,[],0,0,[],[]
12801170,12803720,CHI,CHN,0.0,292,AICF,RC,28,NT,FH,2.0,2170,-15.54,-5.06,"[{'Canonical-syllable': '1', 'Growl': '0', 'High-freq-energy': '0', 'Long-island': '0', 'Low-tilt-spectrum': '0', 'Medium-island': '1', 'Short-island': '0', 'Squeal': '0', 'Typical-entropy': '1', 'Voicing-quality': '1', 'Wide-band': '0', 'Xlong-island': '0', 'seq': '1', 'end': 12801.43, 'start': 12801.17}, {'Canonical-syllable': '0', 'Growl': '5', 'High-freq-energy': '0', 'Long-island': '0', 'Low-tilt-spectrum': '0', 'Medium-island': '0', 'Short-island': '2', 'Squeal': '0', 'Typical-entropy': '3', 'Voicing-quality': '8', 'Wide-band': '1', 'Xlong-island': '0', 'seq': '2', 'end': 12803.72, 'start': 12801.81}]",0,0,[],[]
12803720,12804530,NA,OLN,0.0,292,AICF,NA,NA,NA,NA,0.0,0,-22.38,-9.79,[],0,0,[],[]
12804530,12806860,CHI,CHN,0.0,292,AICF,RC,28,NT,FH,1.0,1550,-13.83,-1.97,"[{'Canonical-syllable': '1', 'Growl': '1', 'High-freq-energy': '0', 'Long-island': '0', 'Low-tilt-spectrum': '0', 'Medium-island': '1', 'Short-island': '2', 'Squeal': '0', 'Typical-entropy': '4', 'Voicing-quality': '5', 'Wide-band': '1', 'Xlong-island': '0', 'seq': '1', 'end': 12806.86, 'start': 12805.31}]",0,0,[],[]
12806860,12807860,CHI,CHN,0.0,292,AICF,RC,28,NT,FH,1.0,660,-15.3,-4.09,"[{'Canonical-syllable': '0', 'Growl': '2', 'High-freq-energy': '0', 'Long-island': '0', 'Low-tilt-spectrum': '0', 'Medium-island': '0', 'Short-island': '2', 'Squeal': '0', 'Typical-entropy': '2', 'Voicing-quality': '2', 'Wide-band': '0', 'Xlong-island': '0', 'seq': '1', 'end': 12807.52, 'start': 12807.11}]",0,0,[],[]
12807860,12809620,CHI,CHN,0.0,292,AICF,RC,28,NT,FH,1.0,1260,-15.78,-6.11,"[{'Canonical-syllable': '0', 'Growl': '0', 'High-freq-energy': '0', 'Long-island': '0', 'Low-tilt-spectrum': '0', 'Medium-island': '2', 'Short-island': '0', 'Squeal': '0', 'Typical-entropy': '2', 'Voicing-quality': '3', 'Wide-band': '0', 'Xlong-island': '0', 'seq': '1', 'end': 12809.12, 'start': 12807.86}]",0,0,[],[]
12809620,12810430,NA,OLN,0.0,292,AICF,NA,NA,NA,NA,0.0,0,-25.25,-15.56,[],0,0,[],[]
12810430,12811030,CHI,CHN,0.0,292,AICF,RC,28,NT,FH,1.0,600,-16.78,-3.62,"[{'Canonical-syllable': '0', 'Growl': '0', 'High-freq-energy': '0', 'Long-island': '0', 'Low-tilt-spectrum': '0', 'Medium-island': '0', 'Short-island': '0', 'Squeal': '0', 'Typical-entropy': '1', 'Voicing-quality': '1', 'Wide-band': '0', 'Xlong-island': '0', 'seq': '1', 'end': 12811.03, 'start': 12810.56}]",0,0,[],[]
12811030,12812140,NA,OLN,0.0,292,AICF,NA,NA,NA,NA,0.0,0,-17.57,-4.91,[],0,0,[],[]
12812140,12813140,FEM,FAN,5.35,292,AICF,RC,28,TIFI,FI,0.0,0,-17.61,-5.6,[],0,0,[],[]
12813140,12814320,NA,OLN,0.0,292,AICF,NA,NA,NA,NA,0.0,0,-26.78,-10.08,[],0,0,[],[]
12814320,12814920,CHI,CHN,0.0,292,AICF,RC,29,TIFR,FI,1.0,600,-14.39,-5.12,"[{'Canonical-syllable': '0', 'Growl': '1', 'High-freq-energy': '0', 'Long-island': '0', 'Low-tilt-spectrum': '0', 'Medium-island': '1', 'Short-island': '0', 'Squeal': '0', 'Typical-entropy': '1', 'Voicing-quality': '2', 'Wide-band': '1', 'Xlong-island': '0', 'seq': '1', 'end': 12814.92, 'start': 12814.32}]",0,0,[],[]
12814920,12815930,CHI,CHN,0.0,292,AICF,RC,29,NT,FH,1.0,1010,-17.0,-8.08,"[{'Canonical-syllable': '1', 'Growl': '1', 'High-freq-energy': '0', 'Long-island': '0', 'Low-tilt-spectrum': '0', 'Medium-island': '2', 'Short-island': '1', 'Squeal': '0', 'Typical-entropy': '3', 'Voicing-quality': '3', 'Wide-band': '0', 'Xlong-island': '0', 'seq': '1', 'end': 12815.93, 'start': 12814.92}]",0,0,[],[]
12815930,12817450,CHI,CHN,0.0,292,AICF,RC,29,NT,FH,1.0,1520,-16.07,-8.07,"[{'Canonical-syllable': '0', 'Growl': '3', 'High-freq-energy': '0', 'Long-island': '1', 'Low-tilt-spectrum': '0', 'Medium-island': '0', 'Short-island': '1', 'Squeal': '0', 'Typical-entropy': '2', 'Voicing-quality': '4', 'Wide-band': '0', 'Xlong-island': '0', 'seq': '1', 'end': 12817.45, 'start': 12815.93}]",0,0,[],[]
12817450,12819700,FEM,FAN,10.59,292,AICF,RC,29,TIFI,FI,0.0,0,-14.61,-7.21,[],0,0,[],[]
12819700,12820320,CHI,CHN,0.0,292,AICF,RC,30,TIFR,FI,1.0,620,-16.58,-13.12,"[{'Canonical-syllable': '1', 'Growl': '0', 'High-freq-energy': '0', 'Long-island': '0', 'Low-tilt-spectrum': '0', 'Medium-island': '1', 'Short-island': '0', 'Squeal': '0', 'Typical-entropy': '0', 'Voicing-quality': '1', 'Wide-band': '0', 'Xlong-island': '0', 'seq': '1', 'end': 12820.32, 'start': 12819.7}]",0,0,[],[]
12820320,12821500,CHI,CHN,0.0,292,AICF,RC,30,NT,FH,1.0,1180,-14.7,-3.83,"[{'Canonical-syllable': '0', 'Growl': '0', 'High-freq-energy': '0', 'Long-island': '0', 'Low-tilt-spectrum': '0', 'Medium-island': '1', 'Short-island': '2', 'Squeal': '0', 'Typical-entropy': '0', 'Voicing-quality': '3', 'Wide-band': '0', 'Xlong-island': '0', 'seq': '1', 'end': 12821.5, 'start': 12820.32}]",0,0,[],[]
12821500,12822100,CHI,CHN,0.0,292,AICF,RC,30,NT,FH,1.0,600,-20.06,-12.22,"[{'Canonical-syllable': '0', 'Growl': '0', 'High-freq-energy': '0', 'Long-island': '0', 'Low-tilt-spectrum': '0', 'Medium-island': '1', 'Short-island': '1', 'Squeal': '0', 'Typical-entropy': '1', 'Voicing-quality': '2', 'Wide-band': '0', 'Xlong-island': '0', 'seq': '1', 'end': 12822.1, 'start': 12821.5}]",0,0,[],[]
12822100,12823100,CHI,CHN,0.0,292,AICF,RC,30,NT,FH,1.0,1000,-14.46,-7.5,"[{'Canonical-syllable': '0', 'Growl': '0', 'High-freq-energy': '0', 'Long-island': '1', 'Low-tilt-spectrum': '0', 'Medium-island': '0', 'Short-island': '0', 'Squeal': '0', 'Typical-entropy': '1', 'Voicing-quality': '1', 'Wide-band': '0', 'Xlong-island': '0', 'seq': '1', 'end': 12823.1, 'start': 12822.29}]",0,0,[],[]
12823100,12824050,NA,OLN,0.0,292,AICF,NA,NA,NA,NA,0.0,0,-14.64,-8.91,[],0,0,[],[]
12824050,12825320,CHI,CHN,0.0,292,AICF,RC,30,NT,FH,1.0,1270,-14.97,-8.98,"[{'Canonical-syllable': '0', 'Growl': '0', 'High-freq-energy': '0', 'Long-island': '1', 'Low-tilt-spectrum': '0', 'Medium-island': '1', 'Short-island': '0', 'Squeal': '0', 'Typical-entropy': '2', 'Voicing-quality': '2', 'Wide-band': '0', 'Xlong-island': '0', 'seq': '1', 'end': 12825.32, 'start': 12824.05}]",0,0,[],[]
12825320,12826230,NA,OLN,0.0,292,AICF,NA,NA,NA,NA,0.0,0,-15.99,-7.21,[],0,0,[],[]
12826230,12827650,FEM,FAN,4.82,292,AICF,RC,30,TIFI,FI,0.0,0,-15.93,-8.16,[],0,0,[],[]
12827650,12829020,NA,OLN,0.0,292,AICF,NA,NA,NA,NA,0.0,0,-18.7,-3.28,[],0,0,[],[]
12829020,12830000,CHI,CHN,0.0,292,AICF,NA,NA,NA,NA,0.0,0,-13.12,-1.93,[],0,0,[],[]
12830000,12831150,CHI,CHN,0.0,292,AICF,RC,31,TIFR,FI,2.0,820,-13.76,-4.4,"[{'Canonical-syllable': '0', 'Growl': '1', 'High-freq-energy': '0', 'Long-island': '0', 'Low-tilt-spectrum': '0', 'Medium-island': '1', 'Short-island': '0', 'Squeal': '0', 'Typical-entropy': '1', 'Voicing-quality': '1', 'Wide-band': '0', 'Xlong-island': '0', 'seq': '1', 'end': 12830.51, 'start': 12830.11}, {'Canonical-syllable': '0', 'Growl': '0', 'High-freq-energy': '0', 'Long-island': '0', 'Low-tilt-spectrum': '0', 'Medium-island': '1', 'Short-island': '0', 'Squeal': '0', 'Typical-entropy': '0', 'Voicing-quality': '1', 'Wide-band': '0', 'Xlong-island': '0', 'seq': '2', 'end': 12831.15, 'start': 12830.84}]",0,0,[],[]
12831150,12831950,NA,OLN,0.0,292,AICF,NA,NA,NA,NA,0.0,0,-16.41,-9.75,[],0,0,[],[]
12831950,12832720,CHI,CHN,0.0,292,AICF,RC,31,NT,FH,1.0,770,-23.17,-17.16,"[{'Canonical-syllable': '0', 'Growl': '1', 'High-freq-energy': '0', 'Long-island': '0', 'Low-tilt-spectrum': '1', 'Medium-island': '1', 'Short-island': '1', 'Squeal': '0', 'Typical-entropy': '1', 'Voicing-quality': '2', 'Wide-band': '0', 'Xlong-island': '0', 'seq': '1', 'end': 12832.72, 'start': 12831.95}]",0,0,[],[]
12832720,12833920,CHI,CHN,0.0,292,AICF,RC,31,NT,FH,2.0,870,-15.11,-4.39,"[{'Canonical-syllable': '0', 'Growl': '0', 'High-freq-energy': '0', 'Long-island': '0', 'Low-tilt-spectrum': '0', 'Medium-island': '1', 'Short-island': '0', 'Squeal': '0', 'Typical-entropy': '1', 'Voicing-quality': '1', 'Wide-band': '0', 'Xlong-island': '0', 'seq': '1', 'end': 12833.4, 'start': 12832.88}, {'Canonical-syllable': '0', 'Growl': '1', 'High-freq-energy': '0', 'Long-island': '0', 'Low-tilt-spectrum': '0', 'Medium-island': '0', 'Short-island': '1', 'Squeal': '0', 'Typical-entropy': '1', 'Voicing-quality': '1', 'Wide-band': '0', 'Xlong-island': '0', 'seq': '2', 'end': 12833.92, 'start': 12833.73}]",0,0,[],[]
12833920,12836520,CHI,CHN,0.0,292,AICF,RC,31,NT,FH,1.0,2600,-14.45,-3.95,"[{'Canonical-syllable': '0', 'Growl': '0', 'High-freq-energy': '0', 'Long-island': '0', 'Low-tilt-spectrum': '0', 'Medium-island': '0', 'Short-island': '0', 'Squeal': '0', 'Typical-entropy': '2', 'Voicing-quality': '2', 'Wide-band': '0', 'Xlong-island': '2', 'seq': '1', 'end': 12836.52, 'start': 12833.92}]",0,0,[],[]
12836520,12837320,NA,OLN,0.0,292,AICF,NA,NA,NA,NA,0.0,0,-25.65,-13.97,[],0,0,[],[]
12837320,12839780,CHI,CHN,0.0,292,AICF,RC,31,NT,FH,1.0,2460,-16.23,-7.59,"[{'Canonical-syllable': '1', 'Growl': '0', 'High-freq-energy': '0', 'Long-island': '0', 'Low-tilt-spectrum': '1', 'Medium-island': '1', 'Short-island': '0', 'Squeal': '0', 'Typical-entropy': '1', 'Voicing-quality': '2', 'Wide-band': '0', 'Xlong-island': '1', 'seq': '1', 'end': 12839.78, 'start': 12837.32}]",0,0,[],[]
12839780,12840650,NA,OLF,0.0,292,AICF,NA,NA,NA,NA,0.0,0,-23.2,-11.84,[],0,0,[],[]
12840650,12841260,CHI,CHN,0.0,292,AICF,RC,31,NT,FH,1.0,610,-16.54,-12.33,"[{'Canonical-syllable': '0', 'Growl': '0', 'High-freq-energy': '0', 'Long-island': '0', 'Low-tilt-spectrum': '0', 'Medium-island': '1', 'Short-island': '0', 'Squeal': '0', 'Typical-entropy': '1', 'Voicing-quality': '1', 'Wide-band': '0', 'Xlong-island': '0', 'seq': '1', 'end': 12841.26, 'start': 12840.65}]",0,0,[],[]
12841260,12842300,FEM,FAN,6.34,292,AICF,RC,31,TIFI,FI,0.0,0,-17.57,-11.65,[],0,0,[],[]
12842300,12842960,CHI,CHN,0.0,292,AICF,RC,32,TIFR,FI,1.0,660,-20.26,-14.52,"[{'Canonical-syllable': '0', 'Growl': '0', 'High-freq-energy': '0', 'Long-island': '1', 'Low-tilt-spectrum': '0', 'Medium-island': '0', 'Short-island': '0', 'Squeal': '0', 'Typical-entropy': '0', 'Voicing-quality': '1', 'Wide-band': '0', 'Xlong-island': '0', 'seq': '1', 'end': 12842.96, 'start': 12842.3}]",0,0,[],[]
12842960,12843830,NA,OLN,0.0,292,AICF,NA,NA,NA,NA,0.0,0,-14.17,-11.03,[],0,0,[],[]
12843830,12844860,CHI,CHN,0.0,292,AICF,RC,32,NT,FH,1.0,400,-20.98,-14.46,"[{'Canonical-syllable': '0', 'Growl': '0', 'High-freq-energy': '0', 'Long-island': '0', 'Low-tilt-spectrum': '0', 'Medium-island': '1', 'Short-island': '0', 'Squeal': '0', 'Typical-entropy': '0', 'Voicing-quality': '1', 'Wide-band': '0', 'Xlong-island': '0', 'seq': '1', 'end': 12844.23, 'start': 12843.83}]",0,0,[],[]
12844860,12846280,NA,NOF,0.0,292,AICF,NA,NA,NA,NA,0.0,0,-24.22,-12.52,[],0,0,[],[]
12846280,12847350,CHI,CHN,0.0,292,AICF,RC,32,NT,FH,2.0,490,-17.77,-7.32,"[{'Canonical-syllable': '0', 'Growl': '1', 'High-freq-energy': '0', 'Long-island': '0', 'Low-tilt-spectrum': '0', 'Medium-island': '1', 'Short-island': '0', 'Squeal': '0', 'Typical-entropy': '1', 'Voicing-quality': '1', 'Wide-band': '0', 'Xlong-island': '0', 'seq': '1', 'end': 12846.65, 'start': 12846.28}, {'Canonical-syllable': '0', 'Growl': '1', 'High-freq-energy': '0', 'Long-island': '0', 'Low-tilt-spectrum': '0', 'Medium-island': '0', 'Short-island': '0', 'Squeal': '0', 'Typical-entropy': '1', 'Voicing-quality': '1', 'Wide-band': '0', 'Xlong-island': '0', 'seq': '2', 'end': 12847.35, 'start': 12847.23}]",0,0,[],[]
12847350,12848720,NA,OLN,0.0,292,AICF,NA,NA,NA,NA,0.0,0,-35.1,-26.25,[],0,0,[],[]
12848720,12849520,CHI,CHN,0.0,292,AICF,RC,32,NT,FH,1.0,800,-14.06,-4.12,"[{'Canonical-syllable': '0', 'Growl': '0', 'High-freq-energy': '0', 'Long-island': '1', 'Low-tilt-spectrum': '1', 'Medium-island': '0', 'Short-island': '0', 'Squeal': '0', 'Typical-entropy': '1', 'Voicing-quality': '1', 'Wide-band': '0', 'Xlong-island': '0', 'seq': '1', 'end': 12849.52, 'start': 12848.72}]",0,0,[],[]
12849520,12850520,FEM,FAN,0.62,292,AICF,RC,32,TIFE,FI,0.0,0,-22.44,-14.85,[],0,0,[],[]
12850520,12851350,NA,OLN,0.0,292,AICF,NA,NA,NA,NA,0.0,0,-26.61,-18.87,[],0,0,[],[]
12851350,12852160,OCH,CXN,0.0,292,AICF,RC,32,NT,FI,0.0,0,-36.71,-29.01,[],0,0,[],[]
12852160,12857700,FEM,FAN,17.98,292,AICF,RC,32,NT,FI,0.0,0,-28.91,-18.29,[],0,0,[],[]
12857700,12858640,NA,NOF,0.0,292,AICF,NA,NA,NA,NA,0.0,0,-42.22,-34.04,[],0,0,[],[]
12858640,12862200,FEM,FAN,14.19,292,AICF,RC,32,NT,FH,0.0,0,-32.29,-19.15,[],0,0,[],[]
12862200,12863110,NA,OLN,0.0,292,AICF,NA,NA,NA,NA,0.0,0,-34.66,-26.35,[],0,0,[],[]
12863110,12864140,FEM,FAN,6.55,292,AICF,RC,32,NT,FH,0.0,0,-34.62,-28.77,[],0,0,[],[]
12864140,12865100,NA,NOF,0.0,292,AICF,NA,NA,NA,NA,0.0,0,-45.11,-37.7,[],0,0,[],[]
12865100,12866810,FEM,FAN,2.53,292,AICF,RC,32,TIFI,FH,0.0,0,-35.97,-26.2,[],0,0,[],[]
12866810,12867410,CHI,CHN,0.0,292,AICF,RC,33,TIFR,FI,1.0,600,-17.21,-13.0,"[{'Canonical-syllable': '0', 'Growl': '0', 'High-freq-energy': '0', 'Long-island': '0', 'Low-tilt-spectrum': '0', 'Medium-island': '1', 'Short-island': '0', 'Squeal': '0', 'Typical-entropy': '0', 'Voicing-quality': '1', 'Wide-band': '0', 'Xlong-island': '0', 'seq': '1', 'end': 12867.41, 'start': 12866.81}]",0,0,[],[]
12867410,12868210,NA,CHF,0.0,292,AICF,RC,33,NT,FH,1.0,800,-44.09,-29.41,"[{'Canonical-syllable': '0', 'Growl': '2', 'High-freq-energy': '0', 'Long-island': '0', 'Low-tilt-spectrum': '2', 'Medium-island': '2', 'Short-island': '0', 'Squeal': '0', 'Typical-entropy': '0', 'Voicing-quality': '0', 'Wide-band': '0', 'Xlong-island': '0', 'seq': '1', 'end': 12868.21, 'start': 12867.41}]",0,0,[],[]
12868210,12871570,NA,FAF,0.0,292,AICF,NA,NA,NA,NA,0.0,0,-39.07,-31.52,[],0,0,[],[]
12871570,12872170,CHI,CHN,0.0,292,AICF,RC,33,NT,FH,1.0,600,-19.4,-15.68,"[{'Canonical-syllable': '1', 'Growl': '0', 'High-freq-energy': '0', 'Long-island': '0', 'Low-tilt-spectrum': '0', 'Medium-island': '1', 'Short-island': '0', 'Squeal': '0', 'Typical-entropy': '0', 'Voicing-quality': '1', 'Wide-band': '0', 'Xlong-island': '0', 'seq': '1', 'end': 12872.17, 'start': 12871.68}]",0,0,[],[]
12872170,12872970,NA,NOF,0.0,292,AICF,NA,NA,NA,NA,0.0,0,-45.81,-40.9,[],0,0,[],[]
12872970,12873970,NA,FAF,0.0,292,AICF,NA,NA,NA,NA,0.0,0,-39.21,-32.06,[],0,0,[],[]
12873970,12874770,NA,OLN,0.0,292,AICF,NA,NA,NA,NA,0.0,0,-37.84,-33.16,[],0,0,[],[]
12874770,12875570,OCH,CXN,0.0,292,AICF,EC,33,NT,FI,0.0,0,-38.51,-30.43,[],0,0,[],[]
12875570,12876740,NA,OLN,0.0,293,pause,NA,NA,NA,NA,0.0,0,-36.7,-28.69,[],0,0,[],[]
12876740,12878960,NA,OLF,0.0,293,pause,NA,NA,NA,NA,0.0,0,-40.06,-22.93,[],0,0,[],[]
12878960,12880450,NA,OLN,0.0,293,pause,NA,NA,NA,NA,0.0,0,-23.29,-10.46,[],0,0,[],[]
12880450,12881260,NA,NOF,0.0,293,pause,NA,NA,NA,NA,0.0,0,-40.49,-33.66,[],0,0,[],[]
12881260,12883110,FEM,FAN,6.22,293,AICF,BC,0,NT,FI,0.0,0,-30.34,-22.65,[],0,0,[],[]
12883110,12883910,NA,OLF,0.0,293,AICF,NA,NA,NA,NA,0.0,0,-41.33,-31.51,[],0,0,[],[]
12883910,12884850,NA,OLN,0.0,293,AICF,NA,NA,NA,NA,0.0,0,-36.56,-30.94,[],0,0,[],[]
12884850,12886820,FEM,FAN,6.43,293,AICF,RC,0,TIFI,FH,0.0,0,-33.04,-25.15,[],0,0,[],[]
12886820,12887570,CHI,CHN,0.0,293,AICF,RC,1,TIFR,FI,1.0,750,-13.49,-12.01,"[{'Canonical-syllable': '0', 'Growl': '0', 'High-freq-energy': '0', 'Long-island': '1', 'Low-tilt-spectrum': '0', 'Medium-island': '0', 'Short-island': '0', 'Squeal': '0', 'Typical-entropy': '0', 'Voicing-quality': '1', 'Wide-band': '0', 'Xlong-island': '0', 'seq': '1', 'end': 12887.57, 'start': 12886.82}]",0,0,[],[]
12887570,12889090,CHI,CHN,0.0,293,AICF,RC,1,NT,FH,1.0,530,-18.78,-10.57,"[{'Canonical-syllable': '1', 'Growl': '0', 'High-freq-energy': '0', 'Long-island': '0', 'Low-tilt-spectrum': '0', 'Medium-island': '1', 'Short-island': '0', 'Squeal': '0', 'Typical-entropy': '0', 'Voicing-quality': '1', 'Wide-band': '0', 'Xlong-island': '0', 'seq': '1', 'end': 12888.76, 'start': 12888.23}]",0,0,[],[]
12889090,12889780,CHI,CHN,0.0,293,AICF,RC,1,NT,FH,1.0,690,-16.09,-10.66,"[{'Canonical-syllable': '1', 'Growl': '0', 'High-freq-energy': '0', 'Long-island': '0', 'Low-tilt-spectrum': '0', 'Medium-island': '1', 'Short-island': '0', 'Squeal': '0', 'Typical-entropy': '0', 'Voicing-quality': '1', 'Wide-band': '0', 'Xlong-island': '0', 'seq': '1', 'end': 12889.78, 'start': 12889.21}]",0,0,[],[]
12889780,12891360,CHI,CHN,0.0,293,AICF,EC,1,NT,FH,3.0,870,-21.89,-11.62,"[{'Canonical-syllable': '0', 'Growl': '0', 'High-freq-energy': '0', 'Long-island': '0', 'Low-tilt-spectrum': '0', 'Medium-island': '1', 'Short-island': '0', 'Squeal': '0', 'Typical-entropy': '0', 'Voicing-quality': '1', 'Wide-band': '0', 'Xlong-island': '0', 'seq': '1', 'end': 12890.34, 'start': 12890.06}, {'Canonical-syllable': '0', 'Growl': '0', 'High-freq-energy': '0', 'Long-island': '0', 'Low-tilt-spectrum': '0', 'Medium-island': '0', 'Short-island': '1', 'Squeal': '0', 'Typical-entropy': '0', 'Voicing-quality': '1', 'Wide-band': '0', 'Xlong-island': '0', 'seq': '2', 'end': 12890.79, 'start': 12890.66}, {'Canonical-syllable': '1', 'Growl': '0', 'High-freq-energy': '0', 'Long-island': '0', 'Low-tilt-spectrum': '0', 'Medium-island': '0', 'Short-island': '1', 'Squeal': '0', 'Typical-entropy': '0', 'Voicing-quality': '1', 'Wide-band': '0', 'Xlong-island': '0', 'seq': '3', 'end': 12891.36, 'start': 12891.18}]",0,0,[],[]
12891360,12892160,NA,OLF,0.0,294,pause,NA,NA,NA,NA,0.0,0,-44.56,-39.03,[],0,0,[],[]
12892160,12893950,NA,FAF,0.0,294,pause,NA,NA,NA,NA,0.0,0,-37.54,-33.25,[],0,0,[],[]
12893950,12894790,NA,SIL,0.0,294,pause,NA,NA,NA,NA,0.0,0,-43.06,-38.28,[],0,0,[],[]
12894790,12896600,NA,OLF,0.0,294,pause,NA,NA,NA,NA,0.0,0,-41.17,-35.01,[],0,0,[],[]
12896600,12900590,FEM,FAN,10.21,294,AIOCF,BC,0,NT,FI,0.0,0,-35.82,-28.52,[],0,0,[],[]
12900590,12901390,NA,OLF,0.0,294,AIOCF,NA,NA,NA,NA,0.0,0,-39.73,-35.22,[],0,0,[],[]
12901390,12903840,NA,FAF,0.0,294,AIOCF,NA,NA,NA,NA,0.0,0,-38.87,-31.12,[],0,0,[],[]
12903840,12904640,NA,SIL,0.0,294,AIOCF,NA,NA,NA,NA,0.0,0,-39.22,-31.43,[],0,0,[],[]
12904640,12906410,FEM,FAN,6.2,294,AIOCF,RC,0,NT,FH,0.0,0,-32.79,-18.41,[],0,0,[],[]
12906410,12907470,NA,OLN,0.0,294,AIOCF,NA,NA,NA,NA,0.0,0,-36.23,-30.35,[],0,0,[],[]
12907470,12908680,OCH,CXN,0.0,294,AIOCF,RC,0,NT,FI,0.0,0,-27.53,-18.98,[],0,0,[],[]
12908680,12909490,NA,NOF,0.0,294,AIOCF,NA,NA,NA,NA,0.0,0,-41.88,-37.28,[],0,0,[],[]
12909490,12910340,FEM,FAN,0.95,294,AIOCF,EC,0,NT,FI,0.0,0,-31.4,-25.14,[],0,0,[],[]
12910340,12911140,NA,OLN,0.0,295,pause,NA,NA,NA,NA,0.0,0,-35.68,-30.42,[],0,0,[],[]
12911140,12918680,NA,FAF,0.0,295,pause,NA,NA,NA,NA,0.0,0,-38.85,-31.51,[],0,0,[],[]
12918680,12920090,NA,OLN,0.0,295,pause,NA,NA,NA,NA,0.0,0,-33.61,-26.16,[],0,0,[],[]
12920090,12921220,FEM,FAN,3.24,295,AMF,EC,0,NT,FI,0.0,0,-36.56,-30.37,[],0,0,[],[]
12921220,12924570,NA,OLN,0.0,296,pause,NA,NA,NA,NA,0.0,0,-28.1,-17.02,[],0,0,[],[]
12924570,12925370,NA,NON,0.0,296,pause,NA,NA,NA,NA,0.0,0,-38.24,-32.85,[],0,0,[],[]
12925370,12927590,NA,OLN,0.0,296,pause,NA,NA,NA,NA,0.0,0,-36.37,-30.05,[],0,0,[],[]
12927590,12928410,NA,NOF,0.0,296,pause,NA,NA,NA,NA,0.0,0,-40.65,-36.88,[],0,0,[],[]
12928410,12929210,NA,OLF,0.0,296,pause,NA,NA,NA,NA,0.0,0,-40.83,-36.85,[],0,0,[],[]
12929210,12930010,NA,NOF,0.0,296,pause,NA,NA,NA,NA,0.0,0,-41.0,-36.38,[],0,0,[],[]
12930010,12930810,OCH,CXN,0.0,296,XIOCA,BC,0,NT,FI,0.0,0,-33.18,-27.36,[],0,0,[],[]
12930810,12932610,NA,OLF,0.0,296,XIOCA,NA,NA,NA,NA,0.0,0,-37.02,-27.87,[],0,0,[],[]
12932610,12933620,FEM,FAN,5.76,296,XIOCA,EC,0,NT,FI,0.0,0,-41.47,-36.71,[],0,0,[],[]
12933620,12934620,NA,MAF,0.0,297,pause,NA,NA,NA,NA,0.0,0,-41.31,-36.17,[],0,0,[],[]
12934620,12935420,NA,OLF,0.0,297,pause,NA,NA,NA,NA,0.0,0,-38.45,-32.7,[],0,0,[],[]
12935420,12936500,NA,FAF,0.0,297,pause,NA,NA,NA,NA,0.0,0,-39.13,-32.7,[],0,0,[],[]
12936500,12937440,NA,MAF,0.0,297,pause,NA,NA,NA,NA,0.0,0,-43.5,-36.26,[],0,0,[],[]
12937440,12938250,NA,SIL,0.0,297,pause,NA,NA,NA,NA,0.0,0,-45.29,-39.63,[],0,0,[],[]
12938250,12939290,FEM,FAN,0.0,297,pause,NA,NA,NA,NA,0.0,0,-39.59,-33.21,[],1040,0,[],[]
12939290,12940090,NA,NOF,0.0,297,pause,NA,NA,NA,NA,0.0,0,-38.57,-29.27,[],0,0,[],[]
12940090,12942240,NA,OLF,0.0,297,pause,NA,NA,NA,NA,0.0,0,-38.68,-30.39,[],0,0,[],[]
12942240,12943070,NA,OLN,0.0,297,pause,NA,NA,NA,NA,0.0,0,-31.71,-25.09,[],0,0,[],[]
12943070,12943890,NA,NOF,0.0,297,pause,NA,NA,NA,NA,0.0,0,-37.32,-26.09,[],0,0,[],[]
12943890,12944700,NA,OLF,0.0,297,pause,NA,NA,NA,NA,0.0,0,-34.28,-27.45,[],0,0,[],[]
12944700,12945700,NA,MAF,0.0,297,pause,NA,NA,NA,NA,0.0,0,-39.09,-30.19,[],0,0,[],[]
12945700,12948450,NA,OLF,0.0,297,pause,NA,NA,NA,NA,0.0,0,-37.06,-17.92,[],0,0,[],[]
12948450,12949310,NA,CXF,0.0,297,pause,NA,NA,NA,NA,0.0,0,-35.39,-25.06,[],0,0,[],[]
12949310,12950110,NA,NON,0.0,297,pause,NA,NA,NA,NA,0.0,0,-24.01,-12.96,[],0,0,[],[]
12950110,12950710,CHI,CHN,0.0,297,CIC,BC,0,TIMI,FI,1.0,600,-14.4,-10.7,"[{'Canonical-syllable': '0', 'Growl': '0', 'High-freq-energy': '0', 'Long-island': '0', 'Low-tilt-spectrum': '0', 'Medium-island': '1', 'Short-island': '0', 'Squeal': '0', 'Typical-entropy': '0', 'Voicing-quality': '1', 'Wide-band': '0', 'Xlong-island': '0', 'seq': '1', 'end': 12950.71, 'start': 12950.11}]",0,0,[],[]
12950710,12952930,NA,OLF,0.0,297,CIC,NA,NA,NA,NA,0.0,0,-29.49,-16.83,[],0,0,[],[]
12952930,12954910,FEM,FAN,0.0,297,CIC,NA,NA,NA,NA,0.0,0,-26.35,-21.39,[],1980,0,[],[]
12954910,12955980,MAL,MAN,9.71,297,CIC,RC,1,TIMR,FI,0.0,0,-28.77,-24.92,[],0,0,[],[]
12955980,12959370,NA,OLF,0.0,297,CIC,NA,NA,NA,NA,0.0,0,-21.44,-6.29,[],0,0,[],[]
12959370,12959970,CHI,CHN,0.0,297,CIC,RC,1,TIMI,FI,1.0,600,-24.38,-17.92,"[{'Canonical-syllable': '0', 'Growl': '1', 'High-freq-energy': '0', 'Long-island': '0', 'Low-tilt-spectrum': '1', 'Medium-island': '1', 'Short-island': '1', 'Squeal': '0', 'Typical-entropy': '1', 'Voicing-quality': '2', 'Wide-band': '0', 'Xlong-island': '0', 'seq': '1', 'end': 12959.97, 'start': 12959.37}]",0,0,[],[]
12959970,12961110,NA,MAF,0.0,297,CIC,NA,NA,NA,NA,0.0,0,-37.51,-29.11,[],0,0,[],[]
12961110,12962130,MAL,MAN,1.98,297,CIC,RC,2,TIMR,FI,0.0,0,-29.37,-16.88,[],0,0,[],[]
12962130,12963150,FEM,FAN,2.36,297,CIC,EC,2,NT,FI,0.0,0,-23.68,-13.42,[],0,0,[],[]
12963150,12964010,NA,NON,0.0,298,pause,NA,NA,NA,NA,0.0,0,-34.09,-22.22,[],0,0,[],[]
12964010,12968050,NA,OLN,0.0,298,pause,NA,NA,NA,NA,0.0,0,-26.28,-9.98,[],0,0,[],[]
12968050,12969950,NA,OLF,0.0,298,pause,NA,NA,NA,NA,0.0,0,-39.6,-31.11,[],0,0,[],[]
12969950,12970810,NA,NOF,0.0,298,pause,NA,NA,NA,NA,0.0,0,-43.32,-38.3,[],0,0,[],[]
12970810,12973240,NA,FAF,0.0,298,pause,NA,NA,NA,NA,0.0,0,-31.59,-17.45,[],0,0,[],[]
12973240,12974150,NA,OLF,0.0,298,pause,NA,NA,NA,NA,0.0,0,-41.51,-35.08,[],0,0,[],[]
12974150,12974970,NA,SIL,0.0,298,pause,NA,NA,NA,NA,0.0,0,-46.29,-37.68,[],0,0,[],[]
12974970,12976110,FEM,FAN,2.83,298,AICF,BC,0,TIFI,FI,0.0,0,-25.03,-14.75,[],0,0,[],[]
12976110,12976930,NA,OLF,0.0,298,AICF,NA,NA,NA,NA,0.0,0,-42.64,-36.41,[],0,0,[],[]
12976930,12977950,NA,FAF,0.0,298,AICF,NA,NA,NA,NA,0.0,0,-44.72,-39.44,[],0,0,[],[]
12977950,12978800,NA,SIL,0.0,298,AICF,NA,NA,NA,NA,0.0,0,-46.56,-34.28,[],0,0,[],[]
12978800,12979630,CHI,CHN,0.0,298,AICF,RC,1,TIFR,FI,1.0,830,-21.77,-18.72,"[{'Canonical-syllable': '0', 'Growl': '0', 'High-freq-energy': '0', 'Long-island': '1', 'Low-tilt-spectrum': '0', 'Medium-island': '0', 'Short-island': '0', 'Squeal': '0', 'Typical-entropy': '1', 'Voicing-quality': '1', 'Wide-band': '0', 'Xlong-island': '0', 'seq': '1', 'end': 12979.63, 'start': 12978.8}]",0,0,[],[]
12979630,12984090,FEM,FAN,17.78,298,AICF,RC,1,TIFE,FI,0.0,0,-24.38,-12.54,[],0,0,[],[]
12984090,12984890,NA,OLF,0.0,298,AICF,NA,NA,NA,NA,0.0,0,-37.79,-29.49,[],0,0,[],[]
12984890,12985890,MAL,MAN,7.59,298,AICF,RC,1,NT,FI,0.0,0,-27.68,-20.17,[],0,0,[],[]
12985890,12986720,NA,OLF,0.0,298,AICF,NA,NA,NA,NA,0.0,0,-39.6,-32.64,[],0,0,[],[]
12986720,12988360,FEM,FAN,14.29,298,AICF,RC,1,TIFI,FI,0.0,0,-29.39,-17.93,[],0,0,[],[]
12988360,12989500,CHI,CHN,0.0,298,AICF,RC,2,TIFR,FI,1.0,1140,-19.92,-15.32,"[{'Canonical-syllable': '0', 'Growl': '2', 'High-freq-energy': '0', 'Long-island': '1', 'Low-tilt-spectrum': '0', 'Medium-island': '0', 'Short-island': '1', 'Squeal': '0', 'Typical-entropy': '2', 'Voicing-quality': '2', 'Wide-band': '0', 'Xlong-island': '0', 'seq': '1', 'end': 12989.5, 'start': 12988.36}]",0,0,[],[]
12989500,12990650,NA,OLN,0.0,298,AICF,NA,NA,NA,NA,0.0,0,-31.37,-19.4,[],0,0,[],[]
12990650,12993080,CHI,CHN,0.0,298,AICF,RC,2,NT,FH,2.0,2110,-15.22,-3.47,"[{'Canonical-syllable': '0', 'Growl': '0', 'High-freq-energy': '0', 'Long-island': '0', 'Low-tilt-spectrum': '0', 'Medium-island': '1', 'Short-island': '0', 'Squeal': '0', 'Typical-entropy': '2', 'Voicing-quality': '2', 'Wide-band': '0', 'Xlong-island': '1', 'seq': '1', 'end': 12992.4, 'start': 12990.65}, {'Canonical-syllable': '0', 'Growl': '0', 'High-freq-energy': '0', 'Long-island': '0', 'Low-tilt-spectrum': '0', 'Medium-island': '0', 'Short-island': '0', 'Squeal': '0', 'Typical-entropy': '1', 'Voicing-quality': '2', 'Wide-band': '0', 'Xlong-island': '0', 'seq': '2', 'end': 12993.08, 'start': 12992.72}]",0,0,[],[]
12993080,12994030,NA,OLN,0.0,298,AICF,NA,NA,NA,NA,0.0,0,-24.78,-13.46,[],0,0,[],[]
12994030,13001400,FEM,FAN,29.36,298,AICF,RC,2,TIFE,FI,0.0,0,-18.36,-3.73,[],0,0,[],[]
13001400,13002630,NA,OLN,0.0,298,AICF,NA,NA,NA,NA,0.0,0,-20.07,-9.67,[],0,0,[],[]
13002630,13003670,FEM,FAN,4.46,298,AICF,RC,2,NT,FH,0.0,0,-19.28,-6.45,[],0,0,[],[]
13003670,13004470,NA,OLF,0.0,298,AICF,NA,NA,NA,NA,0.0,0,-39.47,-33.87,[],0,0,[],[]
13004470,13009860,FEM,FAN,20.17,298,AICF,RC,2,NT,FH,0.0,0,-17.05,-6.47,[],0,0,[],[]
13009860,13010460,OCH,CXN,0.0,298,AICF,RC,2,NT,FI,0.0,0,-28.63,-14.28,[],0,0,[],[]
13010460,13012700,FEM,FAN,11.4,298,AICF,RC,2,TIFI,FI,0.0,0,-16.8,-10.52,[],0,0,[],[]
13012700,13013300,CHI,CHN,0.0,298,AICF,RC,3,TIFR,FI,1.0,600,-14.95,-11.2,"[{'Canonical-syllable': '0', 'Growl': '0', 'High-freq-energy': '0', 'Long-island': '0', 'Low-tilt-spectrum': '0', 'Medium-island': '1', 'Short-island': '0', 'Squeal': '0', 'Typical-entropy': '0', 'Voicing-quality': '1', 'Wide-band': '0', 'Xlong-island': '0', 'seq': '1', 'end': 13013.3, 'start': 13012.7}]",0,0,[],[]
13013300,13016280,FEM,FAN,12.92,298,AICF,RC,3,TIFI,FI,0.0,0,-20.77,-10.38,[],0,0,[],[]
13016280,13017020,CHI,CHN,0.0,298,AICF,RC,4,TIFR,FI,1.0,740,-20.02,-16.75,"[{'Canonical-syllable': '0', 'Growl': '0', 'High-freq-energy': '0', 'Long-island': '1', 'Low-tilt-spectrum': '0', 'Medium-island': '0', 'Short-island': '0', 'Squeal': '0', 'Typical-entropy': '1', 'Voicing-quality': '1', 'Wide-band': '0', 'Xlong-island': '0', 'seq': '1', 'end': 13017.02, 'start': 13016.28}]",0,0,[],[]
13017020,13018490,FEM,FAN,2.28,298,AICF,RC,4,TIFE,FI,0.0,0,-23.96,-12.39,[],0,0,[],[]
13018490,13019110,FEM,FAN,0.57,298,AICF,RC,4,NT,FH,0.0,0,-24.16,-18.57,[],0,0,[],[]
13019110,13020280,FEM,FAN,5.69,298,AICF,RC,4,TIFI,FH,0.0,0,-16.64,-8.17,[],0,0,[],[]
13020280,13022620,CHI,CHN,0.0,298,AICF,RC,5,TIFR,FI,1.0,2340,-13.94,-8.66,"[{'Canonical-syllable': '0', 'Growl': '2', 'High-freq-energy': '0', 'Long-island': '0', 'Low-tilt-spectrum': '0', 'Medium-island': '1', 'Short-island': '1', 'Squeal': '0', 'Typical-entropy': '0', 'Voicing-quality': '3', 'Wide-band': '0', 'Xlong-island': '1', 'seq': '1', 'end': 13022.62, 'start': 13020.28}]",0,0,[],[]
13022620,13023720,NA,OLN,0.0,298,AICF,NA,NA,NA,NA,0.0,0,-30.81,-24.78,[],0,0,[],[]
13023720,13024880,CHI,CHN,0.0,298,AICF,RC,5,NT,FH,1.0,1080,-14.83,-6.32,"[{'Canonical-syllable': '1', 'Growl': '0', 'High-freq-energy': '0', 'Long-island': '0', 'Low-tilt-spectrum': '0', 'Medium-island': '1', 'Short-island': '1', 'Squeal': '0', 'Typical-entropy': '1', 'Voicing-quality': '2', 'Wide-band': '0', 'Xlong-island': '0', 'seq': '1', 'end': 13024.8, 'start': 13023.72}]",0,0,[],[]
13024880,13025480,CHI,CHN,0.0,298,AICF,RC,5,NT,FH,1.0,600,-14.39,-4.51,"[{'Canonical-syllable': '1', 'Growl': '1', 'High-freq-energy': '0', 'Long-island': '0', 'Low-tilt-spectrum': '0', 'Medium-island': '0', 'Short-island': '2', 'Squeal': '0', 'Typical-entropy': '2', 'Voicing-quality': '2', 'Wide-band': '0', 'Xlong-island': '0', 'seq': '1', 'end': 13025.48, 'start': 13024.88}]",0,0,[],[]
13025480,13026650,NA,OLN,0.0,298,AICF,NA,NA,NA,NA,0.0,0,-20.81,-9.03,[],0,0,[],[]
13026650,13029150,FEM,FAN,10.38,298,AICF,RC,5,TIFI,FI,0.0,0,-15.84,-2.28,[],0,0,[],[]
13029150,13030490,NA,OLF,0.0,298,AICF,NA,NA,NA,NA,0.0,0,-35.03,-21.69,[],0,0,[],[]
13030490,13031560,NA,FAF,0.0,298,AICF,NA,NA,NA,NA,0.0,0,-39.53,-32.4,[],0,0,[],[]
13031560,13032960,NA,OLN,0.0,298,AICF,NA,NA,NA,NA,0.0,0,-33.46,-25.71,[],0,0,[],[]
13032960,13033740,CHI,CHN,0.0,298,AICF,RC,6,TIFR,FI,1.0,570,-18.89,-10.13,"[{'Canonical-syllable': '0', 'Growl': '0', 'High-freq-energy': '0', 'Long-island': '0', 'Low-tilt-spectrum': '0', 'Medium-island': '1', 'Short-island': '0', 'Squeal': '0', 'Typical-entropy': '0', 'Voicing-quality': '1', 'Wide-band': '0', 'Xlong-island': '0', 'seq': '1', 'end': 13033.53, 'start': 13033.25}]",0,0,[],[]
13033740,13035620,FEM,FAN,8.05,298,AICF,RC,6,TIFE,FI,0.0,0,-21.28,-11.51,[],0,0,[],[]
13035620,13036420,NA,NOF,0.0,298,AICF,NA,NA,NA,NA,0.0,0,-35.61,-28.04,[],0,0,[],[]
13036420,13037560,FEM,FAN,4.88,298,AICF,RC,6,NT,FH,0.0,0,-19.05,-14.63,[],0,0,[],[]
13037560,13038480,NA,OLN,0.0,298,AICF,NA,NA,NA,NA,0.0,0,-37.9,-30.33,[],0,0,[],[]
13038480,13039480,FEM,FAN,3.19,298,AICF,RC,6,NT,FH,0.0,0,-17.45,-11.41,[],0,0,[],[]
13039480,13040340,NA,NOF,0.0,298,AICF,NA,NA,NA,NA,0.0,0,-42.38,-35.54,[],0,0,[],[]
13040340,13041050,FEM,FAN,4.86,298,AICF,RC,6,NT,FH,0.0,0,-25.9,-21.4,[],0,0,[],[]
13041050,13041850,NA,NOF,0.0,298,AICF,NA,NA,NA,NA,0.0,0,-47.32,-42.72,[],0,0,[],[]
13041850,13044020,FEM,FAN,6.54,298,AICF,RC,6,TIFI,FH,0.0,0,-20.33,-10.07,[],0,0,[],[]
13044020,13044840,CHI,CHN,0.0,298,AICF,RC,7,TIFR,FI,1.0,820,-14.44,-11.82,"[{'Canonical-syllable': '0', 'Growl': '0', 'High-freq-energy': '0', 'Long-island': '1', 'Low-tilt-spectrum': '0', 'Medium-island': '0', 'Short-island': '0', 'Squeal': '0', 'Typical-entropy': '0', 'Voicing-quality': '1', 'Wide-band': '0', 'Xlong-island': '0', 'seq': '1', 'end': 13044.84, 'start': 13044.13}]",0,0,[],[]
13044840,13046390,FEM,FAN,1.91,298,AICF,RC,7,TIFI,FI,0.0,0,-20.47,-12.03,[],0,0,[],[]
13046390,13047080,CHI,CHN,0.0,298,AICF,RC,8,TIFR,FI,1.0,690,-17.47,-14.77,"[{'Canonical-syllable': '0', 'Growl': '0', 'High-freq-energy': '0', 'Long-island': '1', 'Low-tilt-spectrum': '0', 'Medium-island': '0', 'Short-island': '0', 'Squeal': '0', 'Typical-entropy': '0', 'Voicing-quality': '1', 'Wide-band': '0', 'Xlong-island': '0', 'seq': '1', 'end': 13047.08, 'start': 13046.39}]",0,0,[],[]
13047080,13048500,FEM,FAN,5.81,298,AICF,RC,8,TIFE,FI,0.0,0,-22.37,-15.34,[],0,0,[],[]
13048500,13049540,NA,SIL,0.0,298,AICF,NA,NA,NA,NA,0.0,0,-42.07,-25.62,[],0,0,[],[]
13049540,13052770,FEM,FAN,13.84,298,AICF,RC,8,NT,FH,0.0,0,-20.53,-11.45,[],0,0,[],[]
13052770,13053570,NA,OLN,0.0,298,AICF,NA,NA,NA,NA,0.0,0,-25.65,-15.77,[],0,0,[],[]
13053570,13058520,FEM,FAN,18.39,298,AICF,RC,8,NT,FH,0.0,0,-23.84,-11.22,[],0,0,[],[]
13058520,13059320,NA,OLN,0.0,298,AICF,NA,NA,NA,NA,0.0,0,-23.7,-12.47,[],0,0,[],[]
13059320,13061450,FEM,FAN,4.13,298,AICF,RC,8,NT,FH,0.0,0,-22.05,-11.24,[],0,0,[],[]
13061450,13062380,NA,SIL,0.0,298,AICF,NA,NA,NA,NA,0.0,0,-46.47,-36.74,[],0,0,[],[]
13062380,13066310,FEM,FAN,14.22,298,AICF,RC,8,NT,FH,0.0,0,-21.51,-10.83,[],0,0,[],[]
13066310,13066910,FEM,FAN,3.64,298,AICF,RC,8,NT,FH,0.0,0,-16.63,-10.17,[],0,0,[],[]
13066910,13068640,FEM,FAN,7.84,298,AICF,RC,8,NT,FH,0.0,0,-18.01,-10.17,[],0,0,[],[]
13068640,13069480,FEM,FAN,2.46,298,AICF,RC,8,NT,FH,0.0,0,-15.8,-10.13,[],0,0,[],[]
13069480,13072320,FEM,FAN,11.73,298,AICF,RC,8,NT,FH,0.0,0,-22.05,-10.01,[],0,0,[],[]
13072320,13072930,FEM,FAN,1.19,298,AICF,RC,8,NT,FH,0.0,0,-20.17,-17.76,[],0,0,[],[]
13072930,13075590,FEM,FAN,10.93,298,AICF,RC,8,NT,FH,0.0,0,-20.26,-13.4,[],0,0,[],[]
13075590,13076590,MAL,MAN,6.25,298,AICF,RC,8,NT,FI,0.0,0,-30.73,-21.4,[],0,0,[],[]
13076590,13082420,FEM,FAN,24.01,298,AICF,RC,8,NT,FI,0.0,0,-19.2,-9.55,[],0,0,[],[]
13082420,13083020,FEM,FAN,0.0,298,AICF,NA,NA,NA,NA,0.0,0,-28.11,-22.08,[],600,0,[],[]
13083020,13084780,FEM,FAN,7.08,298,AICF,RC,8,NT,FH,0.0,0,-16.08,-5.67,[],0,0,[],[]
13084780,13085590,NA,OLN,0.0,298,AICF,NA,NA,NA,NA,0.0,0,-30.09,-18.16,[],0,0,[],[]
13085590,13086590,FEM,FAN,3.66,298,AICF,RC,8,TIFI,FH,0.0,0,-20.97,-11.97,[],0,0,[],[]
13086590,13087400,NA,OLN,0.0,298,AICF,NA,NA,NA,NA,0.0,0,-12.63,-3.08,[],0,0,[],[]
13087400,13088010,CHI,CHN,0.0,298,AICF,RC,9,TIFR,FI,1.0,610,-14.4,-7.62,"[{'Canonical-syllable': '0', 'Growl': '1', 'High-freq-energy': '0', 'Long-island': '0', 'Low-tilt-spectrum': '0', 'Medium-island': '1', 'Short-island': '1', 'Squeal': '0', 'Typical-entropy': '1', 'Voicing-quality': '2', 'Wide-band': '1', 'Xlong-island': '0', 'seq': '1', 'end': 13088.01, 'start': 13087.4}]",0,0,[],[]
13088010,13089660,CHI,CHN,0.0,298,AICF,RC,9,NT,FH,1.0,1650,-15.14,-7.11,"[{'Canonical-syllable': '0', 'Growl': '2', 'High-freq-energy': '0', 'Long-island': '1', 'Low-tilt-spectrum': '0', 'Medium-island': '2', 'Short-island': '0', 'Squeal': '0', 'Typical-entropy': '3', 'Voicing-quality': '3', 'Wide-band': '0', 'Xlong-island': '0', 'seq': '1', 'end': 13089.66, 'start': 13088.12}]",0,0,[],[]
13089660,13090500,NA,OLN,0.0,298,AICF,NA,NA,NA,NA,0.0,0,-20.18,-8.33,[],0,0,[],[]
13090500,13091510,NA,NOF,0.0,298,AICF,NA,NA,NA,NA,0.0,0,-38.16,-30.29,[],0,0,[],[]
13091510,13092120,FEM,FAN,0.24,298,AICF,RC,9,TIFE,FI,0.0,0,-20.08,-6.26,[],0,0,[],[]
13092120,13093660,FEM,FAN,5.69,298,AICF,RC,9,NT,FH,0.0,0,-18.78,-9.21,[],0,0,[],[]
13093660,13094480,NA,OLN,0.0,298,AICF,NA,NA,NA,NA,0.0,0,-15.12,-4.6,[],0,0,[],[]
13094480,13095100,FEM,FAN,0.0,298,AICF,NA,NA,NA,NA,0.0,0,-14.72,-3.29,[],620,0,[],[]
13095100,13099480,FEM,FAN,15.22,298,AICF,RC,9,TIFI,FH,0.0,0,-21.89,-13.0,[],0,0,[],[]
13099480,13100620,NA,MAF,0.0,298,AICF,NA,NA,NA,NA,0.0,0,-41.67,-35.61,[],0,0,[],[]
13100620,13101960,CHI,CHN,0.0,298,AICF,RC,10,TIFR,FI,1.0,1340,-25.77,-20.47,"[{'Canonical-syllable': '0', 'Growl': '1', 'High-freq-energy': '0', 'Long-island': '0', 'Low-tilt-spectrum': '0', 'Medium-island': '0', 'Short-island': '0', 'Squeal': '0', 'Typical-entropy': '0', 'Voicing-quality': '1', 'Wide-band': '0', 'Xlong-island': '1', 'seq': '1', 'end': 13101.96, 'start': 13100.62}]",0,0,[],[]
13101960,13103940,FEM,FAN,5.04,298,AICF,RC,10,TIFE,FI,0.0,0,-34.77,-25.65,[],0,0,[],[]
13103940,13104960,NA,OLN,0.0,298,AICF,NA,NA,NA,NA,0.0,0,-30.62,-23.49,[],0,0,[],[]
13104960,13106050,FEM,FAN,2.39,298,AICF,RC,10,TIFI,FH,0.0,0,-19.73,-9.54,[],0,0,[],[]
13106050,13106980,CHI,CHN,0.0,298,AICF,RC,11,TIFR,FI,1.0,930,-19.83,-13.58,"[{'Canonical-syllable': '0', 'Growl': '0', 'High-freq-energy': '0', 'Long-island': '1', 'Low-tilt-spectrum': '0', 'Medium-island': '0', 'Short-island': '0', 'Squeal': '0', 'Typical-entropy': '1', 'Voicing-quality': '1', 'Wide-band': '0', 'Xlong-island': '0', 'seq': '1', 'end': 13106.98, 'start': 13106.05}]",0,0,[],[]
13106980,13107800,NA,OLN,0.0,298,AICF,NA,NA,NA,NA,0.0,0,-20.2,-10.62,[],0,0,[],[]
13107800,13112990,FEM,FAN,20.29,298,AICF,RC,11,TIFE,FI,0.0,0,-20.09,-11.11,[],0,0,[],[]
13112990,13113790,NA,SIL,0.0,298,AICF,NA,NA,NA,NA,0.0,0,-49.4,-43.61,[],0,0,[],[]
13113790,13114790,FEM,FAN,5.23,298,AICF,RC,11,NT,FH,0.0,0,-20.41,-10.42,[],0,0,[],[]
13114790,13115590,NA,MAF,0.0,298,AICF,NA,NA,NA,NA,0.0,0,-38.45,-29.26,[],0,0,[],[]
13115590,13118130,FEM,FAN,10.09,298,AICF,RC,11,TIFI,FH,0.0,0,-21.85,-15.2,[],0,0,[],[]
13118130,13119030,NA,OLF,0.0,298,AICF,NA,NA,NA,NA,0.0,0,-41.09,-32.86,[],0,0,[],[]
13119030,13119630,CHI,CHN,0.0,298,AICF,RC,12,TIFR,FI,1.0,600,-19.12,-15.35,"[{'Canonical-syllable': '0', 'Growl': '0', 'High-freq-energy': '0', 'Long-island': '0', 'Low-tilt-spectrum': '0', 'Medium-island': '1', 'Short-island': '0', 'Squeal': '0', 'Typical-entropy': '1', 'Voicing-quality': '1', 'Wide-band': '0', 'Xlong-island': '0', 'seq': '1', 'end': 13119.63, 'start': 13119.03}]",0,0,[],[]
13119630,13120810,FEM,FAN,8.33,298,AICF,RC,12,TIFI,FI,0.0,0,-16.59,-11.1,[],0,0,[],[]
13120810,13121620,NA,OLF,0.0,298,AICF,NA,NA,NA,NA,0.0,0,-36.56,-30.91,[],0,0,[],[]
13121620,13123580,CHI,CHN,0.0,298,AICF,RC,13,TIFR,FI,2.0,1490,-18.9,-12.35,"[{'Canonical-syllable': '0', 'Growl': '1', 'High-freq-energy': '0', 'Long-island': '0', 'Low-tilt-spectrum': '0', 'Medium-island': '0', 'Short-island': '0', 'Squeal': '0', 'Typical-entropy': '1', 'Voicing-quality': '1', 'Wide-band': '0', 'Xlong-island': '1', 'seq': '1', 'end': 13122.71, 'start': 13121.62}, {'Canonical-syllable': '0', 'Growl': '1', 'High-freq-energy': '0', 'Long-island': '0', 'Low-tilt-spectrum': '0', 'Medium-island': '1', 'Short-island': '0', 'Squeal': '0', 'Typical-entropy': '0', 'Voicing-quality': '1', 'Wide-band': '0', 'Xlong-island': '0', 'seq': '2', 'end': 13123.58, 'start': 13123.18}]",0,0,[],[]
13123580,13124610,FEM,FAN,4.18,298,AICF,RC,13,TIFE,FI,0.0,0,-24.32,-16.86,[],0,0,[],[]
13124610,13125430,NA,OLN,0.0,298,AICF,NA,NA,NA,NA,0.0,0,-24.07,-17.97,[],0,0,[],[]
13125430,13126570,FEM,FAN,3.79,298,AICF,RC,13,TIFI,FH,0.0,0,-21.08,-15.5,[],0,0,[],[]
13126570,13127490,CHI,CHN,0.0,298,AICF,RC,14,TIFR,FI,1.0,920,-17.95,-10.33,"[{'Canonical-syllable': '0', 'Growl': '0', 'High-freq-energy': '0', 'Long-island': '0', 'Low-tilt-spectrum': '0', 'Medium-island': '2', 'Short-island': '0', 'Squeal': '0', 'Typical-entropy': '1', 'Voicing-quality': '2', 'Wide-band': '0', 'Xlong-island': '0', 'seq': '1', 'end': 13127.49, 'start': 13126.57}]",0,0,[],[]
13127490,13129680,FEM,FAN,8.83,298,AICF,RC,14,TIFI,FI,0.0,0,-16.31,-8.78,[],0,0,[],[]
13129680,13130390,CHI,CHN,0.0,298,AICF,RC,15,TIFR,FI,1.0,710,-15.57,-9.99,"[{'Canonical-syllable': '1', 'Growl': '0', 'High-freq-energy': '0', 'Long-island': '0', 'Low-tilt-spectrum': '0', 'Medium-island': '1', 'Short-island': '1', 'Squeal': '0', 'Typical-entropy': '1', 'Voicing-quality': '2', 'Wide-band': '0', 'Xlong-island': '0', 'seq': '1', 'end': 13130.39, 'start': 13129.68}]",0,0,[],[]
13130390,13131190,NA,OLN,0.0,298,AICF,NA,NA,NA,NA,0.0,0,-19.15,-11.55,[],0,0,[],[]
13131190,13131830,CHI,CHN,0.0,298,AICF,NA,NA,NA,NA,0.0,0,-14.78,-6.08,[],0,190,"[{'start': 13131.64, 'end': 13131.83}]",[]
13131830,13136680,FEM,FAN,20.74,298,AICF,RC,15,TIFE,FI,0.0,0,-18.13,-8.64,[],0,0,[],[]
13136680,13139830,NA,OLF,0.0,298,AICF,NA,NA,NA,NA,0.0,0,-37.67,-23.41,[],0,0,[],[]
13139830,13140720,NA,OLN,0.0,298,AICF,NA,NA,NA,NA,0.0,0,-30.32,-19.93,[],0,0,[],[]
13140720,13141520,NA,NOF,0.0,298,AICF,NA,NA,NA,NA,0.0,0,-41.14,-33.41,[],0,0,[],[]
13141520,13142520,FEM,FAN,2.44,298,AICF,RC,15,NT,FH,0.0,0,-24.24,-11.89,[],0,0,[],[]
13142520,13143320,NA,OLF,0.0,298,AICF,NA,NA,NA,NA,0.0,0,-36.32,-29.13,[],0,0,[],[]
13143320,13144480,FEM,FAN,4.99,298,AICF,RC,15,NT,FH,0.0,0,-17.82,-10.69,[],0,0,[],[]
13144480,13145280,NA,OLF,0.0,298,AICF,NA,NA,NA,NA,0.0,0,-33.74,-22.46,[],0,0,[],[]
13145280,13150270,FEM,FAN,20.87,298,AICF,RC,15,NT,FH,0.0,0,-19.39,-11.11,[],0,0,[],[]
13150270,13151070,NA,OLF,0.0,298,AICF,NA,NA,NA,NA,0.0,0,-35.86,-25.41,[],0,0,[],[]
13151070,13161420,FEM,FAN,39.41,298,AICF,RC,15,NT,FH,0.0,0,-21.31,-10.38,[],0,0,[],[]
13161420,13162220,NA,MAF,0.0,298,AICF,NA,NA,NA,NA,0.0,0,-47.91,-38.39,[],0,0,[],[]
13162220,13165500,FEM,FAN,14.23,298,AICF,RC,15,NT,FH,0.0,0,-22.92,-15.5,[],0,0,[],[]
13165500,13166480,NA,OLF,0.0,298,AICF,NA,NA,NA,NA,0.0,0,-46.77,-42.54,[],0,0,[],[]
13166480,13170340,FEM,FAN,15.02,298,AICF,RC,15,NT,FH,0.0,0,-20.38,-12.21,[],0,0,[],[]
13170340,13171340,MAL,MAN,3.46,298,AICF,RC,15,NT,FI,0.0,0,-33.96,-26.03,[],0,0,[],[]
13171340,13172140,NA,NOF,0.0,298,AICF,NA,NA,NA,NA,0.0,0,-43.3,-37.34,[],0,0,[],[]
13172140,13174300,FEM,FAN,5.93,298,AICF,RC,15,NT,FI,0.0,0,-29.05,-21.44,[],0,0,[],[]
13174300,13174930,FEM,FAN,5.61,298,AICF,RC,15,NT,FH,0.0,0,-15.94,-11.4,[],0,0,[],[]
13174930,13177390,FEM,FAN,8.57,298,AICF,RC,15,TIFI,FH,0.0,0,-18.06,-10.61,[],0,0,[],[]
13177390,13178180,CHI,CHN,0.0,298,AICF,RC,16,TIFR,FI,1.0,170,-23.34,-11.87,"[{'Canonical-syllable': '0', 'Growl': '0', 'High-freq-energy': '0', 'Long-island': '0', 'Low-tilt-spectrum': '0', 'Medium-island': '0', 'Short-island': '1', 'Squeal': '0', 'Typical-entropy': '0', 'Voicing-quality': '1', 'Wide-band': '0', 'Xlong-island': '0', 'seq': '1', 'end': 13177.56, 'start': 13177.39}]",0,0,[],[]
13178180,13182490,FEM,FAN,17.73,298,AICF,RC,16,TIFE,FI,0.0,0,-20.64,-4.6,[],0,0,[],[]
13182490,13183090,NA,OLN,0.0,298,AICF,NA,NA,NA,NA,0.0,0,-26.91,-20.69,[],0,0,[],[]
13183090,13185320,FEM,FAN,9.11,298,AICF,RC,16,TIFI,FH,0.0,0,-23.85,-14.85,[],0,0,[],[]
13185320,13186180,CHI,CHN,0.0,298,AICF,RC,17,TIFR,FI,1.0,860,-17.56,-11.17,"[{'Canonical-syllable': '0', 'Growl': '0', 'High-freq-energy': '0', 'Long-island': '0', 'Low-tilt-spectrum': '0', 'Medium-island': '1', 'Short-island': '0', 'Squeal': '0', 'Typical-entropy': '0', 'Voicing-quality': '1', 'Wide-band': '0', 'Xlong-island': '0', 'seq': '1', 'end': 13186.18, 'start': 13185.59}]",0,0,[],[]
13186180,13192240,FEM,FAN,20.98,298,AICF,RC,17,TIFE,FI,0.0,0,-22.38,-11.94,[],0,0,[],[]
13192240,13193040,NA,NOF,0.0,298,AICF,NA,NA,NA,NA,0.0,0,-49.31,-45.96,[],0,0,[],[]
13193040,13195990,FEM,FAN,9.46,298,AICF,RC,17,NT,FH,0.0,0,-23.35,-10.33,[],0,0,[],[]
13195990,13197280,NA,MAF,0.0,298,AICF,NA,NA,NA,NA,0.0,0,-40.64,-32.64,[],0,0,[],[]
13197280,13198360,NA,OLN,0.0,298,AICF,NA,NA,NA,NA,0.0,0,-35.36,-30.76,[],0,0,[],[]
13198360,13201410,FEM,FAN,12.75,298,AICF,RC,17,TIFI,FH,0.0,0,-18.5,-9.71,[],0,0,[],[]
13201410,13202060,CHI,CHN,0.0,298,AICF,RC,18,TIFR,FI,1.0,270,-21.03,-13.18,"[{'Canonical-syllable': '0', 'Growl': '0', 'High-freq-energy': '0', 'Long-island': '0', 'Low-tilt-spectrum': '0', 'Medium-island': '1', 'Short-island': '0', 'Squeal': '0', 'Typical-entropy': '1', 'Voicing-quality': '1', 'Wide-band': '0', 'Xlong-island': '0', 'seq': '1', 'end': 13201.68, 'start': 13201.41}]",0,0,[],[]
13202060,13203640,FEM,FAN,8.27,298,AICF,RC,18,TIFE,FI,0.0,0,-20.11,-12.94,[],0,0,[],[]
13203640,13204480,FEM,FAN,3.61,298,AICF,RC,18,NT,FH,0.0,0,-23.49,-14.14,[],0,0,[],[]
13204480,13211390,FEM,FAN,27.89,298,AICF,RC,18,TIFI,FH,0.0,0,-23.75,-15.27,[],0,0,[],[]
13211390,13212270,NA,OLF,0.0,298,AICF,NA,NA,NA,NA,0.0,0,-35.47,-20.01,[],0,0,[],[]
13212270,13213270,FEM,FAN,0.0,298,AICF,NA,NA,NA,NA,0.0,0,-24.58,-18.59,[],1000,0,[],[]
13213270,13214610,NA,OLF,0.0,298,AICF,NA,NA,NA,NA,0.0,0,-42.32,-36.94,[],0,0,[],[]
13214610,13215210,CHI,CHN,0.0,298,AICF,RC,19,TIFR,FI,1.0,600,-15.61,-9.58,"[{'Canonical-syllable': '1', 'Growl': '0', 'High-freq-energy': '0', 'Long-island': '0', 'Low-tilt-spectrum': '1', 'Medium-island': '1', 'Short-island': '0', 'Squeal': '0', 'Typical-entropy': '1', 'Voicing-quality': '1', 'Wide-band': '0', 'Xlong-island': '0', 'seq': '1', 'end': 13215.21, 'start': 13214.76}]",0,0,[],[]
13215210,13220010,FEM,FAN,19.29,298,AICF,RC,19,TIFE,FI,0.0,0,-17.52,-8.98,[],0,0,[],[]
13220010,13221770,NA,OLF,0.0,298,AICF,NA,NA,NA,NA,0.0,0,-41.51,-33.39,[],0,0,[],[]
13221770,13222570,NA,SIL,0.0,298,AICF,NA,NA,NA,NA,0.0,0,-45.89,-37.41,[],0,0,[],[]
13222570,13224150,FEM,FAN,7.9,298,AICF,RC,19,NT,FH,0.0,0,-19.03,-12.33,[],0,0,[],[]
13224150,13225010,NA,OLN,0.0,298,AICF,NA,NA,NA,NA,0.0,0,-19.71,-11.46,[],0,0,[],[]
13225010,13227780,FEM,FAN,13.19,298,AICF,RC,19,NT,FH,0.0,0,-20.24,-13.44,[],0,0,[],[]
13227780,13228380,FEM,FAN,4.46,298,AICF,RC,19,NT,FH,0.0,0,-25.55,-20.16,[],0,0,[],[]
13228380,13232480,FEM,FAN,14.81,298,AICF,RC,19,NT,FH,0.0,0,-23.39,-13.76,[],0,0,[],[]
13232480,13233280,NA,NOF,0.0,298,AICF,NA,NA,NA,NA,0.0,0,-49.02,-40.91,[],0,0,[],[]
13233280,13234420,FEM,FAN,7.51,298,AICF,RC,19,NT,FH,0.0,0,-23.93,-15.35,[],0,0,[],[]
13234420,13235050,FEM,FAN,3.05,298,AICF,RC,19,NT,FH,0.0,0,-15.25,-11.59,[],0,0,[],[]
13235050,13236500,FEM,FAN,6.31,298,AICF,RC,19,NT,FH,0.0,0,-18.73,-10.11,[],0,0,[],[]
13236500,13237280,FEM,FAN,6.36,298,AICF,RC,19,NT,FH,0.0,0,-15.91,-10.37,[],0,0,[],[]
13237280,13238610,FEM,FAN,6.26,298,AICF,RC,19,NT,FH,0.0,0,-19.98,-11.81,[],0,0,[],[]
13238610,13239590,NA,MAF,0.0,298,AICF,NA,NA,NA,NA,0.0,0,-44.17,-35.14,[],0,0,[],[]
13239590,13241740,FEM,FAN,9.58,298,AICF,RC,19,NT,FH,0.0,0,-19.02,-11.81,[],0,0,[],[]
13241740,13242540,NA,OLF,0.0,298,AICF,NA,NA,NA,NA,0.0,0,-47.01,-41.23,[],0,0,[],[]
13242540,13243540,FEM,FAN,3.94,298,AICF,RC,19,TIFI,FH,0.0,0,-18.04,-9.61,[],0,0,[],[]
13243540,13244260,CHI,CHN,0.0,298,AICF,RC,20,TIFR,FI,1.0,720,-19.85,-15.03,"[{'Canonical-syllable': '1', 'Growl': '0', 'High-freq-energy': '0', 'Long-island': '0', 'Low-tilt-spectrum': '0', 'Medium-island': '2', 'Short-island': '0', 'Squeal': '0', 'Typical-entropy': '0', 'Voicing-quality': '2', 'Wide-band': '0', 'Xlong-island': '0', 'seq': '1', 'end': 13244.26, 'start': 13243.54}]",0,0,[],[]
13244260,13246500,FEM,FAN,9.63,298,AICF,RC,20,TIFE,FI,0.0,0,-24.16,-16.23,[],0,0,[],[]
13246500,13247300,NA,SIL,0.0,298,AICF,NA,NA,NA,NA,0.0,0,-43.06,-30.35,[],0,0,[],[]
13247300,13249480,FEM,FAN,8.32,298,AICF,RC,20,NT,FH,0.0,0,-22.45,-13.13,[],0,0,[],[]
13249480,13251420,NA,NOF,0.0,298,AICF,NA,NA,NA,NA,0.0,0,-32.89,-15.22,[],0,0,[],[]
13251420,13252420,FEM,FAN,4.83,298,AICF,RC,20,TIFI,FH,0.0,0,-30.37,-23.29,[],0,0,[],[]
13252420,13253220,NA,OLF,0.0,298,AICF,NA,NA,NA,NA,0.0,0,-42.06,-32.39,[],0,0,[],[]
13253220,13255020,CHI,CHN,0.0,298,AICF,RC,21,TIFR,FI,1.0,1350,-17.62,-11.79,"[{'Canonical-syllable': '0', 'Growl': '1', 'High-freq-energy': '0', 'Long-island': '0', 'Low-tilt-spectrum': '0', 'Medium-island': '0', 'Short-island': '0', 'Squeal': '0', 'Typical-entropy': '0', 'Voicing-quality': '1', 'Wide-band': '0', 'Xlong-island': '1', 'seq': '1', 'end': 13254.57, 'start': 13253.22}]",0,0,[],[]
13255020,13256500,FEM,FAN,8.6,298,AICF,RC,21,TIFE,FI,0.0,0,-18.14,-11.24,[],0,0,[],[]
13256500,13257350,NA,SIL,0.0,298,AICF,NA,NA,NA,NA,0.0,0,-50.61,-47.91,[],0,0,[],[]
13257350,13260440,FEM,FAN,14.25,298,AICF,RC,21,NT,FH,0.0,0,-19.22,-11.12,[],0,0,[],[]
13260440,13261780,NA,SIL,0.0,298,AICF,NA,NA,NA,NA,0.0,0,-48.78,-35.96,[],0,0,[],[]
13261780,13266780,FEM,FAN,19.28,298,AICF,RC,21,NT,FH,0.0,0,-20.13,-9.9,[],0,0,[],[]
13266780,13267390,FEM,FAN,0.0,298,AICF,NA,NA,NA,NA,0.0,0,-22.56,-14.06,[],610,0,[],[]
13267390,13271510,FEM,FAN,16.77,298,AICF,RC,21,TIFI,FH,0.0,0,-20.45,-7.66,[],0,0,[],[]
13271510,13272310,NA,CHF,0.0,298,AICF,RC,22,TIFR,FI,1.0,160,-37.76,-26.12,"[{'Canonical-syllable': '0', 'Growl': '1', 'High-freq-energy': '0', 'Long-island': '0', 'Low-tilt-spectrum': '1', 'Medium-island': '0', 'Short-island': '1', 'Squeal': '0', 'Typical-entropy': '0', 'Voicing-quality': '0', 'Wide-band': '0', 'Xlong-island': '0', 'seq': '1', 'end': 13271.67, 'start': 13271.51}]",0,0,[],[]
13272310,13274600,FEM,FAN,9.41,298,AICF,RC,22,TIFE,FI,0.0,0,-22.2,-11.59,[],0,0,[],[]
13274600,13275400,NA,NOF,0.0,298,AICF,NA,NA,NA,NA,0.0,0,-47.58,-34.16,[],0,0,[],[]
13275400,13279360,FEM,FAN,17.1,298,AICF,RC,22,NT,FH,0.0,0,-20.4,-10.57,[],0,0,[],[]
13279360,13280420,NA,NOF,0.0,298,AICF,NA,NA,NA,NA,0.0,0,-45.24,-36.1,[],0,0,[],[]
13280420,13282340,FEM,FAN,1.62,298,AICF,RC,22,TIFI,FH,0.0,0,-25.49,-9.92,[],0,0,[],[]
13282340,13283140,NA,OLN,0.0,298,AICF,NA,NA,NA,NA,0.0,0,-24.94,-15.09,[],0,0,[],[]
13283140,13284780,CHI,CHN,0.0,298,AICF,RC,23,TIFR,FI,1.0,1640,-14.12,-3.27,"[{'Canonical-syllable': '0', 'Growl': '0', 'High-freq-energy': '0', 'Long-island': '0', 'Low-tilt-spectrum': '0', 'Medium-island': '0', 'Short-island': '0', 'Squeal': '0', 'Typical-entropy': '0', 'Voicing-quality': '1', 'Wide-band': '0', 'Xlong-island': '1', 'seq': '1', 'end': 13284.78, 'start': 13283.14}]",0,0,[],[]
13284780,13286560,CHI,CHN,0.0,298,AICF,RC,23,NT,FH,1.0,1700,-15.23,-6.79,"[{'Canonical-syllable': '0', 'Growl': '3', 'High-freq-energy': '0', 'Long-island': '0', 'Low-tilt-spectrum': '0', 'Medium-island': '1', 'Short-island': '1', 'Squeal': '0', 'Typical-entropy': '6', 'Voicing-quality': '8', 'Wide-band': '1', 'Xlong-island': '0', 'seq': '1', 'end': 13286.48, 'start': 13284.78}]",0,0,[],[]
13286560,13287270,CHI,CHN,0.0,298,AICF,RC,23,NT,FH,1.0,710,-12.79,-2.36,"[{'Canonical-syllable': '0', 'Growl': '0', 'High-freq-energy': '0', 'Long-island': '0', 'Low-tilt-spectrum': '0', 'Medium-island': '1', 'Short-island': '1', 'Squeal': '0', 'Typical-entropy': '1', 'Voicing-quality': '2', 'Wide-band': '0', 'Xlong-island': '0', 'seq': '1', 'end': 13287.27, 'start': 13286.56}]",0,0,[],[]
13287270,13288370,CHI,CHN,0.0,298,AICF,RC,23,NT,FH,1.0,1100,-14.36,-7.51,"[{'Canonical-syllable': '0', 'Growl': '3', 'High-freq-energy': '0', 'Long-island': '0', 'Low-tilt-spectrum': '0', 'Medium-island': '3', 'Short-island': '0', 'Squeal': '0', 'Typical-entropy': '0', 'Voicing-quality': '3', 'Wide-band': '1', 'Xlong-island': '0', 'seq': '1', 'end': 13288.37, 'start': 13287.27}]",0,0,[],[]
13288370,13289540,CHI,CHN,0.0,298,AICF,RC,23,NT,FH,2.0,690,-15.02,-7.23,"[{'Canonical-syllable': '0', 'Growl': '1', 'High-freq-energy': '0', 'Long-island': '0', 'Low-tilt-spectrum': '0', 'Medium-island': '0', 'Short-island': '1', 'Squeal': '0', 'Typical-entropy': '0', 'Voicing-quality': '1', 'Wide-band': '0', 'Xlong-island': '0', 'seq': '1', 'end': 13288.49, 'start': 13288.37}, {'Canonical-syllable': '0', 'Growl': '0', 'High-freq-energy': '0', 'Long-island': '0', 'Low-tilt-spectrum': '0', 'Medium-island': '1', 'Short-island': '0', 'Squeal': '0', 'Typical-entropy': '2', 'Voicing-quality': '2', 'Wide-band': '0', 'Xlong-island': '0', 'seq': '2', 'end': 13289.54, 'start': 13288.97}]",0,0,[],[]
13289540,13290520,NA,OLF,0.0,298,AICF,NA,NA,NA,NA,0.0,0,-26.29,-15.51,[],0,0,[],[]
13290520,13291680,CHI,CHN,0.0,298,AICF,RC,23,NT,FH,1.0,1160,-13.71,-3.43,"[{'Canonical-syllable': '0', 'Growl': '1', 'High-freq-energy': '0', 'Long-island': '0', 'Low-tilt-spectrum': '0', 'Medium-island': '1', 'Short-island': '1', 'Squeal': '0', 'Typical-entropy': '0', 'Voicing-quality': '2', 'Wide-band': '0', 'Xlong-island': '0', 'seq': '1', 'end': 13291.68, 'start': 13290.52}]",0,0,[],[]
13291680,13293880,NA,OLN,0.0,298,AICF,NA,NA,NA,NA,0.0,0,-21.95,-7.52,[],0,0,[],[]
13293880,13294940,NA,NOF,0.0,298,AICF,NA,NA,NA,NA,0.0,0,-34.4,-22.72,[],0,0,[],[]
13294940,13297130,CHI,CHN,0.0,298,AICF,RC,23,NT,FH,1.0,2110,-15.24,-5.18,"[{'Canonical-syllable': '0', 'Growl': '2', 'High-freq-energy': '0', 'Long-island': '2', 'Low-tilt-spectrum': '0', 'Medium-island': '0', 'Short-island': '1', 'Squeal': '0', 'Typical-entropy': '0', 'Voicing-quality': '4', 'Wide-band': '1', 'Xlong-island': '0', 'seq': '1', 'end': 13297.05, 'start': 13294.94}]",0,0,[],[]
13297130,13298340,NA,OLF,0.0,298,AICF,NA,NA,NA,NA,0.0,0,-30.07,-18.29,[],0,0,[],[]
13298340,13299140,NA,MAF,0.0,298,AICF,NA,NA,NA,NA,0.0,0,-38.06,-30.63,[],0,0,[],[]
13299140,13300520,NA,OLF,0.0,298,AICF,NA,NA,NA,NA,0.0,0,-34.38,-24.16,[],0,0,[],[]
13300520,13301850,FEM,FAN,4.07,298,AICF,RC,23,TIFI,FI,0.0,0,-17.26,-9.73,[],0,0,[],[]
13301850,13304420,NA,MAF,0.0,298,AICF,NA,NA,NA,NA,0.0,0,-34.16,-19.97,[],0,0,[],[]
13304420,13305520,NA,FAF,0.0,298,AICF,NA,NA,NA,NA,0.0,0,-31.0,-20.89,[],0,0,[],[]
13305520,13306720,NA,OLF,0.0,298,AICF,NA,NA,NA,NA,0.0,0,-28.98,-13.04,[],0,0,[],[]
13306720,13307740,CHI,CHN,0.0,298,AICF,EC,24,TIFR,FI,1.0,1020,-15.54,-8.47,"[{'Canonical-syllable': '0', 'Growl': '0', 'High-freq-energy': '0', 'Long-island': '0', 'Low-tilt-spectrum': '0', 'Medium-island': '0', 'Short-island': '0', 'Squeal': '0', 'Typical-entropy': '1', 'Voicing-quality': '1', 'Wide-band': '0', 'Xlong-island': '1', 'seq': '1', 'end': 13307.74, 'start': 13306.72}]",0,0,[],[]
13307740,13313340,NA,OLN,0.0,299,pause,NA,NA,NA,NA,0.0,0,-30.43,-11.7,[],0,0,[],[]
13313340,13314540,FEM,FAN,0.0,299,pause,NA,NA,NA,NA,0.0,0,-20.61,-12.0,[],1200,0,[],[]
13314540,13315340,OCH,CXN,0.0,299,XIC,BC,0,NT,FI,0.0,0,-36.74,-31.6,[],0,0,[],[]
13315340,13316260,NA,OLF,0.0,299,XIC,NA,NA,NA,NA,0.0,0,-38.45,-31.29,[],0,0,[],[]
13316260,13317510,FEM,FAN,7.69,299,XIC,RC,0,NT,FI,0.0,0,-16.31,-12.3,[],0,0,[],[]
13317510,13320860,NA,OLN,0.0,299,XIC,NA,NA,NA,NA,0.0,0,-26.97,-11.18,[],0,0,[],[]
13320860,13323190,FEM,FAN,8.59,299,XIC,RC,0,NT,FH,0.0,0,-19.41,-11.01,[],0,0,[],[]
13323190,13324110,NA,OLN,0.0,299,XIC,NA,NA,NA,NA,0.0,0,-27.45,-16.95,[],0,0,[],[]
13324110,13326890,FEM,FAN,7.21,299,XIC,RC,0,NT,FH,0.0,0,-19.8,-11.73,[],0,0,[],[]
13326890,13329060,NA,NOF,0.0,299,XIC,NA,NA,NA,NA,0.0,0,-42.7,-30.33,[],0,0,[],[]
13329060,13329670,FEM,FAN,3.29,299,XIC,RC,0,NT,FH,0.0,0,-30.57,-25.76,[],0,0,[],[]
13329670,13330470,NA,FAF,0.0,299,XIC,NA,NA,NA,NA,0.0,0,-45.28,-36.95,[],0,0,[],[]
13330470,13331650,FEM,FAN,7.14,299,XIC,RC,0,NT,FH,0.0,0,-30.53,-25.42,[],0,0,[],[]
13331650,13332770,MAL,MAN,4.97,299,XIC,RC,0,NT,FI,0.0,0,-39.21,-32.61,[],0,0,[],[]
13332770,13333630,NA,NOF,0.0,299,XIC,NA,NA,NA,NA,0.0,0,-46.4,-38.4,[],0,0,[],[]
13333630,13338230,FEM,FAN,18.81,299,XIC,RC,0,NT,FI,0.0,0,-26.28,-17.4,[],0,0,[],[]
13338230,13339050,NA,SIL,0.0,299,XIC,NA,NA,NA,NA,0.0,0,-50.99,-43.26,[],0,0,[],[]
13339050,13340060,FEM,FAN,3.4,299,XIC,RC,0,NT,FH,0.0,0,-37.15,-24.36,[],0,0,[],[]
13340060,13341070,NA,NOF,0.0,299,XIC,NA,NA,NA,NA,0.0,0,-49.77,-44.71,[],0,0,[],[]
13341070,13343840,FEM,FAN,9.77,299,XIC,RC,0,TIFI,FH,0.0,0,-39.72,-28.26,[],0,0,[],[]
13343840,13344490,CHI,CHN,0.0,299,XIC,RC,1,TIFR,FI,1.0,650,-19.29,-15.8,"[{'Canonical-syllable': '0', 'Growl': '1', 'High-freq-energy': '0', 'Long-island': '0', 'Low-tilt-spectrum': '0', 'Medium-island': '1', 'Short-island': '0', 'Squeal': '0', 'Typical-entropy': '0', 'Voicing-quality': '1', 'Wide-band': '0', 'Xlong-island': '0', 'seq': '1', 'end': 13344.49, 'start': 13343.99}]",0,0,[],[]
13344490,13349660,FEM,FAN,16.46,299,XIC,RC,1,TIFE,FI,0.0,0,-35.21,-20.48,[],0,0,[],[]
13349660,13350290,FEM,FAN,3.86,299,XIC,RC,1,NT,FH,0.0,0,-21.72,-15.94,[],0,0,[],[]
13350290,13352890,NA,OLF,0.0,299,XIC,NA,NA,NA,NA,0.0,0,-41.93,-31.83,[],0,0,[],[]
13352890,13354470,FEM,FAN,6.92,299,XIC,RC,1,NT,FH,0.0,0,-33.38,-21.41,[],0,0,[],[]
13354470,13355270,NA,FAF,0.0,299,XIC,NA,NA,NA,NA,0.0,0,-43.19,-32.12,[],0,0,[],[]
13355270,13359080,FEM,FAN,13.73,299,XIC,RC,1,NT,FH,0.0,0,-36.79,-22.59,[],0,0,[],[]
13359080,13360080,NA,TVF,0.0,299,XIC,NA,NA,NA,NA,0.0,0,-40.36,-32.6,[],0,0,[],[]
13360080,13366060,FEM,FAN,17.97,299,XIC,RC,1,NT,FH,0.0,0,-30.83,-20.43,[],0,0,[],[]
13366060,13366900,NA,MAF,0.0,299,XIC,NA,NA,NA,NA,0.0,0,-45.47,-39.29,[],0,0,[],[]
13366900,13367990,FEM,FAN,6.76,299,XIC,RC,1,NT,FH,0.0,0,-22.62,-14.1,[],0,0,[],[]
13367990,13368790,NA,OLF,0.0,299,XIC,NA,NA,NA,NA,0.0,0,-36.81,-29.41,[],0,0,[],[]
13368790,13375490,FEM,FAN,23.94,299,XIC,RC,1,NT,FH,0.0,0,-23.15,-13.17,[],0,0,[],[]
13375490,13376560,MAL,MAN,1.71,299,XIC,RC,1,NT,FI,0.0,0,-32.17,-24.19,[],0,0,[],[]
13376560,13377650,FEM,FAN,6.16,299,XIC,RC,1,NT,FI,0.0,0,-29.69,-22.09,[],0,0,[],[]
13377650,13378990,MAL,MAN,5.33,299,XIC,RC,1,NT,FI,0.0,0,-30.19,-25.09,[],0,0,[],[]
13378990,13379890,NA,OLN,0.0,299,XIC,NA,NA,NA,NA,0.0,0,-38.3,-31.97,[],0,0,[],[]
13379890,13383960,FEM,FAN,14.45,299,XIC,RC,1,NT,FI,0.0,0,-25.87,-14.75,[],0,0,[],[]
13383960,13384780,OCH,CXN,0.0,299,XIC,RC,1,NT,FI,0.0,0,-40.43,-37.69,[],0,0,[],[]
13384780,13387640,FEM,FAN,4.43,299,XIC,RC,1,NT,FI,0.0,0,-36.04,-23.79,[],0,0,[],[]
13387640,13388480,NA,SIL,0.0,299,XIC,NA,NA,NA,NA,0.0,0,-49.06,-41.67,[],0,0,[],[]
13388480,13390120,FEM,FAN,10.88,299,XIC,RC,1,NT,FH,0.0,0,-34.09,-27.21,[],0,0,[],[]
13390120,13390920,OCH,CXN,0.0,299,XIC,RC,1,NT,FI,0.0,0,-40.37,-33.62,[],0,0,[],[]
13390920,13391750,NA,OLF,0.0,299,XIC,NA,NA,NA,NA,0.0,0,-41.44,-36.37,[],0,0,[],[]
13391750,13393540,FEM,FAN,2.93,299,XIC,RC,1,NT,FI,0.0,0,-22.74,-14.51,[],0,0,[],[]
13393540,13394340,NA,OLF,0.0,299,XIC,NA,NA,NA,NA,0.0,0,-37.92,-26.88,[],0,0,[],[]
13394340,13395450,FEM,FAN,0.65,299,XIC,RC,1,NT,FH,0.0,0,-23.25,-10.35,[],0,0,[],[]
13395450,13396250,NA,NOF,0.0,299,XIC,NA,NA,NA,NA,0.0,0,-43.62,-35.3,[],0,0,[],[]
13396250,13397760,NA,FAF,0.0,299,XIC,NA,NA,NA,NA,0.0,0,-39.37,-33.92,[],0,0,[],[]
13397760,13398840,MAL,MAN,4.58,299,XIC,EC,1,NT,FI,0.0,0,-32.24,-15.82,[],0,0,[],[]
13398840,13400550,NA,FAF,0.0,300,pause,NA,NA,NA,NA,0.0,0,-33.63,-19.09,[],0,0,[],[]
13400550,13401820,NA,OLF,0.0,300,pause,NA,NA,NA,NA,0.0,0,-31.28,-16.95,[],0,0,[],[]
13401820,13402820,NA,FAF,0.0,300,pause,NA,NA,NA,NA,0.0,0,-31.52,-16.53,[],0,0,[],[]
13402820,13403620,NA,SIL,0.0,300,pause,NA,NA,NA,NA,0.0,0,-35.27,-20.9,[],0,0,[],[]
13403620,13405660,NA,FAF,0.0,300,pause,NA,NA,NA,NA,0.0,0,-42.69,-37.21,[],0,0,[],[]
13405660,13406810,NA,OLF,0.0,300,pause,NA,NA,NA,NA,0.0,0,-43.19,-36.51,[],0,0,[],[]
13406810,13407910,NA,MAF,0.0,300,pause,NA,NA,NA,NA,0.0,0,-44.09,-39.49,[],0,0,[],[]
13407910,13410330,FEM,FAN,4.36,300,AIOCF,BC,0,NT,FI,0.0,0,-38.9,-27.41,[],0,0,[],[]
13410330,13411760,MAL,MAN,15.22,300,AIOCF,RC,0,NT,FI,0.0,0,-37.28,-34.02,[],0,0,[],[]
13411760,13413730,FEM,FAN,8.55,300,AIOCF,RC,0,NT,FI,0.0,0,-40.75,-32.0,[],0,0,[],[]
13413730,13414530,NA,OLF,0.0,300,AIOCF,NA,NA,NA,NA,0.0,0,-40.5,-31.82,[],0,0,[],[]
13414530,13415850,FEM,FAN,6.92,300,AIOCF,RC,0,NT,FH,0.0,0,-19.58,-11.37,[],0,0,[],[]
13415850,13416650,NA,OLN,0.0,300,AIOCF,NA,NA,NA,NA,0.0,0,-28.84,-17.1,[],0,0,[],[]
13416650,13417680,NA,FAF,0.0,300,AIOCF,NA,NA,NA,NA,0.0,0,-39.18,-30.19,[],0,0,[],[]
13417680,13419190,NA,OLN,0.0,300,AIOCF,NA,NA,NA,NA,0.0,0,-24.29,-13.76,[],0,0,[],[]
13419190,13419790,OCH,CXN,0.0,300,AIOCF,RC,0,NT,FI,0.0,0,-21.84,-18.84,[],0,0,[],[]
13419790,13421390,FEM,FAN,11.93,300,AIOCF,RC,0,NT,FI,0.0,0,-15.02,-10.6,[],0,0,[],[]
13421390,13422260,NA,OLN,0.0,300,AIOCF,NA,NA,NA,NA,0.0,0,-22.08,-14.87,[],0,0,[],[]
13422260,13422860,FEM,FAN,2.95,300,AIOCF,RC,0,NT,FH,0.0,0,-18.04,-10.99,[],0,0,[],[]
13422860,13427570,FEM,FAN,18.73,300,AIOCF,RC,0,NT,FH,0.0,0,-16.82,-9.55,[],0,0,[],[]
13427570,13428370,NA,OLN,0.0,300,AIOCF,NA,NA,NA,NA,0.0,0,-30.49,-18.75,[],0,0,[],[]
13428370,13430340,FEM,FAN,9.58,300,AIOCF,RC,0,NT,FH,0.0,0,-17.16,-10.48,[],0,0,[],[]
13430340,13431990,MAL,MAN,8.19,300,AIOCF,RC,0,NT,FI,0.0,0,-21.35,-12.88,[],0,0,[],[]
13431990,13433090,FEM,FAN,8.29,300,AIOCF,RC,0,NT,FI,0.0,0,-22.81,-14.22,[],0,0,[],[]
13433090,13434330,NA,OLN,0.0,300,AIOCF,NA,NA,NA,NA,0.0,0,-32.01,-22.42,[],0,0,[],[]
13434330,13435330,FEM,FAN,4.09,300,AIOCF,RC,0,NT,FH,0.0,0,-24.15,-10.95,[],0,0,[],[]
13435330,13438540,NA,OLF,0.0,300,AIOCF,NA,NA,NA,NA,0.0,0,-20.0,-3.54,[],0,0,[],[]
13438540,13440170,FEM,FAN,7.94,300,AIOCF,EC,0,NT,FH,0.0,0,-19.64,-3.82,[],0,0,[],[]
13440170,13441860,NA,OLN,0.0,301,pause,NA,NA,NA,NA,0.0,0,-35.37,-24.44,[],0,0,[],[]
13441860,13442720,NA,NOF,0.0,301,pause,NA,NA,NA,NA,0.0,0,-29.73,-20.79,[],0,0,[],[]
13442720,13446870,NA,OLN,0.0,301,pause,NA,NA,NA,NA,0.0,0,-28.46,-9.54,[],0,0,[],[]
13446870,13447900,CHI,CHN,0.0,301,CIC,BC,0,NT,FI,1.0,750,-19.05,-6.94,"[{'Canonical-syllable': '0', 'Growl': '0', 'High-freq-energy': '0', 'Long-island': '0', 'Low-tilt-spectrum': '0', 'Medium-island': '1', 'Short-island': '0', 'Squeal': '0', 'Typical-entropy': '0', 'Voicing-quality': '1', 'Wide-band': '0', 'Xlong-island': '0', 'seq': '1', 'end': 13447.62, 'start': 13447.16}]",0,0,[],[]
13447900,13450210,NA,OLN,0.0,301,CIC,NA,NA,NA,NA,0.0,0,-33.89,-23.8,[],0,0,[],[]
13450210,13452150,OCH,CXN,0.0,301,CIC,RC,0,NT,FI,0.0,0,-15.13,-6.2,[],0,0,[],[]
13452150,13452950,CHI,CHN,0.0,301,CIC,RC,0,NT,FI,1.0,800,-14.78,-11.45,"[{'Canonical-syllable': '0', 'Growl': '0', 'High-freq-energy': '0', 'Long-island': '1', 'Low-tilt-spectrum': '0', 'Medium-island': '0', 'Short-island': '0', 'Squeal': '0', 'Typical-entropy': '1', 'Voicing-quality': '1', 'Wide-band': '0', 'Xlong-island': '0', 'seq': '1', 'end': 13452.95, 'start': 13452.15}]",0,0,[],[]
13452950,13454340,NA,OLN,0.0,301,CIC,NA,NA,NA,NA,0.0,0,-34.18,-23.09,[],0,0,[],[]
13454340,13454970,CHI,CHN,0.0,301,CIC,RC,0,TIFI,FH,1.0,630,-14.03,-9.29,"[{'Canonical-syllable': '0', 'Growl': '0', 'High-freq-energy': '1', 'Long-island': '0', 'Low-tilt-spectrum': '1', 'Medium-island': '1', 'Short-island': '0', 'Squeal': '0', 'Typical-entropy': '1', 'Voicing-quality': '1', 'Wide-band': '0', 'Xlong-island': '0', 'seq': '1', 'end': 13454.97, 'start': 13454.46}]",0,0,[],[]
13454970,13456210,FEM,FAN,8.77,301,CIC,EC,1,TIFR,FI,0.0,0,-18.46,-13.18,[],0,0,[],[]
13456210,13458230,NA,NOF,0.0,302,pause,NA,NA,NA,NA,0.0,0,-18.08,-6.71,[],0,0,[],[]
13458230,13461250,NA,OLN,0.0,302,pause,NA,NA,NA,NA,0.0,0,-21.4,-5.21,[],0,0,[],[]
13461250,13462310,CHI,CHN,0.0,302,CIC,BC,0,TIFI,FI,1.0,740,-26.0,-16.43,"[{'Canonical-syllable': '1', 'Growl': '0', 'High-freq-energy': '0', 'Long-island': '0', 'Low-tilt-spectrum': '0', 'Medium-island': '2', 'Short-island': '0', 'Squeal': '0', 'Typical-entropy': '2', 'Voicing-quality': '2', 'Wide-band': '0', 'Xlong-island': '0', 'seq': '1', 'end': 13461.99, 'start': 13461.25}]",0,0,[],[]
13462310,13463110,NA,OLN,0.0,302,CIC,NA,NA,NA,NA,0.0,0,-24.77,-11.41,[],0,0,[],[]
13463110,13464880,CHI,CHN,0.0,302,CIC,NA,NA,NA,NA,0.0,0,-16.05,-5.92,[],0,1770,"[{'start': 13463.11, 'end': 13464.88}]",[]
13464880,13465720,NA,OLN,0.0,302,CIC,NA,NA,NA,NA,0.0,0,-18.03,-11.33,[],0,0,[],[]
13465720,13468340,FEM,FAN,11.43,302,CIC,RC,1,TIFR,FI,0.0,0,-18.05,-9.69,[],0,0,[],[]
13468340,13470110,NA,NOF,0.0,302,CIC,NA,NA,NA,NA,0.0,0,-25.42,-7.57,[],0,0,[],[]
13470110,13471120,NA,OLF,0.0,302,CIC,NA,NA,NA,NA,0.0,0,-19.35,-4.65,[],0,0,[],[]
13471120,13472570,FEM,FAN,5.85,302,CIC,RC,1,NT,FH,0.0,0,-22.46,-9.98,[],0,0,[],[]
13472570,13473580,NA,OLF,0.0,302,CIC,NA,NA,NA,NA,0.0,0,-38.44,-31.56,[],0,0,[],[]
13473580,13475180,FEM,FAN,10.55,302,CIC,RC,1,NT,FH,0.0,0,-17.27,-11.1,[],0,0,[],[]
13475180,13475790,CHI,CHN,0.0,302,CIC,NA,NA,NA,NA,0.0,0,-17.74,-13.38,[],0,480,"[{'start': 13475.18, 'end': 13475.66}]",[]
13475790,13479570,FEM,FAN,16.27,302,CIC,RC,1,NT,FH,0.0,0,-20.75,-13.0,[],0,0,[],[]
13479570,13480570,NA,OLF,0.0,302,CIC,NA,NA,NA,NA,0.0,0,-28.97,-12.69,[],0,0,[],[]
13480570,13481400,NA,NOF,0.0,302,CIC,NA,NA,NA,NA,0.0,0,-27.64,-17.38,[],0,0,[],[]
13481400,13482650,FEM,FAN,5.07,302,CIC,RC,1,NT,FH,0.0,0,-25.88,-15.56,[],0,0,[],[]
13482650,13483530,NA,OLF,0.0,302,CIC,NA,NA,NA,NA,0.0,0,-32.69,-24.8,[],0,0,[],[]
13483530,13484150,CHI,CHN,0.0,302,CIC,EC,1,TIFE,FI,1.0,620,-31.18,-25.5,"[{'Canonical-syllable': '0', 'Growl': '1', 'High-freq-energy': '0', 'Long-island': '0', 'Low-tilt-spectrum': '1', 'Medium-island': '1', 'Short-island': '0', 'Squeal': '0', 'Typical-entropy': '1', 'Voicing-quality': '1', 'Wide-band': '0', 'Xlong-island': '0', 'seq': '1', 'end': 13484.15, 'start': 13483.53}]",0,0,[],[]
13484150,13488870,NA,OLN,0.0,303,pause,NA,NA,NA,NA,0.0,0,-22.99,-7.0,[],0,0,[],[]
13488870,13489860,NA,NOF,0.0,303,pause,NA,NA,NA,NA,0.0,0,-24.89,-15.24,[],0,0,[],[]
13489860,13490950,NA,OLF,0.0,303,pause,NA,NA,NA,NA,0.0,0,-35.84,-25.1,[],0,0,[],[]
13490950,13492830,FEM,FAN,10.81,303,AICF,BC,0,NT,FI,0.0,0,-16.32,-8.57,[],0,0,[],[]
13492830,13493430,FEM,FAN,4.12,303,AICF,RC,0,NT,FH,0.0,0,-18.51,-13.53,[],0,0,[],[]
13493430,13495230,FEM,FAN,8.54,303,AICF,RC,0,TIFI,FH,0.0,0,-24.2,-16.13,[],0,0,[],[]
13495230,13495980,CHI,CHN,0.0,303,AICF,RC,1,TIFR,FI,1.0,750,-21.8,-15.16,"[{'Canonical-syllable': '0', 'Growl': '0', 'High-freq-energy': '1', 'Long-island': '0', 'Low-tilt-spectrum': '1', 'Medium-island': '2', 'Short-island': '0', 'Squeal': '0', 'Typical-entropy': '2', 'Voicing-quality': '2', 'Wide-band': '0', 'Xlong-island': '0', 'seq': '1', 'end': 13495.98, 'start': 13495.23}]",0,0,[],[]
13495980,13497150,FEM,FAN,2.77,303,AICF,RC,1,TIFI,FI,0.0,0,-25.02,-16.95,[],0,0,[],[]
13497150,13497750,CHI,CHN,0.0,303,AICF,RC,2,TIFR,FI,1.0,210,-26.41,-18.57,"[{'Canonical-syllable': '0', 'Growl': '0', 'High-freq-energy': '0', 'Long-island': '0', 'Low-tilt-spectrum': '0', 'Medium-island': '0', 'Short-island': '1', 'Squeal': '0', 'Typical-entropy': '1', 'Voicing-quality': '1', 'Wide-band': '0', 'Xlong-island': '0', 'seq': '1', 'end': 13497.75, 'start': 13497.54}]",0,0,[],[]
13497750,13499660,FEM,FAN,7.24,303,AICF,RC,2,TIFE,FI,0.0,0,-23.95,-14.43,[],0,0,[],[]
13499660,13500620,NA,NOF,0.0,303,AICF,NA,NA,NA,NA,0.0,0,-34.11,-18.83,[],0,0,[],[]
13500620,13502670,FEM,FAN,10.62,303,AICF,RC,2,NT,FH,0.0,0,-21.58,-15.31,[],0,0,[],[]
13502670,13504020,NA,NOF,0.0,303,AICF,NA,NA,NA,NA,0.0,0,-48.44,-36.98,[],0,0,[],[]
13504020,13504820,NA,SIL,0.0,303,AICF,NA,NA,NA,NA,0.0,0,-49.4,-41.34,[],0,0,[],[]
13504820,13506130,NA,OLN,0.0,303,AICF,NA,NA,NA,NA,0.0,0,-20.22,-5.86,[],0,0,[],[]
13506130,13507130,FEM,FAN,6.95,303,AICF,RC,2,TIFI,FH,0.0,0,-15.45,-10.78,[],0,0,[],[]
13507130,13507930,NA,OLN,0.0,303,AICF,NA,NA,NA,NA,0.0,0,-12.99,-5.21,[],0,0,[],[]
13507930,13508550,CHI,CHN,0.0,303,AICF,RC,3,TIFR,FI,1.0,620,-14.88,-6.64,"[{'Canonical-syllable': '0', 'Growl': '0', 'High-freq-energy': '0', 'Long-island': '0', 'Low-tilt-spectrum': '0', 'Medium-island': '1', 'Short-island': '0', 'Squeal': '0', 'Typical-entropy': '0', 'Voicing-quality': '1', 'Wide-band': '0', 'Xlong-island': '0', 'seq': '1', 'end': 13508.55, 'start': 13507.93}]",0,0,[],[]
13508550,13509830,NA,OLN,0.0,303,AICF,NA,NA,NA,NA,0.0,0,-18.41,-6.43,[],0,0,[],[]
13509830,13511120,NA,NON,0.0,303,AICF,NA,NA,NA,NA,0.0,0,-20.33,-6.46,[],0,0,[],[]
13511120,13511990,NA,OLN,0.0,303,AICF,NA,NA,NA,NA,0.0,0,-34.15,-27.45,[],0,0,[],[]
13511990,13513430,FEM,FAN,7.74,303,AICF,RC,3,TIFE,FI,0.0,0,-21.41,-15.23,[],0,0,[],[]
13513430,13514500,NA,OLF,0.0,303,AICF,NA,NA,NA,NA,0.0,0,-38.48,-29.92,[],0,0,[],[]
13514500,13515310,OCH,CXN,0.0,303,AICF,RC,3,NT,FI,0.0,0,-34.74,-23.29,[],0,0,[],[]
13515310,13517580,FEM,FAN,9.85,303,AICF,RC,3,NT,FI,0.0,0,-21.87,-14.34,[],0,0,[],[]
13517580,13519140,NA,SIL,0.0,303,AICF,NA,NA,NA,NA,0.0,0,-51.5,-43.48,[],0,0,[],[]
13519140,13520360,OCH,CXN,0.0,303,AICF,RC,3,NT,FI,0.0,0,-36.95,-25.73,[],0,0,[],[]
13520360,13522930,FEM,FAN,12.55,303,AICF,RC,3,TIFI,FI,0.0,0,-24.14,-15.37,[],0,0,[],[]
13522930,13523730,NA,FAF,0.0,303,AICF,NA,NA,NA,NA,0.0,0,-43.55,-35.94,[],0,0,[],[]
13523730,13524730,CHI,CHN,0.0,303,AICF,RC,4,TIFR,FI,1.0,1000,-21.14,-16.88,"[{'Canonical-syllable': '0', 'Growl': '0', 'High-freq-energy': '0', 'Long-island': '0', 'Low-tilt-spectrum': '0', 'Medium-island': '0', 'Short-island': '0', 'Squeal': '0', 'Typical-entropy': '1', 'Voicing-quality': '1', 'Wide-band': '0', 'Xlong-island': '1', 'seq': '1', 'end': 13524.73, 'start': 13523.73}]",0,0,[],[]
13524730,13525730,NA,NOF,0.0,303,AICF,NA,NA,NA,NA,0.0,0,-41.36,-26.72,[],0,0,[],[]
13525730,13528380,FEM,FAN,9.05,303,AICF,RC,4,TIFE,FI,0.0,0,-31.79,-18.6,[],0,0,[],[]
13528380,13529180,NA,OLN,0.0,303,AICF,NA,NA,NA,NA,0.0,0,-36.34,-29.74,[],0,0,[],[]
13529180,13530330,FEM,FAN,1.87,303,AICF,RC,4,NT,FH,0.0,0,-33.09,-22.14,[],0,0,[],[]
13530330,13531180,NA,OLN,0.0,303,AICF,NA,NA,NA,NA,0.0,0,-33.78,-23.84,[],0,0,[],[]
13531180,13533190,FEM,FAN,7.9,303,AICF,RC,4,NT,FH,0.0,0,-36.28,-24.92,[],0,0,[],[]
13533190,13535200,OCH,CXN,0.0,303,AICF,RC,4,NT,FI,0.0,0,-36.82,-29.92,[],0,0,[],[]
13535200,13536340,NA,FAF,0.0,303,AICF,NA,NA,NA,NA,0.0,0,-40.09,-29.07,[],0,0,[],[]
13536340,13537390,NA,OLN,0.0,303,AICF,NA,NA,NA,NA,0.0,0,-36.31,-29.49,[],0,0,[],[]
13537390,13538390,NA,TVN,0.0,303,AICF,NA,NA,NA,NA,0.0,0,-35.84,-26.65,[],0,0,[],[]
13538390,13539390,NA,FAF,0.0,303,AICF,NA,NA,NA,NA,0.0,0,-37.98,-26.69,[],0,0,[],[]
13539390,13544250,FEM,FAN,16.54,303,AICF,RC,4,TIFI,FI,0.0,0,-28.39,-15.42,[],0,0,[],[]
13544250,13544900,CHI,CHN,0.0,303,AICF,RC,5,TIFR,FI,1.0,650,-23.73,-19.77,"[{'Canonical-syllable': '0', 'Growl': '0', 'High-freq-energy': '0', 'Long-island': '1', 'Low-tilt-spectrum': '0', 'Medium-island': '0', 'Short-island': '0', 'Squeal': '0', 'Typical-entropy': '0', 'Voicing-quality': '1', 'Wide-band': '0', 'Xlong-island': '0', 'seq': '1', 'end': 13544.9, 'start': 13544.25}]",0,0,[],[]
13544900,13546220,FEM,FAN,8.77,303,AICF,RC,5,TIFE,FI,0.0,0,-32.57,-23.89,[],0,0,[],[]
13546220,13547140,NA,SIL,0.0,303,AICF,NA,NA,NA,NA,0.0,0,-47.84,-41.66,[],0,0,[],[]
13547140,13550280,FEM,FAN,10.67,303,AICF,RC,5,NT,FH,0.0,0,-37.7,-25.98,[],0,0,[],[]
13550280,13551230,NA,SIL,0.0,303,AICF,NA,NA,NA,NA,0.0,0,-45.4,-33.81,[],0,0,[],[]
13551230,13554920,FEM,FAN,14.3,303,AICF,RC,5,NT,FH,0.0,0,-36.38,-25.25,[],0,0,[],[]
13554920,13555900,NA,SIL,0.0,303,AICF,NA,NA,NA,NA,0.0,0,-45.96,-36.13,[],0,0,[],[]
13555900,13561840,FEM,FAN,22.29,303,AICF,RC,5,NT,FH,0.0,0,-25.98,-16.65,[],0,0,[],[]
13561840,13562640,NA,OLF,0.0,303,AICF,NA,NA,NA,NA,0.0,0,-36.57,-27.17,[],0,0,[],[]
13562640,13564370,FEM,FAN,7.88,303,AICF,RC,5,NT,FH,0.0,0,-31.53,-25.44,[],0,0,[],[]
13564370,13565250,NA,MAF,0.0,303,AICF,NA,NA,NA,NA,0.0,0,-46.39,-37.2,[],0,0,[],[]
13565250,13566050,NA,SIL,0.0,303,AICF,NA,NA,NA,NA,0.0,0,-31.95,-19.39,[],0,0,[],[]
13566050,13583900,FEM,FAN,57.53,303,AICF,RC,5,NT,FH,0.0,0,-25.29,-14.39,[],0,0,[],[]
13583900,13584860,NA,OLN,0.0,303,AICF,NA,NA,NA,NA,0.0,0,-25.32,-15.54,[],0,0,[],[]
13584860,13585860,FEM,FAN,4.86,303,AICF,RC,5,NT,FH,0.0,0,-25.38,-17.46,[],0,0,[],[]
13585860,13586880,NA,OLN,0.0,303,AICF,NA,NA,NA,NA,0.0,0,-23.03,-14.26,[],0,0,[],[]
13586880,13588020,FEM,FAN,3.16,303,AICF,RC,5,NT,FH,0.0,0,-33.58,-23.32,[],0,0,[],[]
13588020,13589110,MAL,MAN,0.08,303,AICF,RC,5,NT,FI,0.0,0,-34.36,-26.03,[],0,0,[],[]
13589110,13590120,NA,OLN,0.0,303,AICF,NA,NA,NA,NA,0.0,0,-34.23,-26.21,[],0,0,[],[]
13590120,13591980,FEM,FAN,7.67,303,AICF,RC,5,NT,FI,0.0,0,-20.45,-6.47,[],0,0,[],[]
13591980,13594770,NA,OLN,0.0,303,AICF,NA,NA,NA,NA,0.0,0,-25.32,-10.46,[],0,0,[],[]
13594770,13596730,NA,MAF,0.0,303,AICF,NA,NA,NA,NA,0.0,0,-35.93,-27.15,[],0,0,[],[]
13596730,13597730,FEM,FAN,5.62,303,AICF,RC,5,NT,FH,0.0,0,-23.44,-16.87,[],0,0,[],[]
13597730,13599030,NA,OLN,0.0,303,AICF,NA,NA,NA,NA,0.0,0,-33.42,-25.38,[],0,0,[],[]
13599030,13601440,FEM,FAN,11.15,303,AICF,RC,5,NT,FH,0.0,0,-21.2,-10.55,[],0,0,[],[]
13601440,13604040,NA,OLF,0.0,303,AICF,NA,NA,NA,NA,0.0,0,-27.86,-16.63,[],0,0,[],[]
13604040,13605560,FEM,FAN,5.47,303,AICF,RC,5,NT,FH,0.0,0,-22.33,-13.9,[],0,0,[],[]
13605560,13608590,NA,OLN,0.0,303,AICF,NA,NA,NA,NA,0.0,0,-30.7,-16.97,[],0,0,[],[]
13608590,13609760,FEM,FAN,1.55,303,AICF,EC,5,NT,FH,0.0,0,-29.18,-19.6,[],0,0,[],[]
13609760,13611710,NA,OLN,0.0,304,pause,NA,NA,NA,NA,0.0,0,-20.0,-6.75,[],0,0,[],[]
13611710,13612710,NA,MAF,0.0,304,pause,NA,NA,NA,NA,0.0,0,-32.78,-23.9,[],0,0,[],[]
13612710,13614860,NA,OLF,0.0,304,pause,NA,NA,NA,NA,0.0,0,-25.1,-10.29,[],0,0,[],[]
13614860,13615710,NA,NOF,0.0,304,pause,NA,NA,NA,NA,0.0,0,-20.75,-7.92,[],0,0,[],[]
13615710,13616710,FEM,FAN,3.33,304,AICF,BC,0,NT,FI,0.0,0,-26.67,-18.73,[],0,0,[],[]
13616710,13618900,NA,OLN,0.0,304,AICF,NA,NA,NA,NA,0.0,0,-26.97,-19.63,[],0,0,[],[]
13618900,13620580,FEM,FAN,4.91,304,AICF,RC,0,NT,FH,0.0,0,-32.9,-22.99,[],0,0,[],[]
13620580,13621580,MAL,MAN,2.77,304,AICF,RC,0,NT,FI,0.0,0,-30.38,-24.28,[],0,0,[],[]
13621580,13623040,NA,OLN,0.0,304,AICF,NA,NA,NA,NA,0.0,0,-24.76,-15.83,[],0,0,[],[]
13623040,13627950,FEM,FAN,18.1,304,AICF,RC,0,NT,FI,0.0,0,-28.17,-20.87,[],0,0,[],[]
13627950,13629140,MAL,MAN,3.52,304,AICF,RC,0,NT,FI,0.0,0,-28.31,-20.93,[],0,0,[],[]
13629140,13630430,NA,TVN,0.0,304,AICF,NA,NA,NA,NA,0.0,0,-33.8,-26.44,[],0,0,[],[]
13630430,13636200,FEM,FAN,19.69,304,AICF,RC,0,NT,FI,0.0,0,-29.08,-20.98,[],0,0,[],[]
13636200,13637310,NA,MAF,0.0,304,AICF,NA,NA,NA,NA,0.0,0,-40.12,-33.75,[],0,0,[],[]
13637310,13639210,FEM,FAN,5.42,304,AICF,RC,0,NT,FH,0.0,0,-31.69,-23.03,[],0,0,[],[]
13639210,13640210,MAL,MAN,5.03,304,AICF,RC,0,NT,FI,0.0,0,-32.63,-28.06,[],0,0,[],[]
13640210,13641270,NA,SIL,0.0,304,AICF,NA,NA,NA,NA,0.0,0,-46.68,-35.43,[],0,0,[],[]
13641270,13642350,NA,OLN,0.0,304,AICF,NA,NA,NA,NA,0.0,0,-23.24,-17.36,[],0,0,[],[]
13642350,13647650,FEM,FAN,19.64,304,AICF,RC,0,NT,FI,0.0,0,-30.1,-22.75,[],0,0,[],[]
13647650,13648650,NA,TVN,0.0,304,AICF,NA,NA,NA,NA,0.0,0,-37.43,-29.57,[],0,0,[],[]
13648650,13650420,FEM,FAN,4.38,304,AICF,RC,0,NT,FH,0.0,0,-34.68,-24.35,[],0,0,[],[]
13650420,13652170,MAL,MAN,6.69,304,AICF,RC,0,NT,FI,0.0,0,-28.53,-20.67,[],0,0,[],[]
13652170,13652970,NA,OLN,0.0,304,AICF,NA,NA,NA,NA,0.0,0,-28.3,-22.52,[],0,0,[],[]
13652970,13654360,FEM,FAN,4.78,304,AICF,RC,0,NT,FI,0.0,0,-30.66,-24.37,[],0,0,[],[]
13654360,13655460,NA,TVN,0.0,304,AICF,NA,NA,NA,NA,0.0,0,-31.71,-23.1,[],0,0,[],[]
13655460,13656460,FEM,FAN,1.14,304,AICF,RC,0,NT,FH,0.0,0,-29.26,-22.58,[],0,0,[],[]
13656460,13657420,NA,OLN,0.0,304,AICF,NA,NA,NA,NA,0.0,0,-30.95,-26.17,[],0,0,[],[]
13657420,13658610,MAL,MAN,5.52,304,AICF,RC,0,NT,FI,0.0,0,-33.35,-24.97,[],0,0,[],[]
13658610,13659840,NA,OLN,0.0,304,AICF,NA,NA,NA,NA,0.0,0,-27.73,-21.34,[],0,0,[],[]
13659840,13660920,NA,TVN,0.0,304,AICF,NA,NA,NA,NA,0.0,0,-32.83,-25.38,[],0,0,[],[]
13660920,13664000,FEM,FAN,11.04,304,AICF,RC,0,NT,FI,0.0,0,-28.32,-18.07,[],0,0,[],[]
13664000,13664950,NA,OLN,0.0,304,AICF,NA,NA,NA,NA,0.0,0,-29.4,-23.93,[],0,0,[],[]
13664950,13665620,FEM,FAN,3.89,304,AICF,RC,0,NT,FH,0.0,0,-35.77,-24.6,[],0,0,[],[]
13665620,13666830,NA,MAF,0.0,304,AICF,NA,NA,NA,NA,0.0,0,-34.26,-26.78,[],0,0,[],[]
13666830,13668920,FEM,FAN,10.83,304,AICF,RC,0,NT,FH,0.0,0,-29.24,-22.11,[],0,0,[],[]
13668920,13669730,NA,SIL,0.0,304,AICF,NA,NA,NA,NA,0.0,0,-48.38,-41.7,[],0,0,[],[]
13669730,13671340,FEM,FAN,1.62,304,AICF,RC,0,NT,FH,0.0,0,-35.08,-25.21,[],0,0,[],[]
13671340,13672350,NA,TVF,0.0,304,AICF,NA,NA,NA,NA,0.0,0,-41.45,-31.63,[],0,0,[],[]
13672350,13676140,FEM,FAN,14.59,304,AICF,RC,0,NT,FH,0.0,0,-28.87,-17.88,[],0,0,[],[]
13676140,13676740,NA,FAF,0.0,304,AICF,NA,NA,NA,NA,0.0,0,-45.58,-37.45,[],0,0,[],[]
13676740,13677960,FEM,FAN,5.82,304,AICF,RC,0,NT,FH,0.0,0,-28.63,-21.46,[],0,0,[],[]
13677960,13679040,NA,OLN,0.0,304,AICF,NA,NA,NA,NA,0.0,0,-33.01,-25.04,[],0,0,[],[]
13679040,13680040,FEM,FAN,6.19,304,AICF,RC,0,NT,FH,0.0,0,-28.83,-21.45,[],0,0,[],[]
13680040,13681040,MAL,MAN,2.77,304,AICF,RC,0,NT,FI,0.0,0,-38.11,-29.08,[],0,0,[],[]
13681040,13683570,FEM,FAN,8.9,304,AICF,RC,0,NT,FI,0.0,0,-27.65,-14.73,[],0,0,[],[]
13683570,13684570,MAL,MAN,9.36,304,AICF,RC,0,NT,FI,0.0,0,-33.62,-27.22,[],0,0,[],[]
13684570,13689690,FEM,FAN,17.67,304,AICF,RC,0,NT,FI,0.0,0,-29.86,-16.32,[],0,0,[],[]
13689690,13690710,NA,MAF,0.0,304,AICF,NA,NA,NA,NA,0.0,0,-37.46,-28.42,[],0,0,[],[]
13690710,13694460,FEM,FAN,14.2,304,AICF,RC,0,NT,FH,0.0,0,-27.15,-16.02,[],0,0,[],[]
13694460,13695260,NA,OLN,0.0,304,AICF,NA,NA,NA,NA,0.0,0,-22.01,-16.88,[],0,0,[],[]
13695260,13696560,MAL,MAN,5.71,304,AICF,RC,0,NT,FI,0.0,0,-29.94,-19.57,[],0,0,[],[]
13696560,13700070,FEM,FAN,13.92,304,AICF,RC,0,NT,FI,0.0,0,-21.52,-12.28,[],0,0,[],[]
13700070,13700880,NA,OLN,0.0,304,AICF,NA,NA,NA,NA,0.0,0,-28.74,-21.64,[],0,0,[],[]
13700880,13703640,FEM,FAN,10.46,304,AICF,RC,0,NT,FH,0.0,0,-25.18,-17.42,[],0,0,[],[]
13703640,13704640,NA,MAF,0.0,304,AICF,NA,NA,NA,NA,0.0,0,-44.04,-32.19,[],0,0,[],[]
13704640,13705740,FEM,FAN,7.46,304,AICF,RC,0,NT,FH,0.0,0,-24.53,-18.57,[],0,0,[],[]
13705740,13706700,NA,OLN,0.0,304,AICF,NA,NA,NA,NA,0.0,0,-25.82,-20.5,[],0,0,[],[]
13706700,13709780,FEM,FAN,11.65,304,AICF,RC,0,NT,FH,0.0,0,-33.01,-21.25,[],0,0,[],[]
13709780,13711500,NA,OLN,0.0,304,AICF,NA,NA,NA,NA,0.0,0,-23.15,-16.15,[],0,0,[],[]
13711500,13712500,FEM,FAN,3.68,304,AICF,RC,0,NT,FH,0.0,0,-30.22,-22.25,[],0,0,[],[]
13712500,13713300,NA,OLF,0.0,304,AICF,NA,NA,NA,NA,0.0,0,-27.42,-9.97,[],0,0,[],[]
13713300,13717130,FEM,FAN,15.5,304,AICF,RC,0,NT,FH,0.0,0,-27.58,-19.32,[],0,0,[],[]
13717130,13717930,NA,OLN,0.0,304,AICF,NA,NA,NA,NA,0.0,0,-27.67,-23.57,[],0,0,[],[]
13717930,13718930,NA,FAF,0.0,304,AICF,NA,NA,NA,NA,0.0,0,-43.71,-30.71,[],0,0,[],[]
13718930,13719980,NA,MAF,0.0,304,AICF,NA,NA,NA,NA,0.0,0,-36.35,-29.59,[],0,0,[],[]
13719980,13722420,FEM,FAN,8.22,304,AICF,RC,0,NT,FH,0.0,0,-27.59,-18.25,[],0,0,[],[]
13722420,13723820,FEM,FAN,11.34,304,AICF,RC,0,NT,FH,0.0,0,-26.82,-19.49,[],0,0,[],[]
13723820,13727460,FEM,FAN,14.66,304,AICF,RC,0,TIFI,FH,0.0,0,-26.72,-13.82,[],0,0,[],[]
13727460,13728060,CHI,CHN,0.0,304,AICF,RC,1,TIFR,FI,1.0,600,-19.62,-16.41,"[{'Canonical-syllable': '0', 'Growl': '0', 'High-freq-energy': '0', 'Long-island': '0', 'Low-tilt-spectrum': '0', 'Medium-island': '1', 'Short-island': '0', 'Squeal': '0', 'Typical-entropy': '0', 'Voicing-quality': '1', 'Wide-band': '0', 'Xlong-island': '0', 'seq': '1', 'end': 13728.06, 'start': 13727.46}]",0,0,[],[]
13728060,13729460,FEM,FAN,10.63,304,AICF,EC,1,TIFE,FI,0.0,0,-19.92,-15.17,[],0,0,[],[]
13729460,13731220,NA,OLN,0.0,305,pause,NA,NA,NA,NA,0.0,0,-35.45,-29.46,[],0,0,[],[]
13731220,13732710,NA,TVF,0.0,305,pause,NA,NA,NA,NA,0.0,0,-44.04,-35.41,[],0,0,[],[]
13732710,13733730,NA,FAF,0.0,305,pause,NA,NA,NA,NA,0.0,0,-40.85,-36.9,[],0,0,[],[]
13733730,13734530,NA,SIL,0.0,305,pause,NA,NA,NA,NA,0.0,0,-46.9,-40.29,[],0,0,[],[]
13734530,13737100,NA,FAF,0.0,305,pause,NA,NA,NA,NA,0.0,0,-41.73,-30.95,[],0,0,[],[]
13737100,13739150,NA,NOF,0.0,305,pause,NA,NA,NA,NA,0.0,0,-24.14,-5.33,[],0,0,[],[]
13739150,13739950,NA,OLF,0.0,305,pause,NA,NA,NA,NA,0.0,0,-36.67,-30.89,[],0,0,[],[]
13739950,13740750,OCH,CXN,0.0,305,XIC,BC,0,NT,FI,0.0,0,-29.38,-21.68,[],0,0,[],[]
13740750,13742530,MAL,MAN,5.86,305,XIC,RC,0,NT,FI,0.0,0,-34.16,-22.55,[],0,0,[],[]
13742530,13744560,NA,OLN,0.0,305,XIC,NA,NA,NA,NA,0.0,0,-28.54,-21.86,[],0,0,[],[]
13744560,13746100,NA,MAF,0.0,305,XIC,NA,NA,NA,NA,0.0,0,-37.35,-25.61,[],0,0,[],[]
13746100,13747170,FEM,FAN,2.21,305,XIC,RC,0,NT,FI,0.0,0,-26.13,-20.1,[],0,0,[],[]
13747170,13748170,NA,OLN,0.0,305,XIC,NA,NA,NA,NA,0.0,0,-25.62,-18.83,[],0,0,[],[]
13748170,13749180,FEM,FAN,8.13,305,XIC,RC,0,NT,FH,0.0,0,-27.81,-23.0,[],0,0,[],[]
13749180,13749980,NA,OLN,0.0,305,XIC,NA,NA,NA,NA,0.0,0,-31.72,-24.69,[],0,0,[],[]
13749980,13751010,FEM,FAN,4.28,305,XIC,RC,0,NT,FH,0.0,0,-27.58,-23.25,[],0,0,[],[]
13751010,13752010,MAL,MAN,2.44,305,XIC,RC,0,NT,FI,0.0,0,-27.78,-23.02,[],0,0,[],[]
13752010,13755340,FEM,FAN,14.46,305,XIC,RC,0,NT,FI,0.0,0,-29.84,-22.03,[],0,0,[],[]
13755340,13756340,MAL,MAN,1.06,305,XIC,RC,0,NT,FI,0.0,0,-30.23,-22.23,[],0,0,[],[]
13756340,13757290,NA,OLN,0.0,305,XIC,NA,NA,NA,NA,0.0,0,-28.0,-20.99,[],0,0,[],[]
13757290,13758630,FEM,FAN,4.58,305,XIC,RC,0,NT,FI,0.0,0,-27.55,-21.56,[],0,0,[],[]
13758630,13760110,NA,OLN,0.0,305,XIC,NA,NA,NA,NA,0.0,0,-25.62,-16.43,[],0,0,[],[]
13760110,13762820,FEM,FAN,11.55,305,XIC,RC,0,NT,FH,0.0,0,-24.92,-17.11,[],0,0,[],[]
13762820,13766190,NA,OLN,0.0,305,XIC,NA,NA,NA,NA,0.0,0,-24.62,-17.9,[],0,0,[],[]
13766190,13767610,FEM,FAN,4.9,305,XIC,RC,0,NT,FH,0.0,0,-25.8,-18.37,[],0,0,[],[]
13767610,13768940,NA,OLN,0.0,305,XIC,NA,NA,NA,NA,0.0,0,-24.7,-19.27,[],0,0,[],[]
13768940,13779880,FEM,FAN,37.55,305,XIC,RC,0,NT,FH,0.0,0,-26.3,-16.83,[],0,0,[],[]
13779880,13780840,NA,OLN,0.0,305,XIC,NA,NA,NA,NA,0.0,0,-25.99,-18.12,[],0,0,[],[]
13780840,13781910,FEM,FAN,6.66,305,XIC,RC,0,TIFI,FH,0.0,0,-24.71,-18.53,[],0,0,[],[]
13781910,13782730,CHI,CHN,0.0,305,XIC,RC,1,TIFR,FI,1.0,820,-18.68,-14.02,"[{'Canonical-syllable': '0', 'Growl': '0', 'High-freq-energy': '0', 'Long-island': '1', 'Low-tilt-spectrum': '0', 'Medium-island': '0', 'Short-island': '0', 'Squeal': '0', 'Typical-entropy': '1', 'Voicing-quality': '1', 'Wide-band': '0', 'Xlong-island': '0', 'seq': '1', 'end': 13782.73, 'start': 13781.91}]",0,0,[],[]
13782730,13784800,FEM,FAN,6.99,305,XIC,RC,1,TIFE,FI,0.0,0,-17.03,-4.92,[],0,0,[],[]
13784800,13785600,NA,NOF,0.0,305,XIC,NA,NA,NA,NA,0.0,0,-33.48,-18.0,[],0,0,[],[]
13785600,13789490,FEM,FAN,15.75,305,XIC,RC,1,NT,FH,0.0,0,-25.32,-12.09,[],0,0,[],[]
13789490,13790930,MAL,MAN,7.68,305,XIC,RC,1,NT,FI,0.0,0,-32.32,-25.63,[],0,0,[],[]
13790930,13793330,FEM,FAN,8.39,305,XIC,RC,1,NT,FI,0.0,0,-27.16,-18.56,[],0,0,[],[]
13793330,13794470,MAL,MAN,4.94,305,XIC,RC,1,NT,FI,0.0,0,-26.39,-18.84,[],0,0,[],[]
13794470,13795640,FEM,FAN,4.9,305,XIC,RC,1,NT,FI,0.0,0,-25.23,-19.32,[],0,0,[],[]
13795640,13796950,MAL,MAN,1.44,305,XIC,RC,1,NT,FI,0.0,0,-29.68,-20.55,[],0,0,[],[]
13796950,13797750,NA,OLF,0.0,305,XIC,NA,NA,NA,NA,0.0,0,-42.55,-27.25,[],0,0,[],[]
13797750,13798550,NA,FAF,0.0,305,XIC,NA,NA,NA,NA,0.0,0,-43.18,-34.71,[],0,0,[],[]
13798550,13800450,NA,SIL,0.0,305,XIC,NA,NA,NA,NA,0.0,0,-48.47,-41.14,[],0,0,[],[]
13800450,13801980,FEM,FAN,7.14,305,XIC,RC,1,NT,FI,0.0,0,-27.13,-21.65,[],0,0,[],[]
13801980,13802590,OCH,CXN,0.0,305,XIC,RC,1,NT,FI,0.0,0,-26.7,-20.04,[],0,0,[],[]
13802590,13804410,FEM,FAN,5.21,305,XIC,RC,1,TIFI,FI,0.0,0,-33.47,-20.04,[],0,0,[],[]
13804410,13805220,NA,SIL,0.0,305,XIC,NA,NA,NA,NA,0.0,0,-46.8,-39.49,[],0,0,[],[]
13805220,13806020,NA,OLF,0.0,305,XIC,NA,NA,NA,NA,0.0,0,-39.53,-25.77,[],0,0,[],[]
13806020,13807670,NA,FAF,0.0,305,XIC,NA,NA,NA,NA,0.0,0,-44.25,-38.38,[],0,0,[],[]
13807670,13808920,NA,SIL,0.0,305,XIC,NA,NA,NA,NA,0.0,0,-46.85,-41.12,[],0,0,[],[]
13808920,13809670,CHI,CHN,0.0,305,XIC,RC,2,TIFR,FI,1.0,750,-14.82,-11.89,"[{'Canonical-syllable': '0', 'Growl': '0', 'High-freq-energy': '0', 'Long-island': '1', 'Low-tilt-spectrum': '0', 'Medium-island': '0', 'Short-island': '0', 'Squeal': '0', 'Typical-entropy': '0', 'Voicing-quality': '1', 'Wide-band': '0', 'Xlong-island': '0', 'seq': '1', 'end': 13809.67, 'start': 13808.92}]",0,0,[],[]
13809670,13814750,FEM,FAN,16.71,305,XIC,RC,2,TIFE,FI,0.0,0,-22.35,-12.06,[],0,0,[],[]
13814750,13815760,NA,SIL,0.0,305,XIC,NA,NA,NA,NA,0.0,0,-50.68,-38.9,[],0,0,[],[]
13815760,13817620,FEM,FAN,8.01,305,XIC,RC,2,NT,FH,0.0,0,-24.26,-16.65,[],0,0,[],[]
13817620,13818620,MAL,MAN,15.29,305,XIC,RC,2,NT,FI,0.0,0,-30.76,-22.13,[],0,0,[],[]
13818620,13820750,FEM,FAN,8.57,305,XIC,RC,2,NT,FI,0.0,0,-21.43,-12.53,[],0,0,[],[]
13820750,13821380,FEM,FAN,3.01,305,XIC,RC,2,NT,FH,0.0,0,-23.97,-21.95,[],0,0,[],[]
13821380,13832300,FEM,FAN,38.29,305,XIC,RC,2,NT,FH,0.0,0,-26.43,-14.86,[],0,0,[],[]
13832300,13832900,FEM,FAN,8.38,305,XIC,RC,2,NT,FH,0.0,0,-24.38,-18.19,[],0,0,[],[]
13832900,13838220,FEM,FAN,20.16,305,XIC,RC,2,NT,FH,0.0,0,-24.38,-11.77,[],0,0,[],[]
13838220,13839110,NA,MAF,0.0,305,XIC,NA,NA,NA,NA,0.0,0,-38.19,-28.49,[],0,0,[],[]
13839110,13839840,FEM,FAN,0.0,305,XIC,NA,NA,NA,NA,0.0,0,-19.04,-15.6,[],730,0,[],[]
13839840,13840990,MAL,MAN,5.18,305,XIC,RC,2,NT,FI,0.0,0,-29.62,-21.23,[],0,0,[],[]
13840990,13842040,NA,NOF,0.0,305,XIC,NA,NA,NA,NA,0.0,0,-32.57,-19.04,[],0,0,[],[]
13842040,13843390,FEM,FAN,6.71,305,XIC,RC,2,TIFI,FI,0.0,0,-24.6,-15.53,[],0,0,[],[]
13843390,13844280,CHI,CHN,0.0,305,XIC,RC,3,TIFR,FI,1.0,890,-14.63,-12.03,"[{'Canonical-syllable': '0', 'Growl': '0', 'High-freq-energy': '0', 'Long-island': '1', 'Low-tilt-spectrum': '0', 'Medium-island': '0', 'Short-island': '0', 'Squeal': '0', 'Typical-entropy': '0', 'Voicing-quality': '1', 'Wide-band': '0', 'Xlong-island': '0', 'seq': '1', 'end': 13844.28, 'start': 13843.39}]",0,0,[],[]
13844280,13845450,NA,OLF,0.0,305,XIC,NA,NA,NA,NA,0.0,0,-30.11,-14.79,[],0,0,[],[]
13845450,13847120,FEM,FAN,7.57,305,XIC,RC,3,TIFE,FI,0.0,0,-24.69,-17.12,[],0,0,[],[]
13847120,13848270,NA,NOF,0.0,305,XIC,NA,NA,NA,NA,0.0,0,-43.24,-33.08,[],0,0,[],[]
13848270,13850250,FEM,FAN,9.02,305,XIC,EC,3,NT,FH,0.0,0,-22.52,-11.81,[],0,0,[],[]
13850250,13851120,NA,FAF,0.0,306,pause,NA,NA,NA,NA,0.0,0,-35.26,-21.83,[],0,0,[],[]
13851120,13853380,NA,OLF,0.0,306,pause,NA,NA,NA,NA,0.0,0,-36.67,-19.86,[],0,0,[],[]
13853380,13854640,NA,NOF,0.0,306,pause,NA,NA,NA,NA,0.0,0,-46.9,-41.36,[],0,0,[],[]
13854640,13855540,NA,SIL,0.0,306,pause,NA,NA,NA,NA,0.0,0,-47.19,-32.99,[],0,0,[],[]
13855540,13857730,FEM,FAN,7.19,306,AMF,BC,0,NT,FI,0.0,0,-38.38,-28.99,[],0,0,[],[]
13857730,13859220,NA,SIL,0.0,306,AMF,NA,NA,NA,NA,0.0,0,-49.87,-42.6,[],0,0,[],[]
13859220,13861830,FEM,FAN,8.88,306,AMF,RC,0,NT,FH,0.0,0,-34.6,-25.84,[],0,0,[],[]
13861830,13862880,NA,OLN,0.0,306,AMF,NA,NA,NA,NA,0.0,0,-35.73,-29.2,[],0,0,[],[]
13862880,13870130,FEM,FAN,25.12,306,AMF,RC,0,NT,FH,0.0,0,-26.48,-13.69,[],0,0,[],[]
13870130,13871160,MAL,MAN,2.82,306,AMF,RC,0,NT,FI,0.0,0,-35.74,-27.57,[],0,0,[],[]
13871160,13872230,FEM,FAN,5.0,306,AMF,RC,0,NT,FI,0.0,0,-36.16,-31.78,[],0,0,[],[]
13872230,13873480,MAL,MAN,8.38,306,AMF,RC,0,NT,FI,0.0,0,-38.38,-33.02,[],0,0,[],[]
13873480,13874280,NA,NOF,0.0,306,AMF,NA,NA,NA,NA,0.0,0,-39.66,-33.44,[],0,0,[],[]
13874280,13875380,FEM,FAN,3.45,306,AMF,RC,0,NT,FI,0.0,0,-31.26,-24.77,[],0,0,[],[]
13875380,13876180,NA,SIL,0.0,306,AMF,NA,NA,NA,NA,0.0,0,-44.72,-32.26,[],0,0,[],[]
13876180,13880750,FEM,FAN,15.27,306,AMF,RC,0,NT,FH,0.0,0,-35.42,-27.43,[],0,0,[],[]
13880750,13881680,NA,SIL,0.0,306,AMF,NA,NA,NA,NA,0.0,0,-47.15,-33.41,[],0,0,[],[]
13881680,13883200,MAL,MAN,6.9,306,AMF,RC,0,NT,FI,0.0,0,-34.44,-27.75,[],0,0,[],[]
13883200,13884330,FEM,FAN,5.77,306,AMF,EC,0,NT,FI,0.0,0,-33.98,-24.12,[],0,0,[],[]
13884330,13885550,NA,SIL,0.0,307,pause,NA,NA,NA,NA,0.0,0,-52.64,-43.45,[],0,0,[],[]
13885550,13887020,NA,FAF,0.0,307,pause,NA,NA,NA,NA,0.0,0,-41.91,-33.67,[],0,0,[],[]
13887020,13888420,NA,SIL,0.0,307,pause,NA,NA,NA,NA,0.0,0,-54.41,-47.16,[],0,0,[],[]
13888420,13890760,NA,FAF,0.0,307,pause,NA,NA,NA,NA,0.0,0,-44.16,-37.14,[],0,0,[],[]
13890760,13891570,NA,CXF,0.0,307,pause,NA,NA,NA,NA,0.0,0,-44.69,-37.36,[],0,0,[],[]
13891570,13893140,FEM,FAN,2.29,307,AICF,BC,0,NT,FI,0.0,0,-34.75,-23.11,[],0,0,[],[]
13893140,13895260,NA,SIL,0.0,307,AICF,NA,NA,NA,NA,0.0,0,-48.52,-40.43,[],0,0,[],[]
13895260,13896370,FEM,FAN,8.71,307,AICF,RC,0,NT,FH,0.0,0,-30.93,-25.8,[],0,0,[],[]
13896370,13896970,NA,FAF,0.0,307,AICF,NA,NA,NA,NA,0.0,0,-44.7,-33.91,[],0,0,[],[]
13896970,13899620,FEM,FAN,11.96,307,AICF,RC,0,NT,FH,0.0,0,-28.19,-20.2,[],0,0,[],[]
13899620,13900420,NA,FAF,0.0,307,AICF,NA,NA,NA,NA,0.0,0,-40.02,-25.17,[],0,0,[],[]
13900420,13905030,FEM,FAN,17.22,307,AICF,RC,0,NT,FH,0.0,0,-29.98,-19.84,[],0,0,[],[]
13905030,13905830,NA,SIL,0.0,307,AICF,NA,NA,NA,NA,0.0,0,-51.96,-43.9,[],0,0,[],[]
13905830,13907320,FEM,FAN,6.72,307,AICF,RC,0,NT,FH,0.0,0,-32.11,-22.95,[],0,0,[],[]
13907320,13908970,NA,SIL,0.0,307,AICF,NA,NA,NA,NA,0.0,0,-53.08,-46.21,[],0,0,[],[]
13908970,13913390,FEM,FAN,14.9,307,AICF,RC,0,NT,FH,0.0,0,-26.78,-18.47,[],0,0,[],[]
13913390,13914190,NA,SIL,0.0,307,AICF,NA,NA,NA,NA,0.0,0,-42.69,-29.57,[],0,0,[],[]
13914190,13915190,FEM,FAN,9.26,307,AICF,RC,0,NT,FH,0.0,0,-24.09,-17.18,[],0,0,[],[]
13915190,13915990,NA,SIL,0.0,307,AICF,NA,NA,NA,NA,0.0,0,-54.55,-51.84,[],0,0,[],[]
13915990,13916990,FEM,FAN,7.53,307,AICF,RC,0,NT,FH,0.0,0,-31.67,-24.87,[],0,0,[],[]
13916990,13918020,NA,SIL,0.0,307,AICF,NA,NA,NA,NA,0.0,0,-54.24,-51.23,[],0,0,[],[]
13918020,13918620,FEM,FAN,2.59,307,AICF,RC,0,NT,FH,0.0,0,-43.36,-34.59,[],0,0,[],[]
13918620,13919420,NA,SIL,0.0,307,AICF,NA,NA,NA,NA,0.0,0,-52.69,-47.14,[],0,0,[],[]
13919420,13920560,FEM,FAN,5.11,307,AICF,RC,0,NT,FH,0.0,0,-32.03,-23.91,[],0,0,[],[]
13920560,13921700,FEM,FAN,6.77,307,AICF,RC,0,NT,FH,0.0,0,-30.7,-24.89,[],0,0,[],[]
13921700,13922990,FEM,FAN,5.35,307,AICF,RC,0,NT,FH,0.0,0,-28.42,-19.37,[],0,0,[],[]
13922990,13923670,FEM,FAN,7.1,307,AICF,RC,0,NT,FH,0.0,0,-28.46,-20.26,[],0,0,[],[]
13923670,13925840,FEM,FAN,10.58,307,AICF,RC,0,NT,FH,0.0,0,-27.1,-17.72,[],0,0,[],[]
13925840,13926440,NA,SIL,0.0,307,AICF,NA,NA,NA,NA,0.0,0,-49.56,-41.83,[],0,0,[],[]
13926440,13927500,FEM,FAN,3.5,307,AICF,RC,0,TIFI,FH,0.0,0,-25.38,-18.02,[],0,0,[],[]
13927500,13929990,NA,SIL,0.0,307,AICF,NA,NA,NA,NA,0.0,0,-53.08,-41.23,[],0,0,[],[]
13929990,13931170,NA,FAF,0.0,307,AICF,NA,NA,NA,NA,0.0,0,-46.2,-40.52,[],0,0,[],[]
13931170,13931970,NA,OLF,0.0,307,AICF,NA,NA,NA,NA,0.0,0,-39.97,-33.45,[],0,0,[],[]
13931970,13932800,CHI,CHN,0.0,307,AICF,RC,1,TIFR,FI,1.0,830,-16.4,-8.32,"[{'Canonical-syllable': '0', 'Growl': '0', 'High-freq-energy': '0', 'Long-island': '0', 'Low-tilt-spectrum': '0', 'Medium-island': '0', 'Short-island': '0', 'Squeal': '0', 'Typical-entropy': '3', 'Voicing-quality': '3', 'Wide-band': '0', 'Xlong-island': '0', 'seq': '1', 'end': 13932.8, 'start': 13931.97}]",0,0,[],[]
13932800,13937760,FEM,FAN,19.7,307,AICF,RC,1,TIFE,FI,0.0,0,-21.16,-12.47,[],0,0,[],[]
13937760,13938560,NA,MAF,0.0,307,AICF,NA,NA,NA,NA,0.0,0,-42.97,-31.62,[],0,0,[],[]
13938560,13940150,FEM,FAN,9.06,307,AICF,RC,1,NT,FH,0.0,0,-26.73,-17.63,[],0,0,[],[]
13940150,13941550,NA,NOF,0.0,307,AICF,NA,NA,NA,NA,0.0,0,-45.2,-34.56,[],0,0,[],[]
13941550,13942560,MAL,MAN,0.0,307,AICF,NA,NA,NA,NA,0.0,0,-25.12,-21.0,[],1010,0,[],[]
13942560,13946850,FEM,FAN,15.83,307,AICF,RC,1,NT,FH,0.0,0,-27.91,-19.62,[],0,0,[],[]
13946850,13948150,NA,OLN,0.0,307,AICF,NA,NA,NA,NA,0.0,0,-17.89,-5.1,[],0,0,[],[]
13948150,13949170,FEM,FAN,3.85,307,AICF,RC,1,NT,FH,0.0,0,-16.98,-6.14,[],0,0,[],[]
13949170,13950000,NA,OLF,0.0,307,AICF,NA,NA,NA,NA,0.0,0,-27.45,-18.35,[],0,0,[],[]
13950000,13951610,NA,OLN,0.0,307,AICF,NA,NA,NA,NA,0.0,0,-18.46,-8.83,[],0,0,[],[]
13951610,13952970,FEM,FAN,2.65,307,AICF,RC,1,NT,FH,0.0,0,-19.68,-10.86,[],0,0,[],[]
13952970,13953770,NA,OLF,0.0,307,AICF,NA,NA,NA,NA,0.0,0,-35.65,-27.85,[],0,0,[],[]
13953770,13955300,FEM,FAN,7.58,307,AICF,RC,1,NT,FH,0.0,0,-17.58,-8.14,[],0,0,[],[]
13955300,13957300,NA,OLN,0.0,307,AICF,NA,NA,NA,NA,0.0,0,-19.15,-8.15,[],0,0,[],[]
13957300,13961430,FEM,FAN,16.14,307,AICF,RC,1,NT,FH,0.0,0,-19.67,-11.42,[],0,0,[],[]
13961430,13962310,NA,OLN,0.0,307,AICF,NA,NA,NA,NA,0.0,0,-27.54,-19.07,[],0,0,[],[]
13962310,13965760,FEM,FAN,11.46,307,AICF,RC,1,NT,FH,0.0,0,-23.97,-12.22,[],0,0,[],[]
13965760,13966560,NA,OLN,0.0,307,AICF,NA,NA,NA,NA,0.0,0,-19.18,-13.02,[],0,0,[],[]
13966560,13969200,FEM,FAN,10.02,307,AICF,RC,1,NT,FH,0.0,0,-20.53,-11.58,[],0,0,[],[]
13969200,13970220,NA,OLN,0.0,307,AICF,NA,NA,NA,NA,0.0,0,-26.48,-17.24,[],0,0,[],[]
13970220,13971020,NA,NOF,0.0,307,AICF,NA,NA,NA,NA,0.0,0,-20.82,-6.66,[],0,0,[],[]
13971020,13972650,NA,OLN,0.0,307,AICF,NA,NA,NA,NA,0.0,0,-27.25,-9.27,[],0,0,[],[]
13972650,13973650,FEM,FAN,3.76,307,AICF,RC,1,NT,FH,0.0,0,-20.99,-14.03,[],0,0,[],[]
13973650,13974460,NA,OLF,0.0,307,AICF,NA,NA,NA,NA,0.0,0,-27.84,-19.55,[],0,0,[],[]
13974460,13975400,NA,NOF,0.0,307,AICF,NA,NA,NA,NA,0.0,0,-42.16,-33.63,[],0,0,[],[]
13975400,13978070,FEM,FAN,9.81,307,AICF,RC,1,NT,FH,0.0,0,-18.01,-9.7,[],0,0,[],[]
13978070,13978870,NA,OLN,0.0,307,AICF,NA,NA,NA,NA,0.0,0,-20.51,-11.69,[],0,0,[],[]
13978870,13981700,FEM,FAN,11.61,307,AICF,RC,1,NT,FH,0.0,0,-29.79,-16.25,[],0,0,[],[]
13981700,13982710,MAL,MAN,6.17,307,AICF,RC,1,NT,FI,0.0,0,-24.18,-11.3,[],0,0,[],[]
13982710,13986850,FEM,FAN,16.5,307,AICF,RC,1,NT,FI,0.0,0,-18.96,-10.63,[],0,0,[],[]
13986850,13987860,NA,FAF,0.0,307,AICF,NA,NA,NA,NA,0.0,0,-33.08,-21.56,[],0,0,[],[]
13987860,13992640,FEM,FAN,17.57,307,AICF,RC,1,NT,FH,0.0,0,-28.9,-16.18,[],0,0,[],[]
13992640,13993650,NA,TVN,0.0,307,AICF,NA,NA,NA,NA,0.0,0,-35.26,-29.1,[],0,0,[],[]
13993650,13996680,FEM,FAN,11.6,307,AICF,RC,1,NT,FH,0.0,0,-33.1,-24.52,[],0,0,[],[]
13996680,13997710,MAL,MAN,0.0,307,AICF,NA,NA,NA,NA,0.0,0,-39.94,-32.01,[],1030,0,[],[]
13997710,13999060,FEM,FAN,7.27,307,AICF,RC,1,NT,FH,0.0,0,-39.23,-29.06,[],0,0,[],[]
13999060,14000060,NA,MAF,0.0,307,AICF,NA,NA,NA,NA,0.0,0,-40.77,-33.89,[],0,0,[],[]
14000060,14003380,FEM,FAN,13.32,307,AICF,RC,1,TIFI,FH,0.0,0,-27.55,-15.24,[],0,0,[],[]
14003380,14004130,CHI,CHN,0.0,307,AICF,RC,2,TIFR,FI,1.0,750,-14.63,-12.25,"[{'Canonical-syllable': '0', 'Growl': '0', 'High-freq-energy': '0', 'Long-island': '1', 'Low-tilt-spectrum': '0', 'Medium-island': '0', 'Short-island': '0', 'Squeal': '0', 'Typical-entropy': '0', 'Voicing-quality': '1', 'Wide-band': '0', 'Xlong-island': '0', 'seq': '1', 'end': 14004.13, 'start': 14003.38}]",0,0,[],[]
14004130,14005820,FEM,FAN,8.45,307,AICF,RC,2,TIFE,FI,0.0,0,-17.02,-12.21,[],0,0,[],[]
14005820,14006840,NA,MAF,0.0,307,AICF,NA,NA,NA,NA,0.0,0,-38.26,-30.64,[],0,0,[],[]
14006840,14009520,FEM,FAN,10.26,307,AICF,RC,2,NT,FH,0.0,0,-31.7,-21.14,[],0,0,[],[]
14009520,14010320,NA,SIL,0.0,307,AICF,NA,NA,NA,NA,0.0,0,-48.1,-43.58,[],0,0,[],[]
14010320,14012430,FEM,FAN,9.65,307,AICF,RC,2,NT,FH,0.0,0,-18.48,-11.98,[],0,0,[],[]
14012430,14013430,MAL,MAN,4.41,307,AICF,RC,2,NT,FI,0.0,0,-19.88,-13.93,[],0,0,[],[]
14013430,14014510,FEM,FAN,0.0,307,AICF,NA,NA,NA,NA,0.0,0,-31.89,-21.1,[],1080,0,[],[]
14014510,14015310,NA,SIL,0.0,307,AICF,NA,NA,NA,NA,0.0,0,-49.21,-41.31,[],0,0,[],[]
14015310,14017210,FEM,FAN,9.66,307,AICF,RC,2,NT,FI,0.0,0,-31.57,-24.09,[],0,0,[],[]
14017210,14017810,NA,MAF,0.0,307,AICF,NA,NA,NA,NA,0.0,0,-35.7,-29.2,[],0,0,[],[]
14017810,14018890,FEM,FAN,7.23,307,AICF,RC,2,NT,FH,0.0,0,-31.44,-24.92,[],0,0,[],[]
14018890,14019690,NA,NOF,0.0,307,AICF,NA,NA,NA,NA,0.0,0,-40.96,-34.85,[],0,0,[],[]
14019690,14020690,FEM,FAN,7.87,307,AICF,RC,2,NT,FH,0.0,0,-15.47,-10.7,[],0,0,[],[]
14020690,14021490,NA,OLN,0.0,307,AICF,NA,NA,NA,NA,0.0,0,-15.19,-13.26,[],0,0,[],[]
14021490,14022490,FEM,FAN,3.74,307,AICF,RC,2,NT,FH,0.0,0,-28.88,-20.99,[],0,0,[],[]
14022490,14023350,NA,OLN,0.0,307,AICF,NA,NA,NA,NA,0.0,0,-15.79,-11.87,[],0,0,[],[]
14023350,14024590,FEM,FAN,1.22,307,AICF,RC,2,NT,FH,0.0,0,-22.97,-14.29,[],0,0,[],[]
14024590,14026130,MAL,MAN,0.03,307,AICF,RC,2,NT,FI,0.0,0,-27.93,-17.82,[],0,0,[],[]
14026130,14027770,NA,OLN,0.0,307,AICF,NA,NA,NA,NA,0.0,0,-22.43,-14.73,[],0,0,[],[]
14027770,14028570,OCH,CXN,0.0,307,AICF,RC,2,NT,FI,0.0,0,-31.27,-27.7,[],0,0,[],[]
14028570,14029570,MAL,MAN,3.63,307,AICF,RC,2,NT,FI,0.0,0,-39.56,-32.1,[],0,0,[],[]
14029570,14030170,OCH,CXN,0.0,307,AICF,RC,2,NT,FI,0.0,0,-29.47,-22.64,[],0,0,[],[]
14030170,14031120,NA,OLN,0.0,307,AICF,NA,NA,NA,NA,0.0,0,-31.26,-23.73,[],0,0,[],[]
14031120,14034530,FEM,FAN,13.84,307,AICF,RC,2,NT,FI,0.0,0,-27.06,-18.58,[],0,0,[],[]
14034530,14036160,NA,SIL,0.0,307,AICF,NA,NA,NA,NA,0.0,0,-47.88,-38.48,[],0,0,[],[]
14036160,14038070,FEM,FAN,7.48,307,AICF,RC,2,NT,FH,0.0,0,-18.35,-11.78,[],0,0,[],[]
14038070,14039180,NA,SIL,0.0,307,AICF,NA,NA,NA,NA,0.0,0,-49.52,-42.3,[],0,0,[],[]
14039180,14040820,FEM,FAN,5.57,307,AICF,RC,2,NT,FH,0.0,0,-29.03,-21.92,[],0,0,[],[]
14040820,14041830,NA,SIL,0.0,307,AICF,NA,NA,NA,NA,0.0,0,-45.8,-37.69,[],0,0,[],[]
14041830,14043460,FEM,FAN,6.14,307,AICF,RC,2,NT,FH,0.0,0,-31.44,-23.96,[],0,0,[],[]
14043460,14044160,FEM,FAN,1.55,307,AICF,RC,2,NT,FH,0.0,0,-31.74,-25.96,[],0,0,[],[]
14044160,14046490,NA,SIL,0.0,307,AICF,NA,NA,NA,NA,0.0,0,-49.93,-34.83,[],0,0,[],[]
14046490,14047490,FEM,FAN,5.27,307,AICF,RC,2,NT,FH,0.0,0,-26.14,-20.3,[],0,0,[],[]
14047490,14048340,FEM,FAN,0.17,307,AICF,RC,2,NT,FH,0.0,0,-33.2,-28.68,[],0,0,[],[]
14048340,14055320,FEM,FAN,25.51,307,AICF,RC,2,NT,FH,0.0,0,-30.66,-20.57,[],0,0,[],[]
14055320,14056330,NA,MAF,0.0,307,AICF,NA,NA,NA,NA,0.0,0,-39.51,-33.4,[],0,0,[],[]
14056330,14059090,FEM,FAN,6.73,307,AICF,RC,2,NT,FH,0.0,0,-34.46,-27.8,[],0,0,[],[]
14059090,14059900,NA,OLN,0.0,307,AICF,NA,NA,NA,NA,0.0,0,-25.96,-21.08,[],0,0,[],[]
14059900,14060740,OCH,CXN,0.0,307,AICF,RC,2,NT,FI,0.0,0,-31.58,-23.95,[],0,0,[],[]
14060740,14062310,FEM,FAN,4.9,307,AICF,RC,2,NT,FI,0.0,0,-31.08,-23.64,[],0,0,[],[]
14062310,14063520,NA,NOF,0.0,307,AICF,NA,NA,NA,NA,0.0,0,-35.52,-24.4,[],0,0,[],[]
14063520,14069310,FEM,FAN,18.31,307,AICF,RC,2,NT,FH,0.0,0,-29.69,-21.16,[],0,0,[],[]
14069310,14070310,NA,MAF,0.0,307,AICF,NA,NA,NA,NA,0.0,0,-37.58,-25.01,[],0,0,[],[]
14070310,14071250,NA,SIL,0.0,307,AICF,NA,NA,NA,NA,0.0,0,-42.38,-29.4,[],0,0,[],[]
14071250,14073640,FEM,FAN,6.21,307,AICF,RC,2,NT,FH,0.0,0,-33.2,-22.06,[],0,0,[],[]
14073640,14074440,NA,OLN,0.0,307,AICF,NA,NA,NA,NA,0.0,0,-31.73,-19.81,[],0,0,[],[]
14074440,14076040,FEM,FAN,4.78,307,AICF,RC,2,NT,FH,0.0,0,-17.77,-11.68,[],0,0,[],[]
14076040,14078310,FEM,FAN,7.6,307,AICF,RC,2,NT,FH,0.0,0,-18.37,-11.13,[],0,0,[],[]
14078310,14079110,NA,OLN,0.0,307,AICF,NA,NA,NA,NA,0.0,0,-27.01,-21.12,[],0,0,[],[]
14079110,14080290,FEM,FAN,4.8,307,AICF,RC,2,NT,FH,0.0,0,-34.32,-26.67,[],0,0,[],[]
14080290,14081390,NA,MAF,0.0,307,AICF,NA,NA,NA,NA,0.0,0,-34.14,-25.34,[],0,0,[],[]
14081390,14088510,FEM,FAN,25.12,307,AICF,RC,2,NT,FH,0.0,0,-31.53,-23.02,[],0,0,[],[]
14088510,14090230,NA,OLN,0.0,307,AICF,NA,NA,NA,NA,0.0,0,-23.23,-12.86,[],0,0,[],[]
14090230,14093410,FEM,FAN,11.65,307,AICF,EC,2,NT,FH,0.0,0,-25.66,-17.08,[],0,0,[],[]
14093410,14094280,NA,OLN,0.0,308,pause,NA,NA,NA,NA,0.0,0,-21.77,-6.63,[],0,0,[],[]
14094280,14095170,NA,NOF,0.0,308,pause,NA,NA,NA,NA,0.0,0,-24.48,-10.83,[],0,0,[],[]
14095170,14096470,NA,OLN,0.0,308,pause,NA,NA,NA,NA,0.0,0,-35.53,-24.93,[],0,0,[],[]
14096470,14097310,NA,NON,0.0,308,pause,NA,NA,NA,NA,0.0,0,-20.06,-7.38,[],0,0,[],[]
14097310,14098390,NA,OLN,0.0,308,pause,NA,NA,NA,NA,0.0,0,-31.94,-24.26,[],0,0,[],[]
14098390,14099900,NA,NOF,0.0,308,pause,NA,NA,NA,NA,0.0,0,-40.1,-29.16,[],0,0,[],[]
14099900,14101450,FEM,FAN,8.55,308,AICF,BC,0,NT,FI,0.0,0,-33.26,-28.14,[],0,0,[],[]
14101450,14102250,NA,OLN,0.0,308,AICF,NA,NA,NA,NA,0.0,0,-34.97,-30.42,[],0,0,[],[]
14102250,14108480,FEM,FAN,20.87,308,AICF,RC,0,NT,FH,0.0,0,-30.52,-19.87,[],0,0,[],[]
14108480,14109530,NA,NOF,0.0,308,AICF,NA,NA,NA,NA,0.0,0,-41.81,-28.79,[],0,0,[],[]
14109530,14112790,FEM,FAN,10.76,308,AICF,RC,0,NT,FH,0.0,0,-32.64,-23.78,[],0,0,[],[]
14112790,14113590,NA,OLN,0.0,308,AICF,NA,NA,NA,NA,0.0,0,-32.86,-28.26,[],0,0,[],[]
14113590,14118900,FEM,FAN,18.88,308,AICF,RC,0,NT,FH,0.0,0,-32.52,-24.74,[],0,0,[],[]
14118900,14119710,NA,OLF,0.0,308,AICF,NA,NA,NA,NA,0.0,0,-43.08,-36.06,[],0,0,[],[]
14119710,14120720,NA,OLN,0.0,308,AICF,NA,NA,NA,NA,0.0,0,-30.34,-17.42,[],0,0,[],[]
14120720,14128150,FEM,FAN,26.59,308,AICF,RC,0,TIFI,FH,0.0,0,-22.11,-11.1,[],0,0,[],[]
14128150,14128750,CHI,CHN,0.0,308,AICF,RC,1,TIFR,FI,1.0,350,-31.74,-20.76,"[{'Canonical-syllable': '0', 'Growl': '0', 'High-freq-energy': '0', 'Long-island': '0', 'Low-tilt-spectrum': '0', 'Medium-island': '0', 'Short-island': '1', 'Squeal': '0', 'Typical-entropy': '1', 'Voicing-quality': '1', 'Wide-band': '0', 'Xlong-island': '0', 'seq': '1', 'end': 14128.5, 'start': 14128.34}]",0,0,[],[]
14128750,14131190,FEM,FAN,10.58,308,AICF,RC,1,TIFE,FI,0.0,0,-29.89,-16.34,[],0,0,[],[]
14131190,14132130,NA,SIL,0.0,308,AICF,NA,NA,NA,NA,0.0,0,-45.38,-37.59,[],0,0,[],[]
14132130,14134460,FEM,FAN,7.73,308,AICF,RC,1,NT,FH,0.0,0,-36.57,-25.47,[],0,0,[],[]
14134460,14135260,NA,SIL,0.0,308,AICF,NA,NA,NA,NA,0.0,0,-48.37,-36.55,[],0,0,[],[]
14135260,14138450,FEM,FAN,10.79,308,AICF,RC,1,NT,FH,0.0,0,-33.51,-23.03,[],0,0,[],[]
14138450,14140100,NA,SIL,0.0,308,AICF,NA,NA,NA,NA,0.0,0,-41.76,-34.53,[],0,0,[],[]
14140100,14141660,FEM,FAN,5.8,308,AICF,RC,1,TIFI,FH,0.0,0,-21.17,-14.37,[],0,0,[],[]
14141660,14142260,CHI,CHN,0.0,308,AICF,RC,2,TIFR,FI,1.0,600,-19.03,-15.42,"[{'Canonical-syllable': '0', 'Growl': '0', 'High-freq-energy': '0', 'Long-island': '0', 'Low-tilt-spectrum': '0', 'Medium-island': '1', 'Short-island': '0', 'Squeal': '0', 'Typical-entropy': '0', 'Voicing-quality': '1', 'Wide-band': '0', 'Xlong-island': '0', 'seq': '1', 'end': 14142.26, 'start': 14141.66}]",0,0,[],[]
14142260,14143540,FEM,FAN,7.11,308,AICF,RC,2,TIFE,FI,0.0,0,-24.8,-18.63,[],0,0,[],[]
14143540,14144140,FEM,FAN,0.0,308,AICF,NA,NA,NA,NA,0.0,0,-32.66,-28.93,[],600,0,[],[]
14144140,14145300,NA,SIL,0.0,308,AICF,NA,NA,NA,NA,0.0,0,-52.59,-49.63,[],0,0,[],[]
14145300,14147090,FEM,FAN,5.21,308,AICF,RC,2,NT,FH,0.0,0,-38.28,-28.85,[],0,0,[],[]
14147090,14148580,NA,OLF,0.0,308,AICF,NA,NA,NA,NA,0.0,0,-43.02,-37.21,[],0,0,[],[]
14148580,14149630,NA,SIL,0.0,308,AICF,NA,NA,NA,NA,0.0,0,-38.38,-26.69,[],0,0,[],[]
14149630,14152030,FEM,FAN,9.54,308,AICF,RC,2,NT,FH,0.0,0,-27.2,-18.95,[],0,0,[],[]
14152030,14152650,FEM,FAN,6.19,308,AICF,RC,2,NT,FH,0.0,0,-21.63,-16.32,[],0,0,[],[]
14152650,14154110,FEM,FAN,8.41,308,AICF,RC,2,NT,FH,0.0,0,-23.74,-16.93,[],0,0,[],[]
14154110,14154980,OCH,CXN,0.0,308,AICF,RC,2,NT,FI,0.0,0,-33.27,-26.22,[],0,0,[],[]
14154980,14156000,NA,NOF,0.0,308,AICF,NA,NA,NA,NA,0.0,0,-45.0,-35.33,[],0,0,[],[]
14156000,14157160,FEM,FAN,4.58,308,AICF,RC,2,TIFI,FI,0.0,0,-25.87,-18.62,[],0,0,[],[]
14157160,14157980,NA,OLN,0.0,308,AICF,NA,NA,NA,NA,0.0,0,-19.95,-9.25,[],0,0,[],[]
14157980,14158580,CHI,CHN,0.0,308,AICF,RC,3,TIFR,FI,1.0,600,-14.23,-12.06,"[{'Canonical-syllable': '0', 'Growl': '0', 'High-freq-energy': '0', 'Long-island': '0', 'Low-tilt-spectrum': '0', 'Medium-island': '1', 'Short-island': '0', 'Squeal': '0', 'Typical-entropy': '0', 'Voicing-quality': '1', 'Wide-band': '0', 'Xlong-island': '0', 'seq': '1', 'end': 14158.58, 'start': 14157.98}]",0,0,[],[]
14158580,14159480,NA,OLN,0.0,308,AICF,NA,NA,NA,NA,0.0,0,-29.47,-19.56,[],0,0,[],[]
14159480,14160130,CHI,CHN,0.0,308,AICF,EC,3,NT,FH,1.0,650,-24.03,-17.73,"[{'Canonical-syllable': '0', 'Growl': '0', 'High-freq-energy': '0', 'Long-island': '1', 'Low-tilt-spectrum': '1', 'Medium-island': '0', 'Short-island': '0', 'Squeal': '0', 'Typical-entropy': '1', 'Voicing-quality': '1', 'Wide-band': '0', 'Xlong-island': '0', 'seq': '1', 'end': 14160.13, 'start': 14159.48}]",0,0,[],[]
14160130,14170400,NA,OLN,0.0,309,pause,NA,NA,NA,NA,0.0,0,-21.98,-0.77,[],0,0,[],[]
14170400,14171400,FEM,FAN,0.0,309,pause,NA,NA,NA,NA,0.0,0,-20.34,-7.29,[],1000,0,[],[]
14171400,14172330,NA,OLN,0.0,309,pause,NA,NA,NA,NA,0.0,0,-15.47,-4.47,[],0,0,[],[]
14172330,14173230,NA,NOF,0.0,309,pause,NA,NA,NA,NA,0.0,0,-14.42,-4.11,[],0,0,[],[]
14173230,14174090,NA,OLN,0.0,309,pause,NA,NA,NA,NA,0.0,0,-17.96,-5.6,[],0,0,[],[]
14174090,14176810,FEM,FAN,11.66,309,AMF,EC,0,NT,FI,0.0,0,-26.7,-18.34,[],0,0,[],[]
14176810,14177990,NA,NOF,0.0,310,pause,NA,NA,NA,NA,0.0,0,-46.93,-32.05,[],0,0,[],[]
